# position [cm]   PANDA 10^12atoms/cm^2   PANDA+Cryo   PANDA-tracking   PANDA+Cryo-tracking   PANDA-tracking+iris   PANDA+Cryo-tracking+iris
-5.701000000000000227e+02 0.000000000000000000e+00
-5.700000000000000000e+02 3.081370683130700561e-02
-5.698999999999999773e+02 3.056639033130694946e-02
-5.698000000000000682e+02 3.152726439707132650e-02
-5.697000000000000455e+02 3.034296460520690200e-02
-5.696000000000000227e+02 3.102976252570705321e-02
-5.695000000000000000e+02 3.207160801360729036e-02
-5.693999999999999773e+02 3.207358654560728967e-02
-5.693000000000000682e+02 3.100557497197179921e-02
-5.692000000000000455e+02 3.122578558360709911e-02
-5.691000000000000227e+02 3.118492889780708627e-02
-5.690000000000000000e+02 3.065339627600697017e-02
-5.688999999999999773e+02 3.118418694830708826e-02
-5.688000000000000682e+02 2.978086366397290907e-02
-5.687000000000000455e+02 3.186509873610723909e-02
-5.686000000000000227e+02 2.995977242010681302e-02
-5.685000000000000000e+02 3.200295295320727818e-02
-5.683999999999999773e+02 3.188414210660725501e-02
-5.683000000000000682e+02 3.132030994987151928e-02
-5.682000000000000455e+02 2.997861793740681444e-02
-5.681000000000000227e+02 3.055629981810694881e-02
-5.680000000000000000e+02 3.125111079320710278e-02
-5.678999999999999773e+02 3.112047821790707436e-02
-5.678000000000000682e+02 3.061293529657215656e-02
-5.677000000000000455e+02 3.186841277720724175e-02
-5.676000000000000227e+02 3.137590669910712837e-02
-5.675000000000000000e+02 3.157539218800718001e-02
-5.673999999999999773e+02 3.081736711550700850e-02
-5.673000000000000682e+02 3.094612008537185599e-02
-5.672000000000000455e+02 3.006483246930683612e-02
-5.671000000000000227e+02 2.983621309670678526e-02
-5.670000000000000000e+02 3.097203885460704173e-02
-5.668999999999999773e+02 3.026288352250687888e-02
-5.668000000000000682e+02 3.122949533107159670e-02
-5.667000000000000455e+02 3.028964316780688101e-02
-5.666000000000000227e+02 3.055501377230694648e-02
-5.665000000000000000e+02 3.168970187430720370e-02
-5.663999999999999773e+02 3.100359644000704601e-02
-5.663000000000000682e+02 3.036423382417238054e-02
-5.662000000000000455e+02 3.089072118940702424e-02
-5.661000000000000227e+02 3.222252054190732906e-02
-5.660000000000000000e+02 3.092762081120703152e-02
-5.658999999999999773e+02 3.078373207150699245e-02
-5.658000000000000682e+02 3.066952131177210633e-02
-5.657000000000000455e+02 3.078571060350699523e-02
-5.656000000000000227e+02 3.139030051940713828e-02
-5.655000000000000000e+02 3.114496255140708145e-02
-5.653999999999999773e+02 3.089982243660702524e-02
-5.653000000000000682e+02 3.171844005157115065e-02
-5.652000000000000455e+02 3.034652596280689937e-02
-5.651000000000000227e+02 3.149427237600715968e-02
-5.650000000000000000e+02 3.102926789270705338e-02
-5.648999999999999773e+02 3.038827298800690982e-02
-5.648000000000000682e+02 3.026669219657247140e-02
-5.647000000000000455e+02 2.973773166640675605e-02
-5.646000000000000227e+02 3.208802982920729019e-02
-5.645000000000000000e+02 3.108209469710706760e-02
-5.643999999999999773e+02 3.002644894850682589e-02
-5.643000000000000682e+02 3.121183693297161291e-02
-5.642000000000000455e+02 3.093251767790703224e-02
-5.641000000000000227e+02 3.018735306340686320e-02
-5.640000000000000000e+02 2.961936598950673516e-02
-5.638999999999999773e+02 2.918097276160663139e-02
-5.638000000000000682e+02 3.098811442707181604e-02
-5.637000000000000455e+02 2.932728520300666858e-02
-5.636000000000000227e+02 3.140454594980713471e-02
-5.635000000000000000e+02 3.043694487520691785e-02
-5.633999999999999773e+02 3.062980228190696416e-02
-5.633000000000000682e+02 3.063618304757213806e-02
-5.632000000000000455e+02 3.145554261210715269e-02
-5.631000000000000227e+02 2.955639920860671926e-02
-5.630000000000000000e+02 3.177284968160722090e-02
-5.628999999999999773e+02 3.158568055440718475e-02
-5.628000000000000682e+02 3.184091118237103446e-02
-5.627000000000000455e+02 3.018018088490686396e-02
-5.626000000000000227e+02 3.119279356250708943e-02
-5.625000000000000000e+02 3.061328153970695534e-02
-5.623999999999999773e+02 3.027242993940688215e-02
-5.623000000000000682e+02 3.094285550757185782e-02
-5.622000000000000455e+02 3.161431980510718415e-02
-5.621000000000000227e+02 2.988691297920679363e-02
-5.620000000000000000e+02 3.083334376140700953e-02
-5.618999999999999773e+02 3.049175021160693139e-02
-5.618000000000000682e+02 3.092490032967186789e-02
-5.617000000000000455e+02 3.026965999460688034e-02
-5.616000000000000227e+02 3.118849025540709405e-02
-5.615000000000000000e+02 3.080114315310700235e-02
-5.613999999999999773e+02 3.012740354380685076e-02
-5.613000000000000682e+02 3.048487481287227505e-02
-5.612000000000000455e+02 3.150510483870715833e-02
-5.611000000000000227e+02 2.944866814120669640e-02
-5.610000000000000000e+02 2.982112679020678184e-02
-5.608999999999999773e+02 3.028627966340688774e-02
-5.608000000000000682e+02 3.087241976837191981e-02
-5.607000000000000455e+02 2.959859140350672851e-02
-5.606000000000000227e+02 3.046879924040692827e-02
-5.605000000000000000e+02 3.012953046570684967e-02
-5.603999999999999773e+02 3.100898793970705003e-02
-5.603000000000000682e+02 2.994399362737276346e-02
-5.602000000000000455e+02 2.977942922830676895e-02
-5.601000000000000227e+02 2.936705369620667624e-02
-5.600000000000000000e+02 3.042032520640691046e-02
-5.598999999999999773e+02 2.970558052140675337e-02
-5.598000000000000682e+02 3.030744995577243708e-02
-5.597000000000000455e+02 3.059171554090695314e-02
-5.596000000000000227e+02 3.126392178790710075e-02
-5.595000000000000000e+02 3.145727382760715035e-02
-5.593999999999999773e+02 2.962901133300673354e-02
-5.593000000000000682e+02 2.964320730007303714e-02
-5.592000000000000455e+02 3.100686101780705459e-02
-5.591000000000000227e+02 3.035874339790690241e-02
-5.590000000000000000e+02 2.931239674970666231e-02
-5.588999999999999773e+02 2.999825486750681836e-02
-5.588000000000000682e+02 3.091179255517188459e-02
-5.587000000000000455e+02 2.977972600810677162e-02
-5.586000000000000227e+02 2.955961432310671641e-02
-5.585000000000000000e+02 3.072185348320698520e-02
-5.583999999999999773e+02 3.032040934040688973e-02
-5.583000000000000682e+02 3.117983417787164105e-02
-5.582000000000000455e+02 3.047265737780692832e-02
-5.581000000000000227e+02 2.975202656010676391e-02
-5.580000000000000000e+02 2.995957456690680892e-02
-5.578999999999999773e+02 3.117661906340708777e-02
-5.578000000000000682e+02 3.124334505507158494e-02
-5.577000000000000455e+02 3.022722048320687638e-02
-5.576000000000000227e+02 3.157964603180717783e-02
-5.575000000000000000e+02 3.138164444190713609e-02
-5.573999999999999773e+02 3.084318695810700853e-02
-5.573000000000000682e+02 2.955343141057311870e-02
-5.572000000000000455e+02 2.964063520850674163e-02
-5.571000000000000227e+02 2.973788005630675912e-02
-5.570000000000000000e+02 3.164493758780719673e-02
-5.568999999999999773e+02 2.995418306720680837e-02
-5.568000000000000682e+02 2.934979100447330375e-02
-5.567000000000000455e+02 2.970206862710675355e-02
-5.566000000000000227e+02 2.991144677600680521e-02
-5.565000000000000000e+02 3.066858150910697217e-02
-5.563999999999999773e+02 2.913111375520662308e-02
-5.563000000000000682e+02 3.003782550747267563e-02
-5.562000000000000455e+02 2.954250002130671959e-02
-5.561000000000000227e+02 3.042556831620691835e-02
-5.560000000000000000e+02 3.026466420130688104e-02
-5.558999999999999773e+02 3.089096850590702242e-02
-5.558000000000000682e+02 3.027475471447246130e-02
-5.557000000000000455e+02 3.019952103520686520e-02
-5.556000000000000227e+02 3.012438628250684730e-02
-5.555000000000000000e+02 3.067031272460697677e-02
-5.553999999999999773e+02 3.088369740080702114e-02
-5.553000000000000682e+02 2.972872934577296122e-02
-5.552000000000000455e+02 3.098851013350704606e-02
-5.551000000000000227e+02 2.971161504400675682e-02
-5.550000000000000000e+02 2.980059952070676990e-02
-5.548999999999999773e+02 3.017305816970686227e-02
-5.548000000000000682e+02 2.916326490017347867e-02
-5.547000000000000455e+02 3.002382739360682368e-02
-5.546000000000000227e+02 3.076355104510699115e-02
-5.545000000000000000e+02 2.939955108430668262e-02
-5.543999999999999773e+02 3.053522845230693950e-02
-5.543000000000000682e+02 2.934519091757330916e-02
-5.542000000000000455e+02 3.106745356030706645e-02
-5.541000000000000227e+02 2.982651828990678239e-02
-5.540000000000000000e+02 3.068149143040697566e-02
-5.538999999999999773e+02 3.004969669950683167e-02
-5.538000000000000682e+02 2.941760518877324301e-02
-5.537000000000000455e+02 2.994102582940681018e-02
-5.536000000000000227e+02 3.038035886000690911e-02
-5.535000000000000000e+02 3.047503161620692541e-02
-5.533999999999999773e+02 2.963133610810673654e-02
-5.533000000000000682e+02 3.013432840577259450e-02
-5.532000000000000455e+02 3.046029155280692569e-02
-5.531000000000000227e+02 3.115347023900708404e-02
-5.530000000000000000e+02 2.991688773900680332e-02
-5.528999999999999773e+02 3.026144908680688389e-02
-5.528000000000000682e+02 2.859226056497399249e-02
-5.527000000000000455e+02 3.048294574420692959e-02
-5.526000000000000227e+02 2.842393695510645954e-02
-5.525000000000000000e+02 3.022553873100686933e-02
-5.523999999999999773e+02 3.069524222780697573e-02
-5.523000000000000682e+02 3.039341717117235650e-02
-5.522000000000000455e+02 2.880940445200655051e-02
-5.521000000000000227e+02 2.998163519870681790e-02
-5.520000000000000000e+02 2.954156021860671749e-02
-5.518999999999999773e+02 2.989764651530679371e-02
-5.518000000000000682e+02 3.030814244197243060e-02
-5.517000000000000455e+02 3.130344296460711717e-02
-5.516000000000000227e+02 2.954789152100672014e-02
-5.515000000000000000e+02 2.934608125700667244e-02
-5.513999999999999773e+02 2.859606923910649676e-02
-5.513000000000000682e+02 2.971186236047297646e-02
-5.512000000000000455e+02 2.910845956380661917e-02
-5.511000000000000227e+02 2.905202193850660655e-02
-5.510000000000000000e+02 2.839821603910645809e-02
-5.508999999999999773e+02 2.889507488760656440e-02
-5.508000000000000682e+02 2.944728316877321880e-02
-5.507000000000000455e+02 2.992781912830680402e-02
-5.506000000000000227e+02 2.933480362460667151e-02
-5.505000000000000000e+02 3.062238278690696328e-02
-5.503999999999999773e+02 2.798717601610636180e-02
-5.503000000000000682e+02 2.853636703597404317e-02
-5.502000000000000455e+02 2.875182917080653863e-02
-5.501000000000000227e+02 2.896125678300658091e-02
-5.500000000000000000e+02 2.903253339830659877e-02
-5.498999999999999773e+02 2.980005542440677599e-02
-5.498000000000000682e+02 2.955046361257312321e-02
-5.497000000000000455e+02 2.956856718040672474e-02
-5.496000000000000227e+02 2.934049190410667127e-02
-5.495000000000000000e+02 3.024586814730687717e-02
-5.493999999999999773e+02 2.880905820890655028e-02
-5.493000000000000682e+02 2.928598334747336412e-02
-5.492000000000000455e+02 2.900562536310659356e-02
-5.491000000000000227e+02 2.871394028300652476e-02
-5.490000000000000000e+02 2.860462639000650384e-02
-5.488999999999999773e+02 2.864756053440651457e-02
-5.488000000000000682e+02 2.922499509857341693e-02
-5.487000000000000455e+02 2.897040749350658639e-02
-5.486000000000000227e+02 2.800992913410636428e-02
-5.485000000000000000e+02 3.101873220980705045e-02
-5.483999999999999773e+02 2.989922934090679524e-02
-5.483000000000000682e+02 2.973728649667295443e-02
-5.482000000000000455e+02 2.939084554350668288e-02
-5.481000000000000227e+02 2.906275547460661010e-02
-5.480000000000000000e+02 2.862223532480651089e-02
-5.478999999999999773e+02 3.069044428770697358e-02
-5.478000000000000682e+02 2.969514376507299477e-02
-5.477000000000000455e+02 2.739267661340622287e-02
-5.476000000000000227e+02 2.692712803380612613e-02
-5.475000000000000000e+02 2.980910720830677596e-02
-5.473999999999999773e+02 2.870014002230652367e-02
-5.473000000000000682e+02 2.975909981197293053e-02
-5.472000000000000455e+02 2.845974838430647205e-02
-5.471000000000000227e+02 2.908634946870660917e-02
-5.470000000000000000e+02 2.875375823950653692e-02
-5.468999999999999773e+02 2.866724692780651604e-02
-5.468000000000000682e+02 2.962930811277305135e-02
-5.467000000000000455e+02 2.950911229380670520e-02
-5.466000000000000227e+02 2.902649887570660225e-02
-5.465000000000000000e+02 2.895383728800658002e-02
-5.463999999999999773e+02 2.940182639610668808e-02
-5.463000000000000682e+02 2.976231492647292767e-02
-5.462000000000000455e+02 3.037397809430690890e-02
-5.461000000000000227e+02 2.983299798220677770e-02
-5.460000000000000000e+02 2.992791805490680607e-02
-5.458999999999999773e+02 2.890976548770657698e-02
-5.458000000000000682e+02 2.897382046117364524e-02
-5.457000000000000455e+02 2.940316190520668102e-02
-5.456000000000000227e+02 2.906562434600661049e-02
-5.455000000000000000e+02 2.919912579270663930e-02
-5.453999999999999773e+02 2.941379651470668946e-02
-5.453000000000000682e+02 2.854057141647404344e-02
-5.452000000000000455e+02 3.009357064660684450e-02
-5.451000000000000227e+02 2.889151353000656702e-02
-5.450000000000000000e+02 2.859982844990650169e-02
-5.448999999999999773e+02 2.882285846960655484e-02
-5.448000000000000682e+02 3.002382739357268779e-02
-5.447000000000000455e+02 2.890185135970656932e-02
-5.446000000000000227e+02 2.942171064270669018e-02
-5.445000000000000000e+02 2.978516697110676972e-02
-5.443999999999999773e+02 2.898084424980658727e-02
-5.443000000000000682e+02 2.810569008287443563e-02
-5.442000000000000455e+02 2.978759067280677478e-02
-5.441000000000000227e+02 3.012310023670684497e-02
-5.440000000000000000e+02 2.827149106450642727e-02
-5.438999999999999773e+02 2.960685177460672945e-02
-5.438000000000000682e+02 2.832827493287423670e-02
-5.437000000000000455e+02 2.941592343660668490e-02
-5.436000000000000227e+02 3.062352044280695906e-02
-5.435000000000000000e+02 2.958320831720672589e-02
-5.433999999999999773e+02 2.805409986100637978e-02
-5.433000000000000682e+02 2.995962403017275386e-02
-5.432000000000000455e+02 2.971878722250675259e-02
-5.431000000000000227e+02 2.987800958520679326e-02
-5.430000000000000000e+02 3.007591224850684336e-02
-5.428999999999999773e+02 2.982493546430677739e-02
-5.428000000000000682e+02 2.878145768747382080e-02
-5.427000000000000455e+02 2.979179505330677158e-02
-5.426000000000000227e+02 3.139099300560713179e-02
-5.425000000000000000e+02 3.065567158780696869e-02
-5.423999999999999773e+02 2.899484236370659246e-02
-5.423000000000000682e+02 2.937125807667328309e-02
-5.422000000000000455e+02 2.978986598460676982e-02
-5.421000000000000227e+02 3.011073441170684581e-02
-5.420000000000000000e+02 3.038530519000691432e-02
-5.418999999999999773e+02 3.087795965800702036e-02
-5.418000000000000682e+02 3.052350565017224182e-02
-5.417000000000000455e+02 3.016178053730685787e-02
-5.416000000000000227e+02 2.819022286260641080e-02
-5.415000000000000000e+02 2.963583726840673602e-02
-5.413999999999999773e+02 3.047038206600692287e-02
-5.413000000000000682e+02 2.978402931517290866e-02
-5.412000000000000455e+02 2.876281002340653689e-02
-5.411000000000000227e+02 3.104489829550705418e-02
-5.410000000000000000e+02 3.007779185390683716e-02
-5.408999999999999773e+02 2.911454354970661670e-02
-5.408000000000000682e+02 2.976345258237293040e-02
-5.407000000000000455e+02 3.061793108990695789e-02
-5.406000000000000227e+02 2.939183480950668254e-02
-5.405000000000000000e+02 2.970157399410675372e-02
-5.403999999999999773e+02 2.927529927470665441e-02
-5.403000000000000682e+02 3.135730849827147310e-02
-5.402000000000000455e+02 2.947839558450670097e-02
-5.401000000000000227e+02 2.957227692790672519e-02
-5.400000000000000000e+02 2.975474704160675776e-02
-5.398999999999999773e+02 3.048215433140692709e-02
-5.398000000000000682e+02 3.134098560927149613e-02
-5.397000000000000455e+02 3.203480731840728513e-02
-5.396000000000000227e+02 3.231932022000734428e-02
-5.395000000000000000e+02 3.067209340340697199e-02
-5.393999999999999773e+02 3.065690817030697346e-02
-5.393000000000000682e+02 2.998564172597272329e-02
-5.392000000000000455e+02 3.140622770200713482e-02
-5.391000000000000227e+02 3.230121665220734434e-02
-5.390000000000000000e+02 3.068515171460697508e-02
-5.388999999999999773e+02 3.129325352480711447e-02
-5.388000000000000682e+02 3.214649544977076639e-02
-5.387000000000000455e+02 3.116257148620709197e-02
-5.386000000000000227e+02 3.098702623450704310e-02
-5.385000000000000000e+02 3.031714476260689503e-02
-5.383999999999999773e+02 3.181553650950723344e-02
-5.383000000000000682e+02 3.258444350797035788e-02
-5.382000000000000455e+02 3.339153617410759584e-02
-5.381000000000000227e+02 3.094612008540703618e-02
-5.380000000000000000e+02 3.142789262740714601e-02
-5.378999999999999773e+02 3.161075844750718677e-02
-5.378000000000000682e+02 3.369558707916935070e-02
-5.377000000000000455e+02 3.194804869020726606e-02
-5.376000000000000227e+02 3.188587332210725267e-02
-5.375000000000000000e+02 3.145979645590715745e-02
-5.373999999999999773e+02 3.205014094140729020e-02
-5.373000000000000682e+02 3.261496236407033372e-02
-5.372000000000000455e+02 3.211167328660730069e-02
-5.371000000000000227e+02 3.281489302270746561e-02
-5.370000000000000000e+02 3.207225103650729325e-02
-5.368999999999999773e+02 3.115060136760708365e-02
-5.368000000000000682e+02 3.341498177826960486e-02
-5.367000000000000455e+02 3.261461612100741148e-02
-5.366000000000000227e+02 3.455174733890786082e-02
-5.365000000000000000e+02 3.313215062890753626e-02
-5.363999999999999773e+02 3.299246626970749746e-02
-5.363000000000000682e+02 3.462520033936850039e-02
-5.362000000000000455e+02 3.331190026110757152e-02
-5.361000000000000227e+02 3.337303689990758770e-02
-5.360000000000000000e+02 3.349620051690761074e-02
-5.358999999999999773e+02 3.509322208400798143e-02
-5.358000000000000682e+02 3.340830423276961586e-02
-5.357000000000000455e+02 3.396011680760771534e-02
-5.356000000000000227e+02 3.300122127380750170e-02
-5.355000000000000000e+02 3.355392418800762916e-02
-5.353999999999999773e+02 3.475588237800790459e-02
-5.353000000000000682e+02 3.377898220296927934e-02
-5.352000000000000455e+02 3.407046942990774735e-02
-5.351000000000000227e+02 3.328647612490757274e-02
-5.350000000000000000e+02 3.283710204440746377e-02
-5.348999999999999773e+02 3.426693765750778858e-02
-5.348000000000000682e+02 3.456084858606856686e-02
-5.347000000000000455e+02 3.538020815060804319e-02
-5.346000000000000227e+02 3.361204356550764188e-02
-5.345000000000000000e+02 3.351761812580762029e-02
-5.343999999999999773e+02 3.626540336740824433e-02
-5.343000000000000682e+02 3.412146609216896997e-02
-5.342000000000000455e+02 3.400314987860773158e-02
-5.341000000000000227e+02 3.432065480130780388e-02
-5.340000000000000000e+02 3.399736267250773325e-02
-5.338999999999999773e+02 3.422914769630778370e-02
-5.338000000000000682e+02 3.416350989716892411e-02
-5.337000000000000455e+02 3.353804646870761630e-02
-5.336000000000000227e+02 3.560155641810808930e-02
-5.335000000000000000e+02 3.515604047500799079e-02
-5.333999999999999773e+02 3.513744227420798755e-02
-5.333000000000000682e+02 3.500033000656816579e-02
-5.332000000000000455e+02 3.661995630180832351e-02
-5.331000000000000227e+02 3.323330307740755135e-02
-5.330000000000000000e+02 3.527272439970802198e-02
-5.328999999999999773e+02 3.456371745750785873e-02
-5.328000000000000682e+02 3.666749053306665035e-02
-5.327000000000000455e+02 3.538975456750804993e-02
-5.326000000000000227e+02 3.429854470620780083e-02
-5.325000000000000000e+02 3.539514606720805395e-02
-5.323999999999999773e+02 3.682874089110837329e-02
-5.323000000000000682e+02 3.700507755556634720e-02
-5.322000000000000455e+02 3.576844559230813597e-02
-5.321000000000000227e+02 3.546790658150806436e-02
-5.320000000000000000e+02 3.605028747570820230e-02
-5.318999999999999773e+02 3.586336566500815393e-02
-5.318000000000000682e+02 3.598672713516727628e-02
-5.317000000000000455e+02 3.458558023610786014e-02
-5.316000000000000227e+02 3.621490133810823658e-02
-5.315000000000000000e+02 3.618423409210822644e-02
-5.313999999999999773e+02 3.667149706040833540e-02
-5.313000000000000682e+02 3.593271321156731729e-02
-5.312000000000000455e+02 3.438896361860781931e-02
-5.311000000000000227e+02 3.779436343370858736e-02
-5.310000000000000000e+02 3.737372753050849372e-02
-5.308999999999999773e+02 3.627539495400824987e-02
-5.308000000000000682e+02 3.655911644276674949e-02
-5.307000000000000455e+02 3.541582172660805161e-02
-5.306000000000000227e+02 3.656089712160830868e-02
-5.305000000000000000e+02 3.598598518570817612e-02
-5.303999999999999773e+02 3.667901548200833833e-02
-5.303000000000000682e+02 3.748719634066590561e-02
-5.302000000000000455e+02 3.680232748890836791e-02
-5.301000000000000227e+02 3.686024901320838348e-02
-5.300000000000000000e+02 3.817305445850867340e-02
-5.298999999999999773e+02 3.789398251990861582e-02
-5.298000000000000682e+02 3.647878804356682186e-02
-5.297000000000000455e+02 3.723325175850846630e-02
-5.296000000000000227e+02 3.641601911590827689e-02
-5.295000000000000000e+02 3.663890074570833044e-02
-5.293999999999999773e+02 3.736784139780849334e-02
-5.293000000000000682e+02 3.791990128906550656e-02
-5.292000000000000455e+02 3.724982196400846574e-02
-5.291000000000000227e+02 3.846122764430873892e-02
-5.290000000000000000e+02 3.706285069000842675e-02
-5.288999999999999773e+02 3.797994973530863239e-02
-5.288000000000000682e+02 3.778298687466563610e-02
-5.287000000000000455e+02 3.783299427100860618e-02
-5.286000000000000227e+02 3.772669763930858178e-02
-5.285000000000000000e+02 3.818304604510868588e-02
-5.283999999999999773e+02 3.815579176680867352e-02
-5.283000000000000682e+02 3.682819679476651009e-02
-5.282000000000000455e+02 3.722509031400846047e-02
-5.281000000000000227e+02 3.861619616320877829e-02
-5.280000000000000000e+02 3.589685231910816343e-02
-5.278999999999999773e+02 3.778788374140859552e-02
-5.278000000000000682e+02 3.831625071196514271e-02
-5.277000000000000455e+02 3.916781088480890405e-02
-5.276000000000000227e+02 3.821890693760868901e-02
-5.275000000000000000e+02 3.831679480830871287e-02
-5.273999999999999773e+02 3.783254910130860738e-02
-5.273000000000000682e+02 3.762336880556578500e-02
-5.272000000000000455e+02 3.961688818550900687e-02
-5.271000000000000227e+02 3.907724358250887903e-02
-5.270000000000000000e+02 3.915974836690890720e-02
-5.268999999999999773e+02 3.790239128090862331e-02
-5.268000000000000682e+02 3.938233321686417793e-02
-5.267000000000000455e+02 3.879223604790882352e-02
-5.266000000000000227e+02 3.822825550130868472e-02
-5.265000000000000000e+02 3.825689475200869799e-02
-5.263999999999999773e+02 3.909089545330889093e-02
-5.263000000000000682e+02 3.852122662716495755e-02
-5.262000000000000455e+02 3.910454732410888895e-02
-5.261000000000000227e+02 3.807571068410865733e-02
-5.260000000000000000e+02 3.966892357710902206e-02
-5.258999999999999773e+02 3.980123790460904365e-02
-5.258000000000000682e+02 3.804014657136540328e-02
-5.257000000000000455e+02 4.122459382540936967e-02
-5.256000000000000227e+02 3.966135569220902157e-02
-5.255000000000000000e+02 3.963058951960900939e-02
-5.253999999999999773e+02 3.913838022130889521e-02
-5.253000000000000682e+02 3.775048948656566788e-02
-5.252000000000000455e+02 3.732357174430848967e-02
-5.251000000000000227e+02 3.977660518120904737e-02
-5.250000000000000000e+02 3.798108739120863858e-02
-5.248999999999999773e+02 3.853972590140876398e-02
-5.248000000000000682e+02 4.069785914366298718e-02
-5.247000000000000455e+02 4.020619394170914240e-02
-5.246000000000000227e+02 3.988794706950906516e-02
-5.245000000000000000e+02 4.070191513430924946e-02
-5.243999999999999773e+02 4.051885146100921153e-02
-5.243000000000000682e+02 4.054274223486312861e-02
-5.242000000000000455e+02 4.137580313350940758e-02
-5.241000000000000227e+02 3.965675560530901311e-02
-5.240000000000000000e+02 3.979094953820905278e-02
-5.238999999999999773e+02 4.021949956940913673e-02
-5.238000000000000682e+02 3.976824588346383055e-02
-5.237000000000000455e+02 3.939910127560895814e-02
-5.236000000000000227e+02 4.024526994870914615e-02
-5.235000000000000000e+02 4.075093326460926813e-02
-5.233999999999999773e+02 4.043283478230919048e-02
-5.233000000000000682e+02 4.056317057776310381e-02
-5.232000000000000455e+02 3.939118714760895396e-02
-5.231000000000000227e+02 4.152790278100944310e-02
-5.230000000000000000e+02 3.978367843310904456e-02
-5.228999999999999773e+02 4.005147273930910468e-02
-5.228000000000000682e+02 4.028746214356335870e-02
-5.227000000000000455e+02 4.119328355650937051e-02
-5.226000000000000227e+02 4.006052452320910118e-02
-5.225000000000000000e+02 4.007655063240911364e-02
-5.223999999999999773e+02 4.043842413520919860e-02
-5.223000000000000682e+02 4.345242085736047977e-02
-5.222000000000000455e+02 4.223122144370960312e-02
-5.221000000000000227e+02 4.131629878360939395e-02
-5.220000000000000000e+02 4.144361731780941971e-02
-5.218999999999999773e+02 4.043471438770919468e-02
-5.218000000000000682e+02 4.148808482446226381e-02
-5.217000000000000455e+02 4.054660037230921332e-02
-5.216000000000000227e+02 4.117339930990936148e-02
-5.215000000000000000e+02 4.062529648260923554e-02
-5.213999999999999773e+02 4.087068391390929339e-02
-5.213000000000000682e+02 4.225981123106156701e-02
-5.212000000000000455e+02 4.179881327510950179e-02
-5.211000000000000227e+02 4.129868984880939037e-02
-5.210000000000000000e+02 4.145736811520942672e-02
-5.208999999999999773e+02 4.128667026690938796e-02
-5.208000000000000682e+02 4.136304160206237535e-02
-5.207000000000000455e+02 4.149693875520943376e-02
-5.206000000000000227e+02 4.246414412340965283e-02
-5.205000000000000000e+02 4.167040654830947433e-02
-5.203999999999999773e+02 4.173836912250949299e-02
-5.203000000000000682e+02 4.273040506726113325e-02
-5.202000000000000455e+02 4.192232313520952852e-02
-5.201000000000000227e+02 4.326233339550983326e-02
-5.200000000000000000e+02 4.065141310500924171e-02
-5.198999999999999773e+02 4.179332284880949572e-02
-5.198000000000000682e+02 4.224734647946157967e-02
-5.197000000000000455e+02 4.145657670240943116e-02
-5.196000000000000227e+02 4.438618903481009181e-02
-5.195000000000000000e+02 4.193612339590953308e-02
-5.193999999999999773e+02 4.307180076390978996e-02
-5.193000000000000682e+02 4.312883194876077769e-02
-5.192000000000000455e+02 4.129250693630938385e-02
-5.191000000000000227e+02 4.245815906410965734e-02
-5.190000000000000000e+02 4.230205288930961871e-02
-5.188999999999999773e+02 4.326980235380983864e-02
-5.188000000000000682e+02 4.162034968866214213e-02
-5.187000000000000455e+02 4.188581921980952250e-02
-5.186000000000000227e+02 4.290763207120975448e-02
-5.185000000000000000e+02 4.214169287070958225e-02
-5.183999999999999773e+02 4.388082249870998292e-02
-5.183000000000000682e+02 4.442338543635959702e-02
-5.182000000000000455e+02 4.276166587290972099e-02
-5.181000000000000227e+02 4.350218093720989443e-02
-5.180000000000000000e+02 4.320930873790982535e-02
-5.178999999999999773e+02 4.318131251010982191e-02
-5.178000000000000682e+02 4.295828249036093283e-02
-5.177000000000000455e+02 4.221524479780960210e-02
-5.176000000000000227e+02 4.367723155590992612e-02
-5.175000000000000000e+02 4.164369636630946281e-02
-5.173999999999999773e+02 4.302228800060978187e-02
-5.173000000000000682e+02 4.404232017315993369e-02
-5.172000000000000455e+02 4.334973504660985522e-02
-5.171000000000000227e+02 4.281978525040973371e-02
-5.170000000000000000e+02 4.425347900091006204e-02
-5.168999999999999773e+02 4.251578380860966677e-02
-5.168000000000000682e+02 4.366872386826027574e-02
-5.167000000000000455e+02 4.261352328940968409e-02
-5.166000000000000227e+02 4.415578898341003533e-02
-5.165000000000000000e+02 4.362855966870991808e-02
-5.163999999999999773e+02 4.374875548770994216e-02
-5.163000000000000682e+02 4.359789242266035036e-02
-5.162000000000000455e+02 4.240928932370964521e-02
-5.161000000000000227e+02 4.399805051971000802e-02
-5.160000000000000000e+02 4.364532772740992161e-02
-5.158999999999999773e+02 4.439969251571009023e-02
-5.158000000000000682e+02 4.381251368136015317e-02
-5.157000000000000455e+02 4.521286916771027203e-02
-5.156000000000000227e+02 4.598682142281045743e-02
-5.155000000000000000e+02 4.490985699191021169e-02
-5.153999999999999773e+02 4.223245802620959749e-02
-5.153000000000000682e+02 4.541299767945868732e-02
-5.152000000000000455e+02 4.538183580051032007e-02
-5.151000000000000227e+02 4.447413478221010769e-02
-5.150000000000000000e+02 4.476458327981017865e-02
-5.148999999999999773e+02 4.347576753500988211e-02
-5.148000000000000682e+02 4.443768033005958407e-02
-5.147000000000000455e+02 4.487013796201019811e-02
-5.146000000000000227e+02 4.539345967601032122e-02
-5.145000000000000000e+02 4.368094130340993003e-02
-5.143999999999999773e+02 4.478684176481018131e-02
-5.143000000000000682e+02 4.553724948905858022e-02
-5.142000000000000455e+02 4.534211677061030649e-02
-5.141000000000000227e+02 4.655624293241058392e-02
-5.140000000000000000e+02 4.550762097241034532e-02
-5.138999999999999773e+02 4.441428418921009730e-02
-5.138000000000000682e+02 4.565249897805848112e-02
-5.137000000000000455e+02 4.608965562351047957e-02
-5.136000000000000227e+02 4.460748783901014036e-02
-5.135000000000000000e+02 4.510207137571025510e-02
-5.133999999999999773e+02 4.537421845231031509e-02
-5.133000000000000682e+02 4.570878821345843168e-02
-5.132000000000000455e+02 4.659591249901059301e-02
-5.131000000000000227e+02 4.550386176161035079e-02
-5.130000000000000000e+02 4.360046451430991260e-02
-5.128999999999999773e+02 4.678970970841063448e-02
-5.128000000000000682e+02 4.565858296395847171e-02
-5.127000000000000455e+02 4.491747434011020279e-02
-5.126000000000000227e+02 4.646686274931056265e-02
-5.125000000000000000e+02 4.647255102881057282e-02
-5.123999999999999773e+02 4.599854422491046063e-02
-5.123000000000000682e+02 4.540632013395869832e-02
-5.122000000000000455e+02 4.784065644351087609e-02
-5.121000000000000227e+02 4.645677223611055506e-02
-5.120000000000000000e+02 4.796421576691090038e-02
-5.119000000000000341e+02 4.628107859448420819e-02
-5.118000000000000114e+02 4.667312471031061227e-02
-5.117000000000000455e+02 4.937565103238315128e-02
-5.116000000000000227e+02 4.511982870041025828e-02
-5.115000000000000000e+02 4.677121043421063329e-02
-5.114000000000000341e+02 4.867312378248340315e-02
-5.113000000000000114e+02 4.660461803981059276e-02
-5.112000000000000455e+02 4.761940710258375647e-02
-5.111000000000000227e+02 4.723062556461073147e-02
-5.110000000000000000e+02 4.571873033681039117e-02
-5.109000000000000341e+02 4.712244932748392567e-02
-5.108000000000000114e+02 4.596040802061044511e-02
-5.107000000000000455e+02 4.758146875148376587e-02
-5.106000000000000227e+02 4.604360529121047374e-02
-5.105000000000000000e+02 4.623250563391051449e-02
-5.104000000000000341e+02 4.708456043968393262e-02
-5.103000000000000114e+02 4.698197355551068238e-02
-5.102000000000000455e+02 4.578372511298437614e-02
-5.101000000000000227e+02 4.685099473711065027e-02
-5.100000000000000000e+02 4.710508770921070787e-02
-5.099000000000000341e+02 4.664240800098409107e-02
-5.098000000000000114e+02 4.807031454541092763e-02
-5.097000000000000455e+02 4.821766571608355340e-02
-5.096000000000000227e+02 4.809277088361092745e-02
-5.095000000000000000e+02 4.598034173051045170e-02
-5.094000000000000341e+02 4.757746222418377663e-02
-5.093000000000000114e+02 4.649322668821056354e-02
-5.092000000000000455e+02 4.846320153728347208e-02
-5.091000000000000227e+02 4.905695899051115694e-02
-5.090000000000000000e+02 4.855836892651103909e-02
-5.089000000000000341e+02 4.711557392878393258e-02
-5.088000000000000114e+02 4.912338820241116122e-02
-5.087000000000000455e+02 4.854016643208344112e-02
-5.086000000000000227e+02 4.950435453901125271e-02
-5.085000000000000000e+02 4.812032194171093902e-02
-5.084000000000000341e+02 4.841804154438348468e-02
-5.083000000000000114e+02 4.623740250061051521e-02
-5.082000000000000455e+02 4.711596963518392689e-02
-5.081000000000000227e+02 4.580761588691041608e-02
-5.080000000000000000e+02 4.756969648611081292e-02
-5.079000000000000341e+02 4.730689797318386736e-02
-5.078000000000000114e+02 4.799611959541090489e-02
-5.077000000000000455e+02 4.967154049298305729e-02
-5.076000000000000227e+02 4.781904098141087633e-02
-5.075000000000000000e+02 4.857439503571105155e-02
-5.074000000000000341e+02 4.801239302108362139e-02
-5.073000000000000114e+02 4.914243157291116326e-02
-5.072000000000000455e+02 4.895363015678329266e-02
-5.071000000000000227e+02 4.832183542591098058e-02
-5.070000000000000000e+02 4.857479074211103892e-02
-5.069000000000000341e+02 4.750564151258380302e-02
-5.068000000000000114e+02 4.886083700601109858e-02
-5.067000000000000455e+02 4.979322021098301493e-02
-5.066000000000000227e+02 4.914386600861116866e-02
-5.065000000000000000e+02 4.942951656611124789e-02
-5.064000000000000341e+02 4.815306664628357658e-02
-5.063000000000000114e+02 4.765472389881083431e-02
-5.062000000000000455e+02 4.645746472228415996e-02
-5.061000000000000227e+02 4.929863667431120394e-02
-5.060000000000000000e+02 4.821499469791096226e-02
-5.059000000000000341e+02 4.823433484818355488e-02
-5.058000000000000114e+02 4.983526401601133526e-02
-5.057000000000000455e+02 4.987236149098298044e-02
-5.056000000000000227e+02 4.951226866701125690e-02
-5.055000000000000000e+02 4.819016412131094801e-02
-5.054000000000000341e+02 4.764443553238374707e-02
-5.053000000000000114e+02 4.969330434501129101e-02
-5.052000000000000455e+02 4.826005576418353898e-02
-5.051000000000000227e+02 5.083096024501156107e-02
-5.050000000000000000e+02 5.076715258801153818e-02
-5.049000000000000341e+02 4.920727795918321268e-02
-5.048000000000000114e+02 4.931876823741121463e-02
-5.047000000000000455e+02 5.163276033798238490e-02
-5.046000000000000227e+02 4.745894815741079353e-02
-5.045000000000000000e+02 5.013649551301139345e-02
-5.044000000000000341e+02 5.154570492998242215e-02
-5.043000000000000114e+02 5.096896285201158588e-02
-5.042000000000000455e+02 4.996337396298295569e-02
-5.041000000000000227e+02 4.898182423781113209e-02
-5.040000000000000000e+02 5.055297649901149826e-02
-5.039000000000000341e+02 4.892444680978330629e-02
-5.038000000000000114e+02 4.995298667001135673e-02
-5.037000000000000455e+02 4.939395245338314838e-02
-5.036000000000000227e+02 4.846770269761101896e-02
-5.035000000000000000e+02 4.948605311801125561e-02
-5.034000000000000341e+02 4.962504499098306654e-02
-5.033000000000000114e+02 4.979420947701132527e-02
-5.032000000000000455e+02 5.005537570098292366e-02
-5.031000000000000227e+02 4.954639834401126930e-02
-5.030000000000000000e+02 5.174009569901175803e-02
-5.029000000000000341e+02 5.154619956298240463e-02
-5.028000000000000114e+02 5.052379315201147719e-02
-5.027000000000000455e+02 5.204825205798224719e-02
-5.026000000000000227e+02 5.126722655101165205e-02
-5.025000000000000000e+02 5.158478093701172884e-02
-5.024000000000000341e+02 5.070928052698269600e-02
-5.023000000000000114e+02 5.132806641001166903e-02
-5.022000000000000455e+02 5.046987815498277935e-02
-5.021000000000000227e+02 5.252804606801193821e-02
-5.020000000000000000e+02 5.083739047401156230e-02
-5.019000000000000341e+02 5.234404259198214421e-02
-5.018000000000000114e+02 5.126969971601166159e-02
-5.017000000000000455e+02 4.985752250098299254e-02
-5.016000000000000227e+02 5.084134753801156092e-02
-5.015000000000000000e+02 4.953403251901126320e-02
-5.014000000000000341e+02 5.177175221098233998e-02
-5.013000000000000114e+02 5.177966633901176507e-02
-5.012000000000000455e+02 5.029131564198285193e-02
-5.011000000000000227e+02 5.128008700901164757e-02
-5.010000000000000000e+02 5.075082969901154040e-02
-5.009000000000000341e+02 5.205962861698224670e-02
-5.008000000000000114e+02 5.110993325701161660e-02
-5.007000000000000455e+02 5.054506237098275317e-02
-5.006000000000000227e+02 5.339513771701214634e-02
-5.005000000000000000e+02 5.192113137701180603e-02
-5.004000000000000341e+02 5.196317518198227681e-02
-5.003000000000000114e+02 5.125387146001164629e-02
-5.002000000000000455e+02 5.168766460098236232e-02
-5.001000000000000227e+02 5.239103272701190611e-02
-5.000000000000000000e+02 5.181181748401177817e-02
-4.999000000000000341e+02 5.269721055398201431e-02
-4.998000000000000114e+02 5.162830864101173450e-02
-4.997000000000000455e+02 5.176235418398234672e-02
-4.996000000000000227e+02 5.191470114801180480e-02
-4.995000000000000000e+02 5.210315632101184674e-02
-4.994000000000000341e+02 5.311072374198187729e-02
-4.993000000000000114e+02 5.339414845101213974e-02
-4.992000000000000455e+02 5.295194654898192910e-02
-4.991000000000000227e+02 5.341591230301214605e-02
-4.990000000000000000e+02 5.216498544601186338e-02
-4.989000000000000341e+02 5.304839998398189899e-02
-4.988000000000000114e+02 5.071125905901151948e-02
-4.987000000000000455e+02 5.253051923298208969e-02
-4.986000000000000227e+02 5.231535387801188736e-02
-4.985000000000000000e+02 5.088042354501156467e-02
-4.984000000000000341e+02 5.374533788098166676e-02
-4.983000000000000114e+02 5.346191317201215432e-02
-4.982000000000000455e+02 5.305878727698189884e-02
-4.981000000000000227e+02 5.147249924601170895e-02
-4.980000000000000000e+02 5.485826213101246962e-02
-4.979000000000000341e+02 5.313545539198188256e-02
-4.978000000000000114e+02 5.322745713001210410e-02
-4.977000000000000455e+02 5.269275885698201933e-02
-4.976000000000000227e+02 5.350346234401215373e-02
-4.975000000000000000e+02 5.382843622501223835e-02
-4.974000000000000341e+02 5.365383077598170208e-02
-4.973000000000000114e+02 5.220307218701186053e-02
-4.972000000000000455e+02 5.148437043798243656e-02
-4.971000000000000227e+02 5.275260945001199187e-02
-4.970000000000000000e+02 5.411680726401230795e-02
-4.969000000000000341e+02 5.479297057498130202e-02
-4.968000000000000114e+02 5.345993464001215500e-02
-4.967000000000000455e+02 5.554580200098105380e-02
-4.966000000000000227e+02 5.381705966601222496e-02
-4.965000000000000000e+02 5.414005501501231027e-02
-4.964000000000000341e+02 5.302168980198190829e-02
-4.963000000000000114e+02 5.210711338501185230e-02
-4.962000000000000455e+02 5.423304601898150390e-02
-4.961000000000000227e+02 5.509716987001252175e-02
-4.960000000000000000e+02 5.271402807601198448e-02
-4.959000000000000341e+02 5.260718734798205953e-02
-4.958000000000000114e+02 5.403865525001227965e-02
-4.957000000000000455e+02 5.464655920698135994e-02
-4.956000000000000227e+02 5.294947338401203435e-02
-4.955000000000000000e+02 5.421276606601233006e-02
-4.954000000000000341e+02 5.374484324798167734e-02
-4.953000000000000114e+02 5.494086584201248596e-02
-4.952000000000000455e+02 5.449866393998141489e-02
-4.951000000000000227e+02 5.328780235601211779e-02
-4.950000000000000000e+02 5.405052644201228940e-02
-4.949000000000000341e+02 5.395704080498159999e-02
-4.948000000000000114e+02 5.523912954101255907e-02
-4.947000000000000455e+02 5.470393663498134690e-02
-4.946000000000000227e+02 5.697578600401295712e-02
-4.945000000000000000e+02 5.448481421601238800e-02
-4.944000000000000341e+02 5.603202623998089493e-02
-4.943000000000000114e+02 5.627686957501280146e-02
-4.942000000000000455e+02 5.556904975198104918e-02
-4.941000000000000227e+02 5.479346520801246095e-02
-4.940000000000000000e+02 5.569617043301267056e-02
-4.939000000000000341e+02 5.444821137398142552e-02
-4.938000000000000114e+02 5.558636190701263247e-02
-4.937000000000000455e+02 5.565412662798101956e-02
-4.936000000000000227e+02 5.380815627201224194e-02
-4.935000000000000000e+02 5.666119941601288623e-02
-4.934000000000000341e+02 5.522478518398116210e-02
-4.933000000000000114e+02 5.412867845601230382e-02
-4.932000000000000455e+02 5.504770656998123068e-02
-4.931000000000000227e+02 5.475191603601246154e-02
-4.930000000000000000e+02 5.590292702701270960e-02
-4.929000000000000341e+02 5.460599930098136712e-02
-4.928000000000000114e+02 5.586335638701268869e-02
-4.927000000000000455e+02 5.527128068598113897e-02
-4.926000000000000227e+02 5.655287478901285803e-02
-4.925000000000000000e+02 5.447937325301239336e-02
-4.924000000000000341e+02 5.612847967498085094e-02
-4.923000000000000114e+02 5.525396853101256084e-02
-4.922000000000000455e+02 5.514168683998119103e-02
-4.921000000000000227e+02 5.586681881801269789e-02
-4.920000000000000000e+02 5.434582234301236353e-02
-4.919000000000000341e+02 5.514267610598119068e-02
-4.918000000000000114e+02 5.651231488301285133e-02
-4.917000000000000455e+02 5.568034217698100696e-02
-4.916000000000000227e+02 5.497598478501249802e-02
-4.915000000000000000e+02 5.668790959801288387e-02
-4.914000000000000341e+02 5.576146198898097178e-02
-4.913000000000000114e+02 5.710043352001297617e-02
-4.912000000000000455e+02 5.750158088298039372e-02
-4.911000000000000227e+02 5.683778339701293231e-02
-4.910000000000000000e+02 5.764354055401311322e-02
-4.909000000000000341e+02 5.664388726098068538e-02
-4.908000000000000114e+02 5.721815617401300458e-02
-4.907000000000000455e+02 5.803528988998020444e-02
-4.906000000000000227e+02 5.765194931501311376e-02
-4.905000000000000000e+02 5.730471694901302648e-02
-4.904000000000000341e+02 5.735319098298044538e-02
-4.903000000000000114e+02 5.822325043001323752e-02
-4.902000000000000455e+02 5.573178400898098905e-02
-4.901000000000000227e+02 5.752680716601307059e-02
-4.900000000000000000e+02 5.830486487501325421e-02
-4.899000000000000341e+02 5.738583676098041320e-02
-4.898000000000000114e+02 5.633672016801280491e-02
-4.897000000000000455e+02 5.562791107898101828e-02
-4.896000000000000227e+02 5.640151709101282052e-02
-4.895000000000000000e+02 5.555816782601263187e-02
-4.894000000000000341e+02 5.661717707898069468e-02
-4.893000000000000114e+02 5.733390029601304061e-02
-4.892000000000000455e+02 5.774444568598029875e-02
-4.891000000000000227e+02 5.867682889101334676e-02
-4.890000000000000000e+02 5.724437172301300586e-02
-4.889000000000000341e+02 5.662509120698068499e-02
-4.888000000000000114e+02 5.759655041901309835e-02
-4.887000000000000455e+02 5.742689129998040931e-02
-4.886000000000000227e+02 5.819505634901322999e-02
-4.885000000000000000e+02 5.785672737701315349e-02
-4.884000000000000341e+02 5.769844481698032518e-02
-4.883000000000000114e+02 5.528265724501256473e-02
-4.882000000000000455e+02 5.838647931998008911e-02
-4.881000000000000227e+02 5.704355072501297169e-02
-4.880000000000000000e+02 5.848787908501330152e-02
-4.879000000000000341e+02 5.559130823698103102e-02
-4.878000000000000114e+02 5.864814017701333593e-02
-4.877000000000000455e+02 6.089921495997922124e-02
-4.876000000000000227e+02 5.798038562701317983e-02
-4.875000000000000000e+02 5.758418459401308531e-02
-4.874000000000000341e+02 5.759951821698034574e-02
-4.873000000000000114e+02 5.949940357001352875e-02
-4.872000000000000455e+02 5.813866818698016498e-02
-4.871000000000000227e+02 5.687290234001293049e-02
-4.870000000000000000e+02 5.944548857301350936e-02
-4.869000000000000341e+02 5.829348831598011454e-02
-4.868000000000000114e+02 5.863330118701333415e-02
-4.867000000000000455e+02 5.980953846097959020e-02
-4.866000000000000227e+02 5.754263542201307202e-02
-4.865000000000000000e+02 5.922488225501346126e-02
-4.864000000000000341e+02 5.884995044097992428e-02
-4.863000000000000114e+02 6.117027384401391155e-02
-4.862000000000000455e+02 5.746893510498039814e-02
-4.861000000000000227e+02 5.693918316201293517e-02
-4.860000000000000000e+02 5.788541609101316432e-02
-4.859000000000000341e+02 5.792696526298023868e-02
-4.858000000000000114e+02 5.866693623101334326e-02
-4.857000000000000455e+02 5.961712622397965372e-02
-4.856000000000000227e+02 5.938910041101350124e-02
-4.855000000000000000e+02 6.010335046301365503e-02
-4.854000000000000341e+02 5.885934846797993142e-02
-4.853000000000000114e+02 6.053516507201375796e-02
-4.852000000000000455e+02 5.929610940697977589e-02
-4.851000000000000227e+02 5.978332291201358950e-02
-4.850000000000000000e+02 5.976897855501359103e-02
-4.849000000000000341e+02 5.957013608897968049e-02
-4.848000000000000114e+02 5.957063072201355253e-02
-4.847000000000000455e+02 5.985504469697958130e-02
-4.846000000000000227e+02 6.064744676301378479e-02
-4.845000000000000000e+02 6.000046679901364227e-02
-4.844000000000000341e+02 5.703167953298055731e-02
-4.843000000000000114e+02 6.062123121401378351e-02
-4.842000000000000455e+02 5.973880594197962524e-02
-4.841000000000000227e+02 5.979865653501359457e-02
-4.840000000000000000e+02 5.931886252501349099e-02
-4.839000000000000341e+02 5.905027680597986495e-02
-4.838000000000000114e+02 6.037045228301372163e-02
-4.837000000000000455e+02 6.079187959897926902e-02
-4.836000000000000227e+02 6.023789063901369839e-02
-4.835000000000000000e+02 6.162187377301400759e-02
-4.834000000000000341e+02 6.090613982197922577e-02
-4.833000000000000114e+02 6.041002292301373561e-02
-4.832000000000000455e+02 6.111734811297914877e-02
-4.831000000000000227e+02 5.992676648201361589e-02
-4.830000000000000000e+02 6.178658656201404392e-02
-4.829000000000000341e+02 5.904186804497986440e-02
-4.828000000000000114e+02 5.844385674801327868e-02
-4.827000000000000455e+02 6.110250912297916087e-02
-4.826000000000000227e+02 6.106343311601387935e-02
-4.825000000000000000e+02 6.083689120201383332e-02
-4.824000000000000341e+02 6.082996633997925229e-02
-4.823000000000000114e+02 6.085024629301383908e-02
-4.822000000000000455e+02 6.088091353897923108e-02
-4.821000000000000227e+02 6.178213486501404894e-02
-4.820000000000000000e+02 6.141808497701396752e-02
-4.819000000000000341e+02 6.072263097897928619e-02
-4.818000000000000114e+02 5.949693040501351921e-02
-4.817000000000000455e+02 6.069839396197929809e-02
-4.816000000000000227e+02 6.133993296301395309e-02
-4.815000000000000000e+02 6.134982562301394271e-02
-4.814000000000000341e+02 5.930699133297976516e-02
-4.813000000000000114e+02 6.044217406801374176e-02
-4.812000000000000455e+02 6.097786160697919039e-02
-4.811000000000000227e+02 6.165897124801401896e-02
-4.810000000000000000e+02 6.178262949801403836e-02
-4.809000000000000341e+02 6.188205073097888947e-02
-4.808000000000000114e+02 6.068404960501379286e-02
-4.807000000000000455e+02 6.179103825897892116e-02
-4.806000000000000227e+02 6.111289641601389683e-02
-4.805000000000000000e+02 6.236481253901417221e-02
-4.804000000000000341e+02 6.276546526897858191e-02
-4.803000000000000114e+02 6.188007219901406342e-02
-4.802000000000000455e+02 6.046690571797937175e-02
-4.801000000000000227e+02 6.063804873601379153e-02
-4.800000000000000000e+02 6.212986186401412564e-02
-4.799000000000000341e+02 6.305680410597848395e-02
-4.798000000000000114e+02 6.234552185201417546e-02
-4.797000000000000455e+02 6.209820535197881769e-02
-4.796000000000000227e+02 6.200570898101408907e-02
-4.795000000000000000e+02 6.068108180701379389e-02
-4.794000000000000341e+02 6.189441655597888170e-02
-4.793000000000000114e+02 6.345448903801441387e-02
-4.792000000000000455e+02 6.265961380697861183e-02
-4.791000000000000227e+02 6.273826045401426077e-02
-4.790000000000000000e+02 6.218476612701413081e-02
-4.789000000000000341e+02 6.182170550497891742e-02
-4.788000000000000114e+02 6.214371158801412776e-02
-4.787000000000000455e+02 6.129591062597909701e-02
-4.786000000000000227e+02 6.203983865801410147e-02
-4.785000000000000000e+02 6.133597589901394753e-02
-4.784000000000000341e+02 6.422710578397808345e-02
-4.783000000000000114e+02 6.327098019501438408e-02
-4.782000000000000455e+02 6.177619926897891939e-02
-4.781000000000000227e+02 6.371367673001447629e-02
-4.780000000000000000e+02 6.187710440101406445e-02
-4.779000000000000341e+02 6.425134280097809236e-02
-4.778000000000000114e+02 6.365184760501446659e-02
-4.777000000000000455e+02 6.281888563297857719e-02
-4.776000000000000227e+02 6.337881018901440899e-02
-4.775000000000000000e+02 6.242763093001418850e-02
-4.774000000000000341e+02 6.508430477297780237e-02
-4.773000000000000114e+02 6.327592652501437542e-02
-4.772000000000000455e+02 6.210117314997881666e-02
-4.771000000000000227e+02 6.224807915101415040e-02
-4.770000000000000000e+02 6.280454127601427239e-02
-4.769000000000000341e+02 6.238855492297872007e-02
-4.768000000000000114e+02 6.265565674301423749e-02
-4.767000000000000455e+02 6.256414963797865547e-02
-4.766000000000000227e+02 6.379430190901450026e-02
-4.765000000000000000e+02 6.216250764201412815e-02
-4.764000000000000341e+02 6.441704485597801733e-02
-4.763000000000000114e+02 6.300783543901432304e-02
-4.762000000000000455e+02 6.396148786297820021e-02
-4.761000000000000227e+02 6.528957746801483664e-02
-4.760000000000000000e+02 6.152739887001399538e-02
-4.759000000000000341e+02 6.286785429997855668e-02
-4.758000000000000114e+02 6.450657342901466862e-02
-4.757000000000000455e+02 6.206803273897883166e-02
-4.756000000000000227e+02 6.273133559201427012e-02
-4.755000000000000000e+02 6.425975156201461924e-02
-4.754000000000000341e+02 6.514959632897777964e-02
-4.753000000000000114e+02 6.319134428201436671e-02
-4.752000000000000455e+02 6.245533037797870723e-02
-4.751000000000000227e+02 6.289753228001429552e-02
-4.750000000000000000e+02 6.439181857301463918e-02
-4.749000000000000341e+02 6.497845331097783228e-02
-4.748000000000000114e+02 6.401985455701454664e-02
-4.747000000000000455e+02 6.434235527297804680e-02
-4.746000000000000227e+02 6.570111212401492928e-02
-4.745000000000000000e+02 6.530639499001483772e-02
-4.744000000000000341e+02 6.435472109797804596e-02
-4.743000000000000114e+02 6.579855482501496822e-02
-4.742000000000000455e+02 6.556310951697763567e-02
-4.741000000000000227e+02 6.387393782201451764e-02
-4.740000000000000000e+02 6.688823132401520988e-02
-4.739000000000000341e+02 6.584554495997754775e-02
-4.738000000000000114e+02 6.504522876601478987e-02
-4.737000000000000455e+02 6.249193321997868061e-02
-4.736000000000000227e+02 6.355341563801444882e-02
-4.735000000000000000e+02 6.551018378601487779e-02
-4.734000000000000341e+02 6.464210287097794938e-02
-4.733000000000000114e+02 6.423155748101461171e-02
-4.732000000000000455e+02 6.402826331797815962e-02
-4.731000000000000227e+02 6.314138634901435287e-02
-4.730000000000000000e+02 6.443732480901465109e-02
-4.729000000000000341e+02 6.580597431997754765e-02
-4.728000000000000114e+02 6.412718991801456825e-02
-4.727000000000000455e+02 6.459165030497796001e-02
-4.726000000000000227e+02 6.583763083201496502e-02
-4.725000000000000000e+02 6.555272222401489768e-02
-4.724000000000000341e+02 6.526583508397773570e-02
-4.723000000000000114e+02 6.513821977001481300e-02
-4.722000000000000455e+02 6.624125135997740998e-02
-4.721000000000000227e+02 6.471926561901471253e-02
-4.720000000000000000e+02 6.659145152401513279e-02
-4.719000000000000341e+02 6.525198535997774052e-02
-4.718000000000000114e+02 6.727651822901530021e-02
-4.717000000000000455e+02 6.498982986997783873e-02
-4.716000000000000227e+02 6.638914662701508873e-02
-4.715000000000000000e+02 6.590885798401499573e-02
-4.714000000000000341e+02 6.633325309797737102e-02
-4.713000000000000114e+02 6.857295132201560173e-02
-4.712000000000000455e+02 6.597662270497749171e-02
-4.711000000000000227e+02 6.683926265701520264e-02
-4.710000000000000000e+02 6.709647181701525187e-02
-4.709000000000000341e+02 6.538553626997770096e-02
-4.708000000000000114e+02 6.668147473001516390e-02
-4.707000000000000455e+02 6.643366359697734647e-02
-4.706000000000000227e+02 6.526088875401482581e-02
-4.705000000000000000e+02 6.532667494301484801e-02
-4.704000000000000341e+02 6.801451066497679609e-02
-4.703000000000000114e+02 6.573623106701494134e-02
-4.702000000000000455e+02 6.462182291797795297e-02
-4.701000000000000227e+02 6.695500677901521092e-02
-4.700000000000000000e+02 6.972791937701584841e-02
-4.699000000000000341e+02 6.702969636197714243e-02
-4.698000000000000114e+02 6.809958754101548550e-02
-4.697000000000000455e+02 6.743776858697700383e-02
-4.696000000000000227e+02 6.693373756001522179e-02
-4.695000000000000000e+02 6.607901173601501976e-02
-4.694000000000000341e+02 6.646185767797732624e-02
-4.693000000000000114e+02 6.427557981801459985e-02
-4.692000000000000455e+02 6.795960640197681868e-02
-4.691000000000000227e+02 6.639458759001508337e-02
-4.690000000000000000e+02 6.853189678301557786e-02
-4.689000000000000341e+02 6.975710272397621370e-02
-4.688000000000000114e+02 6.462429608301469008e-02
-4.687000000000000455e+02 6.747634996097698346e-02
-4.686000000000000227e+02 6.618090613401504674e-02
-4.685000000000000000e+02 6.870303980101562236e-02
-4.684000000000000341e+02 6.825242913797671673e-02
-4.683000000000000114e+02 6.586384638101497324e-02
-4.682000000000000455e+02 6.813124405297675545e-02
-4.681000000000000227e+02 6.775730150501541038e-02
-4.680000000000000000e+02 6.916997335301572347e-02
-4.679000000000000341e+02 6.745656464097697647e-02
-4.678000000000000114e+02 6.658205349701512565e-02
-4.677000000000000455e+02 6.724337781797705416e-02
-4.676000000000000227e+02 6.947763507901578983e-02
-4.675000000000000000e+02 6.656523597501512457e-02
-4.674000000000000341e+02 6.861994145697659919e-02
-4.673000000000000114e+02 6.703019099501524025e-02
-4.672000000000000455e+02 6.876932062297655412e-02
-4.671000000000000227e+02 6.633374773101508026e-02
-4.670000000000000000e+02 6.751938303201536484e-02
-4.669000000000000341e+02 6.664487188797726946e-02
-4.668000000000000114e+02 6.726415240401528717e-02
-4.667000000000000455e+02 6.948505457397630147e-02
-4.666000000000000227e+02 6.856355329501559459e-02
-4.665000000000000000e+02 6.766529976701537996e-02
-4.664000000000000341e+02 6.776768879797688550e-02
-4.663000000000000114e+02 6.981794258301586564e-02
-4.662000000000000455e+02 6.872233048797657395e-02
-4.661000000000000227e+02 7.102385783701614663e-02
-4.660000000000000000e+02 6.885489213201564929e-02
-4.659000000000000341e+02 7.027597274097602265e-02
-4.658000000000000114e+02 6.942174155001577807e-02
-4.657000000000000455e+02 6.706827773597713593e-02
-4.656000000000000227e+02 7.072905656901608273e-02
-4.655000000000000000e+02 6.875646016501563151e-02
-4.654000000000000341e+02 6.896766845597647466e-02
-4.653000000000000114e+02 6.783050718901542653e-02
-4.652000000000000455e+02 6.827617152197670847e-02
-4.651000000000000227e+02 6.954985149701581326e-02
-4.650000000000000000e+02 6.901762638901569324e-02
-4.649000000000000341e+02 6.975166176097620518e-02
-4.648000000000000114e+02 6.967895071001584117e-02
-4.647000000000000455e+02 6.682145586897721146e-02
-4.646000000000000227e+02 6.941432205501578412e-02
-4.645000000000000000e+02 6.910319789801570856e-02
-4.644000000000000341e+02 6.909528376997642329e-02
-4.643000000000000114e+02 6.816735226201549314e-02
-4.642000000000000455e+02 6.877871864997654738e-02
-4.641000000000000227e+02 7.109013865901615825e-02
-4.640000000000000000e+02 7.017209981101595051e-02
-4.639000000000000341e+02 6.913188661197641749e-02
-4.638000000000000114e+02 6.981497478501585974e-02
-4.637000000000000455e+02 6.912644564897642285e-02
-4.636000000000000227e+02 7.007663564201592477e-02
-4.635000000000000000e+02 7.000194605901591260e-02
-4.634000000000000341e+02 7.020375632297605473e-02
-4.633000000000000114e+02 7.009790486101594165e-02
-4.632000000000000455e+02 7.084232752597582894e-02
-4.631000000000000227e+02 6.865407113401561512e-02
-4.630000000000000000e+02 6.830535486901552489e-02
-4.629000000000000341e+02 6.949544186697628745e-02
-4.628000000000000114e+02 7.197454246301636382e-02
-4.627000000000000455e+02 7.124990511797570092e-02
-4.626000000000000227e+02 7.130579864701620807e-02
-4.625000000000000000e+02 7.058264520101605044e-02
-4.624000000000000341e+02 7.024530549497604026e-02
-4.623000000000000114e+02 7.036154425001599211e-02
-4.622000000000000455e+02 7.185088421297548822e-02
-4.621000000000000227e+02 7.169260165301630239e-02
-4.620000000000000000e+02 7.009444243001593244e-02
-4.619000000000000341e+02 7.012956137297607362e-02
-4.618000000000000114e+02 6.939700990001576586e-02
-4.617000000000000455e+02 7.011175458497607982e-02
-4.616000000000000227e+02 7.109112792501616485e-02
-4.615000000000000000e+02 7.091751174201611774e-02
-4.614000000000000341e+02 7.103721292797576803e-02
-4.613000000000000114e+02 7.359644407001672550e-02
-4.612000000000000455e+02 7.086854307497582328e-02
-4.611000000000000227e+02 7.038627590001600431e-02
-4.610000000000000000e+02 7.048866493101602071e-02
-4.609000000000000341e+02 6.965322979397624292e-02
-4.608000000000000114e+02 7.158328776001626759e-02
-4.607000000000000455e+02 7.338127871497497623e-02
-4.606000000000000227e+02 7.153629762501625966e-02
-4.605000000000000000e+02 7.199729558101636284e-02
-4.604000000000000341e+02 6.980557675797618988e-02
-4.603000000000000114e+02 7.009543169601593904e-02
-4.602000000000000455e+02 7.070877661597588237e-02
-4.601000000000000227e+02 7.012906674001594121e-02
-4.600000000000000000e+02 7.207346906301638489e-02
-4.599000000000000341e+02 7.116779603997572257e-02
-4.598000000000000114e+02 7.130480938101621535e-02
-4.597000000000000455e+02 7.109459035597574805e-02
-4.596000000000000227e+02 7.333626711201665649e-02
-4.595000000000000000e+02 7.136812240501622107e-02
-4.594000000000000341e+02 7.095213605197578377e-02
-4.593000000000000114e+02 7.225846180501642457e-02
-4.592000000000000455e+02 7.268928714797520674e-02
-4.591000000000000227e+02 7.337336458701668174e-02
-4.590000000000000000e+02 7.296430309601657782e-02
-4.589000000000000341e+02 7.007811954097609153e-02
-4.588000000000000114e+02 7.050597708601602509e-02
-4.587000000000000455e+02 7.122962516497570451e-02
-4.586000000000000227e+02 7.134487465401621875e-02
-4.585000000000000000e+02 7.132805713201621767e-02
-4.584000000000000341e+02 7.278029961997517505e-02
-4.583000000000000114e+02 7.246719693101646986e-02
-4.582000000000000455e+02 7.194041278597546052e-02
-4.581000000000000227e+02 7.288021548601657240e-02
-4.580000000000000000e+02 7.167974119501628605e-02
-4.579000000000000341e+02 7.225994570397534233e-02
-4.578000000000000114e+02 7.373988764001676577e-02
-4.577000000000000455e+02 7.196366053697544896e-02
-4.576000000000000227e+02 7.176333417201631593e-02
-4.575000000000000000e+02 7.137306873501622628e-02
-4.574000000000000341e+02 7.213233038997539370e-02
-4.573000000000000114e+02 7.279959030701656231e-02
-4.572000000000000455e+02 7.312654271997505451e-02
-4.571000000000000227e+02 7.358704604301671837e-02
-4.570000000000000000e+02 7.197553172901637042e-02
-4.569000000000000341e+02 7.175591467697552128e-02
-4.568000000000000114e+02 7.247956275601648291e-02
-4.567000000000000455e+02 7.261311366597522632e-02
-4.566000000000000227e+02 7.406387225501684379e-02
-4.565000000000000000e+02 7.392488038201680545e-02
-4.564000000000000341e+02 7.236579716597531242e-02
-4.563000000000000114e+02 7.342381715301669887e-02
-4.562000000000000455e+02 7.453723603597457725e-02
-4.561000000000000227e+02 7.327938431701665201e-02
-4.560000000000000000e+02 7.446897668201693521e-02
-4.559000000000000341e+02 7.397137588397477426e-02
-4.558000000000000114e+02 7.263190972001651313e-02
-4.557000000000000455e+02 7.447788007597459792e-02
-4.556000000000000227e+02 7.341689229101669434e-02
-4.555000000000000000e+02 7.343766687701669404e-02
-4.554000000000000341e+02 7.282728975497515522e-02
-4.553000000000000114e+02 7.467622790901698449e-02
-4.552000000000000455e+02 7.260866196897523828e-02
-4.551000000000000227e+02 7.464506603001697105e-02
-4.550000000000000000e+02 7.442099728101692069e-02
-4.549000000000000341e+02 7.431019948897465977e-02
-4.548000000000000114e+02 7.350543159801670168e-02
-4.547000000000000455e+02 7.690059250997376139e-02
-4.546000000000000227e+02 7.546862997501714576e-02
-4.545000000000000000e+02 7.322794248501665604e-02
-4.544000000000000341e+02 7.629021538797396695e-02
-4.543000000000000114e+02 7.531034741501711760e-02
-4.542000000000000455e+02 7.251863876297526268e-02
-4.541000000000000227e+02 7.498141647001704824e-02
-4.540000000000000000e+02 7.185137884601634772e-02
-4.539000000000000341e+02 7.298903474597510932e-02
-4.538000000000000114e+02 7.456592475001695697e-02
-4.537000000000000455e+02 7.655385477697389252e-02
-4.536000000000000227e+02 7.550473818401716442e-02
-4.535000000000000000e+02 7.424540256601687427e-02
-4.534000000000000341e+02 7.532963810197430832e-02
-4.533000000000000114e+02 7.538553163101713306e-02
-4.532000000000000455e+02 7.465298015797454390e-02
-4.531000000000000227e+02 7.519064622901709682e-02
-4.530000000000000000e+02 7.578519509501722984e-02
-4.529000000000000341e+02 7.526484117897433435e-02
-4.528000000000000114e+02 7.533705759701712912e-02
-4.527000000000000455e+02 7.565016028597418285e-02
-4.526000000000000227e+02 7.462082901301696214e-02
-4.525000000000000000e+02 7.567934363301719036e-02
-4.524000000000000341e+02 7.460203295897456510e-02
-4.523000000000000114e+02 7.565560124901718475e-02
-4.522000000000000455e+02 7.306867065897507119e-02
-4.521000000000000227e+02 7.474250873101698223e-02
-4.520000000000000000e+02 7.546665144301716033e-02
-4.519000000000000341e+02 7.583169059697414394e-02
-4.518000000000000114e+02 7.540877938201714925e-02
-4.517000000000000455e+02 7.537118727397429385e-02
-4.516000000000000227e+02 7.447738544301693575e-02
-4.515000000000000000e+02 7.544389832501714743e-02
-4.514000000000000341e+02 7.541323107897428268e-02
-4.513000000000000114e+02 7.563878372701718367e-02
-4.512000000000000455e+02 7.522972223597433616e-02
-4.511000000000000227e+02 7.576639904101722944e-02
-4.510000000000000000e+02 7.670175004401744157e-02
-4.509000000000000341e+02 7.507292357497438728e-02
-4.508000000000000114e+02 7.695747530501749478e-02
-4.507000000000000455e+02 7.375621052897485264e-02
-4.506000000000000227e+02 7.639112052001736930e-02
-4.505000000000000000e+02 7.701683126501750187e-02
-4.504000000000000341e+02 7.520845301697434704e-02
-4.503000000000000114e+02 7.671312660301744801e-02
-4.502000000000000455e+02 7.739077381297358726e-02
-4.501000000000000227e+02 7.684865604501746328e-02
-4.500000000000000000e+02 7.478554180201699153e-02
-4.499000000000000341e+02 7.680958003797379308e-02
-4.498000000000000114e+02 7.527671237101711543e-02
-4.497000000000000455e+02 7.772118865697348611e-02
-4.496000000000000227e+02 7.659194151801741735e-02
-4.495000000000000000e+02 7.776817879201768091e-02
-4.494000000000000341e+02 7.912891417497301683e-02
-4.493000000000000114e+02 7.325119023601665835e-02
-4.492000000000000455e+02 7.711130616797370885e-02
-4.491000000000000227e+02 7.637578689701736423e-02
-4.490000000000000000e+02 7.748821651401760491e-02
-4.489000000000000341e+02 7.384474983597480446e-02
-4.488000000000000114e+02 7.541075791401714856e-02
-4.487000000000000455e+02 7.564224615797421336e-02
-4.486000000000000227e+02 7.662013559901742488e-02
-4.485000000000000000e+02 7.718203868701754844e-02
-4.484000000000000341e+02 7.788936387697342756e-02
-4.483000000000000114e+02 7.788342828101769977e-02
-4.482000000000000455e+02 7.733784808197362304e-02
-4.481000000000000227e+02 7.515701118501708078e-02
-4.480000000000000000e+02 7.922586224301801650e-02
-4.479000000000000341e+02 7.602261893497405665e-02
-4.478000000000000114e+02 7.546071584701716239e-02
-4.477000000000000455e+02 7.778648021297344950e-02
-4.476000000000000227e+02 7.631840946901735645e-02
-4.475000000000000000e+02 7.804814107001774304e-02
-4.474000000000000341e+02 7.814212133997334997e-02
-4.473000000000000114e+02 7.631395777201735453e-02
-4.472000000000000455e+02 7.799323680697339833e-02
-4.471000000000000227e+02 7.670026614501744555e-02
-4.470000000000000000e+02 7.881383295401792055e-02
-4.469000000000000341e+02 7.724287854597365610e-02
-4.468000000000000114e+02 7.662508192901741622e-02
-4.467000000000000455e+02 7.720528643797366919e-02
-4.466000000000000227e+02 7.760544453501763695e-02
-4.465000000000000000e+02 7.795020373601771468e-02
-4.464000000000000341e+02 7.953204006997287301e-02
-4.463000000000000114e+02 7.588708949301725681e-02
-4.462000000000000455e+02 8.057670496597250931e-02
-4.461000000000000227e+02 7.928620746901801630e-02
-4.460000000000000000e+02 7.831079119301781466e-02
-4.459000000000000341e+02 7.849331076997323464e-02
-4.458000000000000114e+02 7.851457998901784086e-02
-4.457000000000000455e+02 7.699951910997372695e-02
-4.456000000000000227e+02 7.655682257501739141e-02
-4.455000000000000000e+02 7.995297275301818662e-02
-4.454000000000000341e+02 7.858185007697318647e-02
-4.453000000000000114e+02 7.771970475801766309e-02
-4.452000000000000455e+02 7.960672965297284354e-02
-4.451000000000000227e+02 7.773949007801768396e-02
-4.450000000000000000e+02 7.919717352901800567e-02
-4.449000000000000341e+02 7.891127565497309260e-02
-4.448000000000000114e+02 7.848490200901783731e-02
-4.447000000000000455e+02 7.962503107397284063e-02
-4.446000000000000227e+02 7.834937256701782204e-02
-4.445000000000000000e+02 7.937524140901804082e-02
-4.444000000000000341e+02 8.024975255297263355e-02
-4.443000000000000114e+02 7.839141637201782475e-02
-4.442000000000000455e+02 7.836965251997327075e-02
-4.441000000000000227e+02 8.048420859501830005e-02
-4.440000000000000000e+02 7.909231133301798666e-02
-4.439000000000000341e+02 7.926592751597297259e-02
-4.438000000000000114e+02 7.922536761001799932e-02
-4.437000000000000455e+02 8.106193993897234384e-02
-4.436000000000000227e+02 7.781764209201769145e-02
-4.435000000000000000e+02 7.800016166901774239e-02
-4.434000000000000341e+02 7.895579262497305628e-02
-4.433000000000000114e+02 8.056433914101830684e-02
-4.432000000000000455e+02 7.872529364697315735e-02
-4.431000000000000227e+02 7.844879380001784641e-02
-4.430000000000000000e+02 7.802390405301772025e-02
-4.429000000000000341e+02 7.969526895997282312e-02
-4.428000000000000114e+02 7.930846595401802590e-02
-4.427000000000000455e+02 7.952115814397289761e-02
-4.426000000000000227e+02 7.999501655801818933e-02
-4.425000000000000000e+02 8.036549667501827199e-02
-4.424000000000000341e+02 8.080819320997242872e-02
-4.423000000000000114e+02 8.212490625601866212e-02
-4.422000000000000455e+02 7.955133075697287670e-02
-4.421000000000000227e+02 8.298952474001887458e-02
-4.420000000000000000e+02 7.919420573101799976e-02
-4.419000000000000341e+02 8.012015870697267172e-02
-4.418000000000000114e+02 7.973533423301812362e-02
-4.417000000000000455e+02 8.013697622897267281e-02
-4.416000000000000227e+02 8.306866602001887478e-02
-4.415000000000000000e+02 8.109606961601842356e-02
-4.414000000000000341e+02 7.776817879197348016e-02
-4.413000000000000114e+02 7.901020225501795280e-02
-4.412000000000000455e+02 8.014736352197267266e-02
-4.411000000000000227e+02 8.081808587001837463e-02
-4.410000000000000000e+02 7.983376620001815527e-02
-4.409000000000000341e+02 7.970120455597282105e-02
-4.408000000000000114e+02 7.882273634801792439e-02
-4.407000000000000455e+02 7.968686019897282258e-02
-4.406000000000000227e+02 8.325316412901892504e-02
-4.405000000000000000e+02 8.019831072101823999e-02
-4.404000000000000341e+02 8.171831792997212573e-02
-4.403000000000000114e+02 8.182565329101859630e-02
-4.402000000000000455e+02 7.910220399297301919e-02
-4.401000000000000227e+02 8.321903445201893346e-02
-4.400000000000000000e+02 8.081858050301837793e-02
-4.399000000000000341e+02 8.042880969897257815e-02
-4.398000000000000114e+02 8.194980617401863288e-02
-4.397000000000000455e+02 8.107578966297233902e-02
-4.396000000000000227e+02 8.270115370101879804e-02
-4.395000000000000000e+02 8.184543861101858941e-02
-4.394000000000000341e+02 8.141065620397222591e-02
-4.393000000000000114e+02 8.353114787501898786e-02
-4.392000000000000455e+02 8.115443630997232205e-02
-4.391000000000000227e+02 7.823066064701778011e-02
-4.390000000000000000e+02 8.342331788101897683e-02
-4.389000000000000341e+02 8.164412297997215850e-02
-4.388000000000000114e+02 8.135921437201848461e-02
-4.387000000000000455e+02 8.296578235597169837e-02
-4.386000000000000227e+02 8.079533275201836173e-02
-4.385000000000000000e+02 8.235985693101872951e-02
-4.384000000000000341e+02 8.151255060197219737e-02
-4.383000000000000114e+02 8.292769561501885101e-02
-4.382000000000000455e+02 8.106342383797235374e-02
-4.381000000000000227e+02 8.551611010401943824e-02
-4.380000000000000000e+02 8.140472060801851040e-02
-4.379000000000000341e+02 8.382298134497140341e-02
-4.378000000000000114e+02 8.017704150201823698e-02
-4.377000000000000455e+02 8.274517603797178211e-02
-4.376000000000000227e+02 8.176926512901858124e-02
-4.375000000000000000e+02 8.240783633201874403e-02
-4.374000000000000341e+02 7.944993099197290853e-02
-4.373000000000000114e+02 8.069739541801834726e-02
-4.372000000000000455e+02 8.147792629197220249e-02
-4.371000000000000227e+02 8.501949857201931970e-02
-4.370000000000000000e+02 8.231237216301870441e-02
-4.369000000000000341e+02 8.269769126997178477e-02
-4.368000000000000114e+02 8.271994975501879843e-02
-4.367000000000000455e+02 8.223471478197193207e-02
-4.366000000000000227e+02 8.343172664201897737e-02
-4.365000000000000000e+02 8.219168171101867704e-02
-4.364000000000000341e+02 8.115789874097231738e-02
-4.363000000000000114e+02 8.244938550401872956e-02
-4.362000000000000455e+02 8.250033270297187082e-02
-4.361000000000000227e+02 8.393180060501907735e-02
-4.360000000000000000e+02 8.166934926301856745e-02
-4.359000000000000341e+02 8.421473068097126702e-02
-4.358000000000000114e+02 8.304146120501888773e-02
-4.357000000000000455e+02 8.111684420197233514e-02
-4.356000000000000227e+02 8.354846003001900612e-02
-4.355000000000000000e+02 8.404952325901909882e-02
-4.354000000000000341e+02 8.100505714397236712e-02
-4.353000000000000114e+02 8.350097526201898102e-02
-4.352000000000000455e+02 8.127710529397226547e-02
-4.351000000000000227e+02 8.287328598501884913e-02
-4.350000000000000000e+02 8.440368048701919756e-02
-4.349000000000000341e+02 8.129787987997227905e-02
-4.348000000000000114e+02 8.266504549201877938e-02
-4.347000000000000455e+02 8.317154968397162673e-02
-4.346000000000000227e+02 8.241723435901873729e-02
-4.345000000000000000e+02 8.255424770001876245e-02
-4.344000000000000341e+02 8.283322071197174452e-02
-4.343000000000000114e+02 8.451991924201920914e-02
-4.342000000000000455e+02 8.352867470997150934e-02
-4.341000000000000227e+02 8.365183832701901523e-02
-4.340000000000000000e+02 8.454465089201920747e-02
-4.339000000000000341e+02 8.255474233297184494e-02
-4.338000000000000114e+02 8.438389516701917670e-02
-4.337000000000000455e+02 8.543103322797085397e-02
-4.336000000000000227e+02 8.279859640201882309e-02
-4.335000000000000000e+02 8.179300751301858685e-02
-4.334000000000000341e+02 8.565856440797077476e-02
-4.333000000000000114e+02 8.380616382301905865e-02
-4.332000000000000455e+02 8.463319019897114215e-02
-4.331000000000000227e+02 8.579458848301950435e-02
-4.330000000000000000e+02 8.692977121801975793e-02
-4.329000000000000341e+02 8.319331353597161915e-02
-4.328000000000000114e+02 8.413905183201911275e-02
-4.327000000000000455e+02 8.258244178097183530e-02
-4.326000000000000227e+02 8.559722991601946551e-02
-4.325000000000000000e+02 8.655385013801966676e-02
-4.324000000000000341e+02 8.465050235397111877e-02
-4.323000000000000114e+02 8.455454355201921790e-02
-4.322000000000000455e+02 8.593654815397068492e-02
-4.321000000000000227e+02 8.515601728001935544e-02
-4.320000000000000000e+02 8.179498604501858616e-02
-4.319000000000000341e+02 8.601816259897064609e-02
-4.318000000000000114e+02 8.569566188301948328e-02
-4.317000000000000455e+02 8.500911127897101127e-02
-4.316000000000000227e+02 8.603893718501957888e-02
-4.315000000000000000e+02 8.480977418001928170e-02
-4.314000000000000341e+02 8.630010340897056875e-02
-4.313000000000000114e+02 8.602360356201955993e-02
-4.312000000000000455e+02 8.628773758397056959e-02
-4.311000000000000227e+02 8.558387482501944588e-02
-4.310000000000000000e+02 8.537068800201941254e-02
-4.309000000000000341e+02 8.585938540597069790e-02
-4.308000000000000114e+02 8.637429835901963560e-02
-4.307000000000000455e+02 8.407029784497131730e-02
-4.306000000000000227e+02 8.599590411401954182e-02
-4.305000000000000000e+02 8.563333812501947029e-02
-4.304000000000000341e+02 8.658303348497047025e-02
-4.303000000000000114e+02 8.592467696201953886e-02
-4.302000000000000455e+02 8.348663090497152051e-02
-4.301000000000000227e+02 8.544735611701942402e-02
-4.300000000000000000e+02 8.523268539501936691e-02
-4.299000000000000341e+02 8.703265488197031718e-02
-4.298000000000000114e+02 8.588955801901951292e-02
-4.297000000000000455e+02 8.665722843497043748e-02
-4.296000000000000227e+02 8.368992506801901932e-02
-4.295000000000000000e+02 8.501900393901933028e-02
-4.294000000000000341e+02 8.705689189897031222e-02
-4.293000000000000114e+02 8.669729370801970703e-02
-4.292000000000000455e+02 8.412223430997131657e-02
-4.291000000000000227e+02 8.645442890501965627e-02
-4.290000000000000000e+02 8.704007437701978545e-02
-4.289000000000000341e+02 8.694114777697034557e-02
-4.288000000000000114e+02 8.520053425001936076e-02
-4.287000000000000455e+02 8.769991479897008835e-02
-4.286000000000000227e+02 8.685755480001974838e-02
-4.285000000000000000e+02 8.378192680601903586e-02
-4.284000000000000341e+02 8.636885739597054135e-02
-4.283000000000000114e+02 8.627883419001960985e-02
-4.282000000000000455e+02 8.775877612597007826e-02
-4.281000000000000227e+02 8.713999024301981311e-02
-4.280000000000000000e+02 8.759307407101990517e-02
-4.279000000000000341e+02 8.611609993297063281e-02
-4.278000000000000114e+02 8.566697316901947246e-02
-4.277000000000000455e+02 8.734278977297020574e-02
-4.276000000000000227e+02 8.890978711702021697e-02
-4.275000000000000000e+02 8.831227045302007805e-02
-4.274000000000000341e+02 8.681204856397040093e-02
-4.273000000000000114e+02 8.835629279002009395e-02
-4.272000000000000455e+02 8.725474509897024333e-02
-4.271000000000000227e+02 8.610225020901957071e-02
-4.270000000000000000e+02 8.644849330901964446e-02
-4.269000000000000341e+02 8.664486260997043832e-02
-4.268000000000000114e+02 8.605575470701957996e-02
-4.267000000000000455e+02 8.571000623997077073e-02
-4.266000000000000227e+02 8.647718202301965529e-02
-4.265000000000000000e+02 8.618584318601960059e-02
-4.264000000000000341e+02 8.777757217997005090e-02
-4.263000000000000114e+02 8.908538183202024952e-02
-4.262000000000000455e+02 8.905768238396961911e-02
-4.261000000000000227e+02 8.767716168101992447e-02
-4.260000000000000000e+02 8.624767231101959641e-02
-4.259000000000000341e+02 8.672845558697042656e-02
-4.258000000000000114e+02 8.729431573901984265e-02
-4.257000000000000455e+02 8.787699341297003364e-02
-4.256000000000000227e+02 8.858530786902013565e-02
-4.255000000000000000e+02 8.784137983701996444e-02
-4.254000000000000341e+02 8.820790288996990802e-02
-4.253000000000000114e+02 8.874952602502016175e-02
-4.252000000000000455e+02 8.775185126397007374e-02
-4.251000000000000227e+02 8.765440856301991157e-02
-4.250000000000000000e+02 8.787204708301997458e-02
-4.249000000000000341e+02 8.818712830396992219e-02
-4.248000000000000114e+02 8.892066904302022012e-02
-4.247000000000000455e+02 8.888802326496968165e-02
-4.246000000000000227e+02 8.828061394102006132e-02
-4.245000000000000000e+02 8.710190350201979514e-02
-4.244000000000000341e+02 8.776669025397006163e-02
-4.243000000000000114e+02 8.756735315501991412e-02
-4.242000000000000455e+02 8.723743294397023895e-02
-4.241000000000000227e+02 8.964134932402037514e-02
-4.240000000000000000e+02 8.728491771201984939e-02
-4.239000000000000341e+02 8.567340339797079041e-02
-4.238000000000000114e+02 9.053218335702058195e-02
-4.237000000000000455e+02 9.024282305196922038e-02
-4.236000000000000227e+02 8.935594608302031838e-02
-4.235000000000000000e+02 8.665228210501968453e-02
-4.234000000000000341e+02 8.792299428197000721e-02
-4.233000000000000114e+02 8.859470589602014279e-02
-4.232000000000000455e+02 8.942816250096949360e-02
-4.231000000000000227e+02 9.066177720302061316e-02
-4.230000000000000000e+02 8.850666122202012487e-02
-4.229000000000000341e+02 9.005881957596927057e-02
-4.228000000000000114e+02 8.842554141002009760e-02
-4.227000000000000455e+02 8.908785499696962595e-02
-4.226000000000000227e+02 8.844087503302008879e-02
-4.225000000000000000e+02 8.685458700201974247e-02
-4.224000000000000341e+02 9.053416188896912242e-02
-4.223000000000000114e+02 8.883608680002019753e-02
-4.222000000000000455e+02 8.866890084596976140e-02
-4.221000000000000227e+02 9.087644792502067026e-02
-4.220000000000000000e+02 8.792200501601998841e-02
-4.219000000000000341e+02 8.923228783296956179e-02
-4.218000000000000114e+02 8.903789706402023829e-02
-4.217000000000000455e+02 8.916946944196957325e-02
-4.216000000000000227e+02 8.810155679502003345e-02
-4.215000000000000000e+02 8.826824811602006216e-02
-4.214000000000000341e+02 9.013499305796926486e-02
-4.213000000000000114e+02 8.957407923602035693e-02
-4.212000000000000455e+02 9.004101278796929064e-02
-4.211000000000000227e+02 9.043622455502055291e-02
-4.210000000000000000e+02 8.944992635302033424e-02
-4.209000000000000341e+02 9.285201212696832240e-02
-4.208000000000000114e+02 9.032048043302054463e-02
-4.207000000000000455e+02 8.916303921296958590e-02
-4.206000000000000227e+02 9.152936348502078989e-02
-4.205000000000000000e+02 8.970664088002039405e-02
-4.204000000000000341e+02 8.963195129696943653e-02
-4.203000000000000114e+02 8.883757069902020742e-02
-4.202000000000000455e+02 8.979567481996937606e-02
-4.201000000000000227e+02 8.864614772802015263e-02
-4.200000000000000000e+02 9.218030051302095185e-02
-4.199000000000000341e+02 9.210511629696857550e-02
-4.198000000000000114e+02 9.166588219302083951e-02
-4.197000000000000455e+02 8.943211956496949222e-02
-4.196000000000000227e+02 9.204872813502092133e-02
-4.195000000000000000e+02 8.825786082302004842e-02
-4.194000000000000341e+02 9.199431850496862795e-02
-4.193000000000000114e+02 9.098032085502068267e-02
-4.192000000000000455e+02 9.170001186996872000e-02
-4.191000000000000227e+02 9.175837856402084547e-02
-4.190000000000000000e+02 9.008552975802047724e-02
-4.189000000000000341e+02 9.234847573296850465e-02
-4.188000000000000114e+02 9.110694690302072185e-02
-4.187000000000000455e+02 9.040654657496915991e-02
-4.186000000000000227e+02 9.044265478402056802e-02
-4.185000000000000000e+02 9.273676263802108077e-02
-4.184000000000000341e+02 9.123950854696886992e-02
-4.183000000000000114e+02 9.248400517502101958e-02
-4.182000000000000455e+02 9.197304928596862494e-02
-4.181000000000000227e+02 9.081412416702064339e-02
-4.180000000000000000e+02 9.220552679602096735e-02
-4.179000000000000341e+02 9.236776641996849446e-02
-4.178000000000000114e+02 9.313246903802117893e-02
-4.177000000000000455e+02 9.139432867596881949e-02
-4.176000000000000227e+02 9.224658133502097734e-02
-4.175000000000000000e+02 9.379379335902131298e-02
-4.174000000000000341e+02 8.883114046996969104e-02
-4.173000000000000114e+02 9.273033240902107954e-02
-4.172000000000000455e+02 9.284953896196833367e-02
-4.171000000000000227e+02 9.295588505702113979e-02
-4.170000000000000000e+02 9.205664226302091857e-02
-4.169000000000000341e+02 9.295588505696829318e-02
-4.168000000000000114e+02 9.247114471702101712e-02
-4.167000000000000455e+02 9.306173651896826327e-02
-4.166000000000000227e+02 9.225696862802096332e-02
-4.165000000000000000e+02 9.237914297902100058e-02
-4.164000000000000341e+02 9.138196285096882032e-02
-4.163000000000000114e+02 9.334219343002120306e-02
-4.162000000000000455e+02 9.088732985096899253e-02
-4.161000000000000227e+02 9.456492620602149901e-02
-4.160000000000000000e+02 9.163224714902083734e-02
-4.159000000000000341e+02 9.370574868496804599e-02
-4.158000000000000114e+02 9.351135791602126213e-02
-4.157000000000000455e+02 9.424687718696785066e-02
-4.156000000000000227e+02 9.208780414202093201e-02
-4.155000000000000000e+02 9.119301304502072658e-02
-4.154000000000000341e+02 9.104660167696894402e-02
-4.153000000000000114e+02 9.242910091202101441e-02
-4.152000000000000455e+02 9.299001473396827089e-02
-4.151000000000000227e+02 9.195375859902089888e-02
-4.150000000000000000e+02 9.203834084202093535e-02
-4.149000000000000341e+02 9.189737043696864782e-02
-4.148000000000000114e+02 9.435371791502145111e-02
-4.147000000000000455e+02 9.294154069996830858e-02
-4.146000000000000227e+02 9.246817691902103897e-02
-4.145000000000000000e+02 9.305975798702115220e-02
-4.144000000000000341e+02 9.398571096296794158e-02
-4.143000000000000114e+02 9.375174955402131027e-02
-4.142000000000000455e+02 9.252209191596842686e-02
-4.141000000000000227e+02 9.362462887302128167e-02
-4.140000000000000000e+02 9.256067329002104493e-02
-4.139000000000000341e+02 9.206554565696858927e-02
-4.138000000000000114e+02 9.426270544302142729e-02
-4.137000000000000455e+02 9.425924301196783595e-02
-4.136000000000000227e+02 9.490473907702157152e-02
-4.135000000000000000e+02 9.657363081902195501e-02
-4.134000000000000341e+02 9.585938076696730314e-02
-4.133000000000000114e+02 9.467720789702153972e-02
-4.132000000000000455e+02 9.613340744896721468e-02
-4.131000000000000227e+02 9.029921121402052775e-02
-4.130000000000000000e+02 9.381011624802132465e-02
-4.129000000000000341e+02 9.322249224396821077e-02
-4.128000000000000114e+02 9.499129985202157955e-02
-4.127000000000000455e+02 9.427358736896784830e-02
-4.126000000000000227e+02 9.531330593502167214e-02
-4.125000000000000000e+02 9.513919511902162174e-02
-4.124000000000000341e+02 9.496508430296760062e-02
-4.123000000000000114e+02 9.554776197702172236e-02
-4.122000000000000455e+02 9.332438664196816835e-02
-4.121000000000000227e+02 9.593308108402180678e-02
-4.120000000000000000e+02 9.617396735502185823e-02
-4.119000000000000341e+02 9.626695835896717512e-02
-4.118000000000000114e+02 9.375224418702132745e-02
-4.117000000000000455e+02 9.666118085996702747e-02
-4.116000000000000227e+02 9.485181334602156566e-02
-4.115000000000000000e+02 9.575303467202175844e-02
-4.114000000000000341e+02 9.470490734496769814e-02
-4.113000000000000114e+02 9.315175972502116875e-02
-4.112000000000000455e+02 9.430474924796783398e-02
-4.111000000000000227e+02 9.265861062402107329e-02
-4.110000000000000000e+02 9.454860331702148735e-02
-4.109000000000000341e+02 9.543696418496744327e-02
-4.108000000000000114e+02 9.652565141802195436e-02
-4.107000000000000455e+02 9.751046572096674914e-02
-4.106000000000000227e+02 9.678929080702200483e-02
-4.105000000000000000e+02 9.453178579502151402e-02
-4.104000000000000341e+02 9.436361057496782390e-02
-4.103000000000000114e+02 9.390805358202135300e-02
-4.102000000000000455e+02 9.570901233496735550e-02
-4.101000000000000227e+02 9.461735730402150157e-02
-4.100000000000000000e+02 9.510110837802161765e-02
-4.099000000000000341e+02 9.529549914696751334e-02
-4.098000000000000114e+02 9.609927777202183219e-02
-4.097000000000000455e+02 9.285399065896833559e-02
-4.096000000000000227e+02 9.538008139002170094e-02
-4.095000000000000000e+02 9.396345247802136147e-02
-4.094000000000000341e+02 9.369387749296805012e-02
-4.093000000000000114e+02 9.414201499102141379e-02
-4.092000000000000455e+02 9.499921397996757833e-02
-4.091000000000000227e+02 9.591824209402179113e-02
-4.090000000000000000e+02 9.642672481802191942e-02
-4.089000000000000341e+02 9.447242983496777213e-02
-4.088000000000000114e+02 9.393031206702134872e-02
-4.087000000000000455e+02 9.504966654596759545e-02
-4.086000000000000227e+02 9.390805358202135300e-02
-4.085000000000000000e+02 9.846065571402234928e-02
-4.084000000000000341e+02 9.540778083796745690e-02
-4.083000000000000114e+02 9.483450119102156128e-02
-4.082000000000000455e+02 9.537958675696749100e-02
-4.081000000000000227e+02 9.590191920502180722e-02
-4.080000000000000000e+02 9.718351330802209309e-02
-4.079000000000000341e+02 9.417416613596787944e-02
-4.078000000000000114e+02 9.607504075502185104e-02
-4.077000000000000455e+02 9.672152608596699952e-02
-4.076000000000000227e+02 9.748573407102216482e-02
-4.075000000000000000e+02 9.526829433202166353e-02
-4.074000000000000341e+02 9.704946776496690963e-02
-4.073000000000000114e+02 9.627289395502189318e-02
-4.072000000000000455e+02 9.557100972796740701e-02
-4.071000000000000227e+02 9.316808261402118041e-02
-4.070000000000000000e+02 9.688426034302202727e-02
-4.069000000000000341e+02 9.769001749996668316e-02
-4.068000000000000114e+02 9.451298974102148587e-02
-4.067000000000000455e+02 9.697774597996693113e-02
-4.066000000000000227e+02 9.776272855102222104e-02
-4.065000000000000000e+02 9.760098356002218367e-02
-4.064000000000000341e+02 9.587966071996729955e-02
-4.063000000000000114e+02 9.486368453802156153e-02
-4.062000000000000455e+02 9.730074132896680827e-02
-4.061000000000000227e+02 9.600480286902181304e-02
-4.060000000000000000e+02 9.880541491502246865e-02
-4.059000000000000341e+02 1.000068784719658765e-01
-4.058000000000000114e+02 9.501454760302159575e-02
-4.057000000000000455e+02 9.610570800096722432e-02
-4.056000000000000227e+02 9.718054551002210106e-02
-4.055000000000000000e+02 9.645294036702191376e-02
-4.054000000000000341e+02 9.893946045796625510e-02
-4.053000000000000114e+02 9.721418055402210323e-02
-4.052000000000000455e+02 9.807385270796653565e-02
-4.051000000000000227e+02 9.583069205302179039e-02
-4.050000000000000000e+02 9.641238046102190706e-02
-4.049000000000000341e+02 9.743824930296676734e-02
-4.048000000000000114e+02 9.433442722802143354e-02
-4.047000000000000455e+02 9.809462729396653535e-02
-4.046000000000000227e+02 9.917391650002255199e-02
-4.045000000000000000e+02 9.628229198202188643e-02
-4.044000000000000341e+02 9.490325517796763255e-02
-4.043000000000000114e+02 9.749216430002215217e-02
-4.042000000000000455e+02 1.006939237089656547e-01
-4.041000000000000227e+02 9.674625773602198164e-02
-4.040000000000000000e+02 9.631345386102189987e-02
-4.039000000000000341e+02 1.002215491939658087e-01
-4.038000000000000114e+02 9.770732965502221257e-02
-4.037000000000000455e+02 1.000771163579658590e-01
-4.036000000000000227e+02 9.932725273002257493e-02
-4.035000000000000000e+02 9.682886144702200493e-02
-4.034000000000000341e+02 9.915116338196616752e-02
-4.033000000000000114e+02 9.819009146302233593e-02
-4.032000000000000455e+02 9.690750809396694865e-02
-4.031000000000000227e+02 9.894786921902248844e-02
-4.030000000000000000e+02 9.819503779302232727e-02
-4.029000000000000341e+02 9.981792866596596314e-02
-4.028000000000000114e+02 1.014289483470230679e-01
-4.027000000000000455e+02 9.819157536196650160e-02
-4.026000000000000227e+02 9.882717876702246107e-02
-4.025000000000000000e+02 9.715630849302207828e-02
-4.024000000000000341e+02 9.866840157396634947e-02
-4.023000000000000114e+02 9.900722517902252329e-02
-4.022000000000000455e+02 9.804961569096654062e-02
-4.021000000000000227e+02 9.974323908302268338e-02
-4.020000000000000000e+02 9.986244563602270086e-02
-4.019000000000000341e+02 9.921694957096616196e-02
-4.018000000000000114e+02 9.764896296102221207e-02
-4.017000000000000455e+02 1.006583101329656810e-01
-4.016000000000000227e+02 9.665920232802197032e-02
-4.015000000000000000e+02 9.970960403902268121e-02
-4.014000000000000341e+02 9.629663633896715091e-02
-4.013000000000000114e+02 9.770831892102220528e-02
-4.012000000000000455e+02 9.845472011796642386e-02
-4.011000000000000227e+02 1.008838627810229316e-01
-4.010000000000000000e+02 9.877029597202245659e-02
-4.009000000000000341e+02 1.012197185879654543e-01
-4.008000000000000114e+02 9.908883962402251222e-02
-4.007000000000000455e+02 1.018469132319652498e-01
-4.006000000000000227e+02 9.987481146102270002e-02
-4.005000000000000000e+02 9.856996960702241184e-02
-4.004000000000000341e+02 1.005460284419657235e-01
-4.003000000000000114e+02 9.933516685802258606e-02
-4.002000000000000455e+02 9.730074132896680827e-02
-4.001000000000000227e+02 9.830583558502234420e-02
-4.000000000000000000e+02 9.886180307702248371e-02
-3.999000000000000341e+02 1.004757905559657272e-01
-3.998000000000000114e+02 1.025596793850233057e-01
-3.997000000000000455e+02 9.937968382796608102e-02
-3.996000000000000227e+02 1.000805787890227394e-01
-3.995000000000000000e+02 9.883410362902247948e-02
-3.994000000000000341e+02 9.809611119296651749e-02
-3.993000000000000114e+02 9.912148540202252167e-02
-3.992000000000000455e+02 9.963837688696601524e-02
-3.991000000000000227e+02 9.884350165602244498e-02
-3.990000000000000000e+02 9.872825216702245388e-02
-3.989000000000000341e+02 9.846708594296640915e-02
-3.988000000000000114e+02 1.011232651530229870e-01
-3.987000000000000455e+02 9.937622139696609957e-02
-3.986000000000000227e+02 9.932477956502257233e-02
-3.985000000000000000e+02 9.896913843802249144e-02
-3.984000000000000341e+02 9.982336962896594390e-02
-3.983000000000000114e+02 1.013606889930230431e-01
-3.982000000000000455e+02 1.006073629339656883e-01
-3.981000000000000227e+02 1.005712547250228461e-01
-3.980000000000000000e+02 1.017098998910231089e-01
-3.979000000000000341e+02 1.016638990219653343e-01
-3.978000000000000114e+02 1.011247490520229692e-01
-3.977000000000000455e+02 1.022040382579651463e-01
-3.976000000000000227e+02 1.025947983280233455e-01
-3.975000000000000000e+02 1.011687713890229989e-01
-3.974000000000000341e+02 1.020131099199652197e-01
-3.973000000000000114e+02 1.016114679240230911e-01
-3.972000000000000455e+02 1.005227806909657212e-01
-3.971000000000000227e+02 1.021427037660232184e-01
-3.970000000000000000e+02 9.884102849102247013e-02
-3.969000000000000341e+02 1.004075312019657440e-01
-3.968000000000000114e+02 1.010723179540229666e-01
-3.967000000000000455e+02 1.011564055639654902e-01
-3.966000000000000227e+02 1.015031432970230907e-01
-3.965000000000000000e+02 1.012434609720229972e-01
-3.964000000000000341e+02 1.023553959559650867e-01
-3.963000000000000114e+02 1.015931665030230802e-01
-3.962000000000000455e+02 1.009832840139655574e-01
-3.961000000000000227e+02 1.022896097670232540e-01
-3.960000000000000000e+02 1.022139309180232492e-01
-3.959000000000000341e+02 1.008789164509655834e-01
-3.958000000000000114e+02 1.028297490030233713e-01
-3.957000000000000455e+02 9.949839574796606745e-02
-3.956000000000000227e+02 1.028292543700233819e-01
-3.955000000000000000e+02 1.050976413080238758e-01
-3.954000000000000341e+02 9.964233395096601387e-02
-3.953000000000000114e+02 1.034124266770235223e-01
-3.952000000000000455e+02 1.022485552279651100e-01
-3.951000000000000227e+02 1.042859485550237109e-01
-3.950000000000000000e+02 1.021951348640232488e-01
-3.949000000000000341e+02 1.032768972349647763e-01
-3.948000000000000114e+02 1.023494603600232783e-01
-3.947000000000000455e+02 1.008339048479656025e-01
-3.946000000000000227e+02 1.025295067720232989e-01
-3.945000000000000000e+02 1.007236016890228902e-01
-3.944000000000000341e+02 1.030271075699648736e-01
-3.943000000000000114e+02 1.004001117070228294e-01
-3.942000000000000455e+02 1.047771191239642435e-01
-3.941000000000000227e+02 1.030463982570234277e-01
-3.940000000000000000e+02 1.035672468060235413e-01
-3.939000000000000341e+02 1.009328314479655681e-01
-3.938000000000000114e+02 1.046539555070237770e-01
-3.937000000000000455e+02 1.042221408979644715e-01
-3.936000000000000227e+02 1.054389380780239582e-01
-3.935000000000000000e+02 1.047330967870238189e-01
-3.934000000000000341e+02 1.033535653499647322e-01
-3.933000000000000114e+02 1.026274441060233272e-01
-3.932000000000000455e+02 1.046302131229643051e-01
-3.931000000000000227e+02 1.034327066300235048e-01
-3.930000000000000000e+02 1.027748447400233661e-01
-3.929000000000000341e+02 1.046653320659643172e-01
-3.928000000000000114e+02 1.016871467730230960e-01
-3.927000000000000455e+02 1.023148360499650938e-01
-3.926000000000000227e+02 1.036068174460235553e-01
-3.925000000000000000e+02 1.031878632950234548e-01
-3.924000000000000341e+02 1.040722670989644993e-01
-3.923000000000000114e+02 1.007033217360228800e-01
-3.922000000000000455e+02 1.050704364929641588e-01
-3.921000000000000227e+02 1.032457353560234520e-01
-3.920000000000000000e+02 1.035494400180235336e-01
-3.919000000000000341e+02 1.039723512329645272e-01
-3.918000000000000114e+02 1.039594907750236302e-01
-3.917000000000000455e+02 1.051189105269641488e-01
-3.916000000000000227e+02 1.024449245290233040e-01
-3.915000000000000000e+02 1.025359370010233140e-01
-3.914000000000000341e+02 1.020902726679651928e-01
-3.913000000000000114e+02 1.057742992520240427e-01
-3.912000000000000455e+02 1.045441469809643420e-01
-3.911000000000000227e+02 1.045708571630237782e-01
-3.910000000000000000e+02 1.032531548510234737e-01
-3.909000000000000341e+02 1.049551870039641954e-01
-3.908000000000000114e+02 1.048067971040238244e-01
-3.907000000000000455e+02 1.021481447289651623e-01
-3.906000000000000227e+02 1.020877995030232133e-01
-3.905000000000000000e+02 1.034796967650235267e-01
-3.904000000000000341e+02 1.055972206379639788e-01
-3.903000000000000114e+02 1.063094921580241686e-01
-3.902000000000000455e+02 1.051550187359641259e-01
-3.901000000000000227e+02 1.023346213700232765e-01
-3.900000000000000000e+02 1.065073453580242108e-01
-3.899000000000000341e+02 1.044714359299643569e-01
-3.898000000000000114e+02 1.041815809920236952e-01
-3.897000000000000455e+02 1.027357687329649577e-01
-3.896000000000000227e+02 1.082133345750245779e-01
-3.895000000000000000e+02 1.061472525340241280e-01
-3.894000000000000341e+02 1.047281504569642779e-01
-3.893000000000000114e+02 1.056209630220240198e-01
-3.892000000000000455e+02 1.029791281689648591e-01
-3.891000000000000227e+02 1.056194791230240237e-01
-3.890000000000000000e+02 1.067017361270242576e-01
-3.889000000000000341e+02 1.053301188179640857e-01
-3.888000000000000114e+02 1.049784347550238583e-01
-3.887000000000000455e+02 1.041603117729644756e-01
-3.886000000000000227e+02 1.043903161180237404e-01
-3.885000000000000000e+02 1.041786131940236754e-01
-3.884000000000000341e+02 1.041721829649644576e-01
-3.883000000000000114e+02 1.053573236330239554e-01
-3.882000000000000455e+02 1.026902624969649735e-01
-3.881000000000000227e+02 1.045975673450237897e-01
-3.880000000000000000e+02 1.066042934260242186e-01
-3.879000000000000341e+02 1.053039032689640636e-01
-3.878000000000000114e+02 1.069361921690243217e-01
-3.877000000000000455e+02 1.051752986889641223e-01
-3.876000000000000227e+02 1.040069755430236415e-01
-3.875000000000000000e+02 1.066587030560242344e-01
-3.874000000000000341e+02 1.051243514899641435e-01
-3.873000000000000114e+02 1.055482519710239792e-01
-3.872000000000000455e+02 1.059553349299638680e-01
-3.871000000000000227e+02 1.037744980330235767e-01
-3.870000000000000000e+02 1.036800231300235714e-01
-3.869000000000000341e+02 1.064252362799636836e-01
-3.868000000000000114e+02 1.057520407670240331e-01
-3.867000000000000455e+02 1.084468013509630180e-01
-3.866000000000000227e+02 1.060221103850240987e-01
-3.865000000000000000e+02 1.046148795000237663e-01
-3.864000000000000341e+02 1.056397590759639432e-01
-3.863000000000000114e+02 1.054597126640239718e-01
-3.862000000000000455e+02 1.052618594639641025e-01
-3.861000000000000227e+02 1.056758672850239972e-01
-3.860000000000000000e+02 1.070895283990243307e-01
-3.859000000000000341e+02 1.057099969619639535e-01
-3.858000000000000114e+02 1.063639017880241705e-01
-3.857000000000000455e+02 1.066923380999635906e-01
-3.856000000000000227e+02 1.075272786040244316e-01
-3.855000000000000000e+02 1.065305931090242131e-01
-3.854000000000000341e+02 1.058653117239638924e-01
-3.853000000000000114e+02 1.065192165500242205e-01
-3.852000000000000455e+02 1.072067564199634393e-01
-3.851000000000000227e+02 1.031364214630234449e-01
-3.850000000000000000e+02 1.069737842770243225e-01
-3.849000000000000341e+02 1.071360239009634535e-01
-3.848000000000000114e+02 1.045238670280237564e-01
-3.847000000000000455e+02 1.043982302459644101e-01
-3.846000000000000227e+02 1.072715533430243923e-01
-3.845000000000000000e+02 1.055551768330239837e-01
-3.844000000000000341e+02 1.077147445109632590e-01
-3.843000000000000114e+02 1.085259426310246911e-01
-3.842000000000000455e+02 1.079947067889631546e-01
-3.841000000000000227e+02 1.081841512280246054e-01
-3.840000000000000000e+02 1.088603145390247412e-01
-3.839000000000000341e+02 1.060458527689638331e-01
-3.838000000000000114e+02 1.054147010610239493e-01
-3.837000000000000455e+02 1.080876977929631361e-01
-3.836000000000000227e+02 1.084992324490246657e-01
-3.835000000000000000e+02 1.086016214800246960e-01
-3.834000000000000341e+02 1.065394965029636543e-01
-3.833000000000000114e+02 1.088835622900247435e-01
-3.832000000000000455e+02 1.059538510309638581e-01
-3.831000000000000227e+02 1.113908569670253312e-01
-3.830000000000000000e+02 1.085279211630246488e-01
-3.829000000000000341e+02 1.075436014929633255e-01
-3.828000000000000114e+02 1.099049794350249742e-01
-3.827000000000000455e+02 1.071375077999634357e-01
-3.826000000000000227e+02 1.074075774180244247e-01
-3.825000000000000000e+02 1.092273322250248285e-01
-3.824000000000000341e+02 1.070885391329634839e-01
-3.823000000000000114e+02 1.101834578140250404e-01
-3.822000000000000455e+02 1.066977790629635992e-01
-3.821000000000000227e+02 1.076079037830244556e-01
-3.820000000000000000e+02 1.105346472440251332e-01
-3.819000000000000341e+02 1.083468854849630320e-01
-3.818000000000000114e+02 1.092970754780248632e-01
-3.817000000000000455e+02 1.099643353949624758e-01
-3.816000000000000227e+02 1.091115881030248064e-01
-3.815000000000000000e+02 1.082786261310246106e-01
-3.814000000000000341e+02 1.073254683399633980e-01
-3.813000000000000114e+02 1.102942556060250712e-01
-3.812000000000000455e+02 1.070321509709634966e-01
-3.811000000000000227e+02 1.075440961260244327e-01
-3.810000000000000000e+02 1.076271944700244593e-01
-3.809000000000000341e+02 1.082979168179630525e-01
-3.808000000000000114e+02 1.085383084560246764e-01
-3.807000000000000455e+02 1.116322378709619367e-01
-3.806000000000000227e+02 1.081332040290245711e-01
-3.805000000000000000e+02 1.125379108940255807e-01
-3.804000000000000341e+02 1.058173323229639196e-01
-3.803000000000000114e+02 1.075668492440244733e-01
-3.802000000000000455e+02 1.090294790249628221e-01
-3.801000000000000227e+02 1.078369188620245389e-01
-3.800000000000000000e+02 1.094969072100249047e-01
-3.799000000000000341e+02 1.090240380619628136e-01
-3.798000000000000114e+02 1.096527166050249441e-01
-3.797000000000000455e+02 1.069584506539635327e-01
-3.796000000000000227e+02 1.098411717780249652e-01
-3.795000000000000000e+02 1.080026209170245610e-01
-3.794000000000000341e+02 1.101705973559624074e-01
-3.793000000000000114e+02 1.108714923170251998e-01
-3.792000000000000455e+02 1.102274801509624119e-01
-3.791000000000000227e+02 1.112132837200252716e-01
-3.790000000000000000e+02 1.076351085980244565e-01
-3.789000000000000341e+02 1.084403711219630168e-01
-3.788000000000000114e+02 1.101918665750250409e-01
-3.787000000000000455e+02 1.100993702039624600e-01
-3.786000000000000227e+02 1.101320159820250444e-01
-3.785000000000000000e+02 1.102492440030250626e-01
-3.784000000000000341e+02 1.105123887589623127e-01
-3.783000000000000114e+02 1.119047806540254264e-01
-3.782000000000000455e+02 1.096556844029626249e-01
-3.781000000000000227e+02 1.093287319900248522e-01
-3.780000000000000000e+02 1.110624206550252513e-01
-3.779000000000000341e+02 1.095626933989626295e-01
-3.778000000000000114e+02 1.071978530260243867e-01
-3.777000000000000455e+02 1.124078224149616528e-01
-3.776000000000000227e+02 1.080708802710245858e-01
-3.775000000000000000e+02 1.079605771120245306e-01
-3.774000000000000341e+02 1.113166620169620119e-01
-3.773000000000000114e+02 1.110020754290252376e-01
-3.772000000000000455e+02 1.096596414669625957e-01
-3.771000000000000227e+02 1.095270798230248976e-01
-3.770000000000000000e+02 1.103085999630250696e-01
-3.769000000000000341e+02 1.095597256009626236e-01
-3.768000000000000114e+02 1.096438132110249125e-01
-3.767000000000000455e+02 1.116055276889619391e-01
-3.766000000000000227e+02 1.104263226170251050e-01
-3.765000000000000000e+02 1.105504755000251554e-01
-3.764000000000000341e+02 1.120511920219617735e-01
-3.763000000000000114e+02 1.099059687010249947e-01
-3.762000000000000455e+02 1.114329007719619680e-01
-3.761000000000000227e+02 1.089399504520247586e-01
-3.760000000000000000e+02 1.121085694500254804e-01
-3.759000000000000341e+02 1.098070421009625375e-01
-3.758000000000000114e+02 1.104668825230251117e-01
-3.757000000000000455e+02 1.118201984109618574e-01
-3.756000000000000227e+02 1.111010020290252448e-01
-3.755000000000000000e+02 1.111064429920252533e-01
-3.754000000000000341e+02 1.120848270659617757e-01
-3.753000000000000114e+02 1.102888146430250765e-01
-3.752000000000000455e+02 1.117875526329618757e-01
-3.751000000000000227e+02 1.111247444130252643e-01
-3.750000000000000000e+02 1.109219448830252031e-01
-3.749000000000000341e+02 1.120145891799617932e-01
-3.748000000000000114e+02 1.134054971760257713e-01
-3.747000000000000455e+02 1.108254914479621933e-01
-3.746000000000000227e+02 1.125403840590255833e-01
-3.745000000000000000e+02 1.120833431670254787e-01
-3.744000000000000341e+02 1.112543382589620544e-01
-3.743000000000000114e+02 1.097189974270249418e-01
-3.742000000000000455e+02 1.103377833099623562e-01
-3.741000000000000227e+02 1.114650519170253262e-01
-3.740000000000000000e+02 1.119087377180254389e-01
-3.739000000000000341e+02 1.096443078439626045e-01
-3.738000000000000114e+02 1.118256393740254123e-01
-3.737000000000000455e+02 1.121209352749617666e-01
-3.736000000000000227e+02 1.118340481350254129e-01
-3.735000000000000000e+02 1.127773132660256361e-01
-3.734000000000000341e+02 1.123034548519616788e-01
-3.733000000000000114e+02 1.120605900490254797e-01
-3.732000000000000455e+02 1.128524974819614946e-01
-3.731000000000000227e+02 1.138620434350258726e-01
-3.730000000000000000e+02 1.126155682750255849e-01
-3.729000000000000341e+02 1.134322073579613205e-01
-3.728000000000000114e+02 1.101587261640250281e-01
-3.727000000000000455e+02 1.119443512939617968e-01
-3.726000000000000227e+02 1.124261238360255433e-01
-3.725000000000000000e+02 1.104055480310251053e-01
-3.724000000000000341e+02 1.127832488619615464e-01
-3.723000000000000114e+02 1.108700084180252177e-01
-3.722000000000000455e+02 1.100662297929624611e-01
-3.721000000000000227e+02 1.125097168130255870e-01
-3.720000000000000000e+02 1.119349532670254610e-01
-3.719000000000000341e+02 1.108625889229621769e-01
-3.718000000000000114e+02 1.104891410080251213e-01
-3.717000000000000455e+02 1.128114429429615262e-01
-3.716000000000000227e+02 1.137096964710258562e-01
-3.715000000000000000e+02 1.131265241640257296e-01
-3.714000000000000341e+02 1.142626961649610279e-01
-3.713000000000000114e+02 1.093593992360248623e-01
-3.712000000000000455e+02 1.144907219779609381e-01
-3.711000000000000227e+02 1.131923103530257241e-01
-3.710000000000000000e+02 1.142978151080259880e-01
-3.709000000000000341e+02 1.127970985859615416e-01
-3.708000000000000114e+02 1.130172102710256948e-01
-3.707000000000000455e+02 1.152376178079606989e-01
-3.706000000000000227e+02 1.114056959570253330e-01
-3.705000000000000000e+02 1.137705363300258454e-01
-3.704000000000000341e+02 1.146203158239608860e-01
-3.703000000000000114e+02 1.132338595250257374e-01
-3.702000000000000455e+02 1.164821144359602795e-01
-3.701000000000000227e+02 1.113958032970253226e-01
-3.700000000000000000e+02 1.127867112930256294e-01
-3.699000000000000341e+02 1.169035417519601328e-01
-3.698000000000000114e+02 1.142597283670259839e-01
-3.697000000000000455e+02 1.152237680839606898e-01
-3.696000000000000227e+02 1.143982256070260051e-01
-3.695000000000000000e+02 1.130399633890256939e-01
-3.694000000000000341e+02 1.144857756479609467e-01
-3.693000000000000114e+02 1.155210425170262595e-01
-3.692000000000000455e+02 1.142532981379610346e-01
-3.691000000000000227e+02 1.160453534970263961e-01
-3.690000000000000000e+02 1.120981821570254805e-01
-3.689000000000000341e+02 1.148710947549608091e-01
-3.688000000000000114e+02 1.134257771290257816e-01
-3.687000000000000455e+02 1.128391423909614888e-01
-3.686000000000000227e+02 1.165226743420264971e-01
-3.685000000000000000e+02 1.128836593610256511e-01
-3.684000000000000341e+02 1.143987202399609771e-01
-3.683000000000000114e+02 1.153810613780262423e-01
-3.682000000000000455e+02 1.163693381119603049e-01
-3.681000000000000227e+02 1.154671275200262470e-01
-3.680000000000000000e+02 1.144931951430260414e-01
-3.679000000000000341e+02 1.149042351659608219e-01
-3.678000000000000114e+02 1.123212616400255243e-01
-3.677000000000000455e+02 1.144160323949609676e-01
-3.676000000000000227e+02 1.142068026360259642e-01
-3.675000000000000000e+02 1.172844091620266899e-01
-3.674000000000000341e+02 1.166671071779601943e-01
-3.673000000000000114e+02 1.160611817530263906e-01
-3.672000000000000455e+02 1.131032764129614315e-01
-3.671000000000000227e+02 1.164845876010264653e-01
-3.670000000000000000e+02 1.151743047840261963e-01
-3.669000000000000341e+02 1.134237985969613199e-01
-3.668000000000000114e+02 1.155685272850262846e-01
-3.667000000000000455e+02 1.147138014609608708e-01
-3.666000000000000227e+02 1.156046354940262755e-01
-3.665000000000000000e+02 1.148483416370261051e-01
-3.664000000000000341e+02 1.149566662639607967e-01
-3.663000000000000114e+02 1.171172232080266024e-01
-3.662000000000000455e+02 1.146747254539608879e-01
-3.661000000000000227e+02 1.153286302800262120e-01
-3.660000000000000000e+02 1.138392903170258597e-01
-3.659000000000000341e+02 1.151752940499607275e-01
-3.658000000000000114e+02 1.141425003460259380e-01
-3.657000000000000455e+02 1.163678542129603227e-01
-3.656000000000000227e+02 1.159830297390263554e-01
-3.655000000000000000e+02 1.176964384510267581e-01
-3.654000000000000341e+02 1.153919433039606313e-01
-3.653000000000000114e+02 1.166122029150265249e-01
-3.652000000000000455e+02 1.151619389589607079e-01
-3.651000000000000227e+02 1.150363021770261507e-01
-3.650000000000000000e+02 1.162723900440264246e-01
-3.649000000000000341e+02 1.178082255089598074e-01
-3.648000000000000114e+02 1.149675481900261365e-01
-3.647000000000000455e+02 1.150046456649607696e-01
-3.646000000000000227e+02 1.156644860870263136e-01
-3.645000000000000000e+02 1.169985112880266021e-01
-3.644000000000000341e+02 1.182969229129596511e-01
-3.643000000000000114e+02 1.159602766210263702e-01
-3.642000000000000455e+02 1.149438058059607942e-01
-3.641000000000000227e+02 1.166156653460265064e-01
-3.640000000000000000e+02 1.152846079430261961e-01
-3.639000000000000341e+02 1.164697486109602526e-01
-3.638000000000000114e+02 1.158949850650263375e-01
-3.637000000000000455e+02 1.167185490099602041e-01
-3.636000000000000227e+02 1.173561309470266684e-01
-3.635000000000000000e+02 1.164232531090264450e-01
-3.634000000000000341e+02 1.170479745879600963e-01
-3.633000000000000114e+02 1.174857247930267135e-01
-3.632000000000000455e+02 1.183933763479596002e-01
-3.631000000000000227e+02 1.188152982970269861e-01
-3.630000000000000000e+02 1.163505420580264599e-01
-3.629000000000000341e+02 1.161279572079604028e-01
-3.628000000000000114e+02 1.182207494310268947e-01
-3.627000000000000455e+02 1.162976163269603402e-01
-3.626000000000000227e+02 1.145921217430260486e-01
-3.625000000000000000e+02 1.180446600830268450e-01
-3.624000000000000341e+02 1.174718750689599384e-01
-3.623000000000000114e+02 1.185472072110269476e-01
-3.622000000000000455e+02 1.193119098289592839e-01
-3.621000000000000227e+02 1.182929658490269181e-01
-3.620000000000000000e+02 1.171567938480266302e-01
-3.619000000000000341e+02 1.186960917439595087e-01
-3.618000000000000114e+02 1.173160656740266650e-01
-3.617000000000000455e+02 1.161225162449603943e-01
-3.616000000000000227e+02 1.174629716750267006e-01
-3.615000000000000000e+02 1.176662658380267651e-01
-3.614000000000000341e+02 1.166309989689602172e-01
-3.613000000000000114e+02 1.186303055550269603e-01
-3.612000000000000455e+02 1.161927541309603629e-01
-3.611000000000000227e+02 1.181307262250268497e-01
-3.610000000000000000e+02 1.198090159940272403e-01
-3.609000000000000341e+02 1.190121622309593952e-01
-3.608000000000000114e+02 1.149428165400261243e-01
-3.607000000000000455e+02 1.166903549289601827e-01
-3.606000000000000227e+02 1.155749575140262581e-01
-3.605000000000000000e+02 1.153424800040262210e-01
-3.604000000000000341e+02 1.191996281379593542e-01
-3.603000000000000114e+02 1.172151605420266585e-01
-3.602000000000000455e+02 1.200677090529590346e-01
-3.601000000000000227e+02 1.188207392600270085e-01
-3.600000000000000000e+02 1.151470999690261676e-01
-3.599000000000000341e+02 1.162155072489603480e-01
-3.598000000000000114e+02 1.165251475070264997e-01
-3.597000000000000455e+02 1.189963339749594146e-01
-3.596000000000000227e+02 1.195592263290271573e-01
-3.595000000000000000e+02 1.192787694180271196e-01
-3.594000000000000341e+02 1.182835678219596454e-01
-3.593000000000000114e+02 1.191274117200270682e-01
-3.592000000000000455e+02 1.176662658379598880e-01
-3.591000000000000227e+02 1.196447978380272004e-01
-3.590000000000000000e+02 1.196260017840272000e-01
-3.589000000000000341e+02 1.198114891589591308e-01
-3.588000000000000114e+02 1.219982616520277480e-01
-3.587000000000000455e+02 1.192767908859593273e-01
-3.586000000000000227e+02 1.174822623620267042e-01
-3.585000000000000000e+02 1.170563833490266131e-01
-3.584000000000000341e+02 1.204683617829588882e-01
-3.583000000000000114e+02 1.219250559680277041e-01
-3.582000000000000455e+02 1.188464601759594563e-01
-3.581000000000000227e+02 1.202116472560273291e-01
-3.580000000000000000e+02 1.211791494040275335e-01
-3.579000000000000341e+02 1.212939042599586320e-01
-3.578000000000000114e+02 1.183449023140269313e-01
-3.577000000000000455e+02 1.212137737139586391e-01
-3.576000000000000227e+02 1.207206246130274468e-01
-3.575000000000000000e+02 1.193846208800271452e-01
-3.574000000000000341e+02 1.194142988599592864e-01
-3.573000000000000114e+02 1.192238651550271145e-01
-3.572000000000000455e+02 1.203946614659589243e-01
-3.571000000000000227e+02 1.209036388230274733e-01
-3.570000000000000000e+02 1.210678569790275272e-01
-3.569000000000000341e+02 1.198569953949591149e-01
-3.568000000000000114e+02 1.198302852130272433e-01
-3.567000000000000455e+02 1.178720331659597886e-01
-3.566000000000000227e+02 1.201043118950272937e-01
-3.565000000000000000e+02 1.179219910990268044e-01
-3.564000000000000341e+02 1.212815384349586328e-01
-3.563000000000000114e+02 1.198396832400272366e-01
-3.562000000000000455e+02 1.201705927169590127e-01
-3.561000000000000227e+02 1.193128990950271112e-01
-3.560000000000000000e+02 1.178527424790267869e-01
-3.559000000000000341e+02 1.205252445779589066e-01
-3.558000000000000114e+02 1.224562918100278591e-01
-3.557000000000000455e+02 1.202719924819589947e-01
-3.556000000000000227e+02 1.217049442830276523e-01
-3.555000000000000000e+02 1.210149312480275213e-01
-3.554000000000000341e+02 1.221392320569583273e-01
-3.553000000000000114e+02 1.200795802450273092e-01
-3.552000000000000455e+02 1.219878743589583731e-01
-3.551000000000000227e+02 1.209140261160274871e-01
-3.550000000000000000e+02 1.180693917330268572e-01
-3.549000000000000341e+02 1.215036286519585729e-01
-3.548000000000000114e+02 1.192367256130271030e-01
-3.547000000000000455e+02 1.198535329639591196e-01
-3.546000000000000227e+02 1.205658044840274140e-01
-3.545000000000000000e+02 1.226704678990278991e-01
-3.544000000000000341e+02 1.239941058069577023e-01
-3.543000000000000114e+02 1.199846107090272729e-01
-3.542000000000000455e+02 1.218820228969584446e-01
-3.541000000000000227e+02 1.221565442120277623e-01
-3.540000000000000000e+02 1.210812120700275468e-01
-3.539000000000000341e+02 1.215699094739585290e-01
-3.538000000000000114e+02 1.246747208150283531e-01
-3.537000000000000455e+02 1.219161525739584084e-01
-3.536000000000000227e+02 1.218637214760276838e-01
-3.535000000000000000e+02 1.225329599250278567e-01
-3.534000000000000341e+02 1.218978511529584252e-01
-3.533000000000000114e+02 1.214136054460275838e-01
-3.532000000000000455e+02 1.185838100529595512e-01
-3.531000000000000227e+02 1.201839478080273249e-01
-3.530000000000000000e+02 1.213240768730275837e-01
-3.529000000000000341e+02 1.216401473599585253e-01
-3.528000000000000114e+02 1.183172028660268993e-01
-3.527000000000000455e+02 1.208848427689587779e-01
-3.526000000000000227e+02 1.203991131630273714e-01
-3.525000000000000000e+02 1.194246861530271764e-01
-3.524000000000000341e+02 1.231141536999580122e-01
-3.523000000000000114e+02 1.210366951000275276e-01
-3.522000000000000455e+02 1.203071114249589652e-01
-3.521000000000000227e+02 1.214185517760276029e-01
-3.520000000000000000e+02 1.231665847980280004e-01
-3.519000000000000341e+02 1.211910205959586539e-01
-3.518000000000000114e+02 1.221520925150277603e-01
-3.517000000000000455e+02 1.191343365819593630e-01
-3.516000000000000227e+02 1.222292552630277751e-01
-3.515000000000000000e+02 1.212281180710275685e-01
-3.514000000000000341e+02 1.226249616629581790e-01
-3.513000000000000114e+02 1.205875683360274064e-01
-3.512000000000000455e+02 1.214685097089585608e-01
-3.511000000000000227e+02 1.218780658330277100e-01
-3.510000000000000000e+02 1.208685198800275029e-01
-3.509000000000000341e+02 1.201948297339590216e-01
-3.508000000000000114e+02 1.204174145840273824e-01
-3.507000000000000455e+02 1.254151864159572249e-01
-3.506000000000000227e+02 1.218434415230276874e-01
-3.505000000000000000e+02 1.220338752280277356e-01
-3.504000000000000341e+02 1.233599863009579162e-01
-3.503000000000000114e+02 1.235059030360280835e-01
-3.502000000000000455e+02 1.215095642479585569e-01
-3.501000000000000227e+02 1.228994829780279407e-01
-3.500000000000000000e+02 1.214878003960276065e-01
-3.499000000000000341e+02 1.216000820869585219e-01
-3.498000000000000114e+02 1.243240260180282775e-01
-3.497000000000000455e+02 1.212474087579586413e-01
-3.496000000000000227e+02 1.232422636470280053e-01
-3.495000000000000000e+02 1.236612177980281058e-01
-3.494000000000000341e+02 1.211944830269586493e-01
-3.493000000000000114e+02 1.218671839070276930e-01
-3.492000000000000455e+02 1.224731093319582215e-01
-3.491000000000000227e+02 1.197457029700272207e-01
-3.490000000000000000e+02 1.201587215250273233e-01
-3.489000000000000341e+02 1.215372636959585334e-01
-3.488000000000000114e+02 1.215936518580276460e-01
-3.487000000000000455e+02 1.219206042709584104e-01
-3.486000000000000227e+02 1.222727829670277877e-01
-3.485000000000000000e+02 1.231937896130280014e-01
-3.484000000000000341e+02 1.227288345929581359e-01
-3.483000000000000114e+02 1.213369373310275862e-01
-3.482000000000000455e+02 1.230666689319580148e-01
-3.481000000000000227e+02 1.211910205960275572e-01
-3.480000000000000000e+02 1.207631630510274390e-01
-3.479000000000000341e+02 1.216154157099585131e-01
-3.478000000000000114e+02 1.234045032710280460e-01
-3.477000000000000455e+02 1.197184981549591631e-01
-3.476000000000000227e+02 1.227778032600279207e-01
-3.475000000000000000e+02 1.231646062660280011e-01
-3.474000000000000341e+02 1.222431049869582981e-01
-3.473000000000000114e+02 1.210634052820275253e-01
-3.472000000000000455e+02 1.196630992589591685e-01
-3.471000000000000227e+02 1.216193727740276370e-01
-3.470000000000000000e+02 1.194840421130271696e-01
-3.469000000000000341e+02 1.231715311279579783e-01
-3.468000000000000114e+02 1.223464832840278071e-01
-3.467000000000000455e+02 1.205514601269588731e-01
-3.466000000000000227e+02 1.202551749600273417e-01
-3.465000000000000000e+02 1.228134168360279083e-01
-3.464000000000000341e+02 1.239733312209577165e-01
-3.463000000000000114e+02 1.218295917990276922e-01
-3.462000000000000455e+02 1.240222998879576960e-01
-3.461000000000000227e+02 1.198738129170272698e-01
-3.460000000000000000e+02 1.217514397850276708e-01
-3.459000000000000341e+02 1.215743611709585309e-01
-3.458000000000000114e+02 1.214160786110276002e-01
-3.457000000000000455e+02 1.234673216619578823e-01
-3.456000000000000227e+02 1.207977873610274616e-01
-3.455000000000000000e+02 1.241103445620281853e-01
-3.454000000000000341e+02 1.215634792449585555e-01
-3.453000000000000114e+02 1.219443466550277355e-01
-3.452000000000000455e+02 1.224434313519582457e-01
-3.451000000000000227e+02 1.218523449170277190e-01
-3.450000000000000000e+02 1.205440406320273938e-01
-3.449000000000000341e+02 1.201755390469590179e-01
-3.448000000000000114e+02 1.220605854100277471e-01
-3.447000000000000455e+02 1.234490202409578852e-01
-3.446000000000000227e+02 1.233649326310280459e-01
-3.445000000000000000e+02 1.237230469230281293e-01
-3.444000000000000341e+02 1.220823492619583783e-01
-3.443000000000000114e+02 1.216322332320276672e-01
-3.442000000000000455e+02 1.225398847869581948e-01
-3.441000000000000227e+02 1.230285821910279825e-01
-3.440000000000000000e+02 1.240138911270281946e-01
-3.439000000000000341e+02 1.212454302259586419e-01
-3.438000000000000114e+02 1.244239418840282774e-01
-3.437000000000000455e+02 1.214408102609585705e-01
-3.436000000000000227e+02 1.191110888310270843e-01
-3.435000000000000000e+02 1.210193829450274955e-01
-3.434000000000000341e+02 1.211771708719586588e-01
-3.433000000000000114e+02 1.245114919250283197e-01
-3.432000000000000455e+02 1.207141943839588477e-01
-3.431000000000000227e+02 1.215090696150276095e-01
-3.430000000000000000e+02 1.227510930780279091e-01
-3.429000000000000341e+02 1.210856637669587010e-01
-3.428000000000000114e+02 1.245446323360283325e-01
-3.427000000000000455e+02 1.243017675329575744e-01
-3.426000000000000227e+02 1.211588694510275510e-01
-3.425000000000000000e+02 1.222623956740277879e-01
-3.424000000000000341e+02 1.220012294499583649e-01
-3.423000000000000114e+02 1.214521868200275911e-01
-3.422000000000000455e+02 1.206434618649588481e-01
-3.421000000000000227e+02 1.217895265260276888e-01
-3.420000000000000000e+02 1.217316544650276916e-01
-3.419000000000000341e+02 1.243388650079576135e-01
-3.418000000000000114e+02 1.212716457750275811e-01
-3.417000000000000455e+02 1.200009335979590613e-01
-3.416000000000000227e+02 1.251396758350284688e-01
-3.415000000000000000e+02 1.200434720360272906e-01
-3.414000000000000341e+02 1.193603838629593017e-01
-3.413000000000000114e+02 1.237477785730281415e-01
-3.412000000000000455e+02 1.215456724569585339e-01
-3.411000000000000227e+02 1.241548615320282184e-01
-3.410000000000000000e+02 1.219290130320277166e-01
-3.409000000000000341e+02 1.232021983739579607e-01
-3.408000000000000114e+02 1.209545860220275076e-01
-3.407000000000000455e+02 1.195448819719592271e-01
-3.406000000000000227e+02 1.218375059270276894e-01
-3.405000000000000000e+02 1.226843176230278942e-01
-3.404000000000000341e+02 1.210861583999586905e-01
-3.403000000000000114e+02 1.221006506830277505e-01
-3.402000000000000455e+02 1.221827597609583260e-01
-3.401000000000000227e+02 1.222149109060277766e-01
-3.400000000000000000e+02 1.251085139560284554e-01
-3.399000000000000341e+02 1.200652358879590459e-01
-3.398000000000000114e+02 1.240124072280281986e-01
-3.397000000000000455e+02 1.224142480049582177e-01
-3.396000000000000227e+02 1.199905463050272847e-01
-3.395000000000000000e+02 1.219161525740277280e-01
-3.394000000000000341e+02 1.234876016149578787e-01
-3.393000000000000114e+02 1.205148572850274075e-01
-3.392000000000000455e+02 1.219275291329584010e-01
-3.391000000000000227e+02 1.230849703530279837e-01
-3.390000000000000000e+02 1.200874943730272926e-01
-3.389000000000000341e+02 1.214882950289585539e-01
-3.388000000000000114e+02 1.209120475840274878e-01
-3.387000000000000455e+02 1.246257521479574998e-01
-3.386000000000000227e+02 1.243992102340282929e-01
-3.385000000000000000e+02 1.220408000900277401e-01
-3.384000000000000341e+02 1.232373173169579728e-01
-3.383000000000000114e+02 1.242325189130282642e-01
-3.382000000000000455e+02 1.235642697299578624e-01
-3.381000000000000227e+02 1.210737925750275251e-01
-3.380000000000000000e+02 1.240875914440282002e-01
-3.379000000000000341e+02 1.236983152729577984e-01
-3.378000000000000114e+02 1.239946004400281770e-01
-3.377000000000000455e+02 1.196546904979591819e-01
-3.376000000000000227e+02 1.197907145730272294e-01
-3.375000000000000000e+02 1.247014309970283508e-01
-3.374000000000000341e+02 1.242320242799576369e-01
-3.373000000000000114e+02 1.219666051400277174e-01
-3.372000000000000455e+02 1.212711511419586330e-01
-3.371000000000000227e+02 1.237265093540281385e-01
-3.370000000000000000e+02 1.223608276410278056e-01
-3.369000000000000341e+02 1.239075450319577498e-01
-3.368000000000000114e+02 1.225403794200278645e-01
-3.367000000000000455e+02 1.209585430859587557e-01
-3.366000000000000227e+02 1.206132892520274252e-01
-3.365000000000000000e+02 1.209244134090274869e-01
-3.364000000000000341e+02 1.212919257279586327e-01
-3.363000000000000114e+02 1.240039984670281981e-01
-3.362000000000000455e+02 1.201552590939590076e-01
-3.361000000000000227e+02 1.223568705770278070e-01
-3.360000000000000000e+02 1.229489462780279374e-01
-3.359000000000000341e+02 1.243255099169575939e-01
-3.358000000000000114e+02 1.211410626630275433e-01
-3.357000000000000455e+02 1.206127946189588657e-01
-3.356000000000000227e+02 1.227382326200278928e-01
-3.355000000000000000e+02 1.193707711560271501e-01
-3.354000000000000341e+02 1.243403489069575818e-01
-3.353000000000000114e+02 1.244244365170282668e-01
-3.352000000000000455e+02 1.239006201699577314e-01
-3.351000000000000227e+02 1.199227815840272493e-01
-3.350000000000000000e+02 1.254201327460285065e-01
-3.349000000000000341e+02 1.212073434849586379e-01
-3.348000000000000114e+02 1.204119736210273739e-01
-3.347000000000000455e+02 1.242646700579576186e-01
-3.346000000000000227e+02 1.230186895310279582e-01
-3.345000000000000000e+02 1.217410524920276710e-01
-3.344000000000000341e+02 1.214625741129585629e-01
-3.343000000000000114e+02 1.215382529620276375e-01
-3.342000000000000455e+02 1.239545351669577300e-01
-3.341000000000000227e+02 1.209516182240275017e-01
-3.340000000000000000e+02 1.222366747580277968e-01
-3.339000000000000341e+02 1.221629744409583329e-01
-3.338000000000000114e+02 1.196047325650271970e-01
-3.337000000000000455e+02 1.233115122669579539e-01
-3.336000000000000227e+02 1.225255404300278489e-01
-3.335000000000000000e+02 1.233916428130280435e-01
-3.334000000000000341e+02 1.223761612639582413e-01
-3.333000000000000114e+02 1.217415471250276604e-01
-3.332000000000000455e+02 1.230063237059580566e-01
-3.331000000000000227e+02 1.231472941110279967e-01
-3.330000000000000000e+02 1.242364759770282490e-01
-3.329000000000000341e+02 1.226249616629581790e-01
-3.328000000000000114e+02 1.211232558750275218e-01
-3.327000000000000455e+02 1.233347600179579284e-01
-3.326000000000000227e+02 1.198500705330272365e-01
-3.325000000000000000e+02 1.216465775890276657e-01
-3.324000000000000341e+02 1.249220373149573793e-01
-3.323000000000000114e+02 1.210525233560275082e-01
-3.322000000000000455e+02 1.212983559569586200e-01
-3.321000000000000227e+02 1.241306245150282372e-01
-3.320000000000000000e+02 1.229657638000279385e-01
-3.319000000000000341e+02 1.218266240009584223e-01
-3.318000000000000114e+02 1.232056608050280111e-01
-3.317000000000000455e+02 1.225720359319581870e-01
-3.316000000000000227e+02 1.249774362110284143e-01
-3.315000000000000000e+02 1.219532500490277255e-01
-3.314000000000000341e+02 1.238719314559577483e-01
-3.313000000000000114e+02 1.234979889080280724e-01
-3.312000000000000455e+02 1.209941566619587433e-01
-3.311000000000000227e+02 1.220699834370277542e-01
-3.310000000000000000e+02 1.212657101790275832e-01
-3.309000000000000341e+02 1.195874204099592053e-01
-3.308000000000000114e+02 1.214165732440276035e-01
-3.307000000000000455e+02 1.228851386209580954e-01
-3.306000000000000227e+02 1.217692465730276924e-01
-3.305000000000000000e+02 1.235835604170280877e-01
-3.304000000000000341e+02 1.223548920449582800e-01
-3.303000000000000114e+02 1.235336024840280877e-01
-3.302000000000000455e+02 1.225596701069581740e-01
-3.301000000000000227e+02 1.228975044460279414e-01
-3.300000000000000000e+02 1.236142276630280978e-01
-3.299000000000000341e+02 1.202897992699589469e-01
-3.298000000000000114e+02 1.214754345710276073e-01
-3.297000000000000455e+02 1.218162367079584640e-01
-3.296000000000000227e+02 1.221095540770277404e-01
-3.295000000000000000e+02 1.220116167430277399e-01
-3.294000000000000341e+02 1.242666485899576179e-01
-3.293000000000000114e+02 1.197536170980272319e-01
-3.292000000000000455e+02 1.245446323359575141e-01
-3.291000000000000227e+02 1.268585255100288522e-01
-3.290000000000000000e+02 1.239011148030281506e-01
-3.289000000000000341e+02 1.204451140319589136e-01
-3.288000000000000114e+02 1.216792233670276613e-01
-3.287000000000000455e+02 1.239070503989577327e-01
-3.286000000000000227e+02 1.232289085560280134e-01
-3.285000000000000000e+02 1.245846976090283081e-01
-3.284000000000000341e+02 1.226744249629581479e-01
-3.283000000000000114e+02 1.233683950620280551e-01
-3.282000000000000455e+02 1.216119532789585178e-01
-3.281000000000000227e+02 1.227120170710278985e-01
-3.280000000000000000e+02 1.230083022380279584e-01
-3.279000000000000341e+02 1.235153010629578690e-01
-3.278000000000000114e+02 1.215679309420276133e-01
-3.277000000000000455e+02 1.248745525469574236e-01
-3.276000000000000227e+02 1.203199718830273435e-01
-3.275000000000000000e+02 1.236597338990280959e-01
-3.274000000000000341e+02 1.250714164809573203e-01
-3.273000000000000114e+02 1.239960843390281869e-01
-3.272000000000000455e+02 1.244303721129575713e-01
-3.271000000000000227e+02 1.236978206400281277e-01
-3.270000000000000000e+02 1.207898732330274505e-01
-3.269000000000000341e+02 1.238872650789577395e-01
-3.268000000000000114e+02 1.235835604170280877e-01
-3.267000000000000455e+02 1.226803605589581597e-01
-3.266000000000000227e+02 1.257737953410285880e-01
-3.265000000000000000e+02 1.209209509780275055e-01
-3.264000000000000341e+02 1.214823594329585560e-01
-3.263000000000000114e+02 1.208566486880274654e-01
-3.262000000000000455e+02 1.248542725939574133e-01
-3.261000000000000227e+02 1.235677321610280793e-01
-3.260000000000000000e+02 1.234752357900280734e-01
-3.259000000000000341e+02 1.226373274879581504e-01
-3.258000000000000114e+02 1.213305071020275849e-01
-3.257000000000000455e+02 1.215456724569585339e-01
-3.256000000000000227e+02 1.220417893560277328e-01
-3.255000000000000000e+02 1.226442523500278770e-01
-3.254000000000000341e+02 1.234683109279578750e-01
-3.253000000000000114e+02 1.226318865250278917e-01
-3.252000000000000455e+02 1.235326132179578595e-01
-3.251000000000000227e+02 1.232224783270280122e-01
-3.250000000000000000e+02 1.220269503660277310e-01
-3.249000000000000341e+02 1.248013468629574213e-01
-3.248000000000000114e+02 1.209812962040275192e-01
-3.247000000000000455e+02 1.224726146989582320e-01
-3.246000000000000227e+02 1.236216471580280918e-01
-3.245000000000000000e+02 1.223098804420278130e-01
-3.244000000000000341e+02 1.217435256569584651e-01
-3.243000000000000114e+02 1.252855925700284978e-01
-3.242000000000000455e+02 1.240381281439577044e-01
-3.241000000000000227e+02 1.238808348500281681e-01
-3.240000000000000000e+02 1.219962831200277487e-01
-3.239000000000000341e+02 1.220858116929583598e-01
-3.238000000000000114e+02 1.221931470540277564e-01
-3.237000000000000455e+02 1.202185721179589994e-01
-3.236000000000000227e+02 1.239817399820282023e-01
-3.235000000000000000e+02 1.233179424960280379e-01
-3.234000000000000341e+02 1.234861177159578688e-01
-3.233000000000000114e+02 1.219092277120276957e-01
-3.232000000000000455e+02 1.226427684509581589e-01
-3.231000000000000227e+02 1.223172999370277930e-01
-3.230000000000000000e+02 1.225853910230278732e-01
-3.229000000000000341e+02 1.230335285209580298e-01
-3.228000000000000114e+02 1.207033124580274425e-01
-3.227000000000000455e+02 1.242458740039576320e-01
-3.226000000000000227e+02 1.228989883450279513e-01
-3.225000000000000000e+02 1.225848963900278699e-01
-3.224000000000000341e+02 1.253340666039572393e-01
-3.223000000000000114e+02 1.200766124470272894e-01
-3.222000000000000455e+02 1.249037358939573961e-01
-3.221000000000000227e+02 1.221451676530277697e-01
-3.220000000000000000e+02 1.240509886020281921e-01
-3.219000000000000341e+02 1.217123637779584933e-01
-3.218000000000000114e+02 1.232521563070280435e-01
-3.217000000000000455e+02 1.210159205139587080e-01
-3.216000000000000227e+02 1.235360756490281042e-01
-3.215000000000000000e+02 1.237255200880281458e-01
-3.214000000000000341e+02 1.218083225799584529e-01
-3.213000000000000114e+02 1.220610800430277365e-01
-3.212000000000000455e+02 1.254443697629572252e-01
-3.211000000000000227e+02 1.214571331500275964e-01
-3.210000000000000000e+02 1.234396222140280580e-01
-3.209000000000000341e+02 1.227669213339581261e-01
-3.208000000000000114e+02 1.229172897660279345e-01
-3.207000000000000455e+02 1.221941363199583047e-01
-3.206000000000000227e+02 1.221985880170277927e-01
-3.205000000000000000e+02 1.214294337020275921e-01
-3.204000000000000341e+02 1.240490100699576798e-01
-3.203000000000000114e+02 1.232264353910280108e-01
-3.202000000000000455e+02 1.225809393259582047e-01
-3.201000000000000227e+02 1.233515775400280540e-01
-3.200000000000000000e+02 1.214605955810276056e-01
-3.199000000000000341e+02 1.231928003469580091e-01
-3.198000000000000114e+02 1.226338650570278910e-01
-3.197000000000000455e+02 1.215387475949585572e-01
-3.196000000000000227e+02 1.229034400420279394e-01
-3.195000000000000000e+02 1.241375493770282140e-01
-3.194000000000000341e+02 1.256531048889571456e-01
-3.193000000000000114e+02 1.218637214760276838e-01
-3.192000000000000455e+02 1.231220678279580233e-01
-3.191000000000000227e+02 1.211331485350275600e-01
-3.190000000000000000e+02 1.214971984230276275e-01
-3.189000000000000341e+02 1.215036286519585729e-01
-3.188000000000000114e+02 1.221328018280277566e-01
-3.187000000000000455e+02 1.218182152399584217e-01
-3.186000000000000227e+02 1.220314020630277607e-01
-3.185000000000000000e+02 1.239129859950281881e-01
-3.184000000000000341e+02 1.221877060909583312e-01
-3.183000000000000114e+02 1.216629004780276774e-01
-3.182000000000000455e+02 1.220605854099583859e-01
-3.181000000000000227e+02 1.221001560500277749e-01
-3.180000000000000000e+02 1.221550603130277801e-01
-3.179000000000000341e+02 1.239030933349577479e-01
-3.178000000000000114e+02 1.197704346200272191e-01
-3.177000000000000455e+02 1.198668880549591115e-01
-3.176000000000000227e+02 1.199979658000272925e-01
-3.175000000000000000e+02 1.212760974720275831e-01
-3.174000000000000341e+02 1.211257290399586906e-01
-3.173000000000000114e+02 1.230290768240279720e-01
-3.172000000000000455e+02 1.206296121409588529e-01
-3.171000000000000227e+02 1.179689812340268262e-01
-3.170000000000000000e+02 1.206355477370274210e-01
-3.169000000000000341e+02 1.197125625589591652e-01
-3.168000000000000114e+02 1.204090058230273819e-01
-3.167000000000000455e+02 1.216243191039585309e-01
-3.166000000000000227e+02 1.236285720200281102e-01
-3.165000000000000000e+02 1.214403156280275953e-01
-3.164000000000000341e+02 1.206108160869588525e-01
-3.163000000000000114e+02 1.213403997620275954e-01
-3.162000000000000455e+02 1.215293495679585362e-01
-3.161000000000000227e+02 1.213087432500275648e-01
-3.160000000000000000e+02 1.190180978270270612e-01
-3.159000000000000341e+02 1.197659829229591744e-01
-3.158000000000000114e+02 1.229449892140279527e-01
-3.157000000000000455e+02 1.209362846009587322e-01
-3.156000000000000227e+02 1.223608276410278056e-01
-3.155000000000000000e+02 1.182934604820269076e-01
-3.154000000000000341e+02 1.171478904539600407e-01
-3.153000000000000114e+02 1.200978816660272924e-01
-3.152000000000000455e+02 1.216020606189585213e-01
-3.151000000000000227e+02 1.192881674450270990e-01
-3.150000000000000000e+02 1.180397137530268398e-01
-3.149000000000000341e+02 1.202952402329589693e-01
-3.148000000000000114e+02 1.192307900170271051e-01
-3.147000000000000455e+02 1.215338012649585658e-01
-3.146000000000000227e+02 1.198708451190272362e-01
-3.145000000000000000e+02 1.199534488300272594e-01
-3.144000000000000341e+02 1.193900618429592775e-01
-3.143000000000000114e+02 1.204025755940273806e-01
-3.142000000000000455e+02 1.195142147259592308e-01
-3.141000000000000227e+02 1.202873261050273479e-01
-3.140000000000000000e+02 1.182672449330268855e-01
-3.139000000000000341e+02 1.208165834149587947e-01
-3.138000000000000114e+02 1.191610467640270982e-01
-3.137000000000000455e+02 1.182657610339596654e-01
-3.136000000000000227e+02 1.192124885960270941e-01
-3.135000000000000000e+02 1.199227815840272493e-01
-3.134000000000000341e+02 1.173224959029599695e-01
-3.133000000000000114e+02 1.195379571100271821e-01
-3.132000000000000455e+02 1.187579208689594906e-01
-3.131000000000000227e+02 1.203254128460273381e-01
-3.130000000000000000e+02 1.203110684890273535e-01
-3.129000000000000341e+02 1.174466487859599367e-01
-3.128000000000000114e+02 1.169985112880266021e-01
-3.127000000000000455e+02 1.171953752219600103e-01
-3.126000000000000227e+02 1.170924915580266179e-01
-3.125000000000000000e+02 1.213859059980275795e-01
-3.124000000000000341e+02 1.161141074839603937e-01
-3.123000000000000114e+02 1.182162977340268928e-01
-3.122000000000000455e+02 1.174872086919599157e-01
-3.121000000000000227e+02 1.176999008820267673e-01
-3.120000000000000000e+02 1.162026467910264177e-01
-3.119000000000000341e+02 1.171968591209600341e-01
-3.118000000000000114e+02 1.185298950560269571e-01
-3.117000000000000455e+02 1.188860308159594287e-01
-3.116000000000000227e+02 1.160809670730263976e-01
-3.115000000000000000e+02 1.176113615750267322e-01
-3.114000000000000341e+02 1.181930499829596803e-01
-3.113000000000000114e+02 1.173234851690266728e-01
-3.112000000000000455e+02 1.190393670459593961e-01
-3.111000000000000227e+02 1.184077207050269198e-01
-3.110000000000000000e+02 1.188390406810270056e-01
-3.109000000000000341e+02 1.167863137309601562e-01
-3.108000000000000114e+02 1.171454172890266238e-01
-3.107000000000000455e+02 1.173027105829599764e-01
-3.106000000000000227e+02 1.176400502890267430e-01
-3.105000000000000000e+02 1.161986897270264191e-01
-3.104000000000000341e+02 1.198530383309591302e-01
-3.103000000000000114e+02 1.170692438070266295e-01
-3.102000000000000455e+02 1.178468068829598009e-01
-3.101000000000000227e+02 1.165202011770264806e-01
-3.100000000000000000e+02 1.153226946840262279e-01
-3.099000000000000341e+02 1.182687288319596713e-01
-3.098000000000000114e+02 1.173783894320266780e-01
-3.097000000000000455e+02 1.186743278919595163e-01
-3.096000000000000227e+02 1.155487419650262915e-01
-3.095000000000000000e+02 1.158450271320263236e-01
-3.094000000000000341e+02 1.182840624549596348e-01
-3.093000000000000114e+02 1.177582675760267816e-01
-3.092000000000000455e+02 1.177186969359598628e-01
-3.091000000000000227e+02 1.178324625260267905e-01
-3.090000000000000000e+02 1.178433444520267798e-01
-3.089000000000000341e+02 1.177681602359598317e-01
-3.088000000000000114e+02 1.195404302750271847e-01
-3.087000000000000455e+02 1.194459553719592615e-01
-3.086000000000000227e+02 1.195532907330271732e-01
-3.085000000000000000e+02 1.188390406810270056e-01
-3.084000000000000341e+02 1.185214862949595938e-01
-3.083000000000000114e+02 1.182177816330268472e-01
-3.082000000000000455e+02 1.167111295149601963e-01
-3.081000000000000227e+02 1.177478802830267818e-01
-3.080000000000000000e+02 1.183439130480269108e-01
-3.079000000000000341e+02 1.182598254379596814e-01
-3.078000000000000114e+02 1.191546165350270969e-01
-3.077000000000000455e+02 1.205277177429588814e-01
-3.076000000000000227e+02 1.173843250280266898e-01
-3.075000000000000000e+02 1.204802329750273848e-01
-3.074000000000000341e+02 1.164064355869602885e-01
-3.073000000000000114e+02 1.199717502510272704e-01
-3.072000000000000455e+02 1.177493641819598452e-01
-3.071000000000000227e+02 1.173863035600266891e-01
-3.070000000000000000e+02 1.173091408120266743e-01
-3.069000000000000341e+02 1.176054259789598849e-01
-3.068000000000000114e+02 1.144021826710260176e-01
-3.067000000000000455e+02 1.173660236069599683e-01
-3.066000000000000227e+02 1.186461338110269548e-01
-3.065000000000000000e+02 1.179200125670267912e-01
-3.064000000000000341e+02 1.182712019969596601e-01
-3.063000000000000114e+02 1.176815994610267702e-01
-3.062000000000000455e+02 1.201973028989590103e-01
-3.061000000000000227e+02 1.184463020790269272e-01
-3.060000000000000000e+02 1.162110555520264182e-01
-3.059000000000000341e+02 1.164237477419602790e-01
-3.058000000000000114e+02 1.200073638270272858e-01
-3.057000000000000455e+02 1.158435432329604775e-01
-3.056000000000000227e+02 1.170796311000266154e-01
-3.055000000000000000e+02 1.207735503440274388e-01
-3.054000000000000341e+02 1.189528062709594297e-01
-3.053000000000000114e+02 1.190705289250270638e-01
-3.052000000000000455e+02 1.200533646959590500e-01
-3.051000000000000227e+02 1.209140261160274871e-01
-3.050000000000000000e+02 1.187643510980269934e-01
-3.049000000000000341e+02 1.181465544809597035e-01
-3.048000000000000114e+02 1.198678773210272441e-01
-3.047000000000000455e+02 1.195241073859592412e-01
-3.046000000000000227e+02 1.186332733530269523e-01
-3.045000000000000000e+02 1.193569214320271132e-01
-3.044000000000000341e+02 1.201003548309590163e-01
-3.043000000000000114e+02 1.212122898150275463e-01
-3.042000000000000455e+02 1.211826118349586673e-01
-3.041000000000000227e+02 1.206825378720274289e-01
-3.040000000000000000e+02 1.202388520710273301e-01
-3.039000000000000341e+02 1.194612889949592527e-01
-3.038000000000000114e+02 1.169099719810265947e-01
-3.037000000000000455e+02 1.196220447199592002e-01
-3.036000000000000227e+02 1.193158668930271310e-01
-3.035000000000000000e+02 1.208150995160274799e-01
-3.034000000000000341e+02 1.256293625049571538e-01
-3.033000000000000114e+02 1.191026800700270838e-01
-3.032000000000000455e+02 1.210317487699587163e-01
-3.031000000000000227e+02 1.217014818520276709e-01
-3.030000000000000000e+02 1.208413150650274742e-01
-3.029000000000000341e+02 1.197516385659591481e-01
-3.028000000000000114e+02 1.212721404080275706e-01
-3.027000000000000455e+02 1.205811381069588628e-01
-3.026000000000000227e+02 1.203837795400273802e-01
-3.025000000000000000e+02 1.220269503660277310e-01
-3.024000000000000341e+02 1.197788433809591352e-01
-3.023000000000000114e+02 1.213933254930276012e-01
-3.022000000000000455e+02 1.244180062879575582e-01
-3.021000000000000227e+02 1.228485357790279203e-01
-3.020000000000000000e+02 1.242928641390282640e-01
-3.019000000000000341e+02 1.243937692709575771e-01
-3.018000000000000114e+02 1.241039143330282118e-01
-3.017000000000000455e+02 1.233688896949579478e-01
-3.016000000000000227e+02 1.209615108840274983e-01
-3.015000000000000000e+02 1.222826756270278120e-01
-3.014000000000000341e+02 1.221065862789583456e-01
-3.013000000000000114e+02 1.230988200770279928e-01
-3.012000000000000455e+02 1.255808884709571638e-01
-3.011000000000000227e+02 1.253118081190284783e-01
-3.010000000000000000e+02 1.231092073700279788e-01
-3.009000000000000341e+02 1.235845496829578311e-01
-3.008000000000000114e+02 1.243314455130282575e-01
-3.007000000000000455e+02 1.244165223889575483e-01
-3.006000000000000227e+02 1.266240694680287882e-01
-3.005000000000000000e+02 1.242968212030282488e-01
-3.004000000000000341e+02 1.256654707139571447e-01
-3.003000000000000114e+02 1.244590608270282894e-01
-3.002000000000000455e+02 1.262664498089569320e-01
-3.001000000000000227e+02 1.262016528860286924e-01
-3.000000000000000000e+02 1.259385081300286313e-01
-2.999000000000000341e+02 1.248918647019573863e-01
-2.998000000000000114e+02 1.259573041840286456e-01
-2.997000000000000455e+02 1.279551268709563649e-01
-2.996000000000000227e+02 1.281233020910291232e-01
-2.995000000000000000e+02 1.247494103980283653e-01
-2.994000000000000341e+02 1.265399818579568403e-01
-2.993000000000000114e+02 1.261096511480286619e-01
-2.992000000000000455e+02 1.245891493059575195e-01
-2.991000000000000227e+02 1.276306476230290032e-01
-2.990000000000000000e+02 1.268624825740288231e-01
-2.989000000000000341e+02 1.273190288329565656e-01
-2.988000000000000114e+02 1.273175449340289422e-01
-2.987000000000000455e+02 1.260834355989569888e-01
-2.986000000000000227e+02 1.280540534710291056e-01
-2.985000000000000000e+02 1.296022547610294895e-01
-2.984000000000000341e+02 1.295508129289558163e-01
-2.983000000000000114e+02 1.304347221000296542e-01
-2.982000000000000455e+02 1.317059289099550834e-01
-2.981000000000000227e+02 1.321308186570300247e-01
-2.980000000000000000e+02 1.284809217500292311e-01
-2.979000000000000341e+02 1.304114743489555306e-01
-2.978000000000000114e+02 1.303268921060296293e-01
-2.977000000000000455e+02 1.300677044139556260e-01
-2.976000000000000227e+02 1.321674214990300467e-01
-2.975000000000000000e+02 1.309352906960297713e-01
-2.974000000000000341e+02 1.307438677249554149e-01
-2.973000000000000114e+02 1.336315351790303696e-01
-2.972000000000000455e+02 1.309897003259553050e-01
-2.971000000000000227e+02 1.321931424150300516e-01
-2.970000000000000000e+02 1.322717890620300762e-01
-2.969000000000000341e+02 1.302977087589555494e-01
-2.968000000000000114e+02 1.341207272160304942e-01
-2.967000000000000455e+02 1.326897539469547305e-01
-2.966000000000000227e+02 1.336127391250303831e-01
-2.965000000000000000e+02 1.331942796070302859e-01
-2.964000000000000341e+02 1.345243477439541091e-01
-2.963000000000000114e+02 1.336038357310303515e-01
-2.962000000000000455e+02 1.338551092949543386e-01
-2.961000000000000227e+02 1.315590229090299323e-01
-2.960000000000000000e+02 1.312226724690298274e-01
-2.959000000000000341e+02 1.323034455739548754e-01
-2.958000000000000114e+02 1.366824315230310838e-01
-2.957000000000000455e+02 1.315768296969551110e-01
-2.956000000000000227e+02 1.345307779730305631e-01
-2.955000000000000000e+02 1.354023213190307939e-01
-2.954000000000000341e+02 1.348864190999540247e-01
-2.953000000000000114e+02 1.319097177060299664e-01
-2.952000000000000455e+02 1.331556982329545891e-01
-2.951000000000000227e+02 1.330087922320302429e-01
-2.950000000000000000e+02 1.356328202970308316e-01
-2.949000000000000341e+02 1.361981858159535264e-01
-2.948000000000000114e+02 1.348592142850306708e-01
-2.947000000000000455e+02 1.332101078629545632e-01
-2.946000000000000227e+02 1.360789792630309192e-01
-2.945000000000000000e+02 1.348532786890306590e-01
-2.944000000000000341e+02 1.362951338839535065e-01
-2.943000000000000114e+02 1.352771791700307369e-01
-2.942000000000000455e+02 1.371117729669532048e-01
-2.941000000000000227e+02 1.370296638890311225e-01
-2.940000000000000000e+02 1.389918730000316016e-01
-2.939000000000000341e+02 1.382731712509528144e-01
-2.938000000000000114e+02 1.371523328730311908e-01
-2.937000000000000455e+02 1.347701803449540270e-01
-2.936000000000000227e+02 1.362194550350309674e-01
-2.935000000000000000e+02 1.382143099240314144e-01
-2.934000000000000341e+02 1.379224764539529469e-01
-2.933000000000000114e+02 1.362065945770309650e-01
-2.932000000000000455e+02 1.365800424919534073e-01
-2.931000000000000227e+02 1.369490387100311402e-01
-2.930000000000000000e+02 1.374718657910312392e-01
-2.929000000000000341e+02 1.366492911119533971e-01
-2.928000000000000114e+02 1.378270122850313584e-01
-2.927000000000000455e+02 1.387910520019526583e-01
-2.926000000000000227e+02 1.399519556530318121e-01
-2.925000000000000000e+02 1.410609228390320713e-01
-2.924000000000000341e+02 1.386535440279526854e-01
-2.923000000000000114e+02 1.396947464930317628e-01
-2.922000000000000455e+02 1.414353600199517724e-01
-2.921000000000000227e+02 1.374604892320312743e-01
-2.920000000000000000e+02 1.391936832640316424e-01
-2.919000000000000341e+02 1.394657314139524096e-01
-2.918000000000000114e+02 1.421065770010322971e-01
-2.917000000000000455e+02 1.392960722949524721e-01
-2.916000000000000227e+02 1.384274967470314477e-01
-2.915000000000000000e+02 1.393203093120316816e-01
-2.914000000000000341e+02 1.391368004689525206e-01
-2.913000000000000114e+02 1.401122167450318534e-01
-2.912000000000000455e+02 1.392955776619524966e-01
-2.911000000000000227e+02 1.414838340540321426e-01
-2.910000000000000000e+02 1.400454412900318524e-01
-2.909000000000000341e+02 1.450862461929505187e-01
-2.908000000000000114e+02 1.414566292390321556e-01
-2.907000000000000455e+02 1.432511577629511368e-01
-2.906000000000000227e+02 1.409338021580320288e-01
-2.905000000000000000e+02 1.408838442250320289e-01
-2.904000000000000341e+02 1.418637121979516302e-01
-2.903000000000000114e+02 1.362985963150309954e-01
-2.902000000000000455e+02 1.407349596919519885e-01
-2.901000000000000227e+02 1.423252047870323667e-01
-2.900000000000000000e+02 1.381153833240313933e-01
-2.899000000000000341e+02 1.398154369449522982e-01
-2.898000000000000114e+02 1.384566800940314479e-01
-2.897000000000000455e+02 1.401577229809522207e-01
-2.896000000000000227e+02 1.420581029670323070e-01
-2.895000000000000000e+02 1.464905092800332931e-01
-2.894000000000000341e+02 1.396081857179523877e-01
-2.893000000000000114e+02 1.426457269710324216e-01
-2.892000000000000455e+02 1.440415812969508824e-01
-2.891000000000000227e+02 1.418973472420322623e-01
-2.890000000000000000e+02 1.405296869970319440e-01
-2.889000000000000341e+02 1.433367292719511243e-01
-2.888000000000000114e+02 1.408284453290320204e-01
-2.887000000000000455e+02 1.425769729839513611e-01
-2.886000000000000227e+02 1.444343198990328259e-01
-2.885000000000000000e+02 1.399920209260318293e-01
-2.884000000000000341e+02 1.447048841499506411e-01
-2.883000000000000114e+02 1.433243634470325878e-01
-2.882000000000000455e+02 1.438526314909509274e-01
-2.881000000000000227e+02 1.424750785860323943e-01
-2.880000000000000000e+02 1.433416756020325644e-01
-2.879000000000000341e+02 1.474500972999497062e-01
-2.878000000000000114e+02 1.410515248120320642e-01
-2.877000000000000455e+02 1.452766798979504559e-01
-2.876000000000000227e+02 1.461828475540332406e-01
-2.875000000000000000e+02 1.450056210140329427e-01
-2.874000000000000341e+02 1.453122934739504157e-01
-2.873000000000000114e+02 1.428524835650324676e-01
-2.872000000000000455e+02 1.434178490839510545e-01
-2.871000000000000227e+02 1.428777098480324692e-01
-2.870000000000000000e+02 1.459424559160331647e-01
-2.869000000000000341e+02 1.435647550849510345e-01
-2.868000000000000114e+02 1.468367523800333807e-01
-2.867000000000000455e+02 1.482608007869494204e-01
-2.866000000000000227e+02 1.429365711750324730e-01
-2.865000000000000000e+02 1.459043691750331884e-01
-2.864000000000000341e+02 1.453256485649504215e-01
-2.863000000000000114e+02 1.458489702790331799e-01
-2.862000000000000455e+02 1.430943591019511740e-01
-2.861000000000000227e+02 1.466834161500333300e-01
-2.860000000000000000e+02 1.448789949660329313e-01
-2.859000000000000341e+02 1.458529273429502449e-01
-2.858000000000000114e+02 1.476459719680335847e-01
-2.857000000000000455e+02 1.463886148819500688e-01
-2.856000000000000227e+02 1.478799333770336177e-01
-2.855000000000000000e+02 1.453790689290330451e-01
-2.854000000000000341e+02 1.479412678689495386e-01
-2.853000000000000114e+02 1.469698086570334072e-01
-2.852000000000000455e+02 1.488652423129492308e-01
-2.851000000000000227e+02 1.476647680220335712e-01
-2.850000000000000000e+02 1.447766059350329149e-01
-2.849000000000000341e+02 1.457233334969502969e-01
-2.848000000000000114e+02 1.455210286000330755e-01
-2.847000000000000455e+02 1.478304700769495772e-01
-2.846000000000000227e+02 1.503689266330341667e-01
-2.845000000000000000e+02 1.467991602720333522e-01
-2.844000000000000341e+02 1.482207355139494587e-01
-2.843000000000000114e+02 1.491946678910339164e-01
-2.842000000000000455e+02 1.503120438379487445e-01
-2.841000000000000227e+02 1.479274181450336290e-01
-2.840000000000000000e+02 1.478151364540336021e-01
-2.839000000000000341e+02 1.479476980979495260e-01
-2.838000000000000114e+02 1.488142951140338510e-01
-2.837000000000000455e+02 1.480263447449495229e-01
-2.836000000000000227e+02 1.496388483250340184e-01
-2.835000000000000000e+02 1.465004019400333035e-01
-2.834000000000000341e+02 1.485907209979493160e-01
-2.833000000000000114e+02 1.479002133300336141e-01
-2.832000000000000455e+02 1.467615681639499459e-01
-2.831000000000000227e+02 1.496907847900340316e-01
-2.830000000000000000e+02 1.490640847790338785e-01
-2.829000000000000341e+02 1.514813562499483235e-01
-2.828000000000000114e+02 1.489349855660338506e-01
-2.827000000000000455e+02 1.471127575939498444e-01
-2.826000000000000227e+02 1.493549289830339577e-01
-2.825000000000000000e+02 1.498921004210340691e-01
-2.824000000000000341e+02 1.497229359349488975e-01
-2.823000000000000114e+02 1.523469640000346403e-01
-2.822000000000000455e+02 1.469455716399498957e-01
-2.821000000000000227e+02 1.515891862440344462e-01
-2.820000000000000000e+02 1.506380069850342673e-01
-2.819000000000000341e+02 1.501240832979487960e-01
-2.818000000000000114e+02 1.481564332240336568e-01
-2.817000000000000455e+02 1.497946577199489038e-01
-2.816000000000000227e+02 1.477933726020335958e-01
-2.815000000000000000e+02 1.508220104610343004e-01
-2.814000000000000341e+02 1.476034335299496458e-01
-2.813000000000000114e+02 1.491961517900339262e-01
-2.812000000000000455e+02 1.534950071929476190e-01
-2.811000000000000227e+02 1.522514998310346146e-01
-2.810000000000000000e+02 1.511004888400343527e-01
-2.809000000000000341e+02 1.532744008749477305e-01
-2.808000000000000114e+02 1.535701914090348841e-01
-2.807000000000000455e+02 1.531166129479477611e-01
-2.806000000000000227e+02 1.497946577200340579e-01
-2.805000000000000000e+02 1.539906294590350222e-01
-2.804000000000000341e+02 1.561823482819467424e-01
-2.803000000000000114e+02 1.494226937040339931e-01
-2.802000000000000455e+02 1.526595720559479341e-01
-2.801000000000000227e+02 1.539738119370350211e-01
-2.800000000000000000e+02 1.517093820630344980e-01
-2.799000000000000341e+02 1.518043515989482284e-01
-2.798000000000000114e+02 1.529766318090347854e-01
-2.797000000000000455e+02 1.529845459369478244e-01
-2.796000000000000227e+02 1.528524789260347350e-01
-2.795000000000000000e+02 1.535256744390348926e-01
-2.794000000000000341e+02 1.513003205719483657e-01
-2.793000000000000114e+02 1.544946604860351069e-01
-2.792000000000000455e+02 1.513621496969483615e-01
-2.791000000000000227e+02 1.498075181780340603e-01
-2.790000000000000000e+02 1.543363779260350788e-01
-2.789000000000000341e+02 1.509318189869485183e-01
-2.788000000000000114e+02 1.528974905290347852e-01
-2.787000000000000455e+02 1.525903234359479721e-01
-2.786000000000000227e+02 1.529405236000347668e-01
-2.785000000000000000e+02 1.493752089360339541e-01
-2.784000000000000341e+02 1.551198765979470706e-01
-2.783000000000000114e+02 1.544758644320351204e-01
-2.782000000000000455e+02 1.537893138279475269e-01
-2.781000000000000227e+02 1.530122453850347730e-01
-2.780000000000000000e+02 1.539357251960350170e-01
-2.779000000000000341e+02 1.542562473799473921e-01
-2.778000000000000114e+02 1.595943267160362666e-01
-2.777000000000000455e+02 1.557792223869468584e-01
-2.776000000000000227e+02 1.560463242070355139e-01
-2.775000000000000000e+02 1.550951449480352795e-01
-2.774000000000000341e+02 1.538818101989475329e-01
-2.773000000000000114e+02 1.583691207750360097e-01
-2.772000000000000455e+02 1.570850535069464315e-01
-2.771000000000000227e+02 1.541652349080350759e-01
-2.770000000000000000e+02 1.550432084830352386e-01
-2.769000000000000341e+02 1.569574381929464690e-01
-2.768000000000000114e+02 1.567803595790356330e-01
-2.767000000000000455e+02 1.561071640659467685e-01
-2.766000000000000227e+02 1.598065242730363766e-01
-2.765000000000000000e+02 1.585303711330360299e-01
-2.764000000000000341e+02 1.550471655469471133e-01
-2.763000000000000114e+02 1.565429357390356047e-01
-2.762000000000000455e+02 1.558019755049468436e-01
-2.761000000000000227e+02 1.578433258960358632e-01
-2.760000000000000000e+02 1.566997344000356229e-01
-2.759000000000000341e+02 1.582741512389460314e-01
-2.758000000000000114e+02 1.592095022420362271e-01
-2.757000000000000455e+02 1.572824120739463594e-01
-2.756000000000000227e+02 1.585160267760360175e-01
-2.755000000000000000e+02 1.559290961860354541e-01
-2.754000000000000341e+02 1.582504088549460119e-01
-2.753000000000000114e+02 1.573472089970357479e-01
-2.752000000000000455e+02 1.572972510639463750e-01
-2.751000000000000227e+02 1.590749620660361352e-01
-2.750000000000000000e+02 1.582162791780359901e-01
-2.749000000000000341e+02 1.556501231739468860e-01
-2.748000000000000114e+02 1.617360876060367769e-01
-2.747000000000000455e+02 1.587875802929458180e-01
-2.746000000000000227e+02 1.597318346900362951e-01
-2.745000000000000000e+02 1.561882838780354887e-01
-2.744000000000000341e+02 1.558786436199467995e-01
-2.743000000000000114e+02 1.607784781180365552e-01
-2.742000000000000455e+02 1.596180690999455531e-01
-2.741000000000000227e+02 1.577478617270358652e-01
-2.740000000000000000e+02 1.566052594970356038e-01
-2.739000000000000341e+02 1.606290989519452150e-01
-2.738000000000000114e+02 1.562387364440355197e-01
-2.737000000000000455e+02 1.617217432489448381e-01
-2.736000000000000227e+02 1.594894645200362338e-01
-2.735000000000000000e+02 1.599227630280363743e-01
-2.734000000000000341e+02 1.603709005259452980e-01
-2.733000000000000114e+02 1.628974858900370248e-01
-2.732000000000000455e+02 1.616208381169448594e-01
-2.731000000000000227e+02 1.577330227370358495e-01
-2.730000000000000000e+02 1.603219318590364817e-01
-2.729000000000000341e+02 1.603684273609453093e-01
-2.728000000000000114e+02 1.603224264920364572e-01
-2.727000000000000455e+02 1.565844849109465642e-01
-2.726000000000000227e+02 1.630008641870370756e-01
-2.725000000000000000e+02 1.608239843540365532e-01
-2.724000000000000341e+02 1.616475482989448709e-01
-2.723000000000000114e+02 1.616198488510367515e-01
-2.722000000000000455e+02 1.592535245789456766e-01
-2.721000000000000227e+02 1.651708191580375795e-01
-2.720000000000000000e+02 1.598431271150363431e-01
-2.719000000000000341e+02 1.622519898249446535e-01
-2.718000000000000114e+02 1.609169753580365902e-01
-2.717000000000000455e+02 1.608254682529451363e-01
-2.716000000000000227e+02 1.605331401500364741e-01
-2.715000000000000000e+02 1.650718925580375307e-01
-2.714000000000000341e+02 1.622603985859446540e-01
-2.713000000000000114e+02 1.587945051550360975e-01
-2.712000000000000455e+02 1.627931183269444582e-01
-2.711000000000000227e+02 1.611217534200365953e-01
-2.710000000000000000e+02 1.620160498840368390e-01
-2.709000000000000341e+02 1.633782691659442787e-01
-2.708000000000000114e+02 1.640015067460372788e-01
-2.707000000000000455e+02 1.619923074999447543e-01
-2.706000000000000227e+02 1.607631444950365640e-01
-2.705000000000000000e+02 1.620951911640368392e-01
-2.704000000000000341e+02 1.649704927929437348e-01
-2.703000000000000114e+02 1.601745312250363873e-01
-2.702000000000000455e+02 1.636938450199441619e-01
-2.701000000000000227e+02 1.615872030730367559e-01
-2.700000000000000000e+02 1.635251751670371567e-01
-2.699000000000000341e+02 1.620595775879447031e-01
-2.698000000000000114e+02 1.657816909130377103e-01
-2.697000000000000455e+02 1.627609671819444936e-01
-2.696000000000000227e+02 1.640203028000372931e-01
-2.695000000000000000e+02 1.632026744510370886e-01
-2.694000000000000341e+02 1.650209453589437103e-01
-2.693000000000000114e+02 1.615778050460367488e-01
-2.692000000000000455e+02 1.656461614709434926e-01
-2.691000000000000227e+02 1.653132734620375577e-01
-2.690000000000000000e+02 1.668377323680379498e-01
-2.689000000000000341e+02 1.641672088009439867e-01
-2.688000000000000114e+02 1.648018229400374790e-01
-2.687000000000000455e+02 1.661813543769432855e-01
-2.686000000000000227e+02 1.641840263230373020e-01
-2.685000000000000000e+02 1.652895310780375937e-01
-2.684000000000000341e+02 1.639658931699440603e-01
-2.683000000000000114e+02 1.686861758890383645e-01
-2.682000000000000455e+02 1.678937738229427101e-01
-2.681000000000000227e+02 1.703451749710387098e-01
-2.680000000000000000e+02 1.657262920170376463e-01
-2.679000000000000341e+02 1.655536650999435422e-01
-2.678000000000000114e+02 1.661556334610377605e-01
-2.677000000000000455e+02 1.646242496929438415e-01
-2.676000000000000227e+02 1.643334054890373541e-01
-2.675000000000000000e+02 1.672690523440380217e-01
-2.674000000000000341e+02 1.638021696469441346e-01
-2.673000000000000114e+02 1.664964355980378397e-01
-2.672000000000000455e+02 1.674530558199428809e-01
-2.671000000000000227e+02 1.666156421510378571e-01
-2.670000000000000000e+02 1.653142627280375920e-01
-2.669000000000000341e+02 1.675094439819428960e-01
-2.668000000000000114e+02 1.674594860490380699e-01
-2.667000000000000455e+02 1.661645368549433399e-01
-2.666000000000000227e+02 1.671696311110380251e-01
-2.665000000000000000e+02 1.697986055060385913e-01
-2.664000000000000341e+02 1.696116342319421710e-01
-2.663000000000000114e+02 1.677384590610381532e-01
-2.662000000000000455e+02 1.688865022539424166e-01
-2.661000000000000227e+02 1.655437724400376232e-01
-2.660000000000000000e+02 1.660141684230377335e-01
-2.659000000000000341e+02 1.652791437849435996e-01
-2.658000000000000114e+02 1.655675148240376704e-01
-2.657000000000000455e+02 1.684611178739425230e-01
-2.656000000000000227e+02 1.679570868470381673e-01
-2.655000000000000000e+02 1.695789884540385428e-01
-2.654000000000000341e+02 1.641583054069440106e-01
-2.653000000000000114e+02 1.688360496880383921e-01
-2.652000000000000455e+02 1.669005507589430559e-01
-2.651000000000000227e+02 1.694459321770385163e-01
-2.650000000000000000e+02 1.676484358550381359e-01
-2.649000000000000341e+02 1.688810612909424080e-01
-2.648000000000000114e+02 1.677800082330381526e-01
-2.647000000000000455e+02 1.694652228639422220e-01
-2.646000000000000227e+02 1.695473319420385261e-01
-2.645000000000000000e+02 1.718107725500390703e-01
-2.644000000000000341e+02 1.686104970399424918e-01
-2.643000000000000114e+02 1.691768518250384712e-01
-2.642000000000000455e+02 1.706498688989417645e-01
-2.641000000000000227e+02 1.685981312150383327e-01
-2.640000000000000000e+02 1.671597384510380147e-01
-2.639000000000000341e+02 1.704124450589418749e-01
-2.638000000000000114e+02 1.710614035550388767e-01
-2.637000000000000455e+02 1.674327758669429123e-01
-2.636000000000000227e+02 1.722579207820391645e-01
-2.635000000000000000e+02 1.686149487370383337e-01
-2.634000000000000341e+02 1.698238317889420590e-01
-2.633000000000000114e+02 1.711301575420389187e-01
-2.632000000000000455e+02 1.669089595199430565e-01
-2.631000000000000227e+02 1.711425233670389179e-01
-2.630000000000000000e+02 1.692490682430384807e-01
-2.629000000000000341e+02 1.714452387629415431e-01
-2.628000000000000114e+02 1.702596034620387222e-01
-2.627000000000000455e+02 1.695418909789421780e-01
-2.626000000000000227e+02 1.676998776870381180e-01
-2.625000000000000000e+02 1.716000588920390257e-01
-2.624000000000000341e+02 1.674129905469428914e-01
-2.623000000000000114e+02 1.693044671390384892e-01
-2.622000000000000455e+02 1.713507638599415239e-01
-2.621000000000000227e+02 1.718107725500390703e-01
-2.620000000000000000e+02 1.699816197160386455e-01
-2.619000000000000341e+02 1.730374623899409714e-01
-2.618000000000000114e+02 1.707463223340388025e-01
-2.617000000000000455e+02 1.699188013249420259e-01
-2.616000000000000227e+02 1.704826829450387660e-01
-2.615000000000000000e+02 1.718963440590390856e-01
-2.614000000000000341e+02 1.700518576019419970e-01
-2.613000000000000114e+02 1.715451546290390206e-01
-2.612000000000000455e+02 1.724077945809411871e-01
-2.611000000000000227e+02 1.709857247060388719e-01
-2.610000000000000000e+02 1.719433341940391213e-01
-2.609000000000000341e+02 1.760245510769399835e-01
-2.608000000000000114e+02 1.725903141580392430e-01
-2.607000000000000455e+02 1.744535966689404749e-01
-2.606000000000000227e+02 1.733485865470394127e-01
-2.605000000000000000e+02 1.727372201590392786e-01
-2.604000000000000341e+02 1.733698557659408557e-01
-2.603000000000000114e+02 1.721016167540391217e-01
-2.602000000000000455e+02 1.755353590399401364e-01
-2.601000000000000227e+02 1.710856405720388995e-01
-2.600000000000000000e+02 1.755546497270399076e-01
-2.599000000000000341e+02 1.752623216239402038e-01
-2.598000000000000114e+02 1.757045235260399352e-01
-2.597000000000000455e+02 1.760997352929399296e-01
-2.596000000000000227e+02 1.766962626910401901e-01
-2.595000000000000000e+02 1.752351168090398592e-01
-2.594000000000000341e+02 1.729657406049410207e-01
-2.593000000000000114e+02 1.767234675060401772e-01
-2.592000000000000455e+02 1.706112875249418126e-01
-2.591000000000000227e+02 1.725062265480392376e-01
-2.590000000000000000e+02 1.767145641120401733e-01
-2.589000000000000341e+02 1.767086285159397419e-01
-2.588000000000000114e+02 1.744570591000396687e-01
-2.587000000000000455e+02 1.790235109559389082e-01
-2.586000000000000227e+02 1.754888635380399131e-01
-2.585000000000000000e+02 1.742339796170396249e-01
-2.584000000000000341e+02 1.719759799719413340e-01
-2.583000000000000114e+02 1.764415266960401019e-01
-2.582000000000000455e+02 1.754042812949401509e-01
-2.581000000000000227e+02 1.732274014620394098e-01
-2.580000000000000000e+02 1.784057143390405664e-01
-2.579000000000000341e+02 1.751965354349402648e-01
-2.578000000000000114e+02 1.785892231820405962e-01
-2.577000000000000455e+02 1.783676275979391435e-01
-2.576000000000000227e+02 1.774555243460403109e-01
-2.575000000000000000e+02 1.745787388180396749e-01
-2.574000000000000341e+02 1.730691189019409881e-01
-2.573000000000000114e+02 1.762466412940400795e-01
-2.572000000000000455e+02 1.789503052719389753e-01
-2.571000000000000227e+02 1.783696061300405478e-01
-2.570000000000000000e+02 1.746608478960397226e-01
-2.569000000000000341e+02 1.759152371839400042e-01
-2.568000000000000114e+02 1.793380975440407865e-01
-2.567000000000000455e+02 1.757470619639400766e-01
-2.566000000000000227e+02 1.790413177440406955e-01
-2.565000000000000000e+02 1.751886213070398268e-01
-2.564000000000000341e+02 1.791827827819388874e-01
-2.563000000000000114e+02 1.750323172790397563e-01
-2.562000000000000455e+02 1.764029453219398413e-01
-2.561000000000000227e+02 1.769040085510402149e-01
-2.560000000000000000e+02 1.759854750700400039e-01
-2.559000000000000341e+02 1.771953473879395446e-01
-2.558000000000000114e+02 1.771231309700402878e-01
-2.557000000000000455e+02 1.804935602319384103e-01
-2.556000000000000227e+02 1.788212060590406438e-01
-2.555000000000000000e+02 1.754586909250399063e-01
-2.554000000000000341e+02 1.806345306369384063e-01
-2.553000000000000114e+02 1.796244900510408360e-01
-2.552000000000000455e+02 1.795399078079387700e-01
-2.551000000000000227e+02 1.776474419500403690e-01
-2.550000000000000000e+02 1.825269964950415047e-01
-2.549000000000000341e+02 1.783696061299391566e-01
-2.548000000000000114e+02 1.790897917780407411e-01
-2.547000000000000455e+02 1.808714598439382926e-01
-2.546000000000000227e+02 1.819299744640413830e-01
-2.545000000000000000e+02 1.793702486890407788e-01
-2.544000000000000341e+02 1.799291839789386171e-01
-2.543000000000000114e+02 1.811059158860411633e-01
-2.542000000000000455e+02 1.787890549139390384e-01
-2.541000000000000227e+02 1.810782164380411452e-01
-2.540000000000000000e+02 1.797723853180408504e-01
-2.539000000000000341e+02 1.833861740159374587e-01
-2.538000000000000114e+02 1.779526305110404327e-01
-2.537000000000000455e+02 1.774609653089395112e-01
-2.536000000000000227e+02 1.813749962380412362e-01
-2.535000000000000000e+02 1.781959899470405007e-01
-2.534000000000000341e+02 1.811148192799382217e-01
-2.533000000000000114e+02 1.853399743660421040e-01
-2.532000000000000455e+02 1.807161450819383675e-01
-2.531000000000000227e+02 1.824661566360414600e-01
-2.530000000000000000e+02 1.813032744530412299e-01
-2.529000000000000341e+02 1.791817935159388808e-01
-2.528000000000000114e+02 1.814813423330412789e-01
-2.527000000000000455e+02 1.834148627299374279e-01
-2.526000000000000227e+02 1.824582425080414905e-01
-2.525000000000000000e+02 1.816257751690412703e-01
-2.524000000000000341e+02 1.832674620959375000e-01
-2.523000000000000114e+02 1.814496858210412622e-01
-2.522000000000000455e+02 1.813106939479381674e-01
-2.521000000000000227e+02 1.834361319490417086e-01
-2.520000000000000000e+02 1.795478219360408245e-01
-2.519000000000000341e+02 1.821673983039378553e-01
-2.518000000000000114e+02 1.837833643150417751e-01
-2.517000000000000455e+02 1.836992767049373254e-01
-2.516000000000000227e+02 1.793643130930407670e-01
-2.515000000000000000e+02 1.829281438580415975e-01
-2.514000000000000341e+02 1.841736297519371568e-01
-2.513000000000000114e+02 1.850674315830420635e-01
-2.512000000000000455e+02 1.825418354849377423e-01
-2.511000000000000227e+02 1.818023591500413372e-01
-2.510000000000000000e+02 1.833297858540416936e-01
-2.509000000000000341e+02 1.846974460989369848e-01
-2.508000000000000114e+02 1.851060129570420709e-01
-2.507000000000000455e+02 1.841404893409371857e-01
-2.506000000000000227e+02 1.864128333430424000e-01
-2.505000000000000000e+02 1.864642751750424099e-01
-2.504000000000000341e+02 1.850154951179368845e-01
-2.503000000000000114e+02 1.836695987250417383e-01
-2.502000000000000455e+02 1.814699657739381189e-01
-2.501000000000000227e+02 1.804163974840410078e-01
-2.500000000000000000e+02 1.872131495370425724e-01
-2.499000000000000341e+02 1.857020457219366594e-01
-2.498000000000000114e+02 1.825428247510414992e-01
-2.497000000000000455e+02 1.857396378299366324e-01
-2.496000000000000227e+02 1.885491532700428463e-01
-2.495000000000000000e+02 1.881460273750427958e-01
-2.494000000000000341e+02 1.849724620469368752e-01
-2.493000000000000114e+02 1.825448032830415124e-01
-2.492000000000000455e+02 1.844481510669370439e-01
-2.491000000000000227e+02 1.850941417650420751e-01
-2.490000000000000000e+02 1.845139372560419266e-01
-2.489000000000000341e+02 1.846648003209370170e-01
-2.488000000000000114e+02 1.877612029010427008e-01
-2.487000000000000455e+02 1.864988994849363924e-01
-2.486000000000000227e+02 1.895537528930430760e-01
-2.485000000000000000e+02 1.858697263090422491e-01
-2.484000000000000341e+02 1.863876070599364554e-01
-2.483000000000000114e+02 1.866388806240424358e-01
-2.482000000000000455e+02 1.854166424809367553e-01
-2.481000000000000227e+02 1.875336717210426274e-01
-2.480000000000000000e+02 1.853627274840421446e-01
-2.479000000000000341e+02 1.811039373539382047e-01
-2.478000000000000114e+02 1.894647189530430376e-01
-2.477000000000000455e+02 1.861872806949365078e-01
-2.476000000000000227e+02 1.843521922650419309e-01
-2.475000000000000000e+02 1.885793258830428532e-01
-2.474000000000000341e+02 1.869010361139362419e-01
-2.473000000000000114e+02 1.846529291290419650e-01
-2.472000000000000455e+02 1.881123923309358514e-01
-2.471000000000000227e+02 1.863213262380423452e-01
-2.470000000000000000e+02 1.898535004910431589e-01
-2.469000000000000341e+02 1.867729261669362761e-01
-2.468000000000000114e+02 1.889354616430429790e-01
-2.467000000000000455e+02 1.866809244289363012e-01
-2.466000000000000227e+02 1.889967961350429715e-01
-2.465000000000000000e+02 1.880372081150427366e-01
-2.464000000000000341e+02 1.889873981079355503e-01
-2.463000000000000114e+02 1.900231596100431797e-01
-2.462000000000000455e+02 1.905469759569350108e-01
-2.461000000000000227e+02 1.902046899210432240e-01
-2.460000000000000000e+02 1.867476998840424396e-01
-2.459000000000000341e+02 1.897679289819352577e-01
-2.458000000000000114e+02 1.888246638510429343e-01
-2.457000000000000455e+02 1.915891676879346306e-01
-2.456000000000000227e+02 1.890388399400429742e-01
-2.455000000000000000e+02 1.895468280310430853e-01
-2.454000000000000341e+02 1.879051411039358854e-01
-2.453000000000000114e+02 1.875702745630426493e-01
-2.452000000000000455e+02 1.908566162149349099e-01
-2.451000000000000227e+02 1.903600046830432879e-01
-2.450000000000000000e+02 1.926936831770438008e-01
-2.449000000000000341e+02 1.906646986109349629e-01
-2.448000000000000114e+02 1.911712028030434773e-01
-2.447000000000000455e+02 1.873689589319360582e-01
-2.446000000000000227e+02 1.930270658190438859e-01
-2.445000000000000000e+02 1.892297682780430257e-01
-2.444000000000000341e+02 1.902952077599351088e-01
-2.443000000000000114e+02 1.888953963700429894e-01
-2.442000000000000455e+02 1.885471747379356966e-01
-2.441000000000000227e+02 1.922005340760436776e-01
-2.440000000000000000e+02 1.886218643210428592e-01
-2.439000000000000341e+02 1.929677098589341888e-01
-2.438000000000000114e+02 1.915921354860435633e-01
-2.437000000000000455e+02 1.921866843519344503e-01
-2.436000000000000227e+02 1.890734642500429830e-01
-2.435000000000000000e+02 1.921149625670436623e-01
-2.434000000000000341e+02 1.900167293809351954e-01
-2.433000000000000114e+02 1.897778216420431541e-01
-2.432000000000000455e+02 1.910569425799348575e-01
-2.431000000000000227e+02 1.941592807560441059e-01
-2.430000000000000000e+02 1.899835889700431935e-01
-2.429000000000000341e+02 1.936156790889339840e-01
-2.428000000000000114e+02 1.905642881120432897e-01
-2.427000000000000455e+02 1.933065334639340604e-01
-2.426000000000000227e+02 1.919576692730436407e-01
-2.425000000000000000e+02 1.913329477940434731e-01
-2.424000000000000341e+02 1.909649408419348826e-01
-2.423000000000000114e+02 1.942755195110441868e-01
-2.422000000000000455e+02 1.906498596209349750e-01
-2.421000000000000227e+02 1.929197304580438366e-01
-2.420000000000000000e+02 1.949778983710443447e-01
-2.419000000000000341e+02 1.966665754329328941e-01
-2.418000000000000114e+02 1.913626257740435044e-01
-2.417000000000000455e+02 1.932145317259341133e-01
-2.416000000000000227e+02 1.933208778210439571e-01
-2.415000000000000000e+02 1.924325169530437252e-01
-2.414000000000000341e+02 1.921312854559344696e-01
-2.413000000000000114e+02 1.905692344420432949e-01
-2.412000000000000455e+02 1.957218264029332300e-01
-2.411000000000000227e+02 1.914630362730435353e-01
-2.410000000000000000e+02 1.935375270750440413e-01
-2.409000000000000341e+02 1.943932421649336995e-01
-2.408000000000000114e+02 1.953256253700444423e-01
-2.407000000000000455e+02 1.938684365519338648e-01
-2.406000000000000227e+02 1.954809401320444506e-01
-2.405000000000000000e+02 1.982197230530450827e-01
-2.404000000000000341e+02 1.948992517239335198e-01
-2.403000000000000114e+02 1.947251409080442697e-01
-2.402000000000000455e+02 1.929746347209341795e-01
-2.401000000000000227e+02 1.962362447230446283e-01
-2.400000000000000000e+02 1.972759632890448145e-01
-2.399000000000000341e+02 1.956486207189332971e-01
-2.398000000000000114e+02 1.918844635890436523e-01
-2.397000000000000455e+02 1.980649029239324732e-01
-2.396000000000000227e+02 1.967971585450447591e-01
-2.395000000000000000e+02 1.941795607090441578e-01
-2.394000000000000341e+02 1.975400973109326108e-01
-2.393000000000000114e+02 1.953137541780444464e-01
-2.392000000000000455e+02 1.959488629499331613e-01
-2.391000000000000227e+02 1.952034510190443772e-01
-2.390000000000000000e+02 1.943422949660441879e-01
-2.389000000000000341e+02 2.000300798329317509e-01
-2.388000000000000114e+02 1.961531463790446017e-01
-2.387000000000000455e+02 1.984848463409323027e-01
-2.386000000000000227e+02 1.960027779470445708e-01
-2.385000000000000000e+02 1.957252888340444974e-01
-2.384000000000000341e+02 1.996422875609318859e-01
-2.383000000000000114e+02 1.966116711700446884e-01
-2.382000000000000455e+02 1.943457573969337437e-01
-2.381000000000000227e+02 1.992614201510453098e-01
-2.380000000000000000e+02 1.973585670000448655e-01
-2.379000000000000341e+02 1.951411272609334391e-01
-2.378000000000000114e+02 1.973719220910448990e-01
-2.377000000000000455e+02 1.985605251899322798e-01
-2.376000000000000227e+02 1.976152815270449392e-01
-2.375000000000000000e+02 1.976212171230449233e-01
-2.374000000000000341e+02 1.990719757119321087e-01
-2.373000000000000114e+02 1.949422847950443294e-01
-2.372000000000000455e+02 1.957109444769332407e-01
-2.371000000000000227e+02 1.962065667430445692e-01
-2.370000000000000000e+02 1.975272368530449352e-01
-2.369000000000000341e+02 2.016440673119312410e-01
-2.368000000000000114e+02 1.973763737880449010e-01
-2.367000000000000455e+02 1.979199754549324508e-01
-2.366000000000000227e+02 1.976874979450449210e-01
-2.365000000000000000e+02 2.006914041540456550e-01
-2.364000000000000341e+02 1.993059371209320030e-01
-2.363000000000000114e+02 1.971745635240448047e-01
-2.362000000000000455e+02 1.998376675959318560e-01
-2.361000000000000227e+02 2.022588961310459732e-01
-2.360000000000000000e+02 1.984977067990451038e-01
-2.359000000000000341e+02 2.007992341479315490e-01
-2.358000000000000114e+02 2.008887627210456661e-01
-2.357000000000000455e+02 2.014739135599312725e-01
-2.356000000000000227e+02 1.977913708750449751e-01
-2.355000000000000000e+02 1.968110082690447682e-01
-2.354000000000000341e+02 1.976731535879325541e-01
-2.353000000000000114e+02 1.986193865170451101e-01
-2.352000000000000455e+02 1.999479707549317864e-01
-2.351000000000000227e+02 1.967922122150447262e-01
-2.350000000000000000e+02 1.999375834620454595e-01
-2.349000000000000341e+02 2.028044763299307884e-01
-2.348000000000000114e+02 1.993816159700453616e-01
-2.347000000000000455e+02 2.000627256109317464e-01
-2.346000000000000227e+02 2.000681665740454696e-01
-2.345000000000000000e+02 1.992149246490452497e-01
-2.344000000000000341e+02 2.036112227529305874e-01
-2.343000000000000114e+02 1.982879824070450658e-01
-2.342000000000000455e+02 2.007294908949314727e-01
-2.341000000000000227e+02 2.027436364710461236e-01
-2.340000000000000000e+02 2.016415941470458550e-01
-2.339000000000000341e+02 2.033515404279306327e-01
-2.338000000000000114e+02 2.006043487460456576e-01
-2.337000000000000455e+02 2.047483840199301186e-01
-2.336000000000000227e+02 2.001270279010455289e-01
-2.335000000000000000e+02 1.998777328690454491e-01
-2.334000000000000341e+02 2.049680010719300838e-01
-2.333000000000000114e+02 2.002269437670455010e-01
-2.332000000000000455e+02 2.010861212879314075e-01
-2.331000000000000227e+02 2.015525602070458444e-01
-2.330000000000000000e+02 2.007745024980456539e-01
-2.329000000000000341e+02 2.012819959559312977e-01
-2.328000000000000114e+02 2.031719886490461757e-01
-2.327000000000000455e+02 2.029192311859307762e-01
-2.326000000000000227e+02 2.058385551520467982e-01
-2.325000000000000000e+02 2.013487714110457905e-01
-2.324000000000000341e+02 2.032763562119306866e-01
-2.323000000000000114e+02 2.051277675310466120e-01
-2.322000000000000455e+02 2.007270177299315117e-01
-2.321000000000000227e+02 2.023973933710460082e-01
-2.320000000000000000e+02 2.014892471830458387e-01
-2.319000000000000341e+02 2.060369029849297429e-01
-2.318000000000000114e+02 2.013116739360457652e-01
-2.317000000000000455e+02 2.042611705149303125e-01
-2.316000000000000227e+02 1.996927401270453817e-01
-2.315000000000000000e+02 2.039154220480463853e-01
-2.314000000000000341e+02 2.042725470739303328e-01
-2.313000000000000114e+02 2.044827660990465035e-01
-2.312000000000000455e+02 2.036364490359305335e-01
-2.311000000000000227e+02 2.061452276120468441e-01
-2.310000000000000000e+02 2.053938800850466928e-01
-2.309000000000000341e+02 2.037309239389304971e-01
-2.308000000000000114e+02 2.091006597870475325e-01
-2.307000000000000455e+02 2.049897649239300901e-01
-2.306000000000000227e+02 2.068847039470470273e-01
-2.305000000000000000e+02 2.061610558680468386e-01
-2.304000000000000341e+02 2.039198737449304522e-01
-2.303000000000000114e+02 2.050050985470466269e-01
-2.302000000000000455e+02 2.049531620819300681e-01
-2.301000000000000227e+02 2.092267912020475684e-01
-2.300000000000000000e+02 2.060443224800468376e-01
-2.299000000000000341e+02 2.022925311749310118e-01
-2.298000000000000114e+02 2.049200216710466149e-01
-2.297000000000000455e+02 2.066601405649294843e-01
-2.296000000000000227e+02 2.028979619670461532e-01
-2.295000000000000000e+02 2.067486798720470365e-01
-2.294000000000000341e+02 2.073536160309292775e-01
-2.293000000000000114e+02 2.030151899880461297e-01
-2.292000000000000455e+02 2.059453958799297435e-01
-2.291000000000000227e+02 2.076108251910471769e-01
-2.290000000000000000e+02 2.104435883820478248e-01
-2.289000000000000341e+02 2.077315156429291043e-01
-2.288000000000000114e+02 2.077448707340472100e-01
-2.287000000000000455e+02 2.052257048649299975e-01
-2.286000000000000227e+02 2.066349142820469720e-01
-2.285000000000000000e+02 2.084650563820473756e-01
-2.284000000000000341e+02 2.078982069639290498e-01
-2.283000000000000114e+02 2.068273265190470056e-01
-2.282000000000000455e+02 2.059711167959297484e-01
-2.281000000000000227e+02 2.060641078000468585e-01
-2.280000000000000000e+02 2.036601914200462937e-01
-2.279000000000000341e+02 2.064954277759295520e-01
-2.278000000000000114e+02 2.095191193050476020e-01
-2.277000000000000455e+02 2.063356613169296250e-01
-2.276000000000000227e+02 2.081326630060472971e-01
-2.275000000000000000e+02 2.079056264590472547e-01
-2.274000000000000341e+02 2.070959122379293638e-01
-2.273000000000000114e+02 2.039065186540463814e-01
-2.272000000000000455e+02 2.080179081499290428e-01
-2.271000000000000227e+02 2.080663821840472716e-01
-2.270000000000000000e+02 2.032456889660462229e-01
-2.269000000000000341e+02 2.066754741879295032e-01
-2.268000000000000114e+02 2.078146139870472864e-01
-2.267000000000000455e+02 2.064771263549295688e-01
-2.266000000000000227e+02 2.050575296450465879e-01
-2.265000000000000000e+02 2.059755684930468234e-01
-2.264000000000000341e+02 2.116420841409278053e-01
-2.263000000000000114e+02 2.093598474790475950e-01
-2.262000000000000455e+02 2.070845356789293712e-01
-2.261000000000000227e+02 2.081104045210473152e-01
-2.260000000000000000e+02 2.074564996950471474e-01
-2.259000000000000341e+02 2.088479023239287469e-01
-2.258000000000000114e+02 2.090853261640475413e-01
-2.257000000000000455e+02 2.103476295799282525e-01
-2.256000000000000227e+02 2.098529965800476904e-01
-2.255000000000000000e+02 2.092653725760476036e-01
-2.254000000000000341e+02 2.085995965579288680e-01
-2.253000000000000114e+02 2.113759715870480727e-01
-2.252000000000000455e+02 2.081603624539290209e-01
-2.251000000000000227e+02 2.109421784460479565e-01
-2.250000000000000000e+02 2.117978935360481374e-01
-2.249000000000000341e+02 2.087173192119288201e-01
-2.248000000000000114e+02 2.067709383570469628e-01
-2.247000000000000455e+02 2.103624685699282681e-01
-2.246000000000000227e+02 2.119512297660481881e-01
-2.245000000000000000e+02 2.121911267710482329e-01
-2.244000000000000341e+02 2.142324771619269486e-01
-2.243000000000000114e+02 2.144318142610487643e-01
-2.242000000000000455e+02 2.104554595739281941e-01
-2.241000000000000227e+02 2.107923046470479289e-01
-2.240000000000000000e+02 2.138832662640486604e-01
-2.239000000000000341e+02 2.098327166269284560e-01
-2.238000000000000114e+02 2.074738118500471518e-01
-2.237000000000000455e+02 2.094444297219285323e-01
-2.236000000000000227e+02 2.124854334060483074e-01
-2.235000000000000000e+02 2.171943395660493881e-01
-2.234000000000000341e+02 2.088043746199287620e-01
-2.233000000000000114e+02 2.135953898580485455e-01
-2.232000000000000455e+02 2.118938523379277350e-01
-2.231000000000000227e+02 2.136047878850485804e-01
-2.230000000000000000e+02 2.122054711280482453e-01
-2.229000000000000341e+02 2.100132576719283550e-01
-2.228000000000000114e+02 2.124255828130482970e-01
-2.227000000000000455e+02 2.130963051609272851e-01
-2.226000000000000227e+02 2.116584070300480958e-01
-2.225000000000000000e+02 2.139812035980485916e-01
-2.224000000000000341e+02 2.135474104569271281e-01
-2.223000000000000114e+02 2.119942628370481696e-01
-2.222000000000000455e+02 2.147404652529267821e-01
-2.221000000000000227e+02 2.149887710190488965e-01
-2.220000000000000000e+02 2.162021057680491576e-01
-2.219000000000000341e+02 2.114842962139278915e-01
-2.218000000000000114e+02 2.122905480040482573e-01
-2.217000000000000455e+02 2.157554521689263871e-01
-2.216000000000000227e+02 2.152365821520489109e-01
-2.215000000000000000e+02 2.143907597220487404e-01
-2.214000000000000341e+02 2.169514747629260054e-01
-2.213000000000000114e+02 2.155155551640489942e-01
-2.212000000000000455e+02 2.172240175459258793e-01
-2.211000000000000227e+02 2.165528005650492471e-01
-2.210000000000000000e+02 2.171166821850493422e-01
-2.209000000000000341e+02 2.119858540759276821e-01
-2.208000000000000114e+02 2.186104738450497242e-01
-2.207000000000000455e+02 2.151228165619266386e-01
-2.206000000000000227e+02 2.155427599790490090e-01
-2.205000000000000000e+02 2.145623973730487466e-01
-2.204000000000000341e+02 2.128633330179274252e-01
-2.203000000000000114e+02 2.153043468730489740e-01
-2.202000000000000455e+02 2.142176381719269329e-01
-2.201000000000000227e+02 2.130661325480484036e-01
-2.200000000000000000e+02 2.146746790640487734e-01
-2.199000000000000341e+02 2.161472015049262785e-01
-2.198000000000000114e+02 2.161872667780491419e-01
-2.197000000000000455e+02 2.163445600719262063e-01
-2.196000000000000227e+02 2.146212587000488337e-01
-2.195000000000000000e+02 2.188018968160497513e-01
-2.194000000000000341e+02 2.169005275639259989e-01
-2.193000000000000114e+02 2.148611557050488508e-01
-2.192000000000000455e+02 2.178551692539257290e-01
-2.191000000000000227e+02 2.169494962310493102e-01
-2.190000000000000000e+02 2.201017923400500065e-01
-2.189000000000000341e+02 2.165928658379261407e-01
-2.188000000000000114e+02 2.165072943290491936e-01
-2.187000000000000455e+02 2.174203868469258283e-01
-2.186000000000000227e+02 2.140484736860486792e-01
-2.185000000000000000e+02 2.174436345980494401e-01
-2.184000000000000341e+02 2.155585882349264626e-01
-2.183000000000000114e+02 2.204638636960500886e-01
-2.182000000000000455e+02 2.191323116599252219e-01
-2.181000000000000227e+02 2.233653808740507785e-01
-2.180000000000000000e+02 2.188251445670497397e-01
-2.179000000000000341e+02 2.156876874479264072e-01
-2.178000000000000114e+02 2.172363833710493908e-01
-2.177000000000000455e+02 2.182434561589255695e-01
-2.176000000000000227e+02 2.155462224100489765e-01
-2.175000000000000000e+02 2.136923379260485534e-01
-2.174000000000000341e+02 2.170988753969259333e-01
-2.173000000000000114e+02 2.172279746100493902e-01
-2.172000000000000455e+02 2.156575148349264281e-01
-2.171000000000000227e+02 2.181806377680496345e-01
-2.170000000000000000e+02 2.194721245310498614e-01
-2.169000000000000341e+02 2.182434561589255695e-01
-2.168000000000000114e+02 2.204416052110501067e-01
-2.167000000000000455e+02 2.230122129119239405e-01
-2.166000000000000227e+02 2.190007392820497722e-01
-2.165000000000000000e+02 2.187806275970497483e-01
-2.164000000000000341e+02 2.192628947719252319e-01
-2.163000000000000114e+02 2.199380688170499976e-01
-2.162000000000000455e+02 2.206444047409247544e-01
-2.161000000000000227e+02 2.191847427580498608e-01
-2.160000000000000000e+02 2.205756507540501399e-01
-2.159000000000000341e+02 2.199281761569249483e-01
-2.158000000000000114e+02 2.217835445400503924e-01
-2.157000000000000455e+02 2.193623160049251175e-01
-2.156000000000000227e+02 2.166551895960492358e-01
-2.155000000000000000e+02 2.217029193610503546e-01
-2.154000000000000341e+02 2.180668721779255859e-01
-2.153000000000000114e+02 2.186352054950497226e-01
-2.152000000000000455e+02 2.209006246349246583e-01
-2.151000000000000227e+02 2.228108972810506627e-01
-2.150000000000000000e+02 2.235261365990507954e-01
-2.149000000000000341e+02 2.196343641549250991e-01
-2.148000000000000114e+02 2.218364702710504399e-01
-2.147000000000000455e+02 2.216173478519243845e-01
-2.146000000000000227e+02 2.203956043420501054e-01
-2.145000000000000000e+02 2.226328294010506137e-01
-2.144000000000000341e+02 2.234400704569237672e-01
-2.143000000000000114e+02 2.254868618110512646e-01
-2.142000000000000455e+02 2.230052880499239221e-01
-2.141000000000000227e+02 2.213378802070503082e-01
-2.140000000000000000e+02 2.248299891870511602e-01
-2.139000000000000341e+02 2.210895744409245578e-01
-2.138000000000000114e+02 2.245252952590510442e-01
-2.137000000000000455e+02 2.242285154589235274e-01
-2.136000000000000227e+02 2.218750516450504473e-01
-2.135000000000000000e+02 2.248339462510511033e-01
-2.134000000000000341e+02 2.237625711729236688e-01
-2.133000000000000114e+02 2.204257769550501400e-01
-2.132000000000000455e+02 2.292376638499218078e-01
-2.131000000000000227e+02 2.222158537820505264e-01
-2.130000000000000000e+02 2.200914050470500483e-01
-2.129000000000000341e+02 2.240969430809235663e-01
-2.128000000000000114e+02 2.247177074960510779e-01
-2.127000000000000455e+02 2.235508682489237564e-01
-2.126000000000000227e+02 2.280218559360518427e-01
-2.125000000000000000e+02 2.226442059600506340e-01
-2.124000000000000341e+02 2.245109509019234673e-01
-2.123000000000000114e+02 2.255917240070512975e-01
-2.122000000000000455e+02 2.285956302159220521e-01
-2.121000000000000227e+02 2.257183500550513089e-01
-2.120000000000000000e+02 2.233935749550507999e-01
-2.119000000000000341e+02 2.254205809889231193e-01
-2.118000000000000114e+02 2.257737489510513451e-01
-2.117000000000000455e+02 2.254650979589230830e-01
-2.116000000000000227e+02 2.242670968330509884e-01
-2.115000000000000000e+02 2.245614034680510629e-01
-2.114000000000000341e+02 2.230517835519238989e-01
-2.113000000000000114e+02 2.244773158580510020e-01
-2.112000000000000455e+02 2.248814310189232724e-01
-2.111000000000000227e+02 2.239070040090508640e-01
-2.110000000000000000e+02 2.247661815300511234e-01
-2.109000000000000341e+02 2.260823999429228959e-01
-2.108000000000000114e+02 2.244120243020510108e-01
-2.107000000000000455e+02 2.256100254279230499e-01
-2.106000000000000227e+02 2.276385153610517298e-01
-2.105000000000000000e+02 2.281296859300518676e-01
-2.104000000000000341e+02 2.223137911159241420e-01
-2.103000000000000114e+02 2.260527219630514284e-01
-2.102000000000000455e+02 2.252929656749231291e-01
-2.101000000000000227e+02 2.275133732120517005e-01
-2.100000000000000000e+02 2.271196453440516572e-01
-2.099000000000000341e+02 2.270731498419225336e-01
-2.098000000000000114e+02 2.252875247120512125e-01
-2.097000000000000455e+02 2.277878945269222744e-01
-2.096000000000000227e+02 2.238016471800509111e-01
-2.095000000000000000e+02 2.247800312540510770e-01
-2.094000000000000341e+02 2.240553939089235391e-01
-2.093000000000000114e+02 2.287643000690519901e-01
-2.092000000000000455e+02 2.259770431139229152e-01
-2.091000000000000227e+02 2.244723695280509967e-01
-2.090000000000000000e+02 2.264494176290514915e-01
-2.089000000000000341e+02 2.288894422179219290e-01
-2.088000000000000114e+02 2.277963032880518102e-01
-2.087000000000000455e+02 2.257430817049229932e-01
-2.086000000000000227e+02 2.257702865200513220e-01
-2.085000000000000000e+02 2.261249383810514102e-01
-2.084000000000000341e+02 2.265374623029227374e-01
-2.083000000000000114e+02 2.307883383050524650e-01
-2.082000000000000455e+02 2.281816223949221512e-01
-2.081000000000000227e+02 2.303441578710523907e-01
-2.080000000000000000e+02 2.281657941390518307e-01
-2.079000000000000341e+02 2.248497745069232834e-01
-2.078000000000000114e+02 2.254032688340512069e-01
-2.077000000000000455e+02 2.288513554769219527e-01
-2.076000000000000227e+02 2.285189621010519367e-01
-2.075000000000000000e+02 2.278808855310517911e-01
-2.074000000000000341e+02 2.291713830279218655e-01
-2.073000000000000114e+02 2.254403663090512877e-01
-2.072000000000000455e+02 2.327688488369206166e-01
-2.071000000000000227e+02 2.277433775570517627e-01
-2.070000000000000000e+02 2.281628263410518942e-01
-2.069000000000000341e+02 2.331145973039205066e-01
-2.068000000000000114e+02 2.295898425460521641e-01
-2.067000000000000455e+02 2.316954952269209556e-01
-2.066000000000000227e+02 2.324601978450528406e-01
-2.065000000000000000e+02 2.320254154380527456e-01
-2.064000000000000341e+02 2.289710566629219179e-01
-2.063000000000000114e+02 2.301542187990523181e-01
-2.062000000000000455e+02 2.323914438579207098e-01
-2.061000000000000227e+02 2.339455807440531943e-01
-2.060000000000000000e+02 2.314768674410526139e-01
-2.059000000000000341e+02 2.308838024739212624e-01
-2.058000000000000114e+02 2.303852124100523591e-01
-2.057000000000000455e+02 2.291303284889218417e-01
-2.056000000000000227e+02 2.305192579530523922e-01
-2.055000000000000000e+02 2.351777115470534696e-01
-2.054000000000000341e+02 2.309025985279212489e-01
-2.053000000000000114e+02 2.328074302110529625e-01
-2.052000000000000455e+02 2.304757302489213455e-01
-2.051000000000000227e+02 2.283661205040519171e-01
-2.050000000000000000e+02 2.330493057480529651e-01
-2.049000000000000341e+02 2.348967600029198688e-01
-2.048000000000000114e+02 2.290680047310520717e-01
-2.047000000000000455e+02 2.297085544659216438e-01
-2.046000000000000227e+02 2.323944116560528184e-01
-2.045000000000000000e+02 2.331512001460529504e-01
-2.044000000000000341e+02 2.346474649709199001e-01
-2.043000000000000114e+02 2.313383702010526066e-01
-2.042000000000000455e+02 2.345663451589199977e-01
-2.041000000000000227e+02 2.347320472140533576e-01
-2.040000000000000000e+02 2.350070631620534145e-01
-2.039000000000000341e+02 2.321104923139207798e-01
-2.038000000000000114e+02 2.359310376060536341e-01
-2.037000000000000455e+02 2.312147119509211091e-01
-2.036000000000000227e+02 2.297055866680522140e-01
-2.035000000000000000e+02 2.345945392400533291e-01
-2.034000000000000341e+02 2.335765845259203388e-01
-2.033000000000000114e+02 2.278037227830517486e-01
-2.032000000000000455e+02 2.371146943749191105e-01
-2.031000000000000227e+02 2.320333295660527706e-01
-2.030000000000000000e+02 2.293276870560521652e-01
-2.029000000000000341e+02 2.330705749669205462e-01
-2.028000000000000114e+02 2.356209027150535928e-01
-2.027000000000000455e+02 2.347928870729199258e-01
-2.026000000000000227e+02 2.362322691030536992e-01
-2.025000000000000000e+02 2.323533571170528500e-01
-2.024000000000000341e+02 2.359988023269194712e-01
-2.023000000000000114e+02 2.315456214280526004e-01
-2.022000000000000455e+02 2.319759521379208822e-01
-2.021000000000000227e+02 2.324943275220528460e-01
-2.020000000000000000e+02 2.355481916640535522e-01
-2.019000000000000341e+02 2.354472865319196806e-01
-2.018000000000000114e+02 2.345465598390533146e-01
-2.017000000000000455e+02 2.385219252599186379e-01
-2.016000000000000227e+02 2.329815410270529574e-01
-2.015000000000000000e+02 2.374238400000539817e-01
-2.014000000000000341e+02 2.330102297409205603e-01
-2.013000000000000114e+02 2.350476230680534351e-01
-2.012000000000000455e+02 2.332857403219204262e-01
-2.011000000000000227e+02 2.383453412790542125e-01
-2.010000000000000000e+02 2.350303109130534307e-01
-2.009000000000000341e+02 2.356332685399196158e-01
-2.008000000000000114e+02 2.378418048850540478e-01
-2.007000000000000455e+02 2.354552006599197056e-01
-2.006000000000000227e+02 2.364053906530537430e-01
-2.005000000000000000e+02 2.365710927080537929e-01
-2.004000000000000341e+02 2.376216931999189652e-01
-2.003000000000000114e+02 2.354057373600535463e-01
-2.002000000000000455e+02 2.362105052509194114e-01
-2.001000000000000227e+02 2.356075476240535593e-01
-2.000000000000000000e+02 2.404702846470546662e-01
-1.999000000000000341e+02 2.365587268829192902e-01
-1.998000000000000114e+02 2.387118643320542688e-01
-1.997000000000000455e+02 2.341093042669201707e-01
-1.996000000000000227e+02 2.384007401750542210e-01
-1.995000000000000000e+02 2.396106124930544867e-01
-1.994000000000000341e+02 2.404198320809180223e-01
-1.993000000000000114e+02 2.378175678680540250e-01
-1.992000000000000455e+02 2.392366699449183787e-01
-1.991000000000000227e+02 2.367452035240538155e-01
-1.990000000000000000e+02 2.395097073610544525e-01
-1.989000000000000341e+02 2.364825534009193375e-01
-1.988000000000000114e+02 2.380802179910540828e-01
-1.987000000000000455e+02 2.384625692999186586e-01
-1.986000000000000227e+02 2.382444361470541505e-01
-1.985000000000000000e+02 2.380401527180541210e-01
-1.984000000000000341e+02 2.385634744319185818e-01
-1.983000000000000114e+02 2.382182205980541700e-01
-1.982000000000000455e+02 2.391891851769183952e-01
-1.981000000000000227e+02 2.366062116510537772e-01
-1.980000000000000000e+02 2.377418890190540202e-01
-1.979000000000000341e+02 2.385248930579186299e-01
-1.978000000000000114e+02 2.421896289550550530e-01
-1.977000000000000455e+02 2.369549279159191835e-01
-1.976000000000000227e+02 2.391515930690543690e-01
-1.975000000000000000e+02 2.389908373440543243e-01
-1.974000000000000341e+02 2.380906052839187881e-01
-1.973000000000000114e+02 2.415342402300549307e-01
-1.972000000000000455e+02 2.430250640919170702e-01
-1.971000000000000227e+02 2.406280725740546911e-01
-1.970000000000000000e+02 2.437140878610554173e-01
-1.969000000000000341e+02 2.385110433339186764e-01
-1.968000000000000114e+02 2.415332509640549519e-01
-1.967000000000000455e+02 2.368198931069192548e-01
-1.966000000000000227e+02 2.417602875110549665e-01
-1.965000000000000000e+02 2.425798943920551842e-01
-1.964000000000000341e+02 2.422638239049173525e-01
-1.963000000000000114e+02 2.421757792310550439e-01
-1.962000000000000455e+02 2.408936904949178504e-01
-1.961000000000000227e+02 2.392628854940544170e-01
-1.960000000000000000e+02 2.439584365630554363e-01
-1.959000000000000341e+02 2.412686223089176851e-01
-1.958000000000000114e+02 2.414308619330549077e-01
-1.957000000000000455e+02 2.436018061699169179e-01
-1.956000000000000227e+02 2.430136875330552726e-01
-1.955000000000000000e+02 2.397852179420545127e-01
-1.954000000000000341e+02 2.445529854289165972e-01
-1.953000000000000114e+02 2.405954267960546678e-01
-1.952000000000000455e+02 2.398178637199182284e-01
-1.951000000000000227e+02 2.389448364750542952e-01
-1.950000000000000000e+02 2.430685917960552778e-01
-1.949000000000000341e+02 2.399083815589181934e-01
-1.948000000000000114e+02 2.398673270200545049e-01
-1.947000000000000455e+02 2.390684947249184511e-01
-1.946000000000000227e+02 2.398183583530544838e-01
-1.945000000000000000e+02 2.403367337370546364e-01
-1.944000000000000341e+02 2.405128230849180038e-01
-1.943000000000000114e+02 2.413101714810548803e-01
-1.942000000000000455e+02 2.414620238119176421e-01
-1.941000000000000227e+02 2.453795171720557777e-01
-1.940000000000000000e+02 2.467313491610561016e-01
-1.939000000000000341e+02 2.465344852269159281e-01
-1.938000000000000114e+02 2.440781377490554849e-01
-1.937000000000000455e+02 2.402758938779180342e-01
-1.936000000000000227e+02 2.427451018140552308e-01
-1.935000000000000000e+02 2.431299262880552980e-01
-1.934000000000000341e+02 2.391026244019184843e-01
-1.933000000000000114e+02 2.409352396670547958e-01
-1.932000000000000455e+02 2.426803048909172145e-01
-1.931000000000000227e+02 2.449472079300556993e-01
-1.930000000000000000e+02 2.480950523420563936e-01
-1.929000000000000341e+02 2.429187179969171384e-01
-1.928000000000000114e+02 2.448304745420556428e-01
-1.927000000000000455e+02 2.444031116299166251e-01
-1.926000000000000227e+02 2.454913042300558013e-01
-1.925000000000000000e+02 2.444753280480555790e-01
-1.924000000000000341e+02 2.433421238449169910e-01
-1.923000000000000114e+02 2.425610983380551422e-01
-1.922000000000000455e+02 2.423498900469173711e-01
-1.921000000000000227e+02 2.447384728040556123e-01
-1.920000000000000000e+02 2.431833466520552656e-01
-1.919000000000000341e+02 2.406968265609178981e-01
-1.918000000000000114e+02 2.429780739570552295e-01
-1.917000000000000455e+02 2.449081319229164388e-01
-1.916000000000000227e+02 2.449486918290557091e-01
-1.915000000000000000e+02 2.458677199430559235e-01
-1.914000000000000341e+02 2.451228026449163711e-01
-1.913000000000000114e+02 2.438862201450554545e-01
-1.912000000000000455e+02 2.498168698149147715e-01
-1.911000000000000227e+02 2.457801699020558395e-01
-1.910000000000000000e+02 2.478576285020563374e-01
-1.909000000000000341e+02 2.446103628569165633e-01
-1.908000000000000114e+02 2.456129839480558352e-01
-1.907000000000000455e+02 2.424834409569172622e-01
-1.906000000000000227e+02 2.448646042190556760e-01
-1.905000000000000000e+02 2.465448725200560520e-01
-1.904000000000000341e+02 2.485412113079152607e-01
-1.903000000000000114e+02 2.462396839590559883e-01
-1.902000000000000455e+02 2.452805905719163404e-01
-1.901000000000000227e+02 2.473669525660562030e-01
-1.900000000000000000e+02 2.438649509260554515e-01
-1.899000000000000341e+02 2.468639108049157649e-01
-1.898000000000000114e+02 2.483967784720564620e-01
-1.897000000000000455e+02 2.474268031589156036e-01
-1.896000000000000227e+02 2.473545867410562316e-01
-1.895000000000000000e+02 2.482182159590564097e-01
-1.894000000000000341e+02 2.477710677269154838e-01
-1.893000000000000114e+02 2.480075023010563373e-01
-1.892000000000000455e+02 2.460601321799160413e-01
-1.891000000000000227e+02 2.487796244140565993e-01
-1.890000000000000000e+02 2.466843590260560659e-01
-1.889000000000000341e+02 2.462050596489160081e-01
-1.888000000000000114e+02 2.482276139860564446e-01
-1.887000000000000455e+02 2.492663432859149875e-01
-1.886000000000000227e+02 2.497975791280567515e-01
-1.885000000000000000e+02 2.474594489370562922e-01
-1.884000000000000341e+02 2.466254976989158965e-01
-1.883000000000000114e+02 2.506923702250569708e-01
-1.882000000000000455e+02 2.487741834509151484e-01
-1.881000000000000227e+02 2.501359081000568696e-01
-1.880000000000000000e+02 2.508036626500570465e-01
-1.879000000000000341e+02 2.500350029679147545e-01
-1.878000000000000114e+02 2.477913476800563397e-01
-1.877000000000000455e+02 2.473649740339156355e-01
-1.876000000000000227e+02 2.512567464780571247e-01
-1.875000000000000000e+02 2.496734262450567288e-01
-1.874000000000000341e+02 2.493900015359149236e-01
-1.873000000000000114e+02 2.510781839650571001e-01
-1.872000000000000455e+02 2.505143023449145634e-01
-1.871000000000000227e+02 2.507393603600570064e-01
-1.870000000000000000e+02 2.451361577360556820e-01
-1.869000000000000341e+02 2.515322570589141882e-01
-1.868000000000000114e+02 2.492386438380566616e-01
-1.867000000000000455e+02 2.529701551899137812e-01
-1.866000000000000227e+02 2.537749230810577017e-01
-1.865000000000000000e+02 2.495289934090567374e-01
-1.864000000000000341e+02 2.529335523479137593e-01
-1.863000000000000114e+02 2.474668684320562584e-01
-1.862000000000000455e+02 2.508931912229144245e-01
-1.861000000000000227e+02 2.522188076630573206e-01
-1.860000000000000000e+02 2.486342023120564904e-01
-1.859000000000000341e+02 2.509164389739144130e-01
-1.858000000000000114e+02 2.516499797130571925e-01
-1.857000000000000455e+02 2.523454337109139467e-01
-1.856000000000000227e+02 2.492242994810566770e-01
-1.855000000000000000e+02 2.485916638740565121e-01
-1.854000000000000341e+02 2.506903916929144605e-01
-1.853000000000000114e+02 2.510677966720570309e-01
-1.852000000000000455e+02 2.507883290269144472e-01
-1.851000000000000227e+02 2.540771438440577734e-01
-1.850000000000000000e+02 2.529859834460574941e-01
-1.849000000000000341e+02 2.546232186759131433e-01
-1.848000000000000114e+02 2.532090629290575934e-01
-1.847000000000000455e+02 2.505439803249145392e-01
-1.846000000000000227e+02 2.527703234580574443e-01
-1.845000000000000000e+02 2.513705120680571059e-01
-1.844000000000000341e+02 2.546247025749131532e-01
-1.843000000000000114e+02 2.473199624310562228e-01
-1.842000000000000455e+02 2.503347505659145877e-01
-1.841000000000000227e+02 2.521812155550573475e-01
-1.840000000000000000e+02 2.547092848180579350e-01
-1.839000000000000341e+02 2.522603568349139347e-01
-1.838000000000000114e+02 2.527737858890574674e-01
-1.837000000000000455e+02 2.569445313449123525e-01
-1.836000000000000227e+02 2.509144604420570634e-01
-1.835000000000000000e+02 2.535379938740576766e-01
-1.834000000000000341e+02 2.536245546489134806e-01
-1.833000000000000114e+02 2.498880969670567997e-01
-1.832000000000000455e+02 2.537259544139134348e-01
-1.831000000000000227e+02 2.533055163640575702e-01
-1.830000000000000000e+02 2.520644821670572910e-01
-1.829000000000000341e+02 2.522430446799139303e-01
-1.828000000000000114e+02 2.594671596450590090e-01
-1.827000000000000455e+02 2.541651885179133097e-01
-1.826000000000000227e+02 2.540009703620577097e-01
-1.825000000000000000e+02 2.526219335580574543e-01
-1.824000000000000341e+02 2.608298735599110518e-01
-1.823000000000000114e+02 2.566754509930583295e-01
-1.822000000000000455e+02 2.534118624589135060e-01
-1.821000000000000227e+02 2.545272598740578873e-01
-1.820000000000000000e+02 2.549442354930579469e-01
-1.819000000000000341e+02 2.569291977219123613e-01
-1.818000000000000114e+02 2.550955931910579566e-01
-1.817000000000000455e+02 2.552380474949129674e-01
-1.816000000000000227e+02 2.578551506980585883e-01
-1.815000000000000000e+02 2.578388278090585906e-01
-1.814000000000000341e+02 2.544951087289132330e-01
-1.813000000000000114e+02 2.550669044770579874e-01
-1.812000000000000455e+02 2.546004655579131581e-01
-1.811000000000000227e+02 2.555189990390580590e-01
-1.810000000000000000e+02 2.585367549720587466e-01
-1.809000000000000341e+02 2.592059934209116068e-01
-1.808000000000000114e+02 2.554205670720580690e-01
-1.807000000000000455e+02 2.579085710619120619e-01
-1.806000000000000227e+02 2.591031097570589137e-01
-1.805000000000000000e+02 2.560052232780581916e-01
-1.804000000000000341e+02 2.529256382199137065e-01
-1.803000000000000114e+02 2.589374077020588638e-01
-1.802000000000000455e+02 2.560442992849126798e-01
-1.801000000000000227e+02 2.545544646890578466e-01
-1.800000000000000000e+02 2.578403117080586004e-01
-1.799000000000000341e+02 2.590872815009116481e-01
-1.798000000000000114e+02 2.574431214090585063e-01
-1.797000000000000455e+02 2.581311559119119914e-01
-1.796000000000000227e+02 2.582112864580586864e-01
-1.795000000000000000e+02 2.595225585410589897e-01
-1.794000000000000341e+02 2.535523382309135543e-01
-1.793000000000000114e+02 2.566794080570583558e-01
-1.792000000000000455e+02 2.597604770139114172e-01
-1.791000000000000227e+02 2.579164851900586086e-01
-1.790000000000000000e+02 2.579817767460586553e-01
-1.789000000000000341e+02 2.584655278199118333e-01
-1.788000000000000114e+02 2.569202943280584073e-01
-1.787000000000000455e+02 2.595586667499114597e-01
-1.786000000000000227e+02 2.614793266890594325e-01
-1.785000000000000000e+02 2.572319131180584861e-01
-1.784000000000000341e+02 2.586623917539117024e-01
-1.783000000000000114e+02 2.574347126480585057e-01
-1.782000000000000455e+02 2.578061820309120455e-01
-1.781000000000000227e+02 2.584017201630587346e-01
-1.780000000000000000e+02 2.618720652910594970e-01
-1.779000000000000341e+02 2.619492280389106864e-01
-1.778000000000000114e+02 2.605761268310592405e-01
-1.777000000000000455e+02 2.609011007119110270e-01
-1.776000000000000227e+02 2.580445951370586855e-01
-1.775000000000000000e+02 2.591580140200588911e-01
-1.774000000000000341e+02 2.554992137189128210e-01
-1.773000000000000114e+02 2.558716723680581895e-01
-1.772000000000000455e+02 2.589740105439116702e-01
-1.771000000000000227e+02 2.625388305750596674e-01
-1.770000000000000000e+02 2.577987625360585455e-01
-1.769000000000000341e+02 2.655427367839093833e-01
-1.768000000000000114e+02 2.589957743960589198e-01
-1.767000000000000455e+02 2.587321350069117232e-01
-1.766000000000000227e+02 2.613784215570594260e-01
-1.765000000000000000e+02 2.613502274760594046e-01
-1.764000000000000341e+02 2.597886710949113831e-01
-1.763000000000000114e+02 2.601542048820591480e-01
-1.762000000000000455e+02 2.580094761939119574e-01
-1.761000000000000227e+02 2.619591206990595778e-01
-1.760000000000000000e+02 2.649976512180602928e-01
-1.759000000000000341e+02 2.616529428719107098e-01
-1.758000000000000114e+02 2.639782126050599920e-01
-1.757000000000000455e+02 2.627500388659103625e-01
-1.756000000000000227e+02 2.616573945690594538e-01
-1.755000000000000000e+02 2.649096065440602055e-01
-1.754000000000000341e+02 2.598223061389113853e-01
-1.753000000000000114e+02 2.621732967880595622e-01
-1.752000000000000455e+02 2.613912820149108529e-01
-1.751000000000000227e+02 2.662421478460605395e-01
-1.750000000000000000e+02 2.609505640120592940e-01
-1.749000000000000341e+02 2.636398836329100215e-01
-1.748000000000000114e+02 2.658434736480604355e-01
-1.747000000000000455e+02 2.628272016139103773e-01
-1.746000000000000227e+02 2.583992469980587181e-01
-1.745000000000000000e+02 2.631877890710598300e-01
-1.744000000000000341e+02 2.638268549069099911e-01
-1.743000000000000114e+02 2.666566503000605826e-01
-1.742000000000000455e+02 2.610974700129109483e-01
-1.741000000000000227e+02 2.634014705270598666e-01
-1.740000000000000000e+02 2.622811267820596703e-01
-1.739000000000000341e+02 2.605622771069110999e-01
-1.738000000000000114e+02 2.664662165950605899e-01
-1.737000000000000455e+02 2.649209831029096240e-01
-1.736000000000000227e+02 2.633683301160598678e-01
-1.735000000000000000e+02 2.673748574160607627e-01
-1.734000000000000341e+02 2.613635825669108348e-01
-1.733000000000000114e+02 2.670760990840607141e-01
-1.732000000000000455e+02 2.652207307009095683e-01
-1.731000000000000227e+02 2.668490625370606439e-01
-1.730000000000000000e+02 2.618745384560595135e-01
-1.729000000000000341e+02 2.637541438559100060e-01
-1.728000000000000114e+02 2.645143947770601800e-01
-1.727000000000000455e+02 2.652583228089095413e-01
-1.726000000000000227e+02 2.668094918970606577e-01
-1.725000000000000000e+02 2.664894643460605783e-01
-1.724000000000000341e+02 2.636947878959100544e-01
-1.723000000000000114e+02 2.663925162780605427e-01
-1.722000000000000455e+02 2.681291727409085279e-01
-1.721000000000000227e+02 2.621940713740595896e-01
-1.720000000000000000e+02 2.647384635260601748e-01
-1.719000000000000341e+02 2.648655842069096433e-01
-1.718000000000000114e+02 2.640707089760601090e-01
-1.717000000000000455e+02 2.653285606949095099e-01
-1.716000000000000227e+02 2.685768156060610590e-01
-1.715000000000000000e+02 2.684823407030610398e-01
-1.714000000000000341e+02 2.652513979469095506e-01
-1.713000000000000114e+02 2.628826005100597385e-01
-1.712000000000000455e+02 2.650001243829095965e-01
-1.711000000000000227e+02 2.673164907220607622e-01
-1.710000000000000000e+02 2.633243077790598519e-01
-1.709000000000000341e+02 2.668134489609089721e-01
-1.708000000000000114e+02 2.682562934220609763e-01
-1.707000000000000455e+02 2.692406130919081653e-01
-1.706000000000000227e+02 2.673100604930607749e-01
-1.705000000000000000e+02 2.688003897220611060e-01
-1.704000000000000341e+02 2.683962745609084766e-01
-1.703000000000000114e+02 2.685886867980610826e-01
-1.702000000000000455e+02 2.670355391779089538e-01
-1.701000000000000227e+02 2.648863587930602170e-01
-1.700000000000000000e+02 2.714852576460617395e-01
-1.699000000000000341e+02 2.692366560279081389e-01
-1.698000000000000114e+02 2.682394759000609752e-01
-1.697000000000000455e+02 2.652365589569095072e-01
-1.696000000000000227e+02 2.703411715170614404e-01
-1.695000000000000000e+02 2.683853926350610042e-01
-1.694000000000000341e+02 2.691728483709082131e-01
-1.693000000000000114e+02 2.677220897820608569e-01
-1.692000000000000455e+02 2.683492844259084964e-01
-1.691000000000000227e+02 2.695789420640612444e-01
-1.690000000000000000e+02 2.696882559570613069e-01
-1.689000000000000341e+02 2.702323522569078373e-01
-1.688000000000000114e+02 2.670553244980606866e-01
-1.687000000000000455e+02 2.643531444189097801e-01
-1.686000000000000227e+02 2.735938781250621954e-01
-1.685000000000000000e+02 2.690580935150611586e-01
-1.684000000000000341e+02 2.677868867049086332e-01
-1.683000000000000114e+02 2.671151750910606970e-01
-1.682000000000000455e+02 2.672516937989087848e-01
-1.681000000000000227e+02 2.688671651770611626e-01
-1.680000000000000000e+02 2.695527265150612917e-01
-1.679000000000000341e+02 2.681637970509085367e-01
-1.678000000000000114e+02 2.683730268100609773e-01
-1.677000000000000455e+02 2.733213353419067237e-01
-1.676000000000000227e+02 2.682152388830609246e-01
-1.675000000000000000e+02 2.710588840000616173e-01
-1.674000000000000341e+02 2.679773204099086259e-01
-1.673000000000000114e+02 2.689547152180611356e-01
-1.672000000000000455e+02 2.709841944169075756e-01
-1.671000000000000227e+02 2.713032327020616363e-01
-1.670000000000000000e+02 2.687192699100610649e-01
-1.669000000000000341e+02 2.716366153439073727e-01
-1.668000000000000114e+02 2.733529918540621440e-01
-1.667000000000000455e+02 2.719675248209071916e-01
-1.666000000000000227e+02 2.706992858090614962e-01
-1.665000000000000000e+02 2.709762802890616218e-01
-1.664000000000000341e+02 2.700651663029078331e-01
-1.663000000000000114e+02 2.703668924330615009e-01
-1.662000000000000455e+02 2.678121129879086348e-01
-1.661000000000000227e+02 2.759799877170627802e-01
-1.660000000000000000e+02 2.698801735610613650e-01
-1.659000000000000341e+02 2.717597789609073611e-01
-1.658000000000000114e+02 2.713749544870617258e-01
-1.657000000000000455e+02 2.746439839839063257e-01
-1.656000000000000227e+02 2.734929729930621889e-01
-1.655000000000000000e+02 2.728088955540620697e-01
-1.654000000000000341e+02 2.734717037739067269e-01
-1.653000000000000114e+02 2.706206391620614715e-01
-1.652000000000000455e+02 2.711029063369075343e-01
-1.651000000000000227e+02 2.759794930840627769e-01
-1.650000000000000000e+02 2.752271562910625913e-01
-1.649000000000000341e+02 2.710460235419075437e-01
-1.648000000000000114e+02 2.748838809890625234e-01
-1.647000000000000455e+02 2.776869661999052941e-01
-1.646000000000000227e+02 2.718141885910617672e-01
-1.645000000000000000e+02 2.742309654290623344e-01
-1.644000000000000341e+02 2.747438998499062701e-01
-1.643000000000000114e+02 2.747918792510624653e-01
-1.642000000000000455e+02 2.697970752169079889e-01
-1.641000000000000227e+02 2.765943219030628786e-01
-1.640000000000000000e+02 2.746375537550624357e-01
-1.639000000000000341e+02 2.780015527879051707e-01
-1.638000000000000114e+02 2.737066544490622255e-01
-1.637000000000000455e+02 2.719452663359072098e-01
-1.636000000000000227e+02 2.745529715120624270e-01
-1.635000000000000000e+02 2.754650747640626229e-01
-1.634000000000000341e+02 2.743229671669064618e-01
-1.633000000000000114e+02 2.695690494040613450e-01
-1.632000000000000455e+02 2.784783789999050185e-01
-1.631000000000000227e+02 2.752815659210625654e-01
-1.630000000000000000e+02 2.738411946250622342e-01
-1.629000000000000341e+02 2.736270185359066520e-01
-1.628000000000000114e+02 2.697560206780613146e-01
-1.627000000000000455e+02 2.738718618709065633e-01
-1.626000000000000227e+02 2.751356491860625364e-01
-1.625000000000000000e+02 2.742898267560623382e-01
-1.624000000000000341e+02 2.734088853829067522e-01
-1.623000000000000114e+02 2.728296701400620416e-01
-1.622000000000000455e+02 2.788577625109048830e-01
-1.621000000000000227e+02 2.762312612810627899e-01
-1.620000000000000000e+02 2.738214093050622688e-01
-1.619000000000000341e+02 2.745594017409063170e-01
-1.618000000000000114e+02 2.752489201430625698e-01
-1.617000000000000455e+02 2.791115092399048536e-01
-1.616000000000000227e+02 2.761313454150627900e-01
-1.615000000000000000e+02 2.736477931220622217e-01
-1.614000000000000341e+02 2.740914789229065285e-01
-1.613000000000000114e+02 2.746355752230624225e-01
-1.612000000000000455e+02 2.783008057529051116e-01
-1.611000000000000227e+02 2.749595598380625283e-01
-1.610000000000000000e+02 2.740667472730622944e-01
-1.609000000000000341e+02 2.774218429119053586e-01
-1.608000000000000114e+02 2.777126871160631172e-01
-1.607000000000000455e+02 2.800740650579044977e-01
-1.606000000000000227e+02 2.770657071520629677e-01
-1.605000000000000000e+02 2.794092783060635465e-01
-1.604000000000000341e+02 2.793449760159046891e-01
-1.603000000000000114e+02 2.779560465520631851e-01
-1.602000000000000455e+02 2.776775681729052314e-01
-1.601000000000000227e+02 2.808219501540638596e-01
-1.600000000000000000e+02 2.736280078020622009e-01
-1.599000000000000341e+02 2.788567732449048764e-01
-1.598000000000000114e+02 2.785768109670633264e-01
-1.597000000000000455e+02 2.790595727749048405e-01
-1.596000000000000227e+02 2.804806533840638050e-01
-1.595000000000000000e+02 2.767293567120628905e-01
-1.594000000000000341e+02 2.791906505199047150e-01
-1.593000000000000114e+02 2.823894421310642056e-01
-1.592000000000000455e+02 2.771671069169054369e-01
-1.591000000000000227e+02 2.804297061850637429e-01
-1.590000000000000000e+02 2.774480584610630740e-01
-1.589000000000000341e+02 2.806562480989042707e-01
-1.588000000000000114e+02 2.785209174380632868e-01
-1.587000000000000455e+02 2.769341347739055492e-01
-1.586000000000000227e+02 2.821253081090641102e-01
-1.585000000000000000e+02 2.764325769120628551e-01
-1.584000000000000341e+02 2.814862422729039748e-01
-1.583000000000000114e+02 2.792420923520634868e-01
-1.582000000000000455e+02 2.819511972929038546e-01
-1.581000000000000227e+02 2.796100993040635529e-01
-1.580000000000000000e+02 2.789754851650634304e-01
-1.579000000000000341e+02 2.797560160389045980e-01
-1.578000000000000114e+02 2.825655314790642691e-01
-1.577000000000000455e+02 2.824448410269037035e-01
-1.576000000000000227e+02 2.824374215320641923e-01
-1.575000000000000000e+02 2.799538692390636796e-01
-1.574000000000000341e+02 2.825610797819036457e-01
-1.573000000000000114e+02 2.839411058520645570e-01
-1.572000000000000455e+02 2.777957854599052423e-01
-1.571000000000000227e+02 2.793662452350634817e-01
-1.570000000000000000e+02 2.821460826950641931e-01
-1.569000000000000341e+02 2.743501719819063656e-01
-1.568000000000000114e+02 2.777245583080631408e-01
-1.567000000000000455e+02 2.873456647909019557e-01
-1.566000000000000227e+02 2.831437574560644044e-01
-1.565000000000000000e+02 2.797787691570636226e-01
-1.564000000000000341e+02 2.827900948609035625e-01
-1.563000000000000114e+02 2.830571966810643825e-01
-1.562000000000000455e+02 2.801512278059044569e-01
-1.561000000000000227e+02 2.797164453990635957e-01
-1.560000000000000000e+02 2.814748657140639931e-01
-1.559000000000000341e+02 2.790358303909048487e-01
-1.558000000000000114e+02 2.808372837770638508e-01
-1.557000000000000455e+02 2.818962930299038216e-01
-1.556000000000000227e+02 2.808630046930638557e-01
-1.555000000000000000e+02 2.824097220840642297e-01
-1.554000000000000341e+02 2.843328551879030219e-01
-1.553000000000000114e+02 2.823142579150642040e-01
-1.552000000000000455e+02 2.826634688129036066e-01
-1.551000000000000227e+02 2.833238038680644388e-01
-1.550000000000000000e+02 2.796086154050635431e-01
-1.549000000000000341e+02 2.840855386879030942e-01
-1.548000000000000114e+02 2.820530916910641284e-01
-1.547000000000000455e+02 2.828870429289034871e-01
-1.546000000000000227e+02 2.864053674580651077e-01
-1.545000000000000000e+02 2.834484513840643816e-01
-1.544000000000000341e+02 2.829933890239034744e-01
-1.543000000000000114e+02 2.819922518320641114e-01
-1.542000000000000455e+02 2.850846973479027602e-01
-1.541000000000000227e+02 2.859631655560649910e-01
-1.540000000000000000e+02 2.845188371960646889e-01
-1.539000000000000341e+02 2.855664698899025855e-01
-1.538000000000000114e+02 2.844332656870646736e-01
-1.537000000000000455e+02 2.819136051849038260e-01
-1.536000000000000227e+02 2.828613220130642425e-01
-1.535000000000000000e+02 2.843679741310646270e-01
-1.534000000000000341e+02 2.795433238489046790e-01
-1.533000000000000114e+02 2.835117644080644705e-01
-1.532000000000000455e+02 2.854932642059026526e-01
-1.531000000000000227e+02 2.858667121210650142e-01
-1.530000000000000000e+02 2.863939908990650873e-01
-1.529000000000000341e+02 2.845935267789029277e-01
-1.528000000000000114e+02 2.882824996930655193e-01
-1.527000000000000455e+02 2.893523908719012883e-01
-1.526000000000000227e+02 2.838565236090645483e-01
-1.525000000000000000e+02 2.844149642660646626e-01
-1.524000000000000341e+02 2.853295406829027270e-01
-1.523000000000000114e+02 2.840014510780645707e-01
-1.522000000000000455e+02 2.900473502369010914e-01
-1.521000000000000227e+02 2.878882771920654449e-01
-1.520000000000000000e+02 2.837284136620645270e-01
-1.519000000000000341e+02 2.871725432409020229e-01
-1.518000000000000114e+02 2.877552209150653906e-01
-1.517000000000000455e+02 2.877848988949018305e-01
-1.516000000000000227e+02 2.869737007750652324e-01
-1.515000000000000000e+02 2.835493565160644436e-01
-1.514000000000000341e+02 2.865676070819022092e-01
-1.513000000000000114e+02 2.862614292550650918e-01
-1.512000000000000455e+02 2.875405501929019225e-01
-1.511000000000000227e+02 2.897599684640658757e-01
-1.510000000000000000e+02 2.852311087160648295e-01
-1.509000000000000341e+02 2.869128609159021237e-01
-1.508000000000000114e+02 2.836032715130644699e-01
-1.507000000000000455e+02 2.864652180509022483e-01
-1.506000000000000227e+02 2.869994216910652374e-01
-1.505000000000000000e+02 2.874332148320653535e-01
-1.504000000000000341e+02 2.855575664959026372e-01
-1.503000000000000114e+02 2.861293622440650442e-01
-1.502000000000000455e+02 2.858850135419024885e-01
-1.501000000000000227e+02 2.884066525760655697e-01
-1.500000000000000000e+02 2.902758706830659841e-01
-1.499000000000000341e+02 2.907546754269008105e-01
-1.498000000000000114e+02 2.902946667370659428e-01
-1.497000000000000455e+02 2.912948146629006363e-01
-1.496000000000000227e+02 2.870558098530652802e-01
-1.495000000000000000e+02 2.860551672940649937e-01
-1.494000000000000341e+02 2.915480667589005481e-01
-1.493000000000000114e+02 2.883997277140655791e-01
-1.492000000000000455e+02 2.877794579319018498e-01
-1.491000000000000227e+02 2.914184729130662732e-01
-1.490000000000000000e+02 2.876538211500654363e-01
-1.489000000000000341e+02 2.866274576749022751e-01
-1.488000000000000114e+02 2.850015990040647429e-01
-1.487000000000000455e+02 2.866729639109022454e-01
-1.486000000000000227e+02 2.916648001470663054e-01
-1.485000000000000000e+02 2.906963087330660667e-01
-1.484000000000000341e+02 2.920243983379003927e-01
-1.483000000000000114e+02 2.960333988030673380e-01
-1.482000000000000455e+02 2.913413101649006132e-01
-1.481000000000000227e+02 2.922059286490664154e-01
-1.480000000000000000e+02 2.860784150450650376e-01
-1.479000000000000341e+02 2.912987717269006627e-01
-1.478000000000000114e+02 2.889556952060656769e-01
-1.477000000000000455e+02 2.906102425909008469e-01
-1.476000000000000227e+02 2.900973081700659595e-01
-1.475000000000000000e+02 2.887261854940656458e-01
-1.474000000000000341e+02 2.914664523139006147e-01
-1.473000000000000114e+02 2.889591576370657000e-01
-1.472000000000000455e+02 2.908011709289007873e-01
-1.471000000000000227e+02 2.891322791870656883e-01
-1.470000000000000000e+02 2.921000771870664314e-01
-1.469000000000000341e+02 2.890234599269014271e-01
-1.468000000000000114e+02 2.875168078090653556e-01
-1.467000000000000455e+02 2.911261448099007332e-01
-1.466000000000000227e+02 2.928331232930665995e-01
-1.465000000000000000e+02 2.913813754380662480e-01
-1.464000000000000341e+02 2.924349437279002428e-01
-1.463000000000000114e+02 2.922301656660664104e-01
-1.462000000000000455e+02 2.955827881398991885e-01
-1.461000000000000227e+02 2.870983482910652307e-01
-1.460000000000000000e+02 2.946761258510670056e-01
-1.459000000000000341e+02 2.895626098969012463e-01
-1.458000000000000114e+02 2.898841213470659262e-01
-1.457000000000000455e+02 2.895947610419011831e-01
-1.456000000000000227e+02 2.958301046400672596e-01
-1.455000000000000000e+02 2.926421949550664925e-01
-1.454000000000000341e+02 2.918745245389003928e-01
-1.453000000000000114e+02 2.937808401210668108e-01
-1.452000000000000455e+02 2.945865972778994868e-01
-1.451000000000000227e+02 2.923147479090664747e-01
-1.450000000000000000e+02 2.940044142370668578e-01
-1.449000000000000341e+02 2.939772094218996989e-01
-1.448000000000000114e+02 2.951123921570671382e-01
-1.447000000000000455e+02 2.934909851828998439e-01
-1.446000000000000227e+02 2.927154006390665919e-01
-1.445000000000000000e+02 2.921643794770664715e-01
-1.444000000000000341e+02 2.915500452909005613e-01
-1.443000000000000114e+02 2.937368177840667949e-01
-1.442000000000000455e+02 2.916484772579004958e-01
-1.441000000000000227e+02 2.958033944580673036e-01
-1.440000000000000000e+02 2.935038456410666852e-01
-1.439000000000000341e+02 2.965196230418988832e-01
-1.438000000000000114e+02 2.964602670820674080e-01
-1.437000000000000455e+02 2.951989529318992944e-01
-1.436000000000000227e+02 2.946172645240669463e-01
-1.435000000000000000e+02 2.942091922990668906e-01
-1.434000000000000341e+02 2.956960590968991665e-01
-1.433000000000000114e+02 2.978576053070676743e-01
-1.432000000000000455e+02 2.947330086458994636e-01
-1.431000000000000227e+02 2.932392169860666420e-01
-1.430000000000000000e+02 2.946048986990669749e-01
-1.429000000000000341e+02 2.992316957808979216e-01
-1.428000000000000114e+02 2.908719034480661270e-01
-1.427000000000000455e+02 2.948170962558994135e-01
-1.426000000000000227e+02 2.959849247690672924e-01
-1.425000000000000000e+02 2.962480695250673812e-01
-1.424000000000000341e+02 2.939668221288997407e-01
-1.423000000000000114e+02 2.947206428210670248e-01
-1.422000000000000455e+02 2.946405122748995131e-01
-1.421000000000000227e+02 2.976993227470676739e-01
-1.420000000000000000e+02 2.977942922830676964e-01
-1.419000000000000341e+02 2.954254948458992502e-01
-1.418000000000000114e+02 2.973758327650676270e-01
-1.417000000000000455e+02 2.973886932228985702e-01
-1.416000000000000227e+02 2.990204874900679322e-01
-1.415000000000000000e+02 2.935780405910667357e-01
-1.414000000000000341e+02 3.005053757558974747e-01
-1.413000000000000114e+02 2.962980274580673257e-01
-1.412000000000000455e+02 3.008852538998973425e-01
-1.411000000000000227e+02 3.013566391490685170e-01
-1.410000000000000000e+02 2.944926170080669481e-01
-1.409000000000000341e+02 2.964177286438988701e-01
-1.408000000000000114e+02 2.979886830520677710e-01
-1.407000000000000455e+02 2.998381158388977452e-01
-1.406000000000000227e+02 3.003995242940682986e-01
-1.405000000000000000e+02 2.949160228560670505e-01
-1.404000000000000341e+02 3.004677836478975017e-01
-1.403000000000000114e+02 2.941765465210668951e-01
-1.402000000000000455e+02 2.971072470458986370e-01
-1.401000000000000227e+02 2.980069844730677264e-01
-1.400000000000000000e+02 2.998242661150681831e-01
-1.399000000000000341e+02 3.031793617538965924e-01
-1.398000000000000114e+02 3.017800449970686194e-01
-1.397000000000000455e+02 2.985278330218981702e-01
-1.396000000000000227e+02 2.997965666670681095e-01
-1.395000000000000000e+02 2.953503106300671144e-01
-1.394000000000000341e+02 2.965977750558988491e-01
-1.393000000000000114e+02 2.991476081710680024e-01
-1.392000000000000455e+02 2.986895780128981381e-01
-1.391000000000000227e+02 3.014674369410685340e-01
-1.390000000000000000e+02 3.012047868180685040e-01
-1.389000000000000341e+02 2.995685408538978356e-01
-1.388000000000000114e+02 2.995502394330681328e-01
-1.387000000000000455e+02 2.987306325518980787e-01
-1.386000000000000227e+02 2.954551728260671473e-01
-1.385000000000000000e+02 2.975341153250676274e-01
-1.384000000000000341e+02 3.013843385968972277e-01
-1.383000000000000114e+02 3.028078923710688652e-01
-1.382000000000000455e+02 3.014125326778971936e-01
-1.381000000000000227e+02 3.029538091060688387e-01
-1.380000000000000000e+02 3.001428097670682527e-01
-1.379000000000000341e+02 2.990956717058979586e-01
-1.378000000000000114e+02 3.040949274370691735e-01
-1.377000000000000455e+02 2.975375777558985080e-01
-1.376000000000000227e+02 2.998836220750681902e-01
-1.375000000000000000e+02 3.051752059090693803e-01
-1.374000000000000341e+02 3.012389164948972575e-01
-1.373000000000000114e+02 3.009421366950684185e-01
-1.372000000000000455e+02 3.021440948848969077e-01
-1.371000000000000227e+02 3.039940223050691115e-01
-1.370000000000000000e+02 3.020738569990686906e-01
-1.369000000000000341e+02 2.963737063068989097e-01
-1.368000000000000114e+02 3.058167449100695490e-01
-1.367000000000000455e+02 2.995146258568978093e-01
-1.366000000000000227e+02 2.961085830190673396e-01
-1.365000000000000000e+02 3.021836655250687009e-01
-1.364000000000000341e+02 3.013511981858972288e-01
-1.363000000000000114e+02 3.094943412650703607e-01
-1.362000000000000455e+02 3.001952408648975723e-01
-1.361000000000000227e+02 3.050179126150692754e-01
-1.360000000000000000e+02 3.047062938250693076e-01
-1.359000000000000341e+02 3.033940324758965246e-01
-1.358000000000000114e+02 3.020268668640686549e-01
-1.357000000000000455e+02 2.997718350168977475e-01
-1.356000000000000227e+02 3.037635233270690183e-01
-1.355000000000000000e+02 3.030690585950688853e-01
-1.354000000000000341e+02 2.986341791168981019e-01
-1.353000000000000114e+02 3.036042515010690668e-01
-1.352000000000000455e+02 3.017429475218970092e-01
-1.351000000000000227e+02 3.069568739750697661e-01
-1.350000000000000000e+02 3.069445081500697947e-01
-1.349000000000000341e+02 3.036047461338964304e-01
-1.348000000000000114e+02 3.042779416470691722e-01
-1.347000000000000455e+02 3.034202480248965328e-01
-1.346000000000000227e+02 3.045034942950692325e-01
-1.345000000000000000e+02 3.079159673620699977e-01
-1.344000000000000341e+02 3.084877631098947859e-01
-1.343000000000000114e+02 3.035493472380689783e-01
-1.342000000000000455e+02 3.022173005688968961e-01
-1.341000000000000227e+02 3.066299215620696961e-01
-1.340000000000000000e+02 3.032565245020689693e-01
-1.339000000000000341e+02 3.022682477678969026e-01
-1.338000000000000114e+02 3.038753103850690973e-01
-1.337000000000000455e+02 3.063534217148955463e-01
-1.336000000000000227e+02 3.061357831950696218e-01
-1.335000000000000000e+02 3.074777225240698519e-01
-1.334000000000000341e+02 3.047834565728960166e-01
-1.333000000000000114e+02 3.022168059360687553e-01
-1.332000000000000455e+02 3.062139352088955047e-01
-1.331000000000000227e+02 3.043427385700692156e-01
-1.330000000000000000e+02 3.063855728600696771e-01
-1.329000000000000341e+02 3.085387103088947369e-01
-1.328000000000000114e+02 3.053186494790694483e-01
-1.327000000000000455e+02 3.010385901298973099e-01
-1.326000000000000227e+02 3.043016840310691640e-01
-1.325000000000000000e+02 3.094448779650703640e-01
-1.324000000000000341e+02 3.046949172658960370e-01
-1.323000000000000114e+02 3.031348447840689353e-01
-1.322000000000000455e+02 3.004242559438974891e-01
-1.321000000000000227e+02 3.047062938250693076e-01
-1.320000000000000000e+02 3.080440773090700191e-01
-1.319000000000000341e+02 3.083794384828947854e-01
-1.318000000000000114e+02 3.064657034060697116e-01
-1.317000000000000455e+02 3.052434652628958633e-01
-1.316000000000000227e+02 3.037546199330690699e-01
-1.315000000000000000e+02 3.070577791070698281e-01
-1.314000000000000341e+02 3.071413720838951922e-01
-1.313000000000000114e+02 3.088161994220702256e-01
-1.312000000000000455e+02 3.069326369578952995e-01
-1.311000000000000227e+02 3.088577485940702250e-01
-1.310000000000000000e+02 3.100968042590704910e-01
-1.309000000000000341e+02 3.095180836488943821e-01
-1.308000000000000114e+02 3.071947924480699088e-01
-1.307000000000000455e+02 3.066952131178953267e-01
-1.306000000000000227e+02 3.122192744620709282e-01
-1.305000000000000000e+02 3.080089583660700070e-01
-1.304000000000000341e+02 3.103945733248941741e-01
-1.303000000000000114e+02 3.154749488680717584e-01
-1.302000000000000455e+02 3.104470044228940795e-01
-1.301000000000000227e+02 3.085540439320701434e-01
-1.300000000000000000e+02 3.069390671870698140e-01
-1.299000000000000341e+02 3.056629140468957173e-01
-1.298000000000000114e+02 3.083660833920700561e-01
-1.297000000000000455e+02 3.089779444128946118e-01
-1.296000000000000227e+02 3.129107713960711523e-01
-1.295000000000000000e+02 3.081697140910700239e-01
-1.294000000000000341e+02 3.126080559998933861e-01
-1.293000000000000114e+02 3.086994660340701691e-01
-1.292000000000000455e+02 3.099800708708942976e-01
-1.291000000000000227e+02 3.079777964870700213e-01
-1.290000000000000000e+02 3.106686000070706388e-01
-1.289000000000000341e+02 3.101883113638942424e-01
-1.288000000000000114e+02 3.107724729370706651e-01
-1.287000000000000455e+02 3.123567824358934319e-01
-1.286000000000000227e+02 3.095695254810704178e-01
-1.285000000000000000e+02 3.075613155010699096e-01
-1.284000000000000341e+02 3.094547706248944596e-01
-1.283000000000000114e+02 3.086979821350701592e-01
-1.282000000000000455e+02 3.090689568848946078e-01
-1.281000000000000227e+02 3.099983722920705009e-01
-1.280000000000000000e+02 3.164701504640718976e-01
-1.279000000000000341e+02 3.100404160968942557e-01
-1.278000000000000114e+02 3.106290293670706526e-01
-1.277000000000000455e+02 3.137837986408930080e-01
-1.276000000000000227e+02 3.116840815560709133e-01
-1.275000000000000000e+02 3.106057816160706087e-01
-1.274000000000000341e+02 3.103614329138941197e-01
-1.273000000000000114e+02 3.091639264210703231e-01
-1.272000000000000455e+02 3.089146313888946338e-01
-1.271000000000000227e+02 3.118304929240708900e-01
-1.270000000000000000e+02 3.100458570600704289e-01
-1.269000000000000341e+02 3.126174540268933377e-01
-1.268000000000000114e+02 3.073486233110698795e-01
-1.267000000000000455e+02 3.134974061338930973e-01
-1.266000000000000227e+02 3.134578354940713019e-01
-1.265000000000000000e+02 3.092119058220703098e-01
-1.264000000000000341e+02 3.145089306188927347e-01
-1.263000000000000114e+02 3.129078035980711325e-01
-1.262000000000000455e+02 3.112977731828938111e-01
-1.261000000000000227e+02 3.105874801950705977e-01
-1.260000000000000000e+02 3.098044761560704297e-01
-1.259000000000000341e+02 3.117543194418936903e-01
-1.258000000000000114e+02 3.111454262190707087e-01
-1.257000000000000455e+02 3.127732634218932661e-01
-1.256000000000000227e+02 3.103757772710705742e-01
-1.255000000000000000e+02 3.113155799710707328e-01
-1.254000000000000341e+02 3.118918274158936077e-01
-1.253000000000000114e+02 3.174332009150721001e-01
-1.252000000000000455e+02 3.124349344498934533e-01
-1.251000000000000227e+02 3.152563210820716333e-01
-1.250000000000000000e+02 3.137165285530713055e-01
-1.249000000000000341e+02 3.099459411938942921e-01
-1.248000000000000114e+02 3.140311151410714041e-01
-1.247000000000000455e+02 3.143575729208927805e-01
-1.246000000000000227e+02 3.105350490970706367e-01
-1.245000000000000000e+02 3.126327876500710756e-01
-1.244000000000000341e+02 3.144525424568927474e-01
-1.243000000000000114e+02 3.140405131680713557e-01
-1.242000000000000455e+02 3.160610889728922013e-01
-1.241000000000000227e+02 3.168490393420720364e-01
-1.240000000000000000e+02 3.142551838900714545e-01
-1.239000000000000341e+02 3.146696863438926406e-01
-1.238000000000000114e+02 3.111528457140707027e-01
-1.237000000000000455e+02 3.106972887208940270e-01
-1.236000000000000227e+02 3.151237594380716378e-01
-1.235000000000000000e+02 3.154803898310716836e-01
-1.234000000000000341e+02 3.197263195028909322e-01
-1.233000000000000114e+02 3.169662673630720962e-01
-1.232000000000000455e+02 3.156050373468923254e-01
-1.231000000000000227e+02 3.156169085390717610e-01
-1.230000000000000000e+02 3.167872102170719573e-01
-1.229000000000000341e+02 3.158889566888922751e-01
-1.228000000000000114e+02 3.131991424350712427e-01
-1.227000000000000455e+02 3.148670449108925684e-01
-1.226000000000000227e+02 3.154348835950717689e-01
-1.225000000000000000e+02 3.175657625590722066e-01
-1.224000000000000341e+02 3.149674554098925161e-01
-1.223000000000000114e+02 3.172210033580721289e-01
-1.222000000000000455e+02 3.179035968978915494e-01
-1.221000000000000227e+02 3.164933982150719416e-01
-1.220000000000000000e+02 3.163821057900719214e-01
-1.219000000000000341e+02 3.167125206338919363e-01
-1.218000000000000114e+02 3.197584706480727235e-01
-1.217000000000000455e+02 3.170147413968918415e-01
-1.216000000000000227e+02 3.204450212520728591e-01
-1.215000000000000000e+02 3.163252229950719308e-01
-1.214000000000000341e+02 3.159201185678922053e-01
-1.213000000000000114e+02 3.127727687890711206e-01
-1.212000000000000455e+02 3.149264008708925200e-01
-1.211000000000000227e+02 3.184917155350724394e-01
-1.210000000000000000e+02 3.192648269140725414e-01
-1.209000000000000341e+02 3.209347079218904941e-01
-1.208000000000000114e+02 3.164632256020720180e-01
-1.207000000000000455e+02 3.173016285368918110e-01
-1.206000000000000227e+02 3.170983343740720883e-01
-1.205000000000000000e+02 3.204771723970728514e-01
-1.204000000000000341e+02 3.155318316628924480e-01
-1.203000000000000114e+02 3.197970520220727031e-01
-1.202000000000000455e+02 3.220941276738901182e-01
-1.201000000000000227e+02 3.197085127150726680e-01
-1.200000000000000000e+02 3.190100909190725642e-01
-1.199000000000000341e+02 3.182300546778914496e-01
-1.198000000000000114e+02 3.220921491420731808e-01
-1.197000000000000455e+02 3.191312760038911289e-01
-1.196000000000000227e+02 3.185525553940724008e-01
-1.195000000000000000e+02 3.206770041290729067e-01
-1.194000000000000341e+02 3.167085635698919655e-01
-1.193000000000000114e+02 3.184561019590723685e-01
-1.192000000000000455e+02 3.273273448138883102e-01
-1.191000000000000227e+02 3.191179209130725059e-01
-1.190000000000000000e+02 3.220629657950732638e-01
-1.189000000000000341e+02 3.198930108238908776e-01
-1.188000000000000114e+02 3.193217097090725876e-01
-1.187000000000000455e+02 3.215643757308903061e-01
-1.186000000000000227e+02 3.208051140760729836e-01
-1.185000000000000000e+02 3.198000198200727229e-01
-1.184000000000000341e+02 3.185001242958913625e-01
-1.183000000000000114e+02 3.204524407470728531e-01
-1.182000000000000455e+02 3.173842322478916955e-01
-1.181000000000000227e+02 3.215495367410730609e-01
-1.180000000000000000e+02 3.258073376050740211e-01
-1.179000000000000341e+02 3.219022100698902267e-01
-1.178000000000000114e+02 3.234202387470734852e-01
-1.177000000000000455e+02 3.204860757908906677e-01
-1.176000000000000227e+02 3.183141422880723659e-01
-1.175000000000000000e+02 3.238970649590736661e-01
-1.174000000000000341e+02 3.226985691998899286e-01
-1.173000000000000114e+02 3.200057871480728178e-01
-1.172000000000000455e+02 3.223899182078900916e-01
-1.171000000000000227e+02 3.201462629200727550e-01
-1.170000000000000000e+02 3.215327192190730599e-01
-1.169000000000000341e+02 3.244045584168893659e-01
-1.168000000000000114e+02 3.251069372770739041e-01
-1.167000000000000455e+02 3.242789216348893611e-01
-1.166000000000000227e+02 3.231363194050734244e-01
-1.165000000000000000e+02 3.223953591710732591e-01
-1.164000000000000341e+02 3.251722288328890986e-01
-1.163000000000000114e+02 3.246296164320737754e-01
-1.162000000000000455e+02 3.221648601928901456e-01
-1.161000000000000227e+02 3.241978018230736724e-01
-1.160000000000000000e+02 3.221792045500732615e-01
-1.159000000000000341e+02 3.256406462838888904e-01
-1.158000000000000114e+02 3.227688070860733616e-01
-1.157000000000000455e+02 3.240355621988894597e-01
-1.156000000000000227e+02 3.261318168530741302e-01
-1.155000000000000000e+02 3.254472447810740077e-01
-1.154000000000000341e+02 3.226797731458899698e-01
-1.153000000000000114e+02 3.242235227390736774e-01
-1.152000000000000455e+02 3.263316485848886672e-01
-1.151000000000000227e+02 3.208159960020728896e-01
-1.150000000000000000e+02 3.225165442560733453e-01
-1.149000000000000341e+02 3.249308479288891549e-01
-1.148000000000000114e+02 3.280326914720745890e-01
-1.147000000000000455e+02 3.213912541808903733e-01
-1.146000000000000227e+02 3.250827002600739091e-01
-1.145000000000000000e+02 3.245712497380737194e-01
-1.144000000000000341e+02 3.264958667408885962e-01
-1.143000000000000114e+02 3.260952140110741082e-01
-1.142000000000000455e+02 3.236987171258896012e-01
-1.141000000000000227e+02 3.273792812790743967e-01
-1.140000000000000000e+02 3.245549268490737771e-01
-1.139000000000000341e+02 3.235458755288896371e-01
-1.138000000000000114e+02 3.258454243460741084e-01
-1.137000000000000455e+02 3.250431296198891817e-01
-1.136000000000000227e+02 3.230561888590734454e-01
-1.135000000000000000e+02 3.276617167220744475e-01
-1.134000000000000341e+02 3.284239461748879596e-01
-1.133000000000000114e+02 3.242121461800736570e-01
-1.132000000000000455e+02 3.265562119668886099e-01
-1.131000000000000227e+02 3.264612424310742167e-01
-1.130000000000000000e+02 3.267392261770742934e-01
-1.129000000000000341e+02 3.242873303958894171e-01
-1.128000000000000114e+02 3.202991045170728857e-01
-1.127000000000000455e+02 3.257464977458889299e-01
-1.126000000000000227e+02 3.256564745400740146e-01
-1.125000000000000000e+02 3.313867978450753538e-01
-1.124000000000000341e+02 3.270310596468884445e-01
-1.123000000000000114e+02 3.256782383920739932e-01
-1.122000000000000455e+02 3.250737968658891086e-01
-1.121000000000000227e+02 3.317736008510754342e-01
-1.120000000000000000e+02 3.274242928820744192e-01
-1.119000000000000341e+02 3.273585066928883514e-01
-1.118000000000000114e+02 3.311206852910753007e-01
-1.117000000000000455e+02 3.297134544058875072e-01
-1.116000000000000227e+02 3.303421329490751068e-01
-1.115000000000000000e+02 3.271433413380743227e-01
-1.114000000000000341e+02 3.265542334348885967e-01
-1.113000000000000114e+02 3.269875319430743388e-01
-1.112000000000000455e+02 3.278125797868881586e-01
-1.111000000000000227e+02 3.245376146940737172e-01
-1.110000000000000000e+02 3.284659899800746463e-01
-1.109000000000000341e+02 3.298658013698874680e-01
-1.108000000000000114e+02 3.298816296260750347e-01
-1.107000000000000455e+02 3.273298179788883822e-01
-1.106000000000000227e+02 3.311429437760752270e-01
-1.105000000000000000e+02 3.302362814870751229e-01
-1.104000000000000341e+02 3.274480352658882820e-01
-1.103000000000000114e+02 3.284689577780746661e-01
-1.102000000000000455e+02 3.286237779068879039e-01
-1.101000000000000227e+02 3.272135792240744023e-01
-1.100000000000000000e+02 3.281182629810746043e-01
-1.099000000000000341e+02 3.319027000638868352e-01
-1.098000000000000114e+02 3.283037503560746195e-01
-1.097000000000000455e+02 3.325343464048865494e-01
-1.096000000000000227e+02 3.301061930080750328e-01
-1.095000000000000000e+02 3.265482978390742419e-01
-1.094000000000000341e+02 3.291851863618876495e-01
-1.093000000000000114e+02 3.280272505090746082e-01
-1.092000000000000455e+02 3.312567093658870254e-01
-1.091000000000000227e+02 3.319744218490754961e-01
-1.090000000000000000e+02 3.267253764530742566e-01
-1.089000000000000341e+02 3.309361871818871093e-01
-1.088000000000000114e+02 3.331501644900757286e-01
-1.087000000000000455e+02 3.258543277398888161e-01
-1.086000000000000227e+02 3.335592259810758464e-01
-1.085000000000000000e+02 3.321252849140755026e-01
-1.084000000000000341e+02 3.298677799018874812e-01
-1.083000000000000114e+02 3.312666020260752742e-01
-1.082000000000000455e+02 3.328004589588864914e-01
-1.081000000000000227e+02 3.350025650750761974e-01
-1.080000000000000000e+02 3.290570764150748118e-01
-1.079000000000000341e+02 3.318062466288868029e-01
-1.078000000000000114e+02 3.315178755900753949e-01
-1.077000000000000455e+02 3.316652762238868069e-01
-1.076000000000000227e+02 3.314595088960753388e-01
-1.075000000000000000e+02 3.308120342990751861e-01
-1.074000000000000341e+02 3.286692841428879297e-01
-1.073000000000000114e+02 3.285362278660747259e-01
-1.072000000000000455e+02 3.312651181268869705e-01
-1.071000000000000227e+02 3.307239896250752098e-01
-1.070000000000000000e+02 3.344020806130759693e-01
-1.069000000000000341e+02 3.307437749448871589e-01
-1.068000000000000114e+02 3.333544479190758136e-01
-1.067000000000000455e+02 3.344218659328859200e-01
-1.066000000000000227e+02 3.294735574010748680e-01
-1.065000000000000000e+02 3.292860914940748396e-01
-1.064000000000000341e+02 3.357430306758854566e-01
-1.063000000000000114e+02 3.312774839520752912e-01
-1.062000000000000455e+02 3.343946611178859052e-01
-1.061000000000000227e+02 3.322242115140754959e-01
-1.060000000000000000e+02 3.338995334850759500e-01
-1.059000000000000341e+02 3.348611000368857393e-01
-1.058000000000000114e+02 3.342472604840759920e-01
-1.057000000000000455e+02 3.320268529468867746e-01
-1.056000000000000227e+02 3.332584891170757846e-01
-1.055000000000000000e+02 3.375123329170767184e-01
-1.054000000000000341e+02 3.334860202968861764e-01
-1.053000000000000114e+02 3.344367049230760336e-01
-1.052000000000000455e+02 3.363840750438852334e-01
-1.051000000000000227e+02 3.385426534560769252e-01
-1.050000000000000000e+02 3.357756764540763550e-01
-1.049000000000000341e+02 3.367125113558851468e-01
-1.048000000000000114e+02 3.390620181060770566e-01
-1.047000000000000455e+02 3.368979987308851065e-01
-1.046000000000000227e+02 3.354200353270762602e-01
-1.045000000000000000e+02 3.339974708190759922e-01
-1.044000000000000341e+02 3.348081743058857751e-01
-1.043000000000000114e+02 3.376389589650767298e-01
-1.042000000000000455e+02 3.295165904718876382e-01
-1.041000000000000227e+02 3.377744884070768006e-01
-1.040000000000000000e+02 3.381296349010768365e-01
-1.039000000000000341e+02 3.349872314518858030e-01
-1.038000000000000114e+02 3.334419979600757866e-01
-1.037000000000000455e+02 3.400037993378841050e-01
-1.036000000000000227e+02 3.331837995340757308e-01
-1.035000000000000000e+02 3.418581784550776548e-01
-1.034000000000000341e+02 3.354071748688856047e-01
-1.033000000000000114e+02 3.385223735030769565e-01
-1.032000000000000455e+02 3.365502717318852310e-01
-1.031000000000000227e+02 3.339237705020758895e-01
-1.030000000000000000e+02 3.332436501270757967e-01
-1.029000000000000341e+02 3.395848451868841988e-01
-1.028000000000000114e+02 3.342967237840759887e-01
-1.027000000000000455e+02 3.372788661408849253e-01
-1.026000000000000227e+02 3.378748989060768038e-01
-1.025000000000000000e+02 3.365542287960764378e-01
-1.024000000000000341e+02 3.395190589978841489e-01
-1.023000000000000114e+02 3.364538182970764901e-01
-1.022000000000000455e+02 3.352612581338856867e-01
-1.021000000000000227e+02 3.338851891280759654e-01
-1.020000000000000000e+02 3.354878000480762679e-01
-1.019000000000000341e+02 3.406359403118838780e-01
-1.018000000000000114e+02 3.394092504720771508e-01
-1.017000000000000455e+02 3.400774996548839857e-01
-1.016000000000000227e+02 3.379871805970768306e-01
-1.015000000000000000e+02 3.415747537460775973e-01
-1.014000000000000341e+02 3.381612914128846459e-01
-1.013000000000000114e+02 3.378140590470768423e-01
-1.012000000000000455e+02 3.438006022458827138e-01
-1.011000000000000227e+02 3.420204180790777926e-01
-1.010000000000000000e+02 3.405513580690774367e-01
-1.009000000000000341e+02 3.384135542428845511e-01
-1.008000000000000114e+02 3.384892330920769576e-01
-1.007000000000000455e+02 3.391787514938843229e-01
-1.006000000000000227e+02 3.417246275450777082e-01
-1.005000000000000000e+02 3.388132177070770634e-01
-1.004000000000000341e+02 3.369054182258851005e-01
-1.003000000000000114e+02 3.347859158210761410e-01
-1.002000000000000455e+02 3.375835600688848470e-01
-1.001000000000000227e+02 3.354037124380762624e-01
-1.000000000000000000e+02 3.456149160900785500e-01
-9.990000000000003411e+01 3.416860461708834396e-01
-9.980000000000001137e+01 3.380346653650768141e-01
-9.970000000000004547e+01 3.399127868658841090e-01
-9.960000000000002274e+01 3.407378347100774585e-01
-9.950000000000000000e+01 3.400037993380773393e-01
-9.940000000000003411e+01 3.398821196198840711e-01
-9.930000000000001137e+01 3.387904645890770228e-01
-9.920000000000004547e+01 3.398593665018840304e-01
-9.910000000000002274e+01 3.404939806410773873e-01
-9.900000000000000000e+01 3.374302238390767261e-01
-9.890000000000003411e+01 3.404900235768838490e-01
-9.880000000000001137e+01 3.386104181770770438e-01
-9.870000000000004547e+01 3.401368556148839928e-01
-9.860000000000002274e+01 3.408313203470775266e-01
-9.850000000000000000e+01 3.433653252060780980e-01
-9.840000000000003411e+01 3.430794273318829579e-01
-9.830000000000001137e+01 3.410642924900775252e-01
-9.820000000000004547e+01 3.384066293808845605e-01
-9.810000000000002274e+01 3.437877417880781938e-01
-9.800000000000000000e+01 3.427331842320778810e-01
-9.790000000000003411e+01 3.415490328298834699e-01
-9.780000000000001137e+01 3.457529186970785817e-01
-9.770000000000004547e+01 3.425155457118831404e-01
-9.760000000000002274e+01 3.419111041860777300e-01
-9.750000000000000000e+01 3.399192170950772751e-01
-9.740000000000003411e+01 3.423102730168832708e-01
-9.730000000000001137e+01 3.429399408260779269e-01
-9.720000000000004547e+01 3.412908344038835806e-01
-9.710000000000002274e+01 3.436962346830780834e-01
-9.700000000000000000e+01 3.444263129910782317e-01
-9.690000000000003411e+01 3.446469193088824157e-01
-9.680000000000001137e+01 3.414698915500776755e-01
-9.670000000000004547e+01 3.451499610698822718e-01
-9.660000000000002274e+01 3.416029478270776742e-01
-9.650000000000000000e+01 3.429983075200780385e-01
-9.640000000000003411e+01 3.466219888778818148e-01
-9.630000000000001137e+01 3.463390588020787142e-01
-9.620000000000004547e+01 3.411083148268836407e-01
-9.610000000000002274e+01 3.459013085970786272e-01
-9.600000000000000000e+01 3.466536453900788128e-01
-9.590000000000003411e+01 3.412987485318835779e-01
-9.580000000000001137e+01 3.431293852650780241e-01
-9.570000000000004547e+01 3.416613145208834967e-01
-9.560000000000002274e+01 3.462124327540786473e-01
-9.550000000000000000e+01 3.442141154340782605e-01
-9.540000000000003411e+01 3.424106835158832185e-01
-9.530000000000001137e+01 3.454917524730785616e-01
-9.520000000000004547e+01 3.415233119138835205e-01
-9.510000000000002274e+01 3.456030448980785263e-01
-9.500000000000000000e+01 3.450505398370784516e-01
-9.490000000000003411e+01 3.474030143848814700e-01
-9.480000000000001137e+01 3.447873950810784183e-01
-9.470000000000004547e+01 3.493162548288808456e-01
-9.460000000000002274e+01 3.455031290320785820e-01
-9.450000000000000000e+01 3.430883307260780279e-01
-9.440000000000003411e+01 3.444688514288824499e-01
-9.430000000000001137e+01 3.431748915010779943e-01
-9.420000000000004547e+01 3.479619496748813101e-01
-9.410000000000002274e+01 3.467387222660788249e-01
-9.400000000000000000e+01 3.453769976170785183e-01
-9.390000000000003411e+01 3.482211373668812060e-01
-9.380000000000001137e+01 3.469608124830788620e-01
-9.370000000000004547e+01 3.459487933648820457e-01
-9.360000000000002274e+01 3.445900365140783239e-01
-9.350000000000000000e+01 3.424690502100778411e-01
-9.340000000000003411e+01 3.441211244298826299e-01
-9.330000000000001137e+01 3.468925531290789066e-01
-9.320000000000004547e+01 3.461723674808818707e-01
-9.310000000000002274e+01 3.465962679620788189e-01
-9.300000000000000000e+01 3.459695679510786936e-01
-9.290000000000003411e+01 3.452300916158822508e-01
-9.280000000000001137e+01 3.471111809150789207e-01
-9.270000000000004547e+01 3.529147099038796309e-01
-9.260000000000002274e+01 3.420387195000777480e-01
-9.250000000000000000e+01 3.459725357490786579e-01
-9.240000000000003411e+01 3.475909749248813907e-01
-9.230000000000001137e+01 3.515421033290799802e-01
-9.220000000000004547e+01 3.456648740228820960e-01
-9.210000000000002274e+01 3.478175168390790217e-01
-9.200000000000000000e+01 3.459799552440786519e-01
-9.190000000000003411e+01 3.453230826198822045e-01
-9.180000000000001137e+01 3.488928489810793065e-01
-9.170000000000004547e+01 3.496926705418806902e-01
-9.160000000000002274e+01 3.492064463030793986e-01
-9.150000000000000000e+01 3.450060228670783768e-01
-9.140000000000003411e+01 3.464013825598818430e-01
-9.130000000000001137e+01 3.495981956390794565e-01
-9.120000000000004547e+01 3.498989325028806219e-01
-9.110000000000002274e+01 3.489616029680793763e-01
-9.100000000000000000e+01 3.448279549870783556e-01
-9.090000000000003411e+01 3.535409152818794198e-01
-9.080000000000001137e+01 3.480168539380790738e-01
-9.070000000000004547e+01 3.460551394598820329e-01
-9.060000000000002274e+01 3.529275703620802229e-01
-9.050000000000000000e+01 3.484669699680792432e-01
-9.040000000000003411e+01 3.508219176808803352e-01
-9.030000000000001137e+01 3.489324196210792928e-01
-9.020000000000004547e+01 3.499572991968806224e-01
-9.010000000000002274e+01 3.491678649290793635e-01
-9.000000000000000000e+01 3.508248854790797511e-01
-8.990000000000003411e+01 3.456035395308821312e-01
-8.980000000000001137e+01 3.512680766470798743e-01
-8.970000000000004547e+01 3.491327459858808990e-01
-8.960000000000002274e+01 3.549253930490807174e-01
-8.950000000000000000e+01 3.555367594370808515e-01
-8.940000000000003411e+01 3.551840861078788270e-01
-8.930000000000001137e+01 3.497099826970795355e-01
-8.920000000000004547e+01 3.508847360718803099e-01
-8.910000000000002274e+01 3.580796676900813713e-01
-8.900000000000000000e+01 3.514481230590799088e-01
-8.890000000000003411e+01 3.457618220908821316e-01
-8.880000000000001137e+01 3.545657948580805963e-01
-8.870000000000004547e+01 3.528083638088796437e-01
-8.860000000000002274e+01 3.522766333340801026e-01
-8.850000000000000000e+01 3.483220424990791653e-01
-8.840000000000003411e+01 3.525773701978797137e-01
-8.830000000000001137e+01 3.510336206050797547e-01
-8.820000000000004547e+01 3.501788947808805452e-01
-8.810000000000002274e+01 3.541953147410805136e-01
-8.800000000000000000e+01 3.504835887090796409e-01
-8.790000000000003411e+01 3.503421236708804676e-01
-8.780000000000001137e+01 3.542863272130805652e-01
-8.770000000000004547e+01 3.514021221898801506e-01
-8.760000000000002274e+01 3.514179504460799297e-01
-8.750000000000000000e+01 3.501665289560795813e-01
-8.740000000000003411e+01 3.543412314758791481e-01
-8.730000000000001137e+01 3.575410123530812778e-01
-8.720000000000004547e+01 3.514016275568801473e-01
-8.710000000000002274e+01 3.485955745480792678e-01
-8.700000000000000000e+01 3.504459966010796679e-01
-8.690000000000003411e+01 3.494606876648808091e-01
-8.680000000000001137e+01 3.543402422100805915e-01
-8.670000000000004547e+01 3.524720133688797885e-01
-8.660000000000002274e+01 3.553354438060807308e-01
-8.650000000000000000e+01 3.521579214140800329e-01
-8.640000000000003411e+01 3.589967172718775412e-01
-8.630000000000001137e+01 3.535537757400803449e-01
-8.620000000000004547e+01 3.541809703838791901e-01
-8.610000000000002274e+01 3.548848331430806691e-01
-8.600000000000000000e+01 3.538945778770804518e-01
-8.590000000000003411e+01 3.531649942018795230e-01
-8.580000000000001137e+01 3.546741194850805967e-01
-8.570000000000004547e+01 3.512403771988801271e-01
-8.560000000000002274e+01 3.552785610110807402e-01
-8.550000000000000000e+01 3.563875281970810271e-01
-8.540000000000003411e+01 3.583418231798777831e-01
-8.530000000000001137e+01 3.533672990990803786e-01
-8.520000000000004547e+01 3.518740020718799100e-01
-8.510000000000002274e+01 3.534350638200803307e-01
-8.500000000000000000e+01 3.552874644050807440e-01
-8.490000000000003411e+01 3.554318972408787580e-01
-8.480000000000001137e+01 3.579218797630813742e-01
-8.470000000000004547e+01 3.608515910218769718e-01
-8.460000000000002274e+01 3.508689078160797670e-01
-8.450000000000000000e+01 3.560145749150808725e-01
-8.440000000000003411e+01 3.559186161128785608e-01
-8.430000000000001137e+01 3.553928212340807802e-01
-8.420000000000004547e+01 3.631115691988761052e-01
-8.410000000000002274e+01 3.555451681980808520e-01
-8.400000000000000000e+01 3.539242558570804831e-01
-8.390000000000003411e+01 3.571260152658781717e-01
-8.380000000000001137e+01 3.601140932190818322e-01
-8.370000000000004547e+01 3.564547982848784158e-01
-8.360000000000002274e+01 3.570077979790811651e-01
-8.350000000000000000e+01 3.563138278800810355e-01
-8.340000000000003411e+01 3.538228560918793564e-01
-8.330000000000001137e+01 3.591248272190816770e-01
-8.320000000000004547e+01 3.585268159218777395e-01
-8.310000000000002274e+01 3.568767202340811795e-01
-8.300000000000000000e+01 3.577507367450813436e-01
-8.290000000000003411e+01 3.556505250268786611e-01
-8.280000000000001137e+01 3.552459152330807446e-01
-8.270000000000004547e+01 3.589437915408776325e-01
-8.260000000000002274e+01 3.561283405050809647e-01
-8.250000000000000000e+01 3.594206177530817059e-01
-8.240000000000003411e+01 3.569499259178782191e-01
-8.230000000000001137e+01 3.581785942900814201e-01
-8.220000000000004547e+01 3.591505481348775120e-01
-8.210000000000002274e+01 3.585446227100815286e-01
-8.200000000000000000e+01 3.525368102920801716e-01
-8.190000000000003411e+01 3.575063880428780427e-01
-8.180000000000001137e+01 3.594943180700817531e-01
-8.170000000000004547e+01 3.598702391498772579e-01
-8.160000000000002274e+01 3.617191773040822067e-01
-8.150000000000000000e+01 3.540939149760805038e-01
-8.140000000000003411e+01 3.558612386848785669e-01
-8.130000000000001137e+01 3.613066533820821769e-01
-8.120000000000004547e+01 3.566412749258783821e-01
-8.110000000000002274e+01 3.593211965200817093e-01
-8.100000000000000000e+01 3.607442556610820361e-01
-8.090000000000003411e+01 3.600240700128771731e-01
-8.080000000000001137e+01 3.582745530920814492e-01
-8.070000000000004547e+01 3.578536204088779704e-01
-8.060000000000002274e+01 3.608693978100820376e-01
-8.050000000000000000e+01 3.612270174690820901e-01
-8.040000000000003411e+01 3.556826761718787089e-01
-8.030000000000001137e+01 3.596441918690818085e-01
-8.020000000000004547e+01 3.599459179988772073e-01
-8.010000000000002274e+01 3.638728093860827406e-01
-8.000000000000000000e+01 3.586113981650815297e-01
-7.990000000000003411e+01 3.550401479048788667e-01
-7.980000000000001137e+01 3.621267548960823701e-01
-7.970000000000004547e+01 3.605775643398770325e-01
-7.960000000000002274e+01 3.627480139440825146e-01
-7.950000000000000000e+01 3.610489495890821243e-01
-7.940000000000003411e+01 3.597500433308772894e-01
-7.930000000000001137e+01 3.625575802390824109e-01
-7.920000000000004547e+01 3.607343630008769675e-01
-7.910000000000002274e+01 3.616667462060821903e-01
-7.900000000000000000e+01 3.590283737840816447e-01
-7.890000000000003411e+01 3.636838595798759788e-01
-7.880000000000001137e+01 3.626401839500824620e-01
-7.870000000000004547e+01 3.634939205078759894e-01
-7.860000000000002274e+01 3.628879950830825596e-01
-7.850000000000000000e+01 3.631476774080825698e-01
-7.840000000000003411e+01 3.649857336358754978e-01
-7.830000000000001137e+01 3.620411833870822993e-01
-7.820000000000004547e+01 3.591584622628774537e-01
-7.810000000000002274e+01 3.626293020240823894e-01
-7.800000000000000000e+01 3.613640308100821708e-01
-7.790000000000003411e+01 3.629191569618762103e-01
-7.780000000000001137e+01 3.633984563390825762e-01
-7.770000000000004547e+01 3.640765981818758212e-01
-7.760000000000002274e+01 3.621791859940823310e-01
-7.750000000000000000e+01 3.611869521960821006e-01
-7.740000000000003411e+01 3.672259264928747768e-01
-7.730000000000001137e+01 3.617691352370822622e-01
-7.720000000000004547e+01 3.669899865518748139e-01
-7.710000000000002274e+01 3.624551912080824501e-01
-7.700000000000000000e+01 3.626644209670824570e-01
-7.690000000000003411e+01 3.649872175348755077e-01
-7.680000000000001137e+01 3.634261557870825943e-01
-7.670000000000004547e+01 3.662317141628750883e-01
-7.660000000000002274e+01 3.628142947660824569e-01
-7.650000000000000000e+01 3.618700403690822687e-01
-7.640000000000003411e+01 3.620065590768765107e-01
-7.630000000000001137e+01 3.606621465830819884e-01
-7.620000000000004547e+01 3.627737348598762401e-01
-7.610000000000002274e+01 3.622197459000823794e-01
-7.600000000000000000e+01 3.645267142120828807e-01
-7.590000000000003411e+01 3.660590872458751033e-01
-7.580000000000001137e+01 3.644228412820829099e-01
-7.570000000000004547e+01 3.625654943668762953e-01
-7.560000000000002274e+01 3.656900910280831418e-01
-7.550000000000000000e+01 3.650376701010830116e-01
-7.540000000000003411e+01 3.669533837098748474e-01
-7.530000000000001137e+01 3.679520477370836762e-01
-7.520000000000004547e+01 3.642798923448757886e-01
-7.510000000000002274e+01 3.616672408390821936e-01
-7.500000000000000000e+01 3.678926917770836691e-01
-7.490000000000003411e+01 3.682483329038743758e-01
-7.480000000000001137e+01 3.689131196560838655e-01
-7.470000000000004547e+01 3.697797166718739259e-01
-7.460000000000002274e+01 3.696649618160839923e-01
-7.450000000000000000e+01 3.667911440860833205e-01
-7.440000000000003411e+01 3.657815981328751964e-01
-7.430000000000001137e+01 3.687098254930837871e-01
-7.420000000000004547e+01 3.697752649748738407e-01
-7.410000000000002274e+01 3.644782401780828907e-01
-7.400000000000000000e+01 3.672031733750834581e-01
-7.390000000000003411e+01 3.662411121898750399e-01
-7.380000000000001137e+01 3.689784112120839121e-01
-7.370000000000004547e+01 3.684249168848742761e-01
-7.360000000000002274e+01 3.634009295040825926e-01
-7.350000000000000000e+01 3.677932705440836725e-01
-7.340000000000003411e+01 3.689042162618741960e-01
-7.330000000000001137e+01 3.682982908370837083e-01
-7.320000000000004547e+01 3.662089610448751031e-01
-7.310000000000002274e+01 3.651944687620830576e-01
-7.300000000000000000e+01 3.666165386370833779e-01
-7.290000000000003411e+01 3.668816619248748689e-01
-7.280000000000001137e+01 3.702481341230841605e-01
-7.270000000000004547e+01 3.708540595478734825e-01
-7.260000000000002274e+01 3.685030688990837966e-01
-7.250000000000000000e+01 3.700750125730841167e-01
-7.240000000000003411e+01 3.639900374068757993e-01
-7.230000000000001137e+01 3.693696659150839667e-01
-7.220000000000004547e+01 3.676864298158745714e-01
-7.210000000000002274e+01 3.659280095010831735e-01
-7.200000000000000000e+01 3.657776410690831148e-01
-7.190000000000003411e+01 3.673218852948746393e-01
-7.180000000000001137e+01 3.715658364350844511e-01
-7.170000000000004547e+01 3.707907465238735600e-01
-7.160000000000002274e+01 3.715252765290844583e-01
-7.150000000000000000e+01 3.717993032110845641e-01
-7.140000000000003411e+01 3.711068170108734465e-01
-7.130000000000001137e+01 3.680079412660836602e-01
-7.120000000000004547e+01 3.714327801578733435e-01
-7.110000000000002274e+01 3.697470708940840955e-01
-7.100000000000000000e+01 3.681226961220837035e-01
-7.090000000000003411e+01 3.659834083968751539e-01
-7.080000000000001137e+01 3.693276221100839640e-01
-7.070000000000004547e+01 3.704964398888736521e-01
-7.060000000000002274e+01 3.697718025440840384e-01
-7.050000000000000000e+01 3.688883880060838671e-01
-7.040000000000003411e+01 3.671556886068747527e-01
-7.030000000000001137e+01 3.703257915040842341e-01
-7.020000000000004547e+01 3.710484503168734460e-01
-7.010000000000002274e+01 3.677655710960835433e-01
-7.000000000000000000e+01 3.700176351450841228e-01
-6.990000000000003411e+01 3.697238231428738864e-01
-6.980000000000001137e+01 3.678897239790836493e-01
-6.970000000000004547e+01 3.736803925098725609e-01
-6.960000000000002274e+01 3.741596918870850885e-01
-6.950000000000000000e+01 3.697223392440840417e-01
-6.940000000000003411e+01 3.697856522678737989e-01
-6.930000000000001137e+01 3.714189304340844155e-01
-6.920000000000004547e+01 3.718636055008732177e-01
-6.910000000000002274e+01 3.703851474640842412e-01
-6.900000000000000000e+01 3.720945991120846452e-01
-6.890000000000003411e+01 3.676265792228746165e-01
-6.880000000000001137e+01 3.736492306310850164e-01
-6.870000000000004547e+01 3.702941349918736913e-01
-6.860000000000002274e+01 3.737971258980850031e-01
-6.850000000000000000e+01 3.711577642100843399e-01
-6.840000000000003411e+01 3.715242872628732873e-01
-6.830000000000001137e+01 3.715801807920844912e-01
-6.820000000000004547e+01 3.709752446328734576e-01
-6.810000000000002274e+01 3.781152719880859769e-01
-6.800000000000000000e+01 3.731847702440848624e-01
-6.790000000000003411e+01 3.659393860598751380e-01
-6.780000000000001137e+01 3.743422114640850840e-01
-6.770000000000004547e+01 3.736012512298725885e-01
-6.760000000000002274e+01 3.752365079280852722e-01
-6.750000000000000000e+01 3.727094279310847469e-01
-6.740000000000003411e+01 3.667401968868748696e-01
-6.730000000000001137e+01 3.733084284940848541e-01
-6.720000000000004547e+01 3.729384430098727776e-01
-6.710000000000002274e+01 3.741275407420850407e-01
-6.700000000000000000e+01 3.791638939480862502e-01
-6.690000000000003411e+01 3.748091450158721472e-01
-6.680000000000001137e+01 3.693869780700839711e-01
-6.670000000000004547e+01 3.751835821968720341e-01
-6.660000000000002274e+01 3.776003590350858197e-01
-6.650000000000000000e+01 3.721603853010845842e-01
-6.640000000000003411e+01 3.754017153498719894e-01
-6.630000000000001137e+01 3.692648037190839339e-01
-6.620000000000004547e+01 3.721994613078730141e-01
-6.610000000000002274e+01 3.773555157000857974e-01
-6.600000000000000000e+01 3.787355417700861149e-01
-6.590000000000003411e+01 3.763306361238716313e-01
-6.580000000000001137e+01 3.742511989920850324e-01
-6.570000000000004547e+01 3.726629324288728839e-01
-6.560000000000002274e+01 3.754427698890853704e-01
-6.550000000000000000e+01 3.757113556080854400e-01
-6.540000000000003411e+01 3.797218399718704784e-01
-6.530000000000001137e+01 3.710321274280843351e-01
-6.520000000000004547e+01 3.757029468468718325e-01
-6.510000000000002274e+01 3.813551181380867017e-01
-6.500000000000000000e+01 3.782013381300859400e-01
-6.490000000000003411e+01 3.715435779498733049e-01
-6.480000000000001137e+01 3.787775855750861176e-01
-6.470000000000004547e+01 3.743694162788723245e-01
-6.460000000000002274e+01 3.737313397090849532e-01
-6.450000000000000000e+01 3.770384559470857377e-01
-6.440000000000003411e+01 3.723171839618730217e-01
-6.430000000000001137e+01 3.758552938110854003e-01
-6.420000000000004547e+01 3.726935996748728663e-01
-6.410000000000002274e+01 3.770033370040856702e-01
-6.400000000000000000e+01 3.762049993420855110e-01
-6.390000000000003411e+01 3.781691869848710086e-01
-6.380000000000001137e+01 3.783338997740859910e-01
-6.370000000000004547e+01 3.753107028778719934e-01
-6.360000000000002274e+01 3.797604213460863409e-01
-6.350000000000000000e+01 3.769044104040857324e-01
-6.340000000000003411e+01 3.776750486178711563e-01
-6.330000000000001137e+01 3.729888955760848335e-01
-6.320000000000004547e+01 3.790862365668707379e-01
-6.310000000000002274e+01 3.745929903950852013e-01
-6.300000000000000000e+01 3.753967690200853413e-01
-6.290000000000003411e+01 3.796100529138705104e-01
-6.280000000000001137e+01 3.739613440540850431e-01
-6.270000000000004547e+01 3.781592943248709981e-01
-6.260000000000002274e+01 3.786860784700860627e-01
-6.250000000000000000e+01 3.781711655170860165e-01
-6.240000000000003411e+01 3.826025825638695310e-01
-6.230000000000001137e+01 3.754145758080853490e-01
-6.220000000000004547e+01 3.749684168418720986e-01
-6.210000000000002274e+01 3.781944132680859494e-01
-6.200000000000000000e+01 3.737179846180849752e-01
-6.190000000000003411e+01 3.758275943628717752e-01
-6.180000000000001137e+01 3.846201905710874280e-01
-6.170000000000004547e+01 3.789096525858707820e-01
-6.160000000000002274e+01 3.771690390590856645e-01
-6.150000000000000000e+01 3.817532977030866914e-01
-6.140000000000003411e+01 3.819699469568696437e-01
-6.130000000000001137e+01 3.784165034850860976e-01
-6.120000000000004547e+01 3.820020981018697470e-01
-6.110000000000002274e+01 3.806324593250864918e-01
-6.100000000000000000e+01 3.825273983480869666e-01
-6.090000000000003411e+01 3.750005679868720354e-01
-6.080000000000001137e+01 3.820337546140868956e-01
-6.070000000000004547e+01 3.815173577618699019e-01
-6.060000000000002274e+01 3.826129698570869264e-01
-6.050000000000000000e+01 3.784714077480860750e-01
-6.040000000000003411e+01 3.846587719448687492e-01
-6.030000000000001137e+01 3.817176841270868426e-01
-6.020000000000004547e+01 3.779678713538711099e-01
-6.010000000000002274e+01 3.789695031790861202e-01
-6.000000000000000000e+01 3.788408985990862066e-01
-5.990000000000003411e+01 3.828998569968694032e-01
-5.980000000000001137e+01 3.858137400000877237e-01
-5.970000000000004547e+01 3.806289968938702528e-01
-5.960000000000002274e+01 3.791678510120861656e-01
-5.950000000000000000e+01 3.835394174660871625e-01
-5.940000000000003411e+01 3.798435196898704014e-01
-5.930000000000001137e+01 3.786994335610860962e-01
-5.920000000000004547e+01 3.790006650578707226e-01
-5.910000000000002274e+01 3.766897396820856336e-01
-5.900000000000000000e+01 3.795338794320863296e-01
-5.890000000000003411e+01 3.832337342718692974e-01
-5.880000000000001137e+01 3.854585935060876878e-01
-5.870000000000004547e+01 3.842808723328689502e-01
-5.860000000000002274e+01 3.800181251390863935e-01
-5.850000000000000000e+01 3.793058536190861973e-01
-5.840000000000003411e+01 3.855901658838684631e-01
-5.830000000000001137e+01 3.829057925930870465e-01
-5.820000000000004547e+01 3.769276581548713922e-01
-5.810000000000002274e+01 3.861772952550878157e-01
-5.800000000000000000e+01 3.858696335290877633e-01
-5.789999999999997726e+01 3.814753139570867813e-01
-5.780000000000006821e+01 3.855322938226493634e-01
-5.770000000000004547e+01 3.821034978670868609e-01
-5.760000000000002274e+01 3.847992477170874559e-01
-5.750000000000000000e+01 3.852998163130875175e-01
-5.739999999999997726e+01 3.821119066280868615e-01
-5.730000000000006821e+01 3.868168557236481564e-01
-5.720000000000004547e+01 3.829522880950870789e-01
-5.710000000000002274e+01 3.855688966650877014e-01
-5.700000000000000000e+01 3.863964176740878331e-01
-5.689999999999997726e+01 3.836695059450871970e-01
-5.680000000000006821e+01 3.815401108796530050e-01
-5.670000000000004547e+01 3.834241679770872269e-01
-5.660000000000002274e+01 3.848299149630875493e-01
-5.650000000000000000e+01 3.863627826300878310e-01
-5.639999999999997726e+01 3.822588126290868971e-01
-5.630000000000006821e+01 3.838421328616508643e-01
-5.620000000000004547e+01 3.842452587570873712e-01
-5.610000000000002274e+01 3.839954690920873159e-01
-5.600000000000000000e+01 3.859824098530877934e-01
-5.589999999999997726e+01 3.890501237190884809e-01
-5.580000000000006821e+01 3.848224954676500165e-01
-5.570000000000004547e+01 3.868381249430878910e-01
-5.560000000000002274e+01 3.866684658240879258e-01
-5.550000000000000000e+01 3.813679785960867319e-01
-5.539999999999997726e+01 3.853235586970876203e-01
-5.530000000000006821e+01 3.881419775306469422e-01
-5.520000000000004547e+01 3.886509548880883735e-01
-5.510000000000002274e+01 3.828929321350870163e-01
-5.500000000000000000e+01 3.842917542590873481e-01
-5.489999999999997726e+01 3.812314598880866545e-01
-5.480000000000006821e+01 3.832218630796515035e-01
-5.470000000000004547e+01 3.857138241340876683e-01
-5.460000000000002274e+01 3.903238036940887001e-01
-5.450000000000000000e+01 3.885752760390883132e-01
-5.439999999999997726e+01 3.852315569590876176e-01
-5.430000000000006821e+01 3.920475996986435008e-01
-5.420000000000004547e+01 3.871591417600879770e-01
-5.410000000000002274e+01 3.878832844720881967e-01
-5.400000000000000000e+01 3.893869687920884504e-01
-5.389999999999997726e+01 3.871937660700880413e-01
-5.380000000000006821e+01 3.872729073496476992e-01
-5.370000000000004547e+01 3.873159404210880785e-01
-5.360000000000002274e+01 3.895868005240886167e-01
-5.350000000000000000e+01 3.889101425800884915e-01
-5.339999999999997726e+01 3.894680886040885470e-01
-5.330000000000006821e+01 3.867515641676482208e-01
-5.320000000000004547e+01 3.873159404210880785e-01
-5.310000000000002274e+01 3.885272966380883264e-01
-5.300000000000000000e+01 3.909826548500888732e-01
-5.289999999999997726e+01 3.868316947140879036e-01
-5.280000000000006821e+01 3.889754341356462253e-01
-5.270000000000004547e+01 3.894502818160885393e-01
-5.260000000000002274e+01 3.926278042080892927e-01
-5.250000000000000000e+01 3.862722647910878382e-01
-5.239999999999997726e+01 3.902956096130887342e-01
-5.230000000000006821e+01 3.889996711526461648e-01
-5.220000000000004547e+01 3.852587617740875769e-01
-5.210000000000002274e+01 3.935344664970894524e-01
-5.200000000000000000e+01 3.896075751100885887e-01
-5.189999999999997726e+01 3.902189414980886673e-01
-5.180000000000006821e+01 3.953072311686404161e-01
-5.170000000000004547e+01 3.858894188490877286e-01
-5.160000000000002274e+01 3.897045231780885688e-01
-5.150000000000000000e+01 3.943278578290896896e-01
-5.139999999999997726e+01 3.888507866200884289e-01
-5.130000000000006821e+01 3.928424749296426932e-01
-5.120000000000004547e+01 3.948229854620897705e-01
-5.110000000000002274e+01 3.901477143460886365e-01
-5.100000000000000000e+01 3.877413248010881386e-01
-5.089999999999997726e+01 3.929290357050893578e-01
-5.080000000000006821e+01 3.884738762736467121e-01
-5.070000000000004547e+01 3.941171441710895618e-01
-5.060000000000002274e+01 3.917087760940889951e-01
-5.050000000000000000e+01 3.902961042460887375e-01
-5.039999999999997726e+01 3.942318990270896051e-01
-5.030000000000006821e+01 3.899285919266454181e-01
-5.020000000000004547e+01 3.943990849810896648e-01
-5.010000000000002274e+01 3.909480305400888644e-01
-5.000000000000000000e+01 3.913912217080889877e-01
-4.989999999999997726e+01 3.893686673710884949e-01
-4.980000000000006821e+01 3.895294230956456993e-01
-4.970000000000004547e+01 3.927880653000893063e-01
-4.960000000000002274e+01 3.914866858770889579e-01
-4.950000000000000000e+01 3.910509142040888841e-01
-4.939999999999997726e+01 3.872447132690880478e-01
-4.930000000000006821e+01 3.925268990756430876e-01
-4.920000000000004547e+01 3.912744883200889312e-01
-4.910000000000002274e+01 3.875835368740880860e-01
-4.900000000000000000e+01 3.937283626330894681e-01
-4.889999999999997726e+01 3.927217844780891975e-01
-4.880000000000006821e+01 3.936215219046419467e-01
-4.870000000000004547e+01 4.008105179270911034e-01
-4.860000000000002274e+01 3.943431914520896253e-01
-4.850000000000000000e+01 3.949224066950898226e-01
-4.839999999999997726e+01 3.912927897410888867e-01
-4.830000000000006821e+01 3.947631348686409525e-01
-4.820000000000004547e+01 3.905829913860887626e-01
-4.810000000000002274e+01 3.930220267090893671e-01
-4.800000000000000000e+01 3.986741980000906294e-01
-4.789999999999997726e+01 3.966897304040901684e-01
-4.780000000000006821e+01 3.944025474116413243e-01
-4.770000000000004547e+01 3.877932612660880962e-01
-4.760000000000002274e+01 3.939469904190895932e-01
-4.750000000000000000e+01 3.937204485050895819e-01
-4.739999999999997726e+01 3.973935931630903085e-01
-4.730000000000006821e+01 3.965764594466393844e-01
-4.720000000000004547e+01 3.917458735690890759e-01
-4.710000000000002274e+01 3.937318250640894912e-01
-4.700000000000000000e+01 3.950881087500898725e-01
-4.689999999999997726e+01 3.961570106630900590e-01
-4.680000000000006821e+01 3.953438340106403825e-01
-4.670000000000004547e+01 3.924833713720892181e-01
-4.660000000000002274e+01 3.971630941850902152e-01
-4.650000000000000000e+01 3.965635989890902158e-01
-4.639999999999997726e+01 3.899434309170887181e-01
-4.630000000000006821e+01 3.948125981686408381e-01
-4.620000000000004547e+01 3.909534715030889007e-01
-4.610000000000002274e+01 3.895487137830885849e-01
-4.600000000000000000e+01 3.961352468110900249e-01
-4.589999999999997726e+01 3.982587062800905242e-01
-4.580000000000006821e+01 3.960867727766398394e-01
-4.570000000000004547e+01 3.909425895770888282e-01
-4.560000000000002274e+01 3.956564420670899973e-01
-4.550000000000000000e+01 3.966006964640901855e-01
-4.539999999999997726e+01 3.948699755970898062e-01
-4.530000000000006821e+01 3.983739557686376553e-01
-4.520000000000004547e+01 3.952820048860898883e-01
-4.510000000000002274e+01 4.029972904200916362e-01
-4.500000000000000000e+01 3.980331536320904640e-01
-4.489999999999997726e+01 3.944668497020896725e-01
-4.480000000000006821e+01 3.941166495376415280e-01
-4.470000000000004547e+01 4.005859545450910497e-01
-4.460000000000002274e+01 3.980549174840905535e-01
-4.450000000000000000e+01 4.015366391710912253e-01
-4.439999999999997726e+01 3.952295737880898718e-01
-4.430000000000006821e+01 3.970755441436388811e-01
-4.420000000000004547e+01 3.929691009780894029e-01
-4.410000000000002274e+01 4.007036771990911683e-01
-4.400000000000000000e+01 3.945173022680896757e-01
-4.389999999999997726e+01 4.021786728050913973e-01
-4.380000000000006821e+01 3.976735554406383155e-01
-4.370000000000004547e+01 3.973985394930903414e-01
-4.360000000000002274e+01 3.965477707330900548e-01
-4.350000000000000000e+01 3.987488875830906276e-01
-4.339999999999997726e+01 3.954694707930898612e-01
-4.330000000000006821e+01 4.001343546156360675e-01
-4.320000000000004547e+01 4.021672962460913769e-01
-4.310000000000002274e+01 3.993137584690907849e-01
-4.300000000000000000e+01 3.974203033450903200e-01
-4.289999999999997726e+01 4.007744097180911402e-01
-4.280000000000006821e+01 4.000942893426361335e-01
-4.270000000000004547e+01 3.951855514510898004e-01
-4.260000000000002274e+01 3.996209255620907785e-01
-4.250000000000000000e+01 3.984313331970906202e-01
-4.239999999999997726e+01 3.997663476640909153e-01
-4.230000000000006821e+01 3.982221034376378643e-01
-4.220000000000004547e+01 4.013328503750912546e-01
-4.210000000000002274e+01 3.982290283000904929e-01
-4.200000000000000000e+01 3.987533392800907128e-01
-4.189999999999997726e+01 4.003979940050910180e-01
-4.180000000000006821e+01 3.981948986226378495e-01
-4.170000000000004547e+01 4.018383653010912937e-01
-4.160000000000002274e+01 4.002970888730910115e-01
-4.150000000000000000e+01 3.985970352520906701e-01
-4.139999999999997726e+01 4.017379548020912905e-01
-4.130000000000006821e+01 4.039732013286325696e-01
-4.120000000000004547e+01 3.963504121660900714e-01
-4.110000000000002274e+01 4.007724311860911270e-01
-4.100000000000000000e+01 4.027989425870915907e-01
-4.089999999999997726e+01 4.021964795930915160e-01
-4.080000000000006821e+01 3.947829201886409178e-01
-4.070000000000004547e+01 4.027702538730916215e-01
-4.060000000000002274e+01 4.008713577860911759e-01
-4.050000000000000000e+01 4.041893559500919220e-01
-4.039999999999997726e+01 4.039385770190918601e-01
-4.030000000000006821e+01 4.002703786906360306e-01
-4.020000000000004547e+01 4.046938816100921210e-01
-4.010000000000002274e+01 3.992222513640908410e-01
-4.000000000000000000e+01 4.050168769590920537e-01
-3.989999999999997726e+01 4.017720844790914070e-01
-3.980000000000006821e+01 3.974386047656384702e-01
-3.970000000000004547e+01 3.994898478170907374e-01
-3.960000000000002274e+01 4.016395228350913560e-01
-3.950000000000000000e+01 4.023700957760914521e-01
-3.939999999999997726e+01 4.038480591800918118e-01
-3.930000000000006821e+01 4.023977952236340583e-01
-3.920000000000004547e+01 4.040567943060918710e-01
-3.910000000000002274e+01 4.042526689740918999e-01
-3.900000000000000000e+01 4.056049955960922548e-01
-3.889999999999997726e+01 4.043318102540919279e-01
-3.880000000000006821e+01 3.976517915886382815e-01
-3.870000000000004547e+01 4.036521845120917829e-01
-3.860000000000002274e+01 4.037100565730917801e-01
-3.850000000000000000e+01 3.980504657870904683e-01
-3.839999999999997726e+01 4.103955162010933799e-01
-3.830000000000006821e+01 4.071571539496295911e-01
-3.820000000000004547e+01 4.067401783310923835e-01
-3.810000000000002274e+01 4.019412489650914244e-01
-3.800000000000000000e+01 4.085752667610929034e-01
-3.789999999999997726e+01 4.018027517250913339e-01
-3.780000000000006821e+01 4.034568044766330686e-01
-3.770000000000004547e+01 4.029458485880915708e-01
-3.760000000000002274e+01 4.080143529390927171e-01
-3.750000000000000000e+01 4.076532708490926415e-01
-3.739999999999997726e+01 4.020866710670913391e-01
-3.730000000000006821e+01 4.070478400566297505e-01
-3.720000000000004547e+01 4.050534798010920756e-01
-3.710000000000002274e+01 4.039504482110918282e-01
-3.700000000000000000e+01 4.062569218900922707e-01
-3.689999999999997726e+01 4.044302422210919734e-01
-3.680000000000006821e+01 4.046488700066320221e-01
-3.670000000000004547e+01 4.037887032200917492e-01
-3.660000000000002274e+01 4.075696778720926394e-01
-3.650000000000000000e+01 4.013397752370912452e-01
-3.639999999999997726e+01 4.067233608090924935e-01
-3.630000000000006821e+01 4.056856207746309950e-01
-3.620000000000004547e+01 4.092484622740930611e-01
-3.610000000000002274e+01 4.022602872500914417e-01
-3.600000000000000000e+01 4.048516695370920626e-01
-3.589999999999997726e+01 4.055510805990922285e-01
-3.580000000000006821e+01 4.054066477626313003e-01
-3.570000000000004547e+01 4.060199926830923012e-01
-3.560000000000002274e+01 4.058251072810922788e-01
-3.550000000000000000e+01 4.053804322140922012e-01
-3.539999999999997726e+01 4.051118464950920761e-01
-3.530000000000006821e+01 4.112512312906259626e-01
-3.520000000000004547e+01 4.090105438010929739e-01
-3.510000000000002274e+01 4.041522584750918967e-01
-3.500000000000000000e+01 4.098266882510931963e-01
-3.489999999999997726e+01 4.059596474570922875e-01
-3.480000000000006821e+01 4.046186973936319875e-01
-3.470000000000004547e+01 4.100547140640931620e-01
-3.460000000000002274e+01 4.049021221030920659e-01
-3.450000000000000000e+01 4.073416520590926182e-01
-3.439999999999997726e+01 4.079183941370927435e-01
-3.430000000000006821e+01 4.095887697776274816e-01
-3.420000000000004547e+01 4.098657642580931793e-01
-3.410000000000002274e+01 4.089348649520929690e-01
-3.400000000000000000e+01 4.062124049200924181e-01
-3.389999999999997726e+01 4.058152146210922684e-01
-3.380000000000006821e+01 4.077635740076290816e-01
-3.370000000000004547e+01 4.120515474850936499e-01
-3.360000000000002274e+01 4.125155132390938006e-01
-3.350000000000000000e+01 4.064518072920924041e-01
-3.339999999999997726e+01 4.098296560490931051e-01
-3.330000000000006821e+01 4.065358949016302237e-01
-3.320000000000004547e+01 4.061609630880923527e-01
-3.310000000000002274e+01 4.109668173160934135e-01
-3.300000000000000000e+01 4.096822554150930662e-01
-3.289999999999997726e+01 4.066921989300924523e-01
-3.280000000000006821e+01 4.081083332086288262e-01
-3.270000000000004547e+01 4.103391280390932261e-01
-3.260000000000002274e+01 4.110494210270934645e-01
-3.250000000000000000e+01 4.079980300500926638e-01
-3.239999999999997726e+01 4.133281952580939445e-01
-3.230000000000006821e+01 4.116068724176256133e-01
-3.220000000000004547e+01 4.084021452110928596e-01
-3.210000000000002274e+01 4.104464634000932755e-01
-3.200000000000000000e+01 4.101571030950932895e-01
-3.189999999999997726e+01 4.123844354940937595e-01
-3.180000000000006821e+01 4.098286667826271934e-01
-3.170000000000004547e+01 4.145553797310942423e-01
-3.160000000000002274e+01 4.058631940220923107e-01
-3.150000000000000000e+01 4.076958092870926476e-01
-3.139999999999997726e+01 4.081795603610928747e-01
-3.130000000000006821e+01 4.132099779706241427e-01
-3.120000000000004547e+01 4.107170276510933582e-01
-3.110000000000002274e+01 4.116301201690935607e-01
-3.100000000000000000e+01 4.088725411940929977e-01
-3.089999999999997726e+01 4.114797517370935021e-01
-3.080000000000006821e+01 4.132470754456241679e-01
-3.070000000000004547e+01 4.108550302580933899e-01
-3.060000000000002274e+01 4.143144934600942464e-01
-3.050000000000000000e+01 4.100878544750932164e-01
-3.039999999999997726e+01 4.164241032050947089e-01
-3.030000000000006821e+01 4.128211964326245487e-01
-3.020000000000004547e+01 4.127470014830939005e-01
-3.010000000000002274e+01 4.142729442880941360e-01
-3.000000000000000000e+01 4.115232794410935147e-01
-2.989999999999997726e+01 4.105453900000933243e-01
-2.980000000000006821e+01 4.083976935136285902e-01
-2.970000000000004547e+01 4.089882853160930476e-01
-2.960000000000002274e+01 4.125887189230937890e-01
-2.950000000000000000e+01 4.098543876990931589e-01
-2.939999999999997726e+01 4.166323436980947648e-01
-2.930000000000006821e+01 4.116563357176256654e-01
-2.920000000000004547e+01 4.072313489000926046e-01
-2.910000000000002274e+01 4.163672204100947183e-01
-2.900000000000000000e+01 4.113372974330934961e-01
-2.889999999999997726e+01 4.111641758830935078e-01
-2.880000000000006821e+01 4.094240569886276049e-01
-2.870000000000004547e+01 4.143402143760941403e-01
-2.860000000000002274e+01 4.106146386200932863e-01
-2.850000000000000000e+01 4.149377310400943486e-01
-2.839999999999997726e+01 4.100299824140932747e-01
-2.830000000000006821e+01 4.147111891256227700e-01
-2.820000000000004547e+01 4.119768579020935406e-01
-2.810000000000002274e+01 4.163058859180946980e-01
-2.800000000000000000e+01 4.142793745170941233e-01
-2.789999999999997726e+01 4.130200388990938887e-01
-2.780000000000006821e+01 4.167738087356208654e-01
-2.770000000000004547e+01 4.185930689100951785e-01
-2.760000000000002274e+01 4.107669855840934137e-01
-2.750000000000000000e+01 4.169617692760947403e-01
-2.739999999999997726e+01 4.172006770150948896e-01
-2.730000000000006821e+01 4.140196921916233785e-01
-2.720000000000004547e+01 4.158992975920945967e-01
-2.710000000000002274e+01 4.130749431620939216e-01
-2.700000000000000000e+01 4.118284680020936062e-01
-2.689999999999997726e+01 4.141443397080941669e-01
-2.680000000000006821e+01 4.107105974216264666e-01
-2.670000000000004547e+01 4.146726077520942466e-01
-2.660000000000002274e+01 4.142566213990941382e-01
-2.650000000000000000e+01 4.141166402600941487e-01
-2.639999999999997726e+01 4.168222827700947541e-01
-2.630000000000006821e+01 4.153106843216222699e-01
-2.620000000000004547e+01 4.133098938370939335e-01
-2.610000000000002274e+01 4.097772249510931442e-01
-2.600000000000000000e+01 4.184990886400951071e-01
-2.589999999999997726e+01 4.159497501580944889e-01
-2.580000000000006821e+01 4.132238276946241795e-01
-2.570000000000004547e+01 4.181736201260951580e-01
-2.560000000000002274e+01 4.162687884430946172e-01
-2.550000000000000000e+01 4.204311251380956627e-01
-2.539999999999997726e+01 4.205542887550955955e-01
-2.530000000000006821e+01 4.194186113866184562e-01
-2.520000000000004547e+01 4.173218621000948647e-01
-2.510000000000002274e+01 4.148734287500943640e-01
-2.500000000000000000e+01 4.234251386870961920e-01
-2.489999999999997726e+01 4.175380167210949178e-01
-2.480000000000006821e+01 4.110662385486262282e-01
-2.470000000000004547e+01 4.152023596950942808e-01
-2.460000000000002274e+01 4.191391437420952659e-01
-2.450000000000000000e+01 4.216869983250958187e-01
-2.439999999999997726e+01 4.162722508740946958e-01
-2.430000000000006821e+01 4.222498906786160133e-01
-2.420000000000004547e+01 4.193137491910953196e-01
-2.410000000000002274e+01 4.160061383200946428e-01
-2.400000000000000000e+01 4.173545078780948048e-01
-2.389999999999997726e+01 4.204756421080955153e-01
-2.380000000000006821e+01 4.193642017566185376e-01
-2.370000000000004547e+01 4.145390568420943000e-01
-2.360000000000002274e+01 4.180628223340950300e-01
-2.350000000000000000e+01 4.173248298980948290e-01
-2.339999999999997726e+01 4.169860062930947908e-01
-2.330000000000006821e+01 4.109772046086262454e-01
-2.320000000000004547e+01 4.196431747690954062e-01
-2.310000000000002274e+01 4.177279557930949627e-01
-2.300000000000000000e+01 4.134236594270939147e-01
-2.289999999999997726e+01 4.181711469610950305e-01
-2.280000000000006821e+01 4.195165487206183874e-01
-2.270000000000004547e+01 4.181859859510950739e-01
-2.260000000000002274e+01 4.151548749270943528e-01
-2.250000000000000000e+01 4.180568867380949905e-01
-2.239999999999997726e+01 4.194477947340953250e-01
-2.230000000000006821e+01 4.187943845406190690e-01
-2.220000000000004547e+01 4.211671390420956840e-01
-2.210000000000002274e+01 4.168603695110947860e-01
-2.200000000000000000e+01 4.171927628870948368e-01
-2.189999999999997726e+01 4.176987724460949902e-01
-2.180000000000006821e+01 4.217503113486164024e-01
-2.170000000000004547e+01 4.187894382110952662e-01
-2.160000000000002274e+01 4.198019519620953544e-01
-2.150000000000000000e+01 4.195645281220954370e-01
-2.139999999999997726e+01 4.171284605970948522e-01
-2.130000000000006821e+01 4.185945528086191803e-01
-2.120000000000004547e+01 4.165433097580947264e-01
-2.110000000000002274e+01 4.200369026370955328e-01
-2.100000000000000000e+01 4.188126859620953102e-01
-2.089999999999997726e+01 4.205542887550955955e-01
-2.080000000000006821e+01 4.206517314556174614e-01
-2.070000000000004547e+01 4.180539189400950262e-01
-2.060000000000002274e+01 4.249960930950966165e-01
-2.050000000000000000e+01 4.189902592090952171e-01
-2.039999999999997726e+01 4.203890813330955489e-01
-2.030000000000006821e+01 4.228597731676153604e-01
-2.020000000000004547e+01 4.244856318390965444e-01
-2.010000000000002274e+01 4.209499951550957353e-01
-2.000000000000000000e+01 4.224546687410960510e-01
-1.989999999999997726e+01 4.228355361510961474e-01
-1.980000000000006821e+01 4.205938593946174642e-01
-1.970000000000004547e+01 4.174504666800949448e-01
-1.960000000000002274e+01 4.212561729820957224e-01
-1.950000000000000000e+01 4.205186751790955801e-01
-1.939999999999997726e+01 4.190872072770952528e-01
-1.930000000000006821e+01 4.209593931816170143e-01
-1.920000000000004547e+01 4.148571058610943663e-01
-1.910000000000002274e+01 4.199147282860955510e-01
-1.900000000000000000e+01 4.197307248100954902e-01
-1.889999999999997726e+01 4.227717284940961107e-01
-1.880000000000006821e+01 4.243505970296140295e-01
-1.870000000000004547e+01 4.207768736050956915e-01
-1.860000000000002274e+01 4.262460306860968995e-01
-1.850000000000000000e+01 4.255995453550968088e-01
-1.839999999999997726e+01 4.220035634450959305e-01
-1.830000000000006821e+01 4.189581080636188837e-01
-1.820000000000004547e+01 4.197643598540954923e-01
-1.810000000000002274e+01 4.195091292260954008e-01
-1.800000000000000000e+01 4.243164673530964159e-01
-1.789999999999997726e+01 4.218066995110959505e-01
-1.780000000000006821e+01 4.263602909086122161e-01
-1.770000000000004547e+01 4.207808306690956623e-01
-1.760000000000002274e+01 4.162633474800946365e-01
-1.750000000000000000e+01 4.239959451690964998e-01
-1.739999999999997726e+01 4.235374203780962743e-01
-1.730000000000006821e+01 4.210400183606169966e-01
-1.720000000000004547e+01 4.223621723700960451e-01
-1.710000000000002274e+01 4.207966589250956013e-01
-1.700000000000000000e+01 4.164725772390947545e-01
-1.689999999999997726e+01 4.197544671940954264e-01
-1.680000000000006821e+01 4.215544366806165955e-01
-1.670000000000004547e+01 4.249303069060966220e-01
-1.660000000000002274e+01 4.267574812080969782e-01
-1.650000000000000000e+01 4.215188231050958634e-01
-1.639999999999997726e+01 4.191178745230952907e-01
-1.630000000000006821e+01 4.219862512896161988e-01
-1.620000000000004547e+01 4.198796093430954279e-01
-1.610000000000002274e+01 4.223671187000959670e-01
-1.600000000000000000e+01 4.231743597560961856e-01
-1.589999999999997726e+01 4.200814196070955520e-01
-1.580000000000006821e+01 4.201190117146178515e-01
-1.570000000000004547e+01 4.235957870720962748e-01
-1.560000000000002274e+01 4.226960496450961058e-01
-1.550000000000000000e+01 4.234389884110962843e-01
-1.539999999999997726e+01 4.263429787540968796e-01
-1.530000000000006821e+01 4.255204040746130012e-01
-1.520000000000004547e+01 4.241290014460964430e-01
-1.510000000000002274e+01 4.238866312760963817e-01
-1.500000000000000000e+01 4.255896526950967429e-01
-1.489999999999997726e+01 4.286064193620973684e-01
-1.480000000000006821e+01 4.201793569406179207e-01
-1.470000000000004547e+01 4.238317270130963488e-01
-1.460000000000002274e+01 4.251464615270966751e-01
-1.450000000000000000e+01 4.257212250730967318e-01
-1.439999999999997726e+01 4.242086373590964743e-01
-1.430000000000006821e+01 4.258943466226127184e-01
-1.420000000000004547e+01 4.318526957410982470e-01
-1.410000000000002274e+01 4.236684981230963154e-01
-1.400000000000000000e+01 4.263202256360968945e-01
-1.389999999999997726e+01 4.268895482190970259e-01
-1.380000000000006821e+01 4.232708131906149918e-01
-1.370000000000004547e+01 4.329705663210984268e-01
-1.360000000000002274e+01 4.299874346980977480e-01
-1.350000000000000000e+01 4.290179540180975581e-01
-1.339999999999997726e+01 4.286454953690975733e-01
-1.330000000000006821e+01 4.220446179836161438e-01
-1.320000000000004547e+01 4.288972635660975308e-01
-1.310000000000002274e+01 4.292177857500976135e-01
-1.300000000000000000e+01 4.285198585870974575e-01
-1.289999999999997726e+01 4.252854534000967135e-01
-1.280000000000006821e+01 4.336259550456055267e-01
-1.270000000000004547e+01 4.363607809030991547e-01
-1.260000000000002274e+01 4.244885996370965087e-01
-1.250000000000000000e+01 4.341166309820986280e-01
-1.239999999999997726e+01 4.298420125960977778e-01
-1.230000000000006821e+01 4.358503196466035901e-01
-1.220000000000004547e+01 4.309297105630979785e-01
-1.210000000000002274e+01 4.331659463560984524e-01
-1.200000000000000000e+01 4.343797757380987723e-01
-1.189999999999997726e+01 4.365774301570992111e-01
-1.180000000000006821e+01 4.278684269256108341e-01
-1.170000000000004547e+01 4.339128421860986573e-01
-1.160000000000002274e+01 4.318155982660981662e-01
-1.150000000000000000e+01 4.362371226530992185e-01
-1.139999999999997726e+01 4.374118760280993889e-01
-1.130000000000006821e+01 4.324957186406066523e-01
-1.120000000000004547e+01 4.352696205050989864e-01
-1.110000000000002274e+01 4.380242316820995852e-01
-1.100000000000000000e+01 4.371759360870993705e-01
-1.089999999999997726e+01 4.351781134000988760e-01
-1.080000000000006821e+01 4.365907852476028639e-01
-1.070000000000004547e+01 4.413348103511003928e-01
-1.060000000000002274e+01 4.463553353011014968e-01
-1.050000000000000000e+01 4.389106140180997206e-01
-1.039999999999997726e+01 4.345721879750988337e-01
-1.030000000000006821e+01 4.352661580736041369e-01
-1.020000000000004547e+01 4.437728564081008797e-01
-1.010000000000002274e+01 4.427539124281006933e-01
-1.000000000000000000e+01 4.425738660161006033e-01
-9.899999999999977263e+00 4.400413450560999862e-01
-9.800000000000068212e+00 4.398880088255998633e-01
-9.700000000000045475e+00 4.432900946001007703e-01
-9.600000000000022737e+00 4.422360316771005717e-01
-9.500000000000000000e+00 4.438336962671008967e-01
-9.399999999999977263e+00 4.416805588181004216e-01
-9.300000000000068212e+00 4.410686977965987965e-01
-9.200000000000045475e+00 4.510073586661025313e-01
-9.100000000000022737e+00 4.503974761771024071e-01
-9.000000000000000000e+00 4.508955716081024523e-01
-8.899999999999977263e+00 4.491495171181020818e-01
-8.800000000000068212e+00 4.537174528725873568e-01
-8.700000000000045475e+00 4.511715768221025158e-01
-8.600000000000022737e+00 4.535121801781030748e-01
-8.500000000000000000e+00 4.488987381871020754e-01
-8.399999999999977263e+00 4.483145766141019561e-01
-8.300000000000068212e+00 4.543095285735868627e-01
-8.200000000000045475e+00 4.565012473971037377e-01
-8.100000000000022737e+00 4.559660544911036673e-01
-8.000000000000000000e+00 4.598741498241045722e-01
-7.899999999999977263e+00 4.599349896831045337e-01
-7.800000000000068212e+00 4.607125527585810287e-01
-7.700000000000045475e+00 4.575938916941040269e-01
-7.600000000000022737e+00 4.619313284711050738e-01
-7.500000000000000000e+00 4.690550329371065974e-01
-7.399999999999977263e+00 4.706690204161070312e-01
-7.300000000000068212e+00 4.694532125015730140e-01
-7.200000000000045475e+00 4.602278124191046538e-01
-7.100000000000022737e+00 4.755357145031081090e-01
-7.000000000000000000e+00 4.689892467481065474e-01
-6.899999999999977263e+00 4.747828830771078645e-01
-6.800000000000068212e+00 4.798039026595635748e-01
-6.700000000000045475e+00 4.729804404251075067e-01
-6.600000000000022737e+00 4.762158348781082018e-01
-6.500000000000000000e+00 4.812981889531093849e-01
-6.399999999999977263e+00 4.866258809961107046e-01
-6.300000000000068212e+00 4.846151978505592317e-01
-6.200000000000045475e+00 4.893513088261111643e-01
-6.100000000000022737e+00 4.905146856421114809e-01
-6.000000000000000000e+00 4.945825474341123962e-01
-5.899999999999977263e+00 4.956173196701126327e-01
-5.800000000000068212e+00 4.999700900695452366e-01
-5.700000000000045475e+00 4.958003338801126869e-01
-5.600000000000022737e+00 5.039617783801145778e-01
-5.500000000000000000e+00 5.061727878901151056e-01
-5.399999999999977263e+00 5.113219174201162343e-01
-5.300000000000068212e+00 5.100111399695361758e-01
-5.200000000000045475e+00 5.143540177101169064e-01
-5.100000000000022737e+00 5.201263848201181927e-01
-5.000000000000000000e+00 5.193992743101181198e-01
-4.899999999999977263e+00 5.279168545701200532e-01
-4.800000000000068212e+00 5.374880031195110597e-01
-4.700000000000045475e+00 5.400205240801227990e-01
-4.600000000000022737e+00 5.429635904301234328e-01
-4.500000000000000000e+00 5.508579331101253196e-01
-4.399999999999977263e+00 5.511299812601253567e-01
-4.300000000000068212e+00 5.612897430794895337e-01
-4.200000000000045475e+00 5.683135316801292136e-01
-4.100000000000022737e+00 5.739820258601303626e-01
-4.000000000000000000e+00 5.843396408801327935e-01
-3.899999999999977263e+00 5.926296899601346535e-01
-3.800000000000068212e+00 6.013945867194528949e-01
-3.700000000000045475e+00 6.104513169501388781e-01
-3.600000000000022737e+00 6.223571332601414152e-01
-3.500000000000000000e+00 6.360634136901446301e-01
-3.399999999999977263e+00 6.491415102101476542e-01
-3.300000000000068212e+00 6.625658498293973686e-01
-3.200000000000045475e+00 6.704354608601523768e-01
-3.100000000000022737e+00 6.929857793301575919e-01
-3.000000000000000000e+00 7.152096400201626292e-01
-2.899999999999977263e+00 7.251023000201648472e-01
-2.800000000000068212e+00 7.533112200093148303e-01
-2.700000000000045475e+00 7.792349355401771982e-01
-2.600000000000022737e+00 8.004200669301819726e-01
-2.500000000000000000e+00 8.255078526901876712e-01
-2.399999999999977263e+00 8.562839179501945397e-01
-2.300000000000068212e+00 8.870748221991930915e-01
-2.200000000000045475e+00 9.088831911702066613e-01
-2.100000000000022737e+00 9.403913132702135247e-01
-2.000000000000000000e+00 9.734773146402213584e-01
-1.899999999999977263e+00 1.002116565340227972e+00
-1.800000000000068212e+00 1.037735087669056089e+00
-1.700000000000045475e+00 1.070197851460243488e+00
-1.600000000000022737e+00 1.106810586120251516e+00
-1.500000000000000000e+00 1.153736418830262345e+00
-1.399999999999977263e+00 1.197046484310272163e+00
-1.300000000000068212e+00 1.236503358718875623e+00
-1.200000000000045475e+00 1.293460348670294024e+00
-1.100000000000022737e+00 1.346984585600306206e+00
-1.000000000000000000e+00 1.402833597630319007e+00
-8.999999999999772626e-01 1.000000000000000000e+02
-8.000000000000682121e-01 1.000000000000000000e+02
-7.000000000000454747e-01 1.000000000000000000e+02
-6.000000000000227374e-01 1.000000000000000000e+02
-5.000000000000000000e-01 1.000000000000000000e+02
-3.999999999999772626e-01 1.000000000000000000e+02
-3.000000000000682121e-01 1.000000000000000000e+02
-2.000000000000454747e-01 1.000000000000000000e+02
-1.000000000000227374e-01 1.000000000000000000e+02
0.000000000000000000e+00 1.000000000000000000e+02 
1.000000000000227374e-01 1.000000000000000000e+02 
1.999999999999317879e-01 1.000000000000000000e+02 
2.999999999999545253e-01 1.000000000000000000e+02 
3.999999999999772626e-01 1.000000000000000000e+02 
5.000000000000000000e-01 1.000000000000000000e+02 
6.000000000000227374e-01 1.000000000000000000e+02 
6.999999999999317879e-01 1.000000000000000000e+02 
7.999999999999545253e-01 1.000000000000000000e+02 
8.999999999999772626e-01 1.000000000000000000e+02 
1.000000000000000000e+00 1.000000000000000000e+02 
1.100000000000022737e+00 1.553370204850353264e+00 
1.199999999999931788e+00 1.517712111878619652e+00 
1.299999999999954525e+00 1.472517494670334770e+00 
1.399999999999977263e+00 1.448972963870329256e+00 
1.500000000000000000e+00 1.410099756400320592e+00 
1.600000000000022737e+00 1.397867482310317655e+00 
1.699999999999931788e+00 1.376524068358748076e+00 
1.799999999999954525e+00 1.358173184060308625e+00 
1.899999999999977263e+00 1.342364713380305163e+00 
2.000000000000000000e+00 1.328623808640302162e+00 
2.100000000000022737e+00 1.315387429560298749e+00 
2.199999999999931788e+00 1.311380902258807435e+00 
2.299999999999954525e+00 1.308779132680297552e+00 
2.399999999999977263e+00 1.294380366050294162e+00 
2.500000000000000000e+00 1.289320270460293072e+00 
2.600000000000022737e+00 1.279491912750290838e+00 
2.699999999999931788e+00 1.276914874818838808e+00 
2.799999999999954525e+00 1.258405707960285946e+00 
2.899999999999977263e+00 1.263980221870287357e+00 
3.000000000000000000e+00 1.247439694350283457e+00 
3.100000000000022737e+00 1.246420750370283326e+00 
3.199999999999931788e+00 1.240326871808871800e+00 
3.299999999999954525e+00 1.228994829780279296e+00 
3.399999999999977263e+00 1.222178787040277825e+00 
3.500000000000000000e+00 1.227397165190279082e+00 
3.600000000000022737e+00 1.208808857050274854e+00 
3.699999999999931788e+00 1.216772448348893310e+00 
3.799999999999954525e+00 1.204995236620273857e+00 
3.899999999999977263e+00 1.209357899680274961e+00 
4.000000000000000000e+00 1.189493438400270442e+00 
4.100000000000022737e+00 1.192382095120271268e+00 
4.199999999999931788e+00 1.189384619138918353e+00 
4.299999999999954525e+00 1.181371564540268482e+00 
4.399999999999977263e+00 1.179234749980268226e+00 
4.500000000000000000e+00 1.178878614220267851e+00 
4.600000000000022737e+00 1.173027105830266592e+00 
4.699999999999931788e+00 1.162941538958942145e+00 
4.799999999999954525e+00 1.154602026580262564e+00 
4.899999999999977263e+00 1.158049618590263341e+00 
5.000000000000000000e+00 1.156941640670262839e+00 
5.100000000000022737e+00 1.149517199340261309e+00 
5.199999999999931788e+00 1.149551823648954363e+00 
5.299999999999954525e+00 1.140500039750259154e+00 
5.399999999999977263e+00 1.139738304930258961e+00 
5.500000000000000000e+00 1.137453100470258605e+00 
5.600000000000022737e+00 1.136033503760258245e+00 
5.699999999999931788e+00 1.124696515398976970e+00 
5.799999999999954525e+00 1.119834273010254622e+00 
5.899999999999977263e+00 1.115338059040253516e+00 
6.000000000000000000e+00 1.108388465390252042e+00 
6.100000000000022737e+00 1.112681879830252907e+00 
6.199999999999931788e+00 1.106677035208993631e+00 
6.299999999999954525e+00 1.105816373790251550e+00 
6.399999999999977263e+00 1.102744702860250614e+00 
6.500000000000000000e+00 1.089137349030247615e+00 
6.600000000000022737e+00 1.092767955250248502e+00 
6.699999999999931788e+00 1.091204914969007511e+00 
6.799999999999954525e+00 1.086179443690246771e+00 
6.899999999999977263e+00 1.086713647330247223e+00 
7.000000000000000000e+00 1.083152289730246354e+00 
7.100000000000022737e+00 1.074822670010244341e+00 
7.199999999999931788e+00 1.074402231959022735e+00 
7.299999999999954525e+00 1.068822771720243203e+00 
7.399999999999977263e+00 1.064870654050242171e+00 
7.500000000000000000e+00 1.061151013890241135e+00 
7.600000000000022737e+00 1.059652275900240914e+00 
7.699999999999931788e+00 1.050907164459044196e+00 
7.799999999999954525e+00 1.055022511020239806e+00 
7.899999999999977263e+00 1.047687103630238203e+00 
8.000000000000000000e+00 1.047128168340238030e+00 
8.100000000000022737e+00 1.038298969290236018e+00 
8.199999999999931788e+00 1.038111008749055708e+00 
8.299999999999954525e+00 1.031403785270234685e+00 
8.399999999999977263e+00 1.023984290270232744e+00 
8.500000000000000000e+00 1.022445981640232482e+00 
8.600000000000022737e+00 1.024993341590233031e+00 
8.699999999999931788e+00 1.019646358859072732e+00 
8.799999999999954525e+00 1.012805584470230391e+00 
8.899999999999977263e+00 1.021219291800232298e+00 
9.000000000000000000e+00 1.009575630980229510e+00 
9.100000000000022737e+00 1.006741383890228603e+00 
9.199999999999931788e+00 1.002927763459087851e+00 
9.299999999999954525e+00 9.982683206002269660e-01 
9.399999999999977263e+00 9.910516251302252666e-01 
9.500000000000000000e+00 9.969575431502265550e-01 
9.600000000000022737e+00 9.868571372902243954e-01 
9.699999999999931788e+00 9.802340014191083251e-01 
9.799999999999954525e+00 9.798877583202229014e-01 
9.899999999999977263e+00 9.792793597302223985e-01 
1.000000000000000000e+01 9.756536998402218774e-01 
1.010000000000002274e+01 9.626547446002189368e-01 
1.019999999999993179e+01 9.625953886391246384e-01 
1.029999999999995453e+01 9.668640714302197958e-01 
1.039999999999997726e+01 9.637924005002190819e-01 
1.050000000000000000e+01 9.585938076702179567e-01 
1.060000000000002274e+01 9.571841036202175523e-01 
1.069999999999993179e+01 9.524257341591337855e-01 
1.079999999999995453e+01 9.541470570002170692e-01 
1.089999999999997726e+01 9.400994798002135777e-01 
1.100000000000000000e+01 9.443483772702148116e-01 
1.110000000000002274e+01 9.506945186602161479e-01 
1.119999999999993179e+01 9.409057315891441453e-01 
1.129999999999995453e+01 9.321952444602118470e-01 
1.139999999999997726e+01 9.268729933802106746e-01 
1.150000000000000000e+01 9.200965212802092452e-01 
1.160000000000002274e+01 9.221838725402097259e-01 
1.169999999999993179e+01 9.144527587491683152e-01 
1.179999999999995453e+01 9.141263009702077502e-01 
1.189999999999997726e+01 9.143637248102078896e-01 
1.200000000000000000e+01 9.034422281702054747e-01 
1.210000000000002274e+01 9.018940268802051463e-01 
1.219999999999993179e+01 8.992131160191820793e-01 
1.229999999999995453e+01 8.960573574802036534e-01 
1.239999999999997726e+01 8.985354688102042964e-01 
1.250000000000000000e+01 8.901712247802024969e-01 
1.260000000000002274e+01 8.933467686402029040e-01 
1.269999999999993179e+01 8.879800005891924641e-01 
1.279999999999995453e+01 8.798482340702000748e-01 
1.289999999999997726e+01 8.811689041802004407e-01 
1.300000000000000000e+01 8.772365718301993187e-01 
1.310000000000002274e+01 8.772464644901993847e-01 
1.319999999999993179e+01 8.684123191092102401e-01 
1.329999999999995453e+01 8.649993514101965708e-01 
1.339999999999997726e+01 8.710783909801980140e-01 
1.350000000000000000e+01 8.590835407301952165e-01 
1.360000000000002274e+01 8.574364128401950058e-01 
1.369999999999993179e+01 8.531677300492239713e-01 
1.379999999999995453e+01 8.457976983501924728e-01 
1.389999999999997726e+01 8.511100567701934683e-01 
1.400000000000000000e+01 8.411234165001911789e-01 
1.410000000000002274e+01 8.439626099201920084e-01 
1.419999999999993179e+01 8.377796974192379675e-01 
1.429999999999995453e+01 8.348217920801898062e-01 
1.439999999999997726e+01 8.317946381201890560e-01 
1.450000000000000000e+01 8.272192828701880885e-01 
1.460000000000002274e+01 8.278375741201882132e-01 
1.469999999999993179e+01 8.240882559792503947e-01 
1.479999999999995453e+01 8.159020798301852562e-01 
1.489999999999997726e+01 8.150315257501853372e-01 
1.500000000000000000e+01 8.159020798301852562e-01 
1.510000000000002274e+01 8.115196314501844643e-01 
1.519999999999993179e+01 8.078148302792652613e-01 
1.529999999999995453e+01 8.034867915301828756e-01 
1.539999999999997726e+01 8.048025153101829865e-01 
1.550000000000000000e+01 7.953105080401806637e-01 
1.560000000000002274e+01 7.933863856701803829e-01 
1.569999999999993179e+01 7.932231567792786819e-01 
1.579999999999995453e+01 7.895480335901795543e-01 
1.589999999999997726e+01 7.860905489201788221e-01 
1.600000000000000000e+01 7.750305550401762611e-01 
1.610000000000002274e+01 7.777559828701767763e-01 
1.619999999999993179e+01 7.763413324892940448e-01 
1.629999999999995453e+01 7.742490349001760475e-01 
1.639999999999997726e+01 7.664288871701742112e-01 
1.650000000000000000e+01 7.694461484701747844e-01 
1.660000000000002274e+01 7.607505003301728852e-01 
1.669999999999993179e+01 7.638815272193052452e-01 
1.679999999999995453e+01 7.550078112001716857e-01 
1.689999999999997726e+01 7.517778577101708049e-01 
1.700000000000000000e+01 7.518322673401708345e-01 
1.710000000000002274e+01 7.439181393401690379e-01 
1.719999999999993179e+01 7.471876634693203068e-01 
1.729999999999995453e+01 7.398374170901682589e-01 
1.739999999999997726e+01 7.336940752301668311e-01 
1.750000000000000000e+01 7.354351833901673352e-01 
1.760000000000002274e+01 7.313099441701662595e-01 
1.769999999999993179e+01 7.213678208693439231e-01 
1.779999999999995453e+01 7.248698225101647408e-01 
1.789999999999997726e+01 7.216794396601640127e-01 
1.800000000000000000e+01 7.183109889301633189e-01 
1.810000000000002274e+01 7.107628893501615197e-01 
1.819999999999993179e+01 7.128551869393515705e-01 
1.829999999999995453e+01 7.071223904701608998e-01 
1.839999999999997726e+01 7.066574354501606869e-01 
1.850000000000000000e+01 7.028833856601597319e-01 
1.860000000000002274e+01 7.021414361601596710e-01 
1.869999999999993179e+01 6.931094375793694917e-01 
1.879999999999995453e+01 6.945092489701578664e-01 
1.889999999999997726e+01 6.900526056401569130e-01 
1.900000000000000000e+01 6.851112219701558370e-01 
1.910000000000002274e+01 6.835036647201553350e-01 
1.919999999999993179e+01 6.815795423493800076e-01 
1.929999999999995453e+01 6.703216952701522846e-01 
1.939999999999997726e+01 6.767469779401539265e-01 
1.950000000000000000e+01 6.710438594501526577e-01 
1.960000000000002274e+01 6.710537521101525016e-01 
1.969999999999993179e+01 6.699902911593904609e-01 
1.979999999999995453e+01 6.543945126701488091e-01 
1.989999999999997726e+01 6.540828938801488412e-01 
2.000000000000000000e+01 6.530886815501484310e-01 
2.010000000000002274e+01 6.509765986401478965e-01 
2.019999999999993179e+01 6.567835900594025667e-01 
2.029999999999995453e+01 6.472173878401471514e-01 
2.039999999999997726e+01 6.417418005301459560e-01 
2.050000000000000000e+01 6.432009678801462460e-01 
2.060000000000002274e+01 6.389669094001453331e-01 
2.069999999999993179e+01 6.375126883794202115e-01 
2.079999999999995453e+01 6.247363179901419539e-01 
2.089999999999997726e+01 6.239696368401418392e-01 
2.100000000000000000e+01 6.189293265701406588e-01 
2.110000000000002274e+01 6.193448182901407639e-01 
2.119999999999993179e+01 6.219663731894342629e-01 
2.129999999999995453e+01 6.087003161301383081e-01 
2.139999999999997726e+01 6.192112673801407619e-01 
2.150000000000000000e+01 6.119302696201391889e-01 
2.160000000000002274e+01 6.047778764401374740e-01 
2.169999999999993179e+01 6.059897272894488873e-01 
2.179999999999995453e+01 5.982932378101359916e-01 
2.189999999999997726e+01 5.937129362301349911e-01 
2.200000000000000000e+01 5.920410766901345045e-01 
2.210000000000002274e+01 5.859026811601332208e-01 
2.219999999999993179e+01 5.876734672994654574e-01 
2.229999999999995453e+01 5.870848540301335516e-01 
2.239999999999997726e+01 5.741996643801304812e-01 
2.250000000000000000e+01 5.680711615101290413e-01 
2.260000000000002274e+01 5.714445585701299901e-01 
2.269999999999993179e+01 5.662904827094848992e-01 
2.279999999999995453e+01 5.665724235201288206e-01 
2.289999999999997726e+01 5.593755133701271420e-01 
2.300000000000000000e+01 5.498884524301250742e-01 
2.310000000000002274e+01 5.505215826701251869e-01 
2.319999999999993179e+01 5.537564824894962712e-01 
2.329999999999995453e+01 5.433691894901234720e-01 
2.339999999999997726e+01 5.402332162701227736e-01 
2.350000000000000000e+01 5.386899613101224782e-01 
2.360000000000002274e+01 5.355836660701217555e-01 
2.369999999999993179e+01 5.361871183295122689e-01 
2.379999999999995453e+01 5.365679857401219888e-01 
2.389999999999997726e+01 5.325614584401210383e-01 
2.400000000000000000e+01 5.287527843401201855e-01 
2.410000000000002274e+01 5.242120534001191157e-01 
2.419999999999993179e+01 5.295293581495184032e-01 
2.429999999999995453e+01 5.220702925101186054e-01 
2.439999999999997726e+01 5.221395411301187339e-01 
2.450000000000000000e+01 5.245830281501192571e-01 
2.460000000000002274e+01 5.166738464801174935e-01 
2.469999999999993179e+01 5.234305332595239335e-01 
2.479999999999995453e+01 5.245830281501192571e-01 
2.489999999999997726e+01 5.227331007301186938e-01 
2.500000000000000000e+01 5.163523350301173487e-01 
2.510000000000002274e+01 5.179104289801177430e-01 
2.519999999999993179e+01 5.099517840095362242e-01 
2.529999999999995453e+01 5.232128947401190056e-01 
2.539999999999997726e+01 5.120787059101165051e-01 
2.550000000000000000e+01 5.132213081401166832e-01 
2.560000000000002274e+01 5.193646500001181110e-01 
2.569999999999993179e+01 5.147546704395317141e-01 
2.579999999999995453e+01 5.126722655101165760e-01 
2.589999999999997726e+01 5.040557586501145382e-01 
2.600000000000000000e+01 5.109262110201162610e-01 
2.610000000000002274e+01 5.126574265201165881e-01 
2.619999999999993179e+01 5.147843484195318009e-01 
2.629999999999995453e+01 5.142600374401169461e-01 
2.639999999999997726e+01 5.136961558201168510e-01 
2.650000000000000000e+01 5.137357264601168927e-01 
2.660000000000002274e+01 5.116879458401163427e-01 
2.669999999999993179e+01 5.090119813095370649e-01 
2.679999999999995453e+01 5.150959672101170783e-01 
2.689999999999997726e+01 5.116088045601162593e-01 
2.700000000000000000e+01 5.066872062101152041e-01 
2.710000000000002274e+01 5.074044240601153222e-01 
2.719999999999993179e+01 5.064102117295392613e-01 
2.729999999999995453e+01 5.114801999801162902e-01 
2.739999999999997726e+01 5.096104872401159280e-01 
2.750000000000000000e+01 5.078199157801154273e-01 
2.760000000000002274e+01 5.069839860101151841e-01 
2.769999999999993179e+01 5.050351319895406421e-01 
2.779999999999995453e+01 5.139385259901168013e-01 
2.789999999999997726e+01 5.067119378601152579e-01 
2.800000000000000000e+01 5.068009718001152963e-01 
2.810000000000002274e+01 5.056484769101149412e-01 
2.819999999999993179e+01 5.071076442595386924e-01 
2.829999999999995453e+01 5.057770814901150214e-01 
2.839999999999997726e+01 5.070087176601153489e-01 
2.850000000000000000e+01 5.037936031601144560e-01 
2.860000000000002274e+01 5.019486220701140367e-01 
2.869999999999993179e+01 5.127860310995335791e-01 
2.879999999999995453e+01 5.042189875401146271e-01 
2.889999999999997726e+01 5.036600522501145649e-01 
2.900000000000000000e+01 5.074934580001153606e-01 
2.910000000000002274e+01 5.059749346901151190e-01 
2.919999999999993179e+01 4.993468524895458005e-01 
2.929999999999995453e+01 5.049164200701147243e-01 
2.939999999999997726e+01 4.950831160301125133e-01 
2.950000000000000000e+01 5.026213229501143021e-01 
2.960000000000002274e+01 4.960377577201128263e-01 
2.969999999999993179e+01 5.058710617595398862e-01 
2.979999999999995453e+01 5.051093269401149000e-01 
2.989999999999997726e+01 5.015776473201138952e-01 
3.000000000000000000e+01 5.004993473801137016e-01 
3.010000000000002274e+01 4.975364957101131580e-01 
3.019999999999993179e+01 4.972842328795477607e-01 
3.029999999999995453e+01 5.006823615901139224e-01 
3.039999999999997726e+01 4.981448943001133278e-01 
3.050000000000000000e+01 4.988621121501133349e-01 
3.060000000000002274e+01 4.970319700501129034e-01 
3.069999999999993179e+01 5.056534232395401007e-01 
3.079999999999995453e+01 5.025372353401141856e-01 
3.089999999999997726e+01 4.952315059301126143e-01 
3.100000000000000000e+01 4.971160576601129089e-01 
3.110000000000002274e+01 4.976502613001131392e-01 
3.119999999999993179e+01 4.901041402515542433e-01 
3.129999999999995453e+01 4.959685091001126978e-01 
3.139999999999997726e+01 4.967846535501129202e-01 
3.150000000000000000e+01 4.966609953001128730e-01 
3.160000000000002274e+01 4.957904412201127320e-01 
3.169999999999993179e+01 4.972842328795477607e-01 
3.179999999999995453e+01 4.936066365251122190e-01 
3.189999999999997726e+01 4.933889980051122115e-01 
3.200000000000000000e+01 4.944499857901124007e-01 
3.210000000000002274e+01 4.908381756241116389e-01 
3.219999999999993179e+01 4.897484991245546482e-01 
3.229999999999995453e+01 4.908861550251115702e-01 
3.239999999999997726e+01 4.920851454171117911e-01 
3.250000000000000000e+01 4.917225794281118167e-01 
3.260000000000002274e+01 4.925288312181119177e-01 
3.269999999999993179e+01 4.912833453235531112e-01 
3.279999999999995453e+01 4.898306082031113617e-01 
3.289999999999997726e+01 4.911468266161116980e-01 
3.300000000000000000e+01 4.904182322071114486e-01 
3.310000000000002274e+01 4.868098844721107099e-01 
3.319999999999993179e+01 4.881740822855559769e-01 
3.329999999999995453e+01 4.893834599711112676e-01 
3.339999999999997726e+01 4.888408475701110922e-01 
3.350000000000000000e+01 4.860615047431105507e-01 
3.360000000000002274e+01 4.895486673931112587e-01 
3.369999999999993179e+01 4.824343609535612365e-01 
3.379999999999995453e+01 4.832876028791097678e-01 
3.389999999999997726e+01 4.850366251671102136e-01 
3.400000000000000000e+01 4.899933424601113363e-01 
3.410000000000002274e+01 4.839593144931099711e-01 
3.419999999999993179e+01 4.852448656595587662e-01 
3.429999999999995453e+01 4.813115440441094184e-01 
3.439999999999997726e+01 4.890565075581111976e-01 
3.450000000000000000e+01 4.881468774711109626e-01 
3.460000000000002274e+01 4.847358883031102628e-01 
3.469999999999993179e+01 4.851528639215587635e-01 
3.479999999999995453e+01 4.794388635061090920e-01 
3.489999999999997726e+01 4.831115135311097597e-01 
3.500000000000000000e+01 4.872342795861107634e-01 
3.510000000000002274e+01 4.801471779621090397e-01 
3.519999999999993179e+01 4.808980308555626526e-01 
3.529999999999995453e+01 4.827929698791098012e-01 
3.539999999999997726e+01 4.752611931881079443e-01 
3.550000000000000000e+01 4.796421576691090038e-01 
3.560000000000002274e+01 4.819224157991096602e-01 
3.569999999999993179e+01 4.810597758465625096e-01 
3.579999999999995453e+01 4.777818429561085933e-01 
3.589999999999997726e+01 4.775923985171086072e-01 
3.600000000000000000e+01 4.809469995231093198e-01 
3.610000000000002274e+01 4.836229640531098939e-01 
3.619999999999993179e+01 4.784723506235648571e-01 
3.629999999999995453e+01 4.847324258721101842e-01 
3.639999999999997726e+01 4.751667182851079807e-01 
3.650000000000000000e+01 4.782952720101087407e-01 
3.660000000000002274e+01 4.789739084861088791e-01 
3.669999999999993179e+01 4.773782224275657793e-01 
3.679999999999995453e+01 4.666095673851061165e-01 
3.689999999999997726e+01 4.751350617731080472e-01 
3.700000000000000000e+01 4.713634851481071641e-01 
3.710000000000002274e+01 4.717765037031073083e-01 
3.719999999999993179e+01 4.713981094575712683e-01 
3.729999999999995453e+01 4.786296439181088047e-01 
3.739999999999997726e+01 4.716132748131072194e-01 
3.750000000000000000e+01 4.771724551001084724e-01 
3.760000000000002274e+01 4.749406710041080282e-01 
3.769999999999993179e+01 4.732777148575695869e-01 
3.779999999999995453e+01 4.757330730701082033e-01 
3.789999999999997726e+01 4.666921710961061676e-01 
3.800000000000000000e+01 4.749757899471079292e-01 
3.810000000000002274e+01 4.705968039981069939e-01 
3.819999999999993179e+01 4.721875437255705354e-01 
3.829999999999995453e+01 4.684303114581064853e-01 
3.839999999999997726e+01 4.679604101081064060e-01 
3.850000000000000000e+01 4.733059089391076779e-01 
3.860000000000002274e+01 4.693953404411067010e-01 
3.869999999999993179e+01 4.696856900115728428e-01 
3.879999999999995453e+01 4.685153883341065528e-01 
3.889999999999997726e+01 4.688082110701065064e-01 
3.900000000000000000e+01 4.730447427151075468e-01 
3.910000000000002274e+01 4.653393498411057538e-01 
3.919999999999993179e+01 4.671373407955751178e-01 
3.929999999999995453e+01 4.670389088291061475e-01 
3.939999999999997726e+01 4.622869695981051130e-01 
3.950000000000000000e+01 4.668830994341061635e-01 
3.960000000000002274e+01 4.667673553121061691e-01 
3.969999999999993179e+01 4.706680311495719526e-01 
3.979999999999995453e+01 4.671160715771062177e-01 
3.989999999999997726e+01 4.695758814861066832e-01 
4.000000000000000000e+01 4.583808527971041658e-01 
4.010000000000002274e+01 4.661174075501058889e-01 
4.019999999999993179e+01 4.629067447465790019e-01 
4.029999999999995453e+01 4.610325803101048558e-01 
4.039999999999997726e+01 4.624279400031051646e-01 
4.050000000000000000e+01 4.698518867001068022e-01 
4.060000000000002274e+01 4.614228457471048483e-01 
4.069999999999993179e+01 4.617428732975800698e-01 
4.079999999999995453e+01 4.605646574921047343e-01 
4.089999999999997726e+01 4.605879052431047782e-01 
4.100000000000000000e+01 4.548536248741034682e-01 
4.110000000000002274e+01 4.610523656301048212e-01 
4.119999999999993179e+01 4.595956714445820213e-01 
4.129999999999995453e+01 4.595768753911044779e-01 
4.139999999999997726e+01 4.592835580221044101e-01 
4.150000000000000000e+01 4.599992919731046292e-01 
4.160000000000002274e+01 4.546701160311033552e-01 
4.169999999999993179e+01 4.670532531855752234e-01 
4.179999999999995453e+01 4.621034607551050555e-01 
4.189999999999997726e+01 4.583249592681042373e-01 
4.200000000000000000e+01 4.558631708271035921e-01 
4.210000000000002274e+01 4.516998448661027066e-01 
4.219999999999993179e+01 4.535383957265874955e-01 
4.229999999999995453e+01 4.586479546171042254e-01 
4.239999999999997726e+01 4.541067290441032633e-01 
4.250000000000000000e+01 4.533163055101031014e-01 
4.260000000000002274e+01 4.530432680941030021e-01 
4.269999999999993179e+01 4.540859544575869822e-01 
4.279999999999995453e+01 4.591796850921043283e-01 
4.289999999999997726e+01 4.554585610331035594e-01 
4.300000000000000000e+01 4.534899216931030930e-01 
4.310000000000002274e+01 4.521588642901028243e-01 
4.319999999999993179e+01 4.504390253485903717e-01 
4.329999999999995453e+01 4.502095156371023199e-01 
4.339999999999997726e+01 4.543199158671033522e-01 
4.350000000000000000e+01 4.525046127571029086e-01 
4.360000000000002274e+01 4.530234827741030368e-01 
4.369999999999993179e+01 4.489719438705916943e-01 
4.379999999999995453e+01 4.530126008481029642e-01 
4.389999999999997726e+01 4.480430230971018668e-01 
4.400000000000000000e+01 4.509282173861025034e-01 
4.410000000000002274e+01 4.518284494461027867e-01 
4.419999999999993179e+01 4.446894113565955098e-01 
4.429999999999995453e+01 4.471235003501016769e-01 
4.439999999999997726e+01 4.492810894961021817e-01 
4.450000000000000000e+01 4.444282451331010853e-01 
4.460000000000002274e+01 4.483036946881018836e-01 
4.469999999999993179e+01 4.466362868445938328e-01 
4.479999999999995453e+01 4.482735220751019045e-01 
4.489999999999997726e+01 4.509390993121025204e-01 
4.500000000000000000e+01 4.457043982731013765e-01 
4.510000000000002274e+01 4.462455267751014865e-01 
4.519999999999993179e+01 4.457602918015944882e-01 
4.529999999999995453e+01 4.420817061811004867e-01 
4.539999999999997726e+01 4.424185512541005671e-01 
4.550000000000000000e+01 4.439509242881009010e-01 
4.560000000000002274e+01 4.439840646991010109e-01 
4.569999999999993179e+01 4.375409752406020369e-01 
4.579999999999995453e+01 4.474692488171017057e-01 
4.589999999999997726e+01 4.443332755971008963e-01 
4.600000000000000000e+01 4.433608271191007422e-01 
4.610000000000002274e+01 4.382690750170996630e-01 
4.619999999999993179e+01 4.422093214945977957e-01 
4.629999999999995453e+01 4.404504065471001040e-01 
4.639999999999997726e+01 4.393043418860997917e-01 
4.650000000000000000e+01 4.410424822481002760e-01 
4.660000000000002274e+01 4.430388210361007051e-01 
4.669999999999993179e+01 4.397836412626000002e-01 
4.679999999999995453e+01 4.423918410721005556e-01 
4.689999999999997726e+01 4.423151729571005442e-01 
4.700000000000000000e+01 4.414094999341003356e-01 
4.710000000000002274e+01 4.358577391420990210e-01 
4.719999999999993179e+01 4.373515308016022174e-01 
4.729999999999995453e+01 4.403133932061001343e-01 
4.739999999999997726e+01 4.367648960640992950e-01 
4.750000000000000000e+01 4.373411435090994170e-01 
4.760000000000002274e+01 4.308396873570979335e-01 
4.769999999999993179e+01 4.339202616806053792e-01 
4.779999999999995453e+01 4.345603167830987545e-01 
4.789999999999997726e+01 4.311958231170980316e-01 
4.800000000000000000e+01 4.313066209090980485e-01 
4.810000000000002274e+01 4.355238618670990158e-01 
4.819999999999993179e+01 4.454501569105948633e-01 
4.829999999999995453e+01 4.341106953860986439e-01 
4.839999999999997726e+01 4.361233570630991818e-01 
4.850000000000000000e+01 4.307031686490979117e-01 
4.860000000000002274e+01 4.337921517340986854e-01 
4.869999999999993179e+01 4.318343943196072954e-01 
4.879999999999995453e+01 4.318522011080981882e-01 
4.889999999999997726e+01 4.286944640360974557e-01 
4.900000000000000000e+01 4.293251211110975518e-01 
4.910000000000002274e+01 4.304479380210978756e-01 
4.919999999999993179e+01 4.289679960846098372e-01 
4.929999999999995453e+01 4.325986023050982787e-01 
4.939999999999997726e+01 4.316038953420980318e-01 
4.950000000000000000e+01 4.274153430980971446e-01 
4.960000000000002274e+01 4.262391058240969088e-01 
4.969999999999993179e+01 4.303356563296085735e-01 
4.979999999999995453e+01 4.277734573900972559e-01 
4.989999999999997726e+01 4.293043465250975799e-01 
5.000000000000000000e+01 4.319179872970982381e-01 
5.010000000000002274e+01 4.227969547770961123e-01 
5.019999999999993179e+01 4.252018604226132648e-01 
5.029999999999995453e+01 4.277452633090972345e-01 
5.039999999999997726e+01 4.213521317840958624e-01 
5.050000000000000000e+01 4.258246033700967548e-01 
5.060000000000002274e+01 4.260560916140968546e-01 
5.069999999999993179e+01 4.242595845576141445e-01 
5.079999999999995453e+01 4.263835386600968724e-01 
5.089999999999997726e+01 4.223166661340960748e-01 
5.100000000000000000e+01 4.224932501150960862e-01 
5.110000000000002274e+01 4.248852953030966551e-01 
5.119999999999993179e+01 4.234597629966148080e-01 
5.129999999999995453e+01 4.194374074410953668e-01 
5.139999999999997726e+01 4.227623304670961035e-01 
5.150000000000000000e+01 4.207066357190956118e-01 
5.160000000000002274e+01 4.216815573620958379e-01 
5.169999999999993179e+01 4.190392278756188693e-01 
5.179999999999995453e+01 4.228083313360960771e-01 
5.189999999999997726e+01 4.176171580010949458e-01 
5.200000000000000000e+01 4.203257683090956265e-01 
5.210000000000002274e+01 4.201937012980955788e-01 
5.219999999999993179e+01 4.182438580116195626e-01 
5.229999999999995453e+01 4.171116430750948512e-01 
5.239999999999997726e+01 4.176695890990949622e-01 
5.250000000000000000e+01 4.169355537270948431e-01 
5.260000000000002274e+01 4.165962354890946906e-01 
5.269999999999993179e+01 4.151405305696224679e-01 
5.279999999999995453e+01 4.158008656250945512e-01 
5.289999999999997726e+01 4.148961818680944047e-01 
5.300000000000000000e+01 4.151667461190943209e-01 
5.310000000000002274e+01 4.133267113590939901e-01 
5.319999999999993179e+01 4.168944991876207817e-01 
5.329999999999995453e+01 4.131798053580940100e-01 
5.339999999999997726e+01 4.144940452390942220e-01 
5.350000000000000000e+01 4.144060005650941902e-01 
5.360000000000002274e+01 4.073921046250926215e-01 
5.369999999999993179e+01 4.096931373406273447e-01 
5.379999999999995453e+01 4.113803305040935054e-01 
5.389999999999997726e+01 4.128993484470938058e-01 
5.400000000000000000e+01 4.124833620940936973e-01 
5.410000000000002274e+01 4.127267215300938208e-01 
5.419999999999993179e+01 4.108906438336262790e-01 
5.429999999999995453e+01 4.117498213550935260e-01 
5.439999999999997726e+01 4.140696501250941131e-01 
5.450000000000000000e+01 4.101902435060932883e-01 
5.460000000000002274e+01 4.130502115120938122e-01 
5.469999999999993179e+01 4.137481386746236778e-01 
5.479999999999995453e+01 4.077393369910926602e-01 
5.489999999999997726e+01 4.102718579510933328e-01 
5.500000000000000000e+01 4.112987160590935165e-01 
5.510000000000002274e+01 4.088037872070929279e-01 
5.519999999999993179e+01 4.046553002356319539e-01 
5.529999999999995453e+01 4.135067577710939690e-01 
5.539999999999997726e+01 4.081508716470927944e-01 
5.550000000000000000e+01 4.088972728440928850e-01 
5.560000000000002274e+01 4.028553307490915225e-01 
5.569999999999993179e+01 4.079975354166289758e-01 
5.579999999999995453e+01 4.085624063030928732e-01 
5.589999999999997726e+01 4.029948172550916752e-01 
5.600000000000000000e+01 4.057598157250922322e-01 
5.610000000000002274e+01 4.063177617490923987e-01 
5.619999999999993179e+01 4.086979357446282601e-01 
5.629999999999995453e+01 4.028053728160915226e-01 
5.639999999999997726e+01 4.026906179600915348e-01 
5.650000000000000000e+01 4.032080040780916530e-01 
5.660000000000002274e+01 4.056648461890921542e-01 
5.669999999999993179e+01 4.007348390776355740e-01 
5.679999999999995453e+01 4.057830634760922761e-01 
5.689999999999997726e+01 4.053952712040922446e-01 
5.700000000000000000e+01 3.972056326230902212e-01 
5.710000000000002274e+01 3.999770613220909321e-01 
5.719999999999993179e+01 3.988577068426372163e-01 
5.729999999999995453e+01 3.972872470680903767e-01 
5.739999999999997726e+01 4.012685480850911590e-01 
5.750000000000000000e+01 3.976161780130904044e-01 
5.760000000000002274e+01 4.003539716680909466e-01 
5.769999999999993179e+01 3.997792081216364202e-01 
5.779999999999995453e+01 4.011241152490911954e-01 
5.789999999999997726e+01 3.963781116140900895e-01 
5.800000000000000000e+01 4.038777371600917876e-01 
5.810000000000002274e+01 3.983333958630905780e-01 
5.819999999999993179e+01 3.913076287306440637e-01 
5.829999999999995453e+01 3.893978507180885784e-01 
5.839999999999997726e+01 4.019734001100914167e-01 
5.850000000000000000e+01 3.976794910370904379e-01 
5.860000000000002274e+01 3.954397928130899409e-01 
5.869999999999993179e+01 3.943318148926412969e-01 
5.879999999999995453e+01 3.963964130350900450e-01 
5.889999999999997726e+01 3.931976214240894274e-01 
5.900000000000000000e+01 3.945786367600896405e-01 
5.910000000000002274e+01 3.960293953490899854e-01 
5.919999999999993179e+01 3.891159099076461070e-01 
5.929999999999995453e+01 3.891693302720884429e-01 
5.939999999999997726e+01 3.888755182700883717e-01 
5.950000000000000000e+01 3.878461869970881715e-01 
5.960000000000002274e+01 3.914456313380890173e-01 
5.969999999999993179e+01 3.865428290416484391e-01 
5.979999999999995453e+01 3.942299204950895364e-01 
5.989999999999997726e+01 3.915628593590890216e-01 
6.000000000000000000e+01 3.907689733940888921e-01 
6.010000000000002274e+01 3.912843809800889416e-01 
6.019999999999993179e+01 3.854645291016494113e-01 
6.029999999999995453e+01 3.905147320320887516e-01 
6.039999999999997726e+01 3.904286658900887885e-01 
6.050000000000000000e+01 3.916479362350890336e-01 
6.060000000000002274e+01 3.885925881940882620e-01 
6.069999999999993179e+01 3.832119704196514376e-01 
6.079999999999995453e+01 3.876483337970881848e-01 
6.089999999999997726e+01 3.841868920630873707e-01 
6.100000000000000000e+01 3.922152802860891518e-01 
6.110000000000002274e+01 3.863326100170878519e-01 
6.119999999999993179e+01 3.863514060706486064e-01 
6.129999999999995453e+01 3.837585398850872354e-01 
6.139999999999997726e+01 3.856960173460876606e-01 
6.150000000000000000e+01 3.858696335290877633e-01 
6.160000000000002274e+01 3.844915859910874034e-01 
6.169999999999993179e+01 3.850752529306497585e-01 
6.179999999999995453e+01 3.846325563960874550e-01 
6.189999999999997726e+01 3.823844494110869574e-01 
6.200000000000000000e+01 3.815138953310867609e-01 
6.210000000000002274e+01 3.821193261230868554e-01 
6.219999999999993179e+01 3.857964278446490702e-01 
6.229999999999995453e+01 3.838297670370872661e-01 
6.239999999999997726e+01 3.812057389720867051e-01 
6.250000000000000000e+01 3.816009507390867306e-01 
6.260000000000002274e+01 3.801882788910864175e-01 
6.269999999999993179e+01 3.784076000906558268e-01 
6.279999999999995453e+01 3.786939925980861710e-01 
6.289999999999997726e+01 3.780672925870859347e-01 
6.300000000000000000e+01 3.777715020530858503e-01 
6.310000000000002274e+01 3.774257535860857660e-01 
6.319999999999993179e+01 3.803994871816539503e-01 
6.329999999999995453e+01 3.797994973530863239e-01 
6.339999999999997726e+01 3.789106418520861164e-01 
6.350000000000000000e+01 3.727455361400847655e-01 
6.360000000000002274e+01 3.767748165580857012e-01 
6.369999999999993179e+01 3.749763309696589886e-01 
6.379999999999995453e+01 3.786554112240860248e-01 
6.389999999999997726e+01 3.722944308440845895e-01 
6.400000000000000000e+01 3.795368472300862939e-01 
6.410000000000002274e+01 3.701106261490841320e-01 
6.419999999999993179e+01 3.768420866456572704e-01 
6.429999999999995453e+01 3.738767618110849789e-01 
6.439999999999997726e+01 3.755970953850853999e-01 
6.450000000000000000e+01 3.731916951060847976e-01 
6.460000000000002274e+01 3.758923912860854810e-01 
6.469999999999993179e+01 3.741310031726597374e-01 
6.479999999999995453e+01 3.697015646580840698e-01 
6.489999999999997726e+01 3.718537128410845383e-01 
6.500000000000000000e+01 3.738826974070850184e-01 
6.510000000000002274e+01 3.733796556460848848e-01 
6.519999999999993179e+01 3.702718765066632112e-01 
6.529999999999995453e+01 3.693350416050840135e-01 
6.539999999999997726e+01 3.715658364350844511e-01 
6.550000000000000000e+01 3.691559844590838746e-01 
6.560000000000002274e+01 3.752206796720852777e-01 
6.569999999999993179e+01 3.699132675816635407e-01 
6.579999999999995453e+01 3.730373696100847680e-01 
6.589999999999997726e+01 3.664270941980832808e-01 
6.600000000000000000e+01 3.686939972370837926e-01 
6.610000000000002274e+01 3.724517241380846944e-01 
6.619999999999993179e+01 3.652083184856678155e-01 
6.629999999999995453e+01 3.644530138950828335e-01 
6.639999999999997726e+01 3.696105521860840182e-01 
6.650000000000000000e+01 3.639559077300827394e-01 
6.660000000000002274e+01 3.705938825900842448e-01 
6.669999999999993179e+01 3.701175510106633482e-01 
6.679999999999995453e+01 3.626525497750824334e-01 
6.689999999999997726e+01 3.673060570390834778e-01 
6.700000000000000000e+01 3.649164850160829809e-01 
6.710000000000002274e+01 3.648393222680829107e-01 
6.719999999999993179e+01 3.609717868406716601e-01 
6.729999999999995453e+01 3.655431850270831062e-01 
6.739999999999997726e+01 3.653136753150830196e-01 
6.750000000000000000e+01 3.590902029090816683e-01 
6.760000000000002274e+01 3.643976149990828528e-01 
6.769999999999993179e+01 3.594532635306730284e-01 
6.779999999999995453e+01 3.618096951430823105e-01 
6.789999999999997726e+01 3.632901317120826312e-01 
6.800000000000000000e+01 3.613096211800821966e-01 
6.810000000000002274e+01 3.608303218030819992e-01 
6.819999999999993179e+01 3.632728195566696239e-01 
6.829999999999995453e+01 3.636111485290826617e-01 
6.839999999999997726e+01 3.585189017940815237e-01 
6.850000000000000000e+01 3.632609483650825477e-01 
6.860000000000002274e+01 3.575929488180812910e-01 
6.869999999999993179e+01 3.568856236276753968e-01 
6.879999999999995453e+01 3.592029792330816429e-01 
6.889999999999997726e+01 3.589586305310816239e-01 
6.900000000000000000e+01 3.565764780030810654e-01 
6.910000000000002274e+01 3.591179023570816309e-01 
6.919999999999993179e+01 3.593884666076730960e-01 
6.929999999999995453e+01 3.541948201080805103e-01 
6.939999999999997726e+01 3.596199548520817579e-01 
6.950000000000000000e+01 3.559527457900809599e-01 
6.960000000000002274e+01 3.555926529660808910e-01 
6.969999999999993179e+01 3.523142254416795072e-01 
6.979999999999995453e+01 3.516880200640799536e-01 
6.989999999999997726e+01 3.569583346790811129e-01 
7.000000000000000000e+01 3.552013982630807809e-01 
7.010000000000002274e+01 3.525699507030801705e-01 
7.019999999999993179e+01 3.582611980006741859e-01 
7.029999999999995453e+01 3.493469220750793913e-01 
7.039999999999997726e+01 3.553700681160808506e-01 
7.050000000000000000e+01 3.552226674820807562e-01 
7.060000000000002274e+01 3.519981549550800226e-01 
7.069999999999993179e+01 3.521880940266796656e-01 
7.079999999999995453e+01 3.544495561030805986e-01 
7.089999999999997726e+01 3.493256528560794716e-01 
7.100000000000000000e+01 3.509811895070797938e-01 
7.110000000000002274e+01 3.530527125110802800e-01 
7.119999999999993179e+01 3.544099854626776569e-01 
7.129999999999995453e+01 3.493088353340794150e-01 
7.139999999999997726e+01 3.502590253270796428e-01 
7.150000000000000000e+01 3.482468582830791637e-01 
7.160000000000002274e+01 3.479367233920790947e-01 
7.169999999999993179e+01 3.465512563586848338e-01 
7.179999999999995453e+01 3.487771048590793121e-01 
7.189999999999997726e+01 3.477581608790790146e-01 
7.200000000000000000e+01 3.487508893100793039e-01 
7.210000000000002274e+01 3.465700524130787552e-01 
7.219999999999993179e+01 3.468272615726845642e-01 
7.229999999999995453e+01 3.470681478440788559e-01 
7.239999999999997726e+01 3.433707661690780788e-01 
7.250000000000000000e+01 3.440330797560782194e-01 
7.260000000000002274e+01 3.433638413070780326e-01 
7.269999999999993179e+01 3.439776808596871627e-01 
7.279999999999995453e+01 3.403391605120774099e-01 
7.289999999999997726e+01 3.411973487670775795e-01 
7.300000000000000000e+01 3.410336252440775429e-01 
7.310000000000002274e+01 3.404316568830773604e-01 
7.319999999999993179e+01 3.443456878116868403e-01 
7.329999999999995453e+01 3.456074965950786115e-01 
7.339999999999997726e+01 3.425170296110778834e-01 
7.350000000000000000e+01 3.415890981030776374e-01 
7.360000000000002274e+01 3.382859389290769347e-01 
7.369999999999993179e+01 3.436329216586874180e-01 
7.379999999999995453e+01 3.396961376120772313e-01 
7.389999999999997726e+01 3.374786978730767162e-01 
7.400000000000000000e+01 3.373397060000767333e-01 
7.410000000000002274e+01 3.405948857730774493e-01 
7.419999999999993179e+01 3.452177257906859920e-01 
7.429999999999995453e+01 3.371863697700766549e-01 
7.439999999999997726e+01 3.350154255330761721e-01 
7.450000000000000000e+01 3.394503050110771469e-01 
7.460000000000002274e+01 3.333054792520757648e-01 
7.469999999999993179e+01 3.403317410166904478e-01 
7.479999999999995453e+01 3.339870835260759230e-01 
7.489999999999997726e+01 3.353260550570762444e-01 
7.500000000000000000e+01 3.346944087160760861e-01 
7.510000000000002274e+01 3.360749294190764069e-01 
7.519999999999993179e+01 3.346370312876956188e-01 
7.529999999999995453e+01 3.349184774650761365e-01 
7.539999999999997726e+01 3.338985442190759434e-01 
7.550000000000000000e+01 3.314209275220753037e-01 
7.560000000000002274e+01 3.276800181430744585e-01 
7.569999999999993179e+01 3.303817035886995046e-01 
7.579999999999995453e+01 3.277383848370745145e-01 
7.589999999999997726e+01 3.323760638450755645e-01 
7.600000000000000000e+01 3.282008666920746554e-01 
7.610000000000002274e+01 3.306087401360751632e-01 
7.619999999999993179e+01 3.296031512467001434e-01 
7.629999999999995453e+01 3.289086865150747663e-01 
7.639999999999997726e+01 3.286524666210747236e-01 
7.650000000000000000e+01 3.325961755300756439e-01 
7.660000000000002274e+01 3.282211466450745685e-01 
7.669999999999993179e+01 3.281484355937015485e-01 
7.679999999999995453e+01 3.273416891710744236e-01 
7.689999999999997726e+01 3.325501746610756149e-01 
7.700000000000000000e+01 3.273520764640743819e-01 
7.710000000000002274e+01 3.263974347740742354e-01 
7.719999999999993179e+01 3.265982557717029278e-01 
7.729999999999995453e+01 3.316875347090753601e-01 
7.739999999999997726e+01 3.291792507660749045e-01 
7.750000000000000000e+01 3.240954127920736560e-01 
7.760000000000002274e+01 3.251034748460738810e-01 
7.769999999999993179e+01 3.268500239687026632e-01 
7.779999999999995453e+01 3.230878453710734344e-01 
7.789999999999997726e+01 3.268421098410743131e-01 
7.800000000000000000e+01 3.232891610020734996e-01 
7.810000000000002274e+01 3.245292059330737722e-01 
7.819999999999993179e+01 3.251761858967042729e-01 
7.829999999999995453e+01 3.239267429390736419e-01 
7.839999999999997726e+01 3.224814253130733332e-01 
7.850000000000000000e+01 3.243981281880737311e-01 
7.860000000000002274e+01 3.225704592530733161e-01 
7.869999999999993179e+01 3.296170009707002357e-01 
7.879999999999995453e+01 3.202442002540728527e-01 
7.889999999999997726e+01 3.196268982700726791e-01 
7.900000000000000000e+01 3.243402561270737339e-01 
7.910000000000002274e+01 3.208971158140729862e-01 
7.919999999999993179e+01 3.201868228257087612e-01 
7.929999999999995453e+01 3.230151343200733938e-01 
7.939999999999997726e+01 3.198846020630727316e-01 
7.950000000000000000e+01 3.183641002210723658e-01 
7.960000000000002274e+01 3.197728150050727081e-01 
7.969999999999993179e+01 3.178363268097109673e-01 
7.979999999999995453e+01 3.182404419710723187e-01 
7.989999999999997726e+01 3.188656580830724341e-01 
8.000000000000000000e+01 3.175959351720721857e-01 
8.010000000000002274e+01 3.118250519610709093e-01 
8.019999999999993179e+01 3.173881893117113107e-01 
8.029999999999995453e+01 3.145544368550715064e-01 
8.039999999999997726e+01 3.179253607500722723e-01 
8.050000000000000000e+01 3.139752216120713646e-01 
8.060000000000002274e+01 3.095927732320703507e-01 
8.069999999999993179e+01 3.165923248147120561e-01 
8.079999999999995453e+01 3.138139712540713444e-01 
8.089999999999997726e+01 3.121515097410709760e-01 
8.100000000000000000e+01 3.094968144300703217e-01 
8.110000000000002274e+01 3.140602984880713766e-01 
8.119999999999993179e+01 3.086223032857193238e-01 
8.129999999999995453e+01 3.150787478350716153e-01 
8.139999999999997726e+01 3.081370683130699728e-01 
8.150000000000000000e+01 3.154996805180717012e-01 
8.160000000000002274e+01 3.107531822500705920e-01 
8.169999999999993179e+01 3.097129690507182675e-01 
8.179999999999995453e+01 3.112087392430707422e-01 
8.189999999999997726e+01 3.097332490040704545e-01 
8.200000000000000000e+01 3.096501506600704001e-01 
8.210000000000002274e+01 3.088285652470701970e-01 
8.219999999999993179e+01 3.095734825447183924e-01 
8.229999999999995453e+01 3.099246719750704537e-01 
8.239999999999997726e+01 3.053552523210694147e-01 
8.250000000000000000e+01 3.074327109210698850e-01 
8.260000000000002274e+01 3.047458644650692383e-01 
8.269999999999993179e+01 3.067901826537209886e-01 
8.279999999999995453e+01 3.057153451450695392e-01 
8.289999999999997726e+01 3.067278588960697383e-01 
8.300000000000000000e+01 3.039316985470690846e-01 
8.310000000000002274e+01 3.068253015970697217e-01 
8.319999999999993179e+01 3.057514533537218915e-01 
8.329999999999995453e+01 3.055832781340693804e-01 
8.339999999999997726e+01 3.101893006300705524e-01 
8.350000000000000000e+01 3.056456018920694628e-01 
8.360000000000002274e+01 3.032594923000689335e-01 
8.369999999999993179e+01 2.998806542767272765e-01 
8.379999999999995453e+01 3.028815926880688569e-01 
8.389999999999997726e+01 3.006428837300683665e-01 
8.400000000000000000e+01 3.024433478500687666e-01 
8.410000000000002274e+01 3.038936118060691083e-01 
8.419999999999993179e+01 3.018265404987255374e-01 
8.429999999999995453e+01 3.026654380670688038e-01 
8.439999999999997726e+01 2.998074485930681821e-01 
8.450000000000000000e+01 2.997540282290681035e-01 
8.460000000000002274e+01 3.003995242940682986e-01 
8.469999999999993179e+01 3.005162576817266284e-01 
8.479999999999995453e+01 3.019813606280686291e-01 
8.489999999999997726e+01 3.019037032470686110e-01 
8.500000000000000000e+01 2.929429318190666098e-01 
8.510000000000002274e+01 2.972407979560676150e-01 
8.519999999999993179e+01 2.978937135157290195e-01 
8.529999999999995453e+01 2.954170860850671709e-01 
8.539999999999997726e+01 2.994819800790680664e-01 
8.550000000000000000e+01 2.957702540470672492e-01 
8.560000000000002274e+01 2.980025327760678078e-01 
8.569999999999993179e+01 2.951089297257315502e-01 
8.579999999999995453e+01 2.983136569330678278e-01 
8.589999999999997726e+01 2.978422716840677387e-01 
8.600000000000000000e+01 2.973011431820675732e-01 
8.610000000000002274e+01 2.960724748100673209e-01 
8.619999999999993179e+01 2.930314711257334670e-01 
8.629999999999995453e+01 2.938767989230667843e-01 
8.639999999999997726e+01 2.965216015740674282e-01 
8.650000000000000000e+01 2.952004368310671145e-01 
8.660000000000002274e+01 2.892440662450657674e-01 
8.669999999999993179e+01 2.904757024147358035e-01 
8.679999999999995453e+01 2.962312520030673801e-01 
8.689999999999997726e+01 2.901146203250659639e-01 
8.700000000000000000e+01 2.921628955780664061e-01 
8.710000000000002274e+01 2.912201250800662278e-01 
8.719999999999993179e+01 2.908451932657354355e-01 
8.729999999999995453e+01 2.843056503730646001e-01 
8.739999999999997726e+01 2.932159692350666536e-01 
8.750000000000000000e+01 2.891901512480656855e-01 
8.760000000000002274e+01 2.896155356280658011e-01 
8.769999999999993179e+01 2.880129247077380383e-01 
8.779999999999995453e+01 2.903431407710659884e-01 
8.789999999999997726e+01 2.914159997480662567e-01 
8.800000000000000000e+01 2.864419703000651296e-01 
8.810000000000002274e+01 2.895705240250657786e-01 
8.819999999999993179e+01 2.882518324467378545e-01 
8.829999999999995453e+01 2.877062522480653972e-01 
8.839999999999997726e+01 2.840558607080645448e-01 
8.850000000000000000e+01 2.857801513460649923e-01 
8.860000000000002274e+01 2.887172821000656420e-01 
8.869999999999993179e+01 2.850090184987407738e-01 
8.879999999999995453e+01 2.832688996050643504e-01 
8.889999999999997726e+01 2.839608911720645223e-01 
8.900000000000000000e+01 2.845697843950646955e-01 
8.910000000000002274e+01 2.846543666380647042e-01 
8.919999999999993179e+01 2.837635326047419082e-01 
8.929999999999995453e+01 2.836809288940645435e-01 
8.939999999999997726e+01 2.847943477770647491e-01 
8.950000000000000000e+01 2.822727087430642046e-01 
8.960000000000002274e+01 2.817498816620640500e-01 
8.969999999999993179e+01 2.820075854547435257e-01 
8.979999999999995453e+01 2.783596670800633222e-01 
8.989999999999997726e+01 2.828573649490643271e-01 
9.000000000000000000e+01 2.795037532090635102e-01 
9.010000000000002274e+01 2.832733513020644356e-01 
9.019999999999993179e+01 2.766294408457483645e-01 
9.029999999999995453e+01 2.805672141590637714e-01 
9.039999999999997726e+01 2.787969226520634058e-01 
9.050000000000000000e+01 2.766561510280629022e-01 
9.060000000000002274e+01 2.779006476560632044e-01 
9.069999999999993179e+01 2.751905534487497085e-01 
9.079999999999995453e+01 2.787301471970634048e-01 
9.089999999999997726e+01 2.730102111850621349e-01 
9.100000000000000000e+01 2.774386604340630669e-01 
9.110000000000002274e+01 2.730893524650621074e-01 
9.119999999999993179e+01 2.728524232577518305e-01 
9.129999999999995453e+01 2.786000587180633148e-01 
9.139999999999997726e+01 2.756703474590626590e-01 
9.150000000000000000e+01 2.748418371840624652e-01 
9.160000000000002274e+01 2.746182630680624737e-01 
9.169999999999993179e+01 2.713719866887531751e-01 
9.179999999999995453e+01 2.739925523230622995e-01 
9.189999999999997726e+01 2.719670301880618424e-01 
9.200000000000000000e+01 2.691817517650612057e-01 
9.210000000000002274e+01 2.707156086980615495e-01 
9.219999999999993179e+01 2.765423854377485058e-01 
9.229999999999995453e+01 2.736156419770621739e-01 
9.239999999999997726e+01 2.739984879190622835e-01 
9.250000000000000000e+01 2.721347107750618499e-01 
9.260000000000002274e+01 2.679060932580609178e-01 
9.269999999999993179e+01 2.700839623567543590e-01 
9.279999999999995453e+01 2.713245019210617226e-01 
9.289999999999997726e+01 2.708996121740615548e-01 
9.300000000000000000e+01 2.694562730800612593e-01 
9.310000000000002274e+01 2.696155449060612663e-01 
9.319999999999993179e+01 2.644575119817594300e-01 
9.329999999999995453e+01 2.690887607610611965e-01 
9.339999999999997726e+01 2.738852169620623056e-01 
9.350000000000000000e+01 2.687855507320610626e-01 
9.360000000000002274e+01 2.673026409980607254e-01 
9.369999999999993179e+01 2.671557349967570438e-01 
9.379999999999995453e+01 2.662139537650605181e-01 
9.389999999999997726e+01 2.667842656140606561e-01 
9.400000000000000000e+01 2.660180790970604892e-01 
9.410000000000002274e+01 2.681039464580609599e-01 
9.419999999999993179e+01 2.667491466707573866e-01 
9.429999999999995453e+01 2.659048081400604557e-01 
9.439999999999997726e+01 2.643115952470601049e-01 
9.450000000000000000e+01 2.633124365870598838e-01 
9.460000000000002274e+01 2.662456102770605071e-01 
9.469999999999993179e+01 2.603278210647632096e-01 
9.479999999999995453e+01 2.629548169280597758e-01 
9.489999999999997726e+01 2.627465764350597199e-01 
9.500000000000000000e+01 2.602971538190591572e-01 
9.510000000000002274e+01 2.557064649460581429e-01 
9.519999999999993179e+01 2.590951956287643188e-01 
9.529999999999995453e+01 2.615436289790594726e-01 
9.539999999999997726e+01 2.580065083960585981e-01 
9.550000000000000000e+01 2.607853565900592474e-01 
9.560000000000002274e+01 2.607190757680592497e-01 
9.569999999999993179e+01 2.631947139327605600e-01 
9.579999999999995453e+01 2.555506555510581035e-01 
9.589999999999997726e+01 2.557732404010580884e-01 
9.600000000000000000e+01 2.612255799600593509e-01 
9.610000000000002274e+01 2.566843543870583888e-01 
9.619999999999993179e+01 2.572086653667661205e-01 
9.629999999999995453e+01 2.549610530150579479e-01 
9.639999999999997726e+01 2.581271988480586255e-01 
9.650000000000000000e+01 2.502684697440569206e-01 
9.660000000000002274e+01 2.571413952790584379e-01 
9.669999999999993179e+01 2.559493297487672181e-01 
9.679999999999995453e+01 2.543635363510578506e-01 
9.689999999999997726e+01 2.545218189110578511e-01 
9.700000000000000000e+01 2.552761342360580499e-01 
9.710000000000002274e+01 2.580060137630586503e-01 
9.719999999999993179e+01 2.528435291417699959e-01 
9.729999999999995453e+01 2.569554132710584193e-01 
9.739999999999997726e+01 2.519245010280572461e-01 
9.750000000000000000e+01 2.549476979240579144e-01 
9.760000000000002274e+01 2.517281317270572139e-01 
9.769999999999993179e+01 2.508135553097718962e-01 
9.779999999999995453e+01 2.483018089360564673e-01 
9.789999999999997726e+01 2.505049043180569424e-01 
9.800000000000000000e+01 2.491748361810566526e-01 
9.810000000000002274e+01 2.484937265400565254e-01 
9.819999999999993179e+01 2.502917174947723589e-01 
9.829999999999995453e+01 2.494602394220566954e-01 
9.839999999999997726e+01 2.522049579390573393e-01 
9.850000000000000000e+01 2.508066304480570108e-01 
9.860000000000002274e+01 2.475633218670562630e-01 
9.869999999999993179e+01 2.497980737607727875e-01 
9.879999999999995453e+01 2.470874849210561719e-01 
9.889999999999997726e+01 2.494983261630567550e-01 
9.900000000000000000e+01 2.476444416790563041e-01 
9.910000000000002274e+01 2.452350843360557309e-01 
9.919999999999993179e+01 2.429152555657790591e-01 
9.929999999999995453e+01 2.468312650270561293e-01 
9.939999999999997726e+01 2.492841500740566596e-01 
9.950000000000000000e+01 2.441834945780555488e-01 
9.960000000000002274e+01 2.463949987210559689e-01 
9.969999999999993179e+01 2.473778344917750005e-01 
9.979999999999995453e+01 2.432956283430553479e-01 
9.989999999999997726e+01 2.430938180790552239e-01 
1.000000000000000000e+02 2.432817786190553111e-01 
1.001000000000000227e+02 2.483997462700564818e-01 
1.001999999999999318e+02 2.401141488867816198e-01 
1.002999999999999545e+02 2.439129303270554383e-01 
1.003999999999999773e+02 2.414654862430548887e-01 
1.005000000000000000e+02 2.425645607690551653e-01 
1.006000000000000227e+02 2.419893025900549666e-01 
1.006999999999999318e+02 2.478413056127745651e-01 
1.007999999999999545e+02 2.407057299550547369e-01 
1.008999999999999773e+02 2.431675183960552711e-01 
1.010000000000000000e+02 2.392282611840543805e-01 
1.011000000000000227e+02 2.423835250910550687e-01 
1.011999999999999318e+02 2.415362187617803025e-01 
1.012999999999999545e+02 2.355284063440535314e-01 
1.013999999999999773e+02 2.386896058470542592e-01 
1.015000000000000000e+02 2.389448364750542952e-01 
1.016000000000000227e+02 2.388825127170542961e-01 
1.016999999999999318e+02 2.400582553577816358e-01 
1.017999999999999545e+02 2.382543288070541332e-01 
1.018999999999999773e+02 2.371364582270538979e-01 
1.020000000000000000e+02 2.352380567730535110e-01 
1.021000000000000227e+02 2.347617251940533611e-01 
1.021999999999999318e+02 2.370360477277844158e-01 
1.022999999999999545e+02 2.340074098690531623e-01 
1.023999999999999773e+02 2.364004443230537655e-01 
1.025000000000000000e+02 2.345604095630533237e-01 
1.026000000000000227e+02 2.341033686710532469e-01 
1.026999999999999318e+02 2.340336254177871611e-01 
1.027999999999999545e+02 2.311939373650525598e-01 
1.028999999999999773e+02 2.331591142740530309e-01 
1.030000000000000000e+02 2.333658708680530214e-01 
1.031000000000000227e+02 2.287168153010519511e-01 
1.031999999999999318e+02 2.310391172357899037e-01 
1.032999999999999545e+02 2.323207113390528267e-01 
1.033999999999999773e+02 2.353567686930534975e-01 
1.035000000000000000e+02 2.326644812740528701e-01 
1.036000000000000227e+02 2.320625129130527708e-01 
1.036999999999999318e+02 2.316346553677893494e-01 
1.037999999999999545e+02 2.323983687200528725e-01 
1.038999999999999773e+02 2.309372228380525138e-01 
1.040000000000000000e+02 2.304302240130523816e-01 
1.041000000000000227e+02 2.292426101800520977e-01 
1.041999999999999318e+02 2.296096278657911438e-01 
1.042999999999999545e+02 2.273278858370516575e-01 
1.043999999999999773e+02 2.276033964180517455e-01 
1.045000000000000000e+02 2.253172026920512716e-01 
1.046000000000000227e+02 2.231091609800507081e-01 
1.046999999999999318e+02 2.255585835957948371e-01 
1.047999999999999545e+02 2.271448716270516588e-01 
1.048999999999999773e+02 2.216435634010504030e-01 
1.050000000000000000e+02 2.229889651610506840e-01 
1.051000000000000227e+02 2.235028888480508069e-01 
1.051999999999999318e+02 2.245712961277957498e-01 
1.052999999999999545e+02 2.228603605810506871e-01 
1.053999999999999773e+02 2.227020780210506590e-01 
1.055000000000000000e+02 2.207601488630502040e-01 
1.056000000000000227e+02 2.264350732720515069e-01 
1.056999999999999318e+02 2.229637388777972185e-01 
1.057999999999999545e+02 2.231319140980507487e-01 
1.058999999999999773e+02 2.198035286410499889e-01 
1.060000000000000000e+02 2.240553939090509095e-01 
1.061000000000000227e+02 2.225314296360506039e-01 
1.061999999999999318e+02 2.217390275697983248e-01 
1.062999999999999545e+02 2.188256392000497985e-01 
1.063999999999999773e+02 2.208026873010502100e-01 
1.065000000000000000e+02 2.218745570120504440e-01 
1.066000000000000227e+02 2.195126844370499097e-01 
1.066999999999999318e+02 2.215876698717984816e-01 
1.067999999999999545e+02 2.146796253940487786e-01 
1.068999999999999773e+02 2.221569924550505226e-01 
1.070000000000000000e+02 2.201626321990500512e-01 
1.071000000000000227e+02 2.170865095720493354e-01 
1.071999999999999318e+02 2.157965067078037036e-01 
1.072999999999999545e+02 2.184680195410496351e-01 
1.073999999999999773e+02 2.203411947120501035e-01 
1.075000000000000000e+02 2.143551461460486973e-01 
1.076000000000000227e+02 2.194914152180498790e-01 
1.076999999999999318e+02 2.160611353628034692e-01 
1.077999999999999545e+02 2.161758902190491216e-01 
1.078999999999999773e+02 2.134657960120485143e-01 
1.080000000000000000e+02 2.144031255470487396e-01 
1.081000000000000227e+02 2.137610919130485954e-01 
1.081999999999999318e+02 2.127639117848064698e-01 
1.082999999999999545e+02 2.105692251640478574e-01 
1.083999999999999773e+02 2.134539248200485184e-01 
1.085000000000000000e+02 2.113052390680480452e-01 
1.086000000000000227e+02 2.145366764570487694e-01 
1.086999999999999318e+02 2.119438102708072480e-01 
1.087999999999999545e+02 2.129226889780484189e-01 
1.088999999999999773e+02 2.144263732980487003e-01 
1.090000000000000000e+02 2.106785390570479199e-01 
1.091000000000000227e+02 2.084175716140473922e-01 
1.091999999999999318e+02 2.080901245678107581e-01 
1.092999999999999545e+02 2.087212762760474738e-01 
1.093999999999999773e+02 2.104688146650478542e-01 
1.095000000000000000e+02 2.081163401170473271e-01 
1.096000000000000227e+02 2.118715938530481291e-01 
1.096999999999999318e+02 2.072818942458114766e-01 
1.097999999999999545e+02 2.072537001650471278e-01 
1.098999999999999773e+02 2.049610762100465833e-01 
1.100000000000000000e+02 2.100280966620477474e-01 
1.101000000000000227e+02 2.029098331590461768e-01 
1.101999999999999318e+02 2.063999636068122590e-01 
1.102999999999999545e+02 2.035296083080462837e-01 
1.103999999999999773e+02 2.055457324160467336e-01 
1.105000000000000000e+02 2.043813663340464382e-01 
1.106000000000000227e+02 2.057633709360467689e-01 
1.106999999999999318e+02 2.037907745318146557e-01 
1.107999999999999545e+02 2.038931635630463479e-01 
1.108999999999999773e+02 2.072309470470471149e-01 
1.110000000000000000e+02 2.030552552610461470e-01 
1.111000000000000227e+02 2.046687481070465220e-01 
1.111999999999999318e+02 2.018102639998164693e-01 
1.112999999999999545e+02 1.986826995410451713e-01 
1.113999999999999773e+02 2.027475935350460667e-01 
1.115000000000000000e+02 1.984329098760451160e-01 
1.116000000000000227e+02 2.043586132160464530e-01 
1.116999999999999318e+02 1.998945503908181875e-01 
1.117999999999999545e+02 1.986040528940451466e-01 
1.118999999999999773e+02 2.002531593160455370e-01 
1.120000000000000000e+02 1.982123035580450610e-01 
1.121000000000000227e+02 2.008521598790456442e-01 
1.121999999999999318e+02 1.991036322238189105e-01 
1.122999999999999545e+02 2.002195242720455348e-01 
1.123999999999999773e+02 1.998124413130454302e-01 
1.125000000000000000e+02 1.984843517080450981e-01 
1.126000000000000227e+02 1.987356252720452188e-01 
1.126999999999999318e+02 1.984185655188195341e-01 
1.127999999999999545e+02 1.940776663110441447e-01 
1.128999999999999773e+02 1.949932319940443359e-01 
1.130000000000000000e+02 1.953859705960444282e-01 
1.131000000000000227e+02 1.947330550360442947e-01 
1.131999999999999318e+02 1.941147637858234298e-01 
1.132999999999999545e+02 1.913022805480434629e-01 
1.133999999999999773e+02 1.938827809090440946e-01 
1.135000000000000000e+02 1.926041546040437868e-01 
1.136000000000000227e+02 1.937996825650440680e-01 
1.136999999999999318e+02 1.922776968238250894e-01 
1.137999999999999545e+02 1.945713100450442434e-01 
1.138999999999999773e+02 1.945109648190442020e-01 
1.140000000000000000e+02 1.898342098040431691e-01 
1.141000000000000227e+02 1.887306835810428907e-01 
1.141999999999999318e+02 1.894696652828276595e-01 
1.142999999999999545e+02 1.897743592110431310e-01 
1.143999999999999773e+02 1.889349670100429479e-01 
1.145000000000000000e+02 1.880416598120427385e-01 
1.146000000000000227e+02 1.888251584840429098e-01 
1.146999999999999318e+02 1.874164436998295435e-01 
1.147999999999999545e+02 1.871622023380425381e-01 
1.148999999999999773e+02 1.879422385790427419e-01 
1.150000000000000000e+02 1.844204516190419141e-01 
1.151000000000000227e+02 1.907913246590433876e-01 
1.151999999999999318e+02 1.859889328618308524e-01 
1.152999999999999545e+02 1.866472893850424641e-01 
1.153999999999999773e+02 1.852568760220421329e-01 
1.155000000000000000e+02 1.825507388790414964e-01 
1.156000000000000227e+02 1.867961739180424852e-01 
1.156999999999999318e+02 1.842631583248324489e-01 
1.157999999999999545e+02 1.834247553900416883e-01 
1.158999999999999773e+02 1.795037995990408086e-01 
1.160000000000000000e+02 1.856154849470421919e-01 
1.161000000000000227e+02 1.786040621720406119e-01 
1.161999999999999318e+02 1.814303951338349929e-01 
1.162999999999999545e+02 1.821372256910414322e-01 
1.163999999999999773e+02 1.811865410650412012e-01 
1.165000000000000000e+02 1.859820080000422482e-01 
1.166000000000000227e+02 1.799939809020409121e-01 
1.166999999999999318e+02 1.821495915158343470e-01 
1.167999999999999545e+02 1.819012857500413305e-01 
1.168999999999999773e+02 1.765340230670401078e-01 
1.170000000000000000e+02 1.782711741630405300e-01 
1.171000000000000227e+02 1.812300687690411860e-01 
1.171999999999999318e+02 1.764796134368394886e-01 
1.172999999999999545e+02 1.783122287020405261e-01 
1.173999999999999773e+02 1.798050310960408738e-01 
1.175000000000000000e+02 1.774960842520403315e-01 
1.176000000000000227e+02 1.771186792730402582e-01 
1.176999999999999318e+02 1.737972186778419248e-01 
1.177999999999999545e+02 1.774995466830403545e-01 
1.178999999999999773e+02 1.775307085620403680e-01 
1.180000000000000000e+02 1.770954315220402420e-01 
1.181000000000000227e+02 1.763089650520400786e-01 
1.181999999999999318e+02 1.792733006208369340e-01 
1.182999999999999545e+02 1.757633848530399667e-01 
1.183999999999999773e+02 1.731814005930393807e-01 
1.185000000000000000e+02 1.740376103160395926e-01 
1.186000000000000227e+02 1.793074302980407764e-01 
1.186999999999999318e+02 1.759691521808399439e-01 
1.187999999999999545e+02 1.738867472510395307e-01 
1.188999999999999773e+02 1.733070373750393856e-01 
1.190000000000000000e+02 1.751035444310398148e-01 
1.191000000000000227e+02 1.768604808470402023e-01 
1.191999999999999318e+02 1.769420952918391021e-01 
1.192999999999999545e+02 1.752237402500398389e-01 
1.193999999999999773e+02 1.771953473880402696e-01 
1.195000000000000000e+02 1.770890012930402546e-01 
1.196000000000000227e+02 1.756397266030399473e-01 
1.196999999999999318e+02 1.785100819018376472e-01 
1.197999999999999545e+02 1.777453792840404112e-01 
1.198999999999999773e+02 1.763831600020401014e-01 
1.200000000000000000e+02 1.761224884110400291e-01 
1.201000000000000227e+02 1.776820662600404055e-01 
1.201999999999999318e+02 1.726556057138429467e-01 
1.202999999999999545e+02 1.742631629640396251e-01 
1.203999999999999773e+02 1.718444075940390725e-01 
1.205000000000000000e+02 1.725957551210392515e-01 
1.206000000000000227e+02 1.728282326310393024e-01 
1.206999999999999318e+02 1.772146380748388095e-01 
1.207999999999999545e+02 1.731433138520393489e-01 
1.208999999999999773e+02 1.756476407310399168e-01 
1.210000000000000000e+02 1.764311394030401159e-01 
1.211000000000000227e+02 1.771889171590402823e-01 
1.211999999999999318e+02 1.754943045008403868e-01 
1.212999999999999545e+02 1.753236561160398665e-01 
1.213999999999999773e+02 1.757589331560399648e-01 
1.215000000000000000e+02 1.765785400370401270e-01 
1.216000000000000227e+02 1.748873898100397617e-01 
1.216999999999999318e+02 1.761116064848398111e-01 
1.217999999999999545e+02 1.747483979370397233e-01 
1.218999999999999773e+02 1.711662657510389096e-01 
1.220000000000000000e+02 1.733198978330393603e-01 
1.221000000000000227e+02 1.756708884820399608e-01 
1.221999999999999318e+02 1.753122795568405334e-01 
1.222999999999999545e+02 1.735642465350394348e-01 
1.223999999999999773e+02 1.754651211540398659e-01 
1.225000000000000000e+02 1.731141305050393764e-01 
1.226000000000000227e+02 1.717207493440390531e-01 
1.226999999999999318e+02 1.735236866288421553e-01 
1.227999999999999545e+02 1.737893045500395195e-01 
1.228999999999999773e+02 1.728588998770393126e-01 
1.230000000000000000e+02 1.746999239030397055e-01 
1.231000000000000227e+02 1.697382602800385776e-01 
1.231999999999999318e+02 1.736171722658420846e-01 
1.232999999999999545e+02 1.736606999700394671e-01 
1.233999999999999773e+02 1.740282122890395577e-01 
1.235000000000000000e+02 1.755076595920398719e-01 
1.236000000000000227e+02 1.746900312430397229e-01 
1.236999999999999318e+02 1.688879861528463922e-01 
1.237999999999999545e+02 1.711534052930389072e-01 
1.238999999999999773e+02 1.752321490110398117e-01 
1.240000000000000000e+02 1.707374189400387987e-01 
1.241000000000000227e+02 1.728544481800392829e-01 
1.241999999999999318e+02 1.708818517758445565e-01 
1.242999999999999545e+02 1.753360219410398657e-01 
1.243999999999999773e+02 1.723805897660391773e-01 
1.245000000000000000e+02 1.737146149670395212e-01 
1.246000000000000227e+02 1.710787157100389089e-01 
1.246999999999999318e+02 1.724691290728431192e-01 
1.247999999999999545e+02 1.700696643900386495e-01 
1.248999999999999773e+02 1.737215398290394841e-01 
1.250000000000000000e+02 1.723830629310391938e-01 
1.251000000000000227e+02 1.733070373750393856e-01 
1.251999999999999318e+02 1.697684328928455999e-01 
1.252999999999999545e+02 1.705187911540387846e-01 
1.253999999999999773e+02 1.719804316690390911e-01 
1.255000000000000000e+02 1.723588259140391710e-01 
1.256000000000000227e+02 1.710435967670388691e-01 
1.256999999999999318e+02 1.718909030958436501e-01 
1.257999999999999545e+02 1.707908393040388217e-01 
1.258999999999999773e+02 1.733119837050393908e-01 
1.260000000000000000e+02 1.719937867600390968e-01 
1.261000000000000227e+02 1.738318429880395255e-01 
1.261999999999999318e+02 1.732931876508423952e-01 
1.262999999999999545e+02 1.735434719490394628e-01 
1.263999999999999773e+02 1.708061729270388407e-01 
1.265000000000000000e+02 1.722425871590391455e-01 
1.266000000000000227e+02 1.687707581320383732e-01 
1.266999999999999318e+02 1.723810843988432262e-01 
1.267999999999999545e+02 1.692109815020384489e-01 
1.268999999999999773e+02 1.707191175190388155e-01 
1.270000000000000000e+02 1.708704752170388252e-01 
1.271000000000000227e+02 1.685061294770382745e-01 
1.271999999999999318e+02 1.698737897218454973e-01 
1.272999999999999545e+02 1.682815660950382486e-01 
1.273999999999999773e+02 1.673877642640380636e-01 
1.275000000000000000e+02 1.686446267170383095e-01 
1.276000000000000227e+02 1.719784531370391056e-01 
1.276999999999999318e+02 1.691224421948461787e-01 
1.277999999999999545e+02 1.698861555470386198e-01 
1.278999999999999773e+02 1.699949748070386513e-01 
1.280000000000000000e+02 1.680931109220381858e-01 
1.281000000000000227e+02 1.723197499070391603e-01 
1.281999999999999318e+02 1.689898805508463220e-01 
1.282999999999999545e+02 1.679353229950381887e-01 
1.283999999999999773e+02 1.700226742550386694e-01 
1.285000000000000000e+02 1.697629919300385759e-01 
1.286000000000000227e+02 1.674946049920380819e-01 
1.286999999999999318e+02 1.661952041008488423e-01 
1.287999999999999545e+02 1.684556769110382990e-01 
1.288999999999999773e+02 1.673838072000380650e-01 
1.290000000000000000e+02 1.679219679040381830e-01 
1.291000000000000227e+02 1.689567401400384195e-01 
1.291999999999999318e+02 1.681915428888470232e-01 
1.292999999999999545e+02 1.696546673030385477e-01 
1.293999999999999773e+02 1.666502664610378937e-01 
1.295000000000000000e+02 1.671058234540379883e-01 
1.296000000000000227e+02 1.674387114630380424e-01 
1.296999999999999318e+02 1.684175901698468092e-01 
1.297999999999999545e+02 1.679402693250381662e-01 
1.298999999999999773e+02 1.677270825020381051e-01 
1.300000000000000000e+02 1.679803345980381835e-01 
1.301000000000000227e+02 1.681232835350381927e-01 
1.301999999999999318e+02 1.671636955148479708e-01 
1.302999999999999545e+02 1.674327758670380861e-01 
1.303999999999999773e+02 1.697714006910386042e-01 
1.305000000000000000e+02 1.694098239680384976e-01 
1.306000000000000227e+02 1.675594019150380698e-01 
1.306999999999999318e+02 1.690823769218462169e-01 
1.307999999999999545e+02 1.652262180540375602e-01 
1.308999999999999773e+02 1.684339130590382927e-01 
1.310000000000000000e+02 1.665221565140378446e-01 
1.311000000000000227e+02 1.662812702430377931e-01 
1.311999999999999318e+02 1.662105377238488335e-01 
1.312999999999999545e+02 1.718221491090390629e-01 
1.313999999999999773e+02 1.686179165350383535e-01 
1.315000000000000000e+02 1.648681037620374767e-01 
1.316000000000000227e+02 1.698920911430386316e-01 
1.316999999999999318e+02 1.639020855128509313e-01 
1.317999999999999545e+02 1.674955942580380885e-01 
1.318999999999999773e+02 1.651119578310375202e-01 
1.320000000000000000e+02 1.682162745390382297e-01 
1.321000000000000227e+02 1.677483517210381359e-01 
1.321999999999999318e+02 1.647019070738502122e-01 
1.322999999999999545e+02 1.674669055440380638e-01 
1.323999999999999773e+02 1.641474234810373356e-01 
1.325000000000000000e+02 1.663534866610378304e-01 
1.326000000000000227e+02 1.653459192400375810e-01 
1.326999999999999318e+02 1.639624307388508895e-01 
1.327999999999999545e+02 1.675465414570380951e-01 
1.328999999999999773e+02 1.637383619900372178e-01 
1.330000000000000000e+02 1.649012441730374756e-01 
1.331000000000000227e+02 1.666472986630378739e-01 
1.331999999999999318e+02 1.655586114298494282e-01 
1.332999999999999545e+02 1.681999516500382041e-01 
1.333999999999999773e+02 1.655388261100376457e-01 
1.335000000000000000e+02 1.659617373250377448e-01 
1.336000000000000227e+02 1.629499169880370413e-01 
1.336999999999999318e+02 1.656654521578493078e-01 
1.337999999999999545e+02 1.642562427410373393e-01 
1.338999999999999773e+02 1.651253129220375537e-01 
1.340000000000000000e+02 1.608378340780365623e-01 
1.341000000000000227e+02 1.674026032540380793e-01 
1.341999999999999318e+02 1.659127686578490968e-01 
1.342999999999999545e+02 1.662619795560378033e-01 
1.343999999999999773e+02 1.642265647610373358e-01 
1.345000000000000000e+02 1.653622421290375788e-01 
1.346000000000000227e+02 1.656926569730376442e-01 
1.346999999999999318e+02 1.662896790038487504e-01 
1.347999999999999545e+02 1.634366358600371494e-01 
1.348999999999999773e+02 1.650679354940375043e-01 
1.350000000000000000e+02 1.622104406530368581e-01 
1.351000000000000227e+02 1.628440655260370018e-01 
1.351999999999999318e+02 1.657089798618492649e-01 
1.352999999999999545e+02 1.631260063360370494e-01 
1.353999999999999773e+02 1.646118838680374341e-01 
1.355000000000000000e+02 1.647676932630374458e-01 
1.356000000000000227e+02 1.626323626020369784e-01 
1.356999999999999318e+02 1.646657988648502491e-01 
1.357999999999999545e+02 1.642621783370373512e-01 
1.358999999999999773e+02 1.612666808890366732e-01 
1.360000000000000000e+02 1.640430559180372783e-01 
1.361000000000000227e+02 1.604930748770365123e-01 
1.361999999999999318e+02 1.623331096368523518e-01 
1.362999999999999545e+02 1.623563573880369149e-01 
1.363999999999999773e+02 1.613359295090366630e-01 
1.365000000000000000e+02 1.595235941970362670e-01 
1.366000000000000227e+02 1.606345399150365116e-01 
1.366999999999999318e+02 1.596319188238548015e-01 
1.367999999999999545e+02 1.622742483100368949e-01 
1.368999999999999773e+02 1.619403710350368064e-01 
1.370000000000000000e+02 1.626021899890369715e-01 
1.371000000000000227e+02 1.636285534640371797e-01 
1.371999999999999318e+02 1.608724583878537173e-01 
1.372999999999999545e+02 1.645629152010373852e-01 
1.373999999999999773e+02 1.605039568030364738e-01 
1.375000000000000000e+02 1.619730168130368297e-01 
1.376000000000000227e+02 1.612008947000366510e-01 
1.376999999999999318e+02 1.626175236118521106e-01 
1.377999999999999545e+02 1.608566301320365766e-01 
1.378999999999999773e+02 1.604960426750364766e-01 
1.380000000000000000e+02 1.626086202180369866e-01 
1.381000000000000227e+02 1.637546848790372434e-01 
1.381999999999999318e+02 1.620610614868525923e-01 
1.382999999999999545e+02 1.613972640010366832e-01 
1.383999999999999773e+02 1.561210137900355122e-01 
1.385000000000000000e+02 1.615382344060367070e-01 
1.386000000000000227e+02 1.605494630390364996e-01 
1.386999999999999318e+02 1.602551564038542375e-01 
1.387999999999999545e+02 1.610470638370365970e-01 
1.388999999999999773e+02 1.610539886990366154e-01 
1.390000000000000000e+02 1.612330458450366433e-01 
1.391000000000000227e+02 1.612315619460366611e-01 
1.391999999999999318e+02 1.600325715538544469e-01 
1.392999999999999545e+02 1.614922335370366779e-01 
1.393999999999999773e+02 1.629375511630370699e-01 
1.395000000000000000e+02 1.605276991870364933e-01 
1.396000000000000227e+02 1.597169957000362794e-01 
1.396999999999999318e+02 1.619255320448527435e-01 
1.397999999999999545e+02 1.574392107350357783e-01 
1.398999999999999773e+02 1.636681241040371937e-01 
1.400000000000000000e+02 1.616534838950367814e-01 
1.401000000000000227e+02 1.598985260110363515e-01 
1.401999999999999318e+02 1.619101984218527246e-01 
1.402999999999999545e+02 1.567882737070356303e-01 
1.403999999999999773e+02 1.590284665640361306e-01 
1.405000000000000000e+02 1.610356872780366044e-01 
1.406000000000000227e+02 1.569831591090356804e-01 
1.406999999999999318e+02 1.564816012468576989e-01 
1.407999999999999545e+02 1.589236043680361254e-01 
1.408999999999999773e+02 1.589681213380361169e-01 
1.410000000000000000e+02 1.589107439100360952e-01 
1.411000000000000227e+02 1.581059760190359209e-01 
1.411999999999999318e+02 1.593569028758550776e-01 
1.412999999999999545e+02 1.589656481730361282e-01 
1.413999999999999773e+02 1.572848852390357210e-01 
1.415000000000000000e+02 1.581292237700359371e-01 
1.416000000000000227e+02 1.559459137080354552e-01 
1.416999999999999318e+02 1.579442310278563188e-01 
1.417999999999999545e+02 1.567210036190356259e-01 
1.418999999999999773e+02 1.585991251200360441e-01 
1.420000000000000000e+02 1.604421276780364780e-01 
1.421000000000000227e+02 1.582949258250359870e-01 
1.421999999999999318e+02 1.581727514738561213e-01 
1.422999999999999545e+02 1.581831387670359634e-01 
1.423999999999999773e+02 1.572725194140357496e-01 
1.425000000000000000e+02 1.565300752810355744e-01 
1.426000000000000227e+02 1.576528921910358427e-01 
1.426999999999999318e+02 1.588667215728555016e-01 
1.427999999999999545e+02 1.591585550430361928e-01 
1.428999999999999773e+02 1.559246444890354522e-01 
1.430000000000000000e+02 1.581851172990359766e-01 
1.431000000000000227e+02 1.576533868240358183e-01 
1.431999999999999318e+02 1.586604596118556809e-01 
1.432999999999999545e+02 1.556150042310353865e-01 
1.433999999999999773e+02 1.546608571740351601e-01 
1.435000000000000000e+02 1.568896734720356678e-01 
1.436000000000000227e+02 1.572858745050357554e-01 
1.436999999999999318e+02 1.576988930598565430e-01 
1.437999999999999545e+02 1.585788451670360477e-01 
1.438999999999999773e+02 1.595324975910362431e-01 
1.440000000000000000e+02 1.560967767730354616e-01 
1.441000000000000227e+02 1.565097953280355780e-01 
1.441999999999999318e+02 1.591338233928552559e-01 
1.442999999999999545e+02 1.557901043130354157e-01 
1.443999999999999773e+02 1.565276021160355857e-01 
1.445000000000000000e+02 1.543393457240350708e-01 
1.446000000000000227e+02 1.571216563490357154e-01 
1.446999999999999318e+02 1.546890512548592944e-01 
1.447999999999999545e+02 1.579303813040358884e-01 
1.448999999999999773e+02 1.520249579170345755e-01 
1.450000000000000000e+02 1.558623207310354530e-01 
1.451000000000000227e+02 1.579378007990359101e-01 
1.451999999999999318e+02 1.541592993118598154e-01 
1.452999999999999545e+02 1.558707294920354258e-01 
1.453999999999999773e+02 1.557302537200353776e-01 
1.455000000000000000e+02 1.535998693890349431e-01 
1.456000000000000227e+02 1.563178777240355199e-01 
1.456999999999999318e+02 1.559953770078581214e-01 
1.457999999999999545e+02 1.505163272670342334e-01 
1.458999999999999773e+02 1.536790106690349433e-01 
1.460000000000000000e+02 1.567694776530356160e-01 
1.461000000000000227e+02 1.580703624430359056e-01 
1.461999999999999318e+02 1.550446923818589728e-01 
1.462999999999999545e+02 1.551802218240352638e-01 
1.463999999999999773e+02 1.523256947810346096e-01 
1.465000000000000000e+02 1.527144763190346755e-01 
1.466000000000000227e+02 1.543838626940350900e-01 
1.466999999999999318e+02 1.532862720668605738e-01 
1.467999999999999545e+02 1.560591846650354608e-01 
1.468999999999999773e+02 1.558103842660354121e-01 
1.470000000000000000e+02 1.529894922670347601e-01 
1.471000000000000227e+02 1.533006164240348357e-01 
1.471999999999999318e+02 1.540593834458598710e-01 
1.472999999999999545e+02 1.530978168940347883e-01 
1.473999999999999773e+02 1.524765578460346716e-01 
1.475000000000000000e+02 1.532244429420348275e-01 
1.476000000000000227e+02 1.524097823910346150e-01 
1.476999999999999318e+02 1.535598041158603155e-01 
1.477999999999999545e+02 1.540049738160350068e-01 
1.478999999999999773e+02 1.562580271310355651e-01 
1.480000000000000000e+02 1.509184638960343050e-01 
1.481000000000000227e+02 1.534762111390348960e-01 
1.481999999999999318e+02 1.546356308908593546e-01 
1.482999999999999545e+02 1.541513851840350113e-01 
1.483999999999999773e+02 1.508373440840342916e-01 
1.485000000000000000e+02 1.561625629620355116e-01 
1.486000000000000227e+02 1.529350826370347582e-01 
1.486999999999999318e+02 1.530701174458607705e-01 
1.487999999999999545e+02 1.519918175060345766e-01 
1.488999999999999773e+02 1.530814940050347905e-01 
1.490000000000000000e+02 1.521837351100345792e-01 
1.491000000000000227e+02 1.520457325030345475e-01 
1.491999999999999318e+02 1.525003002298612742e-01 
1.492999999999999545e+02 1.519482898020345640e-01 
1.493999999999999773e+02 1.543151087070351035e-01 
1.495000000000000000e+02 1.555877994160353994e-01 
1.496000000000000227e+02 1.528455540640347443e-01 
1.496999999999999318e+02 1.559286015528581759e-01 
1.497999999999999545e+02 1.499895431220340802e-01 
1.498999999999999773e+02 1.523232216160346209e-01 
1.500000000000000000e+02 1.551767593930352407e-01 
1.501000000000000227e+02 1.520160545230345439e-01 
1.501999999999999318e+02 1.514546460678622419e-01 
1.502999999999999545e+02 1.513408804780344008e-01 
1.503999999999999773e+02 1.511544038370343790e-01 
1.505000000000000000e+02 1.503461735150341816e-01 
1.506000000000000227e+02 1.486550232880337885e-01 
1.506999999999999318e+02 1.529395343338608992e-01 
1.507999999999999545e+02 1.513814403840344214e-01 
1.508999999999999773e+02 1.483251030770336987e-01 
1.510000000000000000e+02 1.516940484400344791e-01 
1.511000000000000227e+02 1.472903308410335177e-01 
1.511999999999999318e+02 1.521204220858616285e-01 
1.512999999999999545e+02 1.476128315570335581e-01 
1.513999999999999773e+02 1.535039105870349141e-01 
1.515000000000000000e+02 1.516163910590344610e-01 
1.516000000000000227e+02 1.517543936660344928e-01 
1.516999999999999318e+02 1.515189483578621987e-01 
1.517999999999999545e+02 1.501280403620341430e-01 
1.518999999999999773e+02 1.507458369790342922e-01 
1.520000000000000000e+02 1.515515941360344454e-01 
1.521000000000000227e+02 1.476019496310335688e-01 
1.521999999999999318e+02 1.508976893098627481e-01 
1.522999999999999545e+02 1.487079490190338082e-01 
1.523999999999999773e+02 1.496037293820340064e-01 
1.525000000000000000e+02 1.485002031590337557e-01 
1.526000000000000227e+02 1.492604540800339386e-01 
1.526999999999999318e+02 1.501418900858634553e-01 
1.527999999999999545e+02 1.525433333010346726e-01 
1.528999999999999773e+02 1.474525704650335167e-01 
1.530000000000000000e+02 1.477523180630335720e-01 
1.531000000000000227e+02 1.492001088540339249e-01 
1.531999999999999318e+02 1.480881738698653083e-01 
1.532999999999999545e+02 1.493658109090339470e-01 
1.533999999999999773e+02 1.478349217740335952e-01 
1.535000000000000000e+02 1.487030026890338030e-01 
1.536000000000000227e+02 1.493247563700339231e-01 
1.536999999999999318e+02 1.480258501118653647e-01 
1.537999999999999545e+02 1.455784060280330972e-01 
1.538999999999999773e+02 1.501260618300341299e-01 
1.540000000000000000e+02 1.475851321090335677e-01 
1.541000000000000227e+02 1.470004759030334174e-01 
1.541999999999999318e+02 1.477800175108655856e-01 
1.542999999999999545e+02 1.483918785320337275e-01 
1.543999999999999773e+02 1.490611169810338588e-01 
1.545000000000000000e+02 1.495542660820339820e-01 
1.546000000000000227e+02 1.473610633600334896e-01 
1.546999999999999318e+02 1.450723964688680478e-01 
1.547999999999999545e+02 1.472878576760335012e-01 
1.548999999999999773e+02 1.470573586980334357e-01 
1.550000000000000000e+02 1.472557065310334812e-01 
1.551000000000000227e+02 1.478997186970336386e-01 
1.551999999999999318e+02 1.506662010658629536e-01 
1.552999999999999545e+02 1.460121991690332133e-01 
1.553999999999999773e+02 1.490032449200338616e-01 
1.555000000000000000e+02 1.484546969230337576e-01 
1.556000000000000227e+02 1.475811750450335691e-01 
1.556999999999999318e+02 1.486278184728648255e-01 
1.557999999999999545e+02 1.466947927090333781e-01 
1.558999999999999773e+02 1.473566116630335154e-01 
1.560000000000000000e+02 1.471429302070334511e-01 
1.561000000000000227e+02 1.470059168660333981e-01 
1.561999999999999318e+02 1.477622107228656056e-01 
1.562999999999999545e+02 1.482672310160337015e-01 
1.563999999999999773e+02 1.473160517570334949e-01 
1.565000000000000000e+02 1.454601887410330585e-01 
1.566000000000000227e+02 1.447513796520329132e-01 
1.566999999999999318e+02 1.458890355518673021e-01 
1.567999999999999545e+02 1.452133668740329953e-01 
1.568999999999999773e+02 1.459572949060331803e-01 
1.570000000000000000e+02 1.455640616710331126e-01 
1.571000000000000227e+02 1.458682609660331697e-01 
1.571999999999999318e+02 1.501166638028634537e-01 
1.572999999999999545e+02 1.453518641140330303e-01 
1.573999999999999773e+02 1.456521063450331166e-01 
1.575000000000000000e+02 1.450377721590329627e-01 
1.576000000000000227e+02 1.465553062030333087e-01 
1.576999999999999318e+02 1.453019061808678569e-01 
1.577999999999999545e+02 1.439604614850327202e-01 
1.578999999999999773e+02 1.454151771380330638e-01 
1.580000000000000000e+02 1.439367191010327007e-01 
1.581000000000000227e+02 1.455843416240330812e-01 
1.581999999999999318e+02 1.431957588668697490e-01 
1.582999999999999545e+02 1.488162736460338365e-01 
1.583999999999999773e+02 1.448824573970329543e-01 
1.585000000000000000e+02 1.425903280750324409e-01 
1.586000000000000227e+02 1.442602090830328032e-01 
1.586999999999999318e+02 1.466314796848666169e-01 
1.587999999999999545e+02 1.447345621300328844e-01 
1.588999999999999773e+02 1.425908227080324164e-01 
1.590000000000000000e+02 1.462154933320332362e-01 
1.591000000000000227e+02 1.470103685630334001e-01 
1.591999999999999318e+02 1.424587556968704150e-01 
1.592999999999999545e+02 1.440534524890327295e-01 
1.593999999999999773e+02 1.478655890200336054e-01 
1.595000000000000000e+02 1.426279201830324417e-01 
1.596000000000000227e+02 1.414734467610321567e-01 
1.596999999999999318e+02 1.439787629058690566e-01 
1.597999999999999545e+02 1.409080812420320239e-01 
1.598999999999999773e+02 1.417618178000322193e-01 
1.600000000000000000e+02 1.439644185490327188e-01 
1.601000000000000227e+02 1.433263419790325732e-01 
1.601999999999999318e+02 1.440722485428689581e-01 
1.602999999999999545e+02 1.422806878170323475e-01 
1.603999999999999773e+02 1.458341312890331365e-01 
1.605000000000000000e+02 1.442621876150328164e-01 
1.606000000000000227e+02 1.409115436730320192e-01 
1.606999999999999318e+02 1.428861186088700441e-01 
1.607999999999999545e+02 1.404282872320319342e-01 
1.608999999999999773e+02 1.409773298620320414e-01 
1.610000000000000000e+02 1.447632508440329091e-01 
1.611000000000000227e+02 1.419784670540322757e-01 
1.611999999999999318e+02 1.399133742788727652e-01 
1.612999999999999545e+02 1.406770876310319829e-01 
1.613999999999999773e+02 1.421367496140323039e-01 
1.615000000000000000e+02 1.382385469410314371e-01 
1.616000000000000227e+02 1.386288123780315407e-01 
1.616999999999999318e+02 1.412607545708715051e-01 
1.617999999999999545e+02 1.418508517400322300e-01 
1.618999999999999773e+02 1.412018932440320951e-01 
1.620000000000000000e+02 1.398762768040318072e-01 
1.621000000000000227e+02 1.391526287250316463e-01 
1.621999999999999318e+02 1.410089863738717142e-01 
1.622999999999999545e+02 1.416060084050321799e-01 
1.623999999999999773e+02 1.414462419460321418e-01 
1.625000000000000000e+02 1.456896984530331174e-01 
1.626000000000000227e+02 1.384289806460314576e-01 
1.626999999999999318e+02 1.407280348298720063e-01 
1.627999999999999545e+02 1.392837064700316874e-01 
1.628999999999999773e+02 1.412063449410320970e-01 
1.630000000000000000e+02 1.404287818650319097e-01 
1.631000000000000227e+02 1.394820543030317050e-01 
1.631999999999999318e+02 1.387786861768737778e-01 
1.632999999999999545e+02 1.375228129900312457e-01 
1.633999999999999773e+02 1.394004398580316884e-01 
1.635000000000000000e+02 1.417534090390322188e-01 
1.636000000000000227e+02 1.427540515980324498e-01 
1.636999999999999318e+02 1.411583655398715997e-01 
1.637999999999999545e+02 1.408076707430320207e-01 
1.638999999999999773e+02 1.415407168490321888e-01 
1.640000000000000000e+02 1.407295187290319716e-01 
1.641000000000000227e+02 1.379714451210313775e-01 
1.641999999999999318e+02 1.398243403388728101e-01 
1.642999999999999545e+02 1.404643954410319251e-01 
1.643999999999999773e+02 1.382929565710314390e-01 
1.645000000000000000e+02 1.375999757380312605e-01 
1.646000000000000227e+02 1.410668584350320831e-01 
1.646999999999999318e+02 1.386624474218738912e-01 
1.647999999999999545e+02 1.388998712620315712e-01 
1.648999999999999773e+02 1.385269179800314998e-01 
1.650000000000000000e+02 1.388919571340315462e-01 
1.651000000000000227e+02 1.356946494220308552e-01 
1.651999999999999318e+02 1.374936296428749261e-01 
1.652999999999999545e+02 1.390279812090316203e-01 
1.653999999999999773e+02 1.402497247190318819e-01 
1.655000000000000000e+02 1.387821486080315636e-01 
1.656000000000000227e+02 1.369327158210311146e-01 
1.656999999999999318e+02 1.416005674418711890e-01 
1.657999999999999545e+02 1.406582915770319686e-01 
1.658999999999999773e+02 1.368931451810311284e-01 
1.660000000000000000e+02 1.388454616320315693e-01 
1.661000000000000227e+02 1.367220021630310700e-01 
1.661999999999999318e+02 1.336923750378783970e-01 
1.662999999999999545e+02 1.400325808320318222e-01 
1.663999999999999773e+02 1.376909882100312843e-01 
1.665000000000000000e+02 1.357525214830308524e-01 
1.666000000000000227e+02 1.381697929540313952e-01 
1.666999999999999318e+02 1.396670470448729828e-01 
1.667999999999999545e+02 1.362506169140309809e-01 
1.668999999999999773e+02 1.381450613040313968e-01 
1.670000000000000000e+02 1.337368920080304058e-01 
1.671000000000000227e+02 1.354982801210308230e-01 
1.671999999999999318e+02 1.372685716278751467e-01 
1.672999999999999545e+02 1.374891779460312435e-01 
1.673999999999999773e+02 1.361294318290309502e-01 
1.675000000000000000e+02 1.356738748360308555e-01 
1.676000000000000227e+02 1.385541227950314869e-01 
1.676999999999999318e+02 1.335266729828785415e-01 
1.677999999999999545e+02 1.398846855650318077e-01 
1.678999999999999773e+02 1.347128029170306385e-01 
1.680000000000000000e+02 1.361225069670309318e-01 
1.681000000000000227e+02 1.346262421420306166e-01 
1.681999999999999318e+02 1.327070661018793230e-01 
1.682999999999999545e+02 1.386565118260315033e-01 
1.683999999999999773e+02 1.356511217180308426e-01 
1.685000000000000000e+02 1.348691069450306534e-01 
1.686000000000000227e+02 1.357911028570308598e-01 
1.686999999999999318e+02 1.339199062178781929e-01 
1.687999999999999545e+02 1.359226752350309042e-01 
1.688999999999999773e+02 1.342186645500305087e-01 
1.690000000000000000e+02 1.361101411420309604e-01 
1.691000000000000227e+02 1.388751396120315729e-01 
1.691999999999999318e+02 1.361007431148762159e-01 
1.692999999999999545e+02 1.349250004740306930e-01 
1.693999999999999773e+02 1.370148248990311624e-01 
1.695000000000000000e+02 1.372245492910312004e-01 
1.696000000000000227e+02 1.351396711960307084e-01 
1.696999999999999318e+02 1.361507010478761603e-01 
1.697999999999999545e+02 1.353182337090307608e-01 
1.698999999999999773e+02 1.345055516900305614e-01 
1.700000000000000000e+02 1.359760955990308995e-01 
1.701000000000000227e+02 1.338778624130304296e-01 
1.701999999999999318e+02 1.312127798088806585e-01 
1.702999999999999545e+02 1.365478913470310474e-01 
1.703999999999999773e+02 1.343982163290305398e-01 
1.705000000000000000e+02 1.337185905870303948e-01 
1.706000000000000227e+02 1.327822503180301761e-01 
1.706999999999999318e+02 1.339288096118781968e-01 
1.707999999999999545e+02 1.344358084370305684e-01 
1.708999999999999773e+02 1.330444058080302583e-01 
1.710000000000000000e+02 1.330686428250302533e-01 
1.711000000000000227e+02 1.369233177940311352e-01 
1.711999999999999318e+02 1.372453238768751582e-01 
1.712999999999999545e+02 1.330854603470302544e-01 
1.713999999999999773e+02 1.342503210620305254e-01 
1.715000000000000000e+02 1.333629494600303278e-01 
1.716000000000000227e+02 1.328119282980302074e-01 
1.716999999999999318e+02 1.350560782188771625e-01 
1.717999999999999545e+02 1.346395972330306223e-01 
1.718999999999999773e+02 1.330330292490302380e-01 
1.720000000000000000e+02 1.341701905160305186e-01 
1.721000000000000227e+02 1.306835224990297029e-01 
1.721999999999999318e+02 1.355601092458767198e-01 
1.722999999999999545e+02 1.343156126180305165e-01 
1.723999999999999773e+02 1.325418586800301279e-01 
1.725000000000000000e+02 1.326556242700301369e-01 
1.726000000000000227e+02 1.352549206850307273e-01 
1.726999999999999318e+02 1.345362189358776106e-01 
1.727999999999999545e+02 1.280194291610290969e-01 
1.728999999999999773e+02 1.322628856680300724e-01 
1.730000000000000000e+02 1.340222952490304764e-01 
1.731000000000000227e+02 1.333881757430303572e-01 
1.731999999999999318e+02 1.305242506728812868e-01 
1.732999999999999545e+02 1.302160943140296123e-01 
1.733999999999999773e+02 1.301498134920295868e-01 
1.735000000000000000e+02 1.311821125630298068e-01 
1.736000000000000227e+02 1.316356910240299438e-01 
1.736999999999999318e+02 1.302215352768815726e-01 
1.737999999999999545e+02 1.315847438250299095e-01 
1.738999999999999773e+02 1.341182540510305055e-01 
1.740000000000000000e+02 1.310455938550297850e-01 
1.741000000000000227e+02 1.294558433930294294e-01 
1.741999999999999318e+02 1.335899860068784917e-01 
1.742999999999999545e+02 1.316668529030299295e-01 
1.743999999999999773e+02 1.289765440160293153e-01 
1.745000000000000000e+02 1.290685457540293735e-01 
1.746000000000000227e+02 1.310277870670297773e-01 
1.746999999999999318e+02 1.314660319048804316e-01 
1.747999999999999545e+02 1.304322489350296377e-01 
1.748999999999999773e+02 1.325868702830301227e-01 
1.750000000000000000e+02 1.301883948660295942e-01 
1.751000000000000227e+02 1.298921096990295343e-01 
1.751999999999999318e+02 1.318498671128800759e-01 
1.752999999999999545e+02 1.296165991180294741e-01 
1.753999999999999773e+02 1.265365194270287597e-01 
1.755000000000000000e+02 1.280980758080291493e-01 
1.756000000000000227e+02 1.286995495360292452e-01 
1.756999999999999318e+02 1.295997815958821187e-01 
1.757999999999999545e+02 1.274120198370289891e-01 
1.758999999999999773e+02 1.281876043810291355e-01 
1.760000000000000000e+02 1.264875507600287385e-01 
1.761000000000000227e+02 1.297249237450295023e-01 
1.761999999999999318e+02 1.294345741738822941e-01 
1.762999999999999545e+02 1.281564425020291220e-01 
1.763999999999999773e+02 1.292169356540293634e-01 
1.765000000000000000e+02 1.300226928110295443e-01 
1.766000000000000227e+02 1.296106635220294900e-01 
1.766999999999999318e+02 1.289889098408826540e-01 
1.767999999999999545e+02 1.305613481480296656e-01 
1.768999999999999773e+02 1.318246408300299544e-01 
1.770000000000000000e+02 1.278072316040290701e-01 
1.771000000000000227e+02 1.284873519790292185e-01 
1.771999999999999318e+02 1.292827218428824476e-01 
1.772999999999999545e+02 1.268797947290288552e-01 
1.773999999999999773e+02 1.291086110270293352e-01 
1.775000000000000000e+02 1.282533905700291577e-01 
1.776000000000000227e+02 1.317267034960299676e-01 
1.776999999999999318e+02 1.270281846288844607e-01 
1.777999999999999545e+02 1.278359203180290393e-01 
1.778999999999999773e+02 1.273032005770289576e-01 
1.780000000000000000e+02 1.257525261220285850e-01 
1.781000000000000227e+02 1.287059797650292603e-01 
1.781999999999999318e+02 1.281223128248834553e-01 
1.782999999999999545e+02 1.283424245100291683e-01 
1.783999999999999773e+02 1.260606824810286408e-01 
1.785000000000000000e+02 1.290749759830293331e-01 
1.786000000000000227e+02 1.263114614120287305e-01 
1.786999999999999318e+02 1.270870459558844090e-01 
1.787999999999999545e+02 1.318701470660299802e-01 
1.788999999999999773e+02 1.261645554110286949e-01 
1.790000000000000000e+02 1.282345945160291434e-01 
1.791000000000000227e+02 1.272591782400289417e-01 
1.791999999999999318e+02 1.247429801688865469e-01 
1.792999999999999545e+02 1.290428248380293408e-01 
1.793999999999999773e+02 1.266794683640287966e-01 
1.795000000000000000e+02 1.291130627240293371e-01 
1.796000000000000227e+02 1.258613453820286165e-01 
1.796999999999999318e+02 1.255398339318858081e-01 
1.797999999999999545e+02 1.280357520500290947e-01 
1.798999999999999773e+02 1.260201225750286480e-01 
1.800000000000000000e+02 1.244966529350282902e-01 
1.801000000000000227e+02 1.234599021670280683e-01 
1.801999999999999318e+02 1.264875507598849369e-01 
1.802999999999999545e+02 1.244595554600283066e-01 
1.803999999999999773e+02 1.262006636200286858e-01 
1.805000000000000000e+02 1.270138402720288884e-01 
1.806000000000000227e+02 1.248631759880283743e-01 
1.806999999999999318e+02 1.240376335108871741e-01 
1.807999999999999545e+02 1.290626101580293339e-01 
1.808999999999999773e+02 1.216960408890276624e-01 
1.810000000000000000e+02 1.234984835410280896e-01 
1.811000000000000227e+02 1.221728671010277739e-01 
1.811999999999999318e+02 1.247652386538865288e-01 
1.812999999999999545e+02 1.234391275810280686e-01 
1.813999999999999773e+02 1.245772781140283142e-01 
1.815000000000000000e+02 1.235059030360280835e-01 
1.816000000000000227e+02 1.228821708230279225e-01 
1.816999999999999318e+02 1.282237125898833541e-01 
1.817999999999999545e+02 1.232571026370280348e-01 
1.818999999999999773e+02 1.287638518260292853e-01 
1.820000000000000000e+02 1.224102909410278300e-01 
1.821000000000000227e+02 1.258094089170286034e-01 
1.821999999999999318e+02 1.244625232578867868e-01 
1.822999999999999545e+02 1.239322766820281918e-01 
1.823999999999999773e+02 1.265389925920287761e-01 
1.825000000000000000e+02 1.245466108680283041e-01 
1.826000000000000227e+02 1.262986009540287002e-01 
1.826999999999999318e+02 1.266779844648847908e-01 
1.827999999999999545e+02 1.206029019590273976e-01 
1.828999999999999773e+02 1.251713323470284578e-01 
1.830000000000000000e+02 1.221768241650277448e-01 
1.831000000000000227e+02 1.233397063480280442e-01 
1.831999999999999318e+02 1.219661105068890611e-01 
1.832999999999999545e+02 1.226170475350278621e-01 
1.833999999999999773e+02 1.235761409220280799e-01 
1.835000000000000000e+02 1.226665108350278727e-01 
1.836000000000000227e+02 1.226541450100278874e-01 
1.836999999999999318e+02 1.235924638108875928e-01 
1.837999999999999545e+02 1.223979251160278447e-01 
1.838999999999999773e+02 1.213220983410275566e-01 
1.840000000000000000e+02 1.228609016040279472e-01 
1.841000000000000227e+02 1.209427148300274979e-01 
1.841999999999999318e+02 1.199880731398908634e-01 
1.842999999999999545e+02 1.214858218640276349e-01 
1.843999999999999773e+02 1.223445047520278217e-01 
1.845000000000000000e+02 1.248503155300283857e-01 
1.846000000000000227e+02 1.214368531970275999e-01 
1.846999999999999318e+02 1.223662686038887032e-01 
1.847999999999999545e+02 1.221461569190277485e-01 
1.848999999999999773e+02 1.194246861530271764e-01 
1.850000000000000000e+02 1.245767834810283248e-01 
1.851000000000000227e+02 1.224775610290278621e-01 
1.851999999999999318e+02 1.217291812998892719e-01 
1.852999999999999545e+02 1.237274986200281451e-01 
1.853999999999999773e+02 1.214863164970276244e-01 
1.855000000000000000e+02 1.227718676640278950e-01 
1.856000000000000227e+02 1.224162265370278280e-01 
1.856999999999999318e+02 1.193514804688914632e-01 
1.857999999999999545e+02 1.220778975650277653e-01 
1.858999999999999773e+02 1.237067240340281177e-01 
1.860000000000000000e+02 1.209437040960274906e-01 
1.861000000000000227e+02 1.200949138680273143e-01 
1.861999999999999318e+02 1.217984299198892062e-01 
1.862999999999999545e+02 1.213102271490275746e-01 
1.863999999999999773e+02 1.199851053420272762e-01 
1.865000000000000000e+02 1.199544380960272799e-01 
1.866000000000000227e+02 1.208309277720274744e-01 
1.866999999999999318e+02 1.205910307668903308e-01 
1.867999999999999545e+02 1.206320853060274395e-01 
1.868999999999999773e+02 1.198238549840272144e-01 
1.870000000000000000e+02 1.192545324010271246e-01 
1.871000000000000227e+02 1.213468299910275688e-01 
1.871999999999999318e+02 1.215006608538895111e-01 
1.872999999999999545e+02 1.188598152670270192e-01 
1.873999999999999773e+02 1.218859799610277211e-01 
1.875000000000000000e+02 1.180921448510268562e-01 
1.876000000000000227e+02 1.227456521150279006e-01 
1.876999999999999318e+02 1.214784023688895293e-01 
1.877999999999999545e+02 1.196403461410271984e-01 
1.878999999999999773e+02 1.198797485130272678e-01 
1.880000000000000000e+02 1.215298442010276370e-01 
1.881000000000000227e+02 1.173511846170266770e-01 
1.881999999999999318e+02 1.182227279628924738e-01 
1.882999999999999545e+02 1.202433037680273320e-01 
1.883999999999999773e+02 1.182158031010268756e-01 
1.885000000000000000e+02 1.187974915090270062e-01 
1.886000000000000227e+02 1.200706768510272915e-01 
1.886999999999999318e+02 1.211712352758897993e-01 
1.887999999999999545e+02 1.166230848410265142e-01 
1.888999999999999773e+02 1.221624798080277602e-01 
1.890000000000000000e+02 1.181613934710268599e-01 
1.891000000000000227e+02 1.199762019480272723e-01 
1.891999999999999318e+02 1.207339797038901874e-01 
1.892999999999999545e+02 1.160765153760263818e-01 
1.893999999999999773e+02 1.183117619030269185e-01 
1.895000000000000000e+02 1.203892205030273610e-01 
1.896000000000000227e+02 1.180753273290268551e-01 
1.896999999999999318e+02 1.185432501468921818e-01 
1.897999999999999545e+02 1.196081949960272062e-01 
1.898999999999999773e+02 1.185125829010269249e-01 
1.900000000000000000e+02 1.162016575250264250e-01 
1.901000000000000227e+02 1.177335359260267694e-01 
1.901999999999999318e+02 1.144783561528958937e-01 
1.902999999999999545e+02 1.175124349750266972e-01 
1.903999999999999773e+02 1.172359351280266582e-01 
1.905000000000000000e+02 1.177231486330267696e-01 
1.906000000000000227e+02 1.170192858740266018e-01 
1.906999999999999318e+02 1.171785576998934097e-01 
1.907999999999999545e+02 1.192035852020270903e-01 
1.908999999999999773e+02 1.167902707950265462e-01 
1.910000000000000000e+02 1.133273451620257499e-01 
1.911000000000000227e+02 1.151381965750261777e-01 
1.911999999999999318e+02 1.183503432768923391e-01 
1.912999999999999545e+02 1.172542365490266691e-01 
1.913999999999999773e+02 1.142636854310259686e-01 
1.915000000000000000e+02 1.169678440420265919e-01 
1.916000000000000227e+02 1.140648429650259338e-01 
1.916999999999999318e+02 1.153261571148951059e-01 
1.917999999999999545e+02 1.147973944380260847e-01 
1.918999999999999773e+02 1.170395658270266259e-01 
1.920000000000000000e+02 1.184037636410269073e-01 
1.921000000000000227e+02 1.150011832340261386e-01 
1.921999999999999318e+02 1.170375872948935525e-01 
1.922999999999999545e+02 1.140871014500259434e-01 
1.923999999999999773e+02 1.171622348110266248e-01 
1.925000000000000000e+02 1.165469113590264921e-01 
1.926000000000000227e+02 1.147296297170260770e-01 
1.926999999999999318e+02 1.167477323568938269e-01 
1.927999999999999545e+02 1.139055711390258852e-01 
1.928999999999999773e+02 1.160468373960263783e-01 
1.930000000000000000e+02 1.145896485780260599e-01 
1.931000000000000227e+02 1.171572884810266335e-01 
1.931999999999999318e+02 1.130696413688971613e-01 
1.932999999999999545e+02 1.142349967170259856e-01 
1.933999999999999773e+02 1.162041306900264276e-01 
1.935000000000000000e+02 1.173942176880267002e-01 
1.936000000000000227e+02 1.152074451950261813e-01 
1.936999999999999318e+02 1.128732720678973511e-01 
1.937999999999999545e+02 1.155373654060262711e-01 
1.938999999999999773e+02 1.133431734180257722e-01 
1.940000000000000000e+02 1.148315241150261040e-01 
1.941000000000000227e+02 1.156822928750262935e-01 
1.941999999999999318e+02 1.150170114898953627e-01 
1.942999999999999545e+02 1.177078150100267506e-01 
1.943999999999999773e+02 1.155635809550262655e-01 
1.945000000000000000e+02 1.145387013790260533e-01 
1.946000000000000227e+02 1.130721145340257139e-01 
1.946999999999999318e+02 1.131873640228970579e-01 
1.947999999999999545e+02 1.138348386200258855e-01 
1.948999999999999773e+02 1.128233141350256374e-01 
1.950000000000000000e+02 1.114264705430253327e-01 
1.951000000000000227e+02 1.107325004440251892e-01 
1.951999999999999318e+02 1.147998676028955806e-01 
1.952999999999999545e+02 1.137339334880258512e-01 
1.953999999999999773e+02 1.135637797360257994e-01 
1.955000000000000000e+02 1.131482880160257221e-01 
1.956000000000000227e+02 1.120289335370254630e-01 
1.956999999999999318e+02 1.131374060898971134e-01 
1.957999999999999545e+02 1.123672625090255395e-01 
1.958999999999999773e+02 1.152781777140262087e-01 
1.960000000000000000e+02 1.154498153650262565e-01 
1.961000000000000227e+02 1.129860483920257092e-01 
1.961999999999999318e+02 1.129998981158972376e-01 
1.962999999999999545e+02 1.137339334880258512e-01 
1.963999999999999773e+02 1.130127585740256790e-01 
1.965000000000000000e+02 1.127496138180256458e-01 
1.966000000000000227e+02 1.129811020620256901e-01 
1.966999999999999318e+02 1.118360266668982778e-01 
1.967999999999999545e+02 1.119868897320254603e-01 
1.968999999999999773e+02 1.137289871580258599e-01 
1.970000000000000000e+02 1.125191148400255803e-01 
1.971000000000000227e+02 1.132912369530257590e-01 
1.971999999999999318e+02 1.133090437408969253e-01 
1.972999999999999545e+02 1.124904261260255695e-01 
1.973999999999999773e+02 1.106088421940251421e-01 
1.975000000000000000e+02 1.102823844140250753e-01 
1.976000000000000227e+02 1.115169883820253394e-01 
1.976999999999999318e+02 1.107443716358992858e-01 
1.977999999999999545e+02 1.122480559560255220e-01 
1.978999999999999773e+02 1.105534432980251336e-01 
1.980000000000000000e+02 1.104149460580250847e-01 
1.981000000000000227e+02 1.094791004220249109e-01 
1.981999999999999318e+02 1.103827949128996094e-01 
1.982999999999999545e+02 1.117672726800253979e-01 
1.983999999999999773e+02 1.091551158070248190e-01 
1.985000000000000000e+02 1.095617041330249203e-01 
1.986000000000000227e+02 1.104906249070251034e-01 
1.986999999999999318e+02 1.086317940929012044e-01 
1.987999999999999545e+02 1.074466534250244354e-01 
1.988999999999999773e+02 1.102645776260250676e-01 
1.990000000000000000e+02 1.124444252570255542e-01 
1.991000000000000227e+02 1.107176614540251736e-01 
1.991999999999999318e+02 1.115343005368985563e-01 
1.992999999999999545e+02 1.121916677940255069e-01 
1.993999999999999773e+02 1.109996022640252489e-01 
1.995000000000000000e+02 1.096393615140249245e-01 
1.996000000000000227e+02 1.092303000230248067e-01 
1.996999999999999318e+02 1.074382446639022826e-01 
1.997999999999999545e+02 1.068793093740242894e-01 
1.998999999999999773e+02 1.083117665420246234e-01 
2.000000000000000000e+02 1.105514647660251482e-01 
2.001000000000000227e+02 1.075841613990244638e-01 
2.001999999999999318e+02 1.091036739749007556e-01 
2.002999999999999545e+02 1.098579893000249663e-01 
2.003999999999999773e+02 1.089236275630247747e-01 
2.005000000000000000e+02 1.067591135550242654e-01 
2.006000000000000227e+02 1.062936639020241603e-01 
2.006999999999999318e+02 1.094054001049004771e-01 
2.007999999999999545e+02 1.061596183590241271e-01 
2.008999999999999773e+02 1.080876977930245869e-01 
2.010000000000000000e+02 1.091842991540248053e-01 
2.011000000000000227e+02 1.079101245460245273e-01 
2.011999999999999318e+02 1.066873917699029672e-01 
2.012999999999999545e+02 1.072710587100243751e-01 
2.013999999999999773e+02 1.096299634870249035e-01 
2.015000000000000000e+02 1.095419188130248994e-01 
2.016000000000000227e+02 1.086708701000246996e-01 
2.016999999999999318e+02 1.070450114289026311e-01 
2.017999999999999545e+02 1.064870654050242005e-01 
2.018999999999999773e+02 1.080506003180245755e-01 
2.020000000000000000e+02 1.056699316890240131e-01 
2.021000000000000227e+02 1.080664285740245700e-01 
2.021999999999999318e+02 1.085205016679012813e-01 
2.022999999999999545e+02 1.099470232400250047e-01 
2.023999999999999773e+02 1.072176383460243798e-01 
2.025000000000000000e+02 1.047078705040238172e-01 
2.026000000000000227e+02 1.074426963610244368e-01 
2.026999999999999318e+02 1.083661761719014321e-01 
2.027999999999999545e+02 1.072136812820243673e-01 
2.028999999999999773e+02 1.085942019850246743e-01 
2.030000000000000000e+02 1.062610181240241647e-01 
2.031000000000000227e+02 1.071508628910243649e-01 
2.031999999999999318e+02 1.067769203429028702e-01 
2.032999999999999545e+02 1.058346444780240841e-01 
2.033999999999999773e+02 1.066201216820242409e-01 
2.035000000000000000e+02 1.068981054280243176e-01 
2.036000000000000227e+02 1.054809818830239748e-01 
2.036999999999999318e+02 1.054156903269041212e-01 
2.037999999999999545e+02 1.048147112320238356e-01 
2.038999999999999773e+02 1.067868130030242696e-01 
2.040000000000000000e+02 1.045387060180237582e-01 
2.041000000000000227e+02 1.088642716030247537e-01 
2.041999999999999318e+02 1.040737509979053205e-01 
2.042999999999999545e+02 1.056348127460240149e-01 
2.043999999999999773e+02 1.054582287650239619e-01 
2.045000000000000000e+02 1.042666578680237210e-01 
2.046000000000000227e+02 1.045228777620237498e-01 
2.046999999999999318e+02 1.053489148719041757e-01 
2.047999999999999545e+02 1.061131228570241225e-01 
2.048999999999999773e+02 1.057139540260240290e-01 
2.050000000000000000e+02 1.042829807570237188e-01 
2.051000000000000227e+02 1.005252538560228448e-01 
2.051999999999999318e+02 1.047682157299047179e-01 
2.052999999999999545e+02 1.057950738380240563e-01 
2.053999999999999773e+02 1.052608701980239370e-01 
2.055000000000000000e+02 1.046460413790237659e-01 
2.056000000000000227e+02 1.029994081220234337e-01 
2.056999999999999318e+02 1.034970089199058751e-01 
2.057999999999999545e+02 1.041721829650236741e-01 
2.058999999999999773e+02 1.014962184350230723e-01 
2.060000000000000000e+02 1.025834217690233252e-01 
2.061000000000000227e+02 1.049324338860238570e-01 
2.061999999999999318e+02 1.030454089909062648e-01 
2.062999999999999545e+02 1.047781083900238136e-01 
2.063999999999999773e+02 1.039753190310236386e-01 
2.065000000000000000e+02 1.029598374820233919e-01 
2.066000000000000227e+02 1.032531548510234737e-01 
2.066999999999999318e+02 1.058484942019037311e-01 
2.067999999999999545e+02 1.026338743350233285e-01 
2.068999999999999773e+02 1.067912647000242993e-01 
2.070000000000000000e+02 1.042829807570237188e-01 
2.071000000000000227e+02 1.022292645410232403e-01 
2.071999999999999318e+02 1.047321075209047270e-01 
2.072999999999999545e+02 1.029296648690233990e-01 
2.073999999999999773e+02 1.034178676400235308e-01 
2.075000000000000000e+02 1.009496489700229538e-01 
2.076000000000000227e+02 1.010109834620229602e-01 
2.076999999999999318e+02 1.057228574199038512e-01 
2.077999999999999545e+02 1.048948417780238701e-01 
2.078999999999999773e+02 1.004104990000228015e-01 
2.080000000000000000e+02 1.029558804180233933e-01 
2.081000000000000227e+02 1.036345168940235595e-01 
2.081999999999999318e+02 1.053761196869041489e-01 
2.082999999999999545e+02 1.032417782920234811e-01 
2.083999999999999773e+02 1.011643196920230109e-01 
2.085000000000000000e+02 1.049250143910238631e-01 
2.086000000000000227e+02 1.020877995030232133e-01 
2.086999999999999318e+02 1.025680881459067190e-01 
2.087999999999999545e+02 1.029875369300234100e-01 
2.088999999999999773e+02 1.033956091550235212e-01 
2.090000000000000000e+02 1.034569436470235276e-01 
2.091000000000000227e+02 1.027461560260233692e-01 
2.091999999999999318e+02 1.037156367059056811e-01 
2.092999999999999545e+02 1.006014273380228530e-01 
2.093999999999999773e+02 1.035261922670235313e-01 
2.095000000000000000e+02 1.015946504020230901e-01 
2.096000000000000227e+02 1.008180765920229094e-01 
2.096999999999999318e+02 1.022544908239070155e-01 
2.097999999999999545e+02 1.022999970600232539e-01 
2.098999999999999773e+02 9.975016394502267403e-02 
2.100000000000000000e+02 1.009090890640229332e-01 
2.101000000000000227e+02 1.010827052470229664e-01 
2.101999999999999318e+02 1.011024905669080376e-01 
2.102999999999999545e+02 1.011524485000229873e-01 
2.103999999999999773e+02 1.020828531730232219e-01 
2.105000000000000000e+02 9.970812014002264356e-02 
2.106000000000000227e+02 1.017638148880231214e-01 
2.106999999999999318e+02 1.012137829919079468e-01 
2.107999999999999545e+02 1.009174978250229338e-01 
2.108999999999999773e+02 9.725474046002210993e-02 
2.110000000000000000e+02 1.016287800790231094e-01 
2.111000000000000227e+02 9.862536850302242031e-02 
2.111999999999999318e+02 9.844532209091044761e-02 
2.112999999999999545e+02 9.867038010602244280e-02 
2.113999999999999773e+02 1.014467551350230617e-01 
2.115000000000000000e+02 9.742588347802215443e-02 
2.116000000000000227e+02 9.706133895702206971e-02 
2.116999999999999318e+02 1.000429866809089963e-01 
2.117999999999999545e+02 9.855117355302241144e-02 
2.118999999999999773e+02 9.895875114502249159e-02 
2.120000000000000000e+02 9.842800993602239534e-02 
2.121000000000000227e+02 9.855809841502241597e-02 
2.121999999999999318e+02 1.007572367329083590e-01 
2.122999999999999545e+02 1.002289686890227849e-01 
2.123999999999999773e+02 1.007270641200228994e-01 
2.125000000000000000e+02 9.829149122802234573e-02 
2.126000000000000227e+02 9.917193796802255268e-02 
2.126999999999999318e+02 9.988322022190915250e-02 
2.127999999999999545e+02 9.875298381702243833e-02 
2.128999999999999773e+02 9.839091246102237009e-02 
2.130000000000000000e+02 9.833304040002234514e-02 
2.131000000000000227e+02 9.912989416302252221e-02 
2.131999999999999318e+02 1.000899768159089764e-01 
2.132999999999999545e+02 9.919666961802256488e-02 
2.133999999999999773e+02 9.850566731702239953e-02 
2.135000000000000000e+02 9.856601254302241322e-02 
2.136000000000000227e+02 9.828506099902234450e-02 
2.136999999999999318e+02 9.785819271991098856e-02 
2.137999999999999545e+02 9.672350461802199650e-02 
2.138999999999999773e+02 9.694015387202203904e-02 
2.140000000000000000e+02 9.841069778102236321e-02 
2.141000000000000227e+02 9.596473759602182352e-02 
2.141999999999999318e+02 9.782999863891103653e-02 
2.142999999999999545e+02 9.864960552002242922e-02 
2.143999999999999773e+02 9.744319563302215881e-02 
2.145000000000000000e+02 9.724286926802210018e-02 
2.146000000000000227e+02 9.535386584102167884e-02 
2.146999999999999318e+02 9.772068474591111276e-02 
2.147999999999999545e+02 9.820987678302230128e-02 
2.148999999999999773e+02 9.594148984502180733e-02 
2.150000000000000000e+02 9.673042948002198715e-02 
2.151000000000000227e+02 9.627586175302188520e-02 
2.151999999999999318e+02 9.626201202891244979e-02 
2.152999999999999545e+02 9.703660730702205750e-02 
2.153999999999999773e+02 9.608048171802183179e-02 
2.155000000000000000e+02 9.601073846502181097e-02 
2.156000000000000227e+02 9.621007556402187688e-02 
2.156999999999999318e+02 9.881530757491012451e-02 
2.157999999999999545e+02 9.737889334302214650e-02 
2.158999999999999773e+02 9.531726299902167077e-02 
2.160000000000000000e+02 9.764203809902220754e-02 
2.161000000000000227e+02 9.384028886102133149e-02 
2.161999999999999318e+02 9.494430971691365795e-02 
2.162999999999999545e+02 9.557793459002172920e-02 
2.163999999999999773e+02 9.632878748402190494e-02 
2.165000000000000000e+02 9.711129689002206966e-02 
2.166000000000000227e+02 9.660726586302195718e-02 
2.166999999999999318e+02 9.727650431191151026e-02 
2.167999999999999545e+02 9.564767784302175002e-02 
2.168999999999999773e+02 9.503482755602160603e-02 
2.170000000000000000e+02 9.478305935902155144e-02 
2.171000000000000227e+02 9.620018290402186645e-02 
2.171999999999999318e+02 9.446204254191407912e-02 
2.172999999999999545e+02 9.392388183802134749e-02 
2.173999999999999773e+02 9.435421254802146829e-02 
2.175000000000000000e+02 9.710733982602208492e-02 
2.176000000000000227e+02 9.622837698502187398e-02 
2.176999999999999318e+02 9.506104310491352016e-02 
2.177999999999999545e+02 9.619177414302186591e-02 
2.178999999999999773e+02 9.483202802602155868e-02 
2.180000000000000000e+02 9.146060949802078954e-02 
2.181000000000000227e+02 9.461884120302149759e-02 
2.181999999999999318e+02 9.259974929691576484e-02 
2.182999999999999545e+02 9.283915166902111105e-02 
2.183999999999999773e+02 9.345843218502125627e-02 
2.185000000000000000e+02 9.193694107702089779e-02 
2.186000000000000227e+02 9.359692942502127744e-02 
2.186999999999999318e+02 9.426715713991426493e-02 
2.187999999999999545e+02 9.392091404002134158e-02 
2.188999999999999773e+02 9.214518157002095367e-02 
2.190000000000000000e+02 9.184592860502088785e-02 
2.191000000000000227e+02 9.319182499802118602e-02 
2.191999999999999318e+02 9.227625931491607869e-02 
2.192999999999999545e+02 9.333329003602121310e-02 
2.193999999999999773e+02 9.359099382902127950e-02 
2.195000000000000000e+02 9.377400803902133375e-02 
2.196000000000000227e+02 9.386947220802133174e-02 
2.196999999999999318e+02 9.273725727091564064e-02 
2.197999999999999545e+02 9.235737912702099428e-02 
2.198999999999999773e+02 9.353361640102125785e-02 
2.200000000000000000e+02 9.223421551002096430e-02 
2.201000000000000227e+02 9.380912698202131805e-02 
2.201999999999999318e+02 9.157635361991670053e-02 
2.202999999999999545e+02 9.094322338002068518e-02 
2.203999999999999773e+02 9.188154218102088933e-02 
2.205000000000000000e+02 9.164807540502083183e-02 
2.206000000000000227e+02 9.205367446502094042e-02 
2.206999999999999318e+02 9.143785637991681814e-02 
2.207999999999999545e+02 9.240981022502099684e-02 
2.208999999999999773e+02 9.198393121202090572e-02 
2.210000000000000000e+02 9.184691787102088056e-02 
2.211000000000000227e+02 9.092294342702067489e-02 
2.211999999999999318e+02 9.344557172691501934e-02 
2.212999999999999545e+02 8.990993504302044470e-02 
2.213999999999999773e+02 9.233363674302098867e-02 
2.215000000000000000e+02 9.205961006102092448e-02 
2.216000000000000227e+02 9.246075742402101727e-02 
2.216999999999999318e+02 9.273379483991565919e-02 
2.217999999999999545e+02 9.054751698002057314e-02 
2.218999999999999773e+02 9.096943892902069340e-02 
2.220000000000000000e+02 9.143439394902078132e-02 
2.221000000000000227e+02 9.107281722602070251e-02 
2.221999999999999318e+02 8.951521790891858732e-02 
2.222999999999999545e+02 9.113415171802072279e-02 
2.223999999999999773e+02 8.972147987002039582e-02 
2.225000000000000000e+02 9.071668146602061833e-02 
2.226000000000000227e+02 9.142549055502077748e-02 
2.226999999999999318e+02 9.085913576991735963e-02 
2.227999999999999545e+02 9.059599101402059096e-02 
2.228999999999999773e+02 9.094371801302067460e-02 
2.230000000000000000e+02 9.158525701402082941e-02 
2.231000000000000227e+02 9.075229504202063369e-02 
2.231999999999999318e+02 9.006376590591808062e-02 
2.232999999999999545e+02 8.981991183702041359e-02 
2.233999999999999773e+02 8.985008445002042043e-02 
2.235000000000000000e+02 9.041198753802055788e-02 
2.236000000000000227e+02 8.980853527802042102e-02 
2.236999999999999318e+02 8.891770124491912841e-02 
2.237999999999999545e+02 9.076960719702063807e-02 
2.238999999999999773e+02 8.703216024901978820e-02 
2.240000000000000000e+02 8.883509753402019093e-02 
2.241000000000000227e+02 8.913039343502027201e-02 
2.241999999999999318e+02 8.745803926192045885e-02 
2.242999999999999545e+02 8.975808271202039001e-02 
2.243999999999999773e+02 9.129292891102075425e-02 
2.245000000000000000e+02 8.924415902502028097e-02 
2.246000000000000227e+02 8.703661194601977624e-02 
2.246999999999999318e+02 8.731855275592058374e-02 
2.247999999999999545e+02 8.820444045902005314e-02 
2.248999999999999773e+02 8.869907345902017237e-02 
2.250000000000000000e+02 8.812579381202002848e-02 
2.251000000000000227e+02 8.810749239102001751e-02 
2.251999999999999318e+02 8.912594173791893448e-02 
2.252999999999999545e+02 8.873468703502017385e-02 
2.253999999999999773e+02 8.957853093302037273e-02 
2.255000000000000000e+02 8.865109405802015785e-02 
2.256000000000000227e+02 8.671658439501972460e-02 
2.256999999999999318e+02 8.952263740391858127e-02 
2.257999999999999545e+02 8.839487416402008746e-02 
2.258999999999999773e+02 8.777312048301995351e-02 
2.260000000000000000e+02 8.566796243501946517e-02 
2.261000000000000227e+02 8.568972628701947147e-02 
2.261999999999999318e+02 8.819652633091977501e-02 
2.262999999999999545e+02 8.785522956101997349e-02 
2.263999999999999773e+02 8.630702827101963126e-02 
2.265000000000000000e+02 8.889494812702020132e-02 
2.266000000000000227e+02 8.809809436402002425e-02 
2.266999999999999318e+02 8.723347587992065499e-02 
2.267999999999999545e+02 8.614775644501958263e-02 
2.268999999999999773e+02 8.576095343901948831e-02 
2.270000000000000000e+02 8.777361511601997068e-02 
2.271000000000000227e+02 8.693719071301976575e-02 
2.271999999999999318e+02 8.719192670792069721e-02 
2.272999999999999545e+02 8.699209497601978480e-02 
2.273999999999999773e+02 8.584553568201952478e-02 
2.275000000000000000e+02 8.880393565502019138e-02 
2.276000000000000227e+02 8.682738218701974153e-02 
2.276999999999999318e+02 8.657462472392125907e-02 
2.277999999999999545e+02 8.391745624801907888e-02 
2.278999999999999773e+02 8.839685269602008677e-02 
2.280000000000000000e+02 8.588213852401953285e-02 
2.281000000000000227e+02 8.594347301601952538e-02 
2.281999999999999318e+02 8.548445359192223536e-02 
2.282999999999999545e+02 8.614083158301957810e-02 
2.283999999999999773e+02 8.418159027001913264e-02 
2.285000000000000000e+02 8.554925051501945099e-02 
2.286000000000000227e+02 8.340155402901897053e-02 
2.286999999999999318e+02 8.385068079292373744e-02 
2.287999999999999545e+02 8.719143207501982296e-02 
2.288999999999999773e+02 8.378736776901903049e-02 
2.290000000000000000e+02 8.403023257201910901e-02 
2.291000000000000227e+02 8.471777244201926516e-02 
2.291999999999999318e+02 8.621898359692158065e-02 
2.292999999999999545e+02 8.362710667701900302e-02 
2.293999999999999773e+02 8.433789429801917537e-02 
2.295000000000000000e+02 8.543449565901942155e-02 
2.296000000000000227e+02 8.477811766801927884e-02 
2.296999999999999318e+02 8.273231557992474783e-02 
2.297999999999999545e+02 8.530094474901937784e-02 
2.298999999999999773e+02 8.410937385201912309e-02 
2.300000000000000000e+02 8.570802770801948245e-02 
2.301000000000000227e+02 8.433294796801917015e-02 
2.301999999999999318e+02 8.543152786092229889e-02 
2.302999999999999545e+02 8.550028184801944375e-02 
2.303999999999999773e+02 8.459807125601923050e-02 
2.305000000000000000e+02 8.388926216701907135e-02 
2.306000000000000227e+02 8.399610289501908966e-02 
2.306999999999999318e+02 8.383188473892375092e-02 
2.307999999999999545e+02 8.408662073401911019e-02 
2.308999999999999773e+02 8.622541382601960069e-02 
2.310000000000000000e+02 8.212144382501866680e-02 
2.311000000000000227e+02 8.666909962701969949e-02 
2.311999999999999318e+02 8.415685861992346084e-02 
2.312999999999999545e+02 8.141115083701849775e-02 
2.313999999999999773e+02 8.169061848201858433e-02 
2.315000000000000000e+02 8.491859344001929932e-02 
2.316000000000000227e+02 8.318539940801890353e-02 
2.316999999999999318e+02 8.317303358292435500e-02 
2.317999999999999545e+02 8.366370951901902497e-02 
2.318999999999999773e+02 8.272539071801879307e-02 
2.320000000000000000e+02 8.402924330601910241e-02 
2.321000000000000227e+02 8.358506287201900031e-02 
2.321999999999999318e+02 8.136564460092599038e-02 
2.322999999999999545e+02 8.165203710801856307e-02 
2.323999999999999773e+02 8.201559236301864120e-02 
2.325000000000000000e+02 8.184543861101858941e-02 
2.326000000000000227e+02 8.346536168601896566e-02 
2.326999999999999318e+02 8.287526451692461826e-02 
2.327999999999999545e+02 8.039171222401828021e-02 
2.328999999999999773e+02 8.104611168301842361e-02 
2.330000000000000000e+02 8.132013836501847392e-02 
2.331000000000000227e+02 8.526236337501937046e-02 
2.331999999999999318e+02 8.139136551692596755e-02 
2.332999999999999545e+02 8.346437242001898682e-02 
2.333999999999999773e+02 8.228368344901870746e-02 
2.335000000000000000e+02 8.019237512501824205e-02 
2.336000000000000227e+02 8.062913606401833633e-02 
2.336999999999999318e+02 8.157932605692580497e-02 
2.337999999999999545e+02 8.048816565901829867e-02 
2.338999999999999773e+02 8.216843396001867472e-02 
2.340000000000000000e+02 8.312901124601888847e-02 
2.341000000000000227e+02 8.132656859401848903e-02 
2.341999999999999318e+02 7.956814827892762232e-02 
2.342999999999999545e+02 8.007663100301820602e-02 
2.343999999999999773e+02 8.129985841201847752e-02 
2.345000000000000000e+02 7.918085064001799400e-02 
2.346000000000000227e+02 7.843494407601783736e-02 
2.346999999999999318e+02 7.825291913192881921e-02 
2.347999999999999545e+02 7.880097249601791809e-02 
2.348999999999999773e+02 7.987778853701817117e-02 
2.350000000000000000e+02 7.893551267201794064e-02 
2.351000000000000227e+02 8.116432897001846225e-02 
2.351999999999999318e+02 7.789183704192916002e-02 
2.352999999999999545e+02 8.136119290401851167e-02 
2.353999999999999773e+02 7.755004563901762848e-02 
2.355000000000000000e+02 7.968982799701811170e-02 
2.356000000000000227e+02 8.128897648601847437e-02 
2.356999999999999318e+02 7.943707053392776163e-02 
2.357999999999999545e+02 7.861400122201786522e-02 
2.358999999999999773e+02 7.777065195701768352e-02 
2.360000000000000000e+02 7.898200817401795915e-02 
2.361000000000000227e+02 7.979815262401812603e-02 
2.361999999999999318e+02 7.877277841492834332e-02 
2.362999999999999545e+02 7.820741289601777779e-02 
2.363999999999999773e+02 7.865653966001789898e-02 
2.365000000000000000e+02 7.976303368101812785e-02 
2.366000000000000227e+02 7.976253904801813843e-02 
2.366999999999999318e+02 7.743133371892957362e-02 
2.367999999999999545e+02 8.052031680401830482e-02 
2.368999999999999773e+02 7.859273200301786222e-02 
2.370000000000000000e+02 7.862636704701789214e-02 
2.371000000000000227e+02 7.737890262101759786e-02 
2.371999999999999318e+02 7.726612629692973522e-02 
2.372999999999999545e+02 7.833354431101781368e-02 
2.373999999999999773e+02 7.973929129701812224e-02 
2.375000000000000000e+02 7.713603781801754711e-02 
2.376000000000000227e+02 7.828655417601779187e-02 
2.376999999999999318e+02 7.715780166992983191e-02 
2.377999999999999545e+02 7.781813672501768087e-02 
2.378999999999999773e+02 7.713059685501752472e-02 
2.380000000000000000e+02 7.594743471901727050e-02 
2.381000000000000227e+02 7.659441468301740608e-02 
2.381999999999999318e+02 7.979518482592742878e-02 
2.382999999999999545e+02 7.777164122301766236e-02 
2.383999999999999773e+02 7.716324263301754804e-02 
2.385000000000000000e+02 7.795218226801772787e-02 
2.386000000000000227e+02 7.745359220401759615e-02 
2.386999999999999318e+02 7.755251880392946551e-02 
2.387999999999999545e+02 7.704848777701750473e-02 
2.388999999999999773e+02 7.849331077001783785e-02 
2.390000000000000000e+02 7.666959889901743541e-02 
2.391000000000000227e+02 7.645542281001739549e-02 
2.391999999999999318e+02 7.510458008693168819e-02 
2.392999999999999545e+02 7.483797290001702185e-02 
2.393999999999999773e+02 7.514612925901707763e-02 
2.395000000000000000e+02 7.578321656301724440e-02 
2.396000000000000227e+02 7.712663979101753997e-02 
2.396999999999999318e+02 7.849578393492860628e-02 
2.397999999999999545e+02 7.631643093701735714e-02 
2.398999999999999773e+02 7.234106551601644786e-02 
2.400000000000000000e+02 7.506352554801705435e-02 
2.401000000000000227e+02 7.506006311701705902e-02 
2.401999999999999318e+02 7.661172683793031346e-02 
2.402999999999999545e+02 7.810255070001774491e-02 
2.403999999999999773e+02 7.662656582801742611e-02 
2.405000000000000000e+02 7.540333841901714074e-02 
2.406000000000000227e+02 7.524851829001710790e-02 
2.406999999999999318e+02 7.698863718392998101e-02 
2.407999999999999545e+02 7.613737379101730152e-02 
2.408999999999999773e+02 7.390113799801679983e-02 
2.410000000000000000e+02 7.465990502001697282e-02 
2.411000000000000227e+02 7.548000653401715221e-02 
2.411999999999999318e+02 7.399066657093270050e-02 
2.412999999999999545e+02 7.596969320401726622e-02 
2.413999999999999773e+02 7.434383453301690592e-02 
2.415000000000000000e+02 7.365777856201674578e-02 
2.416000000000000227e+02 7.290692566801658392e-02 
2.416999999999999318e+02 7.539938135493143290e-02 
2.417999999999999545e+02 7.405051716401683803e-02 
2.418999999999999773e+02 7.498586816701705016e-02 
2.420000000000000000e+02 7.453624677001693954e-02 
2.421000000000000227e+02 7.435916815601689711e-02 
2.421999999999999318e+02 7.374087690593293665e-02 
2.422999999999999545e+02 7.495965261801704194e-02 
2.423999999999999773e+02 7.316561872701664304e-02 
2.425000000000000000e+02 7.444375039901691971e-02 
2.426000000000000227e+02 7.010482972301594617e-02 
2.426999999999999318e+02 7.102583636893540497e-02 
2.427999999999999545e+02 7.293759291401658018e-02 
2.428999999999999773e+02 7.375423199701676424e-02 
2.430000000000000000e+02 7.472915364001699035e-02 
2.431000000000000227e+02 7.266702866301652519e-02 
2.431999999999999318e+02 7.248648761793406725e-02 
2.432999999999999545e+02 7.232325872801645406e-02 
2.433999999999999773e+02 7.153827615701625897e-02 
2.435000000000000000e+02 7.116927993901618621e-02 
2.436000000000000227e+02 7.293413048301658486e-02 
2.436999999999999318e+02 7.297419575593361296e-02 
2.437999999999999545e+02 7.231039827001643772e-02 
2.438999999999999773e+02 7.226934373101644160e-02 
2.440000000000000000e+02 7.221740726601641458e-02 
2.441000000000000227e+02 7.298705621401660459e-02 
2.441999999999999318e+02 7.130431474793513802e-02 
2.442999999999999545e+02 7.276397673101653307e-02 
2.443999999999999773e+02 7.301277713001659564e-02 
2.445000000000000000e+02 7.048817029801603129e-02 
2.446000000000000227e+02 7.110299911701616071e-02 
2.446999999999999318e+02 7.289505447593370990e-02 
2.447999999999999545e+02 7.183060426001632026e-02 
2.448999999999999773e+02 7.059550565901605290e-02 
2.450000000000000000e+02 7.046047085001601318e-02 
2.451000000000000227e+02 7.165055784801629968e-02 
2.451999999999999318e+02 7.083194023293556962e-02 
2.452999999999999545e+02 7.203933938601637943e-02 
2.453999999999999773e+02 7.199779021401636614e-02 
2.455000000000000000e+02 7.136713313901622835e-02 
2.456000000000000227e+02 7.189391728401633985e-02 
2.456999999999999318e+02 6.886527942493736454e-02 
2.457999999999999545e+02 6.964877809701583433e-02 
2.458999999999999773e+02 7.152689959801626640e-02 
2.460000000000000000e+02 6.922685614801574183e-02 
2.461000000000000227e+02 7.102385783701614663e-02 
2.461999999999999318e+02 7.174849518193474052e-02 
2.462999999999999545e+02 7.127612066701621840e-02 
2.463999999999999773e+02 6.974374763301587066e-02 
2.465000000000000000e+02 7.007910880701592737e-02 
2.466000000000000227e+02 6.945339806201579480e-02 
2.466999999999999318e+02 7.063062460193575420e-02 
2.467999999999999545e+02 7.068651813101606285e-02 
2.468999999999999773e+02 7.046343864801601908e-02 
2.470000000000000000e+02 6.823660088201551066e-02 
2.471000000000000227e+02 6.758863165201536849e-02 
2.471999999999999318e+02 6.937623531393689869e-02 
2.472999999999999545e+02 6.920410303001572894e-02 
2.473999999999999773e+02 6.779489361301541117e-02 
2.475000000000000000e+02 6.782951792301541993e-02 
2.476000000000000227e+02 7.109013865901615825e-02 
2.476999999999999318e+02 7.096895357393544213e-02 
2.477999999999999545e+02 7.083935972801611025e-02 
2.478999999999999773e+02 6.882768731701564835e-02 
2.480000000000000000e+02 6.978925386901588257e-02 
2.481000000000000227e+02 6.955875489101581710e-02 
2.481999999999999318e+02 6.848391738193770895e-02 
2.482999999999999545e+02 6.810997483401549923e-02 
2.483999999999999773e+02 6.866643695901561428e-02 
2.485000000000000000e+02 6.870947003001562359e-02 
2.486000000000000227e+02 6.717412919801526994e-02 
2.486999999999999318e+02 6.942569861393685371e-02 
2.487999999999999545e+02 6.900229276601568817e-02 
2.488999999999999773e+02 6.821681556201550367e-02 
2.490000000000000000e+02 6.712021420101525748e-02 
2.491000000000000227e+02 6.774543031301540064e-02 
2.491999999999999318e+02 6.794773520993820093e-02 
2.492999999999999545e+02 6.757478192801535943e-02 
2.493999999999999773e+02 6.757329802901536342e-02 
2.495000000000000000e+02 6.839537807501554212e-02 
2.496000000000000227e+02 6.790915383601545119e-02 
2.496999999999999318e+02 6.803380135193812239e-02 
2.497999999999999545e+02 6.772218256201539832e-02 
2.498999999999999773e+02 6.727305579801529101e-02 
2.500000000000000000e+02 6.625707961601506879e-02 
2.501000000000000227e+02 6.713950488801526117e-02 
2.501999999999999318e+02 6.743875785293866609e-02 
2.502999999999999545e+02 6.638321103101509080e-02 
2.503999999999999773e+02 6.673192729601518103e-02 
2.505000000000000000e+02 6.641387827701510094e-02 
2.506000000000000227e+02 6.688180109501519477e-02 
2.506999999999999318e+02 6.576788757894018456e-02 
2.507999999999999545e+02 6.559773382701490629e-02 
2.508999999999999773e+02 6.764897687801538217e-02 
2.510000000000000000e+02 6.668592642701516582e-02 
2.511000000000000227e+02 6.511200422101480478e-02 
2.511999999999999318e+02 6.690900590993914543e-02 
2.512999999999999545e+02 6.440913072801464356e-02 
2.513999999999999773e+02 6.750009234501534727e-02 
2.515000000000000000e+02 6.561306745001491136e-02 
2.516000000000000227e+02 6.796653126401544509e-02 
2.516999999999999318e+02 6.381458186194195747e-02 
2.517999999999999545e+02 6.648114836501511915e-02 
2.518999999999999773e+02 6.857344595501559115e-02 
2.520000000000000000e+02 6.490623689301475152e-02 
2.521000000000000227e+02 6.458324154401468009e-02 
2.521999999999999318e+02 6.420484729894160303e-02 
2.522999999999999545e+02 6.507193894801478751e-02 
2.523999999999999773e+02 6.595337495401498717e-02 
2.525000000000000000e+02 6.472470658201472105e-02 
2.526000000000000227e+02 6.557893777301490590e-02 
2.526999999999999318e+02 6.562642254094031014e-02 
2.527999999999999545e+02 6.503731463801477874e-02 
2.528999999999999773e+02 6.326751776401437488e-02 
2.530000000000000000e+02 6.379578580801449628e-02 
2.531000000000000227e+02 6.350197380601443897e-02 
2.531999999999999318e+02 6.478604107394107803e-02 
2.532999999999999545e+02 6.499823863101476806e-02 
2.533999999999999773e+02 6.484737556601474773e-02 
2.535000000000000000e+02 6.356528683001444469e-02 
2.536000000000000227e+02 6.154273249301399351e-02 
2.536999999999999318e+02 6.431910752194149039e-02 
2.537999999999999545e+02 6.549188236501488070e-02 
2.538999999999999773e+02 6.428893490901461949e-02 
2.540000000000000000e+02 6.350246843901444227e-02 
2.541000000000000227e+02 6.284213338401428706e-02 
2.541999999999999318e+02 6.279069155194288987e-02 
2.542999999999999545e+02 6.197009540501408065e-02 
2.543999999999999773e+02 6.461934975301469875e-02 
2.545000000000000000e+02 6.296183457001430783e-02 
2.546000000000000227e+02 6.312011713001434987e-02 
2.546999999999999318e+02 6.340106867394233736e-02 
2.547999999999999545e+02 6.376215076401449411e-02 
2.548999999999999773e+02 6.507094968201478091e-02 
2.550000000000000000e+02 6.084282679801383820e-02 
2.551000000000000227e+02 6.370032163901447053e-02 
2.551999999999999318e+02 6.285202604394282688e-02 
2.552999999999999545e+02 6.370180553801448042e-02 
2.553999999999999773e+02 6.261559147001423409e-02 
2.555000000000000000e+02 6.298607158701431674e-02 
2.556000000000000227e+02 6.170645601601403712e-02 
2.556999999999999318e+02 6.167430487094390651e-02 
2.557999999999999545e+02 6.057720887701376761e-02 
2.558999999999999773e+02 6.035709719201372281e-02 
2.560000000000000000e+02 6.136416998001395506e-02 
2.561000000000000227e+02 6.079484739701381674e-02 
2.561999999999999318e+02 6.163770202894394007e-02 
2.562999999999999545e+02 6.112872467201389826e-02 
2.563999999999999773e+02 6.283075682501428061e-02 
2.565000000000000000e+02 6.321854909701436764e-02 
2.566000000000000227e+02 6.102880880601387059e-02 
2.566999999999999318e+02 6.052527241194494145e-02 
2.567999999999999545e+02 6.184693178801405761e-02 
2.568999999999999773e+02 6.172228427201403855e-02 
2.570000000000000000e+02 6.057968204201377715e-02 
2.571000000000000227e+02 6.051043342201376657e-02 
2.571999999999999318e+02 6.065931795494482193e-02 
2.572999999999999545e+02 5.916008533201345954e-02 
2.573999999999999773e+02 5.998612244201363686e-02 
2.575000000000000000e+02 6.135032025601395295e-02 
2.576000000000000227e+02 5.933221761601349675e-02 
2.576999999999999318e+02 6.188798632694370722e-02 
2.577999999999999545e+02 6.023789063901369839e-02 
2.578999999999999773e+02 6.012461968201367191e-02 
2.580000000000000000e+02 5.988719584201360885e-02 
2.581000000000000227e+02 6.040952829001373925e-02 
2.581999999999999318e+02 5.909627767494624734e-02 
2.582999999999999545e+02 5.928176505001347268e-02 
2.583999999999999773e+02 6.042189411501374535e-02 
2.585000000000000000e+02 5.865308650701334114e-02 
2.586000000000000227e+02 5.911655762801343306e-02 
2.586999999999999318e+02 6.053417580594494529e-02 
2.587999999999999545e+02 5.921548422801346800e-02 
2.588999999999999773e+02 6.010384509601366526e-02 
2.590000000000000000e+02 6.093730170101385735e-02 
2.591000000000000227e+02 5.820297047701324111e-02 
2.591999999999999318e+02 5.924268904294611310e-02 
2.592999999999999545e+02 6.069938322801379099e-02 
2.593999999999999773e+02 5.914870877301343921e-02 
2.595000000000000000e+02 6.059155323401377302e-02 
2.596000000000000227e+02 5.934260490901348273e-02 
2.596999999999999318e+02 5.855317064094674867e-02 
2.597999999999999545e+02 5.937129362301350050e-02 
2.598999999999999773e+02 5.745013905101305912e-02 
2.600000000000000000e+02 5.936585266001349892e-02 
2.601000000000000227e+02 5.822473432901324741e-02 
2.601999999999999318e+02 5.727850139994790368e-02 
2.602999999999999545e+02 5.603598330401274308e-02 
2.603999999999999773e+02 5.860807490401333253e-02 
2.605000000000000000e+02 5.870996930201334563e-02 
2.606000000000000227e+02 5.766431514001310599e-02 
2.606999999999999318e+02 5.577234391494927807e-02 
2.607999999999999545e+02 5.672302854101289593e-02 
2.608999999999999773e+02 5.800462264401318180e-02 
2.610000000000000000e+02 5.998216537801363130e-02 
2.611000000000000227e+02 5.782012453501314542e-02 
2.611999999999999318e+02 5.615123279294892411e-02 
2.612999999999999545e+02 5.743628932701305007e-02 
2.613999999999999773e+02 5.711922957401298351e-02 
2.615000000000000000e+02 5.716572507601299508e-02 
2.616000000000000227e+02 5.689070912801293123e-02 
2.616999999999999318e+02 5.653951969794857035e-02 
2.617999999999999545e+02 5.774444568601313360e-02 
2.618999999999999773e+02 5.765640101201310874e-02 
2.620000000000000000e+02 5.905967483301342857e-02 
2.621000000000000227e+02 5.619030880001277956e-02 
2.621999999999999318e+02 5.852151412894678051e-02 
2.622999999999999545e+02 5.428448785101233631e-02 
2.623999999999999773e+02 5.668889886401289741e-02 
2.625000000000000000e+02 5.609830706201274914e-02 
2.626000000000000227e+02 5.744914978501306640e-02 
2.626999999999999318e+02 5.649252956294861794e-02 
2.627999999999999545e+02 5.750454868101307487e-02 
2.628999999999999773e+02 5.758319532801309260e-02 
2.630000000000000000e+02 5.672105000901288968e-02 
2.631000000000000227e+02 5.680464298601291262e-02 
2.631999999999999318e+02 5.494779070395001963e-02 
2.632999999999999545e+02 5.528265724501256473e-02 
2.633999999999999773e+02 5.453576141501240149e-02 
2.635000000000000000e+02 5.715978948001300408e-02 
2.636000000000000227e+02 5.513970830801253470e-02 
2.636999999999999318e+02 5.622790090794885232e-02 
2.637999999999999545e+02 5.529502307001256389e-02 
2.638999999999999773e+02 5.485529433301247065e-02 
2.640000000000000000e+02 5.509815913601252141e-02 
2.641000000000000227e+02 5.765590637901310544e-02 
2.641999999999999318e+02 5.419792707595071091e-02 
2.642999999999999545e+02 5.636837668001282164e-02 
2.643999999999999773e+02 5.413560331801230141e-02 
2.645000000000000000e+02 5.363800252001219709e-02 
2.646000000000000227e+02 5.563038424401264143e-02 
2.646999999999999318e+02 5.434681160895057928e-02 
2.647999999999999545e+02 5.479544374001244639e-02 
2.648999999999999773e+02 5.316364947301208121e-02 
2.650000000000000000e+02 5.573030011001266909e-02 
2.651000000000000227e+02 5.376413393501222604e-02 
2.651999999999999318e+02 5.567737437894935276e-02 
2.652999999999999545e+02 5.335457781101211883e-02 
2.653999999999999773e+02 5.384673764601224238e-02 
2.655000000000000000e+02 5.430575707001234625e-02 
2.656000000000000227e+02 5.574810689801268371e-02 
2.656999999999999318e+02 5.436560766295054498e-02 
2.657999999999999545e+02 5.387394246101224332e-02 
2.658999999999999773e+02 5.239449515801190144e-02 
2.660000000000000000e+02 5.308203502801206453e-02 
2.661000000000000227e+02 5.189392656201179815e-02 
2.661999999999999318e+02 5.378688705295107259e-02 
2.662999999999999545e+02 5.522082812001255503e-02 
2.663999999999999773e+02 5.348417165701215004e-02 
2.665000000000000000e+02 5.292919343101203794e-02 
2.666000000000000227e+02 5.340601964301214255e-02 
2.666999999999999318e+02 5.198543366695272672e-02 
2.667999999999999545e+02 5.258789666101195553e-02 
2.668999999999999773e+02 5.278772839301200392e-02 
2.670000000000000000e+02 5.207446760701183591e-02 
2.671000000000000227e+02 5.225649255101188356e-02 
2.671999999999999318e+02 5.107580357995354647e-02 
2.672999999999999545e+02 5.265763991401196942e-02 
2.673999999999999773e+02 5.290446178101203267e-02 
2.675000000000000000e+02 5.244099066001191994e-02 
2.676000000000000227e+02 5.479297057501245072e-02 
2.676999999999999318e+02 5.049312590595407546e-02 
2.677999999999999545e+02 5.175295615701176050e-02 
2.678999999999999773e+02 4.954887150901126497e-02 
2.680000000000000000e+02 5.256761670801194525e-02 
2.681000000000000227e+02 5.068108644601152651e-02 
2.681999999999999318e+02 5.085569189495375148e-02 
2.682999999999999545e+02 5.024580940601142826e-02 
2.683999999999999773e+02 5.000294460301135668e-02 
2.685000000000000000e+02 5.218823319701185875e-02 
2.686000000000000227e+02 5.328335065901212281e-02 
2.686999999999999318e+02 5.110795472495351793e-02 
2.687999999999999545e+02 4.971358429801130130e-02 
2.688999999999999773e+02 5.174850446001176552e-02 
2.690000000000000000e+02 5.167826657401174834e-02 
2.691000000000000227e+02 5.142946617501169271e-02 
2.691999999999999318e+02 4.886276607465556143e-02 
2.692999999999999545e+02 4.888057286271111496e-02 
2.693999999999999773e+02 5.246621694301192851e-02 
2.695000000000000000e+02 5.098627500701158333e-02 
2.696000000000000227e+02 4.945879883971124324e-02 
2.696999999999999318e+02 5.056880475495400401e-02 
2.697999999999999545e+02 4.967401365801128732e-02 
2.698999999999999773e+02 5.133202347401167459e-02 
2.700000000000000000e+02 4.806878118311093406e-02 
2.701000000000000227e+02 5.043723237701146916e-02 
2.701999999999999318e+02 4.988522194895462364e-02 
2.702999999999999545e+02 5.069196837201152273e-02 
2.703999999999999773e+02 4.935448074001121815e-02 
2.705000000000000000e+02 4.989264144401134304e-02 
2.706000000000000227e+02 5.068900057401153070e-02 
2.706999999999999318e+02 5.034275747395420414e-02 
2.707999999999999545e+02 5.109905133101161345e-02 
2.708999999999999773e+02 4.928978274361119766e-02 
2.710000000000000000e+02 4.999750364001136899e-02 
2.711000000000000227e+02 5.103771683901160011e-02 
2.711999999999999318e+02 4.845607882205592992e-02 
2.712999999999999545e+02 4.709930050311070260e-02 
2.713999999999999773e+02 4.759754432401082369e-02 
2.715000000000000000e+02 5.006081666401137470e-02 
2.716000000000000227e+02 4.832401181111099092e-02 
2.716999999999999318e+02 4.749362193065680138e-02 
2.717999999999999545e+02 4.880068963321109593e-02 
2.718999999999999773e+02 4.805196366111092604e-02 
2.720000000000000000e+02 4.782151414641087200e-02 
2.721000000000000227e+02 4.884080436951111076e-02 
2.721999999999999318e+02 4.971902526095477864e-02 
2.722999999999999545e+02 4.895659795481113047e-02 
2.723999999999999773e+02 4.620094804851050674e-02 
2.725000000000000000e+02 4.748234429831078851e-02 
2.726000000000000227e+02 5.008950537801139247e-02 
2.726999999999999318e+02 4.713427105615712598e-02 
2.727999999999999545e+02 4.536501827851031204e-02 
2.728999999999999773e+02 4.686791118571065340e-02 
2.730000000000000000e+02 4.748852721081079503e-02 
2.731000000000000227e+02 4.910053615781116015e-02 
2.731999999999999318e+02 4.672931501905749907e-02 
2.732999999999999545e+02 4.795902212041090740e-02 
2.733999999999999773e+02 4.763419662931082932e-02 
2.735000000000000000e+02 4.748343249091078327e-02 
2.736000000000000227e+02 4.824739315941097006e-02 
2.736999999999999318e+02 4.828968428085607389e-02 
2.737999999999999545e+02 4.615964619301049510e-02 
2.738999999999999773e+02 4.885341751101111157e-02 
2.740000000000000000e+02 4.739390391791077628e-02 
2.741000000000000227e+02 4.626337073311051484e-02 
2.741999999999999318e+02 4.547878386845863319e-02 
2.742999999999999545e+02 4.738495106061077489e-02 
2.743999999999999773e+02 4.525070859221028141e-02 
2.745000000000000000e+02 4.545192529661032377e-02 
2.746000000000000227e+02 4.499706078981022955e-02 
2.746999999999999318e+02 4.552973106745859116e-02 
2.747999999999999545e+02 4.862004966161105612e-02 
2.748999999999999773e+02 4.548917116151033474e-02 
2.750000000000000000e+02 4.586692238361043256e-02 
2.751000000000000227e+02 4.532228198731030194e-02 
2.751999999999999318e+02 4.566570567915846646e-02 
2.752999999999999545e+02 4.497905614861022472e-02 
2.753999999999999773e+02 4.519333116421027363e-02 
2.755000000000000000e+02 4.553739787901035091e-02 
2.756000000000000227e+02 4.806700050431091803e-02 
2.756999999999999318e+02 4.488893401595917682e-02 
2.757999999999999545e+02 4.600057222021045750e-02 
2.758999999999999773e+02 4.584184449051041665e-02 
2.760000000000000000e+02 4.465878128111015755e-02 
2.761000000000000227e+02 4.358819761590991548e-02 
2.761999999999999318e+02 4.482814362025922678e-02 
2.762999999999999545e+02 4.532440890921030086e-02 
2.763999999999999773e+02 4.588853784571042538e-02 
2.765000000000000000e+02 4.468197956881015537e-02 
2.766000000000000227e+02 4.428493765971006774e-02 
2.766999999999999318e+02 4.385797045406011202e-02 
2.767999999999999545e+02 4.318274694580982037e-02 
2.768999999999999773e+02 4.372788197510994734e-02 
2.770000000000000000e+02 4.515598637271026755e-02 
2.771000000000000227e+02 4.455955790131012340e-02 
2.771999999999999318e+02 4.406868411205992070e-02 
2.772999999999999545e+02 4.509386046791025171e-02 
2.773999999999999773e+02 4.333445088690984770e-02 
2.775000000000000000e+02 4.427618265561006350e-02 
2.776000000000000227e+02 4.385737689450996263e-02 
2.776999999999999318e+02 4.282839186456104813e-02 
2.777999999999999545e+02 4.466140283601015282e-02 
2.778999999999999773e+02 4.222805579250960006e-02 
2.780000000000000000e+02 4.275187213950971954e-02 
2.781000000000000227e+02 4.286707216520974778e-02 
2.781999999999999318e+02 4.217681181366163962e-02 
2.782999999999999545e+02 4.390659287800998539e-02 
2.783999999999999773e+02 4.471076720941016130e-02 
2.785000000000000000e+02 4.249218981450966076e-02 
2.786000000000000227e+02 4.217102460760958904e-02 
2.786999999999999318e+02 4.324680191926066897e-02 
2.787999999999999545e+02 4.096580183980931544e-02 
2.788999999999999773e+02 4.297059885210977037e-02 
2.790000000000000000e+02 4.246681514160965953e-02 
2.791000000000000227e+02 4.275533457050972180e-02 
2.791999999999999318e+02 4.284961162026103276e-02 
2.792999999999999545e+02 4.376918383060994511e-02 
2.793999999999999773e+02 4.243337795080964758e-02 
2.795000000000000000e+02 4.321727232920982015e-02 
2.796000000000000227e+02 4.149233866830943224e-02 
2.796999999999999318e+02 4.190332922796189546e-02 
2.797999999999999545e+02 4.137135143650940566e-02 
2.798999999999999773e+02 4.174989407140949210e-02 
2.800000000000000000e+02 4.045266956560919502e-02 
2.801000000000000227e+02 4.143916562080942473e-02 
2.801999999999999318e+02 4.230304215526152489e-02 
2.802999999999999545e+02 4.157172726480944797e-02 
2.803999999999999773e+02 4.173713254000948475e-02 
2.805000000000000000e+02 4.222231804970960622e-02 
2.806000000000000227e+02 4.033667812710917122e-02 
2.806999999999999318e+02 3.987805440946372987e-02 
2.807999999999999545e+02 4.069058803860924750e-02 
2.808999999999999773e+02 4.244346846400964129e-02 
2.810000000000000000e+02 4.009035089310911126e-02 
2.811000000000000227e+02 4.109326876390934774e-02 
2.811999999999999318e+02 4.101669957546269507e-02 
2.812999999999999545e+02 4.063286436750923603e-02 
2.813999999999999773e+02 3.887256444710883441e-02 
2.815000000000000000e+02 3.890708983050884806e-02 
2.816000000000000227e+02 3.990105484400907621e-02 
2.816999999999999318e+02 4.134622408006239508e-02 
2.817999999999999545e+02 4.215816414960957964e-02 
2.818999999999999773e+02 3.835587081530872355e-02 
2.820000000000000000e+02 3.977398362630904516e-02 
2.821000000000000227e+02 4.044030374060919586e-02 
2.821999999999999318e+02 3.972417408316386567e-02 
2.822999999999999545e+02 3.886727187400883243e-02 
2.823999999999999773e+02 3.885124576480883385e-02 
2.825000000000000000e+02 3.955496013390898818e-02 
2.826000000000000227e+02 3.852894290200876287e-02 
2.826999999999999318e+02 3.991638846696369397e-02 
2.827999999999999545e+02 3.873921139030880173e-02 
2.828999999999999773e+02 4.037713910650917587e-02 
2.830000000000000000e+02 3.916518932990890878e-02 
2.831000000000000227e+02 3.916014407330890151e-02 
2.831999999999999318e+02 3.764716065286576041e-02 
2.832999999999999545e+02 3.883586267850882429e-02 
2.833999999999999773e+02 3.773169343260857761e-02 
2.835000000000000000e+02 3.879985339610882156e-02 
2.836000000000000227e+02 3.773426552420857533e-02 
2.836999999999999318e+02 3.754917385556584553e-02 
2.837999999999999545e+02 3.817181787600867904e-02 
2.838999999999999773e+02 3.749797934010852540e-02 
2.840000000000000000e+02 3.882780016060882744e-02 
2.841000000000000227e+02 3.890407256920884460e-02 
2.841999999999999318e+02 3.901823386556451528e-02 
2.842999999999999545e+02 3.709876104580842743e-02 
2.843999999999999773e+02 3.744584502190850817e-02 
2.845000000000000000e+02 3.660576033470832463e-02 
2.846000000000000227e+02 3.814406896470867725e-02 
2.846999999999999318e+02 3.814589910676530887e-02 
2.847999999999999545e+02 3.753705534710852915e-02 
2.848999999999999773e+02 3.686514587990837727e-02 
2.850000000000000000e+02 3.834805561390871448e-02 
2.851000000000000227e+02 3.645638116870828643e-02 
2.851999999999999318e+02 3.707615631766628117e-02 
2.852999999999999545e+02 3.677042366040836341e-02 
2.853999999999999773e+02 3.744831818690851771e-02 
2.855000000000000000e+02 3.766333515200856463e-02 
2.856000000000000227e+02 3.720278236570846025e-02 
2.856999999999999318e+02 3.574880866216748054e-02 
2.857999999999999545e+02 3.563182795770809819e-02 
2.858999999999999773e+02 3.652874597660830946e-02 
2.860000000000000000e+02 3.556440947980808731e-02 
2.861000000000000227e+02 3.424339312670778013e-02 
2.861999999999999318e+02 3.562356758656759492e-02 
2.862999999999999545e+02 3.532975558460803300e-02 
2.863999999999999773e+02 3.707848109280843102e-02 
2.865000000000000000e+02 3.462322180740786542e-02 
2.866000000000000227e+02 3.517834842330799794e-02 
2.866999999999999318e+02 3.723048181366613724e-02 
2.867999999999999545e+02 3.634306074840826239e-02 
2.868999999999999773e+02 3.563207527420810677e-02 
2.870000000000000000e+02 3.367144898880765347e-02 
2.871000000000000227e+02 3.457148319560786331e-02 
2.871999999999999318e+02 3.664612238746666611e-02 
2.872999999999999545e+02 3.455773239820785631e-02 
2.873999999999999773e+02 3.426377200630778552e-02 
2.875000000000000000e+02 3.599365199720817865e-02 
2.876000000000000227e+02 3.641740408830827780e-02 
2.876999999999999318e+02 3.514773064056803120e-02 
2.877999999999999545e+02 3.479550248130790918e-02 
2.878999999999999773e+02 3.562277617380809475e-02 
2.880000000000000000e+02 3.404544100010773594e-02 
2.881000000000000227e+02 3.311933963420753135e-02 
2.881999999999999318e+02 3.521767174676797285e-02 
2.882999999999999545e+02 3.619170305040823182e-02 
2.883999999999999773e+02 3.317815149790753759e-02 
2.885000000000000000e+02 3.423928767280778190e-02 
2.886000000000000227e+02 3.435453716180780770e-02 
2.886999999999999318e+02 3.430591473786880063e-02 
2.887999999999999545e+02 3.416227331470776674e-02 
2.888999999999999773e+02 3.393929275830771114e-02 
2.890000000000000000e+02 3.412596725250776480e-02 
2.891000000000000227e+02 3.297193900020749940e-02 
2.891999999999999318e+02 3.390358025566916206e-02 
2.892999999999999545e+02 3.343659724040760201e-02 
2.893999999999999773e+02 3.353344638180762172e-02 
2.895000000000000000e+02 3.394260679940771380e-02 
2.896000000000000227e+02 3.331224650420757522e-02 
2.896999999999999318e+02 3.269771446497025946e-02 
2.897999999999999545e+02 3.318591723600754911e-02 
2.898999999999999773e+02 3.322360827060755889e-02 
2.900000000000000000e+02 3.322192651840755878e-02 
2.901000000000000227e+02 3.312908390430753525e-02 
2.901999999999999318e+02 3.196709206067092912e-02 
2.902999999999999545e+02 3.291164323750748327e-02 
2.903999999999999773e+02 3.217251314560731768e-02 
2.905000000000000000e+02 3.253072636420739627e-02 
2.906000000000000227e+02 3.246612729440738476e-02 
2.906999999999999318e+02 3.139762108777144345e-02 
2.907999999999999545e+02 3.125012152720711006e-02 
2.908999999999999773e+02 3.214135126660730424e-02 
2.910000000000000000e+02 3.321074781260754255e-02 
2.911000000000000227e+02 3.265844060480743022e-02 
2.911999999999999318e+02 3.177284968157109701e-02 
2.912999999999999545e+02 3.248601154100738686e-02 
2.913999999999999773e+02 3.220664282260732314e-02 
2.915000000000000000e+02 3.085317854470701407e-02 
2.916000000000000227e+02 3.196877381290726822e-02 
2.916999999999999318e+02 3.173995658707112755e-02 
2.917999999999999545e+02 3.051964751280693625e-02 
2.918999999999999773e+02 3.111286086970706938e-02 
2.920000000000000000e+02 3.081865316130700735e-02 
2.921000000000000227e+02 3.032827400510689636e-02 
2.921999999999999318e+02 3.130032677667153596e-02 
2.922999999999999545e+02 3.032495996400689370e-02 
2.923999999999999773e+02 3.065047794130696529e-02 
2.925000000000000000e+02 3.260912569470741929e-02 
2.926000000000000227e+02 3.086371422760702046e-02 
2.926999999999999318e+02 2.996788440127274439e-02 
2.927999999999999545e+02 2.853300353160648922e-02 
2.928999999999999773e+02 2.921678419080664044e-02 
2.930000000000000000e+02 3.079040961700700227e-02 
2.931000000000000227e+02 3.086791860810701726e-02 
2.931999999999999318e+02 3.118131807687164400e-02 
2.932999999999999545e+02 2.990269177190679750e-02 
2.933999999999999773e+02 2.979614782370677492e-02 
2.935000000000000000e+02 2.902244288510659465e-02 
2.936000000000000227e+02 2.917810389020663100e-02 
2.936999999999999318e+02 3.012621642457260357e-02 
2.937999999999999545e+02 2.959646448160672960e-02 
2.938999999999999773e+02 2.973209285020676079e-02 
2.940000000000000000e+02 2.926738514670665370e-02 
2.941000000000000227e+02 2.869870558660652521e-02 
2.941999999999999318e+02 2.895067163677366925e-02 
2.942999999999999545e+02 2.923028767170664233e-02 
2.943999999999999773e+02 2.873694071750653584e-02 
2.945000000000000000e+02 2.961961330600673334e-02 
2.946000000000000227e+02 2.910989399950661416e-02 
2.946999999999999318e+02 2.738130005437509548e-02 
2.947999999999999545e+02 2.824631424480641972e-02 
2.948999999999999773e+02 2.843002094100646054e-02 
2.950000000000000000e+02 2.802892304130637224e-02 
2.951000000000000227e+02 2.862545043930650804e-02 
2.951999999999999318e+02 2.748725044297499823e-02 
2.952999999999999545e+02 2.779159812790632164e-02 
2.953999999999999773e+02 2.756149485630627130e-02 
2.955000000000000000e+02 2.767244103820629131e-02 
2.956000000000000227e+02 2.743986460160624530e-02 
2.956999999999999318e+02 2.838555343427417652e-02 
2.957999999999999545e+02 2.697664079710613422e-02 
2.958999999999999773e+02 2.720080847270618662e-02 
2.960000000000000000e+02 2.809050484980638723e-02 
2.961000000000000227e+02 2.759344814810627336e-02 
2.961999999999999318e+02 2.726862265697520271e-02 
2.962999999999999545e+02 2.561585595080582631e-02 
2.963999999999999773e+02 2.638515865570600222e-02 
2.965000000000000000e+02 2.689997268210611581e-02 
2.966000000000000227e+02 2.717345526780617915e-02 
2.966999999999999318e+02 2.816831062067438191e-02 
2.967999999999999545e+02 2.661620173000605466e-02 
2.968999999999999773e+02 2.601952594210591926e-02 
2.970000000000000000e+02 2.527510327710574822e-02 
2.971000000000000227e+02 2.717202083210617722e-02 
2.971999999999999318e+02 2.607823887917628050e-02 
2.972999999999999545e+02 2.647770449000602308e-02 
2.973999999999999773e+02 2.628682561530597955e-02 
2.975000000000000000e+02 2.636423567980599250e-02 
2.976000000000000227e+02 2.655704362320603779e-02 
2.976999999999999318e+02 2.618824525837618045e-02 
2.977999999999999545e+02 2.530962866050575841e-02 
2.978999999999999773e+02 2.625853260770596997e-02 
2.980000000000000000e+02 2.662367068830605310e-02 
2.981000000000000227e+02 2.587168013840587463e-02 
2.981999999999999318e+02 2.467778446627755945e-02 
2.982999999999999545e+02 2.551663257100580257e-02 
2.983999999999999773e+02 2.543976660280578006e-02 
2.985000000000000000e+02 2.489403801390565815e-02 
2.986000000000000227e+02 2.490046824290566285e-02 
2.986999999999999318e+02 2.359117469187854005e-02 
2.987999999999999545e+02 2.468485771820561406e-02 
2.988999999999999773e+02 2.450486076950556674e-02 
2.990000000000000000e+02 2.372160941400539361e-02 
2.991000000000000227e+02 2.511805729960571096e-02 
2.991999999999999318e+02 2.480139325297744252e-02 
2.992999999999999545e+02 2.598277471020590465e-02 
2.993999999999999773e+02 2.294251297570521625e-02 
2.995000000000000000e+02 2.400488573310545840e-02 
2.996000000000000227e+02 2.488013882660565501e-02 
2.996999999999999318e+02 2.451208241127770734e-02 
2.997999999999999545e+02 2.330972851490529726e-02 
2.998999999999999773e+02 2.334761740270530767e-02 
3.000000000000000000e+02 2.351094521930535003e-02 
3.001000000000000227e+02 2.320585558490527445e-02 
3.001999999999999318e+02 2.228949848907972597e-02 
3.002999999999999545e+02 2.486688266220565130e-02 
3.003999999999999773e+02 2.410089399840547805e-02 
3.005000000000000000e+02 2.283591956420518918e-02 
3.006000000000000227e+02 2.375148524720539778e-02 
3.006999999999999318e+02 2.287138475027919449e-02 
3.007999999999999545e+02 2.371379421260539494e-02 
3.008999999999999773e+02 2.277087532470517886e-02 
3.010000000000000000e+02 2.318092608170526855e-02 
3.011000000000000227e+02 2.220155274170504400e-02 
3.011999999999999318e+02 2.288795495577918698e-02 
3.012999999999999545e+02 2.195547282420499263e-02 
3.013999999999999773e+02 2.240568778080509124e-02 
3.015000000000000000e+02 2.167748907820492982e-02 
3.016000000000000227e+02 2.245421127810510314e-02 
3.016999999999999318e+02 2.315985471587893654e-02 
3.017999999999999545e+02 2.299642797270522523e-02 
3.018999999999999773e+02 2.302511668670523606e-02 
3.020000000000000000e+02 2.181771753370495906e-02 
3.021000000000000227e+02 2.268515542580516048e-02 
3.021999999999999318e+02 2.134395804628059015e-02 
3.022999999999999545e+02 2.232570562470507364e-02 
3.023999999999999773e+02 2.276256549030517690e-02 
3.025000000000000000e+02 2.251787054520511949e-02 
3.026000000000000227e+02 2.064049099370468890e-02 
3.026999999999999318e+02 2.036547504568147690e-02 
3.027999999999999545e+02 2.207809234490502176e-02 
3.028999999999999773e+02 2.129251621430484215e-02 
3.030000000000000000e+02 2.122391061720482405e-02 
3.031000000000000227e+02 2.083181503810473817e-02 
3.031999999999999318e+02 2.095215924698094756e-02 
3.032999999999999545e+02 2.121639219560482459e-02 
3.033999999999999773e+02 1.991080839210452452e-02 
3.035000000000000000e+02 2.096012283830476705e-02 
3.036000000000000227e+02 2.020951726080459296e-02 
3.036999999999999318e+02 2.032867435048151331e-02 
3.037999999999999545e+02 2.055279256280467468e-02 
3.038999999999999773e+02 2.081984491950473332e-02 
3.040000000000000000e+02 1.941231725470441219e-02 
3.041000000000000227e+02 2.066789366190469740e-02 
3.041999999999999318e+02 1.991155034158189480e-02 
3.042999999999999545e+02 2.013932883810457680e-02 
3.043999999999999773e+02 2.013270075590457842e-02 
3.045000000000000000e+02 1.926016814390437912e-02 
3.046000000000000227e+02 1.971992951740448446e-02 
3.046999999999999318e+02 1.923687092958250786e-02 
3.047999999999999545e+02 1.957787091980444857e-02 
3.048999999999999773e+02 1.861971733550423294e-02 
3.050000000000000000e+02 1.928356428480438450e-02 
3.051000000000000227e+02 1.900760853410432549e-02 
3.051999999999999318e+02 1.895042895928276266e-02 
3.052999999999999545e+02 1.859389749290422597e-02 
3.053999999999999773e+02 1.921387049510437164e-02 
3.055000000000000000e+02 1.902180450120432437e-02 
3.056000000000000227e+02 1.810193551110411345e-02 
3.056999999999999318e+02 1.954942952228222106e-02 
3.057999999999999545e+02 1.786822141860406124e-02 
3.058999999999999773e+02 1.828574113390415631e-02 
3.060000000000000000e+02 1.850788081420420492e-02 
3.061000000000000227e+02 1.838669572920418119e-02 
3.061999999999999318e+02 2.095675933388093867e-02 
3.062999999999999545e+02 1.818597365780413519e-02 
3.063999999999999773e+02 1.832313538870416342e-02 
3.065000000000000000e+02 1.793964642380407870e-02 
3.066000000000000227e+02 1.791481584720407486e-02 
3.066999999999999318e+02 1.800523475958362013e-02 
3.067999999999999545e+02 1.796709855530408476e-02 
3.068999999999999773e+02 1.816762277350413013e-02 
3.070000000000000000e+02 1.766467993910401588e-02 
3.071000000000000227e+02 1.775950108520403525e-02 
3.071999999999999318e+02 1.650545804028498778e-02 
3.072999999999999545e+02 1.728173507050393201e-02 
3.073999999999999773e+02 1.767758986040401936e-02 
3.075000000000000000e+02 1.705875451410387988e-02 
3.076000000000000227e+02 1.766082180170401583e-02 
3.076999999999999318e+02 1.721728439058434201e-02 
3.077999999999999545e+02 1.751203619530398298e-02 
3.078999999999999773e+02 1.750431992050397942e-02 
3.080000000000000000e+02 1.718414397960390735e-02 
3.081000000000000227e+02 1.768040926850401873e-02 
3.081999999999999318e+02 1.713290000078441719e-02 
3.082999999999999545e+02 1.669707886450379555e-02 
3.083999999999999773e+02 1.724162033420392065e-02 
3.085000000000000000e+02 1.627263428720369942e-02 
3.086000000000000227e+02 1.647637361990374541e-02 
3.086999999999999318e+02 1.651025598038498299e-02 
3.087999999999999545e+02 1.685031616790383033e-02 
3.088999999999999773e+02 1.576162893490358138e-02 
3.090000000000000000e+02 1.706266211480388095e-02 
3.091000000000000227e+02 1.578467883270359001e-02 
3.091999999999999318e+02 1.616890974708529508e-02 
3.092999999999999545e+02 1.570578486920357411e-02 
3.093999999999999773e+02 1.647820376200374512e-02 
3.095000000000000000e+02 1.597867389530362864e-02 
3.096000000000000227e+02 1.698876394460386088e-02 
3.096999999999999318e+02 1.668827439708482283e-02 
3.097999999999999545e+02 1.614398024390367031e-02 
3.098999999999999773e+02 1.620709541470368234e-02 
3.100000000000000000e+02 1.605934853760365016e-02 
3.101000000000000227e+02 1.575054915570358108e-02 
3.101999999999999318e+02 1.666017924268484510e-02 
3.102999999999999545e+02 1.651050329690375087e-02 
3.103999999999999773e+02 1.585269087020360276e-02 
3.105000000000000000e+02 1.581925367940359428e-02 
3.106000000000000227e+02 1.546034797460351176e-02 
3.106999999999999318e+02 1.629786057018517767e-02 
3.107999999999999545e+02 1.597333185890363258e-02 
3.108999999999999773e+02 1.576909789320358329e-02 
3.110000000000000000e+02 1.553221814950353150e-02 
3.111000000000000227e+02 1.601463371440363728e-02 
3.111999999999999318e+02 1.629454652908518195e-02 
3.112999999999999545e+02 1.549472496810352061e-02 
3.113999999999999773e+02 1.540905453250350325e-02 
3.115000000000000000e+02 1.549378516540352371e-02 
3.116000000000000227e+02 1.561754234200354863e-02 
3.116999999999999318e+02 1.562199403898578871e-02 
3.117999999999999545e+02 1.593697633340362615e-02 
3.118999999999999773e+02 1.620130820860368401e-02 
3.120000000000000000e+02 1.691907015490384456e-02 
3.121000000000000227e+02 1.559098054990354539e-02 
3.121999999999999318e+02 1.581420842278561528e-02 
3.122999999999999545e+02 1.640475076150372732e-02 
3.123999999999999773e+02 1.641439610500372917e-02 
3.125000000000000000e+02 1.515822613820344729e-02 
3.126000000000000227e+02 1.532041629890347999e-02 
3.126999999999999318e+02 1.612805306128533428e-02 
3.127999999999999545e+02 1.497254091000340369e-02 
3.128999999999999773e+02 1.475806804120335589e-02 
3.130000000000000000e+02 1.547029009790351975e-02 
3.131000000000000227e+02 1.588667215730361210e-02 
3.131999999999999318e+02 1.515867130788621162e-02 
3.132999999999999545e+02 1.459582841720331869e-02 
3.133999999999999773e+02 1.477483609990335768e-02 
3.135000000000000000e+02 1.541439656890350278e-02 
3.136000000000000227e+02 1.512241470900343998e-02 
3.136999999999999318e+02 1.531260109748607337e-02 
3.137999999999999545e+02 1.586194050730360336e-02 
3.138999999999999773e+02 1.462189557630332384e-02 
3.140000000000000000e+02 1.480936148330336613e-02 
3.141000000000000227e+02 1.486273238400338120e-02 
3.141999999999999318e+02 1.514853133138622208e-02 
3.142999999999999545e+02 1.525428386680346797e-02 
3.143999999999999773e+02 1.562639627270355144e-02 
3.145000000000000000e+02 1.480352481390336331e-02 
3.146000000000000227e+02 1.558608368320354293e-02 
3.146999999999999318e+02 1.396289603038729926e-02 
3.147999999999999545e+02 1.492367116960339156e-02 
3.148999999999999773e+02 1.376746653210312969e-02 
3.150000000000000000e+02 1.460349522870332123e-02 
3.151000000000000227e+02 1.386510708630315364e-02 
3.151999999999999318e+02 1.399381059288727289e-02 
3.152999999999999545e+02 1.478359110400336192e-02 
3.153999999999999773e+02 1.374594999660312331e-02 
3.155000000000000000e+02 1.384324430770314703e-02 
3.156000000000000227e+02 1.492055498170339126e-02 
3.156999999999999318e+02 1.399044708848727614e-02 
3.157999999999999545e+02 1.445337411320328502e-02 
3.158999999999999773e+02 1.407003353820319991e-02 
3.160000000000000000e+02 1.317677580350299499e-02 
3.161000000000000227e+02 1.387747291130315454e-02 
3.161999999999999318e+02 1.426392967418702723e-02 
3.162999999999999545e+02 1.443586410500328002e-02 
3.163999999999999773e+02 1.363901034200309947e-02 
3.165000000000000000e+02 1.436399393010326722e-02 
3.166000000000000227e+02 1.323568659380300848e-02 
3.166999999999999318e+02 1.394904630638731449e-02 
3.167999999999999545e+02 1.320566237070300297e-02 
3.168999999999999773e+02 1.333639387260303170e-02 
3.170000000000000000e+02 1.324355125850301164e-02 
3.171000000000000227e+02 1.348819674030306802e-02 
3.171999999999999318e+02 1.354235905378768125e-02 
3.172999999999999545e+02 1.270242275650288778e-02 
3.173999999999999773e+02 1.345332511380305934e-02 
3.175000000000000000e+02 1.419562085690322627e-02 
3.176000000000000227e+02 1.369445870130311244e-02 
3.176999999999999318e+02 1.397783394698728573e-02 
3.177999999999999545e+02 1.322925636480300725e-02 
3.178999999999999773e+02 1.230755723260279835e-02 
3.180000000000000000e+02 1.295433934340294371e-02 
3.181000000000000227e+02 1.345683700810305743e-02 
3.181999999999999318e+02 1.328767252208791320e-02 
3.182999999999999545e+02 1.259419705610286162e-02 
3.183999999999999773e+02 1.267121141420288026e-02 
3.185000000000000000e+02 1.364915031850310288e-02 
3.186000000000000227e+02 1.281856258490291639e-02 
3.186999999999999318e+02 1.285531381678830902e-02 
3.187999999999999545e+02 1.314620748410298863e-02 
3.188999999999999773e+02 1.336661594890303784e-02 
3.190000000000000000e+02 1.232170373640279967e-02 
3.191000000000000227e+02 1.304075172850296428e-02 
3.191999999999999318e+02 1.343645812848777779e-02 
3.192999999999999545e+02 1.171864718280266233e-02 
3.193999999999999773e+02 1.338135601230304103e-02 
3.195000000000000000e+02 1.310589489460298011e-02 
3.196000000000000227e+02 1.230058290730279627e-02 
3.196999999999999318e+02 1.269203546348845676e-02 
3.197999999999999545e+02 1.210718140430275258e-02 
3.198999999999999773e+02 1.331591606640302773e-02 
3.200000000000000000e+02 1.234786982210280860e-02 
3.201000000000000227e+02 1.249858449720284148e-02 
3.201999999999999318e+02 1.243388650078868993e-02 
3.202999999999999545e+02 1.336493419670303599e-02 
3.203999999999999773e+02 1.361788951290309607e-02 
3.205000000000000000e+02 1.266067573130287734e-02 
3.206000000000000227e+02 1.246410857710283232e-02 
3.206999999999999318e+02 1.272725333308842577e-02 
3.207999999999999545e+02 1.261289418350286864e-02 
3.208999999999999773e+02 1.334480263360303398e-02 
3.210000000000000000e+02 1.269253009650288602e-02 
3.211000000000000227e+02 1.244175116550282761e-02 
3.211999999999999318e+02 1.319364278878800041e-02 
3.212999999999999545e+02 1.311944783880298303e-02 
3.213999999999999773e+02 1.210876422990275411e-02 
3.215000000000000000e+02 1.312637270080298409e-02 
3.216000000000000227e+02 1.305361218650297021e-02 
3.216999999999999318e+02 1.229529033418881763e-02 
3.217999999999999545e+02 1.255413178310285476e-02 
3.218999999999999773e+02 1.262016528860286819e-02 
3.220000000000000000e+02 1.340465322660304610e-02 
3.221000000000000227e+02 1.214843379650276320e-02 
3.221999999999999318e+02 1.255759421408857851e-02 
3.222999999999999545e+02 1.208363687350274586e-02 
3.223999999999999773e+02 1.267417921220288096e-02 
3.225000000000000000e+02 1.246114077910283509e-02 
3.226000000000000227e+02 1.316193681350299148e-02 
3.226999999999999318e+02 1.331942796068788515e-02 
3.227999999999999545e+02 1.162966270610264405e-02 
3.228999999999999773e+02 1.194687084900271541e-02 
3.230000000000000000e+02 1.366052687750310586e-02 
3.231000000000000227e+02 1.220986721510277685e-02 
3.231999999999999318e+02 1.326902485798793149e-02 
3.232999999999999545e+02 1.215896947940276265e-02 
3.233999999999999773e+02 1.216332224980276426e-02 
3.235000000000000000e+02 1.274684079990289799e-02 
3.236000000000000227e+02 1.295062959590294327e-02 
3.236999999999999318e+02 1.262085777478852075e-02 
3.237999999999999545e+02 1.254483268270285314e-02 
3.238999999999999773e+02 1.344194855480305636e-02 
3.240000000000000000e+02 1.354319992990308044e-02 
3.241000000000000227e+02 1.177953650510267861e-02 
3.241999999999999318e+02 1.325789561548794231e-02 
3.242999999999999545e+02 1.213507870550275744e-02 
3.243999999999999773e+02 1.235019459720280641e-02 
3.245000000000000000e+02 1.271068312760288699e-02 
3.246000000000000227e+02 1.314764191980299056e-02 
3.246999999999999318e+02 1.243190796878869409e-02 
3.247999999999999545e+02 1.246826349430283330e-02 
3.248999999999999773e+02 1.255428017300285609e-02 
3.250000000000000000e+02 1.243175957890282901e-02 
3.251000000000000227e+02 1.370895144820311572e-02 
3.251999999999999318e+02 1.333683904228787076e-02 
3.252999999999999545e+02 1.322238096610300548e-02 
3.253999999999999773e+02 1.239906433760281854e-02 
3.255000000000000000e+02 1.369337050870311247e-02 
3.256000000000000227e+02 1.264370981940287492e-02 
3.256999999999999318e+02 1.198218764518910358e-02 
3.257999999999999545e+02 1.268367616580288494e-02 
3.258999999999999773e+02 1.318261247290299781e-02 
3.260000000000000000e+02 1.241889912090282308e-02 
3.261000000000000227e+02 1.329301455850302044e-02 
3.261999999999999318e+02 1.237472839398874591e-02 
3.262999999999999545e+02 1.230622172350279674e-02 
3.263999999999999773e+02 1.233965891430280522e-02 
3.265000000000000000e+02 1.279506751740290896e-02 
3.266000000000000227e+02 1.210075117530274962e-02 
3.266999999999999318e+02 1.263139345768850806e-02 
3.267999999999999545e+02 1.319863858210299987e-02 
3.268999999999999773e+02 1.375267700540312721e-02 
3.270000000000000000e+02 1.211929991280275530e-02 
3.271000000000000227e+02 1.367590996380311195e-02 
3.271999999999999318e+02 1.404505457168722486e-02 
3.272999999999999545e+02 1.250511365280284302e-02 
3.273999999999999773e+02 1.259958855580286217e-02 
3.275000000000000000e+02 1.331186007580302880e-02 
3.276000000000000227e+02 1.344768629760305541e-02 
3.276999999999999318e+02 1.250353082718862717e-02 
3.277999999999999545e+02 1.271928974180289162e-02 
3.278999999999999773e+02 1.265098092450287794e-02 
3.280000000000000000e+02 1.346455328290305925e-02 
3.281000000000000227e+02 1.245322665110283090e-02 
3.281999999999999318e+02 1.286985602698829598e-02 
3.282999999999999545e+02 1.268476435840288491e-02 
3.283999999999999773e+02 1.346509737920306010e-02 
3.285000000000000000e+02 1.274308158910289306e-02 
3.286000000000000227e+02 1.272636299370289402e-02 
3.286999999999999318e+02 1.343017628938778484e-02 
3.287999999999999545e+02 1.259038838200286260e-02 
3.288999999999999773e+02 1.401112274790318642e-02 
3.290000000000000000e+02 1.337497524660304082e-02 
3.291000000000000227e+02 1.345010999930305699e-02 
3.291999999999999318e+02 1.285818268818830420e-02 
3.292999999999999545e+02 1.272512641120289445e-02 
3.293999999999999773e+02 1.299771865750295498e-02 
3.295000000000000000e+02 1.362263798970309893e-02 
3.296000000000000227e+02 1.335608026600303665e-02 
3.296999999999999318e+02 1.318983411468800312e-02 
3.297999999999999545e+02 1.369915771480311253e-02 
3.298999999999999773e+02 1.361299264620309535e-02 
3.300000000000000000e+02 1.306751137380296988e-02 
3.301000000000000227e+02 1.282133252970291300e-02 
3.301999999999999318e+02 1.330567716328789722e-02 
3.302999999999999545e+02 1.266666079060287629e-02 
3.303999999999999773e+02 1.371909142470311913e-02 
3.305000000000000000e+02 1.290655779560293155e-02 
3.306000000000000227e+02 1.375500178050312501e-02 
3.306999999999999318e+02 1.364672661678758940e-02 
3.307999999999999545e+02 1.347053834220306341e-02 
3.308999999999999773e+02 1.312612538430298244e-02 
3.310000000000000000e+02 1.425195955560324031e-02 
3.311000000000000227e+02 1.283864468470291911e-02 
3.311999999999999318e+02 1.329004676048791203e-02 
3.312999999999999545e+02 1.338511522310304250e-02 
3.313999999999999773e+02 1.311934891220298098e-02 
3.315000000000000000e+02 1.360413871550309080e-02 
3.316000000000000227e+02 1.245243523830282840e-02 
3.316999999999999318e+02 1.429167858548700126e-02 
3.317999999999999545e+02 1.377468817390313169e-02 
3.318999999999999773e+02 1.306573069500297120e-02 
3.320000000000000000e+02 1.330251151210302442e-02 
3.321000000000000227e+02 1.345184121480305812e-02 
3.321999999999999318e+02 1.351451121588770864e-02 
3.322999999999999545e+02 1.283577581330291872e-02 
3.323999999999999773e+02 1.420922326440323194e-02 
3.325000000000000000e+02 1.321001514110300284e-02 
3.326000000000000227e+02 1.385941880680315215e-02 
3.326999999999999318e+02 1.330394594778789956e-02 
3.327999999999999545e+02 1.375173720270312511e-02 
3.328999999999999773e+02 1.361635615060309557e-02 
3.330000000000000000e+02 1.273442551160289260e-02 
3.331000000000000227e+02 1.301963089940295915e-02 
3.331999999999999318e+02 1.336409332058784323e-02 
3.332999999999999545e+02 1.268516006480288616e-02 
3.333999999999999773e+02 1.251470953300284732e-02 
3.335000000000000000e+02 1.260379293630286592e-02 
3.336000000000000227e+02 1.371449133780311760e-02 
3.336999999999999318e+02 1.247137968218865571e-02 
3.337999999999999545e+02 1.370321370540311320e-02 
3.338999999999999773e+02 1.323004777760300801e-02 
3.340000000000000000e+02 1.345723271450306215e-02 
3.341000000000000227e+02 1.247454533340283493e-02 
3.341999999999999318e+02 1.343690329818777660e-02 
3.342999999999999545e+02 1.394251715080317006e-02 
3.343999999999999773e+02 1.404342228280319217e-02 
3.345000000000000000e+02 1.368604994030311016e-02 
3.346000000000000227e+02 1.377770543520313168e-02 
3.346999999999999318e+02 1.383503339988741664e-02 
3.347999999999999545e+02 1.353953964570307582e-02 
3.348999999999999773e+02 1.334950164710303408e-02 
3.350000000000000000e+02 1.333055720320303235e-02 
3.351000000000000227e+02 1.287732498530292854e-02 
3.351999999999999318e+02 1.283424245098832919e-02 
3.352999999999999545e+02 1.376064059670312548e-02 
3.353999999999999773e+02 1.411816132910321056e-02 
3.355000000000000000e+02 1.358905240900308738e-02 
3.356000000000000227e+02 1.436063042570326700e-02 
3.356999999999999318e+02 1.347627608498774311e-02 
3.357999999999999545e+02 1.303174940790296360e-02 
3.358999999999999773e+02 1.326308926200301525e-02 
3.360000000000000000e+02 1.284606417970292000e-02 
3.361000000000000227e+02 1.323563713050300746e-02 
3.361999999999999318e+02 1.283132411628832951e-02 
3.362999999999999545e+02 1.266260480000287736e-02 
3.363999999999999773e+02 1.296794175090294765e-02 
3.365000000000000000e+02 1.286550325660292503e-02 
3.366000000000000227e+02 1.302581381190296220e-02 
3.366999999999999318e+02 1.293722504158823297e-02 
3.367999999999999545e+02 1.351772633040307370e-02 
3.368999999999999773e+02 1.322341969540300442e-02 
3.370000000000000000e+02 1.362570471430309647e-02 
3.371000000000000227e+02 1.318943840830299682e-02 
3.371999999999999318e+02 1.361902716878761119e-02 
3.372999999999999545e+02 1.373472182750312340e-02 
3.373999999999999773e+02 1.406231726340319808e-02 
3.375000000000000000e+02 1.339387022720304327e-02 
3.376000000000000227e+02 1.327797771530301804e-02 
3.376999999999999318e+02 1.303357954998814704e-02 
3.377999999999999545e+02 1.280500964070291174e-02 
3.378999999999999773e+02 1.276336154210290161e-02 
3.380000000000000000e+02 1.284611364300292102e-02 
3.381000000000000227e+02 1.294414990360294275e-02 
3.381999999999999318e+02 1.465849841828666990e-02 
3.382999999999999545e+02 1.252539360580284811e-02 
3.383999999999999773e+02 1.319374171540299741e-02 
3.385000000000000000e+02 1.315011508480298796e-02 
3.386000000000000227e+02 1.262392449940287140e-02 
3.386999999999999318e+02 1.370351048518753459e-02 
3.387999999999999545e+02 1.411677635670320965e-02 
3.388999999999999773e+02 1.250313512080284024e-02 
3.390000000000000000e+02 1.374322951510312425e-02 
3.391000000000000227e+02 1.367531640420310834e-02 
3.391999999999999318e+02 1.237082079328874831e-02 
3.392999999999999545e+02 1.396205515430317540e-02 
3.393999999999999773e+02 1.316727884990299274e-02 
3.395000000000000000e+02 1.344813146730305595e-02 
3.396000000000000227e+02 1.350956488590307134e-02 
3.396999999999999318e+02 1.328267672878792084e-02 
3.397999999999999545e+02 1.361259693980309410e-02 
3.398999999999999773e+02 1.272735225970289541e-02 
3.400000000000000000e+02 1.317306605600299454e-02 
3.401000000000000227e+02 1.324097916690301045e-02 
3.401999999999999318e+02 1.364281901608759354e-02 
3.402999999999999545e+02 1.405460098860319799e-02 
3.403999999999999773e+02 1.309328175310297757e-02 
3.405000000000000000e+02 1.426313826140324093e-02 
3.406000000000000227e+02 1.386540386610315284e-02 
3.406999999999999318e+02 1.265073360798849370e-02 
3.407999999999999545e+02 1.308912683590297485e-02 
3.408999999999999773e+02 1.307324911660297240e-02 
3.410000000000000000e+02 1.283745756550291883e-02 
3.411000000000000227e+02 1.317984252810299600e-02 
3.411999999999999318e+02 1.257569778188856284e-02 
3.412999999999999545e+02 1.301379423000295632e-02 
3.413999999999999773e+02 1.343601295880305496e-02 
3.415000000000000000e+02 1.305212828750296726e-02 
3.416000000000000227e+02 1.223761612640278211e-02 
3.416999999999999318e+02 1.265543262148848859e-02 
3.417999999999999545e+02 1.374011332720312395e-02 
3.418999999999999773e+02 1.262615034790286889e-02 
3.420000000000000000e+02 1.388256763120315589e-02 
3.421000000000000227e+02 1.249942537330284154e-02 
3.421999999999999318e+02 1.346757054418775204e-02 
3.422999999999999545e+02 1.329796088850302392e-02 
3.423999999999999773e+02 1.297402573680294866e-02 
3.425000000000000000e+02 1.299316803390295448e-02 
3.426000000000000227e+02 1.372606575000311947e-02 
3.426999999999999318e+02 1.349655603798772564e-02 
3.427999999999999545e+02 1.314284397970299015e-02 
3.428999999999999773e+02 1.274486226790289695e-02 
3.430000000000000000e+02 1.441939282610327916e-02 
3.431000000000000227e+02 1.324256199250301025e-02 
3.431999999999999318e+02 1.346524576908775424e-02 
3.432999999999999545e+02 1.265775739660287939e-02 
3.433999999999999773e+02 1.350362928990307167e-02 
3.435000000000000000e+02 1.313586965440298807e-02 
3.436000000000000227e+02 1.313394058570298457e-02 
3.436999999999999318e+02 1.341301252428780261e-02 
3.437999999999999545e+02 1.358484802850308884e-02 
3.438999999999999773e+02 1.252010103270284613e-02 
3.440000000000000000e+02 1.348953224940306617e-02 
3.441000000000000227e+02 1.312716411360298485e-02 
3.441999999999999318e+02 1.334866077098785866e-02 
3.442999999999999545e+02 1.333495943690303151e-02 
3.443999999999999773e+02 1.253914440320285165e-02 
3.445000000000000000e+02 1.339253471810304338e-02 
3.446000000000000227e+02 1.355116352120307871e-02 
3.446999999999999318e+02 1.289894044738826642e-02 
3.447999999999999545e+02 1.347157707150306236e-02 
3.448999999999999773e+02 1.296853531050294953e-02 
3.450000000000000000e+02 1.294494131640294525e-02 
3.451000000000000227e+02 1.335815772460303801e-02 
3.451999999999999318e+02 1.273818472238841606e-02 
3.452999999999999545e+02 1.253400022000284754e-02 
3.453999999999999773e+02 1.243838766110282740e-02 
3.455000000000000000e+02 1.299851007030295748e-02 
3.456000000000000227e+02 1.328262726550302059e-02 
3.456999999999999318e+02 1.367373357858756196e-02 
3.457999999999999545e+02 1.303674520120296290e-02 
3.458999999999999773e+02 1.286481077040292458e-02 
3.460000000000000000e+02 1.298109898870294932e-02 
3.461000000000000227e+02 1.268422026210288232e-02 
3.461999999999999318e+02 1.335583294948785270e-02 
3.462999999999999545e+02 1.368100468370311157e-02 
3.463999999999999773e+02 1.252979583950285074e-02 
3.465000000000000000e+02 1.280980758080291215e-02 
3.466000000000000227e+02 1.363114567730309805e-02 
3.466999999999999318e+02 1.328223155908791857e-02 
3.467999999999999545e+02 1.359904399560309118e-02 
3.468999999999999773e+02 1.346242636100306381e-02 
3.470000000000000000e+02 1.277379829840290595e-02 
3.471000000000000227e+02 1.355883033270307951e-02 
3.471999999999999318e+02 1.320368383868799136e-02 
3.472999999999999545e+02 1.262446859570286878e-02 
3.473999999999999773e+02 1.304203777430296314e-02 
3.475000000000000000e+02 1.316198627680299250e-02 
3.476000000000000227e+02 1.376840633480313006e-02 
3.476999999999999318e+02 1.265261321338849269e-02 
3.477999999999999545e+02 1.321055923740300543e-02 
3.478999999999999773e+02 1.269940549520288953e-02 
3.480000000000000000e+02 1.304005924230296383e-02 
3.481000000000000227e+02 1.352460172910307547e-02 
3.481999999999999318e+02 1.355462595218767316e-02 
3.482999999999999545e+02 1.311727145360298309e-02 
3.483999999999999773e+02 1.230444104470279458e-02 
3.485000000000000000e+02 1.270974332490289183e-02 
3.486000000000000227e+02 1.322727783280300794e-02 
3.486999999999999318e+02 1.275391405178839983e-02 
3.487999999999999545e+02 1.351985325230307435e-02 
3.488999999999999773e+02 1.227965993140279176e-02 
3.490000000000000000e+02 1.231171214980280107e-02 
3.491000000000000227e+02 1.323133382340300687e-02 
3.491999999999999318e+02 1.300350586358817347e-02 
3.492999999999999545e+02 1.307745349710297267e-02 
3.493999999999999773e+02 1.334178537230303226e-02 
3.495000000000000000e+02 1.401542605500318527e-02 
3.496000000000000227e+02 1.222693205360278132e-02 
3.496999999999999318e+02 1.299212930458818437e-02 
3.497999999999999545e+02 1.297684514490294976e-02 
3.498999999999999773e+02 1.304327435680296791e-02 
3.500000000000000000e+02 1.312676840720298534e-02 
3.501000000000000227e+02 1.335825665120303485e-02 
3.501999999999999318e+02 1.265251428678849238e-02 
3.502999999999999545e+02 1.362882090220310025e-02 
3.503999999999999773e+02 1.261383398620286554e-02 
3.505000000000000000e+02 1.295097583900294350e-02 
3.506000000000000227e+02 1.300637473500295543e-02 
3.506999999999999318e+02 1.238951792068873105e-02 
3.507999999999999545e+02 1.301191462460295732e-02 
3.508999999999999773e+02 1.274026218100289889e-02 
3.510000000000000000e+02 1.258608507490286202e-02 
3.511000000000000227e+02 1.206118053530274258e-02 
3.511999999999999318e+02 1.290497496998826120e-02 
3.512999999999999545e+02 1.345911231990306114e-02 
3.513999999999999773e+02 1.254344771030285050e-02 
3.515000000000000000e+02 1.245144597230283048e-02 
3.516000000000000227e+02 1.255957274610285633e-02 
3.516999999999999318e+02 1.228257826608882691e-02 
3.517999999999999545e+02 1.354132032450307797e-02 
3.518999999999999773e+02 1.225937997840278668e-02 
3.520000000000000000e+02 1.221847382930277628e-02 
3.521000000000000227e+02 1.172309887980266599e-02 
3.521999999999999318e+02 1.293559275268823389e-02 
3.522999999999999545e+02 1.204278018770273823e-02 
3.523999999999999773e+02 1.265206911710287790e-02 
3.525000000000000000e+02 1.246717530170283507e-02 
3.526000000000000227e+02 1.254977901270285315e-02 
3.526999999999999318e+02 1.185793583558921588e-02 
3.527999999999999545e+02 1.269663555040288598e-02 
3.528999999999999773e+02 1.191377990130270889e-02 
3.530000000000000000e+02 1.289819849790293203e-02 
3.531000000000000227e+02 1.315095596090299149e-02 
3.531999999999999318e+02 1.261230062388853101e-02 
3.532999999999999545e+02 1.231552082390280009e-02 
3.533999999999999773e+02 1.307661262100297261e-02 
3.535000000000000000e+02 1.187871042160269959e-02 
3.536000000000000227e+02 1.165231689750264796e-02 
3.536999999999999318e+02 1.246826349428866061e-02 
3.537999999999999545e+02 1.274233963960289505e-02 
3.538999999999999773e+02 1.185219809280269564e-02 
3.540000000000000000e+02 1.156654753530263029e-02 
3.541000000000000227e+02 1.278789533890290625e-02 
3.541999999999999318e+02 1.255927596628857341e-02 
3.542999999999999545e+02 1.249640811200284155e-02 
3.543999999999999773e+02 1.209991029920274956e-02 
3.545000000000000000e+02 1.201532805620273044e-02 
3.546000000000000227e+02 1.305662944780297020e-02 
3.546999999999999318e+02 1.284502545038831642e-02 
3.547999999999999545e+02 1.157322508080263143e-02 
3.548999999999999773e+02 1.222317284280277985e-02 
3.550000000000000000e+02 1.167576250170265263e-02 
3.551000000000000227e+02 1.163431225630264486e-02 
3.551999999999999318e+02 1.138585810038964322e-02 
3.552999999999999545e+02 1.243640912910282809e-02 
3.553999999999999773e+02 1.186189289960269851e-02 
3.555000000000000000e+02 1.244105867930282716e-02 
3.556000000000000227e+02 1.180461439820268583e-02 
3.556999999999999318e+02 1.122168940768979509e-02 
3.557999999999999545e+02 1.294741448140294439e-02 
3.558999999999999773e+02 1.103857627110251156e-02 
3.560000000000000000e+02 1.236048296360280942e-02 
3.561000000000000227e+02 1.251297831750284445e-02 
3.561999999999999318e+02 1.210881369318898837e-02 
3.562999999999999545e+02 1.211351270670275350e-02 
3.563999999999999773e+02 1.236270881210281211e-02 
3.565000000000000000e+02 1.209239187760275010e-02 
3.566000000000000227e+02 1.142869331820259814e-02 
3.566999999999999318e+02 1.244555983958868170e-02 
3.567999999999999545e+02 1.194301271160271363e-02 
3.568999999999999773e+02 1.179318837590268183e-02 
3.570000000000000000e+02 1.262174811420286799e-02 
3.571000000000000227e+02 1.224815180930278330e-02 
3.571999999999999318e+02 1.191160351608916597e-02 
3.572999999999999545e+02 1.295755445790294259e-02 
3.573999999999999773e+02 1.219750139010277248e-02 
3.575000000000000000e+02 1.239406854430281577e-02 
3.576000000000000227e+02 1.157713268150263250e-02 
3.576999999999999318e+02 1.158964689638945951e-02 
3.577999999999999545e+02 1.139926265470259104e-02 
3.578999999999999773e+02 1.181554578750268654e-02 
3.580000000000000000e+02 1.275886038180290040e-02 
3.581000000000000227e+02 1.184448181800269034e-02 
3.581999999999999318e+02 1.246945061348865916e-02 
3.582999999999999545e+02 1.234846338170280701e-02 
3.583999999999999773e+02 1.162694222460264326e-02 
3.585000000000000000e+02 1.147499096700260908e-02 
3.586000000000000227e+02 1.225997353800278508e-02 
3.586999999999999318e+02 1.238971577388873167e-02 
3.587999999999999545e+02 1.190265065880270756e-02 
3.588999999999999773e+02 1.258405707960286168e-02 
3.590000000000000000e+02 1.296532019600294544e-02 
3.591000000000000227e+02 1.309822808310297931e-02 
3.591999999999999318e+02 1.268862249578845899e-02 
3.592999999999999545e+02 1.316386588220299497e-02 
3.593999999999999773e+02 1.134994774460258010e-02 
3.595000000000000000e+02 1.266181338720287833e-02 
3.596000000000000227e+02 1.206493974610274231e-02 
3.596999999999999318e+02 1.194024276678913934e-02 
3.597999999999999545e+02 1.258563990520286321e-02 
3.598999999999999773e+02 1.288256809510292603e-02 
3.600000000000000000e+02 1.206963875960274241e-02 
3.601000000000000227e+02 1.291570850610293704e-02 
3.601999999999999318e+02 1.171177178408934656e-02 
3.602999999999999545e+02 1.225542291440278632e-02 
3.603999999999999773e+02 1.163322406370264489e-02 
3.605000000000000000e+02 1.189720969580270425e-02 
3.606000000000000227e+02 1.245411699050283198e-02 
3.606999999999999318e+02 1.254329932038859147e-02 
3.607999999999999545e+02 1.226185314340278755e-02 
3.608999999999999773e+02 1.210322434030275222e-02 
3.610000000000000000e+02 1.203555854590273450e-02 
3.611000000000000227e+02 1.145080341330260466e-02 
3.611999999999999318e+02 1.127496138178974393e-02 
3.612999999999999545e+02 1.212518604550275568e-02 
3.613999999999999773e+02 1.233243727250280496e-02 
3.615000000000000000e+02 1.203071114250273306e-02 
3.616000000000000227e+02 1.240282354840282000e-02 
3.616999999999999318e+02 1.118439407948982646e-02 
3.617999999999999545e+02 1.209456826280275003e-02 
3.618999999999999773e+02 1.234559451030280489e-02 
3.620000000000000000e+02 1.203511337620273396e-02 
3.621000000000000227e+02 1.201048065280273074e-02 
3.621999999999999318e+02 1.327684005938792322e-02 
3.622999999999999545e+02 1.199870838740272651e-02 
3.623999999999999773e+02 1.264059363150287114e-02 
3.625000000000000000e+02 1.198164354890272551e-02 
3.626000000000000227e+02 1.142844600170259649e-02 
3.626999999999999318e+02 1.251698484478861763e-02 
3.627999999999999545e+02 1.161645600500264136e-02 
3.628999999999999773e+02 1.149611179610261422e-02 
3.630000000000000000e+02 1.158039725930263240e-02 
3.631000000000000227e+02 1.180575205410268509e-02 
3.631999999999999318e+02 1.187010380738920401e-02 
3.632999999999999545e+02 1.255368661340285595e-02 
3.633999999999999773e+02 1.273368356210289459e-02 
3.635000000000000000e+02 1.279917297130290892e-02 
3.636000000000000227e+02 1.158479949300263330e-02 
3.636999999999999318e+02 1.185640247328921537e-02 
3.637999999999999545e+02 1.154587187590262395e-02 
3.638999999999999773e+02 1.167947224920265654e-02 
3.640000000000000000e+02 1.225265296960278451e-02 
3.641000000000000227e+02 1.200494076320272885e-02 
3.641999999999999318e+02 1.213077539838896754e-02 
3.642999999999999545e+02 1.116579587870253701e-02 
3.643999999999999773e+02 1.166265472720265199e-02 
3.645000000000000000e+02 1.162704115120264184e-02 
3.646000000000000227e+02 1.254458536620284975e-02 
3.646999999999999318e+02 1.256867399328857014e-02 
3.647999999999999545e+02 1.168342931320265517e-02 
3.648999999999999773e+02 1.213527655870275807e-02 
3.650000000000000000e+02 1.130577701770257154e-02 
3.651000000000000227e+02 1.223662686040278245e-02 
3.651999999999999318e+02 1.158732212128946171e-02 
3.652999999999999545e+02 1.180075626080268059e-02 
3.653999999999999773e+02 1.207631630510274355e-02 
3.655000000000000000e+02 1.147701896230260941e-02 
3.656000000000000227e+02 1.186931239460269766e-02 
3.656999999999999318e+02 1.192124885958915741e-02 
3.657999999999999545e+02 1.244001995000282822e-02 
3.658999999999999773e+02 1.282276696540291319e-02 
3.660000000000000000e+02 1.234322027190280432e-02 
3.661000000000000227e+02 1.248745525470284015e-02 
3.661999999999999318e+02 1.228396323848882608e-02 
3.662999999999999545e+02 1.132882691550257670e-02 
3.663999999999999773e+02 1.200899675380272778e-02 
3.665000000000000000e+02 1.199227815840272875e-02 
3.666000000000000227e+02 1.199831268100272699e-02 
3.666999999999999318e+02 1.221234038008889300e-02 
3.667999999999999545e+02 1.233728467590280639e-02 
3.668999999999999773e+02 1.134094542400257768e-02 
3.670000000000000000e+02 1.238590709980281514e-02 
3.671000000000000227e+02 1.253118081190284817e-02 
3.671999999999999318e+02 1.145921217428957917e-02 
3.672999999999999545e+02 1.211608479830275469e-02 
3.673999999999999773e+02 1.286223867880292339e-02 
3.675000000000000000e+02 1.146979732050260568e-02 
3.676000000000000227e+02 1.318652007360299888e-02 
3.676999999999999318e+02 1.203076060578905926e-02 
3.677999999999999545e+02 1.174283473650267022e-02 
3.678999999999999773e+02 1.188014485730269978e-02 
3.680000000000000000e+02 1.150244309850261340e-02 
3.681000000000000227e+02 1.258103981830286169e-02 
3.681999999999999318e+02 1.228564499068882446e-02 
3.682999999999999545e+02 1.165108031500264839e-02 
3.683999999999999773e+02 1.162016575250264180e-02 
3.685000000000000000e+02 1.209348007020274833e-02 
3.686000000000000227e+02 1.133090437410257632e-02 
3.686999999999999318e+02 1.166141814468939220e-02 
3.687999999999999545e+02 1.145297979850260460e-02 
3.688999999999999773e+02 1.179289159610268263e-02 
3.690000000000000000e+02 1.191917140100271118e-02 
3.691000000000000227e+02 1.215842538310276354e-02 
3.691999999999999318e+02 1.159711585468945275e-02 
3.692999999999999545e+02 1.176697282690267535e-02 
3.693999999999999773e+02 1.267200282700288276e-02 
3.695000000000000000e+02 1.174080674120266815e-02 
3.696000000000000227e+02 1.140440683790259341e-02 
3.696999999999999318e+02 1.171765791678934174e-02 
3.697999999999999545e+02 1.188558582030270136e-02 
3.698999999999999773e+02 1.138976570110258879e-02 
3.700000000000000000e+02 1.200142886890272903e-02 
3.701000000000000227e+02 1.205925146660274082e-02 
3.701999999999999318e+02 1.155492365978949207e-02 
3.702999999999999545e+02 1.215189622750276199e-02 
3.703999999999999773e+02 1.232204997950279816e-02 
3.705000000000000000e+02 1.183142350680269073e-02 
3.706000000000000227e+02 1.166562252520265269e-02 
3.706999999999999318e+02 1.227397165188883789e-02 
3.707999999999999545e+02 1.272443392500289400e-02 
3.708999999999999773e+02 1.142349967170259648e-02 
3.710000000000000000e+02 1.309219356050297760e-02 
3.711000000000000227e+02 1.238615441630281852e-02 
3.711999999999999318e+02 1.164994265908940452e-02 
3.712999999999999545e+02 1.178418605530267942e-02 
3.713999999999999773e+02 1.132348487910257370e-02 
3.715000000000000000e+02 1.254349717360285152e-02 
3.716000000000000227e+02 1.122821856330255379e-02 
3.716999999999999318e+02 1.183577627718923608e-02 
3.717999999999999545e+02 1.157545092930263066e-02 
3.718999999999999773e+02 1.204644047190273765e-02 
3.720000000000000000e+02 1.155927643020262727e-02 
3.721000000000000227e+02 1.204416516010273913e-02 
3.721999999999999318e+02 1.210297702378899075e-02 
3.722999999999999545e+02 1.211618372490275500e-02 
3.723999999999999773e+02 1.204090058230273749e-02 
3.725000000000000000e+02 1.109110629570252138e-02 
3.726000000000000227e+02 1.158658017180263546e-02 
3.726999999999999318e+02 1.206691827808902343e-02 
3.727999999999999545e+02 1.167675176770265402e-02 
3.728999999999999773e+02 1.159647283180263548e-02 
3.730000000000000000e+02 1.171750952690266308e-02 
3.731000000000000227e+02 1.106167563220251428e-02 
3.731999999999999318e+02 1.199855999748908678e-02 
3.732999999999999545e+02 1.212627423810275565e-02 
3.733999999999999773e+02 1.151006044670261838e-02 
3.735000000000000000e+02 1.196492495350271953e-02 
3.736000000000000227e+02 1.194009437690271569e-02 
3.736999999999999318e+02 1.186105202348921271e-02 
3.737999999999999545e+02 1.186565211040269824e-02 
3.738999999999999773e+02 1.159800619410263772e-02 
3.740000000000000000e+02 1.194172666580271651e-02 
3.741000000000000227e+02 1.147983837040260878e-02 
3.741999999999999318e+02 1.191076263998916591e-02 
3.742999999999999545e+02 1.277557897720290464e-02 
3.743999999999999773e+02 1.206464296630274310e-02 
3.745000000000000000e+02 1.141657480970259715e-02 
3.746000000000000227e+02 1.286589896300292628e-02 
3.746999999999999318e+02 1.176731906998929739e-02 
3.747999999999999545e+02 1.218874638600276998e-02 
3.748999999999999773e+02 1.247395177380283826e-02 
3.750000000000000000e+02 1.201903780370273088e-02 
3.751000000000000227e+02 1.206207087470274365e-02 
3.751999999999999318e+02 1.189073000348918677e-02 
3.752999999999999545e+02 1.210822013360275326e-02 
3.753999999999999773e+02 1.168906812940265737e-02 
3.755000000000000000e+02 1.281693029600291384e-02 
3.756000000000000227e+02 1.279002226080290690e-02 
3.756999999999999318e+02 1.190334314498917370e-02 
3.757999999999999545e+02 1.201661410200273276e-02 
3.758999999999999773e+02 1.169747689040265791e-02 
3.760000000000000000e+02 1.163000894920264254e-02 
3.761000000000000227e+02 1.221669315050277586e-02 
3.761999999999999318e+02 1.242429062058870125e-02 
3.762999999999999545e+02 1.130295760960256871e-02 
3.763999999999999773e+02 1.186980702760269922e-02 
3.765000000000000000e+02 1.138155479330258714e-02 
3.766000000000000227e+02 1.212770867380275584e-02 
3.766999999999999318e+02 1.146618649958957084e-02 
3.767999999999999545e+02 1.202868314720273620e-02 
3.768999999999999773e+02 1.120180516110254668e-02 
3.770000000000000000e+02 1.169470694560265783e-02 
3.771000000000000227e+02 1.191664877270270928e-02 
3.771999999999999318e+02 1.170613296788935304e-02 
3.772999999999999545e+02 1.185986490430269644e-02 
3.773999999999999773e+02 1.207315065390274569e-02 
3.775000000000000000e+02 1.154567402270262506e-02 
3.776000000000000227e+02 1.249230265810283985e-02 
3.776999999999999318e+02 1.190151300288917399e-02 
3.777999999999999545e+02 1.240534617670282017e-02 
3.778999999999999773e+02 1.181302315920268638e-02 
3.780000000000000000e+02 1.164633183820264727e-02 
3.781000000000000227e+02 1.106400040730251555e-02 
3.781999999999999318e+02 1.271488750808843528e-02 
3.782999999999999545e+02 1.178636244050267935e-02 
3.783999999999999773e+02 1.239792668170282101e-02 
3.785000000000000000e+02 1.135083808400258118e-02 
3.786000000000000227e+02 1.145317765170260349e-02 
3.786999999999999318e+02 1.173803679638932458e-02 
3.787999999999999545e+02 1.165914283290265044e-02 
3.788999999999999773e+02 1.258880555640286281e-02 
3.790000000000000000e+02 1.146569186660260399e-02 
3.791000000000000227e+02 1.175742641000267208e-02 
3.791999999999999318e+02 1.175401344228931000e-02 
3.792999999999999545e+02 1.171162339420266270e-02 
3.793999999999999773e+02 1.202279701450273582e-02 
3.795000000000000000e+02 1.189745701230270243e-02 
3.796000000000000227e+02 1.275010537770289963e-02 
3.796999999999999318e+02 1.149848603448954190e-02 
3.797999999999999545e+02 1.227021244110278707e-02 
3.798999999999999773e+02 1.129929732540256929e-02 
3.800000000000000000e+02 1.146178426590260639e-02 
3.801000000000000227e+02 1.056486624700240379e-02 
3.801999999999999318e+02 1.152920274378951490e-02 
3.802999999999999545e+02 1.068432011650242985e-02 
3.803999999999999773e+02 1.144813239510260316e-02 
3.805000000000000000e+02 1.185294004230269538e-02 
3.806000000000000227e+02 1.155487419650262637e-02 
3.806999999999999318e+02 1.157144440198947487e-02 
3.807999999999999545e+02 1.153825452770262244e-02 
3.808999999999999773e+02 1.207191407140274265e-02 
3.810000000000000000e+02 1.204035648600273491e-02 
3.811000000000000227e+02 1.123539074180255476e-02 
3.811999999999999318e+02 1.176647819388929733e-02 
3.812999999999999545e+02 1.232140695660280047e-02 
3.813999999999999773e+02 1.139026033410258862e-02 
3.815000000000000000e+02 1.165058568200264856e-02 
3.816000000000000227e+02 1.177503534480267566e-02 
3.816999999999999318e+02 1.118627368488982546e-02 
3.817999999999999545e+02 1.172062571480266512e-02 
3.818999999999999773e+02 1.185585837700269332e-02 
3.820000000000000000e+02 1.112805538080253141e-02 
3.821000000000000227e+02 1.179506798130268083e-02 
3.821999999999999318e+02 1.196007755008912134e-02 
3.822999999999999545e+02 1.144625278970260243e-02 
3.823999999999999773e+02 1.141276613560259466e-02 
3.825000000000000000e+02 1.142221362590259588e-02 
3.826000000000000227e+02 1.204129628870273874e-02 
3.826999999999999318e+02 1.091382982849007158e-02 
3.827999999999999545e+02 1.118464139600254190e-02 
3.828999999999999773e+02 1.188969127420270132e-02 
3.830000000000000000e+02 1.261259740370286771e-02 
3.831000000000000227e+02 1.186268431240269580e-02 
3.831999999999999318e+02 1.161873131678943342e-02 
3.832999999999999545e+02 1.136651795010258301e-02 
3.833999999999999773e+02 1.224691522680278200e-02 
3.835000000000000000e+02 1.166517735550265215e-02 
3.836000000000000227e+02 1.214942306250276112e-02 
3.836999999999999318e+02 1.240534617668871860e-02 
3.837999999999999545e+02 1.158193062160263291e-02 
3.838999999999999773e+02 1.162090770200264155e-02 
3.840000000000000000e+02 1.203110684890273431e-02 
3.841000000000000227e+02 1.168501213880265843e-02 
3.841999999999999318e+02 1.185511642748921651e-02 
3.842999999999999545e+02 1.185971651440269510e-02 
3.843999999999999773e+02 1.206711613130274398e-02 
3.845000000000000000e+02 1.202111526230273397e-02 
3.846000000000000227e+02 1.150758728170261577e-02 
3.846999999999999318e+02 1.200716661168907927e-02 
3.847999999999999545e+02 1.107864154410252017e-02 
3.848999999999999773e+02 1.179986592140268298e-02 
3.850000000000000000e+02 1.151505624000261768e-02 
3.851000000000000227e+02 1.146173480260260537e-02 
3.851999999999999318e+02 1.165365240658939976e-02 
3.852999999999999545e+02 1.126709671710256037e-02 
3.853999999999999773e+02 1.251653967510284876e-02 
3.855000000000000000e+02 1.161432908310264071e-02 
3.856000000000000227e+02 1.182627932360268835e-02 
3.856999999999999318e+02 1.157886389698946708e-02 
3.857999999999999545e+02 1.163980268260264572e-02 
3.858999999999999773e+02 1.211296861040275265e-02 
3.860000000000000000e+02 1.137507510100258662e-02 
3.861000000000000227e+02 1.158890494690263499e-02 
3.861999999999999318e+02 1.119003289568982346e-02 
3.862999999999999545e+02 1.120131052810254685e-02 
3.863999999999999773e+02 1.198386939740272647e-02 
3.865000000000000000e+02 1.253904547660285133e-02 
3.866000000000000227e+02 1.220333805950277531e-02 
3.866999999999999318e+02 1.145827237158957707e-02 
3.867999999999999545e+02 1.159360396040263683e-02 
3.868999999999999773e+02 1.153261571150262198e-02 
3.870000000000000000e+02 1.125309860320256039e-02 
3.871000000000000227e+02 1.107384360400251802e-02 
3.871999999999999318e+02 1.166067619518939419e-02 
3.872999999999999545e+02 1.090344253550247673e-02 
3.873999999999999773e+02 9.813123013602230438e-03 
3.875000000000000000e+02 1.116248183760253782e-02 
3.876000000000000227e+02 1.159212006140263561e-02 
3.876999999999999318e+02 1.104945819708995011e-02 
3.877999999999999545e+02 1.172552258150266757e-02 
3.878999999999999773e+02 1.128559599130256504e-02 
3.880000000000000000e+02 1.082093775110245897e-02 
3.881000000000000227e+02 1.129543918800256751e-02 
3.881999999999999318e+02 1.115872262678985032e-02 
3.882999999999999545e+02 1.130246297660256888e-02 
3.883999999999999773e+02 1.129316387620256726e-02 
3.885000000000000000e+02 1.093519797410248684e-02 
3.886000000000000227e+02 1.121807858680254864e-02 
3.886999999999999318e+02 1.176212542348930093e-02 
3.887999999999999545e+02 1.100622727290250305e-02 
3.888999999999999773e+02 1.227392218860279098e-02 
3.890000000000000000e+02 1.137695470640258562e-02 
3.891000000000000227e+02 1.114892889340253317e-02 
3.891999999999999318e+02 1.119023074888982235e-02 
3.892999999999999545e+02 1.098762907210249808e-02 
3.893999999999999773e+02 1.130350170590257129e-02 
3.895000000000000000e+02 1.123840800310255475e-02 
3.896000000000000227e+02 1.166399023630265361e-02 
3.896999999999999318e+02 1.189730862238917893e-02 
3.897999999999999545e+02 1.162115501850264146e-02 
3.898999999999999773e+02 1.106815532450251653e-02 
3.900000000000000000e+02 1.195171825240271511e-02 
3.901000000000000227e+02 1.188439870110270108e-02 
3.901999999999999318e+02 1.144966575738958631e-02 
3.902999999999999545e+02 1.089053261420247498e-02 
3.903999999999999773e+02 1.152049720300261926e-02 
3.905000000000000000e+02 1.161309250060263941e-02 
3.906000000000000227e+02 1.141182633290259429e-02 
3.906999999999999318e+02 1.181079731068925692e-02 
3.907999999999999545e+02 1.117563907540254121e-02 
3.908999999999999773e+02 1.223984197490278134e-02 
3.910000000000000000e+02 1.120704827090254936e-02 
3.911000000000000227e+02 1.109130414890252200e-02 
3.911999999999999318e+02 1.089805103579008852e-02 
3.912999999999999545e+02 1.138694629300258769e-02 
3.913999999999999773e+02 1.121768288040254913e-02 
3.915000000000000000e+02 1.117944774950254024e-02 
3.916000000000000227e+02 1.106850156760251676e-02 
3.916999999999999318e+02 1.156165066858948383e-02 
3.917999999999999545e+02 1.140173581970259191e-02 
3.918999999999999773e+02 1.130073176110256775e-02 
3.920000000000000000e+02 1.179857987560268238e-02 
3.921000000000000227e+02 1.117460034610253880e-02 
3.921999999999999318e+02 1.163337245358941896e-02 
3.922999999999999545e+02 1.124919100250255759e-02 
3.923999999999999773e+02 1.141518983730259451e-02 
3.925000000000000000e+02 1.120175569780254565e-02 
3.926000000000000227e+02 1.194499124360271641e-02 
3.926999999999999318e+02 1.045060602399049306e-02 
3.927999999999999545e+02 1.060775092810241176e-02 
3.928999999999999773e+02 1.134905740520257902e-02 
3.930000000000000000e+02 1.210564804200275207e-02 
3.931000000000000227e+02 1.142809975860259800e-02 
3.931999999999999318e+02 1.125270289678976555e-02 
3.932999999999999545e+02 1.122396471950255249e-02 
3.933999999999999773e+02 1.091447285140248122e-02 
3.935000000000000000e+02 1.097051477030249259e-02 
3.936000000000000227e+02 1.062778356460241692e-02 
3.936999999999999318e+02 1.162130340838942941e-02 
3.937999999999999545e+02 1.168323146000265628e-02 
3.938999999999999773e+02 1.093020218080248580e-02 
3.940000000000000000e+02 1.208274653410274825e-02 
3.941000000000000227e+02 1.139649270990259096e-02 
3.941999999999999318e+02 1.097640090299001683e-02 
3.942999999999999545e+02 1.124196936070255386e-02 
3.943999999999999773e+02 1.093519797410248684e-02 
3.945000000000000000e+02 1.120190408770254525e-02 
3.946000000000000227e+02 1.077963589560245079e-02 
3.946999999999999318e+02 1.127659367068974301e-02 
3.947999999999999545e+02 1.081480430190245867e-02 
3.948999999999999773e+02 1.172374190270266542e-02 
3.950000000000000000e+02 1.141751461240259405e-02 
3.951000000000000227e+02 1.148923639740261071e-02 
3.951999999999999318e+02 1.131497719148970814e-02 
3.952999999999999545e+02 1.110475816650252287e-02 
3.953999999999999773e+02 1.140663268640259437e-02 
3.955000000000000000e+02 1.074649548460244325e-02 
3.956000000000000227e+02 1.112800591750253039e-02 
3.956999999999999318e+02 1.177864616568928720e-02 
3.957999999999999545e+02 1.116925830970254101e-02 
3.958999999999999773e+02 1.176341146930267277e-02 
3.960000000000000000e+02 1.100558425000250189e-02 
3.961000000000000227e+02 1.167452591920265480e-02 
3.961999999999999318e+02 1.132645267708969755e-02 
3.962999999999999545e+02 1.147884910440260912e-02 
3.963999999999999773e+02 1.130102854090256868e-02 
3.965000000000000000e+02 1.094405190480248792e-02 
3.966000000000000227e+02 1.117845848350254058e-02 
3.966999999999999318e+02 1.126234824028975699e-02 
3.967999999999999545e+02 1.146989624710260773e-02 
3.968999999999999773e+02 1.088964227480247564e-02 
3.970000000000000000e+02 1.190448080090270554e-02 
3.971000000000000227e+02 1.208546701560274730e-02 
3.971999999999999318e+02 1.128134214748974067e-02 
3.972999999999999545e+02 1.085477064830246870e-02 
3.973999999999999773e+02 1.174703911700267049e-02 
3.975000000000000000e+02 1.214665311770276278e-02 
3.976000000000000227e+02 1.154087608260262292e-02 
3.976999999999999318e+02 1.160127077188944852e-02 
3.977999999999999545e+02 1.135355856550258023e-02 
3.978999999999999773e+02 1.103936768390250886e-02 
3.980000000000000000e+02 1.185402823490269361e-02 
3.981000000000000227e+02 1.140890799820259288e-02 
3.981999999999999318e+02 1.131092120088971267e-02 
3.982999999999999545e+02 1.099950026410249915e-02 
3.983999999999999773e+02 1.093104305690248586e-02 
3.985000000000000000e+02 1.182212440640268737e-02 
3.986000000000000227e+02 1.118310803370254312e-02 
3.986999999999999318e+02 1.157782516768946814e-02 
3.987999999999999545e+02 1.140707785610259317e-02 
3.988999999999999773e+02 1.103951607380250846e-02 
3.990000000000000000e+02 1.038862850910236141e-02 
3.991000000000000227e+02 1.164742003080264897e-02 
3.991999999999999318e+02 1.083018738819014823e-02 
3.992999999999999545e+02 1.145980573390260535e-02 
3.993999999999999773e+02 1.131453202180257057e-02 
3.995000000000000000e+02 1.127698937710256387e-02 
3.996000000000000227e+02 1.046752247260237904e-02 
3.996999999999999318e+02 1.060003465329035881e-02 
3.997999999999999545e+02 1.198757914490272691e-02 
3.998999999999999773e+02 1.130552970120256989e-02 
4.000000000000000000e+02 1.143413428120259798e-02 
4.001000000000000227e+02 1.149546877320261305e-02 
4.001999999999999318e+02 1.140880907158962378e-02 
4.002999999999999545e+02 1.112513704610253000e-02 
4.003999999999999773e+02 1.132645267710257440e-02 
4.005000000000000000e+02 1.126863007940256088e-02 
4.006000000000000227e+02 1.061601129920241443e-02 
4.006999999999999318e+02 1.135697153318966993e-02 
4.007999999999999545e+02 1.079111138120245408e-02 
4.008999999999999773e+02 1.175154027730267170e-02 
4.010000000000000000e+02 1.156689377840263051e-02 
4.011000000000000227e+02 1.118459193270254434e-02 
4.011999999999999318e+02 1.214729614058895207e-02 
4.012999999999999545e+02 1.097659875620249359e-02 
4.013999999999999773e+02 1.159028991930263590e-02 
4.015000000000000000e+02 1.149334185130261414e-02 
4.016000000000000227e+02 1.084769739640246630e-02 
4.016999999999999318e+02 1.219844119278890547e-02 
4.017999999999999545e+02 1.142216416260259659e-02 
4.018999999999999773e+02 1.097066316020249219e-02 
4.020000000000000000e+02 1.136874379860258397e-02 
4.021000000000000227e+02 1.130637057730257168e-02 
4.021999999999999318e+02 1.146979732048956577e-02 
4.022999999999999545e+02 1.178240537650267900e-02 
4.023999999999999773e+02 1.121926570600255066e-02 
4.025000000000000000e+02 1.094776165230248663e-02 
4.026000000000000227e+02 1.093435709800248505e-02 
4.026999999999999318e+02 1.145584866988957895e-02 
4.027999999999999545e+02 1.205900415010273917e-02 
4.028999999999999773e+02 1.078131764780245090e-02 
4.030000000000000000e+02 1.137467939460258710e-02 
4.031000000000000227e+02 1.106365416420251359e-02 
4.031999999999999318e+02 1.143922900108959584e-02 
4.032999999999999545e+02 1.080233955030245573e-02 
4.033999999999999773e+02 1.132714516330257486e-02 
4.035000000000000000e+02 1.123267026030255397e-02 
4.036000000000000227e+02 1.163307567380264355e-02 
4.036999999999999318e+02 1.108482445658991872e-02 
4.037999999999999545e+02 1.093772060240248700e-02 
4.038999999999999773e+02 1.158445324990263481e-02 
4.040000000000000000e+02 1.106523698980251512e-02 
4.041000000000000227e+02 1.188731703580270423e-02 
4.041999999999999318e+02 1.155428063688949090e-02 
4.042999999999999545e+02 1.057970523700240556e-02 
4.043999999999999773e+02 1.069010732260242992e-02 
4.045000000000000000e+02 1.041232142980236773e-02 
4.046000000000000227e+02 1.106518752650251583e-02 
4.046999999999999318e+02 1.135914791838966813e-02 
4.047999999999999545e+02 1.145189160590260290e-02 
4.048999999999999773e+02 1.120833431670254995e-02 
4.050000000000000000e+02 1.119349532670254298e-02 
4.051000000000000227e+02 1.104233548190250956e-02 
4.051999999999999318e+02 1.110040539608990462e-02 
4.052999999999999545e+02 1.041182679680236790e-02 
4.053999999999999773e+02 1.075253000720244496e-02 
4.055000000000000000e+02 1.109273858460252393e-02 
4.056000000000000227e+02 1.104025802330250820e-02 
4.056999999999999318e+02 1.076702275409020804e-02 
4.057999999999999545e+02 1.102927717070250647e-02 
4.058999999999999773e+02 1.174159815400266892e-02 
4.060000000000000000e+02 1.135064023080258229e-02 
4.061000000000000227e+02 1.166606769490265150e-02 
4.061999999999999318e+02 1.150407538738953787e-02 
4.062999999999999545e+02 1.094509063410248687e-02 
4.063999999999999773e+02 1.106746283830251608e-02 
4.065000000000000000e+02 1.115803014060253763e-02 
4.066000000000000227e+02 1.119280284050254426e-02 
4.066999999999999318e+02 1.093203232289005622e-02 
4.067999999999999545e+02 1.076365924970244629e-02 
4.068999999999999773e+02 1.132615589730257520e-02 
4.070000000000000000e+02 1.123573698490255499e-02 
4.071000000000000227e+02 1.123618215460255552e-02 
4.071999999999999318e+02 1.050402638799044497e-02 
4.072999999999999545e+02 1.061625861570241261e-02 
4.073999999999999773e+02 1.110975395980252564e-02 
4.075000000000000000e+02 1.070484738600243312e-02 
4.076000000000000227e+02 1.153578136270262330e-02 
4.076999999999999318e+02 1.027872105649065178e-02 
4.077999999999999545e+02 1.116075062210253668e-02 
4.078999999999999773e+02 1.126116112110256071e-02 
4.080000000000000000e+02 1.095829733520249129e-02 
4.081000000000000227e+02 1.114640626510253474e-02 
4.081999999999999318e+02 1.135914791838966813e-02 
4.082999999999999545e+02 1.109402463040252279e-02 
4.083999999999999773e+02 1.094405190480248792e-02 
4.085000000000000000e+02 1.096433185780249127e-02 
4.086000000000000227e+02 1.042226355310237051e-02 
4.086999999999999318e+02 1.050026717719045044e-02 
4.087999999999999545e+02 1.086466330830247046e-02 
4.088999999999999773e+02 1.058450317710240771e-02 
4.090000000000000000e+02 1.086411921200246961e-02 
4.091000000000000227e+02 1.129613167420256969e-02 
4.091999999999999318e+02 1.095894035809003193e-02 
4.092999999999999545e+02 1.077691541410244827e-02 
4.093999999999999773e+02 1.136849648210258405e-02 
4.095000000000000000e+02 1.086154712040246842e-02 
4.096000000000000227e+02 1.108195558520251936e-02 
4.096999999999999318e+02 1.119943092268981498e-02 
4.097999999999999545e+02 1.108932561690252096e-02 
4.098999999999999773e+02 1.013859152760230621e-02 
4.100000000000000000e+02 1.009283797510229438e-02 
4.101000000000000227e+02 1.124404681930255522e-02 
4.101999999999999318e+02 1.125591801128976270e-02 
4.102999999999999545e+02 1.098011065050249688e-02 
4.103999999999999773e+02 1.080100404120245411e-02 
4.105000000000000000e+02 1.078581880810245211e-02 
4.106000000000000227e+02 1.124449198900255575e-02 
4.106999999999999318e+02 1.182875248858923992e-02 
4.107999999999999545e+02 1.115214400790253552e-02 
4.108999999999999773e+02 1.110273017120252254e-02 
4.110000000000000000e+02 1.083127558080246300e-02 
4.111000000000000227e+02 1.021788119750232336e-02 
4.111999999999999318e+02 1.087351723899011163e-02 
4.112999999999999545e+02 1.076370871300244558e-02 
4.113999999999999773e+02 1.102388567100250592e-02 
4.115000000000000000e+02 1.125611586450255865e-02 
4.116000000000000227e+02 1.118538334550254337e-02 
4.116999999999999318e+02 1.040401159539053669e-02 
4.117999999999999545e+02 1.166661179120265235e-02 
4.118999999999999773e+02 1.141345862180259685e-02 
4.120000000000000000e+02 1.083538103470246469e-02 
4.121000000000000227e+02 1.139372276510258915e-02 
4.121999999999999318e+02 1.074046096199023255e-02 
4.122999999999999545e+02 1.096062211030249256e-02 
4.123999999999999773e+02 1.077562936830244941e-02 
4.125000000000000000e+02 1.138318708220258796e-02 
4.126000000000000227e+02 1.122411310940255209e-02 
4.126999999999999318e+02 1.108294485118991972e-02 
4.127999999999999545e+02 1.132051708110257300e-02 
4.128999999999999773e+02 1.026823483690233497e-02 
4.130000000000000000e+02 1.116896152990253833e-02 
4.131000000000000227e+02 1.123548966840255507e-02 
4.131999999999999318e+02 9.899931105090993902e-03 
4.132999999999999545e+02 1.113122103200253100e-02 
4.133999999999999773e+02 1.150234417190261656e-02 
4.135000000000000000e+02 1.076934752920244778e-02 
4.136000000000000227e+02 1.059894646070241170e-02 
4.136999999999999318e+02 1.082266896659015744e-02 
4.137999999999999545e+02 1.028356845990233658e-02 
4.138999999999999773e+02 1.096982228410249560e-02 
4.140000000000000000e+02 1.021817797730232256e-02 
4.141000000000000227e+02 1.080179545400245487e-02 
4.141999999999999318e+02 1.098223757239001272e-02 
4.142999999999999545e+02 1.083805205290246446e-02 
4.143999999999999773e+02 1.108086739260251939e-02 
4.145000000000000000e+02 1.091125773690248060e-02 
4.146000000000000227e+02 1.124048546170255437e-02 
4.146999999999999318e+02 1.114586216878986347e-02 
4.147999999999999545e+02 1.085318782270246717e-02 
4.148999999999999773e+02 1.094182605630248696e-02 
4.150000000000000000e+02 1.097274061880249355e-02 
4.151000000000000227e+02 1.019141833200231523e-02 
4.151999999999999318e+02 1.067378443359029080e-02 
4.152999999999999545e+02 1.069624077180243021e-02 
4.153999999999999773e+02 1.129133373410256755e-02 
4.155000000000000000e+02 1.125977614870255980e-02 
4.156000000000000227e+02 1.134302288260257904e-02 
4.156999999999999318e+02 1.108200504848992109e-02 
4.157999999999999545e+02 9.986096173702271178e-03 
4.158999999999999773e+02 1.135924684500258172e-02 
4.160000000000000000e+02 1.034757397010235315e-02 
4.161000000000000227e+02 1.035786233650235443e-02 
4.161999999999999318e+02 1.082499374169015351e-02 
4.162999999999999545e+02 1.051837074500239048e-02 
4.163999999999999773e+02 1.105460238030251188e-02 
4.165000000000000000e+02 1.040791919610236684e-02 
4.166000000000000227e+02 1.103135462930250783e-02 
4.166999999999999318e+02 1.076860557969020436e-02 
4.167999999999999545e+02 1.018211923160231534e-02 
4.168999999999999773e+02 1.065187219170242103e-02 
4.170000000000000000e+02 1.128084751450256391e-02 
4.171000000000000227e+02 1.115758497090253709e-02 
4.171999999999999318e+02 1.078542310169018810e-02 
4.172999999999999545e+02 1.130043498130256854e-02 
4.173999999999999773e+02 1.165112977830264941e-02 
4.175000000000000000e+02 1.150852708440261614e-02 
4.176000000000000227e+02 1.056402537090240200e-02 
4.176999999999999318e+02 1.034099535119059436e-02 
4.177999999999999545e+02 1.071266258740243525e-02 
4.178999999999999773e+02 1.087223119320247094e-02 
4.180000000000000000e+02 1.008269799860229271e-02 
4.181000000000000227e+02 1.154389334390262464e-02 
4.181999999999999318e+02 1.106311006788993773e-02 
4.182999999999999545e+02 1.072784782050243899e-02 
4.183999999999999773e+02 1.111054537260252641e-02 
4.185000000000000000e+02 1.016965448000231066e-02 
4.186000000000000227e+02 1.061977051000241416e-02 
4.186999999999999318e+02 1.040747402639053548e-02 
4.187999999999999545e+02 1.094978964760249043e-02 
4.188999999999999773e+02 1.095290583550249074e-02 
4.190000000000000000e+02 1.121906785280255003e-02 
4.191000000000000227e+02 1.146856073800260785e-02 
4.191999999999999318e+02 1.081203435709016634e-02 
4.192999999999999545e+02 1.012167507900230135e-02 
4.193999999999999773e+02 1.077627239120245058e-02 
4.195000000000000000e+02 1.013681084880230406e-02 
4.196000000000000227e+02 1.027550594200233453e-02 
4.196999999999999318e+02 1.115555697558985246e-02 
4.197999999999999545e+02 1.137962572460258712e-02 
4.198999999999999773e+02 1.034158891080235246e-02 
4.200000000000000000e+02 1.066245733790242498e-02 
4.201000000000000227e+02 1.027001551570233366e-02 
4.201999999999999318e+02 1.046252667929048301e-02 
4.202999999999999545e+02 1.030221612400234431e-02 
4.203999999999999773e+02 1.076746792380244878e-02 
4.205000000000000000e+02 1.078042730840244982e-02 
4.206000000000000227e+02 1.040940309510236632e-02 
4.206999999999999318e+02 1.081139133419016692e-02 
4.207999999999999545e+02 1.047880010500238171e-02 
4.208999999999999773e+02 1.114418041660253378e-02 
4.210000000000000000e+02 1.148161904920261094e-02 
4.211000000000000227e+02 1.068481474950242968e-02 
4.211999999999999318e+02 1.041489352139052769e-02 
4.212999999999999545e+02 1.086718593660247235e-02 
4.213999999999999773e+02 9.830682485102234733e-03 
4.215000000000000000e+02 1.125700620390255799e-02 
4.216000000000000227e+02 1.037062386790235657e-02 
4.216999999999999318e+02 1.089602304049008819e-02 
4.217999999999999545e+02 1.042171945680236966e-02 
4.218999999999999773e+02 1.118701563440254419e-02 
4.220000000000000000e+02 1.069020624920243023e-02 
4.221000000000000227e+02 1.072136812820243673e-02 
4.221999999999999318e+02 1.005148665629085683e-02 
4.222999999999999545e+02 1.066893703020242376e-02 
4.223999999999999773e+02 1.041880112210236825e-02 
4.225000000000000000e+02 1.079422756910245439e-02 
4.226000000000000227e+02 1.047385377500238170e-02 
4.226999999999999318e+02 1.041157948029053024e-02 
4.227999999999999545e+02 1.040143950380236458e-02 
4.228999999999999773e+02 1.067437799320242880e-02 
4.230000000000000000e+02 1.107705871850251690e-02 
4.231000000000000227e+02 1.038224774340235947e-02 
4.231999999999999318e+02 1.067744471779028849e-02 
4.232999999999999545e+02 1.033510921850235020e-02 
4.233999999999999773e+02 1.107161775550251706e-02 
4.235000000000000000e+02 1.014729706840230596e-02 
4.236000000000000227e+02 1.060404118060240958e-02 
4.236999999999999318e+02 1.112484026628988293e-02 
4.237999999999999545e+02 1.056748780190240253e-02 
4.238999999999999773e+02 1.056981257700240207e-02 
4.240000000000000000e+02 1.046999563760237992e-02 
4.241000000000000227e+02 1.016767594800231135e-02 
4.241999999999999318e+02 1.082954436529015053e-02 
4.242999999999999545e+02 1.051832128170239120e-02 
4.243999999999999773e+02 1.056268986180240038e-02 
4.245000000000000000e+02 1.120610846820254726e-02 
4.246000000000000227e+02 1.050358121830238800e-02 
4.246999999999999318e+02 1.031690672409061628e-02 
4.247999999999999545e+02 1.070064300550243111e-02 
4.248999999999999773e+02 1.072730372420243813e-02 
4.250000000000000000e+02 1.125290075000255803e-02 
4.251000000000000227e+02 1.026670147460233273e-02 
4.251999999999999318e+02 1.105361311428994589e-02 
4.252999999999999545e+02 1.025418725970233050e-02 
4.253999999999999773e+02 1.105944978370251505e-02 
4.255000000000000000e+02 1.033614794780234915e-02 
4.256000000000000227e+02 1.043947678150237285e-02 
4.256999999999999318e+02 9.535683363891326453e-03 
4.257999999999999545e+02 1.063653856870241769e-02 
4.258999999999999773e+02 9.764995222702219785e-03 
4.260000000000000000e+02 1.081811834300245960e-02 
4.261000000000000227e+02 1.092619565350248442e-02 
4.261999999999999318e+02 9.868620836191024231e-03 
4.262999999999999545e+02 1.114304276070253279e-02 
4.263999999999999773e+02 1.082331198950246126e-02 
4.265000000000000000e+02 1.131106959080257178e-02 
4.266000000000000227e+02 1.074802884690244376e-02 
4.266999999999999318e+02 1.014408195389077463e-02 
4.267999999999999545e+02 1.001547737390227726e-02 
4.268999999999999773e+02 1.091546211740248087e-02 
4.270000000000000000e+02 1.018033855280231319e-02 
4.271000000000000227e+02 1.042592383730236993e-02 
4.271999999999999318e+02 1.065830242069030522e-02 
4.272999999999999545e+02 1.031675833420234514e-02 
4.273999999999999773e+02 1.137616329360258485e-02 
4.275000000000000000e+02 1.009125514950229285e-02 
4.276000000000000227e+02 1.087658396360247255e-02 
4.276999999999999318e+02 1.072349505009024574e-02 
4.277999999999999545e+02 1.018637307540231490e-02 
4.278999999999999773e+02 1.059029038320240777e-02 
4.280000000000000000e+02 1.018296010770231540e-02 
4.281000000000000227e+02 1.059508832330240645e-02 
4.281999999999999318e+02 1.057490729689038005e-02 
4.282999999999999545e+02 1.046776978910237896e-02 
4.283999999999999773e+02 1.091412660830247926e-02 
4.285000000000000000e+02 1.066532620930242536e-02 
4.286000000000000227e+02 1.004283057880228300e-02 
4.286999999999999318e+02 1.050041556709045004e-02 
4.287999999999999545e+02 1.035375688260235273e-02 
4.288999999999999773e+02 1.009367885120229270e-02 
4.290000000000000000e+02 1.053123120300239468e-02 
4.291000000000000227e+02 1.045144690010237423e-02 
4.291999999999999318e+02 1.038294022959055513e-02 
4.292999999999999545e+02 1.032590904470234716e-02 
4.293999999999999773e+02 1.056857599450240423e-02 
4.295000000000000000e+02 1.101275642850250286e-02 
4.296000000000000227e+02 1.051851913490239009e-02 
4.296999999999999318e+02 1.049942630109045039e-02 
4.297999999999999545e+02 1.102828790470250682e-02 
4.298999999999999773e+02 1.135791133590258184e-02 
4.300000000000000000e+02 1.016950609010231106e-02 
4.301000000000000227e+02 1.078799519330245205e-02 
4.301999999999999318e+02 1.019250652459072898e-02 
4.302999999999999545e+02 1.124726193380255757e-02 
4.303999999999999773e+02 1.137512456430258591e-02 
4.305000000000000000e+02 1.086748271640246982e-02 
4.306000000000000227e+02 1.085734273990246988e-02 
4.306999999999999318e+02 1.014452712359077344e-02 
4.307999999999999545e+02 1.021600159210232263e-02 
4.308999999999999773e+02 9.943854515502260905e-03 
4.310000000000000000e+02 1.012874833090230201e-02 
4.311000000000000227e+02 1.035499346510235404e-02 
4.311999999999999318e+02 1.033698882389059645e-02 
4.312999999999999545e+02 1.038996401820236129e-02 
4.313999999999999773e+02 1.021624890860232081e-02 
4.315000000000000000e+02 1.061873178070241522e-02 
4.316000000000000227e+02 1.126234824030256099e-02 
4.316999999999999318e+02 1.075084825499022199e-02 
4.317999999999999545e+02 1.081792048980245897e-02 
4.318999999999999773e+02 1.176469751510267510e-02 
4.320000000000000000e+02 1.049037451720238358e-02 
4.321000000000000227e+02 1.040668261360236553e-02 
4.321999999999999318e+02 1.035682360719058018e-02 
4.322999999999999545e+02 1.094251854250248741e-02 
4.323999999999999773e+02 1.010678662570230028e-02 
4.325000000000000000e+02 1.046915476150237986e-02 
4.326000000000000227e+02 1.017831055750231285e-02 
4.326999999999999318e+02 1.020546590919071787e-02 
4.327999999999999545e+02 9.730816082402213296e-03 
4.328999999999999773e+02 9.799025973102226672e-03 
4.330000000000000000e+02 1.044264243270237244e-02 
4.331000000000000227e+02 1.101122306620250409e-02 
4.331999999999999318e+02 1.104327528458995747e-02 
4.332999999999999545e+02 9.978923995202268471e-03 
4.333999999999999773e+02 1.040391266880236545e-02 
4.335000000000000000e+02 1.011178241900229959e-02 
4.336000000000000227e+02 1.018963765320231654e-02 
4.336999999999999318e+02 1.053449578079041805e-02 
4.337999999999999545e+02 1.014121308250230495e-02 
4.338999999999999773e+02 1.044640164350237564e-02 
4.340000000000000000e+02 1.060963053350241249e-02 
4.341000000000000227e+02 1.024335479700232837e-02 
4.341999999999999318e+02 1.022584478879070072e-02 
4.342999999999999545e+02 1.042419262180237054e-02 
4.343999999999999773e+02 1.018093211240231506e-02 
4.345000000000000000e+02 1.092763008920248462e-02 
4.346000000000000227e+02 1.033105322790234953e-02 
4.346999999999999318e+02 1.005395982129085597e-02 
4.347999999999999545e+02 1.061472525340241384e-02 
4.348999999999999773e+02 9.656175962702195220e-03 
4.350000000000000000e+02 1.050372960820238760e-02 
4.351000000000000227e+02 1.018523541950231565e-02 
4.351999999999999318e+02 9.745655072391135390e-03 
4.352999999999999545e+02 9.339561379402123997e-03 
4.353999999999999773e+02 1.036770553320235863e-02 
4.355000000000000000e+02 1.002764534570228100e-02 
4.356000000000000227e+02 9.972098059802265990e-03 
4.356999999999999318e+02 9.888059913091006708e-03 
4.357999999999999545e+02 9.798778656602226758e-03 
4.358999999999999773e+02 1.009120568620229356e-02 
4.360000000000000000e+02 1.058801507140240926e-02 
4.361000000000000227e+02 1.004317682190228322e-02 
4.361999999999999318e+02 9.809611119291078082e-03 
4.362999999999999545e+02 1.039070596770236277e-02 
4.363999999999999773e+02 1.080590090790245830e-02 
4.365000000000000000e+02 1.157129601210263141e-02 
4.366000000000000227e+02 9.714987826402208398e-03 
4.366999999999999318e+02 9.977341169590925318e-03 
4.367999999999999545e+02 1.061304350120241373e-02 
4.368999999999999773e+02 1.002952495110228000e-02 
4.370000000000000000e+02 1.051698577260239305e-02 
4.371000000000000227e+02 1.050936842440238807e-02 
4.371999999999999318e+02 1.019967870309072475e-02 
4.372999999999999545e+02 1.026239816750233388e-02 
4.373999999999999773e+02 9.285052822802109668e-03 
4.375000000000000000e+02 1.022564693560232274e-02 
4.376000000000000227e+02 1.012528589990230148e-02 
4.376999999999999318e+02 1.034999767179058811e-02 
4.377999999999999545e+02 1.051505670390238956e-02 
4.378999999999999773e+02 1.064949795330242047e-02 
4.380000000000000000e+02 9.829940535602234991e-03 
4.381000000000000227e+02 1.092990540100248660e-02 
4.381999999999999318e+02 1.061551666619034440e-02 
4.382999999999999545e+02 1.023375891680232755e-02 
4.383999999999999773e+02 1.119814487690254726e-02 
4.385000000000000000e+02 1.041063967760236589e-02 
4.386000000000000227e+02 9.161493499402081908e-03 
4.386999999999999318e+02 9.832166384091057393e-03 
4.387999999999999545e+02 1.034989874520235095e-02 
4.388999999999999773e+02 1.122619056800255172e-02 
4.390000000000000000e+02 1.026116158500233085e-02 
4.391000000000000227e+02 9.387392390502133713e-03 
4.391999999999999318e+02 9.466484207191391484e-03 
4.392999999999999545e+02 1.047424948140238121e-02 
4.393999999999999773e+02 1.047523874740238260e-02 
4.395000000000000000e+02 9.429337268902143049e-03 
4.396000000000000227e+02 1.066735420460242570e-02 
4.396999999999999318e+02 1.008022483359083225e-02 
4.397999999999999545e+02 1.118291018050254250e-02 
4.398999999999999773e+02 9.994356544802272119e-03 
4.400000000000000000e+02 1.070845820690243498e-02 
4.401000000000000227e+02 9.774393249702223452e-03 
4.401999999999999318e+02 9.609630997391260809e-03 
4.402999999999999545e+02 1.025191194790233025e-02 
4.403999999999999773e+02 1.041593225070236786e-02 
4.405000000000000000e+02 1.030068276170234207e-02 
4.406000000000000227e+02 9.986541343402269982e-03 
4.406999999999999318e+02 9.989509141390913449e-03 
4.407999999999999545e+02 1.086886768880247246e-02 
4.408999999999999773e+02 1.059963894690240868e-02 
4.410000000000000000e+02 1.081045153150245880e-02 
4.411000000000000227e+02 1.046663213320237970e-02 
4.411999999999999318e+02 9.290295932591549621e-03 
4.412999999999999545e+02 9.967003339902266376e-03 
4.413999999999999773e+02 1.044120799700237225e-02 
4.415000000000000000e+02 1.051312763520238780e-02 
4.416000000000000227e+02 9.881679147402247509e-03 
4.416999999999999318e+02 9.717906161091161357e-03 
4.417999999999999545e+02 9.812628380602230610e-03 
4.418999999999999773e+02 9.835480425202236879e-03 
4.420000000000000000e+02 1.002596359350228089e-02 
4.421000000000000227e+02 1.116708192450253760e-02 
4.421999999999999318e+02 1.081871190259016229e-02 
4.422999999999999545e+02 9.756784314902219868e-03 
4.423999999999999773e+02 9.512485076202163714e-03 
4.425000000000000000e+02 9.667601985002199222e-03 
4.426000000000000227e+02 1.062313401440241611e-02 
4.426999999999999318e+02 1.010713286879080623e-02 
4.427999999999999545e+02 9.856057158002241164e-03 
4.428999999999999773e+02 1.117118737840254103e-02 
4.430000000000000000e+02 1.025037858560233148e-02 
4.431000000000000227e+02 1.031547228840234628e-02 
4.431999999999999318e+02 1.040589120079053569e-02 
4.432999999999999545e+02 1.036137423080235598e-02 
4.433999999999999773e+02 9.688574424202201288e-03 
4.435000000000000000e+02 1.112518650940252755e-02 
4.436000000000000227e+02 1.010723179540229909e-02 
4.436999999999999318e+02 9.391201064591458980e-03 
4.437999999999999545e+02 9.768902823402220853e-03 
4.438999999999999773e+02 1.063807193100241820e-02 
4.440000000000000000e+02 1.001547737390227726e-02 
4.441000000000000227e+02 1.037932940870235805e-02 
4.441999999999999318e+02 1.004431447779086453e-02 
4.442999999999999545e+02 9.468215422702151371e-03 
4.443999999999999773e+02 1.071899388980243790e-02 
4.445000000000000000e+02 1.009541006670229557e-02 
4.446000000000000227e+02 1.024864737010232861e-02 
4.446999999999999318e+02 1.016243283819075714e-02 
4.447999999999999545e+02 1.081505161840245859e-02 
4.448999999999999773e+02 9.268977250302106591e-03 
4.450000000000000000e+02 1.084789524960246693e-02 
4.451000000000000227e+02 1.055927689410240088e-02 
4.451999999999999318e+02 9.125879923391699844e-03 
4.452999999999999545e+02 1.069515257920243198e-02 
4.453999999999999773e+02 9.504422558302159929e-03 
4.455000000000000000e+02 1.037111850090235814e-02 
4.456000000000000227e+02 1.000464491120227339e-02 
4.456999999999999318e+02 1.079086406469018621e-02 
4.457999999999999545e+02 1.024607527850232916e-02 
4.458999999999999773e+02 1.034836538290235218e-02 
4.460000000000000000e+02 1.018538380940231698e-02 
4.461000000000000227e+02 1.049576601690238586e-02 
4.461999999999999318e+02 9.557793458991306959e-03 
4.462999999999999545e+02 1.018854946060231657e-02 
4.463999999999999773e+02 1.001122353010227596e-02 
4.465000000000000000e+02 1.019196242830231608e-02 
4.466000000000000227e+02 1.018795590100231643e-02 
4.466999999999999318e+02 9.910318398090988551e-03 
4.467999999999999545e+02 1.017618363560231394e-02 
4.468999999999999773e+02 9.196068346102089647e-03 
4.470000000000000000e+02 1.085773844630246593e-02 
4.471000000000000227e+02 1.017296852110231332e-02 
4.471999999999999318e+02 1.041192572339053046e-02 
4.472999999999999545e+02 1.012830316120230147e-02 
4.473999999999999773e+02 9.817574710602232357e-03 
4.475000000000000000e+02 1.050966520420238901e-02 
4.476000000000000227e+02 9.945338414502260388e-03 
4.476999999999999318e+02 9.796651734691089186e-03 
4.477999999999999545e+02 9.968042069202265321e-03 
4.478999999999999773e+02 1.008838627810229420e-02 
4.480000000000000000e+02 1.001740644260227728e-02 
4.481000000000000227e+02 1.031913257260234744e-02 
4.481999999999999318e+02 1.046974832109047807e-02 
4.482999999999999545e+02 9.553391225302174106e-03 
4.483999999999999773e+02 1.041024397120236637e-02 
4.485000000000000000e+02 1.059602812600240855e-02 
4.486000000000000227e+02 9.985947783802271577e-03 
4.486999999999999318e+02 1.053602914309041856e-02 
4.487999999999999545e+02 9.577727168902178123e-03 
4.488999999999999773e+02 1.000642559000227381e-02 
4.490000000000000000e+02 8.974670615302040785e-03 
4.491000000000000227e+02 9.940738327602260602e-03 
4.491999999999999318e+02 1.028426094609064499e-02 
4.492999999999999545e+02 9.709398473502207222e-03 
4.493999999999999773e+02 1.006068683010228650e-02 
4.495000000000000000e+02 9.367607070502130193e-03 
4.496000000000000227e+02 9.348019603702125563e-03 
4.496999999999999318e+02 9.974373371590928086e-03 
4.497999999999999545e+02 9.646580082502192663e-03 
4.498999999999999773e+02 9.915907751002253287e-03 
4.500000000000000000e+02 1.005143719300228590e-02 
4.501000000000000227e+02 9.469254152002152050e-03 
4.501999999999999318e+02 9.252703824591583526e-03 
4.502999999999999545e+02 1.030988293550234337e-02 
4.503999999999999773e+02 1.006053844020228689e-02 
4.505000000000000000e+02 1.003946707440228278e-02 
4.506000000000000227e+02 9.631790555802190179e-03 
4.506999999999999318e+02 9.440417048091414090e-03 
4.507999999999999545e+02 1.013136988580230248e-02 
4.508999999999999773e+02 9.813419793402229641e-03 
4.510000000000000000e+02 1.022594371540232541e-02 
4.511000000000000227e+02 1.036637002410235528e-02 
4.511999999999999318e+02 9.757427337791124006e-03 
4.512999999999999545e+02 1.024088163200232923e-02 
4.513999999999999773e+02 1.022490498610232473e-02 
4.515000000000000000e+02 9.717757771202210210e-03 
4.516000000000000227e+02 9.389667702302133961e-03 
4.516999999999999318e+02 1.064029777949032293e-02 
4.517999999999999545e+02 9.941480277102260343e-03 
4.518999999999999773e+02 1.035133318090235115e-02 
4.520000000000000000e+02 9.184790713702088716e-03 
4.521000000000000227e+02 9.523812171902163934e-03 
4.521999999999999318e+02 9.566350609891298429e-03 
4.522999999999999545e+02 9.463071239502152468e-03 
4.523999999999999773e+02 9.702176831702205226e-03 
4.525000000000000000e+02 1.056837814130240187e-02 
4.526000000000000227e+02 9.453178579502147239e-03 
4.526999999999999318e+02 1.031245502709062130e-02 
4.527999999999999545e+02 9.912049613602253242e-03 
4.528999999999999773e+02 1.017806324100231294e-02 
4.530000000000000000e+02 9.618930097802185983e-03 
4.531000000000000227e+02 1.011752016180230036e-02 
4.531999999999999318e+02 9.426567324091425851e-03 
4.532999999999999545e+02 9.698615474102202649e-03 
4.533999999999999773e+02 1.017277066790231096e-02 
4.535000000000000000e+02 9.972493766202267240e-03 
4.536000000000000227e+02 9.219711803502094946e-03 
4.536999999999999318e+02 9.473310142591383556e-03 
4.537999999999999545e+02 9.353213250202125489e-03 
4.538999999999999773e+02 9.390607505002134328e-03 
4.539999999999998863e+02 1.060315084119035564e-02 
4.541000000000000227e+02 9.669976223413190991e-03 
4.541999999999999318e+02 9.552698739091310814e-03 
4.543000000000000682e+02 9.937721066313555396e-03 
4.543999999999999773e+02 1.001196547959089418e-02 
4.544999999999998863e+02 9.028338295791788967e-03 
4.546000000000000227e+02 9.074240238212379420e-03 
4.546999999999999318e+02 9.623480721391247314e-03 
4.548000000000000682e+02 1.012137829921380683e-02 
4.548999999999999773e+02 9.615319276891255360e-03 
4.549999999999998863e+02 9.754954172791128336e-03 
4.551000000000000227e+02 9.663199751313182595e-03 
4.551999999999999318e+02 9.804417472791081625e-03 
4.553000000000000682e+02 1.023910095321396707e-02 
4.553999999999999773e+02 9.284508726491556493e-03 
4.554999999999998863e+02 1.007587206319083585e-02 
4.556000000000000227e+02 9.385364395212803662e-03 
4.556999999999999318e+02 8.927136383991880406e-03 
4.558000000000000682e+02 1.023197823801395845e-02 
4.558999999999999773e+02 9.538502771991324083e-03 
4.559999999999998863e+02 9.427556590091427241e-03 
4.561000000000000227e+02 9.863674506213455928e-03 
4.561999999999999318e+02 1.015714026509076037e-02 
4.563000000000000682e+02 9.457432423312902084e-03 
4.563999999999999773e+02 9.499031058591360724e-03 
4.564999999999998863e+02 8.972049060391840136e-03 
4.566000000000000227e+02 1.014244966501383696e-02 
4.566999999999999318e+02 9.641089656191231816e-03 
4.568000000000000682e+02 9.608592268113108972e-03 
4.568999999999999773e+02 9.278869910291561232e-03 
4.569999999999998863e+02 9.976797073290926202e-03 
4.571000000000000227e+02 9.835381498613416859e-03 
4.571999999999999318e+02 9.334516122791510634e-03 
4.573000000000000682e+02 9.798333486913364879e-03 
4.573999999999999773e+02 9.156003073091672703e-03 
4.574999999999998863e+02 1.010208761219081285e-02 
4.576000000000000227e+02 1.022327269721394830e-02 
4.576999999999999318e+02 9.182119695491649386e-03 
4.578000000000000682e+02 9.565460270513050783e-03 
4.578999999999999773e+02 1.000667290649089915e-02 
4.579999999999998863e+02 9.591873672691276706e-03 
4.581000000000000227e+02 8.954440125612216084e-03 
4.581999999999999318e+02 1.067887915349028695e-02 
4.583000000000000682e+02 1.016188874191386281e-02 
4.583999999999999773e+02 1.000716753949089724e-02 
4.584999999999998863e+02 9.745308829291136898e-03 
4.586000000000000227e+02 9.563778518313047206e-03 
4.586999999999999318e+02 9.942667396290955431e-03 
4.588000000000000682e+02 1.020284435431391933e-02 
4.588999999999999773e+02 9.673290264491200829e-03 
4.589999999999998863e+02 1.005099202329085700e-02 
4.591000000000000227e+02 1.006489121061373074e-02 
4.591999999999999318e+02 1.002057209379088668e-02 
4.593000000000000682e+02 9.679720493513205293e-03 
4.593999999999999773e+02 1.012573106959079039e-02 
4.594999999999998863e+02 8.748128701292044382e-03 
4.596000000000000227e+02 9.519954034512986829e-03 
4.596999999999999318e+02 9.565410807191299797e-03 
4.598000000000000682e+02 9.946476070413568307e-03 
4.598999999999999773e+02 9.881530757491013839e-03 
4.599999999999998863e+02 9.868373519691024318e-03 
4.601000000000000227e+02 9.492650292912949150e-03 
4.601999999999999318e+02 9.881036124491012276e-03 
4.603000000000000682e+02 9.251615632012620549e-03 
4.603999999999999773e+02 9.340847425191504613e-03 
4.604999999999998863e+02 9.343073273691502104e-03 
4.606000000000000227e+02 9.823460843313400886e-03 
4.606999999999999318e+02 1.029489555559063609e-02 
4.608000000000000682e+02 9.893352486213495903e-03 
4.608999999999999773e+02 1.049443050779045629e-02 
4.609999999999998863e+02 9.583168131891283900e-03 
4.611000000000000227e+02 9.357417630712764819e-03 
4.611999999999999318e+02 9.473656385691383783e-03 
4.613000000000000682e+02 9.772810424113329356e-03 
4.613999999999999773e+02 1.020319059739071936e-02 
4.614999999999998863e+02 9.401291577791449222e-03 
4.616000000000000227e+02 9.618880634513122391e-03 
4.616999999999999318e+02 9.276198892091563203e-03 
4.618000000000000682e+02 9.705837115913240956e-03 
4.618999999999999773e+02 9.706084432391171718e-03 
4.619999999999998863e+02 9.241277802291595136e-03 
4.621000000000000227e+02 9.860954024713451671e-03 
4.621999999999999318e+02 9.526186410291334616e-03 
4.623000000000000682e+02 9.419246755712849112e-03 
4.623999999999999773e+02 9.023391965791792424e-03 
4.624999999999998863e+02 9.166637682591663797e-03 
4.626000000000000227e+02 9.790122579113354553e-03 
4.626999999999999318e+02 9.045205281091771993e-03 
4.628000000000000682e+02 1.001265796581365941e-02 
4.628999999999999773e+02 9.291186271991548964e-03 
4.629999999999998863e+02 9.886526550791007936e-03 
4.631000000000000227e+02 9.395257055212817565e-03 
4.631999999999999318e+02 1.005257484889085680e-02 
4.633000000000000682e+02 9.825142595513404464e-03 
4.633999999999999773e+02 9.737493627891143436e-03 
4.634999999999998863e+02 9.605723396691263211e-03 
4.636000000000000227e+02 9.943607199013564449e-03 
4.636999999999999318e+02 9.814507985991073602e-03 
4.638000000000000682e+02 1.023766651751396514e-02 
4.638999999999999773e+02 8.916204994691891844e-03 
4.639999999999998863e+02 9.003062549491810604e-03 
4.641000000000000227e+02 9.278968836912659252e-03 
4.641999999999999318e+02 9.588559631591277513e-03 
4.643000000000000682e+02 9.276050502212652635e-03 
4.643999999999999773e+02 9.015428374491801095e-03 
4.644999999999998863e+02 1.009813054819081596e-02 
4.646000000000000227e+02 9.331795641312730719e-03 
4.646999999999999318e+02 9.179201360791651443e-03 
4.648000000000000682e+02 9.499624618212959906e-03 
4.648999999999999773e+02 9.280106492791560802e-03 
4.649999999999998863e+02 9.732695687791148229e-03 
4.651000000000000227e+02 9.849181759313435300e-03 
4.651999999999999318e+02 9.447539763291408835e-03 
4.653000000000000682e+02 9.828308246713407526e-03 
4.653999999999999773e+02 9.407672343491444225e-03 
4.654999999999998863e+02 1.009644879599081585e-02 
4.656000000000000227e+02 1.010327473141378260e-02 
4.656999999999999318e+02 8.737691944992052179e-03 
4.658000000000000682e+02 9.521635786712990407e-03 
4.658999999999999773e+02 9.908438792690987817e-03 
4.659999999999998863e+02 9.336593581391506788e-03 
4.661000000000000227e+02 9.931340300613549985e-03 
4.661999999999999318e+02 1.062575556929033424e-02 
4.663000000000000682e+02 9.500267641112961070e-03 
4.663999999999999773e+02 8.660232417192123208e-03 
4.664999999999998863e+02 9.408018586591444452e-03 
4.666000000000000227e+02 1.022302538071394491e-02 
4.666999999999999318e+02 9.665623452991210438e-03 
4.668000000000000682e+02 9.439180465612878254e-03 
4.668999999999999773e+02 9.501256907091359949e-03 
4.669999999999998863e+02 9.836568617791053085e-03 
4.671000000000000227e+02 9.608790121313109597e-03 
4.671999999999999318e+02 9.208730950891624162e-03 
4.673000000000000682e+02 9.365776928412778216e-03 
4.673999999999999773e+02 9.929064988790970575e-03 
4.674999999999998863e+02 9.415091838491436438e-03 
4.676000000000000227e+02 1.030117739471405301e-02 
4.676999999999999318e+02 9.887367426891007990e-03 
4.678000000000000682e+02 1.011247490521379605e-02 
4.678999999999999773e+02 9.940639400990960300e-03 
4.679999999999998863e+02 9.782703084091102369e-03 
4.681000000000000227e+02 9.012905746212294955e-03 
4.681999999999999318e+02 8.730074596792059341e-03 
4.683000000000000682e+02 9.709101693713244330e-03 
4.683999999999999773e+02 9.440862217791412894e-03 
4.684999999999998863e+02 9.289553983091551614e-03 
4.686000000000000227e+02 9.767369461113324311e-03 
4.686999999999999318e+02 8.793288694192002292e-03 
4.688000000000000682e+02 9.645590816513159929e-03 
4.688999999999999773e+02 9.329668719391514403e-03 
4.689999999999998863e+02 9.669531053691204567e-03 
4.691000000000000227e+02 9.151304059612484082e-03 
4.691999999999999318e+02 1.020759283109071505e-02 
4.693000000000000682e+02 9.425182351712859188e-03 
4.693999999999999773e+02 9.982979985790918845e-03 
4.694999999999998863e+02 9.576787366191288897e-03 
4.696000000000000227e+02 1.002353989181367644e-02 
4.696999999999999318e+02 9.039121295191777927e-03 
4.698000000000000682e+02 9.176827122412517870e-03 
4.698999999999999773e+02 9.119795937491704044e-03 
4.699999999999998863e+02 9.448281712791405107e-03 
4.701000000000000227e+02 1.014462605021383863e-02 
4.701999999999999318e+02 9.096152480091726500e-03 
4.703000000000000682e+02 8.950384135012210210e-03 
4.703999999999999773e+02 9.488198595891370740e-03 
4.704999999999998863e+02 9.242811164591593909e-03 
4.706000000000000227e+02 9.324376146312719424e-03 
4.706999999999999318e+02 1.005499855059085491e-02 
4.708000000000000682e+02 9.104462314512420246e-03 
4.708999999999999773e+02 9.683628094191192720e-03 
4.709999999999998863e+02 8.523862099092246666e-03 
4.711000000000000227e+02 9.857442130413448383e-03 
4.711999999999999318e+02 9.864169139191027516e-03 
4.713000000000000682e+02 9.424687718712857626e-03 
4.713999999999999773e+02 9.312504954291530440e-03 
4.714999999999998863e+02 9.626992615691243663e-03 
4.716000000000000227e+02 9.034076038612323667e-03 
4.716999999999999318e+02 9.864119675891026492e-03 
4.718000000000000682e+02 9.850171025313438425e-03 
4.718999999999999773e+02 9.417169297091434327e-03 
4.719999999999998863e+02 9.739175380091141809e-03 
4.721000000000000227e+02 9.529846694513000732e-03 
4.721999999999999318e+02 9.363798396391483439e-03 
4.723000000000000682e+02 9.415240228412844262e-03 
4.723999999999999773e+02 9.279315079991560036e-03 
4.724999999999998863e+02 9.031454483691785801e-03 
4.726000000000000227e+02 9.281837708312663110e-03 
4.726999999999999318e+02 8.465891111492299462e-03 
4.728000000000000682e+02 9.691146515813221438e-03 
4.728999999999999773e+02 9.373542666491473455e-03 
4.729999999999998863e+02 9.317649137491525874e-03 
4.731000000000000227e+02 8.792249964911992566e-03 
4.731999999999999318e+02 9.357714410491487639e-03 
4.733000000000000682e+02 8.989361215412263947e-03 
4.733999999999999773e+02 9.983820861890918899e-03 
4.734999999999998863e+02 9.639704683791232645e-03 
4.736000000000000227e+02 9.967003339913597590e-03 
4.736999999999999318e+02 8.324426073492428510e-03 
4.738000000000000682e+02 9.531874689813002802e-03 
4.738999999999999773e+02 9.510011911191350309e-03 
4.739999999999998863e+02 9.050151611091770271e-03 
4.741000000000000227e+02 9.274566603212653151e-03 
4.741999999999999318e+02 9.145665243391682547e-03 
4.743000000000000682e+02 9.156497706112490947e-03 
4.743999999999999773e+02 9.736158118791143554e-03 
4.744999999999998863e+02 9.995593127290909249e-03 
4.746000000000000227e+02 9.520498130812987680e-03 
4.746999999999999318e+02 8.615962763692164642e-03 
4.748000000000000682e+02 9.468858445612918229e-03 
4.748999999999999773e+02 9.679572103591195520e-03 
4.749999999999998863e+02 8.901019761591905458e-03 
4.751000000000000227e+02 9.306420968412696532e-03 
4.751999999999999318e+02 9.330361205591514856e-03 
4.753000000000000682e+02 9.683083997913210714e-03 
4.753999999999999773e+02 9.992031769690911877e-03 
4.754999999999998863e+02 9.749364819891132364e-03 
4.756000000000000227e+02 9.422511333512855955e-03 
4.756999999999999318e+02 8.894490605991910853e-03 
4.758000000000000682e+02 9.198887754212549395e-03 
4.758999999999999773e+02 1.022886205009069724e-02 
4.759999999999998863e+02 9.276396745291562093e-03 
4.761000000000000227e+02 8.940590401612196619e-03 
4.761999999999999318e+02 8.497844403292270296e-03 
4.763000000000000682e+02 9.422264017012852572e-03 
4.763999999999999773e+02 8.625805960392154970e-03 
4.764999999999998863e+02 9.711921101791167604e-03 
4.766000000000000227e+02 9.349206722912754494e-03 
4.766999999999999318e+02 9.349899209091495911e-03 
4.768000000000000682e+02 9.675021480013199990e-03 
4.768999999999999773e+02 8.780032529792014193e-03 
4.769999999999998863e+02 9.802537867391084361e-03 
4.771000000000000227e+02 9.371118964812782948e-03 
4.771999999999999318e+02 9.156299852891671906e-03 
4.773000000000000682e+02 8.749958843411936166e-03 
4.773999999999999773e+02 9.148633041391678045e-03 
4.774999999999998863e+02 9.423352209591426970e-03 
4.776000000000000227e+02 8.555370221211671886e-03 
4.776999999999999318e+02 8.646333229892135680e-03 
4.778000000000000682e+02 8.830138852712044600e-03 
4.778999999999999773e+02 9.179794920391649848e-03 
4.779999999999998863e+02 9.337582847391508178e-03 
4.781000000000000227e+02 9.641534825913152321e-03 
4.781999999999999318e+02 9.670817099491203425e-03 
4.783000000000000682e+02 8.597216173011727747e-03 
4.783999999999999773e+02 8.857590984191943476e-03 
4.784999999999998863e+02 9.760840305491121777e-03 
4.786000000000000227e+02 9.452634483212894734e-03 
4.786999999999999318e+02 9.737048458191144631e-03 
4.788000000000000682e+02 9.378736313012794867e-03 
4.788999999999999773e+02 9.210363239791624981e-03 
4.789999999999998863e+02 9.657462008491215014e-03 
4.791000000000000227e+02 9.734426903313279228e-03 
4.791999999999999318e+02 9.570159283991295715e-03 
4.793000000000000682e+02 8.475289138511562029e-03 
4.793999999999999773e+02 1.001968175439088386e-02 
4.794999999999998863e+02 9.614428937491254282e-03 
4.796000000000000227e+02 8.767666704811959144e-03 
4.796999999999999318e+02 9.029970584691786317e-03 
4.798000000000000682e+02 9.126374556412450434e-03 
4.798999999999999773e+02 8.783692813992010143e-03 
4.799999999999998863e+02 8.706628992592082422e-03 
4.801000000000000227e+02 9.240436926212606053e-03 
4.801999999999999318e+02 8.780378772892014419e-03 
4.803000000000000682e+02 1.010169190581378107e-02 
4.803999999999999773e+02 9.811935894391077620e-03 
4.804999999999998863e+02 9.001875430291813793e-03 
4.806000000000000227e+02 8.854029626612077569e-03 
4.806999999999999318e+02 9.094223411391728212e-03 
4.808000000000000682e+02 8.822768821012036064e-03 
4.808999999999999773e+02 9.565262417291298461e-03 
4.809999999999998863e+02 8.792695134592002151e-03 
4.811000000000000227e+02 9.624964620413132069e-03 
4.811999999999999318e+02 8.798086634291997499e-03 
4.813000000000000682e+02 9.366469414612778668e-03 
4.813999999999999773e+02 8.630752290392149778e-03 
4.814999999999998863e+02 9.216744005491616515e-03 
4.816000000000000227e+02 9.462527143212908637e-03 
4.816999999999999318e+02 8.396345711692364266e-03 
4.818000000000000682e+02 8.006129738010923924e-03 
4.818999999999999773e+02 9.413311159691437752e-03 
4.819999999999998863e+02 9.123357295091701416e-03 
4.821000000000000227e+02 8.678385448311837572e-03 
4.821999999999999318e+02 8.439972342292323404e-03 
4.823000000000000682e+02 9.106391383212423737e-03 
4.823999999999999773e+02 9.153480444791674275e-03 
4.824999999999998863e+02 9.176381952691653812e-03 
4.826000000000000227e+02 8.981941720412252653e-03 
4.826999999999999318e+02 8.565806977492209165e-03 
4.828000000000000682e+02 9.099021351512413466e-03 
4.828999999999999773e+02 9.785571955491099289e-03 
4.829999999999998863e+02 8.661914169392121582e-03 
4.831000000000000227e+02 9.653455481213170028e-03 
4.831999999999999318e+02 8.714691510492074064e-03 
4.833000000000000682e+02 8.313593610811341808e-03 
4.833999999999999773e+02 8.976500757391835117e-03 
4.834999999999998863e+02 9.368447946591479045e-03 
4.836000000000000227e+02 9.167082852312505303e-03 
4.836999999999999318e+02 8.985156834891828634e-03 
4.838000000000000682e+02 8.335555316011371285e-03 
4.838999999999999773e+02 9.071618683291749613e-03 
4.839999999999998863e+02 8.469056762692297319e-03 
4.841000000000000227e+02 9.439081539012877942e-03 
4.841999999999999318e+02 8.678682228092106030e-03 
4.843000000000000682e+02 8.840179902612059840e-03 
4.843999999999999773e+02 8.556359487192218352e-03 
4.844999999999998863e+02 9.016566030391798617e-03 
4.846000000000000227e+02 8.553836858911669644e-03 
4.846999999999999318e+02 9.137355408991689257e-03 
4.848000000000000682e+02 8.466286817911549203e-03 
4.848999999999999773e+02 9.254138260291581985e-03 
4.849999999999998863e+02 9.240684242691594996e-03 
4.851000000000000227e+02 9.245927352512612121e-03 
4.851999999999999318e+02 9.796305491591090694e-03 
4.853000000000000682e+02 8.528264332811633097e-03 
4.853999999999999773e+02 9.455948524291398968e-03 
4.854999999999998863e+02 8.610472337392168982e-03 
4.856000000000000227e+02 9.690948662613220813e-03 
4.856999999999999318e+02 9.223718330791611658e-03 
4.858000000000000682e+02 8.756438535711945359e-03 
4.858999999999999773e+02 9.015131594691800157e-03 
4.859999999999998863e+02 9.245135939691591712e-03 
4.861000000000000227e+02 8.503136976411600559e-03 
4.861999999999999318e+02 8.538206456092234733e-03 
4.863000000000000682e+02 9.104214998012420332e-03 
4.863999999999999773e+02 9.358159580191489912e-03 
4.864999999999998863e+02 9.120834666791704723e-03 
4.866000000000000227e+02 9.206158859312559353e-03 
4.866999999999999318e+02 9.066919669791752984e-03 
4.868000000000000682e+02 9.326255751712721892e-03 
4.868999999999999773e+02 9.022353236491793479e-03 
4.869999999999998863e+02 8.979864261791831864e-03 
4.871000000000000227e+02 8.379577653011432287e-03 
4.871999999999999318e+02 9.198986680791632412e-03 
4.873000000000000682e+02 8.606366883511740173e-03 
4.873999999999999773e+02 9.312702807491531065e-03 
4.874999999999998863e+02 9.960672037490941183e-03 
4.876000000000000227e+02 8.730272450011910407e-03 
4.876999999999999318e+02 9.033581405591782978e-03 
4.878000000000000682e+02 9.558436481913039004e-03 
4.878999999999999773e+02 8.904976825591900610e-03 
4.879999999999998863e+02 9.047579519491770819e-03 
4.881000000000000227e+02 8.723644367811899877e-03 
4.881999999999999318e+02 8.609829314492169552e-03 
4.883000000000000682e+02 9.224757060112585144e-03 
4.883999999999999773e+02 9.160751549891668621e-03 
4.884999999999998863e+02 9.018346709191797303e-03 
4.886000000000000227e+02 9.126621872912450348e-03 
4.886999999999999318e+02 8.979666408591832974e-03 
4.888000000000000682e+02 9.656274889313174598e-03 
4.888999999999999773e+02 9.293807826891547705e-03 
4.889999999999998863e+02 8.654098967992128119e-03 
4.891000000000000227e+02 8.728689624411908876e-03 
4.891999999999999318e+02 9.533754295191328165e-03 
4.893000000000000682e+02 8.971603890712238211e-03 
4.893999999999999773e+02 9.358505823291486669e-03 
4.894999999999998863e+02 9.011273457291803582e-03 
4.896000000000000227e+02 9.241178875712605795e-03 
4.896999999999999318e+02 9.433096479691420455e-03 
4.898000000000000682e+02 8.916452311212162002e-03 
4.898999999999999773e+02 8.394861812692364783e-03 
4.899999999999998863e+02 8.497399233592271492e-03 
4.901000000000000227e+02 8.761236475811950974e-03 
4.901999999999999318e+02 8.951175547791859199e-03 
4.903000000000000682e+02 8.784286373611983889e-03 
4.903999999999999773e+02 9.068700348591751670e-03 
4.904999999999998863e+02 8.430129145592333076e-03 
4.906000000000000227e+02 8.573918958711696653e-03 
4.906999999999999318e+02 8.906905894291898898e-03 
4.908000000000000682e+02 8.724880950311902916e-03 
4.908999999999999773e+02 8.967894143191844358e-03 
4.909999999999998863e+02 8.472024560692294551e-03 
4.911000000000000227e+02 8.772019475211967690e-03 
4.911999999999999318e+02 9.031405020391786512e-03 
4.913000000000000682e+02 7.916601165010800703e-03 
4.913999999999999773e+02 9.259529759991579068e-03 
4.914999999999998863e+02 8.666316403092117274e-03 
4.916000000000000227e+02 9.085221090812395026e-03 
4.916999999999999318e+02 8.957902556591852694e-03 
4.918000000000000682e+02 8.587274049711712820e-03 
4.918999999999999773e+02 9.337335530891508265e-03 
4.919999999999998863e+02 8.877623620691926093e-03 
4.921000000000000227e+02 8.960078941812225223e-03 
4.921999999999999318e+02 8.840674535591957692e-03 
4.923000000000000682e+02 9.593407035013086157e-03 
4.923999999999999773e+02 9.078395155391742397e-03 
4.924999999999998863e+02 8.767617241492026148e-03 
4.926000000000000227e+02 9.392981743412813847e-03 
4.926999999999999318e+02 8.876931134491925640e-03 
4.928000000000000682e+02 8.575452321011698895e-03 
4.928999999999999773e+02 8.282530658392467035e-03 
4.929999999999998863e+02 8.901613321191903863e-03 
4.931000000000000227e+02 8.408761000011470699e-03 
4.931999999999999318e+02 9.001974356891810636e-03 
4.933000000000000682e+02 8.844384283112065315e-03 
4.933999999999999773e+02 8.974373835491837939e-03 
4.934999999999998863e+02 8.890780858491913879e-03 
4.936000000000000227e+02 9.123505685012446575e-03 
4.936999999999999318e+02 8.920607228391887536e-03 
4.938000000000000682e+02 8.657808715511810735e-03 
4.938999999999999773e+02 9.482164073291375964e-03 
4.939999999999998863e+02 8.842653067591957003e-03 
4.941000000000000227e+02 8.799966239712004798e-03 
4.941999999999999318e+02 8.840575608991959114e-03 
4.943000000000000682e+02 8.417763320611483524e-03 
4.943999999999999773e+02 8.088881838892643741e-03 
4.944999999999998863e+02 8.833551820391964682e-03 
4.946000000000000227e+02 8.980606211312252771e-03 
4.946999999999999318e+02 8.973780275891837799e-03 
4.948000000000000682e+02 9.574066884713060624e-03 
4.948999999999999773e+02 8.583762155392192159e-03 
4.949999999999998863e+02 9.622244138891247744e-03 
4.951000000000000227e+02 8.658253885211811274e-03 
4.951999999999999318e+02 8.259777540392487100e-03 
4.953000000000000682e+02 8.564471468411683289e-03 
4.953999999999999773e+02 8.768012947892025663e-03 
4.954999999999998863e+02 9.345002342391500391e-03 
4.956000000000000227e+02 8.750750256211936931e-03 
4.956999999999999318e+02 9.250181196291586833e-03 
4.958000000000000682e+02 9.449419368712892384e-03 
4.958999999999999773e+02 8.580942747292194528e-03 
4.959999999999998863e+02 8.616259543492163844e-03 
4.961000000000000227e+02 8.906065018212150006e-03 
4.961999999999999318e+02 8.834194843291964111e-03 
4.963000000000000682e+02 9.673339727813194677e-03 
4.963999999999999773e+02 8.470639588292295380e-03 
4.964999999999998863e+02 9.559277357991304708e-03 
4.966000000000000227e+02 9.619770973913123469e-03 
4.966999999999999318e+02 8.758219214492034624e-03 
4.968000000000000682e+02 8.634907207611780891e-03 
4.968999999999999773e+02 9.091997562891730722e-03 
4.969999999999998863e+02 8.789183240292004068e-03 
4.971000000000000227e+02 8.698863254511867565e-03 
4.971999999999999318e+02 8.540432304592232224e-03 
4.973000000000000682e+02 8.752333081811940196e-03 
4.973999999999999773e+02 8.813271867391983885e-03 
4.974999999999998863e+02 8.700198763592086396e-03 
4.976000000000000227e+02 8.427161347611495865e-03 
4.976999999999999318e+02 8.748029774692042335e-03 
4.978000000000000682e+02 8.792546744711995238e-03 
4.978999999999999773e+02 8.285696309592463157e-03 
4.979999999999998863e+02 8.397582294192362101e-03 
4.981000000000000227e+02 9.000342068012277819e-03 
4.981999999999999318e+02 9.181971305591648050e-03 
4.983000000000000682e+02 8.727502505211905126e-03 
4.983999999999999773e+02 8.281887635492467606e-03 
4.984999999999998863e+02 9.206752418891624851e-03 
4.986000000000000227e+02 8.594347301611723888e-03 
4.986999999999999318e+02 9.333180613691512487e-03 
4.988000000000000682e+02 8.387392854411441362e-03 
4.988999999999999773e+02 8.447738080392317578e-03 
4.989999999999998863e+02 9.032641602891782612e-03 
4.991000000000000227e+02 8.470046028711555874e-03 
4.991999999999999318e+02 8.404259839692356307e-03 
4.993000000000000682e+02 8.599293631611732575e-03 
4.993999999999999773e+02 8.508479012792261389e-03 
4.994999999999998863e+02 8.799026436991996131e-03 
4.996000000000000227e+02 8.415042839111479267e-03 
4.996999999999999318e+02 9.023144649291792510e-03 
4.998000000000000682e+02 8.219464950911213597e-03 
4.998999999999999773e+02 8.273330484592476136e-03 
4.999999999999998863e+02 8.654049504692130565e-03 
5.001000000000000227e+02 8.232424335511230248e-03 
5.001999999999999318e+02 8.634560964492145330e-03 
5.003000000000000682e+02 8.784286373611983889e-03 
5.003999999999999773e+02 8.477119280592288961e-03 
5.004999999999998863e+02 9.642227312091229338e-03 
5.006000000000000227e+02 9.039566464912331470e-03 
5.006999999999999318e+02 8.405298568992355251e-03 
5.008000000000000682e+02 8.954044419212216568e-03 
5.008999999999999773e+02 8.139037625092597483e-03 
5.009999999999998863e+02 8.662458265692120699e-03 
5.011000000000000227e+02 8.853436067012077429e-03 
5.011999999999999318e+02 8.490721688092279021e-03 
5.013000000000000682e+02 8.842850920812064808e-03 
5.013999999999999773e+02 8.773800153992020526e-03 
5.014999999999998863e+02 8.151353986792585216e-03 
5.016000000000000227e+02 8.473360069811558537e-03 
5.016999999999999318e+02 8.301326712392450083e-03 
5.018000000000000682e+02 9.084429678012392526e-03 
5.018999999999999773e+02 8.431711971192331137e-03 
5.019999999999998863e+02 8.180042700792559615e-03 
5.021000000000000227e+02 8.096845430211045691e-03 
5.021999999999999318e+02 8.682441438892102292e-03 
5.023000000000000682e+02 7.929016453310818238e-03 
5.023999999999999773e+02 8.178855581592561069e-03 
5.024999999999998863e+02 8.332488591392421887e-03 
5.026000000000000227e+02 8.312802198011341043e-03 
5.026999999999999318e+02 8.411382554892349317e-03 
5.028000000000000682e+02 7.590143385010354911e-03 
5.028999999999999773e+02 8.510952177792258794e-03 
5.029999999999998863e+02 8.247263325492498742e-03 
5.031000000000000227e+02 8.809314803412017850e-03 
5.031999999999999318e+02 9.193150011391638260e-03 
5.033000000000000682e+02 8.538058066211648423e-03 
5.033999999999999773e+02 8.082698926392649363e-03 
5.034999999999998863e+02 9.211946065391621308e-03 
5.036000000000000227e+02 8.722061542211898347e-03 
5.036999999999999318e+02 8.287279135192462953e-03 
5.038000000000000682e+02 8.807534124612015694e-03 
5.038999999999999773e+02 8.549187308692224319e-03 
5.039999999999998863e+02 8.089673251692642772e-03 
5.041000000000000227e+02 8.474547189011560552e-03 
5.041999999999999318e+02 8.028239833092696773e-03 
5.043000000000000682e+02 7.948208213710842435e-03 
5.043999999999999773e+02 8.513227489592257308e-03 
5.044999999999998863e+02 8.220998313192522458e-03 
5.046000000000000227e+02 8.473805239511560811e-03 
5.046999999999999318e+02 8.563976835392211190e-03 
5.048000000000000682e+02 8.446699351111523757e-03 
5.048999999999999773e+02 8.442445507292322543e-03 
5.049999999999998863e+02 8.427507590692336070e-03 
5.051000000000000227e+02 8.165797270411140341e-03 
5.051999999999999318e+02 8.788391827492006772e-03 
5.053000000000000682e+02 8.829842072912045398e-03 
5.053999999999999773e+02 8.238112614992507132e-03 
5.054999999999998863e+02 8.911258664691895301e-03 
5.056000000000000227e+02 8.512683393311612501e-03 
5.056999999999999318e+02 8.611659456592167527e-03 
5.058000000000000682e+02 8.859866296012087333e-03 
5.058999999999999773e+02 7.720132937392977686e-03 
5.059999999999998863e+02 9.194732836991636321e-03 
5.061000000000000227e+02 8.593753742011723748e-03 
5.061999999999999318e+02 8.152788422492583675e-03 
5.063000000000000682e+02 8.459015712811539245e-03 
5.063999999999999773e+02 8.512139296992257340e-03 
5.064999999999998863e+02 8.782456231492012308e-03 
5.066000000000000227e+02 7.947664117410841583e-03 
5.066999999999999318e+02 8.760049356592032599e-03 
5.068000000000000682e+02 8.436163668211508690e-03 
5.068999999999999773e+02 8.368052704092389382e-03 
5.069999999999998863e+02 7.619969754893070671e-03 
5.071000000000000227e+02 8.190182677311173137e-03 
5.071999999999999318e+02 8.380220675892377513e-03 
5.073000000000000682e+02 8.406930857911469254e-03 
5.073999999999999773e+02 8.463665262992301971e-03 
5.074999999999998863e+02 8.595583884092181798e-03 
5.076000000000000227e+02 8.292819024811314346e-03 
5.076999999999999318e+02 8.210709946792531591e-03 
5.078000000000000682e+02 8.382594914311434012e-03 
5.078999999999999773e+02 8.142351666192593207e-03 
5.079999999999998863e+02 8.653357018492130112e-03 
5.081000000000000227e+02 8.900178885512142687e-03 
5.081999999999999318e+02 8.480087078592287927e-03 
5.083000000000000682e+02 8.631543703211775470e-03 
5.083999999999999773e+02 7.562246083793122513e-03 
5.084999999999998863e+02 8.913088806791893276e-03 
5.086000000000000227e+02 8.712416198711884358e-03 
5.086999999999999318e+02 8.444077796192319893e-03 
5.088000000000000682e+02 8.733190784711913554e-03 
5.088999999999999773e+02 8.256859205692490891e-03 
5.089999999999998863e+02 8.140768840592595146e-03 
5.091000000000000227e+02 7.805061423510647849e-03 
5.091999999999999318e+02 8.378489460392379851e-03 
5.093000000000000682e+02 8.364342956611410182e-03 
5.093999999999999773e+02 8.565361807792210361e-03 
5.094999999999998863e+02 9.017456369791797960e-03 
5.096000000000000227e+02 8.280848906211297350e-03 
5.096999999999999318e+02 8.395603762192362790e-03 
5.098000000000000682e+02 8.218673538111211097e-03 
5.098999999999999773e+02 8.904877898991900298e-03 
5.099999999999998863e+02 8.525692241192246376e-03 
5.101000000000000227e+02 7.816339055910661790e-03 
5.101999999999999318e+02 8.928719209591878467e-03 
5.103000000000000682e+02 8.163670348511136224e-03 
5.103999999999999773e+02 8.250676293192494778e-03 
5.104999999999998863e+02 7.926790604792791767e-03 
5.106000000000000227e+02 8.584108398511709759e-03 
5.106999999999999318e+02 8.693076048392093386e-03 
5.108000000000000682e+02 8.846016572012069604e-03 
5.108999999999999773e+02 8.423006430392338331e-03 
5.109999999999998863e+02 8.100159471292632529e-03 
5.111000000000000227e+02 8.108914475411063000e-03 
5.111999999999999318e+02 8.594001058492183737e-03 
5.113000000000000682e+02 8.387936950711442213e-03 
5.113999999999999773e+02 8.746892118792044812e-03 
5.114999999999998863e+02 8.668937957992114279e-03 
5.116000000000000227e+02 8.654296821211805713e-03 
5.116999999999999318e+02 8.790815529192004887e-03 
5.118000000000000682e+02 7.507885917110241648e-03 
5.118999999999999773e+02 8.662755045492121636e-03 
5.119999999999998863e+02 8.679770420692105998e-03 
5.121000000000000227e+02 8.566548927011686382e-03 
5.121999999999999318e+02 8.352966397592403308e-03 
5.123000000000000682e+02 8.007267393910924916e-03 
5.123999999999999773e+02 8.352620154492403082e-03 
5.124999999999998863e+02 8.376461465092381251e-03 
5.126000000000000227e+02 8.026706470810950761e-03 
5.126999999999999318e+02 8.586482636892189477e-03 
5.128000000000000682e+02 8.279958566811294537e-03 
5.128999999999999773e+02 7.547308167193134305e-03 
5.129999999999998863e+02 8.118213575792615835e-03 
5.131000000000000227e+02 7.983178766810891322e-03 
5.131999999999999318e+02 8.642574019092139417e-03 
5.133000000000000682e+02 8.208484098311197991e-03 
5.133999999999999773e+02 8.513079099692257706e-03 
5.134999999999998863e+02 7.688377498793007477e-03 
5.136000000000000227e+02 8.243405188111245854e-03 
5.136999999999999318e+02 8.237568518692506281e-03 
5.138000000000000682e+02 8.363749397011410042e-03 
5.138999999999999773e+02 8.396345711692364266e-03 
5.139999999999998863e+02 8.156349780092581048e-03 
5.141000000000000227e+02 7.993714449710904654e-03 
5.141999999999999318e+02 8.616111153592162508e-03 
5.143000000000000682e+02 8.752679324911940423e-03 
5.143999999999999773e+02 8.001727504292722309e-03 
5.144999999999998863e+02 8.392537037592366980e-03 
5.146000000000000227e+02 8.317154968411346119e-03 
5.146999999999999318e+02 8.275012236792472775e-03 
5.148000000000000682e+02 7.915908678810798516e-03 
5.148999999999999773e+02 8.376560391692379828e-03 
5.149999999999998863e+02 8.345843682392408563e-03 
5.151000000000000227e+02 7.798482804610639210e-03 
5.151999999999999318e+02 8.421621457992340895e-03 
5.153000000000000682e+02 8.676753159411836752e-03 
5.153999999999999773e+02 8.589400971592187420e-03 
5.154999999999998863e+02 8.469501932392296123e-03 
5.156000000000000227e+02 8.246175132911249400e-03 
5.156999999999999318e+02 8.604042108392174690e-03 
5.158000000000000682e+02 7.433394187310140774e-03 
5.158999999999999773e+02 8.747287825192044328e-03 
5.159999999999998863e+02 8.188847168192552733e-03 
5.161000000000000227e+02 8.624173671511765199e-03 
5.161999999999999318e+02 9.167379632091661804e-03 
5.163000000000000682e+02 8.318787257311348673e-03 
5.163999999999999773e+02 8.051042414392677732e-03 
5.164999999999998863e+02 8.088288279292643601e-03 
5.166000000000000227e+02 8.977588950012247576e-03 
5.166999999999999318e+02 8.350888938992405419e-03 
5.168000000000000682e+02 7.802340942010642724e-03 
5.168999999999999773e+02 7.647421886393045501e-03 
5.169999999999998863e+02 8.357517021192398601e-03 
5.171000000000000227e+02 8.634412574611779329e-03 
5.171999999999999318e+02 8.174750127692564580e-03 
5.173000000000000682e+02 8.340452182711377213e-03 
5.173999999999999773e+02 8.542608689792228691e-03 
5.174999999999998863e+02 7.982288427392739832e-03 
5.176000000000000227e+02 7.985750858410894243e-03 
5.176999999999999318e+02 8.326750848592426313e-03 
5.178000000000000682e+02 8.081808587011024211e-03 
5.178999999999999773e+02 7.721913616192976372e-03 
5.179999999999998863e+02 8.663744311492119557e-03 
5.181000000000000227e+02 7.728492235110543014e-03 
5.181999999999999318e+02 8.348564163892405882e-03 
5.183000000000000682e+02 7.833849064110685878e-03 
5.183999999999999773e+02 7.603745792493084472e-03 
5.184999999999998863e+02 7.744023711292956878e-03 
5.186000000000000227e+02 8.404309303011463575e-03 
5.186999999999999318e+02 7.775136126992927658e-03 
5.188000000000000682e+02 8.088436669211034741e-03 
5.188999999999999773e+02 8.132508469492602879e-03 
5.189999999999998863e+02 8.001331797892722794e-03 
5.191000000000000227e+02 7.671362123610464025e-03 
5.191999999999999318e+02 7.652219826493040708e-03 
5.193000000000000682e+02 8.299001937311320867e-03 
5.193999999999999773e+02 8.348663090492406194e-03 
5.194999999999998863e+02 8.089376471892643569e-03 
5.196000000000000227e+02 7.834937256710687581e-03 
5.196999999999999318e+02 8.068601885892661210e-03 
5.198000000000000682e+02 8.129689061411090462e-03 
5.198999999999999773e+02 8.032394750292694285e-03 
5.199999999999998863e+02 7.917639894292798422e-03 
5.201000000000000227e+02 8.070530954611011137e-03 
5.201999999999999318e+02 8.442940140292320636e-03 
5.203000000000000682e+02 8.273132631411286853e-03 
5.203999999999999773e+02 7.810997019492894357e-03 
5.204999999999998863e+02 7.920014132692795514e-03 
5.206000000000000227e+02 7.905274069310784871e-03 
5.206999999999999318e+02 7.724188927992974886e-03 
5.208000000000000682e+02 8.377599121011429506e-03 
5.208999999999999773e+02 7.611412603993078334e-03 
5.209999999999998863e+02 8.365035442792391127e-03 
5.211000000000000227e+02 8.158773481811130296e-03 
5.211999999999999318e+02 8.270610003092477083e-03 
5.213000000000000682e+02 9.229010903912589908e-03 
5.213999999999999773e+02 8.332587517992420464e-03 
5.214999999999998863e+02 7.959535309392761632e-03 
5.216000000000000227e+02 8.060242588210995984e-03 
5.216999999999999318e+02 8.388827290092370007e-03 
5.218000000000000682e+02 8.183257815311165140e-03 
5.218999999999999773e+02 7.969081726292751022e-03 
5.219999999999998863e+02 7.763264934992939598e-03 
5.221000000000000227e+02 7.517382870710254301e-03 
5.221999999999999318e+02 7.841219095792868396e-03 
5.223000000000000682e+02 8.229506000811227101e-03 
5.223999999999999773e+02 8.762967691292028807e-03 
5.224999999999998863e+02 7.962057937692758325e-03 
5.226000000000000227e+02 7.989806849010900117e-03 
5.226999999999999318e+02 8.420038632392342834e-03 
5.228000000000000682e+02 8.194238667911177276e-03 
5.228999999999999773e+02 8.153827151792584355e-03 
5.229999999999998863e+02 7.944152223092772885e-03 
5.231000000000000227e+02 7.782456695410617208e-03 
5.231999999999999318e+02 7.866296988892844400e-03 
5.233000000000000682e+02 8.039566928810968835e-03 
5.233999999999999773e+02 8.611659456592167527e-03 
5.234999999999998863e+02 8.058115666292671453e-03 
5.236000000000000227e+02 7.620266534710396292e-03 
5.236999999999999318e+02 8.536425777292236047e-03 
5.238000000000000682e+02 7.334368660710004900e-03 
5.238999999999999773e+02 7.646877790093043782e-03 
5.239999999999998863e+02 7.367459608393298227e-03 
5.241000000000000227e+02 8.055889817810989173e-03 
5.241999999999999318e+02 8.267691668392480875e-03 
5.243000000000000682e+02 9.019731681612304375e-03 
5.243999999999999773e+02 8.151156133592588060e-03 
5.244999999999998863e+02 8.374730249592383588e-03 
5.246000000000000227e+02 7.408514147410106415e-03 
5.246999999999999318e+02 8.016319177792708556e-03 
5.248000000000000682e+02 7.778994264410613209e-03 
5.248999999999999773e+02 8.449320905992313904e-03 
5.249999999999998863e+02 8.219217634392523772e-03 
5.251000000000000227e+02 7.768557508110598454e-03 
5.251999999999999318e+02 8.507737063292261648e-03 
5.253000000000000682e+02 8.074933188311017238e-03 
5.253999999999999773e+02 8.324574463392428111e-03 
5.254999999999998863e+02 8.078741862392650741e-03 
5.256000000000000227e+02 7.455256965910169939e-03 
5.256999999999999318e+02 7.603251159493083777e-03 
5.258000000000000682e+02 7.548297433210297315e-03 
5.258999999999999773e+02 7.294847483993365488e-03 
5.259999999999998863e+02 7.684420434793010589e-03 
5.261000000000000227e+02 8.446056328211522593e-03 
5.261999999999999318e+02 7.892166294792821168e-03 
5.263000000000000682e+02 7.815943349510662275e-03 
5.263999999999999773e+02 7.893205024092820113e-03 
5.264999999999998863e+02 7.731707349592967411e-03 
5.266000000000000227e+02 8.702968708411872728e-03 
5.266999999999999318e+02 7.345646293093319526e-03 
5.268000000000000682e+02 7.366668195610049687e-03 
5.268999999999999773e+02 8.744270563892047807e-03 
5.269999999999998863e+02 7.736950459392962290e-03 
5.271000000000000227e+02 8.548692675711662067e-03 
5.271999999999999318e+02 7.938068237192780555e-03 
5.273000000000000682e+02 7.442891140910153427e-03 
5.273999999999999773e+02 7.619574048493069421e-03 
5.274999999999998863e+02 7.750206623792950389e-03 
5.276000000000000227e+02 7.790766529810627845e-03 
5.276999999999999318e+02 7.631643093693058107e-03 
5.278000000000000682e+02 7.722160932710534290e-03 
5.278999999999999773e+02 8.105946677392627392e-03 
5.279999999999998863e+02 8.084875311592645830e-03 
5.281000000000000227e+02 8.015923471410935780e-03 
5.281999999999999318e+02 8.227824248592516265e-03 
5.283000000000000682e+02 8.120785667411077949e-03 
5.283999999999999773e+02 7.539047796093143773e-03 
5.284999999999998863e+02 7.641733606893049216e-03 
5.286000000000000227e+02 8.092096953411039365e-03 
5.286999999999999318e+02 7.696044310293000471e-03 
5.288000000000000682e+02 8.158328312111129757e-03 
5.288999999999999773e+02 7.443484700493229606e-03 
5.289999999999998863e+02 8.194189204592547057e-03 
5.291000000000000227e+02 7.063754946409636637e-03 
5.291999999999999318e+02 8.186027760092553368e-03 
5.293000000000000682e+02 8.326454068811359882e-03 
5.293999999999999773e+02 7.785919126392917486e-03 
5.294999999999998863e+02 7.314929583793346526e-03 
5.296000000000000227e+02 7.722952345510536790e-03 
5.296999999999999318e+02 7.616210544093073541e-03 
5.298000000000000682e+02 7.460994708710177656e-03 
5.298999999999999773e+02 8.308103184492444601e-03 
5.299999999999998863e+02 7.694065778293002027e-03 
5.301000000000000227e+02 7.666366330310458652e-03 
5.301999999999999318e+02 8.140818303892594435e-03 
5.303000000000000682e+02 8.428694709911499841e-03 
5.303999999999999773e+02 8.203389378392539691e-03 
5.304999999999998863e+02 7.662557656193030864e-03 
5.306000000000000227e+02 7.854079553810715958e-03 
5.306999999999999318e+02 7.810601313092896576e-03 
5.308000000000000682e+02 8.130233157711089578e-03 
5.308999999999999773e+02 7.815943349492891767e-03 
5.309999999999998863e+02 8.044513258792683127e-03 
5.311000000000000227e+02 7.480038079210204853e-03 
5.311999999999999318e+02 8.075279431392653681e-03 
5.313000000000000682e+02 7.189144411909807221e-03 
5.313999999999999773e+02 7.286290333093373150e-03 
5.314999999999998863e+02 7.834096380592873651e-03 
5.316000000000000227e+02 8.055642501310989259e-03 
5.316999999999999318e+02 7.807930294892898547e-03 
5.318000000000000682e+02 8.007465247110923806e-03 
5.318999999999999773e+02 7.806199079392900884e-03 
5.319999999999998863e+02 7.603696329193082581e-03 
5.321000000000000227e+02 7.511991371010247678e-03 
5.321999999999999318e+02 7.470986295293204592e-03 
5.323000000000000682e+02 7.781121186310614724e-03 
5.323999999999999773e+02 7.676456843493017525e-03 
5.324999999999998863e+02 8.091552857092641771e-03 
5.326000000000000227e+02 7.994852105610905646e-03 
5.326999999999999318e+02 8.001084481392722880e-03 
5.328000000000000682e+02 8.033878649310960407e-03 
5.328999999999999773e+02 8.078098839492653047e-03 
5.329999999999998863e+02 8.020127851892705842e-03 
5.331000000000000227e+02 7.733438565110549098e-03 
5.331999999999999318e+02 7.305086387093355331e-03 
5.333000000000000682e+02 7.539146722710285756e-03 
5.333999999999999773e+02 8.089129155392641921e-03 
5.334999999999998863e+02 7.662607119493030153e-03 
5.336000000000000227e+02 7.726662093010540702e-03 
5.336999999999999318e+02 7.989361679292733553e-03 
5.338000000000000682e+02 7.937623067510828079e-03 
5.338999999999999773e+02 7.953055617092764581e-03 
5.339999999999998863e+02 7.494778142593184339e-03 
5.341000000000000227e+02 8.087150623411032413e-03 
5.341999999999999318e+02 8.066326574092664431e-03 
5.343000000000000682e+02 7.480977881910206087e-03 
5.343999999999999773e+02 8.063457702692665777e-03 
5.344999999999998863e+02 8.088238815992644312e-03 
5.346000000000000227e+02 7.793536474610631391e-03 
5.346999999999999318e+02 8.653554871692130737e-03 
5.348000000000000682e+02 8.333527320711369216e-03 
5.348999999999999773e+02 7.302365905593357145e-03 
5.349999999999998863e+02 7.557992239993125555e-03 
5.351000000000000227e+02 8.068898665711008583e-03 
5.351999999999999318e+02 8.006921150792717032e-03 
5.353000000000000682e+02 7.301178786409959903e-03 
5.353999999999999773e+02 7.681403173493014068e-03 
5.354999999999998863e+02 7.353609884393311723e-03 
5.356000000000000227e+02 8.095114214711044559e-03 
5.356999999999999318e+02 8.347970604292407476e-03 
5.358000000000000682e+02 7.431860825010138533e-03 
5.358999999999999773e+02 7.634413038493056448e-03 
5.359999999999998863e+02 7.429882292993242147e-03 
5.361000000000000227e+02 7.819554170410667610e-03 
5.361999999999999318e+02 7.577629170093106922e-03 
5.363000000000000682e+02 7.167232170009777900e-03 
5.363999999999999773e+02 7.551512547693131974e-03 
5.364999999999998863e+02 7.559575065593125351e-03 
5.366000000000000227e+02 7.200966140609823748e-03 
5.366999999999999318e+02 7.314583340693348035e-03 
5.368000000000000682e+02 8.016022398010936093e-03 
5.368999999999999773e+02 7.347080728793317118e-03 
5.369999999999998863e+02 7.357962654793308126e-03 
5.371000000000000227e+02 7.846561132210702616e-03 
5.371999999999999318e+02 7.789480483992915726e-03 
5.373000000000000682e+02 6.945092489709475160e-03 
5.373999999999999773e+02 7.860410856192850959e-03 
5.374999999999998863e+02 7.276051429993381572e-03 
5.376000000000000227e+02 8.157586362611128281e-03 
5.376999999999999318e+02 7.253694018393402887e-03 
5.378000000000000682e+02 6.952462521409484564e-03 
5.378999999999999773e+02 7.749365747692950335e-03 
5.379999999999998863e+02 7.276397673093382666e-03 
5.381000000000000227e+02 7.416279885510117936e-03 
5.381999999999999318e+02 7.792349355392913512e-03 
5.383000000000000682e+02 7.380715772810069776e-03 
5.383999999999999773e+02 7.504621339293174667e-03 
5.384999999999998863e+02 7.293610901493365918e-03 
5.386000000000000227e+02 7.931093911910817862e-03 
5.386999999999999318e+02 8.127759992692606961e-03 
5.388000000000000682e+02 7.509765522510244984e-03 
5.388999999999999773e+02 7.380814699393287506e-03 
5.389999999999998863e+02 7.422759577793249137e-03 
5.391000000000000227e+02 8.101890686811052955e-03 
5.391999999999999318e+02 7.730470767092968709e-03 
5.393000000000000682e+02 7.643365895810427628e-03 
5.393999999999999773e+02 7.127513140093517767e-03 
5.394999999999998863e+02 7.132805713193513669e-03 
5.396000000000000227e+02 8.273676727711287704e-03 
5.396999999999999318e+02 7.661914633293031435e-03 
5.398000000000000682e+02 7.568626849510325973e-03 
5.398999999999999773e+02 7.151502840593494670e-03 
5.399999999999998863e+02 7.832563018292876614e-03 
5.401000000000000227e+02 7.356577682410036026e-03 
5.401999999999999318e+02 7.680216054293016389e-03 
5.403000000000000682e+02 7.471926098010192238e-03 
5.403999999999999773e+02 7.749860380692950163e-03 
5.404999999999998863e+02 7.673390118893019980e-03 
5.406000000000000227e+02 6.835283963709323438e-03 
5.406999999999999318e+02 7.330708376493332186e-03 
5.408000000000000682e+02 7.458422617110174735e-03 
5.408999999999999773e+02 8.047283203592679734e-03 
5.409999999999998863e+02 7.176630196993472564e-03 
5.411000000000000227e+02 7.543054323410289426e-03 
5.411999999999999318e+02 7.609236218793078398e-03 
5.413000000000000682e+02 7.618337466010393667e-03 
5.413999999999999773e+02 8.022007457292704841e-03 
5.414999999999998863e+02 7.792448281992912090e-03 
5.416000000000000227e+02 7.530193865410271352e-03 
5.416999999999999318e+02 8.004052279392720112e-03 
5.418000000000000682e+02 7.151403914009755655e-03 
5.418999999999999773e+02 7.365233759893301604e-03 
5.419999999999998863e+02 7.071223904693568069e-03 
5.421000000000000227e+02 7.247214326109887444e-03 
5.421999999999999318e+02 7.406535615393262939e-03 
5.423000000000000682e+02 7.707371406010515326e-03 
5.423999999999999773e+02 7.808919560892899070e-03 
5.424999999999998863e+02 7.588659485993099266e-03 
5.426000000000000227e+02 7.344854880310018944e-03 
5.426999999999999318e+02 6.974819932993657316e-03 
5.428000000000000682e+02 7.515157022210252474e-03 
5.428999999999999773e+02 7.401539822093267107e-03 
5.429999999999998863e+02 7.614973961593073104e-03 
5.431000000000000227e+02 7.970961331710874412e-03 
5.431999999999999318e+02 7.025420888893608995e-03 
5.433000000000000682e+02 6.940442939509467411e-03 
5.433999999999999773e+02 7.359199237293307695e-03 
5.434999999999998863e+02 7.674181531693020746e-03 
5.436000000000000227e+02 7.693768998510496643e-03 
5.436999999999999318e+02 7.628823685593060476e-03 
5.438000000000000682e+02 7.750602330210573827e-03 
5.438999999999999773e+02 7.622393456593067051e-03 
5.439999999999998863e+02 7.091949027393551139e-03 
5.441000000000000227e+02 7.237074349609872760e-03 
5.441999999999999318e+02 7.920607692292797389e-03 
5.443000000000000682e+02 7.300189520409958513e-03 
5.443999999999999773e+02 6.994753642893637019e-03 
5.444999999999998863e+02 7.486369381593190736e-03 
5.446000000000000227e+02 7.585889541210349279e-03 
5.446999999999999318e+02 7.403320500893265793e-03 
5.448000000000000682e+02 7.341293522710015500e-03 
5.448999999999999773e+02 7.029427416193606039e-03 
5.449999999999998863e+02 7.379330800393288023e-03 
5.451000000000000227e+02 7.619227805410394745e-03 
5.451999999999999318e+02 8.045205744992683580e-03 
5.453000000000000682e+02 7.495074922410223731e-03 
5.453999999999999773e+02 6.984465276493647887e-03 
5.454999999999998863e+02 7.280404200393377975e-03 
5.456000000000000227e+02 7.324327610809993130e-03 
5.456999999999999318e+02 7.168419289193479586e-03 
5.458000000000000682e+02 6.461094099208812731e-03 
5.458999999999999773e+02 7.879058520292832671e-03 
5.459999999999998863e+02 7.770536040092933076e-03 
5.461000000000000227e+02 6.607456003909014004e-03 
5.461999999999999318e+02 7.281146149893376850e-03 
5.463000000000000682e+02 7.365926246110049078e-03 
5.463999999999999773e+02 6.842406678893776795e-03 
5.464999999999998863e+02 7.855810769292854642e-03 
5.466000000000000227e+02 7.029427416209589781e-03 
5.466999999999999318e+02 7.602162966893085544e-03 
5.468000000000000682e+02 7.255276844009898168e-03 
5.468999999999999773e+02 7.576491514193108533e-03 
5.469999999999998863e+02 7.055593501893582878e-03 
5.471000000000000227e+02 7.759357334310585004e-03 
5.471999999999999318e+02 6.895282946593728722e-03 
5.473000000000000682e+02 7.315819923209980133e-03 
5.473999999999999773e+02 7.618584782493070633e-03 
5.474999999999998863e+02 7.390558969493276655e-03 
5.476000000000000227e+02 7.114504292209705011e-03 
5.476999999999999318e+02 6.740512280893868648e-03 
5.478000000000000682e+02 7.606367347410375804e-03 
5.478999999999999773e+02 6.947071021693681549e-03 
5.479999999999998863e+02 7.142846763093502888e-03 
5.481000000000000227e+02 7.870402442810738031e-03 
5.481999999999999318e+02 7.478554180193198141e-03 
5.483000000000000682e+02 6.871540562609374653e-03 
5.483999999999999773e+02 7.884994116292828870e-03 
5.484999999999998863e+02 7.720231863992978866e-03 
5.486000000000000227e+02 7.188501389009806057e-03 
5.486999999999999318e+02 7.189094948593460765e-03 
5.488000000000000682e+02 7.151255524109755186e-03 
5.488999999999999773e+02 7.522032420893159411e-03 
5.489999999999998863e+02 6.882026782193740623e-03 
5.491000000000000227e+02 6.973138180809513448e-03 
5.491999999999999318e+02 6.869562030593752422e-03 
5.493000000000000682e+02 7.560069698610312819e-03 
5.493999999999999773e+02 8.103819755492630214e-03 
5.494999999999998863e+02 7.432652237793240489e-03 
5.496000000000000227e+02 7.217734199309847228e-03 
5.496999999999999318e+02 6.957606704593671462e-03 
5.498000000000000682e+02 6.585494298708984527e-03 
5.498999999999999773e+02 7.189292801793461390e-03 
5.499999999999998863e+02 7.253446701893402973e-03 
5.501000000000000227e+02 7.408316294210105790e-03 
5.501999999999999318e+02 7.849182687092861460e-03 
5.503000000000000682e+02 7.307905795209969878e-03 
5.503999999999999773e+02 7.623976282193065113e-03 
5.504999999999998863e+02 7.872925071092839316e-03 
5.506000000000000227e+02 7.065733478409638550e-03 
5.506999999999999318e+02 7.538058530093143250e-03 
5.508000000000000682e+02 7.788046048310624456e-03 
5.508999999999999773e+02 7.298804547993360640e-03 
5.509999999999998863e+02 6.987977170793644235e-03 
5.511000000000000227e+02 7.274666457609923857e-03 
5.511999999999999318e+02 6.547704337494044541e-03 
5.513000000000000682e+02 6.960277722809494506e-03 
5.513999999999999773e+02 7.645888524093046729e-03 
5.514999999999998863e+02 7.505610605293172588e-03 
5.516000000000000227e+02 6.022057848408216008e-03 
5.516999999999999318e+02 7.223026772393430911e-03 
5.518000000000000682e+02 7.520152815510259582e-03 
5.518999999999999773e+02 7.541966130793140849e-03 
5.519999999999998863e+02 7.203142525793448762e-03 
5.521000000000000227e+02 7.180587261009795802e-03 
5.521999999999999318e+02 7.222284822893430302e-03 
5.523000000000000682e+02 7.450211709310162675e-03 
5.523999999999999773e+02 6.930451352893696702e-03 
5.524999999999998863e+02 7.280503126993377420e-03 
5.526000000000000227e+02 6.976600611809517447e-03 
5.526999999999999318e+02 7.908785963592807750e-03 
5.528000000000000682e+02 7.667454522910460354e-03 
5.528999999999999773e+02 7.687338769493008532e-03 
5.529999999999998863e+02 7.124149635693520152e-03 
5.531000000000000227e+02 7.676704160010471359e-03 
5.531999999999999318e+02 6.864764090493755480e-03 
5.533000000000000682e+02 7.509122499610243820e-03 
5.533999999999999773e+02 7.012758284093621036e-03 
5.534999999999998863e+02 7.074686335693565996e-03 
5.536000000000000227e+02 7.370674722910053669e-03 
5.536999999999999318e+02 6.590292238794005601e-03 
5.538000000000000682e+02 7.767815558610596978e-03 
5.538999999999999773e+02 7.093581316293547621e-03 
5.539999999999998863e+02 7.350345306593315288e-03 
5.541000000000000227e+02 7.387047075210077633e-03 
5.541999999999999318e+02 6.856108012993763698e-03 
5.543000000000000682e+02 7.571693574110328721e-03 
5.543999999999999773e+02 7.600876921093086686e-03 
5.544999999999998863e+02 7.207297442993444540e-03 
5.546000000000000227e+02 6.837163569109325906e-03 
5.546999999999999318e+02 8.133349345592602933e-03 
5.548000000000000682e+02 6.371565526208692112e-03 
5.548999999999999773e+02 7.880394029392832553e-03 
5.549999999999998863e+02 6.560268015694034789e-03 
5.551000000000000227e+02 7.387541708210078328e-03 
5.551999999999999318e+02 7.232128019593423232e-03 
5.553000000000000682e+02 7.661123220510450763e-03 
5.553999999999999773e+02 7.273528801693384012e-03 
5.554999999999998863e+02 6.937227824993689486e-03 
5.556000000000000227e+02 6.981250162009523461e-03 
5.556999999999999318e+02 7.380567382893286725e-03 
5.558000000000000682e+02 6.921646885509443597e-03 
5.558999999999999773e+02 6.448283104494135533e-03 
5.559999999999998863e+02 7.609928704993078850e-03 
5.561000000000000227e+02 6.945488196109474675e-03 
5.561999999999999318e+02 8.078791325692651765e-03 
5.563000000000000682e+02 7.426865031710131425e-03 
5.563999999999999773e+02 7.275606260293382768e-03 
5.564999999999998863e+02 7.182912036093467255e-03 
5.566000000000000227e+02 7.199185461809822460e-03 
5.566999999999999318e+02 7.226538666693427260e-03 
5.568000000000000682e+02 6.840428146909331882e-03 
5.568999999999999773e+02 7.273528801693384012e-03 
5.569999999999998863e+02 7.787749268492918063e-03 
5.571000000000000227e+02 6.337782092308646975e-03 
5.571999999999999318e+02 6.081413808394467609e-03 
5.573000000000000682e+02 6.769695627909235076e-03 
5.573999999999999773e+02 7.785770736492918752e-03 
5.574999999999998863e+02 7.033582333393603551e-03 
5.576000000000000227e+02 6.988521267109534287e-03 
5.576999999999999318e+02 6.876387965993745362e-03 
5.578000000000000682e+02 6.886478479209394953e-03 
5.578999999999999773e+02 7.158872872293489328e-03 
5.579999999999998863e+02 6.958942213693670477e-03 
5.581000000000000227e+02 7.370625259610056115e-03 
5.581999999999999318e+02 6.986147028693645393e-03 
5.583000000000000682e+02 7.031554338109593030e-03 
5.583999999999999773e+02 7.296380846293362525e-03 
5.584999999999998863e+02 7.383881423993283316e-03 
5.586000000000000227e+02 6.831277436409320322e-03 
5.586999999999999318e+02 6.925158779793699933e-03 
5.588000000000000682e+02 7.159219115409766465e-03 
5.588999999999999773e+02 7.424243476793246886e-03 
5.589999999999998863e+02 6.673736825893930059e-03 
5.591000000000000227e+02 6.893749584309404911e-03 
5.591999999999999318e+02 7.109211719093534547e-03 
5.593000000000000682e+02 6.861450049409360125e-03 
5.593999999999999773e+02 7.519757109093160030e-03 
5.594999999999998863e+02 7.034175892993601090e-03 
5.596000000000000227e+02 7.105007338609693225e-03 
5.596999999999999318e+02 7.221889116493430787e-03 
5.598000000000000682e+02 6.656375207609080934e-03 
5.598999999999999773e+02 6.975314565993656277e-03 
5.599999999999998863e+02 7.076021844793565010e-03 
5.601000000000000227e+02 6.958348654109492749e-03 
5.601999999999999318e+02 7.327245945493335126e-03 
5.603000000000000682e+02 7.227429006109858771e-03 
5.603999999999999773e+02 7.022749870693612700e-03 
5.604999999999998863e+02 6.323932368294247520e-03 
5.606000000000000227e+02 6.856454256109353884e-03 
5.606999999999999318e+02 7.391845015293277248e-03 
5.608000000000000682e+02 7.318936111109984773e-03 
5.608999999999999773e+02 6.835877523293782190e-03 
5.609999999999998863e+02 7.138444529393507196e-03 
5.611000000000000227e+02 7.012906674009567083e-03 
5.611999999999999318e+02 7.310280033593351788e-03 
5.613000000000000682e+02 6.850963829809346081e-03 
5.613999999999999773e+02 6.633572626293966247e-03 
5.614999999999998863e+02 6.792745525693821146e-03 
5.616000000000000227e+02 7.060440905309631372e-03 
5.616999999999999318e+02 7.477911157293198711e-03 
5.618000000000000682e+02 6.657018230509082098e-03 
5.618999999999999773e+02 6.922784541393701974e-03 
5.619999999999998863e+02 6.654545065493946629e-03 
5.621000000000000227e+02 6.237866226308509156e-03 
5.621999999999999318e+02 7.604685595193083104e-03 
5.623000000000000682e+02 6.739819794709195344e-03 
5.623999999999999773e+02 6.719490378393888977e-03 
5.624999999999998863e+02 6.413559867894166357e-03 
5.626000000000000227e+02 6.839735660709330561e-03 
5.626999999999999318e+02 6.721914080093885357e-03 
5.628000000000000682e+02 6.973336034009513205e-03 
5.628999999999999773e+02 6.723645295593884755e-03 
5.629999999999998863e+02 6.872480365293749498e-03 
5.631000000000000227e+02 7.253990798209896708e-03 
5.631999999999999318e+02 7.336495582593327916e-03 
5.633000000000000682e+02 7.219218098309849313e-03 
5.633999999999999773e+02 6.781665746493831248e-03 
5.634999999999998863e+02 6.441556095694140303e-03 
5.636000000000000227e+02 6.435373183208779185e-03 
5.636999999999999318e+02 6.547110777894044401e-03 
5.638000000000000682e+02 6.881828929009388071e-03 
5.638999999999999773e+02 6.953451787393675684e-03 
5.639999999999998863e+02 7.669086811793025468e-03 
5.641000000000000227e+02 7.120044181809712970e-03 
5.641999999999999318e+02 7.247857348993407868e-03 
5.643000000000000682e+02 7.271698659609919686e-03 
5.643999999999999773e+02 6.626054204693974589e-03 
5.644999999999998863e+02 6.616854030893981956e-03 
5.646000000000000227e+02 7.019683146109576347e-03 
5.646999999999999318e+02 7.027251030993609572e-03 
5.648000000000000682e+02 7.054653699209624367e-03 
5.648999999999999773e+02 6.586533027994009339e-03 
5.649999999999998863e+02 6.710488057793896101e-03 
5.651000000000000227e+02 7.029328489609588601e-03 
5.651999999999999318e+02 6.979222166693653008e-03 
5.653000000000000682e+02 6.904334730509418400e-03 
5.653999999999999773e+02 6.513673587094075818e-03 
5.654999999999998863e+02 6.423452527894158576e-03 
5.656000000000000227e+02 6.948554920709479159e-03 
5.656999999999999318e+02 7.752976568592948731e-03 
5.658000000000000682e+02 6.568676776708960025e-03 
5.658999999999999773e+02 6.958942213693670477e-03 
5.659999999999998863e+02 7.425677912493246213e-03 
5.661000000000000227e+02 6.793932644909268272e-03 
5.661999999999999318e+02 6.794625131093821012e-03 
5.663000000000000682e+02 7.307806868609968698e-03 
5.663999999999999773e+02 6.476773965294109307e-03 
5.664999999999998863e+02 6.493096854294094951e-03 
5.666000000000000227e+02 7.275556797009925802e-03 
5.666999999999999318e+02 6.916552165593709174e-03 
5.668000000000000682e+02 6.996039688709542424e-03 
5.668999999999999773e+02 7.190628310893459538e-03 
5.669999999999998863e+02 7.079286422593561445e-03 
5.671000000000000227e+02 6.170843454808418865e-03 
5.671999999999999318e+02 6.447095985294136120e-03 
5.673000000000000682e+02 6.165946588108412070e-03 
5.673999999999999773e+02 7.047778300493589415e-03 
5.674999999999998863e+02 6.332440055894241436e-03 
5.676000000000000227e+02 6.647273960409069531e-03 
5.676999999999999318e+02 6.540482695694050351e-03 
5.678000000000000682e+02 7.117373163609708869e-03 
5.678999999999999773e+02 7.146408120693501127e-03 
5.679999999999998863e+02 6.171585404294387296e-03 
5.681000000000000227e+02 6.730322841109181824e-03 
5.681999999999999318e+02 6.580102798994015047e-03 
5.683000000000000682e+02 7.036203888309599044e-03 
5.683999999999999773e+02 6.173811252794383919e-03 
5.684999999999998863e+02 6.924565220193702395e-03 
5.686000000000000227e+02 6.097340991008318514e-03 
5.686999999999999318e+02 6.258195642594308744e-03 
5.688000000000000682e+02 6.578371583508975037e-03 
5.688999999999999773e+02 6.461638195494123077e-03 
5.689999999999998863e+02 6.442792678194140740e-03 
5.691000000000000227e+02 6.979667336409521930e-03 
5.691999999999999318e+02 6.028933247094515196e-03 
5.693000000000000682e+02 6.932627738109458336e-03 
5.693999999999999773e+02 6.735714340793873441e-03 
5.694999999999998863e+02 6.706926700193901331e-03 
5.696000000000000227e+02 7.904086950110782855e-03 
5.696999999999999318e+02 6.467425401594118807e-03 
5.698000000000000682e+02 6.347377972508659073e-03 
5.698999999999999773e+02 6.073895386794475951e-03 
5.699999999999998863e+02 6.674923945093927738e-03 
5.701000000000000227e+02 6.420830973008758401e-03 
5.701999999999999318e+02 7.248302518693407540e-03 
5.703000000000000682e+02 6.941481668809469825e-03 
5.703999999999999773e+02 5.979272093894561282e-03 
5.704999999999998863e+02 6.413312551394168178e-03 
5.706000000000000227e+02 7.302118589109961137e-03 
5.706999999999999318e+02 6.532815884194058224e-03 
5.708000000000000682e+02 7.122220567009716376e-03 
5.708999999999999773e+02 6.432158068694149647e-03 
5.709999999999998863e+02 6.866445842693755588e-03 
5.711000000000000227e+02 6.429487050508771000e-03 
5.711999999999999318e+02 6.605972104893991816e-03 
5.713000000000000682e+02 6.723694758909172162e-03 
5.713999999999999773e+02 6.977441487893654322e-03 
5.714999999999998863e+02 7.266356623193391713e-03 
5.716000000000000227e+02 6.678287449509110255e-03 
5.716999999999999318e+02 6.936139632393691253e-03 
5.718000000000000682e+02 7.116186044409708589e-03 
5.718999999999999773e+02 6.589550289294006727e-03 
5.719999999999998863e+02 6.185682444794373715e-03 
5.721000000000000227e+02 6.974918859609514736e-03 
5.721999999999999318e+02 6.314534341294256864e-03 
5.723000000000000682e+02 6.754411468209213683e-03 
5.723999999999999773e+02 6.883114974793738856e-03 
5.724999999999998863e+02 7.090712444893550702e-03 
5.726000000000000227e+02 6.851804705909347870e-03 
5.726999999999999318e+02 6.799967167493814468e-03 
5.728000000000000682e+02 6.043030287608244094e-03 
5.728999999999999773e+02 6.557399144294035268e-03 
5.729999999999998863e+02 6.747437142893862767e-03 
5.731000000000000227e+02 6.320618327208623113e-03 
5.731999999999999318e+02 6.706976163493899752e-03 
5.733000000000000682e+02 6.396198249608725690e-03 
5.733999999999999773e+02 6.572633840694021810e-03 
5.734999999999998863e+02 6.110597155394442703e-03 
5.736000000000000227e+02 6.723991538709173099e-03 
5.736999999999999318e+02 7.124495878793520379e-03 
5.738000000000000682e+02 7.310428423509972642e-03 
5.738999999999999773e+02 6.442396971794140358e-03 
5.739999999999998863e+02 5.955579173194583582e-03 
5.741000000000000227e+02 6.497449624708863392e-03 
5.741999999999999318e+02 6.071867391494478218e-03 
5.743000000000000682e+02 6.366668659508685317e-03 
5.743999999999999773e+02 6.925208243093701824e-03 
5.744999999999998863e+02 6.554184029794038989e-03 
5.746000000000000227e+02 6.179351142408430128e-03 
5.746999999999999318e+02 5.965521296494574223e-03 
5.748000000000000682e+02 6.056682158408262066e-03 
5.748999999999999773e+02 6.486913941794099706e-03 
5.749999999999998863e+02 6.360238430494214758e-03 
5.751000000000000227e+02 6.838993711209329952e-03 
5.751999999999999318e+02 6.565857368594028159e-03 
5.753000000000000682e+02 6.635056525309050886e-03 
5.753999999999999773e+02 6.437994738094143798e-03 
5.754999999999998863e+02 6.836025913193781792e-03 
5.756000000000000227e+02 6.441902338808787667e-03 
5.756999999999999318e+02 6.946576388693681721e-03 
5.758000000000000682e+02 6.826380569709312660e-03 
5.758999999999999773e+02 6.680760614493922757e-03 
5.759999999999998863e+02 6.506798188394081854e-03 
5.761000000000000227e+02 6.776669953209244965e-03 
5.761999999999999318e+02 6.588165316894007556e-03 
5.763000000000000682e+02 6.898844304209412331e-03 
5.763999999999999773e+02 6.352126449294222960e-03 
5.764999999999998863e+02 6.766727829893844776e-03 
5.766000000000000227e+02 6.654792382009079403e-03 
5.766999999999999318e+02 5.578124730894926456e-03 
5.768000000000000682e+02 6.384376520908710030e-03 
5.768999999999999773e+02 6.610275411993987195e-03 
5.769999999999998863e+02 6.139533185894416149e-03 
5.771000000000000227e+02 6.304938461108600470e-03 
5.771999999999999318e+02 6.460896245994124203e-03 
5.773000000000000682e+02 6.395011130408723675e-03 
5.773999999999999773e+02 6.439874343494142797e-03 
5.774999999999998863e+02 6.957408851393672572e-03 
5.776000000000000227e+02 5.677001867607744424e-03 
5.776999999999999318e+02 6.215261498194347457e-03 
5.778000000000000682e+02 6.622344457209034148e-03 
5.778999999999999773e+02 6.653308482993947927e-03 
5.779999999999998863e+02 6.761830963193850123e-03 
5.781000000000000227e+02 6.324328074708627893e-03 
5.781999999999999318e+02 6.934012710493694075e-03 
5.783000000000000682e+02 6.347229582608658605e-03 
5.783999999999999773e+02 6.757230876293853807e-03 
5.784999999999998863e+02 6.657117157093944346e-03 
5.786000000000000227e+02 6.077753524208291333e-03 
5.786999999999999318e+02 6.964877809693664941e-03 
5.788000000000000682e+02 6.883807461009390852e-03 
5.788999999999999773e+02 5.972396695194566452e-03 
5.789999999999998863e+02 6.626944544093973065e-03 
5.791000000000000227e+02 6.334220734708640062e-03 
5.791999999999999318e+02 6.619129342693979602e-03 
5.793000000000000682e+02 6.670126005009099218e-03 
5.793999999999999773e+02 6.636194181193964120e-03 
5.794999999999998863e+02 6.463369410994120740e-03 
5.796000000000000227e+02 6.405991983008738413e-03 
5.796999999999999318e+02 5.984663593594557497e-03 
5.798000000000000682e+02 6.528908283508906389e-03 
5.798999999999999773e+02 6.243801822294320521e-03 
5.799999999999998863e+02 6.690455421293914351e-03 
5.801000000000000227e+02 6.147595703808386193e-03 
5.801999999999999318e+02 5.729432965594787736e-03 
5.803000000000000682e+02 5.703514196407780470e-03 
5.803999999999999773e+02 6.660332271593942359e-03 
5.804999999999998863e+02 6.168815459494388087e-03 
5.806000000000000227e+02 6.838053908509328718e-03 
5.806999999999999318e+02 6.922141518493704279e-03 
5.808000000000000682e+02 6.890583933109400115e-03 
5.808999999999999773e+02 6.105551898794445848e-03 
5.809999999999998863e+02 6.342728422294231436e-03 
5.811000000000000227e+02 5.938464871408101128e-03 
5.811999999999999318e+02 6.382744231994193912e-03 
5.813000000000000682e+02 6.128997503008361269e-03 
5.813999999999999773e+02 6.512981100894075365e-03 
5.814999999999998863e+02 6.474943823194110465e-03 
5.816000000000000227e+02 6.399116584308729705e-03 
5.816999999999999318e+02 6.254040725394311231e-03 
5.818000000000000682e+02 6.346586559708657441e-03 
5.818999999999999773e+02 5.852744972494677671e-03 
5.819999999999998863e+02 5.974276300594566318e-03 
5.821000000000000227e+02 6.155905538208397698e-03 
5.821999999999999318e+02 6.403123111594175888e-03 
5.823000000000000682e+02 6.873073924909376027e-03 
5.823999999999999773e+02 5.513377271194985600e-03 
5.824999999999998863e+02 6.579459776094015618e-03 
5.826000000000000227e+02 6.019485756808212219e-03 
5.826999999999999318e+02 6.657166620393945369e-03 
5.828000000000000682e+02 6.614727109009023963e-03 
5.828999999999999773e+02 6.570704771994023523e-03 
5.829999999999998863e+02 5.932924981794604827e-03 
5.831000000000000227e+02 6.158230313308400705e-03 
5.831999999999999318e+02 6.392142258994187171e-03 
5.833000000000000682e+02 6.296875943208589746e-03 
5.833999999999999773e+02 6.722408713093885185e-03 
5.834999999999998863e+02 6.869562030593752422e-03 
5.836000000000000227e+02 6.614133549409022088e-03 
5.836999999999999318e+02 7.003261330493630935e-03 
5.838000000000000682e+02 6.559476602908948309e-03 
5.838999999999999773e+02 6.469255543694115915e-03 
5.839999999999998863e+02 6.055940208894492090e-03 
5.841000000000000227e+02 6.169310092508415756e-03 
5.841999999999999318e+02 6.614776572293984067e-03 
5.843000000000000682e+02 5.656870304507717259e-03 
5.843999999999999773e+02 6.755054491093855605e-03 
5.844999999999998863e+02 6.948258140893680962e-03 
5.846000000000000227e+02 6.133201883508366745e-03 
5.846999999999999318e+02 5.913634294794621084e-03 
5.848000000000000682e+02 6.712417126509157353e-03 
5.848999999999999773e+02 5.772119793494749976e-03 
5.849999999999998863e+02 6.123160833594430350e-03 
5.851000000000000227e+02 6.938612797409465967e-03 
5.851999999999999318e+02 6.205616154694356019e-03 
5.853000000000000682e+02 6.172178963908419615e-03 
5.853999999999999773e+02 5.891128493294641930e-03 
5.854999999999998863e+02 5.499972716894997900e-03 
5.856000000000000227e+02 6.432158068708775100e-03 
5.856999999999999318e+02 6.835432353593783386e-03 
5.858000000000000682e+02 5.780429627907884664e-03 
5.858999999999999773e+02 6.041744241794505359e-03 
5.859999999999998863e+02 6.361573939594212905e-03 
5.861000000000000227e+02 6.587373904108985261e-03 
5.861999999999999318e+02 6.246373913894318237e-03 
5.863000000000000682e+02 6.170299358508418881e-03 
5.863999999999999773e+02 6.294353314894275513e-03 
5.864999999999998863e+02 6.479346056894106157e-03 
5.866000000000000227e+02 6.075082506008287232e-03 
5.866999999999999318e+02 6.327889432294244408e-03 
5.868000000000000682e+02 6.200471971508459551e-03 
5.868999999999999773e+02 5.876487356494654660e-03 
5.869999999999998863e+02 6.440121659994142711e-03 
5.871000000000000227e+02 6.170348821808418170e-03 
5.871999999999999318e+02 6.217289493494345190e-03 
5.873000000000000682e+02 6.552848520708939514e-03 
5.873999999999999773e+02 6.137703043794417307e-03 
5.874999999999998863e+02 5.954589907194584794e-03 
5.876000000000000227e+02 6.376511856208698197e-03 
5.876999999999999318e+02 6.252062193394312788e-03 
5.878000000000000682e+02 6.310033181008607890e-03 
5.878999999999999773e+02 6.245978207494318722e-03 
5.879999999999998863e+02 6.082897707394467092e-03 
5.881000000000000227e+02 6.080622395608294324e-03 
5.881999999999999318e+02 6.301822273194268749e-03 
5.883000000000000682e+02 5.914969803908070277e-03 
5.883999999999999773e+02 6.223868112394339083e-03 
5.884999999999998863e+02 6.087646184194463010e-03 
5.886000000000000227e+02 5.717462847007800247e-03 
5.886999999999999318e+02 6.156548561094400511e-03 
5.888000000000000682e+02 6.458472544308810522e-03 
5.888999999999999773e+02 6.121726397894432757e-03 
5.889999999999998863e+02 6.030862315794515219e-03 
5.891000000000000227e+02 6.670323858209098976e-03 
5.891999999999999318e+02 6.437697958294144596e-03 
5.893000000000000682e+02 6.153036666808394707e-03 
5.893999999999999773e+02 6.084579459594466333e-03 
5.894999999999998863e+02 6.265961380694301183e-03 
5.896000000000000227e+02 6.531134132008909084e-03 
5.896999999999999318e+02 6.281690710094286687e-03 
5.898000000000000682e+02 5.850914830407982423e-03 
5.898999999999999773e+02 6.537960067394052791e-03 
5.899999999999998863e+02 5.540779939394961141e-03 
5.901000000000000227e+02 5.949742503808115937e-03 
5.901999999999999318e+02 6.539740746194053211e-03 
5.903000000000000682e+02 5.945241343508110392e-03 
5.903999999999999773e+02 6.095906555294455277e-03 
5.904999999999998863e+02 6.067168377994481589e-03 
5.906000000000000227e+02 6.150118332108390692e-03 
5.906999999999999318e+02 6.239795294994324344e-03 
5.908000000000000682e+02 5.608495197107652049e-03 
5.908999999999999773e+02 6.389026071094188602e-03 
5.909999999999998863e+02 5.898498524994634853e-03 
5.911000000000000227e+02 6.772515036009238779e-03 
5.911999999999999318e+02 6.371120356494205765e-03 
5.913000000000000682e+02 6.071224368608282851e-03 
5.913999999999999773e+02 5.649994905794861189e-03 
5.914999999999998863e+02 6.551117305194041444e-03 
5.916000000000000227e+02 6.800362873909276441e-03 
5.916999999999999318e+02 6.494283973494094364e-03 
5.918000000000000682e+02 5.786068444107893803e-03 
5.918999999999999773e+02 5.702129223994813374e-03 
5.919999999999998863e+02 5.655633721994855583e-03 
5.921000000000000227e+02 5.645642135407702607e-03 
5.921999999999999318e+02 6.321112960194249890e-03 
5.923000000000000682e+02 5.437005936007417370e-03 
5.923999999999999773e+02 6.155806611594401637e-03 
5.924999999999998863e+02 6.224659525194338114e-03 
5.926000000000000227e+02 5.617398591107662827e-03 
5.926999999999999318e+02 5.835877987194691176e-03 
5.928000000000000682e+02 6.481819221908842639e-03 
5.928999999999999773e+02 5.346537560295136840e-03 
5.929999999999998863e+02 5.880197103994651633e-03 
5.931000000000000227e+02 5.932084105708093115e-03 
5.931999999999999318e+02 6.442842141494139162e-03 
5.933000000000000682e+02 6.053516507208258138e-03 
5.933999999999999773e+02 5.852052486294677218e-03 
5.934999999999998863e+02 5.764403518694756826e-03 
5.936000000000000227e+02 5.752977496407848251e-03 
5.936999999999999318e+02 6.562840107294030771e-03 
5.938000000000000682e+02 5.962899741608134949e-03 
5.938999999999999773e+02 6.476971818494108198e-03 
5.939999999999998863e+02 5.989609923594552306e-03 
5.941000000000000227e+02 5.790371751207898723e-03 
5.941999999999999318e+02 5.826628350094700988e-03 
5.943000000000000682e+02 6.010137193108199168e-03 
5.943999999999999773e+02 6.144825758994409449e-03 
5.944999999999998863e+02 6.510112229494078445e-03 
5.946000000000000227e+02 6.070878125508281757e-03 
5.946999999999999318e+02 5.971555819094569000e-03 
5.948000000000000682e+02 6.115543485408343055e-03 
5.948999999999999773e+02 6.173613399594385029e-03 
5.949999999999998863e+02 6.324476464594247505e-03 
5.951000000000000227e+02 6.749761918009207669e-03 
5.951999999999999318e+02 5.690554811794823649e-03 
5.953000000000000682e+02 6.751938303209211942e-03 
5.953999999999999773e+02 5.759902358394760821e-03 
5.954999999999998863e+02 5.881235833294650578e-03 
5.956000000000000227e+02 5.832712336007957882e-03 
5.956999999999999318e+02 5.912842881994622921e-03 
5.958000000000000682e+02 5.767470243307868012e-03 
5.958999999999999773e+02 5.573475180694931717e-03 
5.959999999999998863e+02 5.549534943494951501e-03 
5.961000000000000227e+02 5.914475170908069582e-03 
5.961999999999999318e+02 6.224956304994339051e-03 
5.963000000000000682e+02 5.694215096007768442e-03 
5.963999999999999773e+02 5.786216833994737262e-03 
5.964999999999998863e+02 5.738039579794781964e-03 
5.966000000000000227e+02 5.468068888407459117e-03 
5.966999999999999318e+02 6.094026949894457146e-03 
5.968000000000000682e+02 5.639756002707694421e-03 
5.968999999999999773e+02 6.465644722794119253e-03 
5.969999999999998863e+02 5.820198121094705829e-03 
5.971000000000000227e+02 6.228517662608497839e-03 
5.971999999999999318e+02 5.661420928094851313e-03 
5.973000000000000682e+02 5.843099629007971613e-03 
5.973999999999999773e+02 5.450410490295042563e-03 
5.974999999999998863e+02 5.851953559694677773e-03 
5.976000000000000227e+02 6.073499680408284834e-03 
5.976999999999999318e+02 6.080424542394468820e-03 
5.978000000000000682e+02 5.573030011007602466e-03 
5.978999999999999773e+02 6.715632240993892402e-03 
5.979999999999998863e+02 5.916206386394617933e-03 
5.981000000000000227e+02 5.967747145008141588e-03 
5.981999999999999318e+02 6.392439038794185506e-03 
5.983000000000000682e+02 5.797296613207909323e-03 
5.983999999999999773e+02 5.644652869394865997e-03 
5.984999999999998863e+02 5.917690285394617417e-03 
5.986000000000000227e+02 5.992083088608174228e-03 
5.986999999999999318e+02 5.977244098594564417e-03 
5.988000000000000682e+02 6.439577563708783793e-03 
5.988999999999999773e+02 6.011027532494532359e-03 
5.989999999999998863e+02 6.330263670694241500e-03 
5.991000000000000227e+02 6.994852569509543011e-03 
5.991999999999999318e+02 6.135328805394420215e-03 
5.993000000000000682e+02 6.202648356708461222e-03 
5.993999999999999773e+02 5.683976192894829756e-03 
5.994999999999998863e+02 5.968192314694571385e-03 
5.996000000000000227e+02 5.996188542508178523e-03 
5.996999999999999318e+02 5.656969231094854597e-03 
5.998000000000000682e+02 6.142698837108379398e-03 
5.998999999999999773e+02 5.471679709295023016e-03 
5.999999999999998863e+02 6.011917871894532570e-03 
6.001000000000000227e+02 5.929017381108087764e-03 
6.001999999999999318e+02 6.007812417994535213e-03 
6.003000000000000682e+02 5.576739758507607246e-03 
6.003999999999999773e+02 5.669681299194842712e-03 
6.004999999999998863e+02 6.448085251294134908e-03 
6.006000000000000227e+02 5.990895969408173080e-03 
6.006999999999999318e+02 6.200175191694361383e-03 
6.008000000000000682e+02 5.751493597407846166e-03 
6.008999999999999773e+02 5.669582372594843267e-03 
6.009999999999998863e+02 5.557597461394944878e-03 
6.011000000000000227e+02 5.612650114307657367e-03 
6.011999999999999318e+02 6.363948177994211731e-03 
6.013000000000000682e+02 5.924120514408081836e-03 
6.013999999999999773e+02 5.904730900794630255e-03 
6.014999999999998863e+02 5.835877987194691176e-03 
6.016000000000000227e+02 5.772515499907875276e-03 
6.016999999999999318e+02 6.308351428794262486e-03 
6.018000000000000682e+02 6.164611079008411321e-03 
6.018999999999999773e+02 5.918382771594617002e-03 
6.019999999999998863e+02 5.904829827394628833e-03 
6.021000000000000227e+02 6.274023898608558324e-03 
6.021999999999999318e+02 5.697331283894817300e-03 
6.023000000000000682e+02 6.079830982808292691e-03 
6.023999999999999773e+02 6.109558426094442891e-03 
6.024999999999998863e+02 6.367064365894209432e-03 
6.026000000000000227e+02 5.656474598107716877e-03 
6.026999999999999318e+02 5.590243239394916165e-03 
6.028000000000000682e+02 6.415439473308751778e-03 
6.028999999999999773e+02 6.121726397894432757e-03 
6.029999999999998863e+02 5.669582372594843267e-03 
6.031000000000000227e+02 6.382002282508706867e-03 
6.031999999999999318e+02 5.527771091494972089e-03 
6.033000000000000682e+02 6.062123121408270580e-03 
6.033999999999999773e+02 5.892018832694641273e-03 
6.034999999999998863e+02 6.061875804894486554e-03 
6.036000000000000227e+02 6.023393357508215890e-03 
6.036999999999999318e+02 6.226786447094336159e-03 
6.038000000000000682e+02 6.060639222408267628e-03 
6.038999999999999773e+02 6.061084392094486656e-03 
6.039999999999998863e+02 6.012016798494532015e-03 
6.041000000000000227e+02 5.662805900507725601e-03 
6.041999999999999318e+02 5.361030307195123641e-03 
6.043000000000000682e+02 5.839983441107967840e-03 
6.043999999999999773e+02 6.091454858294459429e-03 
6.044999999999998863e+02 5.599690729694907845e-03 
6.046000000000000227e+02 6.106837944608331167e-03 
6.046999999999999318e+02 5.349208578495134869e-03 
6.048000000000000682e+02 5.733736272707821297e-03 
6.048999999999999773e+02 5.462528998795031406e-03 
6.049999999999998863e+02 5.323042492795158030e-03 
6.051000000000000227e+02 6.059155323408266410e-03 
6.051999999999999318e+02 5.782853329594741382e-03 
6.053000000000000682e+02 6.083441803708298894e-03 
6.053999999999999773e+02 6.027202031594517534e-03 
6.054999999999998863e+02 5.624471842994884646e-03 
6.056000000000000227e+02 6.241971680208515186e-03 
6.056999999999999318e+02 6.217932516394344619e-03 
6.058000000000000682e+02 5.934408880808096122e-03 
6.058999999999999773e+02 6.011472702194532898e-03 
6.059999999999998863e+02 6.227231616794336698e-03 
6.061000000000000227e+02 6.200620361408459152e-03 
6.061999999999999318e+02 5.767173463494754300e-03 
6.063000000000000682e+02 6.311170836908609749e-03 
6.063999999999999773e+02 5.813322722394712733e-03 
6.064999999999998863e+02 5.578520437294926838e-03 
6.066000000000000227e+02 6.261658073608540945e-03 
6.066999999999999318e+02 6.107530430794445159e-03 
6.068000000000000682e+02 4.958399045206764166e-03 
6.068999999999999773e+02 6.012412504894530663e-03 
6.069999999999998863e+02 5.964037397494575607e-03 
6.071000000000000227e+02 5.999007950608183093e-03 
6.071999999999999318e+02 5.656029428394855965e-03 
6.073000000000000682e+02 6.264922651408546053e-03 
6.073999999999999773e+02 6.132410470694421405e-03 
6.074999999999998863e+02 5.509271817294989979e-03 
6.076000000000000227e+02 5.654298212907714338e-03 
6.076999999999999318e+02 6.251963266794314210e-03 
6.078000000000000682e+02 5.842110363007970222e-03 
6.078999999999999773e+02 5.811245263794713976e-03 
6.079999999999998863e+02 6.214024915694348755e-03 
6.081000000000000227e+02 6.068949056808280000e-03 
6.081999999999999318e+02 5.570408456094933305e-03 
6.083000000000000682e+02 5.828013322507950844e-03 
6.083999999999999773e+02 5.887468209094645112e-03 
6.084999999999998863e+02 5.438143591895053253e-03 
6.086000000000000227e+02 6.303108319008599025e-03 
6.086999999999999318e+02 5.900130813894634806e-03 
6.088000000000000682e+02 5.936684192608099840e-03 
6.088999999999999773e+02 5.533607760894967108e-03 
6.089999999999998863e+02 5.928770064594607314e-03 
6.091000000000000227e+02 6.138444993308374634e-03 
6.091999999999999318e+02 6.030219292894515790e-03 
6.093000000000000682e+02 6.538702016908919112e-03 
6.093999999999999773e+02 5.840972707094687320e-03 
6.094999999999998863e+02 5.977293561894562839e-03 
6.096000000000000227e+02 6.336891752908645030e-03 
6.096999999999999318e+02 5.738187969694781565e-03 
6.098000000000000682e+02 6.319084964908620872e-03 
6.098999999999999773e+02 6.349405967794225641e-03 
6.099999999999998863e+02 5.628824613394880182e-03 
6.101000000000000227e+02 5.786810393607893545e-03 
6.101999999999999318e+02 6.076121235294473441e-03 
6.103000000000000682e+02 6.164264835908409360e-03 
6.103999999999999773e+02 6.453031581294131451e-03 
6.104999999999998863e+02 5.727108190494791667e-03 
6.106000000000000227e+02 6.076269625208289248e-03 
6.106999999999999318e+02 6.006872615294536581e-03 
6.108000000000000682e+02 5.685509555207755687e-03 
6.108999999999999773e+02 5.951424255994586070e-03 
6.109999999999998863e+02 5.676853477694836746e-03 
6.111000000000000227e+02 5.438737151507419369e-03 
6.111999999999999318e+02 5.961861012294577405e-03 
6.113000000000000682e+02 5.559477066807583072e-03 
6.113999999999999773e+02 6.114702609294439192e-03 
6.114999999999998863e+02 6.012264114994531929e-03 
6.116000000000000227e+02 5.876042186808015828e-03 
6.116999999999999318e+02 6.278525058894289697e-03 
6.118000000000000682e+02 6.185979224608438923e-03 
6.118999999999999773e+02 5.677298647394835550e-03 
6.119999999999998863e+02 6.156350707894401621e-03 
6.121000000000000227e+02 5.781715673707887859e-03 
6.121999999999999318e+02 6.119055379694433860e-03 
6.123000000000000682e+02 5.156252245207034422e-03 
6.123999999999999773e+02 5.671016808294841727e-03 
6.124999999999998863e+02 6.312506345994258264e-03 
6.126000000000000227e+02 6.115691875308342657e-03 
6.126999999999999318e+02 5.938662724594598666e-03 
6.128000000000000682e+02 6.315127900908616178e-03 
6.128999999999999773e+02 5.671907147694841070e-03 
6.129999999999998863e+02 6.373247278394203810e-03 
6.131000000000000227e+02 5.977491415108154155e-03 
6.131999999999999318e+02 5.933023908394603405e-03 
6.133000000000000682e+02 5.703662586307780939e-03 
6.133999999999999773e+02 5.387394246095099370e-03 
6.134999999999998863e+02 5.747833313194772135e-03 
6.136000000000000227e+02 5.680563225207748736e-03 
6.136999999999999318e+02 5.857641839194672323e-03 
6.138000000000000682e+02 5.663894093107727304e-03 
6.138999999999999773e+02 5.386355516795100426e-03 
6.139999999999998863e+02 5.680315908694833806e-03 
6.141000000000000227e+02 6.024432086808218303e-03 
6.141999999999999318e+02 6.235046818194330161e-03 
6.143000000000000682e+02 5.440814610107423330e-03 
6.143999999999999773e+02 5.817378712994709065e-03 
6.144999999999998863e+02 5.613589916994893639e-03 
6.146000000000000227e+02 5.982437745108161974e-03 
6.146999999999999318e+02 5.765936880994755598e-03 
6.148000000000000682e+02 5.374385398207331445e-03 
6.148999999999999773e+02 5.592172308094914453e-03 
6.149999999999998863e+02 5.529996939994969579e-03 
6.151000000000000227e+02 5.725475901607810815e-03 
6.151999999999999318e+02 6.194140669094366607e-03 
6.153000000000000682e+02 5.821187387107940557e-03 
6.153999999999999773e+02 5.747833313194772135e-03 
6.154999999999998863e+02 5.608989830094899057e-03 
6.156000000000000227e+02 5.550722062707572763e-03 
6.156999999999999318e+02 5.849925564394679173e-03 
6.158000000000000682e+02 5.536674485507552673e-03 
6.158999999999999773e+02 6.304839534494265270e-03 
6.159999999999998863e+02 5.335606170995146544e-03 
6.161000000000000227e+02 5.864220458108000168e-03 
6.161999999999999318e+02 5.559328676894942541e-03 
6.163000000000000682e+02 6.363008375308679826e-03 
6.163999999999999773e+02 5.456049306495036957e-03 
6.164999999999998863e+02 5.730570621494787860e-03 
6.166000000000000227e+02 5.788393219207896810e-03 
6.166999999999999318e+02 5.469750640595024728e-03 
6.168000000000000682e+02 5.524110807307535537e-03 
6.168999999999999773e+02 5.866248453394664816e-03 
6.169999999999998863e+02 6.149871015594407173e-03 
6.171000000000000227e+02 5.521835495507532686e-03 
6.171999999999999318e+02 5.873272241994658381e-03 
6.173000000000000682e+02 6.170299358508418881e-03 
6.173999999999999773e+02 5.929314160894607298e-03 
6.174999999999998863e+02 5.609979096094898712e-03 
6.176000000000000227e+02 6.085420335708302542e-03 
6.176999999999999318e+02 6.078347083794470931e-03 
6.178000000000000682e+02 5.874409897908014141e-03 
6.178999999999999773e+02 5.531134595894968836e-03 
6.179999999999998863e+02 5.789085705394734181e-03 
6.181000000000000227e+02 5.895728580208042455e-03 
6.181999999999999318e+02 5.819802414694707181e-03 
6.183000000000000682e+02 5.626153595207674871e-03 
6.183999999999999773e+02 6.087448330994463253e-03 
6.184999999999998863e+02 5.689169839394826213e-03 
6.186000000000000227e+02 5.189639972707080044e-03 
6.186999999999999318e+02 6.252210583294314124e-03 
6.188000000000000682e+02 5.749168822307842291e-03 
6.188999999999999773e+02 6.243851285594322412e-03 
6.189999999999998863e+02 6.001876821994541616e-03 
6.191000000000000227e+02 6.717412919809162726e-03 
6.191999999999999318e+02 5.417220615995073027e-03 
6.193000000000000682e+02 6.221790653808487864e-03 
6.193999999999999773e+02 6.137900896994417932e-03 
6.194999999999998863e+02 5.847106156294681542e-03 
6.196000000000000227e+02 5.632831140707683822e-03 
6.196999999999999318e+02 5.231634314395241375e-03 
6.198000000000000682e+02 5.909479377608062474e-03 
6.198999999999999773e+02 5.630011732594879595e-03 
6.199999999999998863e+02 5.891573662994640734e-03 
6.201000000000000227e+02 5.792102966707901590e-03 
6.201999999999999318e+02 5.816043203894710051e-03 
6.203000000000000682e+02 6.052032608208256920e-03 
6.203999999999999773e+02 5.849925564394679173e-03 
6.204999999999998863e+02 5.918976331194616275e-03 
6.206000000000000227e+02 5.039321004006875812e-03 
6.206999999999999318e+02 5.724585562194793240e-03 
6.208000000000000682e+02 5.942619788608106447e-03 
6.208999999999999773e+02 6.146606437794409003e-03 
6.209999999999998863e+02 6.448480957694134423e-03 
6.211000000000000227e+02 6.096153871808315632e-03 
6.211999999999999318e+02 5.608791976894899299e-03 
6.213000000000000682e+02 5.727701750107813509e-03 
6.213999999999999773e+02 5.460402076895032493e-03 
6.214999999999998863e+02 6.190233068394370743e-03 
6.216000000000000227e+02 5.622097604607669864e-03 
6.216999999999999318e+02 6.370774113394204671e-03 
6.218000000000000682e+02 5.695451678507769747e-03 
6.218999999999999773e+02 5.075429212995383708e-03 
6.219999999999998863e+02 5.286093407695192231e-03 
6.221000000000000227e+02 5.770438041307872183e-03 
6.221999999999999318e+02 6.335704633694237871e-03 
6.223000000000000682e+02 5.545182173107564803e-03 
6.223999999999999773e+02 5.548941383894953096e-03 
6.224999999999998863e+02 5.964235250694576232e-03 
6.226000000000000227e+02 5.246819547507157455e-03 
6.226999999999999318e+02 6.027399884794518159e-03 
6.228000000000000682e+02 5.700348545207777409e-03 
6.228999999999999773e+02 6.595386958694000878e-03 
6.229999999999998863e+02 5.985603396294556129e-03 
6.231000000000000227e+02 5.480583103307477832e-03 
6.231999999999999318e+02 5.068059181295390785e-03 
6.233000000000000682e+02 5.775186518107878510e-03 
6.233999999999999773e+02 6.071372758494477523e-03 
6.234999999999998863e+02 6.235788767694329035e-03 
6.236000000000000227e+02 5.170596602207053714e-03 
6.236999999999999318e+02 6.148782822994407204e-03 
6.238000000000000682e+02 5.994556253608176837e-03 
6.238999999999999773e+02 5.720480108294796751e-03 
6.239999999999998863e+02 6.399759607194180008e-03 
6.241000000000000227e+02 5.689318229307761647e-03 
6.241999999999999318e+02 5.799819241494723852e-03 
6.243000000000000682e+02 5.385415714107347207e-03 
6.243999999999999773e+02 5.452537412195040609e-03 
6.244999999999998863e+02 6.269770054794296735e-03 
6.246000000000000227e+02 5.528562504307541793e-03 
6.246999999999999318e+02 5.269473738895207385e-03 
6.248000000000000682e+02 5.734527685507822062e-03 
6.248999999999999773e+02 5.572090208294932547e-03 
6.249999999999998863e+02 5.552008108494949773e-03 
6.251000000000000227e+02 5.795021301407905605e-03 
6.251999999999999318e+02 5.662706973894849304e-03 
6.253000000000000682e+02 5.710389595107790046e-03 
6.253999999999999773e+02 5.734131979094785232e-03 
6.254999999999998863e+02 5.452883655295040835e-03 
6.256000000000000227e+02 5.659541322707720493e-03 
6.256999999999999318e+02 5.696935577494818652e-03 
6.258000000000000682e+02 5.989263680508171393e-03 
6.258999999999999773e+02 6.251221317294313601e-03 
6.259999999999998863e+02 5.365432540895120200e-03 
6.261000000000000227e+02 5.347724679507295797e-03 
6.261999999999999318e+02 5.609138219994898658e-03 
6.263000000000000682e+02 5.277635183407200156e-03 
6.263999999999999773e+02 6.119797329194434470e-03 
6.264999999999998863e+02 6.192013747194367694e-03 
6.266000000000000227e+02 5.874459361208013430e-03 
6.266999999999999318e+02 5.359200165095124799e-03 
6.268000000000000682e+02 5.995891762708180188e-03 
6.268999999999999773e+02 5.427063812695064222e-03 
6.269999999999998863e+02 6.010285582994533485e-03 
6.271000000000000227e+02 5.518768770907528202e-03 
6.271999999999999318e+02 5.844583527994684849e-03 
6.273000000000000682e+02 5.523962417407535935e-03 
6.273999999999999773e+02 5.474053947695021842e-03 
6.274999999999998863e+02 5.644850722594866622e-03 
6.276000000000000227e+02 5.806843030107921265e-03 
6.276999999999999318e+02 5.270957637895206001e-03 
6.278000000000000682e+02 5.762078743607860522e-03 
6.278999999999999773e+02 5.410938776895078337e-03 
6.279999999999998863e+02 5.259630542195216189e-03 
6.281000000000000227e+02 5.836224230307961169e-03 
6.281999999999999318e+02 5.727454433594791026e-03 
6.283000000000000682e+02 5.779341435307883829e-03 
6.283999999999999773e+02 5.403914988295084772e-03 
6.284999999999998863e+02 5.281147077695195688e-03 
6.286000000000000227e+02 5.278228743007199429e-03 
6.286999999999999318e+02 5.547408021594955191e-03 
6.288000000000000682e+02 5.305730337807238600e-03 
6.288999999999999773e+02 5.907500845594626862e-03 
6.289999999999998863e+02 5.549683333394953705e-03 
6.291000000000000227e+02 5.774939201607878596e-03 
6.291999999999999318e+02 5.281839563895196141e-03 
6.293000000000000682e+02 5.253793872807167344e-03 
6.293999999999999773e+02 5.699656058994815970e-03 
6.294999999999998863e+02 5.144133736695320584e-03 
6.296000000000000227e+02 5.156153318607034110e-03 
6.296999999999999318e+02 6.119500549394434399e-03 
6.298000000000000682e+02 5.360585137507313004e-03 
6.298999999999999773e+02 5.123705393795340186e-03 
6.299999999999998863e+02 5.966807342294573081e-03 
6.301000000000000227e+02 5.990994896008173393e-03 
6.301999999999999318e+02 5.870601223794660352e-03 
6.303000000000000682e+02 6.145073075508383428e-03 
6.303999999999999773e+02 5.569567579994934986e-03 
6.304999999999998863e+02 5.408861318295080448e-03 
6.306000000000000227e+02 5.582378574707615518e-03 
6.306999999999999318e+02 5.412076432795078461e-03 
6.308000000000000682e+02 5.548644604107569669e-03 
6.308999999999999773e+02 5.147348851195319465e-03 
6.309999999999998863e+02 5.910320253694623625e-03 
6.311000000000000227e+02 5.547803728007568748e-03 
6.311999999999999318e+02 5.795070764694729669e-03 
6.313000000000000682e+02 5.964977200208137174e-03 
6.313999999999999773e+02 5.276843770595201176e-03 
6.314999999999998863e+02 5.350445160995133571e-03 
6.316000000000000227e+02 5.476279796207471177e-03 
6.316999999999999318e+02 5.585890468994919762e-03 
6.318000000000000682e+02 5.659294006207720579e-03 
6.318999999999999773e+02 5.602609064394904054e-03 
6.319999999999998863e+02 5.916651556094619339e-03 
6.321000000000000227e+02 6.191172871108445788e-03 
6.321999999999999318e+02 5.359051775195125197e-03 
6.323000000000000682e+02 5.834443551507959881e-03 
6.323999999999999773e+02 5.705591654994811301e-03 
6.324999999999998863e+02 5.319184355395161455e-03 
6.326000000000000227e+02 5.952561911908120507e-03 
6.326999999999999318e+02 6.121874787794431491e-03 
6.328000000000000682e+02 5.824847671307946916e-03 
6.328999999999999773e+02 6.084876239394465536e-03 
6.329999999999998863e+02 6.087250477794463495e-03 
6.331000000000000227e+02 5.428597175007406420e-03 
6.331999999999999318e+02 5.621998677994887242e-03 
6.333000000000000682e+02 5.143985346807017356e-03 
6.333999999999999773e+02 5.444277041095047474e-03 
6.334999999999998863e+02 5.252309973795223422e-03 
6.336000000000000227e+02 5.462627925407452338e-03 
6.336999999999999318e+02 5.738633139394780369e-03 
6.338000000000000682e+02 5.915019267208069566e-03 
6.338999999999999773e+02 5.755054954994765458e-03 
6.339999999999998863e+02 5.359398018295125424e-03 
6.341000000000000227e+02 5.553986640507577004e-03 
6.341999999999999318e+02 6.172129500594385546e-03 
6.343000000000000682e+02 5.958992140908130411e-03 
6.343999999999999773e+02 5.649747589294861275e-03 
6.344999999999998863e+02 5.662805900494848749e-03 
6.346000000000000227e+02 4.924783786526718173e-03 
6.346999999999999318e+02 5.855465453994674989e-03 
6.348000000000000682e+02 6.376462392908698908e-03 
6.348999999999999773e+02 5.344756881495139021e-03 
6.349999999999998863e+02 5.350098917895133345e-03 
6.351000000000000227e+02 5.196960541107089292e-03 
6.351999999999999318e+02 5.742689129994775835e-03 
6.353000000000000682e+02 5.553739324007577090e-03 
6.353999999999999773e+02 5.308599209195172253e-03 
6.354999999999998863e+02 6.500466885994087875e-03 
6.356000000000000227e+02 5.548644604107569669e-03 
6.356999999999999318e+02 5.958448044594580502e-03 
6.358000000000000682e+02 6.261658073608540945e-03 
6.358999999999999773e+02 5.983377547794558639e-03 
6.359999999999998863e+02 6.032741921194513350e-03 
6.361000000000000227e+02 5.601966041507641832e-03 
6.361999999999999318e+02 5.524803293494974857e-03 
6.363000000000000682e+02 6.024877256508219710e-03 
6.363999999999999773e+02 5.886281089894646566e-03 
6.364999999999998863e+02 5.657909033794853229e-03 
6.366000000000000227e+02 5.488101524907485970e-03 
6.366999999999999318e+02 5.414203354695075639e-03 
6.368000000000000682e+02 5.134636783107005172e-03 
6.368999999999999773e+02 5.375473590795111153e-03 
6.369999999999998863e+02 5.986592662294554050e-03 
6.371000000000000227e+02 5.968390167908141884e-03 
6.371999999999999318e+02 5.141512181795322711e-03 
6.373000000000000682e+02 5.430180000607407950e-03 
6.373999999999999773e+02 5.442249045795050609e-03 
6.374999999999998863e+02 5.534151857194967092e-03 
6.376000000000000227e+02 5.520104280007530687e-03 
6.376999999999999318e+02 5.767668096494754128e-03 
6.378000000000000682e+02 5.610127486007653735e-03 
6.378999999999999773e+02 5.507342748594990824e-03 
6.379999999999998863e+02 5.464062361095030178e-03 
6.381000000000000227e+02 5.235937621507143029e-03 
6.381999999999999318e+02 5.761781963794759820e-03 
6.383000000000000682e+02 6.163127180008407500e-03 
6.383999999999999773e+02 5.534695953494967076e-03 
6.384999999999998863e+02 4.992034089195460274e-03 
6.386000000000000227e+02 5.717759626807800317e-03 
6.386999999999999318e+02 4.956519439795492067e-03 
6.388000000000000682e+02 6.098082940508319991e-03 
6.388999999999999773e+02 5.200126192295271080e-03 
6.389999999999998863e+02 6.080523468994469133e-03 
6.391000000000000227e+02 6.120044645708348600e-03 
6.391999999999999318e+02 4.762296846015669043e-03 
6.393000000000000682e+02 5.711329397807792148e-03 
6.393999999999999773e+02 6.553145300494040044e-03 
6.394999999999998863e+02 5.666861891094845949e-03 
6.396000000000000227e+02 5.714495049007795209e-03 
6.396999999999999318e+02 5.895876970094636980e-03 
6.398000000000000682e+02 5.224066429507127213e-03 
6.398999999999999773e+02 5.613540453694894350e-03 
6.399999999999998863e+02 5.578322584094926213e-03 
6.401000000000000227e+02 6.133795443108366885e-03 
6.401999999999999318e+02 5.569913823094933478e-03 
6.403000000000000682e+02 5.769992871607872512e-03 
6.403999999999999773e+02 6.277090623194292104e-03 
6.404999999999998863e+02 5.346092390595138036e-03 
6.406000000000000227e+02 5.966015929508139588e-03 
6.406999999999999318e+02 5.633721480094876569e-03 
6.408000000000000682e+02 5.567589048007595687e-03 
6.408999999999999773e+02 5.814905547994710794e-03 
6.409999999999998863e+02 5.262054243895214305e-03 
6.411000000000000227e+02 5.391499700007354283e-03 
6.411999999999999318e+02 5.836669399994691074e-03 
6.413000000000000682e+02 5.945290806808110548e-03 
6.413999999999999773e+02 5.479346520795016010e-03 
6.414999999999998863e+02 6.211700140594349218e-03 
6.416000000000000227e+02 5.602460674507643394e-03 
6.416999999999999318e+02 5.522082811994977539e-03 
6.418000000000000682e+02 5.711230471207790968e-03 
6.418999999999999773e+02 5.729779208694787962e-03 
6.419999999999998863e+02 5.883659534994648693e-03 
6.421000000000000227e+02 5.884747727608027716e-03 
6.421999999999999318e+02 5.548051044494954620e-03 
6.423000000000000682e+02 6.009147927108196910e-03 
6.423999999999999773e+02 5.600877848894905524e-03 
6.424999999999998863e+02 5.500516813194996149e-03 
6.426000000000000227e+02 5.750207551607844705e-03 
6.426999999999999318e+02 6.198048269794362471e-03 
6.428000000000000682e+02 5.565214809607591656e-03 
6.428999999999999773e+02 5.497499551894999628e-03 
6.429999999999998863e+02 5.413758184995075967e-03 
6.431000000000000227e+02 5.800264411207912627e-03 
6.431999999999999318e+02 5.285499848095192958e-03 
6.433000000000000682e+02 5.511843908907519338e-03 
6.433999999999999773e+02 5.448926591295044815e-03 
6.434999999999998863e+02 5.548694067394954049e-03 
6.436000000000000227e+02 5.836916716507963357e-03 
6.436999999999999318e+02 5.404112841495085397e-03 
6.438000000000000682e+02 5.677842743707745346e-03 
6.438999999999999773e+02 5.022701335195432250e-03 
6.439999999999998863e+02 5.340305184495142306e-03 
6.441000000000000227e+02 5.863181728807998622e-03 
6.441999999999999318e+02 5.515504193094982778e-03 
6.443000000000000682e+02 6.366075099908685177e-03 
6.443999999999999773e+02 5.591380895294914555e-03 
6.444999999999998863e+02 5.318739185695161784e-03 
6.446000000000000227e+02 5.528760357507542418e-03 
6.446999999999999318e+02 5.847007229694682097e-03 
6.448000000000000682e+02 6.094669972808314413e-03 
6.448999999999999773e+02 5.841714656594686195e-03 
6.449999999999998863e+02 5.628973003294880650e-03 
6.451000000000000227e+02 5.504622267107509535e-03 
6.451999999999999318e+02 5.436214523195055832e-03 
6.453000000000000682e+02 5.828310102307951782e-03 
6.453999999999999773e+02 5.622344921094886601e-03 
6.454999999999998863e+02 5.789827654894734790e-03 
6.456000000000000227e+02 5.883263828608025631e-03 
6.456999999999999318e+02 5.699458205794815345e-03 
6.458000000000000682e+02 5.436461839707415651e-03 
6.458999999999999773e+02 6.185830834694374183e-03 
6.459999999999998863e+02 5.451597609495040242e-03 
6.461000000000000227e+02 5.682739610407752141e-03 
6.461999999999999318e+02 5.965076126794574551e-03 
6.463000000000000682e+02 5.980162433308158255e-03 
6.463999999999999773e+02 6.149673162394408282e-03 
6.464999999999998863e+02 5.819901341294705759e-03 
6.466000000000000227e+02 5.209524219307106428e-03 
6.466999999999999318e+02 5.543450957594958303e-03 
6.468000000000000682e+02 5.927088312408085140e-03 
6.468999999999999773e+02 5.111883665095350547e-03 
6.469999999999998863e+02 5.835383354194693083e-03 
6.471000000000000227e+02 5.292919343107220682e-03 
6.471999999999999318e+02 5.215410351995256912e-03 
6.473000000000000682e+02 6.438390444508784380e-03 
6.473999999999999773e+02 5.958349117994581057e-03 
6.474999999999998863e+02 5.581389308694922891e-03 
6.476000000000000227e+02 5.656870304507717259e-03 
6.476999999999999318e+02 5.490228446795006149e-03 
6.478000000000000682e+02 5.846116890307975072e-03 
6.478999999999999773e+02 5.429932684095061142e-03 
6.479999999999998863e+02 5.585841005694919606e-03 
6.481000000000000227e+02 5.854822431107986960e-03 
6.481999999999999318e+02 5.432455312395058702e-03 
6.483000000000000682e+02 5.507837381607512753e-03 
6.483999999999999773e+02 5.514960096794984529e-03 
6.484999999999998863e+02 5.345696684195137653e-03 
6.486000000000000227e+02 5.071175369206918325e-03 
6.486999999999999318e+02 5.947714508494589963e-03 
6.488000000000000682e+02 5.291633297307219222e-03 
6.488999999999999773e+02 5.389719021195098041e-03 
6.489999999999998863e+02 5.397633149195090949e-03 
6.491000000000000227e+02 5.376759636607335475e-03 
6.491999999999999318e+02 5.649450809494861205e-03 
6.493000000000000682e+02 5.481028273007477504e-03 
6.493999999999999773e+02 5.308302429395172183e-03 
6.494999999999998863e+02 5.145419782495319443e-03 
6.496000000000000227e+02 5.880394957208021772e-03 
6.496999999999999318e+02 5.838351152194689447e-03 
6.498000000000000682e+02 6.016864201908209142e-03 
6.498999999999999773e+02 5.577432244694926870e-03 
6.499999999999998863e+02 5.475933553095019106e-03 
6.501000000000000227e+02 5.189343192907079974e-03 
6.501999999999999318e+02 6.223917575694339240e-03 
6.503000000000000682e+02 5.353709738807302561e-03 
6.503999999999999773e+02 5.517828968194980581e-03 
6.504999999999998863e+02 5.506056702794991965e-03 
6.506000000000000227e+02 5.288517109407214582e-03 
6.506999999999999318e+02 6.088289207094462439e-03 
6.508000000000000682e+02 5.900328667108049180e-03 
6.508999999999999773e+02 5.744469808794775388e-03 
6.509999999999998863e+02 5.361673330095123070e-03 
6.511000000000000227e+02 5.534893806707550518e-03 
6.511999999999999318e+02 5.101496372095360235e-03 
6.513000000000000682e+02 5.514366537207522102e-03 
6.513999999999999773e+02 6.023442820794521271e-03 
6.514999999999998863e+02 5.278030889795200589e-03 
6.516000000000000227e+02 5.351929060007301273e-03 
6.516999999999999318e+02 5.645691598694864942e-03 
6.518000000000000682e+02 5.251122854607164110e-03 
6.518999999999999773e+02 5.441853339395050226e-03 
6.519999999999998863e+02 6.117175774294435729e-03 
6.521000000000000227e+02 5.642179704407697741e-03 
6.521999999999999318e+02 5.507985771494990253e-03 
6.523000000000000682e+02 5.495471556607496241e-03 
6.523999999999999773e+02 5.672006074294841382e-03 
6.524999999999998863e+02 5.279564252095197627e-03 
6.526000000000000227e+02 5.726118924507811979e-03 
6.526999999999999318e+02 6.162632546994394576e-03 
6.528000000000000682e+02 5.902158809208051492e-03 
6.528999999999999773e+02 6.106244384994446300e-03 
6.529999999999998863e+02 5.523764564194976780e-03 
6.531000000000000227e+02 5.098330720906954668e-03 
6.531999999999999318e+02 5.149376846495316330e-03 
6.533000000000000682e+02 5.505562069807510769e-03 
6.533999999999999773e+02 5.312012176895168289e-03 
6.534999999999998863e+02 6.137505190594416682e-03 
6.536000000000000227e+02 5.327988822807268147e-03 
6.536999999999999318e+02 5.491514492595005875e-03 
6.538000000000000682e+02 5.568825630507596991e-03 
6.538999999999999773e+02 6.140621378494415250e-03 
6.539999999999998863e+02 5.274321142295201881e-03 
6.541000000000000227e+02 5.383486645407343715e-03 
6.541999999999999318e+02 5.972841864894566991e-03 
6.543000000000000682e+02 4.701729035176414710e-03 
6.543999999999999773e+02 5.701189421294815610e-03 
6.544999999999998863e+02 5.376265003595110184e-03 
6.546000000000000227e+02 6.059600493108266081e-03 
6.546999999999999318e+02 5.097539308095363347e-03 
6.548000000000000682e+02 5.591133578807627562e-03 
6.548999999999999773e+02 5.578817217094926909e-03 
6.549999999999998863e+02 5.309588475195171041e-03 
6.551000000000000227e+02 5.515553656407524118e-03 
6.551999999999999318e+02 5.801698846894722851e-03 
6.553000000000000682e+02 5.624273989807672403e-03 
6.553999999999999773e+02 5.362316352995122500e-03 
6.554999999999998863e+02 5.707421797094809277e-03 
6.556000000000000227e+02 5.357320559707308763e-03 
6.556999999999999318e+02 5.780132848094742329e-03 
6.558000000000000682e+02 5.236580644407144193e-03 
6.558999999999999773e+02 5.407426882595081988e-03 
6.559999999999998863e+02 5.290644031295187524e-03 
6.561000000000000227e+02 5.695946311507770442e-03 
6.561999999999999318e+02 5.873123852094657912e-03 
6.563000000000000682e+02 5.514218147307522501e-03 
6.563999999999999773e+02 5.528760357494970877e-03 
6.564999999999998863e+02 5.742243960294777030e-03 
6.566000000000000227e+02 6.013698550708204346e-03 
6.566999999999999318e+02 5.403420355295084944e-03 
6.568000000000000682e+02 5.213431820007111833e-03 
6.568999999999999773e+02 5.684619215794829185e-03 
6.569999999999998863e+02 5.649945442494861032e-03 
6.571000000000000227e+02 5.203737013207100290e-03 
6.571999999999999318e+02 5.641437754894868851e-03 
6.573000000000000682e+02 5.625807352107674644e-03 
6.573999999999999773e+02 6.166787464194390354e-03 
6.574999999999998863e+02 5.892266149194640319e-03 
6.576000000000000227e+02 5.065536553006910921e-03 
6.576999999999999318e+02 5.354896857995129419e-03 
6.578000000000000682e+02 5.677644890507744721e-03 
6.578999999999999773e+02 5.871541026494658984e-03 
6.579999999999998863e+02 5.306224970795174294e-03 
6.581000000000000227e+02 5.282680440007206553e-03 
6.581999999999999318e+02 5.703662586294812147e-03 
6.583000000000000682e+02 5.267544670207185628e-03 
6.583999999999999773e+02 5.779934994894743439e-03 
6.584999999999998863e+02 5.054357847195403014e-03 
6.586000000000000227e+02 5.781666210407886836e-03 
6.586999999999999318e+02 5.372852035895113280e-03 
6.588000000000000682e+02 5.824946597907946361e-03 
6.588999999999999773e+02 5.033138091495421851e-03 
6.589999999999998863e+02 5.583813010394921006e-03 
6.591000000000000227e+02 5.348911798707296945e-03 
6.591999999999999318e+02 5.384673764595102052e-03 
6.593000000000000682e+02 5.800660117607913009e-03 
6.593999999999999773e+02 5.331154473995151563e-03 
6.594999999999998863e+02 5.410147364095079306e-03 
6.596000000000000227e+02 5.441606022907424095e-03 
6.596999999999999318e+02 5.273727582695203475e-03 
6.598000000000000682e+02 5.519560183707528968e-03 
6.598999999999999773e+02 5.677249184094836261e-03 
6.599999999999998863e+02 4.979025241295472089e-03 
6.601000000000000227e+02 5.487211185507485760e-03 
6.601999999999999318e+02 5.167579340895299238e-03 
6.603000000000000682e+02 5.327840432907268546e-03 
6.603999999999999773e+02 5.478654034595016424e-03 
6.604999999999998863e+02 5.351929059995132187e-03 
6.606000000000000227e+02 5.522725834907533764e-03 
6.606999999999999318e+02 5.478456181395017534e-03 
6.608000000000000682e+02 5.845523330707974932e-03 
6.608999999999999773e+02 5.421622849695067851e-03 
6.609999999999998863e+02 5.669483445994843822e-03 
6.611000000000000227e+02 4.929304732146724127e-03 
6.611999999999999318e+02 5.954342590694584013e-03 
6.613000000000000682e+02 5.563434130807589501e-03 
6.613999999999999773e+02 5.322053226795159242e-03 
6.614999999999998863e+02 5.590787335694914414e-03 
6.616000000000000227e+02 5.761584110607859827e-03 
6.616999999999999318e+02 6.233711309094330279e-03 
6.618000000000000682e+02 5.351533353607300890e-03 
6.618999999999999773e+02 5.714643438894801732e-03 
6.619999999999998863e+02 5.594051913494911717e-03 
6.621000000000000227e+02 6.077555671008290708e-03 
6.621999999999999318e+02 5.431070339995060399e-03 
6.623000000000000682e+02 5.516592385707526532e-03 
6.623999999999999773e+02 5.582378574694922546e-03 
6.624999999999998863e+02 5.492454295295004507e-03 
6.626000000000000227e+02 5.984515203708164199e-03 
6.626999999999999318e+02 5.106937335095355739e-03 
6.628000000000000682e+02 5.170448212307053246e-03 
6.628999999999999773e+02 5.309736865095170642e-03 
6.629999999999998863e+02 5.892216685894640163e-03 
6.631000000000000227e+02 5.511992298807520674e-03 
6.631999999999999318e+02 6.309043914994261204e-03 
6.633000000000000682e+02 5.075280823106924355e-03 
6.633999999999999773e+02 5.401243970095087610e-03 
6.634999999999998863e+02 5.611710311594896375e-03 
6.636000000000000227e+02 5.266703794107184707e-03 
6.636999999999999318e+02 5.234156942695239803e-03 
6.638000000000000682e+02 5.423156212007397906e-03 
6.638999999999999773e+02 5.676705087794837144e-03 
6.639999999999998863e+02 5.777560756494745479e-03 
6.641000000000000227e+02 5.377551049407336241e-03 
6.641999999999999318e+02 5.002916015195450414e-03 
6.643000000000000682e+02 5.826183180407948532e-03 
6.643999999999999773e+02 5.262845656695213335e-03 
6.644999999999998863e+02 5.845127624294683098e-03 
6.646000000000000227e+02 5.315474607907251167e-03 
6.646999999999999318e+02 5.360585137495123970e-03 
6.648000000000000682e+02 5.897064089308045806e-03 
6.648999999999999773e+02 5.531777618794968265e-03 
6.649999999999998863e+02 5.653754116594857451e-03 
6.651000000000000227e+02 5.548347824307569599e-03 
6.651999999999999318e+02 5.900279203794633540e-03 
6.653000000000000682e+02 5.967895534908142056e-03 
6.653999999999999773e+02 5.930896986494604492e-03 
6.654999999999998863e+02 6.091108615194460937e-03 
6.656000000000000227e+02 5.485331580107482424e-03 
6.656999999999999318e+02 5.331154473995151563e-03 
6.658000000000000682e+02 5.675072798907742667e-03 
6.658999999999999773e+02 5.194487376095274951e-03 
6.659999999999998863e+02 5.886083236694645941e-03 
6.661000000000000227e+02 5.317650993107253705e-03 
6.661999999999999318e+02 5.629714952794879525e-03 
6.663000000000000682e+02 5.168271827107049840e-03 
6.663999999999999773e+02 5.484985336995012138e-03 
6.664999999999998863e+02 5.152641424295313632e-03 
6.666000000000000227e+02 5.052131998706892863e-03 
6.666999999999999318e+02 6.102485174194450038e-03 
6.668000000000000682e+02 5.242615167007151980e-03 
6.668999999999999773e+02 5.240785024895233853e-03 
6.669999999999998863e+02 5.761831427094759109e-03 
6.671000000000000227e+02 5.520549449707531225e-03 
6.671999999999999318e+02 5.251469097695224235e-03 
6.673000000000000682e+02 4.666926657296366701e-03 
6.673999999999999773e+02 5.236184937995236668e-03 
6.674999999999998863e+02 5.590688409094914969e-03 
6.676000000000000227e+02 5.919569890808076135e-03 
6.676999999999999318e+02 6.234057552194331372e-03 
6.678000000000000682e+02 5.307461553307240600e-03 
6.678999999999999773e+02 5.693423683194821436e-03 
6.679999999999998863e+02 5.753966762394766357e-03 
6.681000000000000227e+02 5.587275441407622313e-03 
6.681999999999999318e+02 6.018249174294525682e-03 
6.683000000000000682e+02 5.112328834806974601e-03 
6.683999999999999773e+02 5.294304315495185209e-03 
6.684999999999998863e+02 4.750737272805678757e-03 
6.686000000000000227e+02 5.600927312207640285e-03 
6.686999999999999318e+02 5.251765877495223438e-03 
6.688000000000000682e+02 5.450707270107436365e-03 
6.688999999999999773e+02 5.682195514094831937e-03 
6.689999999999998863e+02 5.508876110894989596e-03 
6.691000000000000227e+02 5.642328094307697342e-03 
6.691999999999999318e+02 5.531282985794968438e-03 
6.693000000000000682e+02 4.976997246006789090e-03 
6.693999999999999773e+02 5.743975175794775560e-03 
6.694999999999998863e+02 5.480385250095015821e-03 
6.696000000000000227e+02 5.458522471507447175e-03 
6.696999999999999318e+02 5.362514206195122257e-03 
6.698000000000000682e+02 5.108223380906969438e-03 
6.698999999999999773e+02 5.706927164094809449e-03 
6.699999999999998863e+02 5.196119664995274036e-03 
6.701000000000000227e+02 5.131767911707000446e-03 
6.701999999999999318e+02 5.318343479295162268e-03 
6.703000000000000682e+02 5.391747016507355064e-03 
6.703999999999999773e+02 5.280009421795197298e-03 
6.704999999999998863e+02 5.365729320695119403e-03 
6.706000000000000227e+02 5.375968223807334710e-03 
6.706999999999999318e+02 5.574266593494930748e-03 
6.708000000000000682e+02 5.329769501607271170e-03 
6.708999999999999773e+02 5.985504469694555817e-03 
6.709999999999998863e+02 5.903296465094630061e-03 
6.711000000000000227e+02 5.692879586907765958e-03 
6.711999999999999318e+02 5.529749623494970533e-03 
6.713000000000000682e+02 4.675795426986379365e-03 
6.713999999999999773e+02 5.521241935894978352e-03 
6.714999999999998863e+02 5.035116623495420295e-03 
6.716000000000000227e+02 5.948456458008114477e-03 
6.716999999999999318e+02 5.683778339694830865e-03 
6.718000000000000682e+02 5.482264855507477941e-03 
6.718999999999999773e+02 5.394665351195093717e-03 
6.719999999999998863e+02 5.281987953795195742e-03 
6.721000000000000227e+02 5.306323897407238740e-03 
6.721999999999999318e+02 5.585395835994919067e-03 
6.723000000000000682e+02 5.124249490106990573e-03 
6.723999999999999773e+02 5.940295013494596883e-03 
6.724999999999998863e+02 5.392291112795095757e-03 
6.726000000000000227e+02 5.236184938007142943e-03 
6.726999999999999318e+02 5.636244108394873262e-03 
6.728000000000000682e+02 5.261114441207176591e-03 
6.728999999999999773e+02 5.111883665095350547e-03 
6.729999999999998863e+02 5.522181738594976984e-03 
6.731000000000000227e+02 5.182566720807069843e-03 
6.731999999999999318e+02 5.512635321694986726e-03 
6.733000000000000682e+02 5.215707131807115551e-03 
6.733999999999999773e+02 5.468266741595026112e-03 
6.734999999999998863e+02 5.119995646295343213e-03 
6.736000000000000227e+02 5.251518561007163625e-03 
6.736999999999999318e+02 4.902347233635541077e-03 
6.738000000000000682e+02 5.107926601106968501e-03 
6.738999999999999773e+02 5.221741654395250891e-03 
6.739999999999998863e+02 5.724783415394793865e-03 
6.741000000000000227e+02 5.572485914707602482e-03 
6.741999999999999318e+02 5.846710449894682027e-03 
6.743000000000000682e+02 5.768508972607869559e-03 
6.743999999999999773e+02 5.720579034894797930e-03 
6.744999999999998863e+02 5.777610219794745636e-03 
6.746000000000000227e+02 5.101051202406958925e-03 
6.746999999999999318e+02 5.526732362194972277e-03 
6.748000000000000682e+02 4.795694466186542146e-03 
6.748999999999999773e+02 5.366768049995119215e-03 
6.749999999999998863e+02 5.547012315194954808e-03 
6.751000000000000227e+02 5.271749050707191103e-03 
6.751999999999999318e+02 5.553640397394948858e-03 
6.753000000000000682e+02 5.315128364807250941e-03 
6.753999999999999773e+02 5.856800963094673136e-03 
6.754999999999998863e+02 5.705591654994811301e-03 
6.756000000000000227e+02 5.861846219707997005e-03 
6.756999999999999318e+02 5.249589492295225236e-03 
6.758000000000000682e+02 5.876190576708017164e-03 
6.758999999999999773e+02 5.599938046194906892e-03 
6.759999999999998863e+02 4.914445956815530377e-03 
6.761000000000000227e+02 5.142699301007015028e-03 
6.761999999999999318e+02 5.504374950594994459e-03 
6.763000000000000682e+02 5.403766598407372217e-03 
6.763999999999999773e+02 5.566797635194936644e-03 
6.764999999999998863e+02 5.866594696494664175e-03 
6.766000000000000227e+02 5.438390908407420010e-03 
6.766999999999999318e+02 5.283471852795194358e-03 
6.768000000000000682e+02 4.887468673006667604e-03 
6.768999999999999773e+02 5.538653017494962229e-03 
6.769999999999998863e+02 5.073796924095385491e-03 
6.771000000000000227e+02 5.580993602307612877e-03 
6.771999999999999318e+02 5.940492866694596641e-03 
6.773000000000000682e+02 5.231733241007137554e-03 
6.773999999999999773e+02 4.765511960515664454e-03 
6.774999999999998863e+02 5.282828829895194929e-03 
6.776000000000000227e+02 5.484094997607481120e-03 
6.776999999999999318e+02 5.306027117595173669e-03 
6.778000000000000682e+02 5.308154039507241920e-03 
6.778999999999999773e+02 6.229754245094334258e-03 
6.779999999999998863e+02 5.313496075895166905e-03 
6.781000000000000227e+02 5.416676519707389580e-03 
6.781999999999999318e+02 5.658898299794852885e-03 
6.783000000000000682e+02 5.222434140607124659e-03 
6.783999999999999773e+02 5.304691608495175521e-03 
6.784999999999998863e+02 5.351137647195133157e-03 
6.786000000000000227e+02 5.269968371907188948e-03 
6.786999999999999318e+02 5.323289809295158811e-03 
6.788000000000000682e+02 5.839241491607966364e-03 
6.788999999999999773e+02 5.292721489895185413e-03 
6.789999999999998863e+02 5.779934994894743439e-03 
6.791000000000000227e+02 5.105849142506964540e-03 
6.791999999999999318e+02 5.420732510295070243e-03 
6.793000000000000682e+02 5.528265724507541723e-03 
6.793999999999999773e+02 5.422908895495068445e-03 
6.794999999999998863e+02 5.029675660495425658e-03 
6.796000000000000227e+02 5.102584564706961166e-03 
6.796999999999999318e+02 5.179054826495289518e-03 
6.798000000000000682e+02 5.407278492707376372e-03 
6.798999999999999773e+02 5.544687540094956138e-03 
6.799999999999998863e+02 5.378738168595107588e-03 
6.801000000000000227e+02 5.336397583807279098e-03 
6.801999999999999318e+02 5.454565407495039209e-03 
6.803000000000000682e+02 4.981003773306794807e-03 
6.803999999999999773e+02 5.647175497694862691e-03 
6.804999999999998863e+02 5.599987509494906181e-03 
6.806000000000000227e+02 5.157884534107036109e-03 
6.806999999999999318e+02 5.510162156694988454e-03 
6.808000000000000682e+02 5.380518847407341279e-03 
6.808999999999999773e+02 5.046592109095410575e-03 
6.809999999999998863e+02 5.231535387795241930e-03 
6.811000000000000227e+02 5.644158236407699654e-03 
6.811999999999999318e+02 5.475290530195019677e-03 
6.813000000000000682e+02 5.692434417207765419e-03 
6.813999999999999773e+02 5.366273416995118520e-03 
6.814999999999998863e+02 5.263142436495213405e-03 
6.816000000000000227e+02 5.618783563507664600e-03 
6.816999999999999318e+02 5.483748754495011701e-03 
6.818000000000000682e+02 5.179598922807066540e-03 
6.818999999999999773e+02 5.396446029995092403e-03 
6.819999999999998863e+02 5.723052199894795335e-03 
6.821000000000000227e+02 5.528513041007541637e-03 
6.821999999999999318e+02 5.414351744595075240e-03 
6.823000000000000682e+02 5.412175359407383167e-03 
6.823999999999999773e+02 5.410196827395079462e-03 
6.824999999999998863e+02 5.113713807195349390e-03 
6.826000000000000227e+02 5.131916301607000047e-03 
6.826999999999999318e+02 5.818269052394707541e-03 
6.828000000000000682e+02 4.727830818586450934e-03 
6.828999999999999773e+02 5.222384677295250320e-03 
6.829999999999998863e+02 5.450262100395042962e-03 
6.831000000000000227e+02 5.788788925607896325e-03 
6.831999999999999318e+02 5.017359298795436191e-03 
6.833000000000000682e+02 5.397484759307363648e-03 
6.833999999999999773e+02 5.927236702294609409e-03 
6.834999999999998863e+02 5.316463873895164137e-03 
6.836000000000000227e+02 5.720133865207803481e-03 
6.836999999999999318e+02 5.293760219195185225e-03 
6.838000000000000682e+02 5.506650262407512472e-03 
6.838999999999999773e+02 5.534300247094965826e-03 
6.839999999999998863e+02 5.824897134594702458e-03 
6.841000000000000227e+02 4.974227301206786411e-03 
6.841999999999999318e+02 5.264576872195211865e-03 
6.843000000000000682e+02 5.189442119507078552e-03 
6.843999999999999773e+02 5.236234401295237692e-03 
6.844999999999998863e+02 5.483204658195012585e-03 
6.846000000000000227e+02 5.475587310007469857e-03 
6.846999999999999318e+02 5.376611246695110410e-03 
6.848000000000000682e+02 6.044217406808246977e-03 
6.848999999999999773e+02 5.412373212595076796e-03 
6.849999999999998863e+02 5.433889748095057162e-03 
6.851000000000000227e+02 5.669631835907734153e-03 
6.851999999999999318e+02 5.948555384594589150e-03 
6.853000000000000682e+02 5.358853922007311005e-03 
6.853999999999999773e+02 5.087300404995372637e-03 
6.854999999999998863e+02 5.707322870494808964e-03 
6.856000000000000227e+02 5.170992308607054097e-03 
6.856999999999999318e+02 5.048471714495407839e-03 
6.858000000000000682e+02 5.665031749007728296e-03 
6.858999999999999773e+02 5.862291389394667929e-03 
6.859999999999998863e+02 4.815588605435620027e-03 
6.861000000000000227e+02 5.377353196207335616e-03 
6.861999999999999318e+02 5.343223519195140249e-03 
6.863000000000000682e+02 5.777412366607882072e-03 
6.863999999999999773e+02 5.256168111195219997e-03 
6.864999999999998863e+02 5.163919056695303288e-03 
6.866000000000000227e+02 5.208534953307105038e-03 
6.866999999999999318e+02 5.937277752194600362e-03 
6.868000000000000682e+02 5.486716552507485065e-03 
6.868999999999999773e+02 5.602806917594904679e-03 
6.869999999999998863e+02 4.932386295725513931e-03 
6.871000000000000227e+02 4.653190698886347856e-03 
6.871999999999999318e+02 5.369735847995115580e-03 
6.873000000000000682e+02 4.953403251906757926e-03 
6.873999999999999773e+02 4.738979846395690448e-03 
6.874999999999998863e+02 5.669978078994841915e-03 
6.876000000000000227e+02 4.856034745856625118e-03 
6.876999999999999318e+02 5.109954596395352260e-03 
6.878000000000000682e+02 5.586137785507621321e-03 
6.878999999999999773e+02 5.379875824495107713e-03 
6.879999999999998863e+02 5.606318811894901027e-03 
6.881000000000000227e+02 5.049114737406887668e-03 
6.881999999999999318e+02 4.911374285885532730e-03 
6.883000000000000682e+02 4.789412627086533578e-03 
6.883999999999999773e+02 5.552304888294949843e-03 
6.884999999999998863e+02 5.707174480594808495e-03 
6.886000000000000227e+02 4.995001887206814740e-03 
6.886999999999999318e+02 5.672105000894841695e-03 
6.888000000000000682e+02 5.207248907507103577e-03 
6.888999999999999773e+02 5.354402224995129592e-03 
6.889999999999998863e+02 5.072115171895386250e-03 
6.891000000000000227e+02 4.943169295136744766e-03 
6.891999999999999318e+02 5.209276902795261822e-03 
6.893000000000000682e+02 5.354797931407305998e-03 
6.893999999999999773e+02 5.249045395995226120e-03 
6.894999999999998863e+02 5.499972716894997900e-03 
6.896000000000000227e+02 5.706086288007785126e-03 
6.896999999999999318e+02 4.895674634465547841e-03 
6.898000000000000682e+02 5.483748754507480894e-03 
6.898999999999999773e+02 5.549980113194952908e-03 
6.899999999999998863e+02 5.505858849594991340e-03 
6.901000000000000227e+02 5.604340279907644995e-03 
6.901999999999999318e+02 5.118561210595343886e-03 
6.903000000000000682e+02 4.682913195856388752e-03 
6.903999999999999773e+02 5.234058016095239491e-03 
6.904999999999998863e+02 5.231782704295240977e-03 
6.906000000000000227e+02 5.531777618807545878e-03 
6.906999999999999318e+02 5.250529294995223868e-03 
6.908000000000000682e+02 5.467228012307458196e-03 
6.908999999999999773e+02 5.290841884495188149e-03 
6.909999999999998863e+02 5.201709017895268274e-03 
6.911000000000000227e+02 5.230397731907135070e-03 
6.911999999999999318e+02 5.719441378994798673e-03 
6.913000000000000682e+02 5.610869435507654344e-03 
6.913999999999999773e+02 5.407872052295080792e-03 
6.914999999999998863e+02 5.141611108395323891e-03 
6.916000000000000227e+02 5.729977061907816360e-03 
6.916999999999999318e+02 5.717413383694799206e-03 
6.918000000000000682e+02 4.865244812316637038e-03 
6.918999999999999773e+02 5.052775021595404085e-03 
6.919999999999998863e+02 5.206556421295264504e-03 
6.921000000000000227e+02 5.367411072907321556e-03 
6.921999999999999318e+02 5.311270227395169415e-03 
6.923000000000000682e+02 5.042437191906877850e-03 
6.923999999999999773e+02 4.994952423895457350e-03 
6.924999999999998863e+02 5.867336645994663050e-03 
6.926000000000000227e+02 5.239894685507148590e-03 
6.926999999999999318e+02 4.968242241895481394e-03 
6.928000000000000682e+02 5.475834626507470639e-03 
6.928999999999999773e+02 5.349802138095134142e-03 
6.929999999999998863e+02 5.378194072295108472e-03 
6.931000000000000227e+02 4.993567451506811944e-03 
6.931999999999999318e+02 5.011769945895441954e-03 
6.933000000000000682e+02 5.346191317207292688e-03 
6.933999999999999773e+02 5.406981712895082316e-03 
6.934999999999998863e+02 5.403717135095085014e-03 
6.936000000000000227e+02 5.295194654907223533e-03 
6.936999999999999318e+02 5.430921950095059930e-03 
6.938000000000000682e+02 5.596228298707634115e-03 
6.938999999999999773e+02 5.243456043095231014e-03 
6.939999999999998863e+02 5.228221346695244472e-03 
6.941000000000000227e+02 5.411532336507382003e-03 
6.941999999999999318e+02 5.649945442494861032e-03 
6.943000000000000682e+02 5.619030880007665381e-03 
6.943999999999999773e+02 4.980805920095469908e-03 
6.944999999999998863e+02 5.346092390595138036e-03 
6.946000000000000227e+02 5.604142426707645237e-03 
6.946999999999999318e+02 5.712565980294803843e-03 
6.948000000000000682e+02 5.502000712207505591e-03 
6.948999999999999773e+02 5.827073519794699792e-03 
6.949999999999998863e+02 5.548199434394954221e-03 
6.951000000000000227e+02 5.338326652507283457e-03 
6.951999999999999318e+02 5.233068750095240702e-03 
6.953000000000000682e+02 5.018645344606846061e-03 
6.953999999999999773e+02 5.691296761294822523e-03 
6.954999999999998863e+02 4.765358624285666485e-03 
6.956000000000000227e+02 5.181775308007069078e-03 
6.956999999999999318e+02 5.569221336894935627e-03 
6.958000000000000682e+02 5.421573386407396375e-03 
6.958999999999999773e+02 5.690356958594824759e-03 
6.959999999999998863e+02 5.295590361295183200e-03 
6.961000000000000227e+02 5.239301125907147583e-03 
6.961999999999999318e+02 4.931802628785513995e-03 
6.963000000000000682e+02 5.028340151406859339e-03 
6.963999999999999773e+02 5.080573396195379142e-03 
6.964999999999998863e+02 5.955529709894582559e-03 
6.966000000000000227e+02 5.738830992607828717e-03 
6.966999999999999318e+02 4.751078569575678881e-03 
6.968000000000000682e+02 5.556459805507580479e-03 
6.968999999999999773e+02 5.146211195295319341e-03 
6.969999999999998863e+02 5.271452270895205829e-03 
6.971000000000000227e+02 5.350643014207298945e-03 
6.971999999999999318e+02 5.861945146294667702e-03 
6.973000000000000682e+02 5.480039007007476114e-03 
6.973999999999999773e+02 5.446948059295046371e-03 
6.974999999999998863e+02 5.178115023795290019e-03 
6.976000000000000227e+02 5.505710459707510371e-03 
6.976999999999999318e+02 5.344756881495139021e-03 
6.978000000000000682e+02 5.129393673306997282e-03 
6.978999999999999773e+02 5.597860587594909003e-03 
6.979999999999998863e+02 4.628295819985790358e-03 
6.981000000000000227e+02 5.881136906708022381e-03 
6.981999999999999318e+02 5.599740192994906267e-03 
6.983000000000000682e+02 5.758171142907855117e-03 
6.983999999999999773e+02 5.454664334095039521e-03 
6.984999999999998863e+02 4.967203512595481582e-03 
6.986000000000000227e+02 5.167529877607049231e-03 
6.986999999999999318e+02 5.111339568795351430e-03 
6.988000000000000682e+02 5.662608047307724976e-03 
6.988999999999999773e+02 4.930917235715514754e-03 
6.989999999999998863e+02 5.639953855894870235e-03 
6.991000000000000227e+02 4.845439706996609690e-03 
6.991999999999999318e+02 5.553195227694949186e-03 
6.993000000000000682e+02 5.250232515207162165e-03 
6.993999999999999773e+02 5.745904244494773848e-03 
6.994999999999998863e+02 5.156796341495310278e-03 
6.996000000000000227e+02 5.235937621507143029e-03 
6.996999999999999318e+02 4.727964369485700147e-03 
6.998000000000000682e+02 5.021464752706849763e-03 
6.998999999999999773e+02 4.898301135695544081e-03 
6.999999999999998863e+02 5.846215816894683066e-03 
7.001000000000000227e+02 5.635551622207688079e-03 
7.001999999999999318e+02 5.310528277895169673e-03 
7.003000000000000682e+02 5.401046116907368827e-03 
7.003999999999999773e+02 5.419990560795069634e-03 
7.004999999999998863e+02 5.359645334795125338e-03 
7.006000000000000227e+02 5.420386267207394360e-03 
7.006999999999999318e+02 4.999305194295452885e-03 
7.008000000000000682e+02 5.610869435507654344e-03 
7.008999999999999773e+02 5.568281534194934393e-03 
7.009999999999998863e+02 5.322448933195158757e-03 
7.011000000000000227e+02 5.471086149707463445e-03 
7.011999999999999318e+02 5.182566720795284999e-03 
7.013000000000000682e+02 5.278327669607200609e-03 
7.013999999999999773e+02 4.968687411595481065e-03 
7.014999999999998863e+02 5.307659406495172753e-03 
7.016000000000000227e+02 4.946973022906748021e-03 
7.016999999999999318e+02 5.184347399595285420e-03 
7.018000000000000682e+02 5.030467073306862588e-03 
7.018999999999999773e+02 5.605576862394902153e-03 
7.019999999999998863e+02 5.406833322995082715e-03 
7.021000000000000227e+02 5.327246873307268406e-03 
7.021999999999999318e+02 5.190134605695279416e-03 
7.023000000000000682e+02 5.707866966807787282e-03 
7.023999999999999773e+02 5.327444726495153722e-03 
7.024999999999998863e+02 5.450558880195043032e-03 
7.026000000000000227e+02 4.994606180806813490e-03 
7.026999999999999318e+02 5.621058875294887743e-03 
7.028000000000000682e+02 5.421326069907395594e-03 
7.028999999999999773e+02 5.555816782594947059e-03 
7.029999999999998863e+02 5.503088904794994733e-03 
7.031000000000000227e+02 5.391648089907354752e-03 
7.031999999999999318e+02 4.936056472585510085e-03 
7.033000000000000682e+02 5.365086297807318549e-03 
7.033999999999999773e+02 5.042288801995413461e-03 
7.034999999999998863e+02 5.467524792095028105e-03 
7.036000000000000227e+02 5.562692181307588891e-03 
7.036999999999999318e+02 5.195674495295274364e-03 
7.038000000000000682e+02 5.485133726907483534e-03 
7.038999999999999773e+02 5.529848550094969978e-03 
7.039999999999998863e+02 5.054605163695402928e-03 
7.041000000000000227e+02 5.695253825307769122e-03 
7.041999999999999318e+02 5.095165069695365388e-03 
7.043000000000000682e+02 5.251518561007163625e-03 
7.043999999999999773e+02 5.835383354194693083e-03 
7.044999999999998863e+02 4.980459676995469681e-03 
7.046000000000000227e+02 4.986197419806803408e-03 
7.046999999999999318e+02 5.512239615294985476e-03 
7.048000000000000682e+02 5.654990699107713924e-03 
7.048999999999999773e+02 4.954392517895494022e-03 
7.049999999999998863e+02 4.951226866695496165e-03 
7.051000000000000227e+02 5.371813306607327657e-03 
7.051999999999999318e+02 5.456049306495036957e-03 
7.053000000000000682e+02 5.294996801707223776e-03 
7.053999999999999773e+02 4.606561645965809824e-03 
7.054999999999998863e+02 4.966758342895482778e-03 
7.056000000000000227e+02 5.296975333707225689e-03 
7.056999999999999318e+02 5.922092519094613108e-03 
7.058000000000000682e+02 5.264774725407182082e-03 
7.058999999999999773e+02 5.370279944295116431e-03 
7.059999999999998863e+02 4.965027127395483381e-03 
7.061000000000000227e+02 5.264329555707182411e-03 
7.061999999999999318e+02 5.536674485494963785e-03 
7.063000000000000682e+02 5.263191899807179684e-03 
7.063999999999999773e+02 5.208782269795262862e-03 
7.064999999999998863e+02 5.321706983695159883e-03 
7.066000000000000227e+02 5.231485924507135905e-03 
7.066999999999999318e+02 5.315425144595165192e-03 
7.068000000000000682e+02 5.102188858306960784e-03 
7.068999999999999773e+02 5.570161139594933392e-03 
7.069999999999998863e+02 5.107629821295354457e-03 
7.071000000000000227e+02 5.469256007607461133e-03 
7.071999999999999318e+02 5.303850732395175467e-03 
7.073000000000000682e+02 5.465002163807455501e-03 
7.073999999999999773e+02 5.271847977295206211e-03 
7.074999999999998863e+02 5.049015810795407823e-03 
7.076000000000000227e+02 4.988077025206805008e-03 
7.076999999999999318e+02 4.914851555875530964e-03 
7.078000000000000682e+02 4.690471188096398576e-03 
7.078999999999999773e+02 5.094967216495365631e-03 
7.079999999999998863e+02 5.325812437595155505e-03 
7.081000000000000227e+02 4.439697203426056643e-03 
7.081999999999999318e+02 5.345251514495137982e-03 
7.083000000000000682e+02 5.442595288907424618e-03 
7.083999999999999773e+02 5.154174786595312405e-03 
7.084999999999998863e+02 5.578124730894926456e-03 
7.086000000000000227e+02 5.283076146407207803e-03 
7.086999999999999318e+02 5.041843632295414657e-03 
7.088000000000000682e+02 5.195031472407086667e-03 
7.088999999999999773e+02 4.903836078965539795e-03 
7.089999999999998863e+02 5.277833036595199964e-03 
7.091000000000000227e+02 5.155164052607032719e-03 
7.091999999999999318e+02 5.542709008094957694e-03 
7.093000000000000682e+02 5.405942983607375622e-03 
7.093999999999999773e+02 5.343025665995141359e-03 
7.094999999999998863e+02 5.469800103895025752e-03 
7.096000000000000227e+02 5.105403972806964868e-03 
7.096999999999999318e+02 5.588116317494918120e-03 
7.098000000000000682e+02 5.203489696707098641e-03 
7.098999999999999773e+02 5.322201616695159711e-03 
7.099999999999998863e+02 5.319283281995161768e-03 
7.101000000000000227e+02 4.718467415896436708e-03 
7.101999999999999318e+02 5.247858276795227574e-03 
7.103000000000000682e+02 5.263834922707180848e-03 
7.103999999999999773e+02 4.969825067495479455e-03 
7.104999999999998863e+02 5.089823033295371064e-03 
7.106000000000000227e+02 5.435571500307415441e-03 
7.106999999999999318e+02 5.354797931395129974e-03 
7.108000000000000682e+02 5.473015218407466936e-03 
7.108999999999999773e+02 5.359299091695125979e-03 
7.109999999999998863e+02 5.107382504795355410e-03 
7.111000000000000227e+02 4.536808500316188465e-03 
7.111999999999999318e+02 4.545899854845865048e-03 
7.113000000000000682e+02 4.958349581906764010e-03 
7.113999999999999773e+02 5.152641424295313632e-03 
7.114999999999998863e+02 4.968885264795480823e-03 
7.116000000000000227e+02 5.183506523507071945e-03 
7.116999999999999318e+02 5.236135474695237380e-03 
7.118000000000000682e+02 5.267000573907184777e-03 
7.118999999999999773e+02 5.269721055395207299e-03 
7.119999999999998863e+02 4.971605746295478141e-03 
7.121000000000000227e+02 5.350296771107298718e-03 
7.121999999999999318e+02 5.147744557595318113e-03 
7.123000000000000682e+02 5.469157081007461688e-03 
7.123999999999999773e+02 5.543401494294959014e-03 
7.124999999999998863e+02 4.626376643945792275e-03 
7.126000000000000227e+02 5.211898457707109591e-03 
7.126999999999999318e+02 5.148634896995316589e-03 
7.128000000000000682e+02 4.984812447406800767e-03 
7.128999999999999773e+02 5.004004207795448647e-03 
7.129999999999998863e+02 5.262548876895214132e-03 
7.131000000000000227e+02 4.687701243296395030e-03 
7.131999999999999318e+02 4.752636663525677298e-03 
7.133000000000000682e+02 4.979915580706793105e-03 
7.133999999999999773e+02 5.889347814494643243e-03 
7.134999999999998863e+02 4.842466962655595127e-03 
7.136000000000000227e+02 5.563829837207590751e-03 
7.136999999999999318e+02 5.130036696195334166e-03 
7.138000000000000682e+02 5.600185362707640543e-03 
7.138999999999999773e+02 5.171981574595295797e-03 
7.139999999999998863e+02 4.847076942215591648e-03 
7.141000000000000227e+02 5.297420503407227095e-03 
7.141999999999999318e+02 4.726821767255700787e-03 
7.143000000000000682e+02 5.179747312707067008e-03 
7.143999999999999773e+02 5.452042779195041648e-03 
7.144999999999998863e+02 4.803707520775630894e-03 
7.146000000000000227e+02 5.138593847107008998e-03 
7.146999999999999318e+02 5.509271817294989979e-03 
7.148000000000000682e+02 4.873703036616649012e-03 
7.148999999999999773e+02 5.086113285795373223e-03 
7.149999999999998863e+02 4.778248760265654815e-03 
7.151000000000000227e+02 4.800660581506549507e-03 
7.151999999999999318e+02 4.848615250845589655e-03 
7.153000000000000682e+02 4.639608076706329583e-03 
7.153999999999999773e+02 5.601966041494904625e-03 
7.154999999999998863e+02 5.315573534495164794e-03 
7.156000000000000227e+02 5.024679867206854715e-03 
7.156999999999999318e+02 4.860080843785578864e-03 
7.158000000000000682e+02 5.083887437306935063e-03 
7.158999999999999773e+02 4.466847608785937812e-03 
7.159999999999998863e+02 5.428399321795063237e-03 
7.161000000000000227e+02 5.681849271007751064e-03 
7.161999999999999318e+02 4.754031528585675806e-03 
7.163000000000000682e+02 4.912798828936702604e-03 
7.163999999999999773e+02 5.199631559295271252e-03 
7.164999999999998863e+02 4.951177403395496876e-03 
7.166000000000000227e+02 5.534498100307551002e-03 
7.166999999999999318e+02 5.050944879495406110e-03 
7.168000000000000682e+02 4.934745695146732641e-03 
7.168999999999999773e+02 5.226292277995246184e-03 
7.169999999999998863e+02 5.002817088595450101e-03 
7.171000000000000227e+02 4.838371401426600459e-03 
7.171999999999999318e+02 4.739776205525688714e-03 
7.173000000000000682e+02 5.210513485307108686e-03 
7.173999999999999773e+02 4.792073752615641676e-03 
7.174999999999998863e+02 5.003262258295449773e-03 
7.176000000000000227e+02 5.236630107707144349e-03 
7.176999999999999318e+02 5.354303298395131014e-03 
7.178000000000000682e+02 4.921128448656712784e-03 
7.178999999999999773e+02 5.632732214094876913e-03 
7.179999999999998863e+02 5.004350450895448874e-03 
7.181000000000000227e+02 5.386454443407347886e-03 
7.181999999999999318e+02 5.043822164295412233e-03 
7.183000000000000682e+02 5.227479397207131055e-03 
7.183999999999999773e+02 5.226044961495247138e-03 
7.184999999999998863e+02 5.540631549494959805e-03 
7.186000000000000227e+02 5.377847829207336311e-03 
7.186999999999999318e+02 4.789664889905643867e-03 
7.188000000000000682e+02 5.777906999607881899e-03 
7.188999999999999773e+02 4.872768180235568201e-03 
7.189999999999998863e+02 5.361524940195123469e-03 
7.191000000000000227e+02 5.221197558107122487e-03 
7.191999999999999318e+02 5.541818668694960086e-03 
7.193000000000000682e+02 5.220603998507122347e-03 
7.193999999999999773e+02 5.647323887594864027e-03 
7.194999999999998863e+02 5.077506671595382465e-03 
7.196000000000000227e+02 5.048422251206887215e-03 
7.196999999999999318e+02 5.624224526494883865e-03 
7.198000000000000682e+02 5.049263127306888137e-03 
7.198999999999999773e+02 5.094274730295366045e-03 
7.199999999999998863e+02 4.948110678795498464e-03 
7.201000000000000227e+02 5.074934580006923261e-03 
7.201999999999999318e+02 4.977689732195473074e-03 
7.203000000000000682e+02 4.832955170076593324e-03 
7.203999999999999773e+02 4.899839444325542956e-03 
7.204999999999998863e+02 5.220653461795252658e-03 
7.206000000000000227e+02 5.313990708907249949e-03 
7.206999999999999318e+02 4.942793374045503785e-03 
7.208000000000000682e+02 5.053615897706894081e-03 
7.208999999999999773e+02 4.871496973425568783e-03 
7.209999999999998863e+02 5.042090948795413703e-03 
7.211000000000000227e+02 5.132064691507000516e-03 
7.211999999999999318e+02 5.067910791395390316e-03 
7.213000000000000682e+02 5.345746147507293017e-03 
7.213999999999999773e+02 5.295194654895183685e-03 
7.214999999999998863e+02 5.037391935295418809e-03 
7.216000000000000227e+02 5.329670575007271725e-03 
7.216999999999999318e+02 5.100210326295361377e-03 
7.218000000000000682e+02 4.538950261206192022e-03 
7.218999999999999773e+02 5.039865100295416213e-03 
7.219999999999998863e+02 5.268632862795207331e-03 
7.221000000000000227e+02 5.067119378606912451e-03 
7.221999999999999318e+02 4.568885450355844591e-03 
7.223000000000000682e+02 5.235888158207142873e-03 
7.223999999999999773e+02 5.472322732195022445e-03 
7.224999999999998863e+02 5.168519143595298737e-03 
7.226000000000000227e+02 4.662173234166360272e-03 
7.226999999999999318e+02 4.614851695045802706e-03 
7.228000000000000682e+02 5.274370605607195048e-03 
7.228999999999999773e+02 5.559724383294942923e-03 
7.229999999999998863e+02 5.152493034395314031e-03 
7.231000000000000227e+02 4.899270616386683722e-03 
7.231999999999999318e+02 5.133746443695330272e-03 
7.233000000000000682e+02 5.145370319207019996e-03 
7.233999999999999773e+02 5.240142001995233556e-03 
7.234999999999998863e+02 5.346092390595138036e-03 
7.236000000000000227e+02 4.997524515506817505e-03 
7.236999999999999318e+02 4.880247031195561642e-03 
7.238000000000000682e+02 4.683432560506389092e-03 
7.238999999999999773e+02 5.260323028395215775e-03 
7.239999999999998863e+02 4.861248177665577867e-03 
7.241000000000000227e+02 5.526287192507538942e-03 
7.241999999999999318e+02 5.486419772695010598e-03 
7.243000000000000682e+02 4.930996377006726175e-03 
7.243999999999999773e+02 5.174405276295293912e-03 
7.244999999999998863e+02 5.737940653194780784e-03 
7.246000000000000227e+02 5.517828968207526968e-03 
7.246999999999999318e+02 5.400798800395087938e-03 
7.248000000000000682e+02 4.991044823206809179e-03 
7.248999999999999773e+02 5.791212627294732226e-03 
7.249999999999998863e+02 5.115494485995347208e-03 
7.251000000000000227e+02 5.103029734406961705e-03 
7.251999999999999318e+02 4.906487311845536547e-03 
7.253000000000000682e+02 5.136269072007007726e-03 
7.253999999999999773e+02 5.300734544495178634e-03 
7.254999999999998863e+02 5.728344772994789502e-03 
7.256000000000000227e+02 4.823982527456581113e-03 
7.256999999999999318e+02 5.622196531194886999e-03 
7.258000000000000682e+02 5.466634452707457188e-03 
7.258999999999999773e+02 5.253596019595222280e-03 
7.259999999999998863e+02 5.066031185995392185e-03 
7.261000000000000227e+02 4.811809609326563389e-03 
7.261999999999999318e+02 5.378787631895107745e-03 
7.263000000000000682e+02 5.170299822407053644e-03 
7.263999999999999773e+02 4.994902960595457193e-03 
7.264999999999998863e+02 5.074835653395384436e-03 
7.266000000000000227e+02 4.512977082376156725e-03 
7.266999999999999318e+02 5.203143453595266733e-03 
7.268000000000000682e+02 4.990550190206808484e-03 
7.268999999999999773e+02 4.981350016395469024e-03 
7.269999999999998863e+02 5.634166649794875373e-03 
7.271000000000000227e+02 4.764413875266499364e-03 
7.271999999999999318e+02 5.377996219095108714e-03 
7.273000000000000682e+02 4.745588143286474068e-03 
7.273999999999999773e+02 5.305928190995173356e-03 
7.274999999999998863e+02 5.131223815395333579e-03 
7.276000000000000227e+02 5.825094987807946829e-03 
7.276999999999999318e+02 5.570655772594934087e-03 
7.278000000000000682e+02 5.390708287207353518e-03 
7.278999999999999773e+02 4.854649773445584432e-03 
7.279999999999998863e+02 5.199334779495271182e-03 
7.281000000000000227e+02 5.267890913307186722e-03 
7.281999999999999318e+02 4.981696259495469251e-03 
7.283000000000000682e+02 5.208188710207104812e-03 
7.283999999999999773e+02 4.940325155375506483e-03 
7.284999999999998863e+02 5.319926304895161197e-03 
7.286000000000000227e+02 5.059155787306902040e-03 
7.286999999999999318e+02 4.997475052195454043e-03 
7.288000000000000682e+02 4.539355860266192609e-03 
7.288999999999999773e+02 5.030664926495424447e-03 
7.289999999999998863e+02 5.538603554194962940e-03 
7.291000000000000227e+02 5.156994194707035031e-03 
7.291999999999999318e+02 4.961713086295487657e-03 
7.293000000000000682e+02 4.814673534396568012e-03 
7.293999999999999773e+02 4.920223270255525035e-03 
7.294999999999998863e+02 5.150069332695315916e-03 
7.296000000000000227e+02 4.954343054606758293e-03 
7.296999999999999318e+02 5.061134319295397532e-03 
7.298000000000000682e+02 4.748175073876477296e-03 
7.298999999999999773e+02 4.733009626085695268e-03 
7.299999999999998863e+02 4.951474183195496946e-03 
7.301000000000000227e+02 4.564582143266227195e-03 
7.301999999999999318e+02 5.193745426595276077e-03 
7.303000000000000682e+02 5.236630107707144349e-03 
7.303999999999999773e+02 5.037985494895418082e-03 
7.304999999999998863e+02 5.142303594595323477e-03 
7.306000000000000227e+02 5.604587596407645776e-03 
7.306999999999999318e+02 5.324872634895156873e-03 
7.308000000000000682e+02 4.965719613606774281e-03 
7.308999999999999773e+02 5.388779218495098541e-03 
7.309999999999998863e+02 4.711488144255714799e-03 
7.311000000000000227e+02 4.884312914466663012e-03 
7.311999999999999318e+02 4.874385630145566112e-03 
7.313000000000000682e+02 5.370527260807327063e-03 
7.313999999999999773e+02 5.122122568195340390e-03 
7.314999999999998863e+02 5.635996791894874215e-03 
7.316000000000000227e+02 5.524259197207536873e-03 
7.316999999999999318e+02 5.048323324595408237e-03 
7.318000000000000682e+02 5.501555542507505052e-03 
7.318999999999999773e+02 5.197751953895272253e-03 
7.319999999999998863e+02 5.368054095795118073e-03 
7.321000000000000227e+02 5.389620094607352682e-03 
7.321999999999999318e+02 5.266901647295209668e-03 
7.323000000000000682e+02 5.123458077306988941e-03 
7.323999999999999773e+02 5.292721489895185413e-03 
7.324999999999998863e+02 4.936556051915510016e-03 
7.326000000000000227e+02 4.573134347836239379e-03 
7.326999999999999318e+02 4.601946720075814068e-03 
7.328000000000000682e+02 4.752775160776484022e-03 
7.328999999999999773e+02 5.357765729395126339e-03 
7.329999999999998863e+02 4.954738760995494248e-03 
7.331000000000000227e+02 4.643594818686334891e-03 
7.331999999999999318e+02 4.777699717635653862e-03 
7.333000000000000682e+02 4.998217001706818825e-03 
7.333999999999999773e+02 5.116780531795345199e-03 
7.334999999999998863e+02 4.794368849735639732e-03 
7.336000000000000227e+02 5.013600088006838797e-03 
7.336999999999999318e+02 5.226490131195245942e-03 
7.338000000000000682e+02 4.503054744396143075e-03 
7.338999999999999773e+02 4.876285020865564653e-03 
7.339999999999998863e+02 4.778431774475654266e-03 
7.341000000000000227e+02 5.017853931806844428e-03 
7.341999999999999318e+02 4.989264144395461932e-03 
7.343000000000000682e+02 4.650079457316343319e-03 
7.343999999999999773e+02 5.009296780895443682e-03 
7.344999999999998863e+02 5.284757898595192349e-03 
7.346000000000000227e+02 4.749287998126478644e-03 
7.346999999999999318e+02 4.946379463295500802e-03 
7.348000000000000682e+02 4.925253687876719223e-03 
7.348999999999999773e+02 5.473757167895020904e-03 
7.349999999999998863e+02 4.793676363535639279e-03 
7.351000000000000227e+02 5.044316797306881185e-03 
7.351999999999999318e+02 4.914896072845530151e-03 
7.353000000000000682e+02 4.827261944246585661e-03 
7.353999999999999773e+02 4.833227218215604276e-03 
7.354999999999998863e+02 5.003460111495450398e-03 
7.356000000000000227e+02 4.729146542366451274e-03 
7.356999999999999318e+02 4.575676761445838549e-03 
7.358000000000000682e+02 4.661268055776358887e-03 
7.358999999999999773e+02 4.852562422185586338e-03 
7.359999999999998863e+02 5.129195820095334979e-03 
7.361000000000000227e+02 5.128602260506996517e-03 
7.361999999999999318e+02 5.080078763195378447e-03 
7.363000000000000682e+02 4.467045461996093508e-03 
7.363999999999999773e+02 4.994457790895457522e-03 
7.364999999999998863e+02 4.831481163725606306e-03 
7.366000000000000227e+02 4.948605311806750576e-03 
7.366999999999999318e+02 4.371606024636024226e-03 
7.368000000000000682e+02 4.942328419036742110e-03 
7.368999999999999773e+02 5.403024648895086296e-03 
7.369999999999998863e+02 5.250380905095224267e-03 
7.371000000000000227e+02 4.825065773726582713e-03 
7.371999999999999318e+02 4.996634176095455723e-03 
7.373000000000000682e+02 5.242268923907150886e-03 
7.373999999999999773e+02 4.679772276295743674e-03 
7.374999999999998863e+02 4.974573544295475373e-03 
7.376000000000000227e+02 5.098775890606956074e-03 
7.376999999999999318e+02 5.656276744894855012e-03 
7.378000000000000682e+02 5.435027404007413722e-03 
7.378999999999999773e+02 5.111586885295350477e-03 
7.379999999999998863e+02 4.954491444495493467e-03 
7.381000000000000227e+02 5.318689722407255252e-03 
7.381999999999999318e+02 4.856989387535582542e-03 
7.383000000000000682e+02 5.192261527607083989e-03 
7.383999999999999773e+02 5.258641276195217401e-03 
7.384999999999998863e+02 5.056089062695401544e-03 
7.386000000000000227e+02 4.760743698406494535e-03 
7.386999999999999318e+02 4.820643754695616220e-03 
7.388000000000000682e+02 5.566550318707593273e-03 
7.388999999999999773e+02 5.235987084795238646e-03 
7.389999999999998863e+02 4.649080298645771187e-03 
7.391000000000000227e+02 5.384129668307345747e-03 
7.391999999999999318e+02 4.824675013645612041e-03 
7.393000000000000682e+02 5.106838408506966798e-03 
7.393999999999999773e+02 4.985307080395465912e-03 
7.394999999999998863e+02 5.510607326394987258e-03 
7.396000000000000227e+02 5.131471131907000376e-03 
7.396999999999999318e+02 4.569078357225844246e-03 
7.398000000000000682e+02 5.036254279406870461e-03 
7.398999999999999773e+02 4.961168989995487673e-03 
7.399999999999998863e+02 5.094373656895366358e-03 
7.401000000000000227e+02 4.931515741656728249e-03 
7.401999999999999318e+02 4.661500533275760201e-03 
7.403000000000000682e+02 5.137654044407007764e-03 
7.403999999999999773e+02 4.307506534166082035e-03 
7.404999999999998863e+02 5.067762401495389847e-03 
7.406000000000000227e+02 5.247808813507158845e-03 
7.406999999999999318e+02 4.790258449505642273e-03 
7.408000000000000682e+02 5.464655920707454408e-03 
7.408999999999999773e+02 4.920905863795523548e-03 
7.409999999999998863e+02 4.860995914835578718e-03 
7.411000000000000227e+02 4.468578824296095750e-03 
7.411999999999999318e+02 5.290347251495188322e-03 
7.413000000000000682e+02 4.524744401446172994e-03 
7.413999999999999773e+02 5.082601391495377742e-03 
7.414999999999998863e+02 5.186276468295283708e-03 
7.416000000000000227e+02 5.255475625007169187e-03 
7.416999999999999318e+02 5.020475486695433892e-03 
7.418000000000000682e+02 5.603845646907644300e-03 
7.418999999999999773e+02 5.032742385095422336e-03 
7.419999999999998863e+02 4.809514512195626167e-03 
7.421000000000000227e+02 4.698335852796409542e-03 
7.421999999999999318e+02 4.791495032005641842e-03 
7.423000000000000682e+02 4.876571908016652870e-03 
7.423999999999999773e+02 4.474652917525929335e-03 
7.424999999999998863e+02 5.439429637695052111e-03 
7.426000000000000227e+02 5.138593847107008998e-03 
7.426999999999999318e+02 5.226242814695246028e-03 
7.428000000000000682e+02 5.128404407306996760e-03 
7.428999999999999773e+02 4.992133015795458852e-03 
7.429999999999998863e+02 4.747072042275681837e-03 
7.431000000000000227e+02 5.382002746407342497e-03 
7.431999999999999318e+02 4.425926620695974818e-03 
7.433000000000000682e+02 5.100556569406959097e-03 
7.433999999999999773e+02 5.069147373895389885e-03 
7.434999999999998863e+02 4.546255990605864612e-03 
7.436000000000000227e+02 5.028092834906858558e-03 
7.436999999999999318e+02 5.708608916294807822e-03 
7.438000000000000682e+02 5.162929790707043373e-03 
7.438999999999999773e+02 5.770932674294751430e-03 
7.439999999999998863e+02 4.671630617115751262e-03 
7.441000000000000227e+02 5.003014941806825308e-03 
7.441999999999999318e+02 4.419906937085980349e-03 
7.443000000000000682e+02 5.232870896907138546e-03 
7.443999999999999773e+02 4.717280296685710632e-03 
7.444999999999998863e+02 5.084480996895375873e-03 
7.446000000000000227e+02 4.269439578495824034e-03 
7.446999999999999318e+02 5.204825205795265974e-03 
7.448000000000000682e+02 5.409158098107378840e-03 
7.448999999999999773e+02 5.001926749195450758e-03 
7.449999999999998863e+02 5.056831012195400418e-03 
7.451000000000000227e+02 4.804256563416553667e-03 
7.451999999999999318e+02 5.364393811595121256e-03 
7.453000000000000682e+02 4.751058784266480595e-03 
7.453999999999999773e+02 4.650079457305770179e-03 
7.454999999999998863e+02 5.017359298795436191e-03 
7.456000000000000227e+02 4.919184540966711587e-03 
7.456999999999999318e+02 4.891415844335550780e-03 
7.458000000000000682e+02 4.911156647376698978e-03 
7.458999999999999773e+02 5.044811430295411021e-03 
7.459999999999998863e+02 5.000986946495452126e-03 
7.461000000000000227e+02 5.082848708006934384e-03 
7.461999999999999318e+02 5.561603988694941055e-03 
7.463000000000000682e+02 4.898726520086682870e-03 
7.463999999999999773e+02 4.949001018195498675e-03 
7.464999999999998863e+02 4.857810478315581319e-03 
7.466000000000000227e+02 5.159714676207039288e-03 
7.466999999999999318e+02 5.060046126695396697e-03 
7.468000000000000682e+02 4.682364153226386931e-03 
7.468999999999999773e+02 5.123952710295339233e-03 
7.469999999999998863e+02 5.122913980995341156e-03 
7.471000000000000227e+02 4.817418747546572781e-03 
7.471999999999999318e+02 4.345251978396047834e-03 
7.473000000000000682e+02 4.278471577075836606e-03 
7.473999999999999773e+02 5.064942993395393084e-03 
7.474999999999998863e+02 4.497920453845909508e-03 
7.476000000000000227e+02 5.102535101406961877e-03 
7.476999999999999318e+02 5.369983164495114626e-03 
7.478000000000000682e+02 5.391054530307354611e-03 
7.478999999999999773e+02 5.013797941195440554e-03 
7.479999999999998863e+02 5.197257320895272426e-03 
7.481000000000000227e+02 4.969330434506778749e-03 
7.481999999999999318e+02 5.222730920395250546e-03 
7.483000000000000682e+02 5.213481283307112857e-03 
7.483999999999999773e+02 5.431614436295059516e-03 
7.484999999999998863e+02 5.149920942795316314e-03 
7.486000000000000227e+02 4.319827842205892741e-03 
7.486999999999999318e+02 5.072313025095386008e-03 
7.488000000000000682e+02 5.021514216006850787e-03 
7.488999999999999773e+02 4.978678998195472730e-03 
7.489999999999998863e+02 4.834256054855603883e-03 
7.491000000000000227e+02 5.287082673707212653e-03 
7.491999999999999318e+02 4.739108450975689640e-03 
7.493000000000000682e+02 4.500077053736138699e-03 
7.493999999999999773e+02 4.776032804425655795e-03 
7.494999999999998863e+02 4.462811403505941021e-03 
7.496000000000000227e+02 5.473311998207466139e-03 
7.496999999999999318e+02 4.747433124365682371e-03 
7.498000000000000682e+02 4.880177782586658103e-03 
7.498999999999999773e+02 4.682408670185741854e-03 
7.499999999999998863e+02 5.290297788195187298e-03 
7.501000000000000227e+02 5.071224832506918481e-03 
7.501999999999999318e+02 5.046691035695410020e-03 
7.503000000000000682e+02 5.192014211107082340e-03 
7.503999999999999773e+02 4.834948541055602601e-03 
7.504999999999998863e+02 5.355292564395128067e-03 
7.506000000000000227e+02 5.058117058006899626e-03 
7.506999999999999318e+02 5.561702915294941367e-03 
7.508000000000000682e+02 4.138628935315646212e-03 
7.508999999999999773e+02 4.845538633585591906e-03 
7.509999999999998863e+02 5.018150711595435222e-03 
7.511000000000000227e+02 4.640547879406329949e-03 
7.511999999999999318e+02 5.003608501395449132e-03 
7.513000000000000682e+02 5.487062795607485291e-03 
7.513999999999999773e+02 5.293018269695186351e-03 
7.514999999999998863e+02 4.693399415445730777e-03 
7.516000000000000227e+02 4.923260316886716136e-03 
7.516999999999999318e+02 5.257553083595217433e-03 
7.518000000000000682e+02 4.787409363436530285e-03 
7.518999999999999773e+02 4.847996959595590738e-03 
7.519999999999998863e+02 5.141413255195323266e-03 
7.521000000000000227e+02 4.888591489916669156e-03 
7.521999999999999318e+02 4.687542960725736216e-03 
7.523000000000000682e+02 5.349901064707299203e-03 
7.523999999999999773e+02 5.175592395495292458e-03 
7.524999999999998863e+02 4.905512884835538066e-03 
7.526000000000000227e+02 5.021069046306850248e-03 
7.526999999999999318e+02 5.212689870495259593e-03 
7.528000000000000682e+02 4.919402179486711754e-03 
7.528999999999999773e+02 5.408712928395080846e-03 
7.529999999999998863e+02 4.497722600645908883e-03 
7.531000000000000227e+02 5.667405987407731459e-03 
7.531999999999999318e+02 4.908475736505535196e-03 
7.533000000000000682e+02 4.923670862276715958e-03 
7.533999999999999773e+02 4.965323907195484318e-03 
7.534999999999998863e+02 4.852601992825586290e-03 
7.536000000000000227e+02 5.234948355507141639e-03 
7.536999999999999318e+02 4.970517553695479041e-03 
7.538000000000000682e+02 4.602500709046278976e-03 
7.538999999999999773e+02 5.225055695495248349e-03 
7.539999999999998863e+02 5.042981288195413046e-03 
7.541000000000000227e+02 5.003806354606826073e-03 
7.541999999999999318e+02 5.604983302794902013e-03 
7.543000000000000682e+02 4.772130150066509861e-03 
7.543999999999999773e+02 5.596129372094910473e-03 
7.544999999999998863e+02 4.895511405575547065e-03 
7.546000000000000227e+02 4.839182599546601633e-03 
7.546999999999999318e+02 4.820055141425616183e-03 
7.548000000000000682e+02 4.746854403766475987e-03 
7.548999999999999773e+02 5.312754126395168031e-03 
7.549999999999998863e+02 5.014737743895438318e-03 
7.551000000000000227e+02 4.787023549696530975e-03 
7.551999999999999318e+02 4.975315493795474248e-03 
7.553000000000000682e+02 4.760288636046492924e-03 
7.553999999999999773e+02 5.452339558995040851e-03 
7.554999999999998863e+02 4.525966144945883611e-03 
7.556000000000000227e+02 4.962850742206770423e-03 
7.556999999999999318e+02 4.774707187985657852e-03 
7.558000000000000682e+02 4.809173215436560872e-03 
7.558999999999999773e+02 5.080820712695379056e-03 
7.559999999999998863e+02 5.047037278795409379e-03 
7.561000000000000227e+02 4.975513347006787004e-03 
7.561999999999999318e+02 4.283714686866103155e-03 
7.563000000000000682e+02 4.443026083516061348e-03 
7.563999999999999773e+02 4.430927360325969885e-03 
7.564999999999998863e+02 4.488863723615916373e-03 
7.566000000000000227e+02 4.671145876786372483e-03 
7.566999999999999318e+02 4.969330434495479627e-03 
7.568000000000000682e+02 5.386998539707348738e-03 
7.568999999999999773e+02 4.995842763295455825e-03 
7.569999999999998863e+02 4.631303188625788408e-03 
7.571000000000000227e+02 4.741190855916467203e-03 
7.571999999999999318e+02 5.150415575795316142e-03 
7.573000000000000682e+02 4.847398453676612061e-03 
7.573999999999999773e+02 4.501081158715905528e-03 
7.574999999999998863e+02 5.215904984995255872e-03 
7.576000000000000227e+02 4.673856465626376536e-03 
7.576999999999999318e+02 5.642476484194867796e-03 
7.578000000000000682e+02 5.032148825506865299e-03 
7.578999999999999773e+02 5.007961271795444667e-03 
7.579999999999998863e+02 5.387839415795099909e-03 
7.581000000000000227e+02 4.411888936166018932e-03 
7.581999999999999318e+02 4.395101092136002169e-03 
7.583000000000000682e+02 5.359200165107311231e-03 
7.583999999999999773e+02 4.907956371855536591e-03 
7.584999999999998863e+02 4.812957157875621950e-03 
7.586000000000000227e+02 5.435175793907414191e-03 
7.586999999999999318e+02 4.918600874015526155e-03 
7.588000000000000682e+02 4.290283413115852928e-03 
7.588999999999999773e+02 4.701516342975723545e-03 
7.589999999999998863e+02 5.707273407194807940e-03 
7.591000000000000227e+02 4.891133903536673197e-03 
7.591999999999999318e+02 4.378461638016017780e-03 
7.593000000000000682e+02 4.509529490366152166e-03 
7.593999999999999773e+02 4.976848856095473887e-03 
7.594999999999998863e+02 4.907397436565536300e-03 
7.596000000000000227e+02 4.861955502866633153e-03 
7.596999999999999318e+02 4.983180158495466999e-03 
7.598000000000000682e+02 4.743817357146471250e-03 
7.598999999999999773e+02 4.944099205165503053e-03 
7.599999999999998863e+02 4.866847423225573177e-03 
7.601000000000000227e+02 4.502822266886142601e-03 
7.601999999999999318e+02 4.585307265955828812e-03 
7.603000000000000682e+02 5.024630403906854559e-03 
7.603999999999999773e+02 4.414698451595983585e-03 
7.604999999999998863e+02 4.893349859365548303e-03 
7.606000000000000227e+02 5.137654044407007764e-03 
7.606999999999999318e+02 4.580034478175834187e-03 
7.608000000000000682e+02 5.152938204107029158e-03 
7.608999999999999773e+02 5.041794168995413633e-03 
7.609999999999998863e+02 5.407575272495081589e-03 
7.611000000000000227e+02 4.935052367606732049e-03 
7.611999999999999318e+02 4.917834192865526768e-03 
7.613000000000000682e+02 4.603623525956280528e-03 
7.613999999999999773e+02 4.831308042175605326e-03 
7.614999999999998863e+02 4.979816654095470252e-03 
7.616000000000000227e+02 4.539444894206192717e-03 
7.616999999999999318e+02 4.658913602685762177e-03 
7.618000000000000682e+02 4.292143233195854987e-03 
7.618999999999999773e+02 5.153432837095312663e-03 
7.619999999999998863e+02 5.428992881395061643e-03 
7.621000000000000227e+02 4.963394838506770407e-03 
7.621999999999999318e+02 4.292895075346095379e-03 
7.623000000000000682e+02 4.792904736066538190e-03 
7.623999999999999773e+02 4.488571890145917273e-03 
7.624999999999998863e+02 5.421721776295069031e-03 
7.626000000000000227e+02 4.618358643026300100e-03 
7.626999999999999318e+02 4.902871544615540651e-03 
7.628000000000000682e+02 5.245780818207156776e-03 
7.628999999999999773e+02 4.616607642195800880e-03 
7.629999999999998863e+02 4.611216142495806400e-03 
7.631000000000000227e+02 5.150910208807027088e-03 
7.631999999999999318e+02 4.570032998915843185e-03 
7.633000000000000682e+02 4.862336370276633228e-03 
7.633999999999999773e+02 5.301971126995178203e-03 
7.634999999999998863e+02 5.259581078895216900e-03 
7.636000000000000227e+02 5.257107913907172608e-03 
7.636999999999999318e+02 4.850361305335588492e-03 
7.638000000000000682e+02 5.325367267907265070e-03 
7.638999999999999773e+02 5.317947772895163620e-03 
7.639999999999998863e+02 5.031950972295423305e-03 
7.641000000000000227e+02 5.091949955206946654e-03 
7.641999999999999318e+02 5.317106896795163566e-03 
7.643000000000000682e+02 4.786172780936528981e-03 
7.643999999999999773e+02 5.543747737394957506e-03 
7.644999999999998863e+02 4.655169230875766222e-03 
7.646000000000000227e+02 4.652463588376346687e-03 
7.646999999999999318e+02 5.285598774695192403e-03 
7.648000000000000682e+02 4.991094286506809335e-03 
7.648999999999999773e+02 4.752809785075677411e-03 
7.649999999999998863e+02 5.348219312495135214e-03 
7.651000000000000227e+02 4.234538274015776579e-03 
7.651999999999999318e+02 4.323389199796068109e-03 
7.653000000000000682e+02 4.820668486356576715e-03 
7.653999999999999773e+02 5.261460684295214164e-03 
7.654999999999998863e+02 5.059798810195397650e-03 
7.656000000000000227e+02 5.136269072007007726e-03 
7.656999999999999318e+02 4.692222188905732436e-03 
7.658000000000000682e+02 4.886034237306665674e-03 
7.658999999999999773e+02 4.501199870635905383e-03 
7.659999999999998863e+02 4.575310733025837913e-03 
7.661000000000000227e+02 5.555371612907578777e-03 
7.661999999999999318e+02 5.032742385095422336e-03 
7.663000000000000682e+02 5.104711486606963548e-03 
7.663999999999999773e+02 4.681434243175741639e-03 
7.664999999999998863e+02 4.359719993646034124e-03 
7.666000000000000227e+02 4.724467314186444646e-03 
7.666999999999999318e+02 4.546468682795864677e-03 
7.668000000000000682e+02 4.699547703646411202e-03 
7.668999999999999773e+02 4.855480756885583414e-03 
7.669999999999998863e+02 4.974326227795474592e-03 
7.671000000000000227e+02 4.684491075126390180e-03 
7.671999999999999318e+02 4.436402947635964371e-03 
7.673000000000000682e+02 4.605859267116283427e-03 
7.673999999999999773e+02 4.876250396555564803e-03 
7.674999999999998863e+02 4.995842763295455825e-03 
7.676000000000000227e+02 4.876235557576651114e-03 
7.676999999999999318e+02 4.937495854615508648e-03 
7.678000000000000682e+02 5.115791265806978599e-03 
7.678999999999999773e+02 4.670957916235752086e-03 
7.679999999999998863e+02 4.964532494395485288e-03 
7.681000000000000227e+02 4.830165439956590236e-03 
7.681999999999999318e+02 4.639464633125780363e-03 
7.683000000000000682e+02 5.368054095807322720e-03 
7.683999999999999773e+02 4.626821813645791946e-03 
7.684999999999998863e+02 5.067267768495391754e-03 
7.686000000000000227e+02 4.665422972976364206e-03 
7.686999999999999318e+02 4.927083829965517824e-03 
7.688000000000000682e+02 4.648001998716341093e-03 
7.688999999999999773e+02 4.876260289215565008e-03 
7.689999999999998863e+02 4.770354417585661450e-03 
7.691000000000000227e+02 4.945949132596747649e-03 
7.691999999999999318e+02 4.312452864166078578e-03 
7.693000000000000682e+02 4.403203180686006586e-03 
7.693999999999999773e+02 5.212640407195258570e-03 
7.694999999999998863e+02 5.209177976195261510e-03 
7.696000000000000227e+02 4.641532199076332105e-03 
7.696999999999999318e+02 4.414688558935985115e-03 
7.698000000000000682e+02 5.264675798807182637e-03 
7.698999999999999773e+02 4.531006455215878630e-03 
7.699999999999998863e+02 4.893354805695549273e-03 
7.701000000000000227e+02 4.633533983466320977e-03 
7.701999999999999318e+02 4.932049945285513909e-03 
7.703000000000000682e+02 4.635591656746324528e-03 
7.703999999999999773e+02 4.946132146795500020e-03 
7.704999999999998863e+02 4.404118251725993617e-03 
7.706000000000000227e+02 4.313358042565884620e-03 
7.706999999999999318e+02 4.501021802755906034e-03 
7.708000000000000682e+02 4.774410408196513682e-03 
7.708999999999999773e+02 5.382497379395105586e-03 
7.709999999999998863e+02 4.701155260885723879e-03 
7.711000000000000227e+02 4.751009320966481306e-03 
7.711999999999999318e+02 4.915029623755529445e-03 
7.713000000000000682e+02 4.580252116706248766e-03 
7.713999999999999773e+02 4.854318369335584513e-03 
7.714999999999998863e+02 4.959239921295489385e-03 
7.716000000000000227e+02 4.920693171616713317e-03 
7.716999999999999318e+02 5.047581375095409363e-03 
7.718000000000000682e+02 4.664255639096362600e-03 
7.718999999999999773e+02 4.427049437605973768e-03 
7.719999999999998863e+02 5.016370032795436536e-03 
7.721000000000000227e+02 5.179598922807066540e-03 
7.721999999999999318e+02 5.655336942194856380e-03 
7.723000000000000682e+02 4.784575116346527143e-03 
7.723999999999999773e+02 4.971308966495478938e-03 
7.724999999999998863e+02 5.245533501695228903e-03 
7.726000000000000227e+02 5.038974760906873851e-03 
7.726999999999999318e+02 4.954392517895494022e-03 
7.728000000000000682e+02 5.150168259307025612e-03 
7.728999999999999773e+02 5.386256590195100113e-03 
7.729999999999998863e+02 4.622548184525795446e-03 
7.731000000000000227e+02 4.959784017606766807e-03 
7.731999999999999318e+02 4.447146376395955114e-03 
7.733000000000000682e+02 5.173218157107057659e-03 
7.733999999999999773e+02 4.843505691955594938e-03 
7.734999999999998863e+02 4.918076563035527447e-03 
7.736000000000000227e+02 4.595694558966269098e-03 
7.736999999999999318e+02 4.501110836695906142e-03 
7.738000000000000682e+02 4.836476957036597683e-03 
7.738999999999999773e+02 5.619723366194888728e-03 
7.739999999999998863e+02 5.040161880095415416e-03 
7.741000000000000227e+02 5.509766450307516245e-03 
7.741999999999999318e+02 4.994902960595457193e-03 
7.743000000000000682e+02 4.892311130076674140e-03 
7.743999999999999773e+02 5.067267768495391754e-03 
7.744999999999998863e+02 4.714485620235712646e-03 
7.746000000000000227e+02 4.769736126346506289e-03 
7.746999999999999318e+02 4.698919519725725316e-03 
7.748000000000000682e+02 4.986049029906801204e-03 
7.748999999999999773e+02 4.433939675295967171e-03 
7.749999999999998863e+02 5.145864952195319982e-03 
7.751000000000000227e+02 4.717577076496435630e-03 
7.751999999999999318e+02 4.580905032255833988e-03 
7.753000000000000682e+02 4.406591416736011652e-03 
7.753999999999999773e+02 5.165699735495301974e-03 
7.754999999999998863e+02 4.831748265545604895e-03 
7.756000000000000227e+02 4.756811366056489486e-03 
7.756999999999999318e+02 4.686123364015737196e-03 
7.758000000000000682e+02 5.072362488406920340e-03 
7.758999999999999773e+02 4.380267048466015244e-03 
7.759999999999998863e+02 4.891307025075551131e-03 
7.761000000000000227e+02 4.518551596286164533e-03 
7.761999999999999318e+02 5.209029586295261909e-03 
7.763000000000000682e+02 4.478224167796108872e-03 
7.763999999999999773e+02 4.441824125315960332e-03 
7.764999999999998863e+02 4.726510148465700410e-03 
7.766000000000000227e+02 4.395575939825997064e-03 
7.766999999999999318e+02 4.616854958695800794e-03 
7.768000000000000682e+02 5.117423554706980286e-03 
7.768999999999999773e+02 4.461446216425942260e-03 
7.769999999999998863e+02 5.307758333095172198e-03 
7.771000000000000227e+02 4.848694392136614593e-03 
7.771999999999999318e+02 5.067712938195390558e-03 
7.773000000000000682e+02 4.335433513355913850e-03 
7.773999999999999773e+02 4.803346438685630361e-03 
7.774999999999998863e+02 4.895991199585547453e-03 
7.776000000000000227e+02 4.533514244536184477e-03 
7.776999999999999318e+02 4.818106287405617486e-03 
7.778000000000000682e+02 4.417250757886025808e-03 
7.778999999999999773e+02 4.865482236145574416e-03 
7.779999999999998863e+02 4.606156046905810104e-03 
7.781000000000000227e+02 4.929596565616724962e-03 
7.781999999999999318e+02 4.898889748965543252e-03 
7.783000000000000682e+02 5.168370753707051020e-03 
7.783999999999999773e+02 4.754916921655675914e-03 
7.784999999999998863e+02 4.621103856165796782e-03 
7.786000000000000227e+02 4.777462293806517858e-03 
7.786999999999999318e+02 4.461495679725941549e-03 
7.788000000000000682e+02 4.909969528176696962e-03 
7.788999999999999773e+02 4.982784452095467484e-03 
7.789999999999998863e+02 4.562059514955850784e-03 
7.791000000000000227e+02 4.972347695806783076e-03 
7.791999999999999318e+02 4.444574284795957397e-03 
7.793000000000000682e+02 5.055742819606897330e-03 
7.793999999999999773e+02 5.114109513595348905e-03 
7.794999999999998863e+02 5.050796489595405642e-03 
7.796000000000000227e+02 4.764468284896499622e-03 
7.796999999999999318e+02 4.593859470525821914e-03 
7.798000000000000682e+02 4.480212592456111857e-03 
7.798999999999999773e+02 4.827998947405608837e-03 
7.799999999999998863e+02 5.043723237695412788e-03 
7.801000000000000227e+02 4.460427272456084918e-03 
7.801999999999999318e+02 4.645063878685774805e-03 
7.803000000000000682e+02 4.999107341106819903e-03 
7.803999999999999773e+02 4.916063406725529154e-03 
7.804999999999998863e+02 4.848753748085589919e-03 
7.806000000000000227e+02 4.887805023446668493e-03 
7.806999999999999318e+02 4.835982324025600576e-03 
7.808000000000000682e+02 4.561040570986222425e-03 
7.808999999999999773e+02 5.216696397795254903e-03 
7.809999999999998863e+02 4.624650374775793847e-03 
7.811000000000000227e+02 5.067960254706914240e-03 
7.811999999999999318e+02 3.975479186586384009e-03 
7.813000000000000682e+02 4.797336647746544905e-03 
7.813999999999999773e+02 5.160506088995306384e-03 
7.814999999999998863e+02 5.181973161195287461e-03 
7.816000000000000227e+02 4.690683880286399508e-03 
7.816999999999999318e+02 4.878857112465561502e-03 
7.818000000000000682e+02 4.895061289556677277e-03 
7.818999999999999773e+02 4.965126053995483693e-03 
7.819999999999998863e+02 4.731867023855695908e-03 
7.821000000000000227e+02 4.422622472266033757e-03 
7.821999999999999318e+02 4.630833287275788225e-03 
7.823000000000000682e+02 5.040903829606877343e-03 
7.823999999999999773e+02 4.628053449815790546e-03 
7.824999999999998863e+02 4.561678647545850708e-03 
7.826000000000000227e+02 4.320861625175894186e-03 
7.826999999999999318e+02 4.621415474955797159e-03 
7.828000000000000682e+02 4.492256906006128654e-03 
7.828999999999999773e+02 4.156964980616219274e-03 
7.829999999999998863e+02 5.054803016895402686e-03 
7.831000000000000227e+02 4.474296781776103057e-03 
7.831999999999999318e+02 5.092939221195367031e-03 
7.833000000000000682e+02 4.168015081845686219e-03 
7.833999999999999773e+02 4.661228485125760643e-03 
7.834999999999998863e+02 4.409564161055989223e-03 
7.836000000000000227e+02 4.688279963906395731e-03 
7.836999999999999318e+02 5.178807509995290471e-03 
7.838000000000000682e+02 4.610528602636289851e-03 
7.838999999999999773e+02 4.555194008915856158e-03 
7.839999999999998863e+02 4.703801547435722263e-03 
7.841000000000000227e+02 4.375053616655968751e-03 
7.841999999999999318e+02 4.051385566766315532e-03 
7.843000000000000682e+02 4.689922145466397622e-03 
7.843999999999999773e+02 4.936996275285509585e-03 
7.844999999999998863e+02 4.455980521775947112e-03 
7.846000000000000227e+02 4.989313607706806313e-03 
7.846999999999999318e+02 4.547769567585863842e-03 
7.848000000000000682e+02 4.017745576445480409e-03 
7.848999999999999773e+02 4.372867338786022573e-03 
7.849999999999998863e+02 4.325728813886065352e-03 
7.851000000000000227e+02 4.147651041235658580e-03 
7.851999999999999318e+02 5.306620677195172942e-03 
7.853000000000000682e+02 4.837639344586600054e-03 
7.853999999999999773e+02 4.547344183205863713e-03 
7.854999999999998863e+02 4.392073938176005443e-03 
7.856000000000000227e+02 5.000492313506822543e-03 
7.856999999999999318e+02 4.645805828185774547e-03 
7.858000000000000682e+02 4.668113776496368716e-03 
7.858999999999999773e+02 4.888764611455554028e-03 
7.859999999999998863e+02 4.343698830776049520e-03 
7.861000000000000227e+02 4.412779275566020010e-03 
7.861999999999999318e+02 4.474168177185930580e-03 
7.863000000000000682e+02 4.385559621575982336e-03 
7.863999999999999773e+02 4.565274629455847930e-03 
7.864999999999998863e+02 4.770933138195661283e-03 
7.866000000000000227e+02 4.706126322546420708e-03 
7.866999999999999318e+02 4.642773727895777719e-03 
7.868000000000000682e+02 4.832594087986593658e-03 
7.868999999999999773e+02 5.566055685694936903e-03 
7.869999999999998863e+02 5.563384667494939741e-03 
7.871000000000000227e+02 4.475696593166105137e-03 
7.871999999999999318e+02 5.105453436095356255e-03 
7.873000000000000682e+02 5.258888592707173897e-03 
7.873999999999999773e+02 4.861515279485577323e-03 
7.874999999999998863e+02 4.753437968985676533e-03 
7.876000000000000227e+02 5.002272992306823832e-03 
7.876999999999999318e+02 4.548377966175863422e-03 
7.878000000000000682e+02 5.180390335607067305e-03 
7.878999999999999773e+02 4.821984210125614470e-03 
7.879999999999998863e+02 5.018843197795434807e-03 
7.881000000000000227e+02 4.987483465606804001e-03 
7.881999999999999318e+02 4.583363358265831952e-03 
7.883000000000000682e+02 4.798306128426545886e-03 
7.883999999999999773e+02 4.853012538215585245e-03 
7.884999999999998863e+02 4.692983923725731719e-03 
7.886000000000000227e+02 4.544737467306199895e-03 
7.886999999999999318e+02 4.394908185266002514e-03 
7.888000000000000682e+02 4.502718393956142186e-03 
7.888999999999999773e+02 4.518032231625890294e-03 
7.889999999999998863e+02 4.189432690736189478e-03 
7.891000000000000227e+02 4.663746167106362465e-03 
7.891999999999999318e+02 4.864918354525575757e-03 
7.893000000000000682e+02 4.749337461426479667e-03 
7.893999999999999773e+02 4.463043881015940628e-03 
7.894999999999998863e+02 5.001184799695451884e-03 
7.896000000000000227e+02 4.301031788205868060e-03 
7.896999999999999318e+02 4.437891792965963957e-03 
7.898000000000000682e+02 4.808129539806559223e-03 
7.898999999999999773e+02 5.041596315795415610e-03 
7.899999999999998863e+02 4.957558169095490144e-03 
7.901000000000000227e+02 4.682097051406387475e-03 
7.901999999999999318e+02 4.801704257125633674e-03 
7.903000000000000682e+02 4.489996433196125243e-03 
7.903999999999999773e+02 4.686242075935737918e-03 
7.904999999999998863e+02 5.427459519095063738e-03 
7.906000000000000227e+02 4.703846064416416888e-03 
7.906999999999999318e+02 4.549574978035861306e-03 
7.908000000000000682e+02 4.628711311716313982e-03 
7.908999999999999773e+02 4.275686793276111362e-03 
7.909999999999998863e+02 4.114876658646257276e-03 
7.911000000000000227e+02 4.277601022995835937e-03 
7.911999999999999318e+02 4.812596075785623151e-03 
7.913000000000000682e+02 4.569221800806233871e-03 
7.913999999999999773e+02 4.434765712405966918e-03 
7.914999999999998863e+02 5.290891347795188306e-03 
7.916000000000000227e+02 4.624111224816308124e-03 
7.916999999999999318e+02 4.577996590215835382e-03 
7.918000000000000682e+02 4.894017613926676495e-03 
7.918999999999999773e+02 4.864067585765575498e-03 
7.919999999999998863e+02 4.317503067096072934e-03 
7.921000000000000227e+02 5.133004494207002617e-03 
7.921999999999999318e+02 4.884881742405556941e-03 
7.923000000000000682e+02 5.329423258507270077e-03 
7.923999999999999773e+02 4.856811319655582326e-03 
7.924999999999998863e+02 4.507649884955900951e-03 
7.926000000000000227e+02 4.638643542356327837e-03 
7.926999999999999318e+02 4.837673968885600022e-03 
7.928000000000000682e+02 4.885826491446665712e-03 
7.928999999999999773e+02 4.327331424806063823e-03 
7.929999999999998863e+02 5.137011021495327574e-03 
7.931000000000000227e+02 4.856925085256625328e-03 
7.931999999999999318e+02 5.077308818395381840e-03 
7.933000000000000682e+02 4.508772701876150382e-03 
7.933999999999999773e+02 4.613476615305803739e-03 
7.934999999999998863e+02 4.685351736535738575e-03 
7.936000000000000227e+02 4.794527132306541407e-03 
7.936999999999999318e+02 4.938089414215508788e-03 
7.938000000000000682e+02 5.001135336406822840e-03 
7.938999999999999773e+02 4.452067974745950278e-03 
7.939999999999998863e+02 4.597277384555818053e-03 
7.941000000000000227e+02 4.798083543576545616e-03 
7.941999999999999318e+02 4.653665546555767196e-03 
7.943000000000000682e+02 4.492613041766129085e-03 
7.943999999999999773e+02 5.167183634495300590e-03 
7.944999999999998863e+02 4.372743680536022616e-03 
7.946000000000000227e+02 4.718215153066435824e-03 
7.946999999999999318e+02 4.807847598985628100e-03 
7.948000000000000682e+02 4.832623765966593404e-03 
7.948999999999999773e+02 4.406205602985992578e-03 
7.949999999999998863e+02 4.774776436605656683e-03 
7.951000000000000227e+02 4.798261611456545832e-03 
7.951999999999999318e+02 4.961366843195488298e-03 
7.953000000000000682e+02 4.929012898676724160e-03 
7.953999999999999773e+02 5.322943566195158585e-03 
7.954999999999998863e+02 4.710088332865716189e-03 
7.956000000000000227e+02 4.242793698785787826e-03 
7.956999999999999318e+02 4.429819382405971243e-03 
7.958000000000000682e+02 5.036056426206870704e-03 
7.958999999999999773e+02 5.213580209895258069e-03 
7.959999999999998863e+02 4.718833444305708079e-03 
7.961000000000000227e+02 4.667183866456366820e-03 
7.961999999999999318e+02 4.978580071595471550e-03 
7.963000000000000682e+02 4.978283291806790550e-03 
7.963999999999999773e+02 4.112537044556259166e-03 
7.964999999999998863e+02 4.986147956495465099e-03 
7.966000000000000227e+02 4.466773413846093950e-03 
7.966999999999999318e+02 4.840082831595597830e-03 
7.968000000000000682e+02 4.947912825606750990e-03 
7.968999999999999773e+02 4.203148863826177556e-03 
7.969999999999998863e+02 4.694759656195730303e-03 
7.971000000000000227e+02 4.439464725916056169e-03 
7.971999999999999318e+02 4.478441806305926212e-03 
7.973000000000000682e+02 4.639242048286328947e-03 
7.973999999999999773e+02 4.627652797085790928e-03 
7.974999999999998863e+02 4.687251127255736248e-03 
7.976000000000000227e+02 4.359190736345946657e-03 
7.976999999999999318e+02 4.562796518125850423e-03 
7.978000000000000682e+02 4.693908887446403798e-03 
7.978999999999999773e+02 4.390001425906006789e-03 
7.979999999999998863e+02 4.146968447686228375e-03 
7.981000000000000227e+02 4.508723238576151093e-03 
7.981999999999999318e+02 4.816315715945619462e-03 
7.983000000000000682e+02 4.639939480816330369e-03 
7.983999999999999773e+02 4.815880438905619995e-03 
7.984999999999998863e+02 4.657652288535763831e-03 
7.986000000000000227e+02 4.614752768456295735e-03 
7.986999999999999318e+02 4.688576743695735925e-03 
7.988000000000000682e+02 4.872476346776647045e-03 
7.988999999999999773e+02 4.579371669955835215e-03 
7.989999999999998863e+02 4.374064350646022191e-03 
7.991000000000000227e+02 4.705448675336418828e-03 
7.991999999999999318e+02 4.518047070615890601e-03 
7.993000000000000682e+02 4.184882067145709143e-03 
7.993999999999999773e+02 5.103474904095358679e-03 
7.994999999999998863e+02 4.140439292086234638e-03 
7.996000000000000227e+02 4.812051979496564935e-03 
7.996999999999999318e+02 4.361352282546033209e-03 
7.998000000000000682e+02 4.721380804266440620e-03 
7.998999999999999773e+02 4.769187083705662446e-03 
7.999999999999998863e+02 4.734335242525694078e-03 
8.001000000000000227e+02 4.127000113485629340e-03 
8.001999999999999318e+02 4.576097199495837708e-03 
8.003000000000000682e+02 4.450811606936071543e-03 
8.003999999999999773e+02 4.682022856445741676e-03 
8.004999999999998863e+02 4.923374082465521717e-03 
8.006000000000000227e+02 4.728424378186450207e-03 
8.006999999999999318e+02 5.120094572895343525e-03 
8.008000000000000682e+02 4.584154771076254069e-03 
8.008999999999999773e+02 4.719990885525706878e-03 
8.009999999999998863e+02 4.475389920695929842e-03 
8.011000000000000227e+02 4.864858998576636860e-03 
8.011999999999999318e+02 4.383210114816012831e-03 
8.013000000000000682e+02 4.671289320356371982e-03 
8.013999999999999773e+02 4.460273936215943154e-03 
8.014999999999998863e+02 4.482938020275922981e-03 
8.016000000000000227e+02 4.749461119676479624e-03 
8.016999999999999318e+02 4.270854228866115439e-03 
8.018000000000000682e+02 4.502520540756141561e-03 
8.018999999999999773e+02 4.859195450715581358e-03 
8.019999999999998863e+02 4.770750123985660965e-03 
8.021000000000000227e+02 4.450925372526071296e-03 
8.021999999999999318e+02 4.490649348745915162e-03 
8.023000000000000682e+02 4.050683187915525389e-03 
8.023999999999999773e+02 4.176087492396202139e-03 
8.024999999999998863e+02 4.373673590576021911e-03 
8.026000000000000227e+02 4.626955364566312338e-03 
8.026999999999999318e+02 4.995793299995456536e-03 
8.028000000000000682e+02 4.635665851696324329e-03 
8.028999999999999773e+02 4.975661736895474474e-03 
8.029999999999998863e+02 4.398563523135999229e-03 
8.031000000000000227e+02 4.659759425126357157e-03 
8.031999999999999318e+02 4.955480710495493123e-03 
8.033000000000000682e+02 4.908831872276696838e-03 
8.033999999999999773e+02 4.865912566855574647e-03 
8.034999999999998863e+02 4.843748062125595617e-03 
8.036000000000000227e+02 4.592558585746264917e-03 
8.036999999999999318e+02 4.683689769655740610e-03 
8.038000000000000682e+02 4.519852481076166301e-03 
8.038999999999999773e+02 4.297163758136091777e-03 
8.039999999999998863e+02 4.415430508435983989e-03 
8.041000000000000227e+02 4.271858333865827251e-03 
8.041999999999999318e+02 4.553828821835858263e-03 
8.043000000000000682e+02 4.596931141466270403e-03 
8.043999999999999773e+02 4.238193611876145579e-03 
8.044999999999998863e+02 5.017260372195436746e-03 
8.046000000000000227e+02 4.194374074415722561e-03 
8.046999999999999318e+02 4.440805181335960930e-03 
8.048000000000000682e+02 4.361372067875950165e-03 
8.048999999999999773e+02 4.558458586715853460e-03 
8.049999999999998863e+02 4.514995185005893363e-03 
8.051000000000000227e+02 4.766649616426502263e-03 
8.051999999999999318e+02 4.822384862855614088e-03 
8.053000000000000682e+02 4.676596732446380335e-03 
8.053999999999999773e+02 4.635982416805782894e-03 
8.054999999999998863e+02 5.102188858295359820e-03 
8.056000000000000227e+02 4.724437636206444899e-03 
8.056999999999999318e+02 4.681107785395742689e-03 
8.058000000000000682e+02 4.198514152625727573e-03 
8.058999999999999773e+02 4.691480239405732694e-03 
8.059999999999998863e+02 4.951127940095496720e-03 
8.061000000000000227e+02 4.820737734976576414e-03 
8.061999999999999318e+02 4.933276635125512406e-03 
8.063000000000000682e+02 4.378669383885974188e-03 
8.063999999999999773e+02 4.582383984925831634e-03 
8.064999999999998863e+02 4.458968105095944753e-03 
8.066000000000000227e+02 5.190233532307079317e-03 
8.066999999999999318e+02 4.700393526065724595e-03 
8.068000000000000682e+02 5.089872496606942694e-03 
8.068999999999999773e+02 4.880924678405560921e-03 
8.069999999999998863e+02 4.569849984705843735e-03 
8.071000000000000227e+02 4.856336471986625290e-03 
8.071999999999999318e+02 4.488136613105917806e-03 
8.073000000000000682e+02 4.250796860725799056e-03 
8.073999999999999773e+02 4.726826713585700022e-03 
8.074999999999998863e+02 4.491035162485914473e-03 
8.076000000000000227e+02 4.935200757506732518e-03 
8.076999999999999318e+02 4.582398823915831941e-03 
8.078000000000000682e+02 4.288799514115850843e-03 
8.078999999999999773e+02 4.453185845325949126e-03 
8.079999999999998863e+02 4.926905762085518475e-03 
8.081000000000000227e+02 4.491603990446127286e-03 
8.081999999999999318e+02 4.368583817006026736e-03 
8.083000000000000682e+02 4.538965100196192329e-03 
8.083999999999999773e+02 4.511359632455897058e-03 
8.084999999999998863e+02 4.748051415615682155e-03 
8.086000000000000227e+02 4.529745141076179336e-03 
8.086999999999999318e+02 4.527623165495881473e-03 
8.088000000000000682e+02 4.247987345285795559e-03 
8.088999999999999773e+02 4.437080594845964517e-03 
8.089999999999998863e+02 4.713575495515712893e-03 
8.091000000000000227e+02 4.014124862885476604e-03 
8.091999999999999318e+02 5.071422685695387532e-03 
8.093000000000000682e+02 4.630398010246316795e-03 
8.093999999999999773e+02 5.013995794395439444e-03 
8.094999999999998863e+02 4.448279085965954269e-03 
8.096000000000000227e+02 5.340206257907285058e-03 
8.096999999999999318e+02 4.867119471375573603e-03 
8.098000000000000682e+02 5.095659702706951434e-03 
8.098999999999999773e+02 4.370008360046024991e-03 
8.099999999999998863e+02 4.519713983825888667e-03 
8.101000000000000227e+02 4.336858056395915574e-03 
8.101999999999999318e+02 4.796663946855636920e-03 
8.103000000000000682e+02 4.584100361446253810e-03 
8.103999999999999773e+02 4.567198751825846115e-03 
8.104999999999998863e+02 4.086430314816283556e-03 
8.106000000000000227e+02 4.419526069686028659e-03 
8.106999999999999318e+02 4.419822849475979476e-03 
8.108000000000000682e+02 4.624576179836308205e-03 
8.108999999999999773e+02 4.641344238525778494e-03 
8.109999999999998863e+02 4.654239320835766927e-03 
8.111000000000000227e+02 4.657330777096352868e-03 
8.111999999999999318e+02 4.623962834905794364e-03 
8.113000000000000682e+02 4.656430545036352453e-03 
8.113999999999999773e+02 4.630536507475788155e-03 
8.114999999999998863e+02 4.157652520486217890e-03 
8.116000000000000227e+02 4.944766959726744869e-03 
8.116999999999999318e+02 4.530417841945879459e-03 
8.118000000000000682e+02 4.307704387375876909e-03 
8.118999999999999773e+02 4.840582410925596893e-03 
8.119999999999998863e+02 4.701882371395724181e-03 
8.121000000000000227e+02 3.985361953935436484e-03 
8.121999999999999318e+02 4.292998948276095794e-03 
8.123000000000000682e+02 4.454313608576076361e-03 
8.123999999999999773e+02 4.425397363385975141e-03 
8.124999999999998863e+02 4.584708760025830304e-03 
8.126000000000000227e+02 4.271111438035827407e-03 
8.126999999999999318e+02 4.559719900865852674e-03 
8.128000000000000682e+02 4.427618265566039997e-03 
8.128999999999999773e+02 4.338539808586054647e-03 
8.129999999999998863e+02 4.609569014605807875e-03 
8.131000000000000227e+02 4.616424627996297374e-03 
8.131999999999999318e+02 4.315168399336074927e-03 
8.133000000000000682e+02 4.681503491806386467e-03 
8.133999999999999773e+02 4.180702418286197028e-03 
8.134999999999998863e+02 5.057177255295400645e-03 
8.136000000000000227e+02 4.176206204325697870e-03 
8.136999999999999318e+02 4.872050962385568972e-03 
8.138000000000000682e+02 4.602119841636278900e-03 
8.138999999999999773e+02 4.266857594226119467e-03 
8.139999999999998863e+02 4.567277893105845150e-03 
8.141000000000000227e+02 4.411206342626017816e-03 
8.141999999999999318e+02 4.616582910545801235e-03 
8.143000000000000682e+02 4.530496983236181018e-03 
8.143999999999999773e+02 4.442160475755959487e-03 
8.144999999999998863e+02 4.596490918085819125e-03 
8.146000000000000227e+02 4.662974539626361242e-03 
8.146999999999999318e+02 3.944307414926412868e-03 
8.148000000000000682e+02 4.550178430306207542e-03 
8.148999999999999773e+02 5.206309104795264590e-03 
8.149999999999998863e+02 4.413338210845985793e-03 
8.151000000000000227e+02 4.300151341465866320e-03 
8.151999999999999318e+02 5.166491148295301004e-03 
8.153000000000000682e+02 4.336046858275915267e-03 
8.153999999999999773e+02 4.408683714315990085e-03 
8.154999999999998863e+02 4.689704506935734978e-03 
8.156000000000000227e+02 5.128256017406996291e-03 
8.156999999999999318e+02 4.665887927985756453e-03 
8.158000000000000682e+02 4.395669920095996407e-03 
8.158999999999999773e+02 4.041839149866323540e-03 
8.159999999999998863e+02 4.996930955895455793e-03 
8.161000000000000227e+02 5.001531042806823223e-03 
8.161999999999999318e+02 4.525961198615883509e-03 
8.163000000000000682e+02 4.484194388106117063e-03 
8.163999999999999773e+02 4.186093917986192375e-03 
8.164999999999998863e+02 4.359685369336035142e-03 
8.166000000000000227e+02 4.638599025386327783e-03 
8.166999999999999318e+02 4.484802786685920806e-03 
8.168000000000000682e+02 4.506200610276147461e-03 
8.168999999999999773e+02 4.558468479375853664e-03 
8.169999999999998863e+02 4.723586867435703232e-03 
8.171000000000000227e+02 4.898494042576682396e-03 
8.171999999999999318e+02 4.130343832556243426e-03 
8.173000000000000682e+02 4.829042623046587816e-03 
8.173999999999999773e+02 4.712333966685714089e-03 
8.174999999999998863e+02 4.598810746855816825e-03 
8.176000000000000227e+02 4.513669568576157178e-03 
8.176999999999999318e+02 4.737045831365692058e-03 
8.178000000000000682e+02 4.720302504326439122e-03 
8.178999999999999773e+02 4.814094813775622074e-03 
8.179999999999998863e+02 4.028602770786335850e-03 
8.181000000000000227e+02 4.347932889265931390e-03 
8.181999999999999318e+02 4.887973198655554997e-03 
8.183000000000000682e+02 4.706536867936420530e-03 
8.183999999999999773e+02 5.094917753195366342e-03 
8.184999999999998863e+02 4.569741165445844085e-03 
8.186000000000000227e+02 4.748026683976476828e-03 
8.186999999999999318e+02 3.818591491646526961e-03 
8.188000000000000682e+02 4.397559418155999079e-03 
8.188999999999999773e+02 4.519436989345889874e-03 
8.189999999999998863e+02 4.674905087575748769e-03 
8.191000000000000227e+02 4.393473749575993459e-03 
8.191999999999999318e+02 4.443990617855958329e-03 
8.193000000000000682e+02 4.923191068266715570e-03 
8.193999999999999773e+02 4.156841322366219317e-03 
8.194999999999998863e+02 4.936813261075510134e-03 
8.196000000000000227e+02 4.500106731716139313e-03 
8.196999999999999318e+02 4.204078773866176851e-03 
8.198000000000000682e+02 4.651513893016346116e-03 
8.198999999999999773e+02 4.370854182476024280e-03 
8.199999999999998863e+02 4.587543007115827375e-03 
8.201000000000000227e+02 4.079713198685565832e-03 
8.201999999999999318e+02 4.394200860076003488e-03 
8.203000000000000682e+02 4.803766876746553074e-03 
8.203999999999999773e+02 4.562509630985850557e-03 
8.204999999999998863e+02 4.695150416265729716e-03 
8.206000000000000227e+02 4.467465900046094403e-03 
8.206999999999999318e+02 4.235982602366146661e-03 
8.208000000000000682e+02 4.880622952286657774e-03 
8.208999999999999773e+02 4.619852434675798640e-03 
8.209999999999998863e+02 4.505062954365902927e-03 
8.211000000000000227e+02 5.069394690406916169e-03 
8.211999999999999318e+02 5.224709452395248123e-03 
8.213000000000000682e+02 4.712398268986428204e-03 
8.213999999999999773e+02 4.383650338186013268e-03 
8.214999999999998863e+02 4.654432227705766582e-03 
8.216000000000000227e+02 4.779747498266520046e-03 
8.216999999999999318e+02 4.464295302505939637e-03 
8.218000000000000682e+02 4.833528944356593922e-03 
8.218999999999999773e+02 4.680172929025743292e-03 
8.219999999999998863e+02 4.290970952976097194e-03 
8.221000000000000227e+02 4.437491140246053491e-03 
8.221999999999999318e+02 5.036204816095419395e-03 
8.223000000000000682e+02 4.260659842745812345e-03 
8.223999999999999773e+02 4.902673691415541761e-03 
8.224999999999998863e+02 4.859155880075581406e-03 
8.226000000000000227e+02 4.141611572305649823e-03 
8.226999999999999318e+02 4.528736089745881085e-03 
8.228000000000000682e+02 4.713971201926430397e-03 
8.228999999999999773e+02 4.477907602665927300e-03 
8.229999999999998863e+02 4.778228974945654406e-03 
8.231000000000000227e+02 4.240557957625784927e-03 
8.231999999999999318e+02 4.538989831835871236e-03 
8.233000000000000682e+02 4.140008961385647883e-03 
8.233999999999999773e+02 4.383843245056012923e-03 
8.234999999999998863e+02 4.216113194756165687e-03 
8.236000000000000227e+02 4.480712171786112655e-03 
8.236999999999999318e+02 4.560382709085851645e-03 
8.238000000000000682e+02 4.218630876735755299e-03 
8.238999999999999773e+02 4.410484178435988313e-03 
8.239999999999998863e+02 4.392637819796004102e-03 
8.241000000000000227e+02 4.731293249586454933e-03 
8.241999999999999318e+02 4.345182729776048136e-03 
8.243000000000000682e+02 4.665793947726365812e-03 
8.243999999999999773e+02 4.892810709395550156e-03 
8.244999999999998863e+02 4.880899946755562144e-03 
8.246000000000000227e+02 4.395902397605996881e-03 
8.246999999999999318e+02 4.027059515826336873e-03 
8.248000000000000682e+02 4.454516408106076221e-03 
8.248999999999999773e+02 4.069405046956298989e-03 
8.249999999999998863e+02 4.153096950556222494e-03 
8.251000000000000227e+02 4.604053856666280760e-03 
8.251999999999999318e+02 4.827573563025609575e-03 
8.253000000000000682e+02 4.630813501966317587e-03 
8.253999999999999773e+02 4.411117308675987538e-03 
8.254999999999998863e+02 4.421989342015977473e-03 
8.256000000000000227e+02 4.062485131295542375e-03 
8.256999999999999318e+02 4.594453030125820320e-03 
8.258000000000000682e+02 3.942012317815378128e-03 
8.258999999999999773e+02 4.416513754705983855e-03 
8.259999999999998863e+02 4.482077358855923385e-03 
8.261000000000000227e+02 4.072610268805555885e-03 
8.261999999999999318e+02 4.292202589146095794e-03 
8.263000000000000682e+02 4.809014932876560199e-03 
8.263999999999999773e+02 4.232861468136149725e-03 
8.264999999999998863e+02 4.823661015995612741e-03 
8.266000000000000227e+02 4.474746897806103699e-03 
8.266999999999999318e+02 4.367822082186027452e-03 
8.268000000000000682e+02 4.322394987475896427e-03 
8.268999999999999773e+02 4.405775272275992346e-03 
8.269999999999998863e+02 4.851909506625587572e-03 
8.271000000000000227e+02 4.572575412546237353e-03 
8.271999999999999318e+02 4.463558299335939998e-03 
8.273000000000000682e+02 4.037486379475508161e-03 
8.273999999999999773e+02 4.220624247716161029e-03 
8.274999999999998863e+02 5.113911660395349147e-03 
8.276000000000000227e+02 4.212566676155746898e-03 
8.276999999999999318e+02 4.581211704715833395e-03 
8.278000000000000682e+02 3.961312897475404576e-03 
8.278999999999999773e+02 4.353932787546039261e-03 
8.279999999999998863e+02 4.166214617716209462e-03 
8.281000000000000227e+02 4.358725781325946576e-03 
8.281999999999999318e+02 4.037694125326327967e-03 
8.283000000000000682e+02 4.324645567625899634e-03 
8.283999999999999773e+02 4.657221957825764466e-03 
8.284999999999998863e+02 4.169845223936207400e-03 
8.286000000000000227e+02 3.984986032855436511e-03 
8.286999999999999318e+02 4.361743042616032622e-03 
8.288000000000000682e+02 4.836734166196597802e-03 
8.288999999999999773e+02 4.608975455005807735e-03 
8.289999999999998863e+02 4.460076083015944264e-03 
8.291000000000000227e+02 4.539232202016192652e-03 
8.291999999999999318e+02 4.829700484925606753e-03 
8.293000000000000682e+02 4.110222162125607391e-03 
8.293999999999999773e+02 4.705602011555720492e-03 
8.294999999999998863e+02 4.334701456506057614e-03 
8.296000000000000227e+02 4.977640268906790254e-03 
8.296999999999999318e+02 4.185188739596193593e-03 
8.298000000000000682e+02 4.611631634226291861e-03 
8.298999999999999773e+02 4.866041171435573839e-03 
8.299999999999998863e+02 3.941794679286414645e-03 
8.301000000000000227e+02 4.712492249256429282e-03 
8.301999999999999318e+02 4.388670863136008744e-03 
8.303000000000000682e+02 4.557815563826217269e-03 
8.303999999999999773e+02 4.494467915505911786e-03 
8.304999999999998863e+02 4.890644216855552159e-03 
8.306000000000000227e+02 4.187043613355711374e-03 
8.306999999999999318e+02 5.105008266395356584e-03 
8.308000000000000682e+02 4.422835164456033821e-03 
8.308999999999999773e+02 4.500022644095906174e-03 
8.309999999999998863e+02 4.271195525636114695e-03 
8.311000000000000227e+02 4.383689908835980073e-03 
8.311999999999999318e+02 5.430180000595061056e-03 
8.313000000000000682e+02 4.354328493955939711e-03 
8.313999999999999773e+02 4.655258264815765462e-03 
8.314999999999998863e+02 4.476304991745927962e-03 
8.316000000000000227e+02 4.102253624495596010e-03 
8.316999999999999318e+02 4.643327716855777040e-03 
8.318000000000000682e+02 3.663029413154997565e-03 
8.318999999999999773e+02 4.421504601675977850e-03 
8.319999999999998863e+02 4.417196348245982368e-03 
8.321000000000000227e+02 4.157454667295671508e-03 
8.321999999999999318e+02 4.576324730675838080e-03 
8.323000000000000682e+02 4.392964277585992457e-03 
8.323999999999999773e+02 4.299572620846089585e-03 
8.324999999999998863e+02 5.078792717395380456e-03 
8.326000000000000227e+02 4.323033064045898356e-03 
8.326999999999999318e+02 4.146607365596228709e-03 
8.328000000000000682e+02 4.499903932186138586e-03 
8.328999999999999773e+02 4.529581912175880375e-03 
8.329999999999998863e+02 4.520055280595888791e-03 
8.331000000000000227e+02 4.299340143345866012e-03 
8.331999999999999318e+02 4.326772489516064399e-03 
8.333000000000000682e+02 4.565962169336228865e-03 
8.333999999999999773e+02 4.686187666305737659e-03 
8.334999999999998863e+02 4.381063407596015244e-03 
8.336000000000000227e+02 4.889595594906669986e-03 
8.336999999999999318e+02 4.694952563065729091e-03 
8.338000000000000682e+02 4.523997505616172282e-03 
8.338999999999999773e+02 4.500022644095906174e-03 
8.339999999999998863e+02 4.606254973505810417e-03 
8.341000000000000227e+02 4.582670872076251983e-03 
8.341999999999999318e+02 4.226426292806156199e-03 
8.343000000000000682e+02 4.740626974296466810e-03 
8.343999999999999773e+02 4.780133311995652182e-03 
8.344999999999998863e+02 5.077605598195381910e-03 
8.346000000000000227e+02 4.156183460485669487e-03 
8.346999999999999318e+02 4.438604064485963084e-03 
8.348000000000000682e+02 3.994220830965448943e-03 
8.348999999999999773e+02 4.133479805776240669e-03 
8.349999999999998863e+02 4.630793716635788274e-03 
8.351000000000000227e+02 4.097881068775590524e-03 
8.351999999999999318e+02 4.099122597596271261e-03 
8.353000000000000682e+02 4.187854811475713417e-03 
8.353999999999999773e+02 4.767317370965663652e-03 
8.354999999999998863e+02 4.112903072976258935e-03 
8.356000000000000227e+02 4.406784323606012174e-03 
8.356999999999999318e+02 4.604370421775812183e-03 
8.358000000000000682e+02 4.836808361146598470e-03 
8.358999999999999773e+02 4.617240772435800104e-03 
8.359999999999998863e+02 3.886262232376465429e-03 
8.361000000000000227e+02 4.528721250766178964e-03 
8.361999999999999318e+02 4.024437960926339000e-03 
8.363000000000000682e+02 4.334325535435913472e-03 
8.363999999999999773e+02 4.490441602885916067e-03 
8.364999999999998863e+02 4.740730847215688520e-03 
8.366000000000000227e+02 4.632579341776320303e-03 
8.366999999999999318e+02 4.129977804136243658e-03 
8.368000000000000682e+02 4.290308144765853440e-03 
8.368999999999999773e+02 4.691317010515733653e-03 
8.369999999999998863e+02 4.103846342746267535e-03 
8.371000000000000227e+02 4.380281887465976333e-03 
8.371999999999999318e+02 4.785811698835646527e-03 
8.373000000000000682e+02 4.092553871365582630e-03 
8.373999999999999773e+02 4.267095018066119176e-03 
8.374999999999998863e+02 4.361614438036032562e-03 
8.376000000000000227e+02 4.247319590735793883e-03 
8.376999999999999318e+02 4.690337637175734202e-03 
8.378000000000000682e+02 4.625238988056308911e-03 
8.378999999999999773e+02 4.140582735656234137e-03 
8.379999999999998863e+02 3.981756079356378597e-03 
8.381000000000000227e+02 4.381567933265976926e-03 
8.381999999999999318e+02 4.440543025845960709e-03 
8.383000000000000682e+02 4.757820417376490418e-03 
8.383999999999999773e+02 4.319951500446070694e-03 
8.384999999999998863e+02 4.658448647665762964e-03 
8.386000000000000227e+02 4.343219036775924913e-03 
8.386999999999999318e+02 4.347101905816046219e-03 
8.388000000000000682e+02 4.345296495375928006e-03 
8.388999999999999773e+02 4.489912345575916390e-03 
8.389999999999998863e+02 4.486865406295919255e-03 
8.391000000000000227e+02 4.696154521266406902e-03 
8.391999999999999318e+02 4.833073881985604572e-03 
8.393000000000000682e+02 4.006299768825465589e-03 
8.393999999999999773e+02 4.071779285356296081e-03 
8.394999999999998863e+02 5.057078328695400332e-03 
8.396000000000000227e+02 4.415781697876024030e-03 
8.396999999999999318e+02 4.540409428545871123e-03 
8.398000000000000682e+02 4.266461887835820525e-03 
8.398999999999999773e+02 4.370676114596024064e-03 
8.399999999999998863e+02 4.836679756555601131e-03 
8.401000000000000227e+02 4.078986088175564663e-03 
8.401999999999999318e+02 4.076008397506292527e-03 
8.403000000000000682e+02 4.611512922306292006e-03 
8.403999999999999773e+02 5.114208440195348350e-03 
8.404999999999998863e+02 4.493869409575913278e-03 
8.406000000000000227e+02 4.563899549726226079e-03 
8.406999999999999318e+02 4.520688410835888016e-03 
8.408000000000000682e+02 4.075523657175560664e-03 
8.408999999999999773e+02 4.136610832666237809e-03 
8.409999999999998863e+02 4.617740351765800035e-03 
8.411000000000000227e+02 4.287557985285848569e-03 
8.411999999999999318e+02 4.794818965765638638e-03 
8.413000000000000682e+02 3.729072811315087103e-03 
8.413999999999999773e+02 4.310058840446080210e-03 
8.414999999999998863e+02 4.433148262495967273e-03 
8.416000000000000227e+02 4.091267825565581169e-03 
8.416999999999999318e+02 4.226510380416155337e-03 
8.418000000000000682e+02 4.474578722586104555e-03 
8.418999999999999773e+02 4.539499303825871371e-03 
8.419999999999998863e+02 4.530482144235879055e-03 
8.421000000000000227e+02 4.430709721816044125e-03 
8.421999999999999318e+02 4.090891904476279609e-03 
8.423000000000000682e+02 4.556395967116215646e-03 
8.423999999999999773e+02 4.706863325705718838e-03 
8.424999999999998863e+02 4.501021802755906034e-03 
8.426000000000000227e+02 4.113961587605612785e-03 
8.426999999999999318e+02 4.624971886225793562e-03 
8.428000000000000682e+02 4.823186168326580245e-03 
8.428999999999999773e+02 4.188141698606190517e-03 
8.429999999999998863e+02 4.204939435286174712e-03 
8.431000000000000227e+02 4.462672906276088022e-03 
8.431999999999999318e+02 4.155337638046221159e-03 
8.433000000000000682e+02 4.051172874585526849e-03 
8.433999999999999773e+02 4.525669365145883541e-03 
8.434999999999998863e+02 4.835458013045601869e-03 
8.436000000000000227e+02 4.486039369196119682e-03 
8.436999999999999318e+02 4.292766470766095320e-03 
8.438000000000000682e+02 4.473455905676103003e-03 
8.438999999999999773e+02 4.508129678965900472e-03 
8.439999999999998863e+02 4.675651983405746878e-03 
8.441000000000000227e+02 4.136907612475643550e-03 
8.441999999999999318e+02 4.581612357445833013e-03 
8.443000000000000682e+02 4.453532088436075800e-03 
8.443999999999999773e+02 4.276888751466109348e-03 
8.444999999999998863e+02 4.418190560575981259e-03 
8.446000000000000227e+02 4.395506691205995631e-03 
8.446999999999999318e+02 4.713293554705713130e-03 
8.448000000000000682e+02 4.937204021156735810e-03 
8.448999999999999773e+02 4.395566047156002250e-03 
8.449999999999998863e+02 3.860264321896488601e-03 
8.451000000000000227e+02 3.889571327155306839e-03 
8.451999999999999318e+02 4.470854136085933989e-03 
8.453000000000000682e+02 4.307447178215875923e-03 
8.453999999999999773e+02 4.087869696846282118e-03 
8.454999999999998863e+02 4.576037843535837348e-03 
8.456000000000000227e+02 4.656049677626351510e-03 
8.456999999999999318e+02 4.691796804525732306e-03 
8.458000000000000682e+02 4.207011947565738631e-03 
8.458999999999999773e+02 4.948951554895498518e-03 
8.459999999999998863e+02 3.904954413446448062e-03 
8.461000000000000227e+02 4.314169240685884928e-03 
8.461999999999999318e+02 5.257849863395217503e-03 
8.463000000000000682e+02 4.567297678436230482e-03 
8.463999999999999773e+02 4.540805134945869771e-03 
8.464999999999998863e+02 4.543728415975867817e-03 
8.466000000000000227e+02 4.306368878275874425e-03 
8.466999999999999318e+02 4.182557292036195515e-03 
8.468000000000000682e+02 4.768845786946506078e-03 
8.468999999999999773e+02 4.115821407676256878e-03 
8.469999999999998863e+02 4.753630875855677056e-03 
8.471000000000000227e+02 4.233079106665774138e-03 
8.471999999999999318e+02 4.997771831995454980e-03 
8.473000000000000682e+02 4.154422567005667741e-03 
8.473999999999999773e+02 4.193656856556185822e-03 
8.474999999999998863e+02 4.024428068266339663e-03 
8.476000000000000227e+02 4.454145433356076350e-03 
8.476999999999999318e+02 4.576398925625837881e-03 
8.478000000000000682e+02 4.544955105826200062e-03 
8.478999999999999773e+02 4.488294895665916745e-03 
8.479999999999998863e+02 4.254002082556130118e-03 
8.481000000000000227e+02 4.171408264225690520e-03 
8.481999999999999318e+02 4.535047606825875523e-03 
8.483000000000000682e+02 3.770374666815142981e-03 
8.483999999999999773e+02 4.442917264245959535e-03 
8.484999999999998863e+02 4.327519385346064243e-03 
8.486000000000000227e+02 4.198365762725727972e-03 
8.486999999999999318e+02 4.942684554785504135e-03 
8.488000000000000682e+02 4.219016690475755477e-03 
8.488999999999999773e+02 5.005141863695447037e-03 
8.489999999999998863e+02 4.192108655266186742e-03 
8.491000000000000227e+02 4.607560804636286547e-03 
8.491999999999999318e+02 4.233484705716149613e-03 
8.493000000000000682e+02 4.469642285246097808e-03 
8.493999999999999773e+02 4.748333356425681918e-03 
8.494999999999998863e+02 4.314426449836076052e-03 
8.496000000000000227e+02 4.359517194125947341e-03 
8.496999999999999318e+02 4.571848302025841720e-03 
8.498000000000000682e+02 4.408480914796014324e-03 
8.498999999999999773e+02 4.298425072286090991e-03 
8.499999999999998863e+02 4.433890211995967015e-03 
8.501000000000000227e+02 3.936507052525370018e-03 
8.501999999999999318e+02 3.927272254406428964e-03 
8.503000000000000682e+02 4.102965896015597740e-03 
8.503999999999999773e+02 4.104296458776267309e-03 
8.504999999999998863e+02 4.734523203065693631e-03 
8.506000000000000227e+02 4.169731458355687911e-03 
8.506999999999999318e+02 4.505641674975901893e-03 
8.508000000000000682e+02 4.275296033215831605e-03 
8.508999999999999773e+02 3.964498333986394424e-03 
8.509999999999998863e+02 4.477892763675926993e-03 
8.511000000000000227e+02 4.243001444645787788e-03 
8.511999999999999318e+02 4.152978238636221772e-03 
8.513000000000000682e+02 4.307734065355875788e-03 
8.513999999999999773e+02 4.084036291096285187e-03 
8.514999999999998863e+02 4.317141985006072401e-03 
8.516000000000000227e+02 4.451573341756072562e-03 
8.516999999999999318e+02 3.982033073836378258e-03 
8.518000000000000682e+02 3.985663680065437524e-03 
8.518999999999999773e+02 4.215425654886166204e-03 
8.519999999999998863e+02 4.433192779465968195e-03 
8.521000000000000227e+02 4.243852213405789782e-03 
8.521999999999999318e+02 4.120881503266251439e-03 
8.523000000000000682e+02 4.644534621386336125e-03 
8.523999999999999773e+02 4.254269184376130442e-03 
8.524999999999998863e+02 4.268667951006117900e-03 
8.526000000000000227e+02 4.335027914295914130e-03 
8.526999999999999318e+02 4.977739195495472363e-03 
8.528000000000000682e+02 4.205701170115737526e-03 
8.528999999999999773e+02 4.285371707416102752e-03 
8.529999999999998863e+02 3.848343666596499950e-03 
8.531000000000000227e+02 4.198618025555727988e-03 
8.531999999999999318e+02 4.217720752006164260e-03 
8.533000000000000682e+02 4.510207137576152311e-03 
8.533999999999999773e+02 4.682883517865740405e-03 
8.534999999999998863e+02 4.428741082465971479e-03 
8.536000000000000227e+02 4.217661396055753451e-03 
8.536999999999999318e+02 4.072570698156295979e-03 
8.538000000000000682e+02 4.183051925045705964e-03 
8.538999999999999773e+02 4.533771453685876002e-03 
8.539999999999998863e+02 4.492444866535914155e-03 
8.541000000000000227e+02 3.888211086405304277e-03 
8.541999999999999318e+02 4.412823792525986423e-03 
8.543000000000000682e+02 4.606799069816284661e-03 
8.543999999999999773e+02 4.246577641226137803e-03 
8.544999999999998863e+02 4.591450607815823239e-03 
8.546000000000000227e+02 4.209094352495741827e-03 
8.546999999999999318e+02 4.419748654525979675e-03 
8.548000000000000682e+02 4.576849041666244261e-03 
8.548999999999999773e+02 4.295511683916094017e-03 
8.549999999999998863e+02 4.527786394385882249e-03 
8.551000000000000227e+02 4.492138194086127932e-03 
8.551999999999999318e+02 4.411211288945986880e-03 
8.553000000000000682e+02 4.316197235985887865e-03 
8.553999999999999773e+02 3.446266393556865829e-03 
8.554999999999998863e+02 4.667604304495754676e-03 
8.556000000000000227e+02 4.302931178925870070e-03 
8.556999999999999318e+02 4.487889296605917892e-03 
8.558000000000000682e+02 4.354115801765939646e-03 
8.558999999999999773e+02 4.268564078076117485e-03 
8.559999999999998863e+02 4.190822609466188751e-03 
8.561000000000000227e+02 4.491341834956127065e-03 
8.561999999999999318e+02 4.408980494115990155e-03 
8.563000000000000682e+02 3.927940008965358394e-03 
8.563999999999999773e+02 4.775028699435657567e-03 
8.564999999999998863e+02 4.775577742065655919e-03 
8.566000000000000227e+02 4.513580534636157937e-03 
8.566999999999999318e+02 4.258275711676127485e-03 
8.568000000000000682e+02 4.270839389885826114e-03 
8.568999999999999773e+02 4.256321911326128686e-03 
8.569999999999998863e+02 4.062495023946304309e-03 
8.571000000000000227e+02 4.291519995615854233e-03 
8.571999999999999318e+02 4.362761986596032024e-03 
8.573000000000000682e+02 4.236061743655778616e-03 
8.573999999999999773e+02 4.358968151486035912e-03 
8.574999999999998863e+02 4.603865896115813018e-03 
8.576000000000000227e+02 3.924828767395353857e-03 
8.576999999999999318e+02 4.361673793996032923e-03 
8.578000000000000682e+02 4.085782345595573468e-03 
8.578999999999999773e+02 3.999369960486362334e-03 
8.579999999999998863e+02 4.030709907366334353e-03 
8.581000000000000227e+02 4.303198280745870394e-03 
8.581999999999999318e+02 4.303757216026085977e-03 
8.583000000000000682e+02 4.848837835706615827e-03 
8.583999999999999773e+02 4.544158746685867181e-03 
8.584999999999998863e+02 3.932144389456423104e-03 
8.586000000000000227e+02 4.054961763365532400e-03 
8.586999999999999318e+02 3.918744781486436374e-03 
8.588000000000000682e+02 3.811760609925200598e-03 
8.588999999999999773e+02 4.230764224216151427e-03 
8.589999999999998863e+02 4.335661044526056655e-03 
8.591000000000000227e+02 4.849530321906615413e-03 
8.591999999999999318e+02 4.040602567366324838e-03 
8.593000000000000682e+02 4.309964860185879452e-03 
8.593999999999999773e+02 4.532599173475876896e-03 
8.594999999999998863e+02 4.708886374675717336e-03 
8.596000000000000227e+02 3.848482163845249725e-03 
8.596999999999999318e+02 3.947794577576409572e-03 
8.598000000000000682e+02 4.544786930606200051e-03 
8.598999999999999773e+02 3.980717350056379653e-03 
8.599999999999998863e+02 3.881068585876470273e-03 
8.601000000000000227e+02 4.269949050485825036e-03 
8.601999999999999318e+02 4.490040950155916449e-03 
8.603000000000000682e+02 4.437817598026054175e-03 
8.603999999999999773e+02 4.089902638476279953e-03 
8.604999999999998863e+02 4.315010116776075988e-03 
8.606000000000000227e+02 4.464646491946090701e-03 
8.606999999999999318e+02 4.154224713796221546e-03 
8.608000000000000682e+02 4.201768837765732477e-03 
8.608999999999999773e+02 4.454649959005949067e-03 
8.609999999999998863e+02 4.429789704425970628e-03 
8.611000000000000227e+02 4.347739982395931735e-03 
8.611999999999999318e+02 3.824477624346521269e-03 
8.613000000000000682e+02 4.751642451206482265e-03 
8.613999999999999773e+02 4.197945324666181761e-03 
8.614999999999998863e+02 4.290362554386097614e-03 
8.616000000000000227e+02 4.592993862786266118e-03 
8.616999999999999318e+02 4.272906955816113683e-03 
8.618000000000000682e+02 4.151251969475663710e-03 
8.618999999999999773e+02 4.474460010655930547e-03 
8.619999999999998863e+02 4.028983638196335926e-03 
8.621000000000000227e+02 4.313150296705883791e-03 
8.621999999999999318e+02 3.891589429786459879e-03 
8.623000000000000682e+02 4.560689381556222097e-03 
8.623999999999999773e+02 4.495061475105911059e-03 
8.624999999999998863e+02 3.977457718586382453e-03 
8.626000000000000227e+02 3.787775855755167419e-03 
8.626999999999999318e+02 4.121564096806250820e-03 
8.628000000000000682e+02 4.093790453865584801e-03 
8.628999999999999773e+02 3.977101582826382889e-03 
8.629999999999998863e+02 4.315613569036074598e-03 
8.631000000000000227e+02 4.538920583226191408e-03 
8.631999999999999318e+02 4.478060938895927004e-03 
8.633000000000000682e+02 3.962722601525405994e-03 
8.633999999999999773e+02 4.370532671026024565e-03 
8.634999999999998863e+02 3.836007519576511374e-03 
8.636000000000000227e+02 4.481290892396114223e-03 
8.636999999999999318e+02 4.848813104045590280e-03 
8.638000000000000682e+02 4.410924401816017186e-03 
8.638999999999999773e+02 4.249416834646135843e-03 
8.639999999999998863e+02 4.383699801486012557e-03 
8.641000000000000227e+02 4.315321735575886226e-03 
8.641999999999999318e+02 4.156099372866220443e-03 
8.643000000000000682e+02 4.330432773725907507e-03 
8.643999999999999773e+02 4.288290042116099827e-03 
8.644999999999998863e+02 4.474692488165930154e-03 
8.646000000000000227e+02 4.263449572865816301e-03 
8.646999999999999318e+02 4.363063712726032196e-03 
8.648000000000000682e+02 4.382552252935979081e-03 
8.648999999999999773e+02 4.532594227145876793e-03 
8.649999999999998863e+02 4.334246394146057738e-03 
8.651000000000000227e+02 4.518244923826163391e-03 
8.651999999999999318e+02 4.350925418906042078e-03 
8.653000000000000682e+02 4.134731227275640145e-03 
8.653999999999999773e+02 4.748793365115681030e-03 
8.654999999999998863e+02 4.405191605335994146e-03 
8.656000000000000227e+02 3.611597473814926774e-03 
8.656999999999999318e+02 4.073960616886294385e-03 
8.658000000000000682e+02 4.063632679855542704e-03 
8.658999999999999773e+02 3.950361722846408054e-03 
8.659999999999998863e+02 4.111354871686259856e-03 
8.661000000000000227e+02 4.631001462506318007e-03 
8.661999999999999318e+02 4.247552068236136284e-03 
8.663000000000000682e+02 4.086643007015574799e-03 
8.663999999999999773e+02 4.055446503696311100e-03 
8.664999999999998863e+02 4.132258062266242274e-03 
8.666000000000000227e+02 3.474094446144739261e-03 
8.666999999999999318e+02 4.175513718116202408e-03 
8.668000000000000682e+02 4.179807132565702132e-03 
8.668999999999999773e+02 4.661089987885761246e-03 
8.669999999999998863e+02 4.051479547036314875e-03 
8.671000000000000227e+02 4.612932519016292761e-03 
8.671999999999999318e+02 4.523854062035885006e-03 
8.673000000000000682e+02 4.171883111905691673e-03 
8.673999999999999773e+02 4.510592951305897672e-03 
8.674999999999998863e+02 4.372135281946023903e-03 
8.676000000000000227e+02 4.136685027625643281e-03 
8.676999999999999318e+02 4.308119879086081717e-03 
8.678000000000000682e+02 4.216810627295753192e-03 
8.678999999999999773e+02 4.113526310556257955e-03 
8.679999999999998863e+02 4.729324610235697939e-03 
8.681000000000000227e+02 4.401580784446004237e-03 
8.681999999999999318e+02 3.999879432476362469e-03 
8.683000000000000682e+02 4.159685462125674305e-03 
8.683999999999999773e+02 4.447047449795955669e-03 
8.684999999999998863e+02 4.672501171195750196e-03 
8.686000000000000227e+02 4.311819733935882276e-03 
8.686999999999999318e+02 4.744415863065684115e-03 
8.688000000000000682e+02 4.778876944186519378e-03 
8.688999999999999773e+02 4.191114442936187852e-03 
8.689999999999998863e+02 4.297970009926091114e-03 
8.691000000000000227e+02 4.073906207265557550e-03 
8.691999999999999318e+02 3.793157462786549226e-03 
8.693000000000000682e+02 4.068781809385551250e-03 
8.693999999999999773e+02 4.356821444266037457e-03 
8.694999999999998863e+02 4.082072598086287051e-03 
8.696000000000000227e+02 4.370310086185961659e-03 
8.696999999999999318e+02 4.055916405046311284e-03 
8.698000000000000682e+02 4.393404500955993761e-03 
8.698999999999999773e+02 4.008095286606354682e-03 
8.699999999999998863e+02 4.285139229906102278e-03 
8.701000000000000227e+02 4.261629323425813326e-03 
8.701999999999999318e+02 4.278436952756109295e-03 
8.703000000000000682e+02 4.022043937215486961e-03 
8.703999999999999773e+02 4.246444090316137641e-03 
8.704999999999998863e+02 4.031951436196332290e-03 
8.706000000000000227e+02 4.674999067856377630e-03 
8.706999999999999318e+02 4.168237666686208827e-03 
8.708000000000000682e+02 4.556203060246215991e-03 
8.708999999999999773e+02 4.479638818165925830e-03 
8.709999999999998863e+02 4.210677178086170286e-03 
8.711000000000000227e+02 3.799869632605183505e-03 
8.711999999999999318e+02 4.237026277996146575e-03 
8.713000000000000682e+02 4.210474378565744365e-03 
8.713999999999999773e+02 3.881306009716469548e-03 
8.714999999999998863e+02 4.097762356846273470e-03 
8.716000000000000227e+02 4.344267658735926664e-03 
8.716999999999999318e+02 4.172333227926205111e-03 
8.718000000000000682e+02 3.752137548105118590e-03 
8.718999999999999773e+02 4.195160540876184847e-03 
8.719999999999998863e+02 4.797480091305636463e-03 
8.721000000000000227e+02 4.487691443416121778e-03 
8.721999999999999318e+02 4.532411212935877343e-03 
8.723000000000000682e+02 4.201110975875731006e-03 
8.723999999999999773e+02 4.174638217706203372e-03 
8.724999999999998863e+02 3.587093354986737453e-03 
8.726000000000000227e+02 4.088537451405577575e-03 
8.726999999999999318e+02 4.132930763146241450e-03 
8.728000000000000682e+02 4.123384346255624770e-03 
8.728999999999999773e+02 4.041928183806322780e-03 
8.729999999999998863e+02 3.880029856576471762e-03 
8.731000000000000227e+02 4.203312092725734056e-03 
8.731999999999999318e+02 4.500878359185906535e-03 
8.733000000000000682e+02 4.450366437236071872e-03 
8.733999999999999773e+02 3.756881078566583036e-03 
8.734999999999998863e+02 3.860526477386488822e-03 
8.736000000000000227e+02 4.251004606585799019e-03 
8.736999999999999318e+02 4.442526504175960123e-03 
8.738000000000000682e+02 3.827875753065222274e-03 
8.738999999999999773e+02 4.074702566386294127e-03 
8.739999999999998863e+02 4.238233182516145531e-03 
8.741000000000000227e+02 4.282631440605842027e-03 
8.741999999999999318e+02 4.166565807146210658e-03 
8.743000000000000682e+02 3.959581681975402577e-03 
8.743999999999999773e+02 4.332302486456060010e-03 
8.744999999999998863e+02 3.865279900516484408e-03 
8.746000000000000227e+02 4.328563060985904376e-03 
8.746999999999999318e+02 3.807961828476536404e-03 
8.748000000000000682e+02 4.600655727956276357e-03 
8.748999999999999773e+02 4.145489495016229861e-03 
8.749999999999998863e+02 3.951454861776406390e-03 
8.751000000000000227e+02 4.254704461425803594e-03 
8.751999999999999318e+02 4.104479472986266760e-03 
8.753000000000000682e+02 4.282394016765842318e-03 
8.753999999999999773e+02 3.609950345916716503e-03 
8.754999999999998863e+02 4.649446327065770955e-03 
8.756000000000000227e+02 3.837634862155235582e-03 
8.756999999999999318e+02 4.038510269776326642e-03 
8.758000000000000682e+02 4.850712494776617326e-03 
8.758999999999999773e+02 4.029893762916334811e-03 
8.759999999999998863e+02 4.038782317926326200e-03 
8.761000000000000227e+02 3.919981363995347218e-03 
8.761999999999999318e+02 4.726831659915700992e-03 
8.763000000000000682e+02 4.247655941175794772e-03 
8.763999999999999773e+02 4.505295431875902534e-03 
8.764999999999998863e+02 4.510805643495897736e-03 
8.766000000000000227e+02 4.010192530535470687e-03 
8.766999999999999318e+02 4.830946960085605660e-03 
8.768000000000000682e+02 4.158715981445673324e-03 
8.768999999999999773e+02 4.132990119106240944e-03 
8.769999999999998863e+02 4.526312388045882970e-03 
8.771000000000000227e+02 4.524650421176172783e-03 
8.771999999999999318e+02 4.064102581196303750e-03 
8.773000000000000682e+02 4.392162972125991487e-03 
8.773999999999999773e+02 4.315860885536074512e-03 
8.774999999999998863e+02 4.538381433245871656e-03 
8.776000000000000227e+02 4.492336047286127690e-03 
8.776999999999999318e+02 4.664987695925756905e-03 
8.778000000000000682e+02 4.080514504145567670e-03 
8.778999999999999773e+02 4.485351829315920025e-03 
8.779999999999998863e+02 4.909138544725535035e-03 
8.781000000000000227e+02 4.235186243245777846e-03 
8.781999999999999318e+02 4.776606578705655526e-03 
8.783000000000000682e+02 4.329868892105907113e-03 
8.783999999999999773e+02 3.947601670706409917e-03 
8.784999999999998863e+02 4.243060800596141352e-03 
8.786000000000000227e+02 4.379619079245974760e-03 
8.786999999999999318e+02 4.488275110345917203e-03 
8.788000000000000682e+02 4.338440881995918839e-03 
8.788999999999999773e+02 4.330477290686061270e-03 
8.789999999999998863e+02 4.394319571996003343e-03 
8.791000000000000227e+02 4.032154235735501031e-03 
8.791999999999999318e+02 4.315638300686075110e-03 
8.793000000000000682e+02 4.402753064656005945e-03 
8.793999999999999773e+02 4.539301450625871613e-03 
8.794999999999998863e+02 4.181523509066196673e-03 
8.796000000000000227e+02 4.024220322415489499e-03 
8.796999999999999318e+02 4.346958462246045853e-03 
8.798000000000000682e+02 4.348541287855932705e-03 
8.798999999999999773e+02 4.140187029256234622e-03 
8.799999999999998863e+02 4.362677898986032018e-03 
8.801000000000000227e+02 4.315702602985887169e-03 
8.801999999999999318e+02 4.292291623086096769e-03 
8.803000000000000682e+02 3.770246062235142921e-03 
8.803999999999999773e+02 4.465027359345939174e-03 
8.804999999999998863e+02 4.130581256396243135e-03 
8.806000000000000227e+02 4.372090764985964682e-03 
8.806999999999999318e+02 4.653047255305767411e-03 
8.808000000000000682e+02 4.693048226026401600e-03 
8.808999999999999773e+02 4.630289190975788241e-03 
8.809999999999998863e+02 4.185772406536192661e-03 
8.811000000000000227e+02 4.076953146545561624e-03 
8.811999999999999318e+02 3.842917542586505187e-03 
8.813000000000000682e+02 4.204528889905735818e-03 
8.813999999999999773e+02 4.187938899076190657e-03 
8.814999999999998863e+02 4.240978395666142493e-03 
8.816000000000000227e+02 4.619075860876301065e-03 
8.816999999999999318e+02 4.277205316586108960e-03 
8.818000000000000682e+02 4.409781799586015225e-03 
8.818999999999999773e+02 4.186242307886192844e-03 
8.819999999999998863e+02 4.359987095466034447e-03 
8.821000000000000227e+02 3.839732106075238217e-03 
8.821999999999999318e+02 4.488665870415917483e-03 
8.823000000000000682e+02 3.785520329275164110e-03 
8.823999999999999773e+02 4.314010958116076128e-03 
8.824999999999998863e+02 3.953888456136403842e-03 
8.826000000000000227e+02 3.972857631695419708e-03 
8.826999999999999318e+02 4.280924956746106139e-03 
8.828000000000000682e+02 4.448194998366068569e-03 
8.828999999999999773e+02 4.254373057306130856e-03 
8.829999999999998863e+02 4.180074234376197906e-03 
8.831000000000000227e+02 4.272768458585828738e-03 
8.831999999999999318e+02 4.705691045495720599e-03 
8.833000000000000682e+02 4.045420292795518825e-03 
8.833999999999999773e+02 4.001432580096360783e-03 
8.834999999999998863e+02 3.935141865436420951e-03 
8.836000000000000227e+02 4.129280371615633161e-03 
8.836999999999999318e+02 4.046978386736318871e-03 
8.838000000000000682e+02 4.624694891756308927e-03 
8.838999999999999773e+02 3.536912837136783633e-03 
8.839999999999998863e+02 4.291243001126097620e-03 
8.841000000000000227e+02 4.100502623675593601e-03 
8.841999999999999318e+02 4.350158737756043559e-03 
8.843000000000000682e+02 4.331629785585909727e-03 
8.843999999999999773e+02 4.817117021405617830e-03 
8.844999999999998863e+02 3.967510648956391710e-03 
8.846000000000000227e+02 3.702832530665051049e-03 
8.846999999999999318e+02 4.010672324536351634e-03 
8.848000000000000682e+02 4.021940064285487414e-03 
8.848999999999999773e+02 4.408515539095990074e-03 
8.849999999999998863e+02 4.676735229675745877e-03 
8.851000000000000227e+02 4.078976195515565326e-03 
8.851999999999999318e+02 3.626362268856701820e-03 
8.853000000000000682e+02 4.213644976095748396e-03 
8.853999999999999773e+02 4.174361223226203711e-03 
8.854999999999998863e+02 4.320268065566070306e-03 
8.856000000000000227e+02 3.887845057985304074e-03 
8.856999999999999318e+02 4.308851935926081254e-03 
8.858000000000000682e+02 4.303133978455870798e-03 
8.858999999999999773e+02 4.089442629786280842e-03 
8.859999999999998863e+02 4.174227672316203550e-03 
8.861000000000000227e+02 4.157771232415671987e-03 
8.861999999999999318e+02 4.062549433576304568e-03 
8.863000000000000682e+02 4.318279640915891060e-03 
8.863999999999999773e+02 3.823241041846522567e-03 
8.864999999999998863e+02 4.183863123156193915e-03 
8.866000000000000227e+02 4.230239913245770894e-03 
8.866999999999999318e+02 4.185905957446192822e-03 
8.868000000000000682e+02 4.164176729765680512e-03 
8.868999999999999773e+02 3.697544903886637070e-03 
8.869999999999998863e+02 4.008876806746353508e-03 
8.871000000000000227e+02 4.204855347685736502e-03 
8.871999999999999318e+02 4.478065885225927106e-03 
8.873000000000000682e+02 3.886153413125302027e-03 
8.873999999999999773e+02 3.993206833306367498e-03 
8.874999999999998863e+02 4.180915110476197093e-03 
8.876000000000000227e+02 4.088300027565576998e-03 
8.876999999999999318e+02 4.078110587756290061e-03 
8.878000000000000682e+02 4.289917384695852293e-03 
8.878999999999999773e+02 4.186227468896192537e-03 
8.879999999999998863e+02 3.567228893706755714e-03 
8.881000000000000227e+02 4.275211945605832467e-03 
8.881999999999999318e+02 4.048813475166316948e-03 
8.883000000000000682e+02 4.159086956195673195e-03 
8.883999999999999773e+02 4.083823598906285990e-03 
8.884999999999998863e+02 4.216607827756164648e-03 
8.886000000000000227e+02 4.537055816816189246e-03 
8.886999999999999318e+02 4.117913705266254207e-03 
8.888000000000000682e+02 4.118393499285618632e-03 
8.888999999999999773e+02 4.373802195156021970e-03 
8.889999999999998863e+02 4.079371901906290142e-03 
8.891000000000000227e+02 3.784946554995163512e-03 
8.891999999999999318e+02 4.078961356516290319e-03 
8.893000000000000682e+02 4.182755145245706761e-03 
8.893999999999999773e+02 3.995823441876365269e-03 
8.894999999999998863e+02 3.852844826896495087e-03 
8.896000000000000227e+02 4.049570263665524042e-03 
8.896999999999999318e+02 4.000403743456361176e-03 
8.898000000000000682e+02 4.098217419215590546e-03 
8.898999999999999773e+02 3.984298492976375700e-03 
8.899999999999998863e+02 4.342521604236050312e-03 
8.901000000000000227e+02 4.285559667965846246e-03 
8.901999999999999318e+02 4.273030614066113640e-03 
8.903000000000000682e+02 4.034558152115503941e-03 
8.903999999999999773e+02 3.808154735346536493e-03 
8.904999999999998863e+02 4.614634056525802538e-03 
8.906000000000000227e+02 4.150297327785661301e-03 
8.906999999999999318e+02 4.163464458236212397e-03 
8.908000000000000682e+02 4.006309661485464926e-03 
8.908999999999999773e+02 4.377368499086018577e-03 
8.909999999999998863e+02 4.603692774565812905e-03 
8.911000000000000227e+02 3.860125824665266471e-03 
8.911999999999999318e+02 4.259047339156126974e-03 
8.913000000000000682e+02 4.103247836825597503e-03 
8.913999999999999773e+02 4.507654831285900186e-03 
8.914999999999998863e+02 4.464379390115938775e-03 
8.916000000000000227e+02 3.928281305735358518e-03 
8.916999999999999318e+02 4.261278133986124567e-03 
8.918000000000000682e+02 3.952909082805391994e-03 
8.918999999999999773e+02 3.697213499776637585e-03 
8.919999999999998863e+02 4.393988167886003424e-03 
8.921000000000000227e+02 4.092984202075583729e-03 
8.921999999999999318e+02 4.312002748136077937e-03 
8.923000000000000682e+02 4.052335262135527486e-03 
8.923999999999999773e+02 4.015668117836347466e-03 
8.924999999999998863e+02 4.190585185626189042e-03 
8.926000000000000227e+02 4.411700975626018512e-03 
8.926999999999999318e+02 4.620589437845797412e-03 
8.928000000000000682e+02 4.031461749535499711e-03 
8.928999999999999773e+02 4.092919899776277341e-03 
8.929999999999998863e+02 4.352711044036040866e-03 
8.931000000000000227e+02 4.346038444875928615e-03 
8.931999999999999318e+02 4.159784388716216037e-03 
8.933000000000000682e+02 3.628914575144950340e-03 
8.933999999999999773e+02 3.950010533416407725e-03 
8.934999999999998863e+02 4.408792533575989735e-03 
8.936000000000000227e+02 4.192835765785719350e-03 
8.936999999999999318e+02 4.073421466916294503e-03 
8.938000000000000682e+02 4.237377467435781558e-03 
8.938999999999999773e+02 4.617136899505800557e-03 
8.939999999999998863e+02 3.687578048936645918e-03 
8.941000000000000227e+02 4.233519330035775442e-03 
8.941999999999999318e+02 4.048101203646318688e-03 
8.943000000000000682e+02 4.121722379375623337e-03 
8.943999999999999773e+02 4.515301857465892771e-03 
8.944999999999998863e+02 3.950386454496406831e-03 
8.946000000000000227e+02 4.117532837865617301e-03 
8.946999999999999318e+02 4.260991246846124701e-03 
8.948000000000000682e+02 4.063251812445542628e-03 
8.948999999999999773e+02 3.929414015296426449e-03 
8.949999999999998863e+02 3.946439283156410148e-03 
8.951000000000000227e+02 4.335863844065914949e-03 
8.951999999999999318e+02 4.261446309206123710e-03 
8.953000000000000682e+02 3.518359153314799641e-03 
8.953999999999999773e+02 4.066585638856301359e-03 
8.954999999999998863e+02 3.940389921566416799e-03 
8.956000000000000227e+02 3.975780912725423825e-03 
8.956999999999999318e+02 3.892123633426459225e-03 
8.958000000000000682e+02 4.147463080695658159e-03 
8.958999999999999773e+02 3.936264682346419901e-03 
8.959999999999998863e+02 4.138589364666235386e-03 
8.961000000000000227e+02 4.206893235645738777e-03 
8.961999999999999318e+02 4.329211030206062821e-03 
8.963000000000000682e+02 4.030724746365498337e-03 
8.963999999999999773e+02 4.117636710786254546e-03 
8.964999999999998863e+02 4.407461970805991690e-03 
8.966000000000000227e+02 4.347309651685930636e-03 
8.966999999999999318e+02 4.121099141786251606e-03 
8.968000000000000682e+02 4.224071839735762945e-03 
8.968999999999999773e+02 4.067322642026300998e-03 
8.969999999999998863e+02 3.956811737166401888e-03 
8.971000000000000227e+02 4.501541167416141243e-03 
8.971999999999999318e+02 4.258156999756126763e-03 
8.973000000000000682e+02 4.132723017295637617e-03 
8.973999999999999773e+02 4.173465937496204266e-03 
8.974999999999998863e+02 4.378397335726018184e-03 
8.976000000000000227e+02 4.333108738255911710e-03 
8.976999999999999318e+02 3.933855819636422092e-03 
8.978000000000000682e+02 4.174326598925694534e-03 
8.978999999999999773e+02 4.244297383096140054e-03 
8.979999999999998863e+02 4.114708483426258133e-03 
8.981000000000000227e+02 4.255515659545804769e-03 
8.981999999999999318e+02 4.212096774796168439e-03 
8.983000000000000682e+02 4.482042734556115036e-03 
8.983999999999999773e+02 3.948704702296408457e-03 
8.984999999999998863e+02 3.837056141536510524e-03 
8.986000000000000227e+02 4.222746223295761533e-03 
8.986999999999999318e+02 3.704756653026631055e-03 
8.988000000000000682e+02 4.947517119206749740e-03 
8.988999999999999773e+02 4.158542859886217233e-03 
8.989999999999998863e+02 3.705028701176630180e-03 
8.991000000000000227e+02 3.952290791555392209e-03 
8.991999999999999318e+02 3.922607865216432184e-03 
8.993000000000000682e+02 3.357089009994579550e-03 
8.993999999999999773e+02 3.790906882636552525e-03 
8.994999999999998863e+02 4.141087261316233302e-03 
8.996000000000000227e+02 4.298504213575864326e-03 
8.996999999999999318e+02 3.754585981446584980e-03 
8.998000000000000682e+02 3.858191809635263311e-03 
8.998999999999999773e+02 3.733094177596604692e-03 
8.999999999999998863e+02 4.094037770356277056e-03 
9.001000000000000227e+02 4.265467675505819033e-03 
9.001999999999999318e+02 4.059730025476307805e-03 
9.003000000000000682e+02 4.261411684905813159e-03 
9.003999999999999773e+02 4.536012141175874667e-03 
9.004999999999998863e+02 4.448105964415954156e-03 
9.006000000000000227e+02 3.739138592865101120e-03 
9.006999999999999318e+02 4.422751076835977624e-03 
9.008000000000000682e+02 3.796110421805179002e-03 
9.008999999999999773e+02 4.156772073746219619e-03 
9.009999999999998863e+02 3.828766092456517209e-03 
9.011000000000000227e+02 3.993854802545448307e-03 
9.011999999999999318e+02 3.959997173686398420e-03 
9.013000000000000682e+02 4.435908314646051960e-03 
9.013999999999999773e+02 3.666150547376665660e-03 
9.014999999999998863e+02 3.946503585446409744e-03 
9.016000000000000227e+02 4.118759527705618401e-03 
9.016999999999999318e+02 4.265616065396120662e-03 
9.018000000000000682e+02 3.932272994045363929e-03 
9.018999999999999773e+02 3.726970621056610675e-03 
9.019999999999998863e+02 3.983086642126377509e-03 
9.021000000000000227e+02 4.147942874705658547e-03 
9.021999999999999318e+02 4.256133950786129133e-03 
9.023000000000000682e+02 3.949886875175388432e-03 
9.023999999999999773e+02 4.048576051326317239e-03 
9.024999999999998863e+02 3.866293898166483275e-03 
9.026000000000000227e+02 3.763311307575134285e-03 
9.026999999999999318e+02 3.552587756906768878e-03 
9.028000000000000682e+02 3.907308866535330431e-03 
9.028999999999999773e+02 3.800928147216542635e-03 
9.029999999999998863e+02 4.057246967816310196e-03 
9.031000000000000227e+02 4.424798857466036295e-03 
9.031999999999999318e+02 4.285525043646102455e-03 
9.033000000000000682e+02 4.002080549335459807e-03 
9.033999999999999773e+02 4.318823737206071642e-03 
9.034999999999998863e+02 4.484426865605920833e-03 
9.036000000000000227e+02 3.730180789235088348e-03 
9.036999999999999318e+02 4.495689659015911048e-03 
9.038000000000000682e+02 4.027648129105494516e-03 
9.038999999999999773e+02 4.237016385336147238e-03 
9.039999999999998863e+02 3.993810285566366976e-03 
9.041000000000000227e+02 4.407798321256013209e-03 
9.041999999999999318e+02 4.091708048926278284e-03 
9.043000000000000682e+02 4.056401145395533564e-03 
9.043999999999999773e+02 3.673154550656659249e-03 
9.044999999999998863e+02 4.100754886496270346e-03 
9.046000000000000227e+02 4.281884544775841316e-03 
9.046999999999999318e+02 4.148699663186226905e-03 
9.048000000000000682e+02 3.949639558675388518e-03 
9.048999999999999773e+02 3.865373880786483751e-03 
9.049999999999998863e+02 4.058112575566309027e-03 
9.051000000000000227e+02 3.691465864325035699e-03 
9.051999999999999318e+02 4.280657854926105815e-03 
9.053000000000000682e+02 3.959908139755401527e-03 
9.053999999999999773e+02 4.314762800276075207e-03 
9.054999999999998863e+02 4.239905042056143700e-03 
9.056000000000000227e+02 4.412531959066020096e-03 
9.056999999999999318e+02 4.049278430186317029e-03 
9.058000000000000682e+02 4.328236603205904559e-03 
9.058999999999999773e+02 4.269538505086116834e-03 
9.059999999999998863e+02 4.763934081245667362e-03 
9.061000000000000227e+02 4.361965627475951172e-03 
9.061999999999999318e+02 4.288611553566099542e-03 
9.063000000000000682e+02 4.113358135345611573e-03 
9.063999999999999773e+02 4.386088878876009955e-03 
9.064999999999998863e+02 4.214614456766165897e-03 
9.066000000000000227e+02 4.352152108755937172e-03 
9.066999999999999318e+02 3.647136854856683312e-03 
9.068000000000000682e+02 3.791005809245172244e-03 
9.068999999999999773e+02 4.024062039846339894e-03 
9.069999999999998863e+02 4.027306832326337654e-03 
9.071000000000000227e+02 3.992469830145445667e-03 
9.071999999999999318e+02 3.793009072886550058e-03 
9.073000000000000682e+02 4.450945157846071705e-03 
9.073999999999999773e+02 4.108852028706262705e-03 
9.074999999999998863e+02 4.486138295785919820e-03 
9.076000000000000227e+02 4.168707568045686672e-03 
9.076999999999999318e+02 4.280870547116106747e-03 
9.078000000000000682e+02 4.169771028995688730e-03 
9.078999999999999773e+02 4.096209209226274288e-03 
9.079999999999998863e+02 4.092281823206278014e-03 
9.081000000000000227e+02 4.057835581095536361e-03 
9.081999999999999318e+02 4.559353872445852905e-03 
9.083000000000000682e+02 3.888591953815304352e-03 
9.083999999999999773e+02 4.023389338966339851e-03 
9.084999999999998863e+02 4.055238757836312005e-03 
9.086000000000000227e+02 3.737798137435098967e-03 
9.086999999999999318e+02 4.259616167106125735e-03 
9.088000000000000682e+02 3.755669227725122721e-03 
9.088999999999999773e+02 4.742447223725686743e-03 
9.089999999999998863e+02 4.042046895726323502e-03 
9.091000000000000227e+02 4.230764224225771336e-03 
9.091999999999999318e+02 4.267520402446118438e-03 
9.093000000000000682e+02 3.903153949335325112e-03 
9.093999999999999773e+02 4.346092854496047021e-03 
9.094999999999998863e+02 4.241200980516141895e-03 
9.096000000000000227e+02 3.829913641025224982e-03 
9.096999999999999318e+02 3.795472345226547691e-03 
9.098000000000000682e+02 3.703515124205052165e-03 
9.098999999999999773e+02 4.080039656456289215e-03 
9.099999999999998863e+02 3.945247217626412367e-03 
9.101000000000000227e+02 4.005335234475463843e-03 
9.101999999999999318e+02 4.417562376665983004e-03 
9.103000000000000682e+02 4.046043530375519580e-03 
9.103999999999999773e+02 3.774133877606566673e-03 
9.104999999999998863e+02 3.913630276266441554e-03 
9.106000000000000227e+02 3.445247449584700004e-03 
9.106999999999999318e+02 4.378877129736017705e-03 
9.108000000000000682e+02 4.497589049746136651e-03 
9.108999999999999773e+02 4.231961236076151045e-03 
9.109999999999998863e+02 3.926510519586428813e-03 
9.111000000000000227e+02 3.737793191105099298e-03 
9.111999999999999318e+02 4.164696094406212731e-03 
9.113000000000000682e+02 4.105132388555600073e-03 
9.113999999999999773e+02 4.072273918356296776e-03 
9.114999999999998863e+02 3.746355288326592026e-03 
9.116000000000000227e+02 4.388072357215986631e-03 
9.116999999999999318e+02 4.015341660056348516e-03 
9.118000000000000682e+02 4.191064979645717399e-03 
9.118999999999999773e+02 3.969048957586389717e-03 
9.119999999999998863e+02 4.248486924606136549e-03 
9.121000000000000227e+02 3.766521475745138268e-03 
9.121999999999999318e+02 4.199864500706180712e-03 
9.123000000000000682e+02 3.983685148065434743e-03 
9.123999999999999773e+02 4.109035042916262155e-03 
9.124999999999998863e+02 4.079891266556289614e-03 
9.126000000000000227e+02 3.542709935904832588e-03 
9.126999999999999318e+02 4.053962604696313352e-03 
9.128000000000000682e+02 3.301200427324503701e-03 
9.128999999999999773e+02 3.971843634036387703e-03 
9.129999999999998863e+02 4.309366354246079757e-03 
9.131000000000000227e+02 4.166679572745684602e-03 
9.131999999999999318e+02 4.101734259836268930e-03 
9.133000000000000682e+02 4.316835312555889793e-03 
9.133999999999999773e+02 4.366610231336028394e-03 
9.134999999999998863e+02 4.299691332766088572e-03 
9.136000000000000227e+02 3.654135911814985257e-03 
9.136999999999999318e+02 4.072422308256296378e-03 
9.138000000000000682e+02 4.104266780805598640e-03 
9.138999999999999773e+02 4.473604295565931054e-03 
9.139999999999998863e+02 4.295961799946092924e-03 
9.141000000000000227e+02 4.203940276635734913e-03 
9.141999999999999318e+02 4.001294082856360519e-03 
9.143000000000000682e+02 4.199666647515728872e-03 
9.143999999999999773e+02 4.066466926936301504e-03 
9.144999999999998863e+02 4.055273382146311854e-03 
9.146000000000000227e+02 4.081023976135567805e-03 
9.146999999999999318e+02 4.226653823986155703e-03 
9.148000000000000682e+02 4.055149723905531085e-03 
9.148999999999999773e+02 4.000908269116361209e-03 
9.149999999999998863e+02 3.676364718826655859e-03 
9.151000000000000227e+02 3.694389145355039816e-03 
9.151999999999999318e+02 4.284679221216102299e-03 
9.153000000000000682e+02 3.807679887675194646e-03 
9.153999999999999773e+02 3.975543488876383605e-03 
9.154999999999998863e+02 4.538737569005872087e-03 
9.156000000000000227e+02 4.143590104305653471e-03 
9.156999999999999318e+02 4.472194591515932238e-03 
9.158000000000000682e+02 3.811468776455199763e-03 
9.158999999999999773e+02 4.240008914986144115e-03 
9.159999999999998863e+02 4.120757845016251482e-03 
9.161000000000000227e+02 4.154570956905668210e-03 
9.161999999999999318e+02 3.824947525696521019e-03 
9.163000000000000682e+02 3.879757808435292839e-03 
9.163999999999999773e+02 3.908100279326445076e-03 
9.164999999999998863e+02 4.181419636136197125e-03 
9.166000000000000227e+02 3.823156954245215261e-03 
9.166999999999999318e+02 3.882077637196469470e-03 
9.168000000000000682e+02 4.033217696685501355e-03 
9.168999999999999773e+02 3.887261391036464422e-03 
9.169999999999998863e+02 4.073579749476294309e-03 
9.171000000000000227e+02 4.169123059765687464e-03 
9.171999999999999318e+02 3.844124447106503709e-03 
9.173000000000000682e+02 3.924314349075353620e-03 
9.173999999999999773e+02 4.013556034926349728e-03 
9.174999999999998863e+02 3.785831948056556789e-03 
9.176000000000000227e+02 3.877269804445289490e-03 
9.176999999999999318e+02 3.958958444386398608e-03 
9.178000000000000682e+02 3.989091486755441673e-03 
9.178999999999999773e+02 4.210889870276170351e-03 
9.179999999999998863e+02 4.194146543226185547e-03 
9.181000000000000227e+02 3.807111059725194150e-03 
9.181999999999999318e+02 4.412215393935986843e-03 
9.183000000000000682e+02 3.898613218395318315e-03 
9.183999999999999773e+02 4.095917375756274320e-03 
9.184999999999998863e+02 3.755070721786585037e-03 
9.186000000000000227e+02 4.345162944465927844e-03 
9.186999999999999318e+02 3.844168964076503329e-03 
9.188000000000000682e+02 3.853458171825256857e-03 
9.188999999999999773e+02 3.921158590526433417e-03 
9.189999999999998863e+02 3.810627900346534765e-03 
9.191000000000000227e+02 3.836640649825234957e-03 
9.191999999999999318e+02 4.063721713786303674e-03 
9.193000000000000682e+02 3.824873330755218254e-03 
9.193999999999999773e+02 3.843041200836504277e-03 
9.194999999999998863e+02 3.792519386216550333e-03 
9.196000000000000227e+02 3.652201896784982530e-03 
9.196999999999999318e+02 3.860457228766488690e-03 
9.198000000000000682e+02 3.926268149425356756e-03 
9.198999999999999773e+02 4.118566620826253841e-03 
9.199999999999998863e+02 4.371259781536024000e-03 
9.201000000000000227e+02 4.033277052645502583e-03 
9.201999999999999318e+02 4.597430720785818624e-03 
9.203000000000000682e+02 3.714936200175067774e-03 
9.203999999999999773e+02 4.413709185595985664e-03 
9.204999999999998863e+02 3.670483532456661653e-03 
9.206000000000000227e+02 4.088077442715577596e-03 
9.206999999999999318e+02 3.920475996986434036e-03 
9.208000000000000682e+02 4.143703869895653223e-03 
9.208999999999999773e+02 4.246003866946138072e-03 
9.209999999999998863e+02 4.159912993296216097e-03 
9.211000000000000227e+02 4.355851963595942615e-03 
9.211999999999999318e+02 3.773263323526568173e-03 
9.213000000000000682e+02 3.852755792965256200e-03 
9.213999999999999773e+02 3.857667498646491239e-03 
9.214999999999998863e+02 3.927247522756428452e-03 
9.216000000000000227e+02 4.219080992765755940e-03 
9.216999999999999318e+02 4.394027738526003375e-03 
9.218000000000000682e+02 4.196743366485725622e-03 
9.218999999999999773e+02 4.192202635536186953e-03 
9.219999999999998863e+02 3.725105854646611550e-03 
9.221000000000000227e+02 4.070448722595553653e-03 
9.221999999999999318e+02 4.166526236506210706e-03 
9.223000000000000682e+02 4.277912641785836315e-03 
9.223999999999999773e+02 3.481726633326832909e-03 
9.224999999999998863e+02 3.645682633836684443e-03 
9.226000000000000227e+02 3.859908186145265437e-03 
9.226999999999999318e+02 4.321207868266068938e-03 
9.228000000000000682e+02 3.937501264855371511e-03 
9.228999999999999773e+02 4.177259772606200378e-03 
9.229999999999998863e+02 3.803218298006541022e-03 
9.231000000000000227e+02 3.693859888045038838e-03 
9.231999999999999318e+02 4.012700319836351101e-03 
9.233000000000000682e+02 4.392741692735993055e-03 
9.233999999999999773e+02 4.554229474565857881e-03 
9.234999999999998863e+02 3.854393028186495034e-03 
9.236000000000000227e+02 3.724413368455081318e-03 
9.236999999999999318e+02 4.348724302056045099e-03 
9.238000000000000682e+02 4.147309744465657588e-03 
9.238999999999999773e+02 4.018274833746345032e-03 
9.239999999999998863e+02 3.826396800386519786e-03 
9.241000000000000227e+02 3.479124863754746218e-03 
9.241999999999999318e+02 3.958513274686399804e-03 
9.243000000000000682e+02 4.346988140235930054e-03 
9.243999999999999773e+02 3.868030059996481473e-03 
9.244999999999998863e+02 4.504068742035903170e-03 
9.246000000000000227e+02 3.944253005305381130e-03 
9.246999999999999318e+02 4.143174612576232263e-03 
9.248000000000000682e+02 3.856450701475261107e-03 
9.248999999999999773e+02 3.667060672096665412e-03 
9.249999999999998863e+02 3.887647204776463732e-03 
9.251000000000000227e+02 4.293508420275857218e-03 
9.251999999999999318e+02 4.062371365696305220e-03 
9.253000000000000682e+02 3.592479908364900644e-03 
9.253999999999999773e+02 4.189447529726189785e-03 
9.254999999999998863e+02 4.060748969456307207e-03 
9.256000000000000227e+02 3.504143400894780408e-03 
9.256999999999999318e+02 4.309178393706080204e-03 
9.258000000000000682e+02 3.864305473515271434e-03 
9.258999999999999773e+02 3.922128071206432663e-03 
9.259999999999998863e+02 3.862683077266486614e-03 
9.261000000000000227e+02 3.812735036935200814e-03 
9.261999999999999318e+02 4.479060097555925997e-03 
9.263000000000000682e+02 3.876053007265288161e-03 
9.263999999999999773e+02 4.163504028876213216e-03 
9.264999999999998863e+02 4.194265255146185402e-03 
9.266000000000000227e+02 4.170354695935689533e-03 
9.266999999999999318e+02 3.966951713666391419e-03 
9.268000000000000682e+02 4.131313313245635332e-03 
9.268999999999999773e+02 3.656510150206674758e-03 
9.269999999999998863e+02 4.398009534175999907e-03 
9.271000000000000227e+02 4.001486989735458799e-03 
9.271999999999999318e+02 3.812250296586532777e-03 
9.273000000000000682e+02 4.014208950495475742e-03 
9.273999999999999773e+02 4.290011364956098153e-03 
9.274999999999998863e+02 4.096451579396274967e-03 
9.276000000000000227e+02 4.174984460815696005e-03 
9.276999999999999318e+02 3.996886902826364725e-03 
9.278000000000000682e+02 3.897985034485317458e-03 
9.278999999999999773e+02 3.785362046706557040e-03 
9.279999999999998863e+02 3.935082509476421457e-03 
9.281000000000000227e+02 3.895180465375314063e-03 
9.281999999999999318e+02 3.862915554776486654e-03 
9.283000000000000682e+02 3.836383440665233971e-03 
9.283999999999999773e+02 4.385940488976010354e-03 
9.284999999999998863e+02 3.427193345076882686e-03 
9.286000000000000227e+02 3.682092568975023003e-03 
9.286999999999999318e+02 3.583576514356740569e-03 
9.288000000000000682e+02 3.910637746625334268e-03 
9.288999999999999773e+02 4.111923699636260351e-03 
9.289999999999998863e+02 3.722825596516613801e-03 
9.291000000000000227e+02 3.885653833795300795e-03 
9.291999999999999318e+02 3.769474434746571730e-03 
9.293000000000000682e+02 4.097628805945589640e-03 
9.293999999999999773e+02 3.632955726746695587e-03 
9.294999999999998863e+02 4.193508466656186220e-03 
9.296000000000000227e+02 4.089447576125579062e-03 
9.296999999999999318e+02 3.866343361466483865e-03 
9.298000000000000682e+02 3.995922368485451195e-03 
9.298999999999999773e+02 3.896951251506455480e-03 
9.299999999999998863e+02 4.205157073806174879e-03 
9.301000000000000227e+02 3.963904774395407907e-03 
9.301999999999999318e+02 3.963044112966395555e-03 
9.303000000000000682e+02 4.132075048065637218e-03 
9.303999999999999773e+02 3.733460206016604461e-03 
9.304999999999998863e+02 4.005800189486356626e-03 
9.306000000000000227e+02 4.429502817296042567e-03 
9.306999999999999318e+02 3.589492325036735057e-03 
9.308000000000000682e+02 3.656742627724988461e-03 
9.308999999999999773e+02 3.870122357586480537e-03 
9.309999999999998863e+02 3.839094029496507594e-03 
9.311000000000000227e+02 4.222375248545759928e-03 
9.311999999999999318e+02 3.973401727986386120e-03 
9.313000000000000682e+02 4.271991884775828280e-03 
9.313999999999999773e+02 3.800942986206543375e-03 
9.314999999999998863e+02 3.684066154636648702e-03 
9.316000000000000227e+02 3.791742812415172751e-03 
9.316999999999999318e+02 4.027771787346336001e-03 
9.318000000000000682e+02 4.138040322045645307e-03 
9.318999999999999773e+02 4.267282978606118729e-03 
9.319999999999998863e+02 3.919724154826434957e-03 
9.321000000000000227e+02 4.166363007625684123e-03 
9.321999999999999318e+02 4.102184375866268704e-03 
9.323000000000000682e+02 4.580420291926248777e-03 
9.323999999999999773e+02 4.098573554966272042e-03 
9.324999999999998863e+02 3.969785960756390224e-03 
9.326000000000000227e+02 3.717127424365071053e-03 
9.326999999999999318e+02 4.167223669036209527e-03 
9.328000000000000682e+02 3.451845853804708618e-03 
9.328999999999999773e+02 3.628217142606700307e-03 
9.329999999999998863e+02 3.918873386066436433e-03 
9.331000000000000227e+02 4.315578944735887212e-03 
9.331999999999999318e+02 3.624185883656703619e-03 
9.333000000000000682e+02 4.269706680315825224e-03 
9.333999999999999773e+02 3.987350378586373804e-03 
9.334999999999998863e+02 3.927663014476427510e-03 
9.336000000000000227e+02 4.120139553775620939e-03 
9.336999999999999318e+02 4.029646446416334897e-03 
9.338000000000000682e+02 4.115722481085614531e-03 
9.338999999999999773e+02 3.931986106896423298e-03 
9.339999999999998863e+02 3.823315236796522801e-03 
9.341000000000000227e+02 3.944638819045381307e-03 
9.341999999999999318e+02 3.841146756446505838e-03 
9.343000000000000682e+02 4.806640694476557035e-03 
9.343999999999999773e+02 3.883576375186467960e-03 
9.344999999999998863e+02 3.612062428826714675e-03 
9.346000000000000227e+02 3.852107823735254934e-03 
9.346999999999999318e+02 3.928335715356427553e-03 
9.348000000000000682e+02 3.519501755544801169e-03 
9.348999999999999773e+02 3.638144426916690641e-03 
9.349999999999998863e+02 3.497683493906818784e-03 
9.351000000000000227e+02 4.160743976745676261e-03 
9.351999999999999318e+02 3.961659140566396384e-03 
9.353000000000000682e+02 3.827475100335221356e-03 
9.353999999999999773e+02 4.042833362196323298e-03 
9.354999999999998863e+02 3.748229947396591356e-03 
9.356000000000000227e+02 3.445410678474699912e-03 
9.356999999999999318e+02 3.998578547686363303e-03 
9.358000000000000682e+02 3.765012845095136538e-03 
9.358999999999999773e+02 4.243016283626140431e-03 
9.359999999999998863e+02 4.039489643116326092e-03 
9.361000000000000227e+02 4.371838502155964666e-03 
9.361999999999999318e+02 3.301146017686997294e-03 
9.363000000000000682e+02 4.069647417135551816e-03 
9.363999999999999773e+02 3.958681449906398947e-03 
9.364999999999998863e+02 3.613402884256713358e-03 
9.366000000000000227e+02 4.020960690945484493e-03 
9.366999999999999318e+02 4.344119268826048680e-03 
9.368000000000000682e+02 3.986455092865438289e-03 
9.368999999999999773e+02 4.224521955756156688e-03 
9.369999999999998863e+02 3.957860359126400170e-03 
9.371000000000000227e+02 3.756960219855125151e-03 
9.371999999999999318e+02 3.770196598926570629e-03 
9.373000000000000682e+02 3.775113250955150837e-03 
9.373999999999999773e+02 4.111285623066261025e-03 
9.374999999999998863e+02 3.931471688576423928e-03 
9.376000000000000227e+02 4.152013704295663861e-03 
9.376999999999999318e+02 4.037268740946327837e-03 
9.378000000000000682e+02 4.065264968755546125e-03 
9.378999999999999773e+02 3.858735905926490798e-03 
9.379999999999998863e+02 3.494507950046822024e-03 
9.381000000000000227e+02 4.159626106165674811e-03 
9.381999999999999318e+02 4.041186234306324773e-03 
9.383000000000000682e+02 3.165913355494319112e-03 
9.383999999999999773e+02 3.920406748366434338e-03 
9.384999999999998863e+02 3.689873146056643974e-03 
9.386000000000000227e+02 3.787741231445166702e-03 
9.386999999999999318e+02 3.681444599736651696e-03 
9.388000000000000682e+02 3.468425951964731243e-03 
9.388999999999999773e+02 3.376577550186928966e-03 
9.389999999999998863e+02 4.213575727466167820e-03 
9.391000000000000227e+02 3.999800291205455986e-03 
9.391999999999999318e+02 4.626980096205792620e-03 
9.393000000000000682e+02 4.586519116816257027e-03 
9.393999999999999773e+02 3.750836663306588055e-03 
9.394999999999998863e+02 3.910914741096443471e-03 
9.396000000000000227e+02 3.928306037385359030e-03 
9.396999999999999318e+02 4.351286500996042611e-03 
9.398000000000000682e+02 3.591327413474899345e-03 
9.398999999999999773e+02 4.205424175626175202e-03 
9.399999999999998863e+02 3.785619255866557158e-03 
9.401000000000000227e+02 3.831323345075226400e-03 
9.401999999999999318e+02 3.587573148996736540e-03 
9.403000000000000682e+02 3.751727002715117901e-03 
9.403999999999999773e+02 3.703841581976630767e-03 
9.404999999999998863e+02 3.655585186496675566e-03 
9.406000000000000227e+02 3.419274270754664707e-03 
9.406999999999999318e+02 3.789769226736552834e-03 
9.408000000000000682e+02 4.300749847395867430e-03 
9.408999999999999773e+02 3.676339987176655780e-03 
9.409999999999998863e+02 4.000017929716360998e-03 
9.411000000000000227e+02 4.021989527585486703e-03 
9.411999999999999318e+02 3.973906253646385285e-03 
9.413000000000000682e+02 4.326302588175902700e-03 
9.413999999999999773e+02 3.834662117816512155e-03 
9.414999999999998863e+02 3.938159126736418339e-03 
9.416000000000000227e+02 3.586247532564892666e-03 
9.416999999999999318e+02 3.458627272226854482e-03 
9.418000000000000682e+02 3.759705433005129487e-03 
9.418999999999999773e+02 4.204410177976175902e-03 
9.419999999999998863e+02 4.535843965955874656e-03 
9.421000000000000227e+02 3.913081233645338865e-03 
9.421999999999999318e+02 4.065269915076302754e-03 
9.423000000000000682e+02 3.641235883174967665e-03 
9.423999999999999773e+02 4.361658955006033483e-03 
9.424999999999998863e+02 4.192919853386187050e-03 
9.426000000000000227e+02 3.906868643165329995e-03 
9.426999999999999318e+02 3.663697167696667797e-03 
9.428000000000000682e+02 3.581870030514886210e-03 
9.428999999999999773e+02 4.395630349446001846e-03 
9.429999999999998863e+02 3.521777067336796969e-03 
9.431000000000000227e+02 4.402758010986006047e-03 
9.431999999999999318e+02 3.763469590126577134e-03 
9.433000000000000682e+02 3.757296570295126040e-03 
9.433999999999999773e+02 3.479782725636835182e-03 
9.434999999999998863e+02 4.009504990656353497e-03 
9.436000000000000227e+02 4.096590076645588094e-03 
9.436999999999999318e+02 3.925264044426429906e-03 
9.438000000000000682e+02 3.572966636514874131e-03 
9.438999999999999773e+02 3.920589762576433789e-03 
9.439999999999998863e+02 3.931254050056424629e-03 
9.441000000000000227e+02 3.870785165815280628e-03 
9.441999999999999318e+02 4.106868550376264158e-03 
9.443000000000000682e+02 3.625422466164945293e-03 
9.443999999999999773e+02 3.504949652676812161e-03 
9.444999999999998863e+02 3.887053645176464026e-03 
9.446000000000000227e+02 3.683952389055025495e-03 
9.446999999999999318e+02 3.651613283506678805e-03 
9.448000000000000682e+02 3.720975669105076530e-03 
9.448999999999999773e+02 3.581741425926742491e-03 
9.449999999999998863e+02 4.263281397636122655e-03 
9.451000000000000227e+02 4.331535805315908649e-03 
9.451999999999999318e+02 3.782760277126559576e-03 
9.453000000000000682e+02 3.884570587525299629e-03 
9.453999999999999773e+02 3.882819586696468345e-03 
9.454999999999998863e+02 3.426609678136883618e-03 
9.456000000000000227e+02 3.933653020115366467e-03 
9.456999999999999318e+02 3.929414015296426449e-03 
9.458000000000000682e+02 3.808347642225195021e-03 
9.458999999999999773e+02 3.572244472326751089e-03 
9.459999999999998863e+02 4.007838077446354563e-03 
9.461000000000000227e+02 4.189650329265715879e-03 
9.461999999999999318e+02 4.177150953346200728e-03 
9.463000000000000682e+02 3.580415809494884739e-03 
9.463999999999999773e+02 4.195397964716184556e-03 
9.464999999999998863e+02 3.852671705346495407e-03 
9.466000000000000227e+02 3.903712884625325404e-03 
9.466999999999999318e+02 4.137530850046236899e-03 
9.468000000000000682e+02 3.597441077354907035e-03 
9.468999999999999773e+02 3.892642998076459564e-03 
9.469999999999998863e+02 3.685797370136648099e-03 
9.471000000000000227e+02 4.134389930505640021e-03 
9.471999999999999318e+02 3.603539902236722620e-03 
9.473000000000000682e+02 3.849397234895251315e-03 
9.473999999999999773e+02 3.681573204316651322e-03 
9.474999999999998863e+02 4.117166809436256097e-03 
9.476000000000000227e+02 3.915712681205342147e-03 
9.476999999999999318e+02 3.525669829046793394e-03 
9.478000000000000682e+02 3.845791360325246083e-03 
9.478999999999999773e+02 3.867288110496481732e-03 
9.479999999999998863e+02 3.944139239706412857e-03 
9.481000000000000227e+02 4.158943512625673695e-03 
9.481999999999999318e+02 3.980702511066379345e-03 
9.483000000000000682e+02 3.897609113405317051e-03 
9.483999999999999773e+02 4.507699348255900240e-03 
9.484999999999998863e+02 4.009223049846352867e-03 
9.486000000000000227e+02 3.858874403175263992e-03 
9.486999999999999318e+02 3.924576504556430423e-03 
9.488000000000000682e+02 3.642714835844969214e-03 
9.488999999999999773e+02 3.915356545436439115e-03 
9.489999999999998863e+02 4.193642017566185515e-03 
9.491000000000000227e+02 3.907486934415330647e-03 
9.491999999999999318e+02 3.714149733696622043e-03 
9.493000000000000682e+02 3.994527503425450085e-03 
9.493999999999999773e+02 3.475385438266839593e-03 
9.494999999999998863e+02 4.097757410516273367e-03 
9.496000000000000227e+02 4.234196977245775588e-03 
9.496999999999999318e+02 3.302075927726996155e-03 
9.498000000000000682e+02 3.971853526705418878e-03 
9.498999999999999773e+02 3.841225897726506609e-03 
9.499999999999998863e+02 3.732653954226605123e-03 
9.501000000000000227e+02 4.039717174305510958e-03 
9.501999999999999318e+02 3.615084636456712165e-03 
9.503000000000000682e+02 3.265408783444454736e-03 
9.503999999999999773e+02 3.696263804416637880e-03 
9.504999999999998863e+02 3.546711516866774341e-03 
9.506000000000000227e+02 3.736606071905097717e-03 
9.506999999999999318e+02 4.377660332556018545e-03 
9.508000000000000682e+02 3.584432229454889360e-03 
9.508999999999999773e+02 3.777517167326563830e-03 
9.509999999999998863e+02 3.772654924936568593e-03 
9.511000000000000227e+02 3.867105096295275161e-03 
9.511999999999999318e+02 3.840132758796507405e-03 
9.513000000000000682e+02 4.041478067785512704e-03 
9.513999999999999773e+02 3.574935275846748226e-03 
9.514999999999998863e+02 4.355995407156038578e-03 
9.516000000000000227e+02 4.156994658605670662e-03 
9.516999999999999318e+02 3.218344453487072699e-03 
9.518000000000000682e+02 4.410632568346017218e-03 
9.518999999999999773e+02 3.919724154826434957e-03 
9.519999999999998863e+02 3.835186428796511730e-03 
9.521000000000000227e+02 4.007724311865467313e-03 
9.521999999999999318e+02 3.830893014356516121e-03 
9.523000000000000682e+02 3.274816703104467281e-03 
9.523999999999999773e+02 3.875568266916475275e-03 
9.524999999999998863e+02 4.239825900776143797e-03 
9.526000000000000227e+02 4.079050390465565126e-03 
9.526999999999999318e+02 4.275162482296111788e-03 
9.528000000000000682e+02 4.387993215935985861e-03 
9.528999999999999773e+02 3.447418888446864092e-03 
9.529999999999998863e+02 4.078882215236290416e-03 
9.531000000000000227e+02 3.451158313934707400e-03 
9.531999999999999318e+02 4.041532477406324132e-03 
9.533000000000000682e+02 3.495304309184768358e-03 
9.533999999999999773e+02 4.235240652866147787e-03 
9.534999999999998863e+02 3.919753832806434704e-03 
9.536000000000000227e+02 3.817379640805207593e-03 
9.536999999999999318e+02 4.285455795026102757e-03 
9.538000000000000682e+02 3.477631072094743928e-03 
9.538999999999999773e+02 3.905191837286448205e-03 
9.539999999999998863e+02 3.399513682396907918e-03 
9.541000000000000227e+02 3.956648508285397388e-03 
9.541999999999999318e+02 3.990224196316370826e-03 
9.543000000000000682e+02 3.568950216554869076e-03 
9.543999999999999773e+02 3.534691934966784944e-03 
9.544999999999998863e+02 3.695813688386638540e-03 
9.546000000000000227e+02 3.789868153345169952e-03 
9.546999999999999318e+02 4.275271301556111438e-03 
9.548000000000000682e+02 4.077803915305561883e-03 
9.548999999999999773e+02 3.567847184956755065e-03 
9.549999999999998863e+02 3.895027129136457295e-03 
9.551000000000000227e+02 3.415722805814659733e-03 
9.551999999999999318e+02 3.852582671406495733e-03 
9.553000000000000682e+02 4.276196265275833755e-03 
9.553999999999999773e+02 3.493340616166823020e-03 
9.554999999999998863e+02 3.862772111206486288e-03 
9.556000000000000227e+02 3.587958962744894256e-03 
9.556999999999999318e+02 4.018205585126345333e-03 
9.558000000000000682e+02 3.530715085654816815e-03 
9.558999999999999773e+02 3.760046729766580460e-03 
9.559999999999998863e+02 3.540330751166779338e-03 
9.561000000000000227e+02 3.459324704764718972e-03 
9.561999999999999318e+02 4.107714372806263448e-03 
9.563000000000000682e+02 3.919051453955346188e-03 
9.563999999999999773e+02 3.612873626946714548e-03 
9.564999999999998863e+02 3.839816193676507793e-03 
9.566000000000000227e+02 3.917107546265343257e-03 
9.566999999999999318e+02 3.786455185636556676e-03 
9.568000000000000682e+02 3.961486019025403822e-03 
9.568999999999999773e+02 3.781226914826560804e-03 
9.569999999999998863e+02 3.711305593946625202e-03 
9.571000000000000227e+02 3.737318343425098579e-03 
9.571999999999999318e+02 3.601620726196724104e-03 
9.573000000000000682e+02 3.727494932045085241e-03 
9.573999999999999773e+02 4.058498389306309205e-03 
9.574999999999998863e+02 3.980934988576378952e-03 
9.576000000000000227e+02 3.494468379414767539e-03 
9.576999999999999318e+02 3.762544626416577942e-03 
9.578000000000000682e+02 3.640691786874967247e-03 
9.578999999999999773e+02 4.064577428876304035e-03 
9.579999999999998863e+02 3.805137474046539538e-03 
9.581000000000000227e+02 4.305518109515873298e-03 
9.581999999999999318e+02 3.507872933706809339e-03 
9.583000000000000682e+02 4.040736118285512095e-03 
9.583999999999999773e+02 3.842709796726504791e-03 
9.584999999999998863e+02 3.796545698836546918e-03 
9.586000000000000227e+02 4.278995888055837048e-03 
9.586999999999999318e+02 3.533282230916786996e-03 
9.588000000000000682e+02 4.176201257995696900e-03 
9.588999999999999773e+02 3.923918642666430687e-03 
9.589999999999998863e+02 3.818245248546527602e-03 
9.591000000000000227e+02 3.965462868345409793e-03 
9.591999999999999318e+02 3.867199076556482925e-03 
9.593000000000000682e+02 3.788324898385167939e-03 
9.593999999999999773e+02 3.743466631606595565e-03 
9.594999999999998863e+02 3.881731394096470111e-03 
9.596000000000000227e+02 3.805627160725191631e-03 
9.596999999999999318e+02 4.187711367896190286e-03 
9.598000000000000682e+02 3.714481137815067030e-03 
9.598999999999999773e+02 3.686158452226646898e-03 
9.599999999999998863e+02 4.138727861906235650e-03 
9.601000000000000227e+02 4.120629240445620664e-03 
9.601999999999999318e+02 3.855224011626493582e-03 
9.603000000000000682e+02 3.513091311864792541e-03 
9.603999999999999773e+02 4.165764501686210555e-03 
9.604999999999998863e+02 4.024403336616339151e-03 
9.606000000000000227e+02 4.099122597605591931e-03 
9.606999999999999318e+02 3.968262491116390789e-03 
9.608000000000000682e+02 3.598187973184908614e-03 
9.608999999999999773e+02 3.995165579986366400e-03 
9.609999999999998863e+02 3.667095296406664828e-03 
9.611000000000000227e+02 3.744589448525108537e-03 
9.611999999999999318e+02 3.830685268496515292e-03 
9.613000000000000682e+02 3.948496956445386556e-03 
9.613999999999999773e+02 4.084293500256284438e-03 
9.614999999999998863e+02 3.648492149276681435e-03 
9.616000000000000227e+02 3.934187223755367113e-03 
9.616999999999999318e+02 3.666056567106665449e-03 
9.618000000000000682e+02 3.797381628615180155e-03 
9.618999999999999773e+02 3.874232757816475827e-03 
9.619999999999998863e+02 4.014035828936349248e-03 
9.621000000000000227e+02 3.761392131535131432e-03 
9.621999999999999318e+02 3.366679943856937945e-03 
9.623000000000000682e+02 3.706784648335057376e-03 
9.623999999999999773e+02 3.775993697686565263e-03 
9.624999999999998863e+02 3.789749441416553292e-03 
9.626000000000000227e+02 3.441260707604694696e-03 
9.626999999999999318e+02 3.358765815856945038e-03 
9.628000000000000682e+02 4.062049854255541173e-03 
9.628999999999999773e+02 3.748828453326590298e-03 
9.629999999999998863e+02 3.881033961566469990e-03 
9.631000000000000227e+02 3.943743533315380127e-03 
9.631999999999999318e+02 3.721964935096615072e-03 
9.633000000000000682e+02 3.752078192145118663e-03 
9.633999999999999773e+02 3.607798692366718813e-03 
9.634999999999998863e+02 3.620490975146707386e-03 
9.636000000000000227e+02 3.901496928785322480e-03 
9.636999999999999318e+02 3.529048172436790448e-03 
9.638000000000000682e+02 3.567575136814866640e-03 
9.638999999999999773e+02 3.935166597086421462e-03 
9.639999999999998863e+02 4.136076629026238030e-03 
9.641000000000000227e+02 4.067871684665549763e-03 
9.641999999999999318e+02 4.104914750026266226e-03 
9.643000000000000682e+02 3.806032759785192652e-03 
9.643999999999999773e+02 3.439583901726871954e-03 
9.644999999999998863e+02 3.671007843436661228e-03 
9.646000000000000227e+02 3.712616371405065303e-03 
9.646999999999999318e+02 3.055906976287220498e-03 
9.648000000000000682e+02 3.682725699215024396e-03 
9.648999999999999773e+02 3.724640899626612336e-03 
9.649999999999998863e+02 3.777200602206564652e-03 
9.651000000000000227e+02 3.869998699345279097e-03 
9.651999999999999318e+02 4.032648868726331978e-03 
9.653000000000000682e+02 3.637076019644961376e-03 
9.653999999999999773e+02 3.878733918116472265e-03 
9.654999999999998863e+02 3.610712080736716220e-03 
9.656000000000000227e+02 3.312685805584518906e-03 
9.656999999999999318e+02 3.840929117926506972e-03 
9.658000000000000682e+02 3.672833039215010059e-03 
9.658999999999999773e+02 4.057365679736310050e-03 
9.659999999999998863e+02 3.510781375746806644e-03 
9.661000000000000227e+02 3.625422466164945293e-03 
9.661999999999999318e+02 3.752374971936587363e-03 
9.663000000000000682e+02 3.847799570305248176e-03 
9.663999999999999773e+02 3.747314876346591501e-03 
9.664999999999998863e+02 3.615411094236712416e-03 
9.666000000000000227e+02 3.693479020635038763e-03 
9.666999999999999318e+02 3.531654888346787580e-03 
9.668000000000000682e+02 3.471245360064736246e-03 
9.668999999999999773e+02 3.862470385076486983e-03 
9.669999999999998863e+02 3.076889308147201085e-03 
9.671000000000000227e+02 4.029295256995496510e-03 
9.671999999999999318e+02 4.066649941146300955e-03 
9.673000000000000682e+02 3.678046471035018201e-03 
9.673999999999999773e+02 4.162514762876214428e-03 
9.674999999999998863e+02 4.052152247916314919e-03 
9.676000000000000227e+02 3.994379113525449616e-03 
9.676999999999999318e+02 3.817923737096527888e-03 
9.678000000000000682e+02 4.258147107105808918e-03 
9.678999999999999773e+02 3.738297716756599619e-03 
9.679999999999998863e+02 3.947888557846409782e-03 
9.681000000000000227e+02 3.637437101734962343e-03 
9.681999999999999318e+02 3.898474721146454047e-03 
9.683000000000000682e+02 3.630982141084953662e-03 
9.683999999999999773e+02 3.709198457366627132e-03 
9.684999999999998863e+02 3.951321310866406228e-03 
9.686000000000000227e+02 4.286232368845847157e-03 
9.686999999999999318e+02 3.507769060776809791e-03 
9.688000000000000682e+02 4.366471734105956820e-03 
9.688999999999999773e+02 3.820753037856524856e-03 
9.689999999999998863e+02 3.689160874536643979e-03 
9.691000000000000227e+02 3.627015184424947896e-03 
9.691999999999999318e+02 3.638352172776691471e-03 
9.693000000000000682e+02 3.937872239605372249e-03 
9.693999999999999773e+02 3.797737764366545567e-03 
9.694999999999998863e+02 3.543367797786776702e-03 
9.696000000000000227e+02 3.771581571335145405e-03 
9.696999999999999318e+02 3.863583309326485728e-03 
9.698000000000000682e+02 3.620896574214939236e-03 
9.698999999999999773e+02 3.820391955766524756e-03 
9.699999999999998863e+02 4.043931447456322603e-03 
9.701000000000000227e+02 3.793587793505175370e-03 
9.701999999999999318e+02 3.917978100336436120e-03 
9.703000000000000682e+02 3.649189581814978305e-03 
9.703999999999999773e+02 3.780702603846561229e-03 
9.704999999999998863e+02 3.913313711146441075e-03 
9.706000000000000227e+02 3.813180206635201786e-03 
9.706999999999999318e+02 3.052508847577223034e-03 
9.708000000000000682e+02 3.643709048174971574e-03 
9.708999999999999773e+02 3.639202941536689995e-03 
9.709999999999998863e+02 3.260348687847034691e-03 
9.711000000000000227e+02 3.546088279294837015e-03 
9.711999999999999318e+02 3.432273225986878524e-03 
9.713000000000000682e+02 3.640889640074967005e-03 
9.713999999999999773e+02 3.543714040886776495e-03 
9.714999999999998863e+02 3.403910969766904375e-03 
9.716000000000000227e+02 3.147671290454294186e-03 
9.716999999999999318e+02 3.998435104116363804e-03 
9.718000000000000682e+02 4.113412544975611831e-03 
9.718999999999999773e+02 4.259982195526124636e-03 
9.719999999999998863e+02 3.780608623576561453e-03 
9.721000000000000227e+02 3.540825384174830451e-03 
9.721999999999999318e+02 3.481558458106833766e-03 
9.723000000000000682e+02 3.552617434894846365e-03 
9.723999999999999773e+02 3.464884379676848661e-03 
9.724999999999998863e+02 3.818640954946526684e-03 
9.726000000000000227e+02 3.251465079174435929e-03 
9.726999999999999318e+02 3.871907982716478892e-03 
9.728000000000000682e+02 3.864745696885272305e-03 
9.728999999999999773e+02 3.699498704236635002e-03 
9.729999999999998863e+02 4.110835507036261251e-03 
9.731000000000000227e+02 3.084684724234208059e-03 
9.731999999999999318e+02 4.356440576856038249e-03 
9.733000000000000682e+02 3.675241901925013939e-03 
9.733999999999999773e+02 3.911602280966442087e-03 
9.734999999999998863e+02 3.522311270976796315e-03 
9.736000000000000227e+02 3.572580822774873953e-03 
9.736999999999999318e+02 3.528993762806790623e-03 
9.738000000000000682e+02 3.713204984675065774e-03 
9.738999999999999773e+02 3.655323031006675345e-03 
9.739999999999998863e+02 3.818166107266526832e-03 
9.741000000000000227e+02 3.618596530764936741e-03 
9.741999999999999318e+02 3.809178625656535130e-03 
9.743000000000000682e+02 3.939895288575374216e-03 
9.743999999999999773e+02 3.633316808836694820e-03 
9.744999999999998863e+02 4.161772813376214686e-03 
9.746000000000000227e+02 3.864518165705271499e-03 
9.746999999999999318e+02 3.615371523596711597e-03 
9.748000000000000682e+02 3.577393601864880309e-03 
9.748999999999999773e+02 3.380702789406925431e-03 
9.749999999999998863e+02 3.766348354186575126e-03 
9.751000000000000227e+02 3.578180068334880538e-03 
9.751999999999999318e+02 3.842858186626504826e-03 
9.753000000000000682e+02 3.854576042405258307e-03 
9.753999999999999773e+02 3.697084895196637525e-03 
9.754999999999998863e+02 3.470542981196843464e-03 
9.756000000000000227e+02 3.650401432664979965e-03 
9.756999999999999318e+02 3.732495671666604883e-03 
9.758000000000000682e+02 3.245717443714428007e-03 
9.758999999999999773e+02 3.436700191336874727e-03 
9.759999999999998863e+02 3.985134422746375651e-03 
9.761000000000000227e+02 3.809406156845196977e-03 
9.761999999999999318e+02 4.002317973166359157e-03 
9.763000000000000682e+02 3.983032232505434242e-03 
9.763999999999999773e+02 3.848229901006500198e-03 
9.764999999999998863e+02 3.754457376866584921e-03 
9.766000000000000227e+02 3.788695873135169111e-03 
9.766999999999999318e+02 3.992484669126368166e-03 
9.768000000000000682e+02 4.134187130975639293e-03 
9.768999999999999773e+02 3.580321829216743905e-03 
9.769999999999998863e+02 3.609069899176717364e-03 
9.771000000000000227e+02 3.786504648945165398e-03 
9.771999999999999318e+02 3.954388035466403772e-03 
9.773000000000000682e+02 3.736220258165097105e-03 
9.773999999999999773e+02 3.387706792686919020e-03 
9.774999999999998863e+02 3.934286150346421457e-03 
9.776000000000000227e+02 3.899587645405319398e-03 
9.776999999999999318e+02 3.653265357726676998e-03 
9.778000000000000682e+02 3.929008416245359687e-03 
9.778999999999999773e+02 4.092222467246277653e-03 
9.779999999999998863e+02 3.744079976526594813e-03 
9.781000000000000227e+02 3.628504029754950084e-03 
9.781999999999999318e+02 3.733039767966604867e-03 
9.783000000000000682e+02 3.993310706245448323e-03 
9.783999999999999773e+02 4.082878849876286388e-03 
9.784999999999998863e+02 3.567688902396754392e-03 
9.786000000000000227e+02 3.453641371594711514e-03 
9.786999999999999318e+02 3.668747370626663021e-03 
9.788000000000000682e+02 3.840840083995239896e-03 
9.788999999999999773e+02 3.399711535596908109e-03 
9.789999999999998863e+02 3.604652826486721365e-03 
9.791000000000000227e+02 4.348432468595932188e-03 
9.791999999999999318e+02 3.716405260176619714e-03 
9.793000000000000682e+02 3.721069649375076741e-03 
9.793999999999999773e+02 3.768777002216572910e-03 
9.794999999999998863e+02 4.151781226776223889e-03 
9.796000000000000227e+02 3.768955070105141358e-03 
9.796999999999999318e+02 3.551781505116769540e-03 
9.798000000000000682e+02 3.936215219055370050e-03 
9.798999999999999773e+02 3.645999198956684055e-03 
9.799999999999998863e+02 3.102743775057178847e-03 
9.801000000000000227e+02 4.141878674125650146e-03 
9.801999999999999318e+02 3.536423150466782607e-03 
9.803000000000000682e+02 4.002303134185460076e-03 
9.803999999999999773e+02 4.245464716976138191e-03 
9.804999999999998863e+02 3.591391715756733598e-03 
9.806000000000000227e+02 4.083136059045569879e-03 
9.806999999999999318e+02 3.209718053967080664e-03 
9.808000000000000682e+02 3.559641223494856409e-03 
9.808999999999999773e+02 3.632658946946696384e-03 
9.809999999999998863e+02 3.557083970876763913e-03 
9.811000000000000227e+02 3.549892007064842439e-03 
9.811999999999999318e+02 3.412166394536896540e-03 
9.813000000000000682e+02 4.064438931645544643e-03 
9.813999999999999773e+02 3.718037549076618799e-03 
9.814999999999998863e+02 3.804820908926539059e-03 
9.816000000000000227e+02 3.658360077634990274e-03 
9.816999999999999318e+02 3.870814843786479255e-03 
9.818000000000000682e+02 3.940968642185375612e-03 
9.818999999999999773e+02 3.705389783266630713e-03 
9.819999999999998863e+02 4.211612034456169683e-03 
9.821000000000000227e+02 3.938089878125372416e-03 
9.821999999999999318e+02 3.499493850686817651e-03 
9.823000000000000682e+02 3.473614652134738873e-03 
9.823999999999999773e+02 3.926515465916428048e-03 
9.824999999999998863e+02 3.386554297796919456e-03 
9.826000000000000227e+02 3.606952869944920863e-03 
9.826999999999999318e+02 3.625481822116702248e-03 
9.828000000000000682e+02 3.747206057095111512e-03 
9.828999999999999773e+02 3.853586776396494828e-03 
9.829999999999998863e+02 3.474460474556839967e-03 
9.831000000000000227e+02 3.335542796514550865e-03 
9.831999999999999318e+02 3.525912199216792772e-03 
9.833000000000000682e+02 3.776819734805152325e-03 
9.833999999999999773e+02 3.558696474456763455e-03 
9.834999999999998863e+02 3.667431646846663982e-03 
9.836000000000000227e+02 4.115875817315615103e-03 
9.836999999999999318e+02 3.759631238046580535e-03 
9.838000000000000682e+02 3.751356027965117596e-03 
9.838999999999999773e+02 3.741903591326596612e-03 
9.839999999999998863e+02 3.526817377606792422e-03 
9.841000000000000227e+02 3.890842533965307992e-03 
9.841999999999999318e+02 3.964997913316393487e-03 
9.843000000000000682e+02 3.862925447445269764e-03 
9.843999999999999773e+02 3.317473853016982607e-03 
9.844999999999998863e+02 3.737169953516601001e-03 
9.846000000000000227e+02 3.615559484144932438e-03 
9.846999999999999318e+02 3.810588329706533946e-03 
9.848000000000000682e+02 4.087404741835575818e-03 
9.848999999999999773e+02 3.626940989466701220e-03 
9.849999999999998863e+02 3.576958324816746290e-03 
9.851000000000000227e+02 3.724329280845080879e-03 
9.851999999999999318e+02 3.848823460606499037e-03 
9.853000000000000682e+02 3.846587719455247384e-03 
9.853999999999999773e+02 3.800962771526542917e-03 
9.854999999999998863e+02 4.021049724876342608e-03 
9.856000000000000227e+02 3.670973219135008001e-03 
9.856999999999999318e+02 3.643432053686686441e-03 
9.858000000000000682e+02 3.625941830814946500e-03 
9.858999999999999773e+02 3.485619395036829767e-03 
9.859999999999998863e+02 3.429260911016881238e-03 
9.861000000000000227e+02 4.111231213445609191e-03 
9.861999999999999318e+02 3.876804849416474411e-03 
9.863000000000000682e+02 3.225328671454399856e-03 
9.863999999999999773e+02 3.630091801676698336e-03 
9.864999999999998863e+02 3.552879590376768412e-03 
9.866000000000000227e+02 3.891104689455308213e-03 
9.866999999999999318e+02 3.580663125986743162e-03 
9.868000000000000682e+02 3.713328642925065731e-03 
9.868999999999999773e+02 3.570666593056751829e-03 
9.869999999999998863e+02 3.909737514556443395e-03 
9.871000000000000227e+02 3.303535095084506913e-03 
9.871999999999999318e+02 3.734548398616603995e-03 
9.873000000000000682e+02 3.593736276184902791e-03 
9.873999999999999773e+02 3.794710610406548841e-03 
9.874999999999998863e+02 3.931535990866424392e-03 
9.876000000000000227e+02 3.806092115745192146e-03 
9.876999999999999318e+02 3.911636905276442804e-03 
9.878000000000000682e+02 3.806581802415193172e-03 
9.878999999999999773e+02 3.533000290106786366e-03 
9.879999999999998863e+02 3.586588829326737421e-03 
9.881000000000000227e+02 3.541364534144831201e-03 
9.881999999999999318e+02 3.392069455746914760e-03 
9.883000000000000682e+02 3.957890037115399662e-03 
9.883999999999999773e+02 3.504885350386812565e-03 
9.884999999999998863e+02 4.212284735336168859e-03 
9.886000000000000227e+02 3.469672427124733619e-03 
9.886999999999999318e+02 3.223854665107067467e-03 
9.888000000000000682e+02 3.939306675305374178e-03 
9.888999999999999773e+02 3.514896722306803337e-03 
9.889999999999998863e+02 3.140909657337143373e-03 
9.891000000000000227e+02 3.617340162944934594e-03 
9.891999999999999318e+02 4.033321569606331154e-03 
9.893000000000000682e+02 3.581286363574886274e-03 
9.893999999999999773e+02 3.698415457966636004e-03 
9.894999999999998863e+02 3.760546309096579089e-03 
9.896000000000000227e+02 3.407521790674648311e-03 
9.896999999999999318e+02 3.674148762986658139e-03 
9.898000000000000682e+02 3.829468471325224443e-03 
9.898999999999999773e+02 4.152983184966222742e-03 
9.899999999999998863e+02 3.554121119206767650e-03 
9.901000000000000227e+02 3.659299880334991942e-03 
9.901999999999999318e+02 3.778432238376563251e-03 
9.903000000000000682e+02 3.774885719775150032e-03 
9.903999999999999773e+02 3.685386824746647843e-03 
9.904999999999998863e+02 3.917181741206437855e-03 
9.906000000000000227e+02 3.727015138035084853e-03 
9.906999999999999318e+02 3.400453485096906984e-03 
9.908000000000000682e+02 4.363370385195952487e-03 
9.908999999999999773e+02 3.901511767766451411e-03 
9.909999999999998863e+02 4.169053811136208369e-03 
9.911000000000000227e+02 3.930996840905362673e-03 
9.911999999999999318e+02 3.389744680646916523e-03 
9.913000000000000682e+02 3.857172865655261740e-03 
9.913999999999999773e+02 3.999632115976361688e-03 
9.914999999999998863e+02 3.836828610356510585e-03 
9.916000000000000227e+02 3.879332424055292276e-03 
9.916999999999999318e+02 3.255402357847038582e-03 
9.918000000000000682e+02 3.580044834744883567e-03 
9.918999999999999773e+02 3.707081428126628424e-03 
9.919999999999998863e+02 3.880420616646470741e-03 
9.921000000000000227e+02 3.411330464774654271e-03 
9.921999999999999318e+02 3.534241818936785604e-03 
9.923000000000000682e+02 3.591381823104899604e-03 
9.923999999999999773e+02 3.581137973666743014e-03 
9.924999999999998863e+02 3.813556127706531178e-03 
9.926000000000000227e+02 3.625936884484946398e-03 
9.926999999999999318e+02 3.389131335726917275e-03 
9.928000000000000682e+02 3.308046148044513531e-03 
9.928999999999999773e+02 3.552622381216769161e-03 
9.929999999999998863e+02 3.356386631126947410e-03 
9.931000000000000227e+02 3.844881235605245029e-03 
9.931999999999999318e+02 3.383804138316921957e-03 
9.933000000000000682e+02 3.575766259294877857e-03 
9.933999999999999773e+02 3.512294952726805006e-03 
9.934999999999998863e+02 3.797253024026546811e-03 
9.936000000000000227e+02 3.401195434604640123e-03 
9.936999999999999318e+02 3.769657448956570747e-03 
9.938000000000000682e+02 3.609060006524923269e-03 
9.938999999999999773e+02 3.688522797966645086e-03 
9.939999999999998863e+02 3.617869420246709513e-03 
9.941000000000000227e+02 3.770196598935143199e-03 
9.941999999999999318e+02 3.858137399996490989e-03 
9.943000000000000682e+02 3.682503114365024127e-03 
9.943999999999999773e+02 3.992638005356368737e-03 
9.944999999999998863e+02 3.823018456996523165e-03 
9.946000000000000227e+02 3.553319813754847456e-03 
9.946999999999999318e+02 3.839648018456508216e-03 
9.948000000000000682e+02 3.644104754574971957e-03 
9.948999999999999773e+02 3.925689428806429168e-03 
9.949999999999998863e+02 3.533143733676786732e-03 
9.951000000000000227e+02 3.437892256874689606e-03 
9.951999999999999318e+02 3.652419535296677709e-03 
9.953000000000000682e+02 3.515633725484795715e-03 
9.953999999999999773e+02 3.237778584057055074e-03 
9.954999999999998863e+02 3.732144482236605422e-03 
9.956000000000000227e+02 3.182107639914340692e-03 
9.956999999999999318e+02 3.206582080747083854e-03 
9.958000000000000682e+02 3.663321246624997533e-03 
9.958999999999999773e+02 3.300146859026998301e-03 
9.959999999999998863e+02 3.607244703406719492e-03 
9.961000000000000227e+02 3.718606377035072602e-03 
9.961999999999999318e+02 4.101417694716269317e-03 
9.963000000000000682e+02 3.984189673725434776e-03 
9.963999999999999773e+02 3.564127544796758321e-03 
9.964999999999998863e+02 3.727089332976610530e-03 
9.966000000000000227e+02 3.391035672784625463e-03 
9.966999999999999318e+02 4.239593423266144190e-03 
9.968000000000000682e+02 3.352835166194573918e-03 
9.968999999999999773e+02 3.946493692786410407e-03 
9.969999999999998863e+02 3.448289442526863893e-03 
9.971000000000000227e+02 3.916405167405342599e-03 
9.971999999999999318e+02 3.379866859636925912e-03 
9.973000000000000682e+02 3.187993772614349311e-03 
9.973999999999999773e+02 4.353532134816040511e-03 
9.974999999999998863e+02 3.758988215146581106e-03 
9.976000000000000227e+02 4.122968854535623978e-03 
9.976999999999999318e+02 3.498999217686817823e-03 
9.978000000000000682e+02 3.445410678474699912e-03 
9.978999999999999773e+02 3.470181899106843798e-03 
9.979999999999998863e+02 4.157152941156218827e-03 
9.981000000000000227e+02 3.810548759075198071e-03 
9.981999999999999318e+02 3.749204374406589838e-03 
9.983000000000000682e+02 3.519284117024801001e-03 
9.983999999999999773e+02 3.141077832557142516e-03 
9.984999999999998863e+02 3.823023403326522400e-03 
9.986000000000000227e+02 3.749684168425115524e-03 
9.986999999999999318e+02 3.408560519966899981e-03 
9.988000000000000682e+02 3.945939703835383075e-03 
9.988999999999999773e+02 3.197070288157092145e-03 
9.989999999999998863e+02 3.603693238466722758e-03 
9.991000000000000227e+02 3.696793061735043594e-03 
9.991999999999999318e+02 3.629053072376699825e-03 
9.993000000000000682e+02 3.337090997804552546e-03 
9.993999999999999773e+02 3.952083045686405512e-03 
9.994999999999998863e+02 3.764671548316575553e-03 
9.996000000000000227e+02 3.475568452484741576e-03 
9.996999999999999318e+02 3.962435714376395975e-03 
9.998000000000000682e+02 3.512888512334792681e-03 
9.998999999999999773e+02 3.881256546416469826e-03 
9.999999999999998863e+02 3.603673453146722348e-03 
1.000100000000000023e+03 3.862173605285268950e-03 
1.000199999999999932e+03 3.811246191596533248e-03 
1.000300000000000068e+03 3.868549424655277728e-03 
1.000399999999999977e+03 4.212690334396168579e-03 
1.000499999999999886e+03 3.607927296946718439e-03 
1.000600000000000023e+03 3.819917108095211098e-03 
1.000699999999999932e+03 3.717409365166618809e-03 
1.000800000000000068e+03 3.887894521285303797e-03 
1.000899999999999977e+03 3.406478115036901122e-03 
1.000999999999999886e+03 3.611320479326715367e-03 
1.001100000000000023e+03 3.361985876694586345e-03 
1.001199999999999932e+03 3.502872194076814272e-03 
1.001300000000000068e+03 3.216410438464387036e-03 
1.001399999999999977e+03 3.614060746146713094e-03 
1.001499999999999886e+03 3.647502883276682647e-03 
1.001600000000000023e+03 3.855471328135259921e-03 
1.001699999999999932e+03 3.406458329716901146e-03 
1.001800000000000068e+03 3.724294656535080596e-03 
1.001899999999999977e+03 3.944539892436412475e-03 
1.001999999999999886e+03 3.814209043266531245e-03 
1.002100000000000023e+03 3.533123948364819394e-03 
1.002199999999999932e+03 3.507957021316809778e-03 
1.002300000000000068e+03 3.658909120264990794e-03 
1.002399999999999977e+03 3.709307276626625915e-03 
1.002499999999999886e+03 3.819130641616526409e-03 
1.002600000000000023e+03 3.618141468404935997e-03 
1.002699999999999932e+03 4.110073772216261967e-03 
1.002800000000000068e+03 3.385579870794618376e-03 
1.002899999999999977e+03 3.615752391006711672e-03 
1.002999999999999886e+03 3.637847647116691438e-03 
1.003100000000000023e+03 3.374599018194603638e-03 
1.003199999999999932e+03 4.055580054606311262e-03 
1.003300000000000068e+03 3.512957760954791946e-03 
1.003399999999999977e+03 3.483072035086831261e-03 
1.003499999999999886e+03 3.672427440146659814e-03 
1.003600000000000023e+03 3.386079450124619607e-03 
1.003699999999999932e+03 3.703198559076631338e-03 
1.003800000000000068e+03 3.487370395864757694e-03 
1.003899999999999977e+03 3.308639707636990609e-03 
1.003999999999999886e+03 3.532609530036786953e-03 
1.004100000000000023e+03 3.339757069674555677e-03 
1.004199999999999932e+03 3.472521513196841041e-03 
1.004300000000000068e+03 3.602194500484913898e-03 
1.004399999999999977e+03 3.547082491616774212e-03 
1.004499999999999886e+03 3.632134635966696810e-03 
1.004600000000000023e+03 3.846656968075247516e-03 
1.004699999999999932e+03 3.561125122486761239e-03 
1.004800000000000068e+03 3.232708595814409464e-03 
1.004899999999999977e+03 4.001150639286361020e-03 
1.004999999999999886e+03 4.061911357006305241e-03 
1.005100000000000023e+03 3.746187113115110809e-03 
1.005199999999999932e+03 3.493098245996823208e-03 
1.005300000000000068e+03 3.909505037055332512e-03 
1.005399999999999977e+03 3.373797712726931287e-03 
1.005499999999999886e+03 3.721099327346614506e-03 
1.005600000000000023e+03 3.659245470704992551e-03 
1.005699999999999932e+03 3.681024161686652536e-03 
1.005800000000000068e+03 3.564092920494862666e-03 
1.005899999999999977e+03 3.877047219586473355e-03 
1.005999999999999886e+03 3.664345136926667329e-03 
1.006100000000000023e+03 3.334093521824548628e-03 
1.006199999999999932e+03 3.893741083336458436e-03 
1.006300000000000068e+03 3.807383107875193708e-03 
1.006399999999999977e+03 3.665814196936665638e-03 
1.006499999999999886e+03 3.522637728756796566e-03 
1.006600000000000023e+03 3.663420173224997845e-03 
1.006699999999999932e+03 3.841171488096506350e-03 
1.006800000000000068e+03 3.574821510264876954e-03 
1.006899999999999977e+03 3.425531378196884288e-03 
1.006999999999999886e+03 3.354373474816949117e-03 
1.007100000000000023e+03 3.438416567854690482e-03 
1.007199999999999932e+03 3.361199410216943358e-03 
1.007300000000000068e+03 3.705211715395054749e-03 
1.007399999999999977e+03 3.534108268026785876e-03 
1.007499999999999886e+03 3.759042624776580497e-03 
1.007600000000000023e+03 4.311587256425881802e-03 
1.007699999999999932e+03 3.563746677386759112e-03 
1.007800000000000068e+03 3.458018873644717536e-03 
1.007899999999999977e+03 3.573134811726749564e-03 
1.007999999999999886e+03 3.664983213496666656e-03 
1.008100000000000023e+03 3.511360096364789674e-03 
1.008199999999999932e+03 3.570904016896752405e-03 
1.008300000000000068e+03 3.644505407304972442e-03 
1.008399999999999977e+03 3.138114980887145387e-03 
1.008499999999999886e+03 3.749797934006589544e-03 
1.008600000000000023e+03 3.890085745475307076e-03 
1.008699999999999932e+03 3.680762006196652315e-03 
1.008800000000000068e+03 3.664097820434998858e-03 
1.008899999999999977e+03 3.787978655276553943e-03 
1.008999999999999886e+03 3.377299714366927864e-03 
1.009100000000000023e+03 3.379748147724610016e-03 
1.009199999999999932e+03 3.640716518516688791e-03 
1.009300000000000068e+03 3.666674858365002315e-03 
1.009399999999999977e+03 3.674539523056658420e-03 
1.009499999999999886e+03 3.858676549966490437e-03 
1.009600000000000023e+03 3.412161448214654988e-03 
1.009699999999999932e+03 4.099671640226271348e-03 
1.009800000000000068e+03 3.578259209614881309e-03 
1.009899999999999977e+03 3.580727428276742758e-03 
1.009999999999999886e+03 3.802936357196540391e-03 
1.010100000000000023e+03 3.527361473914812032e-03 
1.010199999999999932e+03 3.738396643356599932e-03 
1.010300000000000068e+03 3.393879812534629677e-03 
1.010399999999999977e+03 3.390644912706916505e-03 
1.010499999999999886e+03 3.829364598386517451e-03 
1.010600000000000023e+03 3.668287361945004026e-03 
1.010699999999999932e+03 3.715722666636620767e-03 
1.010800000000000068e+03 4.114421596295612764e-03 
1.010899999999999977e+03 3.348912726496954071e-03 
1.010999999999999886e+03 3.190887375657097333e-03 
1.011100000000000023e+03 3.582097561694886582e-03 
1.011199999999999932e+03 4.071645734446296787e-03 
1.011300000000000068e+03 3.704227395725053461e-03 
1.011399999999999977e+03 3.226238796167066065e-03 
1.011499999999999886e+03 3.404029681686903362e-03 
1.011600000000000023e+03 3.509287584094787985e-03 
1.011699999999999932e+03 3.696916719976637081e-03 
1.011800000000000068e+03 3.504217595844780642e-03 
1.011899999999999977e+03 3.477576662456837234e-03 
1.011999999999999886e+03 3.483898072196831008e-03 
1.012100000000000023e+03 3.838831874015237369e-03 
1.012199999999999932e+03 3.299845132896998996e-03 
1.012300000000000068e+03 3.787691768145167847e-03 
1.012399999999999977e+03 3.398534309056909335e-03 
1.012499999999999886e+03 3.587929284756736972e-03 
1.012600000000000023e+03 3.590145240604897866e-03 
1.012699999999999932e+03 3.933024836196422243e-03 
1.012800000000000068e+03 3.140538682594284058e-03 
1.012899999999999977e+03 3.747206057086591852e-03 
1.012999999999999886e+03 3.627049808726701303e-03 
1.013100000000000023e+03 3.857474591785261912e-03 
1.013199999999999932e+03 3.255417196837039756e-03 
1.013300000000000068e+03 3.936695013065370438e-03 
1.013399999999999977e+03 3.450401525436861197e-03 
1.013499999999999886e+03 3.093988770957186319e-03 
1.013600000000000023e+03 3.518913142274800263e-03 
1.013699999999999932e+03 3.254858261547039465e-03 
1.013800000000000068e+03 3.406191227904647231e-03 
1.013899999999999977e+03 3.731298659806606133e-03 
1.013999999999999886e+03 3.496550784336820497e-03 
1.014100000000000023e+03 3.409994955674651787e-03 
1.014199999999999932e+03 3.732060394626605417e-03 
1.014300000000000068e+03 3.428162825764676479e-03 
1.014399999999999977e+03 3.682250851526651034e-03 
1.014499999999999886e+03 3.098405843647181451e-03 
1.014600000000000023e+03 3.767075464705138890e-03 
1.014699999999999932e+03 3.471700422416842697e-03 
1.014800000000000068e+03 3.766892450495138572e-03 
1.014899999999999977e+03 3.241424029267051150e-03 
1.014999999999999886e+03 3.302545829076995905e-03 
1.015100000000000023e+03 3.596496328324906133e-03 
1.015199999999999932e+03 3.611266069696715542e-03 
1.015300000000000068e+03 3.380910535274611953e-03 
1.015399999999999977e+03 4.072907048596295133e-03 
1.015499999999999886e+03 3.549590280926771899e-03 
1.015600000000000023e+03 3.148230225744294477e-03 
1.015699999999999932e+03 3.640884693736688368e-03 
1.015800000000000068e+03 3.586480010074892706e-03 
1.015899999999999977e+03 3.566437480906756250e-03 
1.015999999999999886e+03 3.250579686097043296e-03 
1.016100000000000023e+03 3.517483652904798870e-03 
1.016199999999999932e+03 3.622954247486705019e-03 
1.016300000000000068e+03 3.762134081035132475e-03 
1.016399999999999977e+03 4.132614198026240970e-03 
1.016499999999999886e+03 3.621851215896706479e-03 
1.016600000000000023e+03 3.414347726074658165e-03 
1.016699999999999932e+03 3.473204106736840421e-03 
1.016800000000000068e+03 3.629458671444951191e-03 
1.016899999999999977e+03 3.280455519297016242e-03 
1.016999999999999886e+03 4.033806309946330777e-03 
1.017100000000000023e+03 3.466165479154728266e-03 
1.017199999999999932e+03 3.585421495446739285e-03 
1.017300000000000068e+03 3.602600099544914052e-03 
1.017399999999999977e+03 3.644307554096685477e-03 
1.017499999999999886e+03 3.518552060176798751e-03 
1.017600000000000023e+03 3.415435918674659434e-03 
1.017699999999999932e+03 3.461718728476851671e-03 
1.017800000000000068e+03 3.458310707114717938e-03 
1.017899999999999977e+03 3.313140867936986613e-03 
1.017999999999999886e+03 3.241255854047052007e-03 
1.018100000000000023e+03 3.392480001144628030e-03 
1.018199999999999932e+03 3.718220563286618249e-03 
1.018300000000000068e+03 3.175083851314331948e-03 
1.018399999999999977e+03 3.955965914736401731e-03 
1.018499999999999886e+03 3.747487997896591615e-03 
1.018600000000000023e+03 3.735255723815094926e-03 
1.018699999999999932e+03 3.668336825236663198e-03 
1.018800000000000068e+03 3.534360530864821999e-03 
1.018899999999999977e+03 3.477373862926837374e-03 
1.018999999999999886e+03 3.696362731016637759e-03 
1.019100000000000023e+03 3.508743487794786699e-03 
1.019199999999999932e+03 3.489784204896826184e-03 
1.019300000000000068e+03 3.731362962105090695e-03 
1.019399999999999977e+03 3.315574462296984933e-03 
1.019499999999999886e+03 3.687335678766646540e-03 
1.019600000000000023e+03 3.106898692264238419e-03 
1.019699999999999932e+03 4.083042078766286297e-03 
1.019800000000000068e+03 3.598118724564909349e-03 
1.019899999999999977e+03 3.397208692616910091e-03 
1.019999999999999886e+03 3.484293778596830957e-03 
1.020100000000000023e+03 3.355793071534577884e-03 
1.020199999999999932e+03 3.272580961937023719e-03 
1.020300000000000068e+03 3.340904618234557741e-03 
1.020399999999999977e+03 3.340276434316961831e-03 
1.020499999999999886e+03 3.829799875426516485e-03 
1.020600000000000023e+03 3.690501329975034387e-03 
1.020699999999999932e+03 3.914609649606439271e-03 
1.020800000000000068e+03 3.079535594704201681e-03 
1.020899999999999977e+03 4.210232008386170614e-03 
1.020999999999999886e+03 3.209431166827080364e-03 
1.021100000000000023e+03 3.533747185944820582e-03 
1.021199999999999932e+03 3.527480185826791827e-03 
1.021300000000000068e+03 3.848867977585250337e-03 
1.021399999999999977e+03 3.844287675996504051e-03 
1.021499999999999886e+03 3.999973412746361812e-03 
1.021600000000000023e+03 3.699370099665046617e-03 
1.021699999999999932e+03 3.203742887327085814e-03 
1.021800000000000068e+03 3.308357766834512607e-03 
1.021899999999999977e+03 3.541310124506779223e-03 
1.021999999999999886e+03 3.295902907887002416e-03 
1.022100000000000023e+03 2.853201426563891936e-03 
1.022199999999999932e+03 3.122796196877159706e-03 
1.022300000000000068e+03 3.377156270804607119e-03 
1.022399999999999977e+03 3.653759990726677259e-03 
1.022499999999999886e+03 3.617904044556709796e-03 
1.022600000000000023e+03 3.289002777544486767e-03 
1.022699999999999932e+03 3.444762709236867237e-03 
1.022800000000000068e+03 3.239618618824418889e-03 
1.022899999999999977e+03 3.705488709866629725e-03 
1.022999999999999886e+03 3.621871001216706021e-03 
1.023100000000000023e+03 3.922217105155350984e-03 
1.023199999999999932e+03 3.451460040056861418e-03 
1.023300000000000068e+03 3.806794494605193237e-03 
1.023399999999999977e+03 3.814070546026530981e-03 
1.023499999999999886e+03 3.349758548926953360e-03 
1.023600000000000023e+03 3.407502005354647902e-03 
1.023699999999999932e+03 3.402906864776905280e-03 
1.023800000000000068e+03 3.662881023254997530e-03 
1.023899999999999977e+03 3.592915185396732165e-03 
1.023999999999999886e+03 3.561778038046760440e-03 
1.024099999999999909e+03 3.072289221250698935e-03 
1.024199999999999818e+03 3.415762376446893327e-03 
1.024300000000000182e+03 3.760551255443680529e-03 
1.024400000000000091e+03 3.509277691426808485e-03 
1.024500000000000000e+03 3.318660972216981152e-03 
1.024599999999999909e+03 3.774776900506566536e-03 
1.024699999999999818e+03 3.219219953897072169e-03 
1.024800000000000182e+03 3.789878046013786961e-03 
1.024900000000000091e+03 3.644381749046684844e-03 
1.025000000000000000e+03 3.679194019586653694e-03 
1.025099999999999909e+03 3.416667554836892544e-03 
1.025199999999999818e+03 3.707581007456627921e-03 
1.025300000000000182e+03 3.640612645603244144e-03 
1.025400000000000091e+03 3.504311576106812834e-03 
1.025500000000000000e+03 3.220105346967071409e-03 
1.025599999999999909e+03 3.587766055866736629e-03 
1.025699999999999818e+03 3.741750255096596908e-03 
1.025800000000000182e+03 3.478006993182652506e-03 
1.025900000000000091e+03 3.476092763456838184e-03 
1.026000000000000000e+03 3.635468462386693377e-03 
1.026099999999999909e+03 3.327351674026974085e-03 
1.026199999999999818e+03 3.484882391866830562e-03 
1.026300000000000182e+03 3.384001991532310013e-03 
1.026400000000000091e+03 3.342724867666960024e-03 
1.026500000000000000e+03 3.195254985047094043e-03 
1.026599999999999909e+03 3.233430759987058773e-03 
1.026699999999999818e+03 3.415544737926894028e-03 
1.026800000000000182e+03 4.208941016275311725e-03 
1.026900000000000091e+03 3.277344277727019077e-03 
1.027000000000000000e+03 3.751370866946587401e-03 
1.027099999999999909e+03 3.773950863396567223e-03 
1.027199999999999818e+03 3.666338507916665213e-03 
1.027300000000000182e+03 3.561827501362957709e-03 
1.027400000000000091e+03 3.870953341026479519e-03 
1.027500000000000000e+03 3.294883963907002580e-03 
1.027599999999999909e+03 3.479273253646835481e-03 
1.027699999999999818e+03 3.830433005666516143e-03 
1.027800000000000182e+03 3.856955227144031467e-03 
1.027900000000000091e+03 3.651821029366678767e-03 
1.028000000000000000e+03 3.840483948226506867e-03 
1.028099999999999909e+03 3.087969087347191416e-03 
1.028199999999999818e+03 3.351380945166951373e-03 
1.028300000000000182e+03 3.719288970583530494e-03 
1.028400000000000091e+03 3.760768893946579358e-03 
1.028500000000000000e+03 3.550999984976769847e-03 
1.028599999999999909e+03 3.398796464546908688e-03 
1.028699999999999818e+03 3.397223531606909964e-03 
1.028800000000000182e+03 3.828212103513926705e-03 
1.028900000000000091e+03 3.911636905276442804e-03 
1.029000000000000000e+03 3.119961949787162635e-03 
1.029099999999999909e+03 3.408219223196900724e-03 
1.029199999999999818e+03 3.204994308817084823e-03 
1.029300000000000182e+03 3.306077508712027078e-03 
1.029400000000000091e+03 3.671561832396660115e-03 
1.029500000000000000e+03 3.368435891006936553e-03 
1.029599999999999909e+03 3.537926834786782066e-03 
1.029699999999999818e+03 3.560116071166762042e-03 
1.029800000000000182e+03 3.419462231302439290e-03 
1.029900000000000091e+03 3.260566326367034425e-03 
1.030000000000000000e+03 3.356490504056946957e-03 
1.030099999999999909e+03 3.237912134967054802e-03 
1.030199999999999818e+03 3.728078598976609318e-03 
1.030300000000000182e+03 3.735339811433588571e-03 
1.030400000000000091e+03 3.429513173846880821e-03 
1.030500000000000000e+03 3.754858029596584972e-03 
1.030599999999999909e+03 3.611528225186715329e-03 
1.030699999999999818e+03 3.249565688447044864e-03 
1.030800000000000182e+03 3.342363785592160005e-03 
1.030900000000000091e+03 3.458028766296855107e-03 
1.031000000000000000e+03 3.130967534037152299e-03 
1.031099999999999909e+03 3.496150131606820012e-03 
1.031199999999999818e+03 3.010692573757261462e-03 
1.031300000000000182e+03 3.442734713952524082e-03 
1.031400000000000091e+03 3.360818542806943282e-03 
1.031500000000000000e+03 3.661169593066669701e-03 
1.031599999999999909e+03 4.008021091656354881e-03 
1.031699999999999818e+03 3.524146359406794392e-03 
1.031800000000000182e+03 3.103386797971289818e-03 
1.031900000000000091e+03 3.863716860236485456e-03 
1.032000000000000000e+03 3.614036014496713016e-03 
1.032099999999999909e+03 3.446256500896865624e-03 
1.032199999999999818e+03 3.483527097446831571e-03 
1.032300000000000182e+03 3.671091931063355344e-03 
1.032400000000000091e+03 3.438772703606872080e-03 
1.032500000000000000e+03 3.518843893646799153e-03 
1.032599999999999909e+03 3.588161762266736145e-03 
1.032699999999999818e+03 3.910039240686443568e-03 
1.032800000000000182e+03 3.729928526413568528e-03 
1.032900000000000091e+03 3.500849145106815774e-03 
1.033000000000000000e+03 3.662178644386669332e-03 
1.033099999999999909e+03 3.180109322587107608e-03 
1.033199999999999818e+03 3.171730239567115486e-03 
1.033300000000000182e+03 3.272002241341903477e-03 
1.033400000000000091e+03 3.521841369626796565e-03 
1.033500000000000000e+03 3.245935082227047359e-03 
1.033599999999999909e+03 3.361708882206942191e-03 
1.033699999999999818e+03 3.472308821006841843e-03 
1.033800000000000182e+03 3.759487794493676736e-03 
1.033900000000000091e+03 3.536086800026783886e-03 
1.034000000000000000e+03 3.698801271706635748e-03 
1.034099999999999909e+03 3.515158877796803125e-03 
1.034199999999999818e+03 3.028578503037246059e-03 
1.034300000000000182e+03 3.490194750302696991e-03 
1.034400000000000091e+03 3.279204097807018100e-03 
1.034500000000000000e+03 3.609208396416717628e-03 
1.034599999999999909e+03 3.125111079317157738e-03 
1.034699999999999818e+03 3.831941636316514837e-03 
1.034800000000000182e+03 3.425481914912461949e-03 
1.034900000000000091e+03 3.290521300847007273e-03 
1.035000000000000000e+03 3.534177516646786008e-03 
1.035099999999999909e+03 3.398326563196908939e-03 
1.035199999999999818e+03 3.898741822966453503e-03 
1.035300000000000182e+03 3.434410040562494489e-03 
1.035400000000000091e+03 3.898741822966453503e-03 
1.035500000000000000e+03 3.370899163346933753e-03 
1.035599999999999909e+03 3.596837625086728770e-03 
1.035699999999999818e+03 4.045959442756320336e-03 
1.035800000000000182e+03 3.584689438623040944e-03 
1.035900000000000091e+03 3.810444886136534447e-03 
1.036000000000000000e+03 3.503891138056813240e-03 
1.036099999999999909e+03 3.336556794156965954e-03 
1.036199999999999818e+03 3.404573777986903346e-03 
1.036300000000000182e+03 3.222865399121724490e-03 
1.036400000000000091e+03 3.671616242026660808e-03 
1.036500000000000000e+03 3.530418305846789312e-03 
1.036599999999999909e+03 3.964523065636394068e-03 
1.036699999999999818e+03 3.628019289406700116e-03 
1.036800000000000182e+03 3.737021563633595184e-03 
1.036900000000000091e+03 3.455402265066857565e-03 
1.037000000000000000e+03 3.210366023197080195e-03 
1.037099999999999909e+03 3.111676847037169857e-03 
1.037199999999999818e+03 3.112829341927168553e-03 
1.037300000000000182e+03 3.241765326051793822e-03 
1.037400000000000091e+03 3.318329568106982101e-03 
1.037500000000000000e+03 3.411459069346897081e-03 
1.037599999999999909e+03 3.678051417356654768e-03 
1.037699999999999818e+03 2.998069539597273455e-03 
1.037800000000000182e+03 3.296728945011993209e-03 
1.037900000000000091e+03 2.980876096517288878e-03 
1.038000000000000000e+03 3.790872258326552242e-03 
1.038099999999999909e+03 3.261120315327033746e-03 
1.038199999999999818e+03 3.376617120826928484e-03 
1.038300000000000182e+03 3.478031724832653018e-03 
1.038400000000000091e+03 3.417132509856892191e-03 
1.038500000000000000e+03 3.565705424066756713e-03 
1.038599999999999909e+03 3.680485011716652221e-03 
1.038699999999999818e+03 3.701630572466633150e-03 
1.038800000000000182e+03 3.275974144331918018e-03 
1.038900000000000091e+03 3.498682652566817777e-03 
1.039000000000000000e+03 3.327094464866973966e-03 
1.039099999999999909e+03 3.373802659056931389e-03 
1.039199999999999818e+03 3.620802593936707330e-03 
1.039300000000000182e+03 3.332485964582122991e-03 
1.039400000000000091e+03 3.273956041677021818e-03 
1.039500000000000000e+03 3.383220471376922889e-03 
1.039599999999999909e+03 3.446968772416864751e-03 
1.039699999999999818e+03 3.348586268716954688e-03 
1.039800000000000182e+03 3.502159922572740339e-03 
1.039900000000000091e+03 3.151292004007134016e-03 
1.040000000000000000e+03 3.462500248616851364e-03 
1.040099999999999909e+03 3.055481591907221236e-03 
1.040199999999999818e+03 3.565260254366756608e-03 
1.040300000000000182e+03 3.251188084701827925e-03 
1.040400000000000091e+03 3.557445052966764446e-03 
1.040500000000000000e+03 3.428088630806881698e-03 
1.040599999999999909e+03 3.817374694466528235e-03 
1.040699999999999818e+03 3.589977065376734680e-03 
1.040800000000000182e+03 3.399083351702365807e-03 
1.040900000000000091e+03 3.174336955477112619e-03 
1.041000000000000000e+03 3.612453188896714521e-03 
1.041099999999999909e+03 3.404361085796903715e-03 
1.041199999999999818e+03 3.535517972076784692e-03 
1.041300000000000182e+03 3.196145324461627767e-03 
1.041400000000000091e+03 3.816355750486529266e-03 
1.041500000000000000e+03 3.386603761096920046e-03 
1.041599999999999909e+03 3.324116774206976963e-03 
1.041699999999999818e+03 3.558760776746763485e-03 
1.041800000000000182e+03 3.039821511141058575e-03 
1.041900000000000091e+03 3.140291366087144022e-03 
1.042000000000000000e+03 3.258889520497035286e-03 
1.042099999999999909e+03 3.494621715636821776e-03 
1.042199999999999818e+03 3.230007899627062532e-03 
1.042300000000000182e+03 3.352261391922195261e-03 
1.042400000000000091e+03 3.546004191676774882e-03 
1.042500000000000000e+03 3.701427772936633290e-03 
1.042599999999999909e+03 3.318339460766981438e-03 
1.042699999999999818e+03 3.216736896237074560e-03 
1.042800000000000182e+03 3.391164277372336801e-03 
1.042900000000000091e+03 3.636878166436692192e-03 
1.043000000000000000e+03 3.364444202696940250e-03 
1.043099999999999909e+03 3.462079810566851337e-03 
1.043199999999999818e+03 3.431031697156879286e-03 
1.043300000000000182e+03 3.067793007291160379e-03 
1.043400000000000091e+03 3.460576126246852745e-03 
1.043500000000000000e+03 3.289111596797008891e-03 
1.043599999999999909e+03 3.447315015516864544e-03 
1.043699999999999818e+03 3.509515115266808195e-03 
1.043800000000000182e+03 3.512482913282778327e-03 
1.043900000000000091e+03 3.582186595626742163e-03 
1.044000000000000000e+03 3.065334681267212202e-03 
1.044099999999999909e+03 3.384743941016921023e-03 
1.044199999999999818e+03 3.613566113146712833e-03 
1.044300000000000182e+03 3.433524647492490912e-03 
1.044400000000000091e+03 3.202545875467087497e-03 
1.044500000000000000e+03 3.525729185006793321e-03 
1.044599999999999909e+03 3.685742960506647840e-03 
1.044699999999999818e+03 3.409955385026898489e-03 
1.044800000000000182e+03 3.459725357502586862e-03 
1.044900000000000091e+03 3.609668405106716740e-03 
1.045000000000000000e+03 3.376780349716928826e-03 
1.045099999999999909e+03 3.889249815696462637e-03 
1.045199999999999818e+03 3.284966572257012017e-03 
1.045300000000000182e+03 3.632940887773215919e-03 
1.045400000000000091e+03 3.229716066157062998e-03 
1.045500000000000000e+03 3.417429289656891828e-03 
1.045599999999999909e+03 3.315163916906984677e-03 
1.045699999999999818e+03 3.462000669286850567e-03 
1.045800000000000182e+03 3.601615779883102393e-03 
1.045900000000000091e+03 3.440029071426871626e-03 
1.046000000000000000e+03 3.233401082007058593e-03 
1.046099999999999909e+03 3.135844615417147409e-03 
1.046199999999999818e+03 3.510301581736807990e-03 
1.046300000000000182e+03 3.399582931032367472e-03 
1.046400000000000091e+03 3.407472327366900446e-03 
1.046500000000000000e+03 3.481321034266834057e-03 
1.046599999999999909e+03 3.501185495546815796e-03 
1.046699999999999818e+03 3.491406601136824630e-03 
1.046800000000000182e+03 3.313388184452053901e-03 
1.046900000000000091e+03 3.512700551786804726e-03 
1.047000000000000000e+03 3.422454760936886973e-03 
1.047099999999999909e+03 3.441923515816869630e-03 
1.047199999999999818e+03 3.139331778067144113e-03 
1.047300000000000182e+03 3.130176121251387542e-03 
1.047400000000000091e+03 3.634874902786694537e-03 
1.047500000000000000e+03 3.429903933916880233e-03 
1.047599999999999909e+03 3.339475128856962596e-03 
1.047699999999999818e+03 3.090041599617189636e-03 
1.047800000000000182e+03 3.392039777782339741e-03 
1.047900000000000091e+03 3.120990786427161375e-03 
1.048000000000000000e+03 3.210850763537080252e-03 
1.048099999999999909e+03 3.119091395707162834e-03 
1.048199999999999818e+03 3.421237963756888247e-03 
1.048300000000000182e+03 3.534746344612859151e-03 
1.048400000000000091e+03 3.159710657667126523e-03 
1.048500000000000000e+03 3.546246561846774694e-03 
1.048599999999999909e+03 3.587449490746737451e-03 
1.048699999999999818e+03 3.362806967466941063e-03 
1.048800000000000182e+03 3.800759972013826541e-03 
1.048900000000000091e+03 3.630902999796698210e-03 
1.049000000000000000e+03 3.442428041476869663e-03 
1.049099999999999909e+03 3.639069390626690267e-03 
1.049199999999999818e+03 3.449778287856862611e-03 
1.049300000000000182e+03 3.181350851431573572e-03 
1.049400000000000091e+03 3.066254698647211292e-03 
1.049500000000000000e+03 3.705493656196630261e-03 
1.049599999999999909e+03 3.396580508706910535e-03 
1.049699999999999818e+03 3.700097210166633944e-03 
1.049800000000000182e+03 3.473664115442636358e-03 
1.049900000000000091e+03 3.314199382556985533e-03 
1.050000000000000000e+03 3.152454391557132484e-03 
1.050099999999999909e+03 3.228845512077063197e-03 
1.050199999999999818e+03 3.494245794556821803e-03 
1.050300000000000182e+03 3.241602097161793046e-03 
1.050400000000000091e+03 3.198925161907090198e-03 
1.050500000000000000e+03 3.259240709927035181e-03 
1.050599999999999909e+03 3.519556165166798714e-03 
1.050699999999999818e+03 3.439682828326871399e-03 
1.050800000000000182e+03 2.876815205990466019e-03 
1.050900000000000091e+03 3.313971851376985162e-03 
1.051000000000000000e+03 3.209910960837079885e-03 
1.051099999999999909e+03 2.928355964577336514e-03 
1.051199999999999818e+03 3.526693719356792898e-03 
1.051300000000000182e+03 3.614664198423149944e-03 
1.051400000000000091e+03 3.733944946356604084e-03 
1.051500000000000000e+03 3.275914788357020720e-03 
1.051599999999999909e+03 3.359092273636945288e-03 
1.051699999999999818e+03 3.347730553626955628e-03 
1.051800000000000182e+03 3.082290700521213636e-03 
1.051900000000000091e+03 3.475197477726839172e-03 
1.052000000000000000e+03 3.639445311706689373e-03 
1.052099999999999909e+03 4.043590150686322479e-03 
1.052199999999999818e+03 3.377171109786928239e-03 
1.052300000000000182e+03 3.215876234831699550e-03 
1.052400000000000091e+03 2.964399871287303097e-03 
1.052500000000000000e+03 3.440246709946870925e-03 
1.052599999999999909e+03 3.196912005597091905e-03 
1.052699999999999818e+03 2.821688358127433238e-03 
1.052800000000000182e+03 2.870375084330442032e-03 
1.052900000000000091e+03 3.212641334997077842e-03 
1.053000000000000000e+03 3.498994271356817287e-03 
1.053099999999999909e+03 3.732475886346604908e-03 
1.053199999999999818e+03 3.318542260296981298e-03 
1.053300000000000182e+03 3.020966101180990165e-03 
1.053400000000000091e+03 3.149639929787135823e-03 
1.053500000000000000e+03 3.482156964036833141e-03 
1.053599999999999909e+03 3.029721105267244117e-03 
1.053699999999999818e+03 3.367278449786937321e-03 
1.053800000000000182e+03 3.391604500742337672e-03 
1.053900000000000091e+03 3.401447697426906308e-03 
1.054000000000000000e+03 3.418685657476890072e-03 
1.054099999999999909e+03 3.577443065156745913e-03 
1.054199999999999818e+03 3.536101639016782892e-03 
1.054300000000000182e+03 3.256238287631846133e-03 
1.054400000000000091e+03 3.071250491947207124e-03 
1.054500000000000000e+03 3.259779859897035063e-03 
1.054599999999999909e+03 3.493207065256822424e-03 
1.054699999999999818e+03 3.144817258037139671e-03 
1.054800000000000182e+03 2.908165045530579623e-03 
1.054900000000000091e+03 3.475983944196838534e-03 
1.055000000000000000e+03 3.765833935866575322e-03 
1.055099999999999909e+03 3.256045380747038011e-03 
1.055199999999999818e+03 3.317384819076982499e-03 
1.055300000000000182e+03 3.370429262012261153e-03 
1.055400000000000091e+03 3.131818302797151690e-03 
1.055500000000000000e+03 3.634993614706693525e-03 
1.055599999999999909e+03 3.343526173126958392e-03 
1.055699999999999818e+03 3.312730322546986791e-03 
1.055800000000000182e+03 3.066640512401156045e-03 
1.055900000000000091e+03 3.029676588297244063e-03 
1.056000000000000000e+03 3.301482368126997750e-03 
1.056099999999999909e+03 3.439752076946871531e-03 
1.056199999999999818e+03 3.309584456666989777e-03 
1.056300000000000182e+03 3.408159867252398383e-03 
1.056400000000000091e+03 3.804672519026539891e-03 
1.056500000000000000e+03 3.108308396307173007e-03 
1.056599999999999909e+03 3.005706673117266269e-03 
1.056699999999999818e+03 3.149219491737135796e-03 
1.056800000000000182e+03 3.761951066833685645e-03 
1.056900000000000091e+03 3.722820650186614132e-03 
1.057000000000000000e+03 3.141137188517143311e-03 
1.057099999999999909e+03 3.023750884957249804e-03 
1.057199999999999818e+03 3.263113686317032063e-03 
1.057300000000000182e+03 2.909174096850583591e-03 
1.057400000000000091e+03 3.129948590057153330e-03 
1.057500000000000000e+03 2.895146304957367002e-03 
1.057599999999999909e+03 3.418621355186890476e-03 
1.057699999999999818e+03 3.515524906216802459e-03 
1.057800000000000182e+03 3.272907419731907030e-03 
1.057900000000000091e+03 3.357173097596946772e-03 
1.058000000000000000e+03 3.314105402286985757e-03 
1.058099999999999909e+03 3.609267752376717989e-03 
1.058199999999999818e+03 3.592742063846732486e-03 
1.058300000000000182e+03 3.179560279971566875e-03 
1.058400000000000091e+03 3.153438711227132037e-03 
1.058500000000000000e+03 3.195042292857093978e-03 
1.058599999999999909e+03 3.856059941396493100e-03 
1.058699999999999818e+03 3.273862061407022475e-03 
1.058800000000000182e+03 3.068663561371163650e-03 
1.058900000000000091e+03 3.427890777606881940e-03 
1.059000000000000000e+03 3.006285393727265668e-03 
1.059099999999999909e+03 3.665007945146666300e-03 
1.059199999999999818e+03 3.214392335817076781e-03 
1.059300000000000182e+03 3.428420034932472011e-03 
1.059400000000000091e+03 2.837328653587419501e-03 
1.059500000000000000e+03 3.438975503136872374e-03 
1.059599999999999909e+03 2.844525563737412745e-03 
1.059699999999999818e+03 3.148294528027137038e-03 
1.059800000000000182e+03 3.060467492561134550e-03 
1.059900000000000091e+03 3.549159950216772101e-03 
1.060000000000000000e+03 3.323958491646977157e-03 
1.060099999999999909e+03 2.673115443917568283e-03 
1.060199999999999818e+03 3.733019982646604458e-03 
1.060300000000000182e+03 3.183542075621582056e-03 
1.060400000000000091e+03 3.669721797636662369e-03 
1.060500000000000000e+03 3.356940620086946731e-03 
1.060599999999999909e+03 3.265616529297029648e-03 
1.060699999999999818e+03 3.001235190797270011e-03 
1.060800000000000182e+03 3.467387222672614015e-03 
1.060900000000000091e+03 3.220090507977071536e-03 
1.061000000000000000e+03 3.428390356936881871e-03 
1.061099999999999909e+03 3.101843542997178866e-03 
1.061199999999999818e+03 3.211360235527079519e-03 
1.061300000000000182e+03 3.244416558931802284e-03 
1.061400000000000091e+03 3.524062271796795254e-03 
1.061500000000000000e+03 3.162866416207123742e-03 
1.061599999999999909e+03 3.487592980706828109e-03 
1.061699999999999818e+03 3.230814151417061002e-03 
1.061800000000000182e+03 3.374322023722274924e-03 
1.061900000000000091e+03 3.316410392066984451e-03 
1.062000000000000000e+03 3.131031836327152762e-03 
1.062099999999999909e+03 3.686465124686647173e-03 
1.062199999999999818e+03 3.268663468577026783e-03 
1.062300000000000182e+03 3.560096285862951373e-03 
1.062400000000000091e+03 3.269415310737026296e-03 
1.062500000000000000e+03 2.899306168487362882e-03 
1.062599999999999909e+03 3.176844744787111173e-03 
1.062699999999999818e+03 2.958953961957308792e-03 
1.062800000000000182e+03 3.465181159492606092e-03 
1.062900000000000091e+03 3.616143151076710652e-03 
1.063000000000000000e+03 3.537709196266782333e-03 
1.063099999999999909e+03 3.004944938297266551e-03 
1.063199999999999818e+03 2.998994503307272214e-03 
1.063300000000000182e+03 3.255021490451841335e-03 
1.063400000000000091e+03 3.875276433446474874e-03 
1.063500000000000000e+03 3.176622159937110904e-03 
1.063599999999999909e+03 3.486163491336828884e-03 
1.063699999999999818e+03 3.033584188997240794e-03 
1.063800000000000182e+03 3.315490374702061410e-03 
1.063900000000000091e+03 2.771824405397479030e-03 
1.064000000000000000e+03 3.168440930117118106e-03 
1.064099999999999909e+03 3.308639707636990609e-03 
1.064199999999999818e+03 3.335814844656966212e-03 
1.064300000000000182e+03 3.181227193181573615e-03 
1.064400000000000091e+03 3.665596558416665905e-03 
1.064500000000000000e+03 3.149006799547135298e-03 
1.064599999999999909e+03 3.430220499036879846e-03 
1.064699999999999818e+03 3.371655951836934235e-03 
1.064800000000000182e+03 3.440038964102515133e-03 
1.064900000000000091e+03 3.565225630056757192e-03 
1.065000000000000000e+03 3.723809916186613354e-03 
1.065099999999999909e+03 3.362693201876941311e-03 
1.065199999999999818e+03 3.329300528046971915e-03 
1.065300000000000182e+03 3.392034831452340506e-03 
1.065400000000000091e+03 3.644010774296686274e-03 
1.065500000000000000e+03 3.326486066276974820e-03 
1.065599999999999909e+03 3.286890694627010202e-03 
1.065699999999999818e+03 2.971097202107297712e-03 
1.065800000000000182e+03 3.060793950341135234e-03 
1.065900000000000091e+03 3.177591640617110150e-03 
1.066000000000000000e+03 3.136255160807147231e-03 
1.066099999999999909e+03 2.870973590247388914e-03 
1.066199999999999818e+03 2.801462814757451833e-03 
1.066300000000000182e+03 3.312314830842050337e-03 
1.066400000000000091e+03 3.072165562997205245e-03 
1.066500000000000000e+03 3.562312241686759785e-03 
1.066599999999999909e+03 3.829033194276517966e-03 
1.066699999999999818e+03 3.273362482077022979e-03 
1.066800000000000182e+03 3.361629740942229539e-03 
1.066900000000000091e+03 3.566353393296756245e-03 
1.067000000000000000e+03 3.172531545027114722e-03 
1.067099999999999909e+03 3.278907318007017162e-03 
1.067199999999999818e+03 3.074594211027203029e-03 
1.067300000000000182e+03 3.753878656273656501e-03 
1.067400000000000091e+03 3.409742692836898424e-03 
1.067500000000000000e+03 3.011390006287260716e-03 
1.067599999999999909e+03 3.544104800956775908e-03 
1.067699999999999818e+03 3.715000502456620567e-03 
1.067800000000000182e+03 3.116217577991336335e-03 
1.067900000000000091e+03 3.468707892766845387e-03 
1.068000000000000000e+03 2.948705166197318310e-03 
1.068099999999999909e+03 3.126372393467156952e-03 
1.068199999999999818e+03 3.523770438326794853e-03 
1.068300000000000182e+03 3.235913817661771608e-03 
1.068400000000000091e+03 2.897480972717365010e-03 
1.068500000000000000e+03 3.318690650196981333e-03 
1.068599999999999909e+03 3.335483440546965859e-03 
1.068699999999999818e+03 3.371527347256934176e-03 
1.068800000000000182e+03 3.707145730433486497e-03 
1.068900000000000091e+03 3.099231880757181198e-03 
1.069000000000000000e+03 3.379273300036926206e-03 
1.069099999999999909e+03 3.310212640576989333e-03 
1.069199999999999818e+03 3.255956346807038337e-03 
1.069300000000000182e+03 3.180411048731570170e-03 
1.069400000000000091e+03 3.509747592776807368e-03 
1.069500000000000000e+03 3.302179800656996570e-03 
1.069599999999999909e+03 3.191748037077096496e-03 
1.069699999999999818e+03 3.125106132987157635e-03 
1.069800000000000182e+03 3.450871426802554123e-03 
1.069900000000000091e+03 3.450762607526861297e-03 
1.070000000000000000e+03 3.254709871647040297e-03 
1.070099999999999909e+03 3.440439616816870147e-03 
1.070199999999999818e+03 3.353730451916949688e-03 
1.070300000000000182e+03 3.235102619541769132e-03 
1.070400000000000091e+03 3.725595541316611709e-03 
1.070500000000000000e+03 2.997654047877273964e-03 
1.070599999999999909e+03 3.373565235216931246e-03 
1.070699999999999818e+03 3.449224298896862856e-03 
1.070800000000000182e+03 3.528884943562838033e-03 
1.070900000000000091e+03 3.416192707156891824e-03 
1.071000000000000000e+03 3.506562156256810836e-03 
1.071099999999999909e+03 2.855926854387402791e-03 
1.071199999999999818e+03 3.191916212297096940e-03 
1.071300000000000182e+03 3.200552504491643510e-03 
1.071400000000000091e+03 2.594587508837639753e-03 
1.071500000000000000e+03 3.325289054416975636e-03 
1.071599999999999909e+03 3.469197579436844679e-03 
1.071699999999999818e+03 3.565240469046757066e-03 
1.071800000000000182e+03 3.114773249631332033e-03 
1.071900000000000091e+03 3.348334005886954238e-03 
1.072000000000000000e+03 3.256401516507038876e-03 
1.072099999999999909e+03 3.515846417666802174e-03 
1.072199999999999818e+03 3.361842433116942787e-03 
1.072300000000000182e+03 3.379753094062295810e-03 
1.072400000000000091e+03 3.178491872677109264e-03 
1.072500000000000000e+03 3.110474888847171004e-03 
1.072599999999999909e+03 3.222192698227069503e-03 
1.072699999999999818e+03 3.806339432236537958e-03 
1.072800000000000182e+03 3.164231603301511167e-03 
1.072900000000000091e+03 3.277883427697018525e-03 
1.073000000000000000e+03 3.225338564107066951e-03 
1.073099999999999909e+03 3.471829026996842323e-03 
1.073199999999999818e+03 3.323157186186977488e-03 
1.073300000000000182e+03 2.823276130070270958e-03 
1.073400000000000091e+03 3.482236105316832610e-03 
1.073500000000000000e+03 3.555743515446766097e-03 
1.073599999999999909e+03 3.241898876947051436e-03 
1.073699999999999818e+03 3.119220000287162894e-03 
1.073800000000000182e+03 2.970904295250808083e-03 
1.073900000000000091e+03 3.443377736836868500e-03 
1.074000000000000000e+03 3.082641889937195664e-03 
1.074099999999999909e+03 3.446390051806865352e-03 
1.074199999999999818e+03 3.116128544037165705e-03 
1.074300000000000182e+03 3.508397244702763599e-03 
1.074400000000000091e+03 3.302951428136995625e-03 
1.074500000000000000e+03 3.283828916357012760e-03 
1.074599999999999909e+03 2.671953056367569815e-03 
1.074699999999999818e+03 3.289517195857008178e-03 
1.074800000000000182e+03 3.356772444882211853e-03 
1.074900000000000091e+03 3.519862837626798122e-03 
1.075000000000000000e+03 3.181331066097105569e-03 
1.075099999999999909e+03 3.137353246067146103e-03 
1.075199999999999818e+03 3.423384670976885400e-03 
1.075300000000000182e+03 3.448165784292544101e-03 
1.075400000000000091e+03 3.164216764297122196e-03 
1.075500000000000000e+03 2.924136745087340707e-03 
1.075599999999999909e+03 3.431808270966878443e-03 
1.075699999999999818e+03 3.017419582557255824e-03 
1.075800000000000182e+03 3.597455916353086997e-03 
1.075900000000000091e+03 3.408461593366899668e-03 
1.076000000000000000e+03 3.174767286187112417e-03 
1.076099999999999909e+03 3.112225889667169509e-03 
1.076199999999999818e+03 3.616672408386711196e-03 
1.076300000000000182e+03 3.818304604523890811e-03 
1.076400000000000091e+03 3.289175899087008487e-03 
1.076500000000000000e+03 3.033806773847240196e-03 
1.076599999999999909e+03 3.366853065406937625e-03 
1.076699999999999818e+03 3.317681598876983003e-03 
1.076800000000000182e+03 3.093405104031254124e-03 
1.076900000000000091e+03 2.733139158467514165e-03 
1.077000000000000000e+03 3.622771233276704701e-03 
1.077099999999999909e+03 3.486376183526828515e-03 
1.077199999999999818e+03 3.432050641136878254e-03 
1.077300000000000182e+03 3.294839446951986633e-03 
1.077400000000000091e+03 3.609470551906716982e-03 
1.077500000000000000e+03 2.971824312617297147e-03 
1.077599999999999909e+03 3.651633068826678347e-03 
1.077699999999999818e+03 3.354413045456949068e-03 
1.077800000000000182e+03 3.412596725262414740e-03 
1.077900000000000091e+03 3.222613136277069096e-03 
1.078000000000000000e+03 3.242161032437051223e-03 
1.078099999999999909e+03 2.816306751087438529e-03 
1.078199999999999818e+03 3.488681173306827209e-03 
1.078300000000000182e+03 3.580064620073023732e-03 
1.078400000000000091e+03 3.462416161006850492e-03 
1.078500000000000000e+03 3.155056161137129948e-03 
1.078599999999999909e+03 3.409990009336897904e-03 
1.078699999999999818e+03 3.053948229607222030e-03 
1.078800000000000182e+03 3.446874792162539069e-03 
1.078900000000000091e+03 3.427361520296883131e-03 
1.079000000000000000e+03 3.219734372217071105e-03 
1.079099999999999909e+03 3.032565245017241826e-03 
1.079199999999999818e+03 3.285837126337011384e-03 
1.079300000000000182e+03 3.322113510572085281e-03 
1.079400000000000091e+03 3.324759797106976392e-03 
1.079500000000000000e+03 3.065532534467211960e-03 
1.079599999999999909e+03 3.427806689996881935e-03 
1.079699999999999818e+03 3.154002592847131130e-03 
1.079800000000000182e+03 3.715782022613517768e-03 
1.079900000000000091e+03 3.120708845617162046e-03 
1.080000000000000000e+03 3.204113862077086119e-03 
1.080099999999999909e+03 3.341067847116960862e-03 
1.080199999999999818e+03 3.353285282216949582e-03 
1.080300000000000182e+03 3.539089222352874865e-03 
1.080400000000000091e+03 3.493850088156821854e-03 
1.080500000000000000e+03 3.690298530436643670e-03 
1.080599999999999909e+03 3.499528474996816633e-03 
1.080699999999999818e+03 2.819175622487435882e-03 
1.080800000000000182e+03 3.142527107261432369e-03 
1.080900000000000091e+03 3.345153515696957808e-03 
1.081000000000000000e+03 3.068703131997208618e-03 
1.081099999999999909e+03 3.455837542106856598e-03 
1.081199999999999818e+03 3.139539523927144509e-03 
1.081300000000000182e+03 3.272051704641903633e-03 
1.081400000000000091e+03 3.616311326296710663e-03 
1.081500000000000000e+03 3.291367123277006562e-03 
1.081599999999999909e+03 3.238753011067054422e-03 
1.081699999999999818e+03 3.478783566976836189e-03 
1.081800000000000182e+03 3.470612229832626110e-03 
1.081900000000000091e+03 3.234959175957058310e-03 
1.082000000000000000e+03 3.383631016766922277e-03 
1.082099999999999909e+03 3.264033703697030719e-03 
1.082199999999999818e+03 3.193899690627095053e-03 
1.082300000000000182e+03 2.950777678480734616e-03 
1.082400000000000091e+03 3.451128635946861499e-03 
1.082500000000000000e+03 3.294374491917003746e-03 
1.082599999999999909e+03 3.280208202797016762e-03 
1.082699999999999818e+03 3.323340200396976939e-03 
1.082800000000000182e+03 3.297114758751995122e-03 
1.082900000000000091e+03 3.160447660837125729e-03 
1.083000000000000000e+03 3.780489911656561598e-03 
1.083099999999999909e+03 2.997693618517273915e-03 
1.083199999999999818e+03 3.353809593196949157e-03 
1.083300000000000182e+03 3.443887208842528851e-03 
1.083400000000000091e+03 3.327158767156973996e-03 
1.083500000000000000e+03 3.291906273247005577e-03 
1.083599999999999909e+03 3.149560788507135053e-03 
1.083699999999999818e+03 3.442591270366868704e-03 
1.083800000000000182e+03 3.628879950843201703e-03 
1.083900000000000091e+03 3.894804544286457892e-03 
1.084000000000000000e+03 2.908723980807354816e-03 
1.084099999999999909e+03 3.415950336986892880e-03 
1.084199999999999818e+03 3.185352432387103354e-03 
1.084300000000000182e+03 3.746943901613630518e-03 
1.084400000000000091e+03 3.285347439667012093e-03 
1.084500000000000000e+03 3.156075105117129784e-03 
1.084599999999999909e+03 3.267323013147028100e-03 
1.084699999999999818e+03 3.301482368126997750e-03 
1.084800000000000182e+03 2.985317900870860467e-03 
1.084900000000000091e+03 3.468045084546845548e-03 
1.085000000000000000e+03 3.118107076037164149e-03 
1.085099999999999909e+03 3.445381000486866154e-03 
1.085199999999999818e+03 3.091654103197188311e-03 
1.085300000000000182e+03 3.449085801672547528e-03 
1.085400000000000091e+03 3.407393186086900977e-03 
1.085500000000000000e+03 3.547611748926773455e-03 
1.085599999999999909e+03 3.189660685817098836e-03 
