26   149   15.5   41.5   -39.5   109.5
0.0034228245   -0.0025369112   183.05933   69350   0.50002436
0.010437823   -0.006824464   549.17746   115265   1.5000568
0.017860039   -0.0098276949   915.30097   161304   2.5000874
0.025536766   -0.011808029   1281.4344   207488   3.5001322
0.033359662   -0.012919769   1647.565   253666   4.5001584
0.041252456   -0.013270756   2013.7013   299835   5.500192
0.049158031   -0.012942331   2379.8377   345881   6.5002187
0.057033409   -0.012000137   2745.9805   391882   7.5002573
0.064863748   -0.010512426   3112.1214   437671   8.5002861
0.07262134   -0.0085245972   3478.2658   483183   9.5003212
0.080290404   -0.0060806594   3844.4109   528489   10.500355
0.087859017   -0.0032193605   4210.558   573707   11.500393
0.095310979   3.0325807e-05   4576.6978   618699   12.50041
0.1026529   0.0036282225   4942.8484   663570   13.500455
0.10987343   0.0075519688   5308.9916   708279   14.500479
0.11696634   0.0117793   5675.1359   752876   15.500507
0.12392689   0.016290162   6041.2834   797389   16.500543
0.13074881   0.021068483   6407.43   841792   17.500578
0.1374467   0.026085371   6773.5836   886051   18.500632
0.14401624   0.031328079   7139.7252   930343   19.500654
0.15046182   0.03677929   7505.8697   974409   20.500685
0.15678847   0.042422905   7872.0209   1018531   21.500736
0.16299339   0.04825017   8238.1664   1062512   22.500772
0.1690886   0.05424276   8604.3073   1106415   23.500796
0.175073   0.060393196   8970.4553   1150100   24.500841
0.18095367   0.06668879   9336.6008   1193452   25.500881
0.18673829   0.073117301   9702.7445   1236538   26.500916
0.19242626   0.079673643   10068.884   1279569   27.500942
0.19802869   0.086344767   10435.03   1322870   28.500986
0.20354564   0.093126449   10801.179   1366013   29.501037
0.20898382   0.10000993   11167.32   1409225   30.501071
0.2143504   0.10698665   11533.458   1452218   31.501096
0.21964699   0.11405284   11899.602   1495433   32.50114
0.22488868   0.1211949   12265.743   1538687   33.501175
0.23007752   0.12840972   12631.887   1581778   34.501219
0.23521933   0.13569164   12998.032   1625276   35.501264
0.24032008   0.14303528   13364.172   1668365   36.501299
0.24538189   0.15043875   13730.314   1711694   37.50134
0.25041775   0.15789219   14096.46   1755002   38.50139
0.25543001   0.16539464   14462.602   1798293   39.501433
0.26042355   0.17294388   14828.738   1841870   40.501457
0.26540399   0.18053776   15194.885   1885195   41.501512
0.27037362   0.18817665   15561.029   1928348   42.501559
0.27534245   0.1958536   15927.166   1971843   43.501586
0.28031181   0.20356652   16293.309   2015025   44.501628
0.28528473   0.21131048   16659.453   2058556   45.501676
0.29026409   0.21908034   17025.596   2101692   46.501717
0.29524934   0.22687404   17391.737   2144999   47.501757
0.30024288   0.23468758   17757.885   2188465   48.501813
0.3052441   0.2425197   18124.022   2231538   49.501839
0.31025281   0.25036923   18490.17   2274790   50.501896
0.31526814   0.25823573   18856.312   2318175   51.501934
0.3202914   0.26611725   19222.454   2361375   52.501973
0.32533189   0.27400542   19588.601   2404586   53.502026
0.33039073   0.28189855   19954.747   2447814   54.502074
0.33546745   0.28979627   20320.886   2491057   55.502106
0.34056188   0.29769809   20687.028   2534311   56.502143
0.34567385   0.30560364   21053.175   2577631   57.502192
0.35080298   0.31351267   21419.32   2620672   58.502237
0.35594905   0.32142484   21785.464   2663911   59.50228
0.36111175   0.32933973   22151.607   2707184   60.50232
0.36629086   0.33725686   22517.755   2750476   61.502371
0.37148601   0.34517585   22883.903   2793846   62.502423
0.3766968   0.35309643   23250.048   2836904   63.502465
0.38192311   0.36101827   23616.191   2880371   64.502503
0.38716496   0.36894108   23982.344   2923555   65.502567
0.39242183   0.37686504   24348.485   2966718   66.502596
0.39769409   0.38478977   24714.635   3009916   67.502652
0.40298129   0.39271533   25080.777   3053286   68.502685
0.40828354   0.40064127   25446.925   3096549   69.502734
0.41360462   0.40856383   25813.071   3139543   70.502776
0.41894879   0.416479   26179.226   3182929   71.502843
0.42431451   0.42438772   26545.37   3226052   72.502877
0.42969572   0.43229491   26911.519   3269218   73.502928
0.435091   0.44020131   27277.665   3312643   74.50297
0.44050029   0.44810651   27643.817   3355891   75.503026
0.44592318   0.45601043   28009.964   3398986   76.503068
0.45135963   0.46391285   28376.109   3442316   77.503106
0.4568096   0.47181355   28742.257   3485418   78.503149
0.46227308   0.47971234   29108.41   3528788   79.503208
0.46774966   0.4876093   29474.555   3572026   80.503243
0.47323949   0.49550398   29840.708   3615052   81.503301
0.47874312   0.5033955   30206.852   3658449   82.503332
0.48426711   0.5112778   30573.007   3701582   83.503396
0.48981196   0.51914996   30939.153   3744777   84.503433
0.49537369   0.52701516   31305.305   3788111   85.503485
0.50094786   0.53487695   31671.458   3831306   86.503538
0.50653426   0.54273518   32037.607   3874581   87.503583
0.51213271   0.55058963   32403.757   3917855   88.503628
0.51774305   0.55844012   32769.907   3961008   89.503675
0.52336509   0.56628654   33136.054   4004311   90.503711
0.52899897   0.57412851   33502.211   4047460   91.503775
0.53464412   0.58196615   33868.356   4090658   92.503806
0.54030077   0.58979895   34234.509   4133737   93.503858
0.54596863   0.59762674   34600.664   4177236   94.503915
0.55164729   0.60544929   34966.814   4220227   95.503959
0.55733657   0.61326624   35332.963   4263657   96.504001
0.56303633   0.62107722   35699.115   4306675   97.504048
0.56874643   0.62888192   36065.27   4350134   98.504103
0.57446658   0.63668001   36431.423   4393129   99.504154
0.58019015   0.64447674   36797.574   4436460   100.5042
0.58591064   0.6522773   37163.725   4479661   101.50424
0.59162717   0.66008183   37529.872   4523251   102.50428
0.59733661   0.6678925   37896.026   4566093   103.50433
0.60303805   0.67570932   38262.18   4609256   104.50438
0.60872904   0.6835336   38628.336   4652695   105.50444
0.61440695   0.69136679   38994.488   4695734   106.50449
0.62007022   0.69920929   39360.639   4739131   107.50453
0.62571216   0.70706611   39726.791   4780847   108.50458
0.63133113   0.71493743   40092.937   4823998   109.50461
0.63692279   0.72282584   40459.097   4868436   110.50468
0.64248185   0.73073442   40825.245   4910334   111.50471
0.64800514   0.73866432   41191.393   4954704   112.50475
0.65347636   0.74662868   41557.547   4996547   113.50481
0.65889179   0.75462883   41923.698   5040890   114.50486
0.66424849   0.7626652   42289.849   5084081   115.50491
0.66954318   0.77073819   42655.995   5125838   116.50494
0.67477179   0.77884872   43022.147   5168777   117.505
0.6799145   0.78701225   43388.301   5211880   118.50506
0.68496643   0.79522968   43754.443   5254808   119.50508
0.68991795   0.80350598   44120.593   5297758   120.50514
0.69475857   0.8118463   44486.741   5341027   121.50519
0.69948519   0.82024858   44852.887   5384055   122.50523
0.70408977   0.82871519   45219.036   5426855   123.50529
0.70856848   0.83724325   45585.18   5469909   124.50533
0.71290162   0.84584391   45951.317   5512730   125.50536
0.71706954   0.85452746   46317.464   5555722   126.50542
0.72106753   0.86328892   46683.603   5598753   127.50546
0.7248888   0.87212481   47049.742   5641830   128.50551
0.72852802   0.88102839   47415.883   5684887   129.50556
0.73196509   0.89000541   47782.017   5728211   130.50559
0.73517966   0.89906034   48148.155   5771441   131.50565
0.73816084   0.90818642   48514.285   5814808   132.50568
0.74087978   0.9173926   48880.42   5858266   133.50574
0.74332376   0.92666907   49246.551   5901637   134.50578
0.74547863   0.93600464   49612.675   5945245   135.50582
0.74732907   0.94538601   49978.804   5989250   136.50587
0.7488572   0.95479813   50344.928   6033423   137.50591
0.75002073   0.96424574   50711.048   6077655   138.50595
0.750798   0.9737074   51077.166   6121955   139.50598
0.75116351   0.98315918   51443.287   6165990   140.50603
0.75108813   0.99257254   51809.399   6210513   141.50607
0.75054222   1.0019095   52175.51   6255062   142.5061
0.74947536   1.0111392   52541.626   6299807   143.50616
0.74784464   1.0202039   52907.733   6344868   144.50619
0.74559544   1.0290353   53273.832   6390138   145.50622
0.74266037   1.0375448   53639.934   6435198   146.50626
0.7389535   1.0456108   54006.034   6481000   147.50631
0.73433308   1.0530785   54372.124   6527963   148.50635

0.0036193314   -0.0026810594   183.51056   71861   0.50002814
0.010873425   -0.0074237437   550.41861   116350   1.5000783
0.018312441   -0.011129315   917.13514   161201   2.5000932
0.025889109   -0.013931545   1283.7514   206260   3.5001369
0.033535055   -0.015933041   1650.2822   251355   4.5001574
0.041188262   -0.017213893   2016.7622   296458   5.500197
0.048797433   -0.017838555   2383.1927   341618   6.5002254
0.056328309   -0.017865774   2749.589   386827   7.5002616
0.063783552   -0.017367633   3115.9498   432041   8.5002854
0.071140961   -0.016386771   3482.2862   477219   9.500314
0.078378687   -0.014957337   3848.602   522261   10.500348
0.085478035   -0.013108714   4214.8919   567218   11.500365
0.092427188   -0.010869575   4581.1705   612025   12.500398
0.099246604   -0.0082875694   4947.4296   656681   13.500419
0.10592882   -0.0053855206   5313.6794   701224   14.50045
0.11246412   -0.0021809259   5679.917   745693   15.50048
0.11884428   0.001310704   6046.1423   790121   16.500506
0.12506494   0.0050735277   6412.3585   834448   17.500531
0.13114747   0.0090748795   6778.5614   878672   18.500543
0.13708993   0.013301434   7144.7641   922873   19.500575
0.1428948   0.017738435   7510.9621   966989   20.500612
0.1485652   0.022372244   7877.1486   1011074   21.500634
0.15410069   0.027193199   8243.3296   1055076   22.500655
0.15952316   0.032176099   8609.5066   1098956   23.500678
0.1648333   0.037312672   8975.6864   1142045   24.500719
0.1700298   0.042597261   9341.8539   1185397   25.500737
0.17511242   0.048024334   9708.0242   1228769   26.500772
0.18008278   0.053587535   10074.188   1271920   27.500798
0.18496473   0.059264237   10440.351   1315093   28.500827
0.18976071   0.065048701   10806.514   1357990   29.50086
0.19447562   0.070933947   11172.672   1401387   30.50089
0.19911472   0.076913243   11538.83   1444565   31.500922
0.20368005   0.082982652   11904.986   1487588   32.50095
0.20818994   0.089126139   12271.133   1531063   33.500959
0.21264719   0.095340065   12637.288   1574156   34.500991
0.21705754   0.10161896   13003.44   1617403   35.501018
0.22142732   0.10795726   13369.6   1660888   36.501066
0.22575751   0.11435385   13735.746   1704151   37.501078
0.23005823   0.12080087   14101.907   1747247   38.501128
0.2343308   0.12729768   14468.061   1790645   39.501157
0.23858204   0.13383977   14834.21   1833938   40.50117
0.24281917   0.1404225   15200.371   1877227   41.501215
0.24704336   0.14704584   15566.53   1920537   42.50125
0.25126125   0.15370511   15932.684   1963943   43.501275
0.25547383   0.16039928   16298.838   2007279   44.501304
0.25968913   0.1671209   16664.996   2050592   45.501343
0.26391473   0.17386223   17031.149   2093837   46.501376
0.26814971   0.18062217   17397.295   2137113   47.501392
0.2723935   0.18739948   17763.446   2180152   48.50142
0.27664535   0.1941933   18129.596   2223368   49.501451
0.28090679   0.20100112   18495.748   2266620   50.501486
0.2851795   0.20782053   18861.901   2309901   51.501526
0.28946411   0.21465014   19228.053   2353149   52.501564
0.29376666   0.2214843   19594.203   2396430   53.501597
0.29808789   0.22832168   19960.353   2439665   54.50163
0.30242734   0.23516194   20326.496   2482918   55.501646
0.30678498   0.24200451   20692.647   2526237   56.501682
0.31116047   0.24884913   21058.801   2569407   57.501727
0.31555339   0.25569559   21424.949   2612640   58.501755
0.31996376   0.26254342   21791.102   2655391   59.501798
0.32439103   0.2693925   22157.245   2699075   60.501815
0.32883539   0.27624225   22523.398   2741837   61.50186
0.33329671   0.28309217   22889.542   2785524   62.501879
0.33777836   0.28993902   23255.699   2828336   63.501934
0.34228012   0.2967825   23621.841   2872012   64.501947
0.34680036   0.30362367   23987.997   2915290   65.501998
0.35133643   0.31046447   24354.145   2958444   66.50203
0.35588833   0.31730474   24720.29   3001733   67.502052
0.36045618   0.3241442   25086.441   3044928   68.50209
0.36503968   0.33098279   25452.589   3088215   69.50212
0.369645   0.33781496   25818.737   3131021   70.50215
0.37427838   0.34463507   26184.892   3174160   71.5022
0.37893776   0.35144447   26551.039   3217844   72.502226
0.38361383   0.35825068   26917.192   3261058   73.50227
0.38830467   0.36505498   27283.339   3303823   74.502297
0.39301035   0.37185698   27649.493   3347065   75.502343
0.39773033   0.37865673   28015.636   3390169   76.502359
0.40246491   0.38545379   28381.788   3433398   77.502399
0.4072138   0.39224814   28747.939   3476516   78.502438
0.41197687   0.39903967   29114.089   3519815   79.502472
0.41675613   0.40582636   29480.239   3562946   80.502509
0.42155341   0.41260629   29846.385   3606134   81.50253
0.42636935   0.41937866   30212.534   3649388   82.502563
0.43120707   0.42614052   30578.691   3692504   83.502618
0.43606657   0.43289156   30944.839   3735712   84.502646
0.44094367   0.43963509   31310.985   3778943   85.50267
0.44583431   0.44637439   31677.141   3822133   86.502722
0.45073842   0.45310913   32043.287   3865358   87.502744
0.45565934   0.45983619   32409.438   3908481   88.502781
0.46059735   0.46655504   32775.585   3951694   89.502809
0.46555051   0.47326717   33141.74   3994882   90.502857
0.47051631   0.47997438   33507.889   4038194   91.502888
0.47549474   0.48667638   33874.036   4081323   92.502916
0.48048567   0.49337288   34240.187   4124553   93.502952
0.48548893   0.50006364   34606.339   4167717   94.502993
0.49050418   0.50674845   34972.489   4210959   95.503029
0.49553114   0.51342703   35338.636   4254059   96.503056
0.50056983   0.52009895   35704.79   4297233   97.503103
0.50561993   0.52676402   36070.943   4340394   98.503148
0.51068102   0.53342209   36437.086   4383658   99.503164
0.51574908   0.54007621   36803.236   4426920   100.5032
0.52081954   0.54672978   37169.387   4469872   101.50324
0.52589154   0.55338296   37535.533   4513009   102.50327
0.53096197   0.56003791   37901.686   4556340   103.50332
0.53602967   0.56669487   38267.832   4599518   104.50335
0.5410883   0.57335873   38633.984   4642592   105.5034
0.54613089   0.58003478   39000.124   4685790   106.50341
0.55115702   0.58672255   39366.276   4728961   107.50346
0.55616275   0.59342437   39732.424   4772162   108.5035
0.5611469   0.60014011   40098.564   4815374   109.50353
0.56610496   0.60687261   40464.706   4858434   110.50356
0.57103218   0.61362474   40830.849   4901693   111.50359
0.57592461   0.62039839   41196.989   4944802   112.50362
0.58076283   0.62720927   41563.131   4987850   113.50366
0.58554294   0.63405899   41929.274   5031036   114.50371
0.59026382   0.64094637   42295.406   5074179   115.50373
0.59492487   0.64786965   42661.547   5117273   116.50378
0.59952097   0.65483075   43027.677   5160332   117.50381
0.60402946   0.66184761   43393.806   5203323   118.50384
0.60844537   0.66892143   43759.938   5246213   119.50389
0.61275855   0.67605767   44126.06   5289245   120.50392
0.61695923   0.68326114   44492.185   5332201   121.50396
0.62104368   0.69053057   44858.299   5375025   122.50398
0.62500105   0.69787116   45224.416   5417872   123.50403
0.62882678   0.70528097   45590.519   5460862   124.50405
0.63250386   0.71276899   45956.627   5503966   125.5041
0.63601428   0.72034408   46322.725   5547141   126.50413
0.63935348   0.7280019   46688.814   5590390   127.50416
0.64251153   0.73574236   47054.895   5633838   128.50419
0.64548273   0.74355975   47420.968   5677189   129.50422
0.64824547   0.75146194   47787.034   5720706   130.50426
0.65077734   0.7594559   48153.089   5764296   131.50429
0.65306918   0.76753439   48519.132   5807865   132.50432
0.65509838   0.77570105   48885.165   5851208   133.50436
0.65685381   0.78394591   49251.184   5894923   134.5044
0.65831362   0.79226658   49617.184   5938839   135.50444
0.65945468   0.80065886   49983.165   5982902   136.50447
0.66026093   0.809108   50349.123   6027345   137.5045
0.66069702   0.81761388   50715.06   6072140   138.50453
0.66074325   0.82615592   51080.971   6116877   139.50457
0.66037501   0.83471272   51446.85   6161661   140.50461
0.6595649   0.84325869   51812.691   6206761   141.50464
0.65828353   0.85176143   52178.49   6252084   142.50467
0.65647434   0.86020452   52544.242   6297636   143.50471
0.65409824   0.8685413   52909.927   6343359   144.50473
0.65111459   0.87671031   53275.548   6388619   145.50478
0.64747292   0.88463724   53641.061   6434576   146.50482
0.64310584   0.89223525   54006.43   6480661   147.50484
0.63790429   0.8994254   54371.578   6527676   148.50489

0.0038157219   -0.0028248513   183.82379   74341   0.50003309
0.011358451   -0.0079543684   551.3121   118030   1.5000818
0.018918826   -0.012220509   918.53434   162006   2.5001189
0.026500574   -0.01570095   1285.5638   206199   3.5001386
0.034067258   -0.01845877   1652.4597   250425   4.5001737
0.04157083   -0.020545354   2019.2489   294652   5.5002127
0.048967727   -0.022006253   2385.9459   338935   6.5002376
0.056233931   -0.022891444   2752.5729   383365   7.5002666
0.063390694   -0.023275457   3119.1367   427921   8.5002873
0.070421885   -0.023197066   3485.6487   472464   9.5003066
0.07730006   -0.022679879   3852.1204   517009   10.500336
0.084000455   -0.021743721   4218.5537   561691   11.500365
0.090515243   -0.020416122   4584.9521   606270   12.500389
0.096879586   -0.018752374   4951.3205   650746   13.500411
0.10308915   -0.016774861   5317.6588   695130   14.500421
0.10912704   -0.014493307   5683.9781   739454   15.500441
0.11497758   -0.011915554   6050.2778   783734   16.500462
0.12064084   -0.0090589137   6416.5654   827941   17.500499
0.12615818   -0.005969539   6782.8319   872078   18.500521
0.13153125   -0.0026621429   7149.082   916187   19.500536
0.13675447   0.00085572534   7515.3173   960273   20.500544
0.14182314   0.0045773704   7881.5441   1004349   21.50056
0.14673953   0.0084920489   8247.7678   1048313   22.500593
0.1515385   0.012565498   8613.9793   1091036   23.500616
0.15622298   0.016788405   8980.1768   1134241   24.500622
0.16078395   0.021161596   9346.3745   1177639   25.500646
0.16521243   0.02568677   9712.5625   1220970   26.50066
0.16951297   0.03035587   10078.753   1264574   27.500695
0.17372187   0.035137053   10444.929   1307766   28.500703
0.17784406   0.04002296   10811.105   1350396   29.500723
0.18188462   0.045006866   11177.279   1393561   30.500745
0.1858489   0.050082285   11543.449   1436712   31.500763
0.18973923   0.055245232   11909.624   1479871   32.500803
0.1935736   0.060480062   12275.784   1523160   33.500808
0.19735497   0.065783095   12641.953   1566325   34.500839
0.20108898   0.071149001   13008.115   1609639   35.500855
0.20478192   0.076572236   13374.279   1652876   36.500876
0.20843509   0.082051289   13740.443   1696090   37.500899
0.21205795   0.087578627   14106.607   1739363   38.50092
0.21565203   0.093153128   14472.772   1782616   39.500942
0.21922385   0.098770005   14838.939   1825949   40.500965
0.22278002   0.10442438   15205.11   1869208   41.500992
0.22632052   0.11011647   15571.274   1912501   42.501002
0.22984579   0.11584608   15937.451   1955803   43.501047
0.2333553   0.12161366   16303.614   1999041   44.501058
0.2368621   0.12740865   16669.781   2042275   45.501086
0.24037847   0.13322058   17035.942   2085585   46.501106
0.24390395   0.13904859   17402.105   2128744   47.501134
0.24743788   0.14489197   17768.266   2171887   48.50116
0.25097955   0.15075008   18134.417   2215163   49.501162
0.2545352   0.15661682   18500.578   2258376   50.501195
0.25811046   0.16248671   18866.735   2301601   51.501221
0.26170499   0.16835917   19232.893   2344822   52.501248
0.26531845   0.17423372   19599.051   2388024   53.501276
0.26895039   0.18011007   19965.201   2431312   54.501286
0.27260087   0.18598754   20331.361   2474534   55.501324
0.27626912   0.19186608   20697.51   2517796   56.501332
0.27995545   0.19774499   21063.67   2561013   57.501371
0.28365931   0.20362419   21429.826   2604234   58.501398
0.28738055   0.20950339   21795.978   2647443   59.501419
0.29111899   0.2153823   22162.129   2690085   60.501434
0.29487466   0.22126056   22528.284   2733587   61.501465
0.29864871   0.2271368   22894.432   2777111   62.501475
0.30245064   0.2330028   23260.585   2819929   63.501501
0.3062817   0.23885713   23626.737   2863533   64.501524
0.31013547   0.24470476   23992.892   2906136   65.501554
0.31400554   0.25055073   24359.049   2950026   66.501591
0.31789154   0.25639515   24725.195   2992513   67.501598
0.3217937   0.26223756   25091.348   3035739   68.501624
0.32571187   0.26807782   25457.505   3079886   69.501662
0.32965215   0.27391065   25823.659   3122603   70.501692
0.33362065   0.27973073   26189.809   3166036   71.501711
0.33761575   0.2855391   26555.962   3208248   72.501738
0.34162763   0.29134355   26922.109   3252394   73.501751
0.34565486   0.29714504   27288.26   3294916   74.501773
0.34969731   0.30294337   27654.412   3338374   75.501799
0.35375489   0.30873832   28020.568   3381843   76.501836
0.35782728   0.31452989   28386.717   3424788   77.501855
0.36191461   0.32031777   28752.871   3468235   78.501887
0.3660167   0.32610188   29119.025   3511556   79.50192
0.37013955   0.3318769   29485.172   3554966   80.501933
0.3742896   0.33763715   29851.325   3598247   81.501963
0.37846506   0.34338389   30217.478   3641537   82.501993
0.38265632   0.34912498   30583.629   3684905   83.502018
0.38686174   0.35486162   30949.778   3727870   84.502039
0.3910812   0.36059367   31315.925   3771043   85.502053
0.39531488   0.36632079   31682.08   3814297   86.50209
0.39956394   0.3720417   32048.228   3857640   87.50211
0.40383789   0.37774807   32414.38   3901019   88.502137
0.40813813   0.38343852   32780.532   3943942   89.502168
0.41245824   0.38911829   33146.685   3987183   90.5022
0.41679171   0.3947926   33512.833   4030537   91.502219
0.42113848   0.40046115   33878.979   4073696   92.502235
0.42549846   0.40612361   34245.128   4117774   93.502259
0.42987148   0.41177976   34611.28   4160319   94.502291
0.43425722   0.41742949   34977.428   4203438   95.502312
0.43865583   0.42307232   35343.583   4247088   96.502355
0.44306682   0.42870821   35709.73   4290299   97.502376
0.44749003   0.43433679   36075.873   4333717   98.502387
0.45192552   0.43995757   36442.024   4376685   99.502421
0.45637278   0.44557049   36808.169   4419939   100.50244
0.46083176   0.45117507   37174.318   4463185   101.50247
0.46530049   0.45677246   37540.464   4506311   102.5025
0.4697693   0.4623705   37906.609   4549627   103.50252
0.47423635   0.46797016   38272.754   4592610   104.50255
0.47869512   0.47357643   38638.902   4635939   105.50258
0.48313885   0.47919438   39005.045   4679024   106.50261
0.48756583   0.48482466   39371.188   4722122   107.50264
0.49196606   0.49047497   39737.323   4765319   108.50265
0.49633784   0.49614581   40103.466   4808453   109.50269
0.50068046   0.50183667   40469.605   4851581   110.50272
0.50499331   0.50754685   40835.733   4894821   111.50272
0.50927307   0.51327793   41201.871   4937965   112.50276
0.51350002   0.51904571   41568.004   4981195   113.50279
0.51767019   0.52485187   41934.129   5024317   114.50281
0.52178295   0.53069503   42300.255   5067262   115.50284
0.52583721   0.53657398   42666.374   5110372   116.50286
0.52982752   0.54249116   43032.498   5153346   117.5029
0.53372442   0.54847024   43398.606   5196469   118.50291
0.53752239   0.55451318   43764.716   5239420   119.50293
0.54121984   0.56061795   44130.824   5282328   120.50297
0.54481488   0.5667824   44496.919   5325282   121.50299
0.54830118   0.57300797   44863.013   5368206   122.50302
0.5516487   0.57931715   45229.094   5411130   123.50303
0.55485071   0.58571056   45595.17   5454242   124.50306
0.55789841   0.59219002   45961.242   5497546   125.5031
0.56078235   0.5987571   46327.295   5540650   126.50311
0.56349626   0.60540965   46693.344   5584109   127.50315
0.56601776   0.61215941   47059.377   5627629   128.50318
0.56833949   0.61900301   47425.394   5671195   129.5032
0.57044426   0.62594486   47791.391   5714672   130.50322
0.57231443   0.63298844   48157.376   5758254   131.50325
0.57394206   0.64012645   48523.34   5801888   132.50328
0.57531079   0.64735772   48889.271   5845666   133.50329
0.57641161   0.65467194   49255.186   5889414   134.50333
0.57721069   0.66207936   49621.069   5933887   135.50335
0.57767334   0.66958835   49986.917   5978420   136.50338
0.57778652   0.67718379   50352.724   6023291   137.5034
0.57752818   0.68485558   50718.489   6068343   138.50342
0.57688209   0.69258353   51084.213   6113560   139.50347
0.57582496   0.70034952   51449.868   6158966   140.50349
0.57433183   0.70813133   51815.464   6204394   141.50353
0.57237236   0.71590417   52180.978   6250148   142.50355
0.56987499   0.72367422   52546.401   6296294   143.50359
0.56680273   0.7314057   52911.71   6342564   144.50361
0.56313452   0.73903764   53276.888   6388518   145.50366
0.55884358   0.74650235   53641.883   6434732   146.50368
0.55387893   0.75374389   54006.644   6481558   147.50371
0.54814961   0.76074151   54371.083   6528644   148.50376

0.004004317   -0.0029625447   184.04687   76691   0.50003014
0.011852749   -0.0084365114   551.96614   119827   1.5000719
0.019593798   -0.013175114   919.58703   163155   2.5001136
0.027240496   -0.017216855   1286.9766   206620   3.500154
0.034773629   -0.02059665   1654.1819   250186   4.500188
0.042173158   -0.023355752   2021.243   293812   5.5002286
0.049419095   -0.025534967   2388.1769   337471   6.5002508
0.056493041   -0.027172463   2755.0145   381245   7.5002846
0.0634088   -0.028325561   3121.7653   425130   8.5003141
0.070152211   -0.029025618   3488.4369   469060   9.5003266
0.076707969   -0.029298391   3855.0477   513067   10.500345
0.083062745   -0.029166778   4221.6071   557129   11.500373
0.089208564   -0.028653805   4588.1155   601317   12.500392
0.095169316   -0.027802723   4954.577   645572   13.500398
0.10094038   -0.026632613   5321.0075   689774   14.500419
0.1065188   -0.025161068   5687.4083   733939   15.500448
0.11190267   -0.023404092   6053.7727   778051   16.500457
0.11709084   -0.021376191   6420.1118   822136   17.500465
0.12211297   -0.019113018   6786.4379   866174   18.500499
0.1269687   -0.016626293   7152.7293   910200   19.500494
0.13166224   -0.013929691   7519.0143   954188   20.500518
0.13619754   -0.011035381   7885.2772   998175   21.500525
0.14057529   -0.0079520481   8251.5324   1042047   22.500548
0.14481791   -0.0047036247   8617.7726   1085731   23.500564
0.14892665   -0.001297389   8984.0017   1129192   24.500578
0.15290114   0.0022615489   9350.2213   1172617   25.500592
0.15674133   0.0059685918   9716.429   1215977   26.500597
0.1604508   0.0098168982   10082.633   1259193   27.500611
0.16406013   0.013779644   10448.835   1302307   28.500637
0.16757298   0.017850826   10815.03   1345418   29.500659
0.17099874   0.02202067   11181.212   1388608   30.500659
0.17434739   0.026279349   11547.393   1431778   31.500668
0.17762024   0.030623868   11913.581   1474968   32.500702
0.18082887   0.035043744   12279.752   1518166   33.500699
0.18397528   0.039536178   12645.931   1561366   34.500722
0.18706953   0.044092512   13012.108   1604672   35.500745
0.190122   0.048704068   13378.283   1647910   36.500763
0.1931328   0.053370159   13744.45   1691209   37.500762
0.1961052   0.058087898   14110.625   1734462   38.500778
0.19903941   0.062856909   14476.8   1777807   39.500793
0.20195044   0.067665541   14842.978   1821091   40.500812
0.20485323   0.072502113   15209.157   1864376   41.500828
0.20774671   0.077367286   15575.339   1907659   42.500851
0.21062432   0.082266095   15941.519   1951038   43.500869
0.21348499   0.087199492   16307.694   1994313   44.50088
0.21634166   0.092157411   16673.868   2037618   45.500895
0.2192069   0.09712965   17040.038   2080905   46.500907
0.22208052   0.10211568   17406.21   2124125   47.50093
0.22496194   0.10711505   17772.377   2167409   48.500946
0.22785084   0.11212711   18138.545   2210622   49.500968
0.23075305   0.1171463   18504.709   2253896   50.500983
0.2336745   0.12216708   18870.867   2297140   51.500986
0.23661517   0.12718869   19237.035   2340354   52.501018
0.23957429   0.13221105   19603.193   2383636   53.501023
0.24255188   0.13723356   19969.352   2426854   54.501037
0.24555189   0.14225252   20335.513   2470068   55.501054
0.24857832   0.14726418   20701.673   2513330   56.501072
0.25162995   0.15226901   21067.835   2556523   57.501098
0.25470009   0.15727185   21433.996   2599725   58.50112
0.25778741   0.16227339   21800.151   2642961   59.501128
0.26089612   0.16726987   22166.306   2686120   60.50114
0.2640305   0.17225755   22532.47   2729399   61.501175
0.26718948   0.17723695   22898.623   2772540   62.501182
0.27036999   0.18221021   23264.779   2815800   63.501197
0.27357127   0.18717764   23630.934   2859022   64.501211
0.2767911   0.19214078   23997.089   2902243   65.501227
0.28002741   0.1971011   24363.253   2945487   66.501264
0.28328084   0.20205786   24729.408   2988625   67.501282
0.28655765   0.20700572   25095.558   3031787   68.501285
0.28985906   0.21194344   25461.715   3075003   69.501305
0.29318281   0.21687263   25827.874   3118247   70.501333
0.29652651   0.22179498   26194.029   3161477   71.501354
0.2998905   0.22670999   26560.18   3204677   72.501361
0.30327811   0.23161475   26926.337   3247834   73.501385
0.30668965   0.2365088   27292.491   3291106   74.501402
0.31012074   0.24139546   27658.64   3334285   75.501408
0.31356732   0.24627782   28024.798   3377473   76.501438
0.31702897   0.25115599   28390.951   3420655   77.501453
0.32050559   0.25602976   28757.1   3463869   78.501459
0.32399734   0.26089882   29123.257   3507088   79.501487
0.32751024   0.26575799   29489.412   3550231   80.501509
0.33105061   0.27060186   29855.566   3593489   81.501532
0.33461673   0.27543164   30221.719   3636656   82.50155
0.33819897   0.28025514   30587.868   3679869   83.501559
0.34179582   0.28507345   30954.02   3723096   84.501574
0.3454115   0.28988287   31320.178   3766297   85.501609
0.34904969   0.29468003   31686.322   3809491   86.501606
0.35271037   0.29946477   32052.48   3852757   87.50164
0.35638983   0.30423988   32418.632   3895913   88.501659
0.36008749   0.30900572   32784.78   3939118   89.501668
0.36380558   0.3137603   33150.933   3982295   90.501692
0.36754583   0.31850182   33517.081   4025543   91.501702
0.37130737   0.32323073   33883.235   4068728   92.50173
0.37508333   0.32795235   34249.379   4111973   93.501734
0.37887286   0.33266713   34615.529   4155176   94.501752
0.38267996   0.33737134   34981.682   4198377   95.501779
0.38650851   0.34206133   35347.828   4241591   96.501792
0.39035753   0.34673753   35713.979   4284781   97.501817
0.3942204   0.3514051   36080.128   4328035   98.501839
0.39809583   0.35606471   36446.273   4371242   99.501852
0.40197965   0.36071948   36812.424   4414409   100.50188
0.405867   0.365373   37178.564   4457626   101.50189
0.40975748   0.37002516   37544.708   4500816   102.5019
0.41364765   0.37467842   37910.852   4544042   103.50192
0.41753671   0.3793329   38276.995   4587249   104.50194
0.4214223   0.38398993   38643.14   4630436   105.50197
0.42530181   0.38865098   39009.275   4673580   106.50198
0.42917268   0.39331751   39375.418   4716809   107.50201
0.43301865   0.39800266   39741.557   4759988   108.50203
0.43683662   0.40270817   40107.687   4803150   109.50204
0.44062638   0.40743326   40473.818   4846219   110.50206
0.44438733   0.4121773   40839.946   4889367   111.50207
0.448116   0.41694209   41206.079   4932492   112.50211
0.45179266   0.42174337   41572.197   4975668   113.50212
0.45541393   0.4265826   41938.32   5018749   114.50214
0.45897864   0.43145897   42304.429   5061815   115.50214
0.4624863   0.43637094   42670.541   5104976   116.50217
0.46593116   0.44132132   43036.651   5147958   117.5022
0.46928395   0.44633339   43402.746   5191001   118.5022
0.47253919   0.4514093   43768.842   5233924   119.50223
0.47569107   0.456551   44134.925   5276960   120.50224
0.47873419   0.46175984   44501.008   5319935   121.50227
0.4816628   0.46703693   44867.073   5362887   122.50228
0.48445386   0.47239859   45233.137   5406050   123.50231
0.48710117   0.47784529   45599.182   5449078   124.50232
0.48959221   0.48338264   45965.214   5492510   125.50233
0.49191395   0.48901599   46331.235   5536055   126.50235
0.49406006   0.49474384   46697.24   5579611   127.50237
0.49600855   0.50057796   47063.226   5623320   128.50239
0.49775236   0.50651554   47429.192   5667051   129.50241
0.49927053   0.51256531   47795.13   5711004   130.50242
0.50054195   0.51873491   48161.053   5755108   131.50246
0.50155894   0.52501808   48526.938   5799093   132.50248
0.50230603   0.53141412   48892.79   5843251   133.50249
0.50277445   0.53791418   49258.605   5887550   134.5025
0.50293571   0.5445254   49624.384   5932251   135.50253
0.50275981   0.55125383   49990.107   5977220   136.50254
0.50223514   0.55808596   50355.783   6022462   137.50257
0.50134071   0.56501381   50721.398   6067985   138.5026
0.50006159   0.57202006   51086.937   6113579   139.50261
0.4983687   0.57909677   51452.398   6159448   140.50263
0.4962308   0.58623339   51817.767   6205317   141.50266
0.49362212   0.59340869   52183.033   6251532   142.5027
0.49048071   0.60062923   52548.161   6298213   143.50272
0.4867765   0.6078665   52913.148   6344797   144.50277
0.48249089   0.615076   53277.939   6391407   145.50278
0.47760443   0.62220991   53642.514   6438120   146.50284
0.47208156   0.62923458   54006.791   6485207   147.50286
0.46585804   0.63615314   54370.71   6532802   148.50292

0.0041912743   -0.003098804   184.2135   79000   0.50003821
0.012355057   -0.0088901412   552.46015   121790   1.5000887
0.020309667   -0.014036712   920.38986   164714   2.5001259
0.028076318   -0.018560012   1288.0714   207761   3.5001817
0.035646912   -0.022478355   1655.5308   250807   4.5002029
0.043016659   -0.025822481   2022.8231   293963   5.5002426
0.050178269   -0.028624954   2389.966   337129   6.500273
0.057119066   -0.030914329   2756.9805   380401   7.500291
0.063854991   -0.032738737   3123.8916   423759   8.5003162
0.070375541   -0.03412374   3490.7112   467159   9.500341
0.076675101   -0.035095513   3857.4525   510686   10.500369
0.082749399   -0.035678208   4224.1212   554316   11.500387
0.088591262   -0.035890949   4590.7292   598035   12.500404
0.094216785   -0.035767477   4957.287   641788   13.50043
0.099620752   -0.035323244   5323.7873   685646   14.500427
0.10480842   -0.034579278   5690.2527   729627   15.50044
0.10978555   -0.033555011   6056.6865   773580   16.500467
0.11455026   -0.032262441   6423.0785   817508   17.500468
0.11912666   -0.030731303   6789.4455   861420   18.500479
0.12351457   -0.028971929   7155.7895   905329   19.500495
0.1277247   -0.027001525   7522.1107   949209   20.500511
0.13176826   -0.02483658   7888.4079   993094   21.500515
0.13564523   -0.022484239   8254.6906   1036947   22.500527
0.1393721   -0.019963074   8620.9579   1080654   23.500538
0.14294935   -0.017278975   8987.207   1124365   24.500537
0.14638589   -0.014443417   9353.4552   1167614   25.500566
0.14969019   -0.011466926   9719.687   1210902   26.500579
0.15286377   -0.008354295   10085.904   1254101   27.500575
0.15592488   -0.0051224172   10452.12   1297164   28.500592
0.15887508   -0.0017752734   10818.324   1340277   29.500594
0.16173071   0.0016723936   11184.527   1383407   30.500612
0.16450779   0.0052063953   11550.721   1426505   31.500618
0.16720717   0.0088243228   11916.912   1469741   32.500626
0.16983784   0.01251796   12283.098   1512914   33.500629
0.17240091   0.016285295   12649.283   1556104   34.500638
0.17490898   0.020115836   13015.474   1599370   35.500667
0.17737413   0.023999597   13381.652   1642646   36.500665
0.17979648   0.027935889   13747.837   1685830   37.500683
0.18217551   0.031924653   14114.018   1729097   38.500687
0.18451117   0.035965591   14480.201   1772450   39.500694
0.18682052   0.040045292   14846.388   1815730   40.500707
0.18912044   0.044150416   15212.574   1858996   41.500716
0.19141095   0.048280629   15578.768   1902286   42.500744
0.19369157   0.052436159   15944.952   1945558   43.500744
0.1959627   0.056616835   16311.137   1988864   44.500753
0.19823082   0.060817771   16677.323   2032126   45.500771
0.20050222   0.06503398   17043.506   2075415   46.50079
0.20277763   0.069264516   17409.681   2118642   47.500795
0.20506345   0.073503832   17775.858   2161962   48.500814
0.20736028   0.077750761   18142.031   2205216   49.500827
0.20967199   0.082001519   18508.199   2248501   50.500828
0.21200266   0.086252184   18874.367   2291685   51.500837
0.21435186   0.090502396   19240.532   2334917   52.500841
0.21671941   0.094751679   19606.699   2378227   53.500851
0.21910508   0.098999655   19972.868   2421406   54.500872
0.22151492   0.10324103   20339.037   2464603   55.500893
0.22395504   0.10747052   20705.2   2507829   56.500903
0.22642368   0.11168903   21071.363   2551024   57.500912
0.22891111   0.1159038   21437.527   2594229   58.500926
0.23141536   0.12011603   21803.684   2637447   59.500923
0.23394303   0.12432021   22169.85   2680671   60.500946
0.23650013   0.12851122   22536.015   2723813   61.50097
0.23908467   0.13269041   22902.168   2767086   62.50096
0.24168757   0.1368648   23268.333   2810299   63.500986
0.24430672   0.14103583   23634.493   2853476   64.500999
0.24694429   0.14520154   24000.654   2896681   65.501015
0.24960209   0.14936027   24366.807   2939850   66.501008
0.25228153   0.15351075   24732.967   2983101   67.501024
0.25498873   0.15764776   25099.131   3026277   68.501051
0.25772446   0.16177046   25465.29   3069498   69.501067
0.26048223   0.16588382   25831.444   3112673   70.501069
0.26325576   0.16999274   26197.6   3155869   71.501074
0.26604663   0.17409572   26563.76   3199095   72.501095
0.26886399   0.17818517   26929.913   3242254   73.501097
0.27170978   0.1822594   27296.076   3285437   74.501128
0.27457696   0.18632387   27662.225   3328649   75.501119
0.27745966   0.19038321   28028.383   3371835   76.501137
0.28035751   0.19443752   28394.538   3415094   77.501147
0.28327055   0.19848658   28760.696   3458231   78.501167
0.28619853   0.20253039   29126.851   3501407   79.501179
0.28914793   0.20656353   29493.011   3544631   80.501203
0.29212479   0.21058089   29859.165   3587931   81.501214
0.29512803   0.21458315   30225.316   3630949   82.501218
0.29815142   0.21857522   30591.474   3674341   83.501238
0.30119364   0.22255802   30957.628   3717462   84.501251
0.30425683   0.22652967   31323.782   3760623   85.501264
0.30734286   0.23048838   31689.93   3803762   86.501261
0.31045136   0.23443424   32056.085   3847047   87.501278
0.31357878   0.23836989   32422.236   3890203   88.501287
0.31672481   0.24229548   32788.395   3933393   89.501316
0.31989329   0.24620765   33154.546   3976615   90.501328
0.3230885   0.25010265   33520.698   4019768   91.50134
0.32630863   0.25398169   33886.845   4063013   92.50134
0.32954434   0.25785222   34252.999   4106240   93.501364
0.33279356   0.26171567   34619.146   4149355   94.501366
0.33606272   0.26556638   34985.297   4192603   95.501382
0.33935794   0.26939889   35351.45   4235846   96.501406
0.34267724   0.27321445   35717.596   4279032   97.501412
0.34601123   0.27702055   36083.744   4322245   98.501428
0.34935812   0.28081835   36449.893   4365396   99.501447
0.35271345   0.28461118   36816.039   4408634   100.50146
0.35607276   0.28840234   37182.177   4451788   101.50145
0.35943576   0.29219163   37548.326   4495042   102.50148
0.36279878   0.29598165   37914.47   4538355   103.5015
0.36616097   0.29977255   38280.606   4581424   104.5015
0.36952238   0.30356374   38646.748   4624592   105.50152
0.37288238   0.30735504   39012.882   4667823   106.50152
0.3762378   0.3111485   39379.019   4711015   107.50154
0.37956943   0.31495973   39745.155   4754287   108.50156
0.3828737   0.31879098   40111.285   4797267   109.50157
0.38615025   0.32264167   40477.41   4840481   110.50158
0.38939863   0.32651118   40843.532   4883585   111.50159
0.39261525   0.33040148   41209.65   4926693   112.5016
0.3957811   0.33432777   41575.772   4969791   113.50162
0.39889205   0.33829221   41941.88   5012847   114.50163
0.40194572   0.34229533   42307.992   5055967   115.50166
0.40493866   0.34633822   42674.085   5099007   116.50165
0.40786647   0.35042277   43040.186   5142119   117.50168
0.41070279   0.3545696   43406.271   5185037   118.50168
0.41344262   0.35878063   43772.347   5228111   119.50169
0.41607865   0.36305947   44138.421   5271118   120.50171
0.41860297   0.36740982   44504.478   5314078   121.50171
0.42101068   0.37183249   44870.528   5357136   122.50173
0.4232783   0.37634417   45236.567   5400398   123.50175
0.42540017   0.3809454   45602.588   5443600   124.50176
0.4273618   0.38564397   45968.594   5487280   125.50177
0.42914826   0.39044743   46334.58   5530926   126.50178
0.43075388   0.39535451   46700.552   5574702   127.50181
0.43215663   0.40037747   47066.494   5618638   128.50181
0.43334999   0.40551401   47432.409   5662760   129.50182
0.43431373   0.41077311   47798.303   5706974   130.50184
0.43502671   0.41616338   48164.161   5751238   131.50186
0.43548122   0.42168002   48529.98   5795681   132.50187
0.43565625   0.42732867   48895.763   5840399   133.50189
0.43554252   0.43310271   49261.496   5884954   134.50191
0.43511635   0.43900701   49627.168   5930218   135.5019
0.4343537   0.44504487   49992.794   5975558   136.50193
0.43324297   0.45120573   50358.345   6021230   137.50195
0.43176169   0.45748629   50723.82   6067069   138.50197
0.42989644   0.46387211   51089.213   6112896   139.502
0.42761347   0.47036417   51454.499   6159207   140.50202
0.42487816   0.47696096   51819.673   6205616   141.50205
0.42166977   0.48364453   52184.708   6252193   142.50206
0.41794339   0.49041561   52549.595   6299035   143.5021
0.41367531   0.49725239   52914.292   6345972   144.50212
0.40884413   0.50412953   53278.779   6393078   145.50217
0.40342797   0.51102236   53642.998   6440263   146.50219
0.39740425   0.51791175   54006.911   6487649   147.50225
0.39072649   0.52481364   54370.432   6535316   148.50229

0.0043763483   -0.0032334446   184.33021   81267   0.50002972
0.012859852   -0.0093220127   552.82482   123745   1.5000974
0.02104877   -0.014828985   920.99849   166347   2.5001466
0.02897577   -0.01977349   1288.9037   209052   3.5001912
0.036641065   -0.024165602   1656.5754   251771   4.5002161
0.044042481   -0.028023525   2024.0623   294543   5.5002619
0.05117461   -0.031368165   2391.3751   337330   6.500282
0.05803174   -0.034222018   2758.5535   380205   7.5003219
0.064640273   -0.036631638   3125.6043   423202   8.5003478
0.07099469   -0.038618634   3492.55   466261   9.5003776
0.077096456   -0.040208156   3859.3924   509442   10.500379
0.082948765   -0.041424654   4226.1658   552671   11.500414
0.088544709   -0.042283025   4592.8546   595893   12.500413
0.093896068   -0.042810109   4959.4887   639259   13.500433
0.098998137   -0.04301856   5326.062   682733   14.500439
0.10385739   -0.042927595   5692.592   726250   15.500461
0.10848059   -0.042555055   6059.0781   769933   16.50048
0.11286699   -0.041911768   6425.5174   813654   17.500476
0.11704154   -0.041026327   6791.9258   857427   18.50048
0.12100504   -0.039908242   7158.3124   901203   19.500506
0.12477287   -0.038576837   7524.664   944968   20.500509
0.12836138   -0.037051195   7890.9898   988745   21.500505
0.13177117   -0.035337896   8257.3067   1032567   22.500534
0.13501872   -0.033454549   8623.5943   1076346   23.500532
0.13810526   -0.031406814   8989.8657   1120159   24.500529
0.14104827   -0.029211947   9356.1254   1163014   25.500533
0.14386545   -0.026886856   9722.377   1206060   26.500549
0.14655502   -0.024433366   10088.612   1249142   27.500551
0.14911617   -0.021853453   10454.847   1292326   28.500575
0.1515474   -0.019148321   10821.063   1335609   29.500572
0.15387387   -0.016339033   11187.275   1378675   30.500577
0.15612054   -0.013446234   11553.484   1421874   31.50059
0.15828817   -0.010472021   11919.687   1465098   32.500599
0.16038582   -0.0074243836   12285.88   1508266   33.500592
0.16241489   -0.0043053861   12652.075   1551523   34.500601
0.16438762   -0.0011252019   13018.267   1594699   35.500605
0.16631661   0.0021058602   13384.459   1637984   36.500614
0.16820151   0.0053874787   13750.651   1681308   37.500624
0.17004215   0.0087193413   14116.845   1724606   38.500639
0.17183827   0.01210124   14483.037   1767704   39.500647
0.17360245   0.015523072   14849.225   1811128   40.500641
0.17534771   0.018974398   15215.426   1854453   41.500664
0.17707662   0.022452863   15581.619   1897592   42.500664
0.1788087   0.025943402   15947.813   1941018   43.500671
0.18054701   0.029443744   16314.003   1984244   44.500669
0.18228535   0.032958829   16680.196   2027488   45.500681
0.18401727   0.036493678   17046.388   2070822   46.500702
0.18574567   0.040045908   17412.568   2114144   47.500699
0.18749002   0.043600125   17778.752   2157317   48.500712
0.18925299   0.047153738   18144.926   2200649   49.500709
0.19103467   0.050706095   18511.109   2243833   50.500731
0.19283433   0.054257169   18877.279   2286975   51.500725
0.19465217   0.057806227   19243.457   2330353   52.500746
0.19648762   0.061353128   19609.631   2373507   53.500759
0.19834038   0.064897585   19975.798   2416729   54.500758
0.2002168   0.068434195   20341.965   2459984   55.500758
0.20212329   0.071957492   20708.14   2503133   56.500783
0.20405759   0.0754688   21074.305   2546400   57.500782
0.20601024   0.078975129   21440.473   2589559   58.500792
0.2079794   0.082477645   21806.639   2632819   59.500801
0.20997138   0.085971108   22172.807   2675980   60.500816
0.21199215   0.089450567   22538.964   2719138   61.500803
0.21404056   0.092916772   22905.132   2762357   62.50082
0.21610651   0.096377468   23271.292   2805584   63.50082
0.21818865   0.099833551   23637.458   2848720   64.500836
0.22029315   0.10327992   24003.625   2891946   65.500854
0.2224262   0.10671148   24369.787   2935116   66.500862
0.22458767   0.11012815   24735.943   2978342   67.500854
0.22677775   0.11352957   25102.106   3021520   68.500866
0.22899613   0.11691577   25468.268   3064751   69.500877
0.23123635   0.12029172   25834.429   3107806   70.500885
0.23349195   0.1236624   26200.587   3151114   71.500888
0.23576452   0.12702634   26566.746   3194342   72.500893
0.23806356   0.13037573   26932.908   3237501   73.50091
0.24039041   0.13370933   27299.068   3280632   74.50092
0.24273862   0.13703218   27665.224   3323845   75.500921
0.24510206   0.14034913   28031.387   3367064   76.500941
0.2474804   0.14366032   28397.544   3410248   77.500946
0.24987386   0.1469655   28763.704   3453418   78.500962
0.25228224   0.15026468   29129.862   3496735   79.500971
0.25471174   0.15355271   29496.013   3539828   80.500964
0.25716906   0.15682403   29862.176   3583040   81.500989
0.25965346   0.160079   30228.325   3626174   82.500976
0.26216539   0.16331707   30594.483   3669390   83.500991
0.26470444   0.16653838   30960.638   3712632   84.500995
0.26726441   0.16974784   31326.796   3755814   85.501011
0.26983869   0.17295065   31692.949   3799060   86.501013
0.27242908   0.1761452   32059.107   3842145   87.501031
0.27504463   0.17932382   32425.258   3885413   88.501031
0.27768709   0.1824849   32791.412   3928667   89.501041
0.28035626   0.18562846   33157.565   3971817   90.501047
0.28305224   0.18875423   33523.723   4014995   91.50107
0.28577305   0.19186361   33889.876   4058258   92.501081
0.2885092   0.19496414   34256.028   4101380   93.50109
0.29125897   0.19805704   34622.176   4144668   94.501091
0.29402877   0.20113674   34988.33   4187802   95.501109
0.29682449   0.20419807   35354.478   4231053   96.501115
0.29964445   0.20724207   35720.623   4274270   97.501113
0.30247932   0.21027621   36086.773   4317512   98.501129
0.30532721   0.21330173   36452.92   4360679   99.501139
0.30818805   0.2163184   36819.066   4403877   100.50115
0.31106157   0.21932602   37185.206   4447135   101.50115
0.31394618   0.22232549   37551.348   4490269   102.50115
0.31683226   0.22532434   37917.494   4533431   103.50117
0.3197177   0.22832379   38283.631   4576688   104.50118
0.32260247   0.23132337   38649.769   4619795   105.50118
0.32548619   0.23432282   39015.902   4663012   106.50119
0.32836577   0.23732421   39382.041   4706216   107.50121
0.33122163   0.24034334   39748.165   4749372   108.5012
0.33405096   0.24338201   40114.296   4792520   109.50122
0.33685303   0.24644   40480.419   4835663   110.50123
0.33962754   0.24951672   40846.538   4878733   111.50124
0.34237092   0.25261423   41212.654   4921897   112.50125
0.34506405   0.25574778   41578.765   4965000   113.50126
0.34770321   0.25891936   41944.868   5008033   114.50126
0.35028174   0.26213326   42310.971   5051046   115.50128
0.35279242   0.26539401   42677.065   5094105   116.50129
0.35523137   0.26870322   43043.149   5137183   117.50129
0.35757919   0.27207566   43409.224   5180223   118.5013
0.35983198   0.27551259   43775.295   5223262   119.50132
0.36198228   0.279018   44141.352   5266152   120.50133
0.36402256   0.28259563   44507.391   5309180   121.50132
0.36594716   0.28624734   44873.428   5352393   122.50134
0.36772601   0.28999551   45239.438   5395749   123.50133
0.36935322   0.29384148   45605.44   5439412   124.50135
0.37081419   0.29779363   45971.418   5483266   125.50135
0.37209467   0.30185957   46337.379   5527035   126.50136
0.37318905   0.30603877   46703.316   5571008   127.50138
0.37407595   0.31034365   47069.224   5615354   128.50139
0.37474925   0.31477259   47435.107   5659467   129.50141
0.37519276   0.31933192   47800.946   5704053   130.50141
0.37539062   0.32402683   48166.755   5748693   131.50142
0.3753334   0.3288555   48532.517   5793599   132.50143
0.37498821   0.33383534   48898.226   5838652   133.50143
0.37434502   0.33896261   49263.885   5883902   134.50145
0.3733854   0.34423975   49629.488   5929475   135.50148
0.37208974   0.3496685   49995.013   5975239   136.50148
0.37044748   0.3552406   50360.461   6021075   137.5015
0.36843121   0.36096054   50725.816   6067186   138.50152
0.36602817   0.3668176   51091.068   6113239   139.50153
0.36320315   0.3728188   51456.212   6159933   140.50157
0.35991911   0.3789704   51821.211   6206794   141.50158
0.35616223   0.3852559   52186.059   6253847   142.5016
0.35190985   0.39166519   52550.738   6300679   143.50164
0.34714601   0.39818057   52915.205   6347795   144.50167
0.34183825   0.40479961   53279.432   6395446   145.5017
0.33595532   0.41152172   53643.384   6442920   146.50175
0.32948249   0.41833808   54006.996   6490536   147.50178
0.32238789   0.4252684   54370.234   6538578   148.50184

0.0045506319   -0.0033596479   184.42494   83384   0.50004956
0.013338883   -0.0097183464   553.09498   125671   1.500108
0.021760615   -0.015541128   921.45118   168053   2.5001585
0.029857146   -0.02084885   1289.5331   210540   3.5002011
0.03763379   -0.025647271   1657.3774   253025   4.5002387
0.045092607   -0.029948382   2025.0175   295547   5.5002776
0.052233099   -0.033767385   2392.4784   338062   6.5003125
0.05905338   -0.0371209   2759.7859   380699   7.5003513
0.06558353   -0.04005046   3126.9503   423468   8.5003689
0.07182132   -0.042573436   3493.9991   466248   9.5003937
0.077766768   -0.044708259   3860.9403   509065   10.500408
0.083420688   -0.046472794   4227.7913   551852   11.500426
0.088780885   -0.047881214   4594.5594   594819   12.500437
0.093873285   -0.048967207   4961.2569   637840   13.500448
0.098697195   -0.049743318   5327.8943   680916   14.500467
0.1032557   -0.050223611   5694.4729   724140   15.500476
0.10755266   -0.050421466   6061.0019   767374   16.500483
0.11159076   -0.050348231   6427.4911   810764   17.5005
0.11540813   -0.050040541   6793.9351   854245   18.500498
0.11900874   -0.049508719   7160.3543   897902   19.500521
0.1223999   -0.048764707   7526.734   941503   20.500518
0.12559009   -0.047820511   7893.0913   985202   21.500526
0.12858111   -0.046682511   8259.4255   1028913   22.500535
0.13139671   -0.045372844   8625.7344   1072575   23.500532
0.13403957   -0.043897441   8992.0303   1116266   24.500542
0.1365272   -0.042272864   9358.3059   1159462   25.500541
0.13887774   -0.040515684   9724.5695   1202638   26.500546
0.14109088   -0.038628294   10090.818   1245905   27.500543
0.14317223   -0.036617069   10457.058   1289169   28.500545
0.1451221   -0.03448417   10823.295   1332383   29.500566
0.14696512   -0.032249829   11189.516   1375498   30.500562
0.14872668   -0.029934634   11555.731   1418638   31.500564
0.15040668   -0.027539753   11921.942   1461851   32.500568
0.15200797   -0.025068271   12288.151   1505051   33.500579
0.15353045   -0.022520986   12654.35   1548179   34.500572
0.15499134   -0.019911708   13020.555   1591494   35.500591
0.15640706   -0.01725357   13386.752   1634772   36.500591
0.1577786   -0.014547856   13752.948   1678074   37.500591
0.15911238   -0.011799854   14119.15   1721347   38.500605
0.16040896   -0.0090104548   14485.345   1764586   39.5006
0.16167691   -0.0061866845   14851.543   1807877   40.5006
0.1629246   -0.0033354284   15217.747   1851076   41.500613
0.16415377   -0.00045839318   15583.946   1894409   42.500612
0.16537734   0.0024344035   15950.147   1937647   43.500615
0.16659752   0.0053413701   16316.348   1980943   44.500625
0.16781655   0.0082610647   16682.549   2024214   45.500642
0.16903649   0.011192103   17048.743   2067460   46.500647
0.17025961   0.014132777   17414.933   2110723   47.50065
0.17149858   0.017073135   17781.115   2153934   48.500642
0.1727556   0.020011138   18147.299   2197097   49.500646
0.17403042   0.022946515   18513.484   2240363   50.50066
0.17532273   0.025879018   18879.668   2283542   51.500675
0.17663327   0.028807589   19245.846   2326799   52.500679
0.17796819   0.031726951   19612.018   2369967   53.500673
0.17932864   0.034635796   19978.195   2413123   54.500682
0.18071642   0.037532284   20344.371   2456290   55.500693
0.18213332   0.040414627   20710.54   2499419   56.500687
0.18357778   0.043283648   21076.71   2542628   57.500689
0.18503999   0.046146628   21442.881   2585884   58.500694
0.18651828   0.049004612   21809.053   2628978   59.500708
0.18801869   0.051852628   22175.22   2672146   60.500707
0.18954775   0.054685394   22541.388   2715335   61.500713
0.1911048   0.057503263   22907.557   2758566   62.500723
0.19268643   0.060308737   23273.721   2801705   63.50072
0.1942923   0.063101907   23639.889   2844864   64.50073
0.19592433   0.065881062   24006.057   2888068   65.500742
0.19758448   0.068644505   24372.22   2931255   66.500742
0.19927183   0.071392831   24738.387   2974381   67.500754
0.20097959   0.0741312   25104.546   3017587   68.500743
0.2027071   0.076860012   25470.715   3060762   69.500763
0.20445584   0.079577911   25836.873   3103970   70.500754
0.20622846   0.082282679   26203.041   3147083   71.500776
0.2080238   0.084975012   26569.2   3190358   72.50077
0.20983891   0.087657065   26935.361   3233536   73.500774
0.21167312   0.090329257   27301.522   3276704   74.50078
0.21352857   0.092989805   27667.687   3319860   75.500794
0.2154071   0.095637125   28033.844   3363036   76.500792
0.21730903   0.098270903   28400.008   3406216   77.500808
0.21923401   0.10089131   28766.166   3449395   78.500807
0.2211823   0.10349806   29132.328   3492528   79.50082
0.22315138   0.106093   29498.482   3535741   80.50081
0.22513959   0.10867739   29864.646   3578976   81.500831
0.2271473   0.11125076   30230.797   3622135   82.500817
0.22918141   0.11380741   30596.962   3665302   83.500843
0.23124236   0.11634678   30963.12   3708437   84.500847
0.23332805   0.11887042   31329.272   3751737   85.500841
0.23543659   0.12137972   31695.431   3794924   86.500853
0.2375682   0.12387435   32061.585   3838093   87.500852
0.2397261   0.12635151   32427.741   3881316   88.500859
0.24191065   0.12881077   32793.895   3924473   89.50086
0.24411777   0.13125528   33160.055   3967759   90.500879
0.24634275   0.13368867   33526.204   4010885   91.500872
0.24858638   0.13611016   33892.357   4054037   92.500877
0.25085161   0.1385171   34258.511   4097259   93.500886
0.25313888   0.14090898   34624.664   4140482   94.500896
0.25545018   0.14328395   34990.816   4183689   95.500904
0.25778746   0.14564019   35356.965   4226871   96.500906
0.2601501   0.14797797   35723.11   4270107   97.500903
0.26253509   0.15029951   36089.263   4313313   98.500921
0.26494137   0.15260539   36455.405   4356476   99.500914
0.26736498   0.15489859   36821.551   4399694   100.50092
0.26980154   0.15718236   37187.699   4442928   101.50094
0.27224911   0.15945787   37553.843   4486078   102.50095
0.27469798   0.16173273   37919.979   4529341   103.50094
0.27714666   0.16400777   38286.118   4572509   104.50095
0.27959487   0.16628278   38652.256   4615780   105.50096
0.28204214   0.16855763   39018.385   4658944   106.50095
0.28448668   0.17083339   39384.523   4702143   107.50098
0.28691523   0.17312053   39750.652   4745186   108.50098
0.28932547   0.17542045   40116.77   4788464   109.50097
0.29170924   0.17773936   40482.897   4831558   110.50099
0.29405737   0.18008414   40849.012   4874671   111.501
0.29636848   0.18245517   41215.117   4917822   112.50099
0.29863645   0.18485682   41581.23   4960871   113.50101
0.30085935   0.18728968   41947.33   5004031   114.50101
0.303022   0.18976532   42313.417   5046910   115.501
0.30510956   0.19229489   42679.505   5090003   116.50101
0.30711903   0.19487947   43045.582   5133046   117.50102
0.30903744   0.19752855   43411.652   5176061   118.50103
0.3108617   0.20024297   43777.705   5219121   119.50102
0.31258093   0.20303   44143.754   5262005   120.50104
0.31418341   0.20589725   44509.788   5305040   121.50105
0.3156642   0.20884634   44875.799   5348424   122.50104
0.31700069   0.21189366   45241.804   5391911   123.50106
0.31818737   0.21504071   45607.782   5435625   124.50106
0.31921057   0.2182957   45973.745   5479453   125.50108
0.32005578   0.22166703   46339.678   5523462   126.50107
0.32071592   0.22515622   46705.584   5567747   127.50107
0.32115759   0.22878657   47071.463   5612300   128.50108
0.32137293   0.23255898   47437.31   5657123   129.5011
0.32135064   0.23647675   47803.114   5702037   130.50111
0.32107927   0.24054259   48168.874   5747098   131.50111
0.3205505   0.24475545   48534.587   5792348   132.50112
0.31973211   0.24913378   48900.242   5837863   133.50112
0.31861493   0.25367516   49265.84   5883492   134.50114
0.31717719   0.25838705   49631.367   5929372   135.50115
0.31539637   0.2632762   49996.808   5975149   136.50115
0.31326335   0.26833623   50362.168   6021477   137.50117
0.31075215   0.2735739   50727.427   6067931   138.5012
0.30785175   0.27898124   51092.568   6114251   139.50121
0.30452879   0.28456817   51457.577   6161433   140.50123
0.30074919   0.29034378   51822.439   6208497   141.50125
0.29650169   0.29629607   52187.137   6255783   142.50129
0.2917665   0.30242025   52551.635   6303002   143.50131
0.28653217   0.30870395   52915.916   6350330   144.50135
0.2807745   0.31514756   53279.939   6397976   145.50138
0.27447119   0.32175354   53643.673   6445552   146.50142
0.26760937   0.32852266   54007.072   6493402   147.50146
0.26014205   0.33549686   54370.096   6541638   148.50152

0.0047207657   -0.0034824798   184.4868   85435   0.50004761
0.013814445   -0.010100369   553.291   127602   1.5001183
0.022482291   -0.016217185   921.77944   169840   2.5001607
0.030766548   -0.021853399   1289.9986   212163   3.5002106
0.038674244   -0.02701193   1657.9735   254476   4.5002503
0.046212551   -0.031702672   2025.7421   296830   5.5003056
0.053385908   -0.035937924   2393.3139   339175   6.5003337
0.060195182   -0.039729789   2760.7194   381619   7.5003559
0.066670601   -0.043113724   3127.9869   424146   8.5003963
0.072811363   -0.046102489   3495.1163   466659   9.5004077
0.07862051   -0.048711759   3862.1401   509232   10.500437
0.084100577   -0.050956293   4229.0586   551801   11.50045
0.089253295   -0.052849279   4595.8943   594477   12.500476
0.094115482   -0.054429011   4962.6426   637256   13.500475
0.098689949   -0.055707645   5329.3313   680059   14.500498
0.10297859   -0.05669579   5695.9507   722935   15.500498
0.10698461   -0.057404084   6062.5242   765863   16.500518
0.11071163   -0.057842536   6429.039   808921   17.500509
0.11420252   -0.058049496   6795.5185   852111   18.500518
0.11746186   -0.058034191   7161.9601   895391   19.500525
0.12049603   -0.057806514   7528.3723   938790   20.500541
0.12331135   -0.057375689   7894.7491   982311   21.500541
0.12591093   -0.056748006   8261.099   1025864   22.500538
0.12832239   -0.055947522   8627.4279   1069442   23.500539
0.1305492   -0.054979936   8993.7425   1113073   24.500555
0.13261136   -0.053862917   9360.0342   1156252   25.500558
0.13452952   -0.052614252   9726.3119   1199487   26.500563
0.13630417   -0.051236398   10092.573   1242699   27.500561
0.13794424   -0.049737757   10458.819   1285881   28.50055
0.13945098   -0.048120785   10825.067   1329204   29.500572
0.14084684   -0.046403651   11191.296   1372311   30.500564
0.14215528   -0.044605144   11557.52   1415439   31.500566
0.1433763   -0.042726242   11923.74   1458588   32.500571
0.14451277   -0.040769865   12289.955   1501786   33.500578
0.1455647   -0.038736731   12656.159   1545022   34.500564
0.14655147   -0.036642108   13022.366   1588326   35.500566
0.14749217   -0.034501001   13388.578   1631594   36.500588
0.1483877   -0.032314578   13754.778   1674914   37.500581
0.14924802   -0.030090769   14120.985   1718216   38.500594
0.15007413   -0.027830785   14487.185   1761459   39.500585
0.15087253   -0.025540039   14853.388   1804742   40.500584
0.15164946   -0.023223736   15219.598   1848066   41.500596
0.15240675   -0.020883612   15585.805   1891341   42.500602
0.15315724   -0.01852961   15952.013   1934596   43.500609
0.15390294   -0.016163141   16318.21   1977891   44.500593
0.1546488   -0.013787692   16684.418   2021107   45.500611
0.15539875   -0.011405976   17050.615   2064348   46.50061
0.15615457   -0.00901921   17416.807   2107556   47.500603
0.1569262   -0.006635059   17783.006   2150777   48.500625
0.15771454   -0.0042544495   18149.19   2193988   49.500613
0.15851988   -0.0018779307   18515.376   2237180   50.500616
0.15934196   0.00049430891   18881.563   2280387   51.500626
0.16018216   0.0028608248   19247.749   2323527   52.500639
0.16104962   0.0052141454   19613.923   2366637   53.500626
0.16194628   0.0075524004   19980.107   2409890   54.500642
0.16287147   0.0098757281   20346.281   2453000   55.500635
0.16382547   0.012183574   20712.461   2496153   56.50065
0.1648067   0.014476799   21078.635   2539361   57.500652
0.16580864   0.016760135   21444.804   2582498   58.500642
0.16683039   0.019034057   21810.978   2625647   59.500649
0.16787799   0.021293652   22177.148   2668826   60.500646
0.16895799   0.023533651   22543.322   2711989   61.500658
0.17006899   0.025754993   22909.49   2755185   62.500656
0.17120465   0.027962489   23275.656   2798338   63.500651
0.17236405   0.030156732   23641.829   2841393   64.500665
0.17354897   0.032336176   24007.998   2884630   65.50067
0.1747615   0.034499076   24374.162   2927714   66.500664
0.17600076   0.036645998   24740.332   2970897   67.500675
0.17726007   0.038782038   25106.499   3014076   68.500678
0.1785384   0.040907899   25472.664   3057271   69.500681
0.17984006   0.043020069   25838.833   3100468   70.500693
0.18116899   0.045115283   26204.996   3143599   71.500691
0.18252373   0.047194536   26571.161   3186743   72.500697
0.18389453   0.049265361   26937.324   3229973   73.500697
0.18527983   0.051328902   27303.487   3273111   74.500699
0.18668602   0.053380048   27669.652   3316209   75.500711
0.18811922   0.055413884   28035.812   3359432   76.500707
0.18957948   0.057430273   28401.97   3402546   77.500699
0.19106704   0.059428986   28768.136   3445711   78.500714
0.19258144   0.061410262   29134.294   3488926   79.500708
0.19411655   0.063378875   29500.455   3532130   80.500711
0.19566605   0.065339779   29866.62   3575382   81.500728
0.19723116   0.067291884   30232.778   3618555   82.500727
0.19882154   0.069227382   30598.937   3661720   83.500728
0.20043865   0.071144966   30965.094   3704848   84.500726
0.20208244   0.073044558   31331.249   3748089   85.500721
0.20375307   0.074925911   31697.411   3791232   86.500735
0.20545018   0.076789151   32063.569   3834415   87.500738
0.20717388   0.078634053   32429.729   3877707   88.50075
0.20892382   0.080460754   32795.88   3920844   89.500741
0.21069603   0.082272345   33162.035   3964074   90.500742
0.21248624   0.084072126   33528.193   4007235   91.500753
0.21429528   0.08585925   33894.347   4050409   92.500756
0.21612947   0.087628432   34260.501   4093637   93.500761
0.21798972   0.08937878   34626.652   4136831   94.500761
0.21987602   0.091110124   34992.803   4180026   95.500763
0.22178829   0.092822368   35358.954   4223344   96.500767
0.22372643   0.094515419   35725.104   4266438   97.500772
0.22569037   0.096189166   36091.253   4309705   98.500777
0.22767983   0.097843591   36457.395   4353020   99.500767
0.22969099   0.099481586   36823.548   4396158   100.50079
0.23171879   0.10110689   37189.686   4439350   101.50078
0.23376151   0.10272062   37555.828   4482570   102.50078
0.23580632   0.10433289   37921.971   4525725   103.5008
0.23785075   0.10594536   38288.106   4568932   104.50079
0.23989709   0.10755585   38654.247   4612156   105.50081
0.24194674   0.10916278   39020.372   4655291   106.50079
0.24399748   0.11076761   39386.504   4698444   107.5008
0.24603318   0.11238316   39752.633   4741649   108.50081
0.24805089   0.11401142   40118.754   4784780   109.50081
0.25004427   0.11565714   40484.873   4827944   110.50082
0.25200679   0.11732518   40850.988   4871049   111.50083
0.25393646   0.11901655   41217.092   4914180   112.50082
0.25582383   0.1207384   41583.193   4957146   113.50081
0.25766702   0.12249152   41949.292   5000388   114.50083
0.25945072   0.12428765   42315.379   5043195   115.50083
0.26115996   0.12613819   42681.459   5086395   116.50083
0.26279166   0.1280446   43047.529   5129239   117.50083
0.26432972   0.13001907   43413.591   5172225   118.50084
0.26577081   0.13206303   43779.639   5215298   119.50084
0.26710385   0.13418413   44145.675   5258453   120.50084
0.26831769   0.13638995   44511.697   5301380   121.50085
0.26940756   0.13868243   44877.698   5344713   122.50084
0.27035087   0.14107825   45243.687   5388356   123.50085
0.27114256   0.14357914   45609.65   5432244   124.50085
0.27176924   0.14619363   45975.598   5476281   125.50087
0.27221653   0.1489306   46341.51   5520545   126.50087
0.27247746   0.15179235   46707.399   5565188   127.50088
0.2725156   0.15480535   47073.251   5610087   128.50089
0.27232308   0.15797166   47439.06   5655279   129.50087
0.27188966   0.16129499   47804.835   5700705   130.50089
0.27120418   0.16477916   48170.559   5746102   131.50089
0.27025806   0.16842497   48536.232   5791773   132.5009
0.26901357   0.17225713   48901.841   5837651   133.5009
0.26746147   0.17627535   49267.384   5883538   134.50091
0.26558518   0.18048489   49632.849   5929807   135.50092
0.26336773   0.1848903   49998.23   5975720   136.50093
0.26079934   0.18948879   50363.515   6022380   137.50095
0.25784624   0.19429711   50728.687   6069214   138.50097
0.25449783   0.19931102   51093.735   6115925   139.50098
0.25072699   0.20453947   51458.648   6163125   140.50102
0.24650568   0.20999134   51823.394   6210598   141.50104
0.2418242   0.21565925   52187.96   6257825   142.50105
0.23665989   0.22154764   52552.326   6305554   143.50109
0.23100305   0.22764998   52916.457   6353073   144.50112
0.22483523   0.2339694   53280.323   6400894   145.50115
0.21813979   0.24051119   53643.897   6448600   146.5012
0.2109065   0.24728074   54007.14   6496679   147.50126
0.20308698   0.25432549   54370.002   6545060   148.5013

0.0048871126   -0.0036022045   184.53365   87416   0.50005805
0.014285779   -0.010469409   553.42258   129716   1.5001135
0.023210582   -0.016862791   922.01167   171927   2.5001673
0.031696076   -0.022799463   1290.3359   214082   3.5002364
0.039748726   -0.028280449   1658.4064   256218   4.500275
0.047381766   -0.033316459   2026.2594   298454   5.5003101
0.054606592   -0.037920312   2393.9233   340654   6.5003536
0.061424875   -0.042099808   2761.4111   382921   7.500382
0.06786264   -0.045882452   3128.746   425261   8.5004059
0.073920974   -0.049277667   3495.9511   467582   9.500441
0.07960878   -0.052301081   3863.0352   509984   10.50047
0.084934991   -0.054968228   4230.0051   552371   11.500474
0.089904179   -0.057290822   4596.8846   594870   12.500485
0.094561642   -0.059310202   4963.6886   637474   13.500516
0.098911634   -0.061036721   5330.4103   680082   14.500521
0.10295784   -0.062479811   5697.0657   722740   15.500523
0.10670415   -0.063648407   6063.6646   765415   16.500527
0.11015457   -0.06455084   6430.2148   808195   17.500537
0.1133459   -0.065219162   6796.7241   851090   18.500558
0.1162823   -0.065660733   7163.1868   894042   19.500561
0.11897509   -0.065887757   7529.6095   937116   20.500551
0.12143611   -0.065912376   7896.0093   980296   21.500564
0.12366851   -0.065739864   8262.3776   1023618   22.500566
0.12570022   -0.06539356   8628.7174   1067067   23.500557
0.12753539   -0.064878813   8995.0452   1110572   24.500573
0.1291985   -0.064215858   9361.3453   1153673   25.500565
0.13071486   -0.063425316   9727.6292   1196868   26.500559
0.13208552   -0.062509487   10093.905   1240070   27.50057
0.13331937   -0.061476273   10460.168   1283274   28.500578
0.13441744   -0.060327575   10826.417   1326588   29.500579
0.13539866   -0.059078497   11192.653   1369700   30.500573
0.13628208   -0.057744167   11558.883   1412851   31.500568
0.13706917   -0.056326423   11925.113   1456049   32.500585
0.13776893   -0.054832622   12291.332   1499283   33.500583
0.13838289   -0.053264427   12657.545   1542565   34.500577
0.13893032   -0.051636825   13023.758   1585864   35.500583
0.13943012   -0.049964531   13389.967   1629228   36.500581
0.13988391   -0.048249155   13756.179   1672596   37.500591
0.14030077   -0.046497945   14122.38   1715848   38.500574
0.14068269   -0.044712785   14488.591   1759215   39.500584
0.14103565   -0.042898619   14854.803   1802470   40.500595
0.14136563   -0.041060389   15221.006   1845817   41.500579
0.14167626   -0.039201153   15587.221   1889052   42.500594
0.14198643   -0.037335381   15953.434   1932272   43.500602
0.14229928   -0.035465392   16319.639   1975527   44.500595
0.14261516   -0.033591197   16685.845   2018740   45.500595
0.14293424   -0.031712599   17052.051   2061980   46.500605
0.14325808   -0.029830551   17418.251   2105204   47.50061
0.14359637   -0.02795238   17784.447   2148381   48.50061
0.14395054   -0.026079291   18150.634   2191539   49.500594
0.14432096   -0.024211762   18516.828   2234679   50.500607
0.1447071   -0.022349678   18883.016   2277929   51.50061
0.14511044   -0.020494474   19249.199   2320999   52.500602
0.14554081   -0.018654024   19615.389   2364136   53.500621
0.14599909   -0.016829351   19981.565   2407255   54.50061
0.14648566   -0.015021038   20347.749   2450332   55.50062
0.14700011   -0.013229087   20713.928   2493500   56.500624
0.14754226   -0.011453647   21080.102   2536589   57.500616
0.14811229   -0.0096951367   21446.282   2579759   58.500629
0.14870977   -0.0079534524   21812.457   2622852   59.500631
0.14934097   -0.0062336368   22178.625   2665928   60.500615
0.15001263   -0.0045410813   22544.803   2709015   61.500629
0.15072096   -0.0028730076   22910.971   2752142   62.50062
0.15144716   -0.0012149092   23277.146   2795325   63.500631
0.15218768   0.00043590972   23643.315   2838501   64.500627
0.15294907   0.0020742858   24009.484   2881670   65.500625
0.15373776   0.0036951091   24375.656   2924830   66.500634
0.15455359   0.0052983885   24741.828   2967892   67.500645
0.15539628   0.0068842289   25107.992   3011076   68.500633
0.15626626   0.0084522333   25474.163   3054166   69.500645
0.15716299   0.010002699   25840.325   3097287   70.500633
0.15808678   0.011535282   26206.491   3140525   71.500633
0.15903585   0.013051238   26572.656   3183646   72.500633
0.16000063   0.014557981   26938.823   3226854   73.500637
0.16097941   0.01605678   27304.986   3269946   74.500636
0.16197863   0.017542535   27671.151   3313153   75.500638
0.16300462   0.019010192   28037.316   3356347   76.500643
0.16405741   0.020459679   28403.484   3399427   77.500656
0.16513683   0.021891066   28769.649   3442642   78.500663
0.16624272   0.023304403   29135.806   3485814   79.500649
0.16736913   0.024704315   29501.972   3529005   80.500662
0.16850932   0.02609606   29868.134   3572144   81.500663
0.16966492   0.027478293   30234.293   3615313   82.500661
0.17084539   0.028843414   30600.451   3658529   83.500655
0.17205257   0.030189898   30966.617   3701713   84.500672
0.17328597   0.031518002   31332.775   3744903   85.50067
0.17454565   0.032827582   31698.93   3788043   86.500659
0.17583186   0.034118331   32065.092   3831241   87.50067
0.17714428   0.035390346   32431.252   3874470   88.500678
0.17848277   0.036643615   32797.407   3917654   89.500674
0.17984751   0.037877909   33163.564   3960897   90.500678
0.18123828   0.039093261   33529.718   4004049   91.500674
0.18265524   0.04028942   33895.876   4047325   92.500686
0.1840981   0.041466467   34262.031   4090465   93.500689
0.18556677   0.042624328   34628.18   4133692   94.500679
0.18706132   0.043762778   34994.329   4176944   95.500672
0.18858182   0.044881642   35360.482   4220182   96.500679
0.19012805   0.045980982   35726.632   4263391   97.500684
0.19169996   0.047060722   36092.782   4306579   98.500687
0.1932974   0.048120839   36458.925   4349803   99.50068
0.19492047   0.049161049   36825.072   4393041   100.50069
0.19656901   0.050181233   37191.22   4436353   101.5007
0.19823951   0.051183945   37557.361   4479539   102.5007
0.19991297   0.052184294   37923.496   4522716   103.50069
0.20158636   0.053184485   38289.633   4565870   104.50069
0.20326589   0.054179205   38655.772   4609083   105.5007
0.20495732   0.055163435   39021.9   4652379   106.5007
0.20665618   0.056140539   39388.03   4695535   107.5007
0.20833375   0.057133539   39754.153   4738537   108.5007
0.2099854   0.058145911   40120.275   4781704   109.5007
0.21161725   0.059172299   40486.396   4824829   110.50072
0.21323514   0.060207524   40852.506   4867998   111.50072
0.21483439   0.061255001   41218.614   4911071   112.50072
0.21638625   0.062337715   41584.709   4954154   113.50071
0.21788612   0.06345892   41950.804   4997193   114.50072
0.21932714   0.064623582   42316.887   5040086   115.50072
0.22070289   0.065836304   42682.963   5083027   116.50072
0.22200811   0.067100565   43049.025   5126038   117.50071
0.22321442   0.068438858   43415.08   5168970   118.50071
0.22431659   0.069854477   43781.122   5211955   119.50072
0.22530785   0.071351869   44147.15   5254889   120.50072
0.22618157   0.072935267   44513.17   5298010   121.50074
0.22693183   0.074608068   44879.16   5341571   122.50073
0.22753019   0.076392199   45245.136   5385430   123.50073
0.22797083   0.07829062   45611.085   5429413   124.50073
0.2282406   0.080312202   45977.015   5473806   125.50073
0.22832567   0.082466064   46342.914   5518427   126.50073
0.22822032   0.084754337   46708.784   5563404   127.50074
0.22789503   0.087198639   47074.619   5608765   128.50076
0.22734341   0.089800983   47440.408   5654090   129.50075
0.22655142   0.092569446   47806.153   5699869   130.50075
0.22550461   0.095511957   48171.846   5745521   131.50075
0.22419312   0.098631995   48537.488   5791580   132.50076
0.22256759   0.10196557   48903.064   5837946   133.50078
0.22061737   0.10551564   49268.564   5884217   134.50078
0.21833958   0.10927823   49633.983   5930743   135.50079
0.21573083   0.11324901   49999.308   5976923   136.50079
0.21277951   0.11742965   50364.53   6023563   137.5008
0.20943496   0.1218543   50729.642   6070720   138.50083
0.20568483   0.12652396   51094.613   6117847   139.50083
0.20151236   0.13144298   51459.44   6165325   140.50085
0.19690026   0.13661577   51824.101   6212685   141.50088
0.19183894   0.14204013   52188.575   6260298   142.50092
0.18629575   0.14773447   52552.834   6308127   143.50095
0.18026187   0.15369757   52916.851   6355885   144.50097
0.1737219   0.159936   53280.611   6403877   145.50103
0.16666085   0.16645902   53644.066   6451860   146.50107
0.15907262   0.17327284   54007.187   6499945   147.50112
0.15092226   0.1804152   54369.941   6548323   148.50117

0.0050574904   -0.0037245969   184.55837   89446   0.50004933
0.014759266   -0.010834195   553.51086   131864   1.5001167
0.02392947   -0.017480854   922.17074   174204   2.5001886
0.032613633   -0.023692994   1290.5534   216463   3.5002364
0.040821275   -0.029473467   1658.6939   258654   4.5002853
0.04856225   -0.034828168   2026.621   300839   5.5003468
0.055844733   -0.039764168   2394.3424   342986   6.5003803
0.062673928   -0.044287993   2761.89   385149   7.500415
0.069084043   -0.048429254   3129.2764   427339   8.500434
0.075079151   -0.052195629   3496.525   469498   9.5004547
0.080674434   -0.055603495   3863.6526   511789   10.500481
0.085884863   -0.058669201   4230.6679   554032   11.500499
0.090714166   -0.0614006   4597.5843   596370   12.500512
0.095196073   -0.06382764   4964.4153   638800   13.500526
0.099334396   -0.065957676   5331.1701   681218   14.500542
0.10314241   -0.067804783   5697.858   723737   15.50056
0.10663334   -0.069382621   6064.4781   766254   16.500557
0.10981144   -0.070697773   6431.0527   808844   17.500576
0.11270739   -0.071776059   6797.573   851498   18.500576
0.11532553   -0.072623439   7164.0531   894198   19.500579
0.11768626   -0.07325749   7530.4934   937007   20.500576
0.11981042   -0.07369585   7896.9055   979878   21.500585
0.12170075   -0.073942434   8263.2871   1022840   22.50059
0.12337914   -0.074015139   8629.6405   1065935   23.500587
0.12484884   -0.073917815   8995.9745   1109198   24.500593
0.12613508   -0.073670483   9362.2883   1152313   25.500598
0.12726313   -0.073293066   9728.5809   1195509   26.500593
0.12823426   -0.072787451   10094.858   1238739   27.500587
0.12905793   -0.072161511   10461.128   1282017   28.500597
0.12973513   -0.071416682   10827.383   1325425   29.500596
0.13028927   -0.070571035   11193.622   1368586   30.500582
0.13074423   -0.069642939   11559.864   1411823   31.500596
0.13110081   -0.068633472   11926.089   1455151   32.500583
0.13136893   -0.067550483   12292.314   1498508   33.500585
0.1315499   -0.066395309   12658.535   1541944   34.500589
0.13166282   -0.065182619   13024.749   1585371   35.500584
0.13172713   -0.063927358   13390.966   1628780   36.500596
0.13174388   -0.062630623   13757.174   1672244   37.500585
0.13172302   -0.061300218   14123.389   1715612   38.500594
0.13166581   -0.059937416   14489.603   1759037   39.500604
0.13158256   -0.058550343   14855.809   1802303   40.500589
0.13148443   -0.057147775   15222.029   1845651   41.500608
0.13137276   -0.055731021   15588.237   1888948   42.500596
0.13126082   -0.054310279   15954.45   1932115   43.500599
0.13115061   -0.052887013   16320.662   1975382   44.500603
0.13104213   -0.051460934   16686.867   2018554   45.500592
0.13093582   -0.050032004   17053.073   2061754   46.500593
0.13083456   -0.048602085   17419.281   2104917   47.500608
0.13075409   -0.047183073   17785.479   2147990   48.500604
0.13069744   -0.04577726   18151.678   2191040   49.500612
0.13066415   -0.044384436   18517.865   2234154   50.500596
0.13065474   -0.043005168   18884.062   2277165   51.500614
0.13066916   -0.041639658   19250.252   2320260   52.500619
0.13071039   -0.040290471   19616.431   2363294   53.500602
0.13077941   -0.03895862   19982.621   2406371   54.500618
0.13087555   -0.03764386   20348.801   2449399   55.500613
0.13099888   -0.036346489   20714.979   2492471   56.500606
0.13115049   -0.035067586   21081.16   2535513   57.500611
0.13133651   -0.033812079   21447.337   2578572   58.500608
0.13155814   -0.032581088   21813.518   2621631   59.50062
0.13181286   -0.031372836   22179.692   2664695   60.500617
0.13209871   -0.030185948   22545.868   2707696   61.500622
0.13241428   -0.029019497   22912.037   2750862   62.500607
0.13275357   -0.027868913   23278.213   2793903   63.500617
0.13311521   -0.026733182   23644.387   2837044   64.500621
0.13350124   -0.025613948   24010.555   2880156   65.500613
0.13391412   -0.024513201   24376.732   2923270   66.500629
0.1343534   -0.023430712   24742.903   2966368   67.50063
0.13481907   -0.022366514   25109.067   3009485   68.500617
0.13531147   -0.021320912   25475.239   3052625   69.500624
0.13582604   -0.020290406   25841.407   3095747   70.500624
0.13635866   -0.019271852   26207.578   3138903   71.500633
0.13690958   -0.018265529   26573.743   3182030   72.500628
0.13748213   -0.017274101   26939.908   3225140   73.500625
0.13807681   -0.016298019   27306.074   3268270   74.500624
0.13869565   -0.015338906   27672.236   3311500   75.500617
0.1393409   -0.014398569   28038.402   3354622   76.500619
0.1400125   -0.013477004   28404.568   3397798   77.500625
0.14071044   -0.012574253   28770.736   3440971   78.500636
0.14143434   -0.011690118   29136.894   3484120   79.500619
0.14217829   -0.01081998   29503.058   3527290   80.500621
0.14293577   -0.0099587452   29869.222   3570464   81.500626
0.14370833   -0.0091076702   30235.386   3613622   82.500633
0.14450529   -0.008274174   30601.544   3656829   83.500624
0.14532856   -0.0074598525   30967.71   3700001   84.500636
0.14617768   -0.0066644279   31333.867   3743230   85.500627
0.14705292   -0.0058881872   31700.026   3786374   86.500626
0.1479553   -0.0051320468   32066.189   3829594   87.500636
0.14889096   -0.0044009881   32432.349   3872841   88.50064
0.14986094   -0.0036959655   32798.507   3916038   89.500643
0.15086088   -0.0030136466   33164.662   3959265   90.500638
0.15188656   -0.0023507865   33530.815   4002510   91.50063
0.15293924   -0.0017084728   33896.976   4045737   92.500644
0.15402487   -0.0010915814   34263.131   4089001   93.500647
0.15514449   -0.0005010509   34629.283   4132259   94.500642
0.15629396   6.6288742e-05   34995.435   4175516   95.500642
0.15746883   0.00061387198   35361.582   4218779   96.500631
0.15866937   0.001141448   35727.734   4261961   97.500637
0.15989533   0.0016491126   36093.884   4305221   98.500641
0.16114664   0.0021368296   36460.031   4348438   99.50064
0.16242341   0.0026043685   36826.181   4391729   100.50065
0.16372523   0.0030518946   37192.321   4435008   101.50065
0.1650502   0.0034807536   37558.463   4478224   102.50065
0.16638541   0.0039011555   37924.599   4521363   103.50064
0.16772891   0.0043144817   38290.736   4564617   104.50064
0.16908272   0.0047188902   38656.876   4607892   105.50066
0.17044858   0.0051127426   39023.007   4651088   106.50066
0.17182267   0.0054988884   39389.129   4694283   107.50064
0.17318319   0.0058947751   39755.253   4737389   108.50065
0.17452623   0.0063033232   40121.373   4780544   109.50065
0.17584958   0.0067260624   40487.49   4823625   110.50065
0.17715089   0.0071646294   40853.598   4866663   111.50065
0.1784277   0.0076207881   41219.707   4909797   112.50066
0.17966369   0.0081074732   41585.798   4952802   113.50065
0.18085662   0.0086262213   41951.891   4995810   114.50066
0.18199131   0.0091890258   42317.969   5038707   115.50065
0.1830532   0.0098073734   42684.043   5081521   116.50066
0.18403938   0.010483158   43050.108   5124415   117.50066
0.18493373   0.011228963   43416.157   5167305   118.50066
0.18573358   0.012046364   43782.195   5210264   119.50066
0.18642384   0.012946981   44148.216   5253264   120.50066
0.18698958   0.013942263   44514.22   5296437   121.50065
0.18742683   0.015034555   44880.209   5339948   122.50066
0.1877131   0.016241294   45246.177   5383987   123.50066
0.18784406   0.017564837   45612.118   5428263   124.50066
0.18780267   0.019017917   45978.036   5473171   125.50066
0.18757145   0.020613462   46343.926   5518237   126.50067
0.18714494   0.022354286   46709.783   5563647   127.50068
0.18649388   0.024262695   47075.593   5609264   128.50066
0.18561319   0.026340808   47441.374   5654913   129.50068
0.18448459   0.028601349   47807.101   5701061   130.50069
0.18309015   0.031056503   48172.769   5747027   131.50067
0.1814232   0.033708766   48538.388   5793389   132.50069
0.17944722   0.036585051   48903.93   5839823   133.50069
0.17715505   0.039687539   49269.399   5886425   134.50069
0.17453644   0.043020625   49634.789   5933033   135.50071
0.17158035   0.046588843   50000.072   5979612   136.50071
0.16827705   0.050395226   50365.255   6026551   137.50073
0.16457684   0.054476045   50730.313   6074019   138.50074
0.16046938   0.058834223   51095.24   6121290   139.50077
0.15593889   0.063477037   51460.002   6168924   140.50078
0.15097049   0.068411127   51824.596   6216472   141.5008
0.1455567   0.073637191   52188.998   6264185   142.50083
0.13966697   0.07917675   52553.186   6312168   143.50087
0.13329464   0.08503209   52917.13   6360078   144.50091
0.12642027   0.091223278   53280.8   6408402   145.50094
0.11902147   0.097765572   53644.178   6456563   146.501
0.11109342   0.10466277   54007.222   6504913   147.50105
0.10261348   0.111941   54369.912   6553251   148.50112

0.0052185721   -0.0038398377   184.5751   91349   0.50005305
0.015207148   -0.011180256   553.56187   133870   1.5001249
0.024610485   -0.018070859   922.26165   176347   2.5002073
0.033483784   -0.024546904   1290.6832   218777   3.5002565
0.041838843   -0.03061179   1658.8637   261140   4.5003073
0.049682174   -0.036266997   2026.8297   303434   5.5003682
0.057018882   -0.041514671   2394.5844   345685   6.5003888
0.063857084   -0.04636029   2762.1681   387866   7.5004233
0.070239089   -0.050836022   3129.5936   430016   8.5004565
0.076171546   -0.054948028   3496.8794   472133   9.5004927
0.081673232   -0.058712002   3864.0366   514318   10.50052
0.086762977   -0.062143937   4231.0803   556481   11.500544
0.091444098   -0.065248404   4598.017   598685   12.500547
0.09574216   -0.068046625   4964.869   640939   13.50056
0.099660579   -0.070543134   5331.6455   683165   14.500582
0.10322424   -0.072758249   5698.3453   725562   15.500584
0.10645865   -0.074712613   6064.9841   767946   16.50059
0.10936697   -0.07641017   6431.5707   810386   17.500603
0.11197107   -0.077868614   6798.1012   852886   18.500595
0.11427445   -0.079091804   7164.5913   895352   19.500596
0.11630678   -0.080102837   7531.0433   938029   20.500596
0.11809796   -0.080924888   7897.4655   980699   21.500608
0.11965016   -0.081560429   8263.8567   1023419   22.500616
0.12097904   -0.082021819   8630.2122   1066179   23.500599
0.12208763   -0.082311926   8996.5571   1108992   24.500616
0.12300094   -0.082449855   9362.8712   1151796   25.500605
0.12374496   -0.082455422   9729.1696   1194733   26.5006
0.12432225   -0.082330914   10095.456   1237810   27.500605
0.12474863   -0.082088458   10461.726   1280969   28.500604
0.12502674   -0.081730302   10827.986   1324481   29.500604
0.12517795   -0.081272643   11194.234   1367842   30.500603
0.12522381   -0.080731779   11560.479   1411422   31.500613
0.12516663   -0.080109615   11926.709   1455096   32.500607
0.12502264   -0.079418476   12292.935   1498796   33.500601
0.12479451   -0.07866055   12659.158   1542512   34.500604
0.12449928   -0.07784879   13025.379   1586070   35.500609
0.124154   -0.076996172   13391.596   1629606   36.500612
0.1237602   -0.076104034   13757.811   1673098   37.500615
0.12332745   -0.075179787   14124.027   1716608   38.50062
0.12285714   -0.074224726   14490.239   1760036   39.500618
0.12236216   -0.073248821   14856.454   1803384   40.500622
0.12185508   -0.072261842   15222.666   1846632   41.500616
0.12133752   -0.07126524   15588.878   1889934   42.500611
0.12081918   -0.07026649   15955.095   1933135   43.500617
0.12030145   -0.069266581   16321.306   1976279   44.500612
0.11978683   -0.068267126   16687.518   2019511   45.500616
0.11927752   -0.067269399   17053.727   2062656   46.500617
0.11877577   -0.066274739   17419.929   2105780   47.50061
0.11829489   -0.065293057   17786.137   2148818   48.500628
0.11783645   -0.064325492   18152.331   2191831   49.500615
0.11740519   -0.063375677   18518.526   2234791   50.500615
0.11700525   -0.062446889   18884.721   2277739   51.500622
0.11663597   -0.06153878   19250.914   2320684   52.500631
0.11629385   -0.060648888   19617.099   2363661   53.500622
0.11597849   -0.059777132   19983.284   2406639   54.500619
0.11569189   -0.058925253   20349.467   2449624   55.500618
0.11543609   -0.058095048   20715.65   2492570   56.500621
0.11521209   -0.057287464   21081.834   2535479   57.500629
0.11502602   -0.056507398   21448.012   2578361   58.500624
0.11487913   -0.055755978   21814.193   2621200   59.500632
0.11476476   -0.055028225   22180.37   2664190   60.500634
0.11467651   -0.054319349   22546.546   2707148   61.500634
0.11461476   -0.053629748   22912.717   2750164   62.500622
0.11458293   -0.052962137   23278.892   2793121   63.500625
0.11458147   -0.052316897   23645.068   2836103   64.500634
0.11460592   -0.051690639   24011.241   2879198   65.500633
0.11465213   -0.051080197   24377.413   2922246   66.500633
0.11472059   -0.050486021   24743.585   2965273   67.500634
0.11481446   -0.049910595   25109.755   3008329   68.500634
0.11493419   -0.049354279   25475.922   3051374   69.500626
0.11507566   -0.048813854   25842.09   3094517   70.500621
0.1152346   -0.048286025   26208.258   3137593   71.500619
0.11541223   -0.047771775   26574.432   3180704   72.500635
0.11561443   -0.047275771   26940.596   3223840   73.500628
0.11584264   -0.04679916   27306.766   3266927   74.500635
0.11609657   -0.046341757   27672.93   3310071   75.500629
0.11637648   -0.045903754   28039.098   3353207   76.500634
0.1166821   -0.045484977   28405.261   3396402   77.500628
0.11701363   -0.045085603   28771.426   3439532   78.500629
0.11737083   -0.044705526   29137.587   3482698   79.500618
0.11774982   -0.044341743   29503.756   3525911   80.500631
0.11814591   -0.043990601   29869.917   3569097   81.500626
0.1185604   -0.04365313   30236.08   3612261   82.500625
0.11899955   -0.043334309   30602.241   3655471   83.500622
0.11946456   -0.043035157   30968.408   3698656   84.500635
0.11995509   -0.042755476   31334.568   3741905   85.500633
0.12047124   -0.042495405   31700.727   3785092   86.500629
0.12101403   -0.04225583   32066.885   3828291   87.500624
0.12158999   -0.042041988   32433.05   3871568   88.500639
0.12219972   -0.04185448   32799.207   3914879   89.500636
0.12284108   -0.041691727   33165.358   3958110   90.500619
0.12351243   -0.041552473   33531.521   4001403   91.500636
0.12421429   -0.041437223   33897.678   4044665   92.500638
0.12495308   -0.041351148   34263.832   4087945   93.500638
0.12572977   -0.041295043   34629.982   4131296   94.500628
0.12653819   -0.041264174   34996.136   4174602   95.500632
0.12737176   -0.041253399   35362.287   4217859   96.50063
0.12823103   -0.041263191   35728.435   4261193   97.500625
0.12911941   -0.041296304   36094.591   4304445   98.500643
0.13003679   -0.041352769   36460.733   4347848   99.50063
0.13098156   -0.041431356   36826.88   4391139   100.50063
0.13195134   -0.041530252   37193.023   4434445   101.50063
0.13294505   -0.041648706   37559.162   4477727   102.50063
0.13395657   -0.041781898   37925.307   4520991   103.50064
0.13498441   -0.041928779   38291.442   4564270   104.50064
0.13602666   -0.042087939   38657.577   4607588   105.50065
0.13708104   -0.042257694   39023.708   4650841   106.50065
0.13814431   -0.042435578   39389.831   4694022   107.50064
0.13919764   -0.042606537   39755.952   4737105   108.50063
0.14023779   -0.042768095   40122.069   4780200   109.50063
0.14125864   -0.042915421   40488.188   4823244   110.50064
0.1422534   -0.043043186   40854.295   4866244   111.50064
0.14322072   -0.043150414   41220.396   4909243   112.50064
0.14415125   -0.043229659   41586.498   4952166   113.50065
0.14504288   -0.043279377   41952.581   4995139   114.50064
0.14587934   -0.043286448   42318.663   5037785   115.50064
0.1466436   -0.043237195   42684.733   5080619   116.50064
0.1473329   -0.043129559   43050.787   5123359   117.50063
0.14793179   -0.042951169   43416.836   5166034   118.50063
0.14843745   -0.042700039   43782.874   5208755   119.50065
0.1488328   -0.042362562   44148.893   5251776   120.50065
0.14910102   -0.041925389   44514.89   5294999   121.50064
0.14923914   -0.041386465   44880.876   5338811   122.50064
0.14922779   -0.040730473   45246.836   5383240   123.50064
0.14906375   -0.03995528   45612.77   5427974   124.50063
0.14872623   -0.039044407   45978.688   5473297   125.50065
0.14819342   -0.037980695   46344.563   5518697   126.50064
0.14746082   -0.036761147   46710.41   5564395   127.50065
0.14649976   -0.035363075   47076.218   5610370   128.50065
0.1453049   -0.033783079   47441.977   5656286   129.50064
0.14385942   -0.032008365   47807.693   5702589   130.50065
0.14214589   -0.030025797   48173.354   5748836   131.50066
0.14015776   -0.027831433   48538.95   5795395   132.50066
0.13786016   -0.025397945   48904.481   5842208   133.50067
0.1352462   -0.022721426   49269.926   5888851   134.50067
0.13230291   -0.019792978   49635.291   5935840   135.50069
0.12901634   -0.016603163   50000.548   5982698   136.50068
0.12537872   -0.013147698   50365.705   6029845   137.50071
0.12134534   -0.0093898156   50730.727   6077294   138.50071
0.11690862   -0.0053246684   51095.617   6124781   139.50074
0.11205354   -0.00093973993   51460.35   6172480   140.50077
0.10676289   0.0037740525   51824.903   6220230   141.50079
0.10102963   0.0088192241   52189.253   6268175   142.5008
0.094822073   0.014221704   52553.391   6316214   143.50083
0.088134603   0.019986044   52917.285   6364401   144.50087
0.080946905   0.026130568   53280.915   6412750   145.50093
0.07323895   0.032675138   53644.243   6461133   146.50098
0.06500803   0.039627214   54007.242   6509537   147.50104
0.056228565   0.047016529   54369.883   6558034   148.50109

0.005370344   -0.0039479268   184.57992   93126   0.5000597
0.015630243   -0.011507711   553.57352   135733   1.5001327
0.025255402   -0.018633187   922.27725   178307   2.5001992
0.034309253   -0.025363066   1290.7235   220850   3.500281
0.042804566   -0.031699644   1658.9205   263322   4.5003364
0.050744415   -0.037640055   2026.8917   305726   5.5003685
0.058131857   -0.043182691   2394.6746   348070   6.5004208
0.064976424   -0.048331271   2762.2724   390369   7.5004495
0.071328749   -0.053120954   3129.7139   432623   8.5004836
0.077197837   -0.05755661   3497.0116   474825   9.5005116
0.082604174   -0.061652325   3864.1845   516963   10.500544
0.087567578   -0.065422037   4231.2344   559069   11.500549
0.092092203   -0.068868172   4598.1892   601199   12.50057
0.096197926   -0.072005149   4965.0567   643322   13.500596
0.099888106   -0.074835078   5331.8383   685443   14.500604
0.1032022   -0.07738682   5698.5504   727828   15.500616
0.1061792   -0.079688987   6065.1977   770194   16.500623
0.10882066   -0.08174261   6431.7818   812565   17.50061
0.11113708   -0.083555464   6798.3286   854954   18.500629
0.11312954   -0.085128178   7164.8205   897309   19.500618
0.11483761   -0.086489842   7531.2827   939937   20.500632
0.11629968   -0.087668733   7897.702   982586   21.500623
0.11751791   -0.088666319   8264.0977   1025210   22.500632
0.11850192   -0.089489662   8630.4671   1067864   23.500642
0.11925328   -0.090139763   8996.808   1110500   24.500638
0.11979803   -0.090635782   9363.1259   1153089   25.500629
0.12016228   -0.09099697   9729.429   1195698   26.500629
0.1203508   -0.091226743   10095.715   1238245   27.500625
0.12039295   -0.091346823   10461.994   1280984   28.50064
0.12029324   -0.091360447   10828.254   1325200   29.500635
0.12006483   -0.091277333   11194.505   1369174   30.500634
0.11972073   -0.091107067   11560.749   1413227   31.500639
0.11926561   -0.090853035   11926.982   1457120   32.500632
0.11872881   -0.090537127   12293.215   1500894   33.500643
0.11811469   -0.090162599   12659.433   1544601   34.500629
0.11743655   -0.089739417   13025.653   1588227   35.500627
0.11670719   -0.089277234   13391.874   1631818   36.500636
0.1159279   -0.088777074   13758.087   1675322   37.500629
0.11510864   -0.088246556   14124.306   1718828   38.50064
0.11425053   -0.087686674   14490.516   1762265   39.500629
0.11336687   -0.08710762   14856.736   1805598   40.500644
0.11246996   -0.086518877   15222.951   1848886   41.500644
0.11156135   -0.085921779   15589.16   1892125   42.500629
0.11065115   -0.085324045   15955.38   1935363   43.500642
0.10974047   -0.084726441   16321.591   1978577   44.500634
0.10883616   -0.084133844   16687.802   2021670   45.500631
0.10794482   -0.083550858   17054.012   2064737   46.500633
0.10706673   -0.082977288   17420.225   2107852   47.500651
0.10620169   -0.082412691   17786.427   2150912   48.500649
0.10534984   -0.081857009   18152.621   2194032   49.500634
0.10452457   -0.081320382   18518.825   2236846   50.500653
0.10373798   -0.080812094   18885.015   2279755   51.500643
0.10298883   -0.080331294   19251.206   2322622   52.500643
0.10226739   -0.079870709   19617.397   2365540   53.500648
0.10157195   -0.079429194   19983.586   2408520   54.500654
0.10090856   -0.079011579   20349.765   2451347   55.500637
0.10028412   -0.078623307   20715.953   2494206   56.500651
0.099698089   -0.078264123   21082.135   2537070   57.500653
0.099150389   -0.077934094   21448.31   2579877   58.500639
0.098641269   -0.077633533   21814.489   2622753   59.500639
0.098164338   -0.077357637   22180.673   2665646   60.500658
0.097712715   -0.077101227   22546.848   2708646   61.500653
0.09728828   -0.076865833   22913.025   2751521   62.500656
0.096900351   -0.076658719   23279.195   2794350   63.500645
0.096550885   -0.076481427   23645.373   2837121   64.500656
0.096226749   -0.076323858   24011.547   2880218   65.500656
0.095915174   -0.076176168   24377.715   2923271   66.500646
0.095618006   -0.076039809   24743.888   2966232   67.500648
0.095344721   -0.075922145   25110.062   3009177   68.500656
0.095096739   -0.075824276   25476.232   3052124   69.500654
0.094874014   -0.075746159   25842.396   3095133   70.500638
0.094676969   -0.075688098   26208.568   3138048   71.500646
0.094505244   -0.075649832   26574.737   3180990   72.500646
0.094358944   -0.075631453   26940.905   3223887   73.500647
0.094238083   -0.075633005   27307.075   3267021   74.500653
0.094142495   -0.075654389   27673.24   3309935   75.500649
0.094072296   -0.07569569   28039.405   3352986   76.500647
0.094027469   -0.075756891   28405.57   3396075   77.500643
0.094008166   -0.075838127   28771.739   3439362   78.500653
0.094014078   -0.075939218   29137.903   3482556   79.500651
0.094045379   -0.076060346   29504.069   3525906   80.500654
0.09410184   -0.076201376   29870.229   3569228   81.500643
0.094183751   -0.076362535   30236.393   3612561   82.500645
0.094290923   -0.07654371   30602.555   3655802   83.500645
0.094423428   -0.076745014   30968.72   3699128   84.500651
0.094581108   -0.076966387   31334.881   3742422   85.500651
0.0947639   -0.077207826   31701.039   3785801   86.500642
0.094972087   -0.077469584   32067.203   3829085   87.500652
0.095205284   -0.077751443   32433.361   3872469   88.500648
0.095463705   -0.07805365   32799.521   3915771   89.500654
0.095753346   -0.078381052   33165.675   3959191   90.500642
0.096080772   -0.078738899   33531.83   4002603   91.500637
0.096445959   -0.079127221   33897.987   4046070   92.500641
0.096848808   -0.079546002   34264.144   4089444   93.500647
0.097289283   -0.079995277   34630.301   4132891   94.500655
0.097760821   -0.08046988   34996.45   4176212   95.500644
0.098257499   -0.08096509   35362.604   4219602   96.50065
0.09878054   -0.081481918   35728.75   4262943   97.500641
0.099339775   -0.082028206   36094.903   4306336   98.50065
0.099936494   -0.082605038   36461.051   4349854   99.500653
0.10056446   -0.083207462   36827.199   4393120   100.50066
0.10121709   -0.083830263   37193.336   4436453   101.50064
0.10189481   -0.084473804   37559.478   4479827   102.50065
0.10259742   -0.085137986   37925.618   4523167   103.50065
0.10332493   -0.085822866   38291.758   4566472   104.50066
0.10407071   -0.086523163   38657.887   4609853   105.50065
0.10482893   -0.087234221   39024.022   4653128   106.50066
0.10559591   -0.087953166   39390.145   4696316   107.50066
0.10635297   -0.088665009   39756.265   4739369   108.50065
0.10709701   -0.089367275   40122.382   4782537   109.50065
0.10782197   -0.090055066   40488.502   4825425   110.50067
0.10852111   -0.090722977   40854.609   4868450   111.50066
0.10919307   -0.091369903   41220.708   4911340   112.50066
0.1098284   -0.0919882   41586.799   4954280   113.50065
0.11042586   -0.092576833   41952.891   4997152   114.50066
0.11097249   -0.093125283   42318.965   5039797   115.50065
0.11145623   -0.093623676   42685.037   5082492   116.50066
0.11187219   -0.094067949   43051.095   5124921   117.50066
0.1121922   -0.094435196   43417.139   5167255   118.50065
0.11241173   -0.094721667   43783.172   5209559   119.50065
0.11251838   -0.094917225   44149.193   5251869   120.50067
0.11249941   -0.095011468   44515.193   5294796   121.50067
0.1123518   -0.09500186   44881.172   5339134   122.50067
0.11205674   -0.094872986   45247.124   5383979   123.50065
0.11161161   -0.094622584   45613.061   5428787   124.50066
0.11099126   -0.094230019   45978.972   5474570   125.50067
0.11017055   -0.093674633   46344.846   5520355   126.50067
0.10914506   -0.092952631   46710.685   5566209   127.50066
0.10788677   -0.092040907   47076.484   5612415   128.50066
0.10639121   -0.090935568   47442.243   5658493   129.50066
0.10464576   -0.089626053   47807.949   5704922   130.50066
0.10263812   -0.088101954   48173.603   5751216   131.50067
0.10036011   -0.086356244   48539.189   5797929   132.50067
0.097765777   -0.084350513   48904.709   5844887   133.50068
0.094847768   -0.082077747   49270.15   5891845   134.50069
0.091594233   -0.079526173   49635.497   5939008   135.50069
0.087991818   -0.076687006   50000.749   5986109   136.50071
0.084034334   -0.073555255   50365.884   6033446   137.50072
0.079684422   -0.070099266   50730.895   6080916   138.50073
0.074935722   -0.066313171   51095.765   6128345   139.50076
0.069769601   -0.062180609   51460.476   6176236   140.50078
0.064167513   -0.057684924   51825.003   6224092   141.50079
0.058124177   -0.052819974   52189.342   6272186   142.50082
0.051602744   -0.047552239   52553.461   6320606   143.50087
0.044598169   -0.041874202   52917.329   6368659   144.50089
0.037100086   -0.035772572   53280.936   6417121   145.50094
0.029098003   -0.029232649   53644.251   6465472   146.50101
0.020586767   -0.022242763   54007.233   6514116   147.50106
0.01152386   -0.014757325   54369.865   6562817   148.50112

0.0055141888   -0.0040496004   184.5679   94797   0.50005671
0.016037237   -0.01181968   553.54557   137481   1.500139
0.025883414   -0.019172788   922.23993   180128   2.5002202
0.03510407   -0.026136687   1290.6726   222745   3.5002948
0.043710939   -0.032711328   1658.862   265290   4.500351
0.051716718   -0.038899074   2026.8355   307787   5.5004041
0.059133384   -0.04470267   2394.6065   350219   6.5004345
0.065972582   -0.050124937   2762.2109   392612   7.5004874
0.072285228   -0.055198571   3129.6451   434969   8.5005057
0.078082398   -0.059927202   3496.9458   477272   9.500544
0.083381071   -0.064319606   3864.1162   519526   10.500571
0.088198246   -0.068385031   4231.1679   561732   11.500581
0.092542232   -0.072126446   4598.1199   603896   12.500593
0.096453615   -0.075571115   4964.9845   646039   13.50061
0.099940293   -0.078722267   5331.7719   688170   14.500634
0.10303352   -0.081600693   5698.4819   730519   15.500638
0.10576485   -0.084227709   6065.1306   772856   16.500648
0.10813778   -0.086604095   6431.7215   815233   17.500651
0.11016947   -0.08874101   6798.2638   857657   18.500657
0.11186327   -0.090639381   7164.7586   900067   19.500653
0.11325884   -0.092327127   7531.2143   942698   20.500648
0.11439582   -0.093832343   7897.642   985337   21.500661
0.11527598   -0.095155248   8264.0331   1028008   22.500656
0.11590982   -0.096302694   8630.4012   1070723   23.500661
0.11629937   -0.097275256   8996.7476   1113506   24.500672
0.11647495   -0.09809459   9363.0666   1156368   25.500664
0.11646738   -0.09878283   9729.3706   1199528   26.500665
0.11628054   -0.099342205   10095.655   1243069   27.500656
0.11593751   -0.099789287   10461.929   1286892   28.500655
0.11544228   -0.10012652   10828.193   1331006   29.500662
0.11481206   -0.10036625   11194.441   1374629   30.500653
0.1140646   -0.10052132   11560.688   1418260   31.500663
0.11320448   -0.1005948   11926.92   1461902   32.500653
0.11226121   -0.10060845   12293.15   1505508   33.500655
0.11123952   -0.1005656   12659.374   1549131   34.500653
0.11015251   -0.10047588   13025.596   1592673   35.500659
0.10901306   -0.10034884   13391.818   1636166   36.500669
0.10782371   -0.10018635   13758.034   1679637   37.50067
0.1066005   -0.10000049   14124.243   1723060   38.500656
0.10534658   -0.099793725   14490.464   1766442   39.500676
0.10406976   -0.099572047   14856.675   1809747   40.500666
0.10277899   -0.099342327   15222.891   1853054   41.500669
0.10147577   -0.099105793   15589.109   1896325   42.500678
0.10016942   -0.098869523   15955.318   1939510   43.500664
0.098862245   -0.098635086   16321.538   1982719   44.50068
0.097568776   -0.098413191   16687.748   2025712   45.500676
0.096304391   -0.098215061   17053.956   2068679   46.500671
0.095067174   -0.098038815   17420.162   2111687   47.500669
0.093844644   -0.097874626   17786.371   2154791   48.500685
0.092634269   -0.097720339   18152.567   2197923   49.500674
0.091449353   -0.097585943   18518.764   2240813   50.500673
0.090302524   -0.097481046   18884.956   2283745   51.500665
0.089193605   -0.097405568   19251.155   2326658   52.500684
0.088118822   -0.097356753   19617.343   2369629   53.500683
0.087077753   -0.097334406   19983.528   2412584   54.500676
0.086072691   -0.097340415   20349.716   2455483   55.500685
0.08510527   -0.097376155   20715.894   2498430   56.500669
0.084176076   -0.097442154   21082.082   2541379   57.500686
0.083284479   -0.097538027   21448.26   2584327   58.500681
0.082430813   -0.097664106   21814.441   2627280   59.500687
0.081608353   -0.097815315   22180.615   2670309   60.500677
0.080811048   -0.09798705   22546.793   2713361   61.500683
0.080040134   -0.098180328   22912.966   2756346   62.500676
0.079305438   -0.098402762   23279.142   2799324   63.50068
0.078608249   -0.0986554   23645.313   2842307   64.50067
0.077940555   -0.098932075   24011.494   2885390   65.500691
0.077293046   -0.099225652   24377.659   2928427   66.500672
0.076666896   -0.099537032   24743.831   2971503   67.500672
0.076065261   -0.099868665   25110.009   3014522   68.500691
0.075488183   -0.1002206   25476.177   3057610   69.500685
0.074936017   -0.10059307   25842.347   3100698   70.500684
0.074408728   -0.10098602   26208.515   3143785   71.500681
0.073906422   -0.10139948   26574.685   3186866   72.500686
0.073428959   -0.10183333   26940.852   3229925   73.500682
0.072976531   -0.10228769   27307.021   3273022   74.500689
0.072548881   -0.1027624   27673.186   3316129   75.500682
0.072146229   -0.10325761   28039.352   3359241   76.500683
0.071768615   -0.10377337   28405.522   3402312   77.500694
0.071415629   -0.10430939   28771.683   3445488   78.500682
0.071087643   -0.10486597   29137.847   3488582   79.500679
0.070784699   -0.10544317   29504.016   3531797   80.50069
0.070506467   -0.10604077   29870.179   3574893   81.500688
0.070253076   -0.10665888   30236.34   3618012   82.500683
0.070024638   -0.10729759   30602.505   3661262   83.500688
0.069820912   -0.10795675   30968.664   3704410   84.500681
0.069642169   -0.10863659   31334.828   3747651   85.500688
0.069488072   -0.1093369   31700.986   3790792   86.50068
0.069359919   -0.11005872   32067.147   3834035   87.500682
0.06926401   -0.11080707   32433.31   3877280   88.500692
0.069201   -0.11158257   32799.463   3920548   89.50068
0.06917332   -0.1123872   33165.62   3963887   90.500676
0.069183009   -0.11322262   33531.777   4007214   91.500678
0.069230044   -0.11408883   33897.935   4050518   92.500685
0.069314289   -0.11498574   34264.09   4093905   93.500685
0.069435737   -0.11591338   34630.241   4137208   94.500679
0.069592417   -0.11687019   34996.394   4180572   95.500679
0.069782281   -0.11785453   35362.549   4223951   96.500691
0.070005704   -0.11886672   35728.703   4267343   97.500701
0.070265705   -0.1199092   36094.85   4310724   98.500699
0.070562774   -0.12098237   36460.991   4354074   99.500682
0.070895267   -0.12208486   36827.14   4397497   100.50069
0.071260597   -0.12321462   37193.28   4440848   101.50068
0.071657154   -0.12437033   37559.427   4484197   102.5007
0.072071842   -0.12554156   37925.564   4527435   103.5007
0.072502784   -0.12672675   38291.698   4570701   104.50069
0.072952148   -0.12792754   38657.829   4614077   105.50069
0.073422244   -0.1291457   39023.964   4657375   106.5007
0.073909548   -0.1303784   39390.088   4700596   107.5007
0.074395498   -0.13161071   39756.211   4743825   108.5007
0.074876838   -0.13283995   40122.326   4786988   109.5007
0.075343261   -0.13405774   40488.437   4829955   110.50069
0.075784492   -0.13525567   40854.546   4872996   111.5007
0.076199974   -0.13643316   41220.649   4915985   112.5007
0.076586521   -0.13758748   41586.741   4958987   113.5007
0.076943938   -0.13871828   41952.83   5001991   114.5007
0.07725129   -0.13980846   42318.909   5044622   115.50071
0.07748786   -0.14084103   42684.978   5087352   116.50071
0.077651157   -0.14181361   43051.033   5129948   117.5007
0.077725849   -0.14271341   43417.079   5172451   118.5007
0.077709554   -0.14353809   43783.114   5215219   119.50071
0.077585437   -0.14427367   44149.125   5258021   120.5007
0.07733755   -0.14490671   44515.127   5301076   121.50071
0.076961749   -0.14543327   44881.109   5344540   122.50071
0.076433229   -0.14583264   45247.067   5388738   123.50071
0.075748241   -0.14610104   45612.999   5433148   124.50071
0.074886269   -0.14622099   45978.902   5478248   125.5007
0.073827235   -0.14617521   46344.782   5523615   126.50072
0.072565496   -0.14595804   46710.621   5569414   127.50071
0.071067453   -0.14554081   47076.42   5615482   128.50071
0.069328154   -0.14491784   47442.175   5661627   129.50071
0.067332055   -0.14407437   47807.885   5708189   130.50072
0.065062233   -0.14299626   48173.531   5754682   131.50071
0.062513119   -0.1416774   48539.12   5801468   132.50072
0.059644724   -0.14008314   48904.638   5848550   133.50072
0.05645133   -0.13820677   49270.08   5895625   134.50074
0.052917026   -0.13603299   49635.428   5942915   135.50075
0.049026586   -0.13354679   50000.677   5990252   136.50076
0.044774724   -0.13074105   50365.806   6037742   137.50076
0.040125759   -0.12758297   50730.822   6085392   138.50079
0.035074413   -0.12406472   51095.69   6133051   139.50081
0.029603602   -0.12016823   51460.395   6181105   140.50082
0.023696964   -0.11587548   51824.934   6229013   141.50086
0.017349987   -0.11117778   52189.269   6277186   142.50088
0.010527729   -0.10604015   52553.385   6325625   143.50091
0.0032268201   -0.10045337   52917.264   6373810   144.50095
-0.0045671378   -0.094398162   53280.88   6422383   145.50101
-0.012867156   -0.087855362   53644.203   6470835   146.50107
-0.021674452   -0.080814495   54007.205   6519456   147.50113
-0.03101891   -0.073238868   54369.856   6568214   148.50119

0.0056562419   -0.0041496608   184.54287   96442   0.50005216
0.016437332   -0.012122335   553.48295   139196   1.5001504
0.02649835   -0.01968905   922.13522   181907   2.5002198
0.035884973   -0.026873073   1290.5375   224581   3.5003019
0.04460795   -0.033672843   1658.6951   267186   4.5003508
0.052687581   -0.040094886   2026.6479   309761   5.5004172
0.060143028   -0.046145308   2394.4029   352266   6.5004658
0.066986021   -0.05182478   2761.9816   394745   7.5005036
0.073266028   -0.057162527   3129.402   437198   8.5005324
0.078994179   -0.062159669   3496.6812   479593   9.5005551
0.084189083   -0.066823633   3863.8369   521946   10.500579
0.088868979   -0.071162107   4230.8821   564246   11.500605
0.093045126   -0.075177834   4597.8233   606484   12.500617
0.0967723   -0.078906196   4964.6788   648675   13.500636
0.10006146   -0.082350559   5331.4566   690838   14.500657
0.10293618   -0.085524182   5698.1595   733148   15.500663
0.10541999   -0.08844076   6064.7973   775457   16.500661
0.10751976   -0.09110194   6431.3878   817842   17.500679
0.1092657   -0.093526984   6797.921   860302   18.500675
0.11066437   -0.095717912   7164.4119   902792   19.500673
0.11175167   -0.097698711   7530.8683   945536   20.500681
0.11256299   -0.099493318   7897.2885   988319   21.500683
0.11310207   -0.10110247   8263.6779   1031162   22.500683
0.11338611   -0.10253713   8630.0449   1074100   23.500693
0.11341827   -0.10379802   8996.3815   1117350   24.500684
0.11322991   -0.10490687   9362.7059   1160812   25.500697
0.11285131   -0.1058848   9729.0039   1204591   26.500687
0.11228717   -0.10673414   10095.29   1248527   27.500687
0.11156057   -0.10747102   10461.565   1292519   28.500696
0.1106755   -0.10809751   10827.826   1336670   29.500698
0.10965377   -0.10862903   11194.072   1380209   30.500686
0.10851756   -0.10908142   11560.316   1423803   31.500692
0.10727107   -0.10945726   11926.548   1467359   32.500685
0.10594059   -0.10977567   12292.779   1510861   33.500692
0.1045303   -0.11003937   12659   1554336   34.500686
0.10305363   -0.11025807   13025.225   1597807   35.500702
0.10152294   -0.11044081   13391.437   1641252   36.500688
0.099942068   -0.11059028   13757.652   1684666   37.500691
0.098330226   -0.11072085   14123.869   1728060   38.500698
0.096690545   -0.11083489   14490.083   1771389   39.500703
0.095031396   -0.11093874   14856.292   1814662   40.500692
0.093361767   -0.11103922   15222.51   1857938   41.500707
0.091682876   -0.11113728   15588.727   1901165   42.500715
0.09000432   -0.11124012   15954.938   1944384   43.500709
0.08832796   -0.11134897   16321.15   1987562   44.500707
0.086668928   -0.11147496   16687.362   2030558   45.500709
0.085042365   -0.1116291   17053.572   2073570   46.500713
0.083446859   -0.11180986   17419.779   2116659   47.500715
0.081873083   -0.11200976   17785.985   2159704   48.500722
0.080319393   -0.11222727   18152.184   2202812   49.500721
0.078794538   -0.11246884   18518.382   2245788   50.500722
0.077306961   -0.11274086   18884.573   2288783   51.500716
0.07585734   -0.11304385   19250.765   2331768   52.500716
0.07444871   -0.11338019   19616.951   2374732   53.500709
0.073081933   -0.11375061   19983.144   2417669   54.500726
0.071754327   -0.11415315   20349.328   2460657   55.500724
0.070464011   -0.11458645   20715.512   2503625   56.500728
0.069210821   -0.11505045   21081.692   2546651   57.500724
0.067994947   -0.11554531   21447.874   2589665   58.500732
0.066815975   -0.11607079   21814.046   2632651   59.500715
0.065670227   -0.11662409   22180.227   2675701   60.500727
0.064552906   -0.11720157   22546.401   2718720   61.50072
0.063465419   -0.11780435   22912.578   2761705   62.500727
0.062413958   -0.11843721   23278.754   2804792   63.500734
0.06139936   -0.11910085   23644.923   2847825   64.500722
0.060415608   -0.11979064   24011.096   2890894   65.500723
0.059456129   -0.12050154   24377.267   2934010   66.50072
0.058521071   -0.12123364   24743.44   2977066   67.500725
0.057610397   -0.12198692   25109.614   3020125   68.500734
0.056723895   -0.12276121   25475.782   3063193   69.500729
0.05586176   -0.1235566   25841.949   3106354   70.500725
0.05502407   -0.12437309   26208.118   3149391   71.500727
0.05421073   -0.12521057   26574.285   3192528   72.500723
0.053422081   -0.12606921   26940.459   3235643   73.500741
0.052657698   -0.12694869   27306.626   3278731   74.500743
0.051917773   -0.12784913   27672.793   3321861   75.500744
0.051202293   -0.12877053   28038.959   3364974   76.500745
0.050510718   -0.12971251   28405.125   3408132   77.500746
0.049839725   -0.13067251   28771.286   3451205   78.500735
0.049189117   -0.13165039   29137.453   3494360   79.500742
0.048560649   -0.1326475   29503.613   3537520   80.500733
0.047956677   -0.13366567   29869.775   3580648   81.50073
0.047377831   -0.1347054   30235.942   3623805   82.500741
0.046826873   -0.13576886   30602.101   3666946   83.500732
0.046304719   -0.13685674   30968.265   3710109   84.500738
0.04580896   -0.13796719   31334.423   3753230   85.500732
0.045337684   -0.13909871   31700.584   3796354   86.500734
0.044892505   -0.1402526   32066.748   3839587   87.500746
0.044482646   -0.14143611   32432.907   3882820   88.500747
0.044109753   -0.14265058   32799.064   3926035   89.500745
0.043773997   -0.14389619   33165.225   3969231   90.500756
0.043474945   -0.14517266   33531.377   4012473   91.500745
0.043213418   -0.14648063   33897.529   4055701   92.500738
0.042992766   -0.14782271   34263.689   4098968   93.500752
0.042813101   -0.149199   34629.841   4142221   94.500751
0.042672491   -0.15060795   34995.992   4185563   95.500748
0.042568803   -0.15204786   35362.14   4228855   96.500742
0.04250277   -0.15351931   35728.292   4272123   97.50075
0.042477229   -0.15502456   36094.438   4315438   98.500746
0.042492924   -0.15656419   36460.586   4358769   99.500748
0.042547805   -0.15813649   36826.735   4402110   100.50076
0.042639438   -0.15973949   37192.874   4445515   101.50075
0.042766234   -0.16137182   37559.018   4488795   102.50076
0.04291522   -0.16302313   37925.155   4532102   103.50076
0.043084547   -0.16469182   38291.288   4575351   104.50076
0.043276556   -0.1663796   38657.425   4618627   105.50077
0.043492944   -0.16808769   39023.549   4661996   106.50076
0.043731642   -0.16981427   39389.676   4705281   107.50076
0.043976712   -0.17154653   39755.796   4748488   108.50076
0.04422596   -0.1732825   40121.92   4791745   109.50078
0.044464238   -0.17500991   40488.026   4834749   110.50076
0.04467763   -0.17671732   40854.134   4877738   111.50076
0.044866142   -0.17840447   41220.239   4920807   112.50077
0.045029742   -0.18007098   41586.333   4963838   113.50077
0.045168825   -0.18171678   41952.423   5006932   114.50078
0.045260406   -0.18332304   42318.502   5049631   115.50079
0.045281783   -0.18487105   42684.569   5092440   116.50079
0.04523125   -0.18635884   43050.628   5135175   117.50079
0.045096397   -0.18777574   43416.67   5177971   118.50078
0.044875867   -0.18911987   43782.704   5220794   119.50078
0.044551001   -0.19037545   44148.722   5263610   120.50078
0.044103454   -0.1915268   44514.72   5306614   121.50078
0.04352866   -0.19256915   44880.702   5350164   122.50078
0.042795762   -0.19347642   45246.66   5394055   123.50077
0.041900484   -0.19424364   45612.599   5438265   124.50078
0.040826559   -0.19485638   45978.509   5483078   125.50079
0.039557898   -0.19530025   46344.385   5527978   126.50078
0.038088744   -0.19556879   46710.228   5573298   127.50078
0.036379286   -0.19562781   47076.032   5619048   128.50078
0.034424014   -0.19547059   47441.799   5664881   129.5008
0.03220487   -0.19508006   47807.509   5711343   130.5008
0.029704585   -0.19443941   48173.162   5757806   131.50079
0.026918685   -0.19354192   48538.763   5804649   132.50081
0.023810465   -0.19235433   48904.28   5851728   133.5008
0.020376192   -0.19086975   49269.733   5898698   134.50082
0.016596238   -0.18906801   49635.087   5946282   135.50082
0.012452309   -0.18692949   50000.344   5993700   136.50082
0.0079406269   -0.18444594   50365.498   6041423   137.50085
0.003025601   -0.18158246   50730.517   6089207   138.50086
-0.0022957087   -0.17833031   51095.403   6137021   139.50088
-0.0080391003   -0.17466966   51460.132   6185195   140.50091
-0.014219999   -0.17058036   51824.684   6233278   141.50093
-0.020841536   -0.16605174   52189.045   6281496   142.50097
-0.027940827   -0.16104425   52553.191   6330112   143.501
-0.035520749   -0.15554621   52917.094   6378614   144.50103
-0.043593329   -0.14953767   53280.743   6427218   145.50109
-0.052170868   -0.14299803   53644.1   6475811   146.50114
-0.061254194   -0.1359157   54007.151   6524620   147.50122
-0.070873527   -0.12825317   54369.849   6573408   148.50128

0.0057967997   -0.0042483241   184.51666   98065   0.50007349
0.016830622   -0.01241475   553.38328   140847   1.5001483
0.027101646   -0.02018031   921.98526   183599   2.5002409
0.03665321   -0.027569348   1290.3265   226327   3.5003032
0.045497154   -0.034581316   1658.4458   268985   4.5003812
0.053657514   -0.04122436   2026.3449   311628   5.5004236
0.061159608   -0.047507322   2394.0623   354201   6.5004804
0.068014632   -0.053428351   2761.6035   396747   7.5005162
0.074266982   -0.059010688   3128.9938   439271   8.5005531
0.079927837   -0.064253039   3496.2461   481735   9.5005837
0.085021429   -0.069164487   3863.3802   524177   10.500622
0.089571155   -0.073754082   4230.3981   566562   11.500639
0.0935907   -0.07802402   4597.3134   608888   12.500639
0.097142427   -0.082012988   4964.1485   651173   13.500654
0.1002391   -0.085723678   5330.9063   693408   14.500667
0.10289684   -0.0891621   5697.6001   735711   15.50069
0.10513088   -0.092334215   6064.2244   778026   16.500688
0.10695216   -0.095243091   6430.7982   820466   17.500694
0.10841148   -0.097921694   6797.329   863048   18.500712
0.10951843   -0.10037307   7163.8075   905669   19.500703
0.11030126   -0.10261451   7530.2575   948489   20.500717
0.11078682   -0.10466266   7896.6649   991370   21.500705
0.11098199   -0.10651969   8263.0532   1034465   22.50072
0.1109166   -0.10820511   8629.4101   1077902   23.500719
0.11059669   -0.10972107   8995.7416   1121706   24.500711
0.11004939   -0.11108557   9362.0594   1165594   25.50072
0.10930103   -0.11231627   9728.3546   1209725   26.500714
0.10835746   -0.11341586   10094.636   1253869   27.500713
0.10724854   -0.11440509   10460.911   1297944   28.500731
0.10597906   -0.11528627   10827.162   1342116   29.500713
0.10457606   -0.11607838   11193.412   1385636   30.500721
0.10306542   -0.11679978   11559.654   1429164   31.500729
0.1014505   -0.11745218   11925.882   1472684   32.50072
0.099751352   -0.11804985   12292.113   1516192   33.500732
0.097971098   -0.11859456   12658.335   1559685   34.500734
0.09612294   -0.11909568   13024.552   1603119   35.500736
0.094219851   -0.11956257   13390.765   1646572   36.500731
0.092265389   -0.11999765   13756.98   1689993   37.500737
0.090278823   -0.12041518   14123.193   1733314   38.500744
0.088263351   -0.12081748   14489.405   1776648   39.500746
0.086231923   -0.12121424   14855.617   1819931   40.500751
0.084197255   -0.12161501   15221.827   1863153   41.500748
0.082161038   -0.12202102   15588.037   1906351   42.500745
0.080132955   -0.12243948   15954.246   1949550   43.500741
0.078114908   -0.12287164   16320.462   1992689   44.500755
0.076113085   -0.12332186   16686.672   2035795   45.500758
0.074134148   -0.12379477   17052.878   2078881   46.500752
0.072180059   -0.12429136   17419.081   2121942   47.500747
0.070260822   -0.12481871   17785.285   2164961   48.500755
0.068378049   -0.1253777   18151.488   2207954   49.500765
0.066531665   -0.12596806   18517.682   2250969   50.500762
0.064721903   -0.12658986   18883.875   2293974   51.500762
0.062950435   -0.12724437   19250.069   2336980   52.500771
0.061226631   -0.12793868   19616.256   2379923   53.500768
0.059552297   -0.12867421   19982.442   2422840   54.500772
0.0579209   -0.12944602   20348.626   2465845   55.500771
0.05632607   -0.13024927   20714.806   2508851   56.500768
0.054767952   -0.1310841   21080.988   2551889   57.500776
0.053246274   -0.13195032   21447.165   2594924   58.50077
0.051761259   -0.13284809   21813.342   2637919   59.500772
0.050312897   -0.13377742   22179.521   2680952   60.50078
0.048900909   -0.1347381   22545.691   2724007   61.500769
0.047525639   -0.1357304   22911.866   2767012   62.500772
0.046186968   -0.13675427   23278.042   2810070   63.50078
0.044884863   -0.1378097   23644.218   2853112   64.500791
0.043612576   -0.13889155   24010.382   2896238   65.500773
0.042364289   -0.13999533   24376.553   2939366   66.500774
0.041140034   -0.14112104   24742.73   2982447   67.500795
0.039939319   -0.14226827   25108.898   3025575   68.50079
0.038762505   -0.14343724   25475.067   3068627   69.50079
0.03760951   -0.14462783   25841.233   3111769   70.500786
0.036480452   -0.14584007   26207.4   3154844   71.500785
0.035375453   -0.14707396   26573.571   3198011   72.500795
0.034294194   -0.1483292   26939.733   3241090   73.500785
0.033237081   -0.14960602   27305.9   3284219   74.500788
0.032204003   -0.15090435   27672.067   3327298   75.500793
0.031194922   -0.15222418   28038.235   3370438   76.500801
0.030208043   -0.15356417   28404.397   3413590   77.500794
0.02923414   -0.15491718   28770.562   3456743   78.500798
0.028271586   -0.15628194   29136.73   3499882   79.50081
0.027326396   -0.15766312   29502.889   3543018   80.500799
0.026405289   -0.1590659   29869.05   3586161   81.500797
0.025509994   -0.16049161   30235.219   3629296   82.500816
0.024649397   -0.16194715   30601.374   3672467   83.500799
0.023825914   -0.16343434   30967.542   3715565   84.500819
0.023032399   -0.16494764   31333.697   3758718   85.500807
0.022263076   -0.16648256   31699.858   3801879   86.500813
0.021519355   -0.1680402   32066.02   3845036   87.500822
0.02081046   -0.16962775   32432.173   3888209   88.500809
0.020138397   -0.17124677   32798.33   3931354   89.500811
0.019503011   -0.17289716   33164.487   3974573   90.500814
0.018904159   -0.17457883   33530.641   4017744   91.50081
0.018343755   -0.17629328   33896.801   4060976   92.500827
0.017830826   -0.17804754   34262.952   4104169   93.500823
0.017367241   -0.17984305   34629.104   4147423   94.500823
0.016946734   -0.18167481   34995.257   4190659   95.500829
0.016562972   -0.18353783   35361.41   4233866   96.500837
0.016217233   -0.18543309   35727.552   4277162   97.50082
0.015919667   -0.18736849   36093.704   4320472   98.500834
0.01567144   -0.18934491   36459.852   4363718   99.500843
0.015466056   -0.19135714   36825.991   4407034   100.50083
0.015297776   -0.1934005   37192.135   4450365   101.50084
0.015166386   -0.19547473   37558.276   4493683   102.50084
0.015071834   -0.19757966   37924.411   4536963   103.50084
0.015014339   -0.19971535   38290.545   4580270   104.50084
0.014987884   -0.20187683   38656.684   4623569   105.50086
0.014985834   -0.20405864   39022.814   4666831   106.50086
0.015006852   -0.20625952   39388.938   4710100   107.50086
0.01504173   -0.20847189   39755.06   4753343   108.50086
0.015088958   -0.2106943   40121.177   4796635   109.50086
0.01512972   -0.21291146   40487.286   4839689   110.50086
0.015145725   -0.21510842   40853.395   4882699   111.50086
0.015136756   -0.21728459   41219.492   4925809   112.50085
0.015103681   -0.21944012   41585.595   4968849   113.50088
0.015046093   -0.22157415   41951.683   5012011   114.50088
0.014945501   -0.22367129   42317.755   5054876   115.50086
0.014783963   -0.22571648   42683.828   5097773   116.50087
0.014558196   -0.22770632   43049.884   5140561   117.50086
0.014250366   -0.22962558   43415.939   5183329   118.50088
0.013857358   -0.23147074   43781.974   5226212   119.50088
0.013360978   -0.23322606   44147.99   5269147   120.50087
0.012743348   -0.23487594   44513.994   5312088   121.50088
0.011998752   -0.23641434   44879.981   5355467   122.50088
0.011090421   -0.23781023   45245.949   5399463   123.5009
0.010012702   -0.23905729   45611.888   5443515   124.50089
0.0087540441   -0.24014426   45977.796   5488123   125.50088
0.0073034869   -0.24106005   46343.685   5532805   126.50089
0.0056537486   -0.24179634   46709.532   5577969   127.50088
0.0037595657   -0.24231393   47075.344   5623411   128.50088
0.0016146234   -0.24260456   47441.118   5668985   129.50089
-0.00079843248   -0.2426507   47806.84   5715121   130.50089
-0.0034962979   -0.24243492   48172.51   5761421   131.5009
-0.0064833017   -0.2419493   48538.117   5808010   132.5009
-0.0097947066   -0.24116043   48903.657   5855146   133.50091
-0.013434251   -0.24005981   49269.12   5902181   134.50091
-0.017424011   -0.23862351   49634.503   5949701   135.50093
-0.021786446   -0.23682669   49999.778   5997233   136.50093
-0.026523806   -0.2346601   50364.954   6045047   137.50095
-0.031670342   -0.23208773   50730.005   6093137   138.50096
-0.037228142   -0.22909899   51094.921   6141036   139.50099
-0.043211728   -0.22567235   51459.682   6189218   140.50101
-0.049635009   -0.22178603   51824.277   6237583   141.50104
-0.056501105   -0.2174264   52188.677   6286067   142.50106
-0.06385128   -0.21254775   52552.875   6334877   143.50112
-0.07168798   -0.20713588   52916.835   6383568   144.50116
-0.080018312   -0.2011724   53280.537   6432445   145.50121
-0.088849324   -0.19463903   53643.96   6481076   146.50127
-0.098183833   -0.18752153   54007.074   6530047   147.50134
-0.10806404   -0.17977329   54369.854   6579149   148.50142

0.0059228609   -0.0043360059   184.47262   99521   0.50006918
0.017175306   -0.012670449   553.26012   142326   1.5001536
0.027615728   -0.020604249   921.78306   185121   2.5002433
0.037299654   -0.028173269   1290.0596   227908   3.5003287
0.046240117   -0.035377858   1658.1007   270623   4.5003797
0.054458545   -0.042222992   2025.9452   313321   5.5004444
0.061975805   -0.048712294   2393.5995   355953   6.5004864
0.068806102   -0.054843791   2761.0945   398545   7.5005396
0.075000949   -0.060643444   3128.4381   441101   8.5005795
0.080573999   -0.066109153   3495.649   483631   9.5006149
0.0855545   -0.071251029   3862.7327   526155   10.500622
0.089972323   -0.076080397   4229.7235   568632   11.50066
0.093839329   -0.080595925   4596.6122   611045   12.500673
0.097205907   -0.084825633   4963.4213   653395   13.500694
0.10008358   -0.088769427   5330.1537   695720   14.500706
0.10249783   -0.092438403   5696.8197   738079   15.500715
0.10447361   -0.095844028   6063.4244   780456   16.500714
0.10602244   -0.098988361   6429.984   822997   17.50073
0.10719531   -0.1019032   6796.4933   865681   18.500733
0.10800281   -0.10459119   7162.9577   908423   19.500724
0.10847327   -0.10706868   7529.389   951409   20.500722
0.10863452   -0.1093521   7895.7904   994634   21.500725
0.10849326   -0.11144268   8262.168   1038191   22.500738
0.10807977   -0.11335947   8628.5134   1082045   23.500731
0.10740072   -0.11510445   8994.8419   1126243   24.500737
0.10648732   -0.11669809   9361.1504   1170349   25.50074
0.10537078   -0.11816115   9727.4405   1214612   26.500739
0.10405715   -0.11949606   10093.722   1258821   27.500753
0.10257578   -0.12072279   10459.98   1302943   28.500739
0.10093297   -0.12184442   10826.239   1347115   29.500757
0.099150298   -0.12287561   11192.483   1390657   30.500761
0.097249962   -0.12383169   11558.718   1434254   31.500764
0.095237749   -0.12471596   11924.945   1477765   32.500759
0.093146507   -0.12555202   12291.17   1521228   33.500768
0.090981717   -0.12634325   12657.389   1564731   34.500771
0.088752048   -0.12709553   13023.597   1608168   35.500756
0.086466832   -0.12781536   13389.813   1651588   36.500768
0.084130175   -0.12850546   13756.025   1694949   37.500777
0.081767868   -0.12918488   14122.234   1738313   38.500779
0.079384336   -0.12985677   14488.442   1781606   39.500782
0.076988007   -0.13052736   14854.645   1824851   40.50077
0.074588049   -0.13120346   15220.861   1868114   41.500791
0.072186368   -0.13188642   15587.064   1911286   42.500778
0.069799783   -0.13258875   15953.275   1954464   43.500786
0.067430834   -0.13331218   16319.486   1997602   44.500797
0.065085831   -0.13406118   16685.692   2040684   45.500794
0.062771588   -0.1348405   17051.897   2083711   46.500795
0.060488886   -0.13565026   17418.103   2126762   47.500804
0.058240926   -0.13649238   17784.3   2169784   48.500798
0.056028833   -0.13736731   18150.501   2212810   49.500808
0.053856662   -0.13827783   18516.695   2255786   50.500807
0.051728885   -0.13922716   18882.884   2298819   51.500803
0.049646289   -0.14021582   19249.078   2341770   52.500817
0.047611618   -0.14124585   19615.261   2384734   53.500809
0.045625903   -0.14231799   19981.448   2427670   54.50082
0.043686648   -0.14343035   20347.628   2470651   55.500815
0.041792066   -0.14458153   20713.811   2513640   56.500824
0.039941913   -0.14577135   21079.99   2556608   57.500826
0.038136234   -0.14699985   21446.167   2599570   58.500828
0.036374929   -0.14826691   21812.339   2642627   59.500821
0.034654084   -0.14956953   22178.518   2685639   60.500832
0.032969091   -0.15090416   22544.69   2728709   61.500832
0.031320145   -0.15227093   22910.863   2771757   62.500834
0.029707152   -0.15366976   23277.033   2814834   63.500832
0.028130365   -0.15510088   23643.208   2857895   64.500846
0.026582961   -0.1565591   24009.375   2901012   65.500841
0.02505889   -0.15803977   24375.545   2944088   66.500843
0.023558159   -0.15954286   24741.716   2987257   67.500852
0.022080559   -0.16106814   25107.882   3030340   68.500846
0.02062649   -0.16261583   25474.053   3073431   69.500857
0.019195756   -0.1641857   25840.222   3116564   70.500865
0.017788157   -0.16577751   26206.382   3159648   71.500848
0.016404342   -0.16739165   26572.551   3202790   72.500859
0.015043861   -0.1690277   26938.714   3245943   73.500855
0.01370719   -0.17068596   27304.885   3289081   74.500875
0.012389559   -0.17236275   27671.048   3332182   75.500873
0.01108683   -0.1740549   28037.207   3375336   76.50086
0.0097998965   -0.17576316   28403.373   3418511   77.500868
0.0085318007   -0.17748989   28769.541   3461638   78.500885
0.0072825887   -0.17923515   29135.698   3504756   79.500871
0.0060550028   -0.181001   29501.862   3547931   80.50088
0.0048508408   -0.18278882   29868.024   3591064   81.500882
0.0036718514   -0.1845999   30234.187   3634169   82.500891
0.0025273759   -0.18644145   30600.347   3677300   83.50089
0.0014190232   -0.18831467   30966.502   3720467   84.500879
0.00034084246   -0.19021491   31332.664   3763620   85.50089
-0.00071381719   -0.192137   31698.825   3806769   86.500898
-0.0017434431   -0.19408209   32064.981   3849907   87.500895
-0.0027381996   -0.19605778   32431.141   3893052   88.500906
-0.0036969395   -0.19806496   32797.291   3936202   89.500893
-0.0046149832   -0.20010729   33163.447   3979382   90.500896
-0.0054882132   -0.20218798   33529.605   4022520   91.500908
-0.0063163702   -0.20430725   33895.758   4065730   92.50091
-0.0070961563   -0.2064676   34261.909   4108914   93.500909
-0.0078269866   -0.20866941   34628.06   4152099   94.500908
-0.0085109596   -0.21091095   34994.208   4195336   95.500906
-0.0091499978   -0.21319065   35360.359   4238518   96.500913
-0.009743756   -0.21550872   35726.506   4281791   97.500913
-0.010288761   -0.21786778   36092.658   4325075   98.500929
-0.010784856   -0.22026787   36458.802   4368306   99.500929
-0.011233951   -0.22270734   36824.941   4411626   100.50092
-0.011637678   -0.22518472   37191.089   4454827   101.50094
-0.011996652   -0.22769939   37557.223   4498155   102.50093
-0.012310273   -0.2302516   37923.36   4541496   103.50093
-0.012578695   -0.23284109   38289.493   4584725   104.50093
-0.012812075   -0.23545958   38655.629   4628063   105.50095
-0.013021067   -0.23809838   39021.758   4671411   106.50095
-0.013206958   -0.24075618   39387.885   4714518   107.50096
-0.013379217   -0.24342512   39754.001   4757827   108.50095
-0.013538744   -0.2461041   40120.123   4801083   109.50096
-0.013696194   -0.24878429   40486.237   4844201   110.50097
-0.01386173   -0.25145712   40852.346   4887456   111.50098
-0.014037357   -0.25412048   41218.443   4930556   112.50097
-0.014234983   -0.25676427   41584.539   4973577   113.50097
-0.014456601   -0.2593862   41950.627   5016706   114.50097
-0.014720468   -0.26197094   42316.709   5059610   115.50098
-0.015045052   -0.26450285   42682.783   5102519   116.50099
-0.015432963   -0.26697884   43048.848   5145436   117.501
-0.015902743   -0.26938302   43414.895   5188220   118.50099
-0.0164566   -0.2717123   43780.931   5231111   119.50098
-0.017112417   -0.27395091   44146.96   5274027   120.501
-0.017888665   -0.27608245   44512.966   5316927   121.501
-0.0187904   -0.27810103   44878.957   5360277   122.501
-0.019854351   -0.27997533   45244.926   5404191   123.501
-0.021085576   -0.28169899   45610.876   5448353   124.501
-0.02249968   -0.28325697   45976.798   5492745   125.50101
-0.024111917   -0.28463419   46342.691   5537340   126.50101
-0.025927493   -0.28582327   46708.554   5582211   127.50101
-0.027985599   -0.28678927   47074.377   5627599   128.50101
-0.030290699   -0.28752454   47440.168   5673035   129.50103
-0.032864095   -0.28800745   47805.908   5718831   130.50103
-0.035726207   -0.28821649   48171.593   5764888   131.50103
-0.038880467   -0.28814319   48537.222   5811294   132.50103
-0.042361569   -0.28775329   48902.787   5858132   133.50104
-0.046172757   -0.28703714   49268.273   5905115   134.50104
-0.050335175   -0.2859699   49633.678   5952573   135.50105
-0.054869879   -0.284526   49998.995   6000104   136.50106
-0.059780044   -0.28269339   50364.203   6048054   137.50107
-0.065104481   -0.2804302   50729.299   6096141   138.5011
-0.070845531   -0.27772312   51094.262   6144299   139.50112
-0.077020593   -0.27454564   51459.074   6192772   140.50114
-0.083646403   -0.27087081   51823.72   6241345   141.50116
-0.09072324   -0.26668424   52188.184   6290027   142.50119
-0.098285031   -0.2619433   52552.45   6338845   143.50124
-0.10633227   -0.25663246   52916.479   6387772   144.50127
-0.11487831   -0.25072544   53280.27   6436907   145.50135
-0.12393816   -0.24419523   53643.771   6485872   146.50139
-0.13351184   -0.23702836   54006.978   6535078   147.50147
-0.14363595   -0.22918323   54369.851   6584601   148.50154

0.0060411521   -0.0044175998   184.42184   100881   0.50006952
0.017501249   -0.012914965   553.11556   143707   1.5001727
0.028104372   -0.021020229   921.53684   186545   2.500251
0.037910126   -0.028771714   1289.7222   229383   3.5003399
0.046932634   -0.03616922   1657.6833   272149   4.5004094
0.055191636   -0.043214508   2025.4459   314888   5.5004709
0.062707201   -0.049908196   2393.0226   357557   6.5005037
0.069495466   -0.056247035   2760.4472   400209   7.5005499
0.075612503   -0.062257524   3127.7288   442856   8.5005893
0.08107377   -0.067936156   3494.8858   485438   9.5006298
0.085916283   -0.073296111   3861.9254   528057   10.500654
0.090177048   -0.078351521   4228.8666   570628   11.500681
0.093867149   -0.083098299   4595.7102   613171   12.500682
0.097025152   -0.087553838   4962.4836   655699   13.500706
0.099661107   -0.09171511   5329.1826   698203   14.500716
0.10181217   -0.095600035   5695.8194   740673   15.500724
0.10351498   -0.099227114   6062.4044   783170   16.500741
0.10478013   -0.10259642   6428.9385   825801   17.500751
0.10565298   -0.1057345   6795.4268   868592   18.500754
0.10614354   -0.10864247   7161.8737   911479   19.500748
0.10628274   -0.11133761   7528.2905   954754   20.500752
0.10610086   -0.11383732   7894.6788   998362   21.500759
0.10560602   -0.11614309   8261.0425   1042299   22.500771
0.10483527   -0.1182783   8627.3741   1086461   23.500759
0.10379675   -0.1202454   8993.692   1130895   24.500765
0.10251965   -0.12206287   9359.9921   1175178   25.500771
0.10103309   -0.12374949   9726.2721   1219580   26.500766
0.099343923   -0.12530785   10092.543   1263867   27.500772
0.097485221   -0.12676032   10458.8   1308007   28.500776
0.095463275   -0.12810966   10825.046   1352181   29.500778
0.093300217   -0.1293707   11191.281   1395737   30.500772
0.091018539   -0.13055874   11557.518   1439309   31.500793
0.088623462   -0.13167646   11923.736   1482830   32.500781
0.086148396   -0.13274766   12289.959   1526344   33.500796
0.08359861   -0.13377544   12656.172   1569796   34.500796
0.080987663   -0.1347692   13022.387   1613240   35.500811
0.078328241   -0.13573786   13388.593   1656624   36.500809
0.075624437   -0.13668403   13754.796   1699997   37.500804
0.072899102   -0.13762447   14121.005   1743302   38.500816
0.070155736   -0.13856158   14487.208   1786631   39.500815
0.067403138   -0.13950179   14853.411   1829877   40.500814
0.064650014   -0.14045151   15219.616   1873098   41.50082
0.061899636   -0.1414131   15585.826   1916297   42.500835
0.059171117   -0.14240079   15952.033   1959410   43.500844
0.056467702   -0.14341684   16318.236   2002516   44.500842
0.053791946   -0.14446286   16684.444   2045598   45.500853
0.051145856   -0.14554002   17050.643   2088677   46.500848
0.048531491   -0.14664939   17416.842   2131682   47.500845
0.045958879   -0.14779805   17783.043   2174719   48.500856
0.043429516   -0.1489867   18149.238   2217712   49.500859
0.040945786   -0.15021681   18515.431   2260640   50.500862
0.038509932   -0.15148984   18881.62   2303686   51.500865
0.036122503   -0.15280608   19247.806   2346652   52.500864
0.033786881   -0.15416799   19613.992   2389608   53.500871
0.031503509   -0.15557585   19980.175   2432522   54.500876
0.029270337   -0.15702802   20346.356   2475509   55.500883
0.027085063   -0.1585227   20712.53   2518517   56.500873
0.024948176   -0.1600602   21078.71   2561506   57.500885
0.022859278   -0.16164019   21444.884   2604498   58.500885
0.02081864   -0.16326284   21811.06   2647508   59.500895
0.018819755   -0.16492312   22177.234   2690597   60.5009
0.016856328   -0.16661615   22543.405   2733638   61.500904
0.014928207   -0.16834179   22909.571   2776767   62.500893
0.013035881   -0.17010035   23275.743   2819786   63.500904
0.011179101   -0.17189168   23641.916   2862924   64.500918
0.0093532302   -0.17371225   24008.078   2906008   65.500904
0.0075546619   -0.17555928   24374.248   2949079   66.500915
0.0057824041   -0.17743196   24740.413   2992210   67.500912
0.0040335118   -0.17932797   25106.579   3035375   68.500914
0.002307661   -0.18124694   25472.751   3078425   69.500934
0.00060434653   -0.18318839   25838.913   3121591   70.500926
-0.0010759087   -0.1851526   26205.077   3164695   71.500928
-0.0027331891   -0.18713943   26571.24   3207845   72.500929
-0.0043674397   -0.18914883   26937.404   3250931   73.500931
-0.0059786448   -0.19118073   27303.567   3294099   74.500933
-0.0075729013   -0.19323044   27669.737   3337193   75.500956
-0.0091571873   -0.19529262   28035.897   3380374   76.500952
-0.01072956   -0.19736879   28402.057   3423569   77.500951
-0.012280386   -0.19946641   28768.221   3466666   78.500962
-0.013808374   -0.20158646   29134.38   3509814   79.500959
-0.015313207   -0.20372913   29500.543   3552982   80.500968
-0.016794975   -0.20589427   29866.705   3596094   81.500977
-0.018252295   -0.20808289   30232.861   3639266   82.500969
-0.019675214   -0.21030264   30599.022   3682377   83.500978
-0.021062541   -0.21255442   30965.177   3725485   84.500972
-0.022420137   -0.21483364   31331.339   3768663   85.500987
-0.023754726   -0.21713505   31697.496   3811784   86.500991
-0.025064141   -0.21946027   32063.649   3854945   87.500986
-0.026335565   -0.22181919   32429.802   3898065   88.500981
-0.027566746   -0.22421357   32795.958   3941217   89.500988
-0.028753562   -0.22664663   33162.116   3984369   90.501002
-0.029891956   -0.22912153   33528.271   4027566   91.501009
-0.030982089   -0.23163811   33894.417   4070752   92.500997
-0.032023289   -0.23419677   34260.574   4113876   93.501016
-0.033016283   -0.23679691   34626.719   4157123   94.501005
-0.033960373   -0.23943893   34992.871   4200275   95.501017
-0.034855928   -0.24212244   35359.018   4243450   96.501017
-0.035702218   -0.24484791   35725.164   4286762   97.501019
-0.036496014   -0.24761772   36091.31   4329906   98.501023
-0.03723661   -0.2504323   36457.459   4373200   99.501041
-0.037926518   -0.25328953   36823.598   4416445   100.50103
-0.038567342   -0.25618795   37189.737   4459708   101.50104
-0.039158565   -0.25912776   37555.874   4502954   102.50104
-0.039696777   -0.26211136   37922.014   4546268   103.50105
-0.040181532   -0.2651389   38288.15   4589608   104.50106
-0.040627622   -0.26819847   38654.278   4632924   105.50106
-0.041049047   -0.27127864   39020.411   4676140   106.50107
-0.041446671   -0.27437838   39386.533   4719335   107.50107
-0.041823059   -0.27749512   39752.652   4762591   108.50107
-0.042178284   -0.28062837   40118.778   4805861   109.50109
-0.042523361   -0.28376894   40484.885   4849097   110.50108
-0.04286773   -0.28690873   40850.996   4892284   111.50109
-0.043214067   -0.290045   41217.1   4935459   112.5011
-0.043577632   -0.29316489   41583.196   4978523   113.5011
-0.043960511   -0.29626591   41949.29   5021641   114.50111
-0.04438132   -0.29933231   42315.371   5064623   115.50111
-0.04485797   -0.3023487   42681.447   5107634   116.50112
-0.045394431   -0.30531074   43047.509   5150516   117.50112
-0.046014805   -0.30819793   43413.562   5193294   118.50112
-0.046722614   -0.31100595   43779.604   5236270   119.50112
-0.047531488   -0.31372212   44145.636   5279026   120.50113
-0.048455286   -0.31633339   44511.649   5321998   121.50113
-0.049500042   -0.31883271   44877.647   5365421   122.50113
-0.050708321   -0.32118376   45243.632   5409356   123.50115
-0.052086443   -0.32337874   45609.589   5453403   124.50115
-0.05364935   -0.32540258   45975.524   5497691   125.50116
-0.05541211   -0.32723975   46341.43   5542175   126.50116
-0.05737985   -0.32888228   46707.298   5586997   127.50115
-0.059590573   -0.3302955   47073.145   5632213   128.50116
-0.062049303   -0.33147052   47438.949   5677393   129.50117
-0.064778417   -0.33238396   47804.707   5723123   130.50117
-0.06779981   -0.33301212   48170.418   5769188   131.50117
-0.071116591   -0.33334565   48536.075   5815228   132.50118
-0.07476278   -0.33334961   48901.669   5861888   133.50119
-0.078740668   -0.33301361   49267.193   5908523   134.50119
-0.083072903   -0.33231004   49632.64   5956062   135.50121
-0.087781869   -0.33121045   49997.994   6003691   136.50121
-0.092869602   -0.32970164   50363.256   6051591   137.50123
-0.098377452   -0.32773756   50728.403   6099759   138.50125
-0.10430688   -0.32530313   51093.419   6147798   139.50126
-0.11067571   -0.32236875   51458.296   6196655   140.50128
-0.11750129   -0.31890404   51823.025   6245213   141.50132
-0.12478269   -0.3148925   52187.564   6294195   142.50134
-0.13254846   -0.31029267   52551.92   6343272   143.5014
-0.14079725   -0.30508722   52916.045   6392313   144.50144
-0.14954527   -0.29924441   53279.933   6441704   145.5015
-0.15881009   -0.29273214   53643.547   6491046   146.50155
-0.16859065   -0.28553542   54006.868   6540407   147.50164
-0.17891954   -0.27761441   54369.861   6589966   148.50172

0.0061517328   -0.0044931598   184.36085   102139   0.50006997
0.017809018   -0.013148386   552.93521   145012   1.5001781
0.02856921   -0.021428809   921.2394   187882   2.5002582
0.038486695   -0.029366058   1289.3131   230761   3.5003487
0.047575887   -0.036957328   1657.1705   273569   4.5004231
0.055857703   -0.044202323   2024.8291   316343   5.5004681
0.06335456   -0.051100288   2392.3233   359047   6.500522
0.070083516   -0.057645428   2759.6671   401743   7.500573
0.076102272   -0.063862234   3126.8739   444434   8.5006129
0.081427572   -0.069745241   3493.9559   487066   9.5006341
0.086106968   -0.075312733   3860.9374   529773   10.500667
0.090186746   -0.080583243   4227.8251   572437   11.500699
0.093676778   -0.085549573   4594.6199   615072   12.500702
0.096603659   -0.090218309   4961.3512   657693   13.500731
0.098975949   -0.094583506   5328.0073   700317   14.500732
0.10084496   -0.09867178   5694.6131   742908   15.500753
0.10226023   -0.10250966   6061.1599   785538   16.500752
0.10323119   -0.1060952   6427.6623   828273   17.500753
0.10379078   -0.1094449   6794.1273   871159   18.500761
0.10394732   -0.11255764   7160.5593   914388   19.500775
0.10373593   -0.11545279   7526.9535   958042   20.500772
0.10319213   -0.11815079   7893.3281   1002041   21.500791
0.10232593   -0.12065385   8259.6708   1046278   22.50079
0.10118823   -0.12299498   8625.9946   1090630   23.500796
0.099788692   -0.12517724   8992.2935   1135188   24.500786
0.098148796   -0.12721295   9358.5836   1179637   25.500797
0.096289117   -0.12911418   9724.8598   1224181   26.50081
0.094217241   -0.13088371   10091.118   1268547   27.500808
0.091973142   -0.13254864   10457.362   1312690   28.5008
0.089564528   -0.13411253   10823.602   1356865   29.500806
0.087017771   -0.1355931   11189.832   1400430   30.500809
0.084359373   -0.13700845   11556.057   1443992   31.500814
0.081593291   -0.1383601   11922.278   1487499   32.500827
0.078739241   -0.13966152   12288.491   1531038   33.500831
0.07580095   -0.14091449   12654.696   1574531   34.500827
0.072804708   -0.14213781   13020.902   1617927   35.500831
0.069776488   -0.14335024   13387.11   1661289   36.500848
0.066717637   -0.14455229   13753.308   1704677   37.500843
0.063638449   -0.14575126   14119.511   1748004   38.500854
0.06054045   -0.14694801   14485.713   1791267   39.500863
0.057436503   -0.14815195   14851.912   1834524   40.500862
0.054339847   -0.14937288   15218.116   1877733   41.500877
0.051253252   -0.15061278   15584.313   1920881   42.500873
0.048196557   -0.15188642   15950.52   1963967   43.500892
0.045172471   -0.15319567   16316.719   2007034   44.500891
0.042175145   -0.15453583   16682.922   2050167   45.500902
0.039197996   -0.15590153   17049.115   2093303   46.500889
0.036246789   -0.15729666   17415.318   2136339   47.500908
0.033350064   -0.15874228   17781.515   2179263   48.500919
0.030512722   -0.16024167   18147.705   2222169   49.500916
0.027728678   -0.16178989   18513.891   2265175   50.500912
0.024991873   -0.16338206   18880.08   2308128   51.500921
0.022303861   -0.16501915   19246.266   2351129   52.500931
0.019674341   -0.16670833   19612.451   2394009   53.500944
0.017104831   -0.16845067   19978.631   2436964   54.500949
0.014589002   -0.17024122   20344.807   2479998   55.500948
0.012120611   -0.17207512   20710.979   2523036   56.500943
0.0096999936   -0.17395252   21077.157   2565991   57.500958
0.0073267677   -0.17587308   21443.33   2609036   58.500962
0.0050011106   -0.17783685   21809.5   2652024   59.500965
0.0027167247   -0.17983894   22175.671   2695155   60.500969
0.0004672069   -0.18187438   22541.838   2738204   61.500969
-0.0017472238   -0.18394326   22908.008   2781279   62.500978
-0.0039266846   -0.18604543   23274.176   2824341   63.500985
-0.0060712154   -0.18818085   23640.341   2867431   64.500985
-0.0081806738   -0.19034962   24006.507   2910512   65.50099
-0.010255151   -0.19255162   24372.671   2953555   66.500991
-0.012296192   -0.19478561   24738.834   2996746   67.500991
-0.014313129   -0.1970444   25105.004   3039796   68.50101
-0.016308051   -0.1993263   25471.163   3082942   69.501003
-0.018280352   -0.20163162   25837.329   3126094   70.501013
-0.020230273   -0.20396006   26203.491   3169234   71.501015
-0.022157593   -0.2063117   26569.655   3212395   72.501025
-0.024062567   -0.2086863   26935.814   3255434   73.501021
-0.025944854   -0.21108403   27301.975   3298669   74.501025
-0.02781083   -0.21349997   27668.139   3341769   75.501039
-0.029667256   -0.21592895   28034.295   3384921   76.501029
-0.0315119   -0.21837267   28400.46   3428042   77.501049
-0.033335885   -0.22083798   28766.617   3471235   78.501044
-0.035137193   -0.22332636   29132.776   3514377   79.501048
-0.036915955   -0.22583766   29498.932   3557510   80.501048
-0.038671973   -0.22837195   29865.092   3600647   81.501057
-0.040403798   -0.23093027   30231.25   3643788   82.501061
-0.042101788   -0.23352001   30597.409   3686913   83.50107
-0.043764424   -0.23614234   30963.567   3730042   84.501077
-0.045398   -0.23879232   31329.724   3773200   85.501086
-0.047008871   -0.24146499   31695.88   3816311   86.501091
-0.048593756   -0.2441628   32062.036   3859491   87.501101
-0.050133766   -0.2469004   32428.191   3902627   88.501106
-0.051625717   -0.24968025   32794.344   3945757   89.501112
-0.053069742   -0.25250224   33160.492   3988866   90.501105
-0.054465402   -0.25536661   33526.647   4032023   91.501118
-0.055813103   -0.258273   33892.795   4075195   92.501116
-0.057112374   -0.26122165   34258.949   4118388   93.501131
-0.058363674   -0.26421214   34625.094   4161583   94.501126
-0.059566437   -0.26724478   34991.245   4204737   95.501141
-0.060721052   -0.27031916   35357.39   4247935   96.501141
-0.061825798   -0.27343649   35723.531   4291184   97.501134
-0.062870657   -0.27660432   36089.681   4334394   98.501153
-0.063854596   -0.27982334   36455.821   4377554   99.501151
-0.064783489   -0.28308876   36821.962   4420817   100.50116
-0.065663663   -0.28639544   37188.101   4464078   101.50116
-0.066493105   -0.28974475   37554.246   4507378   102.50118
-0.06726287   -0.29314337   37920.377   4550595   103.50118
-0.067970638   -0.29659284   38286.515   4593911   104.50119
-0.0686356   -0.30007774   38652.645   4637177   105.5012
-0.069276364   -0.30358304   39018.77   4680440   106.50119
-0.069890837   -0.30710991   39384.896   4723591   107.5012
-0.070469468   -0.31066528   39751.019   4766927   108.50121
-0.071010684   -0.31424986   40117.134   4810301   109.50121
-0.071532699   -0.31784869   40483.249   4853447   110.50122
-0.072054315   -0.32144624   40849.358   4896638   111.50122
-0.072576506   -0.32504098   41215.466   4939851   112.50124
-0.073108622   -0.32862459   41581.56   4982981   113.50124
-0.073651412   -0.33219552   41947.653   5026145   114.50124
-0.074223121   -0.33573821   42313.743   5069173   115.50126
-0.074842187   -0.33923679   42679.822   5112160   116.50127
-0.075514263   -0.34268539   43045.888   5155159   117.50127
-0.076275847   -0.34605348   43411.949   5197900   118.50128
-0.077132538   -0.34933486   43777.997   5240823   119.50128
-0.078089453   -0.3525234   44144.034   5283747   120.50129
-0.079151852   -0.35561257   44510.056   5326483   121.50129
-0.080327795   -0.35859342   44876.064   5369882   122.5013
-0.081672566   -0.36141922   45242.048   5413837   123.5013
-0.08319342   -0.36408097   45608.023   5457952   124.50131
-0.084901583   -0.36656611   45973.971   5502158   125.50132
-0.086807634   -0.36886216   46339.887   5546566   126.50131
-0.088916928   -0.37096033   46705.78   5591241   127.50132
-0.091274017   -0.37282012   47071.645   5636233   128.50133
-0.093884281   -0.37443161   47437.469   5681377   129.50133
-0.096769611   -0.37577104   47803.253   5727130   130.50133
-0.099951594   -0.37681412   48168.995   5772929   131.50134
-0.10343317   -0.37755061   48534.678   5819055   132.50133
-0.10724711   -0.3779454   48900.312   5865401   133.50135
-0.11139534   -0.37798711   49265.881   5911913   134.50137
-0.11590419   -0.37764371   49631.373   5959421   135.50138
-0.12079929   -0.37688246   49996.777   6006824   136.50137
-0.12608166   -0.37568903   50362.094   6054715   137.50139
-0.13179124   -0.37401643   50727.309   6102915   138.50142
-0.13792844   -0.371848   51092.398   6151283   139.50143
-0.14450953   -0.36915265   51457.364   6200056   140.50147
-0.15155127   -0.36589754   51822.172   6248901   141.50149
-0.1590499   -0.36206511   52186.817   6297961   142.50152
-0.16703329   -0.35761116   52551.27   6347224   143.50156
-0.17549714   -0.35251696   52915.522   6396423   144.50162
-0.18445716   -0.34674741   53279.526   6445946   145.50167
-0.19392795   -0.34026897   53643.274   6495541   146.50173
-0.20390713   -0.33306404   54006.734   6545335   147.50181
-0.21442576   -0.32509057   54369.87   6595119   148.5019

0.006266445   -0.0045713661   184.28763   103454   0.50006983
0.018114864   -0.013381921   552.7177   146294   1.5001785
0.029008286   -0.021826497   920.89187   189152   2.5002842
0.039002479   -0.029933438   1288.8279   232036   3.5003604
0.048114416   -0.037697538   1656.5558   274848   4.5004199
0.056376163   -0.045122498   2024.1082   317686   5.500489
0.063819745   -0.052210664   2391.495   360449   6.5005384
0.070464246   -0.058953973   2758.7406   403205   7.5005851
0.076369061   -0.065374527   3125.864   445964   8.5006364
0.081551949   -0.071464483   3492.8652   488665   9.5006535
0.086057529   -0.077237284   3859.7712   531433   10.500676
0.089929301   -0.082707   4226.5987   574164   11.500718
0.093179901   -0.087866237   4593.3349   616895   12.500718
0.095849889   -0.092729899   4960.0123   659643   13.50074
0.097950876   -0.097292661   5326.6237   702402   14.500745
0.099534718   -0.10158012   5693.1907   745126   15.500772
0.10065135   -0.10561779   6059.7   787864   16.500768
0.10130995   -0.10940239   6426.1747   830720   17.500783
0.10153704   -0.11294464   6792.6102   873934   18.500791
0.10134028   -0.11624205   7159.0099   917560   19.500789
0.10076431   -0.11932022   7525.3846   961569   20.500796
0.099852928   -0.12220495   7891.7324   1005883   21.500799
0.098615928   -0.1248977   8258.0581   1050397   22.500802
0.097097612   -0.1274261   8624.3639   1095012   23.500805
0.095307298   -0.12979252   8990.6577   1139761   24.500822
0.093270075   -0.13201154   9356.9297   1184334   25.500821
0.091011531   -0.13409858   9723.1911   1228944   26.500827
0.088539506   -0.13605628   10089.441   1273333   27.500833
0.085893907   -0.13791137   10455.677   1317494   28.500831
0.083082721   -0.13966736   10821.913   1361681   29.500851
0.080132197   -0.14134162   11188.136   1405243   30.500857
0.077068998   -0.14295216   11554.35   1448815   31.500856
0.073898224   -0.14450122   11920.56   1492344   32.500858
0.070646152   -0.14600707   12286.764   1535855   33.500857
0.067317824   -0.14747234   12652.972   1579343   34.500876
0.063934531   -0.14891203   13019.168   1622742   35.500873
0.060518481   -0.15034198   13385.368   1666112   36.500883
0.057072438   -0.15176372   13751.567   1709469   37.500894
0.053612555   -0.15318888   14117.761   1752744   38.500899
0.050141758   -0.15461934   14483.957   1796041   39.500907
0.046672921   -0.15606448   14850.152   1839214   40.50091
0.043219186   -0.15753399   15216.35   1882418   41.500925
0.039782479   -0.15902924   15582.547   1925535   42.500934
0.036375613   -0.16055976   15948.742   1968663   43.500935
0.033000937   -0.16212716   16314.937   2011716   44.500939
0.029660678   -0.16373282   16681.131   2054814   45.500937
0.026357446   -0.16537832   17047.329   2097826   46.500952
0.023094921   -0.16706597   17413.526   2140800   47.500967
0.01989557   -0.16881228   17779.718   2183697   48.500975
0.016763291   -0.17061977   18145.905   2226585   49.500978
0.013687761   -0.17248026   18512.091   2269525   50.500984
0.010658337   -0.17438536   18878.27   2312564   51.500978
0.0076783764   -0.17633733   19244.459   2355520   52.501003
0.0047630912   -0.17834744   19610.63   2398353   53.50099
0.0019161298   -0.18041827   19976.812   2441301   54.501012
-0.00087362534   -0.18254119   20342.988   2484309   55.501022
-0.0036167685   -0.184708   20709.156   2527371   56.501015
-0.0063117038   -0.18691975   21075.33   2570373   57.501028
-0.0089523525   -0.18918094   21441.5   2613318   58.501033
-0.011537474   -0.19149243   21807.67   2656306   59.501043
-0.01407784   -0.19384593   22173.835   2699414   60.501045
-0.01658402   -0.19623328   22539.996   2742453   61.501037
-0.019054379   -0.19865562   22906.169   2785503   62.501062
-0.021483293   -0.20111711   23272.328   2828596   63.501053
-0.02386914   -0.20361895   23638.491   2871669   64.501056
-0.026220477   -0.20615459   24004.655   2914736   65.501066
-0.028545779   -0.20871752   24370.821   2957937   66.501082
-0.030845777   -0.21130713   24736.982   3000971   67.501084
-0.03312352   -0.21392098   25103.14   3044135   68.501079
-0.035379003   -0.21655897   25469.308   3087213   69.501105
-0.037612793   -0.21922054   25835.47   3130359   70.501112
-0.03982468   -0.22190574   26201.628   3173473   71.501112
-0.042014542   -0.22461456   26567.786   3216603   72.501112
-0.044182392   -0.22734698   26933.943   3259797   73.501112
-0.046328167   -0.23010299   27300.102   3302929   74.501116
-0.048458142   -0.23287771   27666.262   3346090   75.501126
-0.05057869   -0.23566619   28032.423   3389175   76.50114
-0.052688278   -0.23846961   28398.582   3432348   77.501151
-0.054777479   -0.24129521   28764.738   3475487   78.501153
-0.056844444   -0.24414436   29130.897   3518669   79.501165
-0.058889365   -0.24701686   29497.054   3561771   80.501171
-0.060912202   -0.24991268   29863.208   3604934   81.501173
-0.062912238   -0.25283228   30229.365   3648027   82.501182
-0.064886365   -0.25577798   30595.521   3691185   83.501189
-0.066834058   -0.25875009   30961.674   3734294   84.50119
-0.068753174   -0.26175022   31327.824   3777438   85.501186
-0.070641246   -0.26478023   31693.982   3820606   86.501203
-0.072496706   -0.26784129   32060.131   3863744   87.501199
-0.07430652   -0.27094343   32426.283   3906892   88.501205
-0.076068456   -0.27408837   32792.441   3950017   89.50123
-0.077783036   -0.27727565   33158.589   3993104   90.501228
-0.079449887   -0.28050545   33524.735   4036234   91.501226
-0.081067706   -0.28377869   33890.887   4079384   92.501239
-0.082630418   -0.28709999   34257.036   4122568   93.501247
-0.084136898   -0.29047012   34623.183   4165720   94.501254
-0.085586972   -0.29388907   34989.332   4208835   95.501268
-0.08698079   -0.29735654   35355.476   4252073   96.501271
-0.088317658   -0.30087294   35721.619   4295260   97.501274
-0.089594196   -0.30444069   36087.764   4338391   98.501286
-0.090810033   -0.30805992   36453.904   4381659   99.50129
-0.09196705   -0.31172896   36820.044   4424870   100.5013
-0.093067159   -0.31544606   37186.186   4468125   101.50131
-0.094109013   -0.31921206   37552.319   4511317   102.50131
-0.095082703   -0.32303427   37918.451   4554696   103.50131
-0.095986441   -0.32691376   38284.585   4597888   104.50132
-0.096839228   -0.33083527   38650.714   4641182   105.50132
-0.09765954   -0.33478386   39016.842   4684376   106.50133
-0.098445467   -0.33876053   39382.971   4727750   107.50135
-0.099187595   -0.34277198   39749.09   4771047   108.50135
-0.099883536   -0.34681944   40115.215   4814292   109.50138
-0.10055236   -0.35088725   40481.33   4857545   110.50139
-0.10121253   -0.35496013   40847.436   4900801   111.50138
-0.10186689   -0.35903495   41213.544   4943967   112.5014
-0.10253727   -0.36309337   41579.642   4987105   113.50139
-0.10322643   -0.36713213   41945.737   5030153   114.5014
-0.10394427   -0.3711422   42311.828   5073235   115.50142
-0.10470063   -0.37511444   42677.912   5116345   116.50143
-0.10550015   -0.37904361   43043.985   5159323   117.50144
-0.10637315   -0.38290394   43410.048   5202168   118.50144
-0.1073238   -0.38669015   43776.105   5245084   119.50145
-0.1083701   -0.39038573   44142.145   5287940   120.50145
-0.10952926   -0.39397447   44508.175   5330753   121.50146
-0.11080717   -0.39744883   44874.195   5374134   122.50148
-0.11224639   -0.40077193   45240.196   5417898   123.50148
-0.11385233   -0.40393589   45606.179   5461827   124.50149
-0.11564411   -0.40692151   45972.137   5506080   125.50148
-0.11763993   -0.4097098   46338.08   5550362   126.5015
-0.11984569   -0.41229105   46703.991   5594989   127.5015
-0.12230529   -0.41462481   47069.877   5639932   128.50151
-0.12502376   -0.41670077   47435.727   5685003   129.50151
-0.12802276   -0.41849464   47801.537   5730512   130.50151
-0.13132317   -0.41998189   48167.316   5776340   131.50153
-0.13492754   -0.42115165   48533.042   5822251   132.50154
-0.13886869   -0.42196783   48898.712   5868617   133.50153
-0.14314732   -0.42241881   49264.329   5914923   134.50156
-0.14779365   -0.42246819   49629.872   5962118   135.50156
-0.15283625   -0.42207936   49995.344   6009508   136.50158
-0.15827502   -0.42123713   50360.728   6057335   137.50159
-0.16414264   -0.41989837   50726.013   6105450   138.5016
-0.17043685   -0.41804621   51091.196   6153836   139.50163
-0.17718212   -0.41564046   51456.245   6202704   140.50164
-0.18440097   -0.41264067   51821.16   6251787   141.50167
-0.19208729   -0.40902778   52185.926   6300886   142.50173
-0.20026126   -0.40476006   52550.506   6350426   143.50176
-0.20891551   -0.399817   52914.889   6399913   144.50181
-0.21807134   -0.39415431   53279.043   6449775   145.50186
-0.2277498   -0.38772828   53642.951   6499707   146.50194
-0.23794521   -0.38051895   54006.569   6549837   147.50201
-0.24867876   -0.37248723   54369.879   6600015   148.50211

0.0063679627   -0.0046395728   184.20244   104591   0.50007306
0.01838628   -0.013591496   552.4638   147460   1.5001846
0.029396881   -0.022193956   920.47353   190343   2.5002855
0.039452083   -0.030467279   1288.2584   233251   3.5003682
0.048570325   -0.038401907   1655.8471   276011   4.5004381
0.056794728   -0.046004299   2023.2694   318888   5.5005122
0.064168153   -0.053279792   2390.5326   361728   6.5005542
0.070711434   -0.06021721   2757.6675   404523   7.5005988
0.076482314   -0.066833591   3124.6879   447339   8.5006409
0.081499886   -0.073118763   3491.6038   490051   9.50067
0.085809704   -0.079084045   3858.4307   532874   10.500696
0.089456401   -0.084741885   4225.1823   575587   11.500728
0.092455704   -0.090085   4591.8573   618429   12.500737
0.094858259   -0.095133803   4958.4742   661272   13.500753
0.096678539   -0.099883563   5325.041   704147   14.500776
0.097963743   -0.10435522   5691.553   746976   15.500779
0.098761077   -0.10857116   6058.0273   789899   16.500792
0.099080378   -0.11252755   6424.4606   833058   17.500794
0.098955621   -0.11623962   6790.8633   876658   18.500802
0.098395868   -0.11970515   7157.2368   920725   19.500808
0.097447984   -0.12295066   7523.5853   965034   20.500815
0.096158378   -0.12600328   7889.9126   1009594   21.500826
0.094536793   -0.12886389   8256.214   1054351   22.500821
0.092628038   -0.13156008   8622.5024   1099155   23.500827
0.090441344   -0.13409378   8988.778   1144075   24.500841
0.088002258   -0.13647953   9355.0403   1188759   25.500855
0.085336057   -0.13873218   9721.2873   1233442   26.50086
0.082451858   -0.14085504   10087.519   1277889   27.500851
0.079396587   -0.14287978   10453.747   1321897   28.500858
0.076178952   -0.14481021   10819.973   1366043   29.500879
0.072823273   -0.14666209   11186.188   1409607   30.50089
0.069353857   -0.14845149   11552.389   1453183   31.500876
0.065776916   -0.15018141   11918.594   1496720   32.500888
0.062121609   -0.15187212   12284.794   1540217   33.500896
0.058393506   -0.15352662   12650.995   1583746   34.500918
0.054614076   -0.15515991   13017.187   1627119   35.500921
0.050805258   -0.15678755   13383.376   1670489   36.500919
0.046970766   -0.15841175   13749.568   1713774   37.500933
0.043129703   -0.16004634   14115.757   1757106   38.500937
0.03928566   -0.16169368   14481.95   1800329   39.500954
0.035451341   -0.16336302   14848.139   1843543   40.500962
0.031639961   -0.16506406   15214.333   1886676   41.500979
0.027852661   -0.16679762   15580.518   1929771   42.500973
0.024099658   -0.16857132   15946.713   1972874   43.500992
0.020382197   -0.17038602   16312.907   2015921   44.501007
0.016706702   -0.17224629   16679.095   2058892   45.501009
0.013079983   -0.17415688   17045.284   2101862   46.501012
0.0095055568   -0.17612004   17411.476   2144816   47.50103
0.0060024121   -0.17814964   17777.661   2187667   48.501035
0.0025741307   -0.18024794   18143.846   2230585   49.501045
-0.00079202334   -0.1824049   18510.025   2273543   50.501045
-0.0041084393   -0.18461073   18876.202   2316605   51.501045
-0.0073715933   -0.18686778   19242.383   2359561   52.501063
-0.010562587   -0.18919004   19608.557   2402380   53.501067
-0.013677797   -0.19157996   19974.733   2445273   54.501084
-0.016730327   -0.19402735   20340.898   2488292   55.501076
-0.019732247   -0.19652277   20707.068   2531288   56.501085
-0.022682681   -0.19906672   21073.235   2574285   57.501093
-0.025575175   -0.2016639   21439.4   2617310   58.501097
-0.028408518   -0.2043151   21805.566   2660252   59.501105
-0.031193109   -0.20701228   22171.735   2703306   60.501129
-0.03394007   -0.20974686   22537.894   2746365   61.501125
-0.036648161   -0.21251963   22904.061   2789411   62.501145
-0.039314767   -0.21533243   23270.217   2832493   63.501137
-0.041938716   -0.21818609   23636.378   2875567   64.501146
-0.0445286   -0.22107403   24002.541   2918746   65.501163
-0.047093169   -0.22398956   24368.7   2961802   66.501168
-0.04963323   -0.22693196   24734.86   3004977   67.50118
-0.052155207   -0.22989623   25101.02   3048173   68.501189
-0.054660036   -0.23288155   25467.179   3091279   69.501199
-0.057145677   -0.23588939   25833.334   3134492   70.501198
-0.059609737   -0.23892148   26199.491   3177529   71.501205
-0.06205216   -0.24197774   26565.651   3220707   72.501219
-0.064473119   -0.24505802   26931.809   3263823   73.50123
-0.066872571   -0.2481623   27297.965   3306907   74.501238
-0.069256846   -0.25128566   27664.121   3350152   75.501244
-0.071632179   -0.25442324   28030.276   3393299   76.501251
-0.073997612   -0.25757573   28396.428   3436464   77.501251
-0.076346441   -0.26074825   28762.587   3479520   78.501269
-0.078678007   -0.26394127   29128.739   3522793   79.501271
-0.080990083   -0.26715645   29494.888   3565848   80.501265
-0.083280171   -0.27039569   29861.045   3609014   81.501283
-0.085548774   -0.27365853   30227.195   3652245   82.50128
-0.087795407   -0.27694522   30593.349   3695426   83.501292
-0.090020039   -0.28025567   30959.507   3738547   84.501314
-0.092214636   -0.28359599   31325.656   3781588   85.501313
-0.094370201   -0.28697305   31691.811   3824701   86.501332
-0.096486639   -0.29038689   32057.962   3867871   87.501339
-0.098560746   -0.29383997   32424.108   3910961   88.501339
-0.10059171   -0.29733286   32790.259   3954132   89.50135
-0.10257537   -0.30086871   33156.41   3997309   90.501365
-0.10450781   -0.30445043   33522.551   4040340   91.501355
-0.10638732   -0.30807919   33888.701   4083573   92.501371
-0.10820783   -0.31175961   34254.851   4126635   93.50139
-0.10996867   -0.31549208   34620.989   4169851   94.501378
-0.11166692   -0.31927865   34987.136   4212964   95.501391
-0.11330059   -0.32312063   35353.284   4256155   96.501412
-0.11486995   -0.32701771   35719.426   4299345   97.501418
-0.11637469   -0.33096993   36085.568   4342507   98.501429
-0.11781497   -0.33497703   36451.705   4385669   99.501429
-0.11919035   -0.33903912   36817.846   4428854   100.50144
-0.12050104   -0.34315577   37183.983   4472192   101.50145
-0.12174514   -0.34732821   37550.12   4515308   102.50147
-0.12291339   -0.3515632   37916.248   4558654   103.50146
-0.12400347   -0.35586215   38282.385   4601849   104.50148
-0.1250347   -0.36020952   38648.511   4645097   105.50148
-0.12602514   -0.36459068   39014.642   4688472   106.5015
-0.12697322   -0.36900632   39380.768   4731646   107.50151
-0.12786924   -0.37346323   39746.888   4775094   108.50152
-0.12871098   -0.37796247   40113.009   4818299   109.50153
-0.12951716   -0.38248862   40479.126   4861664   110.50155
-0.13030632   -0.38702629   40845.235   4904845   111.50155
-0.13108239   -0.39157142   41211.347   4947933   112.50157
-0.13187332   -0.39610076   41577.448   4991155   113.50158
-0.13268307   -0.40060998   41943.541   5034214   114.50157
-0.13351685   -0.40509365   42309.636   5077284   115.50159
-0.13438068   -0.40954557   42675.722   5120382   116.5016
-0.13527929   -0.4139603   43041.802   5163379   117.50162
-0.13624643   -0.41830928   43407.869   5206411   118.50162
-0.13728651   -0.42258689   43773.931   5249227   119.50163
-0.13841926   -0.42677513   44139.982   5292131   120.50164
-0.13966414   -0.43085584   44506.025   5335064   121.50165
-0.14102611   -0.43482207   44872.052   5378228   122.50166
-0.14254096   -0.43864199   45238.063   5421723   123.50166
-0.14421278   -0.44230851   45604.066   5465425   124.50169
-0.14606909   -0.44579545   45970.045   5509557   125.50169
-0.14813639   -0.4490769   46336.004   5553820   126.5017
-0.15041941   -0.45214368   46701.94   5598434   127.50171
-0.15295906   -0.45495735   47067.847   5643204   128.50171
-0.1557593   -0.45750786   47433.723   5688148   129.50171
-0.15884325   -0.45976918   47799.575   5733740   130.50173
-0.16223445   -0.46171406   48165.382   5779373   131.50173
-0.16593468   -0.46333138   48531.153   5825125   132.50174
-0.16997978   -0.46458186   48896.873   5871484   133.50175
-0.17437062   -0.46545269   49262.538   5917723   134.50175
-0.17913829   -0.46590562   49628.146   5964666   135.50177
-0.18431325   -0.46590123   49993.685   6011933   136.50178
-0.18989338   -0.46542434   50359.144   6059692   137.50179
-0.19590426   -0.46443571   50724.514   6107745   138.5018
-0.2023417   -0.46291783   51089.789   6155968   139.50183
-0.20923479   -0.46082438   51454.95   6204915   140.50185
-0.21661133   -0.45810775   51819.985   6254106   141.50188
-0.22446355   -0.45474675   52184.881   6303539   142.50194
-0.23280947   -0.45069732   52549.605   6353070   143.50198
-0.24163956   -0.44593595   52914.144   6402726   144.50202
-0.25097648   -0.44041183   53278.474   6453040   145.50209
-0.26084337   -0.43407366   53642.557   6503289   146.50214
-0.2712306   -0.42689816   54006.376   6553684   147.50223
-0.28215744   -0.41884143   54369.877   6604257   148.50231

0.0064564375   -0.004697921   184.10383   105577   0.50007877
0.018624847   -0.013777144   552.16831   148532   1.5001909
0.029739335   -0.022530752   919.9901   191446   2.5002897
0.039841982   -0.030966094   1287.6016   234318   3.5003776
0.048952197   -0.039067778   1655.0268   277109   4.5004441
0.057125042   -0.046844335   2022.2987   320022   5.5005137
0.064414897   -0.054303443   2389.4285   362857   6.5005611
0.070843828   -0.061429755   2756.4447   405701   7.5006161
0.076464924   -0.068232873   3123.3564   448533   8.5006626
0.08129774   -0.074699525   3490.1701   491331   9.5006832
0.085393827   -0.080842523   3856.9105   534225   10.500716
0.088802882   -0.086675571   4223.5805   577088   11.500742
0.091542942   -0.092191031   4590.1862   619992   12.500755
0.093671772   -0.097412703   4956.7427   662957   13.500779
0.095205139   -0.10233545   5323.2462   705928   14.500784
0.096182825   -0.10697374   5689.7115   748861   15.500797
0.096643355   -0.11134266   6056.1395   791999   16.500807
0.096600632   -0.11544043   6422.5364   835585   17.500819
0.096107961   -0.11929563   6788.9017   879550   18.500822
0.095178087   -0.12290809   7155.2428   923943   19.500827
0.093853679   -0.12630066   7521.5613   968533   20.50083
0.092177001   -0.12949691   7887.8601   1013368   21.500833
0.090159564   -0.13249863   8254.1493   1058281   22.500857
0.087851809   -0.13533723   8620.4166   1103193   23.500862
0.085264334   -0.13801531   8986.6673   1148203   24.500858
0.08241881   -0.14054423   9352.9093   1192990   25.500863
0.079336337   -0.14293551   9719.1405   1237806   26.500866
0.076028435   -0.14519401   10085.365   1282187   27.500874
0.072554797   -0.14736059   10451.588   1326055   28.500902
0.068925857   -0.14944021   10817.798   1369914   29.50091
0.06516223   -0.15144576   11184   1413557   30.500915
0.061284174   -0.15339019   11550.198   1457152   31.500919
0.057297401   -0.155276   11916.392   1500725   32.500925
0.053231466   -0.15712369   12282.583   1544223   33.500935
0.049091834   -0.15893609   12648.775   1587719   34.500952
0.044904571   -0.16073154   13014.964   1631078   35.500968
0.04069558   -0.16252853   13381.147   1674464   36.500972
0.036468603   -0.16432922   13747.333   1717776   37.500986
0.0322428   -0.16614745   14113.513   1760992   38.500988
0.02802168   -0.16798556   14479.696   1804246   39.500996
0.023818303   -0.16985309   14845.882   1847351   40.501013
0.019645414   -0.17175942   15212.066   1890517   41.501026
0.015504486   -0.17370563   15578.247   1933594   42.501025
0.011405574   -0.17569927   15944.436   1976633   43.501049
0.0073495579   -0.17774101   16310.616   2019716   44.501044
0.003343746   -0.17983612   16676.807   2062714   45.50107
-0.0006060115   -0.18198871   17042.987   2105597   46.501069
-0.0044958703   -0.1842013   17409.17   2148496   47.501078
-0.0083063859   -0.18648806   17775.356   2191274   48.5011
-0.01203467   -0.18885075   18141.532   2234147   49.501101
-0.015692784   -0.19127972   18507.71   2277117   50.501113
-0.019293496   -0.19376487   18873.882   2319988   51.501115
-0.022833217   -0.19630852   19240.056   2362903   52.501127
-0.026292826   -0.19892479   19606.227   2405833   53.501138
-0.029668873   -0.20161593   19972.399   2448644   54.501158
-0.032974177   -0.20437187   20338.566   2491603   55.501168
-0.036221276   -0.20718278   20704.729   2534589   56.501173
-0.039409904   -0.2100486   21070.894   2577597   57.501185
-0.042540054   -0.21296906   21437.056   2620561   58.501194
-0.045611683   -0.215944   21803.215   2663601   59.501196
-0.048630864   -0.21896859   22169.376   2706598   60.501207
-0.051604073   -0.22203772   22535.533   2749672   61.501212
-0.054532798   -0.22515012   22901.689   2792822   62.501215
-0.057426403   -0.22829853   23267.847   2835872   63.501223
-0.060286481   -0.23148166   23634.004   2879052   64.501233
-0.063112828   -0.2346996   24000.166   2922203   65.501257
-0.065905961   -0.23795189   24366.318   2965193   66.501255
-0.068668545   -0.24123639   24732.475   3008290   67.50127
-0.071419773   -0.24453841   25098.634   3051491   68.501288
-0.074162976   -0.24785532   25464.787   3094605   69.501291
-0.076891368   -0.25119222   25830.944   3137737   70.501307
-0.079599046   -0.25455353   26197.092   3180909   71.501298
-0.082285182   -0.25793977   26563.252   3224075   72.501325
-0.084950482   -0.26135035   26929.405   3267197   73.501331
-0.087594775   -0.26478536   27295.555   3310354   74.501332
-0.09022432   -0.26823996   27661.706   3353534   75.501336
-0.092845316   -0.27170934   28027.861   3396660   76.501351
-0.095457849   -0.27519334   28394.015   3439840   77.501366
-0.098061955   -0.27869181   28760.164   3483007   78.501368
-0.10065715   -0.28220502   29126.32   3526175   79.501391
-0.1032376   -0.28573743   29492.469   3569264   80.501394
-0.10579659   -0.28929418   29858.622   3612450   81.501409
-0.10833437   -0.29287499   30224.771   3655640   82.501413
-0.11085063   -0.29648004   30590.922   3698763   83.501426
-0.11334548   -0.30010916   30957.072   3741970   84.501436
-0.11580615   -0.30377203   31323.221   3784942   85.501445
-0.11821995   -0.30747834   31689.37   3828110   86.501454
-0.12058841   -0.31122683   32055.52   3871214   87.501469
-0.1229214   -0.31500986   32421.661   3914353   88.501462
-0.12521983   -0.31882667   32787.811   3957656   89.50148
-0.12747157   -0.32268657   33153.954   4000613   90.501482
-0.12966354   -0.32659953   33520.102   4043721   91.501498
-0.13179596   -0.33056525   33886.248   4086866   92.501509
-0.13386879   -0.33458361   34252.39   4130001   93.501514
-0.13588174   -0.33865468   34618.534   4173112   94.501525
-0.13782844   -0.34278315   34984.677   4216314   95.501538
-0.13970254   -0.34697369   35350.819   4259344   96.501548
-0.14150387   -0.35122628   35716.962   4302534   97.501566
-0.14323271   -0.35554052   36083.099   4345759   98.501568
-0.14488854   -0.35991663   36449.241   4388913   99.501588
-0.14647167   -0.36435414   36815.377   4432017   100.5016
-0.14798189   -0.36885292   37181.51   4475310   101.5016
-0.14941726   -0.37341421   37547.647   4518504   102.50162
-0.15076832   -0.37804494   37913.784   4561760   103.50164
-0.15203367   -0.38274579   38279.911   4605004   104.50164
-0.15323156   -0.38750196   38646.039   4648296   105.50165
-0.15438061   -0.39229837   39012.167   4691532   106.50166
-0.15547904   -0.39713581   39378.29   4734833   107.50167
-0.15651665   -0.4020214   39744.418   4778230   108.5017
-0.15749222   -0.40695538   40110.532   4821504   109.5017
-0.15842351   -0.41192304   40476.653   4864681   110.50172
-0.15932947   -0.41690865   40842.766   4907954   111.50174
-0.16021427   -0.42190791   41208.872   4951194   112.50174
-0.16110527   -0.42689797   41574.975   4994333   113.50174
-0.16200644   -0.43187445   41941.076   5037580   114.50176
-0.16292326   -0.4368317   42307.178   5080644   115.50179
-0.16386178   -0.44176334   42673.267   5123825   116.5018
-0.16482861   -0.44666234   43039.352   5166841   117.50181
-0.16586986   -0.45149034   43405.427   5209762   118.50182
-0.16699198   -0.45624002   43771.498   5252551   119.50184
-0.16820654   -0.46089978   44137.557   5295456   120.50184
-0.16952443   -0.46545814   44503.608   5338319   121.50186
-0.1709506   -0.46990797   44869.647   5381477   122.50187
-0.17252084   -0.47421738   45235.669   5424828   123.50186
-0.17423907   -0.47837908   45601.685   5468207   124.50188
-0.17614084   -0.48236035   45967.684   5512345   125.5019
-0.17826105   -0.48612843   46333.664   5556545   126.50191
-0.18060313   -0.48967485   46699.623   5600952   127.50191
-0.18320135   -0.49296615   47065.562   5645661   128.50193
-0.18605863   -0.4959927   47431.473   5690512   129.50193
-0.18920219   -0.49872482   47797.358   5735838   130.50195
-0.19265928   -0.50113185   48163.204   5781423   131.50194
-0.19643244   -0.50320144   48529.02   5827175   132.50196
-0.20056316   -0.50488915   48894.794   5873464   133.50197
-0.20505316   -0.50618063   49260.518   5919868   134.50198
-0.20993289   -0.5070372   49626.192   5966708   135.50199
-0.2152326   -0.50741856   49991.799   6013840   136.50199
-0.2209477   -0.50730999   50357.348   6061417   137.50202
-0.22709742   -0.50667579   50722.811   6109399   138.50203
-0.23367511   -0.5054984   51088.194   6157544   139.50206
-0.24071307   -0.50372671   51453.477   6206461   140.50209
-0.24824217   -0.50130791   51818.639   6255832   141.50211
-0.25625396   -0.49821779   52183.673   6305239   142.50214
-0.26477028   -0.49440499   52548.561   6355176   143.50219
-0.27378027   -0.48984179   52913.28   6404999   144.50224
-0.28330367   -0.48447362   53277.802   6455520   145.5023
-0.29335968   -0.4782452   53642.103   6506028   146.50238
-0.30393719   -0.4711265   54006.134   6556857   147.50245
-0.31505692   -0.46306458   54369.876   6607752   148.50255

0.0065381153   -0.0047508774   183.98747   106521   0.50007665
0.018829369   -0.013939096   551.82537   149502   1.5001859
0.030006331   -0.022819818   919.44119   192473   2.5003031
0.040126613   -0.031404958   1286.8542   235416   3.500389
0.049216101   -0.039675277   1654.101   278289   4.5004637
0.057329017   -0.047630406   2021.2071   321230   5.5005312
0.064518927   -0.055270282   2388.1894   364086   6.5005831
0.070810294   -0.062575563   2755.0668   406902   7.5006249
0.076258668   -0.069553184   3121.8556   449797   8.5006639
0.08088552   -0.076187643   3488.5665   492614   9.5006973
0.084747622   -0.08249263   3855.2115   535573   10.500731
0.087899975   -0.088483468   4221.7926   578525   11.500748
0.090361597   -0.094151493   4588.3201   621527   12.500756
0.092190929   -0.099519545   4954.8097   664566   13.500783
0.093404272   -0.10458167   5321.2564   707635   14.500798
0.09404589   -0.10935461   5687.6676   750772   15.500811
0.094158987   -0.11385607   6054.0446   794279   16.500813
0.093758046   -0.11808395   6420.4004   838235   17.50083
0.092896584   -0.12206629   6786.7319   882548   18.500845
0.091587243   -0.1258023   7153.0357   927273   19.500842
0.089873411   -0.12931502   7519.3282   972121   20.500858
0.08779705   -0.13262744   7885.6001   1017179   21.500862
0.085369748   -0.13574106   8251.8586   1062273   22.500869
0.082642758   -0.1386875   8618.1078   1107334   23.500884
0.079626482   -0.14146891   8984.3423   1152484   24.500891
0.076351305   -0.14410283   9350.5686   1197225   25.500901
0.072846874   -0.14660686   9716.7812   1242039   26.500897
0.069124072   -0.14898525   10082.996   1286384   27.50092
0.065235031   -0.15127324   10449.193   1330247   28.500911
0.061190373   -0.15347585   10815.391   1374113   29.500923
0.057010312   -0.15560556   11181.586   1417730   30.500937
0.052715035   -0.15767518   11547.775   1461335   31.500946
0.048311431   -0.15968801   11913.962   1504897   32.50096
0.043835373   -0.1616691   12280.143   1548420   33.500967
0.039293503   -0.16362211   12646.324   1591894   34.500979
0.034711978   -0.1655654   13012.505   1635205   35.500996
0.03011674   -0.16751745   13378.682   1678554   36.501006
0.025511526   -0.16948043   13744.864   1721837   37.501031
0.020915367   -0.17146811   14111.042   1765054   38.501046
0.016331637   -0.17348277   14477.218   1808244   39.501059
0.011773253   -0.17553385   14843.392   1851358   40.501064
0.0072535337   -0.17763118   15209.572   1894455   41.501087
0.0027735145   -0.1797756   15575.747   1937464   42.501091
-0.0016570179   -0.1819745   15941.922   1980465   43.501096
-0.0060364034   -0.18422916   16308.102   2023409   44.501112
-0.010354027   -0.18654743   16674.281   2066340   45.501128
-0.014599062   -0.1889372   17040.46   2109147   46.501144
-0.018770663   -0.19139881   17406.631   2152024   47.501139
-0.022861579   -0.19393727   17772.811   2194822   48.501163
-0.026871152   -0.1965526   18138.982   2237735   49.501168
-0.030802811   -0.19924167   18505.158   2280611   50.501193
-0.034661005   -0.20200059   18871.327   2323478   51.501203
-0.03844539   -0.2048292   19237.495   2366392   52.501214
-0.042155828   -0.20772713   19603.657   2409222   53.501217
-0.045791735   -0.21069439   19969.824   2452185   54.501237
-0.049353443   -0.21373028   20335.979   2495045   55.50123
-0.052840097   -0.21683504   20702.143   2538033   56.501249
-0.056254109   -0.22000652   21068.304   2580998   57.501267
-0.059608104   -0.22323481   21434.462   2623917   58.501279
-0.062904236   -0.226518   21800.613   2666964   59.501272
-0.06614808   -0.22985157   22166.774   2710055   60.501297
-0.069346491   -0.23323011   22532.928   2753066   61.501306
-0.072500738   -0.23665247   22899.084   2796079   62.50132
-0.075620352   -0.24011127   23265.238   2839251   63.501332
-0.078706908   -0.24360523   23631.391   2882338   64.501343
-0.081760424   -0.24713425   23997.541   2925530   65.501348
-0.084780649   -0.2506984   24363.695   2968636   66.501362
-0.087769919   -0.2542958   24729.845   3011700   67.501369
-0.09074067   -0.25791687   25095.997   3054876   68.501382
-0.093695167   -0.26155982   25462.148   3098012   69.501391
-0.096631343   -0.26522617   25828.295   3141206   70.501392
-0.099546813   -0.26891767   26194.446   3184287   71.501404
-0.10244261   -0.27263346   26560.602   3227516   72.501429
-0.10532542   -0.27636845   26926.753   3270626   73.501445
-0.10819628   -0.28012181   27292.902   3313776   74.501452
-0.11106131   -0.28388876   27659.051   3356925   75.501462
-0.11392686   -0.28766429   28025.197   3400121   76.501463
-0.11679027   -0.29145029   28391.351   3443295   77.50149
-0.11963956   -0.29525587   28757.494   3486432   78.501486
-0.12247206   -0.29908296   29123.64   3529576   79.501492
-0.12528987   -0.30292988   29489.791   3572698   80.50151
-0.12809529   -0.30679481   29855.938   3615865   81.50152
-0.13088615   -0.31067934   30222.083   3659073   82.501526
-0.13364958   -0.31459329   30588.231   3702182   83.501539
-0.1363836   -0.31853812   30954.378   3745278   84.50155
-0.13908384   -0.32251709   31320.527   3788509   85.501568
-0.14174611   -0.32653333   31686.676   3831565   86.501588
-0.14437003   -0.33058704   32052.819   3874625   87.501593
-0.14695214   -0.33468081   32418.964   3917773   88.501607
-0.14949201   -0.33881493   32785.11   3960887   89.501622
-0.15198118   -0.34299582   33151.255   4003991   90.501638
-0.15441123   -0.34722981   33517.398   4047138   91.501651
-0.15678117   -0.35151753   33883.536   4090252   92.50165
-0.15908414   -0.35586404   34249.68   4133334   93.501669
-0.16131934   -0.36026983   34615.823   4176408   94.501686
-0.16348481   -0.3647362   34981.957   4219603   95.50168
-0.16557768   -0.36926513   35348.1   4262679   96.501701
-0.16759626   -0.37385777   35714.238   4305803   97.501712
-0.16952776   -0.37852378   36080.373   4349008   98.501719
-0.17136998   -0.38326469   36446.509   4392183   99.50173
-0.17312701   -0.38807703   36812.645   4435371   100.50174
-0.17480291   -0.39295737   37178.782   4478571   101.50177
-0.17639733   -0.3979057   37544.912   4521807   102.50177
-0.17790635   -0.40292458   37911.05   4565112   103.5018
-0.1793299   -0.4080136   38277.178   4608332   104.50181
-0.18067801   -0.41316438   38643.302   4651625   105.50181
-0.18196052   -0.41836866   39009.43   4694823   106.50183
-0.18317806   -0.42362536   39375.553   4738107   107.50184
-0.18433308   -0.4289317   39741.677   4781484   108.50186
-0.18542587   -0.43428666   40107.798   4824783   109.50188
-0.18647057   -0.43967828   40473.919   4868069   110.50191
-0.18748174   -0.44509417   40840.029   4911330   111.50191
-0.18846208   -0.45053121   41206.14   4954556   112.50193
-0.18943303   -0.45597131   41572.25   4997695   113.50195
-0.19039791   -0.46141059   41938.35   5041032   114.50195
-0.19137001   -0.46683712   42304.456   5084131   115.50198
-0.19236395   -0.47223778   42670.545   5127209   116.50198
-0.19338488   -0.47760657   43036.638   5170222   117.50201
-0.19447294   -0.48290974   43402.717   5213238   118.50201
-0.19563311   -0.48814091   43768.798   5256176   119.50203
-0.19687719   -0.4932882   44134.862   5298930   120.50204
-0.19821572   -0.49834033   44500.928   5341868   121.50206
-0.19965586   -0.50328834   44866.983   5385053   122.50208
-0.20124603   -0.50809037   45233.021   5428453   123.50208
-0.20299193   -0.51273762   45599.054   5472145   124.50211
-0.20492513   -0.51720048   45965.066   5516153   125.5021
-0.20707585   -0.52144979   46331.067   5560251   126.50211
-0.20944754   -0.52547683   46697.052   5604653   127.50212
-0.21207449   -0.52924784   47063.018   5649306   128.50213
-0.21495925   -0.53275316   47428.964   5693953   129.50214
-0.2181331   -0.53595969   47794.89   5739204   130.50217
-0.22162733   -0.53883324   48160.784   5784648   131.50218
-0.2254446   -0.54136085   48526.641   5830384   132.50217
-0.22962541   -0.54349833   48892.47   5876528   133.50219
-0.23417142   -0.54523068   49258.258   5922839   134.5022
-0.23911263   -0.54651883   49624.008   5969652   135.50223
-0.24447907   -0.54732185   49989.697   6016685   136.50223
-0.25026805   -0.54762235   50355.329   6064052   137.50224
-0.25650981   -0.54737456   50720.899   6111948   138.50226
-0.26319957   -0.54655774   51086.398   6160018   139.5023
-0.27036443   -0.54512286   51451.805   6209076   140.50232
-0.27802952   -0.54301909   51817.111   6258325   141.50234
-0.28618563   -0.54021935   52182.311   6307928   142.50239
-0.29485932   -0.5366643   52547.374   6357937   143.50242
-0.30403779   -0.53232206   52912.289   6407939   144.50247
-0.3137333   -0.52713693   53277.031   6458640   145.50254
-0.32395729   -0.52105114   53641.559   6509273   146.5026
-0.33469351   -0.51402846   54005.857   6560403   147.5027
-0.34596556   -0.50600335   54369.859   6611625   148.50277

0.0066142377   -0.0047995266   183.85607   107391   0.50007714
0.019013589   -0.014093021   551.44   150412   1.5001929
0.0302316   -0.023103747   918.80987   193428   2.5002946
0.04034225   -0.031842525   1286.0056   236427   3.5003898
0.049378748   -0.04028253   1653.0565   279315   4.5004769
0.057397781   -0.048414333   2019.9764   322245   5.5005284
0.064455447   -0.056231314   2386.8005   365086   6.5005892
0.070579392   -0.063710197   2753.5358   407937   7.5006371
0.075830478   -0.070857238   3120.193   450814   8.5006677
0.08023285   -0.077655447   3486.7931   493649   9.5007108
0.083844103   -0.084116486   3853.3359   536675   10.500743
0.086720302   -0.090254494   4219.8283   579681   11.500765
0.088882118   -0.096060558   4586.2768   622759   12.500778
0.090394671   -0.10156122   4952.6878   665878   13.500786
0.091276386   -0.10675112   5319.072   709087   14.500805
0.091569493   -0.11164474   5685.4301   752626   15.500828
0.091315034   -0.11625756   6051.7554   796609   16.500826
0.090529442   -0.12058833   6418.0607   840965   17.500829
0.089276564   -0.12467212   6784.354   885619   18.50085
0.087570654   -0.12850896   7150.6265   930626   19.500859
0.085452721   -0.13211984   7516.8858   975711   20.500872
0.082962873   -0.13552615   7883.1292   1020981   21.500876
0.080113966   -0.13873004   8249.3648   1066205   22.500891
0.07696333   -0.14176728   8615.5838   1111331   23.500887
0.073523085   -0.14464111   8981.797   1156547   24.500892
0.069823646   -0.14736893   9348.0116   1201347   25.500922
0.065894391   -0.14996798   9714.2125   1246152   26.500933
0.061745997   -0.15244227   10080.407   1290488   27.500942
0.057431229   -0.15482746   10446.593   1334348   28.500941
0.052960559   -0.15712838   10812.785   1378212   29.500971
0.048355866   -0.1593587   11178.965   1421812   30.500977
0.043639984   -0.16153315   11545.145   1465396   31.500994
0.038820468   -0.16365545   11911.319   1508956   32.501001
0.033940051   -0.16575567   12277.495   1552441   33.50102
0.029005945   -0.16783787   12643.666   1595873   34.501029
0.024040245   -0.1699174   13009.838   1639192   35.501047
0.019064592   -0.17200953   13376.007   1682524   36.50106
0.014083705   -0.17411718   13742.179   1725774   37.501082
0.0091231101   -0.17625895   14108.348   1768930   38.501096
0.0041870123   -0.17843774   14474.511   1812075   39.501095
-0.0007132503   -0.18066181   14840.684   1855067   40.50112
-0.0055674572   -0.1829388   15206.851   1898109   41.50113
-0.010373846   -0.18527017   15573.022   1941095   42.501146
-0.015123035   -0.18766308   15939.192   1984022   43.501159
-0.019813554   -0.19011877   16305.36   2027006   44.501167
-0.024432232   -0.19264712   16671.536   2069758   45.501195
-0.028966707   -0.19525729   17037.704   2112524   46.501203
-0.033416525   -0.19794939   17403.875   2155420   47.501221
-0.037781684   -0.20072301   17770.043   2198155   48.501233
-0.042061826   -0.20357793   18136.212   2241002   49.501252
-0.046254861   -0.20651516   18502.373   2283888   50.501253
-0.050358103   -0.20953615   18868.533   2326645   51.501259
-0.054373318   -0.21263906   19234.698   2369534   52.501282
-0.058313251   -0.21581368   19600.86   2412420   53.5013
-0.062179979   -0.21905792   19967.013   2455311   54.501299
-0.06596845   -0.22237506   20333.172   2498225   55.501319
-0.069674535   -0.22576773   20699.328   2541051   56.501336
-0.073301232   -0.22923327   21065.483   2583994   57.50135
-0.076867496   -0.23275692   21431.633   2626972   58.501355
-0.080376088   -0.23633625   21797.786   2669957   59.50137
-0.083831175   -0.23996779   22163.939   2713094   60.501388
-0.087237119   -0.24364798   22530.085   2756044   61.501389
-0.090595565   -0.24737534   22896.237   2799127   62.501406
-0.093919484   -0.25113991   23262.385   2842227   63.501417
-0.097210898   -0.25494002   23628.532   2885361   64.501424
-0.10046941   -0.25877582   23994.686   2928517   65.501453
-0.10369568   -0.26264665   24360.828   2971575   66.501448
-0.10689108   -0.26655138   24726.976   3014619   67.501463
-0.11006832   -0.27048017   25093.127   3057829   68.501487
-0.11322967   -0.27443123   25459.277   3100955   69.501506
-0.1163752   -0.27840445   25825.42   3144106   70.50151
-0.11950461   -0.28240002   26191.567   3187274   71.501521
-0.12261899   -0.28641707   26557.714   3230472   72.501536
-0.12572473   -0.29045074   26923.863   3273628   73.501556
-0.12882319   -0.29449993   27290.004   3316791   74.501556
-0.13191816   -0.29856162   27656.148   3359948   75.501564
-0.13501362   -0.30263263   28022.299   3403145   76.501594
-0.13810799   -0.30671404   28388.443   3446245   77.501602
-0.14118814   -0.31081576   28754.589   3489452   78.50162
-0.14425221   -0.31493914   29120.731   3532527   79.501625
-0.14730192   -0.31908277   29486.877   3575765   80.501642
-0.15033956   -0.32324482   29853.022   3618898   81.501656
-0.15336311   -0.32742677   30219.162   3662043   82.501661
-0.15635976   -0.3316384   30585.304   3705099   83.501669
-0.15932729   -0.33588136   30951.449   3748286   84.501685
-0.16226355   -0.34015719   31317.596   3791388   85.501709
-0.16516666   -0.34446722   31683.736   3834519   86.501716
-0.16803474   -0.3488128   32049.879   3877666   87.50173
-0.17085833   -0.35320116   32416.022   3920739   88.501748
-0.17363604   -0.35763328   32782.161   3963879   89.501755
-0.1763591   -0.36211575   33148.302   4006951   90.501771
-0.1790192   -0.36665479   33514.442   4050043   91.501783
-0.18161502   -0.37125132   33880.586   4093175   92.50181
-0.18414053   -0.37590974   34246.724   4136222   93.501822
-0.18659447   -0.38063091   34612.861   4179290   94.501831
-0.18897469   -0.38541632   34978.995   4222366   95.501835
-0.19127855   -0.39026781   35345.14   4265549   96.501869
-0.19350409   -0.39518674   35711.273   4308672   97.501876
-0.19563487   -0.40018551   36077.411   4351785   98.501897
-0.19766855   -0.40526569   36443.543   4394958   99.501906
-0.1996069   -0.41042564   36809.677   4438181   100.50192
-0.20145204   -0.41566339   37175.807   4481414   101.50193
-0.20320434   -0.42097838   37541.936   4524667   102.50194
-0.20486638   -0.42636803   37908.073   4567910   103.50198
-0.20643921   -0.43183109   38274.197   4611075   104.50198
-0.20792816   -0.43736282   38640.328   4654335   105.50201
-0.20933966   -0.44295758   39006.452   4697727   106.50202
-0.21067494   -0.44861382   39372.574   4740893   107.50203
-0.21194289   -0.45432366   39738.693   4784348   108.50204
-0.21314439   -0.46008564   40104.82   4827606   109.50208
-0.21428999   -0.46589055   40470.938   4870929   110.50209
-0.21538964   -0.47172952   40837.047   4914153   111.5021
-0.216446   -0.4775994   41203.162   4957501   112.50212
-0.21748062   -0.48348211   41569.275   5000780   113.50214
-0.21849676   -0.48937375   41935.379   5044006   114.50216
-0.21951233   -0.49525874   42301.478   5087124   115.50216
-0.22054498   -0.50112148   42667.579   5130274   116.50218
-0.22160028   -0.50695568   43033.673   5173417   117.5022
-0.22271435   -0.51273062   43399.767   5216254   118.50223
-0.2238925   -0.51843964   43765.849   5259250   119.50224
-0.22514753   -0.52406991   44131.932   5302232   120.50226
-0.22649296   -0.52960772   44498.003   5344999   121.50228
-0.2279365   -0.53504363   44864.065   5388307   122.50228
-0.22953214   -0.54033144   45230.127   5431862   123.50231
-0.23128756   -0.54546074   45596.174   5475535   124.50232
-0.23322942   -0.55040573   45962.208   5519392   125.50233
-0.23538384   -0.55514046   46328.238   5563429   126.50236
-0.2377556   -0.55965493   46694.249   5607647   127.50237
-0.24038471   -0.56391065   47060.246   5652225   128.50238
-0.24327491   -0.56789681   47426.221   5696866   129.50238
-0.24645908   -0.57157888   47792.184   5741938   130.5024
-0.24997027   -0.57492109   48158.125   5787358   131.50242
-0.25381124   -0.57791005   48524.033   5833023   132.50241
-0.25802206   -0.58050163   48889.924   5879151   133.50244
-0.2626044   -0.58268026   49255.776   5925173   134.50244
-0.26758781   -0.58440675   49621.598   5972015   135.50247
-0.27300177   -0.58563991   49987.371   6018890   136.50247
-0.27884458   -0.58636066   50353.104   6066308   137.5025
-0.28515588   -0.58651485   50718.777   6113953   138.50251
-0.29193135   -0.58607988   51084.396   6162111   139.50254
-0.29919739   -0.58500559   51449.937   6211138   140.50256
-0.30697755   -0.58324007   51815.402   6260431   141.50259
-0.31526179   -0.58075375   52180.772   6310136   142.50263
-0.32407417   -0.57748505   52546.029   6360136   143.50266
-0.33339927   -0.57339838   52911.164   6410467   144.50272
-0.34324612   -0.56843292   53276.144   6461347   145.50278
-0.35362086   -0.5625247   53640.941   6512260   146.50285
-0.36450293   -0.55562745   54005.524   6563637   147.50294
-0.3759168   -0.54765896   54369.837   6615357   148.50303

0.0066846724   -0.0048437869   183.70212   108216   0.50007014
0.019175846   -0.014240771   550.99577   151282   1.500193
0.030411131   -0.02338948   918.09955   194346   2.5003058
0.040481607   -0.032290066   1285.0508   237388   3.5004006
0.04943081   -0.040903976   1651.8816   280308   4.5004828
0.057322303   -0.049213039   2018.6125   323275   5.5005484
0.064216018   -0.057204136   2385.2602   366149   6.5005978
0.070144122   -0.064851043   2751.8419   408999   7.5006427
0.07517584   -0.072161923   3118.3644   451940   8.5006747
0.079337737   -0.07911863   3484.8461   494810   9.5007217
0.082683857   -0.085728138   3851.2802   537820   10.500748
0.085266813   -0.092000572   4217.6761   580920   11.500764
0.087110135   -0.097928052   4584.0431   624054   12.500782
0.088292092   -0.1035459   4950.3842   667230   13.500802
0.088833079   -0.10884954   5316.6963   710734   14.500805
0.088767441   -0.11384716   5682.9931   754618   15.500821
0.088128082   -0.11854785   6049.2752   799113   16.500845
0.086934047   -0.12295192   6415.5349   843888   17.500849
0.085268716   -0.12710837   6781.7837   888833   18.500862
0.08314967   -0.13101943   7148.0147   934063   19.500859
0.080613882   -0.13470295   7514.244   979391   20.500881
0.077696818   -0.13817675   7880.4599   1024857   21.500891
0.074413402   -0.14144429   8246.667   1070191   22.5009
0.07083422   -0.14455088   8612.8653   1115354   23.500906
0.066973529   -0.14750126   8979.0649   1160553   24.500932
0.062852184   -0.15030575   9345.2474   1205444   25.500927
0.058492277   -0.15297619   9711.4334   1250351   26.500945
0.053904964   -0.15551688   10077.613   1294747   27.500958
0.049149724   -0.15796829   10443.788   1338606   28.500969
0.044237619   -0.16033567   10809.961   1382428   29.500981
0.039195642   -0.16263645   11176.136   1426079   30.501008
0.034049916   -0.16488779   11542.3   1469660   31.501013
0.028809784   -0.16709469   11908.467   1513180   32.50103
0.02352431   -0.16929186   12274.639   1556632   33.501065
0.0182015   -0.17148397   12640.801   1600076   34.501079
0.012854711   -0.17367989   13006.957   1643373   35.501078
0.0074977129   -0.17588904   13373.122   1686738   36.501104
0.0021368041   -0.17811552   13739.285   1729929   37.501126
-0.0031893306   -0.18038769   14105.447   1773006   38.501145
-0.0084742956   -0.18271013   14471.605   1816045   39.501154
-0.013711353   -0.18508778   14837.768   1859032   40.501177
-0.018894428   -0.18752526   15203.927   1901995   41.501188
-0.024021678   -0.19002416   15570.092   1944920   42.501214
-0.029084053   -0.19259149   15936.25   1987812   43.501218
-0.034079749   -0.19522889   16302.41   2030691   44.50123
-0.038995981   -0.19794613   16668.575   2073500   45.501251
-0.043820077   -0.20075272   17034.739   2116267   46.501273
-0.048552039   -0.20364856   17400.903   2159064   47.501294
-0.053191754   -0.20663337   17767.063   2201824   48.501306
-0.05773906   -0.20970679   18133.217   2244642   49.501309
-0.062187023   -0.21287341   18499.373   2287425   50.501319
-0.066528804   -0.21613771   18865.534   2330188   51.501347
-0.070767861   -0.21949649   19231.687   2373032   52.501358
-0.074922691   -0.22293511   19597.84   2415897   53.501371
-0.078996364   -0.22645063   19963.989   2458788   54.501377
-0.082988086   -0.23004301   20330.147   2501684   55.501412
-0.086898354   -0.23371128   20696.293   2544568   56.501417
-0.090729685   -0.23745304   21062.439   2587509   57.501427
-0.094500892   -0.2412536   21428.588   2630511   58.501445
-0.098215145   -0.24511021   21794.734   2673508   59.501458
-0.10187197   -0.24902287   22160.885   2716536   60.501484
-0.1054718   -0.25299093   22527.023   2759520   61.501478
-0.10901686   -0.25701254   22893.174   2802616   62.50151
-0.1125271   -0.26107245   23259.315   2845629   63.501514
-0.11600509   -0.2651685   23625.458   2888822   64.501528
-0.1194508   -0.2693005   23991.603   2931884   65.501547
-0.12286415   -0.2734683   24357.749   2974996   66.501568
-0.12624838   -0.27766932   24723.892   3018080   67.501582
-0.12962245   -0.28188905   25090.033   3061312   68.501591
-0.13298932   -0.28612515   25456.176   3104490   69.501607
-0.13634918   -0.29037741   25822.315   3147653   70.501611
-0.13970164   -0.29464604   26188.458   3190820   71.501628
-0.14304676   -0.29893094   26554.602   3233964   72.501649
-0.14638484   -0.30323184   26920.74   3277184   73.501653
-0.14971548   -0.30754896   27286.882   3320337   74.501667
-0.1530387   -0.31188221   27653.026   3363436   75.50169
-0.15635475   -0.31623135   28019.167   3406539   76.501704
-0.15966338   -0.32059642   28385.311   3449791   77.501726
-0.16296488   -0.32497705   28751.447   3493004   78.501728
-0.16625878   -0.32937349   29117.588   3536153   79.501741
-0.16953875   -0.33379046   29483.73   3579326   80.50176
-0.17279863   -0.33823263   29849.869   3622388   81.501772
-0.17603824   -0.34270007   30216.011   3665564   82.501791
-0.17925776   -0.34719266   30582.152   3708595   83.501808
-0.18245705   -0.35171043   30948.293   3751698   84.501829
-0.18562988   -0.35625801   31314.431   3794992   85.501839
-0.1887695   -0.36084041   31680.574   3838141   86.501863
-0.19187481   -0.36545837   32046.707   3881207   87.501864
-0.19493559   -0.37011968   32412.852   3924322   88.501899
-0.19795118   -0.37482473   32778.983   3967425   89.501895
-0.20090798   -0.37958375   33145.123   4010463   90.501916
-0.20379355   -0.38440615   33511.264   4053545   91.501944
-0.20660831   -0.38929157   33877.397   4096570   92.50195
-0.20935157   -0.39424036   34243.537   4139671   93.501977
-0.21202393   -0.39925196   34609.668   4182772   94.501979
-0.2146183   -0.40433165   34975.808   4225853   95.502008
-0.21712909   -0.40948361   35341.936   4269010   96.502009
-0.21955408   -0.41470936   35708.07   4311901   97.502026
-0.22188356   -0.42001594   36074.209   4355260   98.50206
-0.22411656   -0.42540391   36440.335   4398407   99.502059
-0.2262459   -0.43087845   36806.467   4441640   100.50208
-0.22826532   -0.4364441   37172.602   4484951   101.50211
-0.23017673   -0.4420991   37538.729   4528163   102.50212
-0.23198882   -0.44783607   37904.858   4571434   103.50214
-0.23370312   -0.45365341   38270.987   4614605   104.50217
-0.23532578   -0.45954572   38637.112   4657882   105.50218
-0.23686273   -0.46550775   39003.234   4701166   106.5022
-0.23831527   -0.47153783   39369.353   4744453   107.5022
-0.23969195   -0.47762835   39735.48   4787792   108.50224
-0.24099463   -0.48377714   40101.598   4831102   109.50225
-0.24222863   -0.48997905   40467.721   4874417   110.50228
-0.24340007   -0.49622815   40833.837   4917795   111.5023
-0.24451304   -0.50252014   41199.949   4961017   112.50232
-0.24559523   -0.50883214   41566.055   5004372   113.50233
-0.24665011   -0.51516002   41932.17   5047578   114.50236
-0.24769635   -0.5214876   42298.275   5090793   115.50238
-0.24875144   -0.52779938   42664.381   5133946   116.5024
-0.24982091   -0.53408906   43030.482   5176977   117.50243
-0.25094124   -0.54032583   43396.574   5220004   118.50243
-0.25211684   -0.54650371   43762.672   5263108   119.50247
-0.25336579   -0.55260572   44128.756   5305899   120.50247
-0.25470454   -0.55861576   44494.846   5348798   121.50251
-0.25614172   -0.56452365   44860.917   5391959   122.50251
-0.25773077   -0.57028373   45226.994   5435547   123.50254
-0.25947943   -0.5758855   45593.062   5479017   124.50256
-0.26141031   -0.58130636   45959.119   5522909   125.50257
-0.26354575   -0.58652331   46325.164   5566960   126.50258
-0.26589171   -0.5915253   46691.206   5611200   127.5026
-0.26850132   -0.59626358   47057.231   5655568   128.50261
-0.27137955   -0.60072617   47423.249   5700241   129.50263
-0.27456014   -0.60487792   47789.247   5745274   130.50263
-0.27807527   -0.60868368   48155.236   5790425   131.50266
-0.28192765   -0.61212993   48521.203   5836074   132.50267
-0.28615789   -0.61517216   48887.15   5882033   133.50269
-0.29076702   -0.61779505   49253.071   5927979   134.5027
-0.29578469   -0.61995906   49618.966   5974750   135.50271
-0.30123986   -0.62162305   49984.828   6021670   136.50272
-0.3071317   -0.62276664   50350.657   6068947   137.50274
-0.31350542   -0.6233307   50716.449   6116506   138.50277
-0.3203578   -0.62329073   51082.19   6164632   139.50279
-0.32771798   -0.62259317   51447.878   6213679   140.50282
-0.33561328   -0.62118147   51813.503   6262868   141.50285
-0.34403104   -0.61902546   52179.056   6312731   142.50288
-0.3529877   -0.61606595   52544.52   6362865   143.50292
-0.36246437   -0.61226475   52909.886   6413128   144.50297
-0.37247023   -0.60755323   53275.13   6464187   145.50303
-0.38300972   -0.60185722   53640.225   6515409   146.50311
-0.39405665   -0.5951177   54005.134   6567064   147.5032
-0.40563696   -0.58722736   54369.797   6619265   148.50328

0.0067335233   -0.004871917   183.5278   108809   0.50007538
0.019266221   -0.014350596   550.4899   151980   1.5002125
0.030459272   -0.023628343   917.28243   195115   2.5003019
0.040430548   -0.032683841   1283.9704   238202   3.5004071
0.049236534   -0.041461013   1650.5617   281141   4.5004748
0.056948626   -0.049931719   2017.0879   324113   5.5005422
0.063630902   -0.058076788   2383.5616   366979   6.5006083
0.069317535   -0.065866139   2749.9842   409834   7.5006514
0.074079396   -0.073305992   3116.3659   452700   8.5006802
0.077943972   -0.080376914   3482.7241   495547   9.5007263
0.080969986   -0.087087896   3849.0454   538615   10.500742
0.083215186   -0.093451833   4215.3501   581692   11.500772
0.08470269   -0.099459977   4581.6284   624858   12.500782
0.085511246   -0.10514771   4947.8925   668200   13.500798
0.085661417   -0.11051023   5314.1391   712036   14.500806
0.085196183   -0.11556164   5680.3784   756331   15.500828
0.084156795   -0.12031684   6046.6015   801160   16.500836
0.082562035   -0.1247759   6412.821   846265   17.500861
0.080487951   -0.12898247   6779.027   891488   18.500872
0.077951475   -0.13293826   7145.2225   937001   19.500875
0.074989346   -0.13666085   7511.4142   982491   20.500886
0.071637498   -0.14016834   7877.601   1028143   21.5009
0.067910751   -0.14346412   8243.7838   1073618   22.500916
0.063879395   -0.14659326   8609.9547   1118886   23.500913
0.059557981   -0.14956064   8976.1287   1164227   24.50093
0.054972361   -0.15238026   9342.3045   1209165   25.50096
0.050147653   -0.15506617   9708.4688   1254073   26.500968
0.045097908   -0.1576248   10074.632   1298418   27.500982
0.0398954   -0.16010602   10440.797   1342137   28.501003
0.034552848   -0.1625163   10806.953   1385880   29.50101
0.029093112   -0.16487002   11173.115   1429491   30.501035
0.023538175   -0.16718129   11539.271   1473076   31.501052
0.017895862   -0.16945403   11905.426   1516596   32.501065
0.012208747   -0.17171819   12271.582   1560073   33.501087
0.0064841787   -0.17397787   12637.733   1603514   34.501098
0.00074455267   -0.17624858   13003.893   1646759   35.501133
-0.0049889758   -0.17854523   13370.045   1690061   36.501152
-0.010710833   -0.18087144   13736.194   1733126   37.501161
-0.016388424   -0.18325107   14102.349   1776142   38.501186
-0.022016672   -0.18568777   14468.502   1819152   39.501209
-0.027589134   -0.18818637   14834.656   1862088   40.501232
-0.033099571   -0.19075171   15200.807   1904970   41.501246
-0.038545441   -0.19338601   15566.956   1947870   42.501255
-0.043910471   -0.19610173   15933.114   1990661   43.501284
-0.049192718   -0.19890083   16299.267   2033407   44.501303
-0.054383833   -0.20178993   16665.419   2076128   45.501315
-0.059475251   -0.20477566   17031.571   2118901   46.501329
-0.064465982   -0.20785879   17397.723   2161720   47.501344
-0.069349291   -0.21104406   17763.878   2204481   48.50137
-0.074124163   -0.21433182   18130.031   2247284   49.501392
-0.078792534   -0.21771991   18496.178   2290006   50.501403
-0.083355858   -0.22120646   18862.327   2332866   51.50142
-0.087815976   -0.22478931   19228.475   2375726   52.501438
-0.092185318   -0.22845822   19594.617   2418524   53.501443
-0.096465337   -0.23221136   19960.762   2461425   54.501461
-0.10065576   -0.23604822   20326.91   2504302   55.501489
-0.10475666   -0.23996807   20693.051   2547213   56.501499
-0.10877179   -0.2439675   21059.193   2590134   57.501512
-0.11272615   -0.24802708   21425.337   2633077   58.501537
-0.11662416   -0.25214305   21791.475   2676077   59.501543
-0.1204609   -0.25631873   22157.617   2719103   60.501564
-0.12423239   -0.26055681   22523.754   2762123   61.501573
-0.12794242   -0.26485422   22889.897   2805122   62.501599
-0.13161669   -0.26919133   23256.037   2848248   63.501618
-0.13525948   -0.27356467   23622.171   2891414   64.501621
-0.13887011   -0.27797448   23988.312   2934466   65.501644
-0.14244899   -0.28242024   24354.447   2977592   66.501652
-0.14599882   -0.28689977   24720.587   3020716   67.501675
-0.149539   -0.29139836   25086.724   3063949   68.501687
-0.15307233   -0.29591379   25452.865   3107046   69.501714
-0.15659925   -0.30044566   25818.999   3150155   70.501719
-0.16011915   -0.30499433   26185.14   3193401   71.501747
-0.16363365   -0.30955846   26551.273   3236599   72.501751
-0.16714852   -0.31413363   26917.413   3279768   73.501774
-0.17066519   -0.31871863   27283.547   3322958   74.501783
-0.17417884   -0.32331702   27649.691   3366100   75.501817
-0.17768594   -0.3279314   28015.824   3409163   76.501825
-0.18118702   -0.33256121   28381.961   3452481   77.501842
-0.18468861   -0.33720145   28748.097   3495602   78.501855
-0.18819158   -0.34185132   29114.233   3538770   79.50187
-0.19168931   -0.34651575   29480.374   3581874   80.5019
-0.19517596   -0.35119908   29846.505   3625078   81.501901
-0.19864869   -0.35590343   30212.644   3668235   82.501926
-0.2020953   -0.3606382   30578.782   3711409   83.50195
-0.20551395   -0.36540475   30944.914   3754484   84.501954
-0.20890196   -0.37020499   31311.052   3797696   85.501978
-0.21225746   -0.37504017   31677.188   3840754   86.501997
-0.21557875   -0.3799114   32043.323   3883827   87.502014
-0.21885641   -0.38482579   32409.455   3926883   88.502023
-0.22208864   -0.38978454   32775.588   3970043   89.502037
-0.22526252   -0.39479738   33141.728   4013131   90.502071
-0.22836585   -0.39987355   33507.862   4056131   91.502089
-0.23139741   -0.40501394   33873.994   4099256   92.502103
-0.23435077   -0.41022329   34240.124   4142322   93.502115
-0.23722478   -0.41550238   34606.256   4185328   94.502132
-0.24001308   -0.42085597   34972.39   4228430   95.502156
-0.24270943   -0.42628872   35338.524   4271621   96.502182
-0.24531229   -0.43180157   35704.655   4314697   97.5022
-0.24781183   -0.43740159   36070.785   4357838   98.50222
-0.25020665   -0.44308956   36436.907   4400993   99.50222
-0.25248964   -0.44887059   36803.04   4444394   100.50225
-0.2546549   -0.45474892   37169.17   4487767   101.50228
-0.25670398   -0.46072306   37535.296   4531147   102.5023
-0.25864585   -0.46678549   37901.423   4574469   103.50232
-0.26048195   -0.47293464   38267.548   4617603   104.50234
-0.26221416   -0.47916848   38633.67   4660875   105.50235
-0.26384405   -0.4854851   38999.795   4704296   106.50238
-0.2653731   -0.49188268   39365.917   4747551   107.5024
-0.26681031   -0.49835324   39732.035   4790933   108.50242
-0.26815684   -0.50489512   40098.151   4834331   109.50243
-0.2694224   -0.51149977   40464.273   4877604   110.50246
-0.27061721   -0.51815807   40830.392   4921032   111.50249
-0.27174558   -0.52486555   41196.503   4964255   112.5025
-0.27283454   -0.5315998   41562.621   5007616   113.50254
-0.27388868   -0.53835585   41928.729   5050984   114.50255
-0.2749254   -0.5451184   42294.842   5094092   115.50259
-0.27596293   -0.55187137   42660.949   5137201   116.50261
-0.27700632   -0.55860887   43027.057   5180360   117.50263
-0.27809223   -0.56530028   43393.16   5223459   118.50265
-0.27922572   -0.57193921   43759.259   5266397   119.50267
-0.28042418   -0.57850923   44125.353   5309331   120.50268
-0.28170463   -0.5849939   44491.449   5352251   121.50271
-0.28307581   -0.59138292   44857.545   5395346   122.50274
-0.2845987   -0.5976249   45223.629   5438875   123.50275
-0.28628114   -0.60370924   45589.71   5482483   124.50277
-0.2881457   -0.60961352   45955.79   5526298   125.50279
-0.29021492   -0.61531477   46321.863   5570191   126.50281
-0.29249508   -0.62080181   46687.932   5614299   127.50283
-0.29503918   -0.62602638   47053.99   5658727   128.50284
-0.29785242   -0.63097642   47420.044   5703182   129.50287
-0.30096826   -0.63561703   47786.087   5747979   130.50289
-0.30441951   -0.63991265   48152.114   5793162   131.50289
-0.30821024   -0.64384869   48518.134   5838563   132.5029
-0.31239375   -0.64737101   48884.147   5884379   133.50293
-0.31697363   -0.6504623   49250.132   5930412   134.50293
-0.32197896   -0.65308354   49616.105   5977162   135.50295
-0.32743851   -0.6551937   49982.058   6024099   136.50296
-0.33335155   -0.65677218   50347.99   6071345   137.50299
-0.33976321   -0.65775988   50713.895   6118969   138.50302
-0.34666988   -0.65813215   51079.77   6166905   139.50305
-0.35410069   -0.6578349   51445.605   6215863   140.50307
-0.36208244   -0.6568111   51811.394   6265024   141.50309
-0.37060337   -0.6550282   52177.142   6314891   142.50313
-0.37969148   -0.65241566   52542.826   6365199   143.50317
-0.38932793   -0.64893115   52908.441   6415682   144.50322
-0.39951035   -0.64450865   53273.966   6466905   145.50328
-0.41022953   -0.63907359   53639.388   6518296   146.50337
-0.42145139   -0.63255359   54004.661   6570259   147.50345
-0.43319221   -0.62481541   54369.732   6622755   148.50354

0.0067731299   -0.0048931049   183.32495   109299   0.50009017
0.019312987   -0.014466551   549.89619   152680   1.5002098
0.030417942   -0.023910702   916.3644   195884   2.5003032
0.040248015   -0.033145247   1282.7791   238977   3.5004119
0.048874097   -0.042093786   1649.1363   281891   4.5004768
0.056375328   -0.050721965   2015.4622   324847   5.500542
0.062820088   -0.059008846   2381.7604   367696   6.5006
0.068244223   -0.066923587   2748.0336   410554   7.5006448
0.072722116   -0.074474171   3114.2869   453443   8.5006821
0.076281491   -0.08164128   3480.525   496319   9.5007175
0.078983805   -0.088435989   3846.7501   539441   10.500752
0.080887813   -0.09487212   4212.9543   582567   11.500759
0.08201745   -0.10094194   4579.1535   625795   12.50078
0.082450564   -0.10668046   4945.3407   669500   13.500791
0.082208126   -0.11208348   5311.5266   713757   14.50082
0.081336678   -0.11716726   5677.6974   758438   15.500826
0.079882822   -0.12195008   6043.8662   803636   16.500842
0.0778649   -0.12643143   6410.03   849058   17.500859
0.075359345   -0.13065487   6776.1861   894561   18.500867
0.072383415   -0.13462213   7142.3426   940302   19.500886
0.068975692   -0.13835182   7508.4933   985970   20.500899
0.065174296   -0.14186334   7874.6349   1031755   21.500894
0.060994676   -0.14516047   8240.7841   1077355   22.500917
0.056506756   -0.14828781   8606.9254   1122707   23.500923
0.051725148   -0.15125023   8973.0754   1168107   24.500958
0.046679167   -0.15406415   9339.211   1213010   25.500956
0.041399581   -0.15674772   9705.3568   1257915   26.500984
0.035899864   -0.15930693   10071.495   1302238   27.500994
0.030255962   -0.16179429   10437.641   1345963   28.501025
0.024480956   -0.16421658   10803.78   1389680   29.501037
0.018597696   -0.16658827   11169.923   1433259   30.50106
0.012628373   -0.16892374   11536.069   1476865   31.501089
0.006579825   -0.17122651   11902.211   1520339   32.501106
0.00049119159   -0.17352423   12268.351   1563781   33.501118
-0.0056304103   -0.17582106   12634.496   1607217   34.50114
-0.011759096   -0.17813522   13000.639   1650406   35.501158
-0.017868622   -0.18048545   13366.788   1693620   36.501195
-0.023954133   -0.18287489   13732.927   1736656   37.501203
-0.029982662   -0.18532767   14099.075   1779565   38.501235
-0.035949314   -0.18784739   14465.221   1822498   39.501262
-0.04184787   -0.1904388   14831.364   1865315   40.501282
-0.047672072   -0.19310686   15197.505   1908242   41.501297
-0.05341887   -0.19585431   15563.649   1950996   42.501317
-0.059069162   -0.1986959   15929.795   1993730   43.501345
-0.064620492   -0.20163418   16295.936   2036500   44.501356
-0.070066573   -0.20467443   16662.076   2079212   45.501367
-0.075400952   -0.20782191   17028.225   2121980   46.501401
-0.080623761   -0.2110768   17394.369   2164728   47.501423
-0.085731543   -0.21444149   17760.509   2207520   48.501437
-0.090723534   -0.21791617   18126.647   2250306   49.501444
-0.095601242   -0.2214989   18492.787   2293069   50.50146
-0.10036642   -0.22518737   18858.927   2335927   51.501479
-0.10502088   -0.22897923   19225.066   2378739   52.501496
-0.10957656   -0.23286437   19591.207   2421564   53.501523
-0.11403548   -0.23684038   19957.344   2464471   54.501539
-0.1183991   -0.24090533   20323.484   2507282   55.501567
-0.12266963   -0.24505683   20689.616   2550148   56.501573
-0.1268501   -0.249292   21055.751   2593099   57.501588
-0.13096231   -0.25359373   21421.89   2636048   58.501616
-0.13501021   -0.25795858   21788.021   2679028   59.501625
-0.13899307   -0.26238665   22154.16   2721999   60.501655
-0.14291128   -0.26687733   22520.292   2765014   61.501669
-0.14676826   -0.27142775   22886.422   2808032   62.501676
-0.1505858   -0.27602118   23252.557   2851229   63.501699
-0.15436785   -0.28065434   23618.688   2894303   64.501711
-0.15811812   -0.28532419   23984.827   2937387   65.501745
-0.16184145   -0.29002688   24350.953   2980508   66.501745
-0.16553967   -0.2947609   24717.088   3023686   67.501769
-0.169229   -0.29951396   25083.221   3066867   68.501788
-0.17291208   -0.30428402   25449.352   3109922   69.501803
-0.17658865   -0.30907118   25815.487   3153134   70.501828
-0.18025894   -0.31387521   26181.619   3196383   71.501846
-0.18392482   -0.31869463   26547.755   3239466   72.501875
-0.18759945   -0.32351944   26913.882   3282675   73.501878
-0.19128422   -0.32834845   27280.016   3325870   74.501902
-0.19497313   -0.33318604   27646.146   3369059   75.501915
-0.19865962   -0.33803702   28012.277   3412200   76.501928
-0.20234445   -0.34290064   28378.413   3455393   77.501957
-0.20603442   -0.34777174   28744.544   3498611   78.501972
-0.20973034   -0.35264963   29110.675   3541715   79.501988
-0.21342561   -0.35753921   29476.811   3584854   80.502018
-0.21711433   -0.36244488   29842.939   3628020   81.502027
-0.22079345   -0.3673689   30209.071   3671162   82.502045
-0.22444725   -0.3723233   30575.205   3714285   83.502071
-0.22807326   -0.37730995   30941.338   3757492   84.502093
-0.23166937   -0.38233032   31307.467   3800607   85.502104
-0.2352332   -0.38738608   31673.597   3843690   86.502119
-0.23876238   -0.39247885   32039.732   3886822   87.502151
-0.24224465   -0.39761782   32405.863   3929837   88.50217
-0.24567787   -0.40280443   32771.988   3972884   89.502175
-0.24905101   -0.40804691   33138.121   4015995   90.502199
-0.25235363   -0.41335307   33504.255   4059042   91.502231
-0.25558405   -0.41872416   33870.381   4102054   92.50224
-0.25872895   -0.42417013   34236.513   4145113   93.502267
-0.26178675   -0.42969214   34602.638   4188120   94.502277
-0.26475063   -0.43529528   34968.769   4231252   95.502305
-0.26761464   -0.44098397   35334.897   4274325   96.502325
-0.27037714   -0.44675928   35701.021   4317504   97.502336
-0.27302809   -0.45262834   36067.149   4360764   98.502362
-0.27556598   -0.45859201   36433.277   4403975   99.502388
-0.27798435   -0.46465484   36799.405   4447505   100.50242
-0.28027706   -0.47082121   37165.526   4491092   101.50243
-0.28244471   -0.47709036   37531.65   4534607   102.50245
-0.28449342   -0.48345696   37897.774   4578115   103.50247
-0.28642421   -0.48991978   38263.893   4621608   104.50249
-0.28823634   -0.49647881   38630.021   4665242   105.50252
-0.28993005   -0.50313331   38996.144   4708710   106.50255
-0.29150726   -0.50988112   39362.259   4752246   107.50256
-0.29297956   -0.51671222   39728.38   4795547   108.50259
-0.29434899   -0.52362421   40094.496   4838860   109.50261
-0.29562512   -0.53060865   40460.619   4882285   110.50265
-0.29681846   -0.53765625   40826.733   4925674   111.50267
-0.29793333   -0.54476247   41192.848   4969114   112.50269
-0.29900025   -0.55190218   41558.965   5012422   113.50272
-0.30002408   -0.55907017   41925.076   5055668   114.50274
-0.30102026   -0.56625269   42291.192   5098846   115.50277
-0.30200488   -0.57343535   42657.302   5142251   116.5028
-0.30298354   -0.58061191   43023.415   5185299   117.50283
-0.30399613   -0.58774938   43389.523   5228319   118.50285
-0.30504814   -0.59484113   43755.631   5271312   119.50287
-0.3061591   -0.6018692   44121.74   5314325   120.5029
-0.30734839   -0.60881543   44487.847   5357357   121.50293
-0.30862466   -0.61566968   44853.955   5400364   122.50297
-0.31004891   -0.62238076   45220.052   5443778   123.50297
-0.31162882   -0.62893832   45586.152   5487102   124.503
-0.3133894   -0.63531824   45952.251   5530974   125.50302
-0.31535513   -0.64149621   46318.347   5574860   126.50304
-0.31753281   -0.64746081   46684.446   5618901   127.50307
-0.319979   -0.65316155   47050.536   5663202   128.50309
-0.32269965   -0.65858598   47416.62   5707521   129.5031
-0.32572772   -0.66369976   47782.705   5752366   130.50312
-0.32909618   -0.66846745   48148.782   5797312   131.50314
-0.33281029   -0.67287375   48514.857   5842658   132.50316
-0.33693027   -0.67685974   48880.92   5888408   133.50316
-0.34145977   -0.68040824   49246.98   5934369   134.50318
-0.34642856   -0.68347998   49613.036   5980976   135.50321
-0.35186576   -0.68603398   49979.077   6027879   136.50322
-0.35777157   -0.68804913   50345.108   6075090   137.50324
-0.36419767   -0.68946175   50711.124   6122767   138.50325
-0.37114117   -0.69024671   51077.13   6170526   139.50328
-0.37862732   -0.69035313   51443.112   6219474   140.5033
-0.38667816   -0.68972771   51809.082   6268443   141.50335
-0.39528471   -0.68833538   52175.024   6318519   142.50339
-0.40448678   -0.68609578   52540.931   6368771   143.50343
-0.41426691   -0.68296379   52906.802   6419491   144.50347
-0.4246203   -0.67887208   53272.63   6470682   145.50354
-0.43553472   -0.67374162   53638.395   6522153   146.50361
-0.44696659   -0.66749132   54004.075   6574285   147.50369
-0.45891251   -0.65996354   54369.629   6627183   148.50379



#Format: First Line - Bins in r, Bins in z, minR, maxR, minZ, maxZ
#Each Following Line: x-deviation [cm], y-deviation, total Runge-Kutta-Time [ns],
#number of Runge-Kutta steps, real total RK-drift path [cm]
#This File was created by class PndTpcInhFieldDrifter

