PadPlaneSubDivision 16 16 2 2 -16 -16
0 4 0 -14.3 -2.64885 0 1 20 21 
1 4 0 -14.3 -2.30244 0 0 21 22 2 
2 4 0 -14.3 -1.95603 0 1 22 3 23 
3 4 0 -14.3 -1.60962 0 2 4 23 24 
4 4 0 -14.3 -1.26321 0 3 5 24 25 
5 4 0 -14.3 -0.916799 0 4 6 25 26 
6 4 0 -14.3 -0.570388 0 5 7 26 27 
7 4 0 -14.3 -0.223978 0 6 27 28 
8 3 0 -14.3 0.122432 0 9 29 
9 3 0 -14.3 0.468842 0 8 10 29 30 
10 3 0 -14.3 0.815252 0 9 11 30 31 
11 3 0 -14.3 1.16166 0 10 12 31 32 
12 3 0 -14.3 1.50807 0 11 13 32 33 
13 3 0 -14.3 1.85448 0 12 33 14 34 
14 3 0 -14.3 2.20089 0 13 15 34 35 
15 3 0 -14.3 2.5473 0 14 16 35 36 
16 3 0 -14.3 2.89371 0 15 36 37 
17 4 0 -14 -3.86128 0 43 18 44 
18 4 0 -14 -3.51487 0 17 19 44 45 
19 4 0 -14 -3.16846 0 18 20 45 46 
20 4 0 -14 -2.82205 0 0 19 21 46 47 
21 4 0 -14 -2.47564 0 0 1 20 22 47 48 
22 4 0 -14 -2.12923 0 1 21 48 2 23 49 
23 4 0 -14 -1.78282 0 22 2 3 24 49 50 
24 4 0 -14 -1.43641 0 3 4 23 25 50 51 
25 4 0 -14 -1.09 0 4 5 24 26 51 52 
26 4 0 -14 -0.743594 0 5 6 25 27 52 53 
27 4 0 -14 -0.397183 0 6 7 26 28 53 54 
28 4 0 -14 -0.0507732 0 7 27 54 
29 3 0 -14 0.295637 0 8 9 30 55 56 
30 3 0 -14 0.642047 0 9 10 29 31 56 57 
31 3 0 -14 0.988457 0 10 11 30 32 57 58 
32 3 0 -14 1.33487 0 11 12 31 33 58 59 
33 3 0 -14 1.68128 0 12 13 32 59 60 34 
34 3 0 -14 2.02769 0 13 33 60 14 35 61 
35 3 0 -14 2.3741 0 14 15 34 36 61 62 
36 3 0 -14 2.72051 0 15 16 35 37 62 63 
37 3 0 -14 3.06692 0 16 36 38 63 64 
38 3 0 -14 3.41333 0 37 39 64 65 
39 3 0 -14 3.75974 0 38 65 66 40 
40 3 0 -14 4.10615 0 39 66 67 
41 4 0 -13.7 -4.72731 0 42 72 73 
42 4 0 -13.7 -4.3809 0 41 43 73 74 
43 4 0 -13.7 -4.03449 0 42 74 17 44 75 
44 4 0 -13.7 -3.68808 0 43 17 18 45 75 76 
45 4 0 -13.7 -3.34167 0 18 19 44 46 76 77 
46 4 0 -13.7 -2.99526 0 19 20 45 47 77 78 
47 4 0 -13.7 -2.64885 0 20 21 46 48 78 79 
48 4 0 -13.7 -2.30244 0 21 22 47 79 80 49 
49 4 0 -13.7 -1.95603 0 22 48 80 23 50 81 
50 4 0 -13.7 -1.60962 0 23 24 49 51 81 82 
51 4 0 -13.7 -1.26321 0 24 25 50 52 82 83 
52 4 0 -13.7 -0.916799 0 25 26 51 53 83 84 
53 4 0 -13.7 -0.570388 0 26 27 52 54 84 85 
54 4 0 -13.7 -0.223978 0 27 28 53 85 86 
55 3 0 -13.7 0.122432 0 29 56 87 
56 3 0 -13.7 0.468842 0 29 30 55 57 87 88 
57 3 0 -13.7 0.815252 0 30 31 56 58 88 89 
58 3 0 -13.7 1.16166 0 31 32 57 59 89 90 
59 3 0 -13.7 1.50807 0 32 33 58 60 90 91 
60 3 0 -13.7 1.85448 0 33 59 91 34 61 92 
61 3 0 -13.7 2.20089 0 60 34 35 62 92 93 
62 3 0 -13.7 2.5473 0 35 36 61 63 93 94 
63 3 0 -13.7 2.89371 0 36 37 62 64 94 95 
64 3 0 -13.7 3.24012 0 37 38 63 65 95 96 
65 3 0 -13.7 3.58653 0 38 39 64 66 96 97 
66 3 0 -13.7 3.93294 0 39 65 97 40 67 98 
67 3 0 -13.7 4.27935 0 66 40 68 98 99 
68 3 0 -13.7 4.62576 0 67 69 99 100 
69 3 0 -13.7 4.97217 0 68 100 101 
70 4 0 -13.4 -5.59334 0 71 104 105 
71 4 0 -13.4 -5.24693 0 70 72 105 106 
72 4 0 -13.4 -4.90052 0 41 71 73 106 107 
73 4 0 -13.4 -4.55411 0 41 42 72 74 107 108 
74 4 0 -13.4 -4.2077 0 42 43 73 108 109 75 
75 4 0 -13.4 -3.86128 0 43 74 109 44 76 110 
76 4 0 -13.4 -3.51487 0 44 45 75 77 110 111 
77 4 0 -13.4 -3.16846 0 45 46 76 78 111 112 
78 4 0 -13.4 -2.82205 0 46 47 77 79 112 113 
79 4 0 -13.4 -2.47564 0 47 48 78 80 113 114 
80 4 0 -13.4 -2.12923 0 48 79 114 49 81 115 
81 4 0 -13.4 -1.78282 0 80 49 50 82 115 116 
82 4 0 -13.4 -1.43641 0 50 51 81 83 116 117 
83 4 0 -13.4 -1.09 0 51 52 82 84 117 118 
84 4 0 -13.4 -0.743594 0 52 53 83 85 118 119 
85 4 0 -13.4 -0.397183 0 53 54 84 86 119 120 
86 4 0 -13.4 -0.0507732 0 54 85 120 
87 3 0 -13.4 0.295637 0 55 56 88 121 122 
88 3 0 -13.4 0.642047 0 56 57 87 89 122 123 
89 3 0 -13.4 0.988457 0 57 58 88 90 123 124 
90 3 0 -13.4 1.33487 0 58 59 89 91 124 125 
91 3 0 -13.4 1.68128 0 59 60 90 125 126 92 
92 3 0 -13.4 2.02769 0 60 91 126 61 93 127 
93 3 0 -13.4 2.3741 0 61 62 92 94 127 128 
94 3 0 -13.4 2.72051 0 62 63 93 95 128 129 
95 3 0 -13.4 3.06692 0 63 64 94 96 129 130 
96 3 0 -13.4 3.41333 0 64 65 95 97 130 131 
97 3 0 -13.4 3.75974 0 65 66 96 131 132 98 
98 3 0 -13.4 4.10615 0 66 97 132 67 99 133 
99 3 0 -13.4 4.45256 0 67 68 98 100 133 134 
100 3 0 -13.4 4.79897 0 68 69 99 101 134 135 
101 3 0 -13.4 5.14538 0 69 100 102 135 136 
102 3 0 -13.4 5.49179 0 101 136 137 
103 4 0 -13.1 -6.11295 0 142 104 143 
104 4 0 -13.1 -5.76654 0 103 70 105 143 144 
105 4 0 -13.1 -5.42013 0 70 71 104 106 144 145 
106 4 0 -13.1 -5.07372 0 71 72 105 107 145 146 
107 4 0 -13.1 -4.72731 0 72 73 106 108 146 147 
108 4 0 -13.1 -4.3809 0 73 74 107 109 147 148 
109 4 0 -13.1 -4.03449 0 74 108 148 75 110 149 
110 4 0 -13.1 -3.68808 0 109 75 76 111 149 150 
111 4 0 -13.1 -3.34167 0 76 77 110 112 150 151 
112 4 0 -13.1 -2.99526 0 77 78 111 113 151 152 
113 4 0 -13.1 -2.64885 0 78 79 112 114 152 153 
114 4 0 -13.1 -2.30244 0 79 80 113 153 154 115 
115 4 0 -13.1 -1.95603 0 80 114 154 81 116 155 
116 4 0 -13.1 -1.60962 0 81 82 115 117 155 156 
117 4 0 -13.1 -1.26321 0 82 83 116 118 156 157 
118 4 0 -13.1 -0.916799 0 83 84 117 119 157 158 
119 4 0 -13.1 -0.570388 0 84 85 118 120 158 159 
120 4 0 -13.1 -0.223978 0 85 86 119 159 160 
121 3 0 -13.1 0.122432 0 87 122 161 
122 3 0 -13.1 0.468842 0 87 88 121 123 161 162 
123 3 0 -13.1 0.815252 0 88 89 122 124 162 163 
124 3 0 -13.1 1.16166 0 89 90 123 125 163 164 
125 3 0 -13.1 1.50807 0 90 91 124 126 164 165 
126 3 0 -13.1 1.85448 0 91 125 165 92 127 166 
127 3 0 -13.1 2.20089 0 126 92 93 128 166 167 
128 3 0 -13.1 2.5473 0 93 94 127 129 167 168 
129 3 0 -13.1 2.89371 0 94 95 128 130 168 169 
130 3 0 -13.1 3.24012 0 95 96 129 131 169 170 
131 3 0 -13.1 3.58653 0 96 97 130 132 170 171 
132 3 0 -13.1 3.93294 0 97 131 171 98 133 172 
133 3 0 -13.1 4.27935 0 132 98 99 134 172 173 
134 3 0 -13.1 4.62576 0 99 100 133 135 173 174 
135 3 0 -13.1 4.97217 0 100 101 134 136 174 175 
136 3 0 -13.1 5.31858 0 101 102 135 137 175 176 
137 3 0 -13.1 5.66499 0 102 136 176 177 138 
138 3 0 -13.1 6.0114 0 137 177 139 178 
139 3 0 -13.1 6.35781 0 138 178 179 
140 4 0 -12.8 -6.97898 0 141 182 183 
141 4 0 -12.8 -6.63257 0 140 142 183 184 
142 4 0 -12.8 -6.28616 0 103 141 184 185 143 
143 4 0 -12.8 -5.93975 0 103 142 185 104 144 186 
144 4 0 -12.8 -5.59334 0 104 105 143 145 186 187 
145 4 0 -12.8 -5.24693 0 105 106 144 146 187 188 
146 4 0 -12.8 -4.90052 0 106 107 145 147 188 189 
147 4 0 -12.8 -4.55411 0 107 108 146 148 189 190 
148 4 0 -12.8 -4.2077 0 108 109 147 190 191 149 
149 4 0 -12.8 -3.86128 0 109 148 191 110 150 192 
150 4 0 -12.8 -3.51487 0 110 111 149 151 192 193 
151 4 0 -12.8 -3.16846 0 111 112 150 152 193 194 
152 4 0 -12.8 -2.82205 0 112 113 151 153 194 195 
153 4 0 -12.8 -2.47564 0 113 114 152 154 195 196 
154 4 0 -12.8 -2.12923 0 114 153 196 115 155 197 
155 4 0 -12.8 -1.78282 0 154 115 116 156 197 198 
156 4 0 -12.8 -1.43641 0 116 117 155 157 198 199 
157 4 0 -12.8 -1.09 0 117 118 156 158 199 200 
158 4 0 -12.8 -0.743594 0 118 119 157 159 200 201 
159 4 0 -12.8 -0.397183 0 119 120 158 160 201 202 
160 4 0 -12.8 -0.0507732 0 120 159 202 
161 3 0 -12.8 0.295637 0 121 122 162 203 204 
162 3 0 -12.8 0.642047 0 122 123 161 163 204 205 
163 3 0 -12.8 0.988457 0 123 124 162 164 205 206 
164 3 0 -12.8 1.33487 0 124 125 163 165 206 207 
165 3 0 -12.8 1.68128 0 125 126 164 207 208 166 
166 3 0 -12.8 2.02769 0 126 165 208 127 167 209 
167 3 0 -12.8 2.3741 0 127 128 166 168 209 210 
168 3 0 -12.8 2.72051 0 128 129 167 169 210 211 
169 3 0 -12.8 3.06692 0 129 130 168 170 211 212 
170 3 0 -12.8 3.41333 0 130 131 169 171 212 213 
171 3 0 -12.8 3.75974 0 131 132 170 213 214 172 
172 3 0 -12.8 4.10615 0 132 171 214 133 173 215 
173 3 0 -12.8 4.45256 0 133 134 172 174 215 216 
174 3 0 -12.8 4.79897 0 134 135 173 175 216 217 
175 3 0 -12.8 5.14538 0 135 136 174 176 217 218 
176 3 0 -12.8 5.49179 0 136 137 175 177 218 219 
177 3 0 -12.8 5.8382 0 137 176 219 138 178 220 
178 3 0 -12.8 6.18461 0 177 138 139 179 220 221 
179 3 0 -12.8 6.53102 0 139 178 180 221 222 
180 3 0 -12.8 6.87743 0 179 222 223 
181 4 0 -12.5 -7.49859 0 182 226 227 
182 4 0 -12.5 -7.15218 0 140 181 183 227 228 
183 4 0 -12.5 -6.80577 0 140 141 182 184 228 229 
184 4 0 -12.5 -6.45936 0 141 142 183 185 229 230 
185 4 0 -12.5 -6.11295 0 142 184 230 143 186 231 
186 4 0 -12.5 -5.76654 0 185 143 144 187 231 232 
187 4 0 -12.5 -5.42013 0 144 145 186 188 232 233 
188 4 0 -12.5 -5.07372 0 145 146 187 189 233 234 
189 4 0 -12.5 -4.72731 0 146 147 188 190 234 235 
190 4 0 -12.5 -4.3809 0 147 148 189 191 235 236 
191 4 0 -12.5 -4.03449 0 148 190 236 149 192 237 
192 4 0 -12.5 -3.68808 0 191 149 150 193 237 238 
193 4 0 -12.5 -3.34167 0 150 151 192 194 238 239 
194 4 0 -12.5 -2.99526 0 151 152 193 195 239 240 
195 4 0 -12.5 -2.64885 0 152 153 194 196 240 241 
196 4 0 -12.5 -2.30244 0 153 154 195 241 242 197 
197 4 0 -12.5 -1.95603 0 154 196 242 155 198 243 
198 4 0 -12.5 -1.60962 0 155 156 197 199 243 244 
199 4 0 -12.5 -1.26321 0 156 157 198 200 244 245 
200 4 0 -12.5 -0.916799 0 157 158 199 201 245 246 
201 4 0 -12.5 -0.570388 0 158 159 200 202 246 247 
202 4 0 -12.5 -0.223978 0 159 160 201 247 248 
203 3 0 -12.5 0.122432 0 161 204 249 
204 3 0 -12.5 0.468842 0 161 162 203 205 249 250 
205 3 0 -12.5 0.815252 0 162 163 204 206 250 251 
206 3 0 -12.5 1.16166 0 163 164 205 207 251 252 
207 3 0 -12.5 1.50807 0 164 165 206 208 252 253 
208 3 0 -12.5 1.85448 0 165 207 253 166 209 254 
209 3 0 -12.5 2.20089 0 208 166 167 210 254 255 
210 3 0 -12.5 2.5473 0 167 168 209 211 255 256 
211 3 0 -12.5 2.89371 0 168 169 210 212 256 257 
212 3 0 -12.5 3.24012 0 169 170 211 213 257 258 
213 3 0 -12.5 3.58653 0 170 171 212 214 258 259 
214 3 0 -12.5 3.93294 0 171 213 259 172 215 260 
215 3 0 -12.5 4.27935 0 214 172 173 216 260 261 
216 3 0 -12.5 4.62576 0 173 174 215 217 261 262 
217 3 0 -12.5 4.97217 0 174 175 216 218 262 263 
218 3 0 -12.5 5.31858 0 175 176 217 219 263 264 
219 3 0 -12.5 5.66499 0 176 177 218 264 265 220 
220 3 0 -12.5 6.0114 0 177 219 265 178 221 266 
221 3 0 -12.5 6.35781 0 178 179 220 222 266 267 
222 3 0 -12.5 6.70422 0 179 180 221 223 267 268 
223 3 0 -12.5 7.05064 0 180 222 224 268 269 
224 3 0 -12.5 7.39705 0 223 269 270 
225 4 0 -12.2 -8.01821 0 272 226 273 
226 4 0 -12.2 -7.6718 0 225 181 227 273 274 
227 4 0 -12.2 -7.32539 0 181 182 226 228 274 275 
228 4 0 -12.2 -6.97898 0 182 183 227 229 275 276 
229 4 0 -12.2 -6.63257 0 183 184 228 230 276 277 
230 4 0 -12.2 -6.28616 0 184 185 229 277 278 231 
231 4 0 -12.2 -5.93975 0 185 230 278 186 232 279 
232 4 0 -12.2 -5.59334 0 186 187 231 233 279 280 
233 4 0 -12.2 -5.24693 0 187 188 232 234 280 281 
234 4 0 -12.2 -4.90052 0 188 189 233 235 281 282 
235 4 0 -12.2 -4.55411 0 189 190 234 236 282 283 
236 4 0 -12.2 -4.2077 0 190 191 235 283 284 237 
237 4 0 -12.2 -3.86128 0 191 236 284 192 238 285 
238 4 0 -12.2 -3.51487 0 192 193 237 239 285 286 
239 4 0 -12.2 -3.16846 0 193 194 238 240 286 287 
240 4 0 -12.2 -2.82205 0 194 195 239 241 287 288 
241 4 0 -12.2 -2.47564 0 195 196 240 242 288 289 
242 4 0 -12.2 -2.12923 0 196 241 289 197 243 290 
243 4 0 -12.2 -1.78282 0 242 197 198 244 290 291 
244 4 0 -12.2 -1.43641 0 198 199 243 245 291 292 
245 4 0 -12.2 -1.09 0 199 200 244 246 292 293 
246 4 0 -12.2 -0.743594 0 200 201 245 247 293 294 
247 4 0 -12.2 -0.397183 0 201 202 246 248 294 295 
248 4 0 -12.2 -0.0507732 0 202 247 295 
249 3 0 -12.2 0.295637 0 203 204 250 296 297 
250 3 0 -12.2 0.642047 0 204 205 249 251 297 298 
251 3 0 -12.2 0.988457 0 205 206 250 252 298 299 
252 3 0 -12.2 1.33487 0 206 207 251 253 299 300 
253 3 0 -12.2 1.68128 0 207 208 252 300 301 254 
254 3 0 -12.2 2.02769 0 208 253 301 209 255 302 
255 3 0 -12.2 2.3741 0 209 210 254 256 302 303 
256 3 0 -12.2 2.72051 0 210 211 255 257 303 304 
257 3 0 -12.2 3.06692 0 211 212 256 258 304 305 
258 3 0 -12.2 3.41333 0 212 213 257 259 305 306 
259 3 0 -12.2 3.75974 0 213 214 258 306 307 260 
260 3 0 -12.2 4.10615 0 214 259 307 215 261 308 
261 3 0 -12.2 4.45256 0 215 216 260 262 308 309 
262 3 0 -12.2 4.79897 0 216 217 261 263 309 310 
263 3 0 -12.2 5.14538 0 217 218 262 264 310 311 
264 3 0 -12.2 5.49179 0 218 219 263 265 311 312 
265 3 0 -12.2 5.8382 0 219 264 312 220 266 313 
266 3 0 -12.2 6.18461 0 265 220 221 267 313 314 
267 3 0 -12.2 6.53102 0 221 222 266 268 314 315 
268 3 0 -12.2 6.87743 0 222 223 267 269 315 316 
269 3 0 -12.2 7.22384 0 223 224 268 270 316 317 
270 3 0 -12.2 7.57025 0 224 269 271 317 318 
271 3 0 -12.2 7.91666 0 270 318 319 
272 4 0 -11.9 -8.19141 0 225 322 323 273 
273 4 0 -11.9 -7.845 0 225 272 323 226 274 324 
274 4 0 -11.9 -7.49859 0 226 227 273 275 324 325 
275 4 0 -11.9 -7.15218 0 227 228 274 276 325 326 
276 4 0 -11.9 -6.80577 0 228 229 275 277 326 327 
277 4 0 -11.9 -6.45936 0 229 230 276 278 327 328 
278 4 0 -11.9 -6.11295 0 230 277 328 231 279 329 
279 4 0 -11.9 -5.76654 0 278 231 232 280 329 330 
280 4 0 -11.9 -5.42013 0 232 233 279 281 330 331 
281 4 0 -11.9 -5.07372 0 233 234 280 282 331 332 
282 4 0 -11.9 -4.72731 0 234 235 281 283 332 333 
283 4 0 -11.9 -4.3809 0 235 236 282 284 333 334 
284 4 0 -11.9 -4.03449 0 236 283 334 237 285 335 
285 4 0 -11.9 -3.68808 0 284 237 238 286 335 336 
286 4 0 -11.9 -3.34167 0 238 239 285 287 336 337 
287 4 0 -11.9 -2.99526 0 239 240 286 288 337 338 
288 4 0 -11.9 -2.64885 0 240 241 287 289 338 339 
289 4 0 -11.9 -2.30244 0 241 242 288 339 340 290 
290 4 0 -11.9 -1.95603 0 242 289 340 243 291 341 
291 4 0 -11.9 -1.60962 0 243 244 290 292 341 342 
292 4 0 -11.9 -1.26321 0 244 245 291 293 342 343 
293 4 0 -11.9 -0.916799 0 245 246 292 294 343 344 
294 4 0 -11.9 -0.570388 0 246 247 293 295 344 345 
295 4 0 -11.9 -0.223978 0 247 248 294 345 346 
296 3 0 -11.9 0.122432 0 249 297 347 
297 3 0 -11.9 0.468842 0 249 250 296 298 347 348 
298 3 0 -11.9 0.815252 0 250 251 297 299 348 349 
299 3 0 -11.9 1.16166 0 251 252 298 300 349 350 
300 3 0 -11.9 1.50807 0 252 253 299 301 350 351 
301 3 0 -11.9 1.85448 0 253 300 351 254 302 352 
302 3 0 -11.9 2.20089 0 301 254 255 303 352 353 
303 3 0 -11.9 2.5473 0 255 256 302 304 353 354 
304 3 0 -11.9 2.89371 0 256 257 303 305 354 355 
305 3 0 -11.9 3.24012 0 257 258 304 306 355 356 
306 3 0 -11.9 3.58653 0 258 259 305 307 356 357 
307 3 0 -11.9 3.93294 0 259 306 357 260 308 358 
308 3 0 -11.9 4.27935 0 307 260 261 309 358 359 
309 3 0 -11.9 4.62576 0 261 262 308 310 359 360 
310 3 0 -11.9 4.97217 0 262 263 309 311 360 361 
311 3 0 -11.9 5.31858 0 263 264 310 312 361 362 
312 3 0 -11.9 5.66499 0 264 265 311 362 363 313 
313 3 0 -11.9 6.0114 0 265 312 363 266 314 364 
314 3 0 -11.9 6.35781 0 266 267 313 315 364 365 
315 3 0 -11.9 6.70422 0 267 268 314 316 365 366 
316 3 0 -11.9 7.05064 0 268 269 315 317 366 367 
317 3 0 -11.9 7.39705 0 269 270 316 318 367 368 
318 3 0 -11.9 7.74346 0 270 271 317 368 369 319 
319 3 0 -11.9 8.08987 0 271 318 369 320 370 
320 3 0 -11.9 8.43628 0 319 370 371 
321 4 0 -11.6 -8.71103 0 322 373 374 
322 4 0 -11.6 -8.36462 0 272 321 323 374 375 
323 4 0 -11.6 -8.01821 0 272 322 375 273 324 376 
324 4 0 -11.6 -7.6718 0 323 273 274 325 376 377 
325 4 0 -11.6 -7.32539 0 274 275 324 326 377 378 
326 4 0 -11.6 -6.97898 0 275 276 325 327 378 379 
327 4 0 -11.6 -6.63257 0 276 277 326 328 379 380 
328 4 0 -11.6 -6.28616 0 277 278 327 380 381 329 
329 4 0 -11.6 -5.93975 0 278 328 381 279 330 382 
330 4 0 -11.6 -5.59334 0 279 280 329 331 382 383 
331 4 0 -11.6 -5.24693 0 280 281 330 332 383 384 
332 4 0 -11.6 -4.90052 0 281 282 331 333 384 385 
333 4 0 -11.6 -4.55411 0 282 283 332 334 385 386 
334 4 0 -11.6 -4.2077 0 283 284 333 386 387 335 
335 4 0 -11.6 -3.86128 0 284 334 387 285 336 388 
336 4 0 -11.6 -3.51487 0 285 286 335 337 388 389 
337 4 0 -11.6 -3.16846 0 286 287 336 338 389 390 
338 4 0 -11.6 -2.82205 0 287 288 337 339 390 391 
339 4 0 -11.6 -2.47564 0 288 289 338 340 391 392 
340 4 0 -11.6 -2.12923 0 289 339 392 290 341 393 
341 4 0 -11.6 -1.78282 0 340 290 291 342 393 394 
342 4 0 -11.6 -1.43641 0 291 292 341 343 394 395 
343 4 0 -11.6 -1.09 0 292 293 342 344 395 396 
344 4 0 -11.6 -0.743594 0 293 294 343 345 396 397 
345 4 0 -11.6 -0.397183 0 294 295 344 346 397 398 
346 4 0 -11.6 -0.0507732 0 295 345 398 
347 3 0 -11.6 0.295637 0 296 297 348 399 400 
348 3 0 -11.6 0.642047 0 297 298 347 349 400 401 
349 3 0 -11.6 0.988457 0 298 299 348 350 401 402 
350 3 0 -11.6 1.33487 0 299 300 349 351 402 403 
351 3 0 -11.6 1.68128 0 300 301 350 403 404 352 
352 3 0 -11.6 2.02769 0 301 351 404 302 353 405 
353 3 0 -11.6 2.3741 0 302 303 352 354 405 406 
354 3 0 -11.6 2.72051 0 303 304 353 355 406 407 
355 3 0 -11.6 3.06692 0 304 305 354 356 407 408 
356 3 0 -11.6 3.41333 0 305 306 355 357 408 409 
357 3 0 -11.6 3.75974 0 306 307 356 409 410 358 
358 3 0 -11.6 4.10615 0 307 357 410 308 359 411 
359 3 0 -11.6 4.45256 0 308 309 358 360 411 412 
360 3 0 -11.6 4.79897 0 309 310 359 361 412 413 
361 3 0 -11.6 5.14538 0 310 311 360 362 413 414 
362 3 0 -11.6 5.49179 0 311 312 361 363 414 415 
363 3 0 -11.6 5.8382 0 312 362 415 313 364 416 
364 3 0 -11.6 6.18461 0 363 313 314 365 416 417 
365 3 0 -11.6 6.53102 0 314 315 364 366 417 418 
366 3 0 -11.6 6.87743 0 315 316 365 367 418 419 
367 3 0 -11.6 7.22384 0 316 317 366 368 419 420 
368 3 0 -11.6 7.57025 0 317 318 367 369 420 421 
369 3 0 -11.6 7.91666 0 318 368 421 319 370 422 
370 3 0 -11.6 8.26307 0 369 319 320 371 422 423 
371 3 0 -11.6 8.60948 0 320 370 423 424 
372 4 0 -11.3 -9.23064 0 373 426 427 
373 4 0 -11.3 -8.88423 0 321 372 374 427 428 
374 4 0 -11.3 -8.53782 0 321 322 373 375 428 429 
375 4 0 -11.3 -8.19141 0 322 323 374 429 430 376 
376 4 0 -11.3 -7.845 0 323 375 430 324 377 431 
377 4 0 -11.3 -7.49859 0 324 325 376 378 431 432 
378 4 0 -11.3 -7.15218 0 325 326 377 379 432 433 
379 4 0 -11.3 -6.80577 0 326 327 378 380 433 434 
380 4 0 -11.3 -6.45936 0 327 328 379 381 434 435 
381 4 0 -11.3 -6.11295 0 328 380 435 329 382 436 
382 4 0 -11.3 -5.76654 0 381 329 330 383 436 437 
383 4 0 -11.3 -5.42013 0 330 331 382 384 437 438 
384 4 0 -11.3 -5.07372 0 331 332 383 385 438 439 
385 4 0 -11.3 -4.72731 0 332 333 384 386 439 440 
386 4 0 -11.3 -4.3809 0 333 334 385 387 440 441 
387 4 0 -11.3 -4.03449 0 334 386 441 335 388 442 
388 4 0 -11.3 -3.68808 0 387 335 336 389 442 443 
389 4 0 -11.3 -3.34167 0 336 337 388 390 443 444 
390 4 0 -11.3 -2.99526 0 337 338 389 391 444 445 
391 4 0 -11.3 -2.64885 0 338 339 390 392 445 446 
392 4 0 -11.3 -2.30244 0 339 340 391 446 447 393 
393 4 0 -11.3 -1.95603 0 340 392 447 341 394 448 
394 4 0 -11.3 -1.60962 0 341 342 393 395 448 449 
395 4 0 -11.3 -1.26321 0 342 343 394 396 449 450 
396 4 0 -11.3 -0.916799 0 343 344 395 397 450 451 
397 4 0 -11.3 -0.570388 0 344 345 396 398 451 452 
398 4 0 -11.3 -0.223978 0 345 346 397 452 453 
399 3 0 -11.3 0.122432 0 347 400 454 
400 3 0 -11.3 0.468842 0 347 348 399 401 454 455 
401 3 0 -11.3 0.815252 0 348 349 400 402 455 456 
402 3 0 -11.3 1.16166 0 349 350 401 403 456 457 
403 3 0 -11.3 1.50807 0 350 351 402 404 457 458 
404 3 0 -11.3 1.85448 0 351 403 458 352 405 459 
405 3 0 -11.3 2.20089 0 404 352 353 406 459 460 
406 3 0 -11.3 2.5473 0 353 354 405 407 460 461 
407 3 0 -11.3 2.89371 0 354 355 406 408 461 462 
408 3 0 -11.3 3.24012 0 355 356 407 409 462 463 
409 3 0 -11.3 3.58653 0 356 357 408 410 463 464 
410 3 0 -11.3 3.93294 0 357 409 464 358 411 465 
411 3 0 -11.3 4.27935 0 410 358 359 412 465 466 
412 3 0 -11.3 4.62576 0 359 360 411 413 466 467 
413 3 0 -11.3 4.97217 0 360 361 412 414 467 468 
414 3 0 -11.3 5.31858 0 361 362 413 415 468 469 
415 3 0 -11.3 5.66499 0 362 363 414 469 470 416 
416 3 0 -11.3 6.0114 0 363 415 470 364 417 471 
417 3 0 -11.3 6.35781 0 364 365 416 418 471 472 
418 3 0 -11.3 6.70422 0 365 366 417 419 472 473 
419 3 0 -11.3 7.05064 0 366 367 418 420 473 474 
420 3 0 -11.3 7.39705 0 367 368 419 421 474 475 
421 3 0 -11.3 7.74346 0 368 369 420 475 476 422 
422 3 0 -11.3 8.08987 0 369 421 476 370 423 477 
423 3 0 -11.3 8.43628 0 370 371 422 424 477 478 
424 3 0 -11.3 8.78269 0 371 423 425 478 479 
425 3 0 -11.3 9.1291 0 424 479 480 
426 4 0 -11 -9.40385 0 372 427 482 483 
427 4 0 -11 -9.05744 0 372 373 426 428 483 484 
428 4 0 -11 -8.71103 0 373 374 427 429 484 485 
429 4 0 -11 -8.36462 0 374 375 428 430 485 486 
430 4 0 -11 -8.01821 0 375 429 486 376 431 487 
431 4 0 -11 -7.6718 0 430 376 377 432 487 488 
432 4 0 -11 -7.32539 0 377 378 431 433 488 489 
433 4 0 -11 -6.97898 0 378 379 432 434 489 490 
434 4 0 -11 -6.63257 0 379 380 433 435 490 491 
435 4 0 -11 -6.28616 0 380 381 434 491 492 436 
436 4 0 -11 -5.93975 0 381 435 492 382 437 493 
437 4 0 -11 -5.59334 0 382 383 436 438 493 494 
438 4 0 -11 -5.24693 0 383 384 437 439 494 495 
439 4 0 -11 -4.90052 0 384 385 438 440 495 496 
440 4 0 -11 -4.55411 0 385 386 439 441 496 497 
441 4 0 -11 -4.2077 0 386 387 440 497 498 442 
442 4 0 -11 -3.86128 0 387 441 498 388 443 499 
443 4 0 -11 -3.51487 0 388 389 442 444 499 500 
444 4 0 -11 -3.16846 0 389 390 443 445 500 501 
445 4 0 -11 -2.82205 0 390 391 444 446 501 502 
446 4 0 -11 -2.47564 0 391 392 445 447 502 503 
447 4 0 -11 -2.12923 0 392 446 503 393 448 504 
448 4 0 -11 -1.78282 0 447 393 394 449 504 505 
449 4 0 -11 -1.43641 0 394 395 448 450 505 506 
450 4 0 -11 -1.09 0 395 396 449 451 506 507 
451 4 0 -11 -0.743594 0 396 397 450 452 507 508 
452 4 0 -11 -0.397183 0 397 398 451 453 508 509 
453 4 0 -11 -0.0507732 0 398 452 509 
454 3 0 -11 0.295637 0 399 400 455 510 511 
455 3 0 -11 0.642047 0 400 401 454 456 511 512 
456 3 0 -11 0.988457 0 401 402 455 457 512 513 
457 3 0 -11 1.33487 0 402 403 456 458 513 514 
458 3 0 -11 1.68128 0 403 404 457 514 515 459 
459 3 0 -11 2.02769 0 404 458 515 405 460 516 
460 3 0 -11 2.3741 0 405 406 459 461 516 517 
461 3 0 -11 2.72051 0 406 407 460 462 517 518 
462 3 0 -11 3.06692 0 407 408 461 463 518 519 
463 3 0 -11 3.41333 0 408 409 462 464 519 520 
464 3 0 -11 3.75974 0 409 410 463 520 521 465 
465 3 0 -11 4.10615 0 410 464 521 411 466 522 
466 3 0 -11 4.45256 0 411 412 465 467 522 523 
467 3 0 -11 4.79897 0 412 413 466 468 523 524 
468 3 0 -11 5.14538 0 413 414 467 469 524 525 
469 3 0 -11 5.49179 0 414 415 468 470 525 526 
470 3 0 -11 5.8382 0 415 469 526 416 471 527 
471 3 0 -11 6.18461 0 470 416 417 472 527 528 
472 3 0 -11 6.53102 0 417 418 471 473 528 529 
473 3 0 -11 6.87743 0 418 419 472 474 529 530 
474 3 0 -11 7.22384 0 419 420 473 475 530 531 
475 3 0 -11 7.57025 0 420 421 474 476 531 532 
476 3 0 -11 7.91666 0 421 475 532 422 477 533 
477 3 0 -11 8.26307 0 476 422 423 478 533 534 
478 3 0 -11 8.60948 0 423 424 477 479 534 535 
479 3 0 -11 8.95589 0 424 425 478 480 535 536 
480 3 0 -11 9.3023 0 425 479 536 537 
481 4 0 -10.7 -9.92346 0 539 482 540 
482 4 0 -10.7 -9.57705 0 426 481 483 540 541 
483 4 0 -10.7 -9.23064 0 426 427 482 484 541 542 
484 4 0 -10.7 -8.88423 0 427 428 483 485 542 543 
485 4 0 -10.7 -8.53782 0 428 429 484 486 543 544 
486 4 0 -10.7 -8.19141 0 429 430 485 544 545 487 
487 4 0 -10.7 -7.845 0 430 486 545 431 488 546 
488 4 0 -10.7 -7.49859 0 431 432 487 489 546 547 
489 4 0 -10.7 -7.15218 0 432 433 488 490 547 548 
490 4 0 -10.7 -6.80577 0 433 434 489 491 548 549 
491 4 0 -10.7 -6.45936 0 434 435 490 492 549 550 
492 4 0 -10.7 -6.11295 0 435 491 550 436 493 551 
493 4 0 -10.7 -5.76654 0 492 436 437 494 551 552 
494 4 0 -10.7 -5.42013 0 437 438 493 495 552 553 
495 4 0 -10.7 -5.07372 0 438 439 494 496 553 554 
496 4 0 -10.7 -4.72731 0 439 440 495 497 554 555 
497 4 0 -10.7 -4.3809 0 440 441 496 498 555 556 
498 4 0 -10.7 -4.03449 0 441 497 556 442 499 557 
499 4 0 -10.7 -3.68808 0 498 442 443 500 557 558 
500 4 0 -10.7 -3.34167 0 443 444 499 501 558 559 
501 4 0 -10.7 -2.99526 0 444 445 500 502 559 560 
502 4 0 -10.7 -2.64885 0 445 446 501 503 560 561 
503 4 0 -10.7 -2.30244 0 446 447 502 561 562 504 
504 4 0 -10.7 -1.95603 0 447 503 562 448 505 563 
505 4 0 -10.7 -1.60962 0 448 449 504 506 563 564 
506 4 0 -10.7 -1.26321 0 449 450 505 507 564 565 
507 4 0 -10.7 -0.916799 0 450 451 506 508 565 566 
508 4 0 -10.7 -0.570388 0 451 452 507 509 566 567 
509 4 0 -10.7 -0.223978 0 452 453 508 567 568 
510 3 0 -10.7 0.122432 0 454 511 569 
511 3 0 -10.7 0.468842 0 454 455 510 512 569 570 
512 3 0 -10.7 0.815252 0 455 456 511 513 570 571 
513 3 0 -10.7 1.16166 0 456 457 512 514 571 572 
514 3 0 -10.7 1.50807 0 457 458 513 515 572 573 
515 3 0 -10.7 1.85448 0 458 514 573 459 516 574 
516 3 0 -10.7 2.20089 0 515 459 460 517 574 575 
517 3 0 -10.7 2.5473 0 460 461 516 518 575 576 
518 3 0 -10.7 2.89371 0 461 462 517 519 576 577 
519 3 0 -10.7 3.24012 0 462 463 518 520 577 578 
520 3 0 -10.7 3.58653 0 463 464 519 521 578 579 
521 3 0 -10.7 3.93294 0 464 520 579 465 522 580 
522 3 0 -10.7 4.27935 0 521 465 466 523 580 581 
523 3 0 -10.7 4.62576 0 466 467 522 524 581 582 
524 3 0 -10.7 4.97217 0 467 468 523 525 582 583 
525 3 0 -10.7 5.31858 0 468 469 524 526 583 584 
526 3 0 -10.7 5.66499 0 469 470 525 584 585 527 
527 3 0 -10.7 6.0114 0 470 526 585 471 528 586 
528 3 0 -10.7 6.35781 0 471 472 527 529 586 587 
529 3 0 -10.7 6.70422 0 472 473 528 530 587 588 
530 3 0 -10.7 7.05064 0 473 474 529 531 588 589 
531 3 0 -10.7 7.39705 0 474 475 530 532 589 590 
532 3 0 -10.7 7.74346 0 475 476 531 590 591 533 
533 3 0 -10.7 8.08987 0 476 532 591 477 534 592 
534 3 0 -10.7 8.43628 0 477 478 533 535 592 593 
535 3 0 -10.7 8.78269 0 478 479 534 536 593 594 
536 3 0 -10.7 9.1291 0 479 480 535 537 594 595 
537 3 0 -10.7 9.47551 0 480 536 538 595 596 
538 3 0 -10.7 9.82192 0 537 596 597 
539 4 0 -10.4 -10.0967 0 481 540 599 
540 4 0 -10.4 -9.75026 0 539 481 482 541 599 600 
541 4 0 -10.4 -9.40385 0 482 483 540 542 600 601 
542 4 0 -10.4 -9.05744 0 483 484 541 543 601 602 
543 4 0 -10.4 -8.71103 0 484 485 542 544 602 603 
544 4 0 -10.4 -8.36462 0 485 486 543 545 603 604 
545 4 0 -10.4 -8.01821 0 486 544 604 487 546 605 
546 4 0 -10.4 -7.6718 0 545 487 488 547 605 606 
547 4 0 -10.4 -7.32539 0 488 489 546 548 606 607 
548 4 0 -10.4 -6.97898 0 489 490 547 549 607 608 
549 4 0 -10.4 -6.63257 0 490 491 548 550 608 609 
550 4 0 -10.4 -6.28616 0 491 492 549 609 610 551 
551 4 0 -10.4 -5.93975 0 492 550 610 493 552 611 
552 4 0 -10.4 -5.59334 0 493 494 551 553 611 612 
553 4 0 -10.4 -5.24693 0 494 495 552 554 612 613 
554 4 0 -10.4 -4.90052 0 495 496 553 555 613 614 
555 4 0 -10.4 -4.55411 0 496 497 554 556 614 615 
556 4 0 -10.4 -4.2077 0 497 498 555 615 616 557 
557 4 0 -10.4 -3.86128 0 498 556 616 499 558 617 
558 4 0 -10.4 -3.51487 0 499 500 557 559 617 618 
559 4 0 -10.4 -3.16846 0 500 501 558 560 618 619 
560 4 0 -10.4 -2.82205 0 501 502 559 561 619 620 
561 4 0 -10.4 -2.47564 0 502 503 560 562 620 621 
562 4 0 -10.4 -2.12923 0 503 561 621 504 563 622 
563 4 0 -10.4 -1.78282 0 562 504 505 564 622 623 
564 4 0 -10.4 -1.43641 0 505 506 563 565 623 624 
565 4 0 -10.4 -1.09 0 506 507 564 566 624 625 
566 4 0 -10.4 -0.743594 0 507 508 565 567 625 626 
567 4 0 -10.4 -0.397183 0 508 509 566 568 626 627 
568 4 0 -10.4 -0.0507732 0 509 567 627 
569 3 0 -10.4 0.295637 0 510 511 570 628 629 
570 3 0 -10.4 0.642047 0 511 512 569 571 629 630 
571 3 0 -10.4 0.988457 0 512 513 570 572 630 631 
572 3 0 -10.4 1.33487 0 513 514 571 573 631 632 
573 3 0 -10.4 1.68128 0 514 515 572 632 633 574 
574 3 0 -10.4 2.02769 0 515 573 633 516 575 634 
575 3 0 -10.4 2.3741 0 516 517 574 576 634 635 
576 3 0 -10.4 2.72051 0 517 518 575 577 635 636 
577 3 0 -10.4 3.06692 0 518 519 576 578 636 637 
578 3 0 -10.4 3.41333 0 519 520 577 579 637 638 
579 3 0 -10.4 3.75974 0 520 521 578 638 639 580 
580 3 0 -10.4 4.10615 0 521 579 639 522 581 640 
581 3 0 -10.4 4.45256 0 522 523 580 582 640 641 
582 3 0 -10.4 4.79897 0 523 524 581 583 641 642 
583 3 0 -10.4 5.14538 0 524 525 582 584 642 643 
584 3 0 -10.4 5.49179 0 525 526 583 585 643 644 
585 3 0 -10.4 5.8382 0 526 584 644 527 586 645 
586 3 0 -10.4 6.18461 0 585 527 528 587 645 646 
587 3 0 -10.4 6.53102 0 528 529 586 588 646 647 
588 3 0 -10.4 6.87743 0 529 530 587 589 647 648 
589 3 0 -10.4 7.22384 0 530 531 588 590 648 649 
590 3 0 -10.4 7.57025 0 531 532 589 591 649 650 
591 3 0 -10.4 7.91666 0 532 590 650 533 592 651 
592 3 0 -10.4 8.26307 0 591 533 534 593 651 652 
593 3 0 -10.4 8.60948 0 534 535 592 594 652 653 
594 3 0 -10.4 8.95589 0 535 536 593 595 653 654 
595 3 0 -10.4 9.3023 0 536 537 594 596 654 655 
596 3 0 -10.4 9.64871 0 537 538 595 597 655 656 
597 3 0 -10.4 9.99512 0 538 596 656 
598 5 0 -10.1 -10.2699 0 660 661 
599 4 0 -10.1 -9.92346 0 539 540 600 662 
600 4 0 -10.1 -9.57705 0 540 541 599 601 662 663 
601 4 0 -10.1 -9.23064 0 541 542 600 602 663 664 
602 4 0 -10.1 -8.88423 0 542 543 601 603 664 665 
603 4 0 -10.1 -8.53782 0 543 544 602 604 665 666 
604 4 0 -10.1 -8.19141 0 544 545 603 666 667 605 
605 4 0 -10.1 -7.845 0 545 604 667 546 606 668 
606 4 0 -10.1 -7.49859 0 546 547 605 607 668 669 
607 4 0 -10.1 -7.15218 0 547 548 606 608 669 670 
608 4 0 -10.1 -6.80577 0 548 549 607 609 670 671 
609 4 0 -10.1 -6.45936 0 549 550 608 610 671 672 
610 4 0 -10.1 -6.11295 0 550 609 672 551 611 673 
611 4 0 -10.1 -5.76654 0 610 551 552 612 673 674 
612 4 0 -10.1 -5.42013 0 552 553 611 613 674 675 
613 4 0 -10.1 -5.07372 0 553 554 612 614 675 676 
614 4 0 -10.1 -4.72731 0 554 555 613 615 676 677 
615 4 0 -10.1 -4.3809 0 555 556 614 616 677 678 
616 4 0 -10.1 -4.03449 0 556 615 678 557 617 679 
617 4 0 -10.1 -3.68808 0 616 557 558 618 679 680 
618 4 0 -10.1 -3.34167 0 558 559 617 619 680 681 
619 4 0 -10.1 -2.99526 0 559 560 618 620 681 682 
620 4 0 -10.1 -2.64885 0 560 561 619 621 682 683 
621 4 0 -10.1 -2.30244 0 561 562 620 683 684 622 
622 4 0 -10.1 -1.95603 0 562 621 684 563 623 685 
623 4 0 -10.1 -1.60962 0 563 564 622 624 685 686 
624 4 0 -10.1 -1.26321 0 564 565 623 625 686 687 
625 4 0 -10.1 -0.916799 0 565 566 624 626 687 688 
626 4 0 -10.1 -0.570388 0 566 567 625 627 688 689 
627 4 0 -10.1 -0.223978 0 567 568 626 689 690 
628 3 0 -10.1 0.122432 0 569 629 691 
629 3 0 -10.1 0.468842 0 569 570 628 630 691 692 
630 3 0 -10.1 0.815252 0 570 571 629 631 692 693 
631 3 0 -10.1 1.16166 0 571 572 630 632 693 694 
632 3 0 -10.1 1.50807 0 572 573 631 633 694 695 
633 3 0 -10.1 1.85448 0 573 632 695 574 634 696 
634 3 0 -10.1 2.20089 0 633 574 575 635 696 697 
635 3 0 -10.1 2.5473 0 575 576 634 636 697 698 
636 3 0 -10.1 2.89371 0 576 577 635 637 698 699 
637 3 0 -10.1 3.24012 0 577 578 636 638 699 700 
638 3 0 -10.1 3.58653 0 578 579 637 639 700 701 
639 3 0 -10.1 3.93294 0 579 638 701 580 640 702 
640 3 0 -10.1 4.27935 0 639 580 581 641 702 703 
641 3 0 -10.1 4.62576 0 581 582 640 642 703 704 
642 3 0 -10.1 4.97217 0 582 583 641 643 704 705 
643 3 0 -10.1 5.31858 0 583 584 642 644 705 706 
644 3 0 -10.1 5.66499 0 584 585 643 706 707 645 
645 3 0 -10.1 6.0114 0 585 644 707 586 646 708 
646 3 0 -10.1 6.35781 0 586 587 645 647 708 709 
647 3 0 -10.1 6.70422 0 587 588 646 648 709 710 
648 3 0 -10.1 7.05064 0 588 589 647 649 710 711 
649 3 0 -10.1 7.39705 0 589 590 648 650 711 712 
650 3 0 -10.1 7.74346 0 590 591 649 712 713 651 
651 3 0 -10.1 8.08987 0 591 650 713 592 652 714 
652 3 0 -10.1 8.43628 0 592 593 651 653 714 715 
653 3 0 -10.1 8.78269 0 593 594 652 654 715 716 
654 3 0 -10.1 9.1291 0 594 595 653 655 716 717 
655 3 0 -10.1 9.47551 0 595 596 654 656 717 718 
656 3 0 -10.1 9.82192 0 596 597 655 718 
657 2 0 -10.1 10.1683 0 719 658 720 
658 2 0 -10.1 10.5147 0 657 720 721 
659 5 0 -9.8 -10.7895 0 660 722 723 
660 5 0 -9.8 -10.4431 0 598 659 661 723 724 
661 5 0 -9.8 -10.0967 0 598 660 724 725 
662 4 0 -9.8 -9.75026 0 599 600 663 
663 4 0 -9.8 -9.40385 0 600 601 662 664 727 
664 4 0 -9.8 -9.05744 0 601 602 663 665 727 728 
665 4 0 -9.8 -8.71103 0 602 603 664 666 728 729 
666 4 0 -9.8 -8.36462 0 603 604 665 667 729 730 
667 4 0 -9.8 -8.01821 0 604 666 730 605 668 731 
668 4 0 -9.8 -7.6718 0 667 605 606 669 731 732 
669 4 0 -9.8 -7.32539 0 606 607 668 670 732 733 
670 4 0 -9.8 -6.97898 0 607 608 669 671 733 734 
671 4 0 -9.8 -6.63257 0 608 609 670 672 734 735 
672 4 0 -9.8 -6.28616 0 609 610 671 735 736 673 
673 4 0 -9.8 -5.93975 0 610 672 736 611 674 737 
674 4 0 -9.8 -5.59334 0 611 612 673 675 737 738 
675 4 0 -9.8 -5.24693 0 612 613 674 676 738 739 
676 4 0 -9.8 -4.90052 0 613 614 675 677 739 740 
677 4 0 -9.8 -4.55411 0 614 615 676 678 740 741 
678 4 0 -9.8 -4.2077 0 615 616 677 741 742 679 
679 4 0 -9.8 -3.86128 0 616 678 742 617 680 743 
680 4 0 -9.8 -3.51487 0 617 618 679 681 743 744 
681 4 0 -9.8 -3.16846 0 618 619 680 682 744 745 
682 4 0 -9.8 -2.82205 0 619 620 681 683 745 746 
683 4 0 -9.8 -2.47564 0 620 621 682 684 746 747 
684 4 0 -9.8 -2.12923 0 621 683 747 622 685 748 
685 4 0 -9.8 -1.78282 0 684 622 623 686 748 749 
686 4 0 -9.8 -1.43641 0 623 624 685 687 749 750 
687 4 0 -9.8 -1.09 0 624 625 686 688 750 751 
688 4 0 -9.8 -0.743594 0 625 626 687 689 751 752 
689 4 0 -9.8 -0.397183 0 626 627 688 690 752 753 
690 4 0 -9.8 -0.0507732 0 627 689 753 
691 3 0 -9.8 0.295637 0 628 629 692 754 755 
692 3 0 -9.8 0.642047 0 629 630 691 693 755 756 
693 3 0 -9.8 0.988457 0 630 631 692 694 756 757 
694 3 0 -9.8 1.33487 0 631 632 693 695 757 758 
695 3 0 -9.8 1.68128 0 632 633 694 758 759 696 
696 3 0 -9.8 2.02769 0 633 695 759 634 697 760 
697 3 0 -9.8 2.3741 0 634 635 696 698 760 761 
698 3 0 -9.8 2.72051 0 635 636 697 699 761 762 
699 3 0 -9.8 3.06692 0 636 637 698 700 762 763 
700 3 0 -9.8 3.41333 0 637 638 699 701 763 764 
701 3 0 -9.8 3.75974 0 638 639 700 764 765 702 
702 3 0 -9.8 4.10615 0 639 701 765 640 703 766 
703 3 0 -9.8 4.45256 0 640 641 702 704 766 767 
704 3 0 -9.8 4.79897 0 641 642 703 705 767 768 
705 3 0 -9.8 5.14538 0 642 643 704 706 768 769 
706 3 0 -9.8 5.49179 0 643 644 705 707 769 770 
707 3 0 -9.8 5.8382 0 644 706 770 645 708 771 
708 3 0 -9.8 6.18461 0 707 645 646 709 771 772 
709 3 0 -9.8 6.53102 0 646 647 708 710 772 773 
710 3 0 -9.8 6.87743 0 647 648 709 711 773 774 
711 3 0 -9.8 7.22384 0 648 649 710 712 774 775 
712 3 0 -9.8 7.57025 0 649 650 711 713 775 776 
713 3 0 -9.8 7.91666 0 650 712 776 651 714 777 
714 3 0 -9.8 8.26307 0 713 651 652 715 777 778 
715 3 0 -9.8 8.60948 0 652 653 714 716 778 779 
716 3 0 -9.8 8.95589 0 653 654 715 717 779 780 
717 3 0 -9.8 9.3023 0 654 655 716 718 780 781 
718 3 0 -9.8 9.64871 0 655 656 717 781 
719 2 0 -9.8 9.99512 0 782 657 720 783 
720 2 0 -9.8 10.3415 0 719 657 658 721 783 784 
721 2 0 -9.8 10.6879 0 658 720 784 785 
722 5 0 -9.5 -10.9627 0 659 723 786 787 
723 5 0 -9.5 -10.6163 0 659 660 722 724 787 788 
724 5 0 -9.5 -10.2699 0 660 661 723 788 789 725 
725 5 0 -9.5 -9.92346 0 661 724 789 726 790 
726 5 0 -9.5 -9.57705 0 725 790 791 
727 4 0 -9.5 -9.23064 0 663 664 728 792 
728 4 0 -9.5 -8.88423 0 664 665 727 729 792 793 
729 4 0 -9.5 -8.53782 0 665 666 728 730 793 794 
730 4 0 -9.5 -8.19141 0 666 667 729 794 795 731 
731 4 0 -9.5 -7.845 0 667 730 795 668 732 796 
732 4 0 -9.5 -7.49859 0 668 669 731 733 796 797 
733 4 0 -9.5 -7.15218 0 669 670 732 734 797 798 
734 4 0 -9.5 -6.80577 0 670 671 733 735 798 799 
735 4 0 -9.5 -6.45936 0 671 672 734 736 799 800 
736 4 0 -9.5 -6.11295 0 672 735 800 673 737 801 
737 4 0 -9.5 -5.76654 0 736 673 674 738 801 802 
738 4 0 -9.5 -5.42013 0 674 675 737 739 802 803 
739 4 0 -9.5 -5.07372 0 675 676 738 740 803 804 
740 4 0 -9.5 -4.72731 0 676 677 739 741 804 805 
741 4 0 -9.5 -4.3809 0 677 678 740 742 805 806 
742 4 0 -9.5 -4.03449 0 678 741 806 679 743 807 
743 4 0 -9.5 -3.68808 0 742 679 680 744 807 808 
744 4 0 -9.5 -3.34167 0 680 681 743 745 808 809 
745 4 0 -9.5 -2.99526 0 681 682 744 746 809 810 
746 4 0 -9.5 -2.64885 0 682 683 745 747 810 811 
747 4 0 -9.5 -2.30244 0 683 684 746 811 812 748 
748 4 0 -9.5 -1.95603 0 684 747 812 685 749 813 
749 4 0 -9.5 -1.60962 0 685 686 748 750 813 814 
750 4 0 -9.5 -1.26321 0 686 687 749 751 814 815 
751 4 0 -9.5 -0.916799 0 687 688 750 752 815 816 
752 4 0 -9.5 -0.570388 0 688 689 751 753 816 817 
753 4 0 -9.5 -0.223978 0 689 690 752 817 818 
754 3 0 -9.5 0.122432 0 691 755 819 
755 3 0 -9.5 0.468842 0 691 692 754 756 819 820 
756 3 0 -9.5 0.815252 0 692 693 755 757 820 821 
757 3 0 -9.5 1.16166 0 693 694 756 758 821 822 
758 3 0 -9.5 1.50807 0 694 695 757 759 822 823 
759 3 0 -9.5 1.85448 0 695 758 823 696 760 824 
760 3 0 -9.5 2.20089 0 759 696 697 761 824 825 
761 3 0 -9.5 2.5473 0 697 698 760 762 825 826 
762 3 0 -9.5 2.89371 0 698 699 761 763 826 827 
763 3 0 -9.5 3.24012 0 699 700 762 764 827 828 
764 3 0 -9.5 3.58653 0 700 701 763 765 828 829 
765 3 0 -9.5 3.93294 0 701 764 829 702 766 830 
766 3 0 -9.5 4.27935 0 765 702 703 767 830 831 
767 3 0 -9.5 4.62576 0 703 704 766 768 831 832 
768 3 0 -9.5 4.97217 0 704 705 767 769 832 833 
769 3 0 -9.5 5.31858 0 705 706 768 770 833 834 
770 3 0 -9.5 5.66499 0 706 707 769 834 835 771 
771 3 0 -9.5 6.0114 0 707 770 835 708 772 836 
772 3 0 -9.5 6.35781 0 708 709 771 773 836 837 
773 3 0 -9.5 6.70422 0 709 710 772 774 837 838 
774 3 0 -9.5 7.05064 0 710 711 773 775 838 839 
775 3 0 -9.5 7.39705 0 711 712 774 776 839 840 
776 3 0 -9.5 7.74346 0 712 713 775 840 841 777 
777 3 0 -9.5 8.08987 0 713 776 841 714 778 842 
778 3 0 -9.5 8.43628 0 714 715 777 779 842 843 
779 3 0 -9.5 8.78269 0 715 716 778 780 843 844 
780 3 0 -9.5 9.1291 0 716 717 779 781 844 
781 3 0 -9.5 9.47551 0 717 718 780 
782 2 0 -9.5 9.82192 0 719 846 847 783 
783 2 0 -9.5 10.1683 0 719 782 847 720 784 848 
784 2 0 -9.5 10.5147 0 720 721 783 785 848 849 
785 2 0 -9.5 10.8611 0 721 784 849 850 
786 5 0 -9.2 -11.1359 0 722 787 851 852 
787 5 0 -9.2 -10.7895 0 722 723 786 788 852 853 
788 5 0 -9.2 -10.4431 0 723 724 787 789 853 854 
789 5 0 -9.2 -10.0967 0 724 788 854 725 790 855 
790 5 0 -9.2 -9.75026 0 789 725 726 791 855 856 
791 5 0 -9.2 -9.40385 0 726 790 856 857 
792 4 0 -9.2 -9.05744 0 727 728 793 858 
793 4 0 -9.2 -8.71103 0 728 729 792 794 858 859 
794 4 0 -9.2 -8.36462 0 729 730 793 795 859 860 
795 4 0 -9.2 -8.01821 0 730 794 860 731 796 861 
796 4 0 -9.2 -7.6718 0 795 731 732 797 861 862 
797 4 0 -9.2 -7.32539 0 732 733 796 798 862 863 
798 4 0 -9.2 -6.97898 0 733 734 797 799 863 864 
799 4 0 -9.2 -6.63257 0 734 735 798 800 864 865 
800 4 0 -9.2 -6.28616 0 735 736 799 865 866 801 
801 4 0 -9.2 -5.93975 0 736 800 866 737 802 867 
802 4 0 -9.2 -5.59334 0 737 738 801 803 867 868 
803 4 0 -9.2 -5.24693 0 738 739 802 804 868 869 
804 4 0 -9.2 -4.90052 0 739 740 803 805 869 870 
805 4 0 -9.2 -4.55411 0 740 741 804 806 870 871 
806 4 0 -9.2 -4.2077 0 741 742 805 871 872 807 
807 4 0 -9.2 -3.86128 0 742 806 872 743 808 873 
808 4 0 -9.2 -3.51487 0 743 744 807 809 873 874 
809 4 0 -9.2 -3.16846 0 744 745 808 810 874 875 
810 4 0 -9.2 -2.82205 0 745 746 809 811 875 876 
811 4 0 -9.2 -2.47564 0 746 747 810 812 876 877 
812 4 0 -9.2 -2.12923 0 747 811 877 748 813 878 
813 4 0 -9.2 -1.78282 0 812 748 749 814 878 879 
814 4 0 -9.2 -1.43641 0 749 750 813 815 879 880 
815 4 0 -9.2 -1.09 0 750 751 814 816 880 881 
816 4 0 -9.2 -0.743594 0 751 752 815 817 881 882 
817 4 0 -9.2 -0.397183 0 752 753 816 818 882 883 
818 4 0 -9.2 -0.0507732 0 753 817 883 
819 3 0 -9.2 0.295637 0 754 755 820 884 885 
820 3 0 -9.2 0.642047 0 755 756 819 821 885 886 
821 3 0 -9.2 0.988457 0 756 757 820 822 886 887 
822 3 0 -9.2 1.33487 0 757 758 821 823 887 888 
823 3 0 -9.2 1.68128 0 758 759 822 888 889 824 
824 3 0 -9.2 2.02769 0 759 823 889 760 825 890 
825 3 0 -9.2 2.3741 0 760 761 824 826 890 891 
826 3 0 -9.2 2.72051 0 761 762 825 827 891 892 
827 3 0 -9.2 3.06692 0 762 763 826 828 892 893 
828 3 0 -9.2 3.41333 0 763 764 827 829 893 894 
829 3 0 -9.2 3.75974 0 764 765 828 894 895 830 
830 3 0 -9.2 4.10615 0 765 829 895 766 831 896 
831 3 0 -9.2 4.45256 0 766 767 830 832 896 897 
832 3 0 -9.2 4.79897 0 767 768 831 833 897 898 
833 3 0 -9.2 5.14538 0 768 769 832 834 898 899 
834 3 0 -9.2 5.49179 0 769 770 833 835 899 900 
835 3 0 -9.2 5.8382 0 770 834 900 771 836 901 
836 3 0 -9.2 6.18461 0 835 771 772 837 901 902 
837 3 0 -9.2 6.53102 0 772 773 836 838 902 903 
838 3 0 -9.2 6.87743 0 773 774 837 839 903 904 
839 3 0 -9.2 7.22384 0 774 775 838 840 904 905 
840 3 0 -9.2 7.57025 0 775 776 839 841 905 906 
841 3 0 -9.2 7.91666 0 776 840 906 777 842 907 
842 3 0 -9.2 8.26307 0 841 777 778 843 907 908 
843 3 0 -9.2 8.60948 0 778 779 842 844 908 909 
844 3 0 -9.2 8.95589 0 779 780 843 909 
845 2 0 -9.2 9.3023 0 846 910 911 
846 2 0 -9.2 9.64871 0 782 845 847 911 912 
847 2 0 -9.2 9.99512 0 782 846 912 783 848 913 
848 2 0 -9.2 10.3415 0 847 783 784 849 913 914 
849 2 0 -9.2 10.6879 0 784 785 848 850 914 915 
850 2 0 -9.2 11.0344 0 785 849 915 916 
851 5 0 -8.9 -11.3091 0 786 852 918 919 
852 5 0 -8.9 -10.9627 0 786 787 851 853 919 920 
853 5 0 -8.9 -10.6163 0 787 788 852 854 920 921 
854 5 0 -8.9 -10.2699 0 788 789 853 921 922 855 
855 5 0 -8.9 -9.92346 0 789 854 922 790 856 923 
856 5 0 -8.9 -9.57705 0 790 791 855 857 923 924 
857 5 0 -8.9 -9.23064 0 791 856 924 925 
858 4 0 -8.9 -8.88423 0 792 793 859 
859 4 0 -8.9 -8.53782 0 793 794 858 860 927 
860 4 0 -8.9 -8.19141 0 794 795 859 927 928 861 
861 4 0 -8.9 -7.845 0 795 860 928 796 862 929 
862 4 0 -8.9 -7.49859 0 796 797 861 863 929 930 
863 4 0 -8.9 -7.15218 0 797 798 862 864 930 931 
864 4 0 -8.9 -6.80577 0 798 799 863 865 931 932 
865 4 0 -8.9 -6.45936 0 799 800 864 866 932 933 
866 4 0 -8.9 -6.11295 0 800 865 933 801 867 934 
867 4 0 -8.9 -5.76654 0 866 801 802 868 934 935 
868 4 0 -8.9 -5.42013 0 802 803 867 869 935 936 
869 4 0 -8.9 -5.07372 0 803 804 868 870 936 937 
870 4 0 -8.9 -4.72731 0 804 805 869 871 937 938 
871 4 0 -8.9 -4.3809 0 805 806 870 872 938 939 
872 4 0 -8.9 -4.03449 0 806 871 939 807 873 940 
873 4 0 -8.9 -3.68808 0 872 807 808 874 940 941 
874 4 0 -8.9 -3.34167 0 808 809 873 875 941 942 
875 4 0 -8.9 -2.99526 0 809 810 874 876 942 943 
876 4 0 -8.9 -2.64885 0 810 811 875 877 943 944 
877 4 0 -8.9 -2.30244 0 811 812 876 944 945 878 
878 4 0 -8.9 -1.95603 0 812 877 945 813 879 946 
879 4 0 -8.9 -1.60962 0 813 814 878 880 946 947 
880 4 0 -8.9 -1.26321 0 814 815 879 881 947 948 
881 4 0 -8.9 -0.916799 0 815 816 880 882 948 949 
882 4 0 -8.9 -0.570388 0 816 817 881 883 949 950 
883 4 0 -8.9 -0.223978 0 817 818 882 950 951 
884 3 0 -8.9 0.122432 0 819 885 952 
885 3 0 -8.9 0.468842 0 819 820 884 886 952 953 
886 3 0 -8.9 0.815252 0 820 821 885 887 953 954 
887 3 0 -8.9 1.16166 0 821 822 886 888 954 955 
888 3 0 -8.9 1.50807 0 822 823 887 889 955 956 
889 3 0 -8.9 1.85448 0 823 888 956 824 890 957 
890 3 0 -8.9 2.20089 0 889 824 825 891 957 958 
891 3 0 -8.9 2.5473 0 825 826 890 892 958 959 
892 3 0 -8.9 2.89371 0 826 827 891 893 959 960 
893 3 0 -8.9 3.24012 0 827 828 892 894 960 961 
894 3 0 -8.9 3.58653 0 828 829 893 895 961 962 
895 3 0 -8.9 3.93294 0 829 894 962 830 896 963 
896 3 0 -8.9 4.27935 0 895 830 831 897 963 964 
897 3 0 -8.9 4.62576 0 831 832 896 898 964 965 
898 3 0 -8.9 4.97217 0 832 833 897 899 965 966 
899 3 0 -8.9 5.31858 0 833 834 898 900 966 967 
900 3 0 -8.9 5.66499 0 834 835 899 967 968 901 
901 3 0 -8.9 6.0114 0 835 900 968 836 902 969 
902 3 0 -8.9 6.35781 0 836 837 901 903 969 970 
903 3 0 -8.9 6.70422 0 837 838 902 904 970 971 
904 3 0 -8.9 7.05064 0 838 839 903 905 971 972 
905 3 0 -8.9 7.39705 0 839 840 904 906 972 973 
906 3 0 -8.9 7.74346 0 840 841 905 973 974 907 
907 3 0 -8.9 8.08987 0 841 906 974 842 908 975 
908 3 0 -8.9 8.43628 0 842 843 907 909 975 
909 3 0 -8.9 8.78269 0 843 844 908 
910 2 0 -8.9 9.1291 0 845 911 977 978 
911 2 0 -8.9 9.47551 0 845 846 910 912 978 979 
912 2 0 -8.9 9.82192 0 846 847 911 979 980 913 
913 2 0 -8.9 10.1683 0 847 912 980 848 914 981 
914 2 0 -8.9 10.5147 0 848 849 913 915 981 982 
915 2 0 -8.9 10.8611 0 849 850 914 916 982 983 
916 2 0 -8.9 11.2076 0 850 915 917 983 984 
917 2 0 -8.9 11.554 0 916 984 985 
918 5 0 -8.6 -11.4823 0 851 919 987 988 
919 5 0 -8.6 -11.1359 0 851 852 918 920 988 989 
920 5 0 -8.6 -10.7895 0 852 853 919 921 989 990 
921 5 0 -8.6 -10.4431 0 853 854 920 922 990 991 
922 5 0 -8.6 -10.0967 0 854 921 991 855 923 992 
923 5 0 -8.6 -9.75026 0 922 855 856 924 992 993 
924 5 0 -8.6 -9.40385 0 856 857 923 925 993 994 
925 5 0 -8.6 -9.05744 0 857 924 926 994 995 
926 5 0 -8.6 -8.71103 0 925 995 996 
927 4 0 -8.6 -8.36462 0 859 860 928 997 
928 4 0 -8.6 -8.01821 0 860 927 997 861 929 998 
929 4 0 -8.6 -7.6718 0 928 861 862 930 998 999 
930 4 0 -8.6 -7.32539 0 862 863 929 931 999 1000 
931 4 0 -8.6 -6.97898 0 863 864 930 932 1000 1001 
932 4 0 -8.6 -6.63257 0 864 865 931 933 1001 1002 
933 4 0 -8.6 -6.28616 0 865 866 932 1002 1003 934 
934 4 0 -8.6 -5.93975 0 866 933 1003 867 935 1004 
935 4 0 -8.6 -5.59334 0 867 868 934 936 1004 1005 
936 4 0 -8.6 -5.24693 0 868 869 935 937 1005 1006 
937 4 0 -8.6 -4.90052 0 869 870 936 938 1006 1007 
938 4 0 -8.6 -4.55411 0 870 871 937 939 1007 1008 
939 4 0 -8.6 -4.2077 0 871 872 938 1008 1009 940 
940 4 0 -8.6 -3.86128 0 872 939 1009 873 941 1010 
941 4 0 -8.6 -3.51487 0 873 874 940 942 1010 1011 
942 4 0 -8.6 -3.16846 0 874 875 941 943 1011 1012 
943 4 0 -8.6 -2.82205 0 875 876 942 944 1012 1013 
944 4 0 -8.6 -2.47564 0 876 877 943 945 1013 1014 
945 4 0 -8.6 -2.12923 0 877 944 1014 878 946 1015 
946 4 0 -8.6 -1.78282 0 945 878 879 947 1015 1016 
947 4 0 -8.6 -1.43641 0 879 880 946 948 1016 1017 
948 4 0 -8.6 -1.09 0 880 881 947 949 1017 1018 
949 4 0 -8.6 -0.743594 0 881 882 948 950 1018 1019 
950 4 0 -8.6 -0.397183 0 882 883 949 951 1019 1020 
951 4 0 -8.6 -0.0507732 0 883 950 1020 
952 3 0 -8.6 0.295637 0 884 885 953 1021 1022 
953 3 0 -8.6 0.642047 0 885 886 952 954 1022 1023 
954 3 0 -8.6 0.988457 0 886 887 953 955 1023 1024 
955 3 0 -8.6 1.33487 0 887 888 954 956 1024 1025 
956 3 0 -8.6 1.68128 0 888 889 955 1025 1026 957 
957 3 0 -8.6 2.02769 0 889 956 1026 890 958 1027 
958 3 0 -8.6 2.3741 0 890 891 957 959 1027 1028 
959 3 0 -8.6 2.72051 0 891 892 958 960 1028 1029 
960 3 0 -8.6 3.06692 0 892 893 959 961 1029 1030 
961 3 0 -8.6 3.41333 0 893 894 960 962 1030 1031 
962 3 0 -8.6 3.75974 0 894 895 961 1031 1032 963 
963 3 0 -8.6 4.10615 0 895 962 1032 896 964 1033 
964 3 0 -8.6 4.45256 0 896 897 963 965 1033 1034 
965 3 0 -8.6 4.79897 0 897 898 964 966 1034 1035 
966 3 0 -8.6 5.14538 0 898 899 965 967 1035 1036 
967 3 0 -8.6 5.49179 0 899 900 966 968 1036 1037 
968 3 0 -8.6 5.8382 0 900 967 1037 901 969 1038 
969 3 0 -8.6 6.18461 0 968 901 902 970 1038 1039 
970 3 0 -8.6 6.53102 0 902 903 969 971 1039 1040 
971 3 0 -8.6 6.87743 0 903 904 970 972 1040 1041 
972 3 0 -8.6 7.22384 0 904 905 971 973 1041 1042 
973 3 0 -8.6 7.57025 0 905 906 972 974 1042 1043 
974 3 0 -8.6 7.91666 0 906 973 1043 907 975 1044 
975 3 0 -8.6 8.26307 0 974 907 908 1044 
976 2 0 -8.6 8.60948 0 977 1045 1046 
977 2 0 -8.6 8.95589 0 910 976 978 1046 1047 
978 2 0 -8.6 9.3023 0 910 911 977 979 1047 1048 
979 2 0 -8.6 9.64871 0 911 912 978 980 1048 1049 
980 2 0 -8.6 9.99512 0 912 979 1049 913 981 1050 
981 2 0 -8.6 10.3415 0 980 913 914 982 1050 1051 
982 2 0 -8.6 10.6879 0 914 915 981 983 1051 1052 
983 2 0 -8.6 11.0344 0 915 916 982 984 1052 1053 
984 2 0 -8.6 11.3808 0 916 917 983 985 1053 1054 
985 2 0 -8.6 11.7272 0 917 984 1054 1055 
986 5 0 -8.3 -12.0019 0 1056 987 1057 
987 5 0 -8.3 -11.6555 0 986 918 988 1057 1058 
988 5 0 -8.3 -11.3091 0 918 919 987 989 1058 1059 
989 5 0 -8.3 -10.9627 0 919 920 988 990 1059 1060 
990 5 0 -8.3 -10.6163 0 920 921 989 991 1060 1061 
991 5 0 -8.3 -10.2699 0 921 922 990 1061 1062 992 
992 5 0 -8.3 -9.92346 0 922 991 1062 923 993 1063 
993 5 0 -8.3 -9.57705 0 923 924 992 994 1063 1064 
994 5 0 -8.3 -9.23064 0 924 925 993 995 1064 1065 
995 5 0 -8.3 -8.88423 0 925 926 994 996 1065 1066 
996 5 0 -8.3 -8.53782 0 926 995 1066 1067 
997 4 0 -8.3 -8.19141 0 927 928 998 
998 4 0 -8.3 -7.845 0 928 997 929 999 1069 
999 4 0 -8.3 -7.49859 0 929 930 998 1000 1069 1070 
1000 4 0 -8.3 -7.15218 0 930 931 999 1001 1070 1071 
1001 4 0 -8.3 -6.80577 0 931 932 1000 1002 1071 1072 
1002 4 0 -8.3 -6.45936 0 932 933 1001 1003 1072 1073 
1003 4 0 -8.3 -6.11295 0 933 1002 1073 934 1004 1074 
1004 4 0 -8.3 -5.76654 0 1003 934 935 1005 1074 1075 
1005 4 0 -8.3 -5.42013 0 935 936 1004 1006 1075 1076 
1006 4 0 -8.3 -5.07372 0 936 937 1005 1007 1076 1077 
1007 4 0 -8.3 -4.72731 0 937 938 1006 1008 1077 1078 
1008 4 0 -8.3 -4.3809 0 938 939 1007 1009 1078 1079 
1009 4 0 -8.3 -4.03449 0 939 1008 1079 940 1010 1080 
1010 4 0 -8.3 -3.68808 0 1009 940 941 1011 1080 1081 
1011 4 0 -8.3 -3.34167 0 941 942 1010 1012 1081 1082 
1012 4 0 -8.3 -2.99526 0 942 943 1011 1013 1082 1083 
1013 4 0 -8.3 -2.64885 0 943 944 1012 1014 1083 1084 
1014 4 0 -8.3 -2.30244 0 944 945 1013 1084 1085 1015 
1015 4 0 -8.3 -1.95603 0 945 1014 1085 946 1016 1086 
1016 4 0 -8.3 -1.60962 0 946 947 1015 1017 1086 1087 
1017 4 0 -8.3 -1.26321 0 947 948 1016 1018 1087 1088 
1018 4 0 -8.3 -0.916799 0 948 949 1017 1019 1088 1089 
1019 4 0 -8.3 -0.570388 0 949 950 1018 1020 1089 1090 
1020 4 0 -8.3 -0.223978 0 950 951 1019 1090 1091 
1021 3 0 -8.3 0.122432 0 952 1022 1092 
1022 3 0 -8.3 0.468842 0 952 953 1021 1023 1092 1093 
1023 3 0 -8.3 0.815252 0 953 954 1022 1024 1093 1094 
1024 3 0 -8.3 1.16166 0 954 955 1023 1025 1094 1095 
1025 3 0 -8.3 1.50807 0 955 956 1024 1026 1095 1096 
1026 3 0 -8.3 1.85448 0 956 1025 1096 957 1027 1097 
1027 3 0 -8.3 2.20089 0 1026 957 958 1028 1097 1098 
1028 3 0 -8.3 2.5473 0 958 959 1027 1029 1098 1099 
1029 3 0 -8.3 2.89371 0 959 960 1028 1030 1099 1100 
1030 3 0 -8.3 3.24012 0 960 961 1029 1031 1100 1101 
1031 3 0 -8.3 3.58653 0 961 962 1030 1032 1101 1102 
1032 3 0 -8.3 3.93294 0 962 1031 1102 963 1033 1103 
1033 3 0 -8.3 4.27935 0 1032 963 964 1034 1103 1104 
1034 3 0 -8.3 4.62576 0 964 965 1033 1035 1104 1105 
1035 3 0 -8.3 4.97217 0 965 966 1034 1036 1105 1106 
1036 3 0 -8.3 5.31858 0 966 967 1035 1037 1106 1107 
1037 3 0 -8.3 5.66499 0 967 968 1036 1107 1108 1038 
1038 3 0 -8.3 6.0114 0 968 1037 1108 969 1039 1109 
1039 3 0 -8.3 6.35781 0 969 970 1038 1040 1109 1110 
1040 3 0 -8.3 6.70422 0 970 971 1039 1041 1110 1111 
1041 3 0 -8.3 7.05064 0 971 972 1040 1042 1111 1112 
1042 3 0 -8.3 7.39705 0 972 973 1041 1043 1112 1113 
1043 3 0 -8.3 7.74346 0 973 974 1042 1113 1114 1044 
1044 3 0 -8.3 8.08987 0 974 1043 1114 975 
1045 2 0 -8.3 8.43628 0 976 1046 1115 1116 
1046 2 0 -8.3 8.78269 0 976 977 1045 1047 1116 1117 
1047 2 0 -8.3 9.1291 0 977 978 1046 1048 1117 1118 
1048 2 0 -8.3 9.47551 0 978 979 1047 1049 1118 1119 
1049 2 0 -8.3 9.82192 0 979 980 1048 1119 1120 1050 
1050 2 0 -8.3 10.1683 0 980 1049 1120 981 1051 1121 
1051 2 0 -8.3 10.5147 0 981 982 1050 1052 1121 1122 
1052 2 0 -8.3 10.8611 0 982 983 1051 1053 1122 1123 
1053 2 0 -8.3 11.2076 0 983 984 1052 1054 1123 1124 
1054 2 0 -8.3 11.554 0 984 985 1053 1055 1124 1125 
1055 2 0 -8.3 11.9004 0 985 1054 1125 1126 
1056 5 0 -8 -12.1751 0 986 1127 1128 1057 
1057 5 0 -8 -11.8287 0 986 1056 1128 987 1058 1129 
1058 5 0 -8 -11.4823 0 987 988 1057 1059 1129 1130 
1059 5 0 -8 -11.1359 0 988 989 1058 1060 1130 1131 
1060 5 0 -8 -10.7895 0 989 990 1059 1061 1131 1132 
1061 5 0 -8 -10.4431 0 990 991 1060 1062 1132 1133 
1062 5 0 -8 -10.0967 0 991 1061 1133 992 1063 1134 
1063 5 0 -8 -9.75026 0 1062 992 993 1064 1134 1135 
1064 5 0 -8 -9.40385 0 993 994 1063 1065 1135 1136 
1065 5 0 -8 -9.05744 0 994 995 1064 1066 1136 1137 
1066 5 0 -8 -8.71103 0 995 996 1065 1067 1137 1138 
1067 5 0 -8 -8.36462 0 996 1066 1068 1138 1139 
1068 5 0 -8 -8.01821 0 1067 1139 1140 
1069 4 0 -8 -7.6718 0 998 999 1070 1141 
1070 4 0 -8 -7.32539 0 999 1000 1069 1071 1141 1142 
1071 4 0 -8 -6.97898 0 1000 1001 1070 1072 1142 1143 
1072 4 0 -8 -6.63257 0 1001 1002 1071 1073 1143 1144 
1073 4 0 -8 -6.28616 0 1002 1003 1072 1144 1145 1074 
1074 4 0 -8 -5.93975 0 1003 1073 1145 1004 1075 1146 
1075 4 0 -8 -5.59334 0 1004 1005 1074 1076 1146 1147 
1076 4 0 -8 -5.24693 0 1005 1006 1075 1077 1147 1148 
1077 4 0 -8 -4.90052 0 1006 1007 1076 1078 1148 1149 
1078 4 0 -8 -4.55411 0 1007 1008 1077 1079 1149 1150 
1079 4 0 -8 -4.2077 0 1008 1009 1078 1150 1151 1080 
1080 4 0 -8 -3.86128 0 1009 1079 1151 1010 1081 1152 
1081 4 0 -8 -3.51487 0 1010 1011 1080 1082 1152 1153 
1082 4 0 -8 -3.16846 0 1011 1012 1081 1083 1153 1154 
1083 4 0 -8 -2.82205 0 1012 1013 1082 1084 1154 1155 
1084 4 0 -8 -2.47564 0 1013 1014 1083 1085 1155 1156 
1085 4 0 -8 -2.12923 0 1014 1084 1156 1015 1086 1157 
1086 4 0 -8 -1.78282 0 1085 1015 1016 1087 1157 1158 
1087 4 0 -8 -1.43641 0 1016 1017 1086 1088 1158 1159 
1088 4 0 -8 -1.09 0 1017 1018 1087 1089 1159 1160 
1089 4 0 -8 -0.743594 0 1018 1019 1088 1090 1160 1161 
1090 4 0 -8 -0.397183 0 1019 1020 1089 1091 1161 1162 
1091 4 0 -8 -0.0507732 0 1020 1090 1162 
1092 3 0 -8 0.295637 0 1021 1022 1093 1163 1164 
1093 3 0 -8 0.642047 0 1022 1023 1092 1094 1164 1165 
1094 3 0 -8 0.988457 0 1023 1024 1093 1095 1165 1166 
1095 3 0 -8 1.33487 0 1024 1025 1094 1096 1166 1167 
1096 3 0 -8 1.68128 0 1025 1026 1095 1167 1168 1097 
1097 3 0 -8 2.02769 0 1026 1096 1168 1027 1098 1169 
1098 3 0 -8 2.3741 0 1027 1028 1097 1099 1169 1170 
1099 3 0 -8 2.72051 0 1028 1029 1098 1100 1170 1171 
1100 3 0 -8 3.06692 0 1029 1030 1099 1101 1171 1172 
1101 3 0 -8 3.41333 0 1030 1031 1100 1102 1172 1173 
1102 3 0 -8 3.75974 0 1031 1032 1101 1173 1174 1103 
1103 3 0 -8 4.10615 0 1032 1102 1174 1033 1104 1175 
1104 3 0 -8 4.45256 0 1033 1034 1103 1105 1175 1176 
1105 3 0 -8 4.79897 0 1034 1035 1104 1106 1176 1177 
1106 3 0 -8 5.14538 0 1035 1036 1105 1107 1177 1178 
1107 3 0 -8 5.49179 0 1036 1037 1106 1108 1178 1179 
1108 3 0 -8 5.8382 0 1037 1107 1179 1038 1109 1180 
1109 3 0 -8 6.18461 0 1108 1038 1039 1110 1180 1181 
1110 3 0 -8 6.53102 0 1039 1040 1109 1111 1181 1182 
1111 3 0 -8 6.87743 0 1040 1041 1110 1112 1182 1183 
1112 3 0 -8 7.22384 0 1041 1042 1111 1113 1183 1184 
1113 3 0 -8 7.57025 0 1042 1043 1112 1114 1184 
1114 3 0 -8 7.91666 0 1043 1113 1044 
1115 2 0 -8 8.26307 0 1045 1116 1186 1187 
1116 2 0 -8 8.60948 0 1045 1046 1115 1117 1187 1188 
1117 2 0 -8 8.95589 0 1046 1047 1116 1118 1188 1189 
1118 2 0 -8 9.3023 0 1047 1048 1117 1119 1189 1190 
1119 2 0 -8 9.64871 0 1048 1049 1118 1120 1190 1191 
1120 2 0 -8 9.99512 0 1049 1119 1191 1050 1121 1192 
1121 2 0 -8 10.3415 0 1120 1050 1051 1122 1192 1193 
1122 2 0 -8 10.6879 0 1051 1052 1121 1123 1193 1194 
1123 2 0 -8 11.0344 0 1052 1053 1122 1124 1194 1195 
1124 2 0 -8 11.3808 0 1053 1054 1123 1125 1195 1196 
1125 2 0 -8 11.7272 0 1054 1055 1124 1196 1197 1126 
1126 2 0 -8 12.0736 0 1055 1125 1197 1198 
1127 5 0 -7.7 -12.3483 0 1056 1128 1199 1200 
1128 5 0 -7.7 -12.0019 0 1056 1127 1200 1057 1129 1201 
1129 5 0 -7.7 -11.6555 0 1128 1057 1058 1130 1201 1202 
1130 5 0 -7.7 -11.3091 0 1058 1059 1129 1131 1202 1203 
1131 5 0 -7.7 -10.9627 0 1059 1060 1130 1132 1203 1204 
1132 5 0 -7.7 -10.6163 0 1060 1061 1131 1133 1204 1205 
1133 5 0 -7.7 -10.2699 0 1061 1062 1132 1205 1206 1134 
1134 5 0 -7.7 -9.92346 0 1062 1133 1206 1063 1135 1207 
1135 5 0 -7.7 -9.57705 0 1063 1064 1134 1136 1207 1208 
1136 5 0 -7.7 -9.23064 0 1064 1065 1135 1137 1208 1209 
1137 5 0 -7.7 -8.88423 0 1065 1066 1136 1138 1209 1210 
1138 5 0 -7.7 -8.53782 0 1066 1067 1137 1139 1210 1211 
1139 5 0 -7.7 -8.19141 0 1067 1068 1138 1211 1212 1140 
1140 5 0 -7.7 -7.845 0 1068 1139 1212 1213 
1141 4 0 -7.7 -7.49859 0 1069 1070 1142 1214 
1142 4 0 -7.7 -7.15218 0 1070 1071 1141 1143 1214 1215 
1143 4 0 -7.7 -6.80577 0 1071 1072 1142 1144 1215 1216 
1144 4 0 -7.7 -6.45936 0 1072 1073 1143 1145 1216 1217 
1145 4 0 -7.7 -6.11295 0 1073 1144 1217 1074 1146 1218 
1146 4 0 -7.7 -5.76654 0 1145 1074 1075 1147 1218 1219 
1147 4 0 -7.7 -5.42013 0 1075 1076 1146 1148 1219 1220 
1148 4 0 -7.7 -5.07372 0 1076 1077 1147 1149 1220 1221 
1149 4 0 -7.7 -4.72731 0 1077 1078 1148 1150 1221 1222 
1150 4 0 -7.7 -4.3809 0 1078 1079 1149 1151 1222 1223 
1151 4 0 -7.7 -4.03449 0 1079 1150 1223 1080 1152 1224 
1152 4 0 -7.7 -3.68808 0 1151 1080 1081 1153 1224 1225 
1153 4 0 -7.7 -3.34167 0 1081 1082 1152 1154 1225 1226 
1154 4 0 -7.7 -2.99526 0 1082 1083 1153 1155 1226 1227 
1155 4 0 -7.7 -2.64885 0 1083 1084 1154 1156 1227 1228 
1156 4 0 -7.7 -2.30244 0 1084 1085 1155 1228 1229 1157 
1157 4 0 -7.7 -1.95603 0 1085 1156 1229 1086 1158 1230 
1158 4 0 -7.7 -1.60962 0 1086 1087 1157 1159 1230 1231 
1159 4 0 -7.7 -1.26321 0 1087 1088 1158 1160 1231 1232 
1160 4 0 -7.7 -0.916799 0 1088 1089 1159 1161 1232 1233 
1161 4 0 -7.7 -0.570388 0 1089 1090 1160 1162 1233 1234 
1162 4 0 -7.7 -0.223978 0 1090 1091 1161 1234 1235 
1163 3 0 -7.7 0.122432 0 1092 1164 1236 
1164 3 0 -7.7 0.468842 0 1092 1093 1163 1165 1236 1237 
1165 3 0 -7.7 0.815252 0 1093 1094 1164 1166 1237 1238 
1166 3 0 -7.7 1.16166 0 1094 1095 1165 1167 1238 1239 
1167 3 0 -7.7 1.50807 0 1095 1096 1166 1168 1239 1240 
1168 3 0 -7.7 1.85448 0 1096 1167 1240 1097 1169 1241 
1169 3 0 -7.7 2.20089 0 1168 1097 1098 1170 1241 1242 
1170 3 0 -7.7 2.5473 0 1098 1099 1169 1171 1242 1243 
1171 3 0 -7.7 2.89371 0 1099 1100 1170 1172 1243 1244 
1172 3 0 -7.7 3.24012 0 1100 1101 1171 1173 1244 1245 
1173 3 0 -7.7 3.58653 0 1101 1102 1172 1174 1245 1246 
1174 3 0 -7.7 3.93294 0 1102 1173 1246 1103 1175 1247 
1175 3 0 -7.7 4.27935 0 1174 1103 1104 1176 1247 1248 
1176 3 0 -7.7 4.62576 0 1104 1105 1175 1177 1248 1249 
1177 3 0 -7.7 4.97217 0 1105 1106 1176 1178 1249 1250 
1178 3 0 -7.7 5.31858 0 1106 1107 1177 1179 1250 1251 
1179 3 0 -7.7 5.66499 0 1107 1108 1178 1251 1252 1180 
1180 3 0 -7.7 6.0114 0 1108 1179 1252 1109 1181 1253 
1181 3 0 -7.7 6.35781 0 1109 1110 1180 1182 1253 1254 
1182 3 0 -7.7 6.70422 0 1110 1111 1181 1183 1254 1255 
1183 3 0 -7.7 7.05064 0 1111 1112 1182 1184 1255 1256 
1184 3 0 -7.7 7.39705 0 1112 1113 1183 1256 
1185 2 0 -7.7 7.74346 0 1257 1258 1186 
1186 2 0 -7.7 8.08987 0 1185 1258 1115 1187 1259 
1187 2 0 -7.7 8.43628 0 1115 1116 1186 1188 1259 1260 
1188 2 0 -7.7 8.78269 0 1116 1117 1187 1189 1260 1261 
1189 2 0 -7.7 9.1291 0 1117 1118 1188 1190 1261 1262 
1190 2 0 -7.7 9.47551 0 1118 1119 1189 1191 1262 1263 
1191 2 0 -7.7 9.82192 0 1119 1120 1190 1263 1264 1192 
1192 2 0 -7.7 10.1683 0 1120 1191 1264 1121 1193 1265 
1193 2 0 -7.7 10.5147 0 1121 1122 1192 1194 1265 1266 
1194 2 0 -7.7 10.8611 0 1122 1123 1193 1195 1266 1267 
1195 2 0 -7.7 11.2076 0 1123 1124 1194 1196 1267 1268 
1196 2 0 -7.7 11.554 0 1124 1125 1195 1197 1268 1269 
1197 2 0 -7.7 11.9004 0 1125 1196 1269 1126 1198 1270 
1198 2 0 -7.7 12.2468 0 1197 1126 1270 1271 
1199 5 0 -7.4 -12.5215 0 1127 1200 1272 1273 
1200 5 0 -7.4 -12.1751 0 1127 1128 1199 1273 1274 1201 
1201 5 0 -7.4 -11.8287 0 1128 1200 1274 1129 1202 1275 
1202 5 0 -7.4 -11.4823 0 1129 1130 1201 1203 1275 1276 
1203 5 0 -7.4 -11.1359 0 1130 1131 1202 1204 1276 1277 
1204 5 0 -7.4 -10.7895 0 1131 1132 1203 1205 1277 1278 
1205 5 0 -7.4 -10.4431 0 1132 1133 1204 1206 1278 1279 
1206 5 0 -7.4 -10.0967 0 1133 1205 1279 1134 1207 1280 
1207 5 0 -7.4 -9.75026 0 1206 1134 1135 1208 1280 1281 
1208 5 0 -7.4 -9.40385 0 1135 1136 1207 1209 1281 1282 
1209 5 0 -7.4 -9.05744 0 1136 1137 1208 1210 1282 1283 
1210 5 0 -7.4 -8.71103 0 1137 1138 1209 1211 1283 1284 
1211 5 0 -7.4 -8.36462 0 1138 1139 1210 1212 1284 1285 
1212 5 0 -7.4 -8.01821 0 1139 1211 1285 1140 1213 1286 
1213 5 0 -7.4 -7.6718 0 1212 1140 1286 1287 
1214 4 0 -7.4 -7.32539 0 1141 1142 1215 
1215 4 0 -7.4 -6.97898 0 1142 1143 1214 1216 1289 
1216 4 0 -7.4 -6.63257 0 1143 1144 1215 1217 1289 1290 
1217 4 0 -7.4 -6.28616 0 1144 1145 1216 1290 1291 1218 
1218 4 0 -7.4 -5.93975 0 1145 1217 1291 1146 1219 1292 
1219 4 0 -7.4 -5.59334 0 1146 1147 1218 1220 1292 1293 
1220 4 0 -7.4 -5.24693 0 1147 1148 1219 1221 1293 1294 
1221 4 0 -7.4 -4.90052 0 1148 1149 1220 1222 1294 1295 
1222 4 0 -7.4 -4.55411 0 1149 1150 1221 1223 1295 1296 
1223 4 0 -7.4 -4.2077 0 1150 1151 1222 1296 1297 1224 
1224 4 0 -7.4 -3.86128 0 1151 1223 1297 1152 1225 1298 
1225 4 0 -7.4 -3.51487 0 1152 1153 1224 1226 1298 1299 
1226 4 0 -7.4 -3.16846 0 1153 1154 1225 1227 1299 1300 
1227 4 0 -7.4 -2.82205 0 1154 1155 1226 1228 1300 1301 
1228 4 0 -7.4 -2.47564 0 1155 1156 1227 1229 1301 1302 
1229 4 0 -7.4 -2.12923 0 1156 1228 1302 1157 1230 1303 
1230 4 0 -7.4 -1.78282 0 1229 1157 1158 1231 1303 1304 
1231 4 0 -7.4 -1.43641 0 1158 1159 1230 1232 1304 1305 
1232 4 0 -7.4 -1.09 0 1159 1160 1231 1233 1305 1306 
1233 4 0 -7.4 -0.743594 0 1160 1161 1232 1234 1306 1307 
1234 4 0 -7.4 -0.397183 0 1161 1162 1233 1235 1307 1308 
1235 4 0 -7.4 -0.0507732 0 1162 1234 1308 
1236 3 0 -7.4 0.295637 0 1163 1164 1237 1309 1310 
1237 3 0 -7.4 0.642047 0 1164 1165 1236 1238 1310 1311 
1238 3 0 -7.4 0.988457 0 1165 1166 1237 1239 1311 1312 
1239 3 0 -7.4 1.33487 0 1166 1167 1238 1240 1312 1313 
1240 3 0 -7.4 1.68128 0 1167 1168 1239 1313 1314 1241 
1241 3 0 -7.4 2.02769 0 1168 1240 1314 1169 1242 1315 
1242 3 0 -7.4 2.3741 0 1169 1170 1241 1243 1315 1316 
1243 3 0 -7.4 2.72051 0 1170 1171 1242 1244 1316 1317 
1244 3 0 -7.4 3.06692 0 1171 1172 1243 1245 1317 1318 
1245 3 0 -7.4 3.41333 0 1172 1173 1244 1246 1318 1319 
1246 3 0 -7.4 3.75974 0 1173 1174 1245 1319 1320 1247 
1247 3 0 -7.4 4.10615 0 1174 1246 1320 1175 1248 1321 
1248 3 0 -7.4 4.45256 0 1175 1176 1247 1249 1321 1322 
1249 3 0 -7.4 4.79897 0 1176 1177 1248 1250 1322 1323 
1250 3 0 -7.4 5.14538 0 1177 1178 1249 1251 1323 1324 
1251 3 0 -7.4 5.49179 0 1178 1179 1250 1252 1324 1325 
1252 3 0 -7.4 5.8382 0 1179 1251 1325 1180 1253 1326 
1253 3 0 -7.4 6.18461 0 1252 1180 1181 1254 1326 1327 
1254 3 0 -7.4 6.53102 0 1181 1182 1253 1255 1327 1328 
1255 3 0 -7.4 6.87743 0 1182 1183 1254 1256 1328 1329 
1256 3 0 -7.4 7.22384 0 1183 1184 1255 1329 
1257 2 0 -7.4 7.57025 0 1185 1258 1330 1331 
1258 2 0 -7.4 7.91666 0 1185 1257 1331 1186 1259 1332 
1259 2 0 -7.4 8.26307 0 1258 1186 1187 1260 1332 1333 
1260 2 0 -7.4 8.60948 0 1187 1188 1259 1261 1333 1334 
1261 2 0 -7.4 8.95589 0 1188 1189 1260 1262 1334 1335 
1262 2 0 -7.4 9.3023 0 1189 1190 1261 1263 1335 1336 
1263 2 0 -7.4 9.64871 0 1190 1191 1262 1264 1336 1337 
1264 2 0 -7.4 9.99512 0 1191 1263 1337 1192 1265 1338 
1265 2 0 -7.4 10.3415 0 1264 1192 1193 1266 1338 1339 
1266 2 0 -7.4 10.6879 0 1193 1194 1265 1267 1339 1340 
1267 2 0 -7.4 11.0344 0 1194 1195 1266 1268 1340 1341 
1268 2 0 -7.4 11.3808 0 1195 1196 1267 1269 1341 1342 
1269 2 0 -7.4 11.7272 0 1196 1197 1268 1342 1343 1270 
1270 2 0 -7.4 12.0736 0 1197 1269 1343 1198 1271 1344 
1271 2 0 -7.4 12.42 0 1198 1270 1344 1345 
1272 5 0 -7.1 -12.6947 0 1199 1273 1346 1347 
1273 5 0 -7.1 -12.3483 0 1199 1200 1272 1274 1347 1348 
1274 5 0 -7.1 -12.0019 0 1200 1273 1348 1201 1275 1349 
1275 5 0 -7.1 -11.6555 0 1274 1201 1202 1276 1349 1350 
1276 5 0 -7.1 -11.3091 0 1202 1203 1275 1277 1350 1351 
1277 5 0 -7.1 -10.9627 0 1203 1204 1276 1278 1351 1352 
1278 5 0 -7.1 -10.6163 0 1204 1205 1277 1279 1352 1353 
1279 5 0 -7.1 -10.2699 0 1205 1206 1278 1353 1354 1280 
1280 5 0 -7.1 -9.92346 0 1206 1279 1354 1207 1281 1355 
1281 5 0 -7.1 -9.57705 0 1207 1208 1280 1282 1355 1356 
1282 5 0 -7.1 -9.23064 0 1208 1209 1281 1283 1356 1357 
1283 5 0 -7.1 -8.88423 0 1209 1210 1282 1284 1357 1358 
1284 5 0 -7.1 -8.53782 0 1210 1211 1283 1285 1358 1359 
1285 5 0 -7.1 -8.19141 0 1211 1212 1284 1359 1360 1286 
1286 5 0 -7.1 -7.845 0 1212 1285 1360 1213 1287 1361 
1287 5 0 -7.1 -7.49859 0 1213 1286 1288 1361 1362 
1288 5 0 -7.1 -7.15218 0 1287 1362 1363 
1289 4 0 -7.1 -6.80577 0 1215 1216 1290 1364 
1290 4 0 -7.1 -6.45936 0 1216 1217 1289 1291 1364 1365 
1291 4 0 -7.1 -6.11295 0 1217 1290 1365 1218 1292 1366 
1292 4 0 -7.1 -5.76654 0 1291 1218 1219 1293 1366 1367 
1293 4 0 -7.1 -5.42013 0 1219 1220 1292 1294 1367 1368 
1294 4 0 -7.1 -5.07372 0 1220 1221 1293 1295 1368 1369 
1295 4 0 -7.1 -4.72731 0 1221 1222 1294 1296 1369 1370 
1296 4 0 -7.1 -4.3809 0 1222 1223 1295 1297 1370 1371 
1297 4 0 -7.1 -4.03449 0 1223 1296 1371 1224 1298 1372 
1298 4 0 -7.1 -3.68808 0 1297 1224 1225 1299 1372 1373 
1299 4 0 -7.1 -3.34167 0 1225 1226 1298 1300 1373 1374 
1300 4 0 -7.1 -2.99526 0 1226 1227 1299 1301 1374 1375 
1301 4 0 -7.1 -2.64885 0 1227 1228 1300 1302 1375 1376 
1302 4 0 -7.1 -2.30244 0 1228 1229 1301 1376 1377 1303 
1303 4 0 -7.1 -1.95603 0 1229 1302 1377 1230 1304 1378 
1304 4 0 -7.1 -1.60962 0 1230 1231 1303 1305 1378 1379 
1305 4 0 -7.1 -1.26321 0 1231 1232 1304 1306 1379 1380 
1306 4 0 -7.1 -0.916799 0 1232 1233 1305 1307 1380 1381 
1307 4 0 -7.1 -0.570388 0 1233 1234 1306 1308 1381 1382 
1308 4 0 -7.1 -0.223978 0 1234 1235 1307 1382 1383 
1309 3 0 -7.1 0.122432 0 1236 1310 1384 
1310 3 0 -7.1 0.468842 0 1236 1237 1309 1311 1384 1385 
1311 3 0 -7.1 0.815252 0 1237 1238 1310 1312 1385 1386 
1312 3 0 -7.1 1.16166 0 1238 1239 1311 1313 1386 1387 
1313 3 0 -7.1 1.50807 0 1239 1240 1312 1314 1387 1388 
1314 3 0 -7.1 1.85448 0 1240 1313 1388 1241 1315 1389 
1315 3 0 -7.1 2.20089 0 1314 1241 1242 1316 1389 1390 
1316 3 0 -7.1 2.5473 0 1242 1243 1315 1317 1390 1391 
1317 3 0 -7.1 2.89371 0 1243 1244 1316 1318 1391 1392 
1318 3 0 -7.1 3.24012 0 1244 1245 1317 1319 1392 1393 
1319 3 0 -7.1 3.58653 0 1245 1246 1318 1320 1393 1394 
1320 3 0 -7.1 3.93294 0 1246 1319 1394 1247 1321 1395 
1321 3 0 -7.1 4.27935 0 1320 1247 1248 1322 1395 1396 
1322 3 0 -7.1 4.62576 0 1248 1249 1321 1323 1396 1397 
1323 3 0 -7.1 4.97217 0 1249 1250 1322 1324 1397 1398 
1324 3 0 -7.1 5.31858 0 1250 1251 1323 1325 1398 1399 
1325 3 0 -7.1 5.66499 0 1251 1252 1324 1399 1400 1326 
1326 3 0 -7.1 6.0114 0 1252 1325 1400 1253 1327 1401 
1327 3 0 -7.1 6.35781 0 1253 1254 1326 1328 1401 1402 
1328 3 0 -7.1 6.70422 0 1254 1255 1327 1329 1402 
1329 3 0 -7.1 7.05064 0 1255 1256 1328 
1330 2 0 -7.1 7.39705 0 1257 1331 1404 1405 
1331 2 0 -7.1 7.74346 0 1257 1258 1330 1405 1406 1332 
1332 2 0 -7.1 8.08987 0 1258 1331 1406 1259 1333 1407 
1333 2 0 -7.1 8.43628 0 1259 1260 1332 1334 1407 1408 
1334 2 0 -7.1 8.78269 0 1260 1261 1333 1335 1408 1409 
1335 2 0 -7.1 9.1291 0 1261 1262 1334 1336 1409 1410 
1336 2 0 -7.1 9.47551 0 1262 1263 1335 1337 1410 1411 
1337 2 0 -7.1 9.82192 0 1263 1264 1336 1411 1412 1338 
1338 2 0 -7.1 10.1683 0 1264 1337 1412 1265 1339 1413 
1339 2 0 -7.1 10.5147 0 1265 1266 1338 1340 1413 1414 
1340 2 0 -7.1 10.8611 0 1266 1267 1339 1341 1414 1415 
1341 2 0 -7.1 11.2076 0 1267 1268 1340 1342 1415 1416 
1342 2 0 -7.1 11.554 0 1268 1269 1341 1343 1416 1417 
1343 2 0 -7.1 11.9004 0 1269 1342 1417 1270 1344 1418 
1344 2 0 -7.1 12.2468 0 1343 1270 1271 1345 1418 1419 
1345 2 0 -7.1 12.5932 0 1271 1344 1419 1420 
1346 5 0 -6.8 -12.8679 0 1272 1347 1421 1422 
1347 5 0 -6.8 -12.5215 0 1272 1273 1346 1348 1422 1423 
1348 5 0 -6.8 -12.1751 0 1273 1274 1347 1423 1424 1349 
1349 5 0 -6.8 -11.8287 0 1274 1348 1424 1275 1350 1425 
1350 5 0 -6.8 -11.4823 0 1275 1276 1349 1351 1425 1426 
1351 5 0 -6.8 -11.1359 0 1276 1277 1350 1352 1426 1427 
1352 5 0 -6.8 -10.7895 0 1277 1278 1351 1353 1427 1428 
1353 5 0 -6.8 -10.4431 0 1278 1279 1352 1354 1428 1429 
1354 5 0 -6.8 -10.0967 0 1279 1353 1429 1280 1355 1430 
1355 5 0 -6.8 -9.75026 0 1354 1280 1281 1356 1430 1431 
1356 5 0 -6.8 -9.40385 0 1281 1282 1355 1357 1431 1432 
1357 5 0 -6.8 -9.05744 0 1282 1283 1356 1358 1432 1433 
1358 5 0 -6.8 -8.71103 0 1283 1284 1357 1359 1433 1434 
1359 5 0 -6.8 -8.36462 0 1284 1285 1358 1360 1434 1435 
1360 5 0 -6.8 -8.01821 0 1285 1359 1435 1286 1361 1436 
1361 5 0 -6.8 -7.6718 0 1360 1286 1287 1362 1436 1437 
1362 5 0 -6.8 -7.32539 0 1287 1288 1361 1363 1437 1438 
1363 5 0 -6.8 -6.97898 0 1288 1362 1438 1439 
1364 4 0 -6.8 -6.63257 0 1289 1290 1365 1440 
1365 4 0 -6.8 -6.28616 0 1290 1291 1364 1440 1441 1366 
1366 4 0 -6.8 -5.93975 0 1291 1365 1441 1292 1367 1442 
1367 4 0 -6.8 -5.59334 0 1292 1293 1366 1368 1442 1443 
1368 4 0 -6.8 -5.24693 0 1293 1294 1367 1369 1443 1444 
1369 4 0 -6.8 -4.90052 0 1294 1295 1368 1370 1444 1445 
1370 4 0 -6.8 -4.55411 0 1295 1296 1369 1371 1445 1446 
1371 4 0 -6.8 -4.2077 0 1296 1297 1370 1446 1447 1372 
1372 4 0 -6.8 -3.86128 0 1297 1371 1447 1298 1373 1448 
1373 4 0 -6.8 -3.51487 0 1298 1299 1372 1374 1448 1449 
1374 4 0 -6.8 -3.16846 0 1299 1300 1373 1375 1449 1450 
1375 4 0 -6.8 -2.82205 0 1300 1301 1374 1376 1450 1451 
1376 4 0 -6.8 -2.47564 0 1301 1302 1375 1377 1451 1452 
1377 4 0 -6.8 -2.12923 0 1302 1376 1452 1303 1378 1453 
1378 4 0 -6.8 -1.78282 0 1377 1303 1304 1379 1453 1454 
1379 4 0 -6.8 -1.43641 0 1304 1305 1378 1380 1454 1455 
1380 4 0 -6.8 -1.09 0 1305 1306 1379 1381 1455 1456 
1381 4 0 -6.8 -0.743594 0 1306 1307 1380 1382 1456 1457 
1382 4 0 -6.8 -0.397183 0 1307 1308 1381 1383 1457 1458 
1383 4 0 -6.8 -0.0507732 0 1308 1382 1458 
1384 3 0 -6.8 0.295637 0 1309 1310 1385 1459 1460 
1385 3 0 -6.8 0.642047 0 1310 1311 1384 1386 1460 1461 
1386 3 0 -6.8 0.988457 0 1311 1312 1385 1387 1461 1462 
1387 3 0 -6.8 1.33487 0 1312 1313 1386 1388 1462 1463 
1388 3 0 -6.8 1.68128 0 1313 1314 1387 1463 1464 1389 
1389 3 0 -6.8 2.02769 0 1314 1388 1464 1315 1390 1465 
1390 3 0 -6.8 2.3741 0 1315 1316 1389 1391 1465 1466 
1391 3 0 -6.8 2.72051 0 1316 1317 1390 1392 1466 1467 
1392 3 0 -6.8 3.06692 0 1317 1318 1391 1393 1467 1468 
1393 3 0 -6.8 3.41333 0 1318 1319 1392 1394 1468 1469 
1394 3 0 -6.8 3.75974 0 1319 1320 1393 1469 1470 1395 
1395 3 0 -6.8 4.10615 0 1320 1394 1470 1321 1396 1471 
1396 3 0 -6.8 4.45256 0 1321 1322 1395 1397 1471 1472 
1397 3 0 -6.8 4.79897 0 1322 1323 1396 1398 1472 1473 
1398 3 0 -6.8 5.14538 0 1323 1324 1397 1399 1473 1474 
1399 3 0 -6.8 5.49179 0 1324 1325 1398 1400 1474 1475 
1400 3 0 -6.8 5.8382 0 1325 1399 1475 1326 1401 1476 
1401 3 0 -6.8 6.18461 0 1400 1326 1327 1402 1476 1477 
1402 3 0 -6.8 6.53102 0 1327 1328 1401 1477 
1403 2 0 -6.8 6.87743 0 1404 1478 1479 
1404 2 0 -6.8 7.22384 0 1330 1403 1405 1479 1480 
1405 2 0 -6.8 7.57025 0 1330 1331 1404 1406 1480 1481 
1406 2 0 -6.8 7.91666 0 1331 1405 1481 1332 1407 1482 
1407 2 0 -6.8 8.26307 0 1406 1332 1333 1408 1482 1483 
1408 2 0 -6.8 8.60948 0 1333 1334 1407 1409 1483 1484 
1409 2 0 -6.8 8.95589 0 1334 1335 1408 1410 1484 1485 
1410 2 0 -6.8 9.3023 0 1335 1336 1409 1411 1485 1486 
1411 2 0 -6.8 9.64871 0 1336 1337 1410 1412 1486 1487 
1412 2 0 -6.8 9.99512 0 1337 1411 1487 1338 1413 1488 
1413 2 0 -6.8 10.3415 0 1412 1338 1339 1414 1488 1489 
1414 2 0 -6.8 10.6879 0 1339 1340 1413 1415 1489 1490 
1415 2 0 -6.8 11.0344 0 1340 1341 1414 1416 1490 1491 
1416 2 0 -6.8 11.3808 0 1341 1342 1415 1417 1491 1492 
1417 2 0 -6.8 11.7272 0 1342 1343 1416 1492 1493 1418 
1418 2 0 -6.8 12.0736 0 1343 1417 1493 1344 1419 1494 
1419 2 0 -6.8 12.42 0 1344 1345 1418 1420 1494 1495 
1420 2 0 -6.8 12.7664 0 1345 1419 1495 1496 
1421 5 0 -6.5 -13.0412 0 1346 1422 1497 1498 
1422 5 0 -6.5 -12.6947 0 1346 1347 1421 1423 1498 1499 
1423 5 0 -6.5 -12.3483 0 1347 1348 1422 1424 1499 1500 
1424 5 0 -6.5 -12.0019 0 1348 1423 1500 1349 1425 1501 
1425 5 0 -6.5 -11.6555 0 1424 1349 1350 1426 1501 1502 
1426 5 0 -6.5 -11.3091 0 1350 1351 1425 1427 1502 1503 
1427 5 0 -6.5 -10.9627 0 1351 1352 1426 1428 1503 1504 
1428 5 0 -6.5 -10.6163 0 1352 1353 1427 1429 1504 1505 
1429 5 0 -6.5 -10.2699 0 1353 1354 1428 1505 1506 1430 
1430 5 0 -6.5 -9.92346 0 1354 1429 1506 1355 1431 1507 
1431 5 0 -6.5 -9.57705 0 1355 1356 1430 1432 1507 1508 
1432 5 0 -6.5 -9.23064 0 1356 1357 1431 1433 1508 1509 
1433 5 0 -6.5 -8.88423 0 1357 1358 1432 1434 1509 1510 
1434 5 0 -6.5 -8.53782 0 1358 1359 1433 1435 1510 1511 
1435 5 0 -6.5 -8.19141 0 1359 1360 1434 1511 1512 1436 
1436 5 0 -6.5 -7.845 0 1360 1435 1512 1361 1437 1513 
1437 5 0 -6.5 -7.49859 0 1361 1362 1436 1438 1513 1514 
1438 5 0 -6.5 -7.15218 0 1362 1363 1437 1439 1514 1515 
1439 5 0 -6.5 -6.80577 0 1363 1438 1515 1516 
1440 4 0 -6.5 -6.45936 0 1364 1365 1441 
1441 4 0 -6.5 -6.11295 0 1365 1440 1366 1442 1518 
1442 4 0 -6.5 -5.76654 0 1441 1366 1367 1443 1518 1519 
1443 4 0 -6.5 -5.42013 0 1367 1368 1442 1444 1519 1520 
1444 4 0 -6.5 -5.07372 0 1368 1369 1443 1445 1520 1521 
1445 4 0 -6.5 -4.72731 0 1369 1370 1444 1446 1521 1522 
1446 4 0 -6.5 -4.3809 0 1370 1371 1445 1447 1522 1523 
1447 4 0 -6.5 -4.03449 0 1371 1446 1523 1372 1448 1524 
1448 4 0 -6.5 -3.68808 0 1447 1372 1373 1449 1524 1525 
1449 4 0 -6.5 -3.34167 0 1373 1374 1448 1450 1525 1526 
1450 4 0 -6.5 -2.99526 0 1374 1375 1449 1451 1526 1527 
1451 4 0 -6.5 -2.64885 0 1375 1376 1450 1452 1527 1528 
1452 4 0 -6.5 -2.30244 0 1376 1377 1451 1528 1529 1453 
1453 4 0 -6.5 -1.95603 0 1377 1452 1529 1378 1454 1530 
1454 4 0 -6.5 -1.60962 0 1378 1379 1453 1455 1530 1531 
1455 4 0 -6.5 -1.26321 0 1379 1380 1454 1456 1531 1532 
1456 4 0 -6.5 -0.916799 0 1380 1381 1455 1457 1532 1533 
1457 4 0 -6.5 -0.570388 0 1381 1382 1456 1458 1533 1534 
1458 4 0 -6.5 -0.223978 0 1382 1383 1457 1534 1535 
1459 3 0 -6.5 0.122432 0 1384 1460 1536 
1460 3 0 -6.5 0.468842 0 1384 1385 1459 1461 1536 1537 
1461 3 0 -6.5 0.815252 0 1385 1386 1460 1462 1537 1538 
1462 3 0 -6.5 1.16166 0 1386 1387 1461 1463 1538 1539 
1463 3 0 -6.5 1.50807 0 1387 1388 1462 1464 1539 1540 
1464 3 0 -6.5 1.85448 0 1388 1463 1540 1389 1465 1541 
1465 3 0 -6.5 2.20089 0 1464 1389 1390 1466 1541 1542 
1466 3 0 -6.5 2.5473 0 1390 1391 1465 1467 1542 1543 
1467 3 0 -6.5 2.89371 0 1391 1392 1466 1468 1543 1544 
1468 3 0 -6.5 3.24012 0 1392 1393 1467 1469 1544 1545 
1469 3 0 -6.5 3.58653 0 1393 1394 1468 1470 1545 1546 
1470 3 0 -6.5 3.93294 0 1394 1469 1546 1395 1471 1547 
1471 3 0 -6.5 4.27935 0 1470 1395 1396 1472 1547 1548 
1472 3 0 -6.5 4.62576 0 1396 1397 1471 1473 1548 1549 
1473 3 0 -6.5 4.97217 0 1397 1398 1472 1474 1549 1550 
1474 3 0 -6.5 5.31858 0 1398 1399 1473 1475 1550 1551 
1475 3 0 -6.5 5.66499 0 1399 1400 1474 1551 1552 1476 
1476 3 0 -6.5 6.0114 0 1400 1475 1552 1401 1477 1553 
1477 3 0 -6.5 6.35781 0 1401 1402 1476 1553 
1478 2 0 -6.5 6.70422 0 1403 1479 1554 1555 
1479 2 0 -6.5 7.05064 0 1403 1404 1478 1480 1555 1556 
1480 2 0 -6.5 7.39705 0 1404 1405 1479 1481 1556 1557 
1481 2 0 -6.5 7.74346 0 1405 1406 1480 1557 1558 1482 
1482 2 0 -6.5 8.08987 0 1406 1481 1558 1407 1483 1559 
1483 2 0 -6.5 8.43628 0 1407 1408 1482 1484 1559 1560 
1484 2 0 -6.5 8.78269 0 1408 1409 1483 1485 1560 1561 
1485 2 0 -6.5 9.1291 0 1409 1410 1484 1486 1561 1562 
1486 2 0 -6.5 9.47551 0 1410 1411 1485 1487 1562 1563 
1487 2 0 -6.5 9.82192 0 1411 1412 1486 1563 1564 1488 
1488 2 0 -6.5 10.1683 0 1412 1487 1564 1413 1489 1565 
1489 2 0 -6.5 10.5147 0 1413 1414 1488 1490 1565 1566 
1490 2 0 -6.5 10.8611 0 1414 1415 1489 1491 1566 1567 
1491 2 0 -6.5 11.2076 0 1415 1416 1490 1492 1567 1568 
1492 2 0 -6.5 11.554 0 1416 1417 1491 1493 1568 1569 
1493 2 0 -6.5 11.9004 0 1417 1492 1569 1418 1494 1570 
1494 2 0 -6.5 12.2468 0 1493 1418 1419 1495 1570 1571 
1495 2 0 -6.5 12.5932 0 1419 1420 1494 1496 1571 1572 
1496 2 0 -6.5 12.9396 0 1420 1495 1572 1573 
1497 5 0 -6.2 -13.2144 0 1421 1498 1574 
1498 5 0 -6.2 -12.8679 0 1421 1422 1497 1499 1574 1575 
1499 5 0 -6.2 -12.5215 0 1422 1423 1498 1500 1575 1576 
1500 5 0 -6.2 -12.1751 0 1423 1424 1499 1576 1577 1501 
1501 5 0 -6.2 -11.8287 0 1424 1500 1577 1425 1502 1578 
1502 5 0 -6.2 -11.4823 0 1425 1426 1501 1503 1578 1579 
1503 5 0 -6.2 -11.1359 0 1426 1427 1502 1504 1579 1580 
1504 5 0 -6.2 -10.7895 0 1427 1428 1503 1505 1580 1581 
1505 5 0 -6.2 -10.4431 0 1428 1429 1504 1506 1581 1582 
1506 5 0 -6.2 -10.0967 0 1429 1505 1582 1430 1507 1583 
1507 5 0 -6.2 -9.75026 0 1506 1430 1431 1508 1583 1584 
1508 5 0 -6.2 -9.40385 0 1431 1432 1507 1509 1584 1585 
1509 5 0 -6.2 -9.05744 0 1432 1433 1508 1510 1585 1586 
1510 5 0 -6.2 -8.71103 0 1433 1434 1509 1511 1586 1587 
1511 5 0 -6.2 -8.36462 0 1434 1435 1510 1512 1587 1588 
1512 5 0 -6.2 -8.01821 0 1435 1511 1588 1436 1513 1589 
1513 5 0 -6.2 -7.6718 0 1512 1436 1437 1514 1589 1590 
1514 5 0 -6.2 -7.32539 0 1437 1438 1513 1515 1590 1591 
1515 5 0 -6.2 -6.97898 0 1438 1439 1514 1516 1591 1592 
1516 5 0 -6.2 -6.63257 0 1439 1515 1517 1592 1593 
1517 5 0 -6.2 -6.28616 0 1516 1593 1594 
1518 4 0 -6.2 -5.93975 0 1441 1442 1519 1595 
1519 4 0 -6.2 -5.59334 0 1442 1443 1518 1520 1595 1596 
1520 4 0 -6.2 -5.24693 0 1443 1444 1519 1521 1596 1597 
1521 4 0 -6.2 -4.90052 0 1444 1445 1520 1522 1597 1598 
1522 4 0 -6.2 -4.55411 0 1445 1446 1521 1523 1598 1599 
1523 4 0 -6.2 -4.2077 0 1446 1447 1522 1599 1600 1524 
1524 4 0 -6.2 -3.86128 0 1447 1523 1600 1448 1525 1601 
1525 4 0 -6.2 -3.51487 0 1448 1449 1524 1526 1601 1602 
1526 4 0 -6.2 -3.16846 0 1449 1450 1525 1527 1602 1603 
1527 4 0 -6.2 -2.82205 0 1450 1451 1526 1528 1603 1604 
1528 4 0 -6.2 -2.47564 0 1451 1452 1527 1529 1604 1605 
1529 4 0 -6.2 -2.12923 0 1452 1528 1605 1453 1530 1606 
1530 4 0 -6.2 -1.78282 0 1529 1453 1454 1531 1606 1607 
1531 4 0 -6.2 -1.43641 0 1454 1455 1530 1532 1607 1608 
1532 4 0 -6.2 -1.09 0 1455 1456 1531 1533 1608 1609 
1533 4 0 -6.2 -0.743594 0 1456 1457 1532 1534 1609 1610 
1534 4 0 -6.2 -0.397183 0 1457 1458 1533 1535 1610 1611 
1535 4 0 -6.2 -0.0507732 0 1458 1534 1611 
1536 3 0 -6.2 0.295637 0 1459 1460 1537 1612 1613 
1537 3 0 -6.2 0.642047 0 1460 1461 1536 1538 1613 1614 
1538 3 0 -6.2 0.988457 0 1461 1462 1537 1539 1614 1615 
1539 3 0 -6.2 1.33487 0 1462 1463 1538 1540 1615 1616 
1540 3 0 -6.2 1.68128 0 1463 1464 1539 1616 1617 1541 
1541 3 0 -6.2 2.02769 0 1464 1540 1617 1465 1542 1618 
1542 3 0 -6.2 2.3741 0 1465 1466 1541 1543 1618 1619 
1543 3 0 -6.2 2.72051 0 1466 1467 1542 1544 1619 1620 
1544 3 0 -6.2 3.06692 0 1467 1468 1543 1545 1620 1621 
1545 3 0 -6.2 3.41333 0 1468 1469 1544 1546 1621 1622 
1546 3 0 -6.2 3.75974 0 1469 1470 1545 1622 1623 1547 
1547 3 0 -6.2 4.10615 0 1470 1546 1623 1471 1548 1624 
1548 3 0 -6.2 4.45256 0 1471 1472 1547 1549 1624 1625 
1549 3 0 -6.2 4.79897 0 1472 1473 1548 1550 1625 1626 
1550 3 0 -6.2 5.14538 0 1473 1474 1549 1551 1626 1627 
1551 3 0 -6.2 5.49179 0 1474 1475 1550 1552 1627 1628 
1552 3 0 -6.2 5.8382 0 1475 1551 1628 1476 1553 
1553 3 0 -6.2 6.18461 0 1552 1476 1477 
1554 2 0 -6.2 6.53102 0 1478 1555 1630 1631 
1555 2 0 -6.2 6.87743 0 1478 1479 1554 1556 1631 1632 
1556 2 0 -6.2 7.22384 0 1479 1480 1555 1557 1632 1633 
1557 2 0 -6.2 7.57025 0 1480 1481 1556 1558 1633 1634 
1558 2 0 -6.2 7.91666 0 1481 1557 1634 1482 1559 1635 
1559 2 0 -6.2 8.26307 0 1558 1482 1483 1560 1635 1636 
1560 2 0 -6.2 8.60948 0 1483 1484 1559 1561 1636 1637 
1561 2 0 -6.2 8.95589 0 1484 1485 1560 1562 1637 1638 
1562 2 0 -6.2 9.3023 0 1485 1486 1561 1563 1638 1639 
1563 2 0 -6.2 9.64871 0 1486 1487 1562 1564 1639 1640 
1564 2 0 -6.2 9.99512 0 1487 1563 1640 1488 1565 1641 
1565 2 0 -6.2 10.3415 0 1564 1488 1489 1566 1641 1642 
1566 2 0 -6.2 10.6879 0 1489 1490 1565 1567 1642 1643 
1567 2 0 -6.2 11.0344 0 1490 1491 1566 1568 1643 1644 
1568 2 0 -6.2 11.3808 0 1491 1492 1567 1569 1644 1645 
1569 2 0 -6.2 11.7272 0 1492 1493 1568 1645 1646 1570 
1570 2 0 -6.2 12.0736 0 1493 1569 1646 1494 1571 1647 
1571 2 0 -6.2 12.42 0 1494 1495 1570 1572 1647 1648 
1572 2 0 -6.2 12.7664 0 1495 1496 1571 1573 1648 1649 
1573 2 0 -6.2 13.1128 0 1496 1572 1649 1650 
1574 5 0 -5.9 -13.0412 0 1497 1498 1575 1651 1652 
1575 5 0 -5.9 -12.6947 0 1498 1499 1574 1576 1652 1653 
1576 5 0 -5.9 -12.3483 0 1499 1500 1575 1577 1653 1654 
1577 5 0 -5.9 -12.0019 0 1500 1576 1654 1501 1578 1655 
1578 5 0 -5.9 -11.6555 0 1577 1501 1502 1579 1655 1656 
1579 5 0 -5.9 -11.3091 0 1502 1503 1578 1580 1656 1657 
1580 5 0 -5.9 -10.9627 0 1503 1504 1579 1581 1657 1658 
1581 5 0 -5.9 -10.6163 0 1504 1505 1580 1582 1658 1659 
1582 5 0 -5.9 -10.2699 0 1505 1506 1581 1659 1660 1583 
1583 5 0 -5.9 -9.92346 0 1506 1582 1660 1507 1584 1661 
1584 5 0 -5.9 -9.57705 0 1507 1508 1583 1585 1661 1662 
1585 5 0 -5.9 -9.23064 0 1508 1509 1584 1586 1662 1663 
1586 5 0 -5.9 -8.88423 0 1509 1510 1585 1587 1663 1664 
1587 5 0 -5.9 -8.53782 0 1510 1511 1586 1588 1664 1665 
1588 5 0 -5.9 -8.19141 0 1511 1512 1587 1665 1666 1589 
1589 5 0 -5.9 -7.845 0 1512 1588 1666 1513 1590 1667 
1590 5 0 -5.9 -7.49859 0 1513 1514 1589 1591 1667 1668 
1591 5 0 -5.9 -7.15218 0 1514 1515 1590 1592 1668 1669 
1592 5 0 -5.9 -6.80577 0 1515 1516 1591 1593 1669 1670 
1593 5 0 -5.9 -6.45936 0 1516 1517 1592 1594 1670 1671 
1594 5 0 -5.9 -6.11295 0 1517 1593 1671 1672 
1595 4 0 -5.9 -5.76654 0 1518 1519 1596 1673 
1596 4 0 -5.9 -5.42013 0 1519 1520 1595 1597 1673 1674 
1597 4 0 -5.9 -5.07372 0 1520 1521 1596 1598 1674 1675 
1598 4 0 -5.9 -4.72731 0 1521 1522 1597 1599 1675 1676 
1599 4 0 -5.9 -4.3809 0 1522 1523 1598 1600 1676 1677 
1600 4 0 -5.9 -4.03449 0 1523 1599 1677 1524 1601 1678 
1601 4 0 -5.9 -3.68808 0 1600 1524 1525 1602 1678 1679 
1602 4 0 -5.9 -3.34167 0 1525 1526 1601 1603 1679 1680 
1603 4 0 -5.9 -2.99526 0 1526 1527 1602 1604 1680 1681 
1604 4 0 -5.9 -2.64885 0 1527 1528 1603 1605 1681 1682 
1605 4 0 -5.9 -2.30244 0 1528 1529 1604 1682 1683 1606 
1606 4 0 -5.9 -1.95603 0 1529 1605 1683 1530 1607 1684 
1607 4 0 -5.9 -1.60962 0 1530 1531 1606 1608 1684 1685 
1608 4 0 -5.9 -1.26321 0 1531 1532 1607 1609 1685 1686 
1609 4 0 -5.9 -0.916799 0 1532 1533 1608 1610 1686 1687 
1610 4 0 -5.9 -0.570388 0 1533 1534 1609 1611 1687 1688 
1611 4 0 -5.9 -0.223978 0 1534 1535 1610 1688 1689 
1612 3 0 -5.9 0.122432 0 1536 1613 1690 
1613 3 0 -5.9 0.468842 0 1536 1537 1612 1614 1690 1691 
1614 3 0 -5.9 0.815252 0 1537 1538 1613 1615 1691 1692 
1615 3 0 -5.9 1.16166 0 1538 1539 1614 1616 1692 1693 
1616 3 0 -5.9 1.50807 0 1539 1540 1615 1617 1693 1694 
1617 3 0 -5.9 1.85448 0 1540 1616 1694 1541 1618 1695 
1618 3 0 -5.9 2.20089 0 1617 1541 1542 1619 1695 1696 
1619 3 0 -5.9 2.5473 0 1542 1543 1618 1620 1696 1697 
1620 3 0 -5.9 2.89371 0 1543 1544 1619 1621 1697 1698 
1621 3 0 -5.9 3.24012 0 1544 1545 1620 1622 1698 1699 
1622 3 0 -5.9 3.58653 0 1545 1546 1621 1623 1699 1700 
1623 3 0 -5.9 3.93294 0 1546 1622 1700 1547 1624 1701 
1624 3 0 -5.9 4.27935 0 1623 1547 1548 1625 1701 1702 
1625 3 0 -5.9 4.62576 0 1548 1549 1624 1626 1702 1703 
1626 3 0 -5.9 4.97217 0 1549 1550 1625 1627 1703 1704 
1627 3 0 -5.9 5.31858 0 1550 1551 1626 1628 1704 1705 
1628 3 0 -5.9 5.66499 0 1551 1552 1627 1705 
1629 2 0 -5.9 6.0114 0 1706 1630 1707 
1630 2 0 -5.9 6.35781 0 1554 1629 1631 1707 1708 
1631 2 0 -5.9 6.70422 0 1554 1555 1630 1632 1708 1709 
1632 2 0 -5.9 7.05064 0 1555 1556 1631 1633 1709 1710 
1633 2 0 -5.9 7.39705 0 1556 1557 1632 1634 1710 1711 
1634 2 0 -5.9 7.74346 0 1557 1558 1633 1711 1712 1635 
1635 2 0 -5.9 8.08987 0 1558 1634 1712 1559 1636 1713 
1636 2 0 -5.9 8.43628 0 1559 1560 1635 1637 1713 1714 
1637 2 0 -5.9 8.78269 0 1560 1561 1636 1638 1714 1715 
1638 2 0 -5.9 9.1291 0 1561 1562 1637 1639 1715 1716 
1639 2 0 -5.9 9.47551 0 1562 1563 1638 1640 1716 1717 
1640 2 0 -5.9 9.82192 0 1563 1564 1639 1717 1718 1641 
1641 2 0 -5.9 10.1683 0 1564 1640 1718 1565 1642 1719 
1642 2 0 -5.9 10.5147 0 1565 1566 1641 1643 1719 1720 
1643 2 0 -5.9 10.8611 0 1566 1567 1642 1644 1720 1721 
1644 2 0 -5.9 11.2076 0 1567 1568 1643 1645 1721 1722 
1645 2 0 -5.9 11.554 0 1568 1569 1644 1646 1722 1723 
1646 2 0 -5.9 11.9004 0 1569 1645 1723 1570 1647 1724 
1647 2 0 -5.9 12.2468 0 1646 1570 1571 1648 1724 1725 
1648 2 0 -5.9 12.5932 0 1571 1572 1647 1649 1725 1726 
1649 2 0 -5.9 12.9396 0 1572 1573 1648 1650 1726 1727 
1650 2 0 -5.9 13.286 0 1573 1649 1727 1728 
1651 5 0 -5.6 -13.2144 0 1574 1652 1729 1730 
1652 5 0 -5.6 -12.8679 0 1574 1575 1651 1653 1730 1731 
1653 5 0 -5.6 -12.5215 0 1575 1576 1652 1654 1731 1732 
1654 5 0 -5.6 -12.1751 0 1576 1577 1653 1732 1733 1655 
1655 5 0 -5.6 -11.8287 0 1577 1654 1733 1578 1656 1734 
1656 5 0 -5.6 -11.4823 0 1578 1579 1655 1657 1734 1735 
1657 5 0 -5.6 -11.1359 0 1579 1580 1656 1658 1735 1736 
1658 5 0 -5.6 -10.7895 0 1580 1581 1657 1659 1736 1737 
1659 5 0 -5.6 -10.4431 0 1581 1582 1658 1660 1737 1738 
1660 5 0 -5.6 -10.0967 0 1582 1659 1738 1583 1661 1739 
1661 5 0 -5.6 -9.75026 0 1660 1583 1584 1662 1739 1740 
1662 5 0 -5.6 -9.40385 0 1584 1585 1661 1663 1740 1741 
1663 5 0 -5.6 -9.05744 0 1585 1586 1662 1664 1741 1742 
1664 5 0 -5.6 -8.71103 0 1586 1587 1663 1665 1742 1743 
1665 5 0 -5.6 -8.36462 0 1587 1588 1664 1666 1743 1744 
1666 5 0 -5.6 -8.01821 0 1588 1665 1744 1589 1667 1745 
1667 5 0 -5.6 -7.6718 0 1666 1589 1590 1668 1745 1746 
1668 5 0 -5.6 -7.32539 0 1590 1591 1667 1669 1746 1747 
1669 5 0 -5.6 -6.97898 0 1591 1592 1668 1670 1747 1748 
1670 5 0 -5.6 -6.63257 0 1592 1593 1669 1671 1748 1749 
1671 5 0 -5.6 -6.28616 0 1593 1594 1670 1749 1750 1672 
1672 5 0 -5.6 -5.93975 0 1594 1671 1750 1751 
1673 4 0 -5.6 -5.59334 0 1595 1596 1674 
1674 4 0 -5.6 -5.24693 0 1596 1597 1673 1675 1753 
1675 4 0 -5.6 -4.90052 0 1597 1598 1674 1676 1753 1754 
1676 4 0 -5.6 -4.55411 0 1598 1599 1675 1677 1754 1755 
1677 4 0 -5.6 -4.2077 0 1599 1600 1676 1755 1756 1678 
1678 4 0 -5.6 -3.86128 0 1600 1677 1756 1601 1679 1757 
1679 4 0 -5.6 -3.51487 0 1601 1602 1678 1680 1757 1758 
1680 4 0 -5.6 -3.16846 0 1602 1603 1679 1681 1758 1759 
1681 4 0 -5.6 -2.82205 0 1603 1604 1680 1682 1759 1760 
1682 4 0 -5.6 -2.47564 0 1604 1605 1681 1683 1760 1761 
1683 4 0 -5.6 -2.12923 0 1605 1682 1761 1606 1684 1762 
1684 4 0 -5.6 -1.78282 0 1683 1606 1607 1685 1762 1763 
1685 4 0 -5.6 -1.43641 0 1607 1608 1684 1686 1763 1764 
1686 4 0 -5.6 -1.09 0 1608 1609 1685 1687 1764 1765 
1687 4 0 -5.6 -0.743594 0 1609 1610 1686 1688 1765 1766 
1688 4 0 -5.6 -0.397183 0 1610 1611 1687 1689 1766 1767 
1689 4 0 -5.6 -0.0507732 0 1611 1688 1767 
1690 3 0 -5.6 0.295637 0 1612 1613 1691 1768 1769 
1691 3 0 -5.6 0.642047 0 1613 1614 1690 1692 1769 1770 
1692 3 0 -5.6 0.988457 0 1614 1615 1691 1693 1770 1771 
1693 3 0 -5.6 1.33487 0 1615 1616 1692 1694 1771 1772 
1694 3 0 -5.6 1.68128 0 1616 1617 1693 1772 1773 1695 
1695 3 0 -5.6 2.02769 0 1617 1694 1773 1618 1696 1774 
1696 3 0 -5.6 2.3741 0 1618 1619 1695 1697 1774 1775 
1697 3 0 -5.6 2.72051 0 1619 1620 1696 1698 1775 1776 
1698 3 0 -5.6 3.06692 0 1620 1621 1697 1699 1776 1777 
1699 3 0 -5.6 3.41333 0 1621 1622 1698 1700 1777 1778 
1700 3 0 -5.6 3.75974 0 1622 1623 1699 1778 1779 1701 
1701 3 0 -5.6 4.10615 0 1623 1700 1779 1624 1702 1780 
1702 3 0 -5.6 4.45256 0 1624 1625 1701 1703 1780 1781 
1703 3 0 -5.6 4.79897 0 1625 1626 1702 1704 1781 1782 
1704 3 0 -5.6 5.14538 0 1626 1627 1703 1705 1782 
1705 3 0 -5.6 5.49179 0 1627 1628 1704 
1706 2 0 -5.6 5.8382 0 1784 1629 1707 1785 
1707 2 0 -5.6 6.18461 0 1706 1629 1630 1708 1785 1786 
1708 2 0 -5.6 6.53102 0 1630 1631 1707 1709 1786 1787 
1709 2 0 -5.6 6.87743 0 1631 1632 1708 1710 1787 1788 
1710 2 0 -5.6 7.22384 0 1632 1633 1709 1711 1788 1789 
1711 2 0 -5.6 7.57025 0 1633 1634 1710 1712 1789 1790 
1712 2 0 -5.6 7.91666 0 1634 1711 1790 1635 1713 1791 
1713 2 0 -5.6 8.26307 0 1712 1635 1636 1714 1791 1792 
1714 2 0 -5.6 8.60948 0 1636 1637 1713 1715 1792 1793 
1715 2 0 -5.6 8.95589 0 1637 1638 1714 1716 1793 1794 
1716 2 0 -5.6 9.3023 0 1638 1639 1715 1717 1794 1795 
1717 2 0 -5.6 9.64871 0 1639 1640 1716 1718 1795 1796 
1718 2 0 -5.6 9.99512 0 1640 1717 1796 1641 1719 1797 
1719 2 0 -5.6 10.3415 0 1718 1641 1642 1720 1797 1798 
1720 2 0 -5.6 10.6879 0 1642 1643 1719 1721 1798 1799 
1721 2 0 -5.6 11.0344 0 1643 1644 1720 1722 1799 1800 
1722 2 0 -5.6 11.3808 0 1644 1645 1721 1723 1800 1801 
1723 2 0 -5.6 11.7272 0 1645 1646 1722 1801 1802 1724 
1724 2 0 -5.6 12.0736 0 1646 1723 1802 1647 1725 1803 
1725 2 0 -5.6 12.42 0 1647 1648 1724 1726 1803 1804 
1726 2 0 -5.6 12.7664 0 1648 1649 1725 1727 1804 1805 
1727 2 0 -5.6 13.1128 0 1649 1650 1726 1728 1805 1806 
1728 2 0 -5.6 13.4592 0 1650 1727 1806 
1729 5 0 -5.3 -13.3876 0 1651 1730 1807 1808 
1730 5 0 -5.3 -13.0412 0 1651 1652 1729 1731 1808 1809 
1731 5 0 -5.3 -12.6947 0 1652 1653 1730 1732 1809 1810 
1732 5 0 -5.3 -12.3483 0 1653 1654 1731 1733 1810 1811 
1733 5 0 -5.3 -12.0019 0 1654 1732 1811 1655 1734 1812 
1734 5 0 -5.3 -11.6555 0 1733 1655 1656 1735 1812 1813 
1735 5 0 -5.3 -11.3091 0 1656 1657 1734 1736 1813 1814 
1736 5 0 -5.3 -10.9627 0 1657 1658 1735 1737 1814 1815 
1737 5 0 -5.3 -10.6163 0 1658 1659 1736 1738 1815 1816 
1738 5 0 -5.3 -10.2699 0 1659 1660 1737 1816 1817 1739 
1739 5 0 -5.3 -9.92346 0 1660 1738 1817 1661 1740 1818 
1740 5 0 -5.3 -9.57705 0 1661 1662 1739 1741 1818 1819 
1741 5 0 -5.3 -9.23064 0 1662 1663 1740 1742 1819 1820 
1742 5 0 -5.3 -8.88423 0 1663 1664 1741 1743 1820 1821 
1743 5 0 -5.3 -8.53782 0 1664 1665 1742 1744 1821 1822 
1744 5 0 -5.3 -8.19141 0 1665 1666 1743 1822 1823 1745 
1745 5 0 -5.3 -7.845 0 1666 1744 1823 1667 1746 1824 
1746 5 0 -5.3 -7.49859 0 1667 1668 1745 1747 1824 1825 
1747 5 0 -5.3 -7.15218 0 1668 1669 1746 1748 1825 1826 
1748 5 0 -5.3 -6.80577 0 1669 1670 1747 1749 1826 1827 
1749 5 0 -5.3 -6.45936 0 1670 1671 1748 1750 1827 1828 
1750 5 0 -5.3 -6.11295 0 1671 1749 1828 1672 1751 1829 
1751 5 0 -5.3 -5.76654 0 1750 1672 1752 1829 1830 
1752 5 0 -5.3 -5.42013 0 1751 1830 1831 
1753 4 0 -5.3 -5.07372 0 1674 1675 1754 1832 
1754 4 0 -5.3 -4.72731 0 1675 1676 1753 1755 1832 1833 
1755 4 0 -5.3 -4.3809 0 1676 1677 1754 1756 1833 1834 
1756 4 0 -5.3 -4.03449 0 1677 1755 1834 1678 1757 1835 
1757 4 0 -5.3 -3.68808 0 1756 1678 1679 1758 1835 1836 
1758 4 0 -5.3 -3.34167 0 1679 1680 1757 1759 1836 1837 
1759 4 0 -5.3 -2.99526 0 1680 1681 1758 1760 1837 1838 
1760 4 0 -5.3 -2.64885 0 1681 1682 1759 1761 1838 1839 
1761 4 0 -5.3 -2.30244 0 1682 1683 1760 1839 1840 1762 
1762 4 0 -5.3 -1.95603 0 1683 1761 1840 1684 1763 1841 
1763 4 0 -5.3 -1.60962 0 1684 1685 1762 1764 1841 1842 
1764 4 0 -5.3 -1.26321 0 1685 1686 1763 1765 1842 
1765 4 0 -5.3 -0.916799 0 1686 1687 1764 1766 
1766 4 0 -5.3 -0.570388 0 1687 1688 1765 1767 
1767 4 0 -5.3 -0.223978 0 1688 1689 1766 
1768 3 0 -5.3 0.122432 0 1690 1769 
1769 3 0 -5.3 0.468842 0 1690 1691 1768 1770 
1770 3 0 -5.3 0.815252 0 1691 1692 1769 1771 
1771 3 0 -5.3 1.16166 0 1692 1693 1770 1772 
1772 3 0 -5.3 1.50807 0 1693 1694 1771 1773 1843 
1773 3 0 -5.3 1.85448 0 1694 1772 1843 1695 1774 1844 
1774 3 0 -5.3 2.20089 0 1773 1695 1696 1775 1844 1845 
1775 3 0 -5.3 2.5473 0 1696 1697 1774 1776 1845 1846 
1776 3 0 -5.3 2.89371 0 1697 1698 1775 1777 1846 1847 
1777 3 0 -5.3 3.24012 0 1698 1699 1776 1778 1847 1848 
1778 3 0 -5.3 3.58653 0 1699 1700 1777 1779 1848 1849 
1779 3 0 -5.3 3.93294 0 1700 1778 1849 1701 1780 1850 
1780 3 0 -5.3 4.27935 0 1779 1701 1702 1781 1850 1851 
1781 3 0 -5.3 4.62576 0 1702 1703 1780 1782 1851 1852 
1782 3 0 -5.3 4.97217 0 1703 1704 1781 1852 
1783 2 0 -5.3 5.31858 0 1784 1853 1854 
1784 2 0 -5.3 5.66499 0 1706 1783 1854 1855 1785 
1785 2 0 -5.3 6.0114 0 1706 1784 1855 1707 1786 1856 
1786 2 0 -5.3 6.35781 0 1707 1708 1785 1787 1856 1857 
1787 2 0 -5.3 6.70422 0 1708 1709 1786 1788 1857 1858 
1788 2 0 -5.3 7.05064 0 1709 1710 1787 1789 1858 1859 
1789 2 0 -5.3 7.39705 0 1710 1711 1788 1790 1859 1860 
1790 2 0 -5.3 7.74346 0 1711 1712 1789 1860 1861 1791 
1791 2 0 -5.3 8.08987 0 1712 1790 1861 1713 1792 1862 
1792 2 0 -5.3 8.43628 0 1713 1714 1791 1793 1862 1863 
1793 2 0 -5.3 8.78269 0 1714 1715 1792 1794 1863 1864 
1794 2 0 -5.3 9.1291 0 1715 1716 1793 1795 1864 1865 
1795 2 0 -5.3 9.47551 0 1716 1717 1794 1796 1865 1866 
1796 2 0 -5.3 9.82192 0 1717 1718 1795 1866 1867 1797 
1797 2 0 -5.3 10.1683 0 1718 1796 1867 1719 1798 1868 
1798 2 0 -5.3 10.5147 0 1719 1720 1797 1799 1868 1869 
1799 2 0 -5.3 10.8611 0 1720 1721 1798 1800 1869 1870 
1800 2 0 -5.3 11.2076 0 1721 1722 1799 1801 1870 1871 
1801 2 0 -5.3 11.554 0 1722 1723 1800 1802 1871 1872 
1802 2 0 -5.3 11.9004 0 1723 1801 1872 1724 1803 1873 
1803 2 0 -5.3 12.2468 0 1802 1724 1725 1804 1873 1874 
1804 2 0 -5.3 12.5932 0 1725 1726 1803 1805 1874 1875 
1805 2 0 -5.3 12.9396 0 1726 1727 1804 1806 1875 1876 
1806 2 0 -5.3 13.286 0 1727 1728 1805 1876 1877 
1807 5 0 -5 -13.5608 0 1729 1808 1878 1879 
1808 5 0 -5 -13.2144 0 1729 1730 1807 1809 1879 1880 
1809 5 0 -5 -12.8679 0 1730 1731 1808 1810 1880 1881 
1810 5 0 -5 -12.5215 0 1731 1732 1809 1811 1881 1882 
1811 5 0 -5 -12.1751 0 1732 1733 1810 1882 1883 1812 
1812 5 0 -5 -11.8287 0 1733 1811 1883 1734 1813 1884 
1813 5 0 -5 -11.4823 0 1734 1735 1812 1814 1884 1885 
1814 5 0 -5 -11.1359 0 1735 1736 1813 1815 1885 1886 
1815 5 0 -5 -10.7895 0 1736 1737 1814 1816 1886 1887 
1816 5 0 -5 -10.4431 0 1737 1738 1815 1817 1887 1888 
1817 5 0 -5 -10.0967 0 1738 1816 1888 1739 1818 1889 
1818 5 0 -5 -9.75026 0 1817 1739 1740 1819 1889 1890 
1819 5 0 -5 -9.40385 0 1740 1741 1818 1820 1890 1891 
1820 5 0 -5 -9.05744 0 1741 1742 1819 1821 1891 1892 
1821 5 0 -5 -8.71103 0 1742 1743 1820 1822 1892 1893 
1822 5 0 -5 -8.36462 0 1743 1744 1821 1823 1893 1894 
1823 5 0 -5 -8.01821 0 1744 1822 1894 1745 1824 1895 
1824 5 0 -5 -7.6718 0 1823 1745 1746 1825 1895 1896 
1825 5 0 -5 -7.32539 0 1746 1747 1824 1826 1896 1897 
1826 5 0 -5 -6.97898 0 1747 1748 1825 1827 1897 1898 
1827 5 0 -5 -6.63257 0 1748 1749 1826 1828 1898 1899 
1828 5 0 -5 -6.28616 0 1749 1750 1827 1899 1900 1829 
1829 5 0 -5 -5.93975 0 1750 1828 1900 1751 1830 1901 
1830 5 0 -5 -5.59334 0 1751 1752 1829 1831 1901 1902 
1831 5 0 -5 -5.24693 0 1752 1830 1902 1903 
1832 4 0 -5 -4.90052 0 1753 1754 1833 
1833 4 0 -5 -4.55411 0 1754 1755 1832 1834 1905 
1834 4 0 -5 -4.2077 0 1755 1756 1833 1905 1906 1835 
1835 4 0 -5 -3.86128 0 1756 1834 1906 1757 1836 1907 
1836 4 0 -5 -3.51487 0 1757 1758 1835 1837 1907 1908 
1837 4 0 -5 -3.16846 0 1758 1759 1836 1838 1908 1909 
1838 4 0 -5 -2.82205 0 1759 1760 1837 1839 1909 1910 
1839 4 0 -5 -2.47564 0 1760 1761 1838 1840 1910 1911 
1840 4 0 -5 -2.12923 0 1761 1839 1911 1762 1841 
1841 4 0 -5 -1.78282 0 1840 1762 1763 1842 
1842 4 0 -5 -1.43641 0 1763 1764 1841 
1843 3 0 -5 1.68128 0 1772 1773 1844 
1844 3 0 -5 2.02769 0 1773 1843 1774 1845 
1845 3 0 -5 2.3741 0 1774 1775 1844 1846 1912 
1846 3 0 -5 2.72051 0 1775 1776 1845 1847 1912 1913 
1847 3 0 -5 3.06692 0 1776 1777 1846 1848 1913 1914 
1848 3 0 -5 3.41333 0 1777 1778 1847 1849 1914 1915 
1849 3 0 -5 3.75974 0 1778 1779 1848 1915 1916 1850 
1850 3 0 -5 4.10615 0 1779 1849 1916 1780 1851 1917 
1851 3 0 -5 4.45256 0 1780 1781 1850 1852 1917 1918 
1852 3 0 -5 4.79897 0 1781 1782 1851 1918 
1853 2 0 -5 5.14538 0 1783 1854 1919 1920 
1854 2 0 -5 5.49179 0 1783 1784 1853 1855 1920 1921 
1855 2 0 -5 5.8382 0 1784 1854 1921 1785 1856 1922 
1856 2 0 -5 6.18461 0 1855 1785 1786 1857 1922 1923 
1857 2 0 -5 6.53102 0 1786 1787 1856 1858 1923 1924 
1858 2 0 -5 6.87743 0 1787 1788 1857 1859 1924 1925 
1859 2 0 -5 7.22384 0 1788 1789 1858 1860 1925 1926 
1860 2 0 -5 7.57025 0 1789 1790 1859 1861 1926 1927 
1861 2 0 -5 7.91666 0 1790 1860 1927 1791 1862 1928 
1862 2 0 -5 8.26307 0 1861 1791 1792 1863 1928 1929 
1863 2 0 -5 8.60948 0 1792 1793 1862 1864 1929 1930 
1864 2 0 -5 8.95589 0 1793 1794 1863 1865 1930 1931 
1865 2 0 -5 9.3023 0 1794 1795 1864 1866 1931 1932 
1866 2 0 -5 9.64871 0 1795 1796 1865 1867 1932 1933 
1867 2 0 -5 9.99512 0 1796 1866 1933 1797 1868 1934 
1868 2 0 -5 10.3415 0 1867 1797 1798 1869 1934 1935 
1869 2 0 -5 10.6879 0 1798 1799 1868 1870 1935 1936 
1870 2 0 -5 11.0344 0 1799 1800 1869 1871 1936 1937 
1871 2 0 -5 11.3808 0 1800 1801 1870 1872 1937 1938 
1872 2 0 -5 11.7272 0 1801 1802 1871 1938 1939 1873 
1873 2 0 -5 12.0736 0 1802 1872 1939 1803 1874 1940 
1874 2 0 -5 12.42 0 1803 1804 1873 1875 1940 1941 
1875 2 0 -5 12.7664 0 1804 1805 1874 1876 1941 1942 
1876 2 0 -5 13.1128 0 1805 1806 1875 1877 1942 1943 
1877 2 0 -5 13.4592 0 1806 1876 1943 1944 
1878 5 0 -4.7 -13.734 0 1807 1879 1945 1946 
1879 5 0 -4.7 -13.3876 0 1807 1808 1878 1880 1946 1947 
1880 5 0 -4.7 -13.0412 0 1808 1809 1879 1881 1947 1948 
1881 5 0 -4.7 -12.6947 0 1809 1810 1880 1882 1948 1949 
1882 5 0 -4.7 -12.3483 0 1810 1811 1881 1883 1949 1950 
1883 5 0 -4.7 -12.0019 0 1811 1882 1950 1812 1884 1951 
1884 5 0 -4.7 -11.6555 0 1883 1812 1813 1885 1951 1952 
1885 5 0 -4.7 -11.3091 0 1813 1814 1884 1886 1952 1953 
1886 5 0 -4.7 -10.9627 0 1814 1815 1885 1887 1953 1954 
1887 5 0 -4.7 -10.6163 0 1815 1816 1886 1888 1954 1955 
1888 5 0 -4.7 -10.2699 0 1816 1817 1887 1955 1956 1889 
1889 5 0 -4.7 -9.92346 0 1817 1888 1956 1818 1890 1957 
1890 5 0 -4.7 -9.57705 0 1818 1819 1889 1891 1957 1958 
1891 5 0 -4.7 -9.23064 0 1819 1820 1890 1892 1958 1959 
1892 5 0 -4.7 -8.88423 0 1820 1821 1891 1893 1959 1960 
1893 5 0 -4.7 -8.53782 0 1821 1822 1892 1894 1960 1961 
1894 5 0 -4.7 -8.19141 0 1822 1823 1893 1961 1962 1895 
1895 5 0 -4.7 -7.845 0 1823 1894 1962 1824 1896 1963 
1896 5 0 -4.7 -7.49859 0 1824 1825 1895 1897 1963 1964 
1897 5 0 -4.7 -7.15218 0 1825 1826 1896 1898 1964 1965 
1898 5 0 -4.7 -6.80577 0 1826 1827 1897 1899 1965 1966 
1899 5 0 -4.7 -6.45936 0 1827 1828 1898 1900 1966 1967 
1900 5 0 -4.7 -6.11295 0 1828 1899 1967 1829 1901 1968 
1901 5 0 -4.7 -5.76654 0 1900 1829 1830 1902 1968 1969 
1902 5 0 -4.7 -5.42013 0 1830 1831 1901 1903 1969 1970 
1903 5 0 -4.7 -5.07372 0 1831 1902 1904 1970 1971 
1904 5 0 -4.7 -4.72731 0 1903 1971 1972 
1905 4 0 -4.7 -4.3809 0 1833 1834 1906 1973 
1906 4 0 -4.7 -4.03449 0 1834 1905 1973 1835 1907 1974 
1907 4 0 -4.7 -3.68808 0 1906 1835 1836 1908 1974 1975 
1908 4 0 -4.7 -3.34167 0 1836 1837 1907 1909 1975 1976 
1909 4 0 -4.7 -2.99526 0 1837 1838 1908 1910 1976 1977 
1910 4 0 -4.7 -2.64885 0 1838 1839 1909 1911 1977 
1911 4 0 -4.7 -2.30244 0 1839 1840 1910 
1912 3 0 -4.7 2.5473 0 1845 1846 1913 
1913 3 0 -4.7 2.89371 0 1846 1847 1912 1914 1978 
1914 3 0 -4.7 3.24012 0 1847 1848 1913 1915 1978 1979 
1915 3 0 -4.7 3.58653 0 1848 1849 1914 1916 1979 1980 
1916 3 0 -4.7 3.93294 0 1849 1915 1980 1850 1917 1981 
1917 3 0 -4.7 4.27935 0 1916 1850 1851 1918 1981 
1918 3 0 -4.7 4.62576 0 1851 1852 1917 
1919 2 0 -4.7 4.97217 0 1853 1920 1983 1984 
1920 2 0 -4.7 5.31858 0 1853 1854 1919 1921 1984 1985 
1921 2 0 -4.7 5.66499 0 1854 1855 1920 1985 1986 1922 
1922 2 0 -4.7 6.0114 0 1855 1921 1986 1856 1923 1987 
1923 2 0 -4.7 6.35781 0 1856 1857 1922 1924 1987 1988 
1924 2 0 -4.7 6.70422 0 1857 1858 1923 1925 1988 1989 
1925 2 0 -4.7 7.05064 0 1858 1859 1924 1926 1989 1990 
1926 2 0 -4.7 7.39705 0 1859 1860 1925 1927 1990 1991 
1927 2 0 -4.7 7.74346 0 1860 1861 1926 1991 1992 1928 
1928 2 0 -4.7 8.08987 0 1861 1927 1992 1862 1929 1993 
1929 2 0 -4.7 8.43628 0 1862 1863 1928 1930 1993 1994 
1930 2 0 -4.7 8.78269 0 1863 1864 1929 1931 1994 1995 
1931 2 0 -4.7 9.1291 0 1864 1865 1930 1932 1995 1996 
1932 2 0 -4.7 9.47551 0 1865 1866 1931 1933 1996 1997 
1933 2 0 -4.7 9.82192 0 1866 1867 1932 1997 1998 1934 
1934 2 0 -4.7 10.1683 0 1867 1933 1998 1868 1935 1999 
1935 2 0 -4.7 10.5147 0 1868 1869 1934 1936 1999 2000 
1936 2 0 -4.7 10.8611 0 1869 1870 1935 1937 2000 2001 
1937 2 0 -4.7 11.2076 0 1870 1871 1936 1938 2001 2002 
1938 2 0 -4.7 11.554 0 1871 1872 1937 1939 2002 2003 
1939 2 0 -4.7 11.9004 0 1872 1938 2003 1873 1940 2004 
1940 2 0 -4.7 12.2468 0 1939 1873 1874 1941 2004 2005 
1941 2 0 -4.7 12.5932 0 1874 1875 1940 1942 2005 2006 
1942 2 0 -4.7 12.9396 0 1875 1876 1941 1943 2006 2007 
1943 2 0 -4.7 13.286 0 1876 1877 1942 1944 2007 2008 
1944 2 0 -4.7 13.6324 0 1877 1943 2008 2009 
1945 5 0 -4.4 -13.9072 0 1878 1946 2010 
1946 5 0 -4.4 -13.5608 0 1878 1879 1945 1947 2010 2011 
1947 5 0 -4.4 -13.2144 0 1879 1880 1946 1948 2011 2012 
1948 5 0 -4.4 -12.8679 0 1880 1881 1947 1949 2012 2013 
1949 5 0 -4.4 -12.5215 0 1881 1882 1948 1950 2013 2014 
1950 5 0 -4.4 -12.1751 0 1882 1883 1949 2014 2015 1951 
1951 5 0 -4.4 -11.8287 0 1883 1950 2015 1884 1952 2016 
1952 5 0 -4.4 -11.4823 0 1884 1885 1951 1953 2016 2017 
1953 5 0 -4.4 -11.1359 0 1885 1886 1952 1954 2017 2018 
1954 5 0 -4.4 -10.7895 0 1886 1887 1953 1955 2018 2019 
1955 5 0 -4.4 -10.4431 0 1887 1888 1954 1956 2019 2020 
1956 5 0 -4.4 -10.0967 0 1888 1955 2020 1889 1957 2021 
1957 5 0 -4.4 -9.75026 0 1956 1889 1890 1958 2021 2022 
1958 5 0 -4.4 -9.40385 0 1890 1891 1957 1959 2022 2023 
1959 5 0 -4.4 -9.05744 0 1891 1892 1958 1960 2023 2024 
1960 5 0 -4.4 -8.71103 0 1892 1893 1959 1961 2024 2025 
1961 5 0 -4.4 -8.36462 0 1893 1894 1960 1962 2025 2026 
1962 5 0 -4.4 -8.01821 0 1894 1961 2026 1895 1963 2027 
1963 5 0 -4.4 -7.6718 0 1962 1895 1896 1964 2027 2028 
1964 5 0 -4.4 -7.32539 0 1896 1897 1963 1965 2028 2029 
1965 5 0 -4.4 -6.97898 0 1897 1898 1964 1966 2029 2030 
1966 5 0 -4.4 -6.63257 0 1898 1899 1965 1967 2030 2031 
1967 5 0 -4.4 -6.28616 0 1899 1900 1966 2031 2032 1968 
1968 5 0 -4.4 -5.93975 0 1900 1967 2032 1901 1969 2033 
1969 5 0 -4.4 -5.59334 0 1901 1902 1968 1970 2033 2034 
1970 5 0 -4.4 -5.24693 0 1902 1903 1969 1971 2034 2035 
1971 5 0 -4.4 -4.90052 0 1903 1904 1970 1972 2035 2036 
1972 5 0 -4.4 -4.55411 0 1904 1971 2036 2037 
1973 4 0 -4.4 -4.2077 0 1905 1906 2038 1974 
1974 4 0 -4.4 -3.86128 0 1906 1973 2038 1907 1975 2039 
1975 4 0 -4.4 -3.51487 0 1907 1908 1974 1976 2039 2040 
1976 4 0 -4.4 -3.16846 0 1908 1909 1975 1977 2040 
1977 4 0 -4.4 -2.82205 0 1909 1910 1976 
1978 3 0 -4.4 3.06692 0 1913 1914 1979 2041 
1979 3 0 -4.4 3.41333 0 1914 1915 1978 1980 2041 2042 
1980 3 0 -4.4 3.75974 0 1915 1916 1979 2042 2043 1981 
1981 3 0 -4.4 4.10615 0 1916 1980 2043 1917 
1982 2 0 -4.4 4.45256 0 1983 2044 2045 
1983 2 0 -4.4 4.79897 0 1919 1982 1984 2045 2046 
1984 2 0 -4.4 5.14538 0 1919 1920 1983 1985 2046 2047 
1985 2 0 -4.4 5.49179 0 1920 1921 1984 1986 2047 2048 
1986 2 0 -4.4 5.8382 0 1921 1985 2048 1922 1987 2049 
1987 2 0 -4.4 6.18461 0 1986 1922 1923 1988 2049 2050 
1988 2 0 -4.4 6.53102 0 1923 1924 1987 1989 2050 2051 
1989 2 0 -4.4 6.87743 0 1924 1925 1988 1990 2051 2052 
1990 2 0 -4.4 7.22384 0 1925 1926 1989 1991 2052 2053 
1991 2 0 -4.4 7.57025 0 1926 1927 1990 1992 2053 2054 
1992 2 0 -4.4 7.91666 0 1927 1991 2054 1928 1993 2055 
1993 2 0 -4.4 8.26307 0 1992 1928 1929 1994 2055 2056 
1994 2 0 -4.4 8.60948 0 1929 1930 1993 1995 2056 2057 
1995 2 0 -4.4 8.95589 0 1930 1931 1994 1996 2057 2058 
1996 2 0 -4.4 9.3023 0 1931 1932 1995 1997 2058 2059 
1997 2 0 -4.4 9.64871 0 1932 1933 1996 1998 2059 2060 
1998 2 0 -4.4 9.99512 0 1933 1997 2060 1934 1999 2061 
1999 2 0 -4.4 10.3415 0 1998 1934 1935 2000 2061 2062 
2000 2 0 -4.4 10.6879 0 1935 1936 1999 2001 2062 2063 
2001 2 0 -4.4 11.0344 0 1936 1937 2000 2002 2063 2064 
2002 2 0 -4.4 11.3808 0 1937 1938 2001 2003 2064 2065 
2003 2 0 -4.4 11.7272 0 1938 1939 2002 2065 2066 2004 
2004 2 0 -4.4 12.0736 0 1939 2003 2066 1940 2005 2067 
2005 2 0 -4.4 12.42 0 1940 1941 2004 2006 2067 2068 
2006 2 0 -4.4 12.7664 0 1941 1942 2005 2007 2068 2069 
2007 2 0 -4.4 13.1128 0 1942 1943 2006 2008 2069 2070 
2008 2 0 -4.4 13.4592 0 1943 1944 2007 2009 2070 2071 
2009 2 0 -4.4 13.8056 0 1944 2008 2071 2072 
2010 5 0 -4.1 -13.734 0 1945 1946 2011 2073 2074 
2011 5 0 -4.1 -13.3876 0 1946 1947 2010 2012 2074 2075 
2012 5 0 -4.1 -13.0412 0 1947 1948 2011 2013 2075 2076 
2013 5 0 -4.1 -12.6947 0 1948 1949 2012 2014 2076 2077 
2014 5 0 -4.1 -12.3483 0 1949 1950 2013 2015 2077 2078 
2015 5 0 -4.1 -12.0019 0 1950 2014 2078 1951 2016 2079 
2016 5 0 -4.1 -11.6555 0 2015 1951 1952 2017 2079 2080 
2017 5 0 -4.1 -11.3091 0 1952 1953 2016 2018 2080 2081 
2018 5 0 -4.1 -10.9627 0 1953 1954 2017 2019 2081 2082 
2019 5 0 -4.1 -10.6163 0 1954 1955 2018 2020 2082 2083 
2020 5 0 -4.1 -10.2699 0 1955 1956 2019 2083 2084 2021 
2021 5 0 -4.1 -9.92346 0 1956 2020 2084 1957 2022 2085 
2022 5 0 -4.1 -9.57705 0 1957 1958 2021 2023 2085 2086 
2023 5 0 -4.1 -9.23064 0 1958 1959 2022 2024 2086 2087 
2024 5 0 -4.1 -8.88423 0 1959 1960 2023 2025 2087 2088 
2025 5 0 -4.1 -8.53782 0 1960 1961 2024 2026 2088 2089 
2026 5 0 -4.1 -8.19141 0 1961 1962 2025 2089 2090 2027 
2027 5 0 -4.1 -7.845 0 1962 2026 2090 1963 2028 2091 
2028 5 0 -4.1 -7.49859 0 1963 1964 2027 2029 2091 2092 
2029 5 0 -4.1 -7.15218 0 1964 1965 2028 2030 2092 2093 
2030 5 0 -4.1 -6.80577 0 1965 1966 2029 2031 2093 2094 
2031 5 0 -4.1 -6.45936 0 1966 1967 2030 2032 2094 2095 
2032 5 0 -4.1 -6.11295 0 1967 2031 2095 1968 2033 2096 
2033 5 0 -4.1 -5.76654 0 2032 1968 1969 2034 2096 2097 
2034 5 0 -4.1 -5.42013 0 1969 1970 2033 2035 2097 2098 
2035 5 0 -4.1 -5.07372 0 1970 1971 2034 2036 2098 2099 
2036 5 0 -4.1 -4.72731 0 1971 1972 2035 2037 2099 2100 
2037 5 0 -4.1 -4.3809 0 1972 2036 2100 2101 
2038 4 0 -4.1 -4.03449 0 1973 1974 2039 
2039 4 0 -4.1 -3.68808 0 2038 1974 1975 2040 
2040 4 0 -4.1 -3.34167 0 1975 1976 2039 
2041 3 0 -4.1 3.24012 0 1978 1979 2042 
2042 3 0 -4.1 3.58653 0 1979 1980 2041 2043 2103 
2043 3 0 -4.1 3.93294 0 1980 2042 2103 1981 
2044 2 0 -4.1 4.27935 0 1982 2045 2104 2105 
2045 2 0 -4.1 4.62576 0 1982 1983 2044 2046 2105 2106 
2046 2 0 -4.1 4.97217 0 1983 1984 2045 2047 2106 2107 
2047 2 0 -4.1 5.31858 0 1984 1985 2046 2048 2107 2108 
2048 2 0 -4.1 5.66499 0 1985 1986 2047 2108 2109 2049 
2049 2 0 -4.1 6.0114 0 1986 2048 2109 1987 2050 2110 
2050 2 0 -4.1 6.35781 0 1987 1988 2049 2051 2110 2111 
2051 2 0 -4.1 6.70422 0 1988 1989 2050 2052 2111 2112 
2052 2 0 -4.1 7.05064 0 1989 1990 2051 2053 2112 2113 
2053 2 0 -4.1 7.39705 0 1990 1991 2052 2054 2113 2114 
2054 2 0 -4.1 7.74346 0 1991 1992 2053 2114 2115 2055 
2055 2 0 -4.1 8.08987 0 1992 2054 2115 1993 2056 2116 
2056 2 0 -4.1 8.43628 0 1993 1994 2055 2057 2116 2117 
2057 2 0 -4.1 8.78269 0 1994 1995 2056 2058 2117 2118 
2058 2 0 -4.1 9.1291 0 1995 1996 2057 2059 2118 2119 
2059 2 0 -4.1 9.47551 0 1996 1997 2058 2060 2119 2120 
2060 2 0 -4.1 9.82192 0 1997 1998 2059 2120 2121 2061 
2061 2 0 -4.1 10.1683 0 1998 2060 2121 1999 2062 2122 
2062 2 0 -4.1 10.5147 0 1999 2000 2061 2063 2122 2123 
2063 2 0 -4.1 10.8611 0 2000 2001 2062 2064 2123 2124 
2064 2 0 -4.1 11.2076 0 2001 2002 2063 2065 2124 2125 
2065 2 0 -4.1 11.554 0 2002 2003 2064 2066 2125 2126 
2066 2 0 -4.1 11.9004 0 2003 2065 2126 2004 2067 2127 
2067 2 0 -4.1 12.2468 0 2066 2004 2005 2068 2127 2128 
2068 2 0 -4.1 12.5932 0 2005 2006 2067 2069 2128 2129 
2069 2 0 -4.1 12.9396 0 2006 2007 2068 2070 2129 2130 
2070 2 0 -4.1 13.286 0 2007 2008 2069 2071 2130 2131 
2071 2 0 -4.1 13.6324 0 2008 2009 2070 2072 2131 2132 
2072 2 0 -4.1 13.9788 0 2009 2071 2132 
2073 5 0 -3.8 -13.9072 0 2133 2010 2074 2134 
2074 5 0 -3.8 -13.5608 0 2010 2011 2073 2075 2134 2135 
2075 5 0 -3.8 -13.2144 0 2011 2012 2074 2076 2135 2136 
2076 5 0 -3.8 -12.8679 0 2012 2013 2075 2077 2136 2137 
2077 5 0 -3.8 -12.5215 0 2013 2014 2076 2078 2137 2138 
2078 5 0 -3.8 -12.1751 0 2014 2015 2077 2138 2139 2079 
2079 5 0 -3.8 -11.8287 0 2015 2078 2139 2016 2080 2140 
2080 5 0 -3.8 -11.4823 0 2016 2017 2079 2081 2140 2141 
2081 5 0 -3.8 -11.1359 0 2017 2018 2080 2082 2141 2142 
2082 5 0 -3.8 -10.7895 0 2018 2019 2081 2083 2142 2143 
2083 5 0 -3.8 -10.4431 0 2019 2020 2082 2084 2143 2144 
2084 5 0 -3.8 -10.0967 0 2020 2083 2144 2021 2085 2145 
2085 5 0 -3.8 -9.75026 0 2084 2021 2022 2086 2145 2146 
2086 5 0 -3.8 -9.40385 0 2022 2023 2085 2087 2146 2147 
2087 5 0 -3.8 -9.05744 0 2023 2024 2086 2088 2147 2148 
2088 5 0 -3.8 -8.71103 0 2024 2025 2087 2089 2148 2149 
2089 5 0 -3.8 -8.36462 0 2025 2026 2088 2090 2149 2150 
2090 5 0 -3.8 -8.01821 0 2026 2089 2150 2027 2091 2151 
2091 5 0 -3.8 -7.6718 0 2090 2027 2028 2092 2151 2152 
2092 5 0 -3.8 -7.32539 0 2028 2029 2091 2093 2152 2153 
2093 5 0 -3.8 -6.97898 0 2029 2030 2092 2094 2153 2154 
2094 5 0 -3.8 -6.63257 0 2030 2031 2093 2095 2154 2155 
2095 5 0 -3.8 -6.28616 0 2031 2032 2094 2155 2156 2096 
2096 5 0 -3.8 -5.93975 0 2032 2095 2156 2033 2097 2157 
2097 5 0 -3.8 -5.59334 0 2033 2034 2096 2098 2157 2158 
2098 5 0 -3.8 -5.24693 0 2034 2035 2097 2099 2158 2159 
2099 5 0 -3.8 -4.90052 0 2035 2036 2098 2100 2159 2160 
2100 5 0 -3.8 -4.55411 0 2036 2037 2099 2101 2160 2161 
2101 5 0 -3.8 -4.2077 0 2037 2100 2161 2162 2102 
2102 5 0 -3.8 -3.86128 0 2101 2162 
2103 3 0 -3.8 3.75974 0 2042 2043 
2104 2 0 -3.8 4.10615 0 2163 2044 2105 2164 
2105 2 0 -3.8 4.45256 0 2044 2045 2104 2106 2164 2165 
2106 2 0 -3.8 4.79897 0 2045 2046 2105 2107 2165 2166 
2107 2 0 -3.8 5.14538 0 2046 2047 2106 2108 2166 2167 
2108 2 0 -3.8 5.49179 0 2047 2048 2107 2109 2167 2168 
2109 2 0 -3.8 5.8382 0 2048 2108 2168 2049 2110 2169 
2110 2 0 -3.8 6.18461 0 2109 2049 2050 2111 2169 2170 
2111 2 0 -3.8 6.53102 0 2050 2051 2110 2112 2170 2171 
2112 2 0 -3.8 6.87743 0 2051 2052 2111 2113 2171 2172 
2113 2 0 -3.8 7.22384 0 2052 2053 2112 2114 2172 2173 
2114 2 0 -3.8 7.57025 0 2053 2054 2113 2115 2173 2174 
2115 2 0 -3.8 7.91666 0 2054 2114 2174 2055 2116 2175 
2116 2 0 -3.8 8.26307 0 2115 2055 2056 2117 2175 2176 
2117 2 0 -3.8 8.60948 0 2056 2057 2116 2118 2176 2177 
2118 2 0 -3.8 8.95589 0 2057 2058 2117 2119 2177 2178 
2119 2 0 -3.8 9.3023 0 2058 2059 2118 2120 2178 2179 
2120 2 0 -3.8 9.64871 0 2059 2060 2119 2121 2179 2180 
2121 2 0 -3.8 9.99512 0 2060 2120 2180 2061 2122 2181 
2122 2 0 -3.8 10.3415 0 2121 2061 2062 2123 2181 2182 
2123 2 0 -3.8 10.6879 0 2062 2063 2122 2124 2182 2183 
2124 2 0 -3.8 11.0344 0 2063 2064 2123 2125 2183 2184 
2125 2 0 -3.8 11.3808 0 2064 2065 2124 2126 2184 2185 
2126 2 0 -3.8 11.7272 0 2065 2066 2125 2185 2186 2127 
2127 2 0 -3.8 12.0736 0 2066 2126 2186 2067 2128 2187 
2128 2 0 -3.8 12.42 0 2067 2068 2127 2129 2187 2188 
2129 2 0 -3.8 12.7664 0 2068 2069 2128 2130 2188 2189 
2130 2 0 -3.8 13.1128 0 2069 2070 2129 2131 2189 2190 
2131 2 0 -3.8 13.4592 0 2070 2071 2130 2132 2190 2191 
2132 2 0 -3.8 13.8056 0 2071 2072 2131 2191 2192 
2133 5 0 -3.5 -14.0804 0 2073 2134 2193 
2134 5 0 -3.5 -13.734 0 2133 2073 2074 2135 2193 2194 
2135 5 0 -3.5 -13.3876 0 2074 2075 2134 2136 2194 2195 
2136 5 0 -3.5 -13.0412 0 2075 2076 2135 2137 2195 2196 
2137 5 0 -3.5 -12.6947 0 2076 2077 2136 2138 2196 2197 
2138 5 0 -3.5 -12.3483 0 2077 2078 2137 2139 2197 2198 
2139 5 0 -3.5 -12.0019 0 2078 2138 2198 2079 2140 2199 
2140 5 0 -3.5 -11.6555 0 2139 2079 2080 2141 2199 2200 
2141 5 0 -3.5 -11.3091 0 2080 2081 2140 2142 2200 2201 
2142 5 0 -3.5 -10.9627 0 2081 2082 2141 2143 2201 2202 
2143 5 0 -3.5 -10.6163 0 2082 2083 2142 2144 2202 2203 
2144 5 0 -3.5 -10.2699 0 2083 2084 2143 2203 2204 2145 
2145 5 0 -3.5 -9.92346 0 2084 2144 2204 2085 2146 2205 
2146 5 0 -3.5 -9.57705 0 2085 2086 2145 2147 2205 2206 
2147 5 0 -3.5 -9.23064 0 2086 2087 2146 2148 2206 2207 
2148 5 0 -3.5 -8.88423 0 2087 2088 2147 2149 2207 2208 
2149 5 0 -3.5 -8.53782 0 2088 2089 2148 2150 2208 2209 
2150 5 0 -3.5 -8.19141 0 2089 2090 2149 2209 2210 2151 
2151 5 0 -3.5 -7.845 0 2090 2150 2210 2091 2152 2211 
2152 5 0 -3.5 -7.49859 0 2091 2092 2151 2153 2211 2212 
2153 5 0 -3.5 -7.15218 0 2092 2093 2152 2154 2212 2213 
2154 5 0 -3.5 -6.80577 0 2093 2094 2153 2155 2213 2214 
2155 5 0 -3.5 -6.45936 0 2094 2095 2154 2156 2214 2215 
2156 5 0 -3.5 -6.11295 0 2095 2155 2215 2096 2157 2216 
2157 5 0 -3.5 -5.76654 0 2156 2096 2097 2158 2216 2217 
2158 5 0 -3.5 -5.42013 0 2097 2098 2157 2159 2217 2218 
2159 5 0 -3.5 -5.07372 0 2098 2099 2158 2160 2218 2219 
2160 5 0 -3.5 -4.72731 0 2099 2100 2159 2161 2219 2220 
2161 5 0 -3.5 -4.3809 0 2100 2101 2160 2162 2220 2221 
2162 5 0 -3.5 -4.03449 0 2101 2161 2221 2102 
2163 2 0 -3.5 3.93294 0 2104 2164 2222 
2164 2 0 -3.5 4.27935 0 2163 2104 2105 2165 2222 2223 
2165 2 0 -3.5 4.62576 0 2105 2106 2164 2166 2223 2224 
2166 2 0 -3.5 4.97217 0 2106 2107 2165 2167 2224 2225 
2167 2 0 -3.5 5.31858 0 2107 2108 2166 2168 2225 2226 
2168 2 0 -3.5 5.66499 0 2108 2109 2167 2226 2227 2169 
2169 2 0 -3.5 6.0114 0 2109 2168 2227 2110 2170 2228 
2170 2 0 -3.5 6.35781 0 2110 2111 2169 2171 2228 2229 
2171 2 0 -3.5 6.70422 0 2111 2112 2170 2172 2229 2230 
2172 2 0 -3.5 7.05064 0 2112 2113 2171 2173 2230 2231 
2173 2 0 -3.5 7.39705 0 2113 2114 2172 2174 2231 2232 
2174 2 0 -3.5 7.74346 0 2114 2115 2173 2232 2233 2175 
2175 2 0 -3.5 8.08987 0 2115 2174 2233 2116 2176 2234 
2176 2 0 -3.5 8.43628 0 2116 2117 2175 2177 2234 2235 
2177 2 0 -3.5 8.78269 0 2117 2118 2176 2178 2235 2236 
2178 2 0 -3.5 9.1291 0 2118 2119 2177 2179 2236 2237 
2179 2 0 -3.5 9.47551 0 2119 2120 2178 2180 2237 2238 
2180 2 0 -3.5 9.82192 0 2120 2121 2179 2238 2239 2181 
2181 2 0 -3.5 10.1683 0 2121 2180 2239 2122 2182 2240 
2182 2 0 -3.5 10.5147 0 2122 2123 2181 2183 2240 2241 
2183 2 0 -3.5 10.8611 0 2123 2124 2182 2184 2241 2242 
2184 2 0 -3.5 11.2076 0 2124 2125 2183 2185 2242 2243 
2185 2 0 -3.5 11.554 0 2125 2126 2184 2186 2243 2244 
2186 2 0 -3.5 11.9004 0 2126 2185 2244 2127 2187 2245 
2187 2 0 -3.5 12.2468 0 2186 2127 2128 2188 2245 2246 
2188 2 0 -3.5 12.5932 0 2128 2129 2187 2189 2246 2247 
2189 2 0 -3.5 12.9396 0 2129 2130 2188 2190 2247 2248 
2190 2 0 -3.5 13.286 0 2130 2131 2189 2191 2248 2249 
2191 2 0 -3.5 13.6324 0 2131 2132 2190 2192 2249 2250 
2192 2 0 -3.5 13.9788 0 2132 2191 2250 2251 
2193 5 0 -3.2 -13.9072 0 2133 2252 2134 2194 2253 
2194 5 0 -3.2 -13.5608 0 2134 2135 2193 2195 2253 2254 
2195 5 0 -3.2 -13.2144 0 2135 2136 2194 2196 2254 2255 
2196 5 0 -3.2 -12.8679 0 2136 2137 2195 2197 2255 2256 
2197 5 0 -3.2 -12.5215 0 2137 2138 2196 2198 2256 2257 
2198 5 0 -3.2 -12.1751 0 2138 2139 2197 2257 2258 2199 
2199 5 0 -3.2 -11.8287 0 2139 2198 2258 2140 2200 2259 
2200 5 0 -3.2 -11.4823 0 2140 2141 2199 2201 2259 2260 
2201 5 0 -3.2 -11.1359 0 2141 2142 2200 2202 2260 2261 
2202 5 0 -3.2 -10.7895 0 2142 2143 2201 2203 2261 2262 
2203 5 0 -3.2 -10.4431 0 2143 2144 2202 2204 2262 2263 
2204 5 0 -3.2 -10.0967 0 2144 2203 2263 2145 2205 2264 
2205 5 0 -3.2 -9.75026 0 2204 2145 2146 2206 2264 2265 
2206 5 0 -3.2 -9.40385 0 2146 2147 2205 2207 2265 2266 
2207 5 0 -3.2 -9.05744 0 2147 2148 2206 2208 2266 2267 
2208 5 0 -3.2 -8.71103 0 2148 2149 2207 2209 2267 2268 
2209 5 0 -3.2 -8.36462 0 2149 2150 2208 2210 2268 2269 
2210 5 0 -3.2 -8.01821 0 2150 2209 2269 2151 2211 2270 
2211 5 0 -3.2 -7.6718 0 2210 2151 2152 2212 2270 2271 
2212 5 0 -3.2 -7.32539 0 2152 2153 2211 2213 2271 2272 
2213 5 0 -3.2 -6.97898 0 2153 2154 2212 2214 2272 2273 
2214 5 0 -3.2 -6.63257 0 2154 2155 2213 2215 2273 2274 
2215 5 0 -3.2 -6.28616 0 2155 2156 2214 2274 2275 2216 
2216 5 0 -3.2 -5.93975 0 2156 2215 2275 2157 2217 2276 
2217 5 0 -3.2 -5.59334 0 2157 2158 2216 2218 2276 2277 
2218 5 0 -3.2 -5.24693 0 2158 2159 2217 2219 2277 2278 
2219 5 0 -3.2 -4.90052 0 2159 2160 2218 2220 2278 2279 
2220 5 0 -3.2 -4.55411 0 2160 2161 2219 2221 2279 2280 
2221 5 0 -3.2 -4.2077 0 2161 2162 2220 2280 
2222 2 0 -3.2 4.10615 0 2163 2164 2223 
2223 2 0 -3.2 4.45256 0 2164 2165 2222 2224 2281 
2224 2 0 -3.2 4.79897 0 2165 2166 2223 2225 2281 2282 
2225 2 0 -3.2 5.14538 0 2166 2167 2224 2226 2282 2283 
2226 2 0 -3.2 5.49179 0 2167 2168 2225 2227 2283 2284 
2227 2 0 -3.2 5.8382 0 2168 2226 2284 2169 2228 2285 
2228 2 0 -3.2 6.18461 0 2227 2169 2170 2229 2285 2286 
2229 2 0 -3.2 6.53102 0 2170 2171 2228 2230 2286 2287 
2230 2 0 -3.2 6.87743 0 2171 2172 2229 2231 2287 2288 
2231 2 0 -3.2 7.22384 0 2172 2173 2230 2232 2288 2289 
2232 2 0 -3.2 7.57025 0 2173 2174 2231 2233 2289 2290 
2233 2 0 -3.2 7.91666 0 2174 2232 2290 2175 2234 2291 
2234 2 0 -3.2 8.26307 0 2233 2175 2176 2235 2291 2292 
2235 2 0 -3.2 8.60948 0 2176 2177 2234 2236 2292 2293 
2236 2 0 -3.2 8.95589 0 2177 2178 2235 2237 2293 2294 
2237 2 0 -3.2 9.3023 0 2178 2179 2236 2238 2294 2295 
2238 2 0 -3.2 9.64871 0 2179 2180 2237 2239 2295 2296 
2239 2 0 -3.2 9.99512 0 2180 2238 2296 2181 2240 2297 
2240 2 0 -3.2 10.3415 0 2239 2181 2182 2241 2297 2298 
2241 2 0 -3.2 10.6879 0 2182 2183 2240 2242 2298 2299 
2242 2 0 -3.2 11.0344 0 2183 2184 2241 2243 2299 2300 
2243 2 0 -3.2 11.3808 0 2184 2185 2242 2244 2300 2301 
2244 2 0 -3.2 11.7272 0 2185 2186 2243 2301 2302 2245 
2245 2 0 -3.2 12.0736 0 2186 2244 2302 2187 2246 2303 
2246 2 0 -3.2 12.42 0 2187 2188 2245 2247 2303 2304 
2247 2 0 -3.2 12.7664 0 2188 2189 2246 2248 2304 2305 
2248 2 0 -3.2 13.1128 0 2189 2190 2247 2249 2305 2306 
2249 2 0 -3.2 13.4592 0 2190 2191 2248 2250 2306 2307 
2250 2 0 -3.2 13.8056 0 2191 2192 2249 2307 2308 2251 
2251 2 0 -3.2 14.152 0 2192 2250 2308 
2252 5 0 -2.9 -14.0804 0 2309 2193 2253 2310 
2253 5 0 -2.9 -13.734 0 2252 2193 2194 2254 2310 2311 
2254 5 0 -2.9 -13.3876 0 2194 2195 2253 2255 2311 2312 
2255 5 0 -2.9 -13.0412 0 2195 2196 2254 2256 2312 2313 
2256 5 0 -2.9 -12.6947 0 2196 2197 2255 2257 2313 2314 
2257 5 0 -2.9 -12.3483 0 2197 2198 2256 2258 2314 2315 
2258 5 0 -2.9 -12.0019 0 2198 2257 2315 2199 2259 2316 
2259 5 0 -2.9 -11.6555 0 2258 2199 2200 2260 2316 2317 
2260 5 0 -2.9 -11.3091 0 2200 2201 2259 2261 2317 2318 
2261 5 0 -2.9 -10.9627 0 2201 2202 2260 2262 2318 2319 
2262 5 0 -2.9 -10.6163 0 2202 2203 2261 2263 2319 2320 
2263 5 0 -2.9 -10.2699 0 2203 2204 2262 2320 2321 2264 
2264 5 0 -2.9 -9.92346 0 2204 2263 2321 2205 2265 2322 
2265 5 0 -2.9 -9.57705 0 2205 2206 2264 2266 2322 2323 
2266 5 0 -2.9 -9.23064 0 2206 2207 2265 2267 2323 2324 
2267 5 0 -2.9 -8.88423 0 2207 2208 2266 2268 2324 2325 
2268 5 0 -2.9 -8.53782 0 2208 2209 2267 2269 2325 2326 
2269 5 0 -2.9 -8.19141 0 2209 2210 2268 2326 2327 2270 
2270 5 0 -2.9 -7.845 0 2210 2269 2327 2211 2271 2328 
2271 5 0 -2.9 -7.49859 0 2211 2212 2270 2272 2328 2329 
2272 5 0 -2.9 -7.15218 0 2212 2213 2271 2273 2329 2330 
2273 5 0 -2.9 -6.80577 0 2213 2214 2272 2274 2330 2331 
2274 5 0 -2.9 -6.45936 0 2214 2215 2273 2275 2331 2332 
2275 5 0 -2.9 -6.11295 0 2215 2274 2332 2216 2276 2333 
2276 5 0 -2.9 -5.76654 0 2275 2216 2217 2277 2333 2334 
2277 5 0 -2.9 -5.42013 0 2217 2218 2276 2278 2334 2335 
2278 5 0 -2.9 -5.07372 0 2218 2219 2277 2279 2335 2336 
2279 5 0 -2.9 -4.72731 0 2219 2220 2278 2280 2336 2337 
2280 5 0 -2.9 -4.3809 0 2220 2221 2279 2337 
2281 2 0 -2.9 4.62576 0 2223 2224 2282 2338 
2282 2 0 -2.9 4.97217 0 2224 2225 2281 2283 2338 2339 
2283 2 0 -2.9 5.31858 0 2225 2226 2282 2284 2339 2340 
2284 2 0 -2.9 5.66499 0 2226 2227 2283 2340 2341 2285 
2285 2 0 -2.9 6.0114 0 2227 2284 2341 2228 2286 2342 
2286 2 0 -2.9 6.35781 0 2228 2229 2285 2287 2342 2343 
2287 2 0 -2.9 6.70422 0 2229 2230 2286 2288 2343 2344 
2288 2 0 -2.9 7.05064 0 2230 2231 2287 2289 2344 2345 
2289 2 0 -2.9 7.39705 0 2231 2232 2288 2290 2345 2346 
2290 2 0 -2.9 7.74346 0 2232 2233 2289 2346 2347 2291 
2291 2 0 -2.9 8.08987 0 2233 2290 2347 2234 2292 2348 
2292 2 0 -2.9 8.43628 0 2234 2235 2291 2293 2348 2349 
2293 2 0 -2.9 8.78269 0 2235 2236 2292 2294 2349 2350 
2294 2 0 -2.9 9.1291 0 2236 2237 2293 2295 2350 2351 
2295 2 0 -2.9 9.47551 0 2237 2238 2294 2296 2351 2352 
2296 2 0 -2.9 9.82192 0 2238 2239 2295 2352 2353 2297 
2297 2 0 -2.9 10.1683 0 2239 2296 2353 2240 2298 2354 
2298 2 0 -2.9 10.5147 0 2240 2241 2297 2299 2354 2355 
2299 2 0 -2.9 10.8611 0 2241 2242 2298 2300 2355 2356 
2300 2 0 -2.9 11.2076 0 2242 2243 2299 2301 2356 2357 
2301 2 0 -2.9 11.554 0 2243 2244 2300 2302 2357 2358 
2302 2 0 -2.9 11.9004 0 2244 2301 2358 2245 2303 2359 
2303 2 0 -2.9 12.2468 0 2302 2245 2246 2304 2359 2360 
2304 2 0 -2.9 12.5932 0 2246 2247 2303 2305 2360 2361 
2305 2 0 -2.9 12.9396 0 2247 2248 2304 2306 2361 2362 
2306 2 0 -2.9 13.286 0 2248 2249 2305 2307 2362 2363 
2307 2 0 -2.9 13.6324 0 2249 2250 2306 2308 2363 2364 
2308 2 0 -2.9 13.9788 0 2250 2307 2364 2251 2365 
2309 5 0 -2.6 -14.2536 0 2252 2366 2310 
2310 5 0 -2.6 -13.9072 0 2252 2309 2366 2253 2311 2367 
2311 5 0 -2.6 -13.5608 0 2253 2254 2310 2312 2367 2368 
2312 5 0 -2.6 -13.2144 0 2254 2255 2311 2313 2368 2369 
2313 5 0 -2.6 -12.8679 0 2255 2256 2312 2314 2369 2370 
2314 5 0 -2.6 -12.5215 0 2256 2257 2313 2315 2370 2371 
2315 5 0 -2.6 -12.1751 0 2257 2258 2314 2371 2372 2316 
2316 5 0 -2.6 -11.8287 0 2258 2315 2372 2259 2317 2373 
2317 5 0 -2.6 -11.4823 0 2259 2260 2316 2318 2373 2374 
2318 5 0 -2.6 -11.1359 0 2260 2261 2317 2319 2374 2375 
2319 5 0 -2.6 -10.7895 0 2261 2262 2318 2320 2375 2376 
2320 5 0 -2.6 -10.4431 0 2262 2263 2319 2321 2376 2377 
2321 5 0 -2.6 -10.0967 0 2263 2320 2377 2264 2322 2378 
2322 5 0 -2.6 -9.75026 0 2321 2264 2265 2323 2378 2379 
2323 5 0 -2.6 -9.40385 0 2265 2266 2322 2324 2379 2380 
2324 5 0 -2.6 -9.05744 0 2266 2267 2323 2325 2380 2381 
2325 5 0 -2.6 -8.71103 0 2267 2268 2324 2326 2381 2382 
2326 5 0 -2.6 -8.36462 0 2268 2269 2325 2327 2382 2383 
2327 5 0 -2.6 -8.01821 0 2269 2326 2383 2270 2328 2384 
2328 5 0 -2.6 -7.6718 0 2327 2270 2271 2329 2384 2385 
2329 5 0 -2.6 -7.32539 0 2271 2272 2328 2330 2385 2386 
2330 5 0 -2.6 -6.97898 0 2272 2273 2329 2331 2386 2387 
2331 5 0 -2.6 -6.63257 0 2273 2274 2330 2332 2387 2388 
2332 5 0 -2.6 -6.28616 0 2274 2275 2331 2388 2389 2333 
2333 5 0 -2.6 -5.93975 0 2275 2332 2389 2276 2334 2390 
2334 5 0 -2.6 -5.59334 0 2276 2277 2333 2335 2390 2391 
2335 5 0 -2.6 -5.24693 0 2277 2278 2334 2336 2391 2392 
2336 5 0 -2.6 -4.90052 0 2278 2279 2335 2337 2392 2393 
2337 5 0 -2.6 -4.55411 0 2279 2280 2336 2393 
2338 2 0 -2.6 4.79897 0 2281 2282 2339 2394 
2339 2 0 -2.6 5.14538 0 2282 2283 2338 2340 2394 2395 
2340 2 0 -2.6 5.49179 0 2283 2284 2339 2341 2395 2396 
2341 2 0 -2.6 5.8382 0 2284 2340 2396 2285 2342 2397 
2342 2 0 -2.6 6.18461 0 2341 2285 2286 2343 2397 2398 
2343 2 0 -2.6 6.53102 0 2286 2287 2342 2344 2398 2399 
2344 2 0 -2.6 6.87743 0 2287 2288 2343 2345 2399 2400 
2345 2 0 -2.6 7.22384 0 2288 2289 2344 2346 2400 2401 
2346 2 0 -2.6 7.57025 0 2289 2290 2345 2347 2401 2402 
2347 2 0 -2.6 7.91666 0 2290 2346 2402 2291 2348 2403 
2348 2 0 -2.6 8.26307 0 2347 2291 2292 2349 2403 2404 
2349 2 0 -2.6 8.60948 0 2292 2293 2348 2350 2404 2405 
2350 2 0 -2.6 8.95589 0 2293 2294 2349 2351 2405 2406 
2351 2 0 -2.6 9.3023 0 2294 2295 2350 2352 2406 2407 
2352 2 0 -2.6 9.64871 0 2295 2296 2351 2353 2407 2408 
2353 2 0 -2.6 9.99512 0 2296 2352 2408 2297 2354 2409 
2354 2 0 -2.6 10.3415 0 2353 2297 2298 2355 2409 2410 
2355 2 0 -2.6 10.6879 0 2298 2299 2354 2356 2410 2411 
2356 2 0 -2.6 11.0344 0 2299 2300 2355 2357 2411 2412 
2357 2 0 -2.6 11.3808 0 2300 2301 2356 2358 2412 2413 
2358 2 0 -2.6 11.7272 0 2301 2302 2357 2413 2414 2359 
2359 2 0 -2.6 12.0736 0 2302 2358 2414 2303 2360 2415 
2360 2 0 -2.6 12.42 0 2303 2304 2359 2361 2415 2416 
2361 2 0 -2.6 12.7664 0 2304 2305 2360 2362 2416 2417 
2362 2 0 -2.6 13.1128 0 2305 2306 2361 2363 2417 2418 
2363 2 0 -2.6 13.4592 0 2306 2307 2362 2364 2418 2419 
2364 2 0 -2.6 13.8056 0 2307 2308 2363 2419 2420 2365 
2365 2 0 -2.6 14.152 0 2308 2364 2420 2421 
2366 5 0 -2.3 -14.0804 0 2309 2422 2310 2367 2423 
2367 5 0 -2.3 -13.734 0 2366 2310 2311 2368 2423 2424 
2368 5 0 -2.3 -13.3876 0 2311 2312 2367 2369 2424 2425 
2369 5 0 -2.3 -13.0412 0 2312 2313 2368 2370 2425 2426 
2370 5 0 -2.3 -12.6947 0 2313 2314 2369 2371 2426 2427 
2371 5 0 -2.3 -12.3483 0 2314 2315 2370 2372 2427 2428 
2372 5 0 -2.3 -12.0019 0 2315 2371 2428 2316 2373 2429 
2373 5 0 -2.3 -11.6555 0 2372 2316 2317 2374 2429 2430 
2374 5 0 -2.3 -11.3091 0 2317 2318 2373 2375 2430 2431 
2375 5 0 -2.3 -10.9627 0 2318 2319 2374 2376 2431 2432 
2376 5 0 -2.3 -10.6163 0 2319 2320 2375 2377 2432 2433 
2377 5 0 -2.3 -10.2699 0 2320 2321 2376 2433 2434 2378 
2378 5 0 -2.3 -9.92346 0 2321 2377 2434 2322 2379 2435 
2379 5 0 -2.3 -9.57705 0 2322 2323 2378 2380 2435 2436 
2380 5 0 -2.3 -9.23064 0 2323 2324 2379 2381 2436 2437 
2381 5 0 -2.3 -8.88423 0 2324 2325 2380 2382 2437 2438 
2382 5 0 -2.3 -8.53782 0 2325 2326 2381 2383 2438 2439 
2383 5 0 -2.3 -8.19141 0 2326 2327 2382 2439 2440 2384 
2384 5 0 -2.3 -7.845 0 2327 2383 2440 2328 2385 2441 
2385 5 0 -2.3 -7.49859 0 2328 2329 2384 2386 2441 2442 
2386 5 0 -2.3 -7.15218 0 2329 2330 2385 2387 2442 2443 
2387 5 0 -2.3 -6.80577 0 2330 2331 2386 2388 2443 2444 
2388 5 0 -2.3 -6.45936 0 2331 2332 2387 2389 2444 2445 
2389 5 0 -2.3 -6.11295 0 2332 2388 2445 2333 2390 2446 
2390 5 0 -2.3 -5.76654 0 2389 2333 2334 2391 2446 2447 
2391 5 0 -2.3 -5.42013 0 2334 2335 2390 2392 2447 2448 
2392 5 0 -2.3 -5.07372 0 2335 2336 2391 2393 2448 2449 
2393 5 0 -2.3 -4.72731 0 2336 2337 2392 2449 
2394 2 0 -2.3 4.97217 0 2338 2339 2395 2450 
2395 2 0 -2.3 5.31858 0 2339 2340 2394 2396 2450 2451 
2396 2 0 -2.3 5.66499 0 2340 2341 2395 2451 2452 2397 
2397 2 0 -2.3 6.0114 0 2341 2396 2452 2342 2398 2453 
2398 2 0 -2.3 6.35781 0 2342 2343 2397 2399 2453 2454 
2399 2 0 -2.3 6.70422 0 2343 2344 2398 2400 2454 2455 
2400 2 0 -2.3 7.05064 0 2344 2345 2399 2401 2455 2456 
2401 2 0 -2.3 7.39705 0 2345 2346 2400 2402 2456 2457 
2402 2 0 -2.3 7.74346 0 2346 2347 2401 2457 2458 2403 
2403 2 0 -2.3 8.08987 0 2347 2402 2458 2348 2404 2459 
2404 2 0 -2.3 8.43628 0 2348 2349 2403 2405 2459 2460 
2405 2 0 -2.3 8.78269 0 2349 2350 2404 2406 2460 2461 
2406 2 0 -2.3 9.1291 0 2350 2351 2405 2407 2461 2462 
2407 2 0 -2.3 9.47551 0 2351 2352 2406 2408 2462 2463 
2408 2 0 -2.3 9.82192 0 2352 2353 2407 2463 2464 2409 
2409 2 0 -2.3 10.1683 0 2353 2408 2464 2354 2410 2465 
2410 2 0 -2.3 10.5147 0 2354 2355 2409 2411 2465 2466 
2411 2 0 -2.3 10.8611 0 2355 2356 2410 2412 2466 2467 
2412 2 0 -2.3 11.2076 0 2356 2357 2411 2413 2467 2468 
2413 2 0 -2.3 11.554 0 2357 2358 2412 2414 2468 2469 
2414 2 0 -2.3 11.9004 0 2358 2413 2469 2359 2415 2470 
2415 2 0 -2.3 12.2468 0 2414 2359 2360 2416 2470 2471 
2416 2 0 -2.3 12.5932 0 2360 2361 2415 2417 2471 2472 
2417 2 0 -2.3 12.9396 0 2361 2362 2416 2418 2472 2473 
2418 2 0 -2.3 13.286 0 2362 2363 2417 2419 2473 2474 
2419 2 0 -2.3 13.6324 0 2363 2364 2418 2420 2474 2475 
2420 2 0 -2.3 13.9788 0 2364 2419 2475 2365 2421 2476 
2421 2 0 -2.3 14.3252 0 2420 2365 2476 
2422 5 0 -2 -14.2536 0 2366 2477 2478 2423 
2423 5 0 -2 -13.9072 0 2366 2422 2478 2367 2424 2479 
2424 5 0 -2 -13.5608 0 2367 2368 2423 2425 2479 2480 
2425 5 0 -2 -13.2144 0 2368 2369 2424 2426 2480 2481 
2426 5 0 -2 -12.8679 0 2369 2370 2425 2427 2481 2482 
2427 5 0 -2 -12.5215 0 2370 2371 2426 2428 2482 2483 
2428 5 0 -2 -12.1751 0 2371 2372 2427 2483 2484 2429 
2429 5 0 -2 -11.8287 0 2372 2428 2484 2373 2430 2485 
2430 5 0 -2 -11.4823 0 2373 2374 2429 2431 2485 2486 
2431 5 0 -2 -11.1359 0 2374 2375 2430 2432 2486 2487 
2432 5 0 -2 -10.7895 0 2375 2376 2431 2433 2487 2488 
2433 5 0 -2 -10.4431 0 2376 2377 2432 2434 2488 2489 
2434 5 0 -2 -10.0967 0 2377 2433 2489 2378 2435 2490 
2435 5 0 -2 -9.75026 0 2434 2378 2379 2436 2490 2491 
2436 5 0 -2 -9.40385 0 2379 2380 2435 2437 2491 2492 
2437 5 0 -2 -9.05744 0 2380 2381 2436 2438 2492 2493 
2438 5 0 -2 -8.71103 0 2381 2382 2437 2439 2493 2494 
2439 5 0 -2 -8.36462 0 2382 2383 2438 2440 2494 2495 
2440 5 0 -2 -8.01821 0 2383 2439 2495 2384 2441 2496 
2441 5 0 -2 -7.6718 0 2440 2384 2385 2442 2496 2497 
2442 5 0 -2 -7.32539 0 2385 2386 2441 2443 2497 2498 
2443 5 0 -2 -6.97898 0 2386 2387 2442 2444 2498 2499 
2444 5 0 -2 -6.63257 0 2387 2388 2443 2445 2499 2500 
2445 5 0 -2 -6.28616 0 2388 2389 2444 2500 2501 2446 
2446 5 0 -2 -5.93975 0 2389 2445 2501 2390 2447 2502 
2447 5 0 -2 -5.59334 0 2390 2391 2446 2448 2502 2503 
2448 5 0 -2 -5.24693 0 2391 2392 2447 2449 2503 2504 
2449 5 0 -2 -4.90052 0 2392 2393 2448 2504 
2450 2 0 -2 5.14538 0 2394 2395 2451 2505 2506 
2451 2 0 -2 5.49179 0 2395 2396 2450 2452 2506 2507 
2452 2 0 -2 5.8382 0 2396 2451 2507 2397 2453 2508 
2453 2 0 -2 6.18461 0 2452 2397 2398 2454 2508 2509 
2454 2 0 -2 6.53102 0 2398 2399 2453 2455 2509 2510 
2455 2 0 -2 6.87743 0 2399 2400 2454 2456 2510 2511 
2456 2 0 -2 7.22384 0 2400 2401 2455 2457 2511 2512 
2457 2 0 -2 7.57025 0 2401 2402 2456 2458 2512 2513 
2458 2 0 -2 7.91666 0 2402 2457 2513 2403 2459 2514 
2459 2 0 -2 8.26307 0 2458 2403 2404 2460 2514 2515 
2460 2 0 -2 8.60948 0 2404 2405 2459 2461 2515 2516 
2461 2 0 -2 8.95589 0 2405 2406 2460 2462 2516 2517 
2462 2 0 -2 9.3023 0 2406 2407 2461 2463 2517 2518 
2463 2 0 -2 9.64871 0 2407 2408 2462 2464 2518 2519 
2464 2 0 -2 9.99512 0 2408 2463 2519 2409 2465 2520 
2465 2 0 -2 10.3415 0 2464 2409 2410 2466 2520 2521 
2466 2 0 -2 10.6879 0 2410 2411 2465 2467 2521 2522 
2467 2 0 -2 11.0344 0 2411 2412 2466 2468 2522 2523 
2468 2 0 -2 11.3808 0 2412 2413 2467 2469 2523 2524 
2469 2 0 -2 11.7272 0 2413 2414 2468 2524 2525 2470 
2470 2 0 -2 12.0736 0 2414 2469 2525 2415 2471 2526 
2471 2 0 -2 12.42 0 2415 2416 2470 2472 2526 2527 
2472 2 0 -2 12.7664 0 2416 2417 2471 2473 2527 2528 
2473 2 0 -2 13.1128 0 2417 2418 2472 2474 2528 2529 
2474 2 0 -2 13.4592 0 2418 2419 2473 2475 2529 2530 
2475 2 0 -2 13.8056 0 2419 2420 2474 2530 2531 2476 
2476 2 0 -2 14.152 0 2420 2475 2531 2421 2532 
2477 5 0 -1.7 -14.4268 0 2422 2478 2533 
2478 5 0 -1.7 -14.0804 0 2422 2477 2533 2423 2479 2534 
2479 5 0 -1.7 -13.734 0 2478 2423 2424 2480 2534 2535 
2480 5 0 -1.7 -13.3876 0 2424 2425 2479 2481 2535 2536 
2481 5 0 -1.7 -13.0412 0 2425 2426 2480 2482 2536 2537 
2482 5 0 -1.7 -12.6947 0 2426 2427 2481 2483 2537 2538 
2483 5 0 -1.7 -12.3483 0 2427 2428 2482 2484 2538 2539 
2484 5 0 -1.7 -12.0019 0 2428 2483 2539 2429 2485 2540 
2485 5 0 -1.7 -11.6555 0 2484 2429 2430 2486 2540 2541 
2486 5 0 -1.7 -11.3091 0 2430 2431 2485 2487 2541 2542 
2487 5 0 -1.7 -10.9627 0 2431 2432 2486 2488 2542 2543 
2488 5 0 -1.7 -10.6163 0 2432 2433 2487 2489 2543 2544 
2489 5 0 -1.7 -10.2699 0 2433 2434 2488 2544 2545 2490 
2490 5 0 -1.7 -9.92346 0 2434 2489 2545 2435 2491 2546 
2491 5 0 -1.7 -9.57705 0 2435 2436 2490 2492 2546 2547 
2492 5 0 -1.7 -9.23064 0 2436 2437 2491 2493 2547 2548 
2493 5 0 -1.7 -8.88423 0 2437 2438 2492 2494 2548 2549 
2494 5 0 -1.7 -8.53782 0 2438 2439 2493 2495 2549 2550 
2495 5 0 -1.7 -8.19141 0 2439 2440 2494 2550 2551 2496 
2496 5 0 -1.7 -7.845 0 2440 2495 2551 2441 2497 2552 
2497 5 0 -1.7 -7.49859 0 2441 2442 2496 2498 2552 2553 
2498 5 0 -1.7 -7.15218 0 2442 2443 2497 2499 2553 2554 
2499 5 0 -1.7 -6.80577 0 2443 2444 2498 2500 2554 2555 
2500 5 0 -1.7 -6.45936 0 2444 2445 2499 2501 2555 2556 
2501 5 0 -1.7 -6.11295 0 2445 2500 2556 2446 2502 2557 
2502 5 0 -1.7 -5.76654 0 2501 2446 2447 2503 2557 2558 
2503 5 0 -1.7 -5.42013 0 2447 2448 2502 2504 2558 2559 
2504 5 0 -1.7 -5.07372 0 2448 2449 2503 2559 
2505 2 0 -1.7 4.97217 0 2450 2506 2560 
2506 2 0 -1.7 5.31858 0 2450 2451 2505 2507 2560 2561 
2507 2 0 -1.7 5.66499 0 2451 2452 2506 2561 2562 2508 
2508 2 0 -1.7 6.0114 0 2452 2507 2562 2453 2509 2563 
2509 2 0 -1.7 6.35781 0 2453 2454 2508 2510 2563 2564 
2510 2 0 -1.7 6.70422 0 2454 2455 2509 2511 2564 2565 
2511 2 0 -1.7 7.05064 0 2455 2456 2510 2512 2565 2566 
2512 2 0 -1.7 7.39705 0 2456 2457 2511 2513 2566 2567 
2513 2 0 -1.7 7.74346 0 2457 2458 2512 2567 2568 2514 
2514 2 0 -1.7 8.08987 0 2458 2513 2568 2459 2515 2569 
2515 2 0 -1.7 8.43628 0 2459 2460 2514 2516 2569 2570 
2516 2 0 -1.7 8.78269 0 2460 2461 2515 2517 2570 2571 
2517 2 0 -1.7 9.1291 0 2461 2462 2516 2518 2571 2572 
2518 2 0 -1.7 9.47551 0 2462 2463 2517 2519 2572 2573 
2519 2 0 -1.7 9.82192 0 2463 2464 2518 2573 2574 2520 
2520 2 0 -1.7 10.1683 0 2464 2519 2574 2465 2521 2575 
2521 2 0 -1.7 10.5147 0 2465 2466 2520 2522 2575 2576 
2522 2 0 -1.7 10.8611 0 2466 2467 2521 2523 2576 2577 
2523 2 0 -1.7 11.2076 0 2467 2468 2522 2524 2577 2578 
2524 2 0 -1.7 11.554 0 2468 2469 2523 2525 2578 2579 
2525 2 0 -1.7 11.9004 0 2469 2524 2579 2470 2526 2580 
2526 2 0 -1.7 12.2468 0 2525 2470 2471 2527 2580 2581 
2527 2 0 -1.7 12.5932 0 2471 2472 2526 2528 2581 2582 
2528 2 0 -1.7 12.9396 0 2472 2473 2527 2529 2582 2583 
2529 2 0 -1.7 13.286 0 2473 2474 2528 2530 2583 2584 
2530 2 0 -1.7 13.6324 0 2474 2475 2529 2531 2584 2585 
2531 2 0 -1.7 13.9788 0 2475 2530 2585 2476 2532 2586 
2532 2 0 -1.7 14.3252 0 2531 2476 2586 
2533 5 0 -1.4 -14.2536 0 2477 2478 2587 2588 2534 
2534 5 0 -1.4 -13.9072 0 2478 2533 2588 2479 2535 2589 
2535 5 0 -1.4 -13.5608 0 2479 2480 2534 2536 2589 2590 
2536 5 0 -1.4 -13.2144 0 2480 2481 2535 2537 2590 2591 
2537 5 0 -1.4 -12.8679 0 2481 2482 2536 2538 2591 2592 
2538 5 0 -1.4 -12.5215 0 2482 2483 2537 2539 2592 2593 
2539 5 0 -1.4 -12.1751 0 2483 2484 2538 2593 2594 2540 
2540 5 0 -1.4 -11.8287 0 2484 2539 2594 2485 2541 2595 
2541 5 0 -1.4 -11.4823 0 2485 2486 2540 2542 2595 2596 
2542 5 0 -1.4 -11.1359 0 2486 2487 2541 2543 2596 2597 
2543 5 0 -1.4 -10.7895 0 2487 2488 2542 2544 2597 2598 
2544 5 0 -1.4 -10.4431 0 2488 2489 2543 2545 2598 2599 
2545 5 0 -1.4 -10.0967 0 2489 2544 2599 2490 2546 2600 
2546 5 0 -1.4 -9.75026 0 2545 2490 2491 2547 2600 2601 
2547 5 0 -1.4 -9.40385 0 2491 2492 2546 2548 2601 2602 
2548 5 0 -1.4 -9.05744 0 2492 2493 2547 2549 2602 2603 
2549 5 0 -1.4 -8.71103 0 2493 2494 2548 2550 2603 2604 
2550 5 0 -1.4 -8.36462 0 2494 2495 2549 2551 2604 2605 
2551 5 0 -1.4 -8.01821 0 2495 2550 2605 2496 2552 2606 
2552 5 0 -1.4 -7.6718 0 2551 2496 2497 2553 2606 2607 
2553 5 0 -1.4 -7.32539 0 2497 2498 2552 2554 2607 2608 
2554 5 0 -1.4 -6.97898 0 2498 2499 2553 2555 2608 2609 
2555 5 0 -1.4 -6.63257 0 2499 2500 2554 2556 2609 2610 
2556 5 0 -1.4 -6.28616 0 2500 2501 2555 2610 2611 2557 
2557 5 0 -1.4 -5.93975 0 2501 2556 2611 2502 2558 2612 
2558 5 0 -1.4 -5.59334 0 2502 2503 2557 2559 2612 2613 
2559 5 0 -1.4 -5.24693 0 2503 2504 2558 2613 
2560 2 0 -1.4 5.14538 0 2505 2506 2561 2614 
2561 2 0 -1.4 5.49179 0 2506 2507 2560 2562 2614 2615 
2562 2 0 -1.4 5.8382 0 2507 2561 2615 2508 2563 2616 
2563 2 0 -1.4 6.18461 0 2562 2508 2509 2564 2616 2617 
2564 2 0 -1.4 6.53102 0 2509 2510 2563 2565 2617 2618 
2565 2 0 -1.4 6.87743 0 2510 2511 2564 2566 2618 2619 
2566 2 0 -1.4 7.22384 0 2511 2512 2565 2567 2619 2620 
2567 2 0 -1.4 7.57025 0 2512 2513 2566 2568 2620 2621 
2568 2 0 -1.4 7.91666 0 2513 2567 2621 2514 2569 2622 
2569 2 0 -1.4 8.26307 0 2568 2514 2515 2570 2622 2623 
2570 2 0 -1.4 8.60948 0 2515 2516 2569 2571 2623 2624 
2571 2 0 -1.4 8.95589 0 2516 2517 2570 2572 2624 2625 
2572 2 0 -1.4 9.3023 0 2517 2518 2571 2573 2625 2626 
2573 2 0 -1.4 9.64871 0 2518 2519 2572 2574 2626 2627 
2574 2 0 -1.4 9.99512 0 2519 2573 2627 2520 2575 2628 
2575 2 0 -1.4 10.3415 0 2574 2520 2521 2576 2628 2629 
2576 2 0 -1.4 10.6879 0 2521 2522 2575 2577 2629 2630 
2577 2 0 -1.4 11.0344 0 2522 2523 2576 2578 2630 2631 
2578 2 0 -1.4 11.3808 0 2523 2524 2577 2579 2631 2632 
2579 2 0 -1.4 11.7272 0 2524 2525 2578 2632 2633 2580 
2580 2 0 -1.4 12.0736 0 2525 2579 2633 2526 2581 2634 
2581 2 0 -1.4 12.42 0 2526 2527 2580 2582 2634 2635 
2582 2 0 -1.4 12.7664 0 2527 2528 2581 2583 2635 2636 
2583 2 0 -1.4 13.1128 0 2528 2529 2582 2584 2636 2637 
2584 2 0 -1.4 13.4592 0 2529 2530 2583 2585 2637 2638 
2585 2 0 -1.4 13.8056 0 2530 2531 2584 2638 2639 2586 
2586 2 0 -1.4 14.152 0 2531 2585 2639 2532 2640 
2587 5 0 -1.1 -14.4268 0 2533 2588 2641 
2588 5 0 -1.1 -14.0804 0 2533 2587 2641 2534 2589 2642 
2589 5 0 -1.1 -13.734 0 2588 2534 2535 2590 2642 2643 
2590 5 0 -1.1 -13.3876 0 2535 2536 2589 2591 2643 2644 
2591 5 0 -1.1 -13.0412 0 2536 2537 2590 2592 2644 2645 
2592 5 0 -1.1 -12.6947 0 2537 2538 2591 2593 2645 2646 
2593 5 0 -1.1 -12.3483 0 2538 2539 2592 2594 2646 2647 
2594 5 0 -1.1 -12.0019 0 2539 2593 2647 2540 2595 2648 
2595 5 0 -1.1 -11.6555 0 2594 2540 2541 2596 2648 2649 
2596 5 0 -1.1 -11.3091 0 2541 2542 2595 2597 2649 2650 
2597 5 0 -1.1 -10.9627 0 2542 2543 2596 2598 2650 2651 
2598 5 0 -1.1 -10.6163 0 2543 2544 2597 2599 2651 2652 
2599 5 0 -1.1 -10.2699 0 2544 2545 2598 2652 2653 2600 
2600 5 0 -1.1 -9.92346 0 2545 2599 2653 2546 2601 2654 
2601 5 0 -1.1 -9.57705 0 2546 2547 2600 2602 2654 2655 
2602 5 0 -1.1 -9.23064 0 2547 2548 2601 2603 2655 2656 
2603 5 0 -1.1 -8.88423 0 2548 2549 2602 2604 2656 2657 
2604 5 0 -1.1 -8.53782 0 2549 2550 2603 2605 2657 2658 
2605 5 0 -1.1 -8.19141 0 2550 2551 2604 2658 2659 2606 
2606 5 0 -1.1 -7.845 0 2551 2605 2659 2552 2607 2660 
2607 5 0 -1.1 -7.49859 0 2552 2553 2606 2608 2660 2661 
2608 5 0 -1.1 -7.15218 0 2553 2554 2607 2609 2661 2662 
2609 5 0 -1.1 -6.80577 0 2554 2555 2608 2610 2662 2663 
2610 5 0 -1.1 -6.45936 0 2555 2556 2609 2611 2663 2664 
2611 5 0 -1.1 -6.11295 0 2556 2610 2664 2557 2612 2665 
2612 5 0 -1.1 -5.76654 0 2611 2557 2558 2613 2665 2666 
2613 5 0 -1.1 -5.42013 0 2558 2559 2612 2666 2667 
2614 2 0 -1.1 5.31858 0 2560 2561 2615 2668 2669 
2615 2 0 -1.1 5.66499 0 2561 2562 2614 2669 2670 2616 
2616 2 0 -1.1 6.0114 0 2562 2615 2670 2563 2617 2671 
2617 2 0 -1.1 6.35781 0 2563 2564 2616 2618 2671 2672 
2618 2 0 -1.1 6.70422 0 2564 2565 2617 2619 2672 2673 
2619 2 0 -1.1 7.05064 0 2565 2566 2618 2620 2673 2674 
2620 2 0 -1.1 7.39705 0 2566 2567 2619 2621 2674 2675 
2621 2 0 -1.1 7.74346 0 2567 2568 2620 2675 2676 2622 
2622 2 0 -1.1 8.08987 0 2568 2621 2676 2569 2623 2677 
2623 2 0 -1.1 8.43628 0 2569 2570 2622 2624 2677 2678 
2624 2 0 -1.1 8.78269 0 2570 2571 2623 2625 2678 2679 
2625 2 0 -1.1 9.1291 0 2571 2572 2624 2626 2679 2680 
2626 2 0 -1.1 9.47551 0 2572 2573 2625 2627 2680 2681 
2627 2 0 -1.1 9.82192 0 2573 2574 2626 2681 2682 2628 
2628 2 0 -1.1 10.1683 0 2574 2627 2682 2575 2629 2683 
2629 2 0 -1.1 10.5147 0 2575 2576 2628 2630 2683 2684 
2630 2 0 -1.1 10.8611 0 2576 2577 2629 2631 2684 2685 
2631 2 0 -1.1 11.2076 0 2577 2578 2630 2632 2685 2686 
2632 2 0 -1.1 11.554 0 2578 2579 2631 2633 2686 2687 
2633 2 0 -1.1 11.9004 0 2579 2632 2687 2580 2634 2688 
2634 2 0 -1.1 12.2468 0 2633 2580 2581 2635 2688 2689 
2635 2 0 -1.1 12.5932 0 2581 2582 2634 2636 2689 2690 
2636 2 0 -1.1 12.9396 0 2582 2583 2635 2637 2690 2691 
2637 2 0 -1.1 13.286 0 2583 2584 2636 2638 2691 2692 
2638 2 0 -1.1 13.6324 0 2584 2585 2637 2639 2692 2693 
2639 2 0 -1.1 13.9788 0 2585 2638 2693 2586 2640 2694 
2640 2 0 -1.1 14.3252 0 2639 2586 2694 
2641 5 0 -0.8 -14.2536 0 2587 2588 2695 2696 2642 
2642 5 0 -0.8 -13.9072 0 2588 2641 2696 2589 2643 2697 
2643 5 0 -0.8 -13.5608 0 2589 2590 2642 2644 2697 2698 
2644 5 0 -0.8 -13.2144 0 2590 2591 2643 2645 2698 2699 
2645 5 0 -0.8 -12.8679 0 2591 2592 2644 2646 2699 2700 
2646 5 0 -0.8 -12.5215 0 2592 2593 2645 2647 2700 2701 
2647 5 0 -0.8 -12.1751 0 2593 2594 2646 2701 2702 2648 
2648 5 0 -0.8 -11.8287 0 2594 2647 2702 2595 2649 2703 
2649 5 0 -0.8 -11.4823 0 2595 2596 2648 2650 2703 2704 
2650 5 0 -0.8 -11.1359 0 2596 2597 2649 2651 2704 2705 
2651 5 0 -0.8 -10.7895 0 2597 2598 2650 2652 2705 2706 
2652 5 0 -0.8 -10.4431 0 2598 2599 2651 2653 2706 2707 
2653 5 0 -0.8 -10.0967 0 2599 2652 2707 2600 2654 2708 
2654 5 0 -0.8 -9.75026 0 2653 2600 2601 2655 2708 2709 
2655 5 0 -0.8 -9.40385 0 2601 2602 2654 2656 2709 2710 
2656 5 0 -0.8 -9.05744 0 2602 2603 2655 2657 2710 2711 
2657 5 0 -0.8 -8.71103 0 2603 2604 2656 2658 2711 2712 
2658 5 0 -0.8 -8.36462 0 2604 2605 2657 2659 2712 2713 
2659 5 0 -0.8 -8.01821 0 2605 2658 2713 2606 2660 2714 
2660 5 0 -0.8 -7.6718 0 2659 2606 2607 2661 2714 2715 
2661 5 0 -0.8 -7.32539 0 2607 2608 2660 2662 2715 2716 
2662 5 0 -0.8 -6.97898 0 2608 2609 2661 2663 2716 2717 
2663 5 0 -0.8 -6.63257 0 2609 2610 2662 2664 2717 2718 
2664 5 0 -0.8 -6.28616 0 2610 2611 2663 2718 2719 2665 
2665 5 0 -0.8 -5.93975 0 2611 2664 2719 2612 2666 2720 
2666 5 0 -0.8 -5.59334 0 2612 2613 2665 2667 2720 2721 
2667 5 0 -0.8 -5.24693 0 2613 2666 2721 
2668 2 0 -0.8 5.14538 0 2614 2669 2722 
2669 2 0 -0.8 5.49179 0 2614 2615 2668 2670 2722 2723 
2670 2 0 -0.8 5.8382 0 2615 2669 2723 2616 2671 2724 
2671 2 0 -0.8 6.18461 0 2670 2616 2617 2672 2724 2725 
2672 2 0 -0.8 6.53102 0 2617 2618 2671 2673 2725 2726 
2673 2 0 -0.8 6.87743 0 2618 2619 2672 2674 2726 2727 
2674 2 0 -0.8 7.22384 0 2619 2620 2673 2675 2727 2728 
2675 2 0 -0.8 7.57025 0 2620 2621 2674 2676 2728 2729 
2676 2 0 -0.8 7.91666 0 2621 2675 2729 2622 2677 2730 
2677 2 0 -0.8 8.26307 0 2676 2622 2623 2678 2730 2731 
2678 2 0 -0.8 8.60948 0 2623 2624 2677 2679 2731 2732 
2679 2 0 -0.8 8.95589 0 2624 2625 2678 2680 2732 2733 
2680 2 0 -0.8 9.3023 0 2625 2626 2679 2681 2733 2734 
2681 2 0 -0.8 9.64871 0 2626 2627 2680 2682 2734 2735 
2682 2 0 -0.8 9.99512 0 2627 2681 2735 2628 2683 2736 
2683 2 0 -0.8 10.3415 0 2682 2628 2629 2684 2736 2737 
2684 2 0 -0.8 10.6879 0 2629 2630 2683 2685 2737 2738 
2685 2 0 -0.8 11.0344 0 2630 2631 2684 2686 2738 2739 
2686 2 0 -0.8 11.3808 0 2631 2632 2685 2687 2739 2740 
2687 2 0 -0.8 11.7272 0 2632 2633 2686 2740 2741 2688 
2688 2 0 -0.8 12.0736 0 2633 2687 2741 2634 2689 2742 
2689 2 0 -0.8 12.42 0 2634 2635 2688 2690 2742 2743 
2690 2 0 -0.8 12.7664 0 2635 2636 2689 2691 2743 2744 
2691 2 0 -0.8 13.1128 0 2636 2637 2690 2692 2744 2745 
2692 2 0 -0.8 13.4592 0 2637 2638 2691 2693 2745 2746 
2693 2 0 -0.8 13.8056 0 2638 2639 2692 2746 2747 2694 
2694 2 0 -0.8 14.152 0 2639 2693 2747 2640 2748 
2695 5 0 -0.5 -14.4268 0 2641 2696 2749 
2696 5 0 -0.5 -14.0804 0 2641 2695 2749 2642 2697 2750 
2697 5 0 -0.5 -13.734 0 2696 2642 2643 2698 2750 2751 
2698 5 0 -0.5 -13.3876 0 2643 2644 2697 2699 2751 2752 
2699 5 0 -0.5 -13.0412 0 2644 2645 2698 2700 2752 2753 
2700 5 0 -0.5 -12.6947 0 2645 2646 2699 2701 2753 2754 
2701 5 0 -0.5 -12.3483 0 2646 2647 2700 2702 2754 2755 
2702 5 0 -0.5 -12.0019 0 2647 2701 2755 2648 2703 2756 
2703 5 0 -0.5 -11.6555 0 2702 2648 2649 2704 2756 2757 
2704 5 0 -0.5 -11.3091 0 2649 2650 2703 2705 2757 2758 
2705 5 0 -0.5 -10.9627 0 2650 2651 2704 2706 2758 2759 
2706 5 0 -0.5 -10.6163 0 2651 2652 2705 2707 2759 2760 
2707 5 0 -0.5 -10.2699 0 2652 2653 2706 2760 2761 2708 
2708 5 0 -0.5 -9.92346 0 2653 2707 2761 2654 2709 2762 
2709 5 0 -0.5 -9.57705 0 2654 2655 2708 2710 2762 2763 
2710 5 0 -0.5 -9.23064 0 2655 2656 2709 2711 2763 2764 
2711 5 0 -0.5 -8.88423 0 2656 2657 2710 2712 2764 2765 
2712 5 0 -0.5 -8.53782 0 2657 2658 2711 2713 2765 2766 
2713 5 0 -0.5 -8.19141 0 2658 2659 2712 2766 2767 2714 
2714 5 0 -0.5 -7.845 0 2659 2713 2767 2660 2715 2768 
2715 5 0 -0.5 -7.49859 0 2660 2661 2714 2716 2768 2769 
2716 5 0 -0.5 -7.15218 0 2661 2662 2715 2717 2769 2770 
2717 5 0 -0.5 -6.80577 0 2662 2663 2716 2718 2770 2771 
2718 5 0 -0.5 -6.45936 0 2663 2664 2717 2719 2771 2772 
2719 5 0 -0.5 -6.11295 0 2664 2718 2772 2665 2720 2773 
2720 5 0 -0.5 -5.76654 0 2719 2665 2666 2721 2773 2774 
2721 5 0 -0.5 -5.42013 0 2666 2667 2720 2774 2775 
2722 2 0 -0.5 5.31858 0 2668 2669 2723 2776 
2723 2 0 -0.5 5.66499 0 2669 2670 2722 2776 2777 2724 
2724 2 0 -0.5 6.0114 0 2670 2723 2777 2671 2725 2778 
2725 2 0 -0.5 6.35781 0 2671 2672 2724 2726 2778 2779 
2726 2 0 -0.5 6.70422 0 2672 2673 2725 2727 2779 2780 
2727 2 0 -0.5 7.05064 0 2673 2674 2726 2728 2780 2781 
2728 2 0 -0.5 7.39705 0 2674 2675 2727 2729 2781 2782 
2729 2 0 -0.5 7.74346 0 2675 2676 2728 2782 2783 2730 
2730 2 0 -0.5 8.08987 0 2676 2729 2783 2677 2731 2784 
2731 2 0 -0.5 8.43628 0 2677 2678 2730 2732 2784 2785 
2732 2 0 -0.5 8.78269 0 2678 2679 2731 2733 2785 2786 
2733 2 0 -0.5 9.1291 0 2679 2680 2732 2734 2786 2787 
2734 2 0 -0.5 9.47551 0 2680 2681 2733 2735 2787 2788 
2735 2 0 -0.5 9.82192 0 2681 2682 2734 2788 2789 2736 
2736 2 0 -0.5 10.1683 0 2682 2735 2789 2683 2737 2790 
2737 2 0 -0.5 10.5147 0 2683 2684 2736 2738 2790 2791 
2738 2 0 -0.5 10.8611 0 2684 2685 2737 2739 2791 2792 
2739 2 0 -0.5 11.2076 0 2685 2686 2738 2740 2792 2793 
2740 2 0 -0.5 11.554 0 2686 2687 2739 2741 2793 2794 
2741 2 0 -0.5 11.9004 0 2687 2740 2794 2688 2742 2795 
2742 2 0 -0.5 12.2468 0 2741 2688 2689 2743 2795 2796 
2743 2 0 -0.5 12.5932 0 2689 2690 2742 2744 2796 2797 
2744 2 0 -0.5 12.9396 0 2690 2691 2743 2745 2797 2798 
2745 2 0 -0.5 13.286 0 2691 2692 2744 2746 2798 2799 
2746 2 0 -0.5 13.6324 0 2692 2693 2745 2747 2799 2800 
2747 2 0 -0.5 13.9788 0 2693 2746 2800 2694 2748 2801 
2748 2 0 -0.5 14.3252 0 2747 2694 2801 
2749 5 0 -0.2 -14.2536 0 2695 2696 2750 
2750 5 0 -0.2 -13.9072 0 2696 2749 2697 2751 
2751 5 0 -0.2 -13.5608 0 2697 2698 2750 2752 
2752 5 0 -0.2 -13.2144 0 2698 2699 2751 2753 
2753 5 0 -0.2 -12.8679 0 2699 2700 2752 2754 
2754 5 0 -0.2 -12.5215 0 2700 2701 2753 2755 
2755 5 0 -0.2 -12.1751 0 2701 2702 2754 2756 
2756 5 0 -0.2 -11.8287 0 2702 2755 2703 2757 
2757 5 0 -0.2 -11.4823 0 2703 2704 2756 2758 
2758 5 0 -0.2 -11.1359 0 2704 2705 2757 2759 
2759 5 0 -0.2 -10.7895 0 2705 2706 2758 2760 
2760 5 0 -0.2 -10.4431 0 2706 2707 2759 2761 
2761 5 0 -0.2 -10.0967 0 2707 2760 2708 2762 
2762 5 0 -0.2 -9.75026 0 2761 2708 2709 2763 
2763 5 0 -0.2 -9.40385 0 2709 2710 2762 2764 
2764 5 0 -0.2 -9.05744 0 2710 2711 2763 2765 
2765 5 0 -0.2 -8.71103 0 2711 2712 2764 2766 
2766 5 0 -0.2 -8.36462 0 2712 2713 2765 2767 
2767 5 0 -0.2 -8.01821 0 2713 2766 2714 2768 
2768 5 0 -0.2 -7.6718 0 2767 2714 2715 2769 
2769 5 0 -0.2 -7.32539 0 2715 2716 2768 2770 
2770 5 0 -0.2 -6.97898 0 2716 2717 2769 2771 
2771 5 0 -0.2 -6.63257 0 2717 2718 2770 2772 
2772 5 0 -0.2 -6.28616 0 2718 2719 2771 2773 
2773 5 0 -0.2 -5.93975 0 2719 2772 2720 2774 
2774 5 0 -0.2 -5.59334 0 2720 2721 2773 2775 
2775 5 0 -0.2 -5.24693 0 2721 2774 
2776 2 0 -0.2 5.49179 0 2722 2723 2777 
2777 2 0 -0.2 5.8382 0 2723 2776 2724 2778 
2778 2 0 -0.2 6.18461 0 2777 2724 2725 2779 
2779 2 0 -0.2 6.53102 0 2725 2726 2778 2780 
2780 2 0 -0.2 6.87743 0 2726 2727 2779 2781 
2781 2 0 -0.2 7.22384 0 2727 2728 2780 2782 
2782 2 0 -0.2 7.57025 0 2728 2729 2781 2783 
2783 2 0 -0.2 7.91666 0 2729 2782 2730 2784 
2784 2 0 -0.2 8.26307 0 2783 2730 2731 2785 
2785 2 0 -0.2 8.60948 0 2731 2732 2784 2786 
2786 2 0 -0.2 8.95589 0 2732 2733 2785 2787 
2787 2 0 -0.2 9.3023 0 2733 2734 2786 2788 
2788 2 0 -0.2 9.64871 0 2734 2735 2787 2789 
2789 2 0 -0.2 9.99512 0 2735 2788 2736 2790 
2790 2 0 -0.2 10.3415 0 2789 2736 2737 2791 
2791 2 0 -0.2 10.6879 0 2737 2738 2790 2792 
2792 2 0 -0.2 11.0344 0 2738 2739 2791 2793 
2793 2 0 -0.2 11.3808 0 2739 2740 2792 2794 
2794 2 0 -0.2 11.7272 0 2740 2741 2793 2795 
2795 2 0 -0.2 12.0736 0 2741 2794 2742 2796 
2796 2 0 -0.2 12.42 0 2742 2743 2795 2797 
2797 2 0 -0.2 12.7664 0 2743 2744 2796 2798 
2798 2 0 -0.2 13.1128 0 2744 2745 2797 2799 
2799 2 0 -0.2 13.4592 0 2745 2746 2798 2800 
2800 2 0 -0.2 13.8056 0 2746 2747 2799 2801 
2801 2 0 -0.2 14.152 0 2747 2800 2748 
2802 6 0 0.1 -14.4268 0 2803 2856 
2803 6 0 0.1 -14.0804 0 2802 2856 2804 2857 
2804 6 0 0.1 -13.734 0 2803 2805 2857 2858 
2805 6 0 0.1 -13.3876 0 2804 2806 2858 2859 
2806 6 0 0.1 -13.0412 0 2805 2807 2859 2860 
2807 6 0 0.1 -12.6947 0 2806 2808 2860 2861 
2808 6 0 0.1 -12.3483 0 2807 2809 2861 2862 
2809 6 0 0.1 -12.0019 0 2808 2862 2810 2863 
2810 6 0 0.1 -11.6555 0 2809 2811 2863 2864 
2811 6 0 0.1 -11.3091 0 2810 2812 2864 2865 
2812 6 0 0.1 -10.9627 0 2811 2813 2865 2866 
2813 6 0 0.1 -10.6163 0 2812 2814 2866 2867 
2814 6 0 0.1 -10.2699 0 2813 2867 2868 2815 
2815 6 0 0.1 -9.92346 0 2814 2868 2816 2869 
2816 6 0 0.1 -9.57705 0 2815 2817 2869 2870 
2817 6 0 0.1 -9.23064 0 2816 2818 2870 2871 
2818 6 0 0.1 -8.88423 0 2817 2819 2871 2872 
2819 6 0 0.1 -8.53782 0 2818 2820 2872 2873 
2820 6 0 0.1 -8.19141 0 2819 2873 2874 2821 
2821 6 0 0.1 -7.845 0 2820 2874 2822 2875 
2822 6 0 0.1 -7.49859 0 2821 2823 2875 2876 
2823 6 0 0.1 -7.15218 0 2822 2824 2876 2877 
2824 6 0 0.1 -6.80577 0 2823 2825 2877 2878 
2825 6 0 0.1 -6.45936 0 2824 2826 2878 2879 
2826 6 0 0.1 -6.11295 0 2825 2879 2827 2880 
2827 6 0 0.1 -5.76654 0 2826 2828 2880 2881 
2828 6 0 0.1 -5.42013 0 2827 2881 2882 
2829 1 0 0.1 5.31858 0 2830 2883 
2830 1 0 0.1 5.66499 0 2829 2883 2884 2831 
2831 1 0 0.1 6.0114 0 2830 2884 2832 2885 
2832 1 0 0.1 6.35781 0 2831 2833 2885 2886 
2833 1 0 0.1 6.70422 0 2832 2834 2886 2887 
2834 1 0 0.1 7.05064 0 2833 2835 2887 2888 
2835 1 0 0.1 7.39705 0 2834 2836 2888 2889 
2836 1 0 0.1 7.74346 0 2835 2889 2890 2837 
2837 1 0 0.1 8.08987 0 2836 2890 2838 2891 
2838 1 0 0.1 8.43628 0 2837 2839 2891 2892 
2839 1 0 0.1 8.78269 0 2838 2840 2892 2893 
2840 1 0 0.1 9.1291 0 2839 2841 2893 2894 
2841 1 0 0.1 9.47551 0 2840 2842 2894 2895 
2842 1 0 0.1 9.82192 0 2841 2895 2896 2843 
2843 1 0 0.1 10.1683 0 2842 2896 2844 2897 
2844 1 0 0.1 10.5147 0 2843 2845 2897 2898 
2845 1 0 0.1 10.8611 0 2844 2846 2898 2899 
2846 1 0 0.1 11.2076 0 2845 2847 2899 2900 
2847 1 0 0.1 11.554 0 2846 2848 2900 2901 
2848 1 0 0.1 11.9004 0 2847 2901 2849 2902 
2849 1 0 0.1 12.2468 0 2848 2850 2902 2903 
2850 1 0 0.1 12.5932 0 2849 2851 2903 2904 
2851 1 0 0.1 12.9396 0 2850 2852 2904 2905 
2852 1 0 0.1 13.286 0 2851 2853 2905 2906 
2853 1 0 0.1 13.6324 0 2852 2854 2906 2907 
2854 1 0 0.1 13.9788 0 2853 2907 2855 2908 
2855 1 0 0.1 14.3252 0 2854 2908 
2856 6 0 0.4 -14.2536 0 2802 2803 2909 2910 2857 
2857 6 0 0.4 -13.9072 0 2803 2856 2910 2804 2858 2911 
2858 6 0 0.4 -13.5608 0 2804 2805 2857 2859 2911 2912 
2859 6 0 0.4 -13.2144 0 2805 2806 2858 2860 2912 2913 
2860 6 0 0.4 -12.8679 0 2806 2807 2859 2861 2913 2914 
2861 6 0 0.4 -12.5215 0 2807 2808 2860 2862 2914 2915 
2862 6 0 0.4 -12.1751 0 2808 2809 2861 2915 2916 2863 
2863 6 0 0.4 -11.8287 0 2809 2862 2916 2810 2864 2917 
2864 6 0 0.4 -11.4823 0 2810 2811 2863 2865 2917 2918 
2865 6 0 0.4 -11.1359 0 2811 2812 2864 2866 2918 2919 
2866 6 0 0.4 -10.7895 0 2812 2813 2865 2867 2919 2920 
2867 6 0 0.4 -10.4431 0 2813 2814 2866 2868 2920 2921 
2868 6 0 0.4 -10.0967 0 2814 2867 2921 2815 2869 2922 
2869 6 0 0.4 -9.75026 0 2868 2815 2816 2870 2922 2923 
2870 6 0 0.4 -9.40385 0 2816 2817 2869 2871 2923 2924 
2871 6 0 0.4 -9.05744 0 2817 2818 2870 2872 2924 2925 
2872 6 0 0.4 -8.71103 0 2818 2819 2871 2873 2925 2926 
2873 6 0 0.4 -8.36462 0 2819 2820 2872 2874 2926 2927 
2874 6 0 0.4 -8.01821 0 2820 2873 2927 2821 2875 2928 
2875 6 0 0.4 -7.6718 0 2874 2821 2822 2876 2928 2929 
2876 6 0 0.4 -7.32539 0 2822 2823 2875 2877 2929 2930 
2877 6 0 0.4 -6.97898 0 2823 2824 2876 2878 2930 2931 
2878 6 0 0.4 -6.63257 0 2824 2825 2877 2879 2931 2932 
2879 6 0 0.4 -6.28616 0 2825 2826 2878 2932 2933 2880 
2880 6 0 0.4 -5.93975 0 2826 2879 2933 2827 2881 2934 
2881 6 0 0.4 -5.59334 0 2827 2828 2880 2882 2934 2935 
2882 6 0 0.4 -5.24693 0 2828 2881 2935 
2883 1 0 0.4 5.49179 0 2829 2830 2884 2936 2937 
2884 1 0 0.4 5.8382 0 2830 2883 2937 2831 2885 2938 
2885 1 0 0.4 6.18461 0 2884 2831 2832 2886 2938 2939 
2886 1 0 0.4 6.53102 0 2832 2833 2885 2887 2939 2940 
2887 1 0 0.4 6.87743 0 2833 2834 2886 2888 2940 2941 
2888 1 0 0.4 7.22384 0 2834 2835 2887 2889 2941 2942 
2889 1 0 0.4 7.57025 0 2835 2836 2888 2890 2942 2943 
2890 1 0 0.4 7.91666 0 2836 2889 2943 2837 2891 2944 
2891 1 0 0.4 8.26307 0 2890 2837 2838 2892 2944 2945 
2892 1 0 0.4 8.60948 0 2838 2839 2891 2893 2945 2946 
2893 1 0 0.4 8.95589 0 2839 2840 2892 2894 2946 2947 
2894 1 0 0.4 9.3023 0 2840 2841 2893 2895 2947 2948 
2895 1 0 0.4 9.64871 0 2841 2842 2894 2896 2948 2949 
2896 1 0 0.4 9.99512 0 2842 2895 2949 2843 2897 2950 
2897 1 0 0.4 10.3415 0 2896 2843 2844 2898 2950 2951 
2898 1 0 0.4 10.6879 0 2844 2845 2897 2899 2951 2952 
2899 1 0 0.4 11.0344 0 2845 2846 2898 2900 2952 2953 
2900 1 0 0.4 11.3808 0 2846 2847 2899 2901 2953 2954 
2901 1 0 0.4 11.7272 0 2847 2848 2900 2954 2955 2902 
2902 1 0 0.4 12.0736 0 2848 2901 2955 2849 2903 2956 
2903 1 0 0.4 12.42 0 2849 2850 2902 2904 2956 2957 
2904 1 0 0.4 12.7664 0 2850 2851 2903 2905 2957 2958 
2905 1 0 0.4 13.1128 0 2851 2852 2904 2906 2958 2959 
2906 1 0 0.4 13.4592 0 2852 2853 2905 2907 2959 2960 
2907 1 0 0.4 13.8056 0 2853 2854 2906 2960 2961 2908 
2908 1 0 0.4 14.152 0 2854 2907 2961 2855 2962 
2909 6 0 0.7 -14.4268 0 2856 2910 2963 
2910 6 0 0.7 -14.0804 0 2856 2909 2963 2857 2911 2964 
2911 6 0 0.7 -13.734 0 2910 2857 2858 2912 2964 2965 
2912 6 0 0.7 -13.3876 0 2858 2859 2911 2913 2965 2966 
2913 6 0 0.7 -13.0412 0 2859 2860 2912 2914 2966 2967 
2914 6 0 0.7 -12.6947 0 2860 2861 2913 2915 2967 2968 
2915 6 0 0.7 -12.3483 0 2861 2862 2914 2916 2968 2969 
2916 6 0 0.7 -12.0019 0 2862 2915 2969 2863 2917 2970 
2917 6 0 0.7 -11.6555 0 2916 2863 2864 2918 2970 2971 
2918 6 0 0.7 -11.3091 0 2864 2865 2917 2919 2971 2972 
2919 6 0 0.7 -10.9627 0 2865 2866 2918 2920 2972 2973 
2920 6 0 0.7 -10.6163 0 2866 2867 2919 2921 2973 2974 
2921 6 0 0.7 -10.2699 0 2867 2868 2920 2974 2975 2922 
2922 6 0 0.7 -9.92346 0 2868 2921 2975 2869 2923 2976 
2923 6 0 0.7 -9.57705 0 2869 2870 2922 2924 2976 2977 
2924 6 0 0.7 -9.23064 0 2870 2871 2923 2925 2977 2978 
2925 6 0 0.7 -8.88423 0 2871 2872 2924 2926 2978 2979 
2926 6 0 0.7 -8.53782 0 2872 2873 2925 2927 2979 2980 
2927 6 0 0.7 -8.19141 0 2873 2874 2926 2980 2981 2928 
2928 6 0 0.7 -7.845 0 2874 2927 2981 2875 2929 2982 
2929 6 0 0.7 -7.49859 0 2875 2876 2928 2930 2982 2983 
2930 6 0 0.7 -7.15218 0 2876 2877 2929 2931 2983 2984 
2931 6 0 0.7 -6.80577 0 2877 2878 2930 2932 2984 2985 
2932 6 0 0.7 -6.45936 0 2878 2879 2931 2933 2985 2986 
2933 6 0 0.7 -6.11295 0 2879 2932 2986 2880 2934 2987 
2934 6 0 0.7 -5.76654 0 2933 2880 2881 2935 2987 2988 
2935 6 0 0.7 -5.42013 0 2881 2882 2934 2988 2989 
2936 1 0 0.7 5.31858 0 2883 2937 2990 2991 
2937 1 0 0.7 5.66499 0 2883 2884 2936 2991 2992 2938 
2938 1 0 0.7 6.0114 0 2884 2937 2992 2885 2939 2993 
2939 1 0 0.7 6.35781 0 2885 2886 2938 2940 2993 2994 
2940 1 0 0.7 6.70422 0 2886 2887 2939 2941 2994 2995 
2941 1 0 0.7 7.05064 0 2887 2888 2940 2942 2995 2996 
2942 1 0 0.7 7.39705 0 2888 2889 2941 2943 2996 2997 
2943 1 0 0.7 7.74346 0 2889 2890 2942 2997 2998 2944 
2944 1 0 0.7 8.08987 0 2890 2943 2998 2891 2945 2999 
2945 1 0 0.7 8.43628 0 2891 2892 2944 2946 2999 3000 
2946 1 0 0.7 8.78269 0 2892 2893 2945 2947 3000 3001 
2947 1 0 0.7 9.1291 0 2893 2894 2946 2948 3001 3002 
2948 1 0 0.7 9.47551 0 2894 2895 2947 2949 3002 3003 
2949 1 0 0.7 9.82192 0 2895 2896 2948 3003 3004 2950 
2950 1 0 0.7 10.1683 0 2896 2949 3004 2897 2951 3005 
2951 1 0 0.7 10.5147 0 2897 2898 2950 2952 3005 3006 
2952 1 0 0.7 10.8611 0 2898 2899 2951 2953 3006 3007 
2953 1 0 0.7 11.2076 0 2899 2900 2952 2954 3007 3008 
2954 1 0 0.7 11.554 0 2900 2901 2953 2955 3008 3009 
2955 1 0 0.7 11.9004 0 2901 2954 3009 2902 2956 3010 
2956 1 0 0.7 12.2468 0 2955 2902 2903 2957 3010 3011 
2957 1 0 0.7 12.5932 0 2903 2904 2956 2958 3011 3012 
2958 1 0 0.7 12.9396 0 2904 2905 2957 2959 3012 3013 
2959 1 0 0.7 13.286 0 2905 2906 2958 2960 3013 3014 
2960 1 0 0.7 13.6324 0 2906 2907 2959 2961 3014 3015 
2961 1 0 0.7 13.9788 0 2907 2960 3015 2908 2962 3016 
2962 1 0 0.7 14.3252 0 2961 2908 3016 
2963 6 0 1 -14.2536 0 2909 2910 3017 3018 2964 
2964 6 0 1 -13.9072 0 2910 2963 3018 2911 2965 3019 
2965 6 0 1 -13.5608 0 2911 2912 2964 2966 3019 3020 
2966 6 0 1 -13.2144 0 2912 2913 2965 2967 3020 3021 
2967 6 0 1 -12.8679 0 2913 2914 2966 2968 3021 3022 
2968 6 0 1 -12.5215 0 2914 2915 2967 2969 3022 3023 
2969 6 0 1 -12.1751 0 2915 2916 2968 3023 3024 2970 
2970 6 0 1 -11.8287 0 2916 2969 3024 2917 2971 3025 
2971 6 0 1 -11.4823 0 2917 2918 2970 2972 3025 3026 
2972 6 0 1 -11.1359 0 2918 2919 2971 2973 3026 3027 
2973 6 0 1 -10.7895 0 2919 2920 2972 2974 3027 3028 
2974 6 0 1 -10.4431 0 2920 2921 2973 2975 3028 3029 
2975 6 0 1 -10.0967 0 2921 2974 3029 2922 2976 3030 
2976 6 0 1 -9.75026 0 2975 2922 2923 2977 3030 3031 
2977 6 0 1 -9.40385 0 2923 2924 2976 2978 3031 3032 
2978 6 0 1 -9.05744 0 2924 2925 2977 2979 3032 3033 
2979 6 0 1 -8.71103 0 2925 2926 2978 2980 3033 3034 
2980 6 0 1 -8.36462 0 2926 2927 2979 2981 3034 3035 
2981 6 0 1 -8.01821 0 2927 2980 3035 2928 2982 3036 
2982 6 0 1 -7.6718 0 2981 2928 2929 2983 3036 3037 
2983 6 0 1 -7.32539 0 2929 2930 2982 2984 3037 3038 
2984 6 0 1 -6.97898 0 2930 2931 2983 2985 3038 3039 
2985 6 0 1 -6.63257 0 2931 2932 2984 2986 3039 3040 
2986 6 0 1 -6.28616 0 2932 2933 2985 3040 3041 2987 
2987 6 0 1 -5.93975 0 2933 2986 3041 2934 2988 3042 
2988 6 0 1 -5.59334 0 2934 2935 2987 2989 3042 3043 
2989 6 0 1 -5.24693 0 2935 2988 3043 3044 
2990 1 0 1 5.14538 0 2936 2991 3045 
2991 1 0 1 5.49179 0 2936 2937 2990 2992 3045 3046 
2992 1 0 1 5.8382 0 2937 2991 3046 2938 2993 3047 
2993 1 0 1 6.18461 0 2992 2938 2939 2994 3047 3048 
2994 1 0 1 6.53102 0 2939 2940 2993 2995 3048 3049 
2995 1 0 1 6.87743 0 2940 2941 2994 2996 3049 3050 
2996 1 0 1 7.22384 0 2941 2942 2995 2997 3050 3051 
2997 1 0 1 7.57025 0 2942 2943 2996 2998 3051 3052 
2998 1 0 1 7.91666 0 2943 2997 3052 2944 2999 3053 
2999 1 0 1 8.26307 0 2998 2944 2945 3000 3053 3054 
3000 1 0 1 8.60948 0 2945 2946 2999 3001 3054 3055 
3001 1 0 1 8.95589 0 2946 2947 3000 3002 3055 3056 
3002 1 0 1 9.3023 0 2947 2948 3001 3003 3056 3057 
3003 1 0 1 9.64871 0 2948 2949 3002 3004 3057 3058 
3004 1 0 1 9.99512 0 2949 3003 3058 2950 3005 3059 
3005 1 0 1 10.3415 0 3004 2950 2951 3006 3059 3060 
3006 1 0 1 10.6879 0 2951 2952 3005 3007 3060 3061 
3007 1 0 1 11.0344 0 2952 2953 3006 3008 3061 3062 
3008 1 0 1 11.3808 0 2953 2954 3007 3009 3062 3063 
3009 1 0 1 11.7272 0 2954 2955 3008 3063 3064 3010 
3010 1 0 1 12.0736 0 2955 3009 3064 2956 3011 3065 
3011 1 0 1 12.42 0 2956 2957 3010 3012 3065 3066 
3012 1 0 1 12.7664 0 2957 2958 3011 3013 3066 3067 
3013 1 0 1 13.1128 0 2958 2959 3012 3014 3067 3068 
3014 1 0 1 13.4592 0 2959 2960 3013 3015 3068 3069 
3015 1 0 1 13.8056 0 2960 2961 3014 3069 3070 3016 
3016 1 0 1 14.152 0 2961 3015 3070 2962 3071 
3017 6 0 1.3 -14.4268 0 2963 3018 3072 
3018 6 0 1.3 -14.0804 0 2963 3017 3072 2964 3019 3073 
3019 6 0 1.3 -13.734 0 3018 2964 2965 3020 3073 3074 
3020 6 0 1.3 -13.3876 0 2965 2966 3019 3021 3074 3075 
3021 6 0 1.3 -13.0412 0 2966 2967 3020 3022 3075 3076 
3022 6 0 1.3 -12.6947 0 2967 2968 3021 3023 3076 3077 
3023 6 0 1.3 -12.3483 0 2968 2969 3022 3024 3077 3078 
3024 6 0 1.3 -12.0019 0 2969 3023 3078 2970 3025 3079 
3025 6 0 1.3 -11.6555 0 3024 2970 2971 3026 3079 3080 
3026 6 0 1.3 -11.3091 0 2971 2972 3025 3027 3080 3081 
3027 6 0 1.3 -10.9627 0 2972 2973 3026 3028 3081 3082 
3028 6 0 1.3 -10.6163 0 2973 2974 3027 3029 3082 3083 
3029 6 0 1.3 -10.2699 0 2974 2975 3028 3083 3084 3030 
3030 6 0 1.3 -9.92346 0 2975 3029 3084 2976 3031 3085 
3031 6 0 1.3 -9.57705 0 2976 2977 3030 3032 3085 3086 
3032 6 0 1.3 -9.23064 0 2977 2978 3031 3033 3086 3087 
3033 6 0 1.3 -8.88423 0 2978 2979 3032 3034 3087 3088 
3034 6 0 1.3 -8.53782 0 2979 2980 3033 3035 3088 3089 
3035 6 0 1.3 -8.19141 0 2980 2981 3034 3089 3090 3036 
3036 6 0 1.3 -7.845 0 2981 3035 3090 2982 3037 3091 
3037 6 0 1.3 -7.49859 0 2982 2983 3036 3038 3091 3092 
3038 6 0 1.3 -7.15218 0 2983 2984 3037 3039 3092 3093 
3039 6 0 1.3 -6.80577 0 2984 2985 3038 3040 3093 3094 
3040 6 0 1.3 -6.45936 0 2985 2986 3039 3041 3094 3095 
3041 6 0 1.3 -6.11295 0 2986 3040 3095 2987 3042 3096 
3042 6 0 1.3 -5.76654 0 3041 2987 2988 3043 3096 3097 
3043 6 0 1.3 -5.42013 0 2988 2989 3042 3044 3097 3098 
3044 6 0 1.3 -5.07372 0 2989 3043 3098 
3045 1 0 1.3 5.31858 0 2990 2991 3046 3099 3100 
3046 1 0 1.3 5.66499 0 2991 2992 3045 3100 3101 3047 
3047 1 0 1.3 6.0114 0 2992 3046 3101 2993 3048 3102 
3048 1 0 1.3 6.35781 0 2993 2994 3047 3049 3102 3103 
3049 1 0 1.3 6.70422 0 2994 2995 3048 3050 3103 3104 
3050 1 0 1.3 7.05064 0 2995 2996 3049 3051 3104 3105 
3051 1 0 1.3 7.39705 0 2996 2997 3050 3052 3105 3106 
3052 1 0 1.3 7.74346 0 2997 2998 3051 3106 3107 3053 
3053 1 0 1.3 8.08987 0 2998 3052 3107 2999 3054 3108 
3054 1 0 1.3 8.43628 0 2999 3000 3053 3055 3108 3109 
3055 1 0 1.3 8.78269 0 3000 3001 3054 3056 3109 3110 
3056 1 0 1.3 9.1291 0 3001 3002 3055 3057 3110 3111 
3057 1 0 1.3 9.47551 0 3002 3003 3056 3058 3111 3112 
3058 1 0 1.3 9.82192 0 3003 3004 3057 3112 3113 3059 
3059 1 0 1.3 10.1683 0 3004 3058 3113 3005 3060 3114 
3060 1 0 1.3 10.5147 0 3005 3006 3059 3061 3114 3115 
3061 1 0 1.3 10.8611 0 3006 3007 3060 3062 3115 3116 
3062 1 0 1.3 11.2076 0 3007 3008 3061 3063 3116 3117 
3063 1 0 1.3 11.554 0 3008 3009 3062 3064 3117 3118 
3064 1 0 1.3 11.9004 0 3009 3063 3118 3010 3065 3119 
3065 1 0 1.3 12.2468 0 3064 3010 3011 3066 3119 3120 
3066 1 0 1.3 12.5932 0 3011 3012 3065 3067 3120 3121 
3067 1 0 1.3 12.9396 0 3012 3013 3066 3068 3121 3122 
3068 1 0 1.3 13.286 0 3013 3014 3067 3069 3122 3123 
3069 1 0 1.3 13.6324 0 3014 3015 3068 3070 3123 3124 
3070 1 0 1.3 13.9788 0 3015 3069 3124 3016 3071 3125 
3071 1 0 1.3 14.3252 0 3070 3016 3125 
3072 6 0 1.6 -14.2536 0 3017 3018 3126 3127 3073 
3073 6 0 1.6 -13.9072 0 3018 3072 3127 3019 3074 3128 
3074 6 0 1.6 -13.5608 0 3019 3020 3073 3075 3128 3129 
3075 6 0 1.6 -13.2144 0 3020 3021 3074 3076 3129 3130 
3076 6 0 1.6 -12.8679 0 3021 3022 3075 3077 3130 3131 
3077 6 0 1.6 -12.5215 0 3022 3023 3076 3078 3131 3132 
3078 6 0 1.6 -12.1751 0 3023 3024 3077 3132 3133 3079 
3079 6 0 1.6 -11.8287 0 3024 3078 3133 3025 3080 3134 
3080 6 0 1.6 -11.4823 0 3025 3026 3079 3081 3134 3135 
3081 6 0 1.6 -11.1359 0 3026 3027 3080 3082 3135 3136 
3082 6 0 1.6 -10.7895 0 3027 3028 3081 3083 3136 3137 
3083 6 0 1.6 -10.4431 0 3028 3029 3082 3084 3137 3138 
3084 6 0 1.6 -10.0967 0 3029 3083 3138 3030 3085 3139 
3085 6 0 1.6 -9.75026 0 3084 3030 3031 3086 3139 3140 
3086 6 0 1.6 -9.40385 0 3031 3032 3085 3087 3140 3141 
3087 6 0 1.6 -9.05744 0 3032 3033 3086 3088 3141 3142 
3088 6 0 1.6 -8.71103 0 3033 3034 3087 3089 3142 3143 
3089 6 0 1.6 -8.36462 0 3034 3035 3088 3090 3143 3144 
3090 6 0 1.6 -8.01821 0 3035 3089 3144 3036 3091 3145 
3091 6 0 1.6 -7.6718 0 3090 3036 3037 3092 3145 3146 
3092 6 0 1.6 -7.32539 0 3037 3038 3091 3093 3146 3147 
3093 6 0 1.6 -6.97898 0 3038 3039 3092 3094 3147 3148 
3094 6 0 1.6 -6.63257 0 3039 3040 3093 3095 3148 3149 
3095 6 0 1.6 -6.28616 0 3040 3041 3094 3149 3150 3096 
3096 6 0 1.6 -5.93975 0 3041 3095 3150 3042 3097 3151 
3097 6 0 1.6 -5.59334 0 3042 3043 3096 3098 3151 3152 
3098 6 0 1.6 -5.24693 0 3043 3044 3097 3152 3153 
3099 1 0 1.6 5.14538 0 3045 3100 3154 3155 
3100 1 0 1.6 5.49179 0 3045 3046 3099 3101 3155 3156 
3101 1 0 1.6 5.8382 0 3046 3100 3156 3047 3102 3157 
3102 1 0 1.6 6.18461 0 3101 3047 3048 3103 3157 3158 
3103 1 0 1.6 6.53102 0 3048 3049 3102 3104 3158 3159 
3104 1 0 1.6 6.87743 0 3049 3050 3103 3105 3159 3160 
3105 1 0 1.6 7.22384 0 3050 3051 3104 3106 3160 3161 
3106 1 0 1.6 7.57025 0 3051 3052 3105 3107 3161 3162 
3107 1 0 1.6 7.91666 0 3052 3106 3162 3053 3108 3163 
3108 1 0 1.6 8.26307 0 3107 3053 3054 3109 3163 3164 
3109 1 0 1.6 8.60948 0 3054 3055 3108 3110 3164 3165 
3110 1 0 1.6 8.95589 0 3055 3056 3109 3111 3165 3166 
3111 1 0 1.6 9.3023 0 3056 3057 3110 3112 3166 3167 
3112 1 0 1.6 9.64871 0 3057 3058 3111 3113 3167 3168 
3113 1 0 1.6 9.99512 0 3058 3112 3168 3059 3114 3169 
3114 1 0 1.6 10.3415 0 3113 3059 3060 3115 3169 3170 
3115 1 0 1.6 10.6879 0 3060 3061 3114 3116 3170 3171 
3116 1 0 1.6 11.0344 0 3061 3062 3115 3117 3171 3172 
3117 1 0 1.6 11.3808 0 3062 3063 3116 3118 3172 3173 
3118 1 0 1.6 11.7272 0 3063 3064 3117 3173 3174 3119 
3119 1 0 1.6 12.0736 0 3064 3118 3174 3065 3120 3175 
3120 1 0 1.6 12.42 0 3065 3066 3119 3121 3175 3176 
3121 1 0 1.6 12.7664 0 3066 3067 3120 3122 3176 3177 
3122 1 0 1.6 13.1128 0 3067 3068 3121 3123 3177 3178 
3123 1 0 1.6 13.4592 0 3068 3069 3122 3124 3178 3179 
3124 1 0 1.6 13.8056 0 3069 3070 3123 3179 3180 3125 
3125 1 0 1.6 14.152 0 3070 3124 3180 3071 3181 
3126 6 0 1.9 -14.4268 0 3072 3127 3182 
3127 6 0 1.9 -14.0804 0 3072 3126 3182 3073 3128 3183 
3128 6 0 1.9 -13.734 0 3127 3073 3074 3129 3183 3184 
3129 6 0 1.9 -13.3876 0 3074 3075 3128 3130 3184 3185 
3130 6 0 1.9 -13.0412 0 3075 3076 3129 3131 3185 3186 
3131 6 0 1.9 -12.6947 0 3076 3077 3130 3132 3186 3187 
3132 6 0 1.9 -12.3483 0 3077 3078 3131 3133 3187 3188 
3133 6 0 1.9 -12.0019 0 3078 3132 3188 3079 3134 3189 
3134 6 0 1.9 -11.6555 0 3133 3079 3080 3135 3189 3190 
3135 6 0 1.9 -11.3091 0 3080 3081 3134 3136 3190 3191 
3136 6 0 1.9 -10.9627 0 3081 3082 3135 3137 3191 3192 
3137 6 0 1.9 -10.6163 0 3082 3083 3136 3138 3192 3193 
3138 6 0 1.9 -10.2699 0 3083 3084 3137 3193 3194 3139 
3139 6 0 1.9 -9.92346 0 3084 3138 3194 3085 3140 3195 
3140 6 0 1.9 -9.57705 0 3085 3086 3139 3141 3195 3196 
3141 6 0 1.9 -9.23064 0 3086 3087 3140 3142 3196 3197 
3142 6 0 1.9 -8.88423 0 3087 3088 3141 3143 3197 3198 
3143 6 0 1.9 -8.53782 0 3088 3089 3142 3144 3198 3199 
3144 6 0 1.9 -8.19141 0 3089 3090 3143 3199 3200 3145 
3145 6 0 1.9 -7.845 0 3090 3144 3200 3091 3146 3201 
3146 6 0 1.9 -7.49859 0 3091 3092 3145 3147 3201 3202 
3147 6 0 1.9 -7.15218 0 3092 3093 3146 3148 3202 3203 
3148 6 0 1.9 -6.80577 0 3093 3094 3147 3149 3203 3204 
3149 6 0 1.9 -6.45936 0 3094 3095 3148 3150 3204 3205 
3150 6 0 1.9 -6.11295 0 3095 3149 3205 3096 3151 3206 
3151 6 0 1.9 -5.76654 0 3150 3096 3097 3152 3206 3207 
3152 6 0 1.9 -5.42013 0 3097 3098 3151 3153 3207 3208 
3153 6 0 1.9 -5.07372 0 3098 3152 3208 3209 
3154 1 0 1.9 4.97217 0 3099 3155 3210 3211 
3155 1 0 1.9 5.31858 0 3099 3100 3154 3156 3211 3212 
3156 1 0 1.9 5.66499 0 3100 3101 3155 3212 3213 3157 
3157 1 0 1.9 6.0114 0 3101 3156 3213 3102 3158 3214 
3158 1 0 1.9 6.35781 0 3102 3103 3157 3159 3214 3215 
3159 1 0 1.9 6.70422 0 3103 3104 3158 3160 3215 3216 
3160 1 0 1.9 7.05064 0 3104 3105 3159 3161 3216 3217 
3161 1 0 1.9 7.39705 0 3105 3106 3160 3162 3217 3218 
3162 1 0 1.9 7.74346 0 3106 3107 3161 3218 3219 3163 
3163 1 0 1.9 8.08987 0 3107 3162 3219 3108 3164 3220 
3164 1 0 1.9 8.43628 0 3108 3109 3163 3165 3220 3221 
3165 1 0 1.9 8.78269 0 3109 3110 3164 3166 3221 3222 
3166 1 0 1.9 9.1291 0 3110 3111 3165 3167 3222 3223 
3167 1 0 1.9 9.47551 0 3111 3112 3166 3168 3223 3224 
3168 1 0 1.9 9.82192 0 3112 3113 3167 3224 3225 3169 
3169 1 0 1.9 10.1683 0 3113 3168 3225 3114 3170 3226 
3170 1 0 1.9 10.5147 0 3114 3115 3169 3171 3226 3227 
3171 1 0 1.9 10.8611 0 3115 3116 3170 3172 3227 3228 
3172 1 0 1.9 11.2076 0 3116 3117 3171 3173 3228 3229 
3173 1 0 1.9 11.554 0 3117 3118 3172 3174 3229 3230 
3174 1 0 1.9 11.9004 0 3118 3173 3230 3119 3175 3231 
3175 1 0 1.9 12.2468 0 3174 3119 3120 3176 3231 3232 
3176 1 0 1.9 12.5932 0 3120 3121 3175 3177 3232 3233 
3177 1 0 1.9 12.9396 0 3121 3122 3176 3178 3233 3234 
3178 1 0 1.9 13.286 0 3122 3123 3177 3179 3234 3235 
3179 1 0 1.9 13.6324 0 3123 3124 3178 3180 3235 3236 
3180 1 0 1.9 13.9788 0 3124 3179 3236 3125 3181 3237 
3181 1 0 1.9 14.3252 0 3180 3125 3237 
3182 6 0 2.2 -14.2536 0 3126 3127 3238 3183 
3183 6 0 2.2 -13.9072 0 3127 3182 3238 3128 3184 3239 
3184 6 0 2.2 -13.5608 0 3128 3129 3183 3185 3239 3240 
3185 6 0 2.2 -13.2144 0 3129 3130 3184 3186 3240 3241 
3186 6 0 2.2 -12.8679 0 3130 3131 3185 3187 3241 3242 
3187 6 0 2.2 -12.5215 0 3131 3132 3186 3188 3242 3243 
3188 6 0 2.2 -12.1751 0 3132 3133 3187 3243 3244 3189 
3189 6 0 2.2 -11.8287 0 3133 3188 3244 3134 3190 3245 
3190 6 0 2.2 -11.4823 0 3134 3135 3189 3191 3245 3246 
3191 6 0 2.2 -11.1359 0 3135 3136 3190 3192 3246 3247 
3192 6 0 2.2 -10.7895 0 3136 3137 3191 3193 3247 3248 
3193 6 0 2.2 -10.4431 0 3137 3138 3192 3194 3248 3249 
3194 6 0 2.2 -10.0967 0 3138 3193 3249 3139 3195 3250 
3195 6 0 2.2 -9.75026 0 3194 3139 3140 3196 3250 3251 
3196 6 0 2.2 -9.40385 0 3140 3141 3195 3197 3251 3252 
3197 6 0 2.2 -9.05744 0 3141 3142 3196 3198 3252 3253 
3198 6 0 2.2 -8.71103 0 3142 3143 3197 3199 3253 3254 
3199 6 0 2.2 -8.36462 0 3143 3144 3198 3200 3254 3255 
3200 6 0 2.2 -8.01821 0 3144 3199 3255 3145 3201 3256 
3201 6 0 2.2 -7.6718 0 3200 3145 3146 3202 3256 3257 
3202 6 0 2.2 -7.32539 0 3146 3147 3201 3203 3257 3258 
3203 6 0 2.2 -6.97898 0 3147 3148 3202 3204 3258 3259 
3204 6 0 2.2 -6.63257 0 3148 3149 3203 3205 3259 3260 
3205 6 0 2.2 -6.28616 0 3149 3150 3204 3260 3261 3206 
3206 6 0 2.2 -5.93975 0 3150 3205 3261 3151 3207 3262 
3207 6 0 2.2 -5.59334 0 3151 3152 3206 3208 3262 3263 
3208 6 0 2.2 -5.24693 0 3152 3153 3207 3209 3263 3264 
3209 6 0 2.2 -4.90052 0 3153 3208 3264 3265 
3210 1 0 2.2 4.79897 0 3154 3211 3266 3267 
3211 1 0 2.2 5.14538 0 3154 3155 3210 3212 3267 3268 
3212 1 0 2.2 5.49179 0 3155 3156 3211 3213 3268 3269 
3213 1 0 2.2 5.8382 0 3156 3212 3269 3157 3214 3270 
3214 1 0 2.2 6.18461 0 3213 3157 3158 3215 3270 3271 
3215 1 0 2.2 6.53102 0 3158 3159 3214 3216 3271 3272 
3216 1 0 2.2 6.87743 0 3159 3160 3215 3217 3272 3273 
3217 1 0 2.2 7.22384 0 3160 3161 3216 3218 3273 3274 
3218 1 0 2.2 7.57025 0 3161 3162 3217 3219 3274 3275 
3219 1 0 2.2 7.91666 0 3162 3218 3275 3163 3220 3276 
3220 1 0 2.2 8.26307 0 3219 3163 3164 3221 3276 3277 
3221 1 0 2.2 8.60948 0 3164 3165 3220 3222 3277 3278 
3222 1 0 2.2 8.95589 0 3165 3166 3221 3223 3278 3279 
3223 1 0 2.2 9.3023 0 3166 3167 3222 3224 3279 3280 
3224 1 0 2.2 9.64871 0 3167 3168 3223 3225 3280 3281 
3225 1 0 2.2 9.99512 0 3168 3224 3281 3169 3226 3282 
3226 1 0 2.2 10.3415 0 3225 3169 3170 3227 3282 3283 
3227 1 0 2.2 10.6879 0 3170 3171 3226 3228 3283 3284 
3228 1 0 2.2 11.0344 0 3171 3172 3227 3229 3284 3285 
3229 1 0 2.2 11.3808 0 3172 3173 3228 3230 3285 3286 
3230 1 0 2.2 11.7272 0 3173 3174 3229 3286 3287 3231 
3231 1 0 2.2 12.0736 0 3174 3230 3287 3175 3232 3288 
3232 1 0 2.2 12.42 0 3175 3176 3231 3233 3288 3289 
3233 1 0 2.2 12.7664 0 3176 3177 3232 3234 3289 3290 
3234 1 0 2.2 13.1128 0 3177 3178 3233 3235 3290 3291 
3235 1 0 2.2 13.4592 0 3178 3179 3234 3236 3291 3292 
3236 1 0 2.2 13.8056 0 3179 3180 3235 3292 3293 3237 
3237 1 0 2.2 14.152 0 3180 3236 3293 3181 3294 
3238 6 0 2.5 -14.0804 0 3182 3295 3183 3239 3296 
3239 6 0 2.5 -13.734 0 3238 3183 3184 3240 3296 3297 
3240 6 0 2.5 -13.3876 0 3184 3185 3239 3241 3297 3298 
3241 6 0 2.5 -13.0412 0 3185 3186 3240 3242 3298 3299 
3242 6 0 2.5 -12.6947 0 3186 3187 3241 3243 3299 3300 
3243 6 0 2.5 -12.3483 0 3187 3188 3242 3244 3300 3301 
3244 6 0 2.5 -12.0019 0 3188 3243 3301 3189 3245 3302 
3245 6 0 2.5 -11.6555 0 3244 3189 3190 3246 3302 3303 
3246 6 0 2.5 -11.3091 0 3190 3191 3245 3247 3303 3304 
3247 6 0 2.5 -10.9627 0 3191 3192 3246 3248 3304 3305 
3248 6 0 2.5 -10.6163 0 3192 3193 3247 3249 3305 3306 
3249 6 0 2.5 -10.2699 0 3193 3194 3248 3306 3307 3250 
3250 6 0 2.5 -9.92346 0 3194 3249 3307 3195 3251 3308 
3251 6 0 2.5 -9.57705 0 3195 3196 3250 3252 3308 3309 
3252 6 0 2.5 -9.23064 0 3196 3197 3251 3253 3309 3310 
3253 6 0 2.5 -8.88423 0 3197 3198 3252 3254 3310 3311 
3254 6 0 2.5 -8.53782 0 3198 3199 3253 3255 3311 3312 
3255 6 0 2.5 -8.19141 0 3199 3200 3254 3312 3313 3256 
3256 6 0 2.5 -7.845 0 3200 3255 3313 3201 3257 3314 
3257 6 0 2.5 -7.49859 0 3201 3202 3256 3258 3314 3315 
3258 6 0 2.5 -7.15218 0 3202 3203 3257 3259 3315 3316 
3259 6 0 2.5 -6.80577 0 3203 3204 3258 3260 3316 3317 
3260 6 0 2.5 -6.45936 0 3204 3205 3259 3261 3317 3318 
3261 6 0 2.5 -6.11295 0 3205 3260 3318 3206 3262 3319 
3262 6 0 2.5 -5.76654 0 3261 3206 3207 3263 3319 3320 
3263 6 0 2.5 -5.42013 0 3207 3208 3262 3264 3320 3321 
3264 6 0 2.5 -5.07372 0 3208 3209 3263 3265 3321 3322 
3265 6 0 2.5 -4.72731 0 3209 3264 3322 3323 
3266 1 0 2.5 4.62576 0 3210 3267 3324 3325 
3267 1 0 2.5 4.97217 0 3210 3211 3266 3268 3325 3326 
3268 1 0 2.5 5.31858 0 3211 3212 3267 3269 3326 3327 
3269 1 0 2.5 5.66499 0 3212 3213 3268 3327 3328 3270 
3270 1 0 2.5 6.0114 0 3213 3269 3328 3214 3271 3329 
3271 1 0 2.5 6.35781 0 3214 3215 3270 3272 3329 3330 
3272 1 0 2.5 6.70422 0 3215 3216 3271 3273 3330 3331 
3273 1 0 2.5 7.05064 0 3216 3217 3272 3274 3331 3332 
3274 1 0 2.5 7.39705 0 3217 3218 3273 3275 3332 3333 
3275 1 0 2.5 7.74346 0 3218 3219 3274 3333 3334 3276 
3276 1 0 2.5 8.08987 0 3219 3275 3334 3220 3277 3335 
3277 1 0 2.5 8.43628 0 3220 3221 3276 3278 3335 3336 
3278 1 0 2.5 8.78269 0 3221 3222 3277 3279 3336 3337 
3279 1 0 2.5 9.1291 0 3222 3223 3278 3280 3337 3338 
3280 1 0 2.5 9.47551 0 3223 3224 3279 3281 3338 3339 
3281 1 0 2.5 9.82192 0 3224 3225 3280 3339 3340 3282 
3282 1 0 2.5 10.1683 0 3225 3281 3340 3226 3283 3341 
3283 1 0 2.5 10.5147 0 3226 3227 3282 3284 3341 3342 
3284 1 0 2.5 10.8611 0 3227 3228 3283 3285 3342 3343 
3285 1 0 2.5 11.2076 0 3228 3229 3284 3286 3343 3344 
3286 1 0 2.5 11.554 0 3229 3230 3285 3287 3344 3345 
3287 1 0 2.5 11.9004 0 3230 3286 3345 3231 3288 3346 
3288 1 0 2.5 12.2468 0 3287 3231 3232 3289 3346 3347 
3289 1 0 2.5 12.5932 0 3232 3233 3288 3290 3347 3348 
3290 1 0 2.5 12.9396 0 3233 3234 3289 3291 3348 3349 
3291 1 0 2.5 13.286 0 3234 3235 3290 3292 3349 3350 
3292 1 0 2.5 13.6324 0 3235 3236 3291 3293 3350 3351 
3293 1 0 2.5 13.9788 0 3236 3292 3351 3237 3294 3352 
3294 1 0 2.5 14.3252 0 3293 3237 3352 
3295 6 0 2.8 -14.2536 0 3238 3353 3296 
3296 6 0 2.8 -13.9072 0 3238 3295 3353 3239 3297 3354 
3297 6 0 2.8 -13.5608 0 3239 3240 3296 3298 3354 3355 
3298 6 0 2.8 -13.2144 0 3240 3241 3297 3299 3355 3356 
3299 6 0 2.8 -12.8679 0 3241 3242 3298 3300 3356 3357 
3300 6 0 2.8 -12.5215 0 3242 3243 3299 3301 3357 3358 
3301 6 0 2.8 -12.1751 0 3243 3244 3300 3358 3359 3302 
3302 6 0 2.8 -11.8287 0 3244 3301 3359 3245 3303 3360 
3303 6 0 2.8 -11.4823 0 3245 3246 3302 3304 3360 3361 
3304 6 0 2.8 -11.1359 0 3246 3247 3303 3305 3361 3362 
3305 6 0 2.8 -10.7895 0 3247 3248 3304 3306 3362 3363 
3306 6 0 2.8 -10.4431 0 3248 3249 3305 3307 3363 3364 
3307 6 0 2.8 -10.0967 0 3249 3306 3364 3250 3308 3365 
3308 6 0 2.8 -9.75026 0 3307 3250 3251 3309 3365 3366 
3309 6 0 2.8 -9.40385 0 3251 3252 3308 3310 3366 3367 
3310 6 0 2.8 -9.05744 0 3252 3253 3309 3311 3367 3368 
3311 6 0 2.8 -8.71103 0 3253 3254 3310 3312 3368 3369 
3312 6 0 2.8 -8.36462 0 3254 3255 3311 3313 3369 3370 
3313 6 0 2.8 -8.01821 0 3255 3312 3370 3256 3314 3371 
3314 6 0 2.8 -7.6718 0 3313 3256 3257 3315 3371 3372 
3315 6 0 2.8 -7.32539 0 3257 3258 3314 3316 3372 3373 
3316 6 0 2.8 -6.97898 0 3258 3259 3315 3317 3373 3374 
3317 6 0 2.8 -6.63257 0 3259 3260 3316 3318 3374 3375 
3318 6 0 2.8 -6.28616 0 3260 3261 3317 3375 3376 3319 
3319 6 0 2.8 -5.93975 0 3261 3318 3376 3262 3320 3377 
3320 6 0 2.8 -5.59334 0 3262 3263 3319 3321 3377 3378 
3321 6 0 2.8 -5.24693 0 3263 3264 3320 3322 3378 3379 
3322 6 0 2.8 -4.90052 0 3264 3265 3321 3323 3379 3380 
3323 6 0 2.8 -4.55411 0 3265 3322 3380 3381 
3324 1 0 2.8 4.45256 0 3266 3325 3382 3383 
3325 1 0 2.8 4.79897 0 3266 3267 3324 3326 3383 3384 
3326 1 0 2.8 5.14538 0 3267 3268 3325 3327 3384 3385 
3327 1 0 2.8 5.49179 0 3268 3269 3326 3328 3385 3386 
3328 1 0 2.8 5.8382 0 3269 3327 3386 3270 3329 3387 
3329 1 0 2.8 6.18461 0 3328 3270 3271 3330 3387 3388 
3330 1 0 2.8 6.53102 0 3271 3272 3329 3331 3388 3389 
3331 1 0 2.8 6.87743 0 3272 3273 3330 3332 3389 3390 
3332 1 0 2.8 7.22384 0 3273 3274 3331 3333 3390 3391 
3333 1 0 2.8 7.57025 0 3274 3275 3332 3334 3391 3392 
3334 1 0 2.8 7.91666 0 3275 3333 3392 3276 3335 3393 
3335 1 0 2.8 8.26307 0 3334 3276 3277 3336 3393 3394 
3336 1 0 2.8 8.60948 0 3277 3278 3335 3337 3394 3395 
3337 1 0 2.8 8.95589 0 3278 3279 3336 3338 3395 3396 
3338 1 0 2.8 9.3023 0 3279 3280 3337 3339 3396 3397 
3339 1 0 2.8 9.64871 0 3280 3281 3338 3340 3397 3398 
3340 1 0 2.8 9.99512 0 3281 3339 3398 3282 3341 3399 
3341 1 0 2.8 10.3415 0 3340 3282 3283 3342 3399 3400 
3342 1 0 2.8 10.6879 0 3283 3284 3341 3343 3400 3401 
3343 1 0 2.8 11.0344 0 3284 3285 3342 3344 3401 3402 
3344 1 0 2.8 11.3808 0 3285 3286 3343 3345 3402 3403 
3345 1 0 2.8 11.7272 0 3286 3287 3344 3403 3404 3346 
3346 1 0 2.8 12.0736 0 3287 3345 3404 3288 3347 3405 
3347 1 0 2.8 12.42 0 3288 3289 3346 3348 3405 3406 
3348 1 0 2.8 12.7664 0 3289 3290 3347 3349 3406 3407 
3349 1 0 2.8 13.1128 0 3290 3291 3348 3350 3407 3408 
3350 1 0 2.8 13.4592 0 3291 3292 3349 3351 3408 3409 
3351 1 0 2.8 13.8056 0 3292 3293 3350 3409 3410 3352 
3352 1 0 2.8 14.152 0 3293 3351 3410 3294 
3353 6 0 3.1 -14.0804 0 3295 3296 3354 3411 
3354 6 0 3.1 -13.734 0 3353 3296 3297 3355 3411 3412 
3355 6 0 3.1 -13.3876 0 3297 3298 3354 3356 3412 3413 
3356 6 0 3.1 -13.0412 0 3298 3299 3355 3357 3413 3414 
3357 6 0 3.1 -12.6947 0 3299 3300 3356 3358 3414 3415 
3358 6 0 3.1 -12.3483 0 3300 3301 3357 3359 3415 3416 
3359 6 0 3.1 -12.0019 0 3301 3358 3416 3302 3360 3417 
3360 6 0 3.1 -11.6555 0 3359 3302 3303 3361 3417 3418 
3361 6 0 3.1 -11.3091 0 3303 3304 3360 3362 3418 3419 
3362 6 0 3.1 -10.9627 0 3304 3305 3361 3363 3419 3420 
3363 6 0 3.1 -10.6163 0 3305 3306 3362 3364 3420 3421 
3364 6 0 3.1 -10.2699 0 3306 3307 3363 3421 3422 3365 
3365 6 0 3.1 -9.92346 0 3307 3364 3422 3308 3366 3423 
3366 6 0 3.1 -9.57705 0 3308 3309 3365 3367 3423 3424 
3367 6 0 3.1 -9.23064 0 3309 3310 3366 3368 3424 3425 
3368 6 0 3.1 -8.88423 0 3310 3311 3367 3369 3425 3426 
3369 6 0 3.1 -8.53782 0 3311 3312 3368 3370 3426 3427 
3370 6 0 3.1 -8.19141 0 3312 3313 3369 3427 3428 3371 
3371 6 0 3.1 -7.845 0 3313 3370 3428 3314 3372 3429 
3372 6 0 3.1 -7.49859 0 3314 3315 3371 3373 3429 3430 
3373 6 0 3.1 -7.15218 0 3315 3316 3372 3374 3430 3431 
3374 6 0 3.1 -6.80577 0 3316 3317 3373 3375 3431 3432 
3375 6 0 3.1 -6.45936 0 3317 3318 3374 3376 3432 3433 
3376 6 0 3.1 -6.11295 0 3318 3375 3433 3319 3377 3434 
3377 6 0 3.1 -5.76654 0 3376 3319 3320 3378 3434 3435 
3378 6 0 3.1 -5.42013 0 3320 3321 3377 3379 3435 3436 
3379 6 0 3.1 -5.07372 0 3321 3322 3378 3380 3436 3437 
3380 6 0 3.1 -4.72731 0 3322 3323 3379 3381 3437 3438 
3381 6 0 3.1 -4.3809 0 3323 3380 3438 3439 
3382 1 0 3.1 4.27935 0 3324 3383 3440 3441 
3383 1 0 3.1 4.62576 0 3324 3325 3382 3384 3441 3442 
3384 1 0 3.1 4.97217 0 3325 3326 3383 3385 3442 3443 
3385 1 0 3.1 5.31858 0 3326 3327 3384 3386 3443 3444 
3386 1 0 3.1 5.66499 0 3327 3328 3385 3444 3445 3387 
3387 1 0 3.1 6.0114 0 3328 3386 3445 3329 3388 3446 
3388 1 0 3.1 6.35781 0 3329 3330 3387 3389 3446 3447 
3389 1 0 3.1 6.70422 0 3330 3331 3388 3390 3447 3448 
3390 1 0 3.1 7.05064 0 3331 3332 3389 3391 3448 3449 
3391 1 0 3.1 7.39705 0 3332 3333 3390 3392 3449 3450 
3392 1 0 3.1 7.74346 0 3333 3334 3391 3450 3451 3393 
3393 1 0 3.1 8.08987 0 3334 3392 3451 3335 3394 3452 
3394 1 0 3.1 8.43628 0 3335 3336 3393 3395 3452 3453 
3395 1 0 3.1 8.78269 0 3336 3337 3394 3396 3453 3454 
3396 1 0 3.1 9.1291 0 3337 3338 3395 3397 3454 3455 
3397 1 0 3.1 9.47551 0 3338 3339 3396 3398 3455 3456 
3398 1 0 3.1 9.82192 0 3339 3340 3397 3456 3457 3399 
3399 1 0 3.1 10.1683 0 3340 3398 3457 3341 3400 3458 
3400 1 0 3.1 10.5147 0 3341 3342 3399 3401 3458 3459 
3401 1 0 3.1 10.8611 0 3342 3343 3400 3402 3459 3460 
3402 1 0 3.1 11.2076 0 3343 3344 3401 3403 3460 3461 
3403 1 0 3.1 11.554 0 3344 3345 3402 3404 3461 3462 
3404 1 0 3.1 11.9004 0 3345 3403 3462 3346 3405 3463 
3405 1 0 3.1 12.2468 0 3404 3346 3347 3406 3463 3464 
3406 1 0 3.1 12.5932 0 3347 3348 3405 3407 3464 3465 
3407 1 0 3.1 12.9396 0 3348 3349 3406 3408 3465 3466 
3408 1 0 3.1 13.286 0 3349 3350 3407 3409 3466 3467 
3409 1 0 3.1 13.6324 0 3350 3351 3408 3410 3467 3468 
3410 1 0 3.1 13.9788 0 3351 3409 3468 3352 3469 
3411 6 0 3.4 -13.9072 0 3353 3470 3354 3412 3471 
3412 6 0 3.4 -13.5608 0 3354 3355 3411 3413 3471 3472 
3413 6 0 3.4 -13.2144 0 3355 3356 3412 3414 3472 3473 
3414 6 0 3.4 -12.8679 0 3356 3357 3413 3415 3473 3474 
3415 6 0 3.4 -12.5215 0 3357 3358 3414 3416 3474 3475 
3416 6 0 3.4 -12.1751 0 3358 3359 3415 3475 3476 3417 
3417 6 0 3.4 -11.8287 0 3359 3416 3476 3360 3418 3477 
3418 6 0 3.4 -11.4823 0 3360 3361 3417 3419 3477 3478 
3419 6 0 3.4 -11.1359 0 3361 3362 3418 3420 3478 3479 
3420 6 0 3.4 -10.7895 0 3362 3363 3419 3421 3479 3480 
3421 6 0 3.4 -10.4431 0 3363 3364 3420 3422 3480 3481 
3422 6 0 3.4 -10.0967 0 3364 3421 3481 3365 3423 3482 
3423 6 0 3.4 -9.75026 0 3422 3365 3366 3424 3482 3483 
3424 6 0 3.4 -9.40385 0 3366 3367 3423 3425 3483 3484 
3425 6 0 3.4 -9.05744 0 3367 3368 3424 3426 3484 3485 
3426 6 0 3.4 -8.71103 0 3368 3369 3425 3427 3485 3486 
3427 6 0 3.4 -8.36462 0 3369 3370 3426 3428 3486 3487 
3428 6 0 3.4 -8.01821 0 3370 3427 3487 3371 3429 3488 
3429 6 0 3.4 -7.6718 0 3428 3371 3372 3430 3488 3489 
3430 6 0 3.4 -7.32539 0 3372 3373 3429 3431 3489 3490 
3431 6 0 3.4 -6.97898 0 3373 3374 3430 3432 3490 3491 
3432 6 0 3.4 -6.63257 0 3374 3375 3431 3433 3491 3492 
3433 6 0 3.4 -6.28616 0 3375 3376 3432 3492 3493 3434 
3434 6 0 3.4 -5.93975 0 3376 3433 3493 3377 3435 3494 
3435 6 0 3.4 -5.59334 0 3377 3378 3434 3436 3494 3495 
3436 6 0 3.4 -5.24693 0 3378 3379 3435 3437 3495 3496 
3437 6 0 3.4 -4.90052 0 3379 3380 3436 3438 3496 3497 
3438 6 0 3.4 -4.55411 0 3380 3381 3437 3439 3497 3498 
3439 6 0 3.4 -4.2077 0 3381 3438 3498 3499 
3440 1 0 3.4 4.10615 0 3501 3382 3441 3502 
3441 1 0 3.4 4.45256 0 3382 3383 3440 3442 3502 3503 
3442 1 0 3.4 4.79897 0 3383 3384 3441 3443 3503 3504 
3443 1 0 3.4 5.14538 0 3384 3385 3442 3444 3504 3505 
3444 1 0 3.4 5.49179 0 3385 3386 3443 3445 3505 3506 
3445 1 0 3.4 5.8382 0 3386 3444 3506 3387 3446 3507 
3446 1 0 3.4 6.18461 0 3445 3387 3388 3447 3507 3508 
3447 1 0 3.4 6.53102 0 3388 3389 3446 3448 3508 3509 
3448 1 0 3.4 6.87743 0 3389 3390 3447 3449 3509 3510 
3449 1 0 3.4 7.22384 0 3390 3391 3448 3450 3510 3511 
3450 1 0 3.4 7.57025 0 3391 3392 3449 3451 3511 3512 
3451 1 0 3.4 7.91666 0 3392 3450 3512 3393 3452 3513 
3452 1 0 3.4 8.26307 0 3451 3393 3394 3453 3513 3514 
3453 1 0 3.4 8.60948 0 3394 3395 3452 3454 3514 3515 
3454 1 0 3.4 8.95589 0 3395 3396 3453 3455 3515 3516 
3455 1 0 3.4 9.3023 0 3396 3397 3454 3456 3516 3517 
3456 1 0 3.4 9.64871 0 3397 3398 3455 3457 3517 3518 
3457 1 0 3.4 9.99512 0 3398 3456 3518 3399 3458 3519 
3458 1 0 3.4 10.3415 0 3457 3399 3400 3459 3519 3520 
3459 1 0 3.4 10.6879 0 3400 3401 3458 3460 3520 3521 
3460 1 0 3.4 11.0344 0 3401 3402 3459 3461 3521 3522 
3461 1 0 3.4 11.3808 0 3402 3403 3460 3462 3522 3523 
3462 1 0 3.4 11.7272 0 3403 3404 3461 3523 3524 3463 
3463 1 0 3.4 12.0736 0 3404 3462 3524 3405 3464 3525 
3464 1 0 3.4 12.42 0 3405 3406 3463 3465 3525 3526 
3465 1 0 3.4 12.7664 0 3406 3407 3464 3466 3526 3527 
3466 1 0 3.4 13.1128 0 3407 3408 3465 3467 3527 3528 
3467 1 0 3.4 13.4592 0 3408 3409 3466 3468 3528 3529 
3468 1 0 3.4 13.8056 0 3409 3410 3467 3529 3530 3469 
3469 1 0 3.4 14.152 0 3410 3468 3530 
3470 6 0 3.7 -14.0804 0 3411 3471 3531 
3471 6 0 3.7 -13.734 0 3470 3411 3412 3472 3531 3532 
3472 6 0 3.7 -13.3876 0 3412 3413 3471 3473 3532 3533 
3473 6 0 3.7 -13.0412 0 3413 3414 3472 3474 3533 3534 
3474 6 0 3.7 -12.6947 0 3414 3415 3473 3475 3534 3535 
3475 6 0 3.7 -12.3483 0 3415 3416 3474 3476 3535 3536 
3476 6 0 3.7 -12.0019 0 3416 3475 3536 3417 3477 3537 
3477 6 0 3.7 -11.6555 0 3476 3417 3418 3478 3537 3538 
3478 6 0 3.7 -11.3091 0 3418 3419 3477 3479 3538 3539 
3479 6 0 3.7 -10.9627 0 3419 3420 3478 3480 3539 3540 
3480 6 0 3.7 -10.6163 0 3420 3421 3479 3481 3540 3541 
3481 6 0 3.7 -10.2699 0 3421 3422 3480 3541 3542 3482 
3482 6 0 3.7 -9.92346 0 3422 3481 3542 3423 3483 3543 
3483 6 0 3.7 -9.57705 0 3423 3424 3482 3484 3543 3544 
3484 6 0 3.7 -9.23064 0 3424 3425 3483 3485 3544 3545 
3485 6 0 3.7 -8.88423 0 3425 3426 3484 3486 3545 3546 
3486 6 0 3.7 -8.53782 0 3426 3427 3485 3487 3546 3547 
3487 6 0 3.7 -8.19141 0 3427 3428 3486 3547 3548 3488 
3488 6 0 3.7 -7.845 0 3428 3487 3548 3429 3489 3549 
3489 6 0 3.7 -7.49859 0 3429 3430 3488 3490 3549 3550 
3490 6 0 3.7 -7.15218 0 3430 3431 3489 3491 3550 3551 
3491 6 0 3.7 -6.80577 0 3431 3432 3490 3492 3551 3552 
3492 6 0 3.7 -6.45936 0 3432 3433 3491 3493 3552 3553 
3493 6 0 3.7 -6.11295 0 3433 3492 3553 3434 3494 3554 
3494 6 0 3.7 -5.76654 0 3493 3434 3435 3495 3554 3555 
3495 6 0 3.7 -5.42013 0 3435 3436 3494 3496 3555 3556 
3496 6 0 3.7 -5.07372 0 3436 3437 3495 3497 3556 3557 
3497 6 0 3.7 -4.72731 0 3437 3438 3496 3498 3557 3558 
3498 6 0 3.7 -4.3809 0 3438 3439 3497 3499 3558 3559 
3499 6 0 3.7 -4.03449 0 3439 3498 3559 
3500 7 0 3.7 -3.68808 0 3560 3561 
3501 1 0 3.7 3.93294 0 3440 3502 3564 
3502 1 0 3.7 4.27935 0 3501 3440 3441 3503 3564 3565 
3503 1 0 3.7 4.62576 0 3441 3442 3502 3504 3565 3566 
3504 1 0 3.7 4.97217 0 3442 3443 3503 3505 3566 3567 
3505 1 0 3.7 5.31858 0 3443 3444 3504 3506 3567 3568 
3506 1 0 3.7 5.66499 0 3444 3445 3505 3568 3569 3507 
3507 1 0 3.7 6.0114 0 3445 3506 3569 3446 3508 3570 
3508 1 0 3.7 6.35781 0 3446 3447 3507 3509 3570 3571 
3509 1 0 3.7 6.70422 0 3447 3448 3508 3510 3571 3572 
3510 1 0 3.7 7.05064 0 3448 3449 3509 3511 3572 3573 
3511 1 0 3.7 7.39705 0 3449 3450 3510 3512 3573 3574 
3512 1 0 3.7 7.74346 0 3450 3451 3511 3574 3575 3513 
3513 1 0 3.7 8.08987 0 3451 3512 3575 3452 3514 3576 
3514 1 0 3.7 8.43628 0 3452 3453 3513 3515 3576 3577 
3515 1 0 3.7 8.78269 0 3453 3454 3514 3516 3577 3578 
3516 1 0 3.7 9.1291 0 3454 3455 3515 3517 3578 3579 
3517 1 0 3.7 9.47551 0 3455 3456 3516 3518 3579 3580 
3518 1 0 3.7 9.82192 0 3456 3457 3517 3580 3581 3519 
3519 1 0 3.7 10.1683 0 3457 3518 3581 3458 3520 3582 
3520 1 0 3.7 10.5147 0 3458 3459 3519 3521 3582 3583 
3521 1 0 3.7 10.8611 0 3459 3460 3520 3522 3583 3584 
3522 1 0 3.7 11.2076 0 3460 3461 3521 3523 3584 3585 
3523 1 0 3.7 11.554 0 3461 3462 3522 3524 3585 3586 
3524 1 0 3.7 11.9004 0 3462 3523 3586 3463 3525 3587 
3525 1 0 3.7 12.2468 0 3524 3463 3464 3526 3587 3588 
3526 1 0 3.7 12.5932 0 3464 3465 3525 3527 3588 3589 
3527 1 0 3.7 12.9396 0 3465 3466 3526 3528 3589 3590 
3528 1 0 3.7 13.286 0 3466 3467 3527 3529 3590 3591 
3529 1 0 3.7 13.6324 0 3467 3468 3528 3530 3591 3592 
3530 1 0 3.7 13.9788 0 3468 3529 3592 3469 
3531 6 0 4 -13.9072 0 3470 3471 3532 3593 
3532 6 0 4 -13.5608 0 3471 3472 3531 3533 3593 3594 
3533 6 0 4 -13.2144 0 3472 3473 3532 3534 3594 3595 
3534 6 0 4 -12.8679 0 3473 3474 3533 3535 3595 3596 
3535 6 0 4 -12.5215 0 3474 3475 3534 3536 3596 3597 
3536 6 0 4 -12.1751 0 3475 3476 3535 3597 3598 3537 
3537 6 0 4 -11.8287 0 3476 3536 3598 3477 3538 3599 
3538 6 0 4 -11.4823 0 3477 3478 3537 3539 3599 3600 
3539 6 0 4 -11.1359 0 3478 3479 3538 3540 3600 3601 
3540 6 0 4 -10.7895 0 3479 3480 3539 3541 3601 3602 
3541 6 0 4 -10.4431 0 3480 3481 3540 3542 3602 3603 
3542 6 0 4 -10.0967 0 3481 3541 3603 3482 3543 3604 
3543 6 0 4 -9.75026 0 3542 3482 3483 3544 3604 3605 
3544 6 0 4 -9.40385 0 3483 3484 3543 3545 3605 3606 
3545 6 0 4 -9.05744 0 3484 3485 3544 3546 3606 3607 
3546 6 0 4 -8.71103 0 3485 3486 3545 3547 3607 3608 
3547 6 0 4 -8.36462 0 3486 3487 3546 3548 3608 3609 
3548 6 0 4 -8.01821 0 3487 3547 3609 3488 3549 3610 
3549 6 0 4 -7.6718 0 3548 3488 3489 3550 3610 3611 
3550 6 0 4 -7.32539 0 3489 3490 3549 3551 3611 3612 
3551 6 0 4 -6.97898 0 3490 3491 3550 3552 3612 3613 
3552 6 0 4 -6.63257 0 3491 3492 3551 3553 3613 3614 
3553 6 0 4 -6.28616 0 3492 3493 3552 3614 3615 3554 
3554 6 0 4 -5.93975 0 3493 3553 3615 3494 3555 3616 
3555 6 0 4 -5.59334 0 3494 3495 3554 3556 3616 3617 
3556 6 0 4 -5.24693 0 3495 3496 3555 3557 3617 3618 
3557 6 0 4 -4.90052 0 3496 3497 3556 3558 3618 3619 
3558 6 0 4 -4.55411 0 3497 3498 3557 3559 3619 3620 
3559 6 0 4 -4.2077 0 3498 3499 3558 3620 
3560 7 0 4 -3.86128 0 3621 3500 3561 3622 
3561 7 0 4 -3.51487 0 3500 3560 3622 3623 
3562 0 0 4 3.41333 0 3563 3625 3626 
3563 0 0 4 3.75974 0 3562 3626 3627 
3564 1 0 4 4.10615 0 3501 3502 3565 
3565 1 0 4 4.45256 0 3502 3503 3564 3566 3629 
3566 1 0 4 4.79897 0 3503 3504 3565 3567 3629 3630 
3567 1 0 4 5.14538 0 3504 3505 3566 3568 3630 3631 
3568 1 0 4 5.49179 0 3505 3506 3567 3569 3631 3632 
3569 1 0 4 5.8382 0 3506 3568 3632 3507 3570 3633 
3570 1 0 4 6.18461 0 3569 3507 3508 3571 3633 3634 
3571 1 0 4 6.53102 0 3508 3509 3570 3572 3634 3635 
3572 1 0 4 6.87743 0 3509 3510 3571 3573 3635 3636 
3573 1 0 4 7.22384 0 3510 3511 3572 3574 3636 3637 
3574 1 0 4 7.57025 0 3511 3512 3573 3575 3637 3638 
3575 1 0 4 7.91666 0 3512 3574 3638 3513 3576 3639 
3576 1 0 4 8.26307 0 3575 3513 3514 3577 3639 3640 
3577 1 0 4 8.60948 0 3514 3515 3576 3578 3640 3641 
3578 1 0 4 8.95589 0 3515 3516 3577 3579 3641 3642 
3579 1 0 4 9.3023 0 3516 3517 3578 3580 3642 3643 
3580 1 0 4 9.64871 0 3517 3518 3579 3581 3643 3644 
3581 1 0 4 9.99512 0 3518 3580 3644 3519 3582 3645 
3582 1 0 4 10.3415 0 3581 3519 3520 3583 3645 3646 
3583 1 0 4 10.6879 0 3520 3521 3582 3584 3646 3647 
3584 1 0 4 11.0344 0 3521 3522 3583 3585 3647 3648 
3585 1 0 4 11.3808 0 3522 3523 3584 3586 3648 3649 
3586 1 0 4 11.7272 0 3523 3524 3585 3649 3650 3587 
3587 1 0 4 12.0736 0 3524 3586 3650 3525 3588 3651 
3588 1 0 4 12.42 0 3525 3526 3587 3589 3651 3652 
3589 1 0 4 12.7664 0 3526 3527 3588 3590 3652 3653 
3590 1 0 4 13.1128 0 3527 3528 3589 3591 3653 3654 
3591 1 0 4 13.4592 0 3528 3529 3590 3592 3654 3655 
3592 1 0 4 13.8056 0 3529 3530 3591 3655 
3593 6 0 4.3 -13.734 0 3531 3532 3594 3656 
3594 6 0 4.3 -13.3876 0 3532 3533 3593 3595 3656 3657 
3595 6 0 4.3 -13.0412 0 3533 3534 3594 3596 3657 3658 
3596 6 0 4.3 -12.6947 0 3534 3535 3595 3597 3658 3659 
3597 6 0 4.3 -12.3483 0 3535 3536 3596 3598 3659 3660 
3598 6 0 4.3 -12.0019 0 3536 3597 3660 3537 3599 3661 
3599 6 0 4.3 -11.6555 0 3598 3537 3538 3600 3661 3662 
3600 6 0 4.3 -11.3091 0 3538 3539 3599 3601 3662 3663 
3601 6 0 4.3 -10.9627 0 3539 3540 3600 3602 3663 3664 
3602 6 0 4.3 -10.6163 0 3540 3541 3601 3603 3664 3665 
3603 6 0 4.3 -10.2699 0 3541 3542 3602 3665 3666 3604 
3604 6 0 4.3 -9.92346 0 3542 3603 3666 3543 3605 3667 
3605 6 0 4.3 -9.57705 0 3543 3544 3604 3606 3667 3668 
3606 6 0 4.3 -9.23064 0 3544 3545 3605 3607 3668 3669 
3607 6 0 4.3 -8.88423 0 3545 3546 3606 3608 3669 3670 
3608 6 0 4.3 -8.53782 0 3546 3547 3607 3609 3670 3671 
3609 6 0 4.3 -8.19141 0 3547 3548 3608 3671 3672 3610 
3610 6 0 4.3 -7.845 0 3548 3609 3672 3549 3611 3673 
3611 6 0 4.3 -7.49859 0 3549 3550 3610 3612 3673 3674 
3612 6 0 4.3 -7.15218 0 3550 3551 3611 3613 3674 3675 
3613 6 0 4.3 -6.80577 0 3551 3552 3612 3614 3675 3676 
3614 6 0 4.3 -6.45936 0 3552 3553 3613 3615 3676 3677 
3615 6 0 4.3 -6.11295 0 3553 3614 3677 3554 3616 3678 
3616 6 0 4.3 -5.76654 0 3615 3554 3555 3617 3678 3679 
3617 6 0 4.3 -5.42013 0 3555 3556 3616 3618 3679 3680 
3618 6 0 4.3 -5.07372 0 3556 3557 3617 3619 3680 3681 
3619 6 0 4.3 -4.72731 0 3557 3558 3618 3620 3681 
3620 6 0 4.3 -4.3809 0 3558 3559 3619 
3621 7 0 4.3 -4.03449 0 3683 3560 3622 3684 
3622 7 0 4.3 -3.68808 0 3621 3560 3561 3623 3684 3685 
3623 7 0 4.3 -3.34167 0 3561 3622 3624 3685 3686 
3624 7 0 4.3 -2.99526 0 3623 3686 3687 
3625 0 0 4.3 3.24012 0 3562 3626 3690 3691 
3626 0 0 4.3 3.58653 0 3562 3563 3625 3627 3691 3692 
3627 0 0 4.3 3.93294 0 3563 3626 3692 3628 3693 
3628 0 0 4.3 4.27935 0 3627 3693 3694 
3629 1 0 4.3 4.62576 0 3565 3566 3630 3695 
3630 1 0 4.3 4.97217 0 3566 3567 3629 3631 3695 3696 
3631 1 0 4.3 5.31858 0 3567 3568 3630 3632 3696 3697 
3632 1 0 4.3 5.66499 0 3568 3569 3631 3697 3698 3633 
3633 1 0 4.3 6.0114 0 3569 3632 3698 3570 3634 3699 
3634 1 0 4.3 6.35781 0 3570 3571 3633 3635 3699 3700 
3635 1 0 4.3 6.70422 0 3571 3572 3634 3636 3700 3701 
3636 1 0 4.3 7.05064 0 3572 3573 3635 3637 3701 3702 
3637 1 0 4.3 7.39705 0 3573 3574 3636 3638 3702 3703 
3638 1 0 4.3 7.74346 0 3574 3575 3637 3703 3704 3639 
3639 1 0 4.3 8.08987 0 3575 3638 3704 3576 3640 3705 
3640 1 0 4.3 8.43628 0 3576 3577 3639 3641 3705 3706 
3641 1 0 4.3 8.78269 0 3577 3578 3640 3642 3706 3707 
3642 1 0 4.3 9.1291 0 3578 3579 3641 3643 3707 3708 
3643 1 0 4.3 9.47551 0 3579 3580 3642 3644 3708 3709 
3644 1 0 4.3 9.82192 0 3580 3581 3643 3709 3710 3645 
3645 1 0 4.3 10.1683 0 3581 3644 3710 3582 3646 3711 
3646 1 0 4.3 10.5147 0 3582 3583 3645 3647 3711 3712 
3647 1 0 4.3 10.8611 0 3583 3584 3646 3648 3712 3713 
3648 1 0 4.3 11.2076 0 3584 3585 3647 3649 3713 3714 
3649 1 0 4.3 11.554 0 3585 3586 3648 3650 3714 3715 
3650 1 0 4.3 11.9004 0 3586 3649 3715 3587 3651 3716 
3651 1 0 4.3 12.2468 0 3650 3587 3588 3652 3716 3717 
3652 1 0 4.3 12.5932 0 3588 3589 3651 3653 3717 3718 
3653 1 0 4.3 12.9396 0 3589 3590 3652 3654 3718 3719 
3654 1 0 4.3 13.286 0 3590 3591 3653 3655 3719 3720 
3655 1 0 4.3 13.6324 0 3591 3592 3654 3720 3721 
3656 6 0 4.6 -13.5608 0 3593 3594 3657 3722 3723 
3657 6 0 4.6 -13.2144 0 3594 3595 3656 3658 3723 3724 
3658 6 0 4.6 -12.8679 0 3595 3596 3657 3659 3724 3725 
3659 6 0 4.6 -12.5215 0 3596 3597 3658 3660 3725 3726 
3660 6 0 4.6 -12.1751 0 3597 3598 3659 3726 3727 3661 
3661 6 0 4.6 -11.8287 0 3598 3660 3727 3599 3662 3728 
3662 6 0 4.6 -11.4823 0 3599 3600 3661 3663 3728 3729 
3663 6 0 4.6 -11.1359 0 3600 3601 3662 3664 3729 3730 
3664 6 0 4.6 -10.7895 0 3601 3602 3663 3665 3730 3731 
3665 6 0 4.6 -10.4431 0 3602 3603 3664 3666 3731 3732 
3666 6 0 4.6 -10.0967 0 3603 3665 3732 3604 3667 3733 
3667 6 0 4.6 -9.75026 0 3666 3604 3605 3668 3733 3734 
3668 6 0 4.6 -9.40385 0 3605 3606 3667 3669 3734 3735 
3669 6 0 4.6 -9.05744 0 3606 3607 3668 3670 3735 3736 
3670 6 0 4.6 -8.71103 0 3607 3608 3669 3671 3736 3737 
3671 6 0 4.6 -8.36462 0 3608 3609 3670 3672 3737 3738 
3672 6 0 4.6 -8.01821 0 3609 3671 3738 3610 3673 3739 
3673 6 0 4.6 -7.6718 0 3672 3610 3611 3674 3739 3740 
3674 6 0 4.6 -7.32539 0 3611 3612 3673 3675 3740 3741 
3675 6 0 4.6 -6.97898 0 3612 3613 3674 3676 3741 3742 
3676 6 0 4.6 -6.63257 0 3613 3614 3675 3677 3742 3743 
3677 6 0 4.6 -6.28616 0 3614 3615 3676 3743 3744 3678 
3678 6 0 4.6 -5.93975 0 3615 3677 3744 3616 3679 3745 
3679 6 0 4.6 -5.59334 0 3616 3617 3678 3680 3745 3746 
3680 6 0 4.6 -5.24693 0 3617 3618 3679 3681 3746 3747 
3681 6 0 4.6 -4.90052 0 3618 3619 3680 3747 
3682 7 0 4.6 -4.55411 0 3683 3748 3749 
3683 7 0 4.6 -4.2077 0 3621 3682 3749 3750 3684 
3684 7 0 4.6 -3.86128 0 3621 3683 3750 3622 3685 3751 
3685 7 0 4.6 -3.51487 0 3622 3623 3684 3686 3751 3752 
3686 7 0 4.6 -3.16846 0 3623 3624 3685 3687 3752 3753 
3687 7 0 4.6 -2.82205 0 3624 3686 3688 3753 3754 
3688 7 0 4.6 -2.47564 0 3687 3754 3755 
3689 0 0 4.6 2.72051 0 3690 3759 3760 
3690 0 0 4.6 3.06692 0 3625 3689 3691 3760 3761 
3691 0 0 4.6 3.41333 0 3625 3626 3690 3692 3761 3762 
3692 0 0 4.6 3.75974 0 3626 3627 3691 3762 3763 3693 
3693 0 0 4.6 4.10615 0 3627 3692 3763 3628 3694 3764 
3694 0 0 4.6 4.45256 0 3628 3693 3764 3765 
3695 1 0 4.6 4.79897 0 3629 3630 3696 3766 
3696 1 0 4.6 5.14538 0 3630 3631 3695 3697 3766 3767 
3697 1 0 4.6 5.49179 0 3631 3632 3696 3698 3767 3768 
3698 1 0 4.6 5.8382 0 3632 3697 3768 3633 3699 3769 
3699 1 0 4.6 6.18461 0 3698 3633 3634 3700 3769 3770 
3700 1 0 4.6 6.53102 0 3634 3635 3699 3701 3770 3771 
3701 1 0 4.6 6.87743 0 3635 3636 3700 3702 3771 3772 
3702 1 0 4.6 7.22384 0 3636 3637 3701 3703 3772 3773 
3703 1 0 4.6 7.57025 0 3637 3638 3702 3704 3773 3774 
3704 1 0 4.6 7.91666 0 3638 3703 3774 3639 3705 3775 
3705 1 0 4.6 8.26307 0 3704 3639 3640 3706 3775 3776 
3706 1 0 4.6 8.60948 0 3640 3641 3705 3707 3776 3777 
3707 1 0 4.6 8.95589 0 3641 3642 3706 3708 3777 3778 
3708 1 0 4.6 9.3023 0 3642 3643 3707 3709 3778 3779 
3709 1 0 4.6 9.64871 0 3643 3644 3708 3710 3779 3780 
3710 1 0 4.6 9.99512 0 3644 3709 3780 3645 3711 3781 
3711 1 0 4.6 10.3415 0 3710 3645 3646 3712 3781 3782 
3712 1 0 4.6 10.6879 0 3646 3647 3711 3713 3782 3783 
3713 1 0 4.6 11.0344 0 3647 3648 3712 3714 3783 3784 
3714 1 0 4.6 11.3808 0 3648 3649 3713 3715 3784 3785 
3715 1 0 4.6 11.7272 0 3649 3650 3714 3785 3786 3716 
3716 1 0 4.6 12.0736 0 3650 3715 3786 3651 3717 3787 
3717 1 0 4.6 12.42 0 3651 3652 3716 3718 3787 3788 
3718 1 0 4.6 12.7664 0 3652 3653 3717 3719 3788 3789 
3719 1 0 4.6 13.1128 0 3653 3654 3718 3720 3789 3790 
3720 1 0 4.6 13.4592 0 3654 3655 3719 3721 3790 3791 
3721 1 0 4.6 13.8056 0 3655 3720 3791 
3722 6 0 4.9 -13.734 0 3656 3723 3792 
3723 6 0 4.9 -13.3876 0 3656 3657 3722 3724 3792 3793 
3724 6 0 4.9 -13.0412 0 3657 3658 3723 3725 3793 3794 
3725 6 0 4.9 -12.6947 0 3658 3659 3724 3726 3794 3795 
3726 6 0 4.9 -12.3483 0 3659 3660 3725 3727 3795 3796 
3727 6 0 4.9 -12.0019 0 3660 3726 3796 3661 3728 3797 
3728 6 0 4.9 -11.6555 0 3727 3661 3662 3729 3797 3798 
3729 6 0 4.9 -11.3091 0 3662 3663 3728 3730 3798 3799 
3730 6 0 4.9 -10.9627 0 3663 3664 3729 3731 3799 3800 
3731 6 0 4.9 -10.6163 0 3664 3665 3730 3732 3800 3801 
3732 6 0 4.9 -10.2699 0 3665 3666 3731 3801 3802 3733 
3733 6 0 4.9 -9.92346 0 3666 3732 3802 3667 3734 3803 
3734 6 0 4.9 -9.57705 0 3667 3668 3733 3735 3803 3804 
3735 6 0 4.9 -9.23064 0 3668 3669 3734 3736 3804 3805 
3736 6 0 4.9 -8.88423 0 3669 3670 3735 3737 3805 3806 
3737 6 0 4.9 -8.53782 0 3670 3671 3736 3738 3806 3807 
3738 6 0 4.9 -8.19141 0 3671 3672 3737 3807 3808 3739 
3739 6 0 4.9 -7.845 0 3672 3738 3808 3673 3740 3809 
3740 6 0 4.9 -7.49859 0 3673 3674 3739 3741 3809 3810 
3741 6 0 4.9 -7.15218 0 3674 3675 3740 3742 3810 3811 
3742 6 0 4.9 -6.80577 0 3675 3676 3741 3743 3811 3812 
3743 6 0 4.9 -6.45936 0 3676 3677 3742 3744 3812 3813 
3744 6 0 4.9 -6.11295 0 3677 3743 3813 3678 3745 3814 
3745 6 0 4.9 -5.76654 0 3744 3678 3679 3746 3814 3815 
3746 6 0 4.9 -5.42013 0 3679 3680 3745 3747 3815 3816 
3747 6 0 4.9 -5.07372 0 3680 3681 3746 3816 
3748 7 0 4.9 -4.72731 0 3682 3749 3817 3818 
3749 7 0 4.9 -4.3809 0 3682 3683 3748 3750 3818 3819 
3750 7 0 4.9 -4.03449 0 3683 3749 3819 3684 3751 3820 
3751 7 0 4.9 -3.68808 0 3750 3684 3685 3752 3820 3821 
3752 7 0 4.9 -3.34167 0 3685 3686 3751 3753 3821 3822 
3753 7 0 4.9 -2.99526 0 3686 3687 3752 3754 3822 3823 
3754 7 0 4.9 -2.64885 0 3687 3688 3753 3755 3823 3824 
3755 7 0 4.9 -2.30244 0 3688 3754 3824 3825 3756 
3756 7 0 4.9 -1.95603 0 3755 3825 3826 
3757 0 0 4.9 1.85448 0 3836 3758 3837 
3758 0 0 4.9 2.20089 0 3757 3759 3837 3838 
3759 0 0 4.9 2.5473 0 3689 3758 3760 3838 3839 
3760 0 0 4.9 2.89371 0 3689 3690 3759 3761 3839 3840 
3761 0 0 4.9 3.24012 0 3690 3691 3760 3762 3840 3841 
3762 0 0 4.9 3.58653 0 3691 3692 3761 3763 3841 3842 
3763 0 0 4.9 3.93294 0 3692 3762 3842 3693 3764 3843 
3764 0 0 4.9 4.27935 0 3763 3693 3694 3765 3843 3844 
3765 0 0 4.9 4.62576 0 3694 3764 3844 3845 
3766 1 0 4.9 4.97217 0 3695 3696 3767 
3767 1 0 4.9 5.31858 0 3696 3697 3766 3768 3847 
3768 1 0 4.9 5.66499 0 3697 3698 3767 3847 3848 3769 
3769 1 0 4.9 6.0114 0 3698 3768 3848 3699 3770 3849 
3770 1 0 4.9 6.35781 0 3699 3700 3769 3771 3849 3850 
3771 1 0 4.9 6.70422 0 3700 3701 3770 3772 3850 3851 
3772 1 0 4.9 7.05064 0 3701 3702 3771 3773 3851 3852 
3773 1 0 4.9 7.39705 0 3702 3703 3772 3774 3852 3853 
3774 1 0 4.9 7.74346 0 3703 3704 3773 3853 3854 3775 
3775 1 0 4.9 8.08987 0 3704 3774 3854 3705 3776 3855 
3776 1 0 4.9 8.43628 0 3705 3706 3775 3777 3855 3856 
3777 1 0 4.9 8.78269 0 3706 3707 3776 3778 3856 3857 
3778 1 0 4.9 9.1291 0 3707 3708 3777 3779 3857 3858 
3779 1 0 4.9 9.47551 0 3708 3709 3778 3780 3858 3859 
3780 1 0 4.9 9.82192 0 3709 3710 3779 3859 3860 3781 
3781 1 0 4.9 10.1683 0 3710 3780 3860 3711 3782 3861 
3782 1 0 4.9 10.5147 0 3711 3712 3781 3783 3861 3862 
3783 1 0 4.9 10.8611 0 3712 3713 3782 3784 3862 3863 
3784 1 0 4.9 11.2076 0 3713 3714 3783 3785 3863 3864 
3785 1 0 4.9 11.554 0 3714 3715 3784 3786 3864 3865 
3786 1 0 4.9 11.9004 0 3715 3785 3865 3716 3787 3866 
3787 1 0 4.9 12.2468 0 3786 3716 3717 3788 3866 3867 
3788 1 0 4.9 12.5932 0 3717 3718 3787 3789 3867 3868 
3789 1 0 4.9 12.9396 0 3718 3719 3788 3790 3868 3869 
3790 1 0 4.9 13.286 0 3719 3720 3789 3791 3869 3870 
3791 1 0 4.9 13.6324 0 3720 3721 3790 3870 
3792 6 0 5.2 -13.5608 0 3722 3723 3793 3871 
3793 6 0 5.2 -13.2144 0 3723 3724 3792 3794 3871 3872 
3794 6 0 5.2 -12.8679 0 3724 3725 3793 3795 3872 3873 
3795 6 0 5.2 -12.5215 0 3725 3726 3794 3796 3873 3874 
3796 6 0 5.2 -12.1751 0 3726 3727 3795 3874 3875 3797 
3797 6 0 5.2 -11.8287 0 3727 3796 3875 3728 3798 3876 
3798 6 0 5.2 -11.4823 0 3728 3729 3797 3799 3876 3877 
3799 6 0 5.2 -11.1359 0 3729 3730 3798 3800 3877 3878 
3800 6 0 5.2 -10.7895 0 3730 3731 3799 3801 3878 3879 
3801 6 0 5.2 -10.4431 0 3731 3732 3800 3802 3879 3880 
3802 6 0 5.2 -10.0967 0 3732 3801 3880 3733 3803 3881 
3803 6 0 5.2 -9.75026 0 3802 3733 3734 3804 3881 3882 
3804 6 0 5.2 -9.40385 0 3734 3735 3803 3805 3882 3883 
3805 6 0 5.2 -9.05744 0 3735 3736 3804 3806 3883 3884 
3806 6 0 5.2 -8.71103 0 3736 3737 3805 3807 3884 3885 
3807 6 0 5.2 -8.36462 0 3737 3738 3806 3808 3885 3886 
3808 6 0 5.2 -8.01821 0 3738 3807 3886 3739 3809 3887 
3809 6 0 5.2 -7.6718 0 3808 3739 3740 3810 3887 3888 
3810 6 0 5.2 -7.32539 0 3740 3741 3809 3811 3888 3889 
3811 6 0 5.2 -6.97898 0 3741 3742 3810 3812 3889 3890 
3812 6 0 5.2 -6.63257 0 3742 3743 3811 3813 3890 3891 
3813 6 0 5.2 -6.28616 0 3743 3744 3812 3891 3892 3814 
3814 6 0 5.2 -5.93975 0 3744 3813 3892 3745 3815 3893 
3815 6 0 5.2 -5.59334 0 3745 3746 3814 3816 3893 
3816 6 0 5.2 -5.24693 0 3746 3747 3815 
3817 7 0 5.2 -4.90052 0 3748 3818 3895 3896 
3818 7 0 5.2 -4.55411 0 3748 3749 3817 3819 3896 3897 
3819 7 0 5.2 -4.2077 0 3749 3750 3818 3897 3898 3820 
3820 7 0 5.2 -3.86128 0 3750 3819 3898 3751 3821 3899 
3821 7 0 5.2 -3.51487 0 3751 3752 3820 3822 3899 3900 
3822 7 0 5.2 -3.16846 0 3752 3753 3821 3823 3900 3901 
3823 7 0 5.2 -2.82205 0 3753 3754 3822 3824 3901 3902 
3824 7 0 5.2 -2.47564 0 3754 3755 3823 3825 3902 3903 
3825 7 0 5.2 -2.12923 0 3755 3824 3903 3756 3826 3904 
3826 7 0 5.2 -1.78282 0 3825 3756 3827 3904 3905 
3827 7 0 5.2 -1.43641 0 3826 3828 3905 3906 
3828 7 0 5.2 -1.09 0 3827 3829 3906 3907 
3829 7 0 5.2 -0.743594 0 3828 3830 3907 3908 
3830 7 0 5.2 -0.397183 0 3829 3831 3908 3909 
3831 7 0 5.2 -0.0507732 0 3830 3909 
3832 0 0 5.2 0.295637 0 3833 3910 3911 
3833 0 0 5.2 0.642047 0 3832 3834 3911 3912 
3834 0 0 5.2 0.988457 0 3833 3835 3912 3913 
3835 0 0 5.2 1.33487 0 3834 3836 3913 3914 
3836 0 0 5.2 1.68128 0 3757 3835 3914 3915 3837 
3837 0 0 5.2 2.02769 0 3757 3836 3915 3758 3838 3916 
3838 0 0 5.2 2.3741 0 3758 3759 3837 3839 3916 3917 
3839 0 0 5.2 2.72051 0 3759 3760 3838 3840 3917 3918 
3840 0 0 5.2 3.06692 0 3760 3761 3839 3841 3918 3919 
3841 0 0 5.2 3.41333 0 3761 3762 3840 3842 3919 3920 
3842 0 0 5.2 3.75974 0 3762 3763 3841 3920 3921 3843 
3843 0 0 5.2 4.10615 0 3763 3842 3921 3764 3844 3922 
3844 0 0 5.2 4.45256 0 3764 3765 3843 3845 3922 3923 
3845 0 0 5.2 4.79897 0 3765 3844 3846 3923 3924 
3846 0 0 5.2 5.14538 0 3845 3924 3925 
3847 1 0 5.2 5.49179 0 3767 3768 3848 3926 
3848 1 0 5.2 5.8382 0 3768 3847 3926 3769 3849 3927 
3849 1 0 5.2 6.18461 0 3848 3769 3770 3850 3927 3928 
3850 1 0 5.2 6.53102 0 3770 3771 3849 3851 3928 3929 
3851 1 0 5.2 6.87743 0 3771 3772 3850 3852 3929 3930 
3852 1 0 5.2 7.22384 0 3772 3773 3851 3853 3930 3931 
3853 1 0 5.2 7.57025 0 3773 3774 3852 3854 3931 3932 
3854 1 0 5.2 7.91666 0 3774 3853 3932 3775 3855 3933 
3855 1 0 5.2 8.26307 0 3854 3775 3776 3856 3933 3934 
3856 1 0 5.2 8.60948 0 3776 3777 3855 3857 3934 3935 
3857 1 0 5.2 8.95589 0 3777 3778 3856 3858 3935 3936 
3858 1 0 5.2 9.3023 0 3778 3779 3857 3859 3936 3937 
3859 1 0 5.2 9.64871 0 3779 3780 3858 3860 3937 3938 
3860 1 0 5.2 9.99512 0 3780 3859 3938 3781 3861 3939 
3861 1 0 5.2 10.3415 0 3860 3781 3782 3862 3939 3940 
3862 1 0 5.2 10.6879 0 3782 3783 3861 3863 3940 3941 
3863 1 0 5.2 11.0344 0 3783 3784 3862 3864 3941 3942 
3864 1 0 5.2 11.3808 0 3784 3785 3863 3865 3942 3943 
3865 1 0 5.2 11.7272 0 3785 3786 3864 3943 3944 3866 
3866 1 0 5.2 12.0736 0 3786 3865 3944 3787 3867 3945 
3867 1 0 5.2 12.42 0 3787 3788 3866 3868 3945 3946 
3868 1 0 5.2 12.7664 0 3788 3789 3867 3869 3946 3947 
3869 1 0 5.2 13.1128 0 3789 3790 3868 3870 3947 3948 
3870 1 0 5.2 13.4592 0 3790 3791 3869 3948 
3871 6 0 5.5 -13.3876 0 3792 3793 3872 3949 
3872 6 0 5.5 -13.0412 0 3793 3794 3871 3873 3949 3950 
3873 6 0 5.5 -12.6947 0 3794 3795 3872 3874 3950 3951 
3874 6 0 5.5 -12.3483 0 3795 3796 3873 3875 3951 3952 
3875 6 0 5.5 -12.0019 0 3796 3874 3952 3797 3876 3953 
3876 6 0 5.5 -11.6555 0 3875 3797 3798 3877 3953 3954 
3877 6 0 5.5 -11.3091 0 3798 3799 3876 3878 3954 3955 
3878 6 0 5.5 -10.9627 0 3799 3800 3877 3879 3955 3956 
3879 6 0 5.5 -10.6163 0 3800 3801 3878 3880 3956 3957 
3880 6 0 5.5 -10.2699 0 3801 3802 3879 3957 3958 3881 
3881 6 0 5.5 -9.92346 0 3802 3880 3958 3803 3882 3959 
3882 6 0 5.5 -9.57705 0 3803 3804 3881 3883 3959 3960 
3883 6 0 5.5 -9.23064 0 3804 3805 3882 3884 3960 3961 
3884 6 0 5.5 -8.88423 0 3805 3806 3883 3885 3961 3962 
3885 6 0 5.5 -8.53782 0 3806 3807 3884 3886 3962 3963 
3886 6 0 5.5 -8.19141 0 3807 3808 3885 3963 3964 3887 
3887 6 0 5.5 -7.845 0 3808 3886 3964 3809 3888 3965 
3888 6 0 5.5 -7.49859 0 3809 3810 3887 3889 3965 3966 
3889 6 0 5.5 -7.15218 0 3810 3811 3888 3890 3966 3967 
3890 6 0 5.5 -6.80577 0 3811 3812 3889 3891 3967 3968 
3891 6 0 5.5 -6.45936 0 3812 3813 3890 3892 3968 3969 
3892 6 0 5.5 -6.11295 0 3813 3891 3969 3814 3893 3970 
3893 6 0 5.5 -5.76654 0 3892 3814 3815 3970 
3894 7 0 5.5 -5.42013 0 3895 3971 3972 
3895 7 0 5.5 -5.07372 0 3817 3894 3896 3972 3973 
3896 7 0 5.5 -4.72731 0 3817 3818 3895 3897 3973 3974 
3897 7 0 5.5 -4.3809 0 3818 3819 3896 3898 3974 3975 
3898 7 0 5.5 -4.03449 0 3819 3897 3975 3820 3899 3976 
3899 7 0 5.5 -3.68808 0 3898 3820 3821 3900 3976 3977 
3900 7 0 5.5 -3.34167 0 3821 3822 3899 3901 3977 3978 
3901 7 0 5.5 -2.99526 0 3822 3823 3900 3902 3978 3979 
3902 7 0 5.5 -2.64885 0 3823 3824 3901 3903 3979 3980 
3903 7 0 5.5 -2.30244 0 3824 3825 3902 3980 3981 3904 
3904 7 0 5.5 -1.95603 0 3825 3903 3981 3826 3905 3982 
3905 7 0 5.5 -1.60962 0 3826 3827 3904 3906 3982 3983 
3906 7 0 5.5 -1.26321 0 3827 3828 3905 3907 3983 3984 
3907 7 0 5.5 -0.916799 0 3828 3829 3906 3908 3984 3985 
3908 7 0 5.5 -0.570388 0 3829 3830 3907 3909 3985 3986 
3909 7 0 5.5 -0.223978 0 3830 3831 3908 3986 3987 
3910 0 0 5.5 0.122432 0 3832 3911 3988 
3911 0 0 5.5 0.468842 0 3832 3833 3910 3912 3988 3989 
3912 0 0 5.5 0.815252 0 3833 3834 3911 3913 3989 3990 
3913 0 0 5.5 1.16166 0 3834 3835 3912 3914 3990 3991 
3914 0 0 5.5 1.50807 0 3835 3836 3913 3915 3991 3992 
3915 0 0 5.5 1.85448 0 3836 3914 3992 3837 3916 3993 
3916 0 0 5.5 2.20089 0 3915 3837 3838 3917 3993 3994 
3917 0 0 5.5 2.5473 0 3838 3839 3916 3918 3994 3995 
3918 0 0 5.5 2.89371 0 3839 3840 3917 3919 3995 3996 
3919 0 0 5.5 3.24012 0 3840 3841 3918 3920 3996 3997 
3920 0 0 5.5 3.58653 0 3841 3842 3919 3921 3997 3998 
3921 0 0 5.5 3.93294 0 3842 3920 3998 3843 3922 3999 
3922 0 0 5.5 4.27935 0 3921 3843 3844 3923 3999 4000 
3923 0 0 5.5 4.62576 0 3844 3845 3922 3924 4000 4001 
3924 0 0 5.5 4.97217 0 3845 3846 3923 3925 4001 4002 
3925 0 0 5.5 5.31858 0 3846 3924 4002 4003 
3926 1 0 5.5 5.66499 0 3847 3848 4004 3927 
3927 1 0 5.5 6.0114 0 3848 3926 4004 3849 3928 4005 
3928 1 0 5.5 6.35781 0 3849 3850 3927 3929 4005 4006 
3929 1 0 5.5 6.70422 0 3850 3851 3928 3930 4006 4007 
3930 1 0 5.5 7.05064 0 3851 3852 3929 3931 4007 4008 
3931 1 0 5.5 7.39705 0 3852 3853 3930 3932 4008 4009 
3932 1 0 5.5 7.74346 0 3853 3854 3931 4009 4010 3933 
3933 1 0 5.5 8.08987 0 3854 3932 4010 3855 3934 4011 
3934 1 0 5.5 8.43628 0 3855 3856 3933 3935 4011 4012 
3935 1 0 5.5 8.78269 0 3856 3857 3934 3936 4012 4013 
3936 1 0 5.5 9.1291 0 3857 3858 3935 3937 4013 4014 
3937 1 0 5.5 9.47551 0 3858 3859 3936 3938 4014 4015 
3938 1 0 5.5 9.82192 0 3859 3860 3937 4015 4016 3939 
3939 1 0 5.5 10.1683 0 3860 3938 4016 3861 3940 4017 
3940 1 0 5.5 10.5147 0 3861 3862 3939 3941 4017 4018 
3941 1 0 5.5 10.8611 0 3862 3863 3940 3942 4018 4019 
3942 1 0 5.5 11.2076 0 3863 3864 3941 3943 4019 4020 
3943 1 0 5.5 11.554 0 3864 3865 3942 3944 4020 4021 
3944 1 0 5.5 11.9004 0 3865 3943 4021 3866 3945 4022 
3945 1 0 5.5 12.2468 0 3944 3866 3867 3946 4022 4023 
3946 1 0 5.5 12.5932 0 3867 3868 3945 3947 4023 4024 
3947 1 0 5.5 12.9396 0 3868 3869 3946 3948 4024 4025 
3948 1 0 5.5 13.286 0 3869 3870 3947 4025 
3949 6 0 5.8 -13.2144 0 3871 3872 3950 4026 
3950 6 0 5.8 -12.8679 0 3872 3873 3949 3951 4026 4027 
3951 6 0 5.8 -12.5215 0 3873 3874 3950 3952 4027 4028 
3952 6 0 5.8 -12.1751 0 3874 3875 3951 4028 4029 3953 
3953 6 0 5.8 -11.8287 0 3875 3952 4029 3876 3954 4030 
3954 6 0 5.8 -11.4823 0 3876 3877 3953 3955 4030 4031 
3955 6 0 5.8 -11.1359 0 3877 3878 3954 3956 4031 4032 
3956 6 0 5.8 -10.7895 0 3878 3879 3955 3957 4032 4033 
3957 6 0 5.8 -10.4431 0 3879 3880 3956 3958 4033 4034 
3958 6 0 5.8 -10.0967 0 3880 3957 4034 3881 3959 4035 
3959 6 0 5.8 -9.75026 0 3958 3881 3882 3960 4035 4036 
3960 6 0 5.8 -9.40385 0 3882 3883 3959 3961 4036 4037 
3961 6 0 5.8 -9.05744 0 3883 3884 3960 3962 4037 4038 
3962 6 0 5.8 -8.71103 0 3884 3885 3961 3963 4038 4039 
3963 6 0 5.8 -8.36462 0 3885 3886 3962 3964 4039 4040 
3964 6 0 5.8 -8.01821 0 3886 3963 4040 3887 3965 4041 
3965 6 0 5.8 -7.6718 0 3964 3887 3888 3966 4041 4042 
3966 6 0 5.8 -7.32539 0 3888 3889 3965 3967 4042 4043 
3967 6 0 5.8 -6.97898 0 3889 3890 3966 3968 4043 4044 
3968 6 0 5.8 -6.63257 0 3890 3891 3967 3969 4044 4045 
3969 6 0 5.8 -6.28616 0 3891 3892 3968 4045 4046 3970 
3970 6 0 5.8 -5.93975 0 3892 3969 4046 3893 
3971 7 0 5.8 -5.59334 0 3894 3972 4047 4048 
3972 7 0 5.8 -5.24693 0 3894 3895 3971 3973 4048 4049 
3973 7 0 5.8 -4.90052 0 3895 3896 3972 3974 4049 4050 
3974 7 0 5.8 -4.55411 0 3896 3897 3973 3975 4050 4051 
3975 7 0 5.8 -4.2077 0 3897 3898 3974 4051 4052 3976 
3976 7 0 5.8 -3.86128 0 3898 3975 4052 3899 3977 4053 
3977 7 0 5.8 -3.51487 0 3899 3900 3976 3978 4053 4054 
3978 7 0 5.8 -3.16846 0 3900 3901 3977 3979 4054 4055 
3979 7 0 5.8 -2.82205 0 3901 3902 3978 3980 4055 4056 
3980 7 0 5.8 -2.47564 0 3902 3903 3979 3981 4056 4057 
3981 7 0 5.8 -2.12923 0 3903 3980 4057 3904 3982 4058 
3982 7 0 5.8 -1.78282 0 3981 3904 3905 3983 4058 4059 
3983 7 0 5.8 -1.43641 0 3905 3906 3982 3984 4059 4060 
3984 7 0 5.8 -1.09 0 3906 3907 3983 3985 4060 4061 
3985 7 0 5.8 -0.743594 0 3907 3908 3984 3986 4061 4062 
3986 7 0 5.8 -0.397183 0 3908 3909 3985 3987 4062 4063 
3987 7 0 5.8 -0.0507732 0 3909 3986 4063 
3988 0 0 5.8 0.295637 0 3910 3911 3989 4064 4065 
3989 0 0 5.8 0.642047 0 3911 3912 3988 3990 4065 4066 
3990 0 0 5.8 0.988457 0 3912 3913 3989 3991 4066 4067 
3991 0 0 5.8 1.33487 0 3913 3914 3990 3992 4067 4068 
3992 0 0 5.8 1.68128 0 3914 3915 3991 4068 4069 3993 
3993 0 0 5.8 2.02769 0 3915 3992 4069 3916 3994 4070 
3994 0 0 5.8 2.3741 0 3916 3917 3993 3995 4070 4071 
3995 0 0 5.8 2.72051 0 3917 3918 3994 3996 4071 4072 
3996 0 0 5.8 3.06692 0 3918 3919 3995 3997 4072 4073 
3997 0 0 5.8 3.41333 0 3919 3920 3996 3998 4073 4074 
3998 0 0 5.8 3.75974 0 3920 3921 3997 4074 4075 3999 
3999 0 0 5.8 4.10615 0 3921 3998 4075 3922 4000 4076 
4000 0 0 5.8 4.45256 0 3922 3923 3999 4001 4076 4077 
4001 0 0 5.8 4.79897 0 3923 3924 4000 4002 4077 4078 
4002 0 0 5.8 5.14538 0 3924 3925 4001 4003 4078 4079 
4003 0 0 5.8 5.49179 0 3925 4002 4079 4080 
4004 1 0 5.8 5.8382 0 3926 3927 4005 
4005 1 0 5.8 6.18461 0 4004 3927 3928 4006 4082 
4006 1 0 5.8 6.53102 0 3928 3929 4005 4007 4082 4083 
4007 1 0 5.8 6.87743 0 3929 3930 4006 4008 4083 4084 
4008 1 0 5.8 7.22384 0 3930 3931 4007 4009 4084 4085 
4009 1 0 5.8 7.57025 0 3931 3932 4008 4010 4085 4086 
4010 1 0 5.8 7.91666 0 3932 4009 4086 3933 4011 4087 
4011 1 0 5.8 8.26307 0 4010 3933 3934 4012 4087 4088 
4012 1 0 5.8 8.60948 0 3934 3935 4011 4013 4088 4089 
4013 1 0 5.8 8.95589 0 3935 3936 4012 4014 4089 4090 
4014 1 0 5.8 9.3023 0 3936 3937 4013 4015 4090 4091 
4015 1 0 5.8 9.64871 0 3937 3938 4014 4016 4091 4092 
4016 1 0 5.8 9.99512 0 3938 4015 4092 3939 4017 4093 
4017 1 0 5.8 10.3415 0 4016 3939 3940 4018 4093 4094 
4018 1 0 5.8 10.6879 0 3940 3941 4017 4019 4094 4095 
4019 1 0 5.8 11.0344 0 3941 3942 4018 4020 4095 4096 
4020 1 0 5.8 11.3808 0 3942 3943 4019 4021 4096 4097 
4021 1 0 5.8 11.7272 0 3943 3944 4020 4097 4098 4022 
4022 1 0 5.8 12.0736 0 3944 4021 4098 3945 4023 4099 
4023 1 0 5.8 12.42 0 3945 3946 4022 4024 4099 4100 
4024 1 0 5.8 12.7664 0 3946 3947 4023 4025 4100 4101 
4025 1 0 5.8 13.1128 0 3947 3948 4024 4101 
4026 6 0 6.1 -13.0412 0 3949 3950 4027 4102 
4027 6 0 6.1 -12.6947 0 3950 3951 4026 4028 4102 4103 
4028 6 0 6.1 -12.3483 0 3951 3952 4027 4029 4103 4104 
4029 6 0 6.1 -12.0019 0 3952 4028 4104 3953 4030 4105 
4030 6 0 6.1 -11.6555 0 4029 3953 3954 4031 4105 4106 
4031 6 0 6.1 -11.3091 0 3954 3955 4030 4032 4106 4107 
4032 6 0 6.1 -10.9627 0 3955 3956 4031 4033 4107 4108 
4033 6 0 6.1 -10.6163 0 3956 3957 4032 4034 4108 4109 
4034 6 0 6.1 -10.2699 0 3957 3958 4033 4109 4110 4035 
4035 6 0 6.1 -9.92346 0 3958 4034 4110 3959 4036 4111 
4036 6 0 6.1 -9.57705 0 3959 3960 4035 4037 4111 4112 
4037 6 0 6.1 -9.23064 0 3960 3961 4036 4038 4112 4113 
4038 6 0 6.1 -8.88423 0 3961 3962 4037 4039 4113 4114 
4039 6 0 6.1 -8.53782 0 3962 3963 4038 4040 4114 4115 
4040 6 0 6.1 -8.19141 0 3963 3964 4039 4115 4116 4041 
4041 6 0 6.1 -7.845 0 3964 4040 4116 3965 4042 4117 
4042 6 0 6.1 -7.49859 0 3965 3966 4041 4043 4117 4118 
4043 6 0 6.1 -7.15218 0 3966 3967 4042 4044 4118 4119 
4044 6 0 6.1 -6.80577 0 3967 3968 4043 4045 4119 4120 
4045 6 0 6.1 -6.45936 0 3968 3969 4044 4046 4120 
4046 6 0 6.1 -6.11295 0 3969 4045 3970 
4047 7 0 6.1 -5.76654 0 3971 4048 4122 4123 
4048 7 0 6.1 -5.42013 0 3971 3972 4047 4049 4123 4124 
4049 7 0 6.1 -5.07372 0 3972 3973 4048 4050 4124 4125 
4050 7 0 6.1 -4.72731 0 3973 3974 4049 4051 4125 4126 
4051 7 0 6.1 -4.3809 0 3974 3975 4050 4052 4126 4127 
4052 7 0 6.1 -4.03449 0 3975 4051 4127 3976 4053 4128 
4053 7 0 6.1 -3.68808 0 4052 3976 3977 4054 4128 4129 
4054 7 0 6.1 -3.34167 0 3977 3978 4053 4055 4129 4130 
4055 7 0 6.1 -2.99526 0 3978 3979 4054 4056 4130 4131 
4056 7 0 6.1 -2.64885 0 3979 3980 4055 4057 4131 4132 
4057 7 0 6.1 -2.30244 0 3980 3981 4056 4132 4133 4058 
4058 7 0 6.1 -1.95603 0 3981 4057 4133 3982 4059 4134 
4059 7 0 6.1 -1.60962 0 3982 3983 4058 4060 4134 4135 
4060 7 0 6.1 -1.26321 0 3983 3984 4059 4061 4135 4136 
4061 7 0 6.1 -0.916799 0 3984 3985 4060 4062 4136 4137 
4062 7 0 6.1 -0.570388 0 3985 3986 4061 4063 4137 4138 
4063 7 0 6.1 -0.223978 0 3986 3987 4062 4138 4139 
4064 0 0 6.1 0.122432 0 3988 4065 4140 
4065 0 0 6.1 0.468842 0 3988 3989 4064 4066 4140 4141 
4066 0 0 6.1 0.815252 0 3989 3990 4065 4067 4141 4142 
4067 0 0 6.1 1.16166 0 3990 3991 4066 4068 4142 4143 
4068 0 0 6.1 1.50807 0 3991 3992 4067 4069 4143 4144 
4069 0 0 6.1 1.85448 0 3992 4068 4144 3993 4070 4145 
4070 0 0 6.1 2.20089 0 4069 3993 3994 4071 4145 4146 
4071 0 0 6.1 2.5473 0 3994 3995 4070 4072 4146 4147 
4072 0 0 6.1 2.89371 0 3995 3996 4071 4073 4147 4148 
4073 0 0 6.1 3.24012 0 3996 3997 4072 4074 4148 4149 
4074 0 0 6.1 3.58653 0 3997 3998 4073 4075 4149 4150 
4075 0 0 6.1 3.93294 0 3998 4074 4150 3999 4076 4151 
4076 0 0 6.1 4.27935 0 4075 3999 4000 4077 4151 4152 
4077 0 0 6.1 4.62576 0 4000 4001 4076 4078 4152 4153 
4078 0 0 6.1 4.97217 0 4001 4002 4077 4079 4153 4154 
4079 0 0 6.1 5.31858 0 4002 4003 4078 4080 4154 4155 
4080 0 0 6.1 5.66499 0 4003 4079 4155 4156 4081 
4081 0 0 6.1 6.0114 0 4080 4156 4157 
4082 1 0 6.1 6.35781 0 4005 4006 4083 4158 
4083 1 0 6.1 6.70422 0 4006 4007 4082 4084 4158 4159 
4084 1 0 6.1 7.05064 0 4007 4008 4083 4085 4159 4160 
4085 1 0 6.1 7.39705 0 4008 4009 4084 4086 4160 4161 
4086 1 0 6.1 7.74346 0 4009 4010 4085 4161 4162 4087 
4087 1 0 6.1 8.08987 0 4010 4086 4162 4011 4088 4163 
4088 1 0 6.1 8.43628 0 4011 4012 4087 4089 4163 4164 
4089 1 0 6.1 8.78269 0 4012 4013 4088 4090 4164 4165 
4090 1 0 6.1 9.1291 0 4013 4014 4089 4091 4165 4166 
4091 1 0 6.1 9.47551 0 4014 4015 4090 4092 4166 4167 
4092 1 0 6.1 9.82192 0 4015 4016 4091 4167 4168 4093 
4093 1 0 6.1 10.1683 0 4016 4092 4168 4017 4094 4169 
4094 1 0 6.1 10.5147 0 4017 4018 4093 4095 4169 4170 
4095 1 0 6.1 10.8611 0 4018 4019 4094 4096 4170 4171 
4096 1 0 6.1 11.2076 0 4019 4020 4095 4097 4171 4172 
4097 1 0 6.1 11.554 0 4020 4021 4096 4098 4172 4173 
4098 1 0 6.1 11.9004 0 4021 4097 4173 4022 4099 4174 
4099 1 0 6.1 12.2468 0 4098 4022 4023 4100 4174 4175 
4100 1 0 6.1 12.5932 0 4023 4024 4099 4101 4175 4176 
4101 1 0 6.1 12.9396 0 4024 4025 4100 4176 4177 
4102 6 0 6.4 -12.8679 0 4026 4027 4103 4178 
4103 6 0 6.4 -12.5215 0 4027 4028 4102 4104 4178 4179 
4104 6 0 6.4 -12.1751 0 4028 4029 4103 4179 4180 4105 
4105 6 0 6.4 -11.8287 0 4029 4104 4180 4030 4106 4181 
4106 6 0 6.4 -11.4823 0 4030 4031 4105 4107 4181 4182 
4107 6 0 6.4 -11.1359 0 4031 4032 4106 4108 4182 4183 
4108 6 0 6.4 -10.7895 0 4032 4033 4107 4109 4183 4184 
4109 6 0 6.4 -10.4431 0 4033 4034 4108 4110 4184 4185 
4110 6 0 6.4 -10.0967 0 4034 4109 4185 4035 4111 4186 
4111 6 0 6.4 -9.75026 0 4110 4035 4036 4112 4186 4187 
4112 6 0 6.4 -9.40385 0 4036 4037 4111 4113 4187 4188 
4113 6 0 6.4 -9.05744 0 4037 4038 4112 4114 4188 4189 
4114 6 0 6.4 -8.71103 0 4038 4039 4113 4115 4189 4190 
4115 6 0 6.4 -8.36462 0 4039 4040 4114 4116 4190 4191 
4116 6 0 6.4 -8.01821 0 4040 4115 4191 4041 4117 4192 
4117 6 0 6.4 -7.6718 0 4116 4041 4042 4118 4192 4193 
4118 6 0 6.4 -7.32539 0 4042 4043 4117 4119 4193 4194 
4119 6 0 6.4 -6.97898 0 4043 4044 4118 4120 4194 4195 
4120 6 0 6.4 -6.63257 0 4044 4045 4119 4195 
4121 7 0 6.4 -6.28616 0 4196 4197 4122 
4122 7 0 6.4 -5.93975 0 4121 4197 4047 4123 4198 
4123 7 0 6.4 -5.59334 0 4047 4048 4122 4124 4198 4199 
4124 7 0 6.4 -5.24693 0 4048 4049 4123 4125 4199 4200 
4125 7 0 6.4 -4.90052 0 4049 4050 4124 4126 4200 4201 
4126 7 0 6.4 -4.55411 0 4050 4051 4125 4127 4201 4202 
4127 7 0 6.4 -4.2077 0 4051 4052 4126 4202 4203 4128 
4128 7 0 6.4 -3.86128 0 4052 4127 4203 4053 4129 4204 
4129 7 0 6.4 -3.51487 0 4053 4054 4128 4130 4204 4205 
4130 7 0 6.4 -3.16846 0 4054 4055 4129 4131 4205 4206 
4131 7 0 6.4 -2.82205 0 4055 4056 4130 4132 4206 4207 
4132 7 0 6.4 -2.47564 0 4056 4057 4131 4133 4207 4208 
4133 7 0 6.4 -2.12923 0 4057 4132 4208 4058 4134 4209 
4134 7 0 6.4 -1.78282 0 4133 4058 4059 4135 4209 4210 
4135 7 0 6.4 -1.43641 0 4059 4060 4134 4136 4210 4211 
4136 7 0 6.4 -1.09 0 4060 4061 4135 4137 4211 4212 
4137 7 0 6.4 -0.743594 0 4061 4062 4136 4138 4212 4213 
4138 7 0 6.4 -0.397183 0 4062 4063 4137 4139 4213 4214 
4139 7 0 6.4 -0.0507732 0 4063 4138 4214 
4140 0 0 6.4 0.295637 0 4064 4065 4141 4215 4216 
4141 0 0 6.4 0.642047 0 4065 4066 4140 4142 4216 4217 
4142 0 0 6.4 0.988457 0 4066 4067 4141 4143 4217 4218 
4143 0 0 6.4 1.33487 0 4067 4068 4142 4144 4218 4219 
4144 0 0 6.4 1.68128 0 4068 4069 4143 4219 4220 4145 
4145 0 0 6.4 2.02769 0 4069 4144 4220 4070 4146 4221 
4146 0 0 6.4 2.3741 0 4070 4071 4145 4147 4221 4222 
4147 0 0 6.4 2.72051 0 4071 4072 4146 4148 4222 4223 
4148 0 0 6.4 3.06692 0 4072 4073 4147 4149 4223 4224 
4149 0 0 6.4 3.41333 0 4073 4074 4148 4150 4224 4225 
4150 0 0 6.4 3.75974 0 4074 4075 4149 4225 4226 4151 
4151 0 0 6.4 4.10615 0 4075 4150 4226 4076 4152 4227 
4152 0 0 6.4 4.45256 0 4076 4077 4151 4153 4227 4228 
4153 0 0 6.4 4.79897 0 4077 4078 4152 4154 4228 4229 
4154 0 0 6.4 5.14538 0 4078 4079 4153 4155 4229 4230 
4155 0 0 6.4 5.49179 0 4079 4080 4154 4156 4230 4231 
4156 0 0 6.4 5.8382 0 4080 4155 4231 4081 4157 4232 
4157 0 0 6.4 6.18461 0 4156 4081 4232 4233 
4158 1 0 6.4 6.53102 0 4082 4083 4159 4234 
4159 1 0 6.4 6.87743 0 4083 4084 4158 4160 4234 4235 
4160 1 0 6.4 7.22384 0 4084 4085 4159 4161 4235 4236 
4161 1 0 6.4 7.57025 0 4085 4086 4160 4162 4236 4237 
4162 1 0 6.4 7.91666 0 4086 4161 4237 4087 4163 4238 
4163 1 0 6.4 8.26307 0 4162 4087 4088 4164 4238 4239 
4164 1 0 6.4 8.60948 0 4088 4089 4163 4165 4239 4240 
4165 1 0 6.4 8.95589 0 4089 4090 4164 4166 4240 4241 
4166 1 0 6.4 9.3023 0 4090 4091 4165 4167 4241 4242 
4167 1 0 6.4 9.64871 0 4091 4092 4166 4168 4242 4243 
4168 1 0 6.4 9.99512 0 4092 4167 4243 4093 4169 4244 
4169 1 0 6.4 10.3415 0 4168 4093 4094 4170 4244 4245 
4170 1 0 6.4 10.6879 0 4094 4095 4169 4171 4245 4246 
4171 1 0 6.4 11.0344 0 4095 4096 4170 4172 4246 4247 
4172 1 0 6.4 11.3808 0 4096 4097 4171 4173 4247 4248 
4173 1 0 6.4 11.7272 0 4097 4098 4172 4248 4249 4174 
4174 1 0 6.4 12.0736 0 4098 4173 4249 4099 4175 4250 
4175 1 0 6.4 12.42 0 4099 4100 4174 4176 4250 4251 
4176 1 0 6.4 12.7664 0 4100 4101 4175 4177 4251 4252 
4177 1 0 6.4 13.1128 0 4101 4176 4252 
4178 6 0 6.7 -12.6947 0 4102 4103 4179 4253 
4179 6 0 6.7 -12.3483 0 4103 4104 4178 4180 4253 4254 
4180 6 0 6.7 -12.0019 0 4104 4179 4254 4105 4181 4255 
4181 6 0 6.7 -11.6555 0 4180 4105 4106 4182 4255 4256 
4182 6 0 6.7 -11.3091 0 4106 4107 4181 4183 4256 4257 
4183 6 0 6.7 -10.9627 0 4107 4108 4182 4184 4257 4258 
4184 6 0 6.7 -10.6163 0 4108 4109 4183 4185 4258 4259 
4185 6 0 6.7 -10.2699 0 4109 4110 4184 4259 4260 4186 
4186 6 0 6.7 -9.92346 0 4110 4185 4260 4111 4187 4261 
4187 6 0 6.7 -9.57705 0 4111 4112 4186 4188 4261 4262 
4188 6 0 6.7 -9.23064 0 4112 4113 4187 4189 4262 4263 
4189 6 0 6.7 -8.88423 0 4113 4114 4188 4190 4263 4264 
4190 6 0 6.7 -8.53782 0 4114 4115 4189 4191 4264 4265 
4191 6 0 6.7 -8.19141 0 4115 4116 4190 4265 4266 4192 
4192 6 0 6.7 -7.845 0 4116 4191 4266 4117 4193 4267 
4193 6 0 6.7 -7.49859 0 4117 4118 4192 4194 4267 4268 
4194 6 0 6.7 -7.15218 0 4118 4119 4193 4195 4268 
4195 6 0 6.7 -6.80577 0 4119 4120 4194 
4196 7 0 6.7 -6.45936 0 4121 4197 4270 4271 
4197 7 0 6.7 -6.11295 0 4121 4196 4271 4122 4198 4272 
4198 7 0 6.7 -5.76654 0 4197 4122 4123 4199 4272 4273 
4199 7 0 6.7 -5.42013 0 4123 4124 4198 4200 4273 4274 
4200 7 0 6.7 -5.07372 0 4124 4125 4199 4201 4274 4275 
4201 7 0 6.7 -4.72731 0 4125 4126 4200 4202 4275 4276 
4202 7 0 6.7 -4.3809 0 4126 4127 4201 4203 4276 4277 
4203 7 0 6.7 -4.03449 0 4127 4202 4277 4128 4204 4278 
4204 7 0 6.7 -3.68808 0 4203 4128 4129 4205 4278 4279 
4205 7 0 6.7 -3.34167 0 4129 4130 4204 4206 4279 4280 
4206 7 0 6.7 -2.99526 0 4130 4131 4205 4207 4280 4281 
4207 7 0 6.7 -2.64885 0 4131 4132 4206 4208 4281 4282 
4208 7 0 6.7 -2.30244 0 4132 4133 4207 4282 4283 4209 
4209 7 0 6.7 -1.95603 0 4133 4208 4283 4134 4210 4284 
4210 7 0 6.7 -1.60962 0 4134 4135 4209 4211 4284 4285 
4211 7 0 6.7 -1.26321 0 4135 4136 4210 4212 4285 4286 
4212 7 0 6.7 -0.916799 0 4136 4137 4211 4213 4286 4287 
4213 7 0 6.7 -0.570388 0 4137 4138 4212 4214 4287 4288 
4214 7 0 6.7 -0.223978 0 4138 4139 4213 4288 4289 
4215 0 0 6.7 0.122432 0 4140 4216 4290 
4216 0 0 6.7 0.468842 0 4140 4141 4215 4217 4290 4291 
4217 0 0 6.7 0.815252 0 4141 4142 4216 4218 4291 4292 
4218 0 0 6.7 1.16166 0 4142 4143 4217 4219 4292 4293 
4219 0 0 6.7 1.50807 0 4143 4144 4218 4220 4293 4294 
4220 0 0 6.7 1.85448 0 4144 4219 4294 4145 4221 4295 
4221 0 0 6.7 2.20089 0 4220 4145 4146 4222 4295 4296 
4222 0 0 6.7 2.5473 0 4146 4147 4221 4223 4296 4297 
4223 0 0 6.7 2.89371 0 4147 4148 4222 4224 4297 4298 
4224 0 0 6.7 3.24012 0 4148 4149 4223 4225 4298 4299 
4225 0 0 6.7 3.58653 0 4149 4150 4224 4226 4299 4300 
4226 0 0 6.7 3.93294 0 4150 4225 4300 4151 4227 4301 
4227 0 0 6.7 4.27935 0 4226 4151 4152 4228 4301 4302 
4228 0 0 6.7 4.62576 0 4152 4153 4227 4229 4302 4303 
4229 0 0 6.7 4.97217 0 4153 4154 4228 4230 4303 4304 
4230 0 0 6.7 5.31858 0 4154 4155 4229 4231 4304 4305 
4231 0 0 6.7 5.66499 0 4155 4156 4230 4305 4306 4232 
4232 0 0 6.7 6.0114 0 4156 4231 4306 4157 4233 4307 
4233 0 0 6.7 6.35781 0 4157 4232 4307 4308 
4234 1 0 6.7 6.70422 0 4158 4159 4235 
4235 1 0 6.7 7.05064 0 4159 4160 4234 4236 4310 
4236 1 0 6.7 7.39705 0 4160 4161 4235 4237 4310 4311 
4237 1 0 6.7 7.74346 0 4161 4162 4236 4311 4312 4238 
4238 1 0 6.7 8.08987 0 4162 4237 4312 4163 4239 4313 
4239 1 0 6.7 8.43628 0 4163 4164 4238 4240 4313 4314 
4240 1 0 6.7 8.78269 0 4164 4165 4239 4241 4314 4315 
4241 1 0 6.7 9.1291 0 4165 4166 4240 4242 4315 4316 
4242 1 0 6.7 9.47551 0 4166 4167 4241 4243 4316 4317 
4243 1 0 6.7 9.82192 0 4167 4168 4242 4317 4318 4244 
4244 1 0 6.7 10.1683 0 4168 4243 4318 4169 4245 4319 
4245 1 0 6.7 10.5147 0 4169 4170 4244 4246 4319 4320 
4246 1 0 6.7 10.8611 0 4170 4171 4245 4247 4320 4321 
4247 1 0 6.7 11.2076 0 4171 4172 4246 4248 4321 4322 
4248 1 0 6.7 11.554 0 4172 4173 4247 4249 4322 4323 
4249 1 0 6.7 11.9004 0 4173 4248 4323 4174 4250 4324 
4250 1 0 6.7 12.2468 0 4249 4174 4175 4251 4324 4325 
4251 1 0 6.7 12.5932 0 4175 4176 4250 4252 4325 4326 
4252 1 0 6.7 12.9396 0 4176 4177 4251 4326 
4253 6 0 7 -12.5215 0 4178 4179 4254 4327 
4254 6 0 7 -12.1751 0 4179 4180 4253 4327 4328 4255 
4255 6 0 7 -11.8287 0 4180 4254 4328 4181 4256 4329 
4256 6 0 7 -11.4823 0 4181 4182 4255 4257 4329 4330 
4257 6 0 7 -11.1359 0 4182 4183 4256 4258 4330 4331 
4258 6 0 7 -10.7895 0 4183 4184 4257 4259 4331 4332 
4259 6 0 7 -10.4431 0 4184 4185 4258 4260 4332 4333 
4260 6 0 7 -10.0967 0 4185 4259 4333 4186 4261 4334 
4261 6 0 7 -9.75026 0 4260 4186 4187 4262 4334 4335 
4262 6 0 7 -9.40385 0 4187 4188 4261 4263 4335 4336 
4263 6 0 7 -9.05744 0 4188 4189 4262 4264 4336 4337 
4264 6 0 7 -8.71103 0 4189 4190 4263 4265 4337 4338 
4265 6 0 7 -8.36462 0 4190 4191 4264 4266 4338 4339 
4266 6 0 7 -8.01821 0 4191 4265 4339 4192 4267 4340 
4267 6 0 7 -7.6718 0 4266 4192 4193 4268 4340 4341 
4268 6 0 7 -7.32539 0 4193 4194 4267 4341 
4269 7 0 7 -6.97898 0 4270 4342 4343 
4270 7 0 7 -6.63257 0 4196 4269 4271 4343 4344 
4271 7 0 7 -6.28616 0 4196 4197 4270 4344 4345 4272 
4272 7 0 7 -5.93975 0 4197 4271 4345 4198 4273 4346 
4273 7 0 7 -5.59334 0 4198 4199 4272 4274 4346 4347 
4274 7 0 7 -5.24693 0 4199 4200 4273 4275 4347 4348 
4275 7 0 7 -4.90052 0 4200 4201 4274 4276 4348 4349 
4276 7 0 7 -4.55411 0 4201 4202 4275 4277 4349 4350 
4277 7 0 7 -4.2077 0 4202 4203 4276 4350 4351 4278 
4278 7 0 7 -3.86128 0 4203 4277 4351 4204 4279 4352 
4279 7 0 7 -3.51487 0 4204 4205 4278 4280 4352 4353 
4280 7 0 7 -3.16846 0 4205 4206 4279 4281 4353 4354 
4281 7 0 7 -2.82205 0 4206 4207 4280 4282 4354 4355 
4282 7 0 7 -2.47564 0 4207 4208 4281 4283 4355 4356 
4283 7 0 7 -2.12923 0 4208 4282 4356 4209 4284 4357 
4284 7 0 7 -1.78282 0 4283 4209 4210 4285 4357 4358 
4285 7 0 7 -1.43641 0 4210 4211 4284 4286 4358 4359 
4286 7 0 7 -1.09 0 4211 4212 4285 4287 4359 4360 
4287 7 0 7 -0.743594 0 4212 4213 4286 4288 4360 4361 
4288 7 0 7 -0.397183 0 4213 4214 4287 4289 4361 4362 
4289 7 0 7 -0.0507732 0 4214 4288 4362 
4290 0 0 7 0.295637 0 4215 4216 4291 4363 4364 
4291 0 0 7 0.642047 0 4216 4217 4290 4292 4364 4365 
4292 0 0 7 0.988457 0 4217 4218 4291 4293 4365 4366 
4293 0 0 7 1.33487 0 4218 4219 4292 4294 4366 4367 
4294 0 0 7 1.68128 0 4219 4220 4293 4367 4368 4295 
4295 0 0 7 2.02769 0 4220 4294 4368 4221 4296 4369 
4296 0 0 7 2.3741 0 4221 4222 4295 4297 4369 4370 
4297 0 0 7 2.72051 0 4222 4223 4296 4298 4370 4371 
4298 0 0 7 3.06692 0 4223 4224 4297 4299 4371 4372 
4299 0 0 7 3.41333 0 4224 4225 4298 4300 4372 4373 
4300 0 0 7 3.75974 0 4225 4226 4299 4373 4374 4301 
4301 0 0 7 4.10615 0 4226 4300 4374 4227 4302 4375 
4302 0 0 7 4.45256 0 4227 4228 4301 4303 4375 4376 
4303 0 0 7 4.79897 0 4228 4229 4302 4304 4376 4377 
4304 0 0 7 5.14538 0 4229 4230 4303 4305 4377 4378 
4305 0 0 7 5.49179 0 4230 4231 4304 4306 4378 4379 
4306 0 0 7 5.8382 0 4231 4305 4379 4232 4307 4380 
4307 0 0 7 6.18461 0 4306 4232 4233 4308 4380 4381 
4308 0 0 7 6.53102 0 4233 4307 4309 4381 4382 
4309 0 0 7 6.87743 0 4308 4382 4383 
4310 1 0 7 7.22384 0 4235 4236 4311 4384 
4311 1 0 7 7.57025 0 4236 4237 4310 4312 4384 4385 
4312 1 0 7 7.91666 0 4237 4311 4385 4238 4313 4386 
4313 1 0 7 8.26307 0 4312 4238 4239 4314 4386 4387 
4314 1 0 7 8.60948 0 4239 4240 4313 4315 4387 4388 
4315 1 0 7 8.95589 0 4240 4241 4314 4316 4388 4389 
4316 1 0 7 9.3023 0 4241 4242 4315 4317 4389 4390 
4317 1 0 7 9.64871 0 4242 4243 4316 4318 4390 4391 
4318 1 0 7 9.99512 0 4243 4317 4391 4244 4319 4392 
4319 1 0 7 10.3415 0 4318 4244 4245 4320 4392 4393 
4320 1 0 7 10.6879 0 4245 4246 4319 4321 4393 4394 
4321 1 0 7 11.0344 0 4246 4247 4320 4322 4394 4395 
4322 1 0 7 11.3808 0 4247 4248 4321 4323 4395 4396 
4323 1 0 7 11.7272 0 4248 4249 4322 4396 4397 4324 
4324 1 0 7 12.0736 0 4249 4323 4397 4250 4325 4398 
4325 1 0 7 12.42 0 4250 4251 4324 4326 4398 4399 
4326 1 0 7 12.7664 0 4251 4252 4325 4399 
4327 6 0 7.3 -12.3483 0 4253 4254 4328 4400 
4328 6 0 7.3 -12.0019 0 4254 4327 4400 4255 4329 4401 
4329 6 0 7.3 -11.6555 0 4328 4255 4256 4330 4401 4402 
4330 6 0 7.3 -11.3091 0 4256 4257 4329 4331 4402 4403 
4331 6 0 7.3 -10.9627 0 4257 4258 4330 4332 4403 4404 
4332 6 0 7.3 -10.6163 0 4258 4259 4331 4333 4404 4405 
4333 6 0 7.3 -10.2699 0 4259 4260 4332 4405 4406 4334 
4334 6 0 7.3 -9.92346 0 4260 4333 4406 4261 4335 4407 
4335 6 0 7.3 -9.57705 0 4261 4262 4334 4336 4407 4408 
4336 6 0 7.3 -9.23064 0 4262 4263 4335 4337 4408 4409 
4337 6 0 7.3 -8.88423 0 4263 4264 4336 4338 4409 4410 
4338 6 0 7.3 -8.53782 0 4264 4265 4337 4339 4410 4411 
4339 6 0 7.3 -8.19141 0 4265 4266 4338 4411 4412 4340 
4340 6 0 7.3 -7.845 0 4266 4339 4412 4267 4341 4413 
4341 6 0 7.3 -7.49859 0 4267 4268 4340 4413 
4342 7 0 7.3 -7.15218 0 4269 4343 4414 4415 
4343 7 0 7.3 -6.80577 0 4269 4270 4342 4344 4415 4416 
4344 7 0 7.3 -6.45936 0 4270 4271 4343 4345 4416 4417 
4345 7 0 7.3 -6.11295 0 4271 4344 4417 4272 4346 4418 
4346 7 0 7.3 -5.76654 0 4345 4272 4273 4347 4418 4419 
4347 7 0 7.3 -5.42013 0 4273 4274 4346 4348 4419 4420 
4348 7 0 7.3 -5.07372 0 4274 4275 4347 4349 4420 4421 
4349 7 0 7.3 -4.72731 0 4275 4276 4348 4350 4421 4422 
4350 7 0 7.3 -4.3809 0 4276 4277 4349 4351 4422 4423 
4351 7 0 7.3 -4.03449 0 4277 4350 4423 4278 4352 4424 
4352 7 0 7.3 -3.68808 0 4351 4278 4279 4353 4424 4425 
4353 7 0 7.3 -3.34167 0 4279 4280 4352 4354 4425 4426 
4354 7 0 7.3 -2.99526 0 4280 4281 4353 4355 4426 4427 
4355 7 0 7.3 -2.64885 0 4281 4282 4354 4356 4427 4428 
4356 7 0 7.3 -2.30244 0 4282 4283 4355 4428 4429 4357 
4357 7 0 7.3 -1.95603 0 4283 4356 4429 4284 4358 4430 
4358 7 0 7.3 -1.60962 0 4284 4285 4357 4359 4430 4431 
4359 7 0 7.3 -1.26321 0 4285 4286 4358 4360 4431 4432 
4360 7 0 7.3 -0.916799 0 4286 4287 4359 4361 4432 4433 
4361 7 0 7.3 -0.570388 0 4287 4288 4360 4362 4433 4434 
4362 7 0 7.3 -0.223978 0 4288 4289 4361 4434 4435 
4363 0 0 7.3 0.122432 0 4290 4364 4436 
4364 0 0 7.3 0.468842 0 4290 4291 4363 4365 4436 4437 
4365 0 0 7.3 0.815252 0 4291 4292 4364 4366 4437 4438 
4366 0 0 7.3 1.16166 0 4292 4293 4365 4367 4438 4439 
4367 0 0 7.3 1.50807 0 4293 4294 4366 4368 4439 4440 
4368 0 0 7.3 1.85448 0 4294 4367 4440 4295 4369 4441 
4369 0 0 7.3 2.20089 0 4368 4295 4296 4370 4441 4442 
4370 0 0 7.3 2.5473 0 4296 4297 4369 4371 4442 4443 
4371 0 0 7.3 2.89371 0 4297 4298 4370 4372 4443 4444 
4372 0 0 7.3 3.24012 0 4298 4299 4371 4373 4444 4445 
4373 0 0 7.3 3.58653 0 4299 4300 4372 4374 4445 4446 
4374 0 0 7.3 3.93294 0 4300 4373 4446 4301 4375 4447 
4375 0 0 7.3 4.27935 0 4374 4301 4302 4376 4447 4448 
4376 0 0 7.3 4.62576 0 4302 4303 4375 4377 4448 4449 
4377 0 0 7.3 4.97217 0 4303 4304 4376 4378 4449 4450 
4378 0 0 7.3 5.31858 0 4304 4305 4377 4379 4450 4451 
4379 0 0 7.3 5.66499 0 4305 4306 4378 4451 4452 4380 
4380 0 0 7.3 6.0114 0 4306 4379 4452 4307 4381 4453 
4381 0 0 7.3 6.35781 0 4307 4308 4380 4382 4453 4454 
4382 0 0 7.3 6.70422 0 4308 4309 4381 4383 4454 4455 
4383 0 0 7.3 7.05064 0 4309 4382 4455 4456 
4384 1 0 7.3 7.39705 0 4310 4311 4385 
4385 1 0 7.3 7.74346 0 4311 4312 4384 4458 4386 
4386 1 0 7.3 8.08987 0 4312 4385 4458 4313 4387 4459 
4387 1 0 7.3 8.43628 0 4313 4314 4386 4388 4459 4460 
4388 1 0 7.3 8.78269 0 4314 4315 4387 4389 4460 4461 
4389 1 0 7.3 9.1291 0 4315 4316 4388 4390 4461 4462 
4390 1 0 7.3 9.47551 0 4316 4317 4389 4391 4462 4463 
4391 1 0 7.3 9.82192 0 4317 4318 4390 4463 4464 4392 
4392 1 0 7.3 10.1683 0 4318 4391 4464 4319 4393 4465 
4393 1 0 7.3 10.5147 0 4319 4320 4392 4394 4465 4466 
4394 1 0 7.3 10.8611 0 4320 4321 4393 4395 4466 4467 
4395 1 0 7.3 11.2076 0 4321 4322 4394 4396 4467 4468 
4396 1 0 7.3 11.554 0 4322 4323 4395 4397 4468 4469 
4397 1 0 7.3 11.9004 0 4323 4396 4469 4324 4398 4470 
4398 1 0 7.3 12.2468 0 4397 4324 4325 4399 4470 4471 
4399 1 0 7.3 12.5932 0 4325 4326 4398 4471 
4400 6 0 7.6 -12.1751 0 4327 4328 4472 4401 
4401 6 0 7.6 -11.8287 0 4328 4400 4472 4329 4402 4473 
4402 6 0 7.6 -11.4823 0 4329 4330 4401 4403 4473 4474 
4403 6 0 7.6 -11.1359 0 4330 4331 4402 4404 4474 4475 
4404 6 0 7.6 -10.7895 0 4331 4332 4403 4405 4475 4476 
4405 6 0 7.6 -10.4431 0 4332 4333 4404 4406 4476 4477 
4406 6 0 7.6 -10.0967 0 4333 4405 4477 4334 4407 4478 
4407 6 0 7.6 -9.75026 0 4406 4334 4335 4408 4478 4479 
4408 6 0 7.6 -9.40385 0 4335 4336 4407 4409 4479 4480 
4409 6 0 7.6 -9.05744 0 4336 4337 4408 4410 4480 4481 
4410 6 0 7.6 -8.71103 0 4337 4338 4409 4411 4481 4482 
4411 6 0 7.6 -8.36462 0 4338 4339 4410 4412 4482 4483 
4412 6 0 7.6 -8.01821 0 4339 4411 4483 4340 4413 
4413 6 0 7.6 -7.6718 0 4412 4340 4341 
4414 7 0 7.6 -7.32539 0 4342 4415 4485 4486 
4415 7 0 7.6 -6.97898 0 4342 4343 4414 4416 4486 4487 
4416 7 0 7.6 -6.63257 0 4343 4344 4415 4417 4487 4488 
4417 7 0 7.6 -6.28616 0 4344 4345 4416 4488 4489 4418 
4418 7 0 7.6 -5.93975 0 4345 4417 4489 4346 4419 4490 
4419 7 0 7.6 -5.59334 0 4346 4347 4418 4420 4490 4491 
4420 7 0 7.6 -5.24693 0 4347 4348 4419 4421 4491 4492 
4421 7 0 7.6 -4.90052 0 4348 4349 4420 4422 4492 4493 
4422 7 0 7.6 -4.55411 0 4349 4350 4421 4423 4493 4494 
4423 7 0 7.6 -4.2077 0 4350 4351 4422 4494 4495 4424 
4424 7 0 7.6 -3.86128 0 4351 4423 4495 4352 4425 4496 
4425 7 0 7.6 -3.51487 0 4352 4353 4424 4426 4496 4497 
4426 7 0 7.6 -3.16846 0 4353 4354 4425 4427 4497 4498 
4427 7 0 7.6 -2.82205 0 4354 4355 4426 4428 4498 4499 
4428 7 0 7.6 -2.47564 0 4355 4356 4427 4429 4499 4500 
4429 7 0 7.6 -2.12923 0 4356 4428 4500 4357 4430 4501 
4430 7 0 7.6 -1.78282 0 4429 4357 4358 4431 4501 4502 
4431 7 0 7.6 -1.43641 0 4358 4359 4430 4432 4502 4503 
4432 7 0 7.6 -1.09 0 4359 4360 4431 4433 4503 4504 
4433 7 0 7.6 -0.743594 0 4360 4361 4432 4434 4504 4505 
4434 7 0 7.6 -0.397183 0 4361 4362 4433 4435 4505 4506 
4435 7 0 7.6 -0.0507732 0 4362 4434 4506 
4436 0 0 7.6 0.295637 0 4363 4364 4437 4507 4508 
4437 0 0 7.6 0.642047 0 4364 4365 4436 4438 4508 4509 
4438 0 0 7.6 0.988457 0 4365 4366 4437 4439 4509 4510 
4439 0 0 7.6 1.33487 0 4366 4367 4438 4440 4510 4511 
4440 0 0 7.6 1.68128 0 4367 4368 4439 4511 4512 4441 
4441 0 0 7.6 2.02769 0 4368 4440 4512 4369 4442 4513 
4442 0 0 7.6 2.3741 0 4369 4370 4441 4443 4513 4514 
4443 0 0 7.6 2.72051 0 4370 4371 4442 4444 4514 4515 
4444 0 0 7.6 3.06692 0 4371 4372 4443 4445 4515 4516 
4445 0 0 7.6 3.41333 0 4372 4373 4444 4446 4516 4517 
4446 0 0 7.6 3.75974 0 4373 4374 4445 4517 4518 4447 
4447 0 0 7.6 4.10615 0 4374 4446 4518 4375 4448 4519 
4448 0 0 7.6 4.45256 0 4375 4376 4447 4449 4519 4520 
4449 0 0 7.6 4.79897 0 4376 4377 4448 4450 4520 4521 
4450 0 0 7.6 5.14538 0 4377 4378 4449 4451 4521 4522 
4451 0 0 7.6 5.49179 0 4378 4379 4450 4452 4522 4523 
4452 0 0 7.6 5.8382 0 4379 4451 4523 4380 4453 4524 
4453 0 0 7.6 6.18461 0 4452 4380 4381 4454 4524 4525 
4454 0 0 7.6 6.53102 0 4381 4382 4453 4455 4525 4526 
4455 0 0 7.6 6.87743 0 4382 4383 4454 4456 4526 4527 
4456 0 0 7.6 7.22384 0 4383 4455 4457 4527 4528 
4457 0 0 7.6 7.57025 0 4456 4528 4529 
4458 1 0 7.6 7.91666 0 4385 4386 4459 4530 
4459 1 0 7.6 8.26307 0 4458 4386 4387 4460 4530 4531 
4460 1 0 7.6 8.60948 0 4387 4388 4459 4461 4531 4532 
4461 1 0 7.6 8.95589 0 4388 4389 4460 4462 4532 4533 
4462 1 0 7.6 9.3023 0 4389 4390 4461 4463 4533 4534 
4463 1 0 7.6 9.64871 0 4390 4391 4462 4464 4534 4535 
4464 1 0 7.6 9.99512 0 4391 4463 4535 4392 4465 4536 
4465 1 0 7.6 10.3415 0 4464 4392 4393 4466 4536 4537 
4466 1 0 7.6 10.6879 0 4393 4394 4465 4467 4537 4538 
4467 1 0 7.6 11.0344 0 4394 4395 4466 4468 4538 4539 
4468 1 0 7.6 11.3808 0 4395 4396 4467 4469 4539 4540 
4469 1 0 7.6 11.7272 0 4396 4397 4468 4540 4541 4470 
4470 1 0 7.6 12.0736 0 4397 4469 4541 4398 4471 4542 
4471 1 0 7.6 12.42 0 4398 4399 4470 4542 
4472 6 0 7.9 -12.0019 0 4400 4401 4473 4543 
4473 6 0 7.9 -11.6555 0 4472 4401 4402 4474 4543 4544 
4474 6 0 7.9 -11.3091 0 4402 4403 4473 4475 4544 4545 
4475 6 0 7.9 -10.9627 0 4403 4404 4474 4476 4545 4546 
4476 6 0 7.9 -10.6163 0 4404 4405 4475 4477 4546 4547 
4477 6 0 7.9 -10.2699 0 4405 4406 4476 4547 4548 4478 
4478 6 0 7.9 -9.92346 0 4406 4477 4548 4407 4479 4549 
4479 6 0 7.9 -9.57705 0 4407 4408 4478 4480 4549 4550 
4480 6 0 7.9 -9.23064 0 4408 4409 4479 4481 4550 4551 
4481 6 0 7.9 -8.88423 0 4409 4410 4480 4482 4551 4552 
4482 6 0 7.9 -8.53782 0 4410 4411 4481 4483 4552 4553 
4483 6 0 7.9 -8.19141 0 4411 4412 4482 4553 
4484 7 0 7.9 -7.845 0 4554 4485 4555 
4485 7 0 7.9 -7.49859 0 4414 4484 4486 4555 4556 
4486 7 0 7.9 -7.15218 0 4414 4415 4485 4487 4556 4557 
4487 7 0 7.9 -6.80577 0 4415 4416 4486 4488 4557 4558 
4488 7 0 7.9 -6.45936 0 4416 4417 4487 4489 4558 4559 
4489 7 0 7.9 -6.11295 0 4417 4488 4559 4418 4490 4560 
4490 7 0 7.9 -5.76654 0 4489 4418 4419 4491 4560 4561 
4491 7 0 7.9 -5.42013 0 4419 4420 4490 4492 4561 4562 
4492 7 0 7.9 -5.07372 0 4420 4421 4491 4493 4562 4563 
4493 7 0 7.9 -4.72731 0 4421 4422 4492 4494 4563 4564 
4494 7 0 7.9 -4.3809 0 4422 4423 4493 4495 4564 4565 
4495 7 0 7.9 -4.03449 0 4423 4494 4565 4424 4496 4566 
4496 7 0 7.9 -3.68808 0 4495 4424 4425 4497 4566 4567 
4497 7 0 7.9 -3.34167 0 4425 4426 4496 4498 4567 4568 
4498 7 0 7.9 -2.99526 0 4426 4427 4497 4499 4568 4569 
4499 7 0 7.9 -2.64885 0 4427 4428 4498 4500 4569 4570 
4500 7 0 7.9 -2.30244 0 4428 4429 4499 4570 4571 4501 
4501 7 0 7.9 -1.95603 0 4429 4500 4571 4430 4502 4572 
4502 7 0 7.9 -1.60962 0 4430 4431 4501 4503 4572 4573 
4503 7 0 7.9 -1.26321 0 4431 4432 4502 4504 4573 4574 
4504 7 0 7.9 -0.916799 0 4432 4433 4503 4505 4574 4575 
4505 7 0 7.9 -0.570388 0 4433 4434 4504 4506 4575 4576 
4506 7 0 7.9 -0.223978 0 4434 4435 4505 4576 4577 
4507 0 0 7.9 0.122432 0 4436 4508 4578 
4508 0 0 7.9 0.468842 0 4436 4437 4507 4509 4578 4579 
4509 0 0 7.9 0.815252 0 4437 4438 4508 4510 4579 4580 
4510 0 0 7.9 1.16166 0 4438 4439 4509 4511 4580 4581 
4511 0 0 7.9 1.50807 0 4439 4440 4510 4512 4581 4582 
4512 0 0 7.9 1.85448 0 4440 4511 4582 4441 4513 4583 
4513 0 0 7.9 2.20089 0 4512 4441 4442 4514 4583 4584 
4514 0 0 7.9 2.5473 0 4442 4443 4513 4515 4584 4585 
4515 0 0 7.9 2.89371 0 4443 4444 4514 4516 4585 4586 
4516 0 0 7.9 3.24012 0 4444 4445 4515 4517 4586 4587 
4517 0 0 7.9 3.58653 0 4445 4446 4516 4518 4587 4588 
4518 0 0 7.9 3.93294 0 4446 4517 4588 4447 4519 4589 
4519 0 0 7.9 4.27935 0 4518 4447 4448 4520 4589 4590 
4520 0 0 7.9 4.62576 0 4448 4449 4519 4521 4590 4591 
4521 0 0 7.9 4.97217 0 4449 4450 4520 4522 4591 4592 
4522 0 0 7.9 5.31858 0 4450 4451 4521 4523 4592 4593 
4523 0 0 7.9 5.66499 0 4451 4452 4522 4593 4594 4524 
4524 0 0 7.9 6.0114 0 4452 4523 4594 4453 4525 4595 
4525 0 0 7.9 6.35781 0 4453 4454 4524 4526 4595 4596 
4526 0 0 7.9 6.70422 0 4454 4455 4525 4527 4596 4597 
4527 0 0 7.9 7.05064 0 4455 4456 4526 4528 4597 4598 
4528 0 0 7.9 7.39705 0 4456 4457 4527 4529 4598 4599 
4529 0 0 7.9 7.74346 0 4457 4528 4599 4600 
4530 1 0 7.9 8.08987 0 4458 4459 4531 4601 
4531 1 0 7.9 8.43628 0 4459 4460 4530 4532 4601 4602 
4532 1 0 7.9 8.78269 0 4460 4461 4531 4533 4602 4603 
4533 1 0 7.9 9.1291 0 4461 4462 4532 4534 4603 4604 
4534 1 0 7.9 9.47551 0 4462 4463 4533 4535 4604 4605 
4535 1 0 7.9 9.82192 0 4463 4464 4534 4605 4606 4536 
4536 1 0 7.9 10.1683 0 4464 4535 4606 4465 4537 4607 
4537 1 0 7.9 10.5147 0 4465 4466 4536 4538 4607 4608 
4538 1 0 7.9 10.8611 0 4466 4467 4537 4539 4608 4609 
4539 1 0 7.9 11.2076 0 4467 4468 4538 4540 4609 4610 
4540 1 0 7.9 11.554 0 4468 4469 4539 4541 4610 4611 
4541 1 0 7.9 11.9004 0 4469 4540 4611 4470 4542 4612 
4542 1 0 7.9 12.2468 0 4541 4470 4471 4612 
4543 6 0 8.2 -11.8287 0 4472 4473 4544 4613 
4544 6 0 8.2 -11.4823 0 4473 4474 4543 4545 4613 4614 
4545 6 0 8.2 -11.1359 0 4474 4475 4544 4546 4614 4615 
4546 6 0 8.2 -10.7895 0 4475 4476 4545 4547 4615 4616 
4547 6 0 8.2 -10.4431 0 4476 4477 4546 4548 4616 4617 
4548 6 0 8.2 -10.0967 0 4477 4547 4617 4478 4549 4618 
4549 6 0 8.2 -9.75026 0 4548 4478 4479 4550 4618 4619 
4550 6 0 8.2 -9.40385 0 4479 4480 4549 4551 4619 4620 
4551 6 0 8.2 -9.05744 0 4480 4481 4550 4552 4620 4621 
4552 6 0 8.2 -8.71103 0 4481 4482 4551 4553 4621 4622 
4553 6 0 8.2 -8.36462 0 4482 4483 4552 4622 
4554 7 0 8.2 -8.01821 0 4623 4484 4555 4624 
4555 7 0 8.2 -7.6718 0 4554 4484 4485 4556 4624 4625 
4556 7 0 8.2 -7.32539 0 4485 4486 4555 4557 4625 4626 
4557 7 0 8.2 -6.97898 0 4486 4487 4556 4558 4626 4627 
4558 7 0 8.2 -6.63257 0 4487 4488 4557 4559 4627 4628 
4559 7 0 8.2 -6.28616 0 4488 4489 4558 4628 4629 4560 
4560 7 0 8.2 -5.93975 0 4489 4559 4629 4490 4561 4630 
4561 7 0 8.2 -5.59334 0 4490 4491 4560 4562 4630 4631 
4562 7 0 8.2 -5.24693 0 4491 4492 4561 4563 4631 4632 
4563 7 0 8.2 -4.90052 0 4492 4493 4562 4564 4632 4633 
4564 7 0 8.2 -4.55411 0 4493 4494 4563 4565 4633 4634 
4565 7 0 8.2 -4.2077 0 4494 4495 4564 4634 4635 4566 
4566 7 0 8.2 -3.86128 0 4495 4565 4635 4496 4567 4636 
4567 7 0 8.2 -3.51487 0 4496 4497 4566 4568 4636 4637 
4568 7 0 8.2 -3.16846 0 4497 4498 4567 4569 4637 4638 
4569 7 0 8.2 -2.82205 0 4498 4499 4568 4570 4638 4639 
4570 7 0 8.2 -2.47564 0 4499 4500 4569 4571 4639 4640 
4571 7 0 8.2 -2.12923 0 4500 4570 4640 4501 4572 4641 
4572 7 0 8.2 -1.78282 0 4571 4501 4502 4573 4641 4642 
4573 7 0 8.2 -1.43641 0 4502 4503 4572 4574 4642 4643 
4574 7 0 8.2 -1.09 0 4503 4504 4573 4575 4643 4644 
4575 7 0 8.2 -0.743594 0 4504 4505 4574 4576 4644 4645 
4576 7 0 8.2 -0.397183 0 4505 4506 4575 4577 4645 4646 
4577 7 0 8.2 -0.0507732 0 4506 4576 4646 
4578 0 0 8.2 0.295637 0 4507 4508 4579 4647 4648 
4579 0 0 8.2 0.642047 0 4508 4509 4578 4580 4648 4649 
4580 0 0 8.2 0.988457 0 4509 4510 4579 4581 4649 4650 
4581 0 0 8.2 1.33487 0 4510 4511 4580 4582 4650 4651 
4582 0 0 8.2 1.68128 0 4511 4512 4581 4651 4652 4583 
4583 0 0 8.2 2.02769 0 4512 4582 4652 4513 4584 4653 
4584 0 0 8.2 2.3741 0 4513 4514 4583 4585 4653 4654 
4585 0 0 8.2 2.72051 0 4514 4515 4584 4586 4654 4655 
4586 0 0 8.2 3.06692 0 4515 4516 4585 4587 4655 4656 
4587 0 0 8.2 3.41333 0 4516 4517 4586 4588 4656 4657 
4588 0 0 8.2 3.75974 0 4517 4518 4587 4657 4658 4589 
4589 0 0 8.2 4.10615 0 4518 4588 4658 4519 4590 4659 
4590 0 0 8.2 4.45256 0 4519 4520 4589 4591 4659 4660 
4591 0 0 8.2 4.79897 0 4520 4521 4590 4592 4660 4661 
4592 0 0 8.2 5.14538 0 4521 4522 4591 4593 4661 4662 
4593 0 0 8.2 5.49179 0 4522 4523 4592 4594 4662 4663 
4594 0 0 8.2 5.8382 0 4523 4593 4663 4524 4595 4664 
4595 0 0 8.2 6.18461 0 4594 4524 4525 4596 4664 4665 
4596 0 0 8.2 6.53102 0 4525 4526 4595 4597 4665 4666 
4597 0 0 8.2 6.87743 0 4526 4527 4596 4598 4666 4667 
4598 0 0 8.2 7.22384 0 4527 4528 4597 4599 4667 4668 
4599 0 0 8.2 7.57025 0 4528 4529 4598 4600 4668 4669 
4600 0 0 8.2 7.91666 0 4529 4599 4669 4670 
4601 1 0 8.2 8.26307 0 4530 4531 4602 
4602 1 0 8.2 8.60948 0 4531 4532 4601 4603 4672 
4603 1 0 8.2 8.95589 0 4532 4533 4602 4604 4672 4673 
4604 1 0 8.2 9.3023 0 4533 4534 4603 4605 4673 4674 
4605 1 0 8.2 9.64871 0 4534 4535 4604 4606 4674 4675 
4606 1 0 8.2 9.99512 0 4535 4605 4675 4536 4607 4676 
4607 1 0 8.2 10.3415 0 4606 4536 4537 4608 4676 4677 
4608 1 0 8.2 10.6879 0 4537 4538 4607 4609 4677 4678 
4609 1 0 8.2 11.0344 0 4538 4539 4608 4610 4678 4679 
4610 1 0 8.2 11.3808 0 4539 4540 4609 4611 4679 4680 
4611 1 0 8.2 11.7272 0 4540 4541 4610 4680 4612 
4612 1 0 8.2 12.0736 0 4541 4611 4542 
4613 6 0 8.5 -11.6555 0 4543 4544 4614 4681 
4614 6 0 8.5 -11.3091 0 4544 4545 4613 4615 4681 4682 
4615 6 0 8.5 -10.9627 0 4545 4546 4614 4616 4682 4683 
4616 6 0 8.5 -10.6163 0 4546 4547 4615 4617 4683 4684 
4617 6 0 8.5 -10.2699 0 4547 4548 4616 4684 4685 4618 
4618 6 0 8.5 -9.92346 0 4548 4617 4685 4549 4619 4686 
4619 6 0 8.5 -9.57705 0 4549 4550 4618 4620 4686 4687 
4620 6 0 8.5 -9.23064 0 4550 4551 4619 4621 4687 4688 
4621 6 0 8.5 -8.88423 0 4551 4552 4620 4622 4688 
4622 6 0 8.5 -8.53782 0 4552 4553 4621 
4623 7 0 8.5 -8.19141 0 4554 4690 4691 4624 
4624 7 0 8.5 -7.845 0 4554 4623 4691 4555 4625 4692 
4625 7 0 8.5 -7.49859 0 4555 4556 4624 4626 4692 4693 
4626 7 0 8.5 -7.15218 0 4556 4557 4625 4627 4693 4694 
4627 7 0 8.5 -6.80577 0 4557 4558 4626 4628 4694 4695 
4628 7 0 8.5 -6.45936 0 4558 4559 4627 4629 4695 4696 
4629 7 0 8.5 -6.11295 0 4559 4628 4696 4560 4630 4697 
4630 7 0 8.5 -5.76654 0 4629 4560 4561 4631 4697 4698 
4631 7 0 8.5 -5.42013 0 4561 4562 4630 4632 4698 4699 
4632 7 0 8.5 -5.07372 0 4562 4563 4631 4633 4699 4700 
4633 7 0 8.5 -4.72731 0 4563 4564 4632 4634 4700 4701 
4634 7 0 8.5 -4.3809 0 4564 4565 4633 4635 4701 4702 
4635 7 0 8.5 -4.03449 0 4565 4634 4702 4566 4636 4703 
4636 7 0 8.5 -3.68808 0 4635 4566 4567 4637 4703 4704 
4637 7 0 8.5 -3.34167 0 4567 4568 4636 4638 4704 4705 
4638 7 0 8.5 -2.99526 0 4568 4569 4637 4639 4705 4706 
4639 7 0 8.5 -2.64885 0 4569 4570 4638 4640 4706 4707 
4640 7 0 8.5 -2.30244 0 4570 4571 4639 4707 4708 4641 
4641 7 0 8.5 -1.95603 0 4571 4640 4708 4572 4642 4709 
4642 7 0 8.5 -1.60962 0 4572 4573 4641 4643 4709 4710 
4643 7 0 8.5 -1.26321 0 4573 4574 4642 4644 4710 4711 
4644 7 0 8.5 -0.916799 0 4574 4575 4643 4645 4711 4712 
4645 7 0 8.5 -0.570388 0 4575 4576 4644 4646 4712 4713 
4646 7 0 8.5 -0.223978 0 4576 4577 4645 4713 4714 
4647 0 0 8.5 0.122432 0 4578 4648 4715 
4648 0 0 8.5 0.468842 0 4578 4579 4647 4649 4715 4716 
4649 0 0 8.5 0.815252 0 4579 4580 4648 4650 4716 4717 
4650 0 0 8.5 1.16166 0 4580 4581 4649 4651 4717 4718 
4651 0 0 8.5 1.50807 0 4581 4582 4650 4652 4718 4719 
4652 0 0 8.5 1.85448 0 4582 4651 4719 4583 4653 4720 
4653 0 0 8.5 2.20089 0 4652 4583 4584 4654 4720 4721 
4654 0 0 8.5 2.5473 0 4584 4585 4653 4655 4721 4722 
4655 0 0 8.5 2.89371 0 4585 4586 4654 4656 4722 4723 
4656 0 0 8.5 3.24012 0 4586 4587 4655 4657 4723 4724 
4657 0 0 8.5 3.58653 0 4587 4588 4656 4658 4724 4725 
4658 0 0 8.5 3.93294 0 4588 4657 4725 4589 4659 4726 
4659 0 0 8.5 4.27935 0 4658 4589 4590 4660 4726 4727 
4660 0 0 8.5 4.62576 0 4590 4591 4659 4661 4727 4728 
4661 0 0 8.5 4.97217 0 4591 4592 4660 4662 4728 4729 
4662 0 0 8.5 5.31858 0 4592 4593 4661 4663 4729 4730 
4663 0 0 8.5 5.66499 0 4593 4594 4662 4730 4731 4664 
4664 0 0 8.5 6.0114 0 4594 4663 4731 4595 4665 4732 
4665 0 0 8.5 6.35781 0 4595 4596 4664 4666 4732 4733 
4666 0 0 8.5 6.70422 0 4596 4597 4665 4667 4733 4734 
4667 0 0 8.5 7.05064 0 4597 4598 4666 4668 4734 4735 
4668 0 0 8.5 7.39705 0 4598 4599 4667 4669 4735 4736 
4669 0 0 8.5 7.74346 0 4599 4600 4668 4736 4737 4670 
4670 0 0 8.5 8.08987 0 4600 4669 4737 4671 4738 
4671 0 0 8.5 8.43628 0 4670 4738 4739 
4672 1 0 8.5 8.78269 0 4602 4603 4673 4740 
4673 1 0 8.5 9.1291 0 4603 4604 4672 4674 4740 4741 
4674 1 0 8.5 9.47551 0 4604 4605 4673 4675 4741 4742 
4675 1 0 8.5 9.82192 0 4605 4606 4674 4742 4743 4676 
4676 1 0 8.5 10.1683 0 4606 4675 4743 4607 4677 4744 
4677 1 0 8.5 10.5147 0 4607 4608 4676 4678 4744 4745 
4678 1 0 8.5 10.8611 0 4608 4609 4677 4679 4745 4746 
4679 1 0 8.5 11.2076 0 4609 4610 4678 4680 4746 4747 
4680 1 0 8.5 11.554 0 4610 4611 4679 4747 
4681 6 0 8.8 -11.4823 0 4613 4614 4682 4748 
4682 6 0 8.8 -11.1359 0 4614 4615 4681 4683 4748 4749 
4683 6 0 8.8 -10.7895 0 4615 4616 4682 4684 4749 4750 
4684 6 0 8.8 -10.4431 0 4616 4617 4683 4685 4750 4751 
4685 6 0 8.8 -10.0967 0 4617 4684 4751 4618 4686 4752 
4686 6 0 8.8 -9.75026 0 4685 4618 4619 4687 4752 4753 
4687 6 0 8.8 -9.40385 0 4619 4620 4686 4688 4753 4754 
4688 6 0 8.8 -9.05744 0 4620 4621 4687 4754 
4689 7 0 8.8 -8.71103 0 4690 4755 4756 
4690 7 0 8.8 -8.36462 0 4623 4689 4691 4756 4757 
4691 7 0 8.8 -8.01821 0 4623 4690 4757 4624 4692 4758 
4692 7 0 8.8 -7.6718 0 4691 4624 4625 4693 4758 4759 
4693 7 0 8.8 -7.32539 0 4625 4626 4692 4694 4759 4760 
4694 7 0 8.8 -6.97898 0 4626 4627 4693 4695 4760 4761 
4695 7 0 8.8 -6.63257 0 4627 4628 4694 4696 4761 4762 
4696 7 0 8.8 -6.28616 0 4628 4629 4695 4762 4763 4697 
4697 7 0 8.8 -5.93975 0 4629 4696 4763 4630 4698 4764 
4698 7 0 8.8 -5.59334 0 4630 4631 4697 4699 4764 4765 
4699 7 0 8.8 -5.24693 0 4631 4632 4698 4700 4765 4766 
4700 7 0 8.8 -4.90052 0 4632 4633 4699 4701 4766 4767 
4701 7 0 8.8 -4.55411 0 4633 4634 4700 4702 4767 4768 
4702 7 0 8.8 -4.2077 0 4634 4635 4701 4768 4769 4703 
4703 7 0 8.8 -3.86128 0 4635 4702 4769 4636 4704 4770 
4704 7 0 8.8 -3.51487 0 4636 4637 4703 4705 4770 4771 
4705 7 0 8.8 -3.16846 0 4637 4638 4704 4706 4771 4772 
4706 7 0 8.8 -2.82205 0 4638 4639 4705 4707 4772 4773 
4707 7 0 8.8 -2.47564 0 4639 4640 4706 4708 4773 4774 
4708 7 0 8.8 -2.12923 0 4640 4707 4774 4641 4709 4775 
4709 7 0 8.8 -1.78282 0 4708 4641 4642 4710 4775 4776 
4710 7 0 8.8 -1.43641 0 4642 4643 4709 4711 4776 4777 
4711 7 0 8.8 -1.09 0 4643 4644 4710 4712 4777 4778 
4712 7 0 8.8 -0.743594 0 4644 4645 4711 4713 4778 4779 
4713 7 0 8.8 -0.397183 0 4645 4646 4712 4714 4779 4780 
4714 7 0 8.8 -0.0507732 0 4646 4713 4780 
4715 0 0 8.8 0.295637 0 4647 4648 4716 4781 4782 
4716 0 0 8.8 0.642047 0 4648 4649 4715 4717 4782 4783 
4717 0 0 8.8 0.988457 0 4649 4650 4716 4718 4783 4784 
4718 0 0 8.8 1.33487 0 4650 4651 4717 4719 4784 4785 
4719 0 0 8.8 1.68128 0 4651 4652 4718 4785 4786 4720 
4720 0 0 8.8 2.02769 0 4652 4719 4786 4653 4721 4787 
4721 0 0 8.8 2.3741 0 4653 4654 4720 4722 4787 4788 
4722 0 0 8.8 2.72051 0 4654 4655 4721 4723 4788 4789 
4723 0 0 8.8 3.06692 0 4655 4656 4722 4724 4789 4790 
4724 0 0 8.8 3.41333 0 4656 4657 4723 4725 4790 4791 
4725 0 0 8.8 3.75974 0 4657 4658 4724 4791 4792 4726 
4726 0 0 8.8 4.10615 0 4658 4725 4792 4659 4727 4793 
4727 0 0 8.8 4.45256 0 4659 4660 4726 4728 4793 4794 
4728 0 0 8.8 4.79897 0 4660 4661 4727 4729 4794 4795 
4729 0 0 8.8 5.14538 0 4661 4662 4728 4730 4795 4796 
4730 0 0 8.8 5.49179 0 4662 4663 4729 4731 4796 4797 
4731 0 0 8.8 5.8382 0 4663 4730 4797 4664 4732 4798 
4732 0 0 8.8 6.18461 0 4731 4664 4665 4733 4798 4799 
4733 0 0 8.8 6.53102 0 4665 4666 4732 4734 4799 4800 
4734 0 0 8.8 6.87743 0 4666 4667 4733 4735 4800 4801 
4735 0 0 8.8 7.22384 0 4667 4668 4734 4736 4801 4802 
4736 0 0 8.8 7.57025 0 4668 4669 4735 4737 4802 4803 
4737 0 0 8.8 7.91666 0 4669 4736 4803 4670 4738 4804 
4738 0 0 8.8 8.26307 0 4737 4670 4671 4739 4804 4805 
4739 0 0 8.8 8.60948 0 4671 4738 4805 4806 
4740 1 0 8.8 8.95589 0 4672 4673 4741 4807 
4741 1 0 8.8 9.3023 0 4673 4674 4740 4742 4807 4808 
4742 1 0 8.8 9.64871 0 4674 4675 4741 4743 4808 4809 
4743 1 0 8.8 9.99512 0 4675 4742 4809 4676 4744 4810 
4744 1 0 8.8 10.3415 0 4743 4676 4677 4745 4810 4811 
4745 1 0 8.8 10.6879 0 4677 4678 4744 4746 4811 4812 
4746 1 0 8.8 11.0344 0 4678 4679 4745 4747 4812 4813 
4747 1 0 8.8 11.3808 0 4679 4680 4746 4813 
4748 6 0 9.1 -11.3091 0 4681 4682 4749 4814 
4749 6 0 9.1 -10.9627 0 4682 4683 4748 4750 4814 4815 
4750 6 0 9.1 -10.6163 0 4683 4684 4749 4751 4815 4816 
4751 6 0 9.1 -10.2699 0 4684 4685 4750 4816 4817 4752 
4752 6 0 9.1 -9.92346 0 4685 4751 4817 4686 4753 4818 
4753 6 0 9.1 -9.57705 0 4686 4687 4752 4754 4818 4819 
4754 6 0 9.1 -9.23064 0 4687 4688 4753 4819 
4755 7 0 9.1 -8.88423 0 4689 4756 4820 4821 
4756 7 0 9.1 -8.53782 0 4689 4690 4755 4757 4821 4822 
4757 7 0 9.1 -8.19141 0 4690 4691 4756 4822 4823 4758 
4758 7 0 9.1 -7.845 0 4691 4757 4823 4692 4759 4824 
4759 7 0 9.1 -7.49859 0 4692 4693 4758 4760 4824 4825 
4760 7 0 9.1 -7.15218 0 4693 4694 4759 4761 4825 4826 
4761 7 0 9.1 -6.80577 0 4694 4695 4760 4762 4826 4827 
4762 7 0 9.1 -6.45936 0 4695 4696 4761 4763 4827 4828 
4763 7 0 9.1 -6.11295 0 4696 4762 4828 4697 4764 4829 
4764 7 0 9.1 -5.76654 0 4763 4697 4698 4765 4829 4830 
4765 7 0 9.1 -5.42013 0 4698 4699 4764 4766 4830 4831 
4766 7 0 9.1 -5.07372 0 4699 4700 4765 4767 4831 4832 
4767 7 0 9.1 -4.72731 0 4700 4701 4766 4768 4832 4833 
4768 7 0 9.1 -4.3809 0 4701 4702 4767 4769 4833 4834 
4769 7 0 9.1 -4.03449 0 4702 4768 4834 4703 4770 4835 
4770 7 0 9.1 -3.68808 0 4769 4703 4704 4771 4835 4836 
4771 7 0 9.1 -3.34167 0 4704 4705 4770 4772 4836 4837 
4772 7 0 9.1 -2.99526 0 4705 4706 4771 4773 4837 4838 
4773 7 0 9.1 -2.64885 0 4706 4707 4772 4774 4838 4839 
4774 7 0 9.1 -2.30244 0 4707 4708 4773 4839 4840 4775 
4775 7 0 9.1 -1.95603 0 4708 4774 4840 4709 4776 4841 
4776 7 0 9.1 -1.60962 0 4709 4710 4775 4777 4841 4842 
4777 7 0 9.1 -1.26321 0 4710 4711 4776 4778 4842 4843 
4778 7 0 9.1 -0.916799 0 4711 4712 4777 4779 4843 4844 
4779 7 0 9.1 -0.570388 0 4712 4713 4778 4780 4844 4845 
4780 7 0 9.1 -0.223978 0 4713 4714 4779 4845 4846 
4781 0 0 9.1 0.122432 0 4715 4782 4847 
4782 0 0 9.1 0.468842 0 4715 4716 4781 4783 4847 4848 
4783 0 0 9.1 0.815252 0 4716 4717 4782 4784 4848 4849 
4784 0 0 9.1 1.16166 0 4717 4718 4783 4785 4849 4850 
4785 0 0 9.1 1.50807 0 4718 4719 4784 4786 4850 4851 
4786 0 0 9.1 1.85448 0 4719 4785 4851 4720 4787 4852 
4787 0 0 9.1 2.20089 0 4786 4720 4721 4788 4852 4853 
4788 0 0 9.1 2.5473 0 4721 4722 4787 4789 4853 4854 
4789 0 0 9.1 2.89371 0 4722 4723 4788 4790 4854 4855 
4790 0 0 9.1 3.24012 0 4723 4724 4789 4791 4855 4856 
4791 0 0 9.1 3.58653 0 4724 4725 4790 4792 4856 4857 
4792 0 0 9.1 3.93294 0 4725 4791 4857 4726 4793 4858 
4793 0 0 9.1 4.27935 0 4792 4726 4727 4794 4858 4859 
4794 0 0 9.1 4.62576 0 4727 4728 4793 4795 4859 4860 
4795 0 0 9.1 4.97217 0 4728 4729 4794 4796 4860 4861 
4796 0 0 9.1 5.31858 0 4729 4730 4795 4797 4861 4862 
4797 0 0 9.1 5.66499 0 4730 4731 4796 4862 4863 4798 
4798 0 0 9.1 6.0114 0 4731 4797 4863 4732 4799 4864 
4799 0 0 9.1 6.35781 0 4732 4733 4798 4800 4864 4865 
4800 0 0 9.1 6.70422 0 4733 4734 4799 4801 4865 4866 
4801 0 0 9.1 7.05064 0 4734 4735 4800 4802 4866 4867 
4802 0 0 9.1 7.39705 0 4735 4736 4801 4803 4867 4868 
4803 0 0 9.1 7.74346 0 4736 4737 4802 4868 4869 4804 
4804 0 0 9.1 8.08987 0 4737 4803 4869 4738 4805 4870 
4805 0 0 9.1 8.43628 0 4738 4739 4804 4806 4870 4871 
4806 0 0 9.1 8.78269 0 4739 4805 4871 4872 
4807 1 0 9.1 9.1291 0 4740 4741 4808 
4808 1 0 9.1 9.47551 0 4741 4742 4807 4809 4874 
4809 1 0 9.1 9.82192 0 4742 4743 4808 4874 4875 4810 
4810 1 0 9.1 10.1683 0 4743 4809 4875 4744 4811 4876 
4811 1 0 9.1 10.5147 0 4744 4745 4810 4812 4876 4877 
4812 1 0 9.1 10.8611 0 4745 4746 4811 4813 4877 4878 
4813 1 0 9.1 11.2076 0 4746 4747 4812 4878 
4814 6 0 9.4 -11.1359 0 4748 4749 4815 
4815 6 0 9.4 -10.7895 0 4749 4750 4814 4816 4879 
4816 6 0 9.4 -10.4431 0 4750 4751 4815 4817 4879 4880 
4817 6 0 9.4 -10.0967 0 4751 4816 4880 4752 4818 4881 
4818 6 0 9.4 -9.75026 0 4817 4752 4753 4819 4881 
4819 6 0 9.4 -9.40385 0 4753 4754 4818 
4820 7 0 9.4 -9.05744 0 4755 4821 4883 4884 
4821 7 0 9.4 -8.71103 0 4755 4756 4820 4822 4884 4885 
4822 7 0 9.4 -8.36462 0 4756 4757 4821 4823 4885 4886 
4823 7 0 9.4 -8.01821 0 4757 4822 4886 4758 4824 4887 
4824 7 0 9.4 -7.6718 0 4823 4758 4759 4825 4887 4888 
4825 7 0 9.4 -7.32539 0 4759 4760 4824 4826 4888 4889 
4826 7 0 9.4 -6.97898 0 4760 4761 4825 4827 4889 4890 
4827 7 0 9.4 -6.63257 0 4761 4762 4826 4828 4890 4891 
4828 7 0 9.4 -6.28616 0 4762 4763 4827 4891 4892 4829 
4829 7 0 9.4 -5.93975 0 4763 4828 4892 4764 4830 4893 
4830 7 0 9.4 -5.59334 0 4764 4765 4829 4831 4893 4894 
4831 7 0 9.4 -5.24693 0 4765 4766 4830 4832 4894 4895 
4832 7 0 9.4 -4.90052 0 4766 4767 4831 4833 4895 4896 
4833 7 0 9.4 -4.55411 0 4767 4768 4832 4834 4896 4897 
4834 7 0 9.4 -4.2077 0 4768 4769 4833 4897 4898 4835 
4835 7 0 9.4 -3.86128 0 4769 4834 4898 4770 4836 4899 
4836 7 0 9.4 -3.51487 0 4770 4771 4835 4837 4899 4900 
4837 7 0 9.4 -3.16846 0 4771 4772 4836 4838 4900 4901 
4838 7 0 9.4 -2.82205 0 4772 4773 4837 4839 4901 4902 
4839 7 0 9.4 -2.47564 0 4773 4774 4838 4840 4902 4903 
4840 7 0 9.4 -2.12923 0 4774 4839 4903 4775 4841 4904 
4841 7 0 9.4 -1.78282 0 4840 4775 4776 4842 4904 4905 
4842 7 0 9.4 -1.43641 0 4776 4777 4841 4843 4905 4906 
4843 7 0 9.4 -1.09 0 4777 4778 4842 4844 4906 4907 
4844 7 0 9.4 -0.743594 0 4778 4779 4843 4845 4907 4908 
4845 7 0 9.4 -0.397183 0 4779 4780 4844 4846 4908 4909 
4846 7 0 9.4 -0.0507732 0 4780 4845 4909 
4847 0 0 9.4 0.295637 0 4781 4782 4848 4910 4911 
4848 0 0 9.4 0.642047 0 4782 4783 4847 4849 4911 4912 
4849 0 0 9.4 0.988457 0 4783 4784 4848 4850 4912 4913 
4850 0 0 9.4 1.33487 0 4784 4785 4849 4851 4913 4914 
4851 0 0 9.4 1.68128 0 4785 4786 4850 4914 4915 4852 
4852 0 0 9.4 2.02769 0 4786 4851 4915 4787 4853 4916 
4853 0 0 9.4 2.3741 0 4787 4788 4852 4854 4916 4917 
4854 0 0 9.4 2.72051 0 4788 4789 4853 4855 4917 4918 
4855 0 0 9.4 3.06692 0 4789 4790 4854 4856 4918 4919 
4856 0 0 9.4 3.41333 0 4790 4791 4855 4857 4919 4920 
4857 0 0 9.4 3.75974 0 4791 4792 4856 4920 4921 4858 
4858 0 0 9.4 4.10615 0 4792 4857 4921 4793 4859 4922 
4859 0 0 9.4 4.45256 0 4793 4794 4858 4860 4922 4923 
4860 0 0 9.4 4.79897 0 4794 4795 4859 4861 4923 4924 
4861 0 0 9.4 5.14538 0 4795 4796 4860 4862 4924 4925 
4862 0 0 9.4 5.49179 0 4796 4797 4861 4863 4925 4926 
4863 0 0 9.4 5.8382 0 4797 4862 4926 4798 4864 4927 
4864 0 0 9.4 6.18461 0 4863 4798 4799 4865 4927 4928 
4865 0 0 9.4 6.53102 0 4799 4800 4864 4866 4928 4929 
4866 0 0 9.4 6.87743 0 4800 4801 4865 4867 4929 4930 
4867 0 0 9.4 7.22384 0 4801 4802 4866 4868 4930 4931 
4868 0 0 9.4 7.57025 0 4802 4803 4867 4869 4931 4932 
4869 0 0 9.4 7.91666 0 4803 4868 4932 4804 4870 4933 
4870 0 0 9.4 8.26307 0 4869 4804 4805 4871 4933 4934 
4871 0 0 9.4 8.60948 0 4805 4806 4870 4872 4934 4935 
4872 0 0 9.4 8.95589 0 4806 4871 4873 4935 4936 
4873 0 0 9.4 9.3023 0 4872 4936 4937 
4874 1 0 9.4 9.64871 0 4808 4809 4875 4938 
4875 1 0 9.4 9.99512 0 4809 4874 4938 4810 4876 4939 
4876 1 0 9.4 10.3415 0 4875 4810 4811 4877 4939 4940 
4877 1 0 9.4 10.6879 0 4811 4812 4876 4878 4940 4941 
4878 1 0 9.4 11.0344 0 4812 4813 4877 4941 
4879 6 0 9.7 -10.6163 0 4815 4816 4880 4942 
4880 6 0 9.7 -10.2699 0 4816 4817 4879 4942 4943 4881 
4881 6 0 9.7 -9.92346 0 4817 4880 4943 4818 
4882 7 0 9.7 -9.57705 0 4883 4944 4945 
4883 7 0 9.7 -9.23064 0 4820 4882 4884 4945 4946 
4884 7 0 9.7 -8.88423 0 4820 4821 4883 4885 4946 4947 
4885 7 0 9.7 -8.53782 0 4821 4822 4884 4886 4947 4948 
4886 7 0 9.7 -8.19141 0 4822 4823 4885 4948 4949 4887 
4887 7 0 9.7 -7.845 0 4823 4886 4949 4824 4888 4950 
4888 7 0 9.7 -7.49859 0 4824 4825 4887 4889 4950 4951 
4889 7 0 9.7 -7.15218 0 4825 4826 4888 4890 4951 4952 
4890 7 0 9.7 -6.80577 0 4826 4827 4889 4891 4952 4953 
4891 7 0 9.7 -6.45936 0 4827 4828 4890 4892 4953 4954 
4892 7 0 9.7 -6.11295 0 4828 4891 4954 4829 4893 4955 
4893 7 0 9.7 -5.76654 0 4892 4829 4830 4894 4955 4956 
4894 7 0 9.7 -5.42013 0 4830 4831 4893 4895 4956 4957 
4895 7 0 9.7 -5.07372 0 4831 4832 4894 4896 4957 4958 
4896 7 0 9.7 -4.72731 0 4832 4833 4895 4897 4958 4959 
4897 7 0 9.7 -4.3809 0 4833 4834 4896 4898 4959 4960 
4898 7 0 9.7 -4.03449 0 4834 4897 4960 4835 4899 4961 
4899 7 0 9.7 -3.68808 0 4898 4835 4836 4900 4961 4962 
4900 7 0 9.7 -3.34167 0 4836 4837 4899 4901 4962 4963 
4901 7 0 9.7 -2.99526 0 4837 4838 4900 4902 4963 4964 
4902 7 0 9.7 -2.64885 0 4838 4839 4901 4903 4964 4965 
4903 7 0 9.7 -2.30244 0 4839 4840 4902 4965 4966 4904 
4904 7 0 9.7 -1.95603 0 4840 4903 4966 4841 4905 4967 
4905 7 0 9.7 -1.60962 0 4841 4842 4904 4906 4967 4968 
4906 7 0 9.7 -1.26321 0 4842 4843 4905 4907 4968 4969 
4907 7 0 9.7 -0.916799 0 4843 4844 4906 4908 4969 4970 
4908 7 0 9.7 -0.570388 0 4844 4845 4907 4909 4970 4971 
4909 7 0 9.7 -0.223978 0 4845 4846 4908 4971 4972 
4910 0 0 9.7 0.122432 0 4847 4911 4973 
4911 0 0 9.7 0.468842 0 4847 4848 4910 4912 4973 4974 
4912 0 0 9.7 0.815252 0 4848 4849 4911 4913 4974 4975 
4913 0 0 9.7 1.16166 0 4849 4850 4912 4914 4975 4976 
4914 0 0 9.7 1.50807 0 4850 4851 4913 4915 4976 4977 
4915 0 0 9.7 1.85448 0 4851 4914 4977 4852 4916 4978 
4916 0 0 9.7 2.20089 0 4915 4852 4853 4917 4978 4979 
4917 0 0 9.7 2.5473 0 4853 4854 4916 4918 4979 4980 
4918 0 0 9.7 2.89371 0 4854 4855 4917 4919 4980 4981 
4919 0 0 9.7 3.24012 0 4855 4856 4918 4920 4981 4982 
4920 0 0 9.7 3.58653 0 4856 4857 4919 4921 4982 4983 
4921 0 0 9.7 3.93294 0 4857 4920 4983 4858 4922 4984 
4922 0 0 9.7 4.27935 0 4921 4858 4859 4923 4984 4985 
4923 0 0 9.7 4.62576 0 4859 4860 4922 4924 4985 4986 
4924 0 0 9.7 4.97217 0 4860 4861 4923 4925 4986 4987 
4925 0 0 9.7 5.31858 0 4861 4862 4924 4926 4987 4988 
4926 0 0 9.7 5.66499 0 4862 4863 4925 4988 4989 4927 
4927 0 0 9.7 6.0114 0 4863 4926 4989 4864 4928 4990 
4928 0 0 9.7 6.35781 0 4864 4865 4927 4929 4990 4991 
4929 0 0 9.7 6.70422 0 4865 4866 4928 4930 4991 4992 
4930 0 0 9.7 7.05064 0 4866 4867 4929 4931 4992 4993 
4931 0 0 9.7 7.39705 0 4867 4868 4930 4932 4993 4994 
4932 0 0 9.7 7.74346 0 4868 4869 4931 4994 4995 4933 
4933 0 0 9.7 8.08987 0 4869 4932 4995 4870 4934 4996 
4934 0 0 9.7 8.43628 0 4870 4871 4933 4935 4996 4997 
4935 0 0 9.7 8.78269 0 4871 4872 4934 4936 4997 4998 
4936 0 0 9.7 9.1291 0 4872 4873 4935 4937 4998 4999 
4937 0 0 9.7 9.47551 0 4873 4936 4999 5000 
4938 1 0 9.7 9.82192 0 4874 4875 4939 
4939 1 0 9.7 10.1683 0 4875 4938 4876 4940 5002 
4940 1 0 9.7 10.5147 0 4876 4877 4939 4941 5002 
4941 1 0 9.7 10.8611 0 4877 4878 4940 
4942 6 0 10 -10.4431 0 4879 4880 4943 
4943 6 0 10 -10.0967 0 4880 4942 4881 
4944 7 0 10 -9.75026 0 4882 4945 5004 5005 
4945 7 0 10 -9.40385 0 4882 4883 4944 4946 5005 5006 
4946 7 0 10 -9.05744 0 4883 4884 4945 4947 5006 5007 
4947 7 0 10 -8.71103 0 4884 4885 4946 4948 5007 5008 
4948 7 0 10 -8.36462 0 4885 4886 4947 4949 5008 5009 
4949 7 0 10 -8.01821 0 4886 4948 5009 4887 4950 5010 
4950 7 0 10 -7.6718 0 4949 4887 4888 4951 5010 5011 
4951 7 0 10 -7.32539 0 4888 4889 4950 4952 5011 5012 
4952 7 0 10 -6.97898 0 4889 4890 4951 4953 5012 5013 
4953 7 0 10 -6.63257 0 4890 4891 4952 4954 5013 5014 
4954 7 0 10 -6.28616 0 4891 4892 4953 5014 5015 4955 
4955 7 0 10 -5.93975 0 4892 4954 5015 4893 4956 5016 
4956 7 0 10 -5.59334 0 4893 4894 4955 4957 5016 5017 
4957 7 0 10 -5.24693 0 4894 4895 4956 4958 5017 5018 
4958 7 0 10 -4.90052 0 4895 4896 4957 4959 5018 5019 
4959 7 0 10 -4.55411 0 4896 4897 4958 4960 5019 5020 
4960 7 0 10 -4.2077 0 4897 4898 4959 5020 5021 4961 
4961 7 0 10 -3.86128 0 4898 4960 5021 4899 4962 5022 
4962 7 0 10 -3.51487 0 4899 4900 4961 4963 5022 5023 
4963 7 0 10 -3.16846 0 4900 4901 4962 4964 5023 5024 
4964 7 0 10 -2.82205 0 4901 4902 4963 4965 5024 5025 
4965 7 0 10 -2.47564 0 4902 4903 4964 4966 5025 5026 
4966 7 0 10 -2.12923 0 4903 4965 5026 4904 4967 5027 
4967 7 0 10 -1.78282 0 4966 4904 4905 4968 5027 5028 
4968 7 0 10 -1.43641 0 4905 4906 4967 4969 5028 5029 
4969 7 0 10 -1.09 0 4906 4907 4968 4970 5029 5030 
4970 7 0 10 -0.743594 0 4907 4908 4969 4971 5030 5031 
4971 7 0 10 -0.397183 0 4908 4909 4970 4972 5031 5032 
4972 7 0 10 -0.0507732 0 4909 4971 5032 
4973 0 0 10 0.295637 0 4910 4911 4974 5033 5034 
4974 0 0 10 0.642047 0 4911 4912 4973 4975 5034 5035 
4975 0 0 10 0.988457 0 4912 4913 4974 4976 5035 5036 
4976 0 0 10 1.33487 0 4913 4914 4975 4977 5036 5037 
4977 0 0 10 1.68128 0 4914 4915 4976 5037 5038 4978 
4978 0 0 10 2.02769 0 4915 4977 5038 4916 4979 5039 
4979 0 0 10 2.3741 0 4916 4917 4978 4980 5039 5040 
4980 0 0 10 2.72051 0 4917 4918 4979 4981 5040 5041 
4981 0 0 10 3.06692 0 4918 4919 4980 4982 5041 5042 
4982 0 0 10 3.41333 0 4919 4920 4981 4983 5042 5043 
4983 0 0 10 3.75974 0 4920 4921 4982 5043 5044 4984 
4984 0 0 10 4.10615 0 4921 4983 5044 4922 4985 5045 
4985 0 0 10 4.45256 0 4922 4923 4984 4986 5045 5046 
4986 0 0 10 4.79897 0 4923 4924 4985 4987 5046 5047 
4987 0 0 10 5.14538 0 4924 4925 4986 4988 5047 5048 
4988 0 0 10 5.49179 0 4925 4926 4987 4989 5048 5049 
4989 0 0 10 5.8382 0 4926 4988 5049 4927 4990 5050 
4990 0 0 10 6.18461 0 4989 4927 4928 4991 5050 5051 
4991 0 0 10 6.53102 0 4928 4929 4990 4992 5051 5052 
4992 0 0 10 6.87743 0 4929 4930 4991 4993 5052 5053 
4993 0 0 10 7.22384 0 4930 4931 4992 4994 5053 5054 
4994 0 0 10 7.57025 0 4931 4932 4993 4995 5054 5055 
4995 0 0 10 7.91666 0 4932 4994 5055 4933 4996 5056 
4996 0 0 10 8.26307 0 4995 4933 4934 4997 5056 5057 
4997 0 0 10 8.60948 0 4934 4935 4996 4998 5057 5058 
4998 0 0 10 8.95589 0 4935 4936 4997 4999 5058 5059 
4999 0 0 10 9.3023 0 4936 4937 4998 5000 5059 5060 
5000 0 0 10 9.64871 0 4937 4999 5001 5060 5061 
5001 0 0 10 9.99512 0 5000 5061 5062 
5002 1 0 10 10.3415 0 4939 4940 
5003 7 0 10.3 -10.2699 0 5004 
5004 7 0 10.3 -9.92346 0 5003 4944 5005 5063 
5005 7 0 10.3 -9.57705 0 4944 4945 5004 5006 5063 5064 
5006 7 0 10.3 -9.23064 0 4945 4946 5005 5007 5064 5065 
5007 7 0 10.3 -8.88423 0 4946 4947 5006 5008 5065 5066 
5008 7 0 10.3 -8.53782 0 4947 4948 5007 5009 5066 5067 
5009 7 0 10.3 -8.19141 0 4948 4949 5008 5067 5068 5010 
5010 7 0 10.3 -7.845 0 4949 5009 5068 4950 5011 5069 
5011 7 0 10.3 -7.49859 0 4950 4951 5010 5012 5069 5070 
5012 7 0 10.3 -7.15218 0 4951 4952 5011 5013 5070 5071 
5013 7 0 10.3 -6.80577 0 4952 4953 5012 5014 5071 5072 
5014 7 0 10.3 -6.45936 0 4953 4954 5013 5015 5072 5073 
5015 7 0 10.3 -6.11295 0 4954 5014 5073 4955 5016 5074 
5016 7 0 10.3 -5.76654 0 5015 4955 4956 5017 5074 5075 
5017 7 0 10.3 -5.42013 0 4956 4957 5016 5018 5075 5076 
5018 7 0 10.3 -5.07372 0 4957 4958 5017 5019 5076 5077 
5019 7 0 10.3 -4.72731 0 4958 4959 5018 5020 5077 5078 
5020 7 0 10.3 -4.3809 0 4959 4960 5019 5021 5078 5079 
5021 7 0 10.3 -4.03449 0 4960 5020 5079 4961 5022 5080 
5022 7 0 10.3 -3.68808 0 5021 4961 4962 5023 5080 5081 
5023 7 0 10.3 -3.34167 0 4962 4963 5022 5024 5081 5082 
5024 7 0 10.3 -2.99526 0 4963 4964 5023 5025 5082 5083 
5025 7 0 10.3 -2.64885 0 4964 4965 5024 5026 5083 5084 
5026 7 0 10.3 -2.30244 0 4965 4966 5025 5084 5085 5027 
5027 7 0 10.3 -1.95603 0 4966 5026 5085 4967 5028 5086 
5028 7 0 10.3 -1.60962 0 4967 4968 5027 5029 5086 5087 
5029 7 0 10.3 -1.26321 0 4968 4969 5028 5030 5087 5088 
5030 7 0 10.3 -0.916799 0 4969 4970 5029 5031 5088 5089 
5031 7 0 10.3 -0.570388 0 4970 4971 5030 5032 5089 5090 
5032 7 0 10.3 -0.223978 0 4971 4972 5031 5090 5091 
5033 0 0 10.3 0.122432 0 4973 5034 5092 
5034 0 0 10.3 0.468842 0 4973 4974 5033 5035 5092 5093 
5035 0 0 10.3 0.815252 0 4974 4975 5034 5036 5093 5094 
5036 0 0 10.3 1.16166 0 4975 4976 5035 5037 5094 5095 
5037 0 0 10.3 1.50807 0 4976 4977 5036 5038 5095 5096 
5038 0 0 10.3 1.85448 0 4977 5037 5096 4978 5039 5097 
5039 0 0 10.3 2.20089 0 5038 4978 4979 5040 5097 5098 
5040 0 0 10.3 2.5473 0 4979 4980 5039 5041 5098 5099 
5041 0 0 10.3 2.89371 0 4980 4981 5040 5042 5099 5100 
5042 0 0 10.3 3.24012 0 4981 4982 5041 5043 5100 5101 
5043 0 0 10.3 3.58653 0 4982 4983 5042 5044 5101 5102 
5044 0 0 10.3 3.93294 0 4983 5043 5102 4984 5045 5103 
5045 0 0 10.3 4.27935 0 5044 4984 4985 5046 5103 5104 
5046 0 0 10.3 4.62576 0 4985 4986 5045 5047 5104 5105 
5047 0 0 10.3 4.97217 0 4986 4987 5046 5048 5105 5106 
5048 0 0 10.3 5.31858 0 4987 4988 5047 5049 5106 5107 
5049 0 0 10.3 5.66499 0 4988 4989 5048 5107 5108 5050 
5050 0 0 10.3 6.0114 0 4989 5049 5108 4990 5051 5109 
5051 0 0 10.3 6.35781 0 4990 4991 5050 5052 5109 5110 
5052 0 0 10.3 6.70422 0 4991 4992 5051 5053 5110 5111 
5053 0 0 10.3 7.05064 0 4992 4993 5052 5054 5111 5112 
5054 0 0 10.3 7.39705 0 4993 4994 5053 5055 5112 5113 
5055 0 0 10.3 7.74346 0 4994 4995 5054 5113 5114 5056 
5056 0 0 10.3 8.08987 0 4995 5055 5114 4996 5057 5115 
5057 0 0 10.3 8.43628 0 4996 4997 5056 5058 5115 5116 
5058 0 0 10.3 8.78269 0 4997 4998 5057 5059 5116 5117 
5059 0 0 10.3 9.1291 0 4998 4999 5058 5060 5117 5118 
5060 0 0 10.3 9.47551 0 4999 5000 5059 5061 5118 5119 
5061 0 0 10.3 9.82192 0 5000 5001 5060 5119 5120 5062 
5062 0 0 10.3 10.1683 0 5001 5061 5120 
5063 7 0 10.6 -9.75026 0 5004 5005 5064 5121 
5064 7 0 10.6 -9.40385 0 5005 5006 5063 5065 5121 5122 
5065 7 0 10.6 -9.05744 0 5006 5007 5064 5066 5122 5123 
5066 7 0 10.6 -8.71103 0 5007 5008 5065 5067 5123 5124 
5067 7 0 10.6 -8.36462 0 5008 5009 5066 5068 5124 5125 
5068 7 0 10.6 -8.01821 0 5009 5067 5125 5010 5069 5126 
5069 7 0 10.6 -7.6718 0 5068 5010 5011 5070 5126 5127 
5070 7 0 10.6 -7.32539 0 5011 5012 5069 5071 5127 5128 
5071 7 0 10.6 -6.97898 0 5012 5013 5070 5072 5128 5129 
5072 7 0 10.6 -6.63257 0 5013 5014 5071 5073 5129 5130 
5073 7 0 10.6 -6.28616 0 5014 5015 5072 5130 5131 5074 
5074 7 0 10.6 -5.93975 0 5015 5073 5131 5016 5075 5132 
5075 7 0 10.6 -5.59334 0 5016 5017 5074 5076 5132 5133 
5076 7 0 10.6 -5.24693 0 5017 5018 5075 5077 5133 5134 
5077 7 0 10.6 -4.90052 0 5018 5019 5076 5078 5134 5135 
5078 7 0 10.6 -4.55411 0 5019 5020 5077 5079 5135 5136 
5079 7 0 10.6 -4.2077 0 5020 5021 5078 5136 5137 5080 
5080 7 0 10.6 -3.86128 0 5021 5079 5137 5022 5081 5138 
5081 7 0 10.6 -3.51487 0 5022 5023 5080 5082 5138 5139 
5082 7 0 10.6 -3.16846 0 5023 5024 5081 5083 5139 5140 
5083 7 0 10.6 -2.82205 0 5024 5025 5082 5084 5140 5141 
5084 7 0 10.6 -2.47564 0 5025 5026 5083 5085 5141 5142 
5085 7 0 10.6 -2.12923 0 5026 5084 5142 5027 5086 5143 
5086 7 0 10.6 -1.78282 0 5085 5027 5028 5087 5143 5144 
5087 7 0 10.6 -1.43641 0 5028 5029 5086 5088 5144 5145 
5088 7 0 10.6 -1.09 0 5029 5030 5087 5089 5145 5146 
5089 7 0 10.6 -0.743594 0 5030 5031 5088 5090 5146 5147 
5090 7 0 10.6 -0.397183 0 5031 5032 5089 5091 5147 5148 
5091 7 0 10.6 -0.0507732 0 5032 5090 5148 
5092 0 0 10.6 0.295637 0 5033 5034 5093 5149 5150 
5093 0 0 10.6 0.642047 0 5034 5035 5092 5094 5150 5151 
5094 0 0 10.6 0.988457 0 5035 5036 5093 5095 5151 5152 
5095 0 0 10.6 1.33487 0 5036 5037 5094 5096 5152 5153 
5096 0 0 10.6 1.68128 0 5037 5038 5095 5153 5154 5097 
5097 0 0 10.6 2.02769 0 5038 5096 5154 5039 5098 5155 
5098 0 0 10.6 2.3741 0 5039 5040 5097 5099 5155 5156 
5099 0 0 10.6 2.72051 0 5040 5041 5098 5100 5156 5157 
5100 0 0 10.6 3.06692 0 5041 5042 5099 5101 5157 5158 
5101 0 0 10.6 3.41333 0 5042 5043 5100 5102 5158 5159 
5102 0 0 10.6 3.75974 0 5043 5044 5101 5159 5160 5103 
5103 0 0 10.6 4.10615 0 5044 5102 5160 5045 5104 5161 
5104 0 0 10.6 4.45256 0 5045 5046 5103 5105 5161 5162 
5105 0 0 10.6 4.79897 0 5046 5047 5104 5106 5162 5163 
5106 0 0 10.6 5.14538 0 5047 5048 5105 5107 5163 5164 
5107 0 0 10.6 5.49179 0 5048 5049 5106 5108 5164 5165 
5108 0 0 10.6 5.8382 0 5049 5107 5165 5050 5109 5166 
5109 0 0 10.6 6.18461 0 5108 5050 5051 5110 5166 5167 
5110 0 0 10.6 6.53102 0 5051 5052 5109 5111 5167 5168 
5111 0 0 10.6 6.87743 0 5052 5053 5110 5112 5168 5169 
5112 0 0 10.6 7.22384 0 5053 5054 5111 5113 5169 5170 
5113 0 0 10.6 7.57025 0 5054 5055 5112 5114 5170 5171 
5114 0 0 10.6 7.91666 0 5055 5113 5171 5056 5115 5172 
5115 0 0 10.6 8.26307 0 5114 5056 5057 5116 5172 5173 
5116 0 0 10.6 8.60948 0 5057 5058 5115 5117 5173 5174 
5117 0 0 10.6 8.95589 0 5058 5059 5116 5118 5174 5175 
5118 0 0 10.6 9.3023 0 5059 5060 5117 5119 5175 5176 
5119 0 0 10.6 9.64871 0 5060 5061 5118 5120 5176 
5120 0 0 10.6 9.99512 0 5061 5119 5062 
5121 7 0 10.9 -9.57705 0 5063 5064 5122 
5122 7 0 10.9 -9.23064 0 5064 5065 5121 5123 5177 
5123 7 0 10.9 -8.88423 0 5065 5066 5122 5124 5177 5178 
5124 7 0 10.9 -8.53782 0 5066 5067 5123 5125 5178 5179 
5125 7 0 10.9 -8.19141 0 5067 5068 5124 5179 5180 5126 
5126 7 0 10.9 -7.845 0 5068 5125 5180 5069 5127 5181 
5127 7 0 10.9 -7.49859 0 5069 5070 5126 5128 5181 5182 
5128 7 0 10.9 -7.15218 0 5070 5071 5127 5129 5182 5183 
5129 7 0 10.9 -6.80577 0 5071 5072 5128 5130 5183 5184 
5130 7 0 10.9 -6.45936 0 5072 5073 5129 5131 5184 5185 
5131 7 0 10.9 -6.11295 0 5073 5130 5185 5074 5132 5186 
5132 7 0 10.9 -5.76654 0 5131 5074 5075 5133 5186 5187 
5133 7 0 10.9 -5.42013 0 5075 5076 5132 5134 5187 5188 
5134 7 0 10.9 -5.07372 0 5076 5077 5133 5135 5188 5189 
5135 7 0 10.9 -4.72731 0 5077 5078 5134 5136 5189 5190 
5136 7 0 10.9 -4.3809 0 5078 5079 5135 5137 5190 5191 
5137 7 0 10.9 -4.03449 0 5079 5136 5191 5080 5138 5192 
5138 7 0 10.9 -3.68808 0 5137 5080 5081 5139 5192 5193 
5139 7 0 10.9 -3.34167 0 5081 5082 5138 5140 5193 5194 
5140 7 0 10.9 -2.99526 0 5082 5083 5139 5141 5194 5195 
5141 7 0 10.9 -2.64885 0 5083 5084 5140 5142 5195 5196 
5142 7 0 10.9 -2.30244 0 5084 5085 5141 5196 5197 5143 
5143 7 0 10.9 -1.95603 0 5085 5142 5197 5086 5144 5198 
5144 7 0 10.9 -1.60962 0 5086 5087 5143 5145 5198 5199 
5145 7 0 10.9 -1.26321 0 5087 5088 5144 5146 5199 5200 
5146 7 0 10.9 -0.916799 0 5088 5089 5145 5147 5200 5201 
5147 7 0 10.9 -0.570388 0 5089 5090 5146 5148 5201 5202 
5148 7 0 10.9 -0.223978 0 5090 5091 5147 5202 5203 
5149 0 0 10.9 0.122432 0 5092 5150 5204 
5150 0 0 10.9 0.468842 0 5092 5093 5149 5151 5204 5205 
5151 0 0 10.9 0.815252 0 5093 5094 5150 5152 5205 5206 
5152 0 0 10.9 1.16166 0 5094 5095 5151 5153 5206 5207 
5153 0 0 10.9 1.50807 0 5095 5096 5152 5154 5207 5208 
5154 0 0 10.9 1.85448 0 5096 5153 5208 5097 5155 5209 
5155 0 0 10.9 2.20089 0 5154 5097 5098 5156 5209 5210 
5156 0 0 10.9 2.5473 0 5098 5099 5155 5157 5210 5211 
5157 0 0 10.9 2.89371 0 5099 5100 5156 5158 5211 5212 
5158 0 0 10.9 3.24012 0 5100 5101 5157 5159 5212 5213 
5159 0 0 10.9 3.58653 0 5101 5102 5158 5160 5213 5214 
5160 0 0 10.9 3.93294 0 5102 5159 5214 5103 5161 5215 
5161 0 0 10.9 4.27935 0 5160 5103 5104 5162 5215 5216 
5162 0 0 10.9 4.62576 0 5104 5105 5161 5163 5216 5217 
5163 0 0 10.9 4.97217 0 5105 5106 5162 5164 5217 5218 
5164 0 0 10.9 5.31858 0 5106 5107 5163 5165 5218 5219 
5165 0 0 10.9 5.66499 0 5107 5108 5164 5219 5220 5166 
5166 0 0 10.9 6.0114 0 5108 5165 5220 5109 5167 5221 
5167 0 0 10.9 6.35781 0 5109 5110 5166 5168 5221 5222 
5168 0 0 10.9 6.70422 0 5110 5111 5167 5169 5222 5223 
5169 0 0 10.9 7.05064 0 5111 5112 5168 5170 5223 5224 
5170 0 0 10.9 7.39705 0 5112 5113 5169 5171 5224 5225 
5171 0 0 10.9 7.74346 0 5113 5114 5170 5225 5226 5172 
5172 0 0 10.9 8.08987 0 5114 5171 5226 5115 5173 5227 
5173 0 0 10.9 8.43628 0 5115 5116 5172 5174 5227 5228 
5174 0 0 10.9 8.78269 0 5116 5117 5173 5175 5228 5229 
5175 0 0 10.9 9.1291 0 5117 5118 5174 5176 5229 5230 
5176 0 0 10.9 9.47551 0 5118 5119 5175 5230 
5177 7 0 11.2 -9.05744 0 5122 5123 5178 5231 
5178 7 0 11.2 -8.71103 0 5123 5124 5177 5179 5231 5232 
5179 7 0 11.2 -8.36462 0 5124 5125 5178 5180 5232 5233 
5180 7 0 11.2 -8.01821 0 5125 5179 5233 5126 5181 5234 
5181 7 0 11.2 -7.6718 0 5180 5126 5127 5182 5234 5235 
5182 7 0 11.2 -7.32539 0 5127 5128 5181 5183 5235 5236 
5183 7 0 11.2 -6.97898 0 5128 5129 5182 5184 5236 5237 
5184 7 0 11.2 -6.63257 0 5129 5130 5183 5185 5237 5238 
5185 7 0 11.2 -6.28616 0 5130 5131 5184 5238 5239 5186 
5186 7 0 11.2 -5.93975 0 5131 5185 5239 5132 5187 5240 
5187 7 0 11.2 -5.59334 0 5132 5133 5186 5188 5240 5241 
5188 7 0 11.2 -5.24693 0 5133 5134 5187 5189 5241 5242 
5189 7 0 11.2 -4.90052 0 5134 5135 5188 5190 5242 5243 
5190 7 0 11.2 -4.55411 0 5135 5136 5189 5191 5243 5244 
5191 7 0 11.2 -4.2077 0 5136 5137 5190 5244 5245 5192 
5192 7 0 11.2 -3.86128 0 5137 5191 5245 5138 5193 5246 
5193 7 0 11.2 -3.51487 0 5138 5139 5192 5194 5246 5247 
5194 7 0 11.2 -3.16846 0 5139 5140 5193 5195 5247 5248 
5195 7 0 11.2 -2.82205 0 5140 5141 5194 5196 5248 5249 
5196 7 0 11.2 -2.47564 0 5141 5142 5195 5197 5249 5250 
5197 7 0 11.2 -2.12923 0 5142 5196 5250 5143 5198 5251 
5198 7 0 11.2 -1.78282 0 5197 5143 5144 5199 5251 5252 
5199 7 0 11.2 -1.43641 0 5144 5145 5198 5200 5252 5253 
5200 7 0 11.2 -1.09 0 5145 5146 5199 5201 5253 5254 
5201 7 0 11.2 -0.743594 0 5146 5147 5200 5202 5254 5255 
5202 7 0 11.2 -0.397183 0 5147 5148 5201 5203 5255 5256 
5203 7 0 11.2 -0.0507732 0 5148 5202 5256 
5204 0 0 11.2 0.295637 0 5149 5150 5205 5257 5258 
5205 0 0 11.2 0.642047 0 5150 5151 5204 5206 5258 5259 
5206 0 0 11.2 0.988457 0 5151 5152 5205 5207 5259 5260 
5207 0 0 11.2 1.33487 0 5152 5153 5206 5208 5260 5261 
5208 0 0 11.2 1.68128 0 5153 5154 5207 5261 5262 5209 
5209 0 0 11.2 2.02769 0 5154 5208 5262 5155 5210 5263 
5210 0 0 11.2 2.3741 0 5155 5156 5209 5211 5263 5264 
5211 0 0 11.2 2.72051 0 5156 5157 5210 5212 5264 5265 
5212 0 0 11.2 3.06692 0 5157 5158 5211 5213 5265 5266 
5213 0 0 11.2 3.41333 0 5158 5159 5212 5214 5266 5267 
5214 0 0 11.2 3.75974 0 5159 5160 5213 5267 5268 5215 
5215 0 0 11.2 4.10615 0 5160 5214 5268 5161 5216 5269 
5216 0 0 11.2 4.45256 0 5161 5162 5215 5217 5269 5270 
5217 0 0 11.2 4.79897 0 5162 5163 5216 5218 5270 5271 
5218 0 0 11.2 5.14538 0 5163 5164 5217 5219 5271 5272 
5219 0 0 11.2 5.49179 0 5164 5165 5218 5220 5272 5273 
5220 0 0 11.2 5.8382 0 5165 5219 5273 5166 5221 5274 
5221 0 0 11.2 6.18461 0 5220 5166 5167 5222 5274 5275 
5222 0 0 11.2 6.53102 0 5167 5168 5221 5223 5275 5276 
5223 0 0 11.2 6.87743 0 5168 5169 5222 5224 5276 5277 
5224 0 0 11.2 7.22384 0 5169 5170 5223 5225 5277 5278 
5225 0 0 11.2 7.57025 0 5170 5171 5224 5226 5278 5279 
5226 0 0 11.2 7.91666 0 5171 5225 5279 5172 5227 5280 
5227 0 0 11.2 8.26307 0 5226 5172 5173 5228 5280 5281 
5228 0 0 11.2 8.60948 0 5173 5174 5227 5229 5281 5282 
5229 0 0 11.2 8.95589 0 5174 5175 5228 5230 5282 
5230 0 0 11.2 9.3023 0 5175 5176 5229 
5231 7 0 11.5 -8.88423 0 5177 5178 5232 
5232 7 0 11.5 -8.53782 0 5178 5179 5231 5233 5283 
5233 7 0 11.5 -8.19141 0 5179 5180 5232 5283 5284 5234 
5234 7 0 11.5 -7.845 0 5180 5233 5284 5181 5235 5285 
5235 7 0 11.5 -7.49859 0 5181 5182 5234 5236 5285 5286 
5236 7 0 11.5 -7.15218 0 5182 5183 5235 5237 5286 5287 
5237 7 0 11.5 -6.80577 0 5183 5184 5236 5238 5287 5288 
5238 7 0 11.5 -6.45936 0 5184 5185 5237 5239 5288 5289 
5239 7 0 11.5 -6.11295 0 5185 5238 5289 5186 5240 5290 
5240 7 0 11.5 -5.76654 0 5239 5186 5187 5241 5290 5291 
5241 7 0 11.5 -5.42013 0 5187 5188 5240 5242 5291 5292 
5242 7 0 11.5 -5.07372 0 5188 5189 5241 5243 5292 5293 
5243 7 0 11.5 -4.72731 0 5189 5190 5242 5244 5293 5294 
5244 7 0 11.5 -4.3809 0 5190 5191 5243 5245 5294 5295 
5245 7 0 11.5 -4.03449 0 5191 5244 5295 5192 5246 5296 
5246 7 0 11.5 -3.68808 0 5245 5192 5193 5247 5296 5297 
5247 7 0 11.5 -3.34167 0 5193 5194 5246 5248 5297 5298 
5248 7 0 11.5 -2.99526 0 5194 5195 5247 5249 5298 5299 
5249 7 0 11.5 -2.64885 0 5195 5196 5248 5250 5299 5300 
5250 7 0 11.5 -2.30244 0 5196 5197 5249 5300 5301 5251 
5251 7 0 11.5 -1.95603 0 5197 5250 5301 5198 5252 5302 
5252 7 0 11.5 -1.60962 0 5198 5199 5251 5253 5302 5303 
5253 7 0 11.5 -1.26321 0 5199 5200 5252 5254 5303 5304 
5254 7 0 11.5 -0.916799 0 5200 5201 5253 5255 5304 5305 
5255 7 0 11.5 -0.570388 0 5201 5202 5254 5256 5305 5306 
5256 7 0 11.5 -0.223978 0 5202 5203 5255 5306 5307 
5257 0 0 11.5 0.122432 0 5204 5258 5308 
5258 0 0 11.5 0.468842 0 5204 5205 5257 5259 5308 5309 
5259 0 0 11.5 0.815252 0 5205 5206 5258 5260 5309 5310 
5260 0 0 11.5 1.16166 0 5206 5207 5259 5261 5310 5311 
5261 0 0 11.5 1.50807 0 5207 5208 5260 5262 5311 5312 
5262 0 0 11.5 1.85448 0 5208 5261 5312 5209 5263 5313 
5263 0 0 11.5 2.20089 0 5262 5209 5210 5264 5313 5314 
5264 0 0 11.5 2.5473 0 5210 5211 5263 5265 5314 5315 
5265 0 0 11.5 2.89371 0 5211 5212 5264 5266 5315 5316 
5266 0 0 11.5 3.24012 0 5212 5213 5265 5267 5316 5317 
5267 0 0 11.5 3.58653 0 5213 5214 5266 5268 5317 5318 
5268 0 0 11.5 3.93294 0 5214 5267 5318 5215 5269 5319 
5269 0 0 11.5 4.27935 0 5268 5215 5216 5270 5319 5320 
5270 0 0 11.5 4.62576 0 5216 5217 5269 5271 5320 5321 
5271 0 0 11.5 4.97217 0 5217 5218 5270 5272 5321 5322 
5272 0 0 11.5 5.31858 0 5218 5219 5271 5273 5322 5323 
5273 0 0 11.5 5.66499 0 5219 5220 5272 5323 5324 5274 
5274 0 0 11.5 6.0114 0 5220 5273 5324 5221 5275 5325 
5275 0 0 11.5 6.35781 0 5221 5222 5274 5276 5325 5326 
5276 0 0 11.5 6.70422 0 5222 5223 5275 5277 5326 5327 
5277 0 0 11.5 7.05064 0 5223 5224 5276 5278 5327 5328 
5278 0 0 11.5 7.39705 0 5224 5225 5277 5279 5328 5329 
5279 0 0 11.5 7.74346 0 5225 5226 5278 5329 5330 5280 
5280 0 0 11.5 8.08987 0 5226 5279 5330 5227 5281 5331 
5281 0 0 11.5 8.43628 0 5227 5228 5280 5282 5331 
5282 0 0 11.5 8.78269 0 5228 5229 5281 
5283 7 0 11.8 -8.36462 0 5232 5233 5284 
5284 7 0 11.8 -8.01821 0 5233 5283 5234 5285 5332 
5285 7 0 11.8 -7.6718 0 5284 5234 5235 5286 5332 5333 
5286 7 0 11.8 -7.32539 0 5235 5236 5285 5287 5333 5334 
5287 7 0 11.8 -6.97898 0 5236 5237 5286 5288 5334 5335 
5288 7 0 11.8 -6.63257 0 5237 5238 5287 5289 5335 5336 
5289 7 0 11.8 -6.28616 0 5238 5239 5288 5336 5337 5290 
5290 7 0 11.8 -5.93975 0 5239 5289 5337 5240 5291 5338 
5291 7 0 11.8 -5.59334 0 5240 5241 5290 5292 5338 5339 
5292 7 0 11.8 -5.24693 0 5241 5242 5291 5293 5339 5340 
5293 7 0 11.8 -4.90052 0 5242 5243 5292 5294 5340 5341 
5294 7 0 11.8 -4.55411 0 5243 5244 5293 5295 5341 5342 
5295 7 0 11.8 -4.2077 0 5244 5245 5294 5342 5343 5296 
5296 7 0 11.8 -3.86128 0 5245 5295 5343 5246 5297 5344 
5297 7 0 11.8 -3.51487 0 5246 5247 5296 5298 5344 5345 
5298 7 0 11.8 -3.16846 0 5247 5248 5297 5299 5345 5346 
5299 7 0 11.8 -2.82205 0 5248 5249 5298 5300 5346 5347 
5300 7 0 11.8 -2.47564 0 5249 5250 5299 5301 5347 5348 
5301 7 0 11.8 -2.12923 0 5250 5300 5348 5251 5302 5349 
5302 7 0 11.8 -1.78282 0 5301 5251 5252 5303 5349 5350 
5303 7 0 11.8 -1.43641 0 5252 5253 5302 5304 5350 5351 
5304 7 0 11.8 -1.09 0 5253 5254 5303 5305 5351 5352 
5305 7 0 11.8 -0.743594 0 5254 5255 5304 5306 5352 5353 
5306 7 0 11.8 -0.397183 0 5255 5256 5305 5307 5353 5354 
5307 7 0 11.8 -0.0507732 0 5256 5306 5354 
5308 0 0 11.8 0.295637 0 5257 5258 5309 5355 5356 
5309 0 0 11.8 0.642047 0 5258 5259 5308 5310 5356 5357 
5310 0 0 11.8 0.988457 0 5259 5260 5309 5311 5357 5358 
5311 0 0 11.8 1.33487 0 5260 5261 5310 5312 5358 5359 
5312 0 0 11.8 1.68128 0 5261 5262 5311 5359 5360 5313 
5313 0 0 11.8 2.02769 0 5262 5312 5360 5263 5314 5361 
5314 0 0 11.8 2.3741 0 5263 5264 5313 5315 5361 5362 
5315 0 0 11.8 2.72051 0 5264 5265 5314 5316 5362 5363 
5316 0 0 11.8 3.06692 0 5265 5266 5315 5317 5363 5364 
5317 0 0 11.8 3.41333 0 5266 5267 5316 5318 5364 5365 
5318 0 0 11.8 3.75974 0 5267 5268 5317 5365 5366 5319 
5319 0 0 11.8 4.10615 0 5268 5318 5366 5269 5320 5367 
5320 0 0 11.8 4.45256 0 5269 5270 5319 5321 5367 5368 
5321 0 0 11.8 4.79897 0 5270 5271 5320 5322 5368 5369 
5322 0 0 11.8 5.14538 0 5271 5272 5321 5323 5369 5370 
5323 0 0 11.8 5.49179 0 5272 5273 5322 5324 5370 5371 
5324 0 0 11.8 5.8382 0 5273 5323 5371 5274 5325 5372 
5325 0 0 11.8 6.18461 0 5324 5274 5275 5326 5372 5373 
5326 0 0 11.8 6.53102 0 5275 5276 5325 5327 5373 5374 
5327 0 0 11.8 6.87743 0 5276 5277 5326 5328 5374 5375 
5328 0 0 11.8 7.22384 0 5277 5278 5327 5329 5375 5376 
5329 0 0 11.8 7.57025 0 5278 5279 5328 5330 5376 5377 
5330 0 0 11.8 7.91666 0 5279 5329 5377 5280 5331 5378 
5331 0 0 11.8 8.26307 0 5330 5280 5281 5378 
5332 7 0 12.1 -7.845 0 5284 5285 5333 5379 
5333 7 0 12.1 -7.49859 0 5285 5286 5332 5334 5379 5380 
5334 7 0 12.1 -7.15218 0 5286 5287 5333 5335 5380 5381 
5335 7 0 12.1 -6.80577 0 5287 5288 5334 5336 5381 5382 
5336 7 0 12.1 -6.45936 0 5288 5289 5335 5337 5382 5383 
5337 7 0 12.1 -6.11295 0 5289 5336 5383 5290 5338 5384 
5338 7 0 12.1 -5.76654 0 5337 5290 5291 5339 5384 5385 
5339 7 0 12.1 -5.42013 0 5291 5292 5338 5340 5385 5386 
5340 7 0 12.1 -5.07372 0 5292 5293 5339 5341 5386 5387 
5341 7 0 12.1 -4.72731 0 5293 5294 5340 5342 5387 5388 
5342 7 0 12.1 -4.3809 0 5294 5295 5341 5343 5388 5389 
5343 7 0 12.1 -4.03449 0 5295 5342 5389 5296 5344 5390 
5344 7 0 12.1 -3.68808 0 5343 5296 5297 5345 5390 5391 
5345 7 0 12.1 -3.34167 0 5297 5298 5344 5346 5391 5392 
5346 7 0 12.1 -2.99526 0 5298 5299 5345 5347 5392 5393 
5347 7 0 12.1 -2.64885 0 5299 5300 5346 5348 5393 5394 
5348 7 0 12.1 -2.30244 0 5300 5301 5347 5394 5395 5349 
5349 7 0 12.1 -1.95603 0 5301 5348 5395 5302 5350 5396 
5350 7 0 12.1 -1.60962 0 5302 5303 5349 5351 5396 5397 
5351 7 0 12.1 -1.26321 0 5303 5304 5350 5352 5397 5398 
5352 7 0 12.1 -0.916799 0 5304 5305 5351 5353 5398 5399 
5353 7 0 12.1 -0.570388 0 5305 5306 5352 5354 5399 5400 
5354 7 0 12.1 -0.223978 0 5306 5307 5353 5400 5401 
5355 0 0 12.1 0.122432 0 5308 5356 5402 
5356 0 0 12.1 0.468842 0 5308 5309 5355 5357 5402 5403 
5357 0 0 12.1 0.815252 0 5309 5310 5356 5358 5403 5404 
5358 0 0 12.1 1.16166 0 5310 5311 5357 5359 5404 5405 
5359 0 0 12.1 1.50807 0 5311 5312 5358 5360 5405 5406 
5360 0 0 12.1 1.85448 0 5312 5359 5406 5313 5361 5407 
5361 0 0 12.1 2.20089 0 5360 5313 5314 5362 5407 5408 
5362 0 0 12.1 2.5473 0 5314 5315 5361 5363 5408 5409 
5363 0 0 12.1 2.89371 0 5315 5316 5362 5364 5409 5410 
5364 0 0 12.1 3.24012 0 5316 5317 5363 5365 5410 5411 
5365 0 0 12.1 3.58653 0 5317 5318 5364 5366 5411 5412 
5366 0 0 12.1 3.93294 0 5318 5365 5412 5319 5367 5413 
5367 0 0 12.1 4.27935 0 5366 5319 5320 5368 5413 5414 
5368 0 0 12.1 4.62576 0 5320 5321 5367 5369 5414 5415 
5369 0 0 12.1 4.97217 0 5321 5322 5368 5370 5415 5416 
5370 0 0 12.1 5.31858 0 5322 5323 5369 5371 5416 5417 
5371 0 0 12.1 5.66499 0 5323 5324 5370 5417 5418 5372 
5372 0 0 12.1 6.0114 0 5324 5371 5418 5325 5373 5419 
5373 0 0 12.1 6.35781 0 5325 5326 5372 5374 5419 5420 
5374 0 0 12.1 6.70422 0 5326 5327 5373 5375 5420 5421 
5375 0 0 12.1 7.05064 0 5327 5328 5374 5376 5421 5422 
5376 0 0 12.1 7.39705 0 5328 5329 5375 5377 5422 5423 
5377 0 0 12.1 7.74346 0 5329 5330 5376 5423 5378 
5378 0 0 12.1 8.08987 0 5330 5377 5331 
5379 7 0 12.4 -7.6718 0 5332 5333 5380 
5380 7 0 12.4 -7.32539 0 5333 5334 5379 5381 5424 
5381 7 0 12.4 -6.97898 0 5334 5335 5380 5382 5424 5425 
5382 7 0 12.4 -6.63257 0 5335 5336 5381 5383 5425 5426 
5383 7 0 12.4 -6.28616 0 5336 5337 5382 5426 5427 5384 
5384 7 0 12.4 -5.93975 0 5337 5383 5427 5338 5385 5428 
5385 7 0 12.4 -5.59334 0 5338 5339 5384 5386 5428 5429 
5386 7 0 12.4 -5.24693 0 5339 5340 5385 5387 5429 5430 
5387 7 0 12.4 -4.90052 0 5340 5341 5386 5388 5430 5431 
5388 7 0 12.4 -4.55411 0 5341 5342 5387 5389 5431 5432 
5389 7 0 12.4 -4.2077 0 5342 5343 5388 5432 5433 5390 
5390 7 0 12.4 -3.86128 0 5343 5389 5433 5344 5391 5434 
5391 7 0 12.4 -3.51487 0 5344 5345 5390 5392 5434 5435 
5392 7 0 12.4 -3.16846 0 5345 5346 5391 5393 5435 5436 
5393 7 0 12.4 -2.82205 0 5346 5347 5392 5394 5436 5437 
5394 7 0 12.4 -2.47564 0 5347 5348 5393 5395 5437 5438 
5395 7 0 12.4 -2.12923 0 5348 5394 5438 5349 5396 5439 
5396 7 0 12.4 -1.78282 0 5395 5349 5350 5397 5439 5440 
5397 7 0 12.4 -1.43641 0 5350 5351 5396 5398 5440 5441 
5398 7 0 12.4 -1.09 0 5351 5352 5397 5399 5441 5442 
5399 7 0 12.4 -0.743594 0 5352 5353 5398 5400 5442 5443 
5400 7 0 12.4 -0.397183 0 5353 5354 5399 5401 5443 5444 
5401 7 0 12.4 -0.0507732 0 5354 5400 5444 
5402 0 0 12.4 0.295637 0 5355 5356 5403 5445 5446 
5403 0 0 12.4 0.642047 0 5356 5357 5402 5404 5446 5447 
5404 0 0 12.4 0.988457 0 5357 5358 5403 5405 5447 5448 
5405 0 0 12.4 1.33487 0 5358 5359 5404 5406 5448 5449 
5406 0 0 12.4 1.68128 0 5359 5360 5405 5449 5450 5407 
5407 0 0 12.4 2.02769 0 5360 5406 5450 5361 5408 5451 
5408 0 0 12.4 2.3741 0 5361 5362 5407 5409 5451 5452 
5409 0 0 12.4 2.72051 0 5362 5363 5408 5410 5452 5453 
5410 0 0 12.4 3.06692 0 5363 5364 5409 5411 5453 5454 
5411 0 0 12.4 3.41333 0 5364 5365 5410 5412 5454 5455 
5412 0 0 12.4 3.75974 0 5365 5366 5411 5455 5456 5413 
5413 0 0 12.4 4.10615 0 5366 5412 5456 5367 5414 5457 
5414 0 0 12.4 4.45256 0 5367 5368 5413 5415 5457 5458 
5415 0 0 12.4 4.79897 0 5368 5369 5414 5416 5458 5459 
5416 0 0 12.4 5.14538 0 5369 5370 5415 5417 5459 5460 
5417 0 0 12.4 5.49179 0 5370 5371 5416 5418 5460 5461 
5418 0 0 12.4 5.8382 0 5371 5417 5461 5372 5419 5462 
5419 0 0 12.4 6.18461 0 5418 5372 5373 5420 5462 5463 
5420 0 0 12.4 6.53102 0 5373 5374 5419 5421 5463 5464 
5421 0 0 12.4 6.87743 0 5374 5375 5420 5422 5464 5465 
5422 0 0 12.4 7.22384 0 5375 5376 5421 5423 5465 
5423 0 0 12.4 7.57025 0 5376 5377 5422 
5424 7 0 12.7 -7.15218 0 5380 5381 5425 
5425 7 0 12.7 -6.80577 0 5381 5382 5424 5426 5466 
5426 7 0 12.7 -6.45936 0 5382 5383 5425 5427 5466 5467 
5427 7 0 12.7 -6.11295 0 5383 5426 5467 5384 5428 5468 
5428 7 0 12.7 -5.76654 0 5427 5384 5385 5429 5468 5469 
5429 7 0 12.7 -5.42013 0 5385 5386 5428 5430 5469 5470 
5430 7 0 12.7 -5.07372 0 5386 5387 5429 5431 5470 5471 
5431 7 0 12.7 -4.72731 0 5387 5388 5430 5432 5471 5472 
5432 7 0 12.7 -4.3809 0 5388 5389 5431 5433 5472 5473 
5433 7 0 12.7 -4.03449 0 5389 5432 5473 5390 5434 5474 
5434 7 0 12.7 -3.68808 0 5433 5390 5391 5435 5474 5475 
5435 7 0 12.7 -3.34167 0 5391 5392 5434 5436 5475 5476 
5436 7 0 12.7 -2.99526 0 5392 5393 5435 5437 5476 5477 
5437 7 0 12.7 -2.64885 0 5393 5394 5436 5438 5477 5478 
5438 7 0 12.7 -2.30244 0 5394 5395 5437 5478 5479 5439 
5439 7 0 12.7 -1.95603 0 5395 5438 5479 5396 5440 5480 
5440 7 0 12.7 -1.60962 0 5396 5397 5439 5441 5480 5481 
5441 7 0 12.7 -1.26321 0 5397 5398 5440 5442 5481 5482 
5442 7 0 12.7 -0.916799 0 5398 5399 5441 5443 5482 5483 
5443 7 0 12.7 -0.570388 0 5399 5400 5442 5444 5483 5484 
5444 7 0 12.7 -0.223978 0 5400 5401 5443 5484 5485 
5445 0 0 12.7 0.122432 0 5402 5446 5486 
5446 0 0 12.7 0.468842 0 5402 5403 5445 5447 5486 5487 
5447 0 0 12.7 0.815252 0 5403 5404 5446 5448 5487 5488 
5448 0 0 12.7 1.16166 0 5404 5405 5447 5449 5488 5489 
5449 0 0 12.7 1.50807 0 5405 5406 5448 5450 5489 5490 
5450 0 0 12.7 1.85448 0 5406 5449 5490 5407 5451 5491 
5451 0 0 12.7 2.20089 0 5450 5407 5408 5452 5491 5492 
5452 0 0 12.7 2.5473 0 5408 5409 5451 5453 5492 5493 
5453 0 0 12.7 2.89371 0 5409 5410 5452 5454 5493 5494 
5454 0 0 12.7 3.24012 0 5410 5411 5453 5455 5494 5495 
5455 0 0 12.7 3.58653 0 5411 5412 5454 5456 5495 5496 
5456 0 0 12.7 3.93294 0 5412 5455 5496 5413 5457 5497 
5457 0 0 12.7 4.27935 0 5456 5413 5414 5458 5497 5498 
5458 0 0 12.7 4.62576 0 5414 5415 5457 5459 5498 5499 
5459 0 0 12.7 4.97217 0 5415 5416 5458 5460 5499 5500 
5460 0 0 12.7 5.31858 0 5416 5417 5459 5461 5500 5501 
5461 0 0 12.7 5.66499 0 5417 5418 5460 5501 5502 5462 
5462 0 0 12.7 6.0114 0 5418 5461 5502 5419 5463 5503 
5463 0 0 12.7 6.35781 0 5419 5420 5462 5464 5503 5504 
5464 0 0 12.7 6.70422 0 5420 5421 5463 5465 5504 
5465 0 0 12.7 7.05064 0 5421 5422 5464 
5466 7 0 13 -6.63257 0 5425 5426 5467 
5467 7 0 13 -6.28616 0 5426 5427 5466 5468 
5468 7 0 13 -5.93975 0 5427 5467 5428 5469 5505 
5469 7 0 13 -5.59334 0 5428 5429 5468 5470 5505 5506 
5470 7 0 13 -5.24693 0 5429 5430 5469 5471 5506 5507 
5471 7 0 13 -4.90052 0 5430 5431 5470 5472 5507 5508 
5472 7 0 13 -4.55411 0 5431 5432 5471 5473 5508 5509 
5473 7 0 13 -4.2077 0 5432 5433 5472 5509 5510 5474 
5474 7 0 13 -3.86128 0 5433 5473 5510 5434 5475 5511 
5475 7 0 13 -3.51487 0 5434 5435 5474 5476 5511 5512 
5476 7 0 13 -3.16846 0 5435 5436 5475 5477 5512 5513 
5477 7 0 13 -2.82205 0 5436 5437 5476 5478 5513 5514 
5478 7 0 13 -2.47564 0 5437 5438 5477 5479 5514 5515 
5479 7 0 13 -2.12923 0 5438 5478 5515 5439 5480 5516 
5480 7 0 13 -1.78282 0 5479 5439 5440 5481 5516 5517 
5481 7 0 13 -1.43641 0 5440 5441 5480 5482 5517 5518 
5482 7 0 13 -1.09 0 5441 5442 5481 5483 5518 5519 
5483 7 0 13 -0.743594 0 5442 5443 5482 5484 5519 5520 
5484 7 0 13 -0.397183 0 5443 5444 5483 5485 5520 5521 
5485 7 0 13 -0.0507732 0 5444 5484 5521 
5486 0 0 13 0.295637 0 5445 5446 5487 5522 5523 
5487 0 0 13 0.642047 0 5446 5447 5486 5488 5523 5524 
5488 0 0 13 0.988457 0 5447 5448 5487 5489 5524 5525 
5489 0 0 13 1.33487 0 5448 5449 5488 5490 5525 5526 
5490 0 0 13 1.68128 0 5449 5450 5489 5526 5527 5491 
5491 0 0 13 2.02769 0 5450 5490 5527 5451 5492 5528 
5492 0 0 13 2.3741 0 5451 5452 5491 5493 5528 5529 
5493 0 0 13 2.72051 0 5452 5453 5492 5494 5529 5530 
5494 0 0 13 3.06692 0 5453 5454 5493 5495 5530 5531 
5495 0 0 13 3.41333 0 5454 5455 5494 5496 5531 5532 
5496 0 0 13 3.75974 0 5455 5456 5495 5532 5533 5497 
5497 0 0 13 4.10615 0 5456 5496 5533 5457 5498 5534 
5498 0 0 13 4.45256 0 5457 5458 5497 5499 5534 5535 
5499 0 0 13 4.79897 0 5458 5459 5498 5500 5535 5536 
5500 0 0 13 5.14538 0 5459 5460 5499 5501 5536 5537 
5501 0 0 13 5.49179 0 5460 5461 5500 5502 5537 5538 
5502 0 0 13 5.8382 0 5461 5501 5538 5462 5503 5539 
5503 0 0 13 6.18461 0 5502 5462 5463 5504 5539 
5504 0 0 13 6.53102 0 5463 5464 5503 
5505 7 0 13.3 -5.76654 0 5468 5469 5506 
5506 7 0 13.3 -5.42013 0 5469 5470 5505 5507 5540 
5507 7 0 13.3 -5.07372 0 5470 5471 5506 5508 5540 5541 
5508 7 0 13.3 -4.72731 0 5471 5472 5507 5509 5541 5542 
5509 7 0 13.3 -4.3809 0 5472 5473 5508 5510 5542 5543 
5510 7 0 13.3 -4.03449 0 5473 5509 5543 5474 5511 5544 
5511 7 0 13.3 -3.68808 0 5510 5474 5475 5512 5544 5545 
5512 7 0 13.3 -3.34167 0 5475 5476 5511 5513 5545 5546 
5513 7 0 13.3 -2.99526 0 5476 5477 5512 5514 5546 5547 
5514 7 0 13.3 -2.64885 0 5477 5478 5513 5515 5547 5548 
5515 7 0 13.3 -2.30244 0 5478 5479 5514 5548 5549 5516 
5516 7 0 13.3 -1.95603 0 5479 5515 5549 5480 5517 5550 
5517 7 0 13.3 -1.60962 0 5480 5481 5516 5518 5550 5551 
5518 7 0 13.3 -1.26321 0 5481 5482 5517 5519 5551 5552 
5519 7 0 13.3 -0.916799 0 5482 5483 5518 5520 5552 5553 
5520 7 0 13.3 -0.570388 0 5483 5484 5519 5521 5553 5554 
5521 7 0 13.3 -0.223978 0 5484 5485 5520 5554 5555 
5522 0 0 13.3 0.122432 0 5486 5523 5556 
5523 0 0 13.3 0.468842 0 5486 5487 5522 5524 5556 5557 
5524 0 0 13.3 0.815252 0 5487 5488 5523 5525 5557 5558 
5525 0 0 13.3 1.16166 0 5488 5489 5524 5526 5558 5559 
5526 0 0 13.3 1.50807 0 5489 5490 5525 5527 5559 5560 
5527 0 0 13.3 1.85448 0 5490 5526 5560 5491 5528 5561 
5528 0 0 13.3 2.20089 0 5527 5491 5492 5529 5561 5562 
5529 0 0 13.3 2.5473 0 5492 5493 5528 5530 5562 5563 
5530 0 0 13.3 2.89371 0 5493 5494 5529 5531 5563 5564 
5531 0 0 13.3 3.24012 0 5494 5495 5530 5532 5564 5565 
5532 0 0 13.3 3.58653 0 5495 5496 5531 5533 5565 5566 
5533 0 0 13.3 3.93294 0 5496 5532 5566 5497 5534 5567 
5534 0 0 13.3 4.27935 0 5533 5497 5498 5535 5567 5568 
5535 0 0 13.3 4.62576 0 5498 5499 5534 5536 5568 5569 
5536 0 0 13.3 4.97217 0 5499 5500 5535 5537 5569 5570 
5537 0 0 13.3 5.31858 0 5500 5501 5536 5538 5570 
5538 0 0 13.3 5.66499 0 5501 5502 5537 5539 
5539 0 0 13.3 6.0114 0 5502 5538 5503 
5540 7 0 13.6 -5.24693 0 5506 5507 5541 
5541 7 0 13.6 -4.90052 0 5507 5508 5540 5542 
5542 7 0 13.6 -4.55411 0 5508 5509 5541 5543 5571 
5543 7 0 13.6 -4.2077 0 5509 5510 5542 5571 5572 5544 
5544 7 0 13.6 -3.86128 0 5510 5543 5572 5511 5545 5573 
5545 7 0 13.6 -3.51487 0 5511 5512 5544 5546 5573 5574 
5546 7 0 13.6 -3.16846 0 5512 5513 5545 5547 5574 5575 
5547 7 0 13.6 -2.82205 0 5513 5514 5546 5548 5575 5576 
5548 7 0 13.6 -2.47564 0 5514 5515 5547 5549 5576 5577 
5549 7 0 13.6 -2.12923 0 5515 5548 5577 5516 5550 5578 
5550 7 0 13.6 -1.78282 0 5549 5516 5517 5551 5578 5579 
5551 7 0 13.6 -1.43641 0 5517 5518 5550 5552 5579 5580 
5552 7 0 13.6 -1.09 0 5518 5519 5551 5553 5580 5581 
5553 7 0 13.6 -0.743594 0 5519 5520 5552 5554 5581 5582 
5554 7 0 13.6 -0.397183 0 5520 5521 5553 5555 5582 5583 
5555 7 0 13.6 -0.0507732 0 5521 5554 5583 
5556 0 0 13.6 0.295637 0 5522 5523 5557 5584 5585 
5557 0 0 13.6 0.642047 0 5523 5524 5556 5558 5585 5586 
5558 0 0 13.6 0.988457 0 5524 5525 5557 5559 5586 5587 
5559 0 0 13.6 1.33487 0 5525 5526 5558 5560 5587 5588 
5560 0 0 13.6 1.68128 0 5526 5527 5559 5588 5589 5561 
5561 0 0 13.6 2.02769 0 5527 5560 5589 5528 5562 5590 
5562 0 0 13.6 2.3741 0 5528 5529 5561 5563 5590 5591 
5563 0 0 13.6 2.72051 0 5529 5530 5562 5564 5591 5592 
5564 0 0 13.6 3.06692 0 5530 5531 5563 5565 5592 5593 
5565 0 0 13.6 3.41333 0 5531 5532 5564 5566 5593 5594 
5566 0 0 13.6 3.75974 0 5532 5533 5565 5594 5595 5567 
5567 0 0 13.6 4.10615 0 5533 5566 5595 5534 5568 5596 
5568 0 0 13.6 4.45256 0 5534 5535 5567 5569 5596 
5569 0 0 13.6 4.79897 0 5535 5536 5568 5570 
5570 0 0 13.6 5.14538 0 5536 5537 5569 
5571 7 0 13.9 -4.3809 0 5542 5543 5572 
5572 7 0 13.9 -4.03449 0 5543 5571 5544 5573 
5573 7 0 13.9 -3.68808 0 5572 5544 5545 5574 
5574 7 0 13.9 -3.34167 0 5545 5546 5573 5575 
5575 7 0 13.9 -2.99526 0 5546 5547 5574 5576 
5576 7 0 13.9 -2.64885 0 5547 5548 5575 5577 
5577 7 0 13.9 -2.30244 0 5548 5549 5576 5578 
5578 7 0 13.9 -1.95603 0 5549 5577 5550 5579 
5579 7 0 13.9 -1.60962 0 5550 5551 5578 5580 
5580 7 0 13.9 -1.26321 0 5551 5552 5579 5581 
5581 7 0 13.9 -0.916799 0 5552 5553 5580 5582 
5582 7 0 13.9 -0.570388 0 5553 5554 5581 5583 
5583 7 0 13.9 -0.223978 0 5554 5555 5582 
5584 0 0 13.9 0.122432 0 5556 5585 
5585 0 0 13.9 0.468842 0 5556 5557 5584 5586 
5586 0 0 13.9 0.815252 0 5557 5558 5585 5587 
5587 0 0 13.9 1.16166 0 5558 5559 5586 5588 
5588 0 0 13.9 1.50807 0 5559 5560 5587 5589 
5589 0 0 13.9 1.85448 0 5560 5588 5561 5590 
5590 0 0 13.9 2.20089 0 5589 5561 5562 5591 
5591 0 0 13.9 2.5473 0 5562 5563 5590 5592 
5592 0 0 13.9 2.89371 0 5563 5564 5591 5593 
5593 0 0 13.9 3.24012 0 5564 5565 5592 5594 
5594 0 0 13.9 3.58653 0 5565 5566 5593 5595 
5595 0 0 13.9 3.93294 0 5566 5594 5567 5596 
5596 0 0 13.9 4.27935 0 5595 5567 5568 
