98 14 7 1 1 1
0
0     0.3714    14.0000     0.0000     1.5000     2.6000
4.9626e-11     0.0195     0.4000     0.4200
-1.5701e-03 -3.8383e-03 -9.3791e-03 -2.2908e-02 4.0000e-01 -1.3647e-01
9.4217e-01 1.0449e+00 1.1946e-01 1.1093e+00 4.0999e-01 1.0803e-02
1     0.3714    33.0000     0.0000     1.5000     2.6000
1.1551e+01     0.6293     0.4000     0.8500
4.1537e+00 -1.2428e+01 -9.1752e-01 1.7396e+01 4.6890e-01 -8.0270e+00
1.7164e+00 6.6295e-01 1.7436e-01 2.7933e+00 4.6013e-01 1.8416e-02
2     0.3714    53.0000     0.0000     1.5000     2.6000
7.9661e+01     3.5098     0.4000     0.9700
1.7705e+01 -5.3726e+01 3.3094e+01 1.3943e+01 8.5334e-01 -1.2614e+01
5.4737e+00 6.7884e-01 1.6701e-01 2.2346e+01 8.5661e-01 2.7581e-02
3     0.3714    72.0000     0.0000     1.5000     2.6000
5.3346e+01     7.5004     0.4300     0.9800
-1.1521e+02 8.0640e+02 -1.8809e+03 1.5678e+03 8.6612e-01 -3.8518e+02
4.5410e+00 7.7892e-01 1.3913e-01 6.2383e+01 8.6897e-01 3.3155e-02
4     0.3714    91.0000     0.0000     1.5000     2.6000
8.0804e+01     8.4289     0.4200     1.0100
-1.3206e+02 8.0482e+02 -1.6701e+03 1.2579e+03 8.6973e-01 -2.6225e+02
8.2988e+00 8.0671e-01 9.5576e-02 7.7281e+01 8.7942e-01 2.9582e-02
5     0.3714   111.0000     0.0000     1.5000     2.6000
7.4153e+01     6.1433     0.4000     0.9900
3.0003e+01 -8.3812e+01 -1.4708e+01 1.4977e+02 8.5806e-01 -8.8120e+01
3.8318e+00 7.5115e-01 2.4102e-01 3.7244e+01 8.5782e-01 4.3693e-02
6     0.3714   130.0000     0.0000     1.5000     2.6000
4.1825e+01     2.2740     0.4000     0.9500
-1.6512e+02 9.3286e+02 -1.7390e+03 1.1489e+03 6.9143e-01 -1.7716e+02
8.0457e+00 8.3185e-01 5.6746e-02 9.3110e+00 6.9010e-01 1.8373e-02
7     0.7143    14.0000     0.0000     1.5000     2.6000
0.0000e+00     0.0000     0.4000     0.4200
0.0000e+00 0.0000e+00 0.0000e+00 0.0000e+00 0.0000e+00 0.0000e+00
1.0000e+00 1.3450e+00 1.2000e-01 2.1780e+00 8.0500e-01 9.6855e-02
8     0.7143    33.0000     0.0000     1.5000     2.6000
9.1516e+01     3.0993     0.4000     1.4800
-2.2204e+00 -1.1713e+00 1.1177e+00 4.5575e-01 7.8501e-01 -5.2420e-01
3.1211e+03 -7.4867e+00 2.2659e+00 1.3035e+01 7.9570e-01 3.0647e-02
9     0.7143    53.0000     0.0000     1.5000     2.6000
8.2580e+01     9.7989     0.4000     1.0200
1.0114e+02 -5.9602e+02 1.2675e+03 -9.9625e+02 8.6765e-01 2.2162e+02
9.7488e+00 7.7194e-01 1.2186e-01 7.7281e+01 8.7618e-01 3.5108e-02
10     0.7143    72.0000     0.0000     1.5000     2.6000
5.1994e+01    10.4662     0.5200     1.1100
-7.2148e+00 2.3833e+01 -1.2699e+00 -3.0098e+01 8.9023e-01 1.4163e+01
1.0408e+01 8.3985e-01 6.3737e-02 1.1825e+02 9.0078e-01 2.8104e-02
11     0.7143    91.0000     0.0000     1.5000     2.6000
7.1285e+01    11.1538     0.5600     1.3700
8.5337e+00 -1.3875e+01 -1.9714e+00 8.4947e+00 8.9774e-01 -1.8664e+00
7.7853e+00 8.4518e-01 9.6270e-02 1.2756e+02 9.0775e-01 2.7221e-02
12     0.7143   111.0000     0.0000     1.5000     2.6000
4.1024e+01    10.7279     0.4500     1.0000
2.2907e+02 -1.3678e+03 2.8352e+03 -2.1304e+03 9.0609e-01 4.3224e+02
1.3359e+01 8.3056e-01 7.1841e-02 1.0894e+02 8.9938e-01 2.9197e-02
13     0.7143   130.0000     0.0000     1.5000     2.6000
6.5952e+01     7.1911     0.4000     1.0000
-3.3233e+01 2.3720e+02 -5.3034e+02 4.1650e+02 8.8011e-01 -9.3172e+01
7.9323e+00 7.6378e-01 1.3475e-01 4.8417e+01 8.7339e-01 3.4941e-02
14     1.0571    14.0000     0.0000     1.5000     2.6000
1.3094e+01     0.5367     0.7400     0.8800
1.9888e+01 -5.0843e+00 -2.4367e+01 -2.9962e+01 7.9376e-01 4.4010e+01
1.8845e+00 4.6820e+05 1.4720e+06 1.0242e+01 8.0433e-01 1.2357e-02
15     1.0571    33.0000     0.0000     1.5000     2.6000
9.8464e+01    10.1604     0.4000     1.1800
1.1228e+01 -3.3451e+01 1.7450e+01 1.3508e+00 8.5662e-01 6.5542e-01
1.2244e+01 6.1837e-01 2.2675e-01 5.7728e+01 8.5765e-01 3.9762e-02
16     1.0571    53.0000     0.0000     1.5000     2.6000
8.2629e+01    14.1647     0.4000     1.0500
1.1105e+02 -6.6139e+02 1.3675e+03 -1.0190e+03 9.0144e-01 2.0060e+02
1.9120e+01 8.4234e-01 7.1268e-02 1.5363e+02 9.0541e-01 2.5877e-02
17     1.0571    72.0000     0.0000     1.5000     2.6000
3.9519e+01    13.2179     0.6500     1.0700
-8.7859e+01 2.1720e+02 1.3644e+01 -2.5600e+02 9.1168e-01 1.0955e+02
1.9467e+01 8.9128e-01 -6.9670e-02 1.8622e+02 9.2143e-01 2.1791e-02
18     1.0571    91.0000     0.0000     1.5000     2.6000
7.2293e+01    14.1898     0.6000     1.4400
4.9508e+00 -1.9749e+01 3.4710e+01 -2.1502e+01 9.3529e-01 2.1042e+00
1.8826e+01 8.8363e-01 5.7913e-02 1.9925e+02 9.2571e-01 2.0689e-02
19     1.0571   111.0000     0.0000     1.5000     2.6000
3.9885e+01    14.1641     0.5400     1.0900
-5.8658e+01 2.6510e+02 -3.9825e+02 2.1615e+02 9.1108e-01 -2.4070e+01
2.8383e+01 8.6862e-01 4.2974e-02 1.8529e+02 9.2186e-01 2.2000e-02
20     1.0571   130.0000     0.0000     1.5000     2.6000
1.0927e+02    12.3272     0.4000     1.1500
-9.2645e+00 3.7095e+01 -9.2574e+00 -4.5133e+01 8.9397e-01 2.4663e+01
1.1210e+01 8.1318e-01 1.1146e-01 1.2663e+02 9.0426e-01 2.7341e-02
21     1.4000    14.0000     0.0000     1.5000     2.6000
1.2195e+01     3.6946     0.7200     0.9500
-6.0074e+01 2.3162e+01 6.9940e+01 6.8439e+01 8.2493e-01 -1.1023e+02
5.9982e+00 6.9507e-01 -1.1364e-01 5.2141e+01 8.3467e-01 1.9919e-02
22     1.4000    33.0000     0.0000     1.5000     2.6000
9.1704e+01    19.0081     0.4000     1.4300
1.6379e+01 -1.2521e+01 -5.2868e+01 5.8913e+01 8.9560e-01 -1.1017e+01
2.0423e+01 7.6691e-01 1.1007e-01 1.5270e+02 8.8665e-01 3.1677e-02
23     1.4000    53.0000     0.0000     1.5000     2.6000
9.8724e+01    18.3624     0.4000     1.3500
-1.3635e+01 8.1466e+01 -1.4482e+02 8.7986e+01 9.0854e-01 -1.1338e+01
1.4646e+01 8.4558e-01 8.7277e-02 2.3929e+02 9.1851e-01 2.3661e-02
24     1.4000    72.0000     0.0000     1.5000     2.6000
1.2098e+02    17.2781     0.4500     1.5200
1.5937e+01 -6.1169e+01 7.4557e+01 -3.2711e+01 9.3185e-01 2.0027e+00
4.5480e+00 7.9779e-01 -1.9480e-01 2.5520e+02 9.2745e-01 2.3824e-02
25     1.4000    91.0000     0.0000     1.5000     2.6000
8.0281e+01    17.6801     0.4400     1.4200
-7.1687e+00 5.8671e+01 -1.1938e+02 7.7060e+01 9.2663e-01 -1.0168e+01
8.1422e+00 8.8446e-01 1.0546e-01 2.6164e+02 9.3549e-01 2.2627e-02
26     1.4000   111.0000     0.0000     1.5000     2.6000
4.5291e+01    17.6407     0.4800     1.0700
7.4818e+00 -1.6312e+01 -7.9995e-01 2.4889e+01 9.3619e-01 -1.3832e+01
3.3995e+01 8.9747e-01 4.3848e-02 2.6071e+02 9.3424e-01 1.9271e-02
27     1.4000   130.0000     0.0000     1.5000     2.6000
8.7774e+01    17.7045     0.4000     1.2600
-2.9561e+01 1.5742e+02 -2.6396e+02 1.5468e+02 9.1281e-01 -1.8907e+01
1.9050e+01 8.5368e-01 8.2441e-02 1.9739e+02 9.1992e-01 2.5748e-02
28     1.7429    14.0000     0.0000     1.5000     2.6000
2.8497e+01    10.2785     0.4700     1.2400
1.7175e+00 -6.8591e+00 1.6762e+01 -1.8266e+01 8.6618e-01 5.4343e+00
4.0378e+00 8.0690e-01 1.7165e-01 1.3829e+02 8.5657e-01 2.4525e-02
29     1.7429    33.0000     0.0000     1.5000     2.6000
1.2674e+02    25.3103     0.4000     1.5400
-3.8168e+01 1.8523e+02 -2.7452e+02 1.4061e+02 8.9646e-01 -1.3142e+01
2.9564e+01 8.2864e-01 9.4605e-02 2.4302e+02 9.0600e-01 2.6543e-02
30     1.7429    53.0000     0.0000     1.5000     2.6000
1.5967e+02    23.2865     0.4300     1.6000
-3.2964e+00 3.1211e+01 -6.4017e+01 3.9442e+01 9.3204e-01 -4.6803e+00
8.2572e+00 8.3928e-01 1.5283e-01 3.2868e+02 9.2831e-01 2.3645e-02
31     1.7429    72.0000     0.0000     1.5000     2.6000
7.0439e+01    21.5916     0.4200     1.2400
-5.0250e-02 7.1218e+00 -8.0572e+00 1.1851e+00 9.4916e-01 1.4893e-01
3.6637e+01 8.9680e-01 4.4358e-02 3.0354e+02 9.4071e-01 2.1421e-02
32     1.7429    91.0000     0.0000     1.5000     2.6000
9.8394e+01    22.1898     0.5000     1.2100
2.6365e+01 -5.2745e+01 -4.3587e+00 4.3271e+01 9.3374e-01 -1.3031e+01
1.2302e+01 8.8947e-01 1.0256e-01 3.4730e+02 9.4370e-01 2.1266e-02
33     1.7429   111.0000     0.0000     1.5000     2.6000
5.8426e+01    21.7272     0.4700     1.1000
-5.2411e+00 1.3766e+01 9.8975e+00 -2.2167e+01 9.3208e-01 4.5784e+00
2.8190e+01 8.9863e-01 5.9827e-02 3.1399e+02 9.4147e-01 2.0519e-02
34     1.7429   130.0000     0.0000     1.5000     2.6000
9.1363e+01    22.5354     0.5200     1.4300
-8.9515e+01 3.9407e+02 -5.7375e+02 2.9833e+02 9.2426e-01 -2.9534e+01
2.1676e+01 8.7860e-01 8.3019e-02 2.8864e+02 9.3252e-01 2.3062e-02
35     2.0857    14.0000     0.0000     1.5000     2.6000
9.7212e+01    17.9124     0.4000     1.1400
9.1743e+01 -4.8480e+02 8.9985e+02 -6.0900e+02 8.8237e-01 9.9989e+01
6.0246e+00 8.7441e-01 1.5141e-01 2.6257e+02 8.7838e-01 2.3197e-02
36     2.0857    33.0000     0.0000     1.5000     2.6000
1.1799e+02    35.0929     0.4000     1.4500
-3.4839e+01 1.5957e+02 -2.1798e+02 1.0387e+02 9.2870e-01 -8.9426e+00
4.3737e+01 8.5087e-01 7.1262e-02 4.3017e+02 9.1908e-01 2.2511e-02
37     2.0857    53.0000     0.0000     1.5000     2.6000
1.3582e+02    28.2470     0.4000     1.5800
2.9871e+00 5.7062e+00 -2.2295e+01 1.5715e+01 9.4531e-01 -2.3472e+00
1.6208e+01 8.7477e-01 9.6885e-02 3.8967e+02 9.3659e-01 2.3341e-02
38     2.0857    72.0000     0.0000     1.5000     2.6000
5.4416e+01    25.3182     0.4700     1.6000
8.8031e+00 -3.2298e+01 4.8163e+01 -2.6140e+01 9.3722e-01 2.0975e+00
2.7273e+01 9.1105e-01 5.8833e-02 3.7337e+02 9.4713e-01 2.1068e-02
39     2.0857    91.0000     0.0000     1.5000     2.6000
1.4284e+02    25.1517     0.4200     1.3800
1.0610e+01 -4.5692e+01 7.7710e+01 -5.1698e+01 9.4509e-01 7.7422e+00
5.8364e+00 9.3381e-01 1.8458e-01 3.8555e+02 9.4888e-01 2.3011e-02
40     2.0857   111.0000     0.0000     1.5000     2.6000
1.2976e+02    25.5158     0.4000     1.3000
4.5209e+01 -2.1735e+02 3.7680e+02 -2.4111e+02 9.4904e-01 3.4767e+01
7.1329e+00 9.2463e-01 1.9322e-01 3.9106e+02 9.4634e-01 2.2248e-02
41     2.0857   130.0000     0.0000     1.5000     2.6000
9.7551e+01    28.3656     0.4000     1.3300
-1.2427e+01 5.0361e+01 -4.3007e+01 2.8994e+00 9.3729e-01 3.3381e+00
4.3882e+01 8.9551e-01 6.4077e-02 3.7151e+02 9.4162e-01 2.0475e-02
42     2.4286    14.0000     0.0000     1.5000     2.6000
1.0856e+02    25.2593     0.4000     1.4600
-4.8899e+00 4.5255e+01 -9.2598e+01 5.9347e+01 9.0158e-01 -7.7971e+00
1.3428e+01 8.4095e-01 1.1212e-01 3.7896e+02 9.0050e-01 2.1574e-02
43     2.4286    33.0000     0.0000     1.5000     2.6000
2.0726e+02    40.7835     0.4000     1.6000
-1.5392e+01 9.9286e+01 -1.6994e+02 9.4701e+01 9.1826e-01 -9.7127e+00
2.1278e+01 8.5497e-01 1.3092e-01 5.6145e+02 9.2760e-01 2.2881e-02
44     2.4286    53.0000     0.0000     1.5000     2.6000
1.1987e+02    34.2482     0.4000     1.6000
8.8977e+00 -3.1277e+01 4.6029e+01 -2.4077e+01 9.3614e-01 1.6437e+00
2.3657e+01 9.0618e-01 7.9647e-02 5.0838e+02 9.4560e-01 2.1389e-02
45     2.4286    72.0000     0.0000     1.5000     2.6000
1.4030e+02    31.4323     0.4000     1.6000
2.5756e+01 -9.6333e+01 1.2246e+02 -5.8871e+01 9.5546e-01 4.9232e+00
8.2135e+00 1.0373e+00 -2.2124e-01 4.6369e+02 9.5394e-01 2.3521e-02
46     2.4286    91.0000     0.0000     1.5000     2.6000
1.7187e+02    31.2499     0.4000     1.6000
3.4832e+01 -1.4214e+02 1.9190e+02 -9.2834e+01 9.4972e-01 7.4676e+00
6.9134e+00 9.6412e-01 2.2361e-01 4.5531e+02 9.5669e-01 2.3563e-02
47     2.4286   111.0000     0.0000     1.5000     2.6000
1.6360e+02    33.2053     0.4000     1.6000
6.4333e+00 -1.4999e+01 1.3322e+01 -7.3687e+00 9.5061e-01 8.9117e-01
9.1048e+00 9.9533e-01 2.7016e-01 4.5344e+02 9.5409e-01 2.3859e-02
48     2.4286   130.0000     0.0000     1.5000     2.6000
1.7977e+02    33.1969     0.4300     1.6000
-2.7949e+01 1.4422e+02 -2.2731e+02 1.2089e+02 9.3760e-01 -1.1585e+01
1.4236e+01 8.9667e-01 1.5943e-01 4.5158e+02 9.4728e-01 2.3549e-02
49     2.7714    14.0000     0.0000     1.5000     2.6000
1.4211e+02    36.0956     0.4000     1.5700
2.7320e+00 6.5225e+00 -2.7910e+01 2.1464e+01 9.1551e-01 -3.3258e+00
1.7656e+01 8.3907e-01 1.3861e-01 5.5693e+02 9.1607e-01 2.0594e-02
50     2.7714    33.0000     0.0000     1.5000     2.6000
2.2121e+02    46.2116     0.4200     1.6000
-4.5915e+01 2.3484e+02 -3.7501e+02 2.0312e+02 9.2803e-01 -1.9681e+01
1.7941e+01 9.0032e-01 1.6499e-01 6.6806e+02 9.3617e-01 2.2526e-02
51     2.7714    53.0000     0.0000     1.5000     2.6000
2.1015e+02    40.6427     0.4000     1.6000
4.3950e+00 4.7404e+00 -4.0769e+01 3.2225e+01 9.4596e-01 -4.2936e+00
1.4471e+01 1.0646e+00 -2.2943e-01 5.3352e+02 9.5426e-01 2.5183e-02
52     2.7714    72.0000     0.0000     1.5000     2.6000
1.2873e+02    38.1759     0.4000     1.6000
-1.5496e+01 9.5658e+01 -1.7359e+02 1.0442e+02 9.7131e-01 -1.1939e+01
2.0184e+01 1.0385e+00 1.1355e-01 4.8789e+02 9.6276e-01 2.4908e-02
53     2.7714    91.0000     0.0000     1.5000     2.6000
1.6115e+02    38.0156     0.4500     1.6000
-9.1657e+00 6.7457e+01 -1.3040e+02 7.9539e+01 9.5966e-01 -9.0476e+00
1.6051e+01 1.0571e+00 1.4318e-01 4.9348e+02 9.6479e-01 2.5171e-02
54     2.7714   111.0000     0.0000     1.5000     2.6000
1.9385e+02    40.0105     0.4000     1.6000
1.6418e+01 -3.5345e+01 1.2211e+01 6.0649e+00 9.5646e-01 -1.6196e+00
1.5280e+01 1.0766e+00 1.8775e-01 4.6898e+02 9.6335e-01 2.7023e-02
55     2.7714   130.0000     0.0000     1.5000     2.6000
1.9032e+02    41.7612     0.4000     1.6000
9.1974e+00 -1.8775e+01 1.8480e+01 -1.3142e+01 9.6445e-01 2.2905e+00
1.5079e+01 1.0146e+00 2.5442e-01 5.0745e+02 9.5516e-01 2.5160e-02
56     3.1143    14.0000     0.0000     1.5000     2.6000
1.8197e+02    46.5606     0.4000     1.5800
-3.0998e+01 1.7057e+02 -2.8863e+02 1.6390e+02 9.2080e-01 -1.7221e+01
2.2016e+01 8.8452e-01 1.8807e-01 7.2625e+02 9.2960e-01 1.9445e-02
57     3.1143    33.0000     0.0000     1.5000     2.6000
2.4834e+02    53.2255     0.4300     1.6000
4.5191e+00 1.0253e+01 -5.8407e+01 4.7878e+01 9.4427e-01 -6.7077e+00
2.1337e+01 9.9919e-01 2.2999e-01 7.0299e+02 9.4432e-01 2.3002e-02
58     3.1143    53.0000     0.0000     1.5000     2.6000
1.6434e+02    48.4411     0.5000     1.6000
-3.2679e+01 1.7594e+02 -2.9675e+02 1.6854e+02 9.6684e-01 -1.7181e+01
2.7372e+01 1.0713e+00 1.3601e-01 5.4841e+02 9.6366e-01 2.6996e-02
59     3.1143    72.0000     0.0000     1.5000     2.6000
1.7024e+02    47.9656     0.5300     1.6000
-8.2371e+00 6.8131e+01 -1.3647e+02 8.4317e+01 9.7961e-01 -9.2981e+00
2.4762e+01 1.0682e+00 1.3336e-01 5.5015e+02 9.6955e-01 2.7447e-02
60     3.1143    91.0000     0.0000     1.5000     2.6000
1.8743e+02    47.1501     0.6400     1.6000
1.3346e+02 -4.2367e+02 4.4127e+02 -1.5843e+02 9.7787e-01 5.7215e+00
2.5958e+01 1.0476e+00 1.4004e-01 5.7262e+02 9.7042e-01 2.5428e-02
61     3.1143   111.0000     0.0000     1.5000     2.6000
1.3113e+02    51.2686     0.4000     1.6000
-9.4150e+00 8.1797e+01 -1.7348e+02 1.1452e+02 9.5910e-01 -1.4242e+01
3.3901e+01 1.0495e+00 1.2946e-01 5.6424e+02 9.6887e-01 2.6501e-02
62     3.1143   130.0000     0.0000     1.5000     2.6000
1.9998e+02    52.4433     0.4000     1.6000
-5.6944e+00 9.2191e+01 -2.2063e+02 1.4967e+02 9.5374e-01 -1.8501e+01
3.1197e+01 1.0448e+00 1.7423e-01 5.4655e+02 9.6367e-01 2.7022e-02
63     3.4571    14.0000     0.0000     1.5000     2.6000
2.0897e+02    56.8635     0.4000     1.6000
-1.7047e+01 1.0620e+02 -1.9211e+02 1.1203e+02 9.4616e-01 -1.1633e+01
2.6926e+01 9.0770e-01 2.0715e-01 8.5661e+02 9.3953e-01 1.9515e-02
64     3.4571    33.0000     0.0000     1.5000     2.6000
2.7738e+02    65.2354     0.4300     1.6000
-4.9849e+01 2.7658e+02 -4.8265e+02 2.7979e+02 9.6082e-01 -2.8611e+01
4.4699e+01 1.0559e+00 1.7840e-01 7.5046e+02 9.5279e-01 2.3008e-02
65     3.4571    53.0000     0.0000     1.5000     2.6000
1.6712e+02    64.5388     0.6300     1.6000
5.8533e+01 -1.2137e+02 1.5625e+01 5.8247e+01 9.6095e-01 -1.3606e+01
4.2196e+01 1.0692e+00 1.4856e-01 6.3035e+02 9.7070e-01 2.9165e-02
66     3.4571    72.0000     0.0000     1.5000     2.6000
1.5190e+02    61.1833     0.6900     1.6000
1.1841e+02 -3.4336e+02 3.0271e+02 -7.7430e+01 9.6452e-01 -2.7704e+00
3.2278e+01 1.0592e+00 1.4887e-01 6.6201e+02 9.7390e-01 2.8472e-02
67     3.4571    91.0000     0.0000     1.5000     2.6000
1.9488e+02    60.1008     0.7000     1.6000
3.3310e+01 -9.0880e+01 5.6077e+01 6.1872e+00 9.6924e-01 -5.4971e+00
3.4467e+01 1.0511e+00 1.4238e-01 6.6387e+02 9.7553e-01 2.7230e-02
68     3.4571   111.0000     0.0000     1.5000     2.6000
1.7526e+02    62.7738     0.4000     1.6000
-2.7281e+01 1.5333e+02 -2.6637e+02 1.5466e+02 9.7023e-01 -1.6102e+01
3.9916e+01 1.0738e+00 1.4413e-01 6.1638e+02 9.7511e-01 2.9565e-02
69     3.4571   130.0000     0.0000     1.5000     2.6000
2.3321e+02    64.2485     0.4000     1.6000
-2.0184e+01 1.3328e+02 -2.5658e+02 1.5691e+02 9.8110e-01 -1.6594e+01
3.7671e+01 1.0616e+00 1.7152e-01 5.8938e+02 9.7106e-01 3.0771e-02
70     3.8000    14.0000     0.0000     1.5000     2.6000
2.6523e+02    69.2588     0.4000     1.6000
1.7112e+01 -3.7002e+01 1.2951e+01 6.2073e+00 9.5740e-01 -1.4196e+00
3.8693e+01 9.8123e-01 2.0117e-01 1.0223e+03 9.4776e-01 1.8770e-02
71     3.8000    33.0000     0.0000     1.5000     2.6000
2.9150e+02    78.3491     0.4000     1.6000
-5.7328e+01 3.2208e+02 -5.7054e+02 3.3636e+02 9.7133e-01 -3.5035e+01
6.3939e+01 1.0669e+00 1.6199e-01 7.4953e+02 9.6116e-01 2.5798e-02
72     3.8000    53.0000     0.0000     1.5000     2.6000
2.1324e+02    80.4981     0.5600     1.6000
-3.7962e+01 2.2025e+02 -3.9481e+02 2.3420e+02 9.8658e-01 -2.4723e+01
4.8479e+01 1.0783e+00 1.5812e-01 7.5139e+02 9.7678e-01 3.0971e-02
73     3.8000    72.0000     0.0000     1.5000     2.6000
1.8897e+02    75.2642     0.5100     1.6000
-1.7277e+01 1.0837e+02 -1.9549e+02 1.1499e+02 9.7089e-01 -1.1942e+01
4.1732e+01 1.0756e+00 1.4103e-01 7.4767e+02 9.7836e-01 3.0869e-02
74     3.8000    91.0000     0.0000     1.5000     2.6000
2.0508e+02    75.5471     0.4200     1.6000
-3.2247e+01 1.6942e+02 -2.7683e+02 1.5306e+02 9.8673e-01 -1.4974e+01
4.1872e+01 1.0758e+00 1.4363e-01 7.8491e+02 9.7902e-01 2.9453e-02
75     3.8000   111.0000     0.0000     1.5000     2.6000
1.9680e+02    77.3988     0.4300     1.6000
-3.8313e+01 2.0685e+02 -3.4913e+02 1.9642e+02 9.8813e-01 -1.9028e+01
4.4253e+01 1.0790e+00 1.7043e-01 7.1043e+02 9.7899e-01 3.1502e-02
76     3.8000   130.0000     0.0000     1.5000     2.6000
2.2939e+02    78.8638     0.4700     1.6000
-3.9656e+01 2.2342e+02 -3.9631e+02 2.3325e+02 9.8501e-01 -2.4163e+01
5.0573e+01 1.0723e+00 1.7132e-01 6.6108e+02 9.7547e-01 3.2718e-02
77     4.1429    14.0000     0.0000     1.5000     2.6000
3.0094e+02    83.5206     0.4000     1.6000
-5.8310e+01 3.2828e+02 -5.7047e+02 3.2583e+02 9.6365e-01 -3.2155e+01
5.1616e+01 1.0483e+00 2.1310e-01 1.0363e+03 9.5640e-01 2.1162e-02
78     4.1429    33.0000     0.0000     1.5000     2.6000
3.0142e+02    98.7134     0.4200     1.6000
-1.1339e+02 5.9515e+02 -1.0101e+03 5.8108e+02 9.7758e-01 -5.9550e+01
8.2517e+01 1.0725e+00 1.6633e-01 8.6313e+02 9.6738e-01 2.7670e-02
79     4.1429    53.0000     0.0000     1.5000     2.6000
2.2250e+02    97.1112     0.4200     1.6000
-5.9339e+01 3.1880e+02 -5.4431e+02 3.1198e+02 9.7008e-01 -3.1095e+01
6.4090e+01 1.0800e+00 1.6082e-01 8.2867e+02 9.7985e-01 3.2373e-02
80     4.1429    72.0000     0.0000     1.5000     2.6000
2.3766e+02    94.1883     0.4100     1.6000
-2.6258e+01 1.5427e+02 -2.7455e+02 1.6171e+02 9.9014e-01 -1.6932e+01
4.9588e+01 1.0729e+00 1.5652e-01 8.6406e+02 9.8215e-01 3.3005e-02
81     4.1429    91.0000     0.0000     1.5000     2.6000
2.1182e+02    96.2045     0.4000     1.6000
-3.8575e+01 2.1518e+02 -3.7450e+02 2.2191e+02 9.7976e-01 -2.4378e+01
6.6697e+01 1.0551e+00 1.3363e-01 9.2458e+02 9.8012e-01 2.9862e-02
82     4.1429   111.0000     0.0000     1.5000     2.6000
1.9288e+02    98.6370     0.4000     1.6000
-5.1489e+01 2.9372e+02 -5.2885e+02 3.1872e+02 9.8706e-01 -3.5072e+01
6.3033e+01 1.0634e+00 1.6173e-01 8.4078e+02 9.7912e-01 3.2754e-02
83     4.1429   130.0000     0.0000     1.5000     2.6000
2.3476e+02    99.3806     0.4000     1.6000
-4.6602e+01 2.8065e+02 -5.2378e+02 3.2307e+02 9.6878e-01 -3.6336e+01
6.7609e+01 1.0604e+00 1.6421e-01 8.1005e+02 9.7695e-01 3.2985e-02
84     4.4857    14.0000     0.0000     1.5000     2.6000
2.4708e+02   100.0340     0.4000     1.5200
-8.9208e+01 4.2848e+02 -6.3614e+02 3.3686e+02 9.5430e-01 -3.4639e+01
9.0308e+01 1.0367e+00 1.3278e-01 1.0717e+03 9.6236e-01 2.3280e-02
85     4.4857    33.0000     0.0000     1.5000     2.6000
2.6755e+02   111.4952     0.4000     1.5400
3.5152e+01 -1.6085e+02 2.3514e+02 -9.4565e+01 9.6515e-01 -9.3872e-01
1.2126e+02 1.0683e+00 1.1189e-01 9.6089e+02 9.7016e-01 2.7741e-02
86     4.4857    53.0000     0.0000     1.5000     2.6000
1.7485e+02   118.8009     0.4000     1.5300
1.9698e+01 -8.9042e+01 1.3241e+02 -5.0756e+01 9.7954e-01 -2.1629e+00
1.0395e+02 1.0604e+00 1.1709e-01 9.8324e+02 9.8356e-01 3.2485e-02
87     4.4857    72.0000     0.0000     1.5000     2.6000
1.5560e+02   112.8548     0.4000     1.5300
-9.2821e+00 5.8083e+01 -1.0728e+02 7.2872e+01 9.7602e-01 -1.1270e+01
8.4649e+01 1.0610e+00 1.2021e-01 9.6368e+02 9.8412e-01 3.4515e-02
88     4.4857    91.0000     0.0000     1.5000     2.6000
1.4752e+02   114.6928     0.4000     1.5400
-1.3263e+01 9.2939e+01 -1.8512e+02 1.2875e+02 9.9203e-01 -1.9262e+01
9.8578e+01 1.0529e+00 1.1197e-01 1.0140e+03 9.8192e-01 3.2133e-02
89     4.4857   111.0000     0.0000     1.5000     2.6000
1.2626e+02   117.7923     0.4000     1.5100
-2.6435e+01 1.4347e+02 -2.5535e+02 1.7159e+02 9.9138e-01 -2.6007e+01
8.8865e+01 1.0525e+00 1.2205e-01 9.9813e+02 9.8102e-01 3.3319e-02
90     4.4857   130.0000     0.0000     1.5000     2.6000
1.3032e+02   118.9928     0.4100     1.5200
-1.9389e+01 1.0109e+02 -1.7492e+02 1.2134e+02 9.7274e-01 -1.9884e+01
1.2293e+02 1.0439e+00 1.1672e-01 9.2737e+02 9.7792e-01 3.2363e-02
91     4.8286    14.0000     0.0000     1.5000     2.6000
1.3851e+02    93.4863     0.4000     1.2400
2.9871e+02 -1.7511e+03 3.5578e+03 -2.5665e+03 9.7177e-01 4.4400e+02
1.2649e+02 9.9774e-01 -9.3087e-02 1.1527e+03 9.6609e-01 2.2627e-02
92     4.8286    33.0000     0.0000     1.5000     2.6000
1.8147e+02   103.9845     0.4000     1.2500
4.0912e+01 -1.9746e+02 2.9510e+02 -1.0562e+02 9.7961e-01 -1.8155e+01
1.5402e+02 9.9785e-01 7.1611e-02 1.1006e+03 9.6841e-01 2.4987e-02
93     4.8286    53.0000     0.0000     1.5000     2.6000
2.2909e+02   113.7068     0.4300     1.2500
-5.3050e+01 4.7747e+02 -1.3340e+03 1.2342e+03 9.7423e-01 -2.9582e+02
5.7884e+01 3.8240e+00 -1.4701e+00 1.0868e+03 9.8382e-01 3.6547e-02
94     4.8286    72.0000     0.0000     1.5000     2.6000
1.2124e+02   112.7535     0.4000     1.2500
-5.7018e+01 4.1433e+02 -9.9601e+02 8.5186e+02 9.8599e-01 -1.8986e+02
5.3975e+01 1.0632e+00 3.8816e-02 1.0540e+03 9.8162e-01 3.7137e-02
95     4.8286    91.0000     0.0000     1.5000     2.6000
1.6753e+02   115.7867     0.4000     1.2400
8.1833e+00 6.9186e+01 -3.9003e+02 4.8432e+02 9.7050e-01 -1.4524e+02
5.4422e+01 1.0536e+00 -4.7478e-02 1.1462e+03 9.7920e-01 3.4288e-02
96     4.8286   111.0000     0.0000     1.5000     2.6000
1.2243e+02   112.7486     0.4200     1.2600
4.6154e+01 -1.4248e+02 7.9401e+00 2.2377e+02 9.8716e-01 -1.0736e+02
6.0732e+01 1.0559e+00 4.1020e-02 1.0549e+03 9.7669e-01 3.5847e-02
97     4.8286   130.0000     0.0000     1.5000     2.6000
1.7596e+02   112.8053     0.4000     1.2400
-2.6190e+01 3.3870e+02 -1.0645e+03 1.0624e+03 9.6486e-01 -2.7277e+02
5.8823e+01 1.0483e+00 -4.7849e-02 1.0242e+03 9.7341e-01 3.5697e-02
1
0     0.3714    14.0000     0.0000     1.5000     2.6000
0.0000e+00     0.0165     0.0000     0.0262
0.0000e+00 0.0000e+00 0.0000e+00 0.0000e+00 0.0000e+00 0.0000e+00
1.0000e+00 1.6357e-01 1.5703e-01 2.2220e+00 9.5447e-01 6.0537e-02
1     0.3714    33.0000     0.0000     1.5000     2.6000
0.0000e+00     0.0000     0.0000     0.0262
0.0000e+00 0.0000e+00 0.0000e+00 0.0000e+00 0.0000e+00 0.0000e+00
2.0000e+00 1.3675e+00 1.5703e-01 2.2220e+00 1.0404e+00 3.1034e-02
2     0.3714    53.0000     0.0000     1.5000     2.6000
1.8122e+01     2.3899     0.1439     0.8244
1.4305e+00 2.4478e+00 -6.3416e+01 1.3754e+02 6.9856e-01 -1.0444e+02
1.4908e+00 4.9220e-01 -3.3649e-01 1.3035e+01 7.1738e-01 3.2736e-02
3     0.3714    72.0000     0.0000     1.5000     2.6000
1.6558e+01     5.6035     0.2355     0.8637
1.6817e+01 -1.5960e+02 5.0061e+02 -5.5478e+02 6.9105e-01 2.2120e+02
1.6987e+00 2.5564e-01 2.2432e-01 3.8133e+01 7.0431e-01 5.9729e-02
4     0.3714    91.0000     0.0000     1.5000     2.6000
2.5848e+01     5.2840     0.5234     1.0076
3.4307e+01 -7.9919e+01 -1.7447e+01 1.0325e+02 7.0001e-01 -4.0469e+01
9.3671e-01 2.2730e+05 6.1856e+05 3.6313e+01 7.1282e-01 5.6016e-02
5     0.3714   111.0000     0.0000     1.5000     2.6000
3.6461e+01     4.4388     0.4842     0.8506
-2.1711e+01 7.8568e+01 6.0308e+00 -1.7663e+02 6.9492e-01 1.3015e+02
2.1945e+00 6.1550e-01 -6.1744e-02 3.3519e+01 7.0981e-01 5.4196e-02
6     0.3714   130.0000     0.0000     1.5000     2.6000
2.8493e+01     1.7205     0.2094     0.9814
1.4059e+01 -1.0428e+02 2.6414e+02 -2.3582e+02 7.1208e-01 6.3497e+01
1.2067e+00 5.8852e-01 3.3562e-01 9.3110e+00 7.2565e-01 2.6251e-02
7     0.7143    14.0000     0.0000     1.5000     2.6000
0.0000e+00     0.0000     0.0000     0.0257
0.0000e+00 0.0000e+00 0.0000e+00 0.0000e+00 0.0000e+00 0.0000e+00
9.9983e-01 9.3214e-01 1.5429e-01 2.1780e+00 7.0142e-01 5.3064e-02
8     0.7143    33.0000     0.0000     1.5000     2.6000
2.1452e+01     1.8226     0.0514     0.9386
4.6310e+00 -4.1250e+01 1.5639e+02 -1.9971e+02 7.7051e-01 9.1431e+01
5.0000e+00 6.6962e-01 3.6057e-02 9.3110e+00 7.6964e-01 2.1281e-02
9     0.7143    53.0000     0.0000     1.5000     2.6000
2.0547e+01     7.0215     0.3729     0.9000
1.6198e+01 -1.2768e+02 3.5552e+02 -3.6277e+02 7.3556e-01 1.2658e+02
1.6904e+00 5.6015e-01 -1.7450e-01 5.5008e+01 7.4251e-01 5.0562e-02
10     0.7143    72.0000     0.0000     1.5000     2.6000
1.0328e+01     7.5541     0.6043     1.0286
-1.0825e+00 2.0006e+01 -1.0276e+01 -4.8727e+01 7.7505e-01 4.3050e+01
1.8202e+01 7.1021e-01 4.1939e-02 5.8704e+01 7.7486e-01 3.9755e-02
11     0.7143    91.0000     0.0000     1.5000     2.6000
2.0301e+01     8.4611     0.5914     0.9514
2.3570e+01 -1.0715e+01 -2.8982e+01 -2.6186e+01 7.7729e-01 4.8086e+01
3.1185e+01 7.1395e-01 2.7047e-02 7.2590e+01 7.8060e-01 3.3033e-02
12     0.7143   111.0000     0.0000     1.5000     2.6000
4.1448e+01     6.7121     0.5529     0.9000
-1.5137e+02 3.7325e+02 1.1446e+02 -6.4300e+02 7.6055e-01 3.2397e+02
6.4231e+02 -1.9243e+00 -7.3300e-01 6.1452e+01 7.6147e-01 4.3029e-02
13     0.7143   130.0000     0.0000     1.5000     2.6000
3.2294e+01     4.6538     0.1286     0.9000
8.8392e-01 -3.0365e+00 -1.9503e+00 1.4888e+01 7.3093e-01 -1.3682e+01
1.2904e+00 1.9107e-01 -4.8864e-01 3.1657e+01 7.4323e-01 4.5113e-02
14     1.0571    14.0000     0.0000     1.5000     2.6000
4.1560e+00     0.5528     0.5430     0.8335
3.9705e+00 -2.5322e+00 -9.1743e+00 -1.1199e+01 5.6720e-01 3.0594e+01
2.2836e+00 7.1942e-01 7.2390e-02 3.0873e+00 5.7825e-01 4.8603e-02
15     1.0571    33.0000     0.0000     1.5000     2.6000
5.4799e+01     6.5676     0.0758     1.0482
1.2100e+00 -1.7858e+01 5.4959e+01 -5.3547e+01 7.3932e-01 1.4168e+01
2.2438e+00 3.9951e-01 6.4304e-01 4.3762e+01 7.5221e-01 4.5231e-02
16     1.0571    53.0000     0.0000     1.5000     2.6000
2.4664e+01    10.0638     0.4546     0.9093
-4.2469e+01 1.3449e+02 4.0487e+01 -3.1869e+02 7.9681e-01 2.0402e+02
1.2073e+01 6.6647e-01 6.3508e-02 9.5076e+01 7.8714e-01 3.7458e-02
17     1.0571    72.0000     0.0000     1.5000     2.6000
4.6674e+01     9.3726     0.4673     0.9093
-2.0917e+01 4.4314e+01 7.4985e+01 -1.6932e+02 7.9532e-01 7.0562e+01
9.4380e+00 6.1084e-01 3.5313e-02 8.6033e+01 7.9174e-01 3.8812e-02
18     1.0571    91.0000     0.0000     1.5000     2.6000
4.5669e+01     9.4134     0.4673     0.9219
6.6498e+01 -1.8955e+02 -1.1220e+02 5.5909e+02 7.9843e-01 -3.9169e+02
1.1453e+01 6.2732e-01 3.2670e-02 8.2790e+01 8.0257e-01 4.1448e-02
19     1.0571   111.0000     0.0000     1.5000     2.6000
3.4869e+01     9.3351     0.4925     0.9219
-1.4138e+02 3.8744e+02 9.2395e+01 -7.0449e+02 7.8050e-01 3.8709e+02
8.7957e+00 6.1194e-01 5.0900e-02 8.8539e+01 7.9447e-01 4.0126e-02
20     1.0571   130.0000     0.0000     1.5000     2.6000
3.9682e+01     7.7233     0.1389     0.9093
-2.8853e+00 4.6245e+01 -1.5875e+02 1.7815e+02 7.7649e-01 -7.8636e+01
7.5433e+00 6.5294e-01 1.1929e-01 6.1309e+01 7.9326e-01 3.6319e-02
21     1.4000    14.0000     0.0000     1.5000     2.6000
9.6763e+00     2.3514     0.3224     0.6324
9.8821e+01 -4.1086e+02 -9.7079e+01 1.5248e+03 4.3895e-01 -1.8623e+03
5.7009e+00 3.6442e-01 7.3079e-03 2.0484e+01 4.3930e-01 4.2219e-02
22     1.4000    33.0000     0.0000     1.5000     2.6000
7.5948e+01    11.6449     0.0620     0.9052
2.9597e+00 -1.3124e+01 2.1231e+01 2.3250e+01 7.9353e-01 -4.4593e+01
2.0541e+01 5.1903e-01 7.8584e-02 6.3466e+01 7.9294e-01 3.3310e-02
23     1.4000    53.0000     0.0000     1.5000     2.6000
4.1115e+01    12.1042     0.3224     0.9176
5.1207e+02 -3.5670e+03 8.3497e+03 -6.9640e+03 5.3327e-01 1.6945e+03
4.9477e+01 8.1737e-01 4.2097e-02 5.1243e+01 5.0340e-01 6.6490e-02
24     1.4000    72.0000     0.0000     1.5000     2.6000
1.4216e+02    11.3114     0.3472     0.9176
2.8612e+01 -1.0085e+02 -2.8532e+01 2.5703e+02 4.9374e-01 -1.7964e+02
6.5432e+00 7.7679e-01 1.7757e-01 7.1918e+01 5.0544e-01 5.1021e-02
25     1.4000    91.0000     0.0000     1.5000     2.6000
7.3689e+01    11.9373     0.3348     0.9300
-5.5363e+00 2.6811e+00 1.6762e+01 1.6816e+01 4.8975e-01 -4.7847e+01
8.1919e+00 8.5388e-01 1.1014e-01 6.9832e+01 5.0065e-01 5.8515e-02
26     1.4000   111.0000     0.0000     1.5000     2.6000
6.2182e+01    10.9065     0.2976     0.9176
7.9980e+01 -4.8322e+02 8.7921e+02 -4.9042e+02 4.9269e-01 -8.0764e+00
1.8996e+01 8.2669e-01 3.5561e-02 5.7967e+01 4.9622e-01 6.6600e-02
27     1.4000   130.0000     0.0000     1.5000     2.6000
9.5666e+01    10.0567     0.1612     0.9300
-2.3409e+01 2.5600e+02 -8.9312e+02 1.0092e+03 4.9931e-01 -3.8024e+02
9.6390e+00 9.8904e-01 4.0927e-01 5.0280e+01 4.9952e-01 5.6280e-02
28     1.7429    14.0000     0.0000     1.5000     2.6000
1.2461e+01     6.8571     0.1582     0.5234
3.3648e+01 -4.1152e+02 1.6356e+03 -2.2501e+03 3.4943e-01 1.4538e+03
5.4489e+00 3.0659e-01 7.8844e-02 6.6108e+01 3.6223e-01 3.3889e-02
29     1.7429    33.0000     0.0000     1.5000     2.6000
2.2401e+02    15.6778     0.0852     0.9372
-1.5894e-01 1.6571e+00 -5.6979e+01 1.2155e+02 4.0358e-01 -7.4939e+01
6.0311e+00 5.5178e-01 3.2819e-01 8.7524e+01 4.1513e-01 5.3312e-02
30     1.7429    53.0000     0.0000     1.5000     2.6000
5.5762e+01    15.0910     0.2434     0.9129
-1.2225e+01 4.2963e+01 -1.1142e+01 -5.6835e+01 3.9613e-01 4.3098e+01
1.6750e+00 5.5693e-01 -2.9810e-01 1.1266e+02 4.0572e-01 4.9985e-02
31     1.7429    72.0000     0.0000     1.5000     2.6000
1.8847e+01    14.4711     0.2678     0.5964
1.0125e+03 -9.1388e+03 2.8237e+04 -3.1716e+04 3.9486e-01 1.4914e+04
1.8065e+01 4.3355e-01 4.1718e-02 1.2989e+02 3.8420e-01 3.9891e-02
32     1.7429    91.0000     0.0000     1.5000     2.6000
1.7788e+01    14.7974     0.2434     0.5721
6.0796e+01 -3.1557e+02 6.1841e+01 1.0690e+03 3.9081e-01 -1.6232e+03
1.1387e+01 4.5060e-01 3.5940e-02 1.4381e+02 3.7856e-01 3.9557e-02
33     1.7429   111.0000     0.0000     1.5000     2.6000
2.2550e+01    14.9226     0.0609     0.5842
1.6829e+00 3.9443e+00 -7.3526e+01 1.7405e+02 3.7029e-01 -1.9999e+02
7.7983e+00 4.5643e-01 5.8730e-02 1.3020e+02 3.7844e-01 4.0992e-02
34     1.7429   130.0000     0.0000     1.5000     2.6000
1.9922e+01    15.0649     0.1704     0.8520
1.1536e+01 -8.3734e+01 1.8351e+02 -1.3812e+02 3.8689e-01 2.9132e+01
7.1025e+00 4.7600e-01 1.0797e-01 1.0714e+02 3.8750e-01 4.9170e-02
35     2.0857    14.0000     0.0000     1.5000     2.6000
1.5830e+01    10.4389     0.1433     0.4538
2.4433e+01 -4.0565e+02 2.3008e+03 -4.5922e+03 2.8578e-01 6.3015e+03
2.2455e+00 2.5489e-01 9.0775e-02 1.3780e+02 2.9580e-01 2.7884e-02
36     2.0857    33.0000     0.0000     1.5000     2.6000
8.3309e+01    20.3773     0.1433     0.9196
-1.2359e+01 1.1927e+02 -2.5273e+02 1.6480e+02 3.4532e-01 -1.3505e+01
5.5161e+01 2.8801e-01 -1.1810e-02 1.4711e+02 3.3421e-01 4.4110e-02
37     2.0857    53.0000     0.0000     1.5000     2.6000
1.5898e+01    19.8190     0.1791     0.5135
7.8104e+02 -8.6467e+03 3.2289e+04 -4.3309e+04 3.0805e-01 2.8310e+04
2.1777e+01 2.9814e-01 -1.5276e-02 2.1043e+02 3.1337e-01 3.5892e-02
38     2.0857    72.0000     0.0000     1.5000     2.6000
3.1888e+01    18.6413     0.1911     0.4658
3.6357e+00 -1.5292e+01 -1.6120e+01 7.3547e+01 2.9597e-01 -1.0499e+02
5.0081e+00 3.7117e-01 -7.7668e-02 2.3929e+02 3.0788e-01 3.0023e-02
39     2.0857    91.0000     0.0000     1.5000     2.6000
8.1566e+00    17.7776     0.1672     0.4419
1.5563e+02 -1.3837e+03 3.3730e+03 -1.6153e+03 3.1413e-01 -3.7721e+03
1.4646e+00 -2.0764e+05 9.6242e+05 2.2424e+02 3.0141e-01 3.2700e-02
40     2.0857   111.0000     0.0000     1.5000     2.6000
7.7294e+00    19.0444     0.1553     0.4538
-6.9478e+00 7.9241e+01 -1.6157e+02 6.6349e+01 2.9211e-01 -5.7441e+01
2.6448e+01 2.5787e-01 1.7514e-03 2.3140e+02 3.0062e-01 3.1064e-02
41     2.0857   130.0000     0.0000     1.5000     2.6000
2.4283e+01    18.0662     0.1314     0.4777
2.8395e+01 -4.5288e+02 2.3187e+03 -3.8228e+03 3.0617e-01 2.9945e+03
1.0105e+00 -4.0085e+05 2.4568e+06 1.8977e+02 3.0528e-01 3.5116e-02
42     2.4286    14.0000     0.0000     1.5000     2.6000
1.9519e+01    14.4641     0.0469     0.3866
1.4299e+00 -4.6737e+01 3.6028e+02 -3.1817e+02 2.4083e-01 -3.0349e+03
2.2964e+00 4.4587e+05 2.3906e+06 2.0232e+02 2.3895e-01 2.6010e-02
43     2.4286    33.0000     0.0000     1.5000     2.6000
2.2202e+01    25.1822     0.1054     0.5154
1.4202e+00 3.7047e+01 -4.2118e+02 1.0401e+03 2.5004e-01 -1.3892e+03
6.1577e+01 3.1105e-01 3.7213e-02 2.6629e+02 2.5383e-01 2.8793e-02
44     2.4286    53.0000     0.0000     1.5000     2.6000
3.3230e+01    22.9580     0.1289     0.3866
2.6003e+01 -2.2307e+02 1.0584e+02 1.7476e+03 2.4104e-01 -7.0449e+03
6.1206e+00 2.9985e-01 -6.6492e-02 3.2961e+02 2.5251e-01 2.7196e-02
45     2.4286    72.0000     0.0000     1.5000     2.6000
1.4993e+01    24.4071     0.1406     0.3983
1.8001e+03 -2.8846e+04 1.5790e+05 -3.1059e+05 2.4090e-01 4.3261e+05
2.0332e+01 1.6695e-01 2.4631e-03 3.3922e+02 2.4403e-01 2.4148e-02
46     2.4286    91.0000     0.0000     1.5000     2.6000
1.5695e+01    22.0103     0.1171     0.3749
-6.0118e+00 4.1626e+01 -6.8827e+00 -1.8135e+02 2.4108e-01 4.8063e+01
5.9926e+00 2.3132e-01 8.1063e-02 3.2004e+02 2.4218e-01 2.5962e-02
47     2.4286   111.0000     0.0000     1.5000     2.6000
7.0397e+00    23.0701     0.0937     0.3749
-2.0847e+01 4.1172e+02 -2.7185e+03 6.0317e+03 2.4843e-01 -9.1698e+03
5.1624e+00 1.8006e-01 7.4837e-02 3.1497e+02 2.3980e-01 2.8543e-02
48     2.4286   130.0000     0.0000     1.5000     2.6000
2.5275e+01    21.3173     0.0703     0.3749
-1.3434e+01 2.9945e+02 -2.0567e+03 5.0680e+03 2.4324e-01 -1.1030e+04
6.1200e+00 2.3165e-01 8.9651e-02 2.8193e+02 2.4355e-01 2.8084e-02
49     2.7714    14.0000     0.0000     1.5000     2.6000
3.1220e+01    19.6536     0.0000     0.3446
5.6645e+00 -1.6266e+02 1.6387e+03 -5.2483e+03 1.8632e-01 1.4053e+04
1.3424e+01 2.2490e-01 -6.9537e-02 2.8305e+02 1.9602e-01 2.4452e-02
50     2.7714    33.0000     0.0000     1.5000     2.6000
1.8256e+01    29.0433     0.0919     0.3790
-5.5913e+01 9.3086e+02 -4.4313e+03 7.2121e+03 2.1515e-01 -6.6858e+03
7.8086e+01 2.4562e-01 -2.7851e-02 4.0316e+02 2.0294e-01 2.1984e-02
51     2.7714    53.0000     0.0000     1.5000     2.6000
6.6888e+00    27.8180     0.0689     0.3331
2.9594e+01 -8.5835e+02 8.1301e+03 -2.3650e+04 2.0801e-01 5.6333e+04
6.6742e+01 2.3954e-01 1.8767e-02 4.7102e+02 1.9999e-01 1.9479e-02
52     2.7714    72.0000     0.0000     1.5000     2.6000
2.8212e+01    26.1205     0.0919     0.3216
5.8245e+01 -1.4121e+03 1.0983e+04 -2.6142e+04 2.1153e-01 3.5238e+04
9.8407e+00 4.6911e-01 3.7352e-02 4.4227e+02 1.9961e-01 2.1488e-02
53     2.7714    91.0000     0.0000     1.5000     2.6000
9.9252e+00    26.5903     0.0919     0.3216
-1.1675e+01 1.6992e+02 -1.6796e+02 -1.6132e+03 1.8534e-01 8.4577e+03
3.2500e+01 2.4836e-01 1.3320e-02 4.6452e+02 1.9445e-01 2.1181e-02
54     2.7714   111.0000     0.0000     1.5000     2.6000
1.6104e+01    26.4650     0.0804     0.3216
1.2238e+02 -3.2174e+03 2.5741e+04 -6.8648e+04 2.0162e-01 1.5539e+05
3.0661e+01 1.7707e-01 5.6981e-02 4.0223e+02 1.9343e-01 2.1865e-02
55     2.7714   130.0000     0.0000     1.5000     2.6000
2.2901e+01    27.8518     0.0689     0.3331
-6.7664e+00 5.4111e+01 -2.4465e+02 2.0404e+03 1.8767e-01 -1.7487e+04
1.1457e+01 1.7131e-01 7.2707e-02 4.3482e+02 1.9468e-01 2.3461e-02
56     3.1143    14.0000     0.0000     1.5000     2.6000
1.7890e+01    25.4211     0.0113     0.3039
7.2298e-01 1.5344e+01 8.5018e+02 -4.6309e+03 1.4624e-01 1.8147e+04
7.9283e+01 1.8685e-01 -2.4271e-02 4.1617e+02 1.5499e-01 1.8422e-02
57     3.1143    33.0000     0.0000     1.5000     2.6000
3.9877e+01    34.7850     0.0675     0.3039
1.0581e+02 -3.2014e+03 3.1089e+04 -9.5373e+04 1.7883e-01 2.6049e+05
9.3357e+01 1.5181e-01 -6.8793e-03 5.4841e+02 1.6874e-01 2.1617e-02
58     3.1143    53.0000     0.0000     1.5000     2.6000
4.5648e+00    32.0903     0.0563     0.3152
6.9783e+01 -2.4988e+03 2.8342e+04 -9.7495e+04 1.6392e-01 3.2091e+05
4.5742e+01 2.0233e-01 1.8857e-02 5.8188e+02 1.6204e-01 1.7660e-02
59     3.1143    72.0000     0.0000     1.5000     2.6000
6.6371e+01    28.5620     0.0563     0.2814
-8.9845e+01 1.2100e+03 -3.4822e+02 -1.9159e+04 1.7298e-01 1.1481e+05
3.5413e+00 1.0594e-01 1.7652e-01 5.3411e+02 1.6157e-01 1.8780e-02
60     3.1143    91.0000     0.0000     1.5000     2.6000
1.0609e+01    28.0267     0.0450     0.2814
-2.1980e+01 4.4627e+02 -9.1223e+02 -5.6789e+03 1.4875e-01 5.5332e+04
7.1418e+01 1.8429e-01 2.8954e-02 4.9348e+02 1.5518e-01 1.7696e-02
61     3.1143   111.0000     0.0000     1.5000     2.6000
1.8043e+01    29.0814     0.0338     0.3039
8.0693e+00 -3.0426e+02 4.3443e+03 -1.6439e+04 1.5011e-01 5.7244e+04
4.1015e+01 1.6752e-01 3.6520e-02 4.6369e+02 1.5429e-01 2.0623e-02
62     3.1143   130.0000     0.0000     1.5000     2.6000
1.6342e+01    27.2765     0.0338     0.3039
2.0478e+01 -1.1562e+03 1.2837e+04 -4.2345e+04 1.6919e-01 1.2963e+05
4.4101e+01 1.4203e-01 5.6654e-02 4.4041e+02 1.5885e-01 1.9684e-02
63     3.4571    14.0000     0.0000     1.5000     2.6000
3.2228e+01    29.5747     0.0000     0.2867
1.7732e+00 -1.6517e+02 5.6558e+03 -2.8145e+04 1.3357e-01 1.2954e+05
1.0436e+02 1.5545e-01 1.9477e-02 5.9590e+02 1.2647e-01 1.4648e-02
64     3.4571    33.0000     0.0000     1.5000     2.6000
2.6777e+01    35.0893     0.0221     0.2867
-1.9374e+01 7.2862e+02 -5.5630e+03 1.2823e+04 1.4531e-01 -1.5484e+04
8.5959e+01 1.5892e-01 3.0921e-02 6.3873e+02 1.3327e-01 1.7013e-02
65     3.4571    53.0000     0.0000     1.5000     2.6000
4.3684e+01    32.4232     0.0331     0.2867
-1.9622e+01 2.7163e+02 4.3345e+03 -2.9137e+04 1.2682e-01 1.4196e+05
1.6853e+02 1.1622e-01 4.8999e-04 6.3128e+02 1.3351e-01 1.7852e-02
66     3.4571    72.0000     0.0000     1.5000     2.6000
2.6335e+01    31.2593     0.0331     0.2647
6.1424e+00 -3.0281e+02 4.7203e+03 -2.1008e+04 1.3963e-01 1.0514e+05
8.6005e+01 1.4992e-01 -3.4406e-02 6.8249e+02 1.2969e-01 1.3732e-02
67     3.4571    91.0000     0.0000     1.5000     2.6000
1.8712e+01    29.3067     0.0441     0.2757
-2.2769e+01 6.7606e+02 -4.7208e+03 1.1068e+04 1.1457e-01 -2.2204e+04
8.2121e+01 1.4764e-01 2.7039e-02 6.1732e+02 1.2478e-01 1.4520e-02
68     3.4571   111.0000     0.0000     1.5000     2.6000
2.8596e+01    28.5457     0.0331     0.2757
-1.0986e+01 3.7254e+02 -1.8719e+03 2.0647e+03 1.1504e-01 5.2203e+03
6.4763e+01 1.5490e-01 2.1804e-02 5.3701e+02 1.2171e-01 1.7388e-02
69     3.4571   130.0000     0.0000     1.5000     2.6000
1.7327e+01    29.5069     0.0110     0.2757
1.9105e+00 -5.5949e+02 1.0339e+04 -4.5208e+04 1.3348e-01 2.0126e+05
3.6747e+01 1.2620e-01 5.6854e-02 5.0000e+02 1.2583e-01 1.8735e-02
70     3.8000    14.0000     0.0000     1.5000     2.6000
2.6418e+01    35.8470     0.0000     0.3024
-9.2336e+00 5.7750e+02 -5.5140e+03 1.6859e+04 1.1379e-01 -5.1330e+04
1.2182e+02 1.2643e-01 2.5377e-02 8.2774e+02 1.0226e-01 1.2825e-02
71     3.8000    33.0000     0.0000     1.5000     2.6000
3.7658e+01    37.5194     0.0108     0.2916
-4.2297e+00 2.4230e+02 8.1785e+02 -1.1009e+04 1.1864e-01 6.7502e+04
1.3430e+02 1.3906e-01 1.5387e-02 8.2128e+02 1.0754e-01 1.4312e-02
72     3.8000    53.0000     0.0000     1.5000     2.6000
3.0049e+01    36.6240     0.0108     0.2700
-2.2049e+00 2.0272e+02 -5.3988e+02 -2.3687e+03 1.0662e-01 2.3991e+04
9.5831e+01 1.2703e-01 2.8813e-02 8.6778e+02 1.0644e-01 1.2889e-02
73     3.8000    72.0000     0.0000     1.5000     2.6000
2.9429e+01    31.8905     0.0216     0.2592
1.4950e-01 -6.1714e+01 3.4390e+03 -1.8408e+04 1.1429e-01 9.1224e+04
1.1555e+02 1.2487e-01 2.3226e-02 7.6889e+02 1.0371e-01 1.2139e-02
74     3.8000    91.0000     0.0000     1.5000     2.6000
2.6586e+01    31.4981     0.0216     0.2808
-2.9818e+00 1.1320e+02 6.9530e+02 -6.2830e+03 1.1148e-01 3.2423e+04
1.2528e+02 1.2539e-01 2.0931e-02 7.6257e+02 1.0016e-01 1.2163e-02
75     3.8000   111.0000     0.0000     1.5000     2.6000
2.5072e+01    30.0185     0.0000     0.2916
7.8743e+00 -3.8023e+02 7.5701e+03 -3.5602e+04 1.0085e-01 1.7671e+05
9.2911e+01 1.2085e-01 2.5644e-02 6.1266e+02 9.7285e-02 1.4061e-02
76     3.8000   130.0000     0.0000     1.5000     2.6000
5.3861e+01    30.4693     0.0000     0.2700
-6.8041e-01 4.4786e+01 4.5648e+03 -2.8622e+04 9.6754e-02 1.5478e+05
1.7233e+01 -1.8806e-01 1.0617e-02 5.4935e+02 1.0175e-01 1.9683e-02
77     4.1429    14.0000     0.0000     1.5000     2.6000
7.1703e+01    41.6730     0.0000     0.2749
1.4955e+00 -8.7782e+01 1.5117e+03 -6.0229e+03 7.2548e-02 2.2263e+04
1.4759e+02 1.0065e-01 -2.7537e-02 1.1517e+03 8.3022e-02 1.0711e-02
78     4.1429    33.0000     0.0000     1.5000     2.6000
3.1403e+01    40.3360     0.0000     0.2854
-2.1262e-01 1.6750e+02 2.4452e+02 -6.2214e+03 9.8655e-02 4.2296e+04
1.0959e+02 1.0431e-01 2.8987e-02 9.8975e+02 8.8313e-02 1.2184e-02
79     4.1429    53.0000     0.0000     1.5000     2.6000
4.8178e+01    39.8749     0.0000     0.2749
-5.2632e-02 1.7586e+02 5.5443e+01 -5.4553e+03 9.4259e-02 4.0100e+04
1.4302e+02 1.0511e-01 2.2989e-02 1.0624e+03 8.6493e-02 1.1086e-02
80     4.1429    72.0000     0.0000     1.5000     2.6000
1.6700e+02    35.9092     0.0000     0.2537
-1.0017e+01 7.3319e+02 -1.5664e+03 -1.4997e+04 8.0638e-02 1.6560e+05
2.9667e+02 7.8844e-02 -1.1715e-03 1.0354e+03 8.7687e-02 1.1822e-02
81     4.1429    91.0000     0.0000     1.5000     2.6000
7.7359e+01    35.9152     0.0000     0.2643
1.9732e+01 -1.0934e+03 1.2581e+04 -4.3451e+04 7.4395e-02 1.5147e+05
1.3641e+02 9.9156e-02 -2.9931e-02 9.6648e+02 8.1635e-02 1.0582e-02
82     4.1429   111.0000     0.0000     1.5000     2.6000
2.4005e+02    31.5436     0.0000     0.2749
-6.7367e-01 -2.0273e+02 8.7114e+03 -4.8354e+04 9.1156e-02 2.6436e+05
3.6723e+00 -1.5222e-02 -7.1855e+00 7.5424e+02 8.2304e-02 1.4851e-02
83     4.1429   130.0000     0.0000     1.5000     2.6000
3.6088e+01    29.5191     0.0000     0.2537
6.7459e-01 9.0108e+01 4.4643e+03 -3.3084e+04 9.6298e-02 2.2755e+05
1.4082e+02 6.9648e-02 6.1074e-03 5.1303e+02 8.5127e-02 1.8775e-02
84     4.4857    14.0000     0.0000     1.5000     2.6000
6.9893e+01    47.9524     0.0000     0.2793
2.0590e+00 2.4334e+02 -4.7313e+02 -5.0828e+03 5.6150e-02 4.8814e+04
2.4552e+02 8.4870e-02 1.6898e-02 1.5929e+03 6.5877e-02 8.7141e-03
85     4.4857    33.0000     0.0000     1.5000     2.6000
4.0049e+01    43.5861     0.0000     0.2793
1.2337e+00 8.6632e+01 1.8469e+02 -3.5740e+03 8.1948e-02 2.5617e+04
1.4735e+02 9.2325e-02 2.4692e-02 1.1903e+03 7.2284e-02 1.0998e-02
86     4.4857    53.0000     0.0000     1.5000     2.6000
4.3891e+01    47.7316     0.0000     0.2689
-4.6192e-01 3.2287e+02 -1.3482e+03 -1.5786e+03 6.2820e-02 3.0967e+04
1.6053e+02 8.6936e-02 2.5459e-02 1.4953e+03 7.0542e-02 9.2822e-03
87     4.4857    72.0000     0.0000     1.5000     2.6000
1.2567e+02    44.8920     0.0000     0.3206
5.9776e+00 -7.6951e+02 9.4805e+03 -3.2906e+04 5.9204e-02 1.1149e+05
1.6646e+02 8.3436e-02 -3.0379e-02 1.4711e+03 6.8735e-02 8.8082e-03
88     4.4857    91.0000     0.0000     1.5000     2.6000
1.2573e+02    41.3817     0.0000     0.2586
1.2089e+01 -1.4716e+03 2.0307e+04 -7.8410e+04 5.6649e-02 3.2312e+05
1.5606e+02 8.0359e-02 -3.0681e-02 1.2734e+03 6.5856e-02 9.4020e-03
89     4.4857   111.0000     0.0000     1.5000     2.6000
1.8086e+02    37.5762     0.0000     0.3206
-8.0798e+00 1.6889e+03 -1.7385e+04 5.1123e+04 7.7106e-02 -1.2806e+05
3.7232e+02 5.6109e-02 -1.6713e-03 9.8975e+02 6.7522e-02 1.2465e-02
90     4.4857   130.0000     0.0000     1.5000     2.6000
2.5292e+01    31.0595     0.0000     0.2689
-2.5562e+00 -8.6180e+01 2.1330e+03 -9.1124e+03 7.3811e-02 3.5187e+04
8.6322e+01 8.9560e-02 -3.3833e-02 6.0437e+02 6.6679e-02 1.5473e-02
91     4.8286    14.0000     0.0000     1.5000     2.6000
6.0925e+01    51.3255     0.0000     0.2326
1.8062e+00 4.2814e+02 -1.8617e+03 -6.5266e+03 6.3589e-02 1.2389e+05
2.9182e+02 6.9607e-02 1.5501e-02 2.0094e+03 5.3298e-02 7.4055e-03
92     4.8286    33.0000     0.0000     1.5000     2.6000
8.9915e+01    44.8966     0.0000     0.3641
-2.4128e+01 7.1463e+02 -5.0293e+03 1.1545e+04 6.2726e-02 -1.9800e+04
1.2785e+02 7.2545e-02 -3.0995e-02 1.5084e+03 5.9572e-02 9.0865e-03
93     4.8286    53.0000     0.0000     1.5000     2.6000
3.9537e+01    50.6857     0.0000     0.2933
-6.1800e+00 1.3198e+03 -1.3552e+04 4.0234e+04 4.8325e-02 -1.0640e+05
2.2047e+02 7.0705e-02 1.9983e-02 1.8426e+03 5.7262e-02 7.6907e-03
94     4.8286    72.0000     0.0000     1.5000     2.6000
4.5748e+01    50.5016     0.0000     0.2529
1.5244e+00 6.2768e+02 -5.5552e+03 1.2252e+04 6.3650e-02 -6.9292e+01
2.3504e+02 6.9765e-02 1.8573e-02 1.9181e+03 5.5168e-02 7.5974e-03
95     4.8286    91.0000     0.0000     1.5000     2.6000
1.5007e+02    46.4455     0.0000     0.2529
-3.2659e+00 -3.9296e+02 8.9030e+03 -4.2652e+04 6.3341e-02 2.2055e+05
1.8687e+02 6.9074e-02 -2.5526e-02 1.7523e+03 5.3023e-02 7.7231e-03
96     4.8286   111.0000     0.0000     1.5000     2.6000
1.3699e+02    43.7078     0.0000     0.2832
-1.6449e+00 -5.0778e+02 9.8046e+03 -4.4989e+04 5.3704e-02 2.2944e+05
1.8585e+02 6.7709e-02 -2.4866e-02 1.3836e+03 5.1860e-02 9.0476e-03
97     4.8286   130.0000     0.0000     1.5000     2.6000
5.7948e+01    33.5333     0.0000     0.2529
-4.5026e+00 -1.6045e+02 2.9464e+03 -1.1187e+04 4.9626e-02 3.6984e+04
6.4246e+01 7.9146e-02 -3.4527e-02 7.8268e+02 5.4302e-02 1.4398e-02
2
0     0.3714    14.0000     0.0000     1.5000     2.6000
3.1334e-09     0.1948     0.8767     0.9553
9.1939e-01 3.9777e-01 -1.7711e-01 -8.0793e-01 8.7342e-01 -2.2486e+00
8.8135e+00 9.5087e-01 -9.9057e-04 3.7721e+00 8.9292e-01 3.1086e-02
1     0.3714    33.0000     0.0000     1.5000     2.6000
1.8333e+01     1.6852     0.0131     1.2431
-3.7223e-01 5.0045e+00 -1.5156e+01 1.3340e+01 4.2718e-02 -2.8180e+00
4.4466e+00 3.2117e+01 -2.0043e+01 5.5866e+00 5.5539e-02 9.4578e-03
2     0.3714    53.0000     0.0000     1.5000     2.6000
9.9723e+01     9.2265     0.0000     1.2693
-1.1860e+00 1.1980e+01 -2.7887e+01 2.2192e+01 6.1171e-01 -4.6013e+00
7.2967e+00 3.3227e-01 2.4305e-01 3.8175e+01 6.2497e-01 4.6306e-02
3     0.3714    72.0000     0.0000     1.5000     2.6000
9.3876e+01    18.6380     0.0131     1.0730
7.3476e-01 -7.8837e+00 -1.1318e+01 3.7890e+01 6.5123e-01 -1.8371e+01
1.4147e+01 4.2690e-01 1.7444e-01 8.6592e+01 6.3958e-01 5.9239e-02
4     0.3714    91.0000     0.0000     1.5000     2.6000
8.8381e+01    19.7169     0.0393     1.0730
9.1936e-02 2.7914e+00 -5.2577e+01 8.2312e+01 6.3763e-01 -2.9340e+01
1.5931e+01 4.6924e-01 1.9405e-01 8.9385e+01 6.5099e-01 5.3703e-02
5     0.3714   111.0000     0.0000     1.5000     2.6000
6.8101e+01    15.9788     0.0000     1.2693
2.2839e+00 -3.2836e+01 8.1261e+01 -5.7343e+01 6.4189e-01 7.6501e+00
1.2739e+01 4.1398e-01 1.9458e-01 6.7970e+01 6.3610e-01 5.5671e-02
6     0.3714   130.0000     0.0000     1.5000     2.6000
5.6061e+01     5.2625     0.0000     0.8113
-2.0864e+00 3.2130e+01 -1.2547e+02 1.6332e+02 6.4985e-01 -8.5159e+01
5.1129e+00 2.8107e-01 3.3701e-01 1.9553e+01 6.3583e-01 3.7371e-02
7     0.7143    14.0000     0.0000     1.5000     2.6000
2.6339e+00     0.8574     0.0257     0.7843
-6.2450e-01 1.1657e+01 -4.3193e+01 4.9377e+01 6.9407e-02 -1.8116e+01
9.5898e-01 5.2934e-01 3.7410e-01 2.7935e+00 6.9135e-02 1.8303e-02
8     0.7143    33.0000     0.0000     1.5000     2.6000
1.2980e+02     6.3653     0.0000     1.0800
1.0961e+01 -8.5495e+01 2.0205e+02 -1.6408e+02 2.3835e-01 3.6360e+01
8.9725e+00 5.6210e-01 2.0250e-01 1.7691e+01 2.4367e-01 2.5924e-02
9     0.7143    53.0000     0.0000     1.5000     2.6000
8.0727e+01    23.6692     0.0000     1.0414
2.5718e+00 -5.9390e+01 1.4110e+02 -8.8054e+01 6.6544e-01 4.3672e+00
2.7387e+01 4.1509e-01 1.9896e-01 9.1247e+01 6.7748e-01 5.0189e-02
10     0.7143    72.0000     0.0000     1.5000     2.6000
1.0233e+02    24.4486     0.0000     1.0543
1.4218e-01 6.5160e+00 -9.8539e+01 1.5893e+02 7.0911e-01 -6.4672e+01
2.6022e+01 4.6697e-01 1.7819e-01 1.0708e+02 6.9633e-01 4.8921e-02
11     0.7143    91.0000     0.0000     1.5000     2.6000
1.1552e+02    27.5652     0.0000     1.1571
1.0129e+00 -3.8765e+01 1.7586e+02 -1.7948e+02 7.1090e-01 4.1796e+01
1.9237e+01 4.6893e-01 2.2951e-01 1.1452e+02 7.0440e-01 4.9207e-02
12     0.7143   111.0000     0.0000     1.5000     2.6000
8.4096e+01    22.4568     0.0000     1.0414
9.2125e-01 -9.2985e+00 -3.1711e+01 9.0304e+01 7.0001e-01 -4.8485e+01
2.4858e+01 4.4079e-01 1.7047e-01 8.7523e+01 6.9797e-01 5.2384e-02
13     0.7143   130.0000     0.0000     1.5000     2.6000
9.3957e+01    17.0089     0.0000     1.0286
1.9313e-01 -5.4762e+00 -3.7055e+01 8.6683e+01 7.0081e-01 -4.3286e+01
2.2021e+01 4.0539e-01 1.7788e-01 6.0521e+01 6.8577e-01 4.9891e-02
14     1.0571    14.0000     0.0000     1.5000     2.6000
5.2495e+01     2.5744     0.0000     1.0861
1.4782e+00 -3.3729e+00 2.9828e+01 -4.2963e+01 7.4968e-01 1.5373e+01
4.9345e+01 6.9496e-01 3.0148e-03 1.0242e+01 7.4356e-01 1.4049e-02
15     1.0571    33.0000     0.0000     1.5000     2.6000
1.3565e+02    20.6629     0.0000     0.9598
-5.8389e+00 5.3886e+01 -9.0023e+01 3.7275e+01 7.0640e-01 4.3392e+00
2.3636e+01 3.9281e-01 2.4576e-01 5.9591e+01 7.0965e-01 3.8720e-02
16     1.0571    53.0000     0.0000     1.5000     2.6000
8.0803e+01    30.3942     0.0000     1.0482
-6.2572e-01 -3.3176e+01 3.0967e+01 3.4600e+01 7.1715e-01 -3.1726e+01
4.5527e+01 4.6548e-01 2.0817e-01 9.3110e+01 7.2781e-01 4.4487e-02
17     1.0571    72.0000     0.0000     1.5000     2.6000
1.3662e+02    31.7301     0.0000     1.0482
-8.6612e-01 4.8587e+01 -2.8934e+02 3.6595e+02 7.3399e-01 -1.2190e+02
5.0387e+01 5.0292e-01 1.7754e-01 1.1546e+02 7.4266e-01 3.7989e-02
18     1.0571    91.0000     0.0000     1.5000     2.6000
1.1832e+02    34.9226     0.0000     1.0608
9.5175e-03 6.3402e+01 -1.2107e+02 8.4401e+01 7.5583e-01 -2.4278e+01
3.4774e+01 5.3681e-01 1.6805e-01 1.2104e+02 7.4742e-01 3.8346e-02
19     1.0571   111.0000     0.0000     1.5000     2.6000
1.2498e+02    32.3230     0.0000     1.0355
1.7896e-01 5.2136e+01 -3.1354e+02 4.1276e+02 7.4415e-01 -1.4889e+02
5.2100e+01 5.1552e-01 1.6590e-01 1.0987e+02 7.4805e-01 3.7687e-02
20     1.0571   130.0000     0.0000     1.5000     2.6000
1.5862e+02    27.6643     0.0000     1.5028
9.5529e-01 4.0148e+01 -9.1392e+01 5.6629e+01 7.2315e-01 -6.4903e+00
3.1158e+01 5.1004e-01 1.8772e-01 9.4041e+01 7.3661e-01 3.7404e-02
21     1.4000    14.0000     0.0000     1.5000     2.6000
1.2870e+02     8.0884     0.0000     0.9176
9.2887e+00 -9.9687e+01 2.4527e+02 -1.5023e+02 4.8453e-01 -1.3946e+01
8.2622e+00 2.7659e-01 9.3485e-02 2.9795e+01 4.6800e-01 5.8690e-02
22     1.4000    33.0000     0.0000     1.5000     2.6000
2.0109e+02    36.0878     0.0000     1.1284
-4.2838e+00 3.7390e+02 -1.1972e+03 1.0514e+03 5.3076e-01 -2.2173e+02
6.2101e+01 7.2066e-01 7.3289e-02 7.8212e+01 5.1210e-01 7.5385e-02
23     1.4000    53.0000     0.0000     1.5000     2.6000
1.2843e+02    39.9550     0.0000     1.0416
-2.4621e+00 2.4213e+02 -1.0024e+03 1.0648e+03 4.9217e-01 -2.9863e+02
5.2498e+01 7.5669e-01 6.2400e-02 9.9627e+01 5.1406e-01 1.2275e-01
24     1.4000    72.0000     0.0000     1.5000     2.6000
1.9401e+02    41.2542     0.0000     1.0292
-4.3165e+00 2.7874e+02 -8.4267e+02 7.6637e+02 5.5058e-01 -1.9671e+02
5.2727e+01 7.4115e-01 6.4251e-02 1.0124e+02 5.2378e-01 7.7494e-02
25     1.4000    91.0000     0.0000     1.5000     2.6000
1.3258e+02    43.7846     0.0000     1.0416
-5.2138e+00 2.9396e+02 -9.1751e+02 8.3182e+02 4.6422e-01 -2.0124e+02
5.4197e+01 7.1557e-01 8.7912e-02 1.0708e+02 5.0222e-01 7.9596e-02
26     1.4000   111.0000     0.0000     1.5000     2.6000
1.7802e+02    41.7524     0.0000     1.1780
-4.2414e+00 2.5460e+02 -7.4270e+02 6.0875e+02 4.5079e-01 -1.1568e+02
5.4077e+01 7.2983e-01 8.9334e-02 9.4972e+01 4.9187e-01 8.7947e-02
27     1.4000   130.0000     0.0000     1.5000     2.6000
1.7214e+02    37.8222     0.0000     1.0416
-7.5598e+00 3.2416e+02 -1.0575e+03 9.5212e+02 4.9539e-01 -2.1023e+02
4.9052e+01 7.2307e-01 -9.6717e-02 8.9385e+01 4.9538e-01 9.2642e-02
28     1.7429    14.0000     0.0000     1.5000     2.6000
1.8837e+02    22.9646     0.0000     0.9981
4.7345e+00 2.4711e+01 -8.9985e+01 7.8158e+01 3.6782e-01 -1.7309e+01
2.0272e+01 4.2796e-01 1.9080e-01 1.0056e+02 3.6137e-01 3.8013e-02
29     1.7429    33.0000     0.0000     1.5000     2.6000
1.3857e+02    53.6148     0.0000     0.9615
1.6770e+00 4.5949e+02 -1.9582e+03 2.1722e+03 3.9574e-01 -6.8901e+02
6.3135e+01 6.1873e-01 1.0434e-01 1.4618e+02 4.0132e-01 8.1460e-02
30     1.7429    53.0000     0.0000     1.5000     2.6000
2.7398e+02    54.1682     0.0000     1.1563
3.5021e-01 1.7744e+02 -4.2756e+02 2.8732e+02 4.0479e-01 -3.7413e+01
4.9076e+01 5.1793e-01 1.7454e-01 1.5829e+02 3.9877e-01 5.1350e-02
31     1.7429    72.0000     0.0000     1.5000     2.6000
2.5393e+02    54.7533     0.0000     1.0224
8.4355e-01 1.9207e+02 -7.7847e+02 8.1042e+02 3.7788e-01 -2.2514e+02
7.2205e+01 5.2052e-01 1.7074e-01 1.9460e+02 3.8621e-01 4.3885e-02
32     1.7429    91.0000     0.0000     1.5000     2.6000
2.1108e+02    56.3758     0.0000     1.0467
-3.1734e+00 2.4886e+02 -9.1170e+02 9.0401e+02 3.8618e-01 -2.3611e+02
6.9655e+01 5.1743e-01 1.7123e-01 2.0112e+02 3.7742e-01 4.4476e-02
33     1.7429   111.0000     0.0000     1.5000     2.6000
2.3822e+02    54.0609     0.0000     1.0224
8.4363e-01 1.3497e+02 -2.6360e+02 1.1252e+02 3.8991e-01 1.7854e+01
4.5156e+01 5.1687e-01 1.7613e-01 1.8715e+02 3.7622e-01 4.7915e-02
34     1.7429   130.0000     0.0000     1.5000     2.6000
1.6017e+02    53.5021     0.0000     1.2902
4.2513e+00 1.6620e+02 -4.3272e+02 3.0879e+02 3.6446e-01 -4.5488e+01
4.2620e+01 6.1088e-01 1.0601e-01 1.6294e+02 3.8437e-01 7.0874e-02
35     2.0857    14.0000     0.0000     1.5000     2.6000
1.8277e+02    38.2911     0.0000     1.0868
1.2556e+01 -5.6782e+00 -1.9516e+01 1.0497e+01 2.9848e-01 3.1066e+00
3.6868e+01 3.8537e-01 1.8052e-01 1.9646e+02 2.8828e-01 3.1142e-02
36     2.0857    33.0000     0.0000     1.5000     2.6000
3.4320e+02    70.3229     0.0000     1.0032
3.6128e+00 3.0703e+02 -9.6512e+02 8.5846e+02 3.1994e-01 -2.0413e+02
6.3057e+01 4.4476e-01 1.6383e-01 2.6164e+02 3.1349e-01 4.3372e-02
37     2.0857    53.0000     0.0000     1.5000     2.6000
1.9282e+02    67.7186     0.0000     1.0032
-4.2224e-01 3.5807e+02 -1.1273e+03 1.0175e+03 2.9707e-01 -2.4806e+02
6.3064e+01 4.6800e-01 1.5386e-01 2.9888e+02 3.0887e-01 3.6707e-02
38     2.0857    72.0000     0.0000     1.5000     2.6000
2.0180e+02    68.5238     0.0000     1.1107
4.9486e+00 2.2825e+02 -6.4920e+02 5.1418e+02 2.9506e-01 -9.5769e+01
6.3118e+01 4.5782e-01 1.6087e-01 3.3706e+02 3.0137e-01 3.2658e-02
39     2.0857    91.0000     0.0000     1.5000     2.6000
2.0831e+02    70.7851     0.0000     1.0151
4.1315e-01 3.3068e+02 -1.1430e+03 1.1138e+03 3.0305e-01 -3.0524e+02
7.6486e+01 4.6306e-01 1.5483e-01 3.4544e+02 2.9487e-01 3.3277e-02
40     2.0857   111.0000     0.0000     1.5000     2.6000
2.1100e+02    69.7879     0.0000     1.0629
1.9999e+00 2.7161e+02 -7.7176e+02 6.2020e+02 2.9591e-01 -1.2067e+02
6.5236e+01 4.5911e-01 1.5690e-01 3.2495e+02 2.9233e-01 3.5067e-02
41     2.0857   130.0000     0.0000     1.5000     2.6000
1.9433e+02    68.2354     0.0000     0.9913
5.2744e+00 2.4038e+02 -7.2314e+02 6.1183e+02 2.8643e-01 -1.3408e+02
6.0123e+01 4.4244e-01 1.6397e-01 2.8678e+02 2.9765e-01 3.9704e-02
42     2.4286    14.0000     0.0000     1.5000     2.6000
2.3602e+02    56.4658     0.0000     1.0777
9.5914e+00 9.6846e+00 -8.3922e-01 -3.2694e+01 2.4679e-01 1.5536e+01
5.7549e+01 3.2459e-01 1.7809e-01 3.0540e+02 2.3439e-01 2.9966e-02
43     2.4286    33.0000     0.0000     1.5000     2.6000
2.6257e+02    84.9154     0.0000     1.1129
-6.6059e+00 2.7604e+02 -6.4711e+02 4.4068e+02 2.3737e-01 -6.1884e+01
7.6220e+01 3.4783e-01 1.7947e-01 3.8920e+02 2.4931e-01 3.6667e-02
44     2.4286    53.0000     0.0000     1.5000     2.6000
2.0529e+02    81.7308     0.0000     1.0074
-1.4879e+01 2.7788e+02 -6.2092e+02 4.1250e+02 2.5112e-01 -5.3994e+01
7.2929e+01 3.5021e-01 2.0216e-01 4.5624e+02 2.4585e-01 3.0661e-02
45     2.4286    72.0000     0.0000     1.5000     2.6000
1.8795e+02    83.3571     0.0000     0.9606
-2.5864e+00 2.2139e+02 -4.4975e+02 2.7644e+02 2.2794e-01 -4.9682e+01
7.3786e+01 3.5783e-01 1.5573e-01 5.1396e+02 2.3925e-01 2.7724e-02
46     2.4286    91.0000     0.0000     1.5000     2.6000
2.4504e+02    86.3425     0.0000     1.3589
-7.0807e+00 2.7056e+02 -5.7725e+02 3.5525e+02 2.2410e-01 -4.0066e+01
7.6364e+01 3.4914e-01 1.6818e-01 5.4376e+02 2.3557e-01 2.6710e-02
47     2.4286   111.0000     0.0000     1.5000     2.6000
1.5727e+02    85.4663     0.0000     1.0660
-6.8945e+00 2.0230e+02 -3.4930e+02 1.3576e+02 2.2413e-01 1.8496e+01
7.5696e+01 3.3678e-01 1.8479e-01 5.1117e+02 2.3328e-01 2.8599e-02
48     2.4286   130.0000     0.0000     1.5000     2.6000
2.3827e+02    84.9059     0.0000     1.1363
-3.1292e-01 2.1716e+02 -4.1489e+02 1.9934e+02 2.3311e-01 -9.9770e-01
7.2147e+01 3.3629e-01 1.5777e-01 4.5996e+02 2.3512e-01 3.2180e-02
49     2.7714    14.0000     0.0000     1.5000     2.6000
2.3819e+02    80.1992     0.0000     1.2864
1.5659e+01 1.0984e+02 -2.8627e+02 1.8170e+02 1.9460e-01 -1.9474e+01
7.3410e+01 3.2593e-01 1.7530e-01 5.0558e+02 1.9022e-01 2.4654e-02
50     2.7714    33.0000     0.0000     1.5000     2.6000
2.7404e+02   107.8533     0.0000     1.0222
6.3139e+00 5.1869e+01 1.7848e+02 -3.9668e+02 2.0803e-01 1.6135e+02
1.2216e+02 3.2266e-01 1.5118e-01 5.8007e+02 1.9975e-01 2.9415e-02
51     2.7714    53.0000     0.0000     1.5000     2.6000
1.3378e+02   105.4131     0.0000     0.9648
6.8401e+00 6.3111e+01 2.5247e+02 -5.4538e+02 1.9007e-01 2.2565e+02
1.1252e+02 3.4195e-01 1.4938e-01 6.5549e+02 1.9693e-01 2.4325e-02
52     2.7714    72.0000     0.0000     1.5000     2.6000
1.3917e+02   102.9978     0.0000     0.9303
5.0433e+00 8.5294e+01 1.2057e+02 -3.5400e+02 1.8663e-01 1.3726e+02
1.0942e+02 3.3895e-01 1.4943e-01 7.2905e+02 1.9391e-01 2.1871e-02
53     2.7714    91.0000     0.0000     1.5000     2.6000
1.5852e+02   103.8796     0.0000     1.1256
7.0235e-01 1.3245e+02 -1.0416e+02 -9.3145e+01 2.0173e-01 6.4854e+01
1.1121e+02 3.5143e-01 1.5860e-01 7.1601e+02 1.9085e-01 2.2509e-02
54     2.7714   111.0000     0.0000     1.5000     2.6000
1.8660e+02   106.9570     0.0000     1.3438
-3.2547e+01 6.9304e+01 -5.4532e+01 2.0007e+01 1.9676e-01 -2.3075e+00
1.5374e+02 3.4334e-01 2.0926e-01 6.7970e+02 1.8715e-01 2.4320e-02
55     2.7714   130.0000     0.0000     1.5000     2.6000
2.1033e+02   105.1217     0.0000     1.1486
3.1484e+00 2.4213e+02 -4.3854e+02 1.7161e+02 1.9441e-01 2.2085e+01
1.0389e+02 3.2775e-01 1.5062e-01 6.6666e+02 1.8967e-01 2.4802e-02
56     3.1143    14.0000     0.0000     1.5000     2.6000
1.6895e+02   106.0616     0.0000     1.3509
1.7218e+01 -1.1330e+02 2.0324e+02 -1.1884e+02 1.6057e-01 1.3023e+01
1.4705e+02 3.6461e-01 1.9595e-01 6.7411e+02 1.5663e-01 2.0606e-02
57     3.1143    33.0000     0.0000     1.5000     2.6000
1.4232e+02   130.1680     0.0000     1.3509
-1.8382e+01 -3.4198e+01 1.4061e+02 -9.9584e+01 1.6123e-01 1.2094e+01
2.0257e+02 3.5510e-01 1.9413e-01 7.9888e+02 1.6307e-01 2.2932e-02
58     3.1143    53.0000     0.0000     1.5000     2.6000
1.0650e+02   126.6533     0.0000     0.9569
6.3492e-01 -4.2881e+01 7.1606e+02 -1.0283e+03 1.5727e-01 3.5655e+02
1.5687e+02 3.5309e-01 1.6787e-01 8.5009e+02 1.6039e-01 1.9528e-02
59     3.1143    72.0000     0.0000     1.5000     2.6000
1.3457e+02   119.4206     0.0000     0.9681
-3.2314e+01 -2.0540e+02 7.7849e+02 -6.9143e+02 1.4658e-01 1.5021e+02
2.1596e+02 3.6038e-01 2.0222e-01 7.9888e+02 1.5704e-01 1.8714e-02
60     3.1143    91.0000     0.0000     1.5000     2.6000
1.0457e+02   120.3770     0.0000     1.1257
-4.1686e+01 -1.4661e+01 1.2572e+02 -6.7752e+01 1.4906e-01 -2.2179e+00
2.0748e+02 3.6521e-01 2.1288e-01 8.1843e+02 1.5394e-01 1.8909e-02
61     3.1143   111.0000     0.0000     1.5000     2.6000
1.1258e+02   127.8833     0.0000     0.9794
-2.0971e+01 6.4541e+01 1.8348e+02 -3.5218e+02 1.5114e-01 1.2444e+02
1.7260e+02 3.5626e-01 1.9255e-01 8.4916e+02 1.5050e-01 1.9783e-02
62     3.1143   130.0000     0.0000     1.5000     2.6000
1.6885e+02   127.0052     0.0000     1.2833
-3.0840e+00 2.9992e+02 -7.3082e+02 5.0465e+02 1.4111e-01 -7.0195e+01
1.5403e+02 3.8177e-01 1.7779e-01 7.2532e+02 1.5192e-01 2.2699e-02
63     3.4571    14.0000     0.0000     1.5000     2.6000
1.9840e+02   130.6294     0.0000     1.2683
-1.5529e+01 -1.5309e+02 3.0153e+02 -1.3635e+02 1.1607e-01 1.0255e+00
2.2166e+02 3.6093e-01 2.2587e-01 9.1992e+02 1.2601e-01 1.6146e-02
64     3.4571    33.0000     0.0000     1.5000     2.6000
1.1186e+02   150.2394     0.0000     1.0477
-4.6920e+01 -3.3883e+01 6.1903e+01 5.1977e+01 1.2104e-01 -3.5665e+01
2.7129e+02 3.5944e-01 2.2129e-01 9.0409e+02 1.3169e-01 1.9391e-02
65     3.4571    53.0000     0.0000     1.5000     2.6000
1.2152e+02   151.1407     0.0000     0.9595
-4.9283e+01 -9.2910e+01 3.3115e+02 -2.3803e+02 1.2216e-01 4.3880e+01
2.7203e+02 3.7467e-01 2.2343e-01 1.0540e+03 1.2942e-01 1.6597e-02
66     3.4571    72.0000     0.0000     1.5000     2.6000
1.6286e+02   139.2084     0.0000     1.2131
-4.2746e+01 -5.6686e+01 7.0121e+01 6.4233e+01 1.3815e-01 -4.0576e+01
2.6231e+02 3.9257e-01 2.2103e-01 1.0130e+03 1.2703e-01 1.4940e-02
67     3.4571    91.0000     0.0000     1.5000     2.6000
1.2350e+02   139.8015     0.0000     1.1801
-4.8608e+01 -6.3536e+00 -3.7616e+01 1.4190e+02 1.1950e-01 -5.4495e+01
2.6361e+02 3.9003e-01 2.2059e-01 9.3868e+02 1.2406e-01 1.6044e-02
68     3.4571   111.0000     0.0000     1.5000     2.6000
1.3017e+02   142.2312     0.0000     1.3124
-4.7814e+01 -8.8164e+01 2.9434e+02 -1.7497e+02 1.2977e-01 1.3438e+01
2.6726e+02 3.7396e-01 2.1586e-01 8.8679e+02 1.2172e-01 1.7435e-02
69     3.4571   130.0000     0.0000     1.5000     2.6000
1.1555e+02   145.0244     0.0000     1.1139
-4.3072e+01 -5.2804e+01 2.9153e+01 1.1812e+02 1.1339e-01 -5.5928e+01
2.7668e+02 3.8318e-01 2.1989e-01 7.7746e+02 1.2175e-01 1.9709e-02
70     3.8000    14.0000     0.0000     1.5000     2.6000
2.2583e+02   158.3899     0.0000     1.2312
-6.8848e+01 5.5319e+01 2.3154e+01 -9.7523e-01 9.4660e-02 -1.1399e+01
2.8218e+02 3.2036e-01 2.3241e-01 1.2691e+03 1.0138e-01 1.3637e-02
71     3.8000    33.0000     0.0000     1.5000     2.6000
1.3192e+02   179.0697     0.0000     1.2096
-6.1678e+01 -1.0655e+02 3.9229e+02 -2.4404e+02 1.1104e-01 1.8678e+01
3.5135e+02 3.4176e-01 2.1009e-01 1.1071e+03 1.0714e-01 1.6424e-02
72     3.8000    53.0000     0.0000     1.5000     2.6000
2.1403e+02   174.9541     0.0000     1.2636
-2.9865e+01 -8.1446e+00 6.0034e+01 -1.6510e+01 1.1369e-01 -6.8122e+00
3.0658e+02 3.7507e-01 1.9942e-01 1.2905e+03 1.0504e-01 1.3984e-02
73     3.8000    72.0000     0.0000     1.5000     2.6000
2.4303e+02   164.0068     0.0000     1.0260
-5.7522e+01 -3.4332e+02 1.3791e+03 -1.3057e+03 9.8401e-02 3.2842e+02
3.2973e+02 3.5522e-01 2.0755e-01 1.2461e+03 1.0356e-01 1.3157e-02
74     3.8000    91.0000     0.0000     1.5000     2.6000
2.0059e+02   162.3597     0.0000     1.1232
-7.3312e+01 -3.3282e+01 2.1744e+02 -1.1009e+02 1.1062e-01 -3.4129e+00
3.2448e+02 3.6414e-01 2.1424e-01 1.2045e+03 1.0061e-01 1.3729e-02
75     3.8000   111.0000     0.0000     1.5000     2.6000
2.2480e+02   168.7218     0.0000     1.1232
-6.6253e+01 2.1037e+01 -1.1978e+02 2.5918e+02 1.0772e-01 -9.7491e+01
3.3456e+02 3.6896e-01 2.1895e-01 1.1350e+03 9.7094e-02 1.4336e-02
76     3.8000   130.0000     0.0000     1.5000     2.6000
1.2551e+02   167.9955     0.0000     1.1448
-4.9084e+01 -2.4267e+01 6.2140e+01 4.8013e+01 1.0222e-01 -3.8833e+01
3.2412e+02 3.5728e-01 2.1167e-01 8.6033e+02 9.8165e-02 1.8009e-02
77     4.1429    14.0000     0.0000     1.5000     2.6000
2.4640e+02   184.5881     0.0000     1.2580
2.9713e+01 -2.6007e+01 -8.2661e+00 2.0079e-01 8.9586e-02 5.8023e+00
2.7044e+02 3.5542e-01 1.7858e-01 1.7309e+03 8.2204e-02 1.1758e-02
78     4.1429    33.0000     0.0000     1.5000     2.6000
1.6995e+02   208.3035     0.0000     1.0677
1.7161e+01 1.1905e+02 -7.9758e+01 -1.5756e+02 9.3551e-02 1.0178e+02
3.3321e+02 3.5886e-01 1.5986e-01 1.3911e+03 8.7212e-02 1.3954e-02
79     4.1429    53.0000     0.0000     1.5000     2.6000
2.7560e+02   207.2448     0.0000     1.0571
-1.8976e+01 -7.0595e+02 2.2896e+03 -1.9797e+03 9.0870e-02 4.1468e+02
4.3704e+02 3.5842e-01 1.7998e-01 1.5479e+03 8.5806e-02 1.2675e-02
80     4.1429    72.0000     0.0000     1.5000     2.6000
2.7548e+02   193.4265     0.0000     0.9831
-1.7345e+01 -3.6972e+02 9.2820e+02 -5.8230e+02 9.4696e-02 3.8664e+01
3.9640e+02 3.7739e-01 1.8447e-01 1.5970e+03 8.4353e-02 1.1454e-02
81     4.1429    91.0000     0.0000     1.5000     2.6000
3.0042e+02   195.4912     0.0000     1.0571
2.0076e-01 1.4163e+02 -8.4611e+01 -1.6031e+02 7.0888e-02 1.0395e+02
3.1171e+02 3.7933e-01 1.7072e-01 1.5614e+03 8.1539e-02 1.1161e-02
82     4.1429   111.0000     0.0000     1.5000     2.6000
2.5031e+02   193.9824     0.0000     1.0889
-1.2912e+01 -2.8088e+02 9.1998e+02 -7.8038e+02 8.3150e-02 1.5479e+02
3.7805e+02 3.6892e-01 1.8012e-01 1.3060e+03 7.8742e-02 1.3032e-02
83     4.1429   130.0000     0.0000     1.5000     2.6000
1.3023e+02   194.5972     0.0000     1.0360
-3.1407e+01 -5.7285e+02 1.8721e+03 -1.5900e+03 7.5695e-02 3.2220e+02
4.3056e+02 3.4908e-01 1.8354e-01 9.2178e+02 7.9243e-02 1.7203e-02
84     4.4857    14.0000     0.0000     1.5000     2.6000
3.6247e+02   216.9981     0.0000     1.0343
6.2941e+01 -1.1024e+02 2.3921e+02 -2.8524e+02 5.6118e-02 9.4577e+01
3.1295e+02 3.6073e-01 1.6401e-01 2.3648e+03 6.6402e-02 9.7970e-03
85     4.4857    33.0000     0.0000     1.5000     2.6000
1.9383e+02   239.9772     0.0000     1.0033
4.8848e+01 2.8899e+02 -3.9815e+02 -1.2129e+02 6.0485e-02 1.8350e+02
3.7140e+02 3.7098e-01 1.3784e-01 1.7290e+03 7.0976e-02 1.1815e-02
86     4.4857    53.0000     0.0000     1.5000     2.6000
2.3518e+02   247.8432     0.0000     1.0033
5.6530e+01 2.5660e+02 -2.4431e+02 -3.1452e+02 5.9633e-02 2.4779e+02
3.5868e+02 3.8897e-01 1.4010e-01 2.1890e+03 7.0116e-02 1.0233e-02
87     4.4857    72.0000     0.0000     1.5000     2.6000
3.4400e+02   239.2802     0.0000     1.0033
4.8629e+01 2.6073e+02 -1.6596e+02 -4.1815e+02 7.7383e-02 2.7585e+02
3.3029e+02 3.8727e-01 1.4265e-01 2.2877e+03 6.8231e-02 9.8430e-03
88     4.4857    91.0000     0.0000     1.5000     2.6000
3.0605e+02   236.3740     0.0000     1.0033
2.5795e+01 3.6448e+02 -6.8805e+02 2.4105e+02 5.5734e-02 5.7558e+01
3.4673e+02 3.8947e-01 1.5158e-01 2.0971e+03 6.6079e-02 1.0796e-02
89     4.4857   111.0000     0.0000     1.5000     2.6000
3.2804e+02   232.3292     0.0000     1.0136
4.6129e+01 1.6680e+02 -1.3487e+02 -2.5170e+02 5.3977e-02 1.7478e+02
3.5584e+02 3.8285e-01 1.4879e-01 1.7421e+03 6.4166e-02 1.1331e-02
90     4.4857   130.0000     0.0000     1.5000     2.6000
1.3769e+02   226.8937     0.0000     0.9722
4.3013e+01 -1.9117e+02 1.2500e+03 -1.6627e+03 7.4378e-02 5.6572e+02
3.9647e+02 3.6060e-01 1.4472e-01 1.0340e+03 6.4458e-02 1.5958e-02
91     4.8286    14.0000     0.0000     1.5000     2.6000
5.0623e+02   229.2897     0.0000     0.9710
5.2619e+01 1.4105e+02 -1.3140e+03 1.6390e+03 4.8409e-02 -5.2631e+02
3.5584e+02 3.8862e-01 1.8038e-01 3.0710e+03 5.3695e-02 8.2733e-03
92     4.8286    33.0000     0.0000     1.5000     2.6000
2.3694e+02   259.5154     0.0000     0.9609
5.0047e+01 3.1790e+02 -8.6888e+02 5.5990e+02 5.8576e-02 -6.1663e+01
4.0898e+02 3.7944e-01 1.5505e-01 2.1378e+03 5.8609e-02 9.8121e-03
93     4.8286    53.0000     0.0000     1.5000     2.6000
3.3974e+02   269.6103     0.0000     0.9710
4.7784e+01 7.8279e+02 -2.3714e+03 1.9434e+03 5.3293e-02 -4.0789e+02
3.7153e+02 4.0994e-01 1.5172e-01 2.8631e+03 5.6450e-02 8.6566e-03
94     4.8286    72.0000     0.0000     1.5000     2.6000
3.8086e+02   261.7341     0.0000     0.9811
5.7091e+01 7.4460e+02 -2.4141e+03 2.0358e+03 4.4719e-02 -4.2530e+02
3.4861e+02 4.1882e-01 1.5466e-01 3.0358e+03 5.4860e-02 8.4458e-03
95     4.8286    91.0000     0.0000     1.5000     2.6000
4.0177e+02   251.4979     0.0000     0.9912
2.3813e+01 7.9496e+02 -2.3410e+03 1.8887e+03 6.1007e-02 -3.6766e+02
3.4079e+02 4.0960e-01 1.6269e-01 2.7689e+03 5.3069e-02 8.8584e-03
96     4.8286   111.0000     0.0000     1.5000     2.6000
4.2285e+02   254.2530     0.0000     0.9710
3.9638e+01 5.9513e+02 -1.6668e+03 1.2401e+03 4.1734e-02 -2.1108e+02
3.4859e+02 3.9682e-01 1.6183e-01 2.3687e+03 5.1452e-02 9.6645e-03
97     4.8286   130.0000     0.0000     1.5000     2.6000
1.5678e+02   248.0119     0.0000     0.9710
3.1419e+01 4.8997e+02 -1.2989e+03 9.0652e+02 5.1525e-02 -1.3040e+02
3.9071e+02 3.8175e-01 1.5824e-01 1.3131e+03 5.2520e-02 1.3951e-02
3
0     0.3714    14.0000     0.0000     1.5000     2.6000
0.0000e+00     0.0096     0.0000     0.0262
0.0000e+00 0.0000e+00 0.0000e+00 0.0000e+00 0.0000e+00 0.0000e+00
1.0000e+00 8.8329e-01 1.5703e-01 1.1091e+00 1.7340e-01 1.0788e-01
1     0.3714    33.0000     0.0000     1.5000     2.6000
4.7404e+00     0.5656     0.4580     0.8506
1.4539e+01 -4.0716e+01 -8.6109e+00 7.4911e+01 5.9819e-01 -4.6572e+01
2.1588e+00 2.2864e+00 1.6668e+00 3.7245e+00 5.9245e-01 1.2885e-02
2     0.3714    53.0000     0.0000     1.5000     2.6000
3.1292e+01     1.7778     0.0785     1.0992
3.8490e-01 -1.4995e+01 4.7739e+01 -4.7651e+01 7.7279e-01 1.2816e+01
9.2038e+00 -1.3662e+01 8.5526e+00 5.5866e+00 7.8767e-01 2.1387e-02
3     0.3714    72.0000     0.0000     1.5000     2.6000
4.3133e+01     2.5305     0.1178     1.1908
-1.3353e+00 6.7066e+00 -1.2554e+01 7.2451e+00 7.5728e-01 -1.0692e+00
2.1691e+00 5.7857e-01 -7.9170e-01 8.3799e+00 7.7055e-01 3.1682e-02
4     0.3714    91.0000     0.0000     1.5000     2.6000
5.0105e+01     2.2624     0.1832     1.1385
6.4104e+00 -5.1353e+01 1.3009e+02 -1.1180e+02 8.3006e-01 2.5449e+01
1.6001e+00 6.1717e-01 -5.7189e-01 9.3110e+00 8.2435e-01 3.5916e-02
5     0.3714   111.0000     0.0000     1.5000     2.6000
4.1332e+01     1.7289     0.1439     1.0469
2.6444e+00 -1.8864e+01 4.7980e+01 -4.1129e+01 7.8173e-01 8.8216e+00
1.4964e+00 6.8835e-01 -7.4235e-01 6.5177e+00 7.9525e-01 8.0237e-03
6     0.3714   130.0000     0.0000     1.5000     2.6000
3.3190e+01     1.8786     0.0785     1.0469
7.4918e-01 -1.6512e+00 -3.2949e+00 9.6147e+00 6.7142e-01 -6.1894e+00
1.6297e+00 5.6140e-01 -6.8684e-01 7.4488e+00 6.8315e-01 8.4511e-03
7     0.7143    14.0000     0.0000     1.5000     2.6000
0.0000e+00     0.0069     0.0000     0.0257
0.0000e+00 0.0000e+00 0.0000e+00 0.0000e+00 0.0000e+00 0.0000e+00
1.0000e+00 2.6357e-01 1.5429e-01 2.1780e+00 7.7633e-01 3.1777e-02
8     0.7143    33.0000     0.0000     1.5000     2.6000
3.6260e+01     2.0429     0.1157     1.0414
3.1355e-01 -4.9783e+00 1.4148e+01 -1.4645e+01 5.7205e-01 4.3131e+00
2.4403e+00 4.6172e+06 -5.6167e+06 8.3799e+00 5.8456e-01 3.5076e-02
9     0.7143    53.0000     0.0000     1.5000     2.6000
7.9219e+01     3.4252     0.0643     1.2214
2.5031e+00 -1.8894e+01 4.2848e+01 -3.3403e+01 7.5964e-01 5.9146e+00
3.0217e+00 6.6199e-01 3.8502e-01 1.3966e+01 7.7340e-01 2.6680e-02
10     0.7143    72.0000     0.0000     1.5000     2.6000
9.1615e+01     4.3019     0.0771     1.4400
1.4842e+00 -6.5641e+00 1.0115e+01 -7.0991e+00 7.8956e-01 8.3569e-01
3.3341e+00 7.9782e-01 3.9068e-01 1.5829e+01 7.9798e-01 3.5685e-02
11     0.7143    91.0000     0.0000     1.5000     2.6000
7.7344e+01     4.4105     0.0900     1.3114
3.8473e-01 -3.7292e+00 5.0302e+00 -1.1017e+00 7.7179e-01 -1.3334e+00
2.3067e+00 1.8950e+06 6.0070e+06 1.7691e+01 7.8369e-01 4.5493e-02
12     0.7143   111.0000     0.0000     1.5000     2.6000
5.7538e+01     3.2385     0.0643     1.1700
2.2171e+00 -8.4262e+00 3.4522e+01 -4.1934e+01 7.6393e-01 1.2439e+01
3.7003e+00 9.8845e-01 8.0641e-02 1.3035e+01 7.8052e-01 4.1713e-02
13     0.7143   130.0000     0.0000     1.5000     2.6000
5.8066e+01     2.9486     0.1029     1.2343
2.6262e+00 -1.7981e+01 4.5739e+01 -4.2760e+01 6.8264e-01 1.1067e+01
3.5972e+00 6.9167e-01 2.8676e-01 1.2104e+01 6.8568e-01 1.2013e-02
14     1.0571    14.0000     0.0000     1.5000     2.6000
2.3523e-09     0.2189     0.3915     0.4673
5.9663e+01 -3.3704e+01 -2.5166e+02 -5.4331e+02 3.8401e-01 3.0193e+03
-3.1935e-01 7.9005e-01 2.6838e-02 3.6793e+00 3.9835e-01 3.4476e-02
15     1.0571    33.0000     0.0000     1.5000     2.6000
9.0958e+01     4.2547     0.0126     1.0608
-3.8232e-01 -7.0462e+00 2.4222e+01 -2.4742e+01 7.2919e-01 8.5321e+00
5.5074e+00 4.1332e-01 -2.4763e-01 1.3966e+01 7.1701e-01 3.9103e-02
16     1.0571    53.0000     0.0000     1.5000     2.6000
9.1254e+01     6.3564     0.1389     1.2755
-8.0901e-01 6.5476e+00 -1.1562e+01 8.3853e+00 7.3620e-01 -2.3782e+00
3.6249e+00 5.7318e-01 -5.1893e-01 2.8864e+01 7.4918e-01 3.1940e-02
17     1.0571    72.0000     0.0000     1.5000     2.6000
1.0978e+02     6.6240     0.2021     1.4270
-2.9682e+00 9.9424e+00 -4.3369e+00 1.0733e+00 7.5781e-01 -1.3808e+00
6.2480e+00 3.6884e-01 9.5385e-02 2.7933e+01 7.6796e-01 4.3261e-02
18     1.0571    91.0000     0.0000     1.5000     2.6000
1.1193e+02     6.6438     0.2273     1.3765
-1.5170e-01 5.7174e+00 -1.1660e+01 8.6957e+00 7.6611e-01 -2.1964e+00
3.2272e+00 6.2877e-01 5.8732e-01 3.1657e+01 7.7863e-01 3.1256e-02
19     1.0571   111.0000     0.0000     1.5000     2.6000
8.4918e+01     5.7520     0.1137     1.4018
-2.0356e+00 8.9354e+00 -1.6841e+01 1.0532e+01 7.6091e-01 -1.7458e+00
3.9570e+00 6.4924e-01 -6.3240e-01 2.6071e+01 7.7377e-01 3.1084e-02
20     1.0571   130.0000     0.0000     1.5000     2.6000
1.0552e+02     4.3352     0.1642     1.2629
-1.4534e+00 8.6794e+00 -1.0376e+01 3.0972e+00 7.4442e-01 -1.1055e-01
2.4638e+00 5.8559e-01 -4.6720e-01 1.8622e+01 7.5864e-01 3.3481e-02
21     1.4000    14.0000     0.0000     1.5000     2.6000
3.9184e+01     1.7749     0.1240     1.1780
-1.4917e-02 -1.9629e-01 6.3172e+00 -9.3201e+00 4.1359e-01 3.0461e+00
1.7268e+00 2.4621e-01 6.7845e-01 8.1297e+00 -7.5829e+01 5.8352e-04
22     1.4000    33.0000     0.0000     1.5000     2.6000
1.0256e+02     7.8067     0.0000     1.2152
-6.3507e-01 5.3004e+00 -2.5250e+01 2.8605e+01 7.3132e-01 -7.5307e+00
7.8503e+00 5.5151e-01 3.0676e-01 2.7002e+01 7.1946e-01 3.1054e-02
23     1.4000    53.0000     0.0000     1.5000     2.6000
1.2138e+02     8.1145     0.0248     1.2896
-1.4574e+00 2.0912e+01 -4.6689e+01 3.4160e+01 7.3499e-01 -5.9904e+00
4.1559e+00 6.3697e-01 3.5887e-01 3.8175e+01 7.3863e-01 3.0885e-02
24     1.4000    72.0000     0.0000     1.5000     2.6000
1.9539e+02     8.4004     0.0496     1.3020
-2.2499e+00 8.1249e+00 -1.7377e+01 1.2550e+01 7.4248e-01 -2.0810e+00
6.4491e+00 6.3577e-01 -3.8535e-01 5.6797e+01 7.5521e-01 2.5810e-02
25     1.4000    91.0000     0.0000     1.5000     2.6000
2.2007e+02     8.1810     0.0124     1.4508
-1.6397e+00 4.0811e+00 -9.9608e+00 8.4998e+00 7.4262e-01 -1.9607e+00
6.0076e+00 6.7021e-01 -4.2561e-01 4.8417e+01 7.5559e-01 2.6849e-02
26     1.4000   111.0000     0.0000     1.5000     2.6000
1.6729e+02     8.5756     0.0248     1.3144
-3.2582e-01 5.8783e+00 -2.8510e+01 2.9676e+01 7.4317e-01 -6.8586e+00
6.4614e+00 7.0302e-01 3.1817e-01 5.4935e+01 7.5596e-01 2.7162e-02
27     1.4000   130.0000     0.0000     1.5000     2.6000
1.6464e+02     6.9940     0.0868     1.4384
-1.7420e+00 1.1600e+01 -2.9741e+01 2.4297e+01 7.1552e-01 -4.6482e+00
5.8496e+00 5.9790e-01 3.3822e-01 2.7933e+01 7.2950e-01 3.2343e-02
28     1.7429    14.0000     0.0000     1.5000     2.6000
7.5772e+01     4.3635     0.0000     1.1441
-1.5148e+00 2.8655e+01 -6.6778e+01 4.4727e+01 7.0143e-01 -5.9997e+00
1.9878e+00 1.1289e+07 3.6774e+07 1.9553e+01 7.1493e-01 2.6869e-02
29     1.7429    33.0000     0.0000     1.5000     2.6000
1.8624e+02    11.6796     0.0000     1.1928
-4.0722e-01 7.3433e+00 -5.7577e+01 7.9016e+01 7.1594e-01 -2.5399e+01
1.4053e+01 5.0570e-01 2.4389e-01 4.4693e+01 7.2976e-01 2.6455e-02
30     1.7429    53.0000     0.0000     1.5000     2.6000
1.6732e+02    10.9880     0.0000     1.2171
1.4493e+00 -1.0294e+01 -4.9266e+00 2.8877e+01 7.2982e-01 -1.2909e+01
1.1706e+01 5.7328e-01 2.3635e-01 5.3072e+01 7.4274e-01 2.7902e-02
31     1.7429    72.0000     0.0000     1.5000     2.6000
1.8016e+02    11.4012     0.0852     1.2171
-3.0438e+00 2.8399e+01 -8.8969e+01 8.2415e+01 7.3852e-01 -1.7815e+01
1.0452e+01 6.2705e-01 2.8329e-01 6.9832e+01 7.5116e-01 2.4769e-02
32     1.7429    91.0000     0.0000     1.5000     2.6000
1.5759e+02    12.2451     0.0609     1.2780
3.5311e-01 6.0474e+00 -5.7197e+01 7.6154e+01 7.4483e-01 -2.2574e+01
1.3018e+01 6.2994e-01 2.3314e-01 6.3314e+01 7.5670e-01 2.6758e-02
33     1.7429   111.0000     0.0000     1.5000     2.6000
1.6490e+02    11.4713     0.1217     1.2415
2.5493e+00 -3.4533e+01 1.9244e+02 -2.1275e+02 7.6292e-01 5.0854e+01
1.0158e+01 1.0711e+00 8.3717e-02 8.0074e+01 7.5167e-01 2.5501e-02
34     1.7429   130.0000     0.0000     1.5000     2.6000
1.5750e+02    10.4588     0.0609     1.2171
-1.5266e+00 1.6199e+01 -6.8052e+01 7.5949e+01 7.5274e-01 -2.0152e+01
1.2035e+01 5.5885e-01 2.2881e-01 4.5624e+01 7.4192e-01 2.8090e-02
35     2.0857    14.0000     0.0000     1.5000     2.6000
1.5446e+02     7.6395     0.0000     1.0868
1.0634e+00 -1.2251e+01 5.9884e+01 -7.3650e+01 3.5068e-01 2.3295e+01
6.1867e+00 5.4314e-01 3.5466e-01 2.4208e+01 3.3958e-01 4.0681e-02
36     2.0857    33.0000     0.0000     1.5000     2.6000
1.3130e+02    15.1299     0.0000     1.1107
1.3636e+00 -6.3357e+00 -3.8979e+01 9.0002e+01 7.2877e-01 -4.1609e+01
2.8668e+01 4.4824e-01 1.5330e-01 4.3761e+01 7.3810e-01 2.6070e-02
37     2.0857    53.0000     0.0000     1.5000     2.6000
2.8909e+02    15.2668     0.0000     1.1823
3.5125e+00 -2.7408e+01 8.8828e+01 -4.9452e+01 5.4881e-01 -8.3580e+00
3.3011e+01 3.6379e-01 5.7295e-02 4.0968e+01 5.4097e-01 4.1897e-02
38     2.0857    72.0000     0.0000     1.5000     2.6000
1.6906e+02    14.0451     0.1194     1.0987
-1.3158e-01 2.4214e+01 -1.1192e+02 1.1531e+02 3.7017e-01 -2.7233e+01
2.4068e+01 6.2698e-01 1.7392e-01 4.6555e+01 3.6585e-01 3.9202e-02
39     2.0857    91.0000     0.0000     1.5000     2.6000
1.6375e+02    15.6599     0.0000     1.0987
1.3032e+00 -4.7741e+00 -1.9854e+01 4.3792e+01 3.7117e-01 -1.7385e+01
2.1483e+01 5.7795e-01 1.8551e-01 5.3072e+01 3.5718e-01 3.7253e-02
40     2.0857   111.0000     0.0000     1.5000     2.6000
1.5997e+02    15.9610     0.0000     1.1346
1.3734e+00 -5.2336e+00 4.8424e+00 3.2313e+00 3.4371e-01 -3.6067e+00
1.9499e+01 6.2040e-01 2.0821e-01 5.6797e+01 3.5441e-01 3.6068e-02
41     2.0857   130.0000     0.0000     1.5000     2.6000
2.1955e+02    14.4681     0.0000     1.1226
1.3482e+00 -1.5619e+00 -2.7475e+01 3.2698e+01 3.5558e-01 -6.6838e+00
2.1405e+01 6.1405e-01 2.1748e-01 4.8417e+01 3.4535e-01 3.6974e-02
42     2.4286    14.0000     0.0000     1.5000     2.6000
8.9343e+01    13.2809     0.0000     0.9020
3.1755e+00 -2.7253e+01 3.4594e+01 7.5648e-01 2.6246e-01 -1.1948e+01
1.3722e+01 3.8565e-01 2.0373e-01 8.1937e+01 2.5153e-01 3.5023e-02
43     2.4286    33.0000     0.0000     1.5000     2.6000
8.6775e+01    20.5284     0.0000     0.9723
1.8083e+00 -1.1587e+01 8.2625e+01 -9.9121e+01 2.8261e-01 2.6738e+01
1.6722e+01 4.3697e-01 1.5721e-01 9.2178e+01 2.7063e-01 4.6285e-02
44     2.4286    53.0000     0.0000     1.5000     2.6000
8.4836e+01    19.6941     0.0117     0.9840
1.7504e+00 -2.6625e+01 1.2817e+02 -1.3637e+02 2.7947e-01 3.3279e+01
1.6942e+01 4.2436e-01 1.4869e-01 1.2104e+02 2.6715e-01 3.5452e-02
45     2.4286    72.0000     0.0000     1.5000     2.6000
9.7064e+01    18.6862     0.0000     0.9840
2.4366e+00 -4.3948e+01 2.0257e+02 -2.2690e+02 2.7399e-01 6.7682e+01
1.3557e+01 4.4327e-01 1.5714e-01 1.2942e+02 2.6238e-01 3.3283e-02
46     2.4286    91.0000     0.0000     1.5000     2.6000
1.0811e+02    19.6994     0.0469     1.0777
-5.5781e-01 3.1200e+01 -9.3901e+01 8.1172e+01 2.4213e-01 -1.6157e+01
1.6745e+01 5.1096e-01 1.4741e-01 1.3873e+02 2.5483e-01 3.4387e-02
47     2.4286   111.0000     0.0000     1.5000     2.6000
9.4105e+01    20.5109     0.0000     1.0191
2.7929e+00 -3.8840e+01 1.3461e+02 -1.2436e+02 2.4409e-01 2.6715e+01
1.4633e+01 4.4441e-01 1.8008e-01 1.3687e+02 2.5109e-01 3.5787e-02
48     2.4286   130.0000     0.0000     1.5000     2.6000
1.1089e+02    19.6219     0.0117     0.9254
1.5916e+00 -1.9675e+01 1.1237e+02 -1.2243e+02 2.5208e-01 2.6081e+01
1.4678e+01 4.1579e-01 1.5128e-01 1.2384e+02 2.5317e-01 3.5590e-02
49     2.7714    14.0000     0.0000     1.5000     2.6000
1.0802e+02    16.4218     0.0000     0.8614
-3.8368e-01 2.4341e+01 -3.9653e+01 1.1320e+01 1.8148e-01 4.7711e+00
1.1747e+01 2.9819e-01 1.9040e-01 1.5549e+02 1.8737e-01 2.3094e-02
50     2.7714    33.0000     0.0000     1.5000     2.6000
8.4581e+01    25.3059     0.0000     0.9533
-1.5104e+00 -5.2642e+01 1.8397e+02 -1.6594e+02 1.9270e-01 3.7034e+01
3.1934e+01 3.6479e-01 1.7224e-01 1.9274e+02 1.9737e-01 2.8131e-02
51     2.7714    53.0000     0.0000     1.5000     2.6000
7.2990e+01    23.9261     0.0000     0.9533
-2.3560e+00 -3.8418e+01 1.3140e+02 -1.1628e+02 2.0420e-01 2.6813e+01
2.5641e+01 3.8659e-01 1.9356e-01 2.4020e+02 1.9263e-01 2.3536e-02
52     2.7714    72.0000     0.0000     1.5000     2.6000
7.2902e+01    22.6475     0.0000     0.8614
-1.6317e+00 -7.0761e+01 2.5700e+02 -2.5701e+02 1.8087e-01 7.5915e+01
2.7472e+01 3.8604e-01 1.9044e-01 2.4608e+02 1.8865e-01 2.1058e-02
53     2.7714    91.0000     0.0000     1.5000     2.6000
9.8010e+01    23.4213     0.0000     0.9763
8.6428e-01 -3.9074e+01 8.3413e+01 -3.9245e+01 1.8313e-01 -5.7851e+00
2.8176e+01 4.2041e-01 1.6401e-01 2.5313e+02 1.8605e-01 2.1312e-02
54     2.7714   111.0000     0.0000     1.5000     2.6000
7.2229e+01    23.7972     0.0000     0.9189
-2.1942e+00 -5.4153e+01 1.9847e+02 -1.9723e+02 1.7618e-01 5.8608e+01
2.6404e+01 3.8131e-01 1.9629e-01 2.4326e+02 1.8254e-01 2.2932e-02
55     2.7714   130.0000     0.0000     1.5000     2.6000
6.9739e+01    23.4857     0.0000     0.8729
-2.5918e+00 2.2532e+01 1.3284e+01 -7.2943e+01 1.7327e-01 4.3939e+01
1.9990e+01 3.4736e-01 1.8284e-01 1.9567e+02 1.8410e-01 2.5829e-02
56     3.1143    14.0000     0.0000     1.5000     2.6000
6.2116e+01    22.9349     0.0000     0.8668
5.6797e+00 7.5778e+00 -5.5419e+01 6.0284e+01 1.3517e-01 -1.8456e+01
2.2119e+01 3.7584e-01 1.5303e-01 2.6722e+02 1.4302e-01 1.7258e-02
57     3.1143    33.0000     0.0000     1.5000     2.6000
1.0627e+02    28.6055     0.0000     0.8218
-1.9287e+00 -4.1314e+01 8.2686e+01 -1.3569e+01 1.3947e-01 -3.3515e+01
4.4153e+01 3.4627e-01 1.6846e-01 3.0111e+02 1.5065e-01 1.8380e-02
58     3.1143    53.0000     0.0000     1.5000     2.6000
9.4125e+01    29.5178     0.0000     0.9118
-8.1783e-01 1.4697e+01 -1.5800e+02 2.2153e+02 1.3563e-01 -7.5904e+01
4.1388e+01 4.1482e-01 1.6875e-01 3.7377e+02 1.4601e-01 1.6750e-02
59     3.1143    72.0000     0.0000     1.5000     2.6000
9.1226e+01    28.1425     0.0000     0.9231
-2.1357e-01 3.7910e+01 -2.6033e+02 3.5986e+02 1.4473e-01 -1.4200e+02
4.0222e+01 4.1961e-01 1.4917e-01 3.8183e+02 1.4448e-01 1.5408e-02
60     3.1143    91.0000     0.0000     1.5000     2.6000
7.1205e+01    25.8755     0.0450     0.8330
-1.4805e+00 4.3813e+01 -5.0069e+01 -2.7444e+01 1.5138e-01 4.2593e+01
2.4981e+01 4.2095e-01 1.3451e-01 3.4857e+02 1.4029e-01 1.6091e-02
61     3.1143   111.0000     0.0000     1.5000     2.6000
6.4214e+01    28.8670     0.0000     0.8893
2.6372e+00 -8.7642e+01 3.8954e+02 -4.5917e+02 1.2738e-01 1.6431e+02
3.1755e+01 3.7354e-01 1.6056e-01 3.5341e+02 1.3826e-01 1.7440e-02
62     3.1143   130.0000     0.0000     1.5000     2.6000
7.0389e+01    28.3085     0.0000     1.0919
2.4517e+00 -2.0314e+01 7.2735e+01 -7.6310e+01 1.3457e-01 2.2855e+01
3.2013e+01 3.7335e-01 1.5583e-01 2.8957e+02 1.3831e-01 1.9836e-02
63     3.4571    14.0000     0.0000     1.5000     2.6000
1.2666e+02    28.3278     0.0000     1.0036
2.0911e+00 -2.0353e+01 2.1385e+01 8.2434e+00 1.0905e-01 -1.0244e+01
3.5180e+01 3.5607e-01 1.8059e-01 3.9445e+02 1.1294e-01 1.3522e-02
64     3.4571    33.0000     0.0000     1.5000     2.6000
1.0244e+02    33.2350     0.0000     0.9264
-1.8586e+00 5.5197e+01 -3.5583e+02 4.5471e+02 1.2008e-01 -1.5377e+02
4.8944e+01 3.8639e-01 1.8877e-01 4.1545e+02 1.1715e-01 1.4779e-02
65     3.4571    53.0000     0.0000     1.5000     2.6000
1.0870e+02    32.8506     0.0000     0.8933
-6.5763e+00 -1.1461e+02 4.6578e+02 -4.9898e+02 1.1676e-01 1.6410e+02
5.2581e+01 3.5105e-01 1.9558e-01 4.7737e+02 1.1584e-01 1.2145e-02
66     3.4571    72.0000     0.0000     1.5000     2.6000
1.0857e+02    31.5494     0.0000     0.8933
-1.9387e+00 7.7538e+01 -4.1744e+02 4.8837e+02 1.1036e-01 -1.4484e+02
4.9128e+01 4.3565e-01 1.7787e-01 4.8920e+02 1.1360e-01 1.1747e-02
67     3.4571    91.0000     0.0000     1.5000     2.6000
7.7794e+01    30.5215     0.0000     0.9705
-2.5266e+00 7.7526e+01 -4.0976e+02 4.7772e+02 1.1703e-01 -1.4315e+02
4.5955e+01 4.3380e-01 1.8826e-01 4.7960e+02 1.0910e-01 1.1540e-02
68     3.4571   111.0000     0.0000     1.5000     2.6000
8.2167e+01    29.9753     0.0000     0.8492
-2.8741e+00 -1.2165e+02 5.0973e+02 -5.9576e+02 9.8084e-02 2.3111e+02
4.4527e+01 3.7472e-01 1.9977e-01 4.1049e+02 1.0786e-01 1.3415e-02
69     3.4571   130.0000     0.0000     1.5000     2.6000
9.8090e+01    30.9337     0.0000     0.8933
-2.5629e+00 8.4469e+01 -4.8239e+02 5.9822e+02 1.0238e-01 -2.0155e+02
5.1064e+01 4.0588e-01 1.8299e-01 3.5181e+02 1.0935e-01 1.4679e-02
70     3.8000    14.0000     0.0000     1.5000     2.6000
1.2045e+02    33.7700     0.0000     0.9288
-6.9439e+00 -7.1043e+00 -1.2745e+00 2.7326e+01 9.9778e-02 -8.9508e+00
4.8928e+01 3.0827e-01 2.1964e-01 5.3013e+02 9.1007e-02 1.1116e-02
71     3.8000    33.0000     0.0000     1.5000     2.6000
9.0267e+01    38.7475     0.0000     0.8964
-9.4363e+00 -5.8122e+01 2.4923e+02 -2.6056e+02 8.3429e-02 8.8145e+01
6.3211e+01 3.1710e-01 1.9306e-01 5.2011e+02 9.4091e-02 1.2376e-02
72     3.8000    53.0000     0.0000     1.5000     2.6000
8.4784e+01    38.7338     0.0000     0.8532
2.1353e+00 -2.2637e+01 -1.1747e+02 2.3095e+02 1.0152e-01 -8.8682e+01
6.5720e+01 3.7988e-01 1.7158e-01 6.1013e+02 9.2319e-02 1.0961e-02
73     3.8000    72.0000     0.0000     1.5000     2.6000
7.2113e+01    37.5389     0.0000     0.9180
-2.2648e+00 -3.0711e+01 3.8697e+02 -6.1009e+02 8.6123e-02 2.8081e+02
4.1669e+01 3.3324e-01 1.7266e-01 6.7111e+02 9.0663e-02 9.2263e-03
74     3.8000    91.0000     0.0000     1.5000     2.6000
8.0162e+01    35.8823     0.0000     0.9288
-3.8564e+00 -1.1850e+02 4.2897e+02 -4.2760e+02 9.8016e-02 1.2733e+02
6.1067e+01 3.4431e-01 1.8118e-01 6.1690e+02 8.8030e-02 9.7014e-03
75     3.8000   111.0000     0.0000     1.5000     2.6000
1.0310e+02    34.2839     0.0000     0.9504
-4.4318e+00 -5.5299e+01 1.3486e+02 -8.6774e+01 9.5571e-02 1.5575e+01
6.2568e+01 3.5766e-01 1.7941e-01 4.8923e+02 8.4773e-02 1.0746e-02
76     3.8000   130.0000     0.0000     1.5000     2.6000
6.8303e+01    33.5287     0.0000     0.9396
-1.2306e+00 -1.1076e+02 3.5795e+02 -3.2274e+02 7.3365e-02 7.9751e+01
6.4680e+01 3.3624e-01 1.6851e-01 3.5768e+02 8.4162e-02 1.2989e-02
77     4.1429    14.0000     0.0000     1.5000     2.6000
1.1072e+02    39.6476     0.0000     0.9091
6.5974e+00 -5.0109e+01 -1.0080e+02 2.9377e+02 6.8117e-02 -1.5842e+02
6.6242e+01 3.3409e-01 1.6644e-01 8.1103e+02 7.2790e-02 8.5200e-03
78     4.1429    33.0000     0.0000     1.5000     2.6000
5.8850e+01    45.3103     0.0000     0.7929
1.0939e+00 -2.4457e+00 -3.6164e+02 7.3539e+02 8.6833e-02 -4.4305e+02
9.6269e+01 3.3963e-01 1.4265e-01 6.6563e+02 7.6656e-02 1.0117e-02
79     4.1429    53.0000     0.0000     1.5000     2.6000
7.9524e+01    45.5937     0.0000     0.8563
-4.5230e+00 -1.9223e+02 7.4010e+02 -7.6629e+02 6.6817e-02 2.3640e+02
9.2043e+01 3.1874e-01 1.5590e-01 7.9298e+02 7.5358e-02 8.6938e-03
80     4.1429    72.0000     0.0000     1.5000     2.6000
7.4795e+01    42.1092     0.0000     1.0043
1.8254e+00 -3.9161e+01 2.0698e+01 5.8766e+01 8.2737e-02 -4.2093e+01
7.8571e+01 3.4549e-01 1.5367e-01 7.9132e+02 7.4450e-02 7.7536e-03
81     4.1429    91.0000     0.0000     1.5000     2.6000
1.0904e+02    40.3687     0.0000     0.9091
2.5135e+00 -6.7565e+01 9.5164e+00 1.5823e+02 8.1991e-02 -1.0834e+02
8.3094e+01 3.6018e-01 1.5193e-01 7.5673e+02 7.1446e-02 8.1311e-03
82     4.1429   111.0000     0.0000     1.5000     2.6000
6.9241e+01    39.8994     0.0000     0.9091
5.4748e+00 -1.5619e+02 3.9168e+02 -2.8621e+02 7.7532e-02 4.7538e+01
8.4809e+01 3.4386e-01 1.5220e-01 6.3395e+02 6.8210e-02 8.6809e-03
83     4.1429   130.0000     0.0000     1.5000     2.6000
6.7861e+01    38.3776     0.0000     0.8880
3.5278e+00 -1.5294e+02 3.9880e+02 -2.9119e+02 7.5170e-02 4.1894e+01
9.0477e+01 3.3120e-01 1.4677e-01 3.9013e+02 6.6856e-02 1.1671e-02
84     4.4857    14.0000     0.0000     1.5000     2.6000
9.9423e+01    48.7365     0.0000     0.8171
1.6987e+01 -5.5473e+01 2.5252e+02 -3.9772e+02 4.9894e-02 2.1724e+02
6.1918e+01 3.1988e-01 1.2600e-01 1.0971e+03 5.9666e-02 7.8370e-03
85     4.4857    33.0000     0.0000     1.5000     2.6000
9.4696e+01    50.8629     0.0000     0.8481
2.7939e+00 -1.6289e+02 3.3062e+02 -1.1622e+02 5.8128e-02 -7.1037e+01
1.2047e+02 3.1845e-01 1.4021e-01 7.7227e+02 6.3319e-02 9.0044e-03
86     4.4857    53.0000     0.0000     1.5000     2.6000
7.3230e+01    53.2151     0.0000     0.8378
1.4012e+01 -3.1391e+02 9.6367e+02 -8.8698e+02 6.6823e-02 2.3140e+02
1.1415e+02 3.2865e-01 1.3936e-01 9.7731e+02 6.1806e-02 7.8165e-03
87     4.4857    72.0000     0.0000     1.5000     2.6000
8.4051e+01    50.5401     0.0000     0.8067
1.0550e+01 -2.2985e+02 5.9134e+02 -4.3841e+02 6.9659e-02 6.1040e+01
1.0833e+02 3.3539e-01 1.4203e-01 1.0442e+03 6.0109e-02 7.1635e-03
88     4.4857    91.0000     0.0000     1.5000     2.6000
4.2616e+01    51.7645     0.0000     0.8067
1.0558e+01 -2.1320e+02 6.2803e+02 -5.3206e+02 5.9600e-02 9.5327e+01
1.0916e+02 3.3196e-01 1.3274e-01 9.7109e+02 5.7646e-02 7.6323e-03
89     4.4857   111.0000     0.0000     1.5000     2.6000
6.7200e+01    48.3350     0.0000     0.7964
9.8505e+00 -3.8862e+02 1.4704e+03 -1.6124e+03 5.2035e-02 5.7011e+02
1.0932e+02 3.0625e-01 1.4107e-01 7.6604e+02 5.5838e-02 8.3332e-03
90     4.4857   130.0000     0.0000     1.5000     2.6000
7.7276e+01    43.6265     0.0000     0.8378
1.1206e+00 -2.2346e+02 6.9885e+02 -6.1672e+02 5.0885e-02 1.4446e+02
1.1792e+02 3.1692e-01 1.3820e-01 4.0519e+02 5.4776e-02 1.1175e-02
91     4.8286    14.0000     0.0000     1.5000     2.6000
9.2768e+01    52.8340     0.0000     0.7687
1.7363e+01 -2.5168e+02 1.4898e+03 -2.3305e+03 5.0881e-02 1.3628e+03
6.5707e+01 2.9311e-01 1.3409e-01 1.3606e+03 4.8833e-02 6.7664e-03
92     4.8286    33.0000     0.0000     1.5000     2.6000
7.0333e+01    54.6222     0.0000     0.8901
1.5051e+01 -3.0791e+02 8.3134e+02 -6.6761e+02 6.2636e-02 1.2887e+02
1.3134e+02 3.1741e-01 1.3643e-01 8.5599e+02 5.2631e-02 8.1044e-03
93     4.8286    53.0000     0.0000     1.5000     2.6000
6.2773e+01    59.7586     0.0000     0.8294
3.6349e+00 -3.3428e+02 1.1741e+03 -1.2006e+03 5.6715e-02 3.9106e+02
1.3251e+02 3.1594e-01 1.4552e-01 1.1383e+03 5.1172e-02 7.5824e-03
94     4.8286    72.0000     0.0000     1.5000     2.6000
7.1299e+01    58.5003     0.0000     0.7889
1.4861e+01 -2.5587e+02 6.1937e+02 -4.4731e+02 5.7358e-02 7.0094e+01
1.2218e+02 3.4422e-01 1.4167e-01 1.2828e+03 4.9530e-02 6.9979e-03
95     4.8286    91.0000     0.0000     1.5000     2.6000
1.1326e+02    55.8094     0.0000     0.8597
1.1233e+00 -1.8221e+02 4.4730e+02 -2.9194e+02 5.1300e-02 2.5446e+01
1.2014e+02 3.3031e-01 1.4700e-01 1.2406e+03 4.7930e-02 7.0346e-03
96     4.8286   111.0000     0.0000     1.5000     2.6000
1.0067e+02    53.9550     0.0000     0.8091
-2.0424e-01 -3.3371e+02 1.2522e+03 -1.3676e+03 4.0286e-02 5.1763e+02
1.2752e+02 3.1536e-01 1.4796e-01 9.1820e+02 4.6253e-02 7.8578e-03
97     4.8286   130.0000     0.0000     1.5000     2.6000
1.1418e+02    49.0990     0.0000     0.7485
-7.0023e+00 -4.0790e+02 1.8423e+03 -2.2893e+03 5.4133e-02 1.0356e+03
1.3049e+02 2.9556e-01 1.4743e-01 4.9373e+02 4.4969e-02 1.0738e-02
4
0     0.3714    14.0000     0.0000     1.5000     2.6000
4.9880e-22     1.6047     0.0000     1.5703
9.5968e-01 1.7298e-01 -9.4975e-02 -9.4468e-02 -1.7887e-02 7.3960e-02
0.0000e+00 0.0000e+00 0.0000e+00 0.0000e+00 0.0000e+00 0.0000e+00
1     0.3714    33.0000     0.0000     1.5000     2.6000
2.2533e-07     1.5666     0.0000     1.5703
9.9908e-01 1.1655e-02 -3.5909e-02 2.6875e-02 1.5893e-02 -1.6593e-02
0.0000e+00 0.0000e+00 0.0000e+00 0.0000e+00 0.0000e+00 0.0000e+00
2     0.3714    53.0000     0.0000     1.5000     2.6000
7.2258e-07     1.5648     0.0000     1.5703
9.9690e-01 2.6887e-02 -6.0371e-02 2.8375e-02 3.4349e-02 -2.5852e-02
0.0000e+00 0.0000e+00 0.0000e+00 0.0000e+00 0.0000e+00 0.0000e+00
3     0.3714    72.0000     0.0000     1.5000     2.6000
4.6101e-06     1.7499     0.0000     1.5703
9.1663e-01 3.0651e-01 -1.3177e-01 -2.4210e-01 -9.4720e-02 2.6077e-01
0.0000e+00 0.0000e+00 0.0000e+00 0.0000e+00 0.0000e+00 0.0000e+00
4     0.3714    91.0000     0.0000     1.5000     2.6000
3.6848e-01     1.7156     0.0000     1.5703
1.2139e+00 -2.9651e+00 8.6183e+00 -4.0146e+00 -4.0011e+00 2.4349e+00
0.0000e+00 0.0000e+00 0.0000e+00 0.0000e+00 0.0000e+00 0.0000e+00
5     0.3714   111.0000     0.0000     1.5000     2.6000
3.7705e-09     1.5613     0.0000     1.5703
9.8178e-01 8.7033e-02 -1.2740e-01 2.1024e-02 8.4547e-02 -4.6693e-02
0.0000e+00 0.0000e+00 0.0000e+00 0.0000e+00 0.0000e+00 0.0000e+00
6     0.3714   130.0000     0.0000     1.5000     2.6000
8.3346e-23     1.7673     0.0000     1.5703
9.9625e-01 6.9336e-02 -9.0843e-02 -7.2223e-02 3.9306e-03 1.3484e-01
0.0000e+00 0.0000e+00 0.0000e+00 0.0000e+00 0.0000e+00 0.0000e+00
7     0.7143    14.0000     0.0000     1.5000     2.6000
1.9265e-09     1.5426     0.0000     1.5429
9.9933e-01 8.4436e-03 -1.9504e-02 9.1981e-03 7.4419e-03 -5.0998e-03
0.0000e+00 0.0000e+00 0.0000e+00 0.0000e+00 0.0000e+00 0.0000e+00
8     0.7143    33.0000     0.0000     1.5000     2.6000
4.5302e-01     0.9496     0.0000     1.5429
2.4419e+00 -1.5407e+01 5.8901e+01 -1.0042e+02 7.8193e+01 -2.2711e+01
0.0000e+00 0.0000e+00 0.0000e+00 0.0000e+00 0.0000e+00 0.0000e+00
9     0.7143    53.0000     0.0000     1.5000     2.6000
6.3109e-07     1.5428     0.0000     1.5429
9.9890e-01 9.4436e-03 -1.9774e-02 9.2095e-03 7.0518e-03 -4.8071e-03
0.0000e+00 0.0000e+00 0.0000e+00 0.0000e+00 0.0000e+00 0.0000e+00
10     0.7143    72.0000     0.0000     1.5000     2.6000
5.0762e-09     1.5429     0.0000     1.5429
9.9992e-01 1.8993e-03 -5.6784e-03 4.1845e-03 1.5110e-03 -1.6661e-03
0.0000e+00 0.0000e+00 0.0000e+00 0.0000e+00 0.0000e+00 0.0000e+00
11     0.7143    91.0000     0.0000     1.5000     2.6000
3.7088e-01     1.3671     0.0000     1.5429
2.8640e-01 6.4070e+00 -1.2252e+01 3.2804e+00 7.5306e+00 -4.2328e+00
0.0000e+00 0.0000e+00 0.0000e+00 0.0000e+00 0.0000e+00 0.0000e+00
12     0.7143   111.0000     0.0000     1.5000     2.6000
1.9660e-07     1.5428     0.0000     1.5429
9.9917e-01 9.4111e-03 -2.0258e-02 9.1380e-03 7.6573e-03 -5.1214e-03
0.0000e+00 0.0000e+00 0.0000e+00 0.0000e+00 0.0000e+00 0.0000e+00
13     0.7143   130.0000     0.0000     1.5000     2.6000
6.4198e-08     1.5419     0.0000     1.5429
9.9955e-01 6.4371e-03 -1.6846e-02 9.2707e-03 8.3369e-03 -6.6798e-03
0.0000e+00 0.0000e+00 0.0000e+00 0.0000e+00 0.0000e+00 0.0000e+00
14     1.0571    14.0000     0.0000     1.5000     2.6000
0.0000e+00     0.0009     0.0000     0.0253
0.0000e+00 0.0000e+00 0.0000e+00 0.0000e+00 0.0000e+00 0.0000e+00
1.0000e+00 1.1555e+00 1.5154e-01 1.0890e+00 3.3465e-01 1.2232e-01
15     1.0571    33.0000     0.0000     1.5000     2.6000
0.0000e+00     0.0237     0.0000     0.0253
0.0000e+00 0.0000e+00 0.0000e+00 0.0000e+00 0.0000e+00 0.0000e+00
2.0000e+00 6.5037e-01 1.5154e-01 2.2220e+00 8.0377e-02 5.1321e-02
16     1.0571    53.0000     0.0000     1.5000     2.6000
0.0000e+00     0.0068     0.0000     0.0253
0.0000e+00 0.0000e+00 0.0000e+00 0.0000e+00 0.0000e+00 0.0000e+00
2.0000e+00 3.5991e-01 1.5154e-01 2.1780e+00 1.2022e-01 4.4388e-02
17     1.0571    72.0000     0.0000     1.5000     2.6000
1.1483e-18     0.1851     0.0505     0.1263
1.2111e-07 1.4754e-06 1.7974e-05 2.1897e-04 1.0579e-01 3.2498e-02
-1.7613e+01 2.2931e-01 3.6347e-02 3.2312e+00 9.3167e-02 2.9077e-02
18     1.0571    91.0000     0.0000     1.5000     2.6000
3.0697e-01     0.2099     0.0253     0.1263
-4.6481e+00 2.3286e+02 -1.0830e+03 -2.3432e+04 7.8340e-02 1.2862e+06
4.5298e+00 1.1296e-01 4.2117e-03 4.1164e+00 8.4462e-02 1.8500e-02
19     1.0571   111.0000     0.0000     1.5000     2.6000
1.2427e-08     0.0541     0.0253     0.1010
6.8446e-01 3.4174e+00 8.6872e+00 -8.8676e+01 6.3213e-02 -8.4870e+04
-1.0882e+01 9.9579e-02 9.6308e-03 4.0803e+00 6.7253e-02 1.4583e-02
20     1.0571   130.0000     0.0000     1.5000     2.6000
0.0000e+00     0.0227     0.0000     0.0253
0.0000e+00 0.0000e+00 0.0000e+00 0.0000e+00 0.0000e+00 0.0000e+00
1.0000e+00 8.9031e-01 1.5154e-01 1.0890e+00 7.8092e-02 1.0661e-01
21     1.4000    14.0000     0.0000     1.5000     2.6000
4.1588e-19     0.1863     1.4260     1.4880
-7.4282e-01 -5.0983e-01 -3.4992e-01 -2.4016e-01 1.4899e+00 -1.1313e-01
2.0000e+00 1.1780e-01 1.4788e-01 3.1383e+00 9.9829e+00 1.0786e-01
22     1.4000    33.0000     0.0000     1.5000     2.6000
7.0050e+00     0.5682     0.0372     0.2356
-1.6808e+01 4.9249e+02 -5.8556e+03 2.3674e+04 1.4131e-01 -1.2137e+05
2.8970e+02 -2.8693e+00 1.0543e+00 7.5925e+00 1.3038e-01 1.2494e-02
23     1.4000    53.0000     0.0000     1.5000     2.6000
8.3896e+00     1.1101     0.0000     0.2728
2.5296e+00 8.1175e+00 -6.9600e+02 3.2414e+03 1.4069e-01 -1.1657e+04
3.2713e+00 2.2708e-01 1.4390e-02 1.3035e+01 1.4490e-01 3.1306e-02
24     1.4000    72.0000     0.0000     1.5000     2.6000
1.3251e+01     1.3700     0.0372     0.2604
-8.5437e+00 3.5128e+02 -3.6716e+03 1.1636e+04 1.7009e-01 -3.1956e+04
1.7845e+00 2.2328e-01 1.3970e-02 1.9553e+01 1.6552e-01 2.8290e-02
25     1.4000    91.0000     0.0000     1.5000     2.6000
1.7392e+01     2.0006     0.0744     0.4712
-2.2996e-01 2.4576e+01 -1.7916e+02 3.5963e+02 1.6533e-01 -4.2544e+02
1.8348e+00 1.1803e+06 2.3545e+06 2.2346e+01 1.6989e-01 2.4256e-02
26     1.4000   111.0000     0.0000     1.5000     2.6000
1.3111e+01     1.5963     0.0496     0.2604
-1.8744e+01 4.7190e+02 -3.3167e+03 6.6496e+03 1.7721e-01 7.8131e+03
2.9043e+00 4.9476e-02 1.0398e-01 2.5140e+01 1.7533e-01 1.7663e-02
27     1.4000   130.0000     0.0000     1.5000     2.6000
3.4448e+00     1.0509     0.0620     0.2356
1.0863e+01 -3.6069e+02 4.6367e+03 -2.1171e+04 1.5616e-01 1.3144e+05
6.4978e+00 2.2146e-01 -3.0572e-03 1.4898e+01 1.5858e-01 2.8836e-02
28     1.7429    14.0000     0.0000     1.5000     2.6000
2.9062e+01     1.8892     0.0000     0.3651
-1.1896e+00 -7.6488e+01 1.0575e+03 -4.0323e+03 2.1682e-01 1.4770e+04
4.1820e+01 -6.0505e+00 2.8842e+00 1.7691e+01 2.0826e-01 1.9487e-02
29     1.7429    33.0000     0.0000     1.5000     2.6000
3.2988e+01     4.5218     0.0000     0.4503
-3.2083e+00 7.3460e+01 -5.5404e+02 1.2822e+03 2.0440e-01 -1.8748e+03
4.6217e+00 1.5122e-01 -1.5545e-01 4.6555e+01 2.0570e-01 2.8725e-02
30     1.7429    53.0000     0.0000     1.5000     2.6000
2.0937e+01     4.7168     0.0122     0.3408
3.9847e-02 7.6078e+00 2.6148e+01 -6.5271e+02 2.1846e-01 4.7186e+03
1.9227e+00 1.0358e-01 8.8285e-02 5.6871e+01 2.3046e-01 3.1760e-02
31     1.7429    72.0000     0.0000     1.5000     2.6000
2.5684e+01     5.1496     0.0000     0.4138
1.3841e+00 5.7649e+01 -9.2746e+02 2.9037e+03 2.2694e-01 -5.8881e+03
7.0721e+00 1.6209e-01 2.9402e-02 6.9832e+01 2.3522e-01 2.6664e-02
32     1.7429    91.0000     0.0000     1.5000     2.6000
2.6309e+01     5.3817     0.0000     0.3530
6.1264e+00 -1.4029e+02 1.4436e+03 -5.1261e+03 2.4647e-01 1.6921e+04
7.0615e+00 3.3939e-01 2.7274e-03 6.8901e+01 2.4351e-01 3.0035e-02
33     1.7429   111.0000     0.0000     1.5000     2.6000
2.8763e+01     5.0229     0.0000     0.3651
1.7912e+00 -6.5460e+01 6.0155e+02 -1.5287e+03 2.4748e-01 2.4252e+03
1.9771e+00 -6.3848e-02 4.8249e-01 6.0073e+01 2.3672e-01 2.7784e-02
34     1.7429   130.0000     0.0000     1.5000     2.6000
2.5881e+01     3.8985     0.0000     0.3286
7.9428e-01 -7.6539e+01 1.1514e+03 -5.0163e+03 2.2803e-01 2.1020e+04
2.5460e+00 6.7960e-02 -5.4951e-02 4.9318e+01 2.2918e-01 3.2798e-02
35     2.0857    14.0000     0.0000     1.5000     2.6000
4.5856e+01     4.8930     0.0000     0.3941
4.2164e-01 -3.0488e+01 6.8159e+02 -3.0702e+03 2.8863e-01 1.0478e+04
5.0498e+00 1.6887e-01 1.0134e-01 5.0426e+01 2.8066e-01 3.1301e-02
36     2.0857    33.0000     0.0000     1.5000     2.6000
4.5329e+01    11.1126     0.0000     0.5971
-1.1558e+00 4.6724e-01 -1.1855e+02 4.0149e+02 2.7521e-01 -5.5517e+02
1.4693e+01 1.5710e-01 8.8964e-02 1.1687e+02 2.8631e-01 2.8717e-02
37     2.0857    53.0000     0.0000     1.5000     2.6000
3.3307e+01    11.3104     0.0000     0.4897
-2.6750e+00 2.5657e+01 -2.7158e+02 7.2564e+02 3.1416e-01 -1.0239e+03
1.4274e+01 1.8162e-01 -1.0047e-01 1.2477e+02 3.0384e-01 2.7596e-02
38     2.0857    72.0000     0.0000     1.5000     2.6000
3.1838e+01    10.0975     0.0000     0.4299
-2.0033e+00 7.4469e+01 -3.3861e+02 2.0491e+02 2.9585e-01 1.1493e+03
8.1291e+00 2.0206e-01 1.1393e-01 1.1907e+02 3.0788e-01 2.6486e-02
39     2.0857    91.0000     0.0000     1.5000     2.6000
5.1742e+01    11.2658     0.0000     0.5135
-2.5401e+00 7.3371e+01 -6.4317e+02 1.4839e+03 3.0264e-01 -1.8462e+03
1.0945e+01 1.7498e-01 9.9479e-02 1.2825e+02 3.1130e-01 2.8463e-02
40     2.0857   111.0000     0.0000     1.5000     2.6000
4.1181e+01    10.9578     0.0000     0.5135
1.2601e+00 4.6975e+01 -6.3155e+02 1.5864e+03 3.1812e-01 -2.0312e+03
1.3209e+01 1.8610e-01 8.1378e-02 1.3171e+02 3.1076e-01 2.6009e-02
41     2.0857   130.0000     0.0000     1.5000     2.6000
3.8222e+01    10.1511     0.0000     0.4299
-5.4192e-01 7.7064e+01 -4.7132e+02 5.9629e+02 3.1660e-01 7.1204e+02
8.1490e+00 1.8723e-01 -9.1984e-02 1.1261e+02 3.0529e-01 2.8594e-02
42     2.4286    14.0000     0.0000     1.5000     2.6000
5.4019e+01    10.8274     0.0000     0.5154
-5.5875e+00 2.2037e+01 1.0774e+01 -3.0287e+02 3.7181e-01 1.0568e+03
2.3115e+01 1.8041e-01 1.2473e-01 7.6442e+01 3.6078e-01 2.9545e-02
43     2.4286    33.0000     0.0000     1.5000     2.6000
3.0381e+01    18.1204     0.0000     0.5154
-6.3993e+00 1.0214e+02 -1.6950e+02 -2.8317e+02 3.6853e-01 1.0789e+03
2.2469e+01 1.7208e-01 1.2692e-01 1.3608e+02 3.5913e-01 3.1402e-02
44     2.4286    53.0000     0.0000     1.5000     2.6000
3.6602e+01    18.3140     0.0000     0.5154
-2.9636e+00 2.3617e+01 1.0546e+02 -1.3215e+03 3.7220e-01 4.6030e+03
3.3735e+01 2.1541e-01 1.0773e-01 1.5298e+02 3.7351e-01 3.1144e-02
45     2.4286    72.0000     0.0000     1.5000     2.6000
2.8485e+01    17.9970     0.0000     0.5154
-5.4794e+00 -1.2923e+01 9.1640e+02 -3.0260e+03 3.6888e-01 5.3541e+03
2.7837e+01 1.7476e-01 1.0148e-01 1.4745e+02 3.7607e-01 2.8652e-02
46     2.4286    91.0000     0.0000     1.5000     2.6000
4.0563e+01    19.5320     0.0000     0.4803
-5.7271e+00 -2.1710e+01 1.0755e+03 -3.5738e+03 3.8676e-01 6.5002e+03
2.8653e+01 1.8060e-01 1.0918e-01 1.6946e+02 3.7836e-01 2.7963e-02
47     2.4286   111.0000     0.0000     1.5000     2.6000
4.5178e+01    18.9220     0.0000     0.5271
-9.4214e-01 2.0844e+02 -1.9161e+03 4.0493e+03 3.6628e-01 -4.1445e+03
4.4605e+01 2.2841e-01 8.1852e-02 1.6575e+02 3.7731e-01 2.7773e-02
48     2.4286   130.0000     0.0000     1.5000     2.6000
3.6222e+01    16.8776     0.0000     0.4803
-6.2575e-01 1.4835e+02 -6.4481e+02 3.5146e+02 3.8474e-01 1.5956e+03
2.4912e+01 2.1833e-01 -9.6919e-02 1.3557e+02 3.7473e-01 2.9376e-02
49     2.7714    14.0000     0.0000     1.5000     2.6000
1.2423e+02    17.4929     0.0000     0.4824
-6.9225e+00 2.4116e+02 -2.2193e+03 5.7517e+03 2.4425e-01 -9.3082e+03
1.6957e+01 7.0113e-02 1.6395e-01 8.4730e+01 2.4481e-01 6.0746e-02
50     2.7714    33.0000     0.0000     1.5000     2.6000
2.0418e+02    24.0309     0.0000     0.5169
-1.1237e+01 5.6091e+02 -4.0065e+03 8.1191e+03 2.7597e-01 -9.0896e+03
1.5714e+01 1.6062e-01 1.7719e-01 1.0242e+02 2.7328e-01 6.9312e-02
51     2.7714    53.0000     0.0000     1.5000     2.6000
1.6573e+02    25.6368     0.0000     0.5398
-6.9642e+00 4.4506e+02 -3.3203e+03 6.8374e+03 2.4116e-01 -7.7068e+03
1.5174e+01 2.4931e-01 1.9052e-01 1.2104e+02 2.5874e-01 6.3241e-02
52     2.7714    72.0000     0.0000     1.5000     2.6000
1.7246e+02    23.9714     0.0000     0.5283
-9.0478e+00 2.3132e+02 -1.5279e+03 3.9019e+03 2.4543e-01 -7.3184e+03
2.4448e+01 2.1729e-01 1.5222e-01 1.3408e+02 2.5131e-01 4.0699e-02
53     2.7714    91.0000     0.0000     1.5000     2.6000
1.7584e+02    25.9223     0.0000     0.5513
-4.5220e+00 2.4564e+02 -1.1029e+03 1.4325e+03 2.3762e-01 -7.7133e+02
1.3741e+01 2.5449e-01 1.6369e-01 1.3501e+02 2.5146e-01 5.3515e-02
54     2.7714   111.0000     0.0000     1.5000     2.6000
1.7275e+02    25.6338     0.0000     0.5743
-7.8920e+00 3.5160e+02 -2.0346e+03 3.4072e+03 2.3430e-01 -2.7357e+03
1.5192e+01 1.9884e-01 1.6114e-01 1.2477e+02 2.5430e-01 6.0530e-02
55     2.7714   130.0000     0.0000     1.5000     2.6000
1.2362e+02    25.3552     0.0000     0.5054
-5.7588e+00 3.3707e+02 -2.7530e+03 6.4177e+03 2.4665e-01 -9.1496e+03
2.3496e+01 2.5606e-01 1.7399e-01 1.3315e+02 2.3716e-01 4.6938e-02
56     3.1143    14.0000     0.0000     1.5000     2.6000
8.8975e+01    25.7648     0.0000     0.5854
4.6650e+00 -3.8628e+01 3.3899e+00 6.8349e+01 1.8483e-01 8.3058e+01
3.7920e+01 2.3097e-01 -1.2955e-01 1.6387e+02 1.7314e-01 3.6622e-02
57     3.1143    33.0000     0.0000     1.5000     2.6000
1.0789e+02    32.6232     0.0000     0.5516
-1.1102e+00 1.3686e+02 -1.0137e+03 1.8421e+03 1.9192e-01 -1.4878e+03
4.5766e+01 2.2089e-01 1.2908e-01 2.0670e+02 1.8170e-01 3.7426e-02
58     3.1143    53.0000     0.0000     1.5000     2.6000
1.0263e+02    32.1407     0.0000     0.5516
3.2406e+00 1.7951e+02 -7.6845e+02 7.8577e+02 1.8159e-01 3.6672e+00
3.4713e+01 2.5758e-01 1.1047e-01 2.1508e+02 1.7752e-01 3.4035e-02
59     3.1143    72.0000     0.0000     1.5000     2.6000
1.1798e+02    31.0491     0.0000     0.5629
1.4980e+00 3.0247e+02 -1.6282e+03 2.4714e+03 1.6377e-01 -1.7007e+03
3.7628e+01 2.5710e-01 8.9045e-02 2.2346e+02 1.7414e-01 3.1584e-02
60     3.1143    91.0000     0.0000     1.5000     2.6000
9.5419e+01    30.6253     0.0000     0.8668
3.5176e+00 1.5390e+02 -6.3852e+02 7.0972e+02 1.7990e-01 -2.4317e+02
3.8682e+01 2.5620e-01 8.7272e-02 2.2998e+02 1.6801e-01 2.9383e-02
61     3.1143   111.0000     0.0000     1.5000     2.6000
7.8982e+01    32.3619     0.0000     0.6979
2.8241e+00 2.6888e+02 -1.2709e+03 1.6519e+03 1.6608e-01 -8.0052e+02
3.6488e+01 2.6204e-01 9.0945e-02 2.3464e+02 1.6585e-01 3.0692e-02
62     3.1143   130.0000     0.0000     1.5000     2.6000
1.1959e+02    31.3454     0.0000     0.6079
2.1133e+00 2.4754e+02 -1.2573e+03 1.7718e+03 1.5160e-01 -1.0271e+03
3.9768e+01 2.7098e-01 8.3596e-02 2.2160e+02 1.6294e-01 3.2929e-02
63     3.4571    14.0000     0.0000     1.5000     2.6000
9.2453e+01    33.5808     0.0000     0.6176
1.9243e+01 -4.1997e+02 2.1831e+03 -3.3871e+03 1.2493e-01 2.3065e+03
8.9304e+01 2.2881e-01 8.7834e-02 2.8212e+02 1.2008e-01 1.7889e-02
64     3.4571    33.0000     0.0000     1.5000     2.6000
1.0772e+02    39.7703     0.0000     0.5845
1.8907e+01 -3.2004e+02 1.9042e+03 -3.2240e+03 1.3733e-01 2.3665e+03
1.0457e+02 2.4391e-01 6.9503e-02 2.7840e+02 1.2735e-01 2.4032e-02
65     3.4571    53.0000     0.0000     1.5000     2.6000
8.5613e+01    38.0014     0.0000     0.5735
1.1064e+01 -2.2560e+02 1.6480e+03 -3.0081e+03 1.3565e-01 2.3233e+03
9.9321e+01 2.3466e-01 7.2687e-02 2.9329e+02 1.2446e-01 1.9893e-02
66     3.4571    72.0000     0.0000     1.5000     2.6000
7.6700e+01    35.1836     0.0000     0.6948
7.9011e+00 -6.6026e+01 7.2587e+02 -1.5107e+03 1.2823e-01 1.2505e+03
9.3188e+01 2.4102e-01 7.3391e-02 2.7002e+02 1.2365e-01 1.7593e-02
67     3.4571    91.0000     0.0000     1.5000     2.6000
7.6605e+01    35.2773     0.0000     0.6727
4.8003e+00 -3.2570e+00 4.4389e+02 -1.0993e+03 1.2959e-01 9.6779e+02
9.6160e+01 2.3887e-01 7.2541e-02 2.6443e+02 1.1908e-01 1.7494e-02
68     3.4571   111.0000     0.0000     1.5000     2.6000
7.6684e+01    37.1611     0.0000     0.6397
9.0980e+00 -2.0440e+02 1.9342e+03 -3.9949e+03 1.0522e-01 3.6561e+03
9.2283e+01 2.2827e-01 7.5388e-02 2.7467e+02 1.1453e-01 1.8089e-02
69     3.4571   130.0000     0.0000     1.5000     2.6000
9.8928e+01    35.0534     0.0000     0.5955
1.2921e+01 -3.1184e+02 2.2322e+03 -4.1591e+03 1.2428e-01 3.5000e+03
9.5105e+01 2.3918e-01 6.9714e-02 2.1601e+02 1.1795e-01 2.5210e-02
70     3.8000    14.0000     0.0000     1.5000     2.6000
6.6888e+01    39.1948     0.0000     0.7560
9.4115e+00 3.3302e+01 -4.6330e+02 8.2473e+02 9.9794e-02 -5.1314e+02
1.0321e+02 2.6453e-01 1.0803e-01 3.5138e+02 8.9785e-02 1.1527e-02
71     3.8000    33.0000     0.0000     1.5000     2.6000
5.7402e+01    44.4088     0.0000     0.7668
8.4206e+00 1.4531e+02 -7.7954e+02 1.0289e+03 9.4896e-02 -4.7027e+02
1.1991e+02 2.7408e-01 9.7346e-02 3.2026e+02 9.4693e-02 1.2707e-02
72     3.8000    53.0000     0.0000     1.5000     2.6000
5.4347e+01    44.8233     0.0000     0.6048
7.1233e-01 2.5851e+02 -2.5405e+03 4.9227e+03 1.0311e-01 -3.9262e+03
1.5773e+02 2.9047e-01 1.0657e-01 3.7430e+02 9.2475e-02 1.0537e-02
73     3.8000    72.0000     0.0000     1.5000     2.6000
5.7303e+01    42.0164     0.0000     0.6156
3.7022e+00 -2.0860e+02 2.9073e+02 3.5104e+02 8.9350e-02 -7.6445e+02
1.5582e+02 2.7823e-01 1.0612e-01 4.0318e+02 9.1528e-02 9.6457e-03
74     3.8000    91.0000     0.0000     1.5000     2.6000
6.0223e+01    40.6261     0.0000     0.6156
2.5150e+00 -5.7876e+00 1.0074e+03 -2.4536e+03 8.9299e-02 2.1784e+03
9.5441e+01 2.6879e-01 8.4634e-02 3.8866e+02 8.7795e-02 1.0197e-02
75     3.8000   111.0000     0.0000     1.5000     2.6000
5.1760e+01    41.8778     0.0000     0.6264
1.2202e+00 -2.1267e+02 4.8208e+02 -9.3730e+01 9.1957e-02 -3.5375e+02
1.4913e+02 2.7613e-01 1.0939e-01 3.3519e+02 8.4900e-02 1.1764e-02
76     3.8000   130.0000     0.0000     1.5000     2.6000
4.9989e+01    40.4826     0.0000     0.6048
8.2138e+00 -7.3053e+01 7.3394e+02 -1.6287e+03 9.4188e-02 1.6133e+03
1.1779e+02 2.7028e-01 9.6371e-02 2.1043e+02 8.5475e-02 1.4593e-02
77     4.1429    14.0000     0.0000     1.5000     2.6000
5.8574e+01    46.8664     0.0000     0.6237
4.0187e+00 -9.6669e+01 -4.4467e+02 1.5199e+03 6.3110e-02 -1.4855e+03
1.5466e+02 2.6348e-01 1.1859e-01 5.3103e+02 6.9779e-02 8.1769e-03
78     4.1429    33.0000     0.0000     1.5000     2.6000
5.3714e+01    51.7255     0.0000     0.7083
4.8631e+00 -4.7708e+02 1.8715e+03 -2.0977e+03 6.2296e-02 7.8996e+02
1.8957e+02 2.4949e-01 1.0959e-01 3.8458e+02 7.2571e-02 1.0532e-02
79     4.1429    53.0000     0.0000     1.5000     2.6000
5.6043e+01    52.6833     0.0000     0.7083
2.8375e+00 -3.4355e+02 9.8897e+02 -7.1080e+02 6.1907e-02 -1.3630e+01
1.8729e+02 2.6850e-01 1.1542e-01 5.4949e+02 7.2162e-02 8.0451e-03
80     4.1429    72.0000     0.0000     1.5000     2.6000
4.9597e+01    49.9034     0.0000     0.6449
-1.3455e+00 -3.2333e+02 1.0003e+03 -8.2381e+02 7.7039e-02 1.5160e+02
1.8200e+02 2.6860e-01 1.1534e-01 5.5729e+02 7.1663e-02 7.3857e-03
81     4.1429    91.0000     0.0000     1.5000     2.6000
5.3752e+01    48.3007     0.0000     0.6343
8.2164e+00 -7.0102e+02 3.3299e+03 -4.5409e+03 7.0744e-02 2.5015e+03
1.7225e+02 2.5362e-01 1.1120e-01 5.4413e+02 6.7984e-02 7.3327e-03
82     4.1429   111.0000     0.0000     1.5000     2.6000
5.8211e+01    47.9346     0.0000     0.6343
1.4558e+00 -2.7342e+02 6.0626e+02 -9.6358e+01 6.4511e-02 -4.6061e+02
1.8119e+02 2.6622e-01 1.1314e-01 4.1362e+02 6.5553e-02 8.1638e-03
83     4.1429   130.0000     0.0000     1.5000     2.6000
4.8623e+01    46.4324     0.0000     0.6343
2.7199e+00 -3.0621e+02 7.2167e+02 -2.8264e+02 7.3623e-02 -2.3470e+02
1.8410e+02 2.6652e-01 1.1350e-01 2.5235e+02 6.3181e-02 1.1147e-02
84     4.4857    14.0000     0.0000     1.5000     2.6000
6.1407e+01    54.8436     0.0000     0.6102
9.3101e+00 -2.1498e+02 1.6965e+01 1.0362e+03 5.0679e-02 -1.4315e+03
1.7983e+02 2.5848e-01 1.1494e-01 7.6713e+02 5.5664e-02 6.8555e-03
85     4.4857    33.0000     0.0000     1.5000     2.6000
5.7775e+01    59.7198     0.0000     0.6413
7.3768e+00 -3.7023e+02 1.1371e+03 -9.2484e+02 6.7318e-02 6.3059e+01
2.1711e+02 2.5494e-01 1.1038e-01 5.0065e+02 5.8844e-02 8.0487e-03
86     4.4857    53.0000     0.0000     1.5000     2.6000
6.4691e+01    61.1366     0.0000     0.6516
1.6219e+01 -6.6833e+02 2.5585e+03 -2.9130e+03 6.7860e-02 1.1885e+03
2.1949e+02 2.6306e-01 1.1159e-01 6.8375e+02 5.8240e-02 6.8885e-03
87     4.4857    72.0000     0.0000     1.5000     2.6000
7.5733e+01    59.6309     0.0000     0.6102
7.9597e+00 -6.2710e+02 2.5382e+03 -3.0277e+03 6.1399e-02 1.3820e+03
2.1299e+02 2.6148e-01 1.1357e-01 8.2424e+02 5.6766e-02 6.0121e-03
88     4.4857    91.0000     0.0000     1.5000     2.6000
6.7938e+01    56.2688     0.0000     0.6413
3.0445e+00 -2.0073e+02 8.6491e+00 9.6363e+02 6.3657e-02 -1.2191e+03
2.0335e+02 2.7433e-01 1.1397e-01 7.1764e+02 5.3560e-02 5.9092e-03
89     4.4857   111.0000     0.0000     1.5000     2.6000
6.6638e+01    57.7021     0.0000     0.6309
3.5771e+00 -9.5427e+02 4.8924e+03 -7.1150e+03 6.1113e-02 4.4390e+03
2.1671e+02 2.4484e-01 1.1449e-01 5.6507e+02 5.1259e-02 6.9444e-03
90     4.4857   130.0000     0.0000     1.5000     2.6000
4.5265e+01    54.8481     0.0000     0.6413
-1.7749e+00 -3.5969e+02 9.9298e+02 -5.2220e+02 3.9849e-02 -3.4992e+02
2.2383e+02 2.5948e-01 1.1195e-01 3.3015e+02 4.8154e-02 8.0302e-03
91     4.8286    14.0000     0.0000     1.5000     2.6000
5.6459e+01    58.4624     0.0000     0.6069
1.0208e+01 -3.4970e+02 8.2058e+02 -3.3331e+02 4.8371e-02 -3.4188e+02
1.8545e+02 2.6073e-01 1.2181e-01 1.0090e+03 4.4824e-02 5.5738e-03
92     4.8286    33.0000     0.0000     1.5000     2.6000
5.7720e+01    63.0475     0.0000     0.6069
-3.1466e+00 -6.8882e+02 3.1249e+03 -4.1124e+03 5.7462e-02 2.2875e+03
2.3708e+02 2.4928e-01 1.1879e-01 5.6562e+02 4.7887e-02 7.1663e-03
93     4.8286    53.0000     0.0000     1.5000     2.6000
3.7446e+01    67.9136     0.0000     0.6675
1.5472e+01 -6.4448e+02 2.1988e+03 -2.2736e+03 5.6823e-02 8.8254e+02
2.4841e+02 2.7251e-01 1.1562e-01 7.8715e+02 4.7216e-02 5.9334e-03
94     4.8286    72.0000     0.0000     1.5000     2.6000
5.7670e+01    65.3240     0.0000     0.6777
1.3329e+01 -5.2415e+02 1.6235e+03 -1.4182e+03 3.6066e-02 2.6649e+02
2.2676e+02 2.7365e-01 1.1673e-01 9.6340e+02 4.5990e-02 5.3854e-03
95     4.8286    91.0000     0.0000     1.5000     2.6000
6.7729e+01    63.8358     0.0000     0.6473
8.8152e-01 7.4281e+01 -1.7314e+03 3.7195e+03 5.3288e-02 -2.9345e+03
2.2280e+02 2.8672e-01 1.1528e-01 9.5751e+02 4.3318e-02 5.4364e-03
96     4.8286   111.0000     0.0000     1.5000     2.6000
5.0780e+01    64.0288     0.0000     0.6170
2.6825e+00 -7.5273e+02 3.3696e+03 -4.3333e+03 3.2002e-02 2.1944e+03
2.3378e+02 2.5581e-01 1.1647e-01 7.1768e+02 4.1493e-02 6.3502e-03
97     4.8286   130.0000     0.0000     1.5000     2.6000
6.1466e+01    60.7272     0.0000     0.6170
9.8801e-01 -6.3216e+02 2.5727e+03 -3.0485e+03 2.7906e-02 1.3935e+03
2.4049e+02 2.5620e-01 1.1792e-01 3.6037e+02 3.8093e-02 7.4200e-03
5
0     0.3714    14.0000     0.0000     1.5000     2.6000
0.0000e+00     0.0000     0.4000     0.4200
0.0000e+00 0.0000e+00 0.0000e+00 0.0000e+00 0.0000e+00 0.0000e+00
0.0000e+00 9.9500e-01 1.2000e-01 0.0000e+00 4.0500e-01 4.0000e-02
1     0.3714    33.0000     0.0000     1.5000     2.6000
1.3515e+01     0.5828     0.4000     0.6800
-1.5914e+00 8.3143e+00 1.2540e+00 -3.0031e+01 6.3225e-01 3.2321e+01
2.5621e+00 2.5312e-01 3.2443e-01 5.5869e+00 6.2348e-01 5.0152e-03
2     0.3714    53.0000     0.0000     1.5000     2.6000
6.0540e+01     4.8153     0.4000     0.9900
3.1003e+01 -1.0389e+02 9.0390e+01 -4.0745e+00 8.5231e-01 -1.4594e+01
7.8014e+00 6.8134e-01 1.6443e-01 2.9795e+01 8.5022e-01 2.5574e-02
3     0.3714    72.0000     0.0000     1.5000     2.6000
7.7606e+01     8.1058     0.4000     0.9800
5.4145e+01 -3.4406e+02 7.8783e+02 -6.5781e+02 8.6007e-01 1.5857e+02
8.1017e+00 7.7596e-01 1.1616e-01 6.7039e+01 8.6459e-01 3.4468e-02
4     0.3714    91.0000     0.0000     1.5000     2.6000
5.1177e+01     7.8718     0.4200     0.9800
-6.1269e+00 2.1321e+01 2.9651e+00 -3.4074e+01 8.7384e-01 1.3253e+01
6.1543e+00 8.0136e-01 1.1306e-01 7.6350e+01 8.7469e-01 3.1028e-02
5     0.3714   111.0000     0.0000     1.5000     2.6000
9.1070e+01     7.3846     0.4000     1.2300
6.2199e+01 -2.9942e+02 5.2604e+02 -3.4605e+02 8.7109e-01 5.4948e+01
1.0398e+01 7.6381e-01 9.5360e-02 5.3072e+01 8.6540e-01 3.2936e-02
6     0.3714   130.0000     0.0000     1.5000     2.6000
6.3152e+01     2.9488     0.4000     1.0600
6.7466e+00 -1.8688e+01 7.8919e+00 4.2077e+00 8.3904e-01 -5.7353e-01
5.3885e+00 6.2734e-01 1.9051e-01 1.2104e+01 8.5064e-01 2.9746e-02
7     0.7143    14.0000     0.0000     1.5000     2.6000
0.0000e+00     0.0195     0.4000     0.4200
0.0000e+00 0.0000e+00 0.0000e+00 0.0000e+00 0.0000e+00 0.0000e+00
1.0000e+00 4.3500e-01 1.2000e-01 2.1780e+00 8.1185e-01 2.8610e-02
8     0.7143    33.0000     0.0000     1.5000     2.6000
1.0827e+02     3.4301     0.4000     1.5200
-5.4904e-01 1.6609e+01 -2.4455e+01 9.0141e+00 8.4621e-01 -3.2255e-01
1.8064e+02 -4.8744e+00 1.7349e+00 1.2105e+01 8.5852e-01 2.5469e-02
9     0.7143    53.0000     0.0000     1.5000     2.6000
1.0693e+02    11.9359     0.4000     1.1200
5.8446e+00 -9.8722e+00 2.5606e+01 -3.8912e+01 8.8081e-01 1.5827e+01
1.5929e+01 7.9265e-01 1.1755e-01 1.0242e+02 8.7410e-01 2.5549e-02
10     0.7143    72.0000     0.0000     1.5000     2.6000
4.1537e+01    11.0943     0.5800     1.0600
-9.2125e+00 3.3660e+01 -1.6478e+00 -5.2141e+01 8.8614e-01 2.8794e+01
1.0827e+01 8.3504e-01 7.7502e-02 1.1639e+02 8.9320e-01 3.0327e-02
11     0.7143    91.0000     0.0000     1.5000     2.6000
7.8404e+01     9.9580     0.6000     1.1400
1.0687e+01 -1.5342e+01 -6.2923e+00 1.0690e+01 8.9527e-01 -4.5111e-01
9.6310e+00 8.5398e-01 8.8332e-02 1.1546e+02 9.0500e-01 2.6211e-02
12     0.7143   111.0000     0.0000     1.5000     2.6000
5.5038e+01    10.6019     0.4500     1.0200
2.2936e+02 -1.3215e+03 2.6511e+03 -1.9360e+03 9.0091e-01 3.7574e+02
1.4333e+01 8.3429e-01 6.7054e-02 1.1020e+02 8.9728e-01 2.7874e-02
13     0.7143   130.0000     0.0000     1.5000     2.6000
8.4569e+01     8.3381     0.4000     1.5300
4.2851e+01 -1.6427e+02 2.1032e+02 -9.6152e+01 8.6193e-01 6.8134e+00
1.1455e+01 7.3818e-01 1.2397e-01 5.3072e+01 8.7047e-01 2.9964e-02
14     1.0571    14.0000     0.0000     1.5000     2.6000
2.3191e+01     1.4054     0.5700     0.8900
2.2222e+03 -1.1999e+04 2.2871e+04 -1.6211e+04 8.1163e-01 3.1655e+03
-6.9457e+03 9.0268e-01 3.2066e-03 1.6760e+01 8.0942e-01 3.1318e-02
15     1.0571    33.0000     0.0000     1.5000     2.6000
1.1418e+02    12.1714     0.4000     1.4500
2.9862e+01 -8.9225e+01 7.0219e+01 -8.5015e+00 8.6545e-01 -3.9404e+00
1.3878e+01 6.8207e-01 1.7079e-01 6.6108e+01 8.5839e-01 3.8036e-02
16     1.0571    53.0000     0.0000     1.5000     2.6000
1.1707e+02    14.8482     0.4700     1.6000
2.1535e+01 -8.0011e+01 1.0218e+02 -4.7121e+01 9.0187e-01 3.1933e+00
1.1319e+01 8.2075e-01 1.0777e-01 1.6108e+02 8.9754e-01 2.6927e-02
17     1.0571    72.0000     0.0000     1.5000     2.6000
7.6960e+01    13.7644     0.4800     1.1600
-1.3310e+01 1.2214e+02 -2.8398e+02 2.1258e+02 9.0579e-01 -3.7415e+01
1.0445e+01 8.6534e-01 9.4990e-02 1.7691e+02 9.1520e-01 2.4456e-02
18     1.0571    91.0000     0.0000     1.5000     2.6000
4.7065e+01    13.1861     0.6500     1.3800
1.3604e+02 -5.0508e+02 6.5506e+02 -3.1176e+02 9.2167e-01 2.6125e+01
1.2577e+01 8.6150e-01 7.1068e-02 1.7132e+02 9.2172e-01 2.3536e-02
19     1.0571   111.0000     0.0000     1.5000     2.6000
5.0133e+01    13.9379     0.5500     1.0700
-2.1988e+01 5.8257e+01 8.2547e+00 -7.8805e+01 9.0830e-01 3.3654e+01
1.7368e+01 8.6198e-01 6.5747e-02 1.7691e+02 9.1847e-01 2.3847e-02
20     1.0571   130.0000     0.0000     1.5000     2.6000
8.3819e+01    13.3817     0.4000     1.0400
1.4836e+02 -8.9788e+02 1.8862e+03 -1.4258e+03 8.8893e-01 2.8647e+02
1.7642e+01 8.3670e-01 9.1407e-02 1.2520e+02 8.9998e-01 2.7442e-02
21     1.4000    14.0000     0.0000     1.5000     2.6000
2.6924e+01     5.3249     0.5400     0.9400
-7.7025e+01 2.0377e+02 6.5118e+01 -3.8203e+02 8.3526e-01 2.0009e+02
6.6191e+00 7.6390e-01 3.1020e-02 7.2625e+01 8.3664e-01 2.6618e-02
22     1.4000    33.0000     0.0000     1.5000     2.6000
9.6489e+01    21.6712     0.4000     1.6000
3.8766e+01 -1.4299e+02 1.8300e+02 -8.4537e+01 8.8204e-01 6.0816e+00
2.5062e+01 7.6749e-01 1.1937e-01 1.5363e+02 8.8409e-01 3.2250e-02
23     1.4000    53.0000     0.0000     1.5000     2.6000
7.0849e+01    18.6199     0.4400     1.2200
-4.8907e+01 2.7667e+02 -5.0891e+02 3.2868e+02 9.2426e-01 -4.7892e+01
1.5340e+01 8.5319e-01 9.3749e-02 2.2905e+02 9.1455e-01 2.5142e-02
24     1.4000    72.0000     0.0000     1.5000     2.6000
7.0272e+01    16.7110     0.5200     1.3100
1.2879e+01 -2.3228e+01 -3.3045e+00 1.6368e+01 9.1594e-01 -3.6258e+00
8.0405e+00 8.5747e-01 1.0024e-01 2.4022e+02 9.2588e-01 2.3615e-02
25     1.4000    91.0000     0.0000     1.5000     2.6000
6.7737e+01    16.6513     0.5300     1.2700
-3.3296e+01 1.5759e+02 -2.4504e+02 1.3994e+02 9.4087e-01 -1.8154e+01
3.4358e+01 8.9968e-01 4.6167e-02 2.3277e+02 9.3509e-01 1.9326e-02
26     1.4000   111.0000     0.0000     1.5000     2.6000
7.3367e+01    16.6726     0.5300     1.2900
-6.7420e+01 3.5310e+02 -6.0980e+02 3.7276e+02 9.3770e-01 -4.9319e+01
1.2156e+01 8.6586e-01 8.1334e-02 2.3836e+02 9.2780e-01 2.2840e-02
27     1.4000   130.0000     0.0000     1.5000     2.6000
9.9817e+01    16.6418     0.4000     1.4300
-1.8117e+01 9.3903e+01 -1.4756e+02 8.0834e+01 9.0943e-01 -8.9845e+00
2.0002e+01 8.4313e-01 7.4899e-02 1.8715e+02 9.1902e-01 2.4420e-02
28     1.7429    14.0000     0.0000     1.5000     2.6000
6.3936e+01    12.4025     0.4000     1.2200
5.4790e+01 -2.7191e+02 4.6533e+02 -2.9206e+02 8.5641e-01 4.2215e+01
5.2442e+00 8.1954e-01 -1.8075e-01 1.6382e+02 8.5503e-01 2.5039e-02
29     1.7429    33.0000     0.0000     1.5000     2.6000
1.5086e+02    28.9834     0.4100     1.6000
-1.1948e+01 6.7165e+01 -9.7299e+01 4.7601e+01 8.9460e-01 -4.4146e+00
3.2545e+01 8.2862e-01 1.0719e-01 2.9236e+02 9.0395e-01 2.3954e-02
30     1.7429    53.0000     0.0000     1.5000     2.6000
1.0531e+02    22.5405     0.4800     1.4800
-7.9139e+00 5.8310e+01 -1.0749e+02 6.4418e+01 9.3562e-01 -7.7522e+00
1.6376e+01 8.7016e-01 9.4439e-02 3.0205e+02 9.2597e-01 2.3055e-02
31     1.7429    72.0000     0.0000     1.5000     2.6000
4.4833e+01    20.2933     0.4600     1.4100
1.7446e+01 -8.1790e+01 1.4556e+02 -9.0931e+01 9.3131e-01 1.1076e+01
3.6727e+01 9.0397e-01 4.3959e-02 2.8588e+02 9.3897e-01 2.0013e-02
32     1.7429    91.0000     0.0000     1.5000     2.6000
8.1153e+01    20.2430     0.4300     1.3600
-1.6681e+01 9.2219e+01 -1.5595e+02 9.1409e+01 9.3657e-01 -1.1262e+01
1.5098e+01 8.9645e-01 7.4131e-02 3.0354e+02 9.4115e-01 2.1579e-02
33     1.7429   111.0000     0.0000     1.5000     2.6000
1.2399e+02    20.4234     0.4500     1.3800
7.0367e+00 -2.5888e+01 4.3324e+01 -3.0858e+01 9.2704e-01 5.1388e+00
6.4569e+00 9.1273e-01 1.5649e-01 2.9888e+02 9.3681e-01 2.3460e-02
34     1.7429   130.0000     0.0000     1.5000     2.6000
1.2354e+02    21.6467     0.4600     1.2800
2.0554e+00 -1.2182e+00 1.2886e+01 -2.1095e+01 9.2070e-01 6.5609e+00
1.7888e+01 8.8536e-01 1.0535e-01 2.9236e+02 9.3070e-01 2.1846e-02
35     2.0857    14.0000     0.0000     1.5000     2.6000
1.2773e+02    20.8600     0.4000     1.4000
3.6662e+00 -6.0839e+00 -1.0698e+00 2.4831e+00 8.6829e-01 -2.6719e-01
5.9828e+00 8.2933e-01 1.8833e-01 2.8771e+02 8.7823e-01 2.4779e-02
36     2.0857    33.0000     0.0000     1.5000     2.6000
1.5771e+02    36.2543     0.4100     1.5000
-1.9996e+01 9.9135e+01 -1.4106e+02 7.0082e+01 9.0749e-01 -6.7761e+00
3.2068e+01 8.3875e-01 1.0605e-01 4.3203e+02 9.1754e-01 2.3147e-02
37     2.0857    53.0000     0.0000     1.5000     2.6000
9.5846e+01    29.5502     0.4000     1.5600
-2.5551e+00 3.9031e+00 2.7648e+01 -3.1774e+01 9.4577e-01 5.0910e+00
5.7085e+01 9.0308e-01 4.3069e-02 4.0689e+02 9.3847e-01 1.9988e-02
38     2.0857    72.0000     0.0000     1.5000     2.6000
4.5432e+01    24.8052     0.4300     1.3700
-2.0006e+01 1.0473e+02 -1.7119e+02 9.8839e+01 9.5448e-01 -1.2118e+01
2.0692e+01 9.1074e-01 6.8909e-02 3.6640e+02 9.4482e-01 2.1619e-02
39     2.0857    91.0000     0.0000     1.5000     2.6000
1.1419e+02    24.3479     0.5000     1.4400
1.9434e+01 -7.4340e+01 1.0176e+02 -5.3886e+01 9.4194e-01 5.9189e+00
6.3929e+00 9.1084e-01 1.6491e-01 3.6778e+02 9.4820e-01 2.3149e-02
40     2.0857   111.0000     0.0000     1.5000     2.6000
1.3236e+02    24.1287     0.4000     1.5600
-1.2389e+01 7.5584e+01 -1.3227e+02 7.6327e+01 9.3612e-01 -8.4656e+00
1.1278e+01 8.8715e-01 1.2591e-01 3.4637e+02 9.4479e-01 2.2643e-02
41     2.0857   130.0000     0.0000     1.5000     2.6000
1.6436e+02    24.4396     0.4000     1.3800
-2.3501e+01 1.3771e+02 -2.4476e+02 1.4654e+02 9.4445e-01 -1.7516e+01
1.2608e+01 8.4052e-01 1.2872e-01 3.5382e+02 9.3829e-01 2.2290e-02
42     2.4286    14.0000     0.0000     1.5000     2.6000
1.2745e+02    29.6510     0.4000     1.4200
-5.1452e+00 4.5100e+01 -8.8483e+01 5.3821e+01 9.0404e-01 -6.3628e+00
1.3961e+01 8.8507e-01 1.3731e-01 4.3389e+02 8.9985e-01 2.2142e-02
43     2.4286    33.0000     0.0000     1.5000     2.6000
2.1767e+02    41.8525     0.4000     1.6000
-1.6143e+01 1.0239e+02 -1.7301e+02 9.6724e+01 9.3385e-01 -1.0222e+01
2.7867e+01 8.5536e-01 1.1142e-01 5.8380e+02 9.2649e-01 2.1772e-02
44     2.4286    53.0000     0.0000     1.5000     2.6000
2.1078e+02    30.8177     0.4100     1.6000
2.1178e+01 -9.1974e+01 1.3044e+02 -6.5976e+01 9.4164e-01 5.6143e+00
6.2254e+00 8.8046e-01 2.3817e-01 4.6834e+02 9.4396e-01 2.2879e-02
45     2.4286    72.0000     0.0000     1.5000     2.6000
1.2864e+02    30.5278     0.4400     1.6000
3.4068e+01 -1.3756e+02 1.8285e+02 -8.6748e+01 9.5588e-01 6.6405e+00
6.9277e+00 9.6566e-01 2.0706e-01 4.4786e+02 9.5303e-01 2.3605e-02
46     2.4286    91.0000     0.0000     1.5000     2.6000
1.1683e+02    30.2437     0.4000     1.6000
1.4295e+01 -5.0815e+01 5.9985e+01 -2.6270e+01 9.4511e-01 1.5948e+00
7.0201e+00 1.0059e+00 2.1834e-01 4.3491e+02 9.5486e-01 2.3908e-02
47     2.4286   111.0000     0.0000     1.5000     2.6000
1.5640e+02    32.0350     0.4000     1.6000
2.9040e+01 -1.1671e+02 1.5560e+02 -7.4940e+01 9.6129e-01 6.0103e+00
9.1369e+00 9.3203e-01 2.3460e-01 4.5251e+02 9.5244e-01 2.3182e-02
48     2.4286   130.0000     0.0000     1.5000     2.6000
1.6875e+02    31.7587     0.4000     1.6000
1.5208e+01 -4.5972e+01 4.2693e+01 -1.2930e+01 9.4849e-01 -2.6582e-01
1.3368e+01 8.5675e-01 1.8540e-01 4.1519e+02 9.4522e-01 2.4005e-02
49     2.7714    14.0000     0.0000     1.5000     2.6000
1.2907e+02    38.2200     0.4000     1.5600
-2.6607e+00 4.0154e+01 -8.8337e+01 5.6242e+01 9.2399e-01 -6.7980e+00
1.8748e+01 8.8323e-01 1.6234e-01 5.4879e+02 9.1638e-01 2.1556e-02
50     2.7714    33.0000     0.0000     1.5000     2.6000
2.6262e+02    45.6459     0.4000     1.6000
1.2403e+01 -4.8628e+01 5.9332e+01 -2.5413e+01 9.3908e-01 1.4655e+00
1.4628e+01 8.8054e-01 2.0402e-01 6.4525e+02 9.3500e-01 2.3107e-02
51     2.7714    53.0000     0.0000     1.5000     2.6000
1.5154e+02    39.7274     0.4000     1.6000
-8.8222e+00 5.7342e+01 -1.0057e+02 5.5864e+01 9.5352e-01 -5.4526e+00
1.7083e+01 1.0602e+00 1.5855e-01 5.2234e+02 9.5324e-01 2.4412e-02
52     2.7714    72.0000     0.0000     1.5000     2.6000
1.5322e+02    38.3273     0.6700     1.6000
3.0832e+02 -1.0887e+03 1.3070e+03 -5.6627e+02 9.7113e-01 3.8643e+01
1.4344e+01 1.0153e+00 1.5382e-01 5.2514e+02 9.6112e-01 2.4014e-02
53     2.7714    91.0000     0.0000     1.5000     2.6000
1.4742e+02    36.7209     0.7500     1.6000
1.0766e+01 -4.4350e+01 4.5265e+01 -1.1501e+01 9.5426e-01 -1.1943e+00
1.4596e+01 1.0502e+00 1.4758e-01 4.7858e+02 9.6395e-01 2.5360e-02
54     2.7714   111.0000     0.0000     1.5000     2.6000
1.8442e+02    39.8053     0.4000     1.6000
2.2198e+01 -6.0158e+01 4.8548e+01 -1.2765e+01 9.7176e-01 2.6629e-02
1.3631e+01 1.0903e+00 1.9114e-01 4.9255e+02 9.6178e-01 2.6183e-02
55     2.7714   130.0000     0.0000     1.5000     2.6000
1.9494e+02    40.4819     0.4000     1.6000
2.6005e+01 -9.9855e+01 1.3611e+02 -7.0369e+01 9.5502e-01 6.8759e+00
1.5573e+01 9.9537e-01 2.3019e-01 4.9907e+02 9.5270e-01 2.4693e-02
56     3.1143    14.0000     0.0000     1.5000     2.6000
1.6685e+02    52.2003     0.4000     1.6000
-2.2413e+01 1.3688e+02 -2.3458e+02 1.3093e+02 9.2031e-01 -1.2985e+01
2.7352e+01 8.9844e-01 1.7289e-01 7.4208e+02 9.2902e-01 2.0950e-02
57     3.1143    33.0000     0.0000     1.5000     2.6000
2.7603e+02    53.1377     0.4000     1.6000
2.3864e+01 -1.2104e+02 2.1157e+02 -1.3297e+02 9.3603e-01 1.6262e+01
1.8695e+01 1.1195e+00 -2.9730e-01 7.3650e+02 9.4353e-01 2.2689e-02
58     3.1143    53.0000     0.0000     1.5000     2.6000
1.7428e+02    50.4219     0.6800     1.6000
3.6678e+02 -1.2648e+03 1.4834e+03 -6.2645e+02 9.5780e-01 4.0468e+01
3.1880e+01 1.0416e+00 1.3405e-01 5.7915e+02 9.6125e-01 2.5690e-02
59     3.1143    72.0000     0.0000     1.5000     2.6000
1.4555e+02    45.7819     0.7400     1.6000
6.2103e+02 -2.0730e+03 2.3743e+03 -9.8750e+02 9.5926e-01 6.2967e+01
2.2430e+01 1.0500e+00 1.2880e-01 5.4737e+02 9.6890e-01 2.6933e-02
60     3.1143    91.0000     0.0000     1.5000     2.6000
1.1957e+02    46.7787     0.6900     1.6000
2.5258e+02 -8.3810e+02 9.3779e+02 -3.7411e+02 9.7740e-01 2.0625e+01
2.5912e+01 1.0440e+00 1.3089e-01 5.4469e+02 9.7003e-01 2.6681e-02
61     3.1143   111.0000     0.0000     1.5000     2.6000
1.4941e+02    49.1933     0.4000     1.6000
1.2278e+00 3.5516e+01 -1.0227e+02 7.2795e+01 9.7474e-01 -9.0025e+00
2.7859e+01 1.0685e+00 1.4736e-01 5.3445e+02 9.6964e-01 2.7311e-02
62     3.1143   130.0000     0.0000     1.5000     2.6000
2.1624e+02    50.5138     0.4000     1.6000
1.0186e+01 1.7065e+01 -9.9418e+01 7.8854e+01 9.5920e-01 -1.0096e+01
2.5375e+01 1.0730e+00 1.8797e-01 5.1303e+02 9.6512e-01 2.8795e-02
63     3.4571    14.0000     0.0000     1.5000     2.6000
2.7389e+02    60.4362     0.4000     1.6000
-4.2028e+01 2.2874e+02 -3.7866e+02 2.0905e+02 9.3000e-01 -2.0474e+01
3.3190e+01 9.4510e-01 2.0507e-01 9.0130e+02 9.3926e-01 1.8785e-02
64     3.4571    33.0000     0.0000     1.5000     2.6000
2.6145e+02    64.9101     0.4400     1.6000
-4.5129e+01 2.6984e+02 -4.9142e+02 2.9189e+02 9.4898e-01 -3.0552e+01
4.1325e+01 1.0626e+00 1.7607e-01 7.5791e+02 9.5175e-01 2.3513e-02
65     3.4571    53.0000     0.0000     1.5000     2.6000
2.3113e+02    62.0393     0.5200     1.6000
-1.9519e+01 1.4091e+02 -2.7782e+02 1.7285e+02 9.7430e-01 -1.9285e+01
3.3078e+01 1.0954e+00 1.5388e-01 6.4991e+02 9.6956e-01 2.8930e-02
66     3.4571    72.0000     0.0000     1.5000     2.6000
1.5484e+02    60.8739     0.6900     1.6000
6.9363e+01 -1.3531e+02 1.3417e+01 6.4948e+01 9.6582e-01 -1.4912e+01
3.4660e+01 1.0763e+00 1.2778e-01 6.4897e+02 9.7380e-01 2.9205e-02
67     3.4571    91.0000     0.0000     1.5000     2.6000
1.7033e+02    59.3682     0.6200     1.6000
1.1169e+02 -3.4527e+02 3.3409e+02 -1.0168e+02 9.8321e-01 -1.9733e-01
3.3419e+01 1.0580e+00 1.4486e-01 6.5570e+02 9.7451e-01 2.7454e-02
68     3.4571   111.0000     0.0000     1.5000     2.6000
1.5700e+02    62.2961     0.4200     1.6000
-3.8318e+01 2.0420e+02 -3.4570e+02 1.9730e+02 9.6715e-01 -2.0019e+01
3.6182e+01 1.0865e+00 1.4835e-01 6.0894e+02 9.7461e-01 3.0381e-02
69     3.4571   130.0000     0.0000     1.5000     2.6000
1.8506e+02    63.5269     0.4000     1.6000
-2.4917e+01 1.6307e+02 -3.1092e+02 1.9083e+02 9.8061e-01 -2.0964e+01
4.1569e+01 1.0689e+00 1.6103e-01 5.9031e+02 9.7070e-01 2.9706e-02
70     3.8000    14.0000     0.0000     1.5000     2.6000
2.5310e+02    72.7736     0.4000     1.6000
-3.2223e+01 1.8418e+02 -3.0426e+02 1.6210e+02 9.3937e-01 -1.3980e+01
3.9132e+01 1.0164e+00 2.2814e-01 1.0354e+03 9.4735e-01 1.9163e-02
71     3.8000    33.0000     0.0000     1.5000     2.6000
3.0651e+02    78.8911     0.5100     1.6000
-1.1178e+02 5.6875e+02 -9.4551e+02 5.3629e+02 9.6623e-01 -5.4087e+01
6.6483e+01 1.0736e+00 1.6028e-01 7.8864e+02 9.6026e-01 2.4591e-02
72     3.8000    53.0000     0.0000     1.5000     2.6000
2.1045e+02    77.9080     0.5600     1.6000
-1.4194e+01 1.3588e+02 -2.9268e+02 1.9143e+02 9.7359e-01 -2.2392e+01
5.0554e+01 1.0773e+00 1.3677e-01 7.4767e+02 9.7468e-01 3.0264e-02
73     3.8000    72.0000     0.0000     1.5000     2.6000
1.6197e+02    76.7673     0.7400     1.6000
3.5268e+01 -9.3242e+01 5.0756e+01 1.3116e+01 9.6997e-01 -6.6362e+00
4.0393e+01 1.0740e+00 1.3580e-01 7.9236e+02 9.7724e-01 3.0228e-02
74     3.8000    91.0000     0.0000     1.5000     2.6000
1.5037e+02    76.9841     0.7100     1.6000
8.9690e+02 -3.1752e+03 3.8383e+03 -1.6769e+03 9.7225e-01 1.1773e+02
3.9360e+01 1.0338e+00 1.4217e-01 7.8491e+02 9.7818e-01 2.9709e-02
75     3.8000   111.0000     0.0000     1.5000     2.6000
1.7106e+02    80.5665     0.5800     1.6000
6.1767e+01 -1.2103e+02 -8.3783e-01 7.2187e+01 9.8724e-01 -1.5179e+01
4.7868e+01 1.0810e+00 1.5220e-01 7.5698e+02 9.7778e-01 3.1107e-02
76     3.8000   130.0000     0.0000     1.5000     2.6000
1.7427e+02    80.5705     0.4700     1.6000
-5.0611e+01 2.6568e+02 -4.5082e+02 2.6042e+02 9.7776e-01 -2.6801e+01
5.7412e+01 1.0706e+00 1.4651e-01 6.8808e+02 9.7559e-01 3.2023e-02
77     4.1429    14.0000     0.0000     1.5000     2.6000
3.3273e+02    86.4916     0.4000     1.6000
-1.6903e+01 1.3731e+02 -2.7130e+02 1.6098e+02 9.6426e-01 -1.5370e+01
5.5916e+01 1.0466e+00 2.1226e-01 1.0438e+03 9.5537e-01 2.1131e-02
78     4.1429    33.0000     0.0000     1.5000     2.6000
3.4607e+02    98.0588     0.4700     1.6000
-1.3774e+02 7.1259e+02 -1.1975e+03 6.8485e+02 9.5869e-01 -6.9723e+01
8.0218e+01 1.0847e+00 1.5794e-01 8.6033e+02 9.6815e-01 2.8414e-02
79     4.1429    53.0000     0.0000     1.5000     2.6000
2.6768e+02   100.4327     0.5300     1.6000
-7.5725e+01 4.0279e+02 -6.8819e+02 3.9830e+02 9.7291e-01 -4.1327e+01
6.2909e+01 1.0829e+00 1.5581e-01 9.0689e+02 9.7674e-01 3.1678e-02
80     4.1429    72.0000     0.0000     1.5000     2.6000
2.0858e+02    95.7226     0.4000     1.6000
-3.6162e+01 2.0534e+02 -3.6734e+02 2.2103e+02 9.8719e-01 -2.4561e+01
4.8703e+01 1.0805e+00 1.4664e-01 9.1340e+02 9.8028e-01 3.2490e-02
81     4.1429    91.0000     0.0000     1.5000     2.6000
1.9420e+02    95.1565     0.4400     1.6000
-2.9827e+01 1.7147e+02 -3.0889e+02 1.8729e+02 9.7275e-01 -2.1053e+01
5.2711e+01 1.0668e+00 1.4145e-01 9.4041e+02 9.8053e-01 3.0906e-02
82     4.1429   111.0000     0.0000     1.5000     2.6000
2.0989e+02   100.4881     0.5400     1.6000
2.5360e+01 -1.0831e+01 -1.1414e+02 1.1507e+02 9.8981e-01 -1.7236e+01
5.7787e+01 1.0782e+00 1.4931e-01 9.0596e+02 9.8167e-01 3.2628e-02
83     4.1429   130.0000     0.0000     1.5000     2.6000
2.1401e+02   103.0598     0.4100     1.6000
-3.0838e+01 1.8610e+02 -3.5039e+02 2.1963e+02 9.7663e-01 -2.5104e+01
7.5626e+01 1.0692e+00 1.5178e-01 8.5009e+02 9.7959e-01 3.2195e-02
84     4.4857    14.0000     0.0000     1.5000     2.6000
2.7562e+02    98.5075     0.4000     1.5200
-1.7327e+02 8.8528e+02 -1.4417e+03 8.1490e+02 9.6491e-01 -8.7507e+01
9.8957e+01 1.0320e+00 1.3350e-01 1.0763e+03 9.6254e-01 2.2428e-02
85     4.4857    33.0000     0.0000     1.5000     2.6000
2.3024e+02   116.5479     0.4500     1.5200
1.1043e+01 -1.1562e+01 -6.5557e+01 1.0553e+02 9.6295e-01 -2.7237e+01
1.3073e+02 1.0660e+00 1.1061e-01 1.0195e+03 9.6997e-01 2.7418e-02
86     4.4857    53.0000     0.0000     1.5000     2.6000
1.2303e+02   118.9353     0.4500     1.5400
6.6615e+01 -2.7305e+02 3.6527e+02 -1.5748e+02 9.6970e-01 6.4999e+00
1.0363e+02 1.0679e+00 1.1442e-01 1.0065e+03 9.7830e-01 3.2837e-02
87     4.4857    72.0000     0.0000     1.5000     2.6000
1.3244e+02   113.8578     0.6100     1.5300
2.8352e+02 -1.1167e+03 1.4833e+03 -6.8971e+02 9.9089e-01 4.9735e+01
8.3863e+01 1.0592e+00 1.0255e-01 1.0093e+03 9.8047e-01 3.3815e-02
88     4.4857    91.0000     0.0000     1.5000     2.6000
1.3602e+02   117.6124     0.5700     1.5200
4.0856e+01 -9.5566e+01 2.0417e+01 5.8704e+01 9.7235e-01 -1.9052e+01
1.0399e+02 1.0495e+00 1.0332e-01 1.0680e+03 9.8174e-01 3.1676e-02
89     4.4857   111.0000     0.0000     1.5000     2.6000
1.0673e+02   120.0810     0.5600     1.5500
2.5438e+02 -1.0792e+03 1.5349e+03 -7.5431e+02 9.9148e-01 5.9769e+01
9.0669e+01 1.0656e+00 1.1255e-01 1.0093e+03 9.8341e-01 3.3497e-02
90     4.4857   130.0000     0.0000     1.5000     2.6000
1.3235e+02   124.1202     0.5500     1.5400
3.5277e+01 -7.7798e+01 6.1044e-01 6.4250e+01 9.7301e-01 -1.8313e+01
1.2298e+02 1.0497e+00 1.1925e-01 1.0028e+03 9.8183e-01 3.2738e-02
91     4.8286    14.0000     0.0000     1.5000     2.6000
1.4814e+02    94.8609     0.4000     1.2500
1.4730e+02 -8.3892e+02 1.6339e+03 -1.0941e+03 9.5865e-01 1.5925e+02
1.2602e+02 9.9433e-01 7.4999e-02 1.1443e+03 9.6507e-01 2.2467e-02
92     4.8286    33.0000     0.0000     1.5000     2.6000
1.4396e+02   107.9391     0.4800     1.2400
2.5656e+02 -1.3565e+03 2.4527e+03 -1.5749e+03 9.6134e-01 2.2319e+02
1.6652e+02 1.0051e+00 7.7795e-02 1.1797e+03 9.6853e-01 2.4830e-02
93     4.8286    53.0000     0.0000     1.5000     2.6000
9.7637e+01   120.7051     0.4400     1.2400
1.8467e+02 -9.8006e+02 1.7792e+03 -1.1496e+03 9.6700e-01 1.6466e+02
1.3045e+02 1.0070e+00 8.4791e-02 1.1462e+03 9.7492e-01 3.2112e-02
94     4.8286    72.0000     0.0000     1.5000     2.6000
7.4734e+01   121.0057     0.6700     1.2400
-1.7834e+02 4.2967e+02 9.0274e+00 -4.4890e+02 9.7089e-01 1.6234e+02
1.2482e+02 1.0137e+00 1.0190e-01 1.1490e+03 9.7758e-01 3.4284e-02
95     4.8286    91.0000     0.0000     1.5000     2.6000
1.0242e+02   120.7869     0.5000     1.2400
3.6476e+02 -1.7861e+03 3.0389e+03 -1.8811e+03 9.8357e-01 2.5894e+02
1.2718e+02 9.9868e-01 -9.0772e-02 1.1788e+03 9.8010e-01 3.1442e-02
96     4.8286   111.0000     0.0000     1.5000     2.6000
9.1788e+01   113.2471     0.5300     1.2400
8.9527e+01 -2.5721e+02 4.3047e+01 2.8143e+02 9.7534e-01 -1.3004e+02
5.2624e+01 1.0685e+00 3.7769e-02 1.0779e+03 9.8063e-01 3.6291e-02
97     4.8286   130.0000     0.0000     1.5000     2.6000
1.4790e+02   119.4089     0.4800     1.2400
7.5371e+02 -3.8036e+03 6.6164e+03 -4.1544e+03 9.9175e-01 5.8016e+02
1.2151e+02 1.0149e+00 -9.7730e-02 1.0903e+03 9.8064e-01 3.3494e-02
6
0     0.3714    14.0000     0.0000     1.5000     2.6000
0.0000e+00     0.0000     0.0000     0.0262
0.0000e+00 0.0000e+00 0.0000e+00 0.0000e+00 0.0000e+00 0.0000e+00
0.0000e+00 7.7860e-01 1.5703e-01 1.1091e+00 5.1363e-01 1.0788e-01
1     0.3714    33.0000     0.0000     1.5000     2.6000
0.0000e+00     0.0000     0.0000     0.0262
0.0000e+00 0.0000e+00 0.0000e+00 0.0000e+00 0.0000e+00 0.0000e+00
1.9851e+00 1.1450e+00 1.5703e-01 2.1780e+00 8.7020e-01 8.7052e-02
2     0.3714    53.0000     0.0000     1.5000     2.6000
2.1348e+01     2.4396     0.0916     1.2301
5.5932e-01 7.8752e+00 -2.3562e+01 1.9663e+01 6.5234e-01 -4.0432e+00
5.2160e+00 7.5599e-01 -2.1180e-02 1.1173e+01 6.5892e-01 3.3061e-02
3     0.3714    72.0000     0.0000     1.5000     2.6000
1.4888e+01     3.7464     0.4449     0.8637
-3.0706e+01 1.1870e+02 -4.4478e+01 -1.6698e+02 6.8402e-01 1.4133e+02
6.2210e+00 6.0828e-01 -2.3670e-04 2.6757e+01 7.0609e-01 6.3917e-02
4     0.3714    91.0000     0.0000     1.5000     2.6000
9.4653e+00     2.4033     0.5627     0.8506
1.6963e+03 -4.2334e+03 -1.8362e+03 8.6110e+03 7.1807e-01 -4.6878e+03
1.0641e+01 6.1535e-01 -1.9089e-02 1.9553e+01 6.7400e-01 4.9261e-02
5     0.3714   111.0000     0.0000     1.5000     2.6000
2.2714e+01     3.6500     0.1309     0.8375
3.5864e+00 -5.7792e+00 -7.7709e+01 1.9663e+02 7.2091e-01 -1.6526e+02
1.3840e+00 4.1450e-01 -2.3665e-01 2.2346e+01 7.2345e-01 5.1189e-02
6     0.3714   130.0000     0.0000     1.5000     2.6000
1.1463e+01     1.0442     0.3271     0.8244
7.9647e+00 -2.4178e+01 -1.1507e+01 5.9565e+01 6.7234e-01 -3.5093e+01
1.2546e+00 -2.5899e+04 3.0749e+05 5.5866e+00 6.5866e-01 3.3545e-02
7     0.7143    14.0000     0.0000     1.5000     2.6000
0.0000e+00     0.0037     0.0000     0.0257
0.0000e+00 0.0000e+00 0.0000e+00 0.0000e+00 0.0000e+00 0.0000e+00
1.0000e+00 9.4500e-01 1.5429e-01 1.0890e+00 2.6357e-01 1.2454e-01
8     0.7143    33.0000     0.0000     1.5000     2.6000
2.5497e+01     1.5285     0.1157     0.9386
4.1883e+00 -3.6928e+01 1.0239e+02 -9.6017e+01 7.2423e-01 2.6631e+01
1.2287e+00 1.6424e-02 1.3465e+00 1.0242e+01 7.3761e-01 1.9099e-02
9     0.7143    53.0000     0.0000     1.5000     2.6000
2.4652e+01     4.4022     0.5786     0.9129
-1.1147e+01 2.5311e+01 2.7413e+00 -2.7321e+01 7.3954e-01 1.0755e+01
6.8866e+01 -1.8852e+05 5.9269e+04 3.3676e+01 7.3038e-01 4.8351e-02
10     0.7143    72.0000     0.0000     1.5000     2.6000
9.2971e+00     4.7891     0.6171     0.8743
-2.3847e+03 9.2517e+03 -1.1320e+04 3.9721e+03 7.6598e-01 5.7975e+02
2.1702e+01 7.1107e-01 -2.8514e-02 4.0968e+01 7.8249e-01 3.0532e-02
11     0.7143    91.0000     0.0000     1.5000     2.6000
1.6924e+01     4.3720     0.6171     0.8871
-1.0995e+03 2.6451e+03 6.0117e+02 -3.9977e+03 7.8125e-01 1.9510e+03
1.4901e+01 7.1832e-01 3.3029e-02 3.9263e+01 7.8990e-01 3.5529e-02
12     0.7143   111.0000     0.0000     1.5000     2.6000
2.3011e+01     4.3221     0.6171     0.8871
-2.1345e+02 5.3219e+02 9.4812e+01 -7.9232e+02 7.5851e-01 4.0263e+02
2.1544e+01 7.0250e-01 2.2633e-02 3.6531e+01 7.7236e-01 3.1678e-02
13     0.7143   130.0000     0.0000     1.5000     2.6000
2.1547e+01     3.6212     0.1414     0.8743
2.0980e+00 -1.1395e+01 9.8935e+00 1.6954e+01 7.3092e-01 -2.6313e+01
1.0920e+00 3.9579e-01 -4.0393e-01 2.4208e+01 7.4534e-01 4.7226e-02
14     1.0571    14.0000     0.0000     1.5000     2.6000
3.6124e+00     0.5259     0.5430     0.8209
3.6359e+00 -3.1802e+00 -9.0881e+00 -9.7745e+00 6.0081e-01 3.1740e+01
2.3575e+00 7.0284e-01 7.5488e-02 3.7244e+00 5.8363e-01 3.2574e-02
15     1.0571    33.0000     0.0000     1.5000     2.6000
5.0970e+01     5.1650     0.0000     0.8966
1.1296e+00 -1.2789e+01 5.0654e+01 -6.3296e+01 7.3730e-01 2.5945e+01
1.5389e+00 3.3963e-01 -5.6451e-01 4.0968e+01 7.4958e-01 3.6887e-02
16     1.0571    53.0000     0.0000     1.5000     2.6000
2.5215e+01     5.0634     0.4799     0.8966
-7.0584e+01 2.0650e+02 4.2890e+01 -3.9642e+02 7.8920e-01 2.3364e+02
4.0606e+00 7.0887e-01 7.8693e-02 4.6358e+01 7.7952e-01 4.0373e-02
17     1.0571    72.0000     0.0000     1.5000     2.6000
3.0550e+01     5.6063     0.4799     0.9093
-9.9991e+01 2.9673e+02 4.4530e+01 -5.4805e+02 7.7752e-01 3.3010e+02
6.6530e+00 6.9298e-01 -8.0927e-02 5.1395e+01 7.9320e-01 3.9371e-02
18     1.0571    91.0000     0.0000     1.5000     2.6000
2.7862e+01     5.5050     0.5178     0.9219
-7.8910e+01 2.0769e+02 4.9151e+01 -3.5446e+02 7.8527e-01 1.8160e+02
4.2400e+00 6.3077e-01 8.2115e-02 4.9854e+01 7.9700e-01 4.1319e-02
19     1.0571   111.0000     0.0000     1.5000     2.6000
3.5485e+01     5.4826     0.4799     0.9093
3.0580e+01 -9.2277e+01 3.5077e+01 6.8802e+01 7.8249e-01 -4.7246e+01
6.1362e+00 6.2145e-01 -6.0710e-02 5.4004e+01 7.9511e-01 3.5974e-02
20     1.0571   130.0000     0.0000     1.5000     2.6000
1.7608e+01     4.1812     0.4925     0.8966
-1.0681e+01 7.2257e+00 2.2003e+01 2.0718e+01 7.6641e-01 -5.9892e+01
4.8388e+00 5.7144e-01 5.3087e-02 3.3696e+01 7.8341e-01 4.0066e-02
21     1.4000    14.0000     0.0000     1.5000     2.6000
1.3750e+01     1.9176     0.3224     0.6324
-1.0256e+01 1.5214e+02 -5.3969e+02 5.5257e+02 4.5450e-01 -3.0966e+01
2.6142e+02 8.9985e-01 7.8917e-02 1.4898e+01 4.5348e-01 4.6899e-02
22     1.4000    33.0000     0.0000     1.5000     2.6000
4.8690e+01     8.1502     0.0744     0.9424
3.8528e+00 -2.6614e+01 8.1249e+01 -7.1491e+01 8.0657e-01 1.2691e+01
1.5709e+01 5.2464e-01 6.9493e-02 4.9348e+01 7.9460e-01 2.9531e-02
23     1.4000    53.0000     0.0000     1.5000     2.6000
4.0196e+01     7.8515     0.3596     0.9176
3.6117e+02 -2.5340e+03 6.0123e+03 -5.0872e+03 5.0786e-01 1.2799e+03
2.6629e+01 8.1263e-01 4.1185e-02 3.4451e+01 4.9317e-01 5.6321e-02
24     1.4000    72.0000     0.0000     1.5000     2.6000
1.1137e+02     6.0538     0.3472     0.9300
-4.7259e+00 6.2520e+00 7.6518e+00 -1.8493e+01 5.1511e-01 1.0885e+01
4.2756e+00 7.0466e-01 2.1386e-01 4.0968e+01 5.0230e-01 4.7126e-02
25     1.4000    91.0000     0.0000     1.5000     2.6000
3.1029e+01     7.2100     0.3472     0.9176
2.1681e+02 -1.5280e+03 3.5899e+03 -2.9918e+03 5.0960e-01 7.2792e+02
1.1360e+01 8.2966e-01 3.6481e-02 4.0968e+01 4.8933e-01 6.2765e-02
26     1.4000   111.0000     0.0000     1.5000     2.6000
5.1988e+01     6.8238     0.2852     0.9052
3.4263e+01 -2.0212e+02 3.6143e+02 -1.7674e+02 5.0127e-01 -3.7098e+01
9.2904e+00 8.3838e-01 6.1562e-02 3.8175e+01 4.9402e-01 5.3088e-02
27     1.4000   130.0000     0.0000     1.5000     2.6000
3.0395e+01     6.9204     0.3224     0.9052
7.7018e+00 -3.8757e+01 2.1809e+01 5.7411e+01 4.8064e-01 -5.5894e+01
1.6323e+01 8.1089e-01 3.1945e-02 2.9795e+01 4.8779e-01 7.3431e-02
28     1.7429    14.0000     0.0000     1.5000     2.6000
8.9250e+00     4.9250     0.2191     0.4869
4.1105e+01 -2.1922e+02 -1.6601e+01 1.0378e+03 3.5059e-01 -1.8513e+03
5.8010e+00 2.6984e-01 1.7353e-02 5.2014e+01 3.6161e-01 3.8835e-02
29     1.7429    33.0000     0.0000     1.5000     2.6000
1.2872e+02     9.5119     0.0609     0.9250
3.5532e+00 -2.1362e+01 1.3731e+01 3.3891e+01 4.1710e-01 -3.3344e+01
3.7169e+00 5.4660e-01 2.5086e-01 4.7486e+01 4.2299e-01 5.8975e-02
30     1.7429    53.0000     0.0000     1.5000     2.6000
7.4667e+01     9.9417     0.2678     0.9129
1.3844e+01 -1.6688e+02 5.7334e+02 -6.4317e+02 3.8823e-01 2.4889e+02
5.0902e+00 2.3101e+00 -1.0796e+00 8.0074e+01 4.0005e-01 4.3376e-02
31     1.7429    72.0000     0.0000     1.5000     2.6000
3.9120e+01     8.5582     0.2556     0.5721
1.6277e+02 -8.9869e+02 9.2083e+02 1.1143e+03 3.9664e-01 -2.5953e+03
-9.1639e+00 3.1325e-01 3.7202e-02 8.8430e+01 3.8399e-01 4.3355e-02
32     1.7429    91.0000     0.0000     1.5000     2.6000
2.2501e+01     9.2108     0.2556     0.5477
4.7843e+01 -2.3400e+02 1.6428e+01 9.4160e+02 3.8292e-01 -1.6054e+03
2.7806e+01 4.3459e-01 -2.6388e-02 9.1247e+01 3.7065e-01 3.0644e-02
33     1.7429   111.0000     0.0000     1.5000     2.6000
1.2023e+01     8.8858     0.2556     0.5721
6.5079e+01 -3.2791e+02 2.6724e+01 1.1258e+03 3.6601e-01 -1.5603e+03
7.1262e+00 4.6353e-01 3.6038e-02 8.6445e+01 3.7665e-01 4.2406e-02
34     1.7429   130.0000     0.0000     1.5000     2.6000
2.7231e+01     8.0984     0.1704     0.5842
-5.4412e+01 6.7486e+02 -2.6902e+03 3.7222e+03 3.7361e-01 -2.4056e+03
1.6059e+01 4.5768e-01 -4.0698e-02 6.9832e+01 3.7819e-01 3.5905e-02
35     2.0857    14.0000     0.0000     1.5000     2.6000
1.7199e+01     8.2836     0.0836     0.4299
1.4413e+00 -1.9821e+01 -1.2090e+01 4.6206e+02 2.8389e-01 -2.0697e+03
1.8813e+00 2.4893e-01 3.6214e-01 1.0149e+02 2.9299e-01 2.9380e-02
36     2.0857    33.0000     0.0000     1.5000     2.6000
2.2656e+01    13.3277     0.1911     0.9196
2.3989e+01 -2.2250e+02 6.3383e+02 -6.0765e+02 3.0889e-01 1.8350e+02
2.4221e+01 4.1566e-01 4.4320e-02 1.0638e+02 3.2069e-01 3.8460e-02
37     2.0857    53.0000     0.0000     1.5000     2.6000
1.7590e+01    11.1947     0.2030     0.4897
3.1697e+02 -3.4407e+03 1.2567e+04 -1.6541e+04 3.0403e-01 1.0614e+04
7.5925e+00 3.5852e-01 3.6766e-02 1.3131e+02 3.1097e-01 3.3125e-02
38     2.0857    72.0000     0.0000     1.5000     2.6000
7.3705e+00    11.7346     0.1911     0.4419
2.0763e+03 -2.4144e+04 9.6779e+04 -1.4190e+05 2.9943e-01 1.1519e+05
1.2015e+01 2.5123e-01 -1.7617e-03 1.4971e+02 3.0257e-01 3.2548e-02
39     2.0857    91.0000     0.0000     1.5000     2.6000
1.2407e+01    11.5772     0.1911     0.4419
-4.1673e+01 3.3791e+02 -7.1314e+01 -3.3314e+03 3.0118e-01 1.3185e+04
1.1183e+01 3.6354e-01 8.3249e-03 1.4663e+02 3.0252e-01 3.0610e-02
40     2.0857   111.0000     0.0000     1.5000     2.6000
1.7420e+01    11.1119     0.1553     0.4658
-2.4716e+01 1.5942e+02 -9.5321e+01 -1.1110e+03 3.1145e-01 4.1369e+03
4.9096e+01 -3.4811e+00 1.8502e+00 1.2475e+02 3.0075e-01 3.3615e-02
41     2.0857   130.0000     0.0000     1.5000     2.6000
2.0363e+01    10.6243     0.1553     0.4538
-3.6014e+01 2.5475e+02 -1.6353e+02 -9.6226e+02 3.0920e-01 2.2859e+03
3.5732e+00 2.5680e-01 1.0311e-01 1.0708e+02 3.0935e-01 3.3894e-02
42     2.4286    14.0000     0.0000     1.5000     2.6000
2.2484e+01    10.4634     0.0351     0.3631
4.3550e-01 6.7839e+00 -2.0478e+02 1.1958e+03 2.3409e-01 -5.7112e+03
4.2081e+00 2.4750e-01 1.0470e-01 1.4350e+02 2.4056e-01 2.5565e-02
43     2.4286    33.0000     0.0000     1.5000     2.6000
5.8046e+01    15.2870     0.1171     0.5037
3.6269e+01 -4.7808e+02 1.9564e+03 -2.8194e+03 2.4953e-01 2.1504e+03
8.1251e+00 3.0478e-01 -8.4193e-02 1.7598e+02 2.6023e-01 3.1850e-02
44     2.4286    53.0000     0.0000     1.5000     2.6000
9.6265e+00    14.8018     0.1523     0.3983
6.2044e+01 -5.0224e+02 -2.9382e+01 5.3234e+03 2.4923e-01 -2.0377e+04
3.1071e+01 2.8933e-01 2.0731e-02 2.1998e+02 2.4605e-01 2.4050e-02
45     2.4286    72.0000     0.0000     1.5000     2.6000
1.6562e+01    13.9150     0.1523     0.3749
7.1747e+02 -1.0603e+04 5.3513e+04 -9.7614e+04 2.5655e-01 1.1889e+05
-1.1572e+05 -1.7013e-02 2.9122e-02 2.2182e+02 2.4449e-01 2.4510e-02
46     2.4286    91.0000     0.0000     1.5000     2.6000
7.8374e+00    13.6907     0.1289     0.3866
-7.3398e+00 8.6951e+01 -7.5482e+01 -9.7683e+02 2.3965e-01 5.1314e+03
7.5940e+00 2.8847e-01 5.0848e-02 2.0505e+02 2.4007e-01 2.4906e-02
47     2.4286   111.0000     0.0000     1.5000     2.6000
1.0750e+01    14.1704     0.1171     0.3749
-1.0131e+00 -3.3274e+01 7.3505e+01 5.7098e+01 2.2836e-01 -3.6298e+02
4.7026e+01 -2.4732e+00 1.3076e+00 2.0654e+02 2.3928e-01 2.6610e-02
48     2.4286   130.0000     0.0000     1.5000     2.6000
2.2372e+01    13.4310     0.1054     0.3866
-4.6109e+01 3.4195e+02 9.4168e+00 -2.4505e+03 2.4729e-01 6.2538e+03
4.4836e+03 -1.6530e-01 8.5436e-02 1.7135e+02 2.4192e-01 2.7845e-02
49     2.7714    14.0000     0.0000     1.5000     2.6000
1.7601e+01    13.7550     0.0574     0.3331
8.3980e+00 -3.2523e+02 4.1511e+03 -1.4481e+04 1.8553e-01 4.3078e+04
2.4555e+01 2.1947e-01 4.0632e-02 2.1136e+02 1.9328e-01 1.9433e-02
50     2.7714    33.0000     0.0000     1.5000     2.6000
2.1775e+01    19.4411     0.0919     0.3675
1.2795e+02 -2.4748e+03 1.5849e+04 -3.4589e+04 2.2174e-01 5.3437e+04
5.5965e+01 1.8287e-01 7.4307e-03 2.6071e+02 2.0862e-01 2.5816e-02
51     2.7714    53.0000     0.0000     1.5000     2.6000
2.0958e+01    18.6266     0.1034     0.3216
7.4176e+02 -1.4862e+04 1.0057e+05 -2.4046e+05 2.1250e-01 4.7734e+05
2.8208e+01 3.8419e-01 5.2721e-03 2.9888e+02 1.9930e-01 2.1632e-02
52     2.7714    72.0000     0.0000     1.5000     2.6000
9.0430e+00    18.4882     0.1149     0.3331
7.5041e+02 -1.2643e+04 7.1280e+04 -1.4442e+05 2.0164e-01 2.1741e+05
6.7143e+01 2.1802e-01 -2.4722e-02 3.1855e+02 1.9281e-01 1.9088e-02
53     2.7714    91.0000     0.0000     1.5000     2.6000
1.3227e+01    19.0747     0.0919     0.3331
6.7035e+02 -1.2429e+04 7.7138e+04 -1.7066e+05 1.9135e-01 2.9857e+05
5.6493e+01 1.1201e-01 1.4605e-03 3.1778e+02 1.9344e-01 2.2769e-02
54     2.7714   111.0000     0.0000     1.5000     2.6000
5.3748e+00    20.2333     0.0804     0.3561
4.5112e+01 -1.2178e+03 1.0955e+04 -3.2679e+04 1.9302e-01 8.8637e+04
1.1149e+01 2.2583e-01 4.1730e-02 3.1890e+02 1.9276e-01 2.2298e-02
55     2.7714   130.0000     0.0000     1.5000     2.6000
1.2898e+01    18.5956     0.0574     0.3331
9.2238e+00 -3.0023e+02 2.9021e+03 -7.9839e+03 2.0518e-01 1.4615e+04
1.6448e+01 1.8679e-01 -5.2329e-02 2.9329e+02 1.9462e-01 2.1397e-02
56     3.1143    14.0000     0.0000     1.5000     2.6000
3.0004e+01    20.1993     0.0225     0.3152
-8.8634e-01 1.7002e+01 1.2546e+03 -6.6117e+03 1.5091e-01 2.5533e+04
5.0761e+02 1.4597e-01 2.7575e-03 2.9423e+02 1.6236e-01 2.0555e-02
57     3.1143    33.0000     0.0000     1.5000     2.6000
1.3051e+01    23.5384     0.0675     0.3039
2.1687e+02 -5.5806e+03 4.7099e+04 -1.3338e+05 1.6117e-01 3.3785e+05
1.0366e+02 1.4890e-01 -6.4661e-03 3.6126e+02 1.6712e-01 2.1127e-02
58     3.1143    53.0000     0.0000     1.5000     2.6000
9.4381e+00    24.6118     0.0901     0.2927
6.8272e+01 -8.5887e+02 6.2628e+02 9.7713e+03 1.6933e-01 -5.3414e+04
5.9308e+01 1.9466e-01 3.0647e-02 5.0012e+02 1.6045e-01 1.7769e-02
59     3.1143    72.0000     0.0000     1.5000     2.6000
8.8821e+00    22.1908     0.0901     0.2814
-3.7580e+01 1.7557e+02 4.3134e+02 -2.7509e+03 1.4875e-01 9.9075e+03
8.6302e+01 1.8235e-01 2.4401e-02 4.5344e+02 1.5573e-01 1.6024e-02
60     3.1143    91.0000     0.0000     1.5000     2.6000
2.0532e+01    22.2636     0.0788     0.3039
5.4905e+02 -1.2723e+04 9.7212e+04 -2.6053e+05 1.5542e-01 6.4691e+05
-1.0684e+06 -1.2430e-01 2.9487e-02 4.2820e+02 1.5684e-01 1.9750e-02
61     3.1143   111.0000     0.0000     1.5000     2.6000
1.1108e+01    23.8739     0.0563     0.3039
3.0612e+01 -1.2482e+03 1.6180e+04 -6.1585e+04 1.4874e-01 2.3984e+05
4.3519e+01 1.9430e-01 1.7147e-02 4.4041e+02 1.5340e-01 1.7531e-02
62     3.1143   130.0000     0.0000     1.5000     2.6000
1.1440e+01    23.4594     0.0225     0.2814
-9.1657e+00 5.1630e+02 -6.4772e+03 2.9484e+04 1.5738e-01 -1.7661e+05
6.5411e+00 4.6227e-01 -6.7572e-03 4.1485e+02 1.5689e-01 2.1162e-02
63     3.4571    14.0000     0.0000     1.5000     2.6000
1.5311e+01    20.3331     0.0110     0.2757
-3.2263e+00 2.7635e+02 -3.4100e+03 1.2967e+04 1.3650e-01 -5.4758e+04
6.4370e+01 1.5464e-01 2.5384e-02 4.2699e+02 1.2701e-01 1.4671e-02
64     3.4571    33.0000     0.0000     1.5000     2.6000
1.4373e+01    29.5481     0.0551     0.2867
2.1198e+01 -7.8288e+02 9.3417e+03 -3.2916e+04 1.3289e-01 1.0984e+05
1.0527e+02 1.5660e-01 2.2348e-02 6.2011e+02 1.2982e-01 1.4297e-02
65     3.4571    53.0000     0.0000     1.5000     2.6000
6.4317e+01    27.9587     0.0551     0.2647
-5.8933e+01 8.4274e+01 1.3465e+04 -7.4441e+04 1.4211e-01 3.6779e+05
1.7725e+03 2.8135e-02 1.0943e-02 6.3226e+02 1.3116e-01 1.5630e-02
66     3.4571    72.0000     0.0000     1.5000     2.6000
3.3387e+00    27.8225     0.0662     0.2647
7.8888e+00 -2.0649e+02 3.7443e+02 5.7256e+03 1.3264e-01 -7.3770e+04
1.0145e+02 1.5189e-01 -2.2429e-02 6.6015e+02 1.2594e-01 1.3467e-02
67     3.4571    91.0000     0.0000     1.5000     2.6000
5.1398e+01    27.2448     0.0551     0.2647
2.6554e+01 -1.8289e+03 2.7381e+04 -1.1095e+05 1.2544e-01 4.6437e+05
5.8818e+00 6.7610e-02 5.1715e-03 6.3857e+02 1.2630e-01 1.5273e-02
68     3.4571   111.0000     0.0000     1.5000     2.6000
5.6917e+00    29.7394     0.0221     0.2647
-1.6341e+00 1.1334e+02 -1.9873e+02 -1.6755e+03 1.3281e-01 1.3957e+04
7.7651e+01 1.4367e-01 2.8030e-02 6.0707e+02 1.2322e-01 1.5260e-02
69     3.4571   130.0000     0.0000     1.5000     2.6000
2.4809e+01    28.9025     0.0110     0.2757
-7.9207e-01 4.8935e+01 2.4437e+03 -1.5538e+04 1.1435e-01 8.1170e+04
6.8504e+01 1.5711e-01 -1.7886e-02 6.0760e+02 1.2486e-01 1.5506e-02
70     3.8000    14.0000     0.0000     1.5000     2.6000
4.0084e+01    22.2547     0.0108     0.2484
6.4394e+00 -4.7368e+02 1.1433e+04 -5.7720e+04 9.9912e-02 3.1088e+05
1.1878e+02 9.1789e-02 -1.5929e-04 5.4841e+02 1.0551e-01 1.4276e-02
71     3.8000    33.0000     0.0000     1.5000     2.6000
2.3712e+01    34.9006     0.0324     0.2592
6.6608e+00 -4.0922e+02 8.1668e+03 -3.7727e+04 1.1379e-01 1.8168e+05
1.2055e+02 1.2563e-01 2.3179e-02 8.6584e+02 1.0574e-01 1.1972e-02
72     3.8000    53.0000     0.0000     1.5000     2.6000
3.1983e+01    34.2117     0.0324     0.2808
1.5664e+02 -4.4322e+03 3.5425e+04 -9.5361e+04 1.1327e-01 2.3403e+05
1.0256e+02 1.2939e-01 2.6648e-02 9.3798e+02 1.0452e-01 1.2286e-02
73     3.8000    72.0000     0.0000     1.5000     2.6000
1.0361e+01    33.6455     0.0432     0.2592
1.3293e+01 -6.2094e+02 9.4524e+03 -3.9188e+04 1.0051e-01 1.6827e+05
1.6238e+02 1.2320e-01 1.5839e-02 9.4359e+02 1.0111e-01 1.0855e-02
74     3.8000    91.0000     0.0000     1.5000     2.6000
4.1899e+01    32.2050     0.0324     0.2808
1.4598e+01 -5.6938e+02 5.7257e+03 -1.8238e+04 9.2869e-02 5.7184e+04
9.2362e+01 1.2181e-01 -2.7341e-02 8.5918e+02 1.0089e-01 1.2016e-02
75     3.8000   111.0000     0.0000     1.5000     2.6000
4.9299e+01    35.0329     0.0216     0.2484
2.8937e+01 -1.6770e+03 3.0182e+04 -1.4319e+05 1.0102e-01 7.8390e+05
4.8729e+01 -5.6237e-02 -1.4842e-02 8.7402e+02 1.0094e-01 1.4291e-02
76     3.8000   130.0000     0.0000     1.5000     2.6000
3.7046e+01    34.6061     0.0108     0.2484
6.0423e+00 -5.6744e+02 7.7013e+03 -2.9990e+04 9.1512e-02 1.2812e+05
9.3360e+01 1.0936e-01 -3.4598e-02 8.3892e+02 1.0162e-01 1.2721e-02
77     4.1429    14.0000     0.0000     1.5000     2.6000
5.2872e+01    28.3860     0.0000     0.2960
3.1426e+00 -1.3882e+02 1.7377e+03 -5.8284e+03 7.3198e-02 1.6117e+04
1.0090e+02 1.0065e-01 -2.6536e-02 7.9422e+02 8.2695e-02 1.0640e-02
78     4.1429    33.0000     0.0000     1.5000     2.6000
3.5475e+01    37.7445     0.0211     0.2643
-1.1728e+02 3.5272e+03 -2.1318e+04 2.5044e+04 7.8090e-02 2.0978e+05
2.1247e+02 7.9438e-02 1.7853e-03 1.0168e+03 8.6969e-02 1.2386e-02
79     4.1429    53.0000     0.0000     1.5000     2.6000
3.5555e+01    40.3591     0.0317     0.2537
-3.5288e+02 1.1554e+04 -1.0211e+05 3.0149e+05 9.6000e-02 -8.8486e+05
2.2874e+02 7.9085e-02 6.8485e-04 1.2365e+03 8.5763e-02 1.1011e-02
80     4.1429    72.0000     0.0000     1.5000     2.6000
1.0174e+02    38.3295     0.0211     0.2220
-1.2252e+02 3.5647e+03 -2.0949e+04 1.9449e+04 7.7877e-02 2.9056e+05
-3.3205e+00 5.1105e-02 1.7737e-02 1.3141e+03 8.3534e-02 1.0554e-02
81     4.1429    91.0000     0.0000     1.5000     2.6000
2.2650e+01    37.5462     0.0211     0.2537
-1.4356e+02 4.8463e+03 -4.4895e+04 1.4144e+05 7.1288e-02 -4.9167e+05
1.3627e+02 9.9383e-02 1.6959e-02 1.2160e+03 8.0461e-02 9.7962e-03
82     4.1429   111.0000     0.0000     1.5000     2.6000
2.3572e+01    40.5325     0.0211     0.2431
3.7543e+01 -1.9251e+03 2.3677e+04 -9.0223e+04 7.3052e-02 3.9282e+05
7.5153e+01 1.0177e-01 -2.9137e-02 1.1748e+03 8.0959e-02 1.1929e-02
83     4.1429   130.0000     0.0000     1.5000     2.6000
3.8882e+01    39.0719     0.0106     0.2431
2.1020e+00 -4.8855e+02 7.9304e+03 -3.3936e+04 7.4672e-02 1.6306e+05
1.0678e+02 9.3847e-02 3.0762e-02 1.0317e+03 8.1638e-02 1.1923e-02
84     4.4857    14.0000     0.0000     1.5000     2.6000
5.3180e+01    30.9283     0.0000     0.2689
-4.6241e-01 2.5242e+02 -1.5321e+03 1.1129e+03 5.7795e-02 1.6887e+04
1.5194e+02 8.3597e-02 1.8750e-02 1.1007e+03 6.5714e-02 8.0453e-03
85     4.4857    33.0000     0.0000     1.5000     2.6000
3.3148e+01    43.4233     0.0103     0.2689
-9.2319e+01 3.7258e+03 -3.5439e+04 1.0959e+05 7.0425e-02 -3.4301e+05
1.5411e+02 8.4219e-02 1.8684e-02 1.5214e+03 6.7949e-02 8.8148e-03
86     4.4857    53.0000     0.0000     1.5000     2.6000
2.1155e+01    46.7575     0.0207     0.2586
-8.7125e+01 3.1170e+03 -2.7599e+04 8.0441e+04 7.5604e-02 -2.2831e+05
1.9604e+02 8.2352e-02 -1.7653e-02 1.7626e+03 6.6997e-02 8.0843e-03
87     4.4857    72.0000     0.0000     1.5000     2.6000
8.1072e+01    45.7422     0.0207     0.2586
-1.2341e+02 6.3822e+03 -6.6833e+04 2.2002e+05 6.0191e-02 -7.4714e+05
-1.3786e+02 4.2523e-02 3.8896e-03 1.7410e+03 6.6986e-02 9.3345e-03
88     4.4857    91.0000     0.0000     1.5000     2.6000
3.4758e+01    43.3849     0.0103     0.2172
-1.3359e+02 4.8265e+03 -4.6329e+04 1.4766e+05 5.4495e-02 -4.9599e+05
2.4212e+02 7.6902e-02 -1.7327e-02 1.5540e+03 6.4530e-02 8.1277e-03
89     4.4857   111.0000     0.0000     1.5000     2.6000
1.3012e+01    45.4073     0.0103     0.2482
-6.5848e+00 -1.2327e+01 2.6336e+03 -1.5251e+04 6.6312e-02 8.8259e+04
1.5636e+02 8.2032e-02 -2.2489e-02 1.5743e+03 6.4539e-02 9.1616e-03
90     4.4857   130.0000     0.0000     1.5000     2.6000
6.0879e+01    45.0517     0.0000     0.2689
-2.1872e+01 1.6520e+03 -1.7064e+04 5.3471e+04 7.5555e-02 -1.6220e+05
1.2642e+02 7.6392e-02 2.3820e-02 1.4264e+03 6.5469e-02 9.6719e-03
91     4.8286    14.0000     0.0000     1.5000     2.6000
6.2701e+01    34.9104     0.0000     0.2225
7.2389e+00 -1.0906e+03 1.9520e+04 -9.3323e+04 6.3599e-02 5.5395e+05
1.7524e+02 6.6392e-02 -2.0222e-02 1.3774e+03 5.3431e-02 7.4499e-03
92     4.8286    33.0000     0.0000     1.5000     2.6000
2.3105e+01    45.7164     0.0000     0.1922
-4.3188e+00 2.4604e+02 4.8416e+03 -5.3029e+04 6.5114e-02 5.9906e+05
1.7785e+02 7.2359e-02 1.6791e-02 1.7858e+03 5.4912e-02 8.0681e-03
93     4.8286    53.0000     0.0000     1.5000     2.6000
1.8358e+01    49.8831     0.0101     0.2225
-8.0234e+01 3.8705e+03 -4.2238e+04 1.4871e+05 6.3765e-02 -5.9933e+05
2.0125e+02 6.8354e-02 -1.6818e-02 2.1797e+03 5.4510e-02 7.1210e-03
94     4.8286    72.0000     0.0000     1.5000     2.6000
3.6307e+01    45.3770     0.0101     0.2225
-2.5231e+02 6.0289e+03 -4.7418e+04 1.3366e+05 4.3856e-02 -3.8932e+05
1.8892e+02 6.8220e-02 -2.0326e-02 2.0836e+03 5.3585e-02 7.7537e-03
95     4.8286    91.0000     0.0000     1.5000     2.6000
2.1444e+01    42.7124     0.0101     0.2326
-3.8754e+02 1.0698e+04 -9.7137e+04 3.1524e+05 5.0464e-02 -1.1970e+06
1.9351e+02 6.4191e-02 -1.9767e-02 2.0299e+03 5.2426e-02 7.6428e-03
96     4.8286   111.0000     0.0000     1.5000     2.6000
8.4473e+01    48.0552     0.0000     0.2326
-1.5210e+02 8.1221e+03 -9.5576e+04 3.5910e+05 5.9056e-02 -1.6197e+06
1.0981e+03 4.9808e-02 2.8576e-03 1.6620e+03 5.2861e-02 8.8188e-03
97     4.8286   130.0000     0.0000     1.5000     2.6000
3.0862e+01    44.4488     0.0000     0.2529
-2.5251e+01 1.8721e+03 -2.0589e+04 6.9532e+04 4.3218e-02 -2.5042e+05
1.3753e+02 6.1249e-02 2.1465e-02 1.5987e+03 5.2602e-02 8.5850e-03
7
0     0.3714    14.0000     0.0000     1.5000     2.6000
0.0000e+00     0.0328     0.0000     0.0262
0.0000e+00 0.0000e+00 0.0000e+00 0.0000e+00 0.0000e+00 0.0000e+00
1.0000e+00 5.6923e-01 1.5703e-01 2.2220e+00 7.0200e-02 5.3179e-02
1     0.3714    33.0000     0.0000     1.5000     2.6000
2.0544e+01     1.6440     0.0393     1.2431
4.0740e-02 7.1237e+00 -1.3411e+01 8.0981e+00 3.0854e-01 -1.0213e+00
2.2559e+00 6.4115e-02 -2.2658e-02 4.6555e+00 2.9540e-01 1.5703e-02
2     0.3714    53.0000     0.0000     1.5000     2.6000
8.7329e+01     8.3931     0.0000     1.2431
-1.2619e+00 4.6881e+00 -2.9396e+00 4.9643e-01 5.1184e-01 -2.3522e-01
7.8523e+00 3.2536e-01 2.0062e-01 4.3761e+01 5.2163e-01 3.6688e-02
3     0.3714    72.0000     0.0000     1.5000     2.6000
5.0914e+01    17.6545     0.0131     1.0469
-3.6932e+00 -8.4890e+00 5.1799e+01 -5.9638e+01 5.3855e-01 1.9396e+01
1.4644e+01 4.1538e-01 2.7461e-01 9.2178e+01 5.2992e-01 4.5788e-02
4     0.3714    91.0000     0.0000     1.5000     2.6000
9.5152e+01    15.4585     0.0131     0.9683
-1.6828e-01 -4.8984e+00 8.1690e+01 -1.3799e+02 5.3599e-01 6.3475e+01
8.3704e+00 5.1118e-01 2.5351e-01 8.4730e+01 5.4049e-01 4.5727e-02
5     0.3714   111.0000     0.0000     1.5000     2.6000
1.0519e+02    15.0050     0.0131     1.0469
-5.0049e+00 2.0635e+01 -4.3268e+01 3.0562e+01 5.1627e-01 -3.6288e+00
1.1031e+01 4.0416e-01 3.1438e-01 8.2867e+01 5.2932e-01 4.4884e-02
6     0.3714   130.0000     0.0000     1.5000     2.6000
8.1388e+01     5.7733     0.0131     1.0861
-2.0283e+00 1.4856e+01 -3.5662e+01 2.8941e+01 5.4675e-01 -5.6290e+00
5.2068e+00 3.0765e-01 2.9437e-01 2.7002e+01 5.3541e-01 3.7061e-02
7     0.7143    14.0000     0.0000     1.5000     2.6000
5.0235e+00     1.1028     0.1414     1.0286
-2.7136e-01 2.8298e+00 3.3457e+00 -1.3876e+01 2.1037e-01 8.7386e+00
9.4150e-01 8.3352e-01 4.4312e-01 2.7933e+00 2.0926e-01 1.9147e-02
8     0.7143    33.0000     0.0000     1.5000     2.6000
7.6738e+01     6.2407     0.0000     1.0029
-3.8488e+00 4.3772e+01 -1.5239e+02 1.6425e+02 5.8725e-01 -5.2097e+01
7.8820e+00 2.2903e-01 3.3357e-01 2.1415e+01 5.7482e-01 2.9838e-02
9     0.7143    53.0000     0.0000     1.5000     2.6000
1.3629e+02    23.1548     0.0000     1.0414
-3.1872e+00 3.1837e+01 -2.9110e+01 6.1779e-01 5.7991e-01 -3.1984e-01
1.6484e+01 3.9516e-01 -2.6271e-01 1.1173e+02 5.9262e-01 3.5181e-02
10     0.7143    72.0000     0.0000     1.5000     2.6000
8.2738e+01    23.4317     0.0000     1.0671
6.6593e-01 -6.4988e+01 2.5689e+02 -2.3913e+02 6.0758e-01 4.8212e+01
2.5092e+01 2.9640e-01 -1.2936e-01 1.0708e+02 6.0955e-01 4.8832e-02
11     0.7143    91.0000     0.0000     1.5000     2.6000
1.4348e+02    22.4552     0.0000     1.0414
-4.3187e+00 -6.5090e+00 2.3765e+01 -3.2691e+00 6.2958e-01 -9.8867e+00
2.4322e+01 4.4192e-01 2.4152e-01 1.2104e+02 6.1702e-01 3.3984e-02
12     0.7143   111.0000     0.0000     1.5000     2.6000
9.0978e+01    21.4249     0.0000     1.0800
3.6013e+00 -1.2325e+02 4.2844e+02 -3.8897e+02 6.2626e-01 8.1489e+01
2.8615e+01 2.9247e-01 1.1877e-01 9.3110e+01 6.1014e-01 4.9749e-02
13     0.7143   130.0000     0.0000     1.5000     2.6000
8.5046e+01    16.4805     0.0129     1.0414
-1.0108e+01 1.2613e+02 -3.4067e+02 2.9072e+02 5.9052e-01 -6.6503e+01
1.2741e+01 3.3939e-01 3.2714e-01 6.9832e+01 6.0198e-01 3.7926e-02
14     1.0571    14.0000     0.0000     1.5000     2.6000
5.3042e+01     2.1411     0.0000     0.8082
1.3615e+00 -2.4601e+01 7.6873e+01 -6.6449e+01 4.2632e-01 5.2575e+00
3.2688e+00 4.5512e-01 3.6664e-01 9.3110e+00 4.2186e-01 7.8855e-03
15     1.0571    33.0000     0.0000     1.5000     2.6000
9.0092e+01    20.0734     0.0000     1.0608
-3.7366e+00 6.8569e+01 -1.4696e+02 1.0202e+02 6.5029e-01 -1.8904e+01
2.0482e+01 3.3631e-01 2.0702e-01 6.2383e+01 6.3903e-01 3.7594e-02
16     1.0571    53.0000     0.0000     1.5000     2.6000
1.0621e+02    29.2689     0.0000     1.0229
-2.0170e+00 6.9307e+01 -1.5270e+02 1.3231e+02 6.6779e-01 -4.5898e+01
2.9119e+01 4.0089e-01 1.7298e-01 9.1247e+01 6.5941e-01 4.1343e-02
17     1.0571    72.0000     0.0000     1.5000     2.6000
1.2378e+02    28.4619     0.0000     1.1239
1.6840e+00 -7.4535e+00 1.0652e+02 -1.2942e+02 6.6376e-01 3.0780e+01
2.8213e+01 4.0808e-01 1.8248e-01 1.0987e+02 6.7129e-01 3.3319e-02
18     1.0571    91.0000     0.0000     1.5000     2.6000
8.6037e+01    29.3832     0.0000     1.0608
-4.3466e-01 2.0586e+01 -2.5864e+01 3.0134e+01 6.6552e-01 -2.1401e+01
3.2798e+01 4.2276e-01 1.7398e-01 1.0242e+02 6.7790e-01 3.7874e-02
19     1.0571   111.0000     0.0000     1.5000     2.6000
1.3449e+02    26.3687     0.0000     1.0608
-3.6486e+00 3.2197e+01 8.4341e+00 -5.2293e+01 6.8275e-01 1.5829e+01
2.7884e+01 4.0823e-01 1.8612e-01 8.9385e+01 6.7663e-01 3.8194e-02
20     1.0571   130.0000     0.0000     1.5000     2.6000
1.0710e+02    25.2341     0.0000     1.0482
-1.5748e+00 4.5818e+01 -9.7366e+01 8.8465e+01 6.7295e-01 -3.4953e+01
2.8450e+01 3.7436e-01 1.7105e-01 7.2625e+01 6.7169e-01 4.3544e-02
21     1.4000    14.0000     0.0000     1.5000     2.6000
1.5451e+02     8.6640     0.0000     0.8928
8.1435e-01 -2.7114e+01 1.4936e+02 -1.9096e+02 4.6154e-01 6.8640e+01
7.0887e+00 3.6336e-01 3.1713e-01 4.0037e+01 4.5017e-01 3.1294e-02
22     1.4000    33.0000     0.0000     1.5000     2.6000
2.6592e+02    35.8817     0.0000     1.1780
1.4555e-02 3.6803e+02 -1.2481e+03 1.1330e+03 4.2832e-01 -2.4977e+02
5.7037e+01 6.9025e-01 7.0830e-02 7.2625e+01 4.6629e-01 8.8101e-02
23     1.4000    53.0000     0.0000     1.5000     2.6000
2.2453e+02    38.2657     0.0000     1.0292
-1.0068e+01 4.6542e+02 -1.5969e+03 1.5311e+03 4.6751e-01 -3.8792e+02
6.1443e+01 6.9886e-01 7.3851e-02 9.5903e+01 4.8608e-01 7.6132e-02
24     1.4000    72.0000     0.0000     1.5000     2.6000
1.8560e+02    34.0778     0.0000     1.0292
-8.2284e+00 3.7331e+02 -1.1884e+03 1.0818e+03 4.8716e-01 -2.5659e+02
4.3805e+01 6.9838e-01 7.8917e-02 8.1936e+01 4.9094e-01 7.4457e-02
25     1.4000    91.0000     0.0000     1.5000     2.6000
1.9162e+02    35.5639     0.0000     1.0292
-8.3277e+00 3.8343e+02 -1.2639e+03 1.1939e+03 4.7649e-01 -3.0477e+02
5.0692e+01 6.8556e-01 7.3542e-02 9.9627e+01 4.7961e-01 6.5566e-02
26     1.4000   111.0000     0.0000     1.5000     2.6000
1.6024e+02    34.8562     0.0000     1.0168
-7.1062e+00 3.6685e+02 -1.2408e+03 1.1787e+03 4.5282e-01 -2.9685e+02
4.3242e+01 6.8991e-01 8.5444e-02 8.3799e+01 4.7286e-01 8.3578e-02
27     1.4000   130.0000     0.0000     1.5000     2.6000
1.1969e+02    33.0133     0.0000     1.0168
-2.3174e+00 3.0691e+02 -1.1355e+03 1.1222e+03 4.5240e-01 -2.9011e+02
3.9744e+01 6.9198e-01 8.6839e-02 8.0074e+01 4.5460e-01 9.6723e-02
28     1.7429    14.0000     0.0000     1.5000     2.6000
2.0441e+02    24.1274     0.0000     0.9737
-3.4969e+00 6.2048e+01 -2.4627e+02 2.4235e+02 3.7380e-01 -5.4533e+01
3.0151e+01 4.2912e-01 2.2702e-01 1.0987e+02 3.6158e-01 3.8517e-02
29     1.7429    33.0000     0.0000     1.5000     2.6000
7.7805e+01    52.0932     0.0000     0.9981
2.2121e+01 -5.4488e+02 2.0911e+03 -2.1620e+03 4.3245e-01 5.9807e+02
6.3598e+01 1.7823e-01 7.8983e-02 1.2623e+02 3.9615e-01 1.0645e-01
30     1.7429    53.0000     0.0000     1.5000     2.6000
3.3794e+02    51.6613     0.0000     1.2415
-6.7917e+00 8.7104e+01 -3.4579e+02 3.2467e+02 3.9003e-01 -6.4514e+01
6.7851e+01 4.6105e-01 2.4003e-01 1.8063e+02 3.8678e-01 4.4516e-02
31     1.7429    72.0000     0.0000     1.5000     2.6000
2.0810e+02    45.8099     0.0000     0.9859
-4.9729e+00 9.3438e+01 -9.5538e+01 -9.3367e+01 3.8899e-01 9.9943e+01
3.8087e+01 4.6446e-01 2.5801e-01 1.5642e+02 3.8997e-01 4.9193e-02
32     1.7429    91.0000     0.0000     1.5000     2.6000
2.4775e+02    46.9036     0.0000     0.9981
-4.8084e-01 1.6288e+02 -3.8876e+02 2.4464e+02 3.7366e-01 -1.5278e+01
4.0700e+01 4.8635e-01 1.6278e-01 1.7318e+02 3.7655e-01 4.6717e-02
33     1.7429   111.0000     0.0000     1.5000     2.6000
1.9369e+02    46.6857     0.0000     1.0467
1.4701e+00 7.4553e+01 -1.1601e+02 -5.3907e+00 3.7969e-01 4.5409e+01
3.7474e+01 4.5777e-01 2.1555e-01 1.6387e+02 3.7337e-01 4.9607e-02
34     1.7429   130.0000     0.0000     1.5000     2.6000
2.1200e+02    45.2500     0.0000     0.9615
-5.8625e+00 1.1887e+02 -2.0678e+02 4.1245e+01 3.7118e-01 5.0346e+01
3.6399e+01 4.5279e-01 2.6336e-01 1.4711e+02 3.8321e-01 5.2453e-02
35     2.0857    14.0000     0.0000     1.5000     2.6000
2.0526e+02    38.7068     0.0000     0.9315
1.1899e+00 5.5984e+01 -1.1660e+02 3.6503e+01 2.9531e-01 2.8469e+01
3.7877e+01 3.4301e-01 2.0592e-01 1.8063e+02 2.9064e-01 3.5647e-02
36     2.0857    33.0000     0.0000     1.5000     2.6000
3.7844e+02    67.6246     0.0000     1.1823
4.0671e+00 2.6870e+02 -7.5751e+02 5.8976e+02 3.0520e-01 -1.0322e+02
5.9065e+01 4.3344e-01 1.5595e-01 2.3650e+02 3.1457e-01 4.7312e-02
37     2.0857    53.0000     0.0000     1.5000     2.6000
2.1364e+02    60.8450     0.0000     1.0868
3.7669e+00 2.2076e+02 -6.4905e+02 5.2689e+02 2.9671e-01 -1.0105e+02
5.5052e+01 4.2557e-01 1.6684e-01 2.5512e+02 3.0798e-01 3.9250e-02
38     2.0857    72.0000     0.0000     1.5000     2.6000
1.8095e+02    57.3661     0.0000     0.9315
8.3761e+00 1.4368e+02 -6.9177e+02 8.0412e+02 2.9167e-01 -2.7517e+02
7.3518e+01 4.3837e-01 1.5136e-01 2.8026e+02 3.0186e-01 3.4655e-02
39     2.0857    91.0000     0.0000     1.5000     2.6000
1.8001e+02    56.5683     0.0000     0.9674
-1.8657e-01 2.8116e+02 -8.5352e+02 7.4212e+02 2.8412e-01 -1.7078e+02
5.7004e+01 4.5273e-01 1.4197e-01 2.7374e+02 2.9565e-01 3.3931e-02
40     2.0857   111.0000     0.0000     1.5000     2.6000
2.2364e+02    58.3282     0.0000     1.0749
3.0957e+00 2.1487e+02 -6.1459e+02 4.9180e+02 2.7988e-01 -9.4019e+01
5.5154e+01 4.2149e-01 1.5124e-01 2.8492e+02 2.9055e-01 3.4169e-02
41     2.0857   130.0000     0.0000     1.5000     2.6000
2.0989e+02    56.7824     0.0000     1.1107
-8.7562e+00 2.1237e+02 -7.7150e+02 7.3569e+02 2.9005e-01 -1.6859e+02
6.9274e+01 4.2713e-01 2.1675e-01 2.4953e+02 2.9565e-01 3.8275e-02
42     2.4286    14.0000     0.0000     1.5000     2.6000
2.1117e+02    57.3903     0.0000     0.9606
1.0443e+01 5.1482e+01 -9.4933e+01 -3.3580e+00 2.4581e-01 3.9631e+01
5.1607e+01 3.2457e-01 1.8363e-01 3.2216e+02 2.3400e-01 3.0103e-02
43     2.4286    33.0000     0.0000     1.5000     2.6000
2.7869e+02    81.5429     0.0000     1.4057
-1.9498e+01 6.4324e+01 -7.7292e+01 3.6549e+01 2.3887e-01 -3.5427e+00
1.0595e+02 3.1346e-01 1.9953e-01 3.7896e+02 2.5037e-01 3.7550e-02
44     2.4286    53.0000     0.0000     1.5000     2.6000
2.0446e+02    73.3066     0.0000     1.0777
-1.3423e+01 2.6768e+02 -6.2462e+02 4.3157e+02 2.5756e-01 -6.0456e+01
6.7383e+01 3.4524e-01 1.9301e-01 4.0410e+02 2.4641e-01 3.1301e-02
45     2.4286    72.0000     0.0000     1.5000     2.6000
2.0526e+02    75.2928     0.0000     1.4057
-1.7655e+01 6.0436e+01 -7.1198e+01 3.1261e+01 2.5123e-01 -2.2939e+00
9.6957e+01 3.3878e-01 1.9910e-01 4.6555e+02 2.4063e-01 2.7630e-02
46     2.4286    91.0000     0.0000     1.5000     2.6000
1.9039e+02    74.4478     0.0000     1.3237
2.5718e+00 1.9985e+02 -4.6456e+02 2.9917e+02 2.3260e-01 -3.6072e+01
6.7238e+01 3.5500e-01 1.5725e-01 4.5903e+02 2.3681e-01 2.7347e-02
47     2.4286   111.0000     0.0000     1.5000     2.6000
2.1057e+02    77.6551     0.0000     1.1831
-8.0814e+00 2.5481e+02 -5.7426e+02 3.7763e+02 2.2099e-01 -4.9146e+01
7.1216e+01 3.4161e-01 1.6960e-01 4.8976e+02 2.3176e-01 2.7417e-02
48     2.4286   130.0000     0.0000     1.5000     2.6000
2.3120e+02    72.5570     0.0000     1.3237
-5.6096e+00 2.3177e+02 -5.3687e+02 3.5861e+02 2.2362e-01 -4.7385e+01
6.5861e+01 3.2968e-01 1.6991e-01 4.0875e+02 2.3426e-01 3.0981e-02
49     2.7714    14.0000     0.0000     1.5000     2.6000
1.9091e+02    76.7637     0.0000     1.2519
2.9654e+01 -5.5789e+01 5.1378e+01 -3.1052e+01 2.0153e-01 7.1680e+00
8.5958e+01 3.5421e-01 1.6637e-01 4.6089e+02 1.9110e-01 2.4971e-02
50     2.7714    33.0000     0.0000     1.5000     2.6000
2.8753e+02   100.3222     0.0000     1.0452
7.0960e+00 2.2945e+02 -4.7642e+02 2.3712e+02 2.1159e-01 3.5289e+00
1.0404e+02 3.3255e-01 1.4407e-01 5.6424e+02 2.0035e-01 2.8396e-02
51     2.7714    53.0000     0.0000     1.5000     2.6000
1.9939e+02    96.5156     0.0000     1.3783
9.1956e+00 2.2905e+02 -5.5930e+02 3.6711e+02 2.0948e-01 -4.5050e+01
1.0492e+02 3.6407e-01 1.4444e-01 6.0242e+02 1.9735e-01 2.4316e-02
52     2.7714    72.0000     0.0000     1.5000     2.6000
1.6748e+02    94.4137     0.0000     1.2634
-1.9054e+01 5.6770e+01 -4.7073e+01 7.1699e+00 1.9456e-01 2.8421e+00
1.3625e+02 3.4758e-01 1.8777e-01 6.9087e+02 1.9336e-01 2.0863e-02
53     2.7714    91.0000     0.0000     1.5000     2.6000
1.4760e+02    95.5456     0.0000     1.2405
-1.8043e+01 7.5848e+01 -5.2958e+01 -1.5829e+01 1.9641e-01 1.2666e+01
1.3337e+02 3.3943e-01 1.8304e-01 6.5642e+02 1.8953e-01 2.1628e-02
54     2.7714   111.0000     0.0000     1.5000     2.6000
1.6857e+02    99.3111     0.0000     1.2175
-1.1933e+01 6.3753e+01 -6.1780e+01 2.9266e+00 1.9697e-01 8.3272e+00
1.3474e+02 3.3994e-01 1.7542e-01 6.9273e+02 1.8726e-01 2.2939e-02
55     2.7714   130.0000     0.0000     1.5000     2.6000
2.0628e+02    95.7505     0.0000     1.3668
-2.1409e+00 2.8725e+02 -6.5613e+02 4.2218e+02 1.9937e-01 -5.0715e+01
9.6818e+01 3.3673e-01 1.5723e-01 6.0894e+02 1.8758e-01 2.4793e-02
56     3.1143    14.0000     0.0000     1.5000     2.6000
1.4624e+02    99.4355     0.0000     1.3509
1.7284e+01 -2.6601e+01 1.2263e+01 -1.0003e+00 1.6501e-01 -1.0955e-01
1.2853e+02 3.6205e-01 1.8892e-01 6.2290e+02 1.5522e-01 2.0426e-02
57     3.1143    33.0000     0.0000     1.5000     2.6000
1.7160e+02   121.6495     0.0000     1.3509
-1.9963e+01 -1.3920e+02 3.7917e+02 -2.4847e+02 1.5529e-01 2.8757e+01
2.0679e+02 3.4924e-01 1.9854e-01 7.9702e+02 1.6050e-01 2.1412e-02
58     3.1143    53.0000     0.0000     1.5000     2.6000
1.4431e+02   121.1789     0.0000     1.3058
-3.1742e+01 -1.0638e+02 3.4415e+02 -2.3460e+02 1.6908e-01 2.8176e+01
2.1491e+02 3.6166e-01 2.0235e-01 9.3910e+02 1.5860e-01 1.7008e-02
59     3.1143    72.0000     0.0000     1.5000     2.6000
1.5390e+02   116.1558     0.0000     1.0919
-2.3486e+01 -1.7021e+02 4.9937e+02 -3.6589e+02 1.6670e-01 5.9529e+01
2.0399e+02 3.7679e-01 2.0094e-01 9.4814e+02 1.5656e-01 1.6884e-02
60     3.1143    91.0000     0.0000     1.5000     2.6000
1.4439e+02   113.9824     0.0000     1.3396
-3.4517e+01 -6.8815e+01 2.6032e+02 -1.7814e+02 1.6417e-01 2.0535e+01
1.9270e+02 3.7011e-01 2.0809e-01 8.7496e+02 1.5286e-01 1.8302e-02
61     3.1143   111.0000     0.0000     1.5000     2.6000
1.1770e+02   123.5124     0.0000     1.3509
-2.8204e+01 -1.1620e+02 3.4905e+02 -2.3236e+02 1.4031e-01 2.7160e+01
2.0649e+02 3.7039e-01 2.0622e-01 9.2365e+02 1.5114e-01 1.8902e-02
62     3.1143   130.0000     0.0000     1.5000     2.6000
1.1753e+02   122.8662     0.0000     1.1820
-2.7489e+01 6.1554e-01 1.9956e+01 2.1850e+01 1.4167e-01 -1.5789e+01
1.9252e+02 3.5290e-01 2.1262e-01 8.8826e+02 1.5241e-01 1.9207e-02
63     3.4571    14.0000     0.0000     1.5000     2.6000
1.5053e+02   123.0120     0.0000     1.2793
1.1448e+01 -1.1378e+02 1.5578e+02 -4.9755e+01 1.1642e-01 -4.8385e+00
1.8717e+02 3.8358e-01 2.1061e-01 8.5940e+02 1.2490e-01 1.5833e-02
64     3.4571    33.0000     0.0000     1.5000     2.6000
1.6717e+02   147.9092     0.0000     1.2793
-1.4410e+01 -5.0485e+01 8.6480e+01 -1.1125e+01 1.3433e-01 -1.1657e+01
2.3407e+02 3.7614e-01 2.0444e-01 1.1378e+03 1.3040e-01 1.6539e-02
65     3.4571    53.0000     0.0000     1.5000     2.6000
2.6359e+02   148.8349     0.0000     1.2021
-2.4313e+01 -1.2095e+02 1.2950e+02 6.2094e+01 1.1682e-01 -5.0136e+01
2.6088e+02 4.0543e-01 2.0920e-01 1.3324e+03 1.2766e-01 1.4974e-02
66     3.4571    72.0000     0.0000     1.5000     2.6000
2.3153e+02   142.9264     0.0000     1.1690
-3.8107e+01 -6.0158e+01 4.4884e+01 1.0275e+02 1.2863e-01 -5.3710e+01
2.5248e+02 4.0805e-01 2.1320e-01 1.3192e+03 1.2615e-01 1.4621e-02
67     3.4571    91.0000     0.0000     1.5000     2.6000
2.4303e+02   144.5763     0.0000     1.2573
-3.5568e+01 -6.4329e+01 9.1644e+01 3.7097e+01 1.2632e-01 -3.3186e+01
2.4901e+02 4.0365e-01 2.1152e-01 1.3711e+03 1.2332e-01 1.4467e-02
68     3.4571   111.0000     0.0000     1.5000     2.6000
1.6667e+02   148.9810     0.0000     1.1801
-4.4395e+01 1.0668e+01 -1.3151e+02 2.3389e+02 1.1119e-01 -7.4349e+01
2.5088e+02 3.9920e-01 2.2208e-01 1.2757e+03 1.2199e-01 1.6078e-02
69     3.4571   130.0000     0.0000     1.5000     2.6000
1.3962e+02   151.7061     0.0000     1.3014
-1.9813e+01 -6.3576e+01 1.3643e+02 -5.1746e+01 1.1236e-01 -3.8588e+00
2.3820e+02 3.8478e-01 2.0809e-01 1.1937e+03 1.2337e-01 1.7045e-02
70     3.8000    14.0000     0.0000     1.5000     2.6000
2.0166e+02   146.0477     0.0000     1.2744
-1.6407e+01 -6.2890e+01 4.5833e+01 5.9270e+01 1.1260e-01 -2.9964e+01
2.4191e+02 3.6221e-01 2.2663e-01 1.1369e+03 1.0212e-01 1.3609e-02
71     3.8000    33.0000     0.0000     1.5000     2.6000
2.1759e+02   181.8025     0.0000     1.2960
-7.5702e+01 1.2713e+01 1.1942e+02 -5.2166e+01 1.1085e-01 -7.8259e+00
3.2487e+02 3.4242e-01 2.2331e-01 1.6136e+03 1.0438e-01 1.3601e-02
72     3.8000    53.0000     0.0000     1.5000     2.6000
2.8407e+02   183.8771     0.0000     1.0692
-6.1796e+01 2.2234e+01 2.3147e+01 1.9888e+01 1.0842e-01 -7.0385e+00
3.1389e+02 3.8154e-01 2.1355e-01 1.9637e+03 1.0301e-01 1.2460e-02
73     3.8000    72.0000     0.0000     1.5000     2.6000
3.1357e+02   173.6907     0.0000     1.1664
-5.7130e+01 -3.6168e+01 5.9502e+01 7.6645e+01 1.1306e-01 -4.7780e+01
3.0541e+02 3.9056e-01 2.1514e-01 1.9542e+03 1.0218e-01 1.2052e-02
74     3.8000    91.0000     0.0000     1.5000     2.6000
3.0096e+02   174.2602     0.0000     1.2960
-6.3963e+01 2.0907e+01 8.3453e+01 -3.8892e+01 1.0834e-01 -5.1526e+00
2.9165e+02 3.7748e-01 2.1395e-01 1.9433e+03 9.9738e-02 1.2345e-02
75     3.8000   111.0000     0.0000     1.5000     2.6000
2.5554e+02   183.4878     0.0000     1.1556
-6.2657e+01 2.2366e+02 -5.6564e+02 5.1138e+02 9.5082e-02 -1.1123e+02
2.8286e+02 3.8747e-01 2.1986e-01 1.8461e+03 9.8613e-02 1.3802e-02
76     3.8000   130.0000     0.0000     1.5000     2.6000
1.2582e+02   182.2481     0.0000     0.9396
-4.3441e+01 2.9524e+02 -2.2504e+02 -2.8888e+02 9.9899e-02 2.7099e+02
2.2831e+02 3.5754e-01 2.2435e-01 1.6294e+03 9.9467e-02 1.4569e-02
77     4.1429    14.0000     0.0000     1.5000     2.6000
2.1201e+02   176.4282     0.0000     1.0889
-6.2991e+00 -4.0864e+02 1.0566e+03 -7.6058e+02 9.1848e-02 1.1866e+02
3.1979e+02 3.5292e-01 2.0597e-01 1.6238e+03 8.2519e-02 1.1605e-02
78     4.1429    33.0000     0.0000     1.5000     2.6000
1.8012e+02   213.9482     0.0000     1.1840
-1.9142e+01 1.6583e+01 6.1718e+00 5.8714e-01 7.4596e-02 -3.8006e+00
3.4499e+02 3.6817e-01 1.8807e-01 2.1047e+03 8.4617e-02 1.2216e-02
79     4.1429    53.0000     0.0000     1.5000     2.6000
2.7181e+02   221.8351     0.0000     1.1311
-7.7754e+01 -2.3628e+01 8.6722e+01 6.7571e+01 8.0193e-02 -5.6444e+01
4.0176e+02 3.7820e-01 2.0955e-01 2.6012e+03 8.3503e-02 1.0979e-02
80     4.1429    72.0000     0.0000     1.5000     2.6000
3.7568e+02   212.3519     0.0000     1.0360
-5.7653e+01 4.4949e+01 2.6586e+02 -3.7492e+02 7.1887e-02 1.2045e+02
3.4169e+02 3.7981e-01 1.9431e-01 2.7347e+03 8.2326e-02 1.0271e-02
81     4.1429    91.0000     0.0000     1.5000     2.6000
3.3886e+02   209.3678     0.0000     1.1734
-6.5420e+01 3.4877e+01 3.0432e+01 1.9293e+01 7.6871e-02 -2.1364e+01
3.5370e+02 3.8109e-01 2.0270e-01 2.6114e+03 8.0689e-02 1.0930e-02
82     4.1429   111.0000     0.0000     1.5000     2.6000
2.4178e+02   219.2062     0.0000     1.0466
-3.8301e+01 2.3601e+02 -7.5179e+01 -3.0405e+02 7.1831e-02 1.8289e+02
2.9556e+02 3.7637e-01 1.8570e-01 2.4916e+03 7.9648e-02 1.2052e-02
83     4.1429   130.0000     0.0000     1.5000     2.6000
1.7713e+02   223.6888     0.0000     1.0994
-2.3212e+01 -1.5666e+02 4.1392e+02 -2.6942e+02 7.3019e-02 3.4495e+01
3.6346e+02 3.7223e-01 1.9782e-01 2.3305e+03 8.0292e-02 1.2660e-02
84     4.4857    14.0000     0.0000     1.5000     2.6000
3.2989e+02   203.4302     0.0000     1.1067
7.6805e+01 -1.7891e+01 -5.7016e+01 -6.5585e+01 5.6490e-02 6.3634e+01
2.6334e+02 3.8121e-01 1.6500e-01 2.1470e+03 6.6886e-02 9.7479e-03
85     4.4857    33.0000     0.0000     1.5000     2.6000
3.2214e+02   252.2321     0.0000     1.0239
2.6682e+01 4.0456e+02 -6.0336e+02 1.3086e+01 6.7065e-02 1.5983e+02
3.2419e+02 3.7665e-01 1.4790e-01 2.8575e+03 6.8142e-02 1.0457e-02
86     4.4857    53.0000     0.0000     1.5000     2.6000
3.6396e+02   261.4978     0.0000     1.0033
-2.2613e+01 5.7549e+02 -8.9499e+02 2.4404e+02 5.6646e-02 9.8872e+01
3.3269e+02 3.7893e-01 1.6199e-01 3.5042e+03 6.7022e-02 9.4970e-03
87     4.4857    72.0000     0.0000     1.5000     2.6000
4.9596e+02   252.9153     0.0000     0.9826
-2.3261e+01 4.6425e+02 -4.9454e+02 -1.4240e+02 7.6329e-02 1.9605e+02
3.1901e+02 3.8220e-01 1.6195e-01 3.7312e+03 6.6287e-02 8.9285e-03
88     4.4857    91.0000     0.0000     1.5000     2.6000
4.6354e+02   251.4081     0.0000     1.0136
-1.7059e+01 6.3260e+02 -1.2835e+03 7.2047e+02 7.5021e-02 -5.1672e+01
3.1208e+02 3.9660e-01 1.5762e-01 3.7812e+03 6.4990e-02 9.0641e-03
89     4.4857   111.0000     0.0000     1.5000     2.6000
3.7998e+02   259.1904     0.0000     1.0033
-1.8106e+01 5.9833e+02 -1.1240e+03 5.4360e+02 7.4025e-02 -2.6032e-02
3.1691e+02 3.9138e-01 1.6363e-01 3.4957e+03 6.4013e-02 1.0042e-02
90     4.4857   130.0000     0.0000     1.5000     2.6000
2.1384e+02   261.6377     0.0000     1.0963
2.3765e+01 4.7369e+02 -9.7127e+02 4.5926e+02 6.5978e-02 1.4861e+01
3.1871e+02 3.8729e-01 1.5743e-01 2.8445e+03 6.4166e-02 1.1562e-02
91     4.8286    14.0000     0.0000     1.5000     2.6000
3.8319e+02   214.7770     0.0000     0.9406
5.5152e+01 -2.8216e+02 -5.3106e+02 1.3314e+03 5.9886e-02 -5.9240e+02
3.8805e+02 3.9774e-01 1.9480e-01 2.8116e+03 5.3965e-02 8.1982e-03
92     4.8286    33.0000     0.0000     1.5000     2.6000
3.5836e+02   271.4257     0.0000     0.9609
2.0153e+01 6.9012e+02 -1.8216e+03 1.3269e+03 4.4877e-02 -2.1962e+02
3.5077e+02 4.0119e-01 1.6060e-01 3.4413e+03 5.4865e-02 9.0306e-03
93     4.8286    53.0000     0.0000     1.5000     2.6000
3.9620e+02   287.2221     0.0000     0.9609
-1.3945e+01 1.3602e+03 -4.2436e+03 3.7717e+03 4.6300e-02 -8.8440e+02
3.5726e+02 4.3643e-01 1.6699e-01 4.5168e+03 5.4381e-02 8.0415e-03
94     4.8286    72.0000     0.0000     1.5000     2.6000
5.2257e+02   273.3989     0.0000     0.9710
-2.3132e+01 1.1504e+03 -3.3640e+03 2.8678e+03 6.1119e-02 -6.3696e+02
3.3298e+02 4.3614e-01 1.6803e-01 4.8323e+03 5.3637e-02 7.6197e-03
95     4.8286    91.0000     0.0000     1.5000     2.6000
5.2705e+02   265.4857     0.0000     0.9710
-5.2096e+01 7.4588e+02 -3.4744e+03 3.9218e+03 6.1171e-02 -1.1594e+03
4.5759e+02 4.2919e-01 2.0084e-01 4.5507e+03 5.2475e-02 7.8270e-03
96     4.8286   111.0000     0.0000     1.5000     2.6000
4.9368e+02   271.6311     0.0000     0.9811
-1.3668e+01 1.3383e+03 -4.2430e+03 3.8154e+03 6.1484e-02 -9.0321e+02
3.2028e+02 4.4300e-01 1.7006e-01 4.3659e+03 5.1512e-02 8.3445e-03
97     4.8286   130.0000     0.0000     1.5000     2.6000
3.0700e+02   276.1591     0.0000     0.9507
6.1834e+00 9.5305e+02 -3.6463e+03 3.6804e+03 6.0958e-02 -1.0097e+03
3.8978e+02 4.2699e-01 1.7706e-01 3.3881e+03 5.1367e-02 1.0034e-02
8
0     0.3714    14.0000     0.0000     1.5000     2.6000
1.2591e-08     1.5412     0.0000     1.5703
9.9791e-01 2.1327e-02 -6.6460e-02 5.2177e-02 4.7832e-02 -5.4835e-02
0.0000e+00 0.0000e+00 0.0000e+00 0.0000e+00 0.0000e+00 0.0000e+00
1     0.3714    33.0000     0.0000     1.5000     2.6000
3.1355e+00     1.9374     0.0000     1.5703
1.2469e-01 1.5053e+01 -6.3296e+01 1.0804e+02 -8.0627e+01 2.1854e+01
0.0000e+00 0.0000e+00 0.0000e+00 0.0000e+00 0.0000e+00 0.0000e+00
2     0.3714    53.0000     0.0000     1.5000     2.6000
1.5521e+01     1.8808     0.0000     1.5703
7.3334e-01 4.7511e+00 -1.2229e+01 1.4615e+01 -8.7140e+00 2.0329e+00
0.0000e+00 0.0000e+00 0.0000e+00 0.0000e+00 0.0000e+00 0.0000e+00
3     0.3714    72.0000     0.0000     1.5000     2.6000
1.4377e+01     2.0480     0.0000     1.5703
2.6176e+00 -1.1618e+01 2.9492e+01 -2.8880e+01 1.0940e+01 -1.1184e+00
0.0000e+00 0.0000e+00 0.0000e+00 0.0000e+00 0.0000e+00 0.0000e+00
4     0.3714    91.0000     0.0000     1.5000     2.6000
1.3682e+01     1.9392     0.0000     1.5703
1.7305e+00 -6.7482e+00 2.2176e+01 -2.7135e+01 1.3399e+01 -2.1693e+00
0.0000e+00 0.0000e+00 0.0000e+00 0.0000e+00 0.0000e+00 0.0000e+00
5     0.3714   111.0000     0.0000     1.5000     2.6000
1.7736e+01     1.9771     0.0000     1.5703
8.2386e-01 7.3765e+00 -2.5147e+01 3.5250e+01 -2.2200e+01 5.1444e+00
0.0000e+00 0.0000e+00 0.0000e+00 0.0000e+00 0.0000e+00 0.0000e+00
6     0.3714   130.0000     0.0000     1.5000     2.6000
1.2413e+01     1.8984     0.0000     1.5703
1.2888e+00 -3.6075e+00 2.1068e+01 -3.8593e+01 2.8107e+01 -7.1547e+00
0.0000e+00 0.0000e+00 0.0000e+00 0.0000e+00 0.0000e+00 0.0000e+00
7     0.7143    14.0000     0.0000     1.5000     2.6000
5.8911e-07     1.5420     0.0000     1.5429
9.9898e-01 1.1585e-02 -2.7824e-02 1.4310e-02 1.2697e-02 -9.5784e-03
0.0000e+00 0.0000e+00 0.0000e+00 0.0000e+00 0.0000e+00 0.0000e+00
8     0.7143    33.0000     0.0000     1.5000     2.6000
1.8026e+01     1.9654     0.0000     1.5429
6.7990e-01 8.5949e+00 -2.2608e+01 2.2502e+01 -9.4468e+00 1.3366e+00
0.0000e+00 0.0000e+00 0.0000e+00 0.0000e+00 0.0000e+00 0.0000e+00
9     0.7143    53.0000     0.0000     1.5000     2.6000
5.7592e+01     2.5816     0.0000     1.5429
4.3222e-01 1.3906e+01 -4.0524e+01 5.2456e+01 -3.1889e+01 7.3049e+00
0.0000e+00 0.0000e+00 0.0000e+00 0.0000e+00 0.0000e+00 0.0000e+00
10     0.7143    72.0000     0.0000     1.5000     2.6000
4.4962e+01     2.8390     0.0000     1.5429
1.0953e+00 4.0341e-01 1.3811e+01 -2.1948e+01 8.5717e+00 -6.0088e-02
0.0000e+00 0.0000e+00 0.0000e+00 0.0000e+00 0.0000e+00 0.0000e+00
11     0.7143    91.0000     0.0000     1.5000     2.6000
4.9334e+01     2.6408     0.0000     1.5429
8.7226e-01 3.4406e+00 -8.4989e+00 2.1250e+01 -2.2019e+01 7.1181e+00
0.0000e+00 0.0000e+00 0.0000e+00 0.0000e+00 0.0000e+00 0.0000e+00
12     0.7143   111.0000     0.0000     1.5000     2.6000
4.2255e+01     2.4728     0.0000     1.5429
6.4181e-01 9.5049e+00 -3.1469e+01 5.0548e+01 -3.7043e+01 9.7225e+00
0.0000e+00 0.0000e+00 0.0000e+00 0.0000e+00 0.0000e+00 0.0000e+00
13     0.7143   130.0000     0.0000     1.5000     2.6000
3.8197e+01     2.5568     0.0000     1.5429
1.3895e+00 -1.9428e+00 1.5158e+01 -2.3737e+01 1.3669e+01 -2.7156e+00
0.0000e+00 0.0000e+00 0.0000e+00 0.0000e+00 0.0000e+00 0.0000e+00
14     1.0571    14.0000     0.0000     1.5000     2.6000
6.2582e+00     1.5981     0.0000     1.5154
1.0689e+00 -1.8863e+00 1.1713e+01 -2.2521e+01 1.7752e+01 -5.0166e+00
0.0000e+00 0.0000e+00 0.0000e+00 0.0000e+00 0.0000e+00 0.0000e+00
15     1.0571    33.0000     0.0000     1.5000     2.6000
6.7155e+01     3.1482     0.0000     1.5154
1.7360e+00 -3.6535e+00 5.7144e+01 -1.2973e+02 1.0377e+02 -2.7943e+01
0.0000e+00 0.0000e+00 0.0000e+00 0.0000e+00 0.0000e+00 0.0000e+00
16     1.0571    53.0000     0.0000     1.5000     2.6000
9.1724e+01     4.2656     0.0000     1.5154
2.7591e+00 -2.6593e+01 1.3416e+02 -2.0585e+02 1.2526e+02 -2.6662e+01
0.0000e+00 0.0000e+00 0.0000e+00 0.0000e+00 0.0000e+00 0.0000e+00
17     1.0571    72.0000     0.0000     1.5000     2.6000
7.5952e+01     4.6244     0.0000     1.5154
3.0291e+00 -3.6682e+01 1.8837e+02 -3.0284e+02 1.9634e+02 -4.5037e+01
0.0000e+00 0.0000e+00 0.0000e+00 0.0000e+00 0.0000e+00 0.0000e+00
18     1.0571    91.0000     0.0000     1.5000     2.6000
7.6948e+01     4.3838     0.0000     1.5154
2.2836e+00 -2.3987e+01 1.1862e+02 -1.7106e+02 9.6893e+01 -1.9064e+01
0.0000e+00 0.0000e+00 0.0000e+00 0.0000e+00 0.0000e+00 0.0000e+00
19     1.0571   111.0000     0.0000     1.5000     2.6000
7.9963e+01     3.7535     0.0000     1.5154
1.3939e+00 -8.3398e+00 5.3292e+01 -7.4820e+01 3.7140e+01 -5.6084e+00
0.0000e+00 0.0000e+00 0.0000e+00 0.0000e+00 0.0000e+00 0.0000e+00
20     1.0571   130.0000     0.0000     1.5000     2.6000
5.7244e+01     3.6921     0.0000     1.5154
2.3882e+00 -1.8309e+01 8.9913e+01 -1.2651e+02 6.6385e+01 -1.1154e+01
0.0000e+00 0.0000e+00 0.0000e+00 0.0000e+00 0.0000e+00 0.0000e+00
21     1.4000    14.0000     0.0000     1.5000     2.6000
2.7829e+01     2.1305     0.0000     1.4880
7.5929e-01 1.1869e+01 -5.1490e+01 9.2564e+01 -7.3168e+01 2.0845e+01
0.0000e+00 0.0000e+00 0.0000e+00 0.0000e+00 0.0000e+00 0.0000e+00
22     1.4000    33.0000     0.0000     1.5000     2.6000
1.3955e+02     5.0725     0.0000     1.4880
6.6462e+00 -5.7449e+01 2.5497e+02 -4.0760e+02 2.6991e+02 -6.3823e+01
0.0000e+00 0.0000e+00 0.0000e+00 0.0000e+00 0.0000e+00 0.0000e+00
23     1.4000    53.0000     0.0000     1.5000     2.6000
1.0101e+02     6.5033     0.0000     1.4880
2.2933e+00 -2.5768e+01 1.9912e+02 -3.5749e+02 2.4305e+02 -5.7212e+01
0.0000e+00 0.0000e+00 0.0000e+00 0.0000e+00 0.0000e+00 0.0000e+00
24     1.4000    72.0000     0.0000     1.5000     2.6000
9.5360e+01     6.0786     0.0000     1.4880
2.8391e+00 -3.7450e+01 1.8755e+02 -2.5872e+02 1.3298e+02 -2.1876e+01
0.0000e+00 0.0000e+00 0.0000e+00 0.0000e+00 0.0000e+00 0.0000e+00
25     1.4000    91.0000     0.0000     1.5000     2.6000
1.2449e+02     6.3582     0.0000     1.4880
3.6139e+00 -4.3196e+01 2.0850e+02 -2.9110e+02 1.5525e+02 -2.7585e+01
0.0000e+00 0.0000e+00 0.0000e+00 0.0000e+00 0.0000e+00 0.0000e+00
26     1.4000   111.0000     0.0000     1.5000     2.6000
1.1206e+02     5.7869     0.0000     1.4880
4.1227e+00 -4.7555e+01 2.3320e+02 -3.6237e+02 2.2858e+02 -5.1500e+01
0.0000e+00 0.0000e+00 0.0000e+00 0.0000e+00 0.0000e+00 0.0000e+00
27     1.4000   130.0000     0.0000     1.5000     2.6000
1.1072e+02     5.5096     0.0000     1.4880
2.4833e+00 -2.7935e+01 1.8063e+02 -3.0657e+02 2.0087e+02 -4.5849e+01
0.0000e+00 0.0000e+00 0.0000e+00 0.0000e+00 0.0000e+00 0.0000e+00
28     1.7429    14.0000     0.0000     1.5000     2.6000
9.2549e+01     3.7526     0.0000     1.4606
1.2035e+00 1.7142e+01 -3.4981e+01 2.9694e+01 -1.4716e+01 3.5976e+00
0.0000e+00 0.0000e+00 0.0000e+00 0.0000e+00 0.0000e+00 0.0000e+00
29     1.7429    33.0000     0.0000     1.5000     2.6000
1.0645e+02     9.3409     0.0000     1.4606
2.7398e+00 -1.6320e+01 2.2507e+02 -4.4568e+02 3.1371e+02 -7.4773e+01
0.0000e+00 0.0000e+00 0.0000e+00 0.0000e+00 0.0000e+00 0.0000e+00
30     1.7429    53.0000     0.0000     1.5000     2.6000
1.1516e+02     9.1582     0.0000     1.4606
5.2503e+00 -6.9247e+01 3.8383e+02 -6.1408e+02 3.8456e+02 -8.3972e+01
0.0000e+00 0.0000e+00 0.0000e+00 0.0000e+00 0.0000e+00 0.0000e+00
31     1.7429    72.0000     0.0000     1.5000     2.6000
9.4537e+01     9.6645     0.0000     1.4606
3.1681e+00 -3.8281e+01 2.5240e+02 -3.7991e+02 2.0439e+02 -3.4458e+01
0.0000e+00 0.0000e+00 0.0000e+00 0.0000e+00 0.0000e+00 0.0000e+00
32     1.7429    91.0000     0.0000     1.5000     2.6000
1.2172e+02     8.0043     0.0000     1.4606
3.0094e+00 -3.1745e+01 1.8835e+02 -2.5966e+02 1.2222e+02 -1.5581e+01
0.0000e+00 0.0000e+00 0.0000e+00 0.0000e+00 0.0000e+00 0.0000e+00
33     1.7429   111.0000     0.0000     1.5000     2.6000
1.0418e+02     8.2310     0.0000     1.4606
2.4766e+00 -3.4361e+01 2.4850e+02 -4.1044e+02 2.5195e+02 -5.2407e+01
0.0000e+00 0.0000e+00 0.0000e+00 0.0000e+00 0.0000e+00 0.0000e+00
34     1.7429   130.0000     0.0000     1.5000     2.6000
1.0532e+02     8.5026     0.0000     1.4606
2.5277e+00 -2.5423e+01 2.3632e+02 -4.2883e+02 2.8451e+02 -6.4176e+01
0.0000e+00 0.0000e+00 0.0000e+00 0.0000e+00 0.0000e+00 0.0000e+00
35     2.0857    14.0000     0.0000     1.5000     2.6000
9.1747e+01     7.3938     0.0000     1.4331
1.5729e+00 3.5794e+01 -3.4826e+01 -1.9866e+01 2.0991e+01 -1.3004e+00
0.0000e+00 0.0000e+00 0.0000e+00 0.0000e+00 0.0000e+00 0.0000e+00
36     2.0857    33.0000     0.0000     1.5000     2.6000
1.1736e+02    12.7627     0.0000     1.4331
2.1037e+00 3.4558e-01 3.1251e+02 -7.4294e+02 5.8375e+02 -1.5203e+02
0.0000e+00 0.0000e+00 0.0000e+00 0.0000e+00 0.0000e+00 0.0000e+00
37     2.0857    53.0000     0.0000     1.5000     2.6000
1.0484e+02    12.7031     0.0000     1.4331
4.0473e+00 -8.1565e+01 6.4442e+02 -1.2188e+03 8.7247e+02 -2.1553e+02
0.0000e+00 0.0000e+00 0.0000e+00 0.0000e+00 0.0000e+00 0.0000e+00
38     2.0857    72.0000     0.0000     1.5000     2.6000
1.1112e+02    11.5819     0.0000     1.4331
5.1052e+00 -9.4443e+01 6.7898e+02 -1.2763e+03 9.2064e+02 -2.2998e+02
0.0000e+00 0.0000e+00 0.0000e+00 0.0000e+00 0.0000e+00 0.0000e+00
39     2.0857    91.0000     0.0000     1.5000     2.6000
1.0490e+02    11.5273     0.0000     1.4331
3.9931e+00 -7.1725e+01 5.4620e+02 -1.0073e+03 6.9811e+02 -1.6500e+02
0.0000e+00 0.0000e+00 0.0000e+00 0.0000e+00 0.0000e+00 0.0000e+00
40     2.0857   111.0000     0.0000     1.5000     2.6000
1.1660e+02    11.9087     0.0000     1.4331
6.2283e+00 -1.2173e+02 8.1112e+02 -1.5068e+03 1.0891e+03 -2.7391e+02
0.0000e+00 0.0000e+00 0.0000e+00 0.0000e+00 0.0000e+00 0.0000e+00
41     2.0857   130.0000     0.0000     1.5000     2.6000
1.3294e+02    10.6037     0.0000     1.4331
9.8717e-01 1.0712e+00 2.5171e+02 -5.8316e+02 4.4508e+02 -1.1221e+02
0.0000e+00 0.0000e+00 0.0000e+00 0.0000e+00 0.0000e+00 0.0000e+00
42     2.4286    14.0000     0.0000     1.5000     2.6000
1.0894e+02    11.7146     0.0000     0.9606
4.6709e+00 -2.2182e+01 7.3534e+00 2.9501e+01 2.4092e-01 -1.9382e+01
1.5955e+01 4.6142e-01 1.8156e-01 5.0279e+01 2.4442e-01 3.4190e-02
43     2.4286    33.0000     0.0000     1.5000     2.6000
1.3770e+02    16.1619     0.0000     0.9957
4.4506e+00 -4.3319e+01 6.9803e+01 -2.4496e+01 2.4947e-01 -5.8169e+00
2.6790e+01 4.9748e-01 1.6966e-01 5.3072e+01 2.5659e-01 4.3564e-02
44     2.4286    53.0000     0.0000     1.5000     2.6000
1.1159e+02    15.6542     0.0000     1.0191
1.2573e+00 2.2010e-01 -5.2255e+01 6.9602e+01 2.5298e-01 -1.8422e+01
2.7118e+01 5.3215e-01 1.7698e-01 5.9590e+01 2.6068e-01 3.5689e-02
45     2.4286    72.0000     0.0000     1.5000     2.6000
8.7429e+01    16.2040     0.0000     0.9840
-3.3906e-01 -1.8257e+01 7.3959e+01 -1.1648e+02 2.5458e-01 5.8994e+01
2.6541e+01 5.6215e-01 2.4271e-01 6.4246e+01 2.5669e-01 3.0414e-02
46     2.4286    91.0000     0.0000     1.5000     2.6000
6.7849e+01    16.6990     0.0000     1.1246
1.6587e-01 -3.0759e+01 6.5743e+01 -5.5227e+01 2.6244e-01 1.7254e+01
2.8931e+01 5.3799e-01 2.2333e-01 6.8901e+01 2.4984e-01 2.8777e-02
47     2.4286   111.0000     0.0000     1.5000     2.6000
8.1772e+01    15.2635     0.0000     1.0191
2.0087e+00 3.3428e+00 -5.4494e+01 5.7860e+01 2.5344e-01 -8.6036e+00
2.4200e+01 5.4082e-01 1.9036e-01 6.1452e+01 2.4464e-01 3.3776e-02
48     2.4286   130.0000     0.0000     1.5000     2.6000
8.4524e+01    16.0133     0.0000     1.0074
1.3166e+00 3.0339e+01 -1.7292e+02 2.0718e+02 2.6345e-01 -6.5330e+01
2.5771e+01 5.0099e-01 1.7766e-01 5.4935e+01 2.5117e-01 3.4690e-02
49     2.7714    14.0000     0.0000     1.5000     2.6000
6.2248e+01    16.5964     0.0000     0.9648
9.0926e+00 -5.1823e+01 5.2682e+01 1.1724e+01 1.7891e-01 -2.1386e+01
2.7862e+01 4.1903e-01 1.5940e-01 8.6592e+01 1.8638e-01 2.4862e-02
50     2.7714    33.0000     0.0000     1.5000     2.6000
6.7713e+01    22.4714     0.0000     0.9418
4.6396e+00 -5.0924e+01 8.4997e+01 -2.3064e+01 1.8128e-01 -1.4231e+01
3.7875e+01 4.0258e-01 1.6218e-01 1.0894e+02 1.9176e-01 2.8906e-02
51     2.7714    53.0000     0.0000     1.5000     2.6000
8.5649e+01    21.6451     0.0000     0.9993
8.6220e-01 -7.1497e+01 2.0188e+02 -1.5213e+02 1.7891e-01 2.1486e+01
3.7526e+01 4.0406e-01 1.7590e-01 1.3128e+02 1.8965e-01 2.2156e-02
52     2.7714    72.0000     0.0000     1.5000     2.6000
8.1519e+01    20.4303     0.0000     1.0567
1.7006e+00 -4.3098e+01 1.3926e+02 -1.2693e+02 1.8173e-01 3.0249e+01
3.4631e+01 4.2413e-01 1.5748e-01 1.3355e+02 1.8821e-01 2.0309e-02
53     2.7714    91.0000     0.0000     1.5000     2.6000
7.0694e+01    20.2559     0.0000     0.9303
-9.2856e-01 -7.6546e+01 2.3021e+02 -1.8278e+02 1.9531e-01 2.8230e+01
3.5553e+01 4.0501e-01 1.9145e-01 1.3873e+02 1.8388e-01 1.9821e-02
54     2.7714   111.0000     0.0000     1.5000     2.6000
6.6712e+01    21.8799     0.0000     0.9993
1.2907e+00 -5.7511e+01 1.4314e+02 -1.0268e+02 1.8647e-01 1.6634e+01
3.6630e+01 4.1197e-01 1.8974e-01 1.4060e+02 1.8125e-01 2.0851e-02
55     2.7714   130.0000     0.0000     1.5000     2.6000
8.2242e+01    21.0472     0.0000     0.9074
9.1205e-01 3.9129e+01 -7.8985e+01 5.0604e+01 1.7352e-01 -1.2243e+01
2.5761e+01 4.1618e-01 1.4160e-01 1.3035e+02 1.8374e-01 2.2025e-02
56     3.1143    14.0000     0.0000     1.5000     2.6000
9.6206e+01    19.7379     0.0000     0.8893
2.8112e+00 -2.2595e-01 -1.1696e+02 1.8045e+02 1.5138e-01 -6.3163e+01
3.1755e+01 3.8290e-01 1.9213e-01 1.6853e+02 1.4276e-01 1.6207e-02
57     3.1143    33.0000     0.0000     1.5000     2.6000
1.0180e+02    27.3056     0.0000     0.9343
2.1415e-01 9.5804e+01 -2.7353e+02 2.3039e+02 1.5149e-01 -5.3205e+01
3.2776e+01 4.0784e-01 1.3241e-01 2.2672e+02 1.4789e-01 1.8956e-02
58     3.1143    53.0000     0.0000     1.5000     2.6000
1.0576e+02    26.9324     0.0000     0.9456
-4.7299e-01 1.1815e+02 -5.8653e+02 7.0575e+02 1.5373e-01 -2.4342e+02
4.3173e+01 4.4604e-01 1.5246e-01 3.0074e+02 1.4555e-01 1.5011e-02
59     3.1143    72.0000     0.0000     1.5000     2.6000
7.1200e+01    25.8256     0.0000     0.9569
-3.4576e+00 -3.9158e+01 9.4470e+01 -4.2890e+01 1.5401e-01 -9.1668e+00
4.0976e+01 3.9805e-01 1.8928e-01 3.0825e+02 1.4273e-01 1.3644e-02
60     3.1143    91.0000     0.0000     1.5000     2.6000
9.6200e+01    25.5708     0.0000     0.9231
-1.8682e+00 -4.0879e+01 8.2631e+01 -3.4548e+01 1.3076e-01 -2.4102e+00
4.1886e+01 4.0992e-01 1.7509e-01 2.9836e+02 1.3951e-01 1.5207e-02
61     3.1143   111.0000     0.0000     1.5000     2.6000
6.6802e+01    26.9039     0.0000     0.9794
2.6359e+00 2.8555e+00 -2.9713e+01 4.2196e+01 1.2875e-01 -1.7283e+01
3.4736e+01 4.1565e-01 1.6095e-01 2.7279e+02 1.3855e-01 1.6274e-02
62     3.1143   130.0000     0.0000     1.5000     2.6000
1.0063e+02    27.5458     0.0000     0.9343
1.9401e-01 1.1952e+02 -4.4154e+02 4.4132e+02 1.5018e-01 -1.1963e+02
3.1727e+01 4.3179e-01 1.6412e-01 2.7933e+02 1.3898e-01 1.6314e-02
63     3.4571    14.0000     0.0000     1.5000     2.6000
6.7191e+01    26.1386     0.0000     0.8933
2.9653e+00 -8.2968e+01 2.3945e+02 -2.6281e+02 1.2340e-01 1.1300e+02
4.0919e+01 3.9662e-01 2.4066e-01 2.7577e+02 1.1350e-01 1.2982e-02
64     3.4571    33.0000     0.0000     1.5000     2.6000
7.5069e+01    33.2793     0.0000     0.9595
1.8200e+00 2.6270e+01 -2.6923e+02 3.5956e+02 1.2306e-01 -1.1890e+02
5.5083e+01 4.1451e-01 1.8887e-01 3.6954e+02 1.1640e-01 1.3289e-02
65     3.4571    53.0000     0.0000     1.5000     2.6000
9.2479e+01    32.9484     0.0000     0.9485
-9.5873e+00 -4.3877e+01 1.7805e+02 -1.6482e+02 1.0381e-01 4.1810e+01
5.1411e+01 3.7314e-01 2.0839e-01 4.7175e+02 1.1466e-01 1.1502e-02
66     3.4571    72.0000     0.0000     1.5000     2.6000
6.8557e+01    32.6320     0.0000     0.9374
-9.4637e+00 -6.3202e+01 2.7182e+02 -2.8523e+02 1.0570e-01 8.8692e+01
4.9259e+01 3.7845e-01 2.2290e-01 4.7424e+02 1.1340e-01 1.1381e-02
67     3.4571    91.0000     0.0000     1.5000     2.6000
7.1131e+01    31.9922     0.0110     0.8933
-6.3794e+00 -2.7237e+01 7.3995e+01 -5.5992e+01 1.0155e-01 1.4905e+01
4.8784e+01 4.2498e-01 2.1027e-01 4.5736e+02 1.1071e-01 1.2033e-02
68     3.4571   111.0000     0.0000     1.5000     2.6000
5.8113e+01    34.7380     0.0000     0.9595
-5.7704e+00 1.1677e+00 8.3547e+01 -1.2269e+02 9.9867e-02 4.5222e+01
4.2040e+01 3.8396e-01 2.0734e-01 4.3971e+02 1.0904e-01 1.2835e-02
69     3.4571   130.0000     0.0000     1.5000     2.6000
9.0771e+01    34.8075     0.0000     0.9705
2.2084e+00 2.5969e+01 -1.9868e+02 2.4375e+02 1.2134e-01 -7.2655e+01
5.0487e+01 4.3319e-01 1.8135e-01 4.1805e+02 1.1041e-01 1.3636e-02
70     3.8000    14.0000     0.0000     1.5000     2.6000
9.7353e+01    31.7314     0.0000     0.9720
-8.2773e-01 -2.2404e+01 -2.2022e+01 5.4708e+01 8.2968e-02 -9.0444e+00
5.0507e+01 3.8586e-01 2.4155e-01 3.8786e+02 9.0677e-02 1.0539e-02
71     3.8000    33.0000     0.0000     1.5000     2.6000
9.0223e+01    39.4329     0.0000     0.9396
-3.1853e-01 1.7545e+01 -2.2088e+02 2.8145e+02 1.0300e-01 -7.4987e+01
6.3160e+01 4.1784e-01 2.0475e-01 5.7334e+02 9.2478e-02 1.0600e-02
72     3.8000    53.0000     0.0000     1.5000     2.6000
9.7575e+01    42.4774     0.0000     1.2420
-4.9008e+00 3.2953e+01 -1.8475e+02 2.1203e+02 8.2057e-02 -5.3998e+01
6.5279e+01 4.1972e-01 1.9443e-01 6.7842e+02 9.1265e-02 9.8003e-03
73     3.8000    72.0000     0.0000     1.5000     2.6000
8.3283e+01    41.9346     0.0000     0.9396
-6.3475e+00 3.4779e+01 1.0850e+02 -2.8177e+02 9.3351e-02 1.5215e+02
4.3815e+01 4.0773e-01 2.1405e-01 7.4927e+02 8.9937e-02 9.2107e-03
74     3.8000    91.0000     0.0000     1.5000     2.6000
7.3425e+01    39.4711     0.0000     0.9180
-8.4922e+00 -1.3118e+02 5.2092e+02 -5.4379e+02 8.5024e-02 1.6966e+02
6.2665e+01 3.7625e-01 2.0813e-01 6.6555e+02 8.8597e-02 9.8522e-03
75     3.8000   111.0000     0.0000     1.5000     2.6000
7.4938e+01    43.8744     0.0000     0.9504
-9.7023e+00 -8.0350e+01 3.0330e+02 -3.1249e+02 7.7553e-02 1.0349e+02
6.9566e+01 3.9044e-01 2.1358e-01 6.7055e+02 8.7093e-02 1.0581e-02
76     3.8000   130.0000     0.0000     1.5000     2.6000
8.8419e+01    41.5626     0.0000     0.8856
6.2876e-01 -8.4823e+01 5.6733e+02 -7.6752e+02 8.5663e-02 3.0026e+02
4.4137e+01 3.4997e-01 1.8736e-01 5.7818e+02 8.8043e-02 1.1557e-02
77     4.1429    14.0000     0.0000     1.5000     2.6000
6.1797e+01    37.7462     0.0000     0.8774
7.5872e+00 -2.4162e+02 8.4148e+02 -8.7190e+02 8.2319e-02 2.8312e+02
6.6182e+01 3.1836e-01 1.8914e-01 5.4042e+02 7.3152e-02 9.1527e-03
78     4.1429    33.0000     0.0000     1.5000     2.6000
7.7922e+01    48.4992     0.0000     0.8986
1.2602e+01 -3.6878e+01 3.1359e+02 -4.9677e+02 6.9235e-02 2.2074e+02
5.8840e+01 3.5381e-01 1.3533e-01 7.8911e+02 7.5440e-02 9.0731e-03
79     4.1429    53.0000     0.0000     1.5000     2.6000
6.0014e+01    50.8009     0.0000     0.9303
-4.6946e+00 3.3467e+00 -1.8969e+02 3.0869e+02 8.4177e-02 -1.1814e+02
8.7371e+01 3.9723e-01 1.8293e-01 9.8131e+02 7.4077e-02 8.2059e-03
80     4.1429    72.0000     0.0000     1.5000     2.6000
7.9596e+01    48.9588     0.0000     0.8774
-6.3519e+00 -1.3889e+02 4.5550e+02 -4.2227e+02 6.9709e-02 1.2122e+02
8.7836e+01 3.7390e-01 1.7925e-01 1.0271e+03 7.3478e-02 7.8218e-03
81     4.1429    91.0000     0.0000     1.5000     2.6000
6.5419e+01    50.0124     0.0000     0.9091
-7.7102e+00 -5.3096e+01 9.0191e+01 -1.5404e+01 6.7291e-02 -1.0610e+01
8.5592e+01 3.8421e-01 1.8299e-01 1.0337e+03 7.1848e-02 8.3044e-03
82     4.1429   111.0000     0.0000     1.5000     2.6000
7.8938e+01    50.2749     0.0000     0.9197
-8.9922e+00 6.0317e+00 -1.4292e+02 2.3286e+02 6.1527e-02 -8.6055e+01
8.7082e+01 3.8470e-01 1.8400e-01 9.2630e+02 7.0931e-02 8.9234e-03
83     4.1429   130.0000     0.0000     1.5000     2.6000
1.4494e+02    49.0500     0.0000     0.9303
1.8338e+00 -1.8124e+02 7.0046e+02 -7.3051e+02 7.6381e-02 2.1564e+02
8.1258e+01 3.4596e-01 1.5872e-01 7.9108e+02 7.1233e-02 9.7921e-03
84     4.4857    14.0000     0.0000     1.5000     2.6000
1.1757e+02    44.2976     0.0000     0.8895
1.5690e+01 -2.0134e+02 4.6620e+02 -3.3094e+02 6.9610e-02 5.0434e+01
8.2778e+01 3.5379e-01 1.6289e-01 7.7057e+02 5.9330e-02 7.7502e-03
85     4.4857    33.0000     0.0000     1.5000     2.6000
8.0217e+01    58.4547     0.0000     0.8481
3.4715e+00 -2.3460e+02 7.2328e+02 -6.1834e+02 5.4518e-02 1.2068e+02
1.1611e+02 3.4154e-01 1.5720e-01 1.0020e+03 6.1354e-02 8.0665e-03
86     4.4857    53.0000     0.0000     1.5000     2.6000
8.3684e+01    60.2864     0.0000     0.8585
-5.8342e+00 -3.0505e+02 1.2072e+03 -1.2937e+03 7.0383e-02 4.2733e+02
1.1278e+02 3.3701e-01 1.6839e-01 1.3060e+03 6.0281e-02 7.2704e-03
87     4.4857    72.0000     0.0000     1.5000     2.6000
6.8383e+01    57.2443     0.0000     0.9205
-1.1409e+01 -1.2735e+02 3.8580e+02 -2.9873e+02 5.0595e-02 5.4088e+01
1.0964e+02 3.6290e-01 1.7272e-01 1.2678e+03 5.9866e-02 7.2156e-03
88     4.4857    91.0000     0.0000     1.5000     2.6000
7.0112e+01    58.4508     0.0000     0.9309
-7.0171e+00 -3.9378e+01 7.4444e+01 -3.7796e+00 5.0093e-02 -2.4310e+01
9.9833e+01 3.6754e-01 1.6608e-01 1.3498e+03 5.8471e-02 7.2056e-03
89     4.4857   111.0000     0.0000     1.5000     2.6000
9.1845e+01    59.7493     0.0000     0.8998
-5.9652e+00 -2.4081e+02 8.8221e+02 -8.6723e+02 6.0281e-02 2.3994e+02
1.1066e+02 3.4904e-01 1.6450e-01 1.2027e+03 5.7727e-02 8.0992e-03
90     4.4857   130.0000     0.0000     1.5000     2.6000
1.0142e+02    60.2115     0.0000     0.8998
1.6175e+00 -1.2826e+02 4.7422e+02 -4.8293e+02 5.9361e-02 1.4004e+02
9.9413e+01 3.4869e-01 1.6013e-01 9.8731e+02 5.7499e-02 9.2785e-03
91     4.8286    14.0000     0.0000     1.5000     2.6000
1.0454e+02    47.8646     0.0000     0.8901
9.4878e+00 -2.5908e+02 8.0884e+02 -7.7146e+02 3.9412e-02 2.2760e+02
9.1509e+01 3.3817e-01 1.6686e-01 9.7374e+02 4.8314e-02 6.8291e-03
92     4.8286    33.0000     0.0000     1.5000     2.6000
8.9851e+01    60.9331     0.0000     0.9103
-7.5472e-01 -2.3905e+02 7.9121e+02 -7.2998e+02 4.1075e-02 1.8314e+02
1.2396e+02 3.3272e-01 1.5805e-01 1.1846e+03 5.0064e-02 7.2144e-03
93     4.8286    53.0000     0.0000     1.5000     2.6000
7.9228e+01    65.2119     0.0000     0.8901
-6.6980e+00 7.1743e+01 -3.0150e+02 3.6642e+02 4.5010e-02 -1.3687e+02
1.0917e+02 3.6884e-01 1.5609e-01 1.5208e+03 4.9385e-02 6.6002e-03
94     4.8286    72.0000     0.0000     1.5000     2.6000
9.1891e+01    62.0636     0.0000     0.9002
-1.0184e+01 -1.7522e+01 -1.4901e+02 3.3917e+02 3.9234e-02 -1.6910e+02
1.1698e+02 3.7269e-01 1.6927e-01 1.6528e+03 4.8969e-02 6.0279e-03
95     4.8286    91.0000     0.0000     1.5000     2.6000
1.1089e+02    61.4388     0.0000     0.9103
-1.1471e+01 -1.0910e+02 2.9312e+02 -1.8781e+02 5.6330e-02 1.6661e+01
1.1623e+02 3.6133e-01 1.7082e-01 1.5480e+03 4.7682e-02 6.4826e-03
96     4.8286   111.0000     0.0000     1.5000     2.6000
9.4805e+01    63.2021     0.0000     0.8901
-1.5907e+00 1.4164e+02 -2.3971e+02 3.7921e+01 5.6767e-02 7.2054e+01
8.1143e+01 3.6815e-01 1.3687e-01 1.4170e+03 4.6890e-02 7.0925e-03
97     4.8286   130.0000     0.0000     1.5000     2.6000
9.2130e+01    62.2511     0.0000     0.9002
-5.7615e+00 -2.5401e+02 9.3271e+02 -9.1612e+02 3.8639e-02 2.5008e+02
1.2293e+02 3.3574e-01 1.6499e-01 1.0392e+03 4.6757e-02 8.4498e-03
9
0     0.3714    14.0000     0.0000     1.5000     2.6000
1.5589e+00     1.8028     0.0000     1.5703
1.2814e+00 -2.9808e+00 1.1271e+01 -1.9068e+01 1.4859e+01 -4.1906e+00
0.0000e+00 0.0000e+00 0.0000e+00 0.0000e+00 0.0000e+00 0.0000e+00
1     0.3714    33.0000     0.0000     1.5000     2.6000
4.5393e+00     1.7817     0.0000     1.5703
2.6283e+00 -1.3033e+01 3.3624e+01 -3.7011e+01 1.8457e+01 -3.4661e+00
0.0000e+00 0.0000e+00 0.0000e+00 0.0000e+00 0.0000e+00 0.0000e+00
2     0.3714    53.0000     0.0000     1.5000     2.6000
1.0752e+01     1.9697     0.0000     1.5703
2.1924e+00 -7.6260e+00 1.8782e+01 -2.1303e+01 1.1975e+01 -2.7204e+00
0.0000e+00 0.0000e+00 0.0000e+00 0.0000e+00 0.0000e+00 0.0000e+00
3     0.3714    72.0000     0.0000     1.5000     2.6000
1.1880e+01     2.1137     0.0000     1.5703
1.9322e+00 -1.7486e+00 -9.9691e+00 3.4598e+01 -3.3173e+01 9.9471e+00
0.0000e+00 0.0000e+00 0.0000e+00 0.0000e+00 0.0000e+00 0.0000e+00
4     0.3714    91.0000     0.0000     1.5000     2.6000
9.8273e+00     1.9065     0.0000     1.5703
1.7018e+00 -2.6779e+00 1.6051e+00 5.3812e+00 -6.7089e+00 2.0391e+00
0.0000e+00 0.0000e+00 0.0000e+00 0.0000e+00 0.0000e+00 0.0000e+00
5     0.3714   111.0000     0.0000     1.5000     2.6000
1.1170e+01     1.9374     0.0000     1.5703
2.2546e+00 -9.5485e+00 2.7749e+01 -3.6031e+01 2.1695e+01 -4.9237e+00
0.0000e+00 0.0000e+00 0.0000e+00 0.0000e+00 0.0000e+00 0.0000e+00
6     0.3714   130.0000     0.0000     1.5000     2.6000
9.5596e+00     1.8115     0.0000     1.5703
1.3370e+00 -6.7726e-01 -3.6553e-01 3.3549e+00 -3.6510e+00 1.1569e+00
0.0000e+00 0.0000e+00 0.0000e+00 0.0000e+00 0.0000e+00 0.0000e+00
7     0.7143    14.0000     0.0000     1.5000     2.6000
2.0201e+00     1.6934     0.0000     1.5429
1.3333e+00 -3.0586e+00 8.5444e+00 -8.6716e+00 3.5008e+00 -4.5388e-01
0.0000e+00 0.0000e+00 0.0000e+00 0.0000e+00 0.0000e+00 0.0000e+00
8     0.7143    33.0000     0.0000     1.5000     2.6000
1.8722e+01     2.2225     0.0000     1.5429
2.8567e+00 -1.8815e+01 7.7621e+01 -1.2564e+02 8.6175e+01 -2.1136e+01
0.0000e+00 0.0000e+00 0.0000e+00 0.0000e+00 0.0000e+00 0.0000e+00
9     0.7143    53.0000     0.0000     1.5000     2.6000
3.9330e+01     2.4828     0.0000     1.5429
2.4865e+00 -1.2325e+01 4.5148e+01 -6.2801e+01 3.7175e+01 -8.0031e+00
0.0000e+00 0.0000e+00 0.0000e+00 0.0000e+00 0.0000e+00 0.0000e+00
10     0.7143    72.0000     0.0000     1.5000     2.6000
3.2522e+01     2.3871     0.0000     1.5429
2.6126e+00 2.3319e+00 -2.8764e+01 5.6947e+01 -4.3098e+01 1.1334e+01
0.0000e+00 0.0000e+00 0.0000e+00 0.0000e+00 0.0000e+00 0.0000e+00
11     0.7143    91.0000     0.0000     1.5000     2.6000
5.7812e+01     2.4460     0.0000     1.5429
3.5444e+00 -1.6407e+01 4.9449e+01 -6.8369e+01 4.3501e+01 -1.0338e+01
0.0000e+00 0.0000e+00 0.0000e+00 0.0000e+00 0.0000e+00 0.0000e+00
12     0.7143   111.0000     0.0000     1.5000     2.6000
4.7954e+01     2.4246     0.0000     1.5429
1.8949e+00 -1.6251e+00 6.8389e+00 -1.0307e+01 5.4330e+00 -8.1636e-01
0.0000e+00 0.0000e+00 0.0000e+00 0.0000e+00 0.0000e+00 0.0000e+00
13     0.7143   130.0000     0.0000     1.5000     2.6000
2.8036e+01     2.3547     0.0000     1.5429
2.3408e+00 8.3047e-01 -1.9181e+01 4.4393e+01 -3.8272e+01 1.1240e+01
0.0000e+00 0.0000e+00 0.0000e+00 0.0000e+00 0.0000e+00 0.0000e+00
14     1.0571    14.0000     0.0000     1.5000     2.6000
1.5673e+01     1.8975     0.0000     1.5154
2.1646e+00 -5.7302e+00 1.1697e+01 -8.6149e+00 1.0611e+00 6.3933e-01
0.0000e+00 0.0000e+00 0.0000e+00 0.0000e+00 0.0000e+00 0.0000e+00
15     1.0571    33.0000     0.0000     1.5000     2.6000
6.2740e+01     3.3919     0.0000     1.5154
5.3182e+00 -3.1192e+01 1.1580e+02 -1.7605e+02 1.1464e+02 -2.6909e+01
0.0000e+00 0.0000e+00 0.0000e+00 0.0000e+00 0.0000e+00 0.0000e+00
16     1.0571    53.0000     0.0000     1.5000     2.6000
1.0096e+02     3.2917     0.0000     1.5154
2.8784e+00 1.5821e+00 -1.6259e+01 3.5083e+01 -3.0385e+01 9.0592e+00
0.0000e+00 0.0000e+00 0.0000e+00 0.0000e+00 0.0000e+00 0.0000e+00
17     1.0571    72.0000     0.0000     1.5000     2.6000
9.1080e+01     3.5683     0.0000     1.5154
6.6538e+00 -3.6899e+01 1.1022e+02 -1.4767e+02 9.0592e+01 -2.0861e+01
0.0000e+00 0.0000e+00 0.0000e+00 0.0000e+00 0.0000e+00 0.0000e+00
18     1.0571    91.0000     0.0000     1.5000     2.6000
8.9229e+01     3.4444     0.0000     1.5154
5.7907e+00 -3.2724e+01 1.0091e+02 -1.3628e+02 8.2865e+01 -1.8623e+01
0.0000e+00 0.0000e+00 0.0000e+00 0.0000e+00 0.0000e+00 0.0000e+00
19     1.0571   111.0000     0.0000     1.5000     2.6000
6.9106e+01     3.7941     0.0000     1.5154
7.2120e+00 -6.3992e+01 2.3790e+02 -3.5436e+02 2.2968e+02 -5.4268e+01
0.0000e+00 0.0000e+00 0.0000e+00 0.0000e+00 0.0000e+00 0.0000e+00
20     1.0571   130.0000     0.0000     1.5000     2.6000
6.5779e+01     3.2827     0.0000     1.5154
3.8258e+00 -1.3560e+01 5.3162e+01 -8.3783e+01 5.4078e+01 -1.2182e+01
0.0000e+00 0.0000e+00 0.0000e+00 0.0000e+00 0.0000e+00 0.0000e+00
21     1.4000    14.0000     0.0000     1.5000     2.6000
4.6321e+01     2.6929     0.0000     1.4880
5.3709e+00 -2.7564e+01 8.2930e+01 -1.1762e+02 7.6688e+01 -1.8568e+01
0.0000e+00 0.0000e+00 0.0000e+00 0.0000e+00 0.0000e+00 0.0000e+00
22     1.4000    33.0000     0.0000     1.5000     2.6000
1.2494e+02     6.7380     0.0000     1.4880
1.0146e+01 -4.7862e+01 1.9166e+02 -3.2378e+02 2.2971e+02 -5.7581e+01
0.0000e+00 0.0000e+00 0.0000e+00 0.0000e+00 0.0000e+00 0.0000e+00
23     1.4000    53.0000     0.0000     1.5000     2.6000
1.4782e+02     5.1386     0.0000     1.4880
4.4847e+00 -2.1022e+01 8.8026e+01 -1.3877e+02 9.3024e+01 -2.2430e+01
0.0000e+00 0.0000e+00 0.0000e+00 0.0000e+00 0.0000e+00 0.0000e+00
24     1.4000    72.0000     0.0000     1.5000     2.6000
1.1382e+02     5.0720     0.0000     1.4880
4.1300e+00 -2.3279e+01 7.3722e+01 -7.6777e+01 2.6813e+01 -7.1098e-01
0.0000e+00 0.0000e+00 0.0000e+00 0.0000e+00 0.0000e+00 0.0000e+00
25     1.4000    91.0000     0.0000     1.5000     2.6000
1.1189e+02     5.2155     0.0000     1.4880
5.7229e+00 -4.1869e+01 1.5360e+02 -2.1961e+02 1.3656e+02 -3.0800e+01
0.0000e+00 0.0000e+00 0.0000e+00 0.0000e+00 0.0000e+00 0.0000e+00
26     1.4000   111.0000     0.0000     1.5000     2.6000
1.4521e+02     4.7281     0.0000     1.4880
3.0823e+00 -6.7699e+00 1.3831e+01 2.0053e+00 -1.6245e+01 7.5675e+00
0.0000e+00 0.0000e+00 0.0000e+00 0.0000e+00 0.0000e+00 0.0000e+00
27     1.4000   130.0000     0.0000     1.5000     2.6000
1.3467e+02     5.2415     0.0000     1.4880
4.7924e+00 -2.7728e+01 1.1499e+02 -1.7423e+02 1.1094e+02 -2.5308e+01
0.0000e+00 0.0000e+00 0.0000e+00 0.0000e+00 0.0000e+00 0.0000e+00
28     1.7429    14.0000     0.0000     1.5000     2.6000
1.2357e+02     5.0174     0.0000     1.4606
1.4732e+01 -8.1001e+01 2.1155e+02 -2.6846e+02 1.6325e+02 -3.7955e+01
0.0000e+00 0.0000e+00 0.0000e+00 0.0000e+00 0.0000e+00 0.0000e+00
29     1.7429    33.0000     0.0000     1.5000     2.6000
1.7325e+02    11.0729     0.0000     1.4606
2.1332e+00 7.1253e+01 -2.2983e+02 3.2497e+02 -2.2036e+02 5.8023e+01
0.0000e+00 0.0000e+00 0.0000e+00 0.0000e+00 0.0000e+00 0.0000e+00
30     1.7429    53.0000     0.0000     1.5000     2.6000
1.3217e+02     9.9815     0.0000     1.4606
1.0732e+01 -8.5398e+01 3.3783e+02 -5.1056e+02 3.3976e+02 -8.4218e+01
0.0000e+00 0.0000e+00 0.0000e+00 0.0000e+00 0.0000e+00 0.0000e+00
31     1.7429    72.0000     0.0000     1.5000     2.6000
1.2919e+02     9.1194     0.0000     1.4606
7.6027e+00 -5.4952e+01 2.1461e+02 -3.0518e+02 1.8805e+02 -4.2667e+01
0.0000e+00 0.0000e+00 0.0000e+00 0.0000e+00 0.0000e+00 0.0000e+00
32     1.7429    91.0000     0.0000     1.5000     2.6000
1.2355e+02     8.9823     0.0000     1.4606
6.1265e+00 -3.0668e+01 1.1941e+02 -1.7129e+02 1.0897e+02 -2.5494e+01
0.0000e+00 0.0000e+00 0.0000e+00 0.0000e+00 0.0000e+00 0.0000e+00
33     1.7429   111.0000     0.0000     1.5000     2.6000
1.1103e+02     8.9809     0.0000     1.4606
1.1440e+01 -9.7993e+01 3.5454e+02 -5.0540e+02 3.2030e+02 -7.5547e+01
0.0000e+00 0.0000e+00 0.0000e+00 0.0000e+00 0.0000e+00 0.0000e+00
34     1.7429   130.0000     0.0000     1.5000     2.6000
1.1891e+02     9.7276     0.0000     1.4606
1.1697e+01 -1.0440e+02 3.9768e+02 -5.6358e+02 3.4024e+02 -7.4248e+01
0.0000e+00 0.0000e+00 0.0000e+00 0.0000e+00 0.0000e+00 0.0000e+00
35     2.0857    14.0000     0.0000     1.5000     2.6000
1.4013e+02    10.5085     0.0000     1.4331
1.1807e+01 -7.9176e+00 -7.4127e+01 2.3673e+02 -2.3325e+02 7.3971e+01
0.0000e+00 0.0000e+00 0.0000e+00 0.0000e+00 0.0000e+00 0.0000e+00
36     2.0857    33.0000     0.0000     1.5000     2.6000
1.5501e+02    19.1440     0.0000     1.4331
5.6202e+00 6.3360e+01 -1.4975e+02 1.9473e+02 -1.4209e+02 4.1133e+01
0.0000e+00 0.0000e+00 0.0000e+00 0.0000e+00 0.0000e+00 0.0000e+00
37     2.0857    53.0000     0.0000     1.5000     2.6000
1.2070e+02    17.1176     0.0000     1.4331
4.7392e+00 1.3368e+01 1.2983e+01 -4.0938e+00 -2.4514e+01 1.2339e+01
0.0000e+00 0.0000e+00 0.0000e+00 0.0000e+00 0.0000e+00 0.0000e+00
38     2.0857    72.0000     0.0000     1.5000     2.6000
1.0555e+02    16.1042     0.0000     1.4331
2.7737e+00 3.1582e+01 -1.0016e+02 2.1352e+02 -1.8622e+02 5.3983e+01
0.0000e+00 0.0000e+00 0.0000e+00 0.0000e+00 0.0000e+00 0.0000e+00
39     2.0857    91.0000     0.0000     1.5000     2.6000
1.3771e+02    15.8992     0.0000     1.4331
5.4586e+00 -1.1218e+01 8.1340e+01 -1.1577e+02 7.9059e+01 -2.3343e+01
0.0000e+00 0.0000e+00 0.0000e+00 0.0000e+00 0.0000e+00 0.0000e+00
40     2.0857   111.0000     0.0000     1.5000     2.6000
1.5908e+02    15.8354     0.0000     1.4331
2.9728e+00 1.8319e+01 -2.6004e+01 9.3940e+01 -1.1760e+02 4.2518e+01
0.0000e+00 0.0000e+00 0.0000e+00 0.0000e+00 0.0000e+00 0.0000e+00
41     2.0857   130.0000     0.0000     1.5000     2.6000
1.6957e+02    16.1758     0.0000     1.4331
5.4586e+00 -5.2405e-01 6.9918e+01 -1.0251e+02 4.5507e+01 -4.5871e+00
0.0000e+00 0.0000e+00 0.0000e+00 0.0000e+00 0.0000e+00 0.0000e+00
42     2.4286    14.0000     0.0000     1.5000     2.6000
1.3634e+02    20.3563     0.0000     1.4057
2.8226e+01 -1.5818e+02 5.1946e+02 -6.7739e+02 3.8057e+02 -7.8191e+01
0.0000e+00 0.0000e+00 0.0000e+00 0.0000e+00 0.0000e+00 0.0000e+00
43     2.4286    33.0000     0.0000     1.5000     2.6000
1.3655e+02    29.1385     0.0000     1.4057
1.5387e+01 -1.7622e+01 2.6075e+02 -5.4814e+02 4.2635e+02 -1.1623e+02
0.0000e+00 0.0000e+00 0.0000e+00 0.0000e+00 0.0000e+00 0.0000e+00
44     2.4286    53.0000     0.0000     1.5000     2.6000
1.4989e+02    26.9209     0.0000     1.4057
6.7273e+00 2.4172e+01 -3.8213e+01 2.0397e+02 -2.7202e+02 9.9899e+01
0.0000e+00 0.0000e+00 0.0000e+00 0.0000e+00 0.0000e+00 0.0000e+00
45     2.4286    72.0000     0.0000     1.5000     2.6000
1.6232e+02    27.5135     0.0000     1.4057
1.2343e+01 -8.8639e+01 4.2472e+02 -5.5725e+02 2.8732e+02 -5.2065e+01
0.0000e+00 0.0000e+00 0.0000e+00 0.0000e+00 0.0000e+00 0.0000e+00
46     2.4286    91.0000     0.0000     1.5000     2.6000
1.3594e+02    27.5176     0.0000     1.4057
8.4132e+00 -4.0399e+01 2.2688e+02 -2.3910e+02 7.6096e+01 -3.5775e+00
0.0000e+00 0.0000e+00 0.0000e+00 0.0000e+00 0.0000e+00 0.0000e+00
47     2.4286   111.0000     0.0000     1.5000     2.6000
1.6885e+02    27.4717     0.0000     1.4057
5.8407e+00 1.3413e+01 4.3122e+01 1.3259e+01 -8.9853e+01 4.0264e+01
0.0000e+00 0.0000e+00 0.0000e+00 0.0000e+00 0.0000e+00 0.0000e+00
48     2.4286   130.0000     0.0000     1.5000     2.6000
1.2870e+02    26.4545     0.0000     1.4057
1.0146e+01 -3.0070e+01 2.7381e+02 -4.4371e+02 2.6519e+02 -5.4122e+01
0.0000e+00 0.0000e+00 0.0000e+00 0.0000e+00 0.0000e+00 0.0000e+00
49     2.7714    14.0000     0.0000     1.5000     2.6000
1.3235e+02    32.4319     0.0000     1.3783
2.7549e+01 -6.9569e+01 2.6140e+02 -2.8120e+02 8.2668e+01 3.3779e+00
0.0000e+00 0.0000e+00 0.0000e+00 0.0000e+00 0.0000e+00 0.0000e+00
50     2.7714    33.0000     0.0000     1.5000     2.6000
1.2374e+02    42.6837     0.0000     1.3783
2.0776e+01 -2.0485e+01 4.3046e+02 -8.4827e+02 5.8475e+02 -1.3879e+02
0.0000e+00 0.0000e+00 0.0000e+00 0.0000e+00 0.0000e+00 0.0000e+00
51     2.7714    53.0000     0.0000     1.5000     2.6000
1.5317e+02    40.9558     0.0000     1.3783
1.1320e+01 -6.7080e+00 3.3731e+02 -5.9211e+02 3.6290e+02 -7.8312e+01
0.0000e+00 0.0000e+00 0.0000e+00 0.0000e+00 0.0000e+00 0.0000e+00
52     2.7714    72.0000     0.0000     1.5000     2.6000
1.0649e+02    42.9971     0.0000     1.3783
1.1616e+01 -5.9479e+01 5.7607e+02 -8.9624e+02 4.9312e+02 -8.8622e+01
0.0000e+00 0.0000e+00 0.0000e+00 0.0000e+00 0.0000e+00 0.0000e+00
53     2.7714    91.0000     0.0000     1.5000     2.6000
1.5749e+02    43.1115     0.0000     1.3783
1.5198e+01 -1.5192e+02 1.1222e+03 -2.0918e+03 1.5636e+03 -4.2124e+02
0.0000e+00 0.0000e+00 0.0000e+00 0.0000e+00 0.0000e+00 0.0000e+00
54     2.7714   111.0000     0.0000     1.5000     2.6000
1.9991e+02    41.4182     0.0000     1.3783
9.5526e+00 1.7964e+01 2.5609e+02 -4.5819e+02 2.5433e+02 -4.5466e+01
0.0000e+00 0.0000e+00 0.0000e+00 0.0000e+00 0.0000e+00 0.0000e+00
55     2.7714   130.0000     0.0000     1.5000     2.6000
1.5923e+02    41.4263     0.0000     1.3783
1.7758e+01 -5.5798e+01 6.6144e+02 -1.3063e+03 9.5322e+02 -2.4244e+02
0.0000e+00 0.0000e+00 0.0000e+00 0.0000e+00 0.0000e+00 0.0000e+00
56     3.1143    14.0000     0.0000     1.5000     2.6000
1.8531e+02    45.7237     0.0000     1.3509
-2.8224e+01 2.7793e+02 -2.8318e+02 3.8866e+01 1.8105e-01 1.9009e+01
6.9507e+01 -1.4419e-02 5.6018e-02 7.3557e+01 1.5690e-01 3.9545e-02
57     3.1143    33.0000     0.0000     1.5000     2.6000
2.5734e+02    55.3652     0.0000     1.3509
1.7858e+01 -1.9319e+02 3.8209e+02 -2.1522e+02 1.5186e-01 1.8239e+01
7.0664e+01 5.4287e-01 2.6992e-01 8.6592e+01 1.6378e-01 3.4194e-02
58     3.1143    53.0000     0.0000     1.5000     2.6000
2.1302e+02    56.2092     0.0000     1.3509
3.5479e+00 -4.8774e+01 1.8513e+01 5.5882e+01 1.7885e-01 -2.2283e+01
7.3582e+01 6.0305e-01 2.8131e-01 9.7765e+01 1.6683e-01 2.3423e-02
59     3.1143    72.0000     0.0000     1.5000     2.6000
1.4765e+02    56.1738     0.0000     1.3509
2.9527e-01 -7.8688e+01 1.4487e+02 -7.3312e+01 1.6149e-01 8.0803e+00
7.4902e+01 6.2105e-01 3.0602e-01 8.6592e+01 1.7188e-01 2.5276e-02
60     3.1143    91.0000     0.0000     1.5000     2.6000
1.8032e+02    55.6388     0.0000     1.3509
1.0148e-01 -5.7925e+01 7.5227e+01 -1.1635e+01 1.7535e-01 -4.3824e+00
7.1031e+01 6.3181e-01 3.1855e-01 1.0521e+02 1.6319e-01 2.2040e-02
61     3.1143   111.0000     0.0000     1.5000     2.6000
1.7371e+02    57.5258     0.0000     1.3509
3.9596e+00 -4.1176e+01 5.0599e+00 5.9181e+01 1.7337e-01 -2.0023e+01
7.3110e+01 6.0624e-01 2.7733e-01 1.0242e+02 1.6128e-01 2.5458e-02
62     3.1143   130.0000     0.0000     1.5000     2.6000
2.0842e+02    58.3494     0.0000     1.3509
4.9469e+00 -7.4656e+01 1.0141e+02 -1.7854e+01 1.6724e-01 -7.5292e+00
7.3057e+01 5.8231e-01 2.9194e-01 9.4041e+01 1.5555e-01 2.8793e-02
63     3.4571    14.0000     0.0000     1.5000     2.6000
2.5342e+02    62.1390     0.0000     1.3234
3.0186e+01 -3.2903e+02 7.2620e+02 -4.7146e+02 1.2949e-01 5.6721e+01
8.5398e+01 4.9303e-01 2.5050e-01 1.4060e+02 1.2020e-01 2.1623e-02
64     3.4571    33.0000     0.0000     1.5000     2.6000
1.9130e+02    71.8402     0.0000     1.3234
1.9047e+01 -2.6378e+02 6.1367e+02 -4.0128e+02 1.3083e-01 4.6480e+01
1.0390e+02 4.7558e-01 2.3532e-01 1.6480e+02 1.2392e-01 2.3127e-02
65     3.4571    53.0000     0.0000     1.5000     2.6000
1.6581e+02    73.1297     0.0000     1.3234
1.2232e+01 -1.0948e+02 2.9217e+02 -1.9285e+02 1.3327e-01 1.7773e+01
8.6510e+01 5.3194e-01 2.4005e-01 1.8249e+02 1.2349e-01 1.6647e-02
66     3.4571    72.0000     0.0000     1.5000     2.6000
1.2142e+02    71.6783     0.0000     1.3234
-2.9118e+00 -6.3129e+01 6.6430e+01 3.3927e+01 1.3199e-01 -2.5564e+01
1.0502e+02 5.4719e-01 2.6964e-01 2.1031e+02 1.2054e-01 1.3132e-02
67     3.4571    91.0000     0.0000     1.5000     2.6000
1.1196e+02    73.3445     0.0000     1.3234
1.9308e+00 -6.9593e+01 5.6302e+01 6.0152e+01 1.2764e-01 -3.5921e+01
1.0334e+02 5.4690e-01 2.6080e-01 2.2067e+02 1.1676e-01 1.4324e-02
68     3.4571   111.0000     0.0000     1.5000     2.6000
1.1352e+02    76.0327     0.0000     1.3234
4.9431e+00 -1.4776e+02 2.8377e+02 -1.3444e+02 1.2722e-01 3.0425e+00
1.0849e+02 5.3848e-01 2.7155e-01 2.1788e+02 1.1632e-01 1.4568e-02
69     3.4571   130.0000     0.0000     1.5000     2.6000
1.3276e+02    77.9430     0.0000     1.3234
1.7944e+01 -2.3025e+02 4.9787e+02 -2.9693e+02 1.2253e-01 2.6978e+01
1.0840e+02 5.0794e-01 2.4533e-01 2.1974e+02 1.1612e-01 1.6831e-02
70     3.8000    14.0000     0.0000     1.5000     2.6000
1.8785e+02    73.2350     0.0000     1.2960
2.9705e+01 -1.0289e+02 1.1317e+02 -2.0352e+01 1.0126e-01 -1.1962e+01
9.5385e+01 5.0646e-01 2.3387e-01 2.2999e+02 9.0827e-02 1.3375e-02
71     3.8000    33.0000     0.0000     1.5000     2.6000
1.2225e+02    90.0704     0.0000     1.2960
2.7351e+01 -2.8960e+02 8.6014e+02 -6.9380e+02 9.2961e-02 1.1403e+02
1.1746e+02 4.4008e-01 2.1728e-01 3.5475e+02 9.2087e-02 1.1602e-02
72     3.8000    53.0000     0.0000     1.5000     2.6000
1.7624e+02    92.3299     0.0000     1.2960
1.2558e+01 -1.7222e+02 6.2565e+02 -5.3567e+02 8.1209e-02 8.9860e+01
1.1498e+02 4.8841e-01 2.2085e-01 4.0966e+02 9.1725e-02 1.0421e-02
73     3.8000    72.0000     0.0000     1.5000     2.6000
1.4749e+02    89.0453     0.0000     1.2960
1.1803e+01 -1.0168e+02 5.0025e+02 -4.6982e+02 1.0109e-01 8.3746e+01
9.8017e+01 5.0408e-01 2.0884e-01 4.2264e+02 9.0850e-02 9.8228e-03
74     3.8000    91.0000     0.0000     1.5000     2.6000
1.3662e+02    90.4954     0.0000     1.2960
6.9430e+00 -4.7359e+01 3.3440e+02 -3.3067e+02 8.9940e-02 5.8498e+01
9.9104e+01 5.1107e-01 2.1984e-01 4.4400e+02 8.8358e-02 1.0361e-02
75     3.8000   111.0000     0.0000     1.5000     2.6000
1.0383e+02    94.3873     0.0000     1.2960
1.4934e+01 -1.2451e+02 5.3620e+02 -4.8500e+02 7.6572e-02 8.2746e+01
1.0056e+02 4.8921e-01 2.2287e-01 4.3417e+02 8.7415e-02 1.0858e-02
76     3.8000   130.0000     0.0000     1.5000     2.6000
1.3227e+02    94.7571     0.0000     1.2960
2.6020e+01 -2.8690e+02 8.2753e+02 -6.4654e+02 8.8207e-02 1.0013e+02
1.2541e+02 4.5992e-01 2.1593e-01 4.1759e+02 8.7952e-02 1.1108e-02
77     4.1429    14.0000     0.0000     1.5000     2.6000
1.7661e+02    89.5612     0.0000     1.2686
4.7306e+01 -1.5684e+02 3.9706e+02 -3.4830e+02 6.0045e-02 6.9395e+01
1.0450e+02 4.5026e-01 2.0336e-01 4.5717e+02 7.0725e-02 8.9528e-03
78     4.1429    33.0000     0.0000     1.5000     2.6000
1.2726e+02   111.6929     0.0000     1.2157
2.1873e+01 -5.0503e+02 1.3542e+03 -1.0330e+03 6.7816e-02 1.6957e+02
2.0730e+02 4.1013e-01 2.1240e-01 5.8507e+02 7.2495e-02 8.6450e-03
79     4.1429    53.0000     0.0000     1.5000     2.6000
1.3550e+02   114.1664     0.0000     1.2686
-3.1089e+00 -2.6592e+02 6.2547e+02 -4.0488e+02 6.5034e-02 4.8943e+01
2.0703e+02 4.5983e-01 2.3491e-01 7.7682e+02 7.1053e-02 8.0859e-03
80     4.1429    72.0000     0.0000     1.5000     2.6000
1.1011e+02   109.3165     0.0000     1.2686
-1.7789e+01 -1.6525e+02 4.0654e+02 -2.5170e+02 7.6283e-02 2.6523e+01
1.9586e+02 4.6340e-01 2.4433e-01 8.8348e+02 7.0627e-02 7.3472e-03
81     4.1429    91.0000     0.0000     1.5000     2.6000
1.1559e+02   109.7554     0.0000     1.2686
-1.5901e+01 -1.5940e+02 3.5298e+02 -2.0671e+02 7.9269e-02 2.2452e+01
2.0008e+02 4.7111e-01 2.4577e-01 7.8903e+02 6.9188e-02 8.2859e-03
82     4.1429   111.0000     0.0000     1.5000     2.6000
1.1518e+02   113.7246     0.0000     1.2686
-2.2774e+01 -2.0070e+02 5.8432e+02 -4.2471e+02 7.7103e-02 6.2634e+01
2.0093e+02 4.4385e-01 2.5103e-01 8.0027e+02 6.7673e-02 8.1762e-03
83     4.1429   130.0000     0.0000     1.5000     2.6000
1.7119e+02   114.8274     0.0000     1.2686
2.6042e+01 5.2999e+01 4.5963e+00 -1.0962e+02 7.1853e-02 3.7870e+01
1.3517e+02 4.5237e-01 1.9294e-01 6.8709e+02 6.8006e-02 9.2262e-03
84     4.4857    14.0000     0.0000     1.5000     2.6000
1.2291e+02   104.2326     0.0000     1.1687
4.3493e+01 -6.0191e+02 1.5494e+03 -1.1975e+03 5.8168e-02 2.1057e+02
1.9726e+02 3.7887e-01 2.0008e-01 7.7783e+02 5.5979e-02 6.6768e-03
85     4.4857    33.0000     0.0000     1.5000     2.6000
1.5101e+02   130.6542     0.0000     1.1687
1.0155e+01 -3.8945e+02 1.0758e+03 -8.3303e+02 6.4500e-02 1.4070e+02
2.5127e+02 3.8296e-01 2.0236e-01 9.4856e+02 5.7370e-02 7.2996e-03
86     4.4857    53.0000     0.0000     1.5000     2.6000
1.4691e+02   138.1507     0.0000     1.2308
-2.4301e+01 -1.7599e+02 3.7697e+02 -1.9097e+02 4.9193e-02 9.5289e+00
2.7008e+02 4.2293e-01 2.2793e-01 1.3475e+03 5.6840e-02 6.4282e-03
87     4.4857    72.0000     0.0000     1.5000     2.6000
1.2455e+02   132.5812     0.0000     1.2205
-3.1434e+01 3.5146e+01 7.4165e+01 -9.9479e+01 6.4320e-02 2.2626e+01
2.2289e+02 4.1767e-01 2.2330e-01 1.4200e+03 5.5779e-02 6.0693e-03
88     4.4857    91.0000     0.0000     1.5000     2.6000
1.1462e+02   132.5585     0.0000     1.2308
-5.4036e+01 -5.7423e+01 2.5629e+02 -1.6649e+02 4.4129e-02 1.6926e+01
2.5537e+02 4.0813e-01 2.3924e-01 1.3297e+03 5.4414e-02 6.7832e-03
89     4.4857   111.0000     0.0000     1.5000     2.6000
1.5175e+02   136.7888     0.0000     1.1998
-3.6487e+01 -1.8198e+02 5.7783e+02 -4.2628e+02 4.3610e-02 6.4953e+01
2.5906e+02 4.0218e-01 2.3138e-01 1.3143e+03 5.3776e-02 7.0951e-03
90     4.4857   130.0000     0.0000     1.5000     2.6000
1.9483e+02   139.8455     0.0000     1.1894
1.7936e+01 -4.7811e+02 1.1391e+03 -7.9390e+02 4.7471e-02 1.1674e+02
2.7638e+02 4.0174e-01 2.0597e-01 1.1727e+03 5.4084e-02 7.1104e-03
91     4.8286    14.0000     0.0000     1.5000     2.6000
1.8149e+02   113.2238     0.0000     1.1834
3.5820e+01 -5.0394e+02 1.1350e+03 -7.7943e+02 5.1233e-02 1.1400e+02
2.2578e+02 3.6893e-01 2.0301e-01 1.0708e+03 4.5542e-02 5.8573e-03
92     4.8286    33.0000     0.0000     1.5000     2.6000
1.4289e+02   141.5440     0.0000     1.1227
-1.3486e+01 -3.6270e+02 1.0089e+03 -7.5742e+02 3.6183e-02 1.2526e+02
3.0266e+02 3.6145e-01 2.0314e-01 1.3406e+03 4.6302e-02 5.9769e-03
93     4.8286    53.0000     0.0000     1.5000     2.6000
1.4117e+02   151.0056     0.0000     1.1733
-3.3808e+01 -6.6147e+01 9.6505e+01 5.5261e+01 4.8390e-02 -5.0762e+01
3.0358e+02 3.9313e-01 2.0840e-01 1.8503e+03 4.5601e-02 5.6580e-03
94     4.8286    72.0000     0.0000     1.5000     2.6000
1.1207e+02   143.7094     0.0000     1.1530
-5.1087e+01 4.2711e+01 -2.3603e+02 3.4644e+02 3.5502e-02 -1.0636e+02
2.8570e+02 4.0245e-01 2.2841e-01 1.9560e+03 4.5569e-02 5.3589e-03
95     4.8286    91.0000     0.0000     1.5000     2.6000
1.2021e+02   142.1053     0.0000     1.1530
-4.9238e+01 1.7240e+01 -1.2019e+02 2.2819e+02 3.8663e-02 -7.9451e+01
2.8020e+02 3.9837e-01 2.2571e-01 1.9092e+03 4.4212e-02 5.5969e-03
96     4.8286   111.0000     0.0000     1.5000     2.6000
1.4462e+02   146.1303     0.0000     1.1733
-4.5175e+01 3.1957e+01 -1.3941e+02 2.2072e+02 5.3078e-02 -7.0516e+01
2.8511e+02 3.9755e-01 2.2002e-01 1.7514e+03 4.3221e-02 6.0631e-03
97     4.8286   130.0000     0.0000     1.5000     2.6000
1.6813e+02   147.0490     0.0000     1.1733
-1.9561e+01 -2.9987e+02 8.1538e+02 -5.7927e+02 4.9131e-02 8.3681e+01
3.0221e+02 3.7097e-01 2.0953e-01 1.4298e+03 4.3165e-02 6.3667e-03
