-1.65263 5.22451 -1.13687e-13 2 0
-1.67117 5.27388 10 10 0
-1.68781 5.3225 20 18 0
-1.70617 5.36545 30 26 1
-3.15429 6.86734 0 1 0
-3.18617 6.9303 10 10 0
-3.21607 6.99034 20 17 0
-3.24617 7.05394 30 26 1
6.28283 -1.26983 1.13687e-13 4 0
6.3329 -1.2825 10 13 0
6.38735 -1.29147 20 20 0
6.44275 -1.3075 30 29 1
-5.71924 -5.97462 1.13687e-13 7 0
-5.7725 -6.02871 10 15 0
-5.82357 -6.08278 20 23 0
-5.8775 -6.13371 30 31 1
4.25941 1.20117 10 12 0
4.29685 1.20885 20 20 0
4.3289 1.22117 30 28 1
-0.5513 6.95571 0 2 0
-0.561169 7.02059 10 10 0
-0.567535 7.08636 20 18 0
-0.576169 7.14873 30 26 1
6.2411 4.24247 -1.13687e-13 3 0
6.28789 4.27617 10 12 0
6.34879 4.31955 20 19 0
6.40324 4.35617 30 28 1
-3.64805 -3.41117 10 8 0
-3.686 -3.44389 20 23 0
-3.71512 -3.47117 30 24 1
-5.92605 -3.87385 0 7 0
-5.98153 -3.90617 10 8 0
-6.03487 -3.94057 20 23 0
-6.09395 -3.97617 30 24 1
-0.374146 -6.48535 -1.13687e-13 6 0
-0.3775 -6.54512 10 15 0
-0.38497 -6.60294 20 22 0
-0.3875 -6.66119 30 31 1
-5.79786 -5.5634 2.27374e-13 7 0
-5.85512 -5.61117 10 8 0
-5.90984 -5.66391 20 23 0
-5.96219 -5.71117 30 24 1
4.55851 4.77945 -1.13687e-13 3 0
4.5975 4.82543 10 11 0
4.63783 4.86643 20 19 0
4.6725 4.9075 30 27 1
3.0975 3.01612 -1.13687e-13 3 0
3.12041 3.04617 10 12 0
3.14911 3.07538 20 19 0
3.17541 3.10117 30 28 1
-4.15243 -6.9871 0 7 0
-4.1925 -7.05086 10 15 0
-4.2338 -7.11822 20 23 0
-4.2725 -7.18036 30 31 1
-0.900371 5.23758 -1.13687e-13 2 0
-0.911169 5.28462 10 10 0
-0.924725 5.33557 20 18 0
-0.936169 5.38033 30 26 1
1.44301 4.74108 0 2 0
1.4525 4.78463 10 11 0
1.46466 4.83254 20 18 0
1.4725 4.86827 30 27 1
3.73494 6.2405 0 3 0
3.7675 6.29352 10 11 0
3.79783 6.35314 20 19 0
3.8325 6.40802 30 27 1
1.35371 5.79287 -1.13687e-13 2 0
1.3625 5.84721 10 11 0
1.37265 5.90392 20 18 0
1.3825 5.95206 30 27 1
-4.34692 2.5775 10 9 0
-4.3868 2.60451 20 17 0
-4.43227 2.6275 30 25 1
-2.67241 3.94011 -1.13687e-13 1 0
-2.70117 3.9775 10 10 0
-2.72943 4.01243 20 17 0
-2.75617 4.04664 30 26 1
-5.84936 -6.75913 0 7 0
-5.9075 -6.82132 10 15 0
-5.96564 -6.88306 20 23 1
-3.09617 5.87156 10 10 0
-3.12927 5.93153 20 17 0
-3.15617 5.98106 30 26 1
0.451178 -4.91094 0 6 0
0.451169 -4.95897 10 14 0
0.45659 -5.0024 20 22 0
0.456169 -5.04883 30 30 1
-5.8334 4.81648 0 1 0
-5.88446 4.8575 10 9 0
-5.9438 4.90009 20 17 0
-6.00274 4.9475 30 25 1
3.30027 -2.49 0 5 0
3.32733 -2.5125 10 13 0
3.35682 -2.53507 20 21 0
3.3794 -2.5575 30 29 1
-7.40647 1.51336 0 0 0
-7.48299 1.5275 10 9 0
-7.55019 1.54042 20 16 0
-7.62113 1.5525 30 25 1
-6.52277 4.31188 0 1 0
-6.58861 4.3525 10 9 0
-6.64736 4.39054 20 17 0
-6.70604 4.4275 30 25 1
7.39341 2.19383 1.13687e-13 4 0
7.46144 2.21117 10 12 0
7.5306 2.23442 20 20 0
7.59336 2.25117 30 28 1
5.21798 -2.1168 0 4 0
5.25749 -2.1375 10 13 0
5.30291 -2.15739 20 20 0
5.34906 -2.1725 30 29 1
-3.50006 -5.85638 -1.13687e-13 7 0
-3.5325 -5.91003 10 15 0
-3.56679 -5.96519 20 23 0
-3.6025 -6.01539 30 31 1
-7.15292 3.37685 1.13687e-13 1 0
-7.22046 3.4075 10 9 0
-7.29281 3.44021 20 17 0
-7.35824 3.4675 30 25 1
-2.67617 5.55056 10 10 0
-2.69802 5.59596 20 17 0
-2.72617 5.65006 30 26 1
-3.84723 7.18143 0 1 0
-3.88617 7.24846 10 10 0
-3.92207 7.30984 20 17 0
-3.96117 7.38003 30 26 1
6.16524 2.46443 0 4 0
6.22323 2.48617 10 12 0
6.26976 2.50772 20 20 0
6.32687 2.52617 30 28 1
-5.33714 -1.21117 10 8 0
-5.39437 -1.22509 20 16 0
-5.44906 -1.23117 30 24 1
-0.876169 8.20533 10 10 0
-0.881429 8.27534 20 18 0
-0.891169 8.34761 30 26 1
-5.63441 -4.80297 1.13687e-13 7 0
-5.68409 -4.84617 10 8 0
-5.74369 -4.89694 20 23 0
-5.7953 -4.93617 30 24 1
1.02214 -5.83206 -1.13687e-13 6 0
1.03117 -5.88546 10 14 0
1.03838 -5.93659 20 22 0
1.04617 -5.99238 30 30 1
6.53761 -0.812515 1.13687e-13 4 0
6.59622 -0.8175 10 13 0
6.64867 -0.826045 20 20 0
6.71021 -0.8325 30 29 1
-4.29176 -2.59117 10 8 0
-4.33219 -2.61292 20 23 0
-4.37712 -2.64117 30 24 1
-4.8507 0.2175 10 9 0
-4.89787 0.219905 20 16 0
-4.94263 0.2175 30 25 1
-8.34066 0.742159 0 0 0
-8.41419 0.7475 10 9 0
-8.49092 0.755689 20 16 0
-8.57061 0.7625 30 25 1
4.24088 1.97437 -1.13687e-13 3 0
4.27866 1.99117 10 12 0
4.31544 2.01067 20 19 0
4.35401 2.03117 30 28 1
0.439089 4.40791 0 2 0
0.4425 4.44638 10 11 0
0.444501 4.4863 20 18 0
0.4475 4.52916 30 27 1
-2.9325 -3.90289 10 15 0
-2.96013 -3.93879 20 23 0
-2.9875 -3.97203 30 31 1
2.33057 7.78538 -1.13687e-13 2 0
2.3525 7.85544 10 11 0
2.37116 7.92256 20 18 0
2.3875 7.99651 30 27 1
-0.0358983 -7.07983 0 6 0
-0.0375 -7.14558 10 15 0
-0.0386043 -7.20396 20 22 0
-0.0425 -7.27078 30 31 1
2.88843 6.43106 -1.13687e-13 3 0
2.9075 6.48711 10 11 0
2.93713 6.54865 20 19 0
2.9575 6.60075 30 27 1
-5.27116 -1.54117 10 8 0
-5.31597 -1.55522 20 16 0
-5.36687 -1.56617 30 24 1
7.66779 -2.46046 0 4 0
7.73089 -2.4825 10 13 0
7.79844 -2.50375 20 20 0
7.86781 -2.5275 30 29 1
2.39519 -5.33522 -1.13687e-13 5 0
2.41617 -5.38955 10 14 0
2.43849 -5.43974 20 21 0
2.45617 -5.48612 30 30 1
4.87827 -0.93699 1.13687e-13 4 0
4.92309 -0.9475 10 13 0
4.95667 -0.953226 20 20 0
5.00173 -0.9625 30 29 1
-2.51621 4.5952 1.13687e-13 1 0
-2.54117 4.63774 10 10 0
-2.56828 4.68171 20 17 0
-2.59117 4.7231 30 26 1
-5.48412 -5.11955 1.13687e-13 7 0
-5.5424 -5.17117 10 8 0
-5.58958 -5.21735 20 23 0
-5.63947 -5.26117 30 24 1
5.3245 -2.35972 -1.13687e-13 5 0
5.36814 -2.3825 10 13 0
5.41866 -2.40414 20 21 0
5.45764 -2.4225 30 29 1
-3.97734 -5.92418 -1.13687e-13 7 0
-4.0175 -5.97784 10 15 0
-4.05443 -6.03188 20 23 0
-4.0975 -6.08612 30 31 1
-3.5775 -4.12362 10 15 0
-3.61137 -4.16524 20 23 0
-3.6475 -4.2007 30 31 1
-6.22403 0.276731 0 0 0
-6.28249 0.2775 10 9 0
-6.34162 0.276731 20 16 0
-6.4027 0.2775 30 25 1
-2.5681 -4.53407 1.13687e-13 7 0
-2.5975 -4.57905 10 15 0
-2.61746 -4.61405 20 23 0
-2.6475 -4.65734 30 31 1
-3.13117 3.86302 10 10 0
-3.16472 3.90049 20 17 0
-3.19117 3.9301 30 26 1
0.119784 4.38178 -1.13687e-13 2 0
0.1175 4.42543 10 11 0
0.117078 4.46671 20 18 0
0.1175 4.50321 30 27 1
-1.65678 -7.75271 0 6 0
-1.6725 -7.81891 10 15 0
-1.69196 -7.8899 20 22 0
-1.7075 -7.95998 30 31 1
1.26712 6.74666 -1.13687e-13 2 0
1.2775 6.80873 10 11 0
1.28877 6.86425 20 18 0
1.2975 6.92772 30 27 1
-5.46416 5.07484 0 1 0
-5.51513 5.1175 10 9 0
-5.56691 5.16611 20 17 0
-5.6172 5.2125 30 25 1
-4.19272 -5.16372 0 7 0
-4.2325 -5.20996 10 15 0
-4.27475 -5.25723 20 23 0
-4.3125 -5.29703 30 31 1
-6.51308 5.19001 1.13687e-13 1 0
-6.57558 5.2375 10 9 0
-6.63925 5.28557 20 17 0
-6.69887 5.3325 30 25 1
-0.865193 5.46623 0 2 0
-0.876169 5.51832 10 10 0
-0.884135 5.56422 20 18 0
-0.891169 5.61111 30 26 1
4.4204 2.46004 -2.27374e-13 3 0
4.45753 2.48117 10 12 0
4.49385 2.5067 20 19 0
4.53082 2.52617 30 28 1
3.1652 3.71524 -1.13687e-13 3 0
3.1875 3.7407 10 11 0
3.21298 3.77833 20 19 0
3.2425 3.81691 30 27 1
3.30654 -5.52329 -1.13687e-13 5 0
3.33617 -5.57416 10 14 0
3.36402 -5.62287 20 21 0
3.39117 -5.67159 30 30 1
2.62334 4.65437 -1.13687e-13 3 0
2.6475 4.69976 10 11 0
2.67158 4.74471 20 19 0
2.6875 4.78219 30 27 1
4.55553 4.6808 -1.13687e-13 3 0
4.5975 4.72643 10 11 0
4.63215 4.76124 20 19 0
4.6725 4.8085 30 27 1
-4.6909 -4.24979 0 7 0
-4.74018 -4.29117 10 8 0
-4.78441 -4.33182 20 23 0
-4.82225 -4.36617 30 24 1
5.40119 -2.59714 -1.13687e-13 5 0
5.45258 -2.6225 10 13 0
5.49153 -2.64539 20 21 0
5.54001 -2.6675 30 29 1
-3.47466 6.17742 1.13687e-13 1 0
-3.51117 6.23707 10 10 0
-3.54409 6.29277 20 17 0
-3.57617 6.34449 30 26 1
-4.90258 -4.18594 1.13687e-13 7 0
-4.94595 -4.22117 10 8 0
-4.99338 -4.26143 20 23 0
-5.0351 -4.29617 30 24 1
-0.114372 -7.30848 -1.13687e-13 6 0
-0.1175 -7.37407 10 15 0
-0.12249 -7.44567 20 22 0
-0.1275 -7.51135 30 31 1
4.49284 0.0398692 1.13687e-13 4 0
4.53483 0.0411686 10 12 0
4.57123 0.0398692 20 20 0
4.60554 0.0411686 30 28 1
5.81788 -3.98202 -1.13687e-13 5 0
5.8647 -4.0175 10 13 0
5.91904 -4.05639 20 21 0
5.96799 -4.0925 30 29 1
-1.21697 5.19185 0 2 0
-1.23117 5.23693 10 10 0
-1.24403 5.28331 20 18 0
-1.25617 5.33264 30 26 1
7.68085 0.42953 0 4 0
7.74619 0.431169 10 12 0
7.81804 0.437648 20 20 0
7.8764 0.441169 30 28 1
-0.826045 -6.62253 -1.13687e-13 6 0
-0.8325 -6.68193 10 15 0
-0.844986 -6.74666 20 22 0
-0.8525 -6.80092 30 31 1
-7.39797 -3.61221 1.13687e-13 7 0
-7.46808 -3.64617 10 8 0
-7.54057 -3.6821 20 23 0
-7.60879 -3.71617 30 24 1
-5.60961 6.75868 1.13687e-13 1 0
-5.66117 6.81729 10 10 0
-5.71282 6.8772 20 17 0
-5.76617 6.9435 30 26 1
-2.2275 -5.89197 10 15 0
-2.24939 -5.94312 20 22 0
-2.2725 -5.99353 30 31 1
5.7994 1.04108 0 4 0
5.84889 1.05117 10 12 0
5.90392 1.06273 20 20 0
5.94667 1.07117 30 28 1
-2.1025 -5.8801 10 15 0
-2.12492 -5.93006 20 22 0
-2.1475 -5.98874 30 31 1
-2.8725 -5.82279 10 15 0
-2.90098 -5.87341 20 23 0
-2.9275 -5.92729 30 31 1
4.73188 2.00998 -1.13687e-13 3 0
4.77828 2.03117 10 12 0
4.81951 2.05169 20 19 0
4.8607 2.07117 30 28 1
-1.06617 8.26805 10 10 0
-1.07897 8.3472 20 18 0
-1.09117 8.42033 30 26 1
7.79191 1.46592 2.27374e-13 4 0
7.86281 1.48117 10 12 0
7.9291 1.49027 20 20 0
8.00094 1.50617 30 28 1
4.16995 -3.12624 0 5 0
4.20567 -3.1575 10 13 0
4.24498 -3.18979 20 21 0
4.27481 -3.2125 30 29 1
-6.61177 5.7288 0 1 0
-6.67511 5.7825 10 9 0
-6.74336 5.83742 20 17 0
-6.80132 5.8875 30 25 1
3.16664 -5.45993 0 5 0
3.19117 -5.50694 10 14 0
3.21759 -5.55681 20 21 0
3.24617 -5.60437 30 30 1
5.18044 4.96129 -1.13687e-13 3 0
5.22891 5.00617 10 12 0
5.27283 5.05368 20 19 0
5.31184 5.09617 30 28 1
7.21049 1.12767 1.13687e-13 4 0
7.27032 1.13617 10 12 0
7.33461 1.14662 20 20 0
7.39639 1.15617 30 28 1
-2.5525 -4.75325 10 15 0
-2.5804 -4.79894 20 23 0
-2.6025 -4.83861 30 31 1
7.3524 3.90723 -1.13687e-13 3 0
7.4216 3.94617 10 12 0
7.48464 3.97824 20 19 0
7.54817 4.01617 30 28 1
4.98933 2.03688 0 4 0
5.02955 2.05617 10 12 0
5.06772 2.07477 20 20 0
5.11198 2.09617 30 28 1
-3.98782 6.82835 -1.13687e-13 1 0
-4.02617 6.89349 10 10 0
-4.06649 6.95294 20 17 0
-4.10117 7.01091 30 26 1
4.06167 -1.59995 1.13687e-13 4 0
4.1011 -1.6175 10 13 0
4.13353 -1.62972 20 20 0
4.16645 -1.6475 30 29 1
-0.616243 5.38783 -1.13687e-13 2 0
-0.626169 5.43803 10 10 0
-0.635185 5.48583 20 18 0
-0.641169 5.53788 30 26 1
1.5975 7.17115 10 11 0
1.60807 7.23009 20 18 0
1.6225 7.29515 30 27 1
-5.79362 4.99483 1.13687e-13 1 0
-5.85025 5.0425 10 9 0
-5.90943 5.09151 20 17 0
-5.96147 5.1325 30 25 1
-2.5325 -5.57471 10 15 0
-2.56212 -5.63023 20 23 0
-2.5825 -5.67421 30 31 1
0.164344 -7.00144 1.13687e-13 6 0
0.161169 -7.059 10 14 0
0.161638 -7.12556 20 22 0
0.161169 -7.18627 30 30 1
-7.61552 0.37144 0 0 0
-7.68564 0.3725 10 9 0
-7.75924 0.376852 20 16 0
-7.82999 0.3825 30 25 1
-7.55673 -1.86641 1.13687e-13 0 0
-7.63141 -1.88617 10 8 0
-7.70045 -1.90429 20 16 0
-7.77248 -1.92117 30 24 1
0.999227 5.96925 0 2 0
1.0075 6.02254 10 11 0
1.01005 6.07378 20 18 0
1.0175 6.12446 30 27 1
-1.96869 4.1357 -1.13687e-13 1 0
-1.99117 4.17259 10 10 0
-2.01152 4.21297 20 17 0
-2.03117 4.24795 30 26 1
-6.41348 0.474267 0 0 0
-6.47542 0.4775 10 9 0
-6.53761 0.482385 20 16 0
-6.59148 0.4875 30 25 1
4.95739 -5.02729 -1.13687e-13 5 0
4.99617 -5.07042 10 14 0
5.03671 -5.11427 20 21 0
5.08117 -5.16249 30 30 1
4.74889 4.91243 -1.13687e-13 3 0
4.7925 4.95679 10 11 0
4.83475 5.00211 20 19 0
4.8725 5.04386 30 27 1
1.44698 -4.42751 0 6 0
1.45617 -4.46491 10 14 0
1.46863 -4.5059 20 22 0
1.48117 -4.55355 30 30 1
4.93274 -6.16983 -2.27374e-13 5 0
4.97617 -6.22421 10 14 0
5.02289 -6.28294 20 21 0
5.06117 -6.3375 30 30 1
1.14535 6.32203 1.13687e-13 2 0
1.1525 6.3726 10 11 0
1.16429 6.43308 20 18 0
1.1725 6.4916 30 27 1
5.24999 2.64672 0 3 0
5.29807 2.67117 10 12 0
5.34033 2.69497 20 19 0
5.38343 2.72117 30 28 1
-1.24403 5.71447 -1.13687e-13 2 0
-1.25617 5.76397 10 10 0
-1.27109 5.819 20 18 0
-1.28617 5.87176 30 26 1
-5.41889 -3.95602 0 7 0
-5.47256 -3.99117 10 8 0
-5.52659 -4.0331 20 23 0
-5.57584 -4.06617 30 24 1
2.48819 3.72706 -2.27374e-13 3 0
2.5125 3.76573 10 11 0
2.52831 3.7978 20 19 0
2.5525 3.83402 30 27 1
4.92666 -5.27975 0 5 0
4.96617 -5.32326 10 14 0
5.00869 -5.37326 20 21 0
5.05617 -5.42033 30 30 1
-2.6725 -4.44192 10 15 0
-2.6996 -4.48572 20 23 0
-2.7275 -4.5252 30 31 1
3.91822 -5.48441 0 5 0
3.94617 -5.52655 10 14 0
3.98336 -5.57634 20 21 0
4.01617 -5.62484 30 30 1
-3.94117 4.00834 10 10 0
-3.97537 4.04144 20 17 0
-4.01617 4.07627 30 26 1
4.16446 -2.9562 -1.13687e-13 5 0
4.20038 -2.9825 10 13 0
4.23678 -3.01321 20 21 0
4.26952 -3.0375 30 29 1
-3.2688 -6.82674 1.13687e-13 7 0
-3.2975 -6.88418 10 15 0
-3.33058 -6.94974 20 23 0
-3.3625 -7.00575 30 31 1
-1.30086 5.28984 0 2 0
-1.31617 5.33607 10 10 0
-1.32792 5.3813 20 18 0
-1.34117 5.43178 30 26 1
-1.11956 5.37477 0 2 0
-1.13617 5.42477 10 10 0
-1.14391 5.47276 20 18 0
-1.16117 5.52048 30 26 1
-1.9121 4.46945 0 1 0
-1.93117 4.50857 10 10 0
-1.95111 4.55055 20 17 0
-1.97117 4.591 30 26 1
4.16766 4.60673 0 3 0
4.2025 4.64963 10 11 0
4.23392 4.6883 20 19 0
4.2725 4.73377 30 27 1
-4.35813 6.02382 0 1 0
-4.40617 6.08555 10 10 0
-4.44827 6.13693 20 17 0
-4.49117 6.19176 30 26 1
2.18301 -6.93611 0 6 0
2.20117 -7.00596 10 14 0
2.21548 -7.06677 20 22 0
2.23617 -7.13288 30 30 1
-0.74613 6.32856 -1.13687e-13 2 0
-0.756169 6.3812 10 10 0
-0.765072 6.43962 20 18 0
-0.776169 6.49313 30 26 1
-2.93117 4.35599 10 10 0
-2.9643 4.39656 20 17 0
-2.99117 4.4372 30 26 1
-3.2575 -3.36522 10 15 0
-3.28823 -3.39819 20 23 0
-3.3225 -3.43022 30 31 1
6.64701 -4.14145 -2.27374e-13 5 0
6.70852 -4.1825 10 13 0
6.76506 -4.21741 20 21 0
6.82595 -4.2575 30 29 1
3.06359 -5.65537 -2.27374e-13 5 0
3.09117 -5.70393 10 14 0
3.11724 -5.75878 20 21 0
3.14117 -5.8105 30 30 1
-3.5075 -4.10312 10 15 0
-3.54221 -4.14201 20 23 0
-3.5775 -4.18019 30 31 1
-0.342939 6.2175 0 2 0
-0.346169 6.27526 10 10 0
-0.353763 6.33509 20 18 0
-0.356169 6.38425 30 26 1
2.02332 -4.82941 -1.13687e-13 5 0
2.03617 -4.86813 10 14 0
2.05467 -4.91816 20 21 0
2.06617 -4.9547 30 30 1
2.44218 5.82408 0 3 0
2.4625 5.87948 10 11 0
2.48165 5.93243 20 19 0
2.5025 5.98312 30 27 1
0.236141 4.40138 0 2 0
0.2325 4.43437 10 11 0
0.233435 4.47324 20 18 0
0.2325 4.51922 30 27 1
-6.91555 -3.62345 0 7 0
-6.98811 -3.66117 10 8 0
-7.05433 -3.69717 20 23 0
-7.11675 -3.72617 30 24 1
6.48535 -0.0494282 0 4 0
6.54039 -0.0475 10 13 0
6.5964 -0.0467222 20 20 0
6.65353 -0.0475 30 29 1
2.97146 -4.74048 -2.27374e-13 5 0
2.99617 -4.78161 10 14 0
3.02353 -4.82699 20 21 0
3.04617 -4.87404 30 30 1
5.43311 3.57225 -2.27374e-13 3 0
5.48354 3.60617 10 12 0
5.52504 3.63739 20 19 0
5.57682 3.67117 30 28 1
-6.74504 -3.59071 -1.13687e-13 7 0
-6.80668 -3.62117 10 8 0
-6.86804 -3.65248 20 23 0
-6.93532 -3.68617 30 24 1
-3.59617 3.7482 10 10 0
-3.6311 3.78519 20 17 0
-3.66617 3.8182 30 26 1
-5.95302 3.9947 1.13687e-13 1 0
-6.01405 4.0325 10 9 0
-6.07108 4.07066 20 17 0
-6.12648 4.1025 30 25 1
-2.01794 5.58382 0 2 0
-2.03617 5.63181 10 10 0
-2.05582 5.68834 20 18 0
-2.07617 5.73545 30 26 1
-6.85118 1.213 1.13687e-13 0 0
-6.90929 1.2225 10 9 0
-6.97531 1.23194 20 16 0
-7.04036 1.2475 30 25 1
-5.87779 1.09123 1.13687e-13 0 0
-5.93576 1.0975 10 9 0
-5.99538 1.10747 20 16 0
-6.04769 1.1175 30 25 1
6.48535 1.30897 1.13687e-13 4 0
6.53608 1.32117 10 12 0
6.5964 1.33333 20 20 0
6.65301 1.34617 30 28 1
-8.56931 0.539211 1.13687e-13 0 0
-8.65467 0.5425 10 9 0
-8.73263 0.547329 20 16 0
-8.81316 0.5525 30 25 1
5.72754 -0.5798 1.13687e-13 4 0
5.78139 -0.5825 10 13 0
5.83206 -0.590624 20 20 0
5.88124 -0.5975 30 29 1
-4.64831 3.4375 10 9 0
-4.69601 3.46862 20 17 0
-4.73659 3.4975 30 25 1
-1.8002 -5.74714 -2.27374e-13 6 0
-1.8175 -5.79309 10 15 0
-1.83808 -5.85166 20 22 0
-1.8575 -5.9038 30 31 1
1.20073 -5.8582 -1.13687e-13 6 0
1.21117 -5.91696 10 14 0
1.21968 -5.96925 20 22 0
1.22617 -6.01682 30 30 1
5.72274 -5.55537 0 5 0
5.76679 -5.6025 10 13 0
5.81783 -5.65429 20 21 0
5.87179 -5.7075 30 29 1
3.53436 6.4226 0 3 0
3.5675 6.48243 10 11 0
3.59343 6.53907 20 19 0
3.6275 6.599 30 27 1
7.02757 0.840839 1.13687e-13 4 0
7.08639 0.846169 10 12 0
7.15169 0.854369 20 20 0
7.20745 0.861169 30 28 1
7.96176 -1.72172 1.13687e-13 4 0
8.02533 -1.7375 10 13 0
8.09895 -1.75149 20 20 0
8.16847 -1.7675 30 29 1
1.13453 6.54414 -1.13687e-13 2 0
1.1425 6.60302 10 11 0
1.14806 6.66826 20 18 0
1.1575 6.72408 30 27 1
5.24323 -6.42291 -2.27374e-13 5 0
5.29117 -6.48264 10 14 0
5.33337 -6.53602 20 21 0
5.38117 -6.59386 30 30 1
-6.95406 5.18326 0 1 0
-7.02313 5.2325 10 9 0
-7.08406 5.27499 20 17 0
-7.14849 5.3225 30 25 1
-2.92375 3.91974 2.27374e-13 1 0
-2.95617 3.95672 10 10 0
-2.9873 3.99477 20 17 0
-3.01617 4.03087 30 26 1
4.62951 3.99706 -2.27374e-13 3 0
4.6711 4.03117 10 12 0
4.71378 4.06985 20 19 0
4.74817 4.10117 30 28 1
-6.41348 1.16159 0 0 0
-6.47745 1.1725 10 9 0
-6.53108 1.18323 20 16 0
-6.59645 1.1925 30 25 1
0.862487 -4.72802 -1.13687e-13 6 0
0.866169 -4.77293 10 14 0
0.873311 -4.81948 20 22 0
0.881169 -4.85864 30 30 1
5.38007 -4.02256 -3.41061e-13 5 0
5.42887 -4.0625 10 13 0
5.4747 -4.09423 20 21 0
5.52715 -4.1325 30 29 1
4.71271 2.40794 -1.13687e-13 3 0
4.74901 2.42617 10 12 0
4.78999 2.45077 20 19 0
4.82937 2.47117 30 28 1
7.22154 3.00335 -2.27374e-13 3 0
7.28942 3.03617 10 12 0
7.34837 3.06129 20 19 0
7.41513 3.09117 30 28 1
7.82457 2.52937 0 4 0
7.89336 2.55117 10 12 0
7.96176 2.57537 20 20 0
8.02821 2.60117 30 28 1
-0.149549 -5.57728 -1.13687e-13 6 0
-0.1525 -5.62716 10 15 0
-0.157667 -5.67528 20 22 0
-0.1625 -5.72908 30 31 1
-5.01493 -5.45017 0 7 0
-5.0625 -5.49549 10 15 0
-5.11002 -5.54909 20 23 1
-4.71802 6.89268 1.13687e-13 1 0
-4.76117 6.95674 10 10 0
-4.80975 7.02268 20 17 0
-4.85117 7.08209 30 26 1
-0.3425 -8.21425 10 15 0
-0.347086 -8.2884 20 22 0
-0.3525 -8.36567 30 31 1
-1.67699 5.4401 -2.27374e-13 2 0
-1.69617 5.4898 10 10 0
-1.71217 5.53809 20 18 1
-5.89656 5.02123 -1.13687e-13 1 0
-5.95304 5.0675 10 9 0
-6.01237 5.11791 20 17 0
-6.06925 5.1625 30 25 1
3.67036 -3.04378 0 5 0
3.69848 -3.0675 10 13 0
3.72962 -3.09539 20 21 0
3.76055 -3.1225 30 29 1
-4.61549 -7.43868 0 7 0
-4.6575 -7.50172 10 15 0
-4.7034 -7.5725 20 23 0
-4.7475 -7.64122 30 31 1
6.68786 -0.252377 2.27374e-13 4 0
6.74539 -0.2525 10 13 0
6.80545 -0.257789 20 20 0
6.86353 -0.2575 30 29 1
-6.62827 -3.81835 -1.13687e-13 7 0
-6.6902 -3.85117 10 8 0
-6.75397 -3.88666 20 23 0
-6.81677 -3.92117 30 24 1
-8.62811 0.347086 1.13687e-13 0 0
-8.70508 0.3525 10 9 0
-8.7849 0.352498 20 16 0
-8.86565 0.3575 30 25 1
-0.830015 4.83254 0 2 0
-0.841169 4.87521 10 10 0
-0.848957 4.91747 20 18 0
-0.861169 4.96592 30 26 1
0.870605 -4.96973 1.13687e-13 6 0
0.876169 -5.00921 10 14 0
0.884135 -5.05466 20 22 0
0.891169 -5.10199 30 30 1
-7.02171 -4.21945 1.13687e-13 7 0
-7.08813 -4.25617 10 8 0
-7.15666 -4.29699 20 23 0
-7.2247 -4.33617 30 24 1
-4.62504 1.0525 10 9 0
-4.66922 1.06146 20 16 0
-4.71575 1.0725 30 25 1
5.59806 6.40068 -1.13687e-13 3 0
5.6475 6.45525 10 11 0
5.69474 6.51649 20 19 0
5.7475 6.57647 30 27 1
6.29589 2.55643 0 4 0
6.35358 2.58117 10 12 0
6.40695 2.60243 20 20 0
6.46222 2.62617 30 28 1
-0.380823 4.5843 0 2 0
-0.386169 4.62527 10 10 0
-0.391647 4.66269 20 18 0
-0.396169 4.70598 30 26 1
-4.23006 6.19808 -1.13687e-13 1 0
-4.27617 6.2596 10 10 0
-4.31638 6.31501 20 17 0
-4.35617 6.36789 30 26 1
-1.76502 -7.80497 0 6 0
-1.7875 -7.87734 10 15 0
-1.8029 -7.9487 20 22 0
-1.8225 -8.01841 30 31 1
1.90568 -4.2449 -2.27374e-13 5 0
1.92117 -4.27937 10 14 0
1.93815 -4.32329 20 21 0
1.95617 -4.36387 30 30 1
-0.444501 -7.00797 0 6 0
-0.4525 -7.07267 10 15 0
-0.458031 -7.13209 20 22 0
-0.4675 -7.20081 30 31 1
4.30406 -1.1275 10 13 0
4.34258 -1.13723 20 20 0
4.38063 -1.1475 30 29 1
4.87174 1.06273 1.13687e-13 4 0
4.91429 1.07117 10 12 0
4.95667 1.07626 20 20 0
5 1.08617 30 28 1
-4.14929 2.5425 10 9 0
-4.18633 2.56477 20 17 0
-4.22964 2.5875 30 25 1
-3.80617 3.83092 10 10 0
-3.84398 3.86796 20 17 0
-3.88117 3.89885 30 26 1
-4.65934 -5.51936 -1.13687e-13 7 0
-4.7025 -5.56682 10 15 0
-4.74136 -5.61286 20 23 0
-4.7875 -5.66597 30 31 1
-6.06071 0.571682 0 0 0
-6.1158 0.5775 10 9 0
-6.17177 0.5798 20 16 0
-6.23186 0.5875 30 25 1
-7.58709 3.27527 -1.13687e-13 1 0
-7.65993 3.3025 10 9 0
-7.73082 3.3348 20 17 0
-7.80478 3.3625 30 25 1
-6.89294 5.02264 0 1 0
-6.95713 5.0675 10 9 0
-7.02294 5.11437 20 17 0
-7.08248 5.1575 30 25 1
2.15197 4.24806 0 3 0
2.1675 4.2834 10 11 0
2.18174 4.31992 20 19 0
2.2025 4.36083 30 27 1
1.12226 -6.53108 0 6 0
1.13117 -6.59357 10 14 0
1.13579 -6.64213 20 22 0
1.14117 -6.70256 30 30 1
-0.148108 5.4205 0 2 0
-0.151169 5.47215 10 10 0
-0.156226 5.51849 20 18 1
-1.68113 -4.40138 0 6 0
-1.6975 -4.44273 10 15 0
-1.71631 -4.4863 20 22 0
-1.7325 -4.52015 30 31 1
-4.51507 -7.48367 0 7 0
-4.5575 -7.55021 10 15 0
-4.60297 -7.6175 20 23 0
-4.6475 -7.68971 30 31 1
-5.0434 -4.77117 10 8 0
-5.09095 -4.81058 20 23 0
-5.13548 -4.85617 30 24 1
-3.72269 -3.52117 10 8 0
-3.75925 -3.55541 20 23 0
-3.79477 -3.58617 30 24 1
7.9487 -0.206375 1.13687e-13 4 0
8.02268 -0.2075 10 13 0
8.09242 -0.206375 20 20 0
8.15703 -0.2075 30 29 1
-5.29921 -6.45007 1.13687e-13 7 0
-5.3475 -6.50881 10 15 0
-5.39589 -6.56589 20 23 0
-5.4475 -6.62295 30 31 1
-5.68911 -4.73903 1.13687e-13 7 0
-5.7393 -4.78117 10 8 0
-5.79568 -4.82647 20 23 0
-5.84551 -4.86617 30 24 1
2.86669 -4.22624 -1.13687e-13 5 0
2.89117 -4.26649 10 14 0
2.91335 -4.29969 20 21 0
2.93617 -4.33978 30 30 1
4.64309 -0.5798 1.13687e-13 4 0
4.68744 -0.5775 10 13 0
4.73455 -0.574388 20 20 0
4.78144 -0.5725 30 29 1
-4.33365 -7.26782 0 7 0
-4.3775 -7.33486 10 15 0
-4.41502 -7.39894 20 23 0
-4.4575 -7.47143 30 31 1
-5.68181 -0.656833 0 0 0
-5.73259 -0.666169 10 8 0
-5.7798 -0.670363 20 16 0
-5.84158 -0.676169 30 24 1
1.23465 4.4863 -1.13687e-13 2 0
1.2425 4.52513 10 11 0
1.25088 4.5647 20 18 0
1.2625 4.60877 30 27 1
-2.16821 -7.53713 0 6 0
-2.1875 -7.60559 10 15 0
-2.2088 -7.67432 20 22 0
-2.2325 -7.74251 30 31 1
-3.97117 4.29997 10 10 0
-4.00502 4.33515 20 17 0
-4.04617 4.38204 30 26 1
6.73359 0.44306 1.13687e-13 4 0
6.77331 0.441169 10 12 0
6.81199 0.437648 20 20 0
6.85316 0.436169 30 28 1
-5.72343 2.93086 1.13687e-13 1 0
-5.78051 2.9575 10 9 0
-5.83066 2.98069 20 17 0
-5.88001 3.0075 30 25 1
5.0024 0.375411 1.13687e-13 4 0
5.04661 0.376169 10 12 0
5.09386 0.380823 20 20 0
5.13439 0.386169 30 28 1
4.5002 3.4889 1.13687e-13 3 0
4.53794 3.51617 10 12 0
4.57523 3.55245 20 19 0
4.61001 3.58117 30 28 1
6.71198 -3.91941 -1.13687e-13 5 0
6.76844 -3.9525 10 13 0
6.82733 -3.98884 20 21 0
6.88794 -4.0225 30 29 1
-0.892253 5.7406 0 2 0
-0.901169 5.79081 10 10 0
-0.913901 5.84513 20 18 0
-0.926169 5.90066 30 26 1
-2.65497 3.75429 1.13687e-13 1 0
-2.68117 3.78779 10 10 0
-2.70546 3.82391 20 17 0
-2.73617 3.864 30 26 1
-0.905783 4.924 -1.13687e-13 2 0
-0.916169 4.97143 10 10 0
-0.927431 5.01546 20 18 0
-0.941169 5.06714 30 26 1
1.17097 -5.51196 0 6 0
1.18117 -5.55462 10 14 0
1.1872 -5.60342 20 22 0
1.19617 -5.65448 30 30 1
-7.84118 3.79724 0 1 0
-7.90916 3.8275 10 9 0
-7.98761 3.8633 20 17 0
-8.05694 3.8975 30 25 1
-5.30707 5.29661 -1.13687e-13 1 0
-5.3633 5.3475 10 9 0
-5.41252 5.39441 20 17 0
-5.46537 5.4425 30 25 1
1.60393 -5.45969 -1.13687e-13 6 0
1.61617 -5.50879 10 14 0
1.62828 -5.55769 20 22 0
1.64117 -5.6045 30 30 1
-3.1225 -4.09996 10 15 0
-3.15686 -4.13933 20 23 0
-3.1825 -4.1741 30 31 1
1.13182 4.5255 -1.13687e-13 2 0
1.1425 4.56655 10 11 0
1.14806 4.6039 20 18 0
1.1575 4.65226 30 27 1
4.74108 -0.728629 1.13687e-13 4 0
4.7838 -0.7375 10 13 0
4.82601 -0.742159 20 20 0
4.86451 -0.7475 30 29 1
3.18617 -4.1443 10 14 0
3.21622 -4.1816 20 21 0
3.24117 -4.22051 30 30 1
4.32268 -5.84678 -3.41061e-13 5 0
4.36117 -5.89913 10 14 0
4.39976 -5.95447 20 21 0
4.43117 -6.00448 30 30 1
-4.30295 5.14587 0 1 0
-4.34117 5.19323 10 10 0
-4.38498 5.23938 20 17 0
-4.42117 5.2803 30 26 1
-5.7994 0.311908 0 0 0
-5.85787 0.3125 10 9 0
-5.91046 0.314614 20 16 0
-5.96186 0.3175 30 25 1
-5.38245 -2.27405 0 7 0
-5.43219 -2.29617 10 8 0
-5.48315 -2.32117 20 23 0
-5.53376 -2.34117 30 24 1
6.94264 2.74314 0 4 0
7.0032 2.77117 10 12 0
7.06677 2.79456 20 20 0
7.12391 2.82117 30 28 1
-2.6125 -5.65471 10 15 0
-2.63603 -5.70414 20 23 0
-2.6675 -5.75921 30 31 1
-4.98094 0.7225 10 9 0
-5.02853 0.728629 20 16 0
-5.07372 0.7375 30 25 1
5.8386 1.76628 0 4 0
5.88592 1.78117 10 12 0
5.94312 1.79876 20 20 0
5.99163 1.81617 30 28 1
2.15197 8.29494 0 2 0
2.1675 8.37048 10 11 0
2.18715 8.44519 20 18 0
2.2025 8.51862 30 27 1
2.56993 -3.94096 -2.27374e-13 5 0
2.58617 -3.96856 10 14 0
2.61006 -4.0117 20 21 0
2.63117 -4.04892 30 30 1
2.88773 3.72479 -3.41061e-13 3 0
2.9125 3.75561 10 11 0
2.93551 3.78787 20 19 0
2.9625 3.82682 30 27 1
-6.80584 4.25054 1.13687e-13 1 0
-6.87009 4.2875 10 9 0
-6.93426 4.32537 20 17 0
-6.99959 4.3675 30 25 1
6.15167 5.54218 -2.27374e-13 3 0
6.20282 5.59117 10 12 0
6.25983 5.64652 20 19 0
6.31489 5.69617 30 28 1
-3.60002 -7.99221 -1.13687e-13 7 0
-3.6325 -8.06771 10 15 0
-3.66609 -8.13864 20 23 0
-3.7025 -8.20842 30 31 1
4.8709 -6.80447 -2.27374e-13 5 0
4.91617 -6.87132 10 14 0
4.9534 -6.92523 20 21 0
4.99617 -6.98667 30 30 1
-4.34751 -1.87617 10 8 0
-4.3861 -1.89382 20 23 0
-4.432 -1.91117 30 24 1
-4.42713 -4.38117 10 8 0
-4.46801 -4.41725 20 23 0
-4.5142 -4.46117 30 24 1
3.4958 2.33142 -1.13687e-13 3 0
3.52143 2.35117 10 12 0
3.54965 2.36996 20 19 0
3.58057 2.39617 30 28 1
-5.18389 1.4275 10 9 0
-5.23105 1.4403 20 16 0
-5.28667 1.4525 30 25 1
6.18864 -4.4475 10 13 0
6.23773 -4.48605 20 21 0
6.29192 -4.5225 30 29 1
-2.56143 4.05109 -1.13687e-13 1 0
-2.58617 4.08877 10 10 0
-2.60809 4.12453 20 17 0
-2.63617 4.16705 30 26 1
6.35469 -2.56058 1.13687e-13 4 0
6.4096 -2.5825 10 13 0
6.46575 -2.60658 20 20 0
6.51824 -2.6275 30 29 1
1.33333 -5.90392 -1.13687e-13 6 0
1.34617 -5.96004 10 14 0
1.35498 -6.00845 20 22 1
-3.0875 -4.38316 10 15 0
-3.11623 -4.42016 20 23 0
-3.1475 -4.4573 30 31 1
1.94091 7.36728 1.13687e-13 2 0
1.9575 7.43216 10 11 0
1.97338 7.49793 20 18 0
1.9875 7.56823 30 27 1
-4.91517 4.3766 -1.13687e-13 1 0
-4.95862 4.4125 10 9 0
-5.00597 4.4521 20 17 0
-5.05277 4.4925 30 25 1
-8.55625 -1.47404 1.13687e-13 0 0
-8.63648 -1.49117 10 8 0
-8.71957 -1.5038 20 16 0
-8.79583 -1.51617 30 24 1
2.94068 -7.53713 -1.13687e-13 6 0
2.96617 -7.60832 10 14 0
2.98939 -7.68085 20 22 0
3.01617 -7.75025 30 30 1
3.69922 3.76326 -1.13687e-13 3 0
3.7325 3.79779 10 11 0
3.7666 3.83447 20 19 0
3.7975 3.86986 30 27 1
-0.2575 -8.57473 10 15 0
-0.263201 -8.64771 20 22 0
-0.2675 -8.72615 30 31 1
3.13062 7.47306 -1.13687e-13 3 0
3.1575 7.54321 10 11 0
3.18362 7.61407 20 19 0
3.2075 7.67807 30 27 1
4.3104 -4.28846 -1.13687e-13 5 0
4.35037 -4.3275 10 13 0
4.38431 -4.36237 20 21 0
4.42537 -4.4025 30 29 1
1.40368 -5.86473 0 6 0
1.41117 -5.91897 10 14 0
1.42263 -5.97579 20 22 0
1.43117 -6.02383 30 30 1
5.98232 -0.804397 0 4 0
6.03967 -0.8125 10 13 0
6.08684 -0.820633 20 20 0
6.13952 -0.8275 30 29 1
5.80593 -1.1697 2.27374e-13 4 0
5.85313 -1.1775 10 13 0
5.90392 -1.18865 20 20 0
5.95091 -1.1975 30 29 1
-6.88385 0.907224 1.13687e-13 0 0
-6.9437 0.9175 10 9 0
-7.00797 0.926166 20 16 0
-7.07184 0.9325 30 25 1
-4.42796 2.0575 10 9 0
-4.46468 2.07393 20 17 0
-4.50539 2.0925 30 25 1
1.19532 -4.29032 -2.27374e-13 6 0
1.20117 -4.33012 10 14 0
1.21156 -4.36871 20 22 0
1.22117 -4.41376 30 30 1
2.9825 4.0236 10 11 0
3.00884 4.05638 20 19 0
3.0325 4.09481 30 27 1
-3.0275 -6.42327 10 15 0
-3.06052 -6.48069 20 23 0
-3.0875 -6.53983 30 31 1
-6.11283 4.6941 0 1 0
-6.17458 4.7375 10 9 0
-6.22977 4.78042 20 17 0
-6.28786 4.8225 30 25 1
5.10064 6.14052 -2.27374e-13 3 0
5.1475 6.19567 10 11 0
5.19078 6.25362 20 19 0
5.2375 6.30688 30 27 1
-1.3943 -5.52502 -1.13687e-13 6 0
-1.4075 -5.57401 10 15 0
-1.42136 -5.62955 20 22 0
-1.4375 -5.67472 30 31 1
5.05015 -4.07532 1.13687e-13 5 0
5.09203 -4.1075 10 13 0
5.13442 -4.14811 20 21 0
5.1741 -4.1825 30 29 1
-3.48604 -6.17528 0 7 0
-3.5175 -6.22737 10 15 0
-3.55276 -6.2841 20 23 0
-3.5825 -6.3348 30 31 1
3.80337 1.72821 0 3 0
3.83567 1.74617 10 12 0
3.86487 1.75909 20 19 0
3.90102 1.77617 30 28 1
-6.54414 1.24818 0 0 0
-6.60488 1.2575 10 9 0
-6.66173 1.26983 20 16 0
-6.72888 1.2825 30 25 1
-1.64993 4.39485 0 2 0
-1.66617 4.43449 10 10 0
-1.6824 4.47324 20 18 0
-1.70117 4.51192 30 26 1
-4.78229 -7.2534 -1.13687e-13 7 0
-4.8275 -7.31817 10 15 0
-4.87402 -7.3834 20 23 0
-4.9175 -7.45059 30 31 1
-4.98614 0.6075 10 9 0
-5.04159 0.614978 20 16 0
-5.086 0.6225 30 25 1
4.87174 -0.571682 0 4 0
4.91372 -0.5775 10 13 0
4.95667 -0.5798 20 20 0
5.0015 -0.5875 30 29 1
-6.70712 1.9325 10 9 0
-6.77279 1.94903 20 16 0
-6.83405 1.9675 30 25 1
-2.22617 6.52891 10 10 0
-2.24795 6.58334 20 18 0
-2.27117 6.64462 30 26 1
1.85829 -8.04669 -1.13687e-13 6 0
1.87117 -8.11846 10 14 0
1.88805 -8.19694 20 22 0
1.90117 -8.26867 30 30 1
-5.62404 -3.88946 -1.13687e-13 7 0
-5.68333 -3.92617 10 8 0
-5.73556 -3.96272 20 23 0
-5.78868 -3.99617 30 24 1
-6.16524 2.54164 1.13687e-13 0 0
-6.2249 2.5675 10 9 0
-6.28283 2.59034 20 16 0
-6.34061 2.6125 30 25 1
-1.68384 -7.81804 1.13687e-13 6 0
-1.7025 -7.89134 10 15 0
-1.71902 -7.95523 20 22 0
-1.7375 -8.02533 30 31 1
1.57145 -5.90392 -1.13687e-13 6 0
1.58617 -5.95962 10 14 0
1.59581 -6.01498 20 22 0
1.61117 -6.06948 30 30 1
-1.39117 7.95666 10 10 0
-1.40098 8.02709 20 18 0
-1.41617 8.09479 30 26 1
4.30844 -5.31592 -3.41061e-13 5 0
4.34617 -5.36794 10 14 0
4.38011 -5.41055 20 21 0
4.42117 -5.46415 30 30 1
-3.00423 6.74024 1.13687e-13 1 0
-3.03617 6.80151 10 10 0
-3.066 6.86324 20 17 0
-3.09617 6.92515 30 26 1
6.60269 -2.91081 0 5 0
6.65853 -2.9375 10 13 0
6.71645 -2.96335 20 21 0
6.77217 -2.9875 30 29 1
2.64724 5.60054 -2.27374e-13 3 0
2.6675 5.65314 10 11 0
2.69437 5.70124 20 19 0
2.7175 5.75264 30 27 1
-5.02044 -2.55617 10 8 0
-5.06324 -2.57478 20 23 0
-5.11493 -2.60117 30 24 1
5.25718 -0.596036 0 4 0
5.29934 -0.6025 10 13 0
5.34864 -0.60686 20 20 0
5.39419 -0.6125 30 29 1
-6.41348 -0.26176 0 0 0
-6.4781 -0.266169 10 8 0
-6.53761 -0.269878 20 16 0
-6.59624 -0.271169 30 24 1
3.51737 7.55749 -1.13687e-13 3 0
3.5475 7.62916 10 11 0
3.57419 7.69468 20 19 0
3.6075 7.76694 30 27 1
4.91206 -3.58517 -1.13687e-13 5 0
4.95558 -3.6175 10 13 0
5.00016 -3.65413 20 21 0
5.03973 -3.6875 30 29 1
3.47029 -3.78894 1.13687e-13 5 0
3.50117 -3.82997 10 14 0
3.52461 -3.85473 20 21 0
3.55617 -3.89204 30 30 1
-5.22299 -1.11117 10 8 0
-5.27024 -1.11956 20 16 0
-5.32078 -1.13117 30 24 1
-1.55522 5.78633 -1.13687e-13 2 0
-1.57117 5.83856 10 10 0
-1.58769 5.89086 20 18 0
-1.60117 5.93927 30 26 1
0.307761 -5.93659 -1.13687e-13 6 0
0.311169 -5.99277 10 14 0
0.310467 -6.04765 20 22 0
0.311169 -6.09884 30 30 1
-3.72097 2.8425 10 9 0
-3.75428 2.86747 20 17 0
-3.79218 2.8925 30 25 1
2.94607 4.63652 -2.27374e-13 3 0
2.9675 4.68035 10 11 0
2.99161 4.72032 20 19 0
3.0175 4.76571 30 27 1
0.0994008 -6.30896 0 6 0
0.0961686 -6.36467 10 14 0
0.0966948 -6.42002 20 22 0
0.0961686 -6.48488 30 30 1
-4.06304 3.1775 10 9 0
-4.10648 3.20819 20 17 0
-4.14425 3.2375 30 25 1
-3.61114 3.3125 10 9 0
-3.64169 3.34038 20 17 0
-3.67821 3.3725 30 25 1
6.03458 0.369999 2.27374e-13 4 0
6.08106 0.371169 10 12 0
6.13257 0.372705 20 20 0
6.18712 0.371169 30 28 1
5.00307 -4.51043 -2.27374e-13 5 0
5.04206 -4.5525 10 13 0
5.09275 -4.59628 20 21 0
5.13413 -4.6375 30 29 1
3.09429 5.56924 -2.27374e-13 3 0
3.1225 5.62731 10 11 0
3.14795 5.67264 20 19 0
3.1725 5.72681 30 27 1
0.832721 -5.62301 -1.13687e-13 6 0
0.836169 -5.66924 10 14 0
0.846251 -5.72101 20 22 0
0.851169 -5.77617 30 30 1
-5.63709 -2.98025 1.13687e-13 7 0
-5.68757 -3.01117 10 8 0
-5.74049 -3.0339 20 23 0
-5.79914 -3.06617 30 24 1
4.1478 -3.42555 0 5 0
4.18247 -3.4525 10 13 0
4.2163 -3.48639 20 21 0
4.24954 -3.5125 30 29 1
-3.0375 -4.91299 10 15 0
-3.0656 -4.95121 20 23 0
-3.0975 -5.00127 30 31 1
-0.872046 -4.96973 0 6 0
-0.8825 -5.02073 10 15 0
-0.893694 -5.06119 20 22 0
-0.9075 -5.09522 30 31 1
-4.59176 3.9325 10 9 0
-4.63839 3.96971 20 17 0
-4.6759 4.0025 30 25 1
5.32498 -3.3016 0 5 0
5.37062 -3.3325 10 13 0
5.42073 -3.36291 20 21 0
5.46598 -3.3925 30 29 1
-0.827309 8.51052 -1.13687e-13 2 0
-0.836169 8.58959 10 10 0
-0.848957 8.66731 20 18 0
-0.856169 8.74395 30 26 1
-7.07983 -1.69593 1.13687e-13 0 0
-7.14528 -1.71117 10 8 0
-7.21049 -1.7284 20 16 0
-7.28135 -1.74117 30 24 1
4.94999 -6.42051 0 5 0
4.99617 -6.48463 10 14 0
5.03901 -6.54398 20 21 0
5.08117 -6.59791 30 30 1
4.66493 4.55293 0 3 0
4.70784 4.59117 10 12 0
4.74808 4.63608 20 19 0
4.78577 4.67617 30 28 1
-7.11903 1.07499 1.13687e-13 0 0
-7.18441 1.0875 10 9 0
-7.24968 1.09664 20 16 0
-7.31255 1.1025 30 25 1
1.19532 -5.98885 0 6 0
1.20617 -6.03924 10 14 0
1.21156 -6.09338 20 22 0
1.22117 -6.14617 30 30 1
-0.56627 -8.49092 -1.13687e-13 6 0
-0.5725 -8.57153 10 15 0
-0.582506 -8.64771 20 22 0
-0.5875 -8.72795 30 31 1
4.0055 1.94182 -2.27374e-13 3 0
4.0436 1.96117 10 12 0
4.07624 1.98195 20 19 0
4.10688 1.99617 30 28 1
-0.245524 6.41348 -1.13687e-13 2 0
-0.251169 6.47724 10 10 0
-0.256348 6.53108 20 18 0
-0.261169 6.59331 30 26 1
-6.04111 0.650156 0 0 0
-6.10388 0.6575 10 9 0
-6.1587 0.66098 20 16 0
-6.21287 0.6675 30 25 1
-7.49793 0.219905 1.13687e-13 0 0
-7.57099 0.2225 10 9 0
-7.64165 0.225317 20 16 0
-7.71034 0.2275 30 25 1
-5.88892 -2.60831 -1.13687e-13 7 0
-5.94396 -2.63117 10 8 0
-6.00651 -2.65702 20 23 0
-6.05967 -2.67617 30 24 1
-4.88919 -3.55261 -1.13687e-13 7 0
-4.93321 -3.58617 10 8 0
-4.98112 -3.61774 20 23 0
-5.03356 -3.65117 30 24 1
4.41444 -0.284848 0 4 0
4.44694 -0.2875 10 13 0
4.49284 -0.29026 20 20 0
4.52265 -0.2925 30 29 1
4.29011 3.56965 -1.13687e-13 3 0
4.33095 3.60617 10 12 0
4.36785 3.63973 20 19 0
4.39802 3.66617 30 28 1
2.72015 3.25489 0 3 0
2.7425 3.28155 10 11 0
2.76522 3.31144 20 19 0
2.7875 3.3407 30 27 1
2.91585 -3.45646 -2.27374e-13 5 0
2.94117 -3.48918 10 14 0
2.97017 -3.52225 20 21 0
2.99117 -3.55332 30 30 1
-8.02709 -2.44007 1.13687e-13 0 0
-8.10742 -2.46117 10 8 0
-8.18388 -2.48337 20 16 0
-8.25848 -2.50617 30 24 1
3.56813 -3.51557 -1.13687e-13 5 0
3.59865 -3.5475 10 13 0
3.62627 -3.57754 20 21 0
3.65658 -3.6125 30 29 1
5.94312 1.13309 1.13687e-13 4 0
5.99339 1.14617 10 12 0
6.04765 1.15473 20 20 0
6.09117 1.16617 30 28 1
-2.42654 7.21049 0 2 0
-2.45117 7.2701 10 10 0
-2.47255 7.33461 20 18 0
-2.49617 7.39995 30 26 1
-3.69689 6.04758 1.13687e-13 1 0
-3.73117 6.10351 10 10 0
-3.76361 6.1564 20 17 0
-3.80117 6.20887 30 26 1
6.43308 -1.95444 1.13687e-13 4 0
6.49257 -1.9725 10 13 0
6.55067 -1.98691 20 20 0
6.60035 -2.0025 30 29 1
-4.45679 4.2925 10 9 0
-4.50051 4.32932 20 17 0
-4.53886 4.3675 30 25 1
0.328144 8.73917 1.13687e-13 2 0
0.3275 8.82151 10 11 0
0.328144 8.89595 20 18 0
0.3275 8.97707 30 27 1
-5.7946 5.58514 1.13687e-13 1 0
-5.84628 5.6325 10 9 0
-5.90658 5.68565 20 17 0
-5.95336 5.7325 30 25 1
-3.52823 6.12385 1.13687e-13 1 0
-3.56117 6.17393 10 10 0
-3.59496 6.23266 20 17 0
-3.63117 6.28635 30 26 1
-8.58238 -1.01943 0 0 0
-8.67146 -1.03117 10 8 0
-8.7457 -1.03838 20 16 0
-8.83288 -1.05117 30 24 1
4.37989 -3.64616 1.13687e-13 5 0
4.41454 -3.6775 10 13 0
4.45492 -3.70971 20 21 0
4.49869 -3.7475 30 29 1
0.75966 -7.04064 0 6 0
0.766169 -7.11245 10 14 0
0.770484 -7.17129 20 22 0
0.776169 -7.23559 30 30 1
7.33461 -2.73917 1.13687e-13 4 0
7.4007 -2.7675 10 13 0
7.45873 -2.79059 20 20 0
7.52848 -2.8175 30 29 1
-3.11117 4.21779 10 10 0
-3.14351 4.25431 20 17 0
-3.17617 4.29693 30 26 1
-4.29451 -3.21617 10 8 0
-4.33251 -3.24084 20 23 0
-4.37779 -3.27117 30 24 1
-6.97531 2.20609 0 0 0
-7.05162 2.2275 10 9 0
-7.1125 2.24668 20 16 0
-7.17854 2.2625 30 25 1
2.23713 -8.20348 -1.13687e-13 6 0
2.25617 -8.27718 10 14 0
2.2723 -8.35373 20 22 0
2.29117 -8.42532 30 30 1
-4.88348 4.95338 -1.13687e-13 1 0
-4.93117 4.99834 10 10 0
-4.97969 5.04194 20 17 0
-5.02617 5.08627 30 26 1
-2.70797 7.8507 -1.13687e-13 2 0
-2.73617 7.9228 10 10 0
-2.76209 7.99443 20 18 0
-2.79117 8.06265 30 26 1
4.77375 0.345645 1.13687e-13 4 0
4.81655 0.351169 10 12 0
4.85867 0.353763 20 20 0
4.89933 0.356169 30 28 1
-8.04136 -3.91118 0 7 0
-8.11456 -3.94617 10 8 0
-8.19702 -3.98649 20 23 0
-8.27442 -4.02117 30 24 1
-0.609566 -7.04064 -1.13687e-13 6 0
-0.6175 -7.10332 10 15 0
-0.625802 -7.17129 20 22 0
-0.6325 -7.23146 30 31 1
3.18393 2.91121 -2.27374e-13 3 0
3.2134 2.94117 10 12 0
3.23937 2.96664 20 19 0
3.2684 2.99617 30 28 1
-0.679922 -4.97627 -1.13687e-13 6 0
-0.6875 -5.02372 10 15 0
-0.696158 -5.06772 20 22 0
-0.7025 -5.10943 30 31 1
6.87264 -4.51633 -1.13687e-13 5 0
6.93503 -4.5575 10 13 0
6.9934 -4.59882 20 21 0
7.05746 -4.6375 30 29 1
6.54479 -3.31979 -2.27374e-13 5 0
6.60184 -3.3475 10 13 0
6.65473 -3.37615 20 21 0
6.71134 -3.4075 30 29 1
-4.37277 3.8125 10 9 0
-4.4131 3.84392 20 17 0
-4.45191 3.8775 30 25 1
-7.44567 2.4821 0 0 0
-7.51754 2.5025 10 9 0
-7.58939 2.5254 20 16 0
-7.65446 2.5475 30 25 1
-2.6725 -4.54091 10 15 0
-2.69988 -4.57783 20 23 0
-2.7225 -4.6192 30 31 1
2.06105 4.3944 0 3 0
2.0775 4.43382 10 11 0
2.09623 4.47933 20 19 0
2.1075 4.51332 30 27 1
-2.9875 -6.10042 10 15 0
-3.01734 -6.15432 20 23 0
-3.0475 -6.20992 30 31 1
-5.03859 -5.9254 0 7 0
-5.0925 -5.98511 10 15 0
-5.1391 -6.03738 20 23 0
-5.1875 -6.09425 30 31 1
-6.08237 -6.11962 -1.13687e-13 7 0
-6.1425 -6.17244 10 15 0
-6.19706 -6.22666 20 23 0
-6.2575 -6.28744 30 31 1
-3.64844 -7.10306 0 7 0
-3.6875 -7.16812 10 15 0
-3.72328 -7.23147 20 23 0
-3.7575 -7.29469 30 31 1
-5.54818 -5.75764 0 7 0
-5.6025 -5.80921 10 15 0
-5.65634 -5.86197 20 23 0
-5.7075 -5.91421 30 31 1
4.26266 0.681169 10 12 0
4.29685 0.689305 20 20 0
4.3413 0.696169 30 28 1
-4.377 4.0925 10 9 0
-4.41662 4.1268 20 17 0
-4.45907 4.1675 30 25 1
0.886841 -7.36074 1.13687e-13 6 0
0.896169 -7.4263 10 14 0
0.897665 -7.4914 20 22 0
0.906169 -7.55651 30 30 1
1.31312 7.36728 1.13687e-13 2 0
1.3225 7.43356 10 11 0
1.32936 7.49793 20 18 0
1.3425 7.56669 30 27 1
3.81135 7.67926 1.13687e-13 3 0
3.8425 7.74738 10 11 0
3.872 7.81262 20 19 0
3.9075 7.88309 30 27 1
5.72089 3.02578 -1.13687e-13 3 0
5.76999 3.05117 10 12 0
5.81777 3.07673 20 19 0
5.86742 3.10617 30 28 1
0.826045 8.37333 0 2 0
0.8325 8.44262 10 11 0
0.836869 8.51705 20 18 0
0.8425 8.60111 30 27 1
-8.92209 -0.418706 0 0 0
-9.00191 -0.421169 10 8 0
-9.08541 -0.426824 20 16 0
-9.16747 -0.431169 30 24 1
4.20231 -3.42648 -2.27374e-13 5 0
4.24197 -3.4625 10 13 0
4.27734 -3.49003 20 21 0
4.31611 -3.5225 30 29 1
6.20815 -4.34933 -1.13687e-13 5 0
6.26799 -4.3925 10 13 0
6.31585 -4.42641 20 21 0
6.37127 -4.4675 30 29 1
-6.06725 0.282142 1.13687e-13 0 0
-6.12278 0.2875 10 9 0
-6.18484 0.287554 20 16 0
-6.24092 0.2925 30 25 1
-6.81203 -1.90117 10 8 0
-6.87731 -1.92053 20 16 0
-6.93895 -1.93617 30 24 1
-3.37631 -6.96868 0 7 0
-3.4075 -7.02954 10 15 0
-3.44079 -7.09822 20 23 0
-3.4725 -7.15818 30 31 1
3.58277 2.41074 -2.27374e-13 3 0
3.6135 2.43617 10 12 0
3.64586 2.45852 20 19 0
3.67971 2.48117 30 28 1
-0.625802 -5.85166 -1.13687e-13 6 0
-0.6325 -5.9021 10 15 0
-0.642038 -5.95619 20 22 0
-0.6475 -6.00902 30 31 1
-1.60617 7.35141 10 10 0
-1.62016 7.41954 20 18 0
-1.63617 7.48041 30 26 1
-5.02754 4.34738 -1.13687e-13 1 0
-5.08212 4.3875 10 9 0
-5.12487 4.42558 20 17 0
-5.17626 4.4675 30 25 1
3.00991 5.71829 -2.27374e-13 3 0
3.0375 5.76858 10 11 0
3.06357 5.82169 20 19 0
3.0875 5.87515 30 27 1
7.10542 -4.32051 -3.41061e-13 5 0
7.17137 -4.3625 10 13 0
7.23001 -4.39917 20 21 0
7.28879 -4.4375 30 29 1
3.52228 -5.92655 -1.13687e-13 5 0
3.55117 -5.98008 10 14 0
3.58247 -6.03266 20 21 0
3.61117 -6.08251 30 30 1
1.74825 4.00506 -1.13687e-13 3 0
1.7625 4.04104 10 11 0
1.77801 4.07692 20 19 0
1.7875 4.11553 30 27 1
4.8263 -4.56709 -2.27374e-13 5 0
4.87078 -4.6075 10 13 0
4.90945 -4.65024 20 21 0
4.95078 -4.6875 30 29 1
5.88433 0.637891 1.13687e-13 4 0
5.93179 0.646169 10 12 0
5.98232 0.651421 20 20 0
6.03372 0.656169 30 28 1
-6.81954 -4.38466 1.13687e-13 7 0
-6.88336 -4.42617 10 8 0
-6.95066 -4.46603 20 23 0
-7.01993 -4.50617 30 24 1
4.82024 -2.38356 -1.13687e-13 5 0
4.85781 -2.4025 10 13 0
4.90404 -2.4291 20 21 0
4.93817 -2.4475 30 29 1
-6.20619 -4.24966 0 7 0
-6.26753 -4.29117 10 8 0
-6.32695 -4.33216 20 23 0
-6.38496 -4.36617 30 24 1
-4.79712 0.0225 10 9 0
-4.84561 0.0250743 20 16 0
-4.89612 0.0225 30 25 1
-2.7425 -4.73112 10 15 0
-2.76799 -4.76841 20 23 0
-2.7975 -4.81441 30 31 1
-4.36715 -1.93117 10 8 0
-4.40775 -1.94608 20 23 0
-4.45165 -1.96617 30 24 1
5.96363 -5.37915 0 5 0
6.00898 -5.4275 10 13 0
6.06526 -5.48077 20 21 0
6.11605 -5.5275 30 29 1
5.7798 1.85017 2.27374e-13 4 0
5.8295 1.86617 10 12 0
5.88433 1.88264 20 20 0
5.93521 1.90117 30 28 1
4.5451 -0.679922 0 4 0
4.58531 -0.6875 10 13 0
4.61696 -0.693452 20 20 0
4.65895 -0.6975 30 29 1
-3.36329 3.3475 10 9 0
-3.39847 3.38035 20 17 0
-3.43037 3.4075 30 25 1
-0.673069 7.04064 0 2 0
-0.686169 7.11023 10 10 0
-0.694716 7.17129 20 18 0
-0.701169 7.2313 30 26 1
-4.42231 -6.22756 1.13687e-13 7 0
-4.4625 -6.28142 10 15 0
-4.50593 -6.33796 20 23 0
-4.5475 -6.3947 30 31 1
6.32572 4.56436 0 3 0
6.37747 4.60617 10 12 0
6.43612 4.64797 20 19 0
6.49076 4.69117 30 28 1
1.19532 -7.98789 0 6 0
1.20617 -8.06157 10 14 0
1.21156 -8.13161 20 22 0
1.22117 -8.20385 30 30 1
-3.17117 4.48285 10 10 0
-3.19995 4.52122 20 17 0
-3.23117 4.56406 30 26 1
5.19838 0.505298 1.13687e-13 4 0
5.24525 0.511169 10 12 0
5.28984 0.516122 20 20 0
5.33303 0.521169 30 28 1
-5.55769 -1.43345 0 0 0
-5.60749 -1.44617 10 8 0
-5.66221 -1.46051 20 16 0
-5.72234 -1.47617 30 24 1
-1.24132 6.58334 -1.13687e-13 2 0
-1.25117 6.64286 10 10 0
-1.26568 6.70746 20 18 0
-1.28117 6.76478 30 26 1
6.2763 -1.8462 1.13687e-13 4 0
6.326 -1.8625 10 13 0
6.38082 -1.87867 20 20 0
6.43878 -1.8975 30 29 1
-4.96208 3.62754 1.13687e-13 1 0
-5.00766 3.6625 10 9 0
-5.05401 3.69267 20 17 0
-5.10801 3.7275 30 25 1
1.26983 6.36122 -1.13687e-13 2 0
1.2775 6.41982 10 11 0
1.28606 6.47881 20 18 0
1.2975 6.53881 30 27 1
-2.1425 -6.57771 10 15 0
-2.1628 -6.6356 20 22 0
-2.1825 -6.69549 30 31 1
0.156226 -6.25016 0 6 0
0.156169 -6.30446 10 14 0
0.156226 -6.36775 20 22 0
0.156169 -6.4176 30 30 1
-0.072341 8.22961 1.13687e-13 2 0
-0.0761686 8.30336 10 10 0
-0.0777529 8.37333 20 18 1
0.982991 8.6869 0 2 0
0.9925 8.76526 10 11 0
0.996521 8.83716 20 18 0
1.0025 8.92375 30 27 1
6.00192 -1.42948 2.27374e-13 4 0
6.05449 -1.4425 10 13 0
6.10644 -1.45654 20 20 0
6.15727 -1.4675 30 29 1
-1.2175 -7.66797 10 15 0
-1.22924 -7.73965 20 22 0
-1.2425 -7.8061 30 31 1
-4.71232 1.0125 10 9 0
-4.75415 1.02088 20 16 0
-4.79803 1.0275 30 25 1
7.83764 -0.84228 1.13687e-13 4 0
7.89901 -0.8475 10 13 0
7.97483 -0.85581 20 20 0
8.04129 -0.8625 30 29 1
-2.62011 -7.84417 -1.13687e-13 6 0
-2.6475 -7.9171 10 15 0
-2.67423 -7.98789 20 22 0
-2.6975 -8.05195 30 31 1
-1.46321 5.91699 -1.13687e-13 2 0
-1.48117 5.97483 10 10 0
-1.49298 6.02805 20 18 0
-1.50617 6.07761 30 26 1
-6.80351 -5.19522 0 7 0
-6.87105 -5.24117 10 8 0
-6.94658 -5.29237 20 23 0
-7.00848 -5.33617 30 24 1
-3.12021 -6.93837 -1.13687e-13 7 0
-3.1525 -7.00081 10 15 0
-3.18199 -7.06138 20 23 0
-3.2125 -7.12445 30 31 1
-5.49236 -2.2723 1.13687e-13 0 0
-5.5474 -2.29117 10 8 0
-5.60342 -2.31289 20 16 0
-5.65603 -2.33617 30 24 1
-4.33068 -4.96109 0 7 0
-4.3725 -5.00348 10 15 0
-4.41653 -5.05077 20 23 0
-4.4575 -5.09555 30 31 1
5.77327 -1.9842 0 4 0
5.82253 -2.0025 10 13 0
5.87126 -2.01938 20 20 0
5.92117 -2.0375 30 29 1
-3.3175 -4.66973 10 15 0
-3.35084 -4.71217 20 23 0
-3.3775 -4.75094 30 31 1
4.76827 3.15616 -2.27374e-13 3 0
4.80398 3.18117 10 12 0
4.85096 3.21205 20 19 0
4.89226 3.24117 30 28 1
1.21426 -7.38034 0 6 0
1.22117 -7.44017 10 14 0
1.2305 -7.511 20 22 0
1.24117 -7.58038 30 30 1
-5.72101 0.993815 0 0 0
-5.77005 1.0025 10 9 0
-5.82553 1.01005 20 16 0
-5.87698 1.0175 30 25 1
-0.360616 -4.61043 -1.13687e-13 6 0
-0.3675 -4.65422 10 15 0
-0.368734 -4.69535 20 22 0
-0.3775 -4.742 30 31 1
-0.792132 4.68882 0 2 0
-0.801169 4.73622 10 10 0
-0.811074 4.77375 20 18 0
-0.821169 4.81986 30 26 1
-6.94759 -5.50385 1.13687e-13 7 0
-7.01134 -5.55117 10 8 0
-7.08029 -5.60211 20 23 1
-5.09302 -1.47617 10 8 0
-5.14612 -1.49027 20 16 0
-5.19373 -1.50617 30 24 1
3.6713 5.09386 0 3 0
3.7025 5.13958 10 11 0
3.73643 5.18578 20 19 0
3.7675 5.23286 30 27 1
4.25112 -1.54313 1.13687e-13 4 0
4.28858 -1.5575 10 13 0
4.32298 -1.5729 20 20 0
4.36808 -1.5875 30 29 1
-4.54005 6.80273 -1.13687e-13 1 0
-4.58117 6.86159 10 10 0
-4.62254 6.92349 20 17 0
-4.66617 6.98194 30 26 1
-1.10747 -5.15918 0 6 0
-1.1225 -5.20416 10 15 0
-1.13453 -5.25064 20 22 0
-1.1475 -5.29987 30 31 1
-8.02852 -3.46208 -1.13687e-13 7 0
-8.10297 -3.49617 10 8 0
-8.18148 -3.53085 20 23 0
-8.25282 -3.56117 30 24 1
-6.22089 2.8122 0 1 0
-6.27569 2.8375 10 9 0
-6.33465 2.86473 20 17 1
2.44549 -7.80497 0 6 0
2.46617 -7.872 10 14 0
2.48608 -7.94216 20 22 0
2.50617 -8.01807 30 30 1
-6.06725 -2.48878 0 0 0
-6.12802 -2.51117 10 8 0
-6.18484 -2.53208 20 16 0
-6.24373 -2.55617 30 24 1
0.836869 8.05975 0 2 0
0.8375 8.12942 10 11 0
0.844986 8.21001 20 18 0
0.8525 8.27877 30 27 1
4.06016 4.46479 -1.13687e-13 3 0
4.0925 4.51135 10 11 0
4.12642 4.54635 20 19 0
4.1625 4.58135 30 27 1
-6.86425 -1.54169 1.13687e-13 0 0
-6.92664 -1.55617 10 8 0
-6.9949 -1.56875 20 16 0
-7.06271 -1.58617 30 24 1
4.85867 -0.712393 0 4 0
4.89815 -0.7175 10 13 0
4.93707 -0.723217 20 20 0
4.97886 -0.7275 30 29 1
2.33454 -7.8507 -2.27374e-13 6 0
2.35617 -7.92463 10 14 0
2.37242 -7.99443 20 22 0
2.39117 -8.05863 30 30 1
-2.2375 -7.25254 10 15 0
-2.25751 -7.32155 20 22 0
-2.2825 -7.38239 30 31 1
4.46671 -0.12249 2.27374e-13 4 0
4.50114 -0.1225 10 13 0
4.53857 -0.125196 20 20 0
4.57893 -0.1225 30 29 1
3.19983 -6.95115 0 5 0
3.23117 -7.01773 10 14 0
3.25395 -7.0818 20 21 0
3.28117 -7.14551 30 30 1
1.10873 -6.53761 -1.13687e-13 6 0
1.11617 -6.59978 10 14 0
1.12226 -6.66173 20 22 0
1.13117 -6.72085 30 30 1
2.40906 3.57522 -2.27374e-13 3 0
2.4275 3.61002 10 11 0
2.44648 3.63943 20 19 0
2.4725 3.67623 30 27 1
-1.65263 6.36122 0 2 0
-1.67117 6.41939 10 10 0
-1.69052 6.47881 20 18 0
-1.70617 6.53924 30 26 1
-4.08184 -6.3463 1.13687e-13 7 0
-4.1225 -6.40104 10 15 0
-4.16162 -6.46053 20 23 0
-4.2025 -6.52346 30 31 1
0.715099 5.06119 -1.13687e-13 2 0
0.7225 5.10821 10 11 0
0.725923 5.15265 20 18 0
0.7275 5.19807 30 27 1
-4.47503 -3.94117 10 8 0
-4.51238 -3.97561 20 23 0
-4.55918 -4.01117 30 24 1
-2.85679 7.92256 0 2 0
-2.88617 8.00209 10 10 0
-2.91362 8.07282 20 18 0
-2.94117 8.14194 30 26 1
-5.40334 -5.70847 0 7 0
-5.4525 -5.75821 10 15 0
-5.50497 -5.8101 20 23 0
-5.5525 -5.85821 30 31 1
0.777337 5.35517 0 2 0
0.7825 5.40156 10 11 0
0.785455 5.45316 20 18 0
0.7925 5.50348 30 27 1
-6.88275 3.12964 0 1 0
-6.94924 3.1575 10 9 0
-7.01341 3.18376 20 17 0
-7.07496 3.2125 30 25 1
0.96405 4.65616 1.13687e-13 2 0
0.9725 4.70061 10 11 0
0.977579 4.74108 20 18 0
0.9875 4.78632 30 27 1
5.65817 4.14173 0 3 0
5.70498 4.18117 10 12 0
5.75551 4.21993 20 19 0
5.8012 4.25617 30 28 1
-4.68359 4.71905 1.13687e-13 1 0
-4.72617 4.76506 10 10 0
-4.77327 4.8049 20 17 0
-4.81617 4.84799 30 26 1
-6.23691 -3.08258 0 7 0
-6.29168 -3.10617 10 8 0
-6.3572 -3.13782 20 23 0
-6.41532 -3.16617 30 24 1
-5.07466 -0.00116865 10 8 0
-5.11999 -0.00198546 20 16 0
-5.16658 -0.00116865 30 24 1
3.73227 3.64706 -3.41061e-13 3 0
3.76249 3.68117 10 12 0
3.79965 3.71827 20 19 0
3.82749 3.74617 30 28 1
7.56326 0.602713 1.13687e-13 4 0
7.6292 0.611169 10 12 0
7.68738 0.616243 20 20 0
7.75941 0.621169 30 28 1
4.9436 0.908489 0 4 0
4.99264 0.916169 10 12 0
5.02853 0.922019 20 20 0
5.07128 0.931169 30 28 1
-3.84006 -7.00383 0 7 0
-3.8775 -7.0682 10 15 0
-3.91219 -7.12571 20 23 0
-3.9475 -7.1877 30 31 1
3.55694 -2.32572 0 5 0
3.58659 -2.3475 10 13 0
3.61732 -2.36696 20 21 0
3.6478 -2.3875 30 29 1
3.96097 2.0695 -1.13687e-13 3 0
3.99182 2.08617 10 12 0
4.02518 2.10692 20 19 0
4.06011 2.12617 30 28 1
3.89504 -3.74298 1.13687e-13 5 0
3.92265 -3.7725 10 13 0
3.95971 -3.80766 20 21 0
3.99265 -3.8425 30 29 1
-7.81151 -0.472826 -1.13687e-13 0 0
-7.89018 -0.476169 10 8 0
-7.96176 -0.480944 20 16 0
-8.03453 -0.486169 30 24 1
-3.3325 -5.46254 10 15 0
-3.36701 -5.50902 20 23 0
-3.3975 -5.5629 30 31 1
7.24315 -1.66219 1.13687e-13 4 0
7.30772 -1.6775 10 13 0
7.37381 -1.69466 20 20 0
7.43672 -1.7075 30 29 1
-2.00712 5.98885 -1.13687e-13 2 0
-2.02617 6.039 10 10 0
-2.04771 6.09991 20 18 0
-2.06617 6.14971 30 26 1
1.5011 -4.70189 0 6 0
1.51117 -4.73911 10 14 0
1.52545 -4.78681 20 22 0
1.53617 -4.82775 30 30 1
-5.24279 2.89413 -2.27374e-13 1 0
-5.29296 2.9225 10 9 0
-5.34619 2.94779 20 17 0
-5.39246 2.9725 30 25 1
-1.79064 6.44615 -1.13687e-13 2 0
-1.81117 6.50989 10 10 0
-1.82852 6.56374 20 18 0
-1.84617 6.62267 30 26 1
-2.06809 -5.55769 -1.13687e-13 6 0
-2.0925 -5.61554 10 15 0
-2.11139 -5.66221 20 22 0
-2.1325 -5.71211 30 31 1
-0.888282 -6.1979 1.13687e-13 6 0
-0.8975 -6.25195 10 15 0
-0.90993 -6.31549 20 22 0
-0.9225 -6.36888 30 31 1
5.07581 2.93176 -2.27374e-13 3 0
5.11638 2.95617 10 12 0
5.16232 2.98383 20 19 0
5.20674 3.01117 30 28 1
-6.01265 3.00195 0 1 0
-6.06971 3.0275 10 9 0
-6.12912 3.06102 20 17 0
-6.18628 3.0875 30 25 1
7.66125 1.953 1.13687e-13 4 0
7.73055 1.97117 10 12 0
7.79844 1.98818 20 20 0
7.86455 2.00617 30 28 1
-3.4485 3.3125 10 9 0
-3.48088 3.34413 20 17 0
-3.51557 3.3725 30 25 1
-7.19089 -1.63369 0 0 0
-7.25706 -1.64617 10 8 0
-7.32808 -1.66346 20 16 0
-7.38606 -1.67617 30 24 1
-5.3334 -5.03006 2.27374e-13 7 0
-5.37876 -5.07117 10 8 0
-5.43615 -5.12133 20 23 0
-5.4829 -5.16117 30 24 1
-4.69127 4.33257 0 1 0
-4.73478 4.3725 10 9 0
-4.78478 4.4146 20 17 0
-4.82892 4.4525 30 25 1
-0.499886 4.79335 -1.13687e-13 2 0
-0.506169 4.83013 10 10 0
-0.513416 4.87827 20 18 0
-0.516169 4.91791 30 26 1
2.81664 3.43557 -1.13687e-13 3 0
2.8425 3.46641 10 11 0
2.86442 3.49865 20 19 0
2.8875 3.52555 30 27 1
2.12492 6.6356 0 2 0
2.1425 6.69792 10 11 0
2.16009 6.75972 20 18 1
5.819 1.30356 1.13687e-13 4 0
5.87347 1.31617 10 12 0
5.91699 1.32792 20 20 0
5.96918 1.34117 30 28 1
0.8964 7.69392 -1.13687e-13 2 0
0.9025 7.76309 10 11 0
0.907224 7.83764 20 18 0
0.9125 7.90037 30 27 1
-6.68786 -1.33874 0 0 0
-6.757 -1.35117 10 8 0
-6.81852 -1.36039 20 16 0
-6.876 -1.37117 30 24 1
3.44824 -7.36793 -1.13687e-13 5 0
3.48117 -7.43743 10 14 0
3.50889 -7.5013 20 21 0
3.53617 -7.57021 30 30 1
-5.87373 5.73698 -1.13687e-13 1 0
-5.93057 5.7875 10 9 0
-5.98189 5.84131 20 17 0
-6.04264 5.8925 30 25 1
-0.624361 8.60851 0 2 0
-0.631169 8.68865 10 10 0
-0.640597 8.7653 20 18 0
-0.651169 8.85007 30 26 1
-5.98885 -1.4118 1.13687e-13 0 0
-6.04004 -1.42617 10 8 0
-6.09338 -1.43886 20 16 0
-6.14989 -1.45117 30 24 1
3.68737 4.8191 -1.13687e-13 3 0
3.7225 4.86967 10 11 0
3.75251 4.91102 20 19 0
3.7825 4.95088 30 27 1
-0.71907 5.76674 0 2 0
-0.726169 5.8138 10 10 0
-0.735306 5.87126 20 18 0
-0.746169 5.92573 30 26 1
8.20348 0.245524 0 4 0
8.27537 0.246169 10 12 0
8.3472 0.250936 20 20 0
8.42179 0.251169 30 28 1
1.99359 -7.61552 1.13687e-13 6 0
2.00617 -7.6807 10 14 0
2.02335 -7.75271 20 22 1
2.54727 -5.88529 -2.27374e-13 5 0
2.56617 -5.93553 10 14 0
2.58674 -5.99364 20 21 0
2.60617 -6.04624 30 30 1
5.36311 3.6515 -1.13687e-13 3 0
5.41004 3.68117 10 12 0
5.45503 3.71663 20 19 0
5.50126 3.75117 30 28 1
7.34768 0.231994 1.13687e-13 4 0
7.40977 0.236169 10 12 0
7.47833 0.237406 20 20 0
7.54205 0.241169 30 28 1
6.55721 -1.08582 0 4 0
6.61459 -1.0975 10 13 0
6.6748 -1.10747 20 20 0
6.72651 -1.1175 30 29 1
-5.37208 2.48767 -1.13687e-13 1 0
-5.42743 2.5125 10 9 0
-5.47932 2.5375 20 17 0
-5.529 2.5575 30 25 1
0.771925 8.08589 0 2 0
0.7775 8.16842 10 11 0
0.782749 8.24267 20 18 0
0.7875 8.31277 30 27 1
6.22475 -5.55225 -1.13687e-13 5 0
6.28298 -5.6025 10 13 0
6.33674 -5.65276 20 21 0
6.39005 -5.7025 30 29 1
-2.97617 6.06269 10 10 0
-3.00662 6.11885 20 17 0
-3.03617 6.17219 30 26 1
-1.18053 -5.58382 0 6 0
-1.1925 -5.62771 10 15 0
-1.20488 -5.68181 20 22 0
-1.2175 -5.73049 30 31 1
7.62206 2.0883 0 4 0
7.68878 2.10617 10 12 0
7.75924 2.12889 20 20 0
7.8207 2.14617 30 28 1
-5.21707 2.37476 -1.13687e-13 1 0
-5.27001 2.3975 10 9 0
-5.31507 2.41535 20 17 0
-5.37157 2.4425 30 25 1
-7.98789 3.10719 0 0 0
-8.06269 3.1325 10 9 0
-8.13161 3.16131 20 16 0
-8.20961 3.1875 30 25 1
4.62866 6.30762 0 3 0
4.6675 6.36621 10 11 0
4.70844 6.42185 20 19 0
4.7475 6.48156 30 27 1
-2.30307 -4.20782 -1.13687e-13 7 0
-2.3225 -4.24041 10 15 0
-2.34973 -4.28126 20 23 0
-2.3725 -4.3187 30 31 1
4.20351 5.56867 -2.27374e-13 3 0
4.2375 5.61801 10 11 0
4.27789 5.66984 20 19 0
4.3125 5.7213 30 27 1
-7.41301 1.73796 0 0 0
-7.48172 1.7525 10 9 0
-7.55673 1.77043 20 16 0
-7.62485 1.7825 30 25 1
-6.75972 1.31042 0 0 0
-6.82544 1.3225 10 9 0
-6.88385 1.33477 20 16 0
-6.95651 1.3475 30 25 1
-2.42617 6.78548 10 10 0
-2.4509 6.85118 20 18 0
-2.47617 6.91326 30 26 1
5.3998 -4.72346 -1.13687e-13 5 0
5.44798 -4.7675 10 13 0
5.48948 -4.80932 20 21 0
5.54005 -4.8525 30 29 1
-5.5044 4.92374 0 1 0
-5.55605 4.9675 10 9 0
-5.61097 5.01118 20 17 0
-5.66019 5.0575 30 25 1
-3.39617 5.88165 10 10 0
-3.42634 5.9301 20 17 0
-3.46117 5.98908 30 26 1
-3.14858 7.14098 0 1 0
-3.18117 7.20814 10 10 0
-3.21305 7.27052 20 17 0
-3.24117 7.33178 30 26 1
-3.05647 -6.92821 2.27374e-13 7 0
-3.0875 -6.99238 10 15 0
-3.12095 -7.05774 20 23 0
-3.1525 -7.12102 30 31 1
4.77375 1.06002 1.13687e-13 4 0
4.8153 1.07117 10 12 0
4.85867 1.07897 20 20 0
4.89394 1.08617 30 28 1
-0.000720523 -8.23614 0 6 0
-0.0025 -8.31266 10 15 0
-0.0034265 -8.38639 20 22 0
-0.0075 -8.45908 30 31 1
5.70794 0.110225 0 4 0
5.76449 0.111169 10 12 0
5.80593 0.112931 20 20 0
5.86141 0.116169 30 28 1
3.42813 -6.79676 0 5 0
3.45617 -6.85382 10 14 0
3.48337 -6.91706 20 21 0
3.51617 -6.98453 30 30 1
5.47975 4.93915 -1.13687e-13 3 0
5.52918 4.98117 10 12 0
5.57597 5.02771 20 19 0
5.62625 5.07117 30 28 1
-3.5741 -6.62307 0 7 0
-3.6075 -6.678 10 15 0
-3.64623 -6.74495 20 23 0
-3.6775 -6.79749 30 31 1
1.89888 -6.94264 -1.13687e-13 6 0
1.91117 -7.01294 10 14 0
1.92594 -7.0733 20 22 0
1.93617 -7.13694 30 30 1
-2.9775 -4.59843 10 15 0
-3.00982 -4.64668 20 23 0
-3.0375 -4.68671 30 31 1
-6.28936 2.37116 0 0 0
-6.34688 2.3925 10 9 0
-6.40695 2.41446 20 16 0
-6.46466 2.4325 30 25 1
-5.25937 3.9425 10 9 0
-5.30662 3.9759 20 17 0
-5.35766 4.0125 30 25 1
-0.853104 -5.48583 0 6 0
-0.8625 -5.53106 10 15 0
-0.872046 -5.58382 20 22 0
-0.8825 -5.62884 30 31 1
3.53555 3.44652 -1.13687e-13 3 0
3.56956 3.48117 10 12 0
3.5964 3.51501 20 19 0
3.62749 3.54617 30 28 1
5.98501 -5.33929 -2.27374e-13 5 0
6.03469 -5.3825 10 13 0
6.08776 -5.43056 20 21 0
6.14176 -5.4825 30 29 1
2.51246 -4.75601 -1.13687e-13 5 0
2.53617 -4.80245 10 14 0
2.55417 -4.84364 20 21 1
-7.77884 2.07891 0 0 0
-7.84793 2.0975 10 9 0
-7.91603 2.11409 20 16 0
-7.989 2.1325 30 25 1
-0.945108 -5.8386 0 6 0
-0.9575 -5.89476 10 15 0
-0.966756 -5.94312 20 22 0
-0.9775 -5.99961 30 31 1
4.87061 6.87868 0 3 0
4.9075 6.93855 10 11 0
4.9531 6.99944 20 19 0
4.9975 7.0639 30 27 1
2.57411 7.38034 -2.27374e-13 2 0
2.5975 7.44991 10 11 0
2.62011 7.51753 20 18 0
2.6375 7.58183 30 27 1
2.70414 -6.10721 -3.41061e-13 5 0
2.72617 -6.15917 10 14 0
2.75014 -6.21827 20 21 0
2.77117 -6.27488 30 30 1
2.46984 -8.07282 0 6 0
2.49117 -8.14449 10 14 0
2.50772 -8.21654 20 22 0
2.53117 -8.29055 30 30 1
3.99822 6.2359 0 3 0
4.0325 6.28982 10 11 0
4.06765 6.35125 20 19 0
4.1025 6.40932 30 27 1
4.80092 -3.38219 0 5 0
4.84251 -3.4125 10 13 0
4.87978 -3.44191 20 21 0
4.92372 -3.4725 30 29 1
-3.8025 -3.85365 10 15 0
-3.83622 -3.88495 20 23 0
-3.8725 -3.92365 30 31 1
-6.10644 2.1168 0 0 0
-6.16466 2.1325 10 9 0
-6.2175 2.15197 20 16 0
-6.27744 2.1675 30 25 1
4.15574 -6.63272 -2.27374e-13 5 0
4.19117 -6.69079 10 14 0
4.22516 -6.74807 20 21 0
4.26117 -6.81029 30 30 1
7.39305 -3.46008 -1.13687e-13 5 0
7.45602 -3.4875 10 13 0
7.52641 -3.52073 20 21 0
7.59173 -3.5525 30 29 1
-7.10136 3.85339 1.13687e-13 1 0
-7.17013 3.8875 10 9 0
-7.2336 3.92441 20 17 0
-7.30377 3.9575 30 25 1
0.49718 -4.83908 0 6 0
0.501169 -4.8817 10 14 0
0.499886 -4.924 20 22 0
0.501169 -4.96655 30 30 1
2.12789 4.28138 -1.13687e-13 3 0
2.1475 4.31997 10 11 0
2.16036 4.35977 20 19 0
2.1775 4.39947 30 27 1
-0.294231 5.53809 1.13687e-13 2 0
-0.296169 5.58886 10 10 0
-0.302349 5.63608 20 18 0
-0.306169 5.68372 30 26 1
4.72802 0.0506931 0 4 0
4.76404 0.0511686 10 12 0
4.80641 0.0506931 20 20 0
4.84889 0.0511686 30 28 1
6.40413 3.30338 -1.13687e-13 3 0
6.46012 3.33117 10 12 0
6.51407 3.35974 20 19 0
6.56961 3.39117 30 28 1
7.59592 1.54169 1.13687e-13 4 0
7.66911 1.55617 10 12 0
7.73311 1.57145 20 20 0
7.80517 1.58617 30 28 1
-0.264466 8.7457 0 2 0
-0.266169 8.8257 10 10 0
-0.269878 8.90249 20 18 0
-0.276169 8.98419 30 26 1
-3.8025 -4.65975 10 15 0
-3.83708 -4.6971 20 23 0
-3.8725 -4.73682 30 31 1
4.61729 3.88918 -2.27374e-13 3 0
4.65802 3.92617 10 12 0
4.69503 3.95926 20 19 0
4.7351 3.99617 30 28 1
-6.9686 5.4274 -1.13687e-13 1 0
-7.03479 5.4775 10 9 0
-7.10131 5.52567 20 17 0
-7.16514 5.5725 30 25 1
4.81615 2.08277 -1.13687e-13 3 0
4.85535 2.10117 10 12 0
4.89725 2.12178 20 19 0
4.93778 2.14117 30 28 1
3.3609 -3.91681 -1.13687e-13 5 0
3.39117 -3.95332 10 14 0
3.41792 -3.98914 20 21 0
3.44617 -4.02953 30 30 1
0.219905 8.38639 0 2 0
0.2225 8.46195 10 11 0
0.222611 8.53665 20 18 0
0.2225 8.61044 30 27 1
-2.9925 -4.42958 10 15 0
-3.02234 -4.46786 20 23 0
-3.0525 -4.51079 30 31 1
-5.60779 -2.93564 -1.13687e-13 7 0
-5.66378 -2.96617 10 8 0
-5.71772 -2.992 20 23 0
-5.77035 -3.01617 30 24 1
4.46671 -0.246965 1.13687e-13 4 0
4.50594 -0.2475 10 13 0
4.55163 -0.249671 20 20 0
4.58872 -0.2525 30 29 1
2.71485 5.22806 -1.13687e-13 3 0
2.7325 5.27267 10 11 0
2.75926 5.32222 20 19 0
2.7775 5.36716 30 27 1
5.1165 -3.02042 0 5 0
5.1634 -3.0475 10 13 0
5.20955 -3.07519 20 21 0
5.25376 -3.1025 30 29 1
3.34281 7.97226 1.13687e-13 3 0
3.3725 8.04813 10 11 0
3.40504 8.12251 20 19 0
3.4325 8.19298 30 27 1
4.45756 3.34676 -1.13687e-13 3 0
4.48986 3.37617 10 12 0
4.52989 3.40378 20 19 0
4.57107 3.43617 30 28 1
8.07282 -1.73525 0 4 0
8.1414 -1.7475 10 13 0
8.21001 -1.76502 20 20 0
8.28246 -1.7825 30 29 1
2.84655 -6.24197 -2.27374e-13 5 0
2.86617 -6.2921 10 14 0
2.89255 -6.35303 20 21 0
2.91117 -6.40781 30 30 1
6.00965 3.06962 0 3 0
6.06248 3.09617 10 12 0
6.11306 3.12328 20 19 0
6.17198 3.15617 30 28 1
3.02217 3.23928 0 3 0
3.0475 3.26836 10 11 0
3.07377 3.29854 20 19 0
3.0975 3.3325 30 27 1
-8.99395 -1.5038 0 0 0
-9.07868 -1.51617 10 8 0
-9.1638 -1.53086 20 16 0
-9.2501 -1.54617 30 24 1
-2.6675 -5.78749 10 15 0
-2.69286 -5.84133 20 23 0
-2.7175 -5.89406 30 31 1
-0.345645 6.57681 0 2 0
-0.351169 6.63381 10 10 0
-0.356469 6.6944 20 18 0
-0.366169 6.75488 30 26 1
5.46967 -3.95144 -1.13687e-13 5 0
5.5165 -3.9875 10 13 0
5.5643 -4.02311 20 21 0
5.61479 -4.0575 30 29 1
-2.9075 -4.64864 10 15 0
-2.93664 -4.69214 20 23 0
-2.9625 -4.73192 30 31 1
-2.00117 6.99688 10 10 0
-2.02065 7.0537 20 18 0
-2.03617 7.11673 30 26 1
3.96407 5.06901 0 3 0
3.9975 5.11638 10 11 0
4.02921 5.16093 20 19 0
4.0675 5.21467 30 27 1
-6.6372 -4.1143 1.13687e-13 7 0
-6.70029 -4.15117 10 8 0
-6.75908 -4.18643 20 23 0
-6.82479 -4.22617 30 24 1
2.08018 -6.51801 0 6 0
2.09617 -6.58276 10 14 0
2.11265 -6.6356 20 22 0
2.13117 -6.70261 30 30 1
4.4014 -4.29909 -2.27374e-13 5 0
4.43315 -4.3325 10 13 0
4.46877 -4.37029 20 21 0
4.50608 -4.4125 30 29 1
-4.23078 7.61089 0 1 0
-4.27617 7.68089 10 10 0
-4.31486 7.74855 20 17 0
-4.35617 7.81746 30 26 1
-5.35558 5.47906 1.13687e-13 1 0
-5.40617 5.52991 10 10 0
-5.45721 5.58069 20 17 0
-5.51117 5.63491 30 26 1
3.98594 6.88566 -2.27374e-13 3 0
4.0225 6.95157 10 11 0
4.05425 7.01137 20 19 0
4.0925 7.07814 30 27 1
-4.95834 0.1625 10 9 0
-5.00893 0.163079 20 16 0
-5.05526 0.1675 30 25 1
-0.9175 -8.15285 10 15 0
-0.926166 -8.22307 20 22 0
-0.9375 -8.29306 30 31 1
-3.04453 -6.91244 -1.13687e-13 7 0
-3.0775 -6.97531 10 15 0
-3.109 -7.04197 20 23 0
-3.1375 -7.10602 30 31 1
-6.08031 -1.88264 0 0 0
-6.14027 -1.90117 10 8 0
-6.1979 -1.92053 20 16 0
-6.25306 -1.93617 30 24 1
5.31621 3.10711 0 3 0
5.36002 3.13617 10 12 0
5.40543 3.16571 20 19 0
5.45037 3.19117 30 28 1
-6.4333 2.86771 1.13687e-13 1 0
-6.49333 2.8925 10 9 0
-6.55742 2.91912 20 17 0
-6.61904 2.9475 30 25 1
5.84073 -4.1809 -1.13687e-13 5 0
5.88792 -4.2175 10 13 0
5.94189 -4.25528 20 21 0
5.99121 -4.2925 30 29 1
5.73293 4.11316 0 3 0
5.78312 4.14617 10 12 0
5.8341 4.18754 20 19 1
-6.68267 -4.95575 1.13687e-13 7 0
-6.74419 -5.00117 10 8 0
-6.80614 -5.04478 20 23 0
-6.86954 -5.09117 30 24 1
2.06514 -4.6952 -2.27374e-13 5 0
2.08117 -4.74343 10 14 0
2.09379 -4.77742 20 21 0
2.11117 -4.82292 30 30 1
2.05269 -4.11637 0 5 0
2.06617 -4.1486 10 14 0
2.08245 -4.18823 20 21 0
2.10117 -4.22602 30 30 1
0.685334 4.85867 1.13687e-13 2 0
0.6875 4.90351 10 11 0
0.690746 4.95013 20 18 0
0.6975 4.99836 30 27 1
0.489062 -8.58238 1.13687e-13 6 0
0.491169 -8.66179 10 14 0
0.489062 -8.73917 20 22 0
0.491169 -8.81735 30 30 1
-6.03458 -0.905783 2.27374e-13 0 0
-6.08865 -0.916169 10 8 0
-6.14564 -0.924725 20 16 0
-6.20265 -0.931169 30 24 1
0.279437 7.511 -1.13687e-13 2 0
0.2825 7.58149 10 11 0
0.282142 7.64819 20 18 0
0.2775 7.71084 30 27 1
3.08013 7.93563 0 2 0
3.1075 8.00233 10 11 0
3.13154 8.07282 20 18 0
3.1575 8.14426 30 27 1
7.09943 -2.82035 2.27374e-13 4 0
7.1575 -2.8425 10 13 0
7.22355 -2.87177 20 20 0
7.29029 -2.8975 30 29 1
-4.28433 -7.72364 1.13687e-13 7 0
-4.3275 -7.79398 10 15 0
-4.37112 -7.86783 20 23 0
-4.4075 -7.93762 30 31 1
-5.7994 0.306496 0 0 0
-5.8508 0.3125 10 9 0
-5.91046 0.314614 20 16 0
-5.96186 0.3175 30 25 1
-0.713658 5.21798 0 2 0
-0.721169 5.26433 10 10 0
-0.7326 5.31597 20 18 0
-0.741169 5.36211 30 26 1
-7.34115 -3.47502 1.13687e-13 7 0
-7.40586 -3.50617 10 8 0
-7.47451 -3.53568 20 23 0
-7.54364 -3.56617 30 24 1
3.45401 -5.42202 -2.27374e-13 5 0
3.48617 -5.4696 10 14 0
3.51531 -5.51777 20 21 0
3.54117 -5.56703 30 30 1
1.43345 -4.34258 1.13687e-13 6 0
1.44117 -4.3792 10 14 0
1.4551 -4.42098 20 22 0
1.46617 -4.46077 30 30 1
-7.36074 1.73255 0 0 0
-7.43429 1.7475 10 9 0
-7.50446 1.76502 20 16 0
-7.57036 1.7775 30 25 1
-0.51071 8.12508 -1.13687e-13 2 0
-0.516169 8.19181 10 10 0
-0.526946 8.2688 20 18 0
-0.536169 8.34616 30 26 1
-2.7925 -5.42459 10 15 0
-2.81497 -5.46977 20 23 0
-2.8425 -5.51702 30 31 1
-1.22779 5.72754 -1.13687e-13 2 0
-1.24117 5.77726 10 10 0
-1.25485 5.83206 20 18 0
-1.27117 5.88504 30 26 1
1.59995 7.96829 -1.13687e-13 2 0
1.6125 8.04175 10 11 0
1.62701 8.11202 20 18 0
1.6375 8.18696 30 27 1
-6.22275 -4.91678 0 7 0
-6.27992 -4.96117 10 8 0
-6.33586 -5.00693 20 23 0
-6.39821 -5.05117 30 24 1
3.23746 -5.65704 0 5 0
3.26617 -5.70922 10 14 0
3.29112 -5.76044 20 21 0
3.31617 -5.80872 30 30 1
7.90297 -0.279437 0 4 0
7.9704 -0.2825 10 13 0
8.04669 -0.284848 20 20 0
8.10975 -0.2875 30 29 1
-8.37986 -3.04621 1.13687e-13 0 0
-8.46079 -3.07617 10 8 0
-8.53665 -3.10575 20 16 0
-8.61478 -3.13117 30 24 1
6.32274 4.46571 0 3 0
6.38147 4.51117 10 12 0
6.43314 4.54932 20 19 0
6.48975 4.59117 30 28 1
-3.28617 4.21601 10 10 0
-3.31738 4.25597 20 17 0
-3.34617 4.29016 30 26 1
1.85973 5.13305 -1.13687e-13 2 0
1.8725 5.17634 10 11 0
1.88679 5.22451 20 18 0
1.9025 5.26998 30 27 1
-6.30896 -1.58228 0 0 0
-6.3656 -1.59617 10 8 0
-6.42655 -1.60934 20 16 0
-6.48753 -1.62617 30 24 1
6.5435 4.09713 -1.13687e-13 3 0
6.60044 4.13617 10 12 0
6.65502 4.17039 20 19 0
6.71786 4.21117 30 28 1
-1.27524 -5.3813 -2.27374e-13 6 0
-1.2875 -5.42573 10 15 0
-1.3023 -5.47276 20 22 0
-1.3175 -5.52644 30 31 1
-7.28888 0.880164 1.13687e-13 0 0
-7.35211 0.8875 10 9 0
-7.41954 0.8964 20 16 0
-7.49439 0.9025 30 25 1
-2.96808 3.85693 0 1 0
-2.99617 3.89066 10 10 0
-3.02239 3.92272 20 17 0
-3.05617 3.9648 30 26 1
-7.1678 -4.95104 1.13687e-13 7 0
-7.23416 -4.99617 10 8 0
-7.30433 -5.04548 20 23 1
2.39796 -4.58411 1.13687e-13 5 0
2.41617 -4.62588 10 14 0
2.43697 -4.66521 20 21 0
2.45617 -4.7083 30 30 1
6.85772 0.391647 0 4 0
6.91216 0.396169 10 12 0
6.96877 0.399765 20 20 0
7.03029 0.401169 30 28 1
-7.42607 0.704275 0 0 0
-7.49531 0.7125 10 9 0
-7.56326 0.717805 20 16 0
-7.63259 0.7225 30 25 1
-4.78093 -6.79282 0 7 0
-4.8275 -6.85855 10 15 0
-4.86995 -6.91629 20 23 0
-4.9175 -6.97683 30 31 1
-7.4914 -2.26148 0 0 0
-7.56679 -2.28117 10 8 0
-7.63512 -2.30477 20 16 1
0.0831649 -5.86473 -1.13687e-13 6 0
0.0811686 -5.91833 10 14 0
0.0804589 -5.97579 20 22 0
0.0761686 -6.0194 30 30 1
1.40639 -4.79988 0 6 0
1.41617 -4.8421 10 14 0
1.43074 -4.88481 20 22 0
1.44117 -4.93074 30 30 1
-5.7313 -3.56047 2.27374e-13 7 0
-5.77966 -3.59117 10 8 0
-5.83358 -3.62448 20 23 0
-5.88709 -3.65617 30 24 1
5.88396 3.91595 1.13687e-13 3 0
5.9346 3.95117 10 12 0
5.98512 3.99032 20 19 0
6.03082 4.02617 30 28 1
-3.1925 -5.54175 10 15 0
-3.22178 -5.58957 20 23 0
-3.2575 -5.6421 30 31 1
-5.42703 -0.903077 -1.13687e-13 0 0
-5.48261 -0.911169 10 8 0
-5.53155 -0.919313 20 16 0
-5.58247 -0.926169 30 24 1
-0.989668 5.3225 -1.13687e-13 2 0
-1.00117 5.37462 10 10 0
-1.01402 5.4205 20 18 0
-1.02117 5.46533 30 26 1
7.97483 1.40639 1.13687e-13 4 0
8.04322 1.42117 10 12 0
8.11855 1.43345 20 20 0
8.18136 1.44617 30 28 1
7.88337 2.90009 0 4 0
7.95016 2.92617 10 12 0
8.02056 2.9515 20 20 1
5.02853 -0.59333 1.13687e-13 4 0
5.07307 -0.6025 10 13 0
5.11345 -0.60686 20 20 0
5.15585 -0.6075 30 29 1
-5.58168 2.75849 -1.13687e-13 1 0
-5.63379 2.7825 10 9 0
-5.68891 2.80832 20 17 0
-5.74036 2.8325 30 25 1
-5.95359 -4.88106 -1.13687e-13 7 0
-6.00658 -4.92117 10 8 0
-6.06399 -4.96467 20 23 0
-6.11779 -5.01117 30 24 1
-4.34155 -5.52302 0 7 0
-4.3875 -5.57709 10 15 0
-4.42628 -5.62306 20 23 0
-4.4675 -5.67123 30 31 1
-3.55117 4.24767 10 10 0
-3.58383 4.28516 20 17 0
-3.62117 4.32474 30 26 1
-5.87126 -0.870605 1.13687e-13 0 0
-5.92138 -0.876169 10 8 0
-5.98232 -0.884135 20 16 0
-6.03537 -0.891169 30 24 1
4.59047 6.50287 -1.13687e-13 3 0
4.6325 6.56455 10 11 0
4.66643 6.62092 20 19 0
4.7125 6.68698 30 27 1
-5.23182 -5.46424 0 7 0
-5.2725 -5.47214 10 15 0
-5.31517 -5.48253 20 23 0
-5.3525 -5.4885 30 31 1
-5.28704 0.2225 10 9 0
-5.33557 0.222611 20 16 0
-5.38396 0.2275 30 25 1
-3.3275 -4.82822 10 15 0
-3.35745 -4.87186 20 23 0
-3.3925 -4.91443 30 31 1
4.81823 -5.0833 0 5 0
4.86117 -5.1334 10 14 0
4.90026 -5.17681 20 21 0
4.94117 -5.22048 30 30 1
-6.14922 2.71757 1.13687e-13 1 0
-6.20898 2.7425 10 9 0
-6.26028 2.76357 20 17 0
-6.32262 2.7925 30 25 1
-5.74384 3.21533 -2.27374e-13 1 0
-5.79681 3.2425 10 9 0
-5.84725 3.26898 20 17 0
-5.90131 3.2975 30 25 1
2.9731 -3.08509 -1.13687e-13 5 0
2.99617 -3.10577 10 14 0
3.022 -3.13782 20 21 0
3.04617 -3.16991 30 30 1
-4.52166 4.73315 0 1 0
-4.56617 4.77477 10 10 0
-4.61134 4.81901 20 17 0
-4.65117 4.85977 30 26 1
6.03994 4.61917 -3.41061e-13 3 0
6.09306 4.66117 10 12 0
6.14652 4.70661 20 19 0
6.19927 4.74617 30 28 1
-4.24057 -3.05617 10 8 0
-4.27793 -3.08293 20 23 0
-4.31679 -3.11117 30 24 1
4.05313 -2.81808 0 5 0
4.08866 -2.8425 10 13 0
4.12275 -2.86856 20 21 0
4.15987 -2.8925 30 29 1
-5.19498 6.33257 -1.13687e-13 1 0
-5.24117 6.38315 10 10 0
-5.28896 6.44185 20 17 0
-5.34117 6.50436 30 26 1
-5.83594 -3.38192 0 7 0
-5.89458 -3.41617 10 8 0
-5.95129 -3.45135 20 23 0
-6.00908 -3.48117 30 24 1
6.29463 3.65309 -2.27374e-13 3 0
6.35343 3.69117 10 12 0
6.40344 3.71982 20 19 0
6.46085 3.75617 30 28 1
5.93056 -3.66609 0 5 0
5.98104 -3.7025 10 13 0
6.03555 -3.73664 20 21 0
6.08846 -3.7675 30 29 1
3.27525 -4.67689 -1.13687e-13 5 0
3.30117 -4.71892 10 14 0
3.32732 -4.7634 20 21 0
3.35117 -4.81134 30 30 1
4.58906 -6.63361 -2.27374e-13 5 0
4.62617 -6.69446 10 14 0
4.66773 -6.7582 20 21 0
4.70617 -6.81688 30 30 1
7.2515 3.01034 -1.13687e-13 3 0
7.31563 3.04117 10 12 0
7.37562 3.06176 20 19 0
7.44341 3.09117 30 28 1
-5.90389 2.1475 10 9 0
-5.96272 2.1655 20 16 0
-6.0096 2.1825 30 25 1
-2.90152 4.06207 0 1 0
-2.92617 4.09643 10 10 0
-2.95854 4.1344 20 17 0
-2.98617 4.17057 30 26 1
-6.52504 -4.99328 0 7 0
-6.5862 -5.04117 10 8 0
-6.6485 -5.08231 20 23 0
-6.71155 -5.13117 30 24 1
-1.86042 4.25321 0 1 0
-1.88117 4.28887 10 10 0
-1.90325 4.33048 20 17 0
-1.92117 4.37129 30 26 1
-1.0952 5.48583 0 2 0
-1.10617 5.53619 10 10 0
-1.11956 5.58382 20 18 0
-1.13117 5.63897 30 26 1
-0.844986 -6.32856 -1.13687e-13 6 0
-0.8575 -6.38166 10 15 0
-0.866634 -6.44615 20 22 0
-0.8775 -6.50065 30 31 1
-5.96458 4.1402 0 1 0
-6.01763 4.1775 10 9 0
-6.0761 4.21345 20 17 0
-6.12799 4.2525 30 25 1
-1.38474 5.21798 -1.13687e-13 2 0
-1.40117 5.26551 10 10 0
-1.41721 5.30944 20 18 0
-1.43117 5.35915 30 26 1
3.51243 -6.49073 1.13687e-13 5 0
3.54117 -6.54991 10 14 0
3.5715 -6.6072 20 21 0
3.60117 -6.66648 30 30 1
1.64596 7.51753 -1.13687e-13 2 0
1.6575 7.58471 10 11 0
1.67031 7.65472 20 18 1
-5.61372 2.43081 1.13687e-13 1 0
-5.66942 2.4575 10 9 0
-5.71824 2.47411 20 17 0
-5.77806 2.5025 30 25 1
-4.73338 -1.08117 10 8 0
-4.78028 -1.08979 20 16 0
-4.82409 -1.10117 30 24 1
6.34162 1.02214 1.13687e-13 4 0
6.39457 1.03117 10 12 0
6.45268 1.04108 20 20 0
6.5065 1.05117 30 28 1
0.474267 4.84561 0 2 0
0.4775 4.8915 10 11 0
0.479679 4.93707 20 18 0
0.4825 4.98135 30 27 1
2.24254 -6.64867 -1.13687e-13 6 0
2.26117 -6.71241 10 14 0
2.27771 -6.77279 20 22 0
2.29617 -6.83226 30 30 1
7.61552 -0.961344 2.27374e-13 4 0
7.6796 -0.9675 10 13 0
7.74618 -0.977579 20 20 0
7.8148 -0.9825 30 29 1
7.47833 -0.368734 0 4 0
7.54422 -0.3725 10 13 0
7.60899 -0.374146 20 20 0
7.66942 -0.3775 30 29 1
3.43929 2.82215 -1.13687e-13 3 0
3.46489 2.84617 10 12 0
3.49202 2.87105 20 19 0
3.51989 2.90117 30 28 1
4.06025 2.41369 0 3 0
4.09433 2.43617 10 12 0
4.12716 2.45764 20 19 0
4.16055 2.48117 30 28 1
-4.76199 -3.43617 10 8 0
-4.80334 -3.46293 20 23 0
-4.85028 -3.49617 30 24 1
-4.61563 1.3825 10 9 0
-4.66269 1.3943 20 16 0
-4.70427 1.4075 30 25 1
-1.29147 -5.22451 0 6 0
-1.3075 -5.26895 10 15 0
-1.31853 -5.31597 20 22 1
-6.54414 -0.0939888 1.13687e-13 0 0
-6.60509 -0.0961686 10 8 0
-6.66826 -0.0966948 20 16 0
-6.73237 -0.0961686 30 24 1
3.59243 7.24221 -1.13687e-13 3 0
3.6225 7.30818 10 11 0
3.65038 7.36904 20 19 0
3.6825 7.43182 30 27 1
-6.38934 -3.88174 1.13687e-13 7 0
-6.45115 -3.91617 10 8 0
-6.50469 -3.95117 20 23 0
-6.57064 -3.98617 30 24 1
5.68834 -0.179315 0 4 0
5.74201 -0.1825 10 13 0
5.78633 -0.182021 20 20 0
5.84101 -0.1825 30 29 1
4.03498 -4.34215 -1.13687e-13 5 0
4.06617 -4.38083 10 14 0
4.09853 -4.41718 20 21 0
4.13617 -4.4579 30 30 1
-6.14441 4.33916 0 1 0
-6.20349 4.3775 10 9 0
-6.26517 4.42166 20 17 0
-6.32591 4.4575 30 25 1
-4.50549 -5.93188 0 7 0
-4.5525 -5.98958 10 15 0
-4.59564 -6.04499 20 23 0
-4.6375 -6.09579 30 31 1
1.48216 -6.72053 -1.13687e-13 6 0
1.49117 -6.78386 10 14 0
1.5011 -6.84465 20 22 0
1.51617 -6.90786 30 30 1
2.62823 7.04064 0 2 0
2.6525 7.10893 10 11 0
2.67152 7.17129 20 18 0
2.6925 7.23378 30 27 1
6.74499 3.05491 -1.13687e-13 3 0
6.80201 3.08617 10 12 0
6.86146 3.11397 20 19 0
6.92065 3.14117 30 28 1
6.00845 1.78793 0 4 0
6.06149 1.80117 10 12 0
6.11298 1.8204 20 20 0
6.1672 1.83617 30 28 1
-6.50494 -1.70134 -1.13687e-13 0 0
-6.56339 -1.71617 10 8 0
-6.62253 -1.73381 20 16 0
-6.68531 -1.74617 30 24 1
-6.93973 3.58079 0 1 0
-7.00119 3.6125 10 9 0
-7.06927 3.64527 20 17 0
-7.1369 3.6775 30 25 1
0.29026 8.3472 0 2 0
0.2925 8.42588 10 11 0
0.292966 8.49745 20 18 0
0.2925 8.57437 30 27 1
4.21827 -0.8225 10 13 0
4.25766 -0.831457 20 20 0
4.28983 -0.8375 30 29 1
-8.04669 2.49834 0 0 0
-8.11737 2.5225 10 9 0
-8.19041 2.54164 20 16 1
-5.22069 -2.60211 -1.13687e-13 7 0
-5.27221 -2.63117 10 8 0
-5.32138 -2.64924 20 23 0
-5.37378 -2.67617 30 24 1
-3.54809 7.51753 0 1 0
-3.58617 7.58486 10 10 0
-3.6218 7.65631 20 17 0
-3.65617 7.72557 30 26 1
-6.85118 1.74337 0 0 0
-6.91396 1.7575 10 9 0
-6.98184 1.77584 20 16 0
-7.04296 1.7875 30 25 1
4.43611 -2.14869 -2.27374e-13 5 0
4.47432 -2.1675 10 13 0
4.51068 -2.18499 20 21 0
4.54968 -2.2075 30 29 1
-3.55543 3.3275 10 9 0
-3.58877 3.35635 20 17 0
-3.6175 3.3825 30 25 1
-8.00096 -1.30356 1.13687e-13 0 0
-8.07965 -1.31617 10 8 0
-8.15775 -1.32521 20 16 1
5.13385 -5.25733 -2.27374e-13 5 0
5.18117 -5.30491 10 14 0
5.22241 -5.35355 20 21 0
5.26617 -5.40405 30 30 1
7.63512 -2.90694 1.13687e-13 4 0
7.70005 -2.9325 10 13 0
7.76578 -2.95565 20 20 0
7.83491 -2.9825 30 29 1
-1.51192 4.25766 1.13687e-13 2 0
-1.53117 4.29949 10 10 0
-1.54439 4.33605 20 18 0
-1.56117 4.37192 30 26 1
-6.16524 0.338968 0 0 0
-6.22021 0.3425 10 9 0
-6.28283 0.34438 20 16 0
-6.33835 0.3475 30 25 1
-2.5425 -6.92821 10 15 0
-2.56599 -6.9949 20 22 0
-2.5875 -7.051 30 31 1
3.57568 -4.64439 -2.27374e-13 5 0
3.60617 -4.68451 10 14 0
3.63811 -4.72978 20 21 0
3.66617 -4.76572 30 30 1
-6.49188 -2.51314 1.13687e-13 0 0
-6.55607 -2.53617 10 8 0
-6.616 -2.55914 20 16 0
-6.67178 -2.58117 30 24 1
-3.50757 -6.44939 -1.13687e-13 7 0
-3.5425 -6.50693 10 15 0
-3.577 -6.56474 20 23 0
-3.6125 -6.62643 30 31 1
-1.40098 5.17878 0 2 0
-1.41617 5.22394 10 10 0
-1.43345 5.27024 20 18 0
-1.44617 5.31758 30 26 1
2.92975 -4.65284 0 5 0
2.95117 -4.69419 10 14 0
2.97529 -4.73665 20 21 0
3.00117 -4.77954 30 30 1
4.3493 -2.38332 -2.27374e-13 5 0
4.38905 -2.4075 10 13 0
4.42657 -2.42616 20 21 0
4.46941 -2.4525 30 29 1
4.1962 2.70272 0 3 0
4.23584 2.72617 10 12 0
4.26965 2.74938 20 19 0
4.30705 2.77617 30 28 1
6.01498 1.69322 1.13687e-13 4 0
6.06341 1.71117 10 12 0
6.11951 1.7257 20 20 0
6.17119 1.74117 30 28 1
5.65181 -3.37203 -1.13687e-13 5 0
5.69725 -3.3975 10 13 0
5.74485 -3.42681 20 21 0
5.79761 -3.4625 30 29 1
-4.66936 1.6625 10 9 0
-4.71495 1.67572 20 16 0
-4.763 1.6925 30 25 1
-3.44824 7.36793 0 1 0
-3.48117 7.43036 10 10 0
-3.51272 7.49747 20 17 0
-3.54617 7.56607 30 26 1
5.73407 1.66887 2.27374e-13 4 0
5.78385 1.68617 10 12 0
5.83206 1.69864 20 20 0
5.87749 1.71617 30 28 1
-4.4696 3.5275 10 9 0
-4.51205 3.56019 20 17 0
-4.55582 3.5925 30 25 1
5.51196 -2.1195 1.13687e-13 4 0
5.55448 -2.1375 10 13 0
5.60342 -2.15739 20 20 0
5.65812 -2.1775 30 29 1
-5.33136 -2.77784 -1.13687e-13 7 0
-5.38357 -2.80617 10 8 0
-5.43476 -2.8315 20 23 0
-5.48307 -2.85617 30 24 1
0.191404 -7.11903 -1.13687e-13 6 0
0.191169 -7.18092 10 14 0
0.191404 -7.24968 20 22 0
0.191169 -7.3082 30 30 1
-1.24818 -5.13305 -1.13687e-13 6 0
-1.2625 -5.18152 10 15 0
-1.27524 -5.22451 20 22 0
-1.2875 -5.27016 30 31 1
-1.60266 -8.54972 -2.27374e-13 6 0
-1.6175 -8.61951 10 15 0
-1.63784 -8.69997 20 22 0
-1.6525 -8.78179 30 31 1
3.55667 -7.56438 -1.13687e-13 5 0
3.58617 -7.63436 10 14 0
3.61349 -7.70157 20 21 0
3.64117 -7.76714 30 30 1
4.52949 2.61888 -2.27374e-13 3 0
4.57303 2.64617 10 12 0
4.60947 2.66824 20 19 0
4.64632 2.69117 30 28 1
1.42407 6.83812 0 2 0
1.4325 6.90009 10 11 0
1.44301 6.96224 20 18 0
1.4525 7.01908 30 27 1
-4.1275 -4.32007 10 15 0
-4.16731 -4.35764 20 23 0
-4.2075 -4.40007 30 31 1
4.71388 2.93338 -2.27374e-13 3 0
4.74868 2.95617 10 12 0
4.78733 2.98004 20 19 0
4.83197 3.01117 30 28 1
-4.82306 1.5475 10 9 0
-4.86521 1.55937 20 16 0
-4.9117 1.5725 30 25 1
-8.17734 0.252377 0 0 0
-8.25153 0.2525 10 9 0
-8.3276 0.255083 20 16 0
-8.40502 0.2575 30 25 1
-5.12619 -6.34593 0 7 0
-5.1775 -6.40245 10 15 0
-5.2294 -6.46445 20 23 0
-5.2775 -6.52366 30 31 1
-6.6552 -1.29274 0 0 0
-6.71907 -1.30617 10 8 0
-6.77932 -1.31709 20 16 0
-6.83807 -1.32617 30 24 1
4.74108 -0.468855 0 4 0
4.78043 -0.4725 10 13 0
4.81948 -0.479679 20 20 0
4.86114 -0.4825 30 29 1
-5.14427 -5.57951 0 7 0
-5.1925 -5.62549 10 15 0
-5.2459 -5.68114 20 23 0
-5.2925 -5.73256 30 31 1
-7.34768 -1.5904 0 0 0
-7.42212 -1.60617 10 8 0
-7.48487 -1.62016 20 16 0
-7.55819 -1.63617 30 24 1
6.82505 2.8135 2.27374e-13 4 0
6.89157 2.92117 10 12 0
6.96255 3.03137 20 19 1
-2.77303 3.83025 -1.13687e-13 1 0
-2.80117 3.86536 10 10 0
-2.83004 3.90258 20 17 0
-2.85617 3.94158 30 26 1
6.83812 -1.43489 1.13687e-13 4 0
6.90095 -1.4475 10 13 0
6.96224 -1.45924 20 20 0
7.02494 -1.4725 30 29 1
-1.91782 5.85166 -1.13687e-13 2 0
-1.93617 5.90657 10 10 0
-1.95841 5.96272 20 18 0
-1.97617 6.01021 30 26 1
6.97102 -4.42719 -2.27374e-13 5 0
7.02888 -4.4675 10 13 0
7.08907 -4.50315 20 21 0
7.15131 -4.5475 30 29 1
-6.44427 -4.28875 0 7 0
-6.51259 -4.33117 10 8 0
-6.56886 -4.36741 20 23 0
-6.63002 -4.40617 30 24 1
-6.18484 1.20218 1.13687e-13 0 0
-6.24875 1.2125 10 9 0
-6.30243 1.22382 20 16 0
-6.36068 1.2325 30 25 1
2.87537 4.21757 -1.13687e-13 3 0
2.9025 4.2618 10 11 0
2.92473 4.29755 20 19 0
2.9525 4.34008 30 27 1
-4.4826 2.1475 10 9 0
-4.52599 2.16968 20 17 0
-4.56503 2.1875 30 25 1
0.693452 8.07935 0 2 0
0.6975 8.15913 10 11 0
0.701569 8.22961 20 18 0
0.7075 8.30348 30 27 1
3.72058 5.01686 -2.27374e-13 3 0
3.7525 5.0623 10 11 0
3.77918 5.10608 20 19 0
3.8125 5.15058 30 27 1
3.99322 -5.92679 -1.13687e-13 5 0
4.02617 -5.98132 10 14 0
4.05994 -6.0356 20 21 0
4.09617 -6.08667 30 30 1
-8.13161 2.17092 0 0 0
-8.20663 2.1875 10 9 0
-8.2884 2.2088 20 16 0
-8.35977 2.2275 30 25 1
-7.62859 0.8964 0 0 0
-7.69945 0.9025 10 9 0
-7.77231 0.912636 20 16 0
-7.84173 0.9175 30 25 1
-7.77884 -0.351057 0 0 0
-7.85004 -0.351169 10 8 0
-7.92256 -0.356469 20 16 0
-7.99439 -0.361169 30 24 1
4.03074 -4.85452 0 5 0
4.06617 -4.89702 10 14 0
4.0997 -4.94262 20 21 0
4.13617 -4.98823 30 30 1
0.982991 8.308 0 2 0
0.9925 8.38342 10 11 0
0.999227 8.45172 20 18 0
1.0075 8.53277 30 27 1
1.43489 7.50446 1.13687e-13 2 0
1.4475 7.5727 10 11 0
1.45924 7.64165 20 18 0
1.4675 7.70583 30 27 1
-4.98618 -3.38171 0 7 0
-5.03398 -3.41117 10 8 0
-5.08193 -3.44302 20 23 0
-5.12933 -3.47117 30 24 1
1.13453 5.86473 0 2 0
1.1425 5.91712 10 11 0
1.14806 5.97579 20 18 0
1.1575 6.02405 30 27 1
7.59592 1.61204 1.13687e-13 4 0
7.66132 1.62617 10 12 0
7.72658 1.6391 20 20 0
7.79739 1.65617 30 28 1
7.75271 1.57416 1.13687e-13 4 0
7.81724 1.59117 10 12 0
7.8899 1.60393 20 20 0
7.95538 1.61617 30 28 1
4.36304 5.26133 0 3 0
4.4025 5.30925 10 11 0
4.43471 5.35596 20 19 0
4.4775 5.41253 30 27 1
-2.44549 7.67432 -1.13687e-13 2 0
-2.47117 7.74265 10 10 0
-2.49419 7.81804 20 18 0
-2.51617 7.87957 30 26 1
-7.80497 -2.35889 -1.13687e-13 0 0
-7.87892 -2.38117 10 8 0
-7.95523 -2.39948 20 16 0
-8.02499 -2.42117 30 24 1
-1.05876 -6.24363 -1.13687e-13 6 0
-1.0675 -6.29467 10 15 0
-1.08311 -6.35469 20 22 0
-1.0925 -6.40452 30 31 1
0.374146 5.53155 0 2 0
0.3725 5.57846 10 11 0
0.374146 5.63608 20 18 0
0.3725 5.67745 30 27 1
6.45921 -1.64054 1.13687e-13 4 0
6.51905 -1.6525 10 13 0
6.57027 -1.6649 20 20 0
6.6289 -1.6775 30 29 1
-0.906169 8.11512 10 10 0
-0.916607 8.19041 20 18 0
-0.926169 8.2624 30 26 1
0.0128094 -8.32107 -1.13687e-13 6 0
0.0111686 -8.40099 10 14 0
0.0101034 -8.47132 20 22 0
0.00616865 -8.55155 30 30 1
3.0118 5.44848 -2.27374e-13 3 0
3.0375 5.49988 10 11 0
3.06275 5.54535 20 19 0
3.0875 5.59231 30 27 1
-7.66779 -2.16677 -1.13687e-13 0 0
-7.74049 -2.18617 10 8 0
-7.81151 -2.20465 20 16 0
-7.88656 -2.22617 30 24 1
-4.51146 5.04823 0 1 0
-4.55617 5.09711 10 10 0
-4.59731 5.13792 20 17 0
-4.64117 5.18211 30 26 1
-3.5375 -3.78664 10 15 0
-3.57043 -3.81815 20 23 0
-3.6025 -3.85164 30 31 1
-8.17081 2.78788 0 0 0
-8.2518 2.8125 10 9 0
-8.32107 2.83388 20 16 0
-8.4008 2.8625 30 25 1
5.13305 -1.76231 1.13687e-13 4 0
5.18034 -1.7775 10 13 0
5.21798 -1.79208 20 20 1
6.13257 1.29274 1.13687e-13 4 0
6.18374 1.30117 10 12 0
6.2371 1.31439 20 20 0
6.28652 1.32617 30 28 1
1.79208 6.10644 -2.27374e-13 2 0
1.8075 6.16493 10 11 0
1.82185 6.2175 20 18 0
1.8325 6.26771 30 27 1
-5.10177 5.04921 -1.13687e-13 1 0
-5.15072 5.0925 10 9 0
-5.19798 5.13777 20 17 0
-5.24779 5.1825 30 25 1
-1.9375 -6.59192 10 15 0
-1.95985 -6.6552 20 22 0
-1.9775 -6.71677 30 31 1
5.17647 -3.57021 -1.13687e-13 5 0
5.21843 -3.5975 10 13 0
5.26839 -3.63535 20 21 0
5.30464 -3.6625 30 29 1
6.46575 2.51314 1.13687e-13 4 0
6.52779 2.53617 10 12 0
6.58987 2.55914 20 20 0
6.63643 2.58117 30 28 1
-5.25704 3.0775 10 9 0
-5.30866 3.10542 20 17 0
-5.35447 3.1325 30 25 1
2.75292 -3.25908 0 5 0
2.77617 -3.28882 10 14 0
2.79799 -3.31563 20 21 0
2.82117 -3.34796 30 30 1
-4.61929 3.0125 10 9 0
-4.66675 3.04519 20 17 0
-4.70964 3.0675 30 25 1
-3.79117 5.21599 10 10 0
-3.82892 5.26883 20 17 0
-3.86617 5.3122 30 26 1
-3.36117 4.55971 10 10 0
-3.3894 4.5997 20 17 0
-3.42617 4.64593 30 26 1
5.15265 -1.16429 0 4 0
5.19552 -1.1775 10 13 0
5.23758 -1.18865 20 20 0
5.28623 -1.1975 30 29 1
1.59995 5.96925 0 2 0
1.6125 6.01943 10 11 0
1.62431 6.08031 20 18 0
1.6375 6.12928 30 27 1
0.107519 -6.78586 1.13687e-13 6 0
0.106169 -6.84136 10 14 0
0.104813 -6.89691 20 22 0
0.106169 -6.96864 30 30 1
-4.54695 -6.84203 0 7 0
-4.5925 -6.90639 10 15 0
-4.63214 -6.96932 20 23 0
-4.6775 -7.02675 30 31 1
-0.824604 7.45873 -1.13687e-13 2 0
-0.836169 7.52893 10 10 0
-0.843545 7.59592 20 18 0
-0.856169 7.66207 30 26 1
-4.81778 3.0625 10 9 0
-4.86339 3.08876 20 17 0
-4.90813 3.1175 30 25 1
5.7406 -0.309202 0 4 0
5.79423 -0.3125 10 13 0
5.8386 -0.311908 20 20 0
5.89115 -0.3175 30 29 1
-6.57053 5.66842 -1.13687e-13 1 0
-6.63632 5.7225 10 9 0
-6.69558 5.77433 20 17 0
-6.75753 5.8225 30 25 1
-6.34426 -6.03327 1.13687e-13 7 0
-6.40083 -6.08617 10 8 0
-6.46548 -6.14301 20 23 0
-6.5179 -6.19617 30 24 1
-4.26704 2.0875 10 9 0
-4.31087 2.10763 20 17 0
-4.34447 2.1225 30 25 1
6.4332 2.87705 -2.27374e-13 3 0
6.48974 2.90117 10 12 0
6.54696 2.92958 20 19 0
6.6013 2.95617 30 28 1
-5.86473 -2.06394 0 0 0
-5.92429 -2.08117 10 8 0
-5.97579 -2.09912 20 16 0
-6.035 -2.12117 30 24 1
-8.19041 -0.104813 1.13687e-13 0 0
-8.26972 -0.106169 10 8 0
-8.35373 -0.107519 20 16 0
-8.43235 -0.106169 30 24 1
-4.13164 3.8825 10 9 0
-4.17305 3.91767 20 17 0
-4.21078 3.9475 30 25 1
2.42055 -5.6055 0 5 0
2.44117 -5.65497 10 14 0
2.45732 -5.70732 20 21 0
2.47617 -5.75361 30 30 1
5.57075 0.215758 0 4 0
5.61493 0.216169 10 12 0
5.66221 0.22117 20 20 0
5.71185 0.221169 30 28 1
-2.23617 7.3733 10 10 0
-2.25607 7.43914 20 18 0
-2.28117 7.50315 30 26 1
7.4914 3.02457 1.13687e-13 4 0
7.55897 3.05117 10 12 0
7.62859 3.08139 20 20 0
7.69176 3.10617 30 28 1
-3.37617 4.36965 10 10 0
-3.40687 4.40669 20 17 0
-3.44617 4.4538 30 26 1
8.04016 -2.85282 2.27374e-13 4 0
8.11881 -2.8775 10 13 0
8.19041 -2.90424 20 20 0
8.25867 -2.9325 30 29 1
-3.62117 4.33888 10 10 0
-3.65279 4.37326 20 17 0
-3.69117 4.41595 30 26 1
6.94897 -3.59003 1.13687e-13 5 0
7.01119 -3.6225 10 13 0
7.07198 -3.65181 20 21 0
7.12776 -3.6825 30 29 1
-5.39695 0.0425 10 9 0
-5.44663 0.0413102 20 16 0
-5.49595 0.0425 30 25 1
2.72092 -4.12256 -2.27374e-13 5 0
2.74617 -4.16392 10 14 0
2.77029 -4.20254 20 21 0
2.79117 -4.2372 30 30 1
0.0575461 5.93006 0 2 0
0.0525 5.98678 10 11 0
0.0521342 6.03458 20 18 0
0.0475 6.08784 30 27 1
-2.7425 -7.09993 10 15 0
-2.77164 -7.16476 20 22 0
-2.7975 -7.22564 30 31 1
1.26441 8.38639 -1.13687e-13 2 0
1.2725 8.46543 10 11 0
1.28336 8.53665 20 18 0
1.2925 8.61978 30 27 1
2.52982 -4.78485 0 5 0
2.55117 -4.82452 10 14 0
2.57153 -4.87248 20 21 0
2.59617 -4.91901 30 30 1
-5.14639 5.99314 0 1 0
-5.19117 6.04323 10 10 0
-5.23766 6.09589 20 17 0
-5.29117 6.1503 30 26 1
4.89375 3.66815 -1.13687e-13 3 0
4.93507 3.70117 10 12 0
4.98185 3.73711 20 19 0
5.02628 3.77117 30 28 1
2.60445 -4.0635 0 5 0
2.62117 -4.09549 10 14 0
2.64458 -4.13424 20 21 0
2.66617 -4.17584 30 30 1
8.10548 0.307761 0 4 0
8.1848 0.311169 10 12 0
8.24921 0.313173 20 20 0
8.32415 0.316169 30 28 1
1.54854 5.42703 -1.13687e-13 2 0
1.5575 5.47652 10 11 0
1.5729 5.52502 20 18 0
1.5825 5.57224 30 27 1
-4.81078 -3.50617 10 8 0
-4.85653 -3.53908 20 23 0
-4.90407 -3.57117 30 24 1
5.18225 4.5345 -1.13687e-13 3 0
5.22524 4.57117 10 12 0
5.26923 4.61382 20 19 0
5.31731 4.65617 30 28 1
7.5306 1.73652 0 4 0
7.59541 1.75117 10 12 0
7.66125 1.76899 20 20 0
7.7294 1.78617 30 28 1
6.46575 -1.55666 1.13687e-13 4 0
6.5239 -1.5725 10 13 0
6.57681 -1.58643 20 20 0
6.63375 -1.5975 30 29 1
5.06738 -3.41138 -2.27374e-13 5 0
5.11292 -3.4425 10 13 0
5.1593 -3.47651 20 21 0
5.20121 -3.5025 30 29 1
-4.58676 5.2039 0 1 0
-4.63617 5.25489 10 10 0
-4.68186 5.30282 20 17 0
-4.72117 5.34696 30 26 1
-1.14932 6.50494 -1.13687e-13 2 0
-1.16117 6.567 10 10 0
-1.17368 6.62907 20 18 0
-1.18617 6.68392 30 26 1
-4.02432 7.75268 1.13687e-13 1 0
-4.06617 7.82444 10 10 0
-4.10458 7.89416 20 17 0
-4.14117 7.96308 30 26 1
-8.06629 -0.535064 0 0 0
-8.1461 -0.541169 10 8 0
-8.22307 -0.545888 20 16 0
-8.29752 -0.551169 30 24 1
-0.512151 -4.98933 -2.27374e-13 6 0
-0.5175 -5.03757 10 15 0
-0.525681 -5.08732 20 22 0
-0.5325 -5.13035 30 31 1
6.14232 5.75479 -1.13687e-13 3 0
6.19154 5.80617 10 12 0
6.24395 5.85642 20 19 0
6.30361 5.91117 30 28 1
6.14957 4.96224 1.13687e-13 3 0
6.20471 5.00617 10 12 0
6.25615 5.04968 20 19 0
6.30886 5.09617 30 28 1
5.17682 5.81488 1.13687e-13 3 0
5.2225 5.86762 10 11 0
5.26809 5.91763 20 19 0
5.3125 5.97176 30 27 1
-1.83979 -4.19992 0 7 0
-1.8575 -4.23503 10 15 0
-1.87879 -4.28102 20 23 0
-1.8975 -4.31746 30 31 1
-6.83158 -0.494474 0 0 0
-6.89695 -0.501169 10 8 0
-6.96224 -0.505298 20 16 0
-7.02716 -0.511169 30 24 1
-2.6375 -4.88068 10 15 0
-2.66559 -4.92623 20 23 0
-2.6925 -4.97104 30 31 1
-5.37199 3.62414 0 1 0
-5.42692 3.6575 10 9 0
-5.47427 3.68816 20 17 0
-5.52728 3.7225 30 25 1
2.70783 6.49155 -1.13687e-13 3 0
2.7275 6.54753 10 11 0
2.75 6.60643 20 19 0
2.7725 6.66324 30 27 1
-8.58891 0.514857 2.27374e-13 0 0
-8.67209 0.5175 10 9 0
-8.75223 0.522975 20 16 0
-8.83059 0.5275 30 25 1
-1.56063 6.58334 -1.13687e-13 2 0
-1.57617 6.64259 10 10 0
-1.5931 6.70093 20 18 0
-1.61117 6.76244 30 26 1
-4.66168 -1.47617 10 8 0
-4.71495 -1.49027 20 16 0
-4.75532 -1.50617 30 24 1
4.23152 -1.36724 0 4 0
4.27122 -1.3775 10 13 0
4.30339 -1.39159 20 20 0
4.34572 -1.4025 30 29 1
0.407883 -6.46575 -1.13687e-13 6 0
0.411169 -6.52411 10 14 0
0.410589 -6.57681 20 22 0
0.411169 -6.63724 30 30 1
2.78103 -7.1125 -1.13687e-13 6 0
2.80117 -7.18169 10 14 0
2.82432 -7.24315 20 22 0
2.84617 -7.30448 30 30 1
5.28984 0.857075 1.13687e-13 4 0
5.33862 0.866169 10 12 0
5.3813 0.873311 20 20 0
5.42433 0.881169 30 28 1
-2.89197 7.38034 0 2 0
-2.92117 7.45019 10 10 0
-2.9488 7.51753 20 18 0
-2.97617 7.5759 30 26 1
8.07935 0.940961 0 4 0
8.14805 0.946169 10 12 0
8.22307 0.957197 20 20 0
8.28826 0.966169 30 28 1
-5.68181 -2.02065 0 0 0
-5.7308 -2.03617 10 8 0
-5.78633 -2.05853 20 16 0
-5.84151 -2.07617 30 24 1
-7.27582 -0.689305 -1.13687e-13 0 0
-7.34651 -0.696169 10 8 0
-7.41301 -0.702834 20 16 0
-7.48172 -0.711169 30 24 1
2.2319 3.76162 0 3 0
2.2475 3.79065 10 11 0
2.26549 3.82965 20 19 0
2.2825 3.861 30 27 1
4.72802 1.52816 0 4 0
4.76911 1.54117 10 12 0
4.80641 1.55522 20 20 0
4.84861 1.57117 30 28 1
-8.19041 -2.47525 0 0 0
-8.2697 -2.49617 10 8 0
-8.35373 -2.52125 20 16 0
-8.42576 -2.54617 30 24 1
-5.43356 0.701569 0 0 0
-5.48919 0.7075 10 9 0
-5.53809 0.712393 20 16 0
-5.59112 0.7175 30 25 1
0.16705 -6.85118 -1.13687e-13 6 0
0.166169 -6.9155 10 14 0
0.16705 -6.98184 20 22 0
0.166169 -7.03571 30 30 1
-7.89643 -2.59702 1.13687e-13 0 0
-7.97043 -2.62117 10 8 0
-8.05322 -2.64573 20 16 0
-8.1265 -2.67117 30 24 1
-5.36823 -1.65805 1.13687e-13 0 0
-5.4153 -1.67117 10 8 0
-5.46623 -1.68781 20 16 0
-5.52101 -1.70617 30 24 1
4.79886 -4.63149 -1.13687e-13 5 0
4.84179 -4.6775 10 13 0
4.88471 -4.72118 20 21 0
4.92179 -4.7575 30 29 1
-4.27077 2.3175 10 9 0
-4.31617 2.34254 20 17 0
-4.35319 2.3575 30 25 1
-7.35532 -1.22117 10 8 0
-7.42607 -1.23321 20 16 0
-7.49346 -1.24617 30 24 1
-3.3875 -4.49931 10 15 0
-3.42057 -4.54081 20 23 0
-3.4525 -4.57845 30 31 1
5.30291 -2.13033 1.13687e-13 4 0
5.34528 -2.1475 10 13 0
5.39437 -2.16821 20 20 0
5.43477 -2.1875 30 29 1
-5.4975 -6.24161 10 15 0
-5.54823 -6.29344 20 23 0
-5.6025 -6.35369 30 31 1
-5.13076 0.2925 10 9 0
-5.17878 0.292966 20 16 0
-5.22769 0.2975 30 25 1
3.85342 3.59983 -1.13687e-13 3 0
3.88719 3.63617 10 12 0
3.91809 3.6645 20 19 0
3.95219 3.70117 30 28 1
-7.40647 2.02209 0 0 0
-7.4818 2.0425 10 9 0
-7.55019 2.05997 20 16 0
-7.62287 2.0775 30 25 1
-4.64714 -3.40617 10 8 0
-4.69004 -3.43764 20 23 0
-4.73543 -3.46617 30 24 1
6.04111 -2.50105 1.13687e-13 4 0
6.09504 -2.5225 10 13 0
6.14564 -2.54434 20 20 0
6.20368 -2.5675 30 29 1
0.395794 4.43404 -1.13687e-13 2 0
0.3975 4.47209 10 11 0
0.401206 4.51244 20 18 0
0.4025 4.55487 30 27 1
-4.90564 0.4775 10 9 0
-4.95013 0.479679 20 16 0
-4.99549 0.4825 30 25 1
-4.97394 5.69441 1.13687e-13 1 0
-5.01617 5.74095 10 10 0
-5.06521 5.79715 20 17 0
-5.11117 5.8501 30 26 1
2.13963 -4.57451 -1.13687e-13 5 0
2.15617 -4.61336 10 14 0
2.1721 -4.65291 20 21 0
2.19117 -4.69786 30 30 1
-4.79096 1.0275 10 9 0
-4.83254 1.03711 20 16 0
-4.87667 1.0425 30 25 1
7.511 2.4969 1.13687e-13 4 0
7.57345 2.52117 10 12 0
7.63512 2.5429 20 20 0
7.7033 2.56617 30 28 1
1.0317 7.8899 -1.13687e-13 2 0
1.0375 7.96173 10 11 0
1.04523 8.02709 20 18 0
1.0525 8.10401 30 27 1
5.37786 -3.66446 0 5 0
5.42449 -3.6975 10 13 0
5.46979 -3.72959 20 21 0
5.51778 -3.7625 30 29 1
3.94477 -2.77861 1.13687e-13 5 0
3.97795 -2.8025 10 13 0
4.00786 -2.82639 20 21 0
4.04709 -2.8575 30 29 1
-3.96617 4.09698 10 10 0
-4.00289 4.13403 20 17 0
-4.04117 4.17198 30 26 1
-8.30147 -1.22779 -1.13687e-13 0 0
-8.38648 -1.24117 10 8 0
-8.46479 -1.25215 20 16 0
-8.54083 -1.26117 30 24 1
-8.10103 -3.45424 0 7 0
-8.17782 -3.48617 10 8 0
-8.25129 -3.51648 20 23 0
-8.32767 -3.55117 30 24 1
7.77884 3.01915 0 4 0
7.84389 3.04617 10 12 0
7.9095 3.07327 20 20 0
7.98374 3.10117 30 28 1
2.09371 -7.16476 -1.13687e-13 6 0
2.11117 -7.22709 10 14 0
2.12889 -7.28888 20 22 0
2.14617 -7.35401 30 30 1
2.41231 3.76599 0 3 0
2.4325 3.79887 10 11 0
2.44973 3.83019 20 19 0
2.4725 3.86715 30 27 1
5.80835 1.66117 10 12 0
5.86473 1.67428 20 20 0
5.90906 1.69117 30 28 1
3.80395 -2.66075 -1.13687e-13 5 0
3.84174 -2.6875 10 13 0
3.87357 -2.71123 20 21 0
3.90795 -2.7325 30 29 1
4.44057 -0.230729 0 4 0
4.46972 -0.2325 10 13 0
4.51244 -0.233435 20 20 0
4.54543 -0.2375 30 29 1
0.320026 6.55067 -1.13687e-13 2 0
0.3175 6.6124 10 11 0
0.320026 6.66826 20 18 0
0.3225 6.73054 30 27 1
2.51153 3.57437 -1.13687e-13 3 0
2.5325 3.60896 10 11 0
2.54895 3.63858 20 19 0
2.5725 3.67017 30 27 1
-6.43308 1.62431 1.13687e-13 0 0
-6.49698 1.6375 10 9 0
-6.55067 1.65137 20 16 0
-6.6189 1.6675 30 25 1
0.81378 -6.57027 0 6 0
0.816169 -6.63212 10 14 0
0.821898 -6.6944 20 22 0
0.826169 -6.75526 30 30 1
-4.82982 7.05805 0 1 0
-4.87617 7.12123 10 10 0
-4.91884 7.18152 20 17 0
-4.96617 7.24659 30 26 1
6.81313 -3.07916 -1.13687e-13 5 0
6.86596 -3.1025 10 13 0
6.92689 -3.13169 20 21 0
6.9846 -3.1575 30 29 1
-4.21737 -3.35117 10 8 0
-4.25578 -3.38224 20 23 0
-4.29859 -3.41117 30 24 1
5.10387 2.29395 0 3 0
5.14813 2.31617 10 12 0
5.1915 2.33566 20 19 0
5.23556 2.36117 30 28 1
-2.84617 5.94683 10 10 0
-2.86962 5.99716 20 17 0
-2.89617 6.04633 30 26 1
-3.98247 3.2525 10 9 0
-4.01687 3.27931 20 17 0
-4.05161 3.3075 30 25 1
-5.62301 1.28336 1.13687e-13 0 0
-5.67821 1.2925 10 9 0
-5.72754 1.305 20 16 0
-5.781 1.3175 30 25 1
-5.1642 5.1346 0 1 0
-5.21951 5.1825 10 9 0
-5.26041 5.22316 20 17 0
-5.30951 5.2725 30 25 1
5.85411 3.6871 -1.13687e-13 3 0
5.90466 3.71617 10 12 0
5.95639 3.75112 20 19 0
6.00295 3.78617 30 28 1
-2.79997 7.10596 0 2 0
-2.82617 7.17134 10 10 0
-2.85409 7.23662 20 18 0
-2.88617 7.30912 30 26 1
-6.86671 3.02558 1.13687e-13 1 0
-6.9341 3.0575 10 9 0
-7.00007 3.08624 20 17 0
-7.05981 3.1125 30 25 1
-7.31486 -3.15024 -1.13687e-13 7 0
-7.37992 -3.17617 10 8 0
-7.45204 -3.20707 20 23 0
-7.5177 -3.23617 30 24 1
3.69515 -3.50865 0 5 0
3.728 -3.5425 10 13 0
3.75982 -3.57332 20 21 0
3.793 -3.6075 30 29 1
1.00735 5.8582 -1.13687e-13 2 0
1.0175 5.91233 10 11 0
1.02358 5.96272 20 18 0
1.0275 6.01426 30 27 1
-0.676169 8.18918 10 10 0
-0.686599 8.26227 20 18 0
-0.696169 8.34353 30 26 1
2.71482 8.09895 -1.13687e-13 2 0
2.7375 8.1768 10 11 0
2.76082 8.24921 20 18 0
2.7825 8.3208 30 27 1
-5.87779 0.880164 0 0 0
-5.93582 0.8925 10 9 0
-5.98885 0.899106 20 16 0
-6.04482 0.9025 30 25 1
5.05227 3.14932 -1.13687e-13 3 0
5.10096 3.18117 10 12 0
5.14149 3.20792 20 19 0
5.18425 3.23617 30 28 1
-5.28511 -4.40392 -1.13687e-13 7 0
-5.34066 -4.44617 10 8 0
-5.38898 -4.48483 20 23 0
-5.44187 -4.52617 30 24 1
5.09516 4.67702 -1.13687e-13 3 0
5.1419 4.72117 10 12 0
5.18485 4.76288 20 19 0
5.23397 4.80617 30 28 1
7.35421 1.47404 0 4 0
7.41526 1.48617 10 12 0
7.48487 1.5011 20 20 0
7.54425 1.51617 30 28 1
2.19256 8.41906 0 2 0
2.2075 8.49533 10 11 0
2.22774 8.56931 20 18 0
2.2475 8.64847 30 27 1
5.61776 5.27232 0 3 0
5.67119 5.32117 10 12 0
5.71668 5.36742 20 19 0
5.76619 5.41617 30 28 1
4.00762 -4.56353 0 5 0
4.04617 -4.60832 10 14 0
4.08041 -4.6478 20 21 0
4.11117 -4.68746 30 30 1
-7.83764 2.74188 1.13687e-13 0 0
-7.91689 2.7675 10 9 0
-7.98789 2.79329 20 16 0
-8.05881 2.8175 30 25 1
6.82505 2.52125 1.13687e-13 4 0
6.88634 2.54117 10 12 0
6.94918 2.56726 20 20 0
7.00705 2.59117 30 28 1
0.632479 -6.98184 0 6 0
0.636169 -7.04609 10 14 0
0.637891 -7.1125 20 22 0
0.641169 -7.1713 30 30 1
3.44393 5.30275 0 3 0
3.4725 5.34799 10 11 0
3.4987 5.3958 20 19 0
3.5325 5.45041 30 27 1
3.60155 -5.47772 -3.41061e-13 5 0
3.63117 -5.52975 10 14 0
3.66557 -5.58001 20 21 0
3.69117 -5.63218 30 30 1
-3.4625 -5.5289 10 15 0
-3.49272 -5.57732 20 23 0
-3.5275 -5.62926 30 31 1
5.09386 -0.0358983 2.27374e-13 4 0
5.14446 -0.0375 10 13 0
5.18532 -0.0358983 20 20 0
5.22932 -0.0375 30 29 1
3.07524 3.53727 -3.41061e-13 3 0
3.1025 3.57084 10 11 0
3.12956 3.60307 20 19 0
3.1525 3.63499 30 27 1
-7.37259 -4.63538 1.13687e-13 7 0
-7.43742 -4.67617 10 8 0
-7.51024 -4.71946 20 23 0
-7.57692 -4.76617 30 24 1
-1.39159 -5.41396 -1.13687e-13 6 0
-1.4075 -5.46795 10 15 0
-1.42136 -5.51196 20 22 0
-1.4375 -5.56866 30 31 1
-0.0304863 -6.28283 -1.13687e-13 6 0
-0.0325 -6.33447 10 15 0
-0.0386043 -6.39389 20 22 0
-0.0425 -6.45761 30 31 1
-7.85774 -3.33722 0 7 0
-7.93054 -3.36617 10 8 0
-8.00146 -3.39676 20 23 0
-8.0754 -3.42617 30 24 1
2.71843 4.75329 -1.13687e-13 3 0
2.7375 4.79683 10 11 0
2.76014 4.84092 20 19 0
2.7825 4.88426 30 27 1
-0.238847 -5.21798 -1.13687e-13 6 0
-0.2425 -5.26461 10 15 0
-0.246965 -5.31597 20 22 0
-0.2525 -5.35946 30 31 1
1.88949 4.81294 -1.13687e-13 2 0
1.9025 4.85986 10 11 0
1.91655 4.9044 20 18 0
1.9325 4.94643 30 27 1
-6.70746 1.81914 2.27374e-13 0 0
-6.76769 1.8375 10 9 0
-6.82505 1.85161 20 16 0
-6.88961 1.8675 30 25 1
0.596036 6.51148 0 2 0
0.5975 6.56713 10 11 0
0.601448 6.62907 20 18 0
0.6025 6.68527 30 27 1
4.25112 -1.44571 0 4 0
4.28551 -1.4625 10 13 0
4.32298 -1.47548 20 20 0
4.36001 -1.4875 30 29 1
-5.70794 1.05335 -1.13687e-13 0 0
-5.75934 1.0625 10 9 0
-5.81247 1.07499 20 16 0
-5.86419 1.0825 30 25 1
5.10806 -4.58098 -1.13687e-13 5 0
5.14741 -4.6225 10 13 0
5.19774 -4.66683 20 21 0
5.23948 -4.7075 30 29 1
2.23713 -6.26976 0 6 0
2.25117 -6.32764 10 14 0
2.2696 -6.38735 20 22 0
2.28617 -6.44042 30 30 1
-3.0925 -4.38816 10 15 0
-3.11894 -4.4267 20 23 0
-3.1525 -4.46937 30 31 1
-6.73475 3.96131 1.13687e-13 1 0
-6.7993 3.9975 10 9 0
-6.86316 4.03615 20 17 0
-6.93086 4.0725 30 25 1
-7.49793 0.495915 0 0 0
-7.56815 0.5025 10 9 0
-7.63512 0.504033 20 16 0
-7.7075 0.5075 30 25 1
-5.44607 -3.79951 0 7 0
-5.49641 -3.83117 10 8 0
-5.55106 -3.87006 20 23 0
-5.60176 -3.90117 30 24 1
-3.2425 -4.89171 10 15 0
-3.27167 -4.93916 20 23 0
-3.3025 -4.98 30 31 1
-1.5729 -4.95013 -1.13687e-13 6 0
-1.5875 -4.99741 10 15 0
-1.60537 -5.04159 20 22 0
-1.6225 -5.08898 30 31 1
7.04783 -4.44277 -1.13687e-13 5 0
7.11459 -4.4825 10 13 0
7.17242 -4.52144 20 21 0
7.23702 -4.5625 30 29 1
-0.583771 5.16572 0 2 0
-0.591169 5.21918 10 10 0
-0.597301 5.26371 20 18 0
-0.606169 5.30489 30 26 1
4.18256 -4.01903 -3.41061e-13 5 0
4.21679 -4.0525 10 13 0
4.24994 -4.09023 20 21 0
4.28472 -4.1275 30 29 1
-6.59262 -3.70617 -1.13687e-13 7 0
-6.65798 -3.74117 10 8 0
-6.71833 -3.77448 20 23 0
-6.77955 -3.80617 30 24 1
-2.69588 -8.04016 -1.13687e-13 6 0
-2.7225 -8.11231 10 15 0
-2.75 -8.18388 20 22 0
-2.7775 -8.25923 30 31 1
-4.1217 -7.23955 1.13687e-13 7 0
-4.1625 -7.31078 10 15 0
-4.20308 -7.37068 20 23 0
-4.2425 -7.44028 30 31 1
-5.43034 -6.53144 2.27374e-13 7 0
-5.4825 -6.58724 10 15 0
-5.54008 -6.65267 20 23 0
-5.5875 -6.70638 30 31 1
-4.98206 0.4125 10 9 0
-5.02853 0.414736 20 16 0
-5.07899 0.4175 30 25 1
-0.756954 5.03506 0 2 0
-0.766169 5.08306 10 10 0
-0.775896 5.13305 20 18 0
-0.786169 5.18084 30 26 1
2.89236 3.08268 0 3 0
2.9175 3.11007 10 11 0
2.94396 3.14194 20 19 0
2.9675 3.16714 30 27 1
-3.74863 -6.58712 -2.27374e-13 7 0
-3.7825 -6.64794 10 15 0
-3.82076 -6.709 20 23 0
-3.8575 -6.76536 30 31 1
-4.56584 4.35638 0 1 0
-4.60628 4.3925 10 9 0
-4.65011 4.42917 20 17 0
-4.68836 4.4675 30 25 1
-0.5798 -5.16572 1.13687e-13 6 0
-0.5875 -5.21363 10 15 0
-0.59333 -5.26371 20 22 0
-0.6025 -5.30641 30 31 1
-6.05418 0.590624 0 0 0
-6.10751 0.5975 10 9 0
-6.1587 0.601448 20 16 0
-6.22358 0.6075 30 25 1
-3.40117 4.78356 10 10 0
-3.43343 4.82359 20 17 0
-3.46617 4.8627 30 26 1
-5.41723 -0.386169 10 8 0
-5.47276 -0.391647 20 16 0
-5.52623 -0.396169 30 24 1
5.84392 -2.92124 -1.13687e-13 5 0
5.88572 -2.9425 10 13 0
5.94079 -2.97219 20 21 0
5.99021 -2.9975 30 29 1
-8.79143 -2.41572 1.13687e-13 0 0
-8.87438 -2.43617 10 8 0
-8.96128 -2.45902 20 16 0
-9.03958 -2.48117 30 24 1
-6.30896 -0.927431 0 0 0
-6.37028 -0.936169 10 8 0
-6.42655 -0.943667 20 16 0
-6.48428 -0.951169 30 24 1
1.7542 5.022 -2.27374e-13 2 0
1.7675 5.06427 10 11 0
1.78126 5.11345 20 18 0
1.7925 5.15291 30 27 1
6.29367 3.97741 -1.13687e-13 3 0
6.34609 4.01617 10 12 0
6.40519 4.05067 20 19 0
6.45851 4.08617 30 28 1
6.94264 -0.287554 2.27374e-13 4 0
7.0046 -0.2925 10 13 0
7.06023 -0.292966 20 20 1
4.91303 5.25642 1.13687e-13 3 0
4.9525 5.30063 10 11 0
4.99506 5.34993 20 19 1
-6.21097 0.552741 1.13687e-13 0 0
-6.27258 0.5575 10 9 0
-6.32856 0.563564 20 16 0
-6.38864 0.5675 30 25 1
-6.87265 -4.30383 0 7 0
-6.93772 -4.34617 10 8 0
-7.00377 -4.3852 20 23 0
-7.06721 -4.42617 30 24 1
-0.341674 -6.05418 -1.13687e-13 6 0
-0.3475 -6.105 10 15 0
-0.352498 -6.1587 20 22 1
-0.198257 -5.18532 0 6 0
-0.2025 -5.22461 10 15 0
-0.206375 -5.27024 20 22 0
-0.2125 -5.31946 30 31 1
6.6593 3.27919 0 3 0
6.71796 3.30617 10 12 0
6.77577 3.33825 20 19 0
6.83453 3.36617 30 28 1
-5.62301 -0.594595 0 0 0
-5.68173 -0.601169 10 8 0
-5.73407 -0.608125 20 16 0
-5.79073 -0.611169 30 24 1
-7.70617 4.47734 0 1 0
-7.77891 4.5175 10 9 0
-7.84765 4.55759 20 17 0
-7.92255 4.5975 30 25 1
-4.23568 -5.93377 0 7 0
-4.2775 -5.98328 10 15 0
-4.31659 -6.03764 20 23 0
-4.3625 -6.09656 30 31 1
-3.18836 -6.75012 1.13687e-13 7 0
-3.2225 -6.81626 10 15 0
-3.25013 -6.87313 20 23 0
-3.2825 -6.93282 30 31 1
1.04794 7.41954 0 2 0
1.0575 7.49382 10 11 0
1.06146 7.55673 20 18 0
1.0725 7.62903 30 27 1
-0.0846059 -5.11999 0 6 0
-0.0875 -5.17325 10 15 0
-0.0873119 -5.21798 20 22 0
-0.0925 -5.2631 30 31 1
5.42703 0.058811 2.27374e-13 4 0
5.47407 0.0611686 10 12 0
5.51849 0.058811 20 20 0
5.56599 0.0611686 30 28 1
-3.16117 5.1446 10 10 0
-3.18925 5.18788 20 17 0
-3.22117 5.23289 30 26 1
4.36493 4.99151 0 3 0
4.4075 5.04555 10 11 0
4.44313 5.08885 20 19 0
4.4775 5.12969 30 27 1
-1.0032 5.68181 -1.13687e-13 2 0
-1.01617 5.73611 10 10 0
-1.03026 5.78633 20 18 0
-1.04117 5.83889 30 26 1
5.65568 1.2305 0 4 0
5.70655 1.24117 10 12 0
5.75367 1.25485 20 20 0
5.80933 1.26617 30 28 1
4.15769 2.27005 -2.27374e-13 3 0
4.19182 2.28617 10 12 0
4.22844 2.31017 20 19 0
4.26511 2.33117 30 28 1
3.39571 -2.83801 -1.13687e-13 5 0
3.42277 -2.8625 10 13 0
3.44844 -2.88691 20 21 0
3.48484 -2.9175 30 29 1
-6.7013 5.50069 0 1 0
-6.75831 5.5475 10 9 0
-6.82747 5.59625 20 17 0
-6.88659 5.6475 30 25 1
-0.880164 -5.26371 -1.13687e-13 6 0
-0.8925 -5.31357 10 15 0
-0.904518 -5.3617 20 22 0
-0.9125 -5.41135 30 31 1
1.121 4.32952 0 2 0
1.1325 4.3727 10 11 0
1.13994 4.41444 20 18 0
1.1475 4.44427 30 27 1
7.15823 1.31168 1.13687e-13 4 0
7.2149 1.32117 10 12 0
7.28235 1.33603 20 20 0
7.34597 1.34617 30 28 1
2.85704 6.72113 -1.13687e-13 3 0
2.8825 6.78031 10 11 0
2.90575 6.83872 20 19 0
2.9325 6.90102 30 27 1
-6.50494 2.09786 -1.13687e-13 0 0
-6.56685 2.1175 10 9 0
-6.62253 2.13574 20 16 0
-6.68671 2.1525 30 25 1
6.61023 5.12058 -2.27374e-13 3 0
6.66877 5.16617 10 12 0
6.72334 5.21072 20 19 0
6.78498 5.26117 30 28 1
-4.94583 4.88179 0 1 0
-4.99279 4.9275 10 9 0
-5.04204 4.97035 20 17 0
-5.08486 5.0125 30 25 1
5.69488 -0.712393 1.13687e-13 4 0
5.74668 -0.7175 10 13 0
5.7994 -0.723217 20 20 1
4.9978 -3.8967 -1.13687e-13 5 0
5.04431 -3.9325 10 13 0
5.08861 -3.97219 20 21 0
5.13345 -4.0075 30 29 1
8.10548 -0.422853 2.27374e-13 4 0
8.17904 -0.4275 10 13 0
8.24921 -0.428265 20 20 0
8.31839 -0.4325 30 29 1
3.26337 -3.90347 -1.13687e-13 5 0
3.28617 -3.93317 10 14 0
3.31386 -3.97309 20 21 0
3.34117 -4.00938 30 30 1
-5.1173 0.9225 10 9 0
-5.16572 0.931578 20 16 0
-5.21508 0.9425 30 25 1
-5.75367 -0.145402 0 0 0
-5.80656 -0.146169 10 8 0
-5.86473 -0.148108 20 16 0
-5.91762 -0.151169 30 24 1
1.15203 -4.34258 -1.13687e-13 6 0
1.16117 -4.38204 10 14 0
1.16826 -4.42098 20 22 0
1.17617 -4.46068 30 30 1
-6.25016 -0.751542 0 0 0
-6.31049 -0.756169 10 8 0
-6.37429 -0.765072 20 16 0
-6.43156 -0.771169 30 24 1
-7.42607 -1.90429 1.13687e-13 0 0
-7.49671 -1.92117 10 8 0
-7.56979 -1.93676 20 16 0
-7.63777 -1.95617 30 24 1
4.59562 2.00766 0 3 0
4.63893 2.02617 10 12 0
4.67672 2.04666 20 19 0
4.72135 2.06617 30 28 1
1.15473 -4.63656 -1.13687e-13 6 0
1.16117 -4.67902 10 14 0
1.16826 -4.72149 20 22 0
1.17617 -4.75766 30 30 1
-4.71264 -0.636169 10 8 0
-4.75415 -0.640597 20 16 0
-4.80042 -0.646169 30 24 1
-5.90475 -6.27876 1.13687e-13 7 0
-5.9575 -6.33392 10 15 0
-6.01832 -6.39616 20 23 0
-6.0725 -6.45599 30 31 1
-4.69524 2.1975 10 9 0
-4.74223 2.22136 20 17 0
-4.78474 2.2375 30 25 1
-4.45845 7.1153 0 1 0
-4.50117 7.17757 10 10 0
-4.54636 7.24912 20 17 0
-4.59117 7.30999 30 26 1
5.43522 -3.07125 0 5 0
5.4871 -3.1025 10 13 0
5.53097 -3.13256 20 21 0
5.57746 -3.1575 30 29 1
4.22243 -4.91228 -1.13687e-13 5 0
4.25617 -4.95267 10 14 0
4.29139 -5.00038 20 21 0
4.32617 -5.04388 30 30 1
-4.04163 -6.11858 0 7 0
-4.0775 -6.17219 10 15 0
-4.11871 -6.22628 20 23 0
-4.1575 -6.28754 30 31 1
-6.72053 1.29418 0 0 0
-6.78216 1.3075 10 9 0
-6.84465 1.31853 20 16 0
-6.90823 1.3275 30 25 1
-6.98969 4.38081 2.27374e-13 1 0
-7.05666 4.4175 10 9 0
-7.1181 4.45565 20 17 0
-7.18616 4.4975 30 25 1
-0.6225 -8.08413 10 15 0
-0.631214 -8.16428 20 22 0
-0.6425 -8.23848 30 31 1
-2.7275 -5.4798 10 15 0
-2.75757 -5.52717 20 23 0
-2.7825 -5.57722 30 31 1
-6.3546 3.12194 0 1 0
-6.41392 3.1525 10 9 0
-6.4776 3.18372 20 17 0
-6.53255 3.2075 30 25 1
-0.965315 6.90998 -1.13687e-13 2 0
-0.976169 6.97597 10 10 0
-0.986962 7.04064 20 18 0
-1.00117 7.10704 30 26 1
-1.95617 6.73268 10 10 0
-1.97735 6.79239 20 18 0
-1.99617 6.85753 30 26 1
-6.73517 -5.44834 1.13687e-13 7 0
-6.80578 -5.50117 10 8 0
-6.87058 -5.55313 20 23 0
-6.93406 -5.60117 30 24 1
1.43074 -6.28283 -1.13687e-13 6 0
1.44117 -6.33788 10 14 0
1.4551 -6.39389 20 22 0
1.46617 -6.45481 30 30 1
-5.33539 6.95899 -1.13687e-13 1 0
-5.38617 7.02312 10 10 0
-5.43477 7.08133 20 17 0
-5.48617 7.14433 30 26 1
-4.7182 5.91319 1.13687e-13 1 0
-4.76617 5.97179 10 10 0
-4.81217 6.02247 20 17 0
-4.85617 6.07593 30 26 1
5.68452 -3.92137 0 5 0
5.73399 -3.9575 10 13 0
5.78298 -3.98921 20 21 0
5.83227 -4.0275 30 29 1
5.03176 -5.12845 0 5 0
5.07617 -5.17163 10 14 0
5.12032 -5.22467 20 21 0
5.16617 -5.2687 30 30 1
-4.63962 5.94558 0 1 0
-4.68617 6.00492 10 10 0
-4.72706 6.05216 20 17 0
-4.77617 6.10907 30 26 1
-3.4825 -4.02155 10 15 0
-3.51739 -4.05596 20 23 0
-3.5525 -4.09155 30 31 1
-6.19484 -0.506169 10 8 0
-6.25016 -0.508004 20 16 0
-6.31091 -0.516169 30 24 1
0.924725 -4.81294 0 6 0
0.931169 -4.85208 10 14 0
0.938255 -4.89787 20 22 0
0.941169 -4.93986 30 30 1
-4.19294 -6.92811 1.13687e-13 7 0
-4.2325 -6.99187 10 15 0
-4.27431 -7.05923 20 23 0
-4.3125 -7.12137 30 31 1
-8.3472 -1.80417 1.13687e-13 0 0
-8.42908 -1.82117 10 8 0
-8.50399 -1.83664 20 16 0
-8.57929 -1.85117 30 24 1
6.01817 -3.5275 10 13 0
6.07803 -3.56482 20 21 0
6.1256 -3.5925 30 29 1
5.80593 -0.476973 0 4 0
5.85816 -0.4825 10 13 0
5.90392 -0.485091 20 20 0
5.95509 -0.4875 30 29 1
1.87452 -6.49188 0 6 0
1.89117 -6.55454 10 14 0
1.90429 -6.60294 20 22 0
1.92117 -6.66939 30 30 1
-1.97879 -4.924 1.13687e-13 6 0
-1.9975 -4.969 10 15 0
-2.02209 -5.01546 20 22 0
-2.0425 -5.0635 30 31 1
-8.3472 -1.05191 0 0 0
-8.42569 -1.06117 10 8 0
-8.50399 -1.07355 20 16 0
-8.58711 -1.08117 30 24 1
-7.0341 -2.2723 2.27374e-13 0 0
-7.10096 -2.29617 10 8 0
-7.16476 -2.3156 20 16 0
-7.23288 -2.33617 30 24 1
-1.83101 -4.21794 1.13687e-13 7 0
-1.8525 -4.25832 10 15 0
-1.87002 -4.29904 20 23 0
-1.8925 -4.34074 30 31 1
-5.0569 5.84242 0 1 0
-5.10117 5.88959 10 10 0
-5.14817 5.94517 20 17 0
-5.19617 5.99873 30 26 1
-4.29671 2.6475 10 9 0
-4.33863 2.67115 20 17 0
-4.38207 2.6975 30 25 1
1.46863 -7.53713 0 6 0
1.47617 -7.60325 10 14 0
1.48757 -7.67432 20 22 0
1.50117 -7.74139 30 30 1
-4.86662 -3.44584 -1.13687e-13 7 0
-4.92013 -3.48117 10 8 0
-4.96507 -3.51368 20 23 0
-5.00842 -3.54117 30 24 1
3.151 -6.14077 0 5 0
3.18117 -6.20405 10 14 0
3.20353 -6.25454 20 21 0
3.23117 -6.31062 30 30 1
1.51192 -8.13815 -1.13687e-13 6 0
1.52617 -8.21893 10 14 0
1.53628 -8.2884 20 22 0
1.54617 -8.36621 30 30 1
7.64819 0.0263393 1.13687e-13 4 0
7.70888 0.0261686 10 12 0
7.77884 0.0263393 20 20 0
7.84823 0.0311686 30 28 1
6.84095 3.96598 -1.13687e-13 3 0
6.89677 4.00117 10 12 0
6.96283 4.03811 20 19 0
7.02127 4.07617 30 28 1
-1.42948 -8.69344 0 6 0
-1.4425 -8.76978 10 15 0
-1.45654 -8.85022 20 22 0
-1.4725 -8.92706 30 31 1
5.55666 3.81826 -1.13687e-13 3 0
5.60126 3.85117 10 12 0
5.64858 3.88339 20 19 0
5.69954 3.92117 30 28 1
-8.00749 -1.87452 1.13687e-13 0 0
-8.08189 -1.89117 10 8 0
-8.15775 -1.9097 20 16 1
5.82553 -1.59995 1.13687e-13 4 0
5.87094 -1.6125 10 13 0
5.92352 -1.62972 20 20 0
5.97165 -1.6425 30 29 1
3.93086 -2.87567 -1.13687e-13 5 0
3.95981 -2.8975 10 13 0
3.99395 -2.92345 20 21 0
4.02895 -2.9525 30 29 1
-9.00701 0.807103 0 0 0
-9.0923 0.8175 10 9 0
-9.17033 0.820633 20 16 0
-9.25079 0.8275 30 25 1
-6.34816 -1.31168 1.13687e-13 0 0
-6.40673 -1.32617 10 8 0
-6.47228 -1.33603 20 16 1
5.17225 1.41992 0 4 0
5.21565 1.43617 10 12 0
5.26371 1.44698 20 20 0
5.30429 1.46117 30 28 1
2.59536 -3.45359 -1.13687e-13 5 0
2.62117 -3.48737 10 14 0
2.64585 -3.52321 20 21 0
2.66117 -3.54859 30 30 1
4.79032 1.54117 10 12 0
4.83254 1.55522 20 20 0
4.86982 1.57117 30 28 1
-4.9602 0.2775 10 9 0
-5.0024 0.279437 20 16 0
-5.05005 0.2825 30 25 1
6.96224 2.39948 0 4 0
7.0209 2.42117 10 12 0
7.07983 2.44278 20 20 0
7.14368 2.46617 30 28 1
-6.04967 4.48934 -1.13687e-13 1 0
-6.111 4.5325 10 9 0
-6.1666 4.57566 20 17 0
-6.22636 4.6125 30 25 1
1.3943 6.80545 0 2 0
1.4075 6.86802 10 11 0
1.41595 6.92304 20 18 0
1.4275 6.98701 30 27 1
-2.72117 5.12887 10 10 0
-2.74668 5.17774 20 17 0
-2.77617 5.22629 30 26 1
0.0182213 -6.89691 -1.13687e-13 6 0
0.0161686 -6.96349 10 14 0
0.0128094 -7.02757 20 22 0
0.0111686 -7.08577 30 30 1
2.35064 -3.63364 -2.27374e-13 5 0
2.37117 -3.66871 10 14 0
2.39076 -3.70438 20 21 0
2.41117 -3.73699 30 30 1
0.369999 -6.2175 -1.13687e-13 6 0
0.371169 -6.27197 10 14 0
0.372705 -6.32856 20 22 0
0.371169 -6.38511 30 30 1
-1.64117 7.40762 10 10 0
-1.65534 7.46527 20 18 0
-1.67117 7.53662 30 26 1
-1.1575 -7.26148 10 15 0
-1.17241 -7.32808 20 22 0
-1.1875 -7.39755 30 31 1
-6.10416 -3.86617 10 8 0
-6.15872 -3.89987 20 23 0
-6.21659 -3.93617 30 24 1
6.22743 2.6024 -1.13687e-13 3 0
6.27838 2.62617 10 12 0
6.33195 2.64569 20 19 0
6.38701 2.67117 30 28 1
-0.878723 6.60947 -1.13687e-13 2 0
-0.891169 6.67177 10 10 0
-0.903077 6.73359 20 18 0
-0.916169 6.78869 30 26 1
-1.96923 4.9828 0 2 0
-1.99117 5.02819 10 10 0
-2.00712 5.07426 20 18 0
-2.03117 5.11769 30 26 1
-3.40737 -6.05069 -2.27374e-13 7 0
-3.4425 -6.10287 10 15 0
-3.47409 -6.15951 20 23 0
-3.5075 -6.21737 30 31 1
-2.52005 -4.37887 -2.27374e-13 7 0
-2.5425 -4.41799 10 15 0
-2.56671 -4.45232 20 23 0
-2.5925 -4.49627 30 31 1
4.87584 -5.87566 -1.13687e-13 5 0
4.91617 -5.9238 10 14 0
4.95675 -5.97953 20 21 0
5.00117 -6.03708 30 30 1
-4.00617 5.02087 10 10 0
-4.0421 5.06489 20 17 0
-4.08117 5.11001 30 26 1
-5.10412 4.80665 0 1 0
-5.15321 4.8475 10 9 0
-5.19763 4.88867 20 17 0
-5.24528 4.9325 30 25 1
3.35525 7.63646 -1.13687e-13 3 0
3.3875 7.70958 10 11 0
3.41207 7.77365 20 19 0
3.4425 7.84943 30 27 1
-4.57189 5.62528 1.13687e-13 1 0
-4.62117 5.67829 10 10 0
-4.66586 5.73456 20 17 0
-4.70617 5.77744 30 26 1
-5.41813 0.7425 10 9 0
-5.46623 0.747571 20 16 0
-5.51798 0.7575 30 25 1
-7.97483 -2.13159 2.27374e-13 0 0
-8.0449 -2.15117 10 8 0
-8.11855 -2.16948 20 16 0
-8.19097 -2.19117 30 24 1
4.67876 -2.30331 -1.13687e-13 5 0
4.71624 -2.3175 10 13 0
4.75332 -2.33961 20 21 0
4.7916 -2.3575 30 29 1
-4.97517 -2.83617 10 8 0
-5.01879 -2.85944 20 23 0
-5.06759 -2.88617 30 24 1
5.61648 0.618949 1.13687e-13 4 0
5.6643 0.626169 10 12 0
5.71447 0.632479 20 20 0
5.75916 0.636169 30 28 1
-2.38289 -3.94322 0 7 0
-2.4075 -3.97893 10 15 0
-2.43608 -4.01937 20 23 0
-2.4575 -4.05014 30 31 1
-4.91846 2.5975 10 9 0
-4.96833 2.6235 20 17 0
-5.01796 2.6475 30 25 1
-3.85268 3.0025 10 9 0
-3.89062 3.02678 20 17 0
-3.92889 3.0575 30 25 1
5.19344 5.72435 -2.27374e-13 3 0
5.2425 5.78155 10 11 0
5.28742 5.83363 20 19 0
5.3325 5.8857 30 27 1
-6.51148 1.1697 0 0 0
-6.57938 1.1825 10 9 0
-6.64213 1.19135 20 16 0
-6.69837 1.2025 30 25 1
6.53761 1.73652 0 4 0
6.59839 1.75117 10 12 0
6.6552 1.76899 20 20 0
6.71117 1.78617 30 28 1
1.41595 4.45364 -1.13687e-13 2 0
1.4275 4.498 10 11 0
1.4376 4.53203 20 18 0
1.4475 4.57456 30 27 1
-1.04794 -6.75319 0 6 0
-1.0625 -6.81293 10 15 0
-1.07229 -6.87731 20 22 0
-1.0825 -6.93193 30 31 1
0.131873 -8.73917 0 6 0
0.131169 -8.81798 10 14 0
0.129167 -8.90249 20 22 0
0.131169 -8.98061 30 30 1
4.18878 5.38939 1.13687e-13 3 0
4.2225 5.44038 10 11 0
4.26045 5.48402 20 19 0
4.2975 5.53659 30 27 1
-1.67117 7.33863 10 10 0
-1.68781 7.39994 20 18 0
-1.70617 7.46555 30 26 1
8.16428 -0.182021 0 4 0
8.23103 -0.1825 10 13 0
8.308 -0.187433 20 20 0
8.37745 -0.1875 30 29 1
4.94873 -4.82346 1.13687e-13 5 0
4.99143 -4.8625 10 13 0
5.03188 -4.90661 20 21 0
5.07436 -4.9525 30 29 1
3.13936 -5.83829 0 5 0
3.16617 -5.89207 10 14 0
3.19572 -5.94823 20 21 0
3.22117 -5.99656 30 30 1
4.46671 -0.160373 1.13687e-13 4 0
4.49872 -0.1625 10 13 0
4.53857 -0.163079 20 20 0
4.5765 -0.1625 30 29 1
2.03688 -7.77231 -1.13687e-13 6 0
2.05617 -7.85091 10 14 0
2.06935 -7.91603 20 22 0
2.08617 -7.98697 30 30 1
2.88038 3.44573 0 3 0
2.9025 3.47691 10 11 0
2.92816 3.50882 20 19 0
2.9475 3.53605 30 27 1
6.28204 4.58956 -1.13687e-13 3 0
6.33883 4.63117 10 12 0
6.39244 4.67317 20 19 0
6.44504 4.71617 30 28 1
-2.90821 7.49793 -2.27374e-13 2 0
-2.93617 7.57125 10 10 0
-2.96503 7.63512 20 18 0
-2.99617 7.70904 30 26 1
-5.32388 -1.72117 10 8 0
-5.37477 -1.73652 20 16 0
-5.42252 -1.75617 30 24 1
-4.42415 -7.63002 0 7 0
-4.4675 -7.70063 10 15 0
-4.51093 -7.7742 20 23 0
-4.5575 -7.8472 30 31 1
-2.87617 5.73642 10 10 0
-2.9024 5.78885 20 17 0
-2.93117 5.84091 30 26 1
-5.98885 0.834163 1.13687e-13 0 0
-6.04846 0.8425 10 9 0
-6.09991 0.847692 20 16 0
-6.16245 0.8575 30 25 1
-5.4064 -3.75602 0 7 0
-5.45641 -3.79117 10 8 0
-5.51139 -3.82657 20 23 0
-5.56176 -3.86117 30 24 1
-1.40783 -6.05418 -1.13687e-13 6 0
-1.4225 -6.11227 10 15 0
-1.4376 -6.16524 20 22 0
-1.4525 -6.22005 30 31 1
-7.96829 -2.48608 1.13687e-13 0 0
-8.04428 -2.51117 10 8 0
-8.11855 -2.53208 20 16 0
-8.19534 -2.55617 30 24 1
5.81247 -0.901812 0 4 0
5.87097 -0.9125 10 13 0
5.91699 -0.918048 20 20 0
5.96375 -0.9275 30 29 1
-0.7025 -7.92371 10 15 0
-0.712393 -7.99443 20 22 0
-0.7175 -8.06599 30 31 1
-0.2075 -8.30553 10 15 0
-0.211787 -8.37986 20 22 0
-0.2175 -8.45695 30 31 1
-1.11829 -5.43356 0 6 0
-1.1325 -5.48286 10 15 0
-1.14264 -5.53155 20 22 0
-1.1575 -5.58564 30 31 1
-3.74617 5.29827 10 10 0
-3.77964 5.34583 20 17 0
-3.81617 5.39655 30 26 1
3.9523 1.60117 10 12 0
3.98328 1.61475 20 20 0
4.01765 1.63117 30 28 1
-4.78926 -1.64617 10 8 0
-4.83908 -1.66075 20 16 0
-4.8829 -1.67617 30 24 1
-0.3625 -8.55952 10 15 0
-0.368734 -8.64117 20 22 0
-0.3775 -8.71594 30 31 1
5.62955 1.01943 0 4 0
5.67332 1.03117 10 12 0
5.72754 1.03838 20 20 1
-0.5725 -7.93513 10 15 0
-0.5798 -8.01402 20 22 0
-0.5875 -8.07741 30 31 1
-6.53761 0.184727 1.13687e-13 0 0
-6.59554 0.1875 10 9 0
-6.66173 0.187433 20 16 0
-6.71575 0.1875 30 25 1
7.15325 3.79227 1.13687e-13 3 0
7.21675 3.82617 10 12 0
7.27895 3.86057 20 19 0
7.34331 3.89617 30 28 1
6.82505 -1.15347 0 4 0
6.88465 -1.1625 10 13 0
6.94918 -1.17241 20 20 0
7.00364 -1.1825 30 29 1
3.43806 3.05436 -1.13687e-13 3 0
3.46654 3.08117 10 12 0
3.49349 3.10979 20 19 0
3.52154 3.13617 30 28 1
-6.55067 -2.52125 1.13687e-13 0 0
-6.61557 -2.54617 10 8 0
-6.6748 -2.56726 20 16 0
-6.73835 -2.59117 30 24 1
4.85544 -4.29774 -1.13687e-13 5 0
4.89777 -4.3375 10 13 0
4.94242 -4.37707 20 21 0
4.98484 -4.4175 30 29 1
-4.58748 2.6625 10 9 0
-4.63729 2.68662 20 17 0
-4.67991 2.7125 30 25 1
0.191404 -4.74108 -1.13687e-13 6 0
0.191169 -4.78383 10 14 0
0.188698 -4.82601 20 22 0
0.191169 -4.86868 30 30 1
4.38408 5.887 -1.13687e-13 3 0
4.4225 5.94443 10 11 0
4.46116 5.9947 20 19 0
4.4975 6.04772 30 27 1
-5.02753 -3.22025 1.13687e-13 7 0
-5.07404 -3.24617 10 8 0
-5.12058 -3.27503 20 23 0
-5.16939 -3.30617 30 24 1
-5.87638 -6.28866 1.13687e-13 7 0
-5.9325 -6.34427 10 15 0
-5.98724 -6.39952 20 23 0
-6.0475 -6.45927 30 31 1
0.587918 8.45172 0 2 0
0.5925 8.52789 10 11 0
0.59333 8.60851 20 18 0
0.5975 8.68138 30 27 1
3.93013 2.5438 0 3 0
3.9627 2.56617 10 12 0
3.99705 2.58775 20 19 0
4.02892 2.61117 30 28 1
0.337527 -4.74108 -1.13687e-13 6 0
0.336169 -4.78741 10 14 0
0.337527 -4.83254 20 22 0
0.336169 -4.87226 30 30 1
-1.57019 -6.28936 -1.13687e-13 6 0
-1.5875 -6.34091 10 15 0
-1.60537 -6.40042 20 22 0
-1.6175 -6.45576 30 31 1
-8.54972 2.49022 -1.13687e-13 0 0
-8.63063 2.5125 10 9 0
-8.71304 2.53622 20 16 0
-8.78876 2.5575 30 25 1
7.05119 -4.41169 0 5 0
7.10787 -4.4475 10 13 0
7.17578 -4.49036 20 21 0
7.2353 -4.5325 30 29 1
2.4655 -4.96927 1.13687e-13 5 0
2.48117 -5.00908 10 14 0
2.50338 -5.06073 20 21 0
2.52617 -5.10357 30 30 1
5.24625 3.72216 -1.13687e-13 3 0
5.29413 3.75617 10 12 0
5.33818 3.78729 20 19 0
5.38534 3.82617 30 28 1
3.3123 7.78103 1.13687e-13 3 0
3.3375 7.85049 10 11 0
3.3653 7.92204 20 19 0
3.3925 7.99035 30 27 1
-5.89261 3.5575 10 9 0
-5.94876 3.59245 20 17 0
-6.0071 3.6225 30 25 1
-1.4091 4.79335 0 2 0
-1.42617 4.83796 10 10 0
-1.43886 4.87827 20 18 0
-1.45617 4.92453 30 26 1
5.94975 3.97026 -1.13687e-13 3 0
6.00375 4.00617 10 12 0
6.05474 4.0408 20 19 0
6.10703 4.08117 30 28 1
4.28469 5.76466 -2.27374e-13 3 0
4.3175 5.81115 10 11 0
4.35524 5.86965 20 19 0
4.3925 5.9215 30 27 1
-1.94903 -7.63512 -1.13687e-13 6 0
-1.9675 -7.69672 10 15 0
-1.98962 -7.77231 20 22 0
-2.0075 -7.83571 30 31 1
3.46471 4.54286 -1.13687e-13 3 0
3.4925 4.5831 10 11 0
3.5179 4.61901 20 19 0
3.5475 4.65931 30 27 1
4.07887 -2.95863 0 5 0
4.11552 -2.9825 10 13 0
4.14849 -3.00911 20 21 0
4.18467 -3.0375 30 29 1
-2.2025 -5.64776 10 15 0
-2.22233 -5.69488 20 22 0
-2.2475 -5.74933 30 31 1
5.26644 6.65839 0 3 0
5.3125 6.7213 10 11 0
5.35929 6.77803 20 19 0
5.4025 6.83958 30 27 1
8.02709 -0.574388 1.13687e-13 4 0
8.0957 -0.5775 10 13 0
8.16428 -0.582506 20 20 0
8.23298 -0.5875 30 29 1
4.54653 5.1425 -1.13687e-13 3 0
4.5875 5.19019 10 11 0
4.62203 5.2333 20 19 0
4.6625 5.27934 30 27 1
-7.23009 -2.42384 -1.13687e-13 0 0
-7.30046 -2.44617 10 8 0
-7.36074 -2.46713 20 16 0
-7.43738 -2.49117 30 24 1
-0.0873119 -4.49937 1.13687e-13 6 0
-0.0925 -4.54185 10 15 0
-0.0954298 -4.5843 20 22 0
-0.0975 -4.62464 30 31 1
-4.81925 -2.87117 10 8 0
-4.86769 -2.89968 20 23 0
-4.91667 -2.92617 30 24 1
5.6914 5.25412 0 3 0
5.74311 5.30117 10 12 0
5.79032 5.34921 20 19 1
-6.00608 5.58615 2.27374e-13 1 0
-6.05842 5.6325 10 9 0
-6.11536 5.68012 20 17 0
-6.17256 5.7325 30 25 1
5.64049 -3.69747 1.13687e-13 5 0
5.68784 -3.7275 10 13 0
5.73894 -3.76532 20 21 0
5.78612 -3.7975 30 29 1
-4.06617 5.13036 10 10 0
-4.105 5.17753 20 17 0
-4.14117 5.22658 30 26 1
0.175168 -6.11298 -2.27374e-13 6 0
0.171169 -6.17097 10 14 0
0.172462 -6.22403 20 22 0
0.171169 -6.28411 30 30 1
5.94608 -5.41517 -1.13687e-13 5 0
6.00155 -5.4625 10 13 0
6.05154 -5.51297 20 21 0
6.10155 -5.5625 30 29 1
-5.41865 -3.48508 1.13687e-13 7 0
-5.47632 -3.52117 10 8 0
-5.52094 -3.5491 20 23 0
-5.57667 -3.58617 30 24 1
-5.81074 4.55273 0 1 0
-5.87194 4.5975 10 9 0
-5.92114 4.63634 20 17 0
-5.98023 4.6775 30 25 1
4.53035 5.63911 1.13687e-13 3 0
4.5725 5.69138 10 11 0
4.61125 5.74298 20 19 0
4.6525 5.79967 30 27 1
-6.23057 -2.51855 1.13687e-13 0 0
-6.2903 -2.54617 10 8 0
-6.34816 -2.56726 20 16 0
-6.40601 -2.59117 30 24 1
-8.71957 0.0386043 0 0 0
-8.80021 0.0375 10 9 0
-8.88942 0.0386043 20 16 0
-8.96991 0.0375 30 25 1
-3.15569 6.9491 1.13687e-13 1 0
-3.18617 7.01515 10 10 0
-3.21746 7.0721 20 17 0
-3.24617 7.13879 30 26 1
4.66757 3.10903 -1.13687e-13 3 0
4.70741 3.14117 10 12 0
4.74643 3.16876 20 19 0
4.78362 3.19617 30 28 1
3.42682 -2.45583 -1.13687e-13 5 0
3.45496 -2.4775 10 13 0
3.48338 -2.5009 20 21 0
3.5141 -2.5225 30 29 1
-0.536505 -6.48535 0 6 0
-0.5425 -6.54042 10 15 0
-0.552741 -6.60294 20 22 0
-0.5575 -6.66148 30 31 1
-2.04915 -7.38034 -1.13687e-13 6 0
-2.0725 -7.44816 10 15 0
-2.08974 -7.51753 20 22 0
-2.1125 -7.58009 30 31 1
-2.7242 7.00144 -1.13687e-13 2 0
-2.75117 7.06806 10 10 0
-2.77832 7.13209 20 18 0
-2.80617 7.19377 30 26 1
-5.65821 4.89003 -1.13687e-13 1 0
-5.71197 4.9325 10 9 0
-5.76478 4.97748 20 17 0
-5.82318 5.0225 30 25 1
4.53857 -0.35791 1.13687e-13 4 0
4.58058 -0.3575 10 13 0
4.61696 -0.363322 20 20 0
4.65629 -0.3625 30 29 1
6.83812 1.49298 0 4 0
6.89786 1.50617 10 12 0
6.95571 1.52004 20 20 0
7.01478 1.53117 30 28 1
4.06293 3.71367 -1.13687e-13 3 0
4.10119 3.75117 10 12 0
4.13414 3.78105 20 19 0
4.16619 3.81617 30 28 1
-6.24056 -4.05824 -1.13687e-13 7 0
-6.29881 -4.09617 10 8 0
-6.35861 -4.1342 20 23 0
-6.41623 -4.17117 30 24 1
0.204934 -5.3617 0 6 0
0.206169 -5.40694 10 14 0
0.204934 -5.45316 20 22 0
0.206169 -5.50593 30 30 1
7.24315 -1.71631 1.13687e-13 4 0
7.30615 -1.7325 10 13 0
7.37381 -1.74878 20 20 0
7.43515 -1.7625 30 29 1
5.36004 -3.60837 -3.41061e-13 5 0
5.41192 -3.6425 10 13 0
5.4585 -3.67621 20 21 0
5.5052 -3.7075 30 29 1
5.2031 5.22504 -1.13687e-13 3 0
5.2475 5.27037 10 11 0
5.29166 5.32126 20 19 0
5.3375 5.36744 30 27 1
-6.36393 -3.07566 0 7 0
-6.42603 -3.10617 10 8 0
-6.48423 -3.1309 20 23 0
-6.54467 -3.16117 30 24 1
-5.19643 4.74205 -1.13687e-13 1 0
-5.24877 4.7875 10 9 0
-5.29918 4.83332 20 17 0
-5.34791 4.8725 30 25 1
-1.21571 -8.25574 -1.13687e-13 6 0
-1.2275 -8.3285 10 15 0
-1.24277 -8.39946 20 22 0
-1.2575 -8.47871 30 31 1
6.40129 -2.81657 -1.13687e-13 5 0
6.45247 -2.8375 10 13 0
6.50582 -2.85986 20 21 0
6.56611 -2.8875 30 29 1
-3.70099 -8.13145 1.13687e-13 7 0
-3.7375 -8.201 10 15 0
-3.77088 -8.27405 20 23 0
-3.8125 -8.35378 30 31 1
-5.30612 0.4325 10 9 0
-5.34864 0.433677 20 16 0
-5.40304 0.4375 30 25 1
1.64181 -7.00144 -1.13687e-13 6 0
1.65117 -7.06407 10 14 0
1.66616 -7.12556 20 22 0
1.67617 -7.18807 30 30 1
-5.03659 -4.20898 -1.13687e-13 7 0
-5.08409 -4.24617 10 8 0
-5.13393 -4.28718 20 23 0
-5.1853 -4.32617 30 24 1
-4.40701 5.16192 1.13687e-13 1 0
-4.45117 5.21131 10 10 0
-4.49557 5.25813 20 17 0
-4.53617 5.30338 30 26 1
4.8281 5.22125 -2.27374e-13 3 0
4.8675 5.26513 10 11 0
4.91013 5.31476 20 19 0
4.9525 5.36427 30 27 1
-5.88507 4.11809 2.27374e-13 1 0
-5.94106 4.1575 10 9 0
-5.9993 4.19788 20 17 0
-6.05142 4.2325 30 25 1
3.7675 -5.39492 -1.13687e-13 5 0
3.80117 -5.44519 10 14 0
3.83534 -5.49338 20 21 0
3.86617 -5.54555 30 30 1
-5.10564 5.58119 0 1 0
-5.15617 5.63347 10 10 0
-5.20073 5.68011 20 17 0
-5.25117 5.72847 30 26 1
1.65949 4.98933 -1.13687e-13 2 0
1.6675 5.03498 10 11 0
1.68113 5.08079 20 18 0
1.6925 5.12362 30 27 1
-3.17617 3.64639 10 10 0
-3.20898 3.6807 20 17 0
-3.24117 3.71139 30 26 1
2.01432 4.16398 0 3 0
2.0325 4.20497 10 11 0
2.05332 4.24508 20 19 0
2.0675 4.2824 30 27 1
5.5159 -3.61881 -2.27374e-13 5 0
5.56834 -3.6575 10 13 0
5.61436 -3.68665 20 21 0
5.6687 -3.7225 30 29 1
1.94091 7.32808 0 2 0
1.9575 7.38973 10 11 0
1.97338 7.45873 20 18 0
1.9875 7.5258 30 27 1
5.01546 -0.0467222 0 4 0
5.05547 -0.0475 10 13 0
5.10039 -0.0440162 20 20 0
5.14739 -0.0475 30 29 1
6.78586 0.984256 0 4 0
6.84955 0.991169 10 12 0
6.90345 1.00049 20 20 0
6.96147 1.01117 30 28 1
-6.40366 -5.48421 0 7 0
-6.46601 -5.53617 10 8 0
-6.52872 -5.59012 20 23 0
-6.58723 -5.63617 30 24 1
3.69676 2.01959 -1.13687e-13 3 0
3.72969 2.03617 10 12 0
3.76097 2.05701 20 19 0
3.7909 2.07617 30 28 1
-3.18117 4.0898 10 10 0
-3.20876 4.12439 20 17 0
-3.24117 4.16394 30 26 1
4.07512 -5.32751 1.13687e-13 5 0
4.11117 -5.38043 10 14 0
4.14949 -5.42868 20 21 0
4.18117 -5.47164 30 30 1
2.09912 -5.93659 0 6 0
2.11617 -5.98758 10 14 0
2.13159 -6.04111 20 22 0
2.14617 -6.09536 30 30 1
-3.91117 4.62888 10 10 0
-3.94844 4.6689 20 17 0
-3.98617 4.71095 30 26 1
-3.1125 -6.31028 10 15 0
-3.14425 -6.36925 20 23 0
-3.1725 -6.42684 30 31 1
4.26698 -3.49115 -1.13687e-13 5 0
4.30197 -3.5225 10 13 0
4.33548 -3.55199 20 21 0
4.36904 -3.5825 30 29 1
3.42534 5.50612 -2.27374e-13 3 0
3.4575 5.55926 10 11 0
3.48282 5.60569 20 19 1
-6.79892 1.01276 1.13687e-13 0 0
-6.85778 1.0225 10 9 0
-6.92304 1.0317 20 16 0
-6.98592 1.0375 30 25 1
1.46863 -5.49889 -1.13687e-13 6 0
1.48117 -5.5435 10 14 0
1.49027 -5.59035 20 22 0
1.50117 -5.64835 30 30 1
-7.14661 -4.92603 1.13687e-13 7 0
-7.21623 -4.97117 10 8 0
-7.28044 -5.01394 20 23 0
-7.34866 -5.06117 30 24 1
-2.10868 -8.04669 0 6 0
-2.1275 -8.11835 10 15 0
-2.15197 -8.19041 20 22 0
-2.1725 -8.26941 30 31 1
-2.51629 4.75218 0 1 0
-2.54117 4.7933 10 10 0
-2.56836 4.83869 20 17 0
-2.59117 4.87866 30 26 1
-2.91633 7.24315 0 2 0
-2.94617 7.30548 10 10 0
-2.97315 7.36728 20 18 0
-3.00117 7.43119 30 26 1
4.67307 -2.19813 -1.13687e-13 5 0
4.71524 -2.2175 10 13 0
4.75417 -2.23713 20 21 0
4.79767 -2.2575 30 29 1
-2.26117 6.13258 10 10 0
-2.28313 6.18484 20 18 0
-2.30617 6.24122 30 26 1
3.2638 -4.30955 -1.13687e-13 5 0
3.29117 -4.34829 10 14 0
3.31699 -4.3857 20 21 0
3.34617 -4.42451 30 30 1
-0.996169 8.0637 10 10 0
-1.00861 8.13815 20 18 0
-1.01617 8.20391 30 26 1
-4.03359 -3.14617 10 8 0
-4.07054 -3.17022 20 23 0
-4.1098 -3.20117 30 24 1
3.6869 -2.79627 -1.13687e-13 5 0
3.71718 -2.8175 10 13 0
3.74999 -2.84405 20 21 0
3.77425 -2.8675 30 29 1
-5.27524 4.26597 0 1 0
-5.32946 4.3025 10 9 0
-5.3764 4.34035 20 17 0
-5.42567 4.3775 30 25 1
6.49188 2.38866 2.27374e-13 4 0
6.55128 2.41117 10 12 0
6.60947 2.43196 20 20 0
6.66699 2.45617 30 28 1
8.29494 -0.934284 0 4 0
8.36877 -0.9425 10 13 0
8.43866 -0.95052 20 20 0
8.51105 -0.9575 30 29 1
-3.15117 3.63554 10 10 0
-3.18014 3.66334 20 17 0
-3.21117 3.69554 30 26 1
4.77375 1.79064 1.13687e-13 4 0
4.81491 1.80617 10 12 0
4.85214 1.82311 20 20 0
4.89941 1.84117 30 28 1
-2.4509 7.17782 0 2 0
-2.47617 7.23853 10 10 0
-2.4969 7.30195 20 18 0
-2.52117 7.36839 30 26 1
4.85067 4.41339 0 3 0
4.89311 4.45117 10 12 0
4.93111 4.49 20 19 0
4.97311 4.53117 30 28 1
2.97647 -3.96864 -2.27374e-13 5 0
3.00117 -4.00172 10 14 0
3.02042 -4.03555 20 21 0
3.04617 -4.06794 30 30 1
-4.53921 1.4475 10 9 0
-4.57776 1.45654 20 16 0
-4.62078 1.4725 30 25 1
-4.96276 -6.50013 0 7 0
-5.0125 -6.56272 10 15 0
-5.05561 -6.61977 20 23 0
-5.1075 -6.67893 30 31 1
-7.66125 1.11558 1.13687e-13 0 0
-7.73353 1.1275 10 9 0
-7.80497 1.13723 20 16 0
-7.87374 1.1475 30 25 1
6.93611 0.348351 2.27374e-13 4 0
6.99944 0.356169 10 12 0
7.06023 0.356469 20 20 0
7.11757 0.361169 30 28 1
5.32904 1.92323 2.27374e-13 4 0
5.37417 1.94117 10 12 0
5.4205 1.96112 20 20 0
5.46367 1.98117 30 28 1
-6.79892 1.58101 1.13687e-13 0 0
-6.8671 1.5975 10 9 0
-6.92958 1.60807 20 16 0
-6.99109 1.6225 30 25 1
-3.2875 -5.4529 10 15 0
-3.32016 -5.50043 20 23 0
-3.3525 -5.55325 30 31 1
-3.94406 -2.61117 10 8 0
-3.98491 -2.63685 20 23 0
-4.01735 -2.65617 30 24 1
-6.01062 -5.86801 -2.27374e-13 7 0
-6.06613 -5.92117 10 8 0
-6.12531 -5.97505 20 23 0
-6.1832 -6.03117 30 24 1
7.07983 -2.85012 0 4 0
7.15008 -2.8775 10 13 0
7.21049 -2.90424 20 20 0
7.27079 -2.9275 30 29 1
-7.11708 3.32954 0 1 0
-7.1846 3.3575 10 9 0
-7.25427 3.38636 20 17 0
-7.32238 3.4175 30 25 1
-0.59333 -8.56931 0 6 0
-0.6025 -8.64396 10 15 0
-0.609566 -8.7261 20 22 0
-0.6175 -8.80038 30 31 1
3.81647 6.68558 -1.13687e-13 3 0
3.8475 6.74829 10 11 0
3.88478 6.81129 20 19 0
3.9125 6.86986 30 27 1
-7.62206 -1.61204 0 0 0
-7.69668 -1.62617 10 8 0
-7.77231 -1.64181 20 16 0
-7.83982 -1.65617 30 24 1
-5.97731 2.60307 1.13687e-13 1 0
-6.03448 2.6175 10 9 0
-6.08679 2.63218 20 17 0
-6.14726 2.6525 30 25 1
1.82117 -4.58949 10 14 0
1.83393 -4.63003 20 22 0
1.85117 -4.67606 30 30 1
5.24267 4.19692 0 3 0
5.28122 4.23117 10 12 0
5.32694 4.26971 20 19 0
5.37536 4.31117 30 28 1
-7.9291 -0.949079 0 0 0
-7.99542 -0.956169 10 8 0
-8.07935 -0.96802 20 16 1
-4.1375 -4.57049 10 15 0
-4.1742 -4.60944 20 23 0
-4.2175 -4.65049 30 31 1
-8.09242 1.14806 0 0 0
-8.16658 1.1575 10 9 0
-8.24267 1.167 20 16 0
-8.31386 1.1775 30 25 1
3.77808 -1.82741 -1.13687e-13 5 0
3.81491 -1.8475 10 13 0
3.84611 -1.861 20 21 0
3.88026 -1.8775 30 29 1
-2.24127 -8.27534 -1.13687e-13 6 0
-2.2625 -8.35234 10 15 0
-2.28727 -8.42559 20 22 0
-2.3075 -8.50341 30 31 1
-2.7725 -4.58435 10 15 0
-2.80328 -4.63149 20 23 0
-2.8275 -4.66763 30 31 1
-4.80995 4.74974 -1.13687e-13 1 0
-4.85779 4.7925 10 9 0
-4.90617 4.8383 20 17 0
-4.94986 4.8775 30 25 1
6.6552 1.53628 1.13687e-13 4 0
6.70951 1.55117 10 12 0
6.77279 1.56334 20 20 0
6.82644 1.57617 30 28 1
-5.99425 3.14045 1.13687e-13 1 0
-6.04708 3.1675 10 9 0
-6.11072 3.19952 20 17 0
-6.16365 3.2275 30 25 1
0.934284 7.99443 0 2 0
0.9375 8.05972 10 11 0
0.945108 8.13815 20 18 0
0.9525 8.20907 30 27 1
5.57075 0.740718 0 4 0
5.62167 0.746169 10 12 0
5.66874 0.754248 20 20 0
5.71445 0.761169 30 28 1
-8.63464 -2.2696 1.13687e-13 0 0
-8.71523 -2.29117 10 8 0
-8.79796 -2.3156 20 16 0
-8.88044 -2.33617 30 24 1
-5.8072 5.5633 1.13687e-13 1 0
-5.86164 5.6125 10 9 0
-5.91918 5.66381 20 17 0
-5.97578 5.7125 30 25 1
-1.99629 5.98885 0 2 0
-2.01617 6.03607 10 10 0
-2.03959 6.09338 20 18 0
-2.05617 6.14678 30 26 1
-0.425559 -5.48583 -1.13687e-13 6 0
-0.4275 -5.53446 10 15 0
-0.439089 -5.58382 20 22 0
-0.4425 -5.63432 30 31 1
4.12478 -1.99808 -1.13687e-13 5 0
4.16169 -2.0175 10 13 0
4.19282 -2.03167 20 21 0
4.23204 -2.0525 30 29 1
3.0666 8.00749 0 2 0
3.0925 8.07926 10 11 0
3.12072 8.15121 20 18 0
3.1475 8.22618 30 27 1
1.68511 -7.57633 1.13687e-13 6 0
1.69617 -7.6394 10 14 0
1.70946 -7.71351 20 22 0
1.72117 -7.77754 30 30 1
1.26983 4.34912 1.13687e-13 2 0
1.2775 4.39042 10 11 0
1.28606 4.42751 20 18 0
1.2975 4.46699 30 27 1
4.53857 1.85017 1.13687e-13 4 0
4.57792 1.86617 10 12 0
4.61696 1.88264 20 20 0
4.65535 1.90117 30 28 1
-7.71351 1.38618 1.13687e-13 0 0
-7.77726 1.3975 10 9 0
-7.8507 1.41054 20 16 0
-7.92246 1.4225 30 25 1
-3.5625 -5.23292 10 15 0
-3.59932 -5.28594 20 23 0
-3.6325 -5.33121 30 31 1
-5.34271 -4.28166 -1.13687e-13 7 0
-5.39244 -4.32117 10 8 0
-5.44658 -4.36256 20 23 0
-5.49365 -4.40117 30 24 1
-2.0125 -7.30331 10 15 0
-2.03562 -7.37381 20 22 0
-2.0575 -7.44024 30 31 1
6.45921 -1.90032 0 4 0
6.50828 -1.9175 10 13 0
6.57027 -1.9355 20 20 0
6.62106 -1.9525 30 29 1
6.20989 5.76113 0 3 0
6.26518 5.81617 10 12 0
6.32075 5.872 20 19 0
6.37018 5.92117 30 28 1
-1.26617 5.50527 10 10 0
-1.27921 5.55115 20 18 0
-1.29117 5.60098 30 26 1
-1.68384 -8.09242 -1.13687e-13 6 0
-1.7025 -8.16711 10 15 0
-1.72172 -8.23614 20 22 0
-1.7375 -8.30818 30 31 1
5.43678 3.25447 -3.41061e-13 3 0
5.48881 3.28617 10 12 0
5.53253 3.31577 20 19 0
5.58416 3.34617 30 28 1
-4.31695 3.0425 10 9 0
-4.35708 3.06845 20 17 0
-4.40023 3.0975 30 25 1
-8.63464 1.3943 1.13687e-13 0 0
-8.72064 1.4075 10 9 0
-8.79796 1.41865 20 16 0
-8.87999 1.4325 30 25 1
-4.91468 5.6428 2.27374e-13 1 0
-4.96117 5.69302 10 10 0
-5.00978 5.74172 20 17 0
-5.05617 5.7951 30 26 1
-6.94918 -0.240112 0 0 0
-7.01879 -0.241169 10 8 0
-7.07983 -0.245524 20 16 0
-7.144 -0.246169 30 24 1
-0.369999 7.75924 -1.13687e-13 2 0
-0.376169 7.83261 10 10 0
-0.380823 7.90297 20 18 0
-0.386169 7.96989 30 26 1
-4.41289 -7.19781 0 7 0
-4.4525 -7.26137 10 15 0
-4.49809 -7.3251 20 23 0
-4.5425 -7.39379 30 31 1
-5.60372 -0.226169 10 8 0
-5.65568 -0.229288 20 16 0
-5.71478 -0.231169 30 24 1
-6.13097 5.37811 0 1 0
-6.18783 5.4225 10 9 0
-6.24679 5.47478 20 17 0
-6.30904 5.5225 30 25 1
-2.76623 -8.48439 0 6 0
-2.7925 -8.56414 10 15 0
-2.82035 -8.64117 20 22 0
-2.8475 -8.71814 30 31 1
3.84962 -6.56004 -2.27374e-13 5 0
3.88117 -6.61414 10 14 0
3.91252 -6.67268 20 21 0
3.94617 -6.72863 30 30 1
-1.36995 -4.35565 0 6 0
-1.3875 -4.39436 10 15 0
-1.40242 -4.43404 20 22 0
-1.4125 -4.46885 30 31 1
-3.2325 -3.50992 10 15 0
-3.25948 -3.53782 20 23 0
-3.2925 -3.56992 30 31 1
-2.97854 -6.92299 -1.13687e-13 7 0
-3.0075 -6.98309 10 15 0
-3.04031 -7.04599 20 23 0
-3.0675 -7.10673 30 31 1
-1.28617 7.68902 10 10 0
-1.30086 7.75924 20 18 0
-1.31117 7.82716 30 26 1
3.20307 -6.22728 0 5 0
3.23117 -6.28941 10 14 0
3.2556 -6.34105 20 21 0
3.28117 -6.39597 30 30 1
1.56207 5.04159 0 2 0
1.5725 5.08847 10 11 0
1.58372 5.13305 20 18 0
1.5975 5.17711 30 27 1
-4.3075 -4.57078 10 15 0
-4.34807 -4.6111 20 23 0
-4.3925 -4.65578 30 31 1
-4.78536 -0.836169 10 8 0
-4.82601 -0.843545 20 16 0
-4.87814 -0.851169 30 24 1
3.65459 -5.23991 0 5 0
3.68117 -5.28277 10 14 0
3.71589 -5.33566 20 21 0
3.74117 -5.37812 30 30 1
-8.75877 1.57019 1.13687e-13 0 0
-8.83907 1.5825 10 9 0
-8.91555 1.59725 20 16 0
-9.00342 1.6125 30 25 1
-1.15473 4.36218 0 2 0
-1.16617 4.40118 10 10 0
-1.17909 4.43404 20 18 0
-1.19117 4.47568 30 26 1
-4.53544 -5.02425 1.13687e-13 7 0
-4.5825 -5.07206 10 15 0
-4.624 -5.12047 20 23 0
-4.6675 -5.16413 30 31 1
3.60581 2.54476 0 3 0
3.63744 2.56617 10 12 0
3.6689 2.59254 20 19 0
3.70158 2.61617 30 28 1
-1.5225 -7.61941 10 15 0
-1.53772 -7.68738 20 22 0
-1.5525 -7.75548 30 31 1
-6.52454 -1.33603 0 0 0
-6.58937 -1.34617 10 8 0
-6.64867 -1.36039 20 16 0
-6.71336 -1.37117 30 24 1
-4.90174 -5.20304 2.27374e-13 7 0
-4.9475 -5.24614 10 15 0
-4.99413 -5.29543 20 23 1
5.93804 4.42543 -1.13687e-13 3 0
5.98998 4.46617 10 12 0
6.04191 4.50633 20 19 0
6.09827 4.54617 30 28 1
3.24504 -3.28433 -1.13687e-13 5 0
3.27117 -3.31713 10 14 0
3.29665 -3.34359 20 21 0
3.32617 -3.37213 30 30 1
3.1887 3.87651 -1.13687e-13 3 0
3.2175 3.91212 10 11 0
3.24572 3.94884 20 19 0
3.2725 3.98833 30 27 1
5.2951 -3.45158 -1.13687e-13 5 0
5.33677 -3.4825 10 13 0
5.38702 -3.51672 20 21 0
5.43006 -3.5475 30 29 1
-2.85282 -7.43914 0 6 0
-2.8825 -7.50156 10 15 0
-2.90965 -7.57633 20 22 0
-2.9375 -7.63434 30 31 1
2.79059 7.99443 -1.13687e-13 2 0
2.8125 8.06089 10 11 0
2.83929 8.13815 20 18 0
2.8625 8.20988 30 27 1
-4.33648 2.3125 10 9 0
-4.37833 2.33582 20 17 0
-4.41183 2.3525 30 25 1
-6.15217 -1.94488 0 0 0
-6.21442 -1.96117 10 8 0
-6.26976 -1.98276 20 16 0
-6.3322 -2.00117 30 24 1
0.267172 -5.14612 -1.13687e-13 6 0
0.266169 -5.19824 10 14 0
0.269878 -5.24411 20 22 0
0.271169 -5.29516 30 30 1
-1.93008 -8.46479 0 6 0
-1.9525 -8.54439 10 15 0
-1.97067 -8.62811 20 22 0
-1.9925 -8.69753 30 31 1
-4.95591 -3.66142 1.13687e-13 7 0
-5.00785 -3.69617 10 8 0
-5.05437 -3.72927 20 23 0
-5.09906 -3.76617 30 24 1
4.37081 2.82375 0 3 0
4.41034 2.85117 10 12 0
4.44696 2.87694 20 19 0
4.48155 2.90117 30 28 1
-0.321291 7.45873 0 2 0
-0.326169 7.52098 10 10 0
-0.332115 7.58939 20 18 0
-0.336169 7.65826 30 26 1
-2.58493 -8.25574 -1.13687e-13 6 0
-2.6125 -8.33465 10 15 0
-2.63635 -8.40599 20 22 0
-2.6625 -8.48364 30 31 1
6.15641 4.67824 -1.13687e-13 3 0
6.20963 4.72117 10 12 0
6.26028 4.75914 20 19 0
6.31584 4.80617 30 28 1
-0.805662 6.82505 -2.27374e-13 2 0
-0.816169 6.88668 10 10 0
-0.824604 6.94918 20 18 0
-0.836169 7.01275 30 26 1
4.2038 -2.37176 -2.27374e-13 5 0
4.2397 -2.3925 10 13 0
4.27454 -2.41189 20 21 0
4.30799 -2.4325 30 29 1
4.40983 3.81948 -1.13687e-13 3 0
4.44867 3.85117 10 12 0
4.48757 3.88956 20 19 0
4.51867 3.92117 30 28 1
4.16016 -2.93277 1.13687e-13 5 0
4.19659 -2.9575 10 13 0
4.22978 -2.98326 20 21 0
4.26573 -3.0125 30 29 1
-5.31474 6.20358 0 1 0
-5.36617 6.26066 10 10 0
-5.41524 6.31557 20 17 0
-5.46617 6.3748 30 26 1
-5.1598 3.12494 -1.13687e-13 1 0
-5.20476 3.1525 10 9 0
-5.25938 3.18242 20 17 0
-5.30719 3.2125 30 25 1
6.7229 -2.80907 -1.13687e-13 5 0
6.78481 -2.8375 10 13 0
6.8405 -2.85778 20 21 0
6.89845 -2.8875 30 29 1
-7.3064 -3.79617 -1.13687e-13 7 0
-7.37731 -3.83117 10 8 0
-7.44247 -3.86336 20 23 0
-7.51302 -3.89617 30 24 1
5.09017 -2.15983 -1.13687e-13 5 0
5.13486 -2.1775 10 13 0
5.17509 -2.19501 20 21 0
5.22436 -2.2175 30 29 1
7.11903 2.26419 1.13687e-13 4 0
7.17788 2.28117 10 12 0
7.24315 2.30477 20 20 0
7.30066 2.32617 30 28 1
7.30195 2.47525 0 4 0
7.3646 2.49617 10 12 0
7.4326 2.51855 20 20 0
7.49445 2.54117 30 28 1
-7.83764 -2.27501 1.13687e-13 0 0
-7.90706 -2.29617 10 8 0
-7.98136 -2.31289 20 16 0
-8.05313 -2.33617 30 24 1
-3.2275 -5.48482 10 15 0
-3.25576 -5.52788 20 23 0
-3.2875 -5.58018 30 31 1
-8.12615 3.46608 1.13687e-13 1 0
-8.20641 3.5025 10 9 0
-8.27911 3.53485 20 17 0
-8.35127 3.5625 30 25 1
2.56524 -5.34071 -2.27374e-13 5 0
2.58617 -5.38985 10 14 0
2.60312 -5.43217 20 21 0
2.62617 -5.48642 30 30 1
5.67133 2.52117 10 12 0
5.71524 2.54178 20 19 0
5.77083 2.57117 30 28 1
4.49044 -3.12911 -2.27374e-13 5 0
4.53094 -3.1575 10 13 0
4.5693 -3.18883 20 21 1
-5.84436 -5.32289 -1.13687e-13 7 0
-5.90503 -5.37117 10 8 0
-5.96017 -5.41957 20 23 0
-6.01918 -5.47117 30 24 1
-3.5875 -4.9963 10 15 0
-3.6224 -5.04113 20 23 0
-3.6575 -5.08751 30 31 1
5.71447 -1.90573 0 4 0
5.76374 -1.9225 10 13 0
5.819 -1.9382 20 20 0
5.86945 -1.9575 30 29 1
4.15604 5.21888 0 3 0
4.1875 5.26396 10 11 0
4.22388 5.31734 20 19 0
4.2575 5.36224 30 27 1
-6.04765 -1.24674 1.13687e-13 0 0
-6.10339 -1.25617 10 8 0
-6.16524 -1.26838 20 16 0
-6.22031 -1.28117 30 24 1
7.96829 0.894959 1.13687e-13 4 0
8.03941 0.901169 10 12 0
8.11202 0.911195 20 20 0
8.18669 0.921169 30 28 1
3.43534 -5.4684 -1.13687e-13 5 0
3.46117 -5.51531 10 14 0
3.49282 -5.56798 20 21 0
3.52117 -5.61774 30 30 1
-6.33509 2.40634 1.13687e-13 0 0
-6.40309 2.4275 10 9 0
-6.46575 2.44963 20 16 0
-6.52587 2.4725 30 25 1
-5.57414 2.5443 -1.13687e-13 1 0
-5.62385 2.5675 10 9 0
-5.68137 2.59413 20 17 0
-5.73249 2.6125 30 25 1
3.54362 5.13839 -2.27374e-13 3 0
3.5725 5.18636 10 11 0
3.60493 5.23414 20 19 0
3.6325 5.28171 30 27 1
2.79481 4.36279 -3.41061e-13 3 0
2.8175 4.40307 10 11 0
2.83764 4.44007 20 19 0
2.8625 4.48343 30 27 1
-6.6356 -2.44819 0 0 0
-6.69613 -2.47117 10 8 0
-6.75972 -2.49419 20 16 0
-6.81891 -2.51617 30 24 1
-4.02298 3.3425 10 9 0
-4.06129 3.37348 20 17 0
-4.09712 3.4025 30 25 1
-0.209081 -7.17129 0 6 0
-0.2125 -7.24279 10 15 0
-0.217199 -7.30848 20 22 0
-0.2225 -7.373 30 31 1
6.48488 3.09329 1.13687e-13 3 0
6.54003 3.12117 10 12 0
6.59482 3.14965 20 19 0
6.6516 3.17617 30 28 1
-6.02152 0.203669 0 0 0
-6.07314 0.2025 10 9 0
-6.13257 0.206375 20 16 0
-6.19128 0.2075 30 25 1
5.67866 -2.5876 0 5 0
5.72542 -2.6125 10 13 0
5.78207 -2.64125 20 21 0
5.83199 -2.6625 30 29 1
-4.22351 -6.36169 1.13687e-13 7 0
-4.2625 -6.42083 10 15 0
-4.3033 -6.47592 20 23 0
-4.3425 -6.53618 30 31 1
-3.54634 7.18668 1.13687e-13 1 0
-3.58117 7.25459 10 10 0
-3.61735 7.31892 20 17 0
-3.65117 7.38823 30 26 1
4.45178 4.37805 -1.13687e-13 3 0
4.49541 4.42117 10 12 0
4.52839 4.45849 20 19 0
4.56834 4.50117 30 28 1
6.25016 -0.752983 1.13687e-13 4 0
6.30287 -0.7575 10 13 0
6.36122 -0.766513 20 20 0
6.41686 -0.7725 30 29 1
3.595 3.43326 0 3 0
3.62527 3.46617 10 12 0
3.65968 3.49793 20 19 0
3.69234 3.52617 30 28 1
-2.56455 7.60899 -1.13687e-13 2 0
-2.59117 7.6788 10 10 0
-2.61326 7.73965 20 18 0
-2.64117 7.81365 30 26 1
1.91655 4.69535 -1.13687e-13 2 0
1.9325 4.74137 10 11 0
1.94632 4.78028 20 18 0
1.9625 4.82794 30 27 1
3.22556 -6.17707 -1.13687e-13 5 0
3.25117 -6.23162 10 14 0
3.2781 -6.29083 20 21 0
3.30617 -6.34319 30 30 1
3.48515 -4.66101 0 5 0
3.51617 -4.70057 10 14 0
3.54105 -4.74369 20 21 0
3.57617 -4.78179 30 30 1
0.191404 -6.08684 0 6 0
0.191169 -6.14147 10 14 0
0.188698 -6.1979 20 22 0
0.186169 -6.24961 30 30 1
4.30137 -2.9209 0 5 0
4.34215 -2.9475 10 13 0
4.37753 -2.9741 20 21 0
4.41837 -3.0025 30 29 1
4.7873 6.48157 0 3 0
4.8325 6.54535 10 11 0
4.86979 6.60233 20 19 0
4.9125 6.66071 30 27 1
-8.54826 -1.22617 10 8 0
-8.62811 -1.23862 20 16 0
-8.71468 -1.25117 30 24 1
6.76626 -0.771925 2.27374e-13 4 0
6.82492 -0.7775 10 13 0
6.88385 -0.782749 20 20 0
6.94805 -0.7875 30 29 1
-3.42178 -7.81014 0 7 0
-3.4575 -7.87857 10 15 0
-3.49167 -7.95274 20 23 0
-3.5225 -8.02135 30 31 1
5.14779 -3.86682 0 5 0
5.19109 -3.9025 10 13 0
5.23588 -3.93578 20 21 0
5.2823 -3.9725 30 29 1
-3.05117 4.82247 10 10 0
-3.08391 4.86823 20 17 0
-3.11117 4.91076 30 26 1
-5.56422 0.577094 0 0 0
-5.61168 0.5825 10 9 0
-5.66874 0.587918 20 16 0
-5.72068 0.5925 30 25 1
1.27794 5.30944 -1.13687e-13 2 0
1.2875 5.35502 10 11 0
1.29418 5.4009 20 18 0
1.3025 5.4478 30 27 1
4.42751 0.954491 0 4 0
4.46281 0.966169 10 12 0
4.49937 0.973432 20 20 0
4.53938 0.986169 30 28 1
-1.2125 -7.09728 10 15 0
-1.22653 -7.15823 20 22 0
-1.2375 -7.22128 30 31 1
-1.78617 7.26978 10 10 0
-1.80687 7.33461 20 18 0
-1.82117 7.39671 30 26 1
3.21179 4.54634 -1.13687e-13 3 0
3.2425 4.59473 10 11 0
3.26769 4.62902 20 19 0
3.2975 4.67094 30 27 1
4.33291 4.02574 -2.27374e-13 3 0
4.36876 4.06117 10 12 0
4.40682 4.09965 20 19 0
4.44376 4.13617 30 28 1
-5.19998 -0.791169 10 8 0
-5.25718 -0.80025 20 16 0
-5.29983 -0.806169 30 24 1
5.22352 -4.42856 0 5 0
5.27318 -4.4725 10 13 0
5.31703 -4.51059 20 21 0
5.35525 -4.5475 30 29 1
2.21818 -8.09242 0 6 0
2.23617 -8.16526 10 14 0
2.25607 -8.23614 20 22 0
2.27117 -8.30632 30 30 1
6.59684 -4.69975 -1.13687e-13 5 0
6.65334 -4.7425 10 13 0
6.71377 -4.78607 20 21 0
6.7737 -4.8275 30 29 1
6.1587 -2.50646 0 4 0
6.21318 -2.5275 10 13 0
6.26976 -2.55246 20 20 0
6.32182 -2.5725 30 29 1
2.21818 -5.41396 0 6 0
2.23617 -5.46411 10 14 0
2.25336 -5.51196 20 22 0
2.27117 -5.56275 30 30 1
-3.28578 -8.2884 -1.13687e-13 6 0
-3.3175 -8.36082 10 15 0
-3.35072 -8.43212 20 22 0
-3.3825 -8.51068 30 31 1
-6.55721 -1.98818 0 0 0
-6.62711 -2.00617 10 8 0
-6.68133 -2.02335 20 16 0
-6.74696 -2.04117 30 24 1
5.53979 -3.65035 -1.13687e-13 5 0
5.58127 -3.6775 10 13 0
5.62901 -3.70896 20 21 0
5.68163 -3.7425 30 29 1
6.60455 5.01539 0 3 0
6.66277 5.06117 10 12 0
6.71766 5.10554 20 19 0
6.78105 5.15117 30 28 1
6.74666 1.17909 1.13687e-13 4 0
6.80913 1.19117 10 12 0
6.86425 1.20073 20 20 0
6.92106 1.21117 30 28 1
4.4306 -5.48017 -1.13687e-13 5 0
4.46617 -5.52329 10 14 0
4.50227 -5.5748 20 21 0
4.54117 -5.62658 30 30 1
-5.83206 2.3874 1.13687e-13 0 0
-5.88812 2.4075 10 9 0
-5.94312 2.42798 20 16 0
-5.99176 2.4475 30 25 1
-4.41394 -3.49117 10 8 0
-4.4554 -3.52446 20 23 0
-4.49516 -3.55117 30 24 1
-7.25622 -2.7702 0 0 0
-7.32519 -2.79617 10 8 0
-7.38687 -2.81891 20 16 0
-7.46004 -2.84617 30 24 1
5.66002 -4.46324 -2.27374e-13 5 0
5.70623 -4.5025 10 13 0
5.75736 -4.54144 20 21 0
5.80745 -4.5825 30 29 1
-5.22496 5.04612 0 1 0
-5.283 5.0975 10 9 0
-5.32771 5.13739 20 17 0
-5.38007 5.1875 30 25 1
-0.613537 7.78538 0 2 0
-0.621169 7.85841 10 10 0
-0.629773 7.9291 20 18 0
-0.636169 7.99361 30 26 1
-3.04617 5.60236 10 10 0
-3.08048 5.65696 20 17 0
-3.10617 5.70479 30 26 1
-2.89612 -7.25622 -1.13687e-13 6 0
-2.9275 -7.32029 10 15 0
-2.95565 -7.38687 20 22 0
-2.9825 -7.45307 30 31 1
2.23405 -3.79642 -2.27374e-13 5 0
2.25117 -3.83155 10 14 0
2.26765 -3.86445 20 21 0
2.28617 -3.90191 30 30 1
0.111666 8.16428 -1.13687e-13 2 0
0.1075 8.23381 10 11 0
0.106254 8.308 20 18 0
0.1075 8.3823 30 27 1
3.74594 2.16443 1.13687e-13 3 0
3.78569 2.19117 10 12 0
3.81285 2.20839 20 19 0
3.84691 2.23117 30 28 1
3.98629 1.80398 -2.27374e-13 3 0
4.01674 1.82117 10 12 0
4.05432 1.83757 20 19 0
4.08209 1.85117 30 28 1
3.9001 5.50253 0 3 0
3.9325 5.55343 10 11 0
3.97065 5.60752 20 19 0
4.0025 5.65878 30 27 1
2.98951 6.34845 -3.41061e-13 3 0
3.0125 6.40827 10 11 0
3.03822 6.46604 20 19 0
3.0675 6.52691 30 27 1
-6.40274 -3.22162 0 7 0
-6.46497 -3.25117 10 8 0
-6.52574 -3.2834 20 23 0
-6.58861 -3.31117 30 24 1
6.49472 -2.74161 -2.27374e-13 5 0
6.55217 -2.7675 10 13 0
6.60848 -2.79415 20 21 0
6.66581 -2.8175 30 29 1
5.85581 3.48215 -1.13687e-13 3 0
5.90973 3.51617 10 12 0
5.95809 3.54617 20 19 0
6.00508 3.57617 30 28 1
-5.84428 -2.95783 1.13687e-13 7 0
-5.89798 -2.98117 10 8 0
-5.95151 -3.00766 20 23 0
-6.00955 -3.03617 30 24 1
-1.41324 -6.10644 -1.13687e-13 6 0
-1.4275 -6.1597 10 15 0
-1.44301 -6.2175 20 22 0
-1.4575 -6.26748 30 31 1
7.12912 3.28978 0 3 0
7.19258 3.32117 10 12 0
7.25212 3.35156 20 19 0
7.31622 3.38117 30 28 1
-0.141432 -5.17878 0 6 0
-0.1425 -5.22825 10 15 0
-0.146843 -5.27024 20 22 0
-0.1475 -5.3181 30 31 1
3.60578 2.92359 -1.13687e-13 3 0
3.6356 2.94617 10 12 0
3.66504 2.97519 20 19 0
3.69767 3.00117 30 28 1
-5.12942 5.83457 0 1 0
-5.17617 5.88681 10 10 0
-5.22722 5.94003 20 17 0
-5.27617 5.99388 30 26 1
0.713658 -7.09943 -1.13687e-13 6 0
0.716169 -7.16145 10 14 0
0.71907 -7.23009 20 22 0
0.726169 -7.29166 30 30 1
-4.56117 7.4497 10 10 0
-4.60551 7.52257 20 17 0
-4.64617 7.5842 30 26 1
-1.41451 4.33605 0 2 0
-1.43117 4.38334 10 10 0
-1.44427 4.42098 20 18 0
-1.45617 4.45784 30 26 1
-2.30892 -7.4326 1.13687e-13 6 0
-2.3325 -7.49603 10 15 0
-2.35492 -7.56979 20 22 0
-2.3825 -7.63796 30 31 1
-2.25545 -4.45869 1.13687e-13 7 0
-2.2825 -4.50447 10 15 0
-2.30752 -4.5452 20 23 0
-2.3275 -4.58482 30 31 1
7.42607 1.39557 0 4 0
7.49582 1.41117 10 12 0
7.56326 1.41992 20 20 0
7.62689 1.43617 30 28 1
5.01546 1.54981 1.13687e-13 4 0
5.05781 1.56117 10 12 0
5.10039 1.57957 20 20 0
5.14438 1.59117 30 28 1
-5.49701 -6.10446 1.13687e-13 7 0
-5.5475 -6.15726 10 15 0
-5.60134 -6.21262 20 23 0
-5.6525 -6.26934 30 31 1
-0.5925 -8.44304 10 15 0
-0.601448 -8.52358 20 22 0
-0.6075 -8.59239 30 31 1
-0.629773 4.5059 -1.13687e-13 2 0
-0.641169 4.54793 10 10 0
-0.651421 4.5843 20 18 0
-0.661169 4.63157 30 26 1
-8.28187 1.29147 1.13687e-13 0 0
-8.35401 1.3025 10 9 0
-8.43212 1.31583 20 16 0
-8.50629 1.3275 30 25 1
0.965315 -8.03362 0 6 0
0.971169 -8.10234 10 14 0
0.978844 -8.17081 20 22 0
0.981169 -8.24669 30 30 1
3.68568 5.02405 1.13687e-13 3 0
3.7175 5.06973 10 11 0
3.74428 5.11327 20 19 0
3.7825 5.16301 30 27 1
-1.61746 4.32952 0 2 0
-1.63617 4.36914 10 10 0
-1.64993 4.40791 20 18 0
-1.67117 4.44656 30 26 1
3.33028 -6.1555 -1.13687e-13 5 0
3.36117 -6.21434 10 14 0
3.38664 -6.26544 20 21 0
3.41617 -6.32591 30 30 1
-0.590624 -6.04111 -1.13687e-13 6 0
-0.5975 -6.09337 10 15 0
-0.60686 -6.14564 20 22 0
-0.6125 -6.2003 30 31 1
-2.28117 6.86676 10 10 0
-2.30477 6.92958 20 18 0
-2.33117 6.99454 30 26 1
0.192845 6.6356 -1.13687e-13 2 0
0.1925 6.69246 10 11 0
0.192845 6.75319 20 18 0
0.1925 6.81267 30 27 1
-6.23515 2.96423 1.13687e-13 1 0
-6.29134 2.9875 10 9 0
-6.35545 3.01947 20 17 0
-6.40998 3.0425 30 25 1
4.06062 6.70012 -2.27374e-13 3 0
4.0975 6.76495 10 11 0
4.13275 6.822 20 19 0
4.1675 6.88444 30 27 1
2.7009 3.49587 0 3 0
2.7225 3.53025 10 11 0
2.74486 3.56278 20 19 0
2.7625 3.59147 30 27 1
4.39143 -5.08511 -2.27374e-13 5 0
4.43117 -5.13474 10 14 0
4.46693 -5.17591 20 21 0
4.50617 -5.22388 30 30 1
5.74539 -5.81912 -1.13687e-13 5 0
5.79617 -5.87749 10 14 0
5.84319 -5.92457 20 21 0
5.89617 -5.97749 30 30 1
-6.49466 -5.49484 1.13687e-13 7 0
-6.5538 -5.54617 10 8 0
-6.61701 -5.59422 20 23 0
-6.68208 -5.64617 30 24 1
-4.44464 2.8025 10 9 0
-4.48916 2.82551 20 17 0
-4.53 2.8525 30 25 1
3.53012 4.7269 0 3 0
3.5625 4.77331 10 11 0
3.59255 4.81229 20 19 0
3.6275 4.85952 30 27 1
1.14535 4.41444 0 2 0
1.1525 4.45634 10 11 0
1.15888 4.49937 20 18 0
1.1675 4.53498 30 27 1
-3.83119 -3.48117 10 8 0
-3.86621 -3.51312 20 23 0
-3.89826 -3.54117 30 24 1
-4.28978 -5.1498 1.13687e-13 7 0
-4.3325 -5.19682 10 15 0
-4.37181 -5.24331 20 23 0
-4.4125 -5.29097 30 31 1
5.57728 2.17759 0 4 0
5.6221 2.19617 10 12 0
5.67528 2.21818 20 20 0
5.71867 2.23617 30 28 1
-3.13617 4.70948 10 10 0
-3.16493 4.75026 20 17 0
-3.19617 4.79069 30 26 1
4.44935 -3.38269 -2.27374e-13 5 0
4.48395 -3.4075 10 13 0
4.52168 -3.4397 20 21 0
4.5631 -3.4725 30 29 1
-5.02652 6.34397 2.27374e-13 1 0
-5.07617 6.40199 10 10 0
-5.1232 6.45979 20 17 0
-5.17117 6.51821 30 26 1
2.88103 -6.74333 0 5 0
2.90617 -6.80586 10 14 0
2.93245 -6.86745 20 21 0
2.95617 -6.92657 30 30 1
-0.560858 -5.95619 -1.13687e-13 6 0
-0.5675 -6.0068 10 15 0
-0.577094 -6.06071 20 22 0
-0.5825 -6.11373 30 31 1
-6.59133 5.82315 2.27374e-13 1 0
-6.65197 5.8725 10 9 0
-6.71367 5.92254 20 17 0
-6.77818 5.9775 30 25 1
4.14131 -6.16673 -1.13687e-13 5 0
4.17617 -6.22324 10 14 0
4.20803 -6.27554 20 21 0
4.24617 -6.33567 30 30 1
2.06124 -5.06119 -1.13687e-13 6 0
2.07617 -5.10612 10 14 0
2.09371 -5.15265 20 22 0
2.11117 -5.19769 30 30 1
4.26066 -5.25283 -1.13687e-13 5 0
4.30117 -5.30172 10 14 0
4.33233 -5.34746 20 21 0
4.37117 -5.39294 30 30 1
6.32199 5.63979 -1.13687e-13 3 0
6.37353 5.69117 10 12 0
6.43015 5.74412 20 19 0
6.4856 5.79617 30 28 1
-6.96877 -1.9097 1.13687e-13 0 0
-7.03502 -1.92617 10 8 0
-7.09943 -1.94217 20 16 0
-7.16901 -1.96117 30 24 1
-3.84113 -3.69617 10 8 0
-3.88029 -3.73002 20 23 0
-3.9132 -3.76117 30 24 1
-2.56617 5.70219 10 10 0
-2.58909 5.75108 20 17 0
-2.61617 5.80168 30 26 1
1.2738 -7.90297 0 6 0
1.28617 -7.97186 10 14 0
1.29544 -8.04669 20 22 0
1.30617 -8.11207 30 30 1
0.639332 5.91046 1.13687e-13 2 0
0.6425 5.96867 10 11 0
0.644744 6.01498 20 18 0
0.6475 6.07266 30 27 1
-1.58913 -6.02152 -1.13687e-13 6 0
-1.6075 -6.07807 10 15 0
-1.6216 -6.12604 20 22 0
-1.6375 -6.18585 30 31 1
4.4863 1.5038 0 4 0
4.52284 1.52117 10 12 0
4.55817 1.53357 20 20 0
4.59733 1.54617 30 28 1
6.24363 -1.64325 1.13687e-13 4 0
6.29777 -1.6575 10 13 0
6.34816 -1.67572 20 20 0
6.39848 -1.6875 30 29 1
5.66516 3.25706 0 3 0
5.71508 3.28617 10 12 0
5.76091 3.31837 20 19 0
5.81044 3.34617 30 28 1
-6.24741 -4.68887 -1.13687e-13 7 0
-6.30448 -4.73117 10 8 0
-6.36434 -4.77519 20 23 0
-6.42484 -4.81617 30 24 1
-5.8582 -1.96382 0 0 0
-5.90915 -1.98117 10 8 0
-5.96925 -1.999 20 16 0
-6.02693 -2.02117 30 24 1
3.54195 4.96452 0 3 0
3.5675 5.00458 10 11 0
3.60056 5.05373 20 19 0
3.6275 5.09286 30 27 1
-5.18128 -1.04117 10 8 0
-5.23105 -1.0492 20 16 0
-5.27906 -1.06117 30 24 1
1.79208 7.20396 0 2 0
1.8075 7.27509 10 11 0
1.82185 7.34114 20 18 0
1.8375 7.40408 30 27 1
-5.8046 -6.41587 0 7 0
-5.8575 -6.46726 10 15 0
-5.91817 -6.53327 20 23 0
-5.9675 -6.58434 30 31 1
4.18551 -4.4965 0 5 0
4.21617 -4.53083 10 14 0
4.25559 -4.57424 20 21 0
4.28617 -4.6079 30 30 1
-5.1204 5.38165 1.13687e-13 1 0
-5.16617 5.42426 10 10 0
-5.21279 5.47403 20 17 0
-5.26617 5.52426 30 26 1
-4.44067 3.3925 10 9 0
-4.48248 3.42347 20 17 0
-4.52188 3.4525 30 25 1
1.26027 -7.62206 0 6 0
1.27117 -7.69523 10 14 0
1.27921 -7.75924 20 22 0
1.28617 -7.83044 30 30 1
2.95322 4.06581 -1.13687e-13 3 0
2.9725 4.09845 10 11 0
2.99988 4.13925 20 19 0
3.0225 4.17674 30 27 1
-2.10327 -7.56326 0 6 0
-2.1225 -7.63251 10 15 0
-2.14386 -7.70045 20 22 0
-2.1675 -7.76944 30 31 1
-7.40578 -3.91852 -1.13687e-13 7 0
-7.47402 -3.95617 10 8 0
-7.54456 -3.99224 20 23 0
-7.61474 -4.02617 30 24 1
4.19047 4.26981 -1.13687e-13 3 0
4.2225 4.30901 10 11 0
4.26055 4.34755 20 19 0
4.2975 4.38401 30 27 1
-6.61126 5.16574 0 1 0
-6.67579 5.2175 10 9 0
-6.73744 5.2613 20 17 0
-6.79908 5.3125 30 25 1
-5.00852 4.14467 0 1 0
-5.05389 4.1825 10 9 0
-5.10315 4.21634 20 17 0
-5.15718 4.2575 30 25 1
3.89975 -3.25786 -1.13687e-13 5 0
3.92762 -3.2825 10 13 0
3.96554 -3.31217 20 21 0
3.99469 -3.3425 30 29 1
-8.44519 0.969462 0 0 0
-8.52398 0.9775 10 9 0
-8.60198 0.985697 20 16 1
-2.17759 7.94216 0 2 0
-2.20117 8.01712 10 10 0
-2.22089 8.08589 20 18 0
-2.24117 8.16319 30 26 1
-5.13927 1.8425 10 9 0
-5.19185 1.85702 20 16 0
-5.24498 1.8775 30 25 1
6.43508 4.81531 0 3 0
6.48605 4.85617 10 12 0
6.54819 4.90546 20 19 0
6.60433 4.94617 30 28 1
-7.04239 -4.59603 1.13687e-13 7 0
-7.11251 -4.64117 10 8 0
-7.17622 -4.68393 20 23 0
-7.242 -4.72117 30 24 1
-4.32191 -4.9791 -1.13687e-13 7 0
-4.3625 -5.02883 10 15 0
-4.40393 -5.07261 20 23 0
-4.4425 -5.1159 30 31 1
1.6189 6.92958 0 2 0
1.6325 6.99402 10 11 0
1.64325 7.0537 20 18 0
1.6575 7.11095 30 27 1
-7.56979 -0.215758 1.13687e-13 0 0
-7.63725 -0.216169 10 8 0
-7.70698 -0.218464 20 16 0
-7.78368 -0.221169 30 24 1
-1.02629 -6.64867 -1.13687e-13 6 0
-1.0375 -6.70308 10 15 0
-1.04794 -6.76626 20 22 0
-1.0625 -6.82707 30 31 1
-4.51137 1.7025 10 9 0
-4.55163 1.71631 20 16 0
-4.59794 1.7325 30 25 1
-8.41906 -1.97465 2.27374e-13 0 0
-8.50009 -1.99117 10 8 0
-8.58238 -2.00982 20 16 0
-8.66029 -2.03117 30 24 1
-0.75966 6.45268 -1.13687e-13 2 0
-0.771169 6.51641 10 10 0
-0.778602 6.56374 20 18 0
-0.786169 6.62334 30 26 1
-0.406618 -4.44711 0 6 0
-0.4125 -4.49416 10 15 0
-0.420148 -4.53203 20 22 0
-0.4225 -4.5678 30 31 1
-2.8175 -4.29701 10 15 0
-2.84232 -4.33377 20 23 0
-2.8725 -4.37322 30 31 1
3.52216 5.02126 -1.13687e-13 3 0
3.5525 5.06736 10 11 0
3.58077 5.11048 20 19 0
3.6125 5.15565 30 27 1
3.24725 5.63801 -1.13687e-13 3 0
3.2725 5.69246 10 11 0
3.30091 5.74141 20 19 0
3.3275 5.78988 30 27 1
4.66054 5.66598 -3.41061e-13 3 0
4.6975 5.71739 10 11 0
4.73491 5.76714 20 19 0
4.7775 5.8186 30 27 1
4.09428 1.44617 10 12 0
4.127 1.4578 20 20 0
4.16171 1.47117 30 28 1
2.60738 -5.83442 -1.13687e-13 5 0
2.62617 -5.8824 10 14 0
2.65068 -5.93894 20 21 0
2.67117 -5.99103 30 30 1
-6.78586 -1.83393 1.13687e-13 0 0
-6.84688 -1.85117 10 8 0
-6.90998 -1.86911 20 16 0
-6.9738 -1.88617 30 24 1
-6.90998 1.81643 1.13687e-13 0 0
-6.97482 1.8325 10 9 0
-7.04064 1.84891 20 16 0
-7.10381 1.8625 30 25 1
5.93725 2.85563 -1.13687e-13 3 0
5.9889 2.88117 10 12 0
6.03795 2.90275 20 19 0
6.09547 2.93117 30 28 1
-1.11144 4.88481 0 2 0
-1.12617 4.92687 10 10 0
-1.1385 4.97627 20 18 1
-3.16617 5.80721 10 10 0
-3.19815 5.86265 20 17 0
-3.22617 5.90964 30 26 1
-3.50104 -6.44668 0 7 0
-3.5375 -6.50193 10 15 0
-3.57047 -6.56203 20 23 0
-3.6025 -6.61643 30 31 1
-1.52004 6.85118 -1.13687e-13 2 0
-1.53617 6.91372 10 10 0
-1.55522 6.97531 20 18 0
-1.57117 7.04064 30 26 1
2.83515 -6.96877 1.13687e-13 6 0
2.85617 -7.03163 10 14 0
2.88115 -7.0929 20 22 0
2.90117 -7.15442 30 30 1
2.82576 7.54366 0 2 0
2.8525 7.62005 10 11 0
2.87447 7.68738 20 18 0
2.8975 7.75698 30 27 1
1.2775 7.3532 10 11 0
1.28606 7.41954 20 18 0
1.2925 7.48134 30 27 1
5.61268 4.59373 -1.13687e-13 3 0
5.65794 4.63617 10 12 0
5.70619 4.67575 20 19 0
5.75708 4.72117 30 28 1
-8.01402 3.26955 0 0 0
-8.09127 3.3025 10 9 0
-8.16428 3.33178 20 16 0
-8.23819 3.3575 30 25 1
2.26044 -5.19281 -2.27374e-13 5 0
2.27617 -5.23541 10 14 0
2.29832 -5.28427 20 21 0
2.31617 -5.33198 30 30 1
-2.7275 -4.70905 10 15 0
-2.74951 -4.74993 20 23 0
-2.7775 -4.79441 30 31 1
-7.78538 0.355204 1.13687e-13 0 0
-7.85448 0.3575 10 9 0
-7.9291 0.360616 20 16 0
-8.00091 0.3625 30 25 1
6.72774 -3.01673 -1.13687e-13 5 0
6.78475 -3.0425 10 13 0
6.84804 -3.07197 20 21 1
-4.96863 -2.18617 10 8 0
-5.01148 -2.20156 20 23 0
-5.0602 -2.22117 30 24 1
5.85658 -4.34983 -1.13687e-13 5 0
5.90943 -4.3875 10 13 0
5.95121 -4.4215 20 21 0
6.00565 -4.4625 30 29 1
-0.901812 -5.62955 0 6 0
-0.9125 -5.68005 10 15 0
-0.920754 -5.72754 20 22 0
-0.9325 -5.78491 30 31 1
-1.65407 -5.05466 0 6 0
-1.6675 -5.09862 10 15 0
-1.68655 -5.14612 20 22 0
-1.7025 -5.19019 30 31 1
-3.47593 3.2975 10 9 0
-3.51308 3.33041 20 17 0
-3.55007 3.3575 30 25 1
6.74417 -2.99106 -1.13687e-13 5 0
6.80217 -3.0175 10 13 0
6.85793 -3.0436 20 21 0
6.92081 -3.0725 30 29 1
-4.04883 3.3825 10 9 0
-4.08789 3.41156 20 17 0
-4.12298 3.4425 30 25 1
-5.29663 -1.12117 10 8 0
-5.35517 -1.13309 20 16 0
-5.40149 -1.14117 30 24 1
-7.69507 4.35909 0 1 0
-7.75998 4.3925 10 9 0
-7.83385 4.43281 20 17 0
-7.91069 4.4725 30 25 1
1.01402 -7.49793 0 6 0
1.02117 -7.56544 10 14 0
1.02755 -7.63512 20 22 0
1.03617 -7.70065 30 30 1
1.06417 4.30992 -1.13687e-13 2 0
1.0725 4.34806 10 11 0
1.08041 4.38831 20 18 0
1.0875 4.4267 30 27 1
-5.25995 -0.356169 10 8 0
-5.30291 -0.359175 20 16 0
-5.35688 -0.361169 30 24 1
3.27851 -2.65958 -2.27374e-13 5 0
3.31141 -2.6875 10 13 0
3.33777 -2.71118 20 21 0
3.36848 -2.7375 30 29 1
-1.05191 6.2175 0 2 0
-1.06617 6.27401 10 10 0
-1.07626 6.32856 20 18 0
-1.09117 6.39093 30 26 1
-6.58334 -1.11685 1.13687e-13 0 0
-6.63807 -1.12617 10 8 0
-6.70093 -1.1385 20 16 0
-6.76913 -1.15117 30 24 1
6.77932 -1.33477 0 4 0
6.8363 -1.3475 10 13 0
6.89038 -1.35912 20 20 0
6.95323 -1.3725 30 29 1
5.91113 -4.88656 -1.13687e-13 5 0
5.97153 -4.9375 10 13 0
6.02041 -4.98053 20 21 0
6.0636 -5.0225 30 29 1
-3.48162 6.5862 0 1 0
-3.51617 6.64512 10 10 0
-3.55376 6.70809 20 17 0
-3.58617 6.76461 30 26 1
4.53939 5.71321 -1.13687e-13 3 0
4.5825 5.77209 10 11 0
4.6203 5.81708 20 19 0
4.6575 5.86831 30 27 1
-5.8582 -0.924725 0 0 0
-5.91774 -0.936169 10 8 0
-5.96925 -0.943667 20 16 0
-6.02466 -0.951169 30 24 1
7.76578 -0.785455 1.13687e-13 4 0
7.83694 -0.7925 10 13 0
7.90297 -0.798985 20 20 0
7.97214 -0.8075 30 29 1
-6.81817 -3.00945 1.13687e-13 7 0
-6.88636 -3.03617 10 8 0
-6.94882 -3.06357 20 23 0
-7.01208 -3.09117 30 24 1
1.0952 -4.32298 0 6 0
1.10117 -4.3574 10 14 0
1.10873 -4.39485 20 22 0
1.11617 -4.43604 30 30 1
4.88832 -2.95296 -1.13687e-13 5 0
4.9237 -2.9775 10 13 0
4.9683 -3.00232 20 21 0
5.01405 -3.0325 30 29 1
2.12618 -8.17081 0 6 0
2.14617 -8.24496 10 14 0
2.15865 -8.31453 20 22 0
2.17617 -8.3881 30 30 1
-2.90694 -7.12556 1.13687e-13 6 0
-2.9375 -7.19594 10 15 0
-2.96377 -7.26275 20 22 0
-2.9925 -7.32165 30 31 1
1.12641 4.68229 0 2 0
1.1325 4.72625 10 11 0
1.14264 4.77375 20 18 0
1.1475 4.81197 30 27 1
6.87369 4.13649 -1.13687e-13 3 0
6.93242 4.17117 10 12 0
6.99175 4.21245 20 19 0
7.05485 4.25117 30 28 1
2.35222 8.04669 -1.13687e-13 2 0
2.3725 8.11586 10 11 0
2.3901 8.19041 20 18 0
2.4075 8.264 30 27 1
-3.15115 3.33203 1.13687e-13 1 0
-3.18117 3.36148 10 10 0
-3.21582 3.3967 20 17 0
-3.24617 3.42648 30 26 1
-8.80449 1.4863 0 0 0
-8.89342 1.5025 10 9 0
-8.96782 1.51607 20 16 0
-9.05277 1.5275 30 25 1
0.535064 -7.21702 -1.13687e-13 6 0
0.536169 -7.2855 10 14 0
0.540476 -7.34768 20 22 0
0.541169 -7.41778 30 30 1
6.54414 1.67969 0 4 0
6.59995 1.69617 10 12 0
6.6552 1.70946 20 20 0
6.70774 1.72617 30 28 1
6.32203 1.07897 2.27374e-13 4 0
6.37886 1.08617 10 12 0
6.43308 1.09791 20 20 0
6.49079 1.10617 30 28 1
5.63608 -2.13303 1.13687e-13 4 0
5.68969 -2.1525 10 13 0
5.73407 -2.17362 20 20 0
5.78626 -2.1925 30 29 1
-3.77237 -2.90617 10 8 0
-3.81615 -2.93495 20 23 0
-3.84859 -2.96117 30 24 1
0.211787 7.89643 0 2 0
0.2125 7.97111 10 11 0
0.209081 8.04669 20 18 0
0.2075 8.11461 30 27 1
-1.8637 5.3421 0 2 0
-1.88117 5.39195 10 10 0
-1.90158 5.44663 20 18 0
-1.92117 5.48852 30 26 1
4.25988 0.756169 10 12 0
4.29685 0.765072 20 20 0
4.33145 0.771169 30 28 1
-8.01402 -1.19532 0 0 0
-8.08985 -1.20617 10 8 0
-8.17081 -1.21697 20 16 0
-8.2442 -1.22617 30 24 1
4.3974 5.0699 -1.13687e-13 3 0
4.4325 5.11298 10 11 0
4.46636 5.158 20 19 0
4.5075 5.20919 30 27 1
-6.62868 -5.51788 -1.13687e-13 7 0
-6.69193 -5.57117 10 8 0
-6.75756 -5.61997 20 23 0
-6.82022 -5.67117 30 24 1
1.45113 5.45316 0 2 0
1.4625 5.5088 10 11 0
1.47007 5.55115 20 18 0
1.4825 5.60659 30 27 1
-0.0661687 5.50028 10 10 0
-0.066929 5.55115 20 18 0
-0.0711686 5.59721 30 26 1
-7.51793 -4.33298 -1.13687e-13 7 0
-7.58997 -4.37617 10 8 0
-7.65941 -4.41324 20 23 0
-7.73361 -4.45617 30 24 1
-5.59035 -1.92323 1.13687e-13 0 0
-5.64287 -1.94117 10 8 0
-5.69488 -1.96112 20 16 0
-5.74858 -1.97617 30 24 1
-3.1325 -5.22719 10 15 0
-3.16329 -5.27851 20 23 0
-3.1975 -5.32754 30 31 1
-6.99479 -3.55345 1.13687e-13 7 0
-7.0616 -3.58617 10 8 0
-7.12433 -3.61793 20 23 0
-7.19024 -3.65117 30 24 1
-4.96899 5.70859 1.13687e-13 1 0
-5.01617 5.76217 10 10 0
-5.06679 5.81405 20 17 0
-5.11617 5.86924 30 26 1
1.91926 6.93611 -1.13687e-13 2 0
1.9375 7.00204 10 11 0
1.95173 7.06677 20 18 0
1.9675 7.12396 30 27 1
-7.85724 -1.90429 -1.13687e-13 0 0
-7.93511 -1.92117 10 8 0
-8.00749 -1.93947 20 16 0
-8.08325 -1.95617 30 24 1
2.43069 7.72658 0 2 0
2.4525 7.79988 10 11 0
2.46857 7.8703 20 18 1
-6.08705 -3.80524 0 7 0
-6.1378 -3.83617 10 8 0
-6.2024 -3.87467 20 23 0
-6.2573 -3.90617 30 24 1
5.06772 0.413294 1.13687e-13 4 0
5.11282 0.421169 10 12 0
5.15265 0.421412 20 20 0
5.1956 0.426169 30 28 1
7.34768 -1.72172 0 4 0
7.41722 -1.7375 10 13 0
7.4718 -1.75149 20 20 0
7.53914 -1.7675 30 29 1
-2.5475 -5.4695 10 15 0
-2.57063 -5.5201 20 23 0
-2.5975 -5.569 30 31 1
-0.664951 8.05322 -1.13687e-13 2 0
-0.676169 8.12554 10 10 0
-0.681187 8.19694 20 18 0
-0.691169 8.26782 30 26 1
-0.897665 4.44711 -1.13687e-13 2 0
-0.906169 4.48766 10 10 0
-0.919313 4.5255 20 18 0
-0.931169 4.56923 30 26 1
-7.11581 -5.02151 0 7 0
-7.18895 -5.07117 10 8 0
-7.25234 -5.11595 20 23 0
-7.32138 -5.16117 30 24 1
-6.16883 3.64031 0 1 0
-6.22681 3.6725 10 9 0
-6.28147 3.70321 20 17 0
-6.34131 3.7375 30 25 1
3.31264 -2.91184 0 5 0
3.3422 -2.9375 10 13 0
3.36537 -2.96074 20 21 0
3.3922 -2.9875 30 29 1
-3.81131 -8.05808 0 7 0
-3.8475 -8.12715 10 15 0
-3.88774 -8.20339 20 23 0
-3.9225 -8.27286 30 31 1
-4.66725 -4.68919 -1.13687e-13 7 0
-4.7125 -4.73537 10 15 0
-4.75693 -4.77505 20 23 0
-4.8025 -4.8183 30 31 1
-4.53687 -3.62117 10 8 0
-4.58474 -3.6538 20 23 0
-4.62309 -3.68617 30 24 1
4.55172 5.59925 -1.13687e-13 3 0
4.5725 5.64895 10 11 0
4.59614 5.69342 20 19 0
4.6175 5.73638 30 27 1
6.07268 -5.00218 0 5 0
6.12396 -5.0475 10 13 0
6.18196 -5.09615 20 21 0
6.23517 -5.1375 30 29 1
4.89134 -1.45113 0 4 0
4.92898 -1.4625 10 13 0
4.96973 -1.47819 20 20 0
5.01054 -1.4875 30 29 1
-2.38617 6.66063 10 10 0
-2.41031 6.71399 20 18 0
-2.43117 6.77634 30 26 1
5.50542 2.03959 1.13687e-13 4 0
5.55281 2.05617 10 12 0
5.60342 2.07477 20 20 0
5.64938 2.09617 30 28 1
-1.46592 8.45826 0 2 0
-1.48117 8.53456 10 10 0
-1.49839 8.61504 20 18 0
-1.51117 8.69184 30 26 1
1.4863 6.81852 0 2 0
1.4975 6.87316 10 11 0
1.51066 6.94264 20 18 0
1.5225 7.00423 30 27 1
-4.03332 -3.47117 10 8 0
-4.06575 -3.49836 20 23 0
-4.10746 -3.53117 30 24 1
-6.63779 2.83876 1.13687e-13 1 0
-6.70167 2.8675 10 9 0
-6.76462 2.8967 20 17 0
-6.82238 2.9175 30 25 1
3.96616 -3.65338 -2.27374e-13 5 0
3.99528 -3.6825 10 13 0
4.03084 -3.71805 20 21 0
4.06028 -3.7475 30 29 1
5.00061 4.76233 -2.27374e-13 3 0
5.04305 4.80617 10 12 0
5.08647 4.85201 20 19 0
5.13305 4.89617 30 28 1
2.12889 -5.81247 -1.13687e-13 6 0
2.14617 -5.86201 10 14 0
2.16677 -5.91699 20 22 0
2.18117 -5.9748 30 30 1
0.738012 -6.37429 0 6 0
0.741169 -6.43691 10 14 0
0.743424 -6.49188 20 22 0
0.746169 -6.54798 30 30 1
7.61552 -1.47007 1.13687e-13 4 0
7.68548 -1.4825 10 13 0
7.75271 -1.49442 20 20 0
7.81655 -1.5075 30 29 1
6.00922 -3.79068 -2.27374e-13 5 0
6.05861 -3.8225 10 13 0
6.11151 -3.85469 20 21 1
0.568976 5.03506 -1.13687e-13 2 0
0.5725 5.07842 10 11 0
0.574388 5.12652 20 18 0
0.5775 5.16828 30 27 1
3.3738 4.68921 0 3 0
3.4025 4.72644 10 11 0
3.4297 4.77189 20 19 0
3.4575 4.8168 30 27 1
4.31654 -6.62897 -1.13687e-13 5 0
4.35117 -6.68816 10 14 0
4.3925 -6.74702 20 21 0
4.42617 -6.80558 30 30 1
5.42837 4.4362 -1.13687e-13 3 0
5.46965 4.47617 10 12 0
5.52188 4.51823 20 19 0
5.5638 4.55617 30 28 1
-4.48791 -6.34673 -1.13687e-13 7 0
-4.5325 -6.40799 10 15 0
-4.57423 -6.46367 20 23 0
-4.6175 -6.52127 30 31 1
5.83864 3.38845 -1.13687e-13 3 0
5.88544 3.42117 10 12 0
5.94093 3.45247 20 19 0
5.99286 3.48617 30 28 1
-3.89918 6.57516 -1.13687e-13 1 0
-3.93117 6.62878 10 10 0
-3.96861 6.6905 20 17 0
-4.01117 6.75121 30 26 1
2.75907 5.38709 0 3 0
2.7825 5.4358 10 11 0
2.80619 5.48778 20 19 0
2.8275 5.5303 30 27 1
-5.73407 -1.03026 1.13687e-13 0 0
-5.78232 -1.04117 10 8 0
-5.83206 -1.0492 20 16 0
-5.88924 -1.05617 30 24 1
2.74012 -3.34578 0 5 0
2.76117 -3.37282 10 14 0
2.77866 -3.39963 20 21 0
2.80617 -3.43196 30 30 1
-8.84369 1.59995 1.13687e-13 0 0
-8.92564 1.6125 10 9 0
-9.00701 1.62972 20 16 0
-9.08999 1.6425 30 25 1
0.904518 6.18484 1.13687e-13 2 0
0.9125 6.23867 10 11 0
0.915342 6.28936 20 18 0
0.9225 6.34766 30 27 1
4.32502 -4.68959 1.13687e-13 5 0
4.36117 -4.7324 10 14 0
4.39781 -4.77386 20 21 0
4.43617 -4.81447 30 30 1
7.34114 -0.414736 1.13687e-13 4 0
7.40537 -0.4175 10 13 0
7.4718 -0.420148 20 20 0
7.53765 -0.4225 30 29 1
5.02508 4.59928 0 3 0
5.06897 4.64117 10 12 0
5.11476 4.68514 20 19 0
5.15397 4.72617 30 28 1
-7.21049 1.82726 -1.13687e-13 0 0
-7.2818 1.8425 10 9 0
-7.34768 1.85702 20 16 0
-7.4108 1.8725 30 25 1
-5.39574 -4.04385 0 7 0
-5.44942 -4.08117 10 8 0
-5.50344 -4.12093 20 23 0
-5.5477 -4.15117 30 24 1
1.6216 6.60947 -1.13687e-13 2 0
1.6375 6.66668 10 11 0
1.64866 6.72706 20 18 0
1.6625 6.78361 30 27 1
1.30897 -7.28235 0 6 0
1.31617 -7.34425 10 14 0
1.32521 -7.41301 20 22 0
1.33617 -7.47739 30 30 1
4.44711 -0.844986 1.13687e-13 4 0
4.48161 -0.8525 10 13 0
4.51897 -0.858516 20 20 0
4.56025 -0.8675 30 29 1
3.0839 -3.95361 -2.27374e-13 5 0
3.10617 -3.98652 10 14 0
3.13438 -4.02323 20 21 0
3.16117 -4.06273 30 30 1
-1.71361 -7.66779 -1.13687e-13 6 0
-1.7325 -7.73749 10 15 0
-1.74878 -7.80497 20 22 0
-1.7675 -7.87856 30 31 1
8.03362 -1.10205 1.13687e-13 4 0
8.10744 -1.1125 10 13 0
8.17734 -1.11829 20 20 0
8.24265 -1.1275 30 29 1
5.46062 4.95828 0 3 0
5.50675 5.00117 10 12 0
5.55683 5.04684 20 19 0
5.60382 5.09117 30 28 1
6.99844 4.52911 -1.13687e-13 3 0
7.05165 4.56617 10 12 0
7.1192 4.61161 20 19 0
7.17908 4.65117 30 28 1
1.74337 7.58286 0 2 0
1.7575 7.64935 10 11 0
1.77314 7.72005 20 18 0
1.7875 7.79249 30 27 1
2.817 4.59929 -1.13687e-13 3 0
2.8375 4.6352 10 11 0
2.86254 4.68309 20 19 0
2.8825 4.72263 30 27 1
-0.697422 6.02805 -1.13687e-13 2 0
-0.706169 6.08372 10 10 0
-0.716364 6.13911 20 18 0
-0.726169 6.19564 30 26 1
-4.2125 -4.4475 10 15 0
-4.25251 -4.48493 20 23 0
-4.2925 -4.5275 30 31 1
-7.89831 3.64772 1.13687e-13 1 0
-7.97629 3.6825 10 9 0
-8.04474 3.71378 20 17 0
-8.11907 3.7475 30 25 1
0.342939 -5.0024 0 6 0
0.346169 -5.05196 10 14 0
0.345645 -5.10039 20 22 0
0.346169 -5.14389 30 30 1
3.3705 6.17072 -1.13687e-13 3 0
3.3975 6.22758 10 11 0
3.42956 6.28719 20 19 0
3.4575 6.34415 30 27 1
-3.2525 -5.86338 10 15 0
-3.28839 -5.92023 20 23 0
-3.3175 -5.9708 30 31 1
-5.66221 -1.26027 0 0 0
-5.71533 -1.27117 10 8 0
-5.76674 -1.28191 20 16 0
-5.82019 -1.29117 30 24 1
0.547329 6.48535 -1.13687e-13 2 0
0.5525 6.55042 10 11 0
0.552741 6.60294 20 18 0
0.5575 6.66856 30 27 1
4.5743 3.49794 -1.13687e-13 3 0
4.61658 3.53117 10 12 0
4.65587 3.5642 20 19 0
4.69072 3.59117 30 28 1
-2.35976 3.86473 -1.13687e-13 1 0
-2.38617 3.90291 10 10 0
-2.41025 3.93435 20 17 0
-2.43117 3.96913 30 26 1
5.80174 -2.80635 -1.13687e-13 5 0
5.8485 -2.8275 10 13 0
5.90244 -2.85348 20 21 0
5.953 -2.8825 30 29 1
2.18715 6.47228 -1.13687e-13 2 0
2.2025 6.52458 10 11 0
2.22504 6.58987 20 18 0
2.2425 6.64943 30 27 1
8.01402 -0.958638 1.13687e-13 4 0
8.08265 -0.9675 10 13 0
8.15775 -0.974873 20 20 0
8.22993 -0.9875 30 29 1
-4.97145 -1.41117 10 8 0
-5.022 -1.42263 20 16 0
-5.06716 -1.43617 30 24 1
-3.1625 -3.78641 10 15 0
-3.19431 -3.82472 20 23 0
-3.2275 -3.85848 30 31 1
-0.502592 5.75367 -1.13687e-13 2 0
-0.506169 5.80593 10 10 0
-0.513416 5.8582 20 18 0
-0.521169 5.90579 30 26 1
-6.34423 -4.20401 1.13687e-13 7 0
-6.40138 -4.24117 10 8 0
-6.46229 -4.27997 20 23 0
-6.52588 -4.31617 30 24 1
-6.38735 -0.602713 0 0 0
-6.44334 -0.606169 10 8 0
-6.50494 -0.613537 20 16 0
-6.56647 -0.616169 30 24 1
5.28984 0.862487 0 4 0
5.32948 0.871169 10 12 0
5.3813 0.878723 20 20 0
5.42726 0.891169 30 28 1
4.09803 -6.97683 -2.27374e-13 5 0
4.13617 -7.03884 10 14 0
4.16633 -7.10254 20 21 0
4.20617 -7.16541 30 30 1
6.35155 4.86189 0 3 0
6.40377 4.90117 10 12 0
6.46195 4.9455 20 19 0
6.51498 4.99117 30 28 1
3.87054 3.15773 0 3 0
3.90388 3.18617 10 12 0
3.93633 3.21204 20 19 0
3.97095 3.24617 30 28 1
-7.68591 -3.3797 -1.13687e-13 7 0
-7.75634 -3.41117 10 8 0
-7.82963 -3.43924 20 23 0
-7.90619 -3.47617 30 24 1
-6.93611 -2.78373 0 0 0
-7.00285 -2.80617 10 8 0
-7.06677 -2.83244 20 16 0
-7.13563 -2.86117 30 24 1
0.4725 8.33718 10 11 0
0.474267 8.41253 20 18 0
0.4775 8.49067 30 27 1
1.56334 -5.23105 -1.13687e-13 6 0
1.57617 -5.28494 10 14 0
1.58769 -5.32904 20 22 0
1.59617 -5.37565 30 30 1
4.78574 -4.09028 -1.13687e-13 5 0
4.82919 -4.1275 10 13 0
4.86619 -4.16689 20 21 0
4.91126 -4.2025 30 29 1
-2.41927 -4.17477 1.13687e-13 7 0
-2.4425 -4.21192 10 15 0
-2.46593 -4.24822 20 23 0
-2.4925 -4.2902 30 31 1
-6.57681 -1.93676 1.13687e-13 0 0
-6.63575 -1.95117 10 8 0
-6.70093 -1.97194 20 16 0
-6.7606 -1.99117 30 24 1
-5.98885 1.49983 0 0 0
-6.04671 1.5125 10 9 0
-6.10644 1.52689 20 16 0
-6.15656 1.5375 30 25 1
6.88385 -0.598742 0 4 0
6.9469 -0.6025 10 13 0
7.00797 -0.60686 20 20 0
7.06297 -0.6125 30 29 1
-1.68655 -4.71495 0 6 0
-1.7025 -4.75885 10 15 0
-1.72172 -4.79988 20 22 0
-1.7375 -4.84335 30 31 1
-5.98225 -3.66983 -1.13687e-13 7 0
-6.03816 -3.70117 10 8 0
-6.0976 -3.73925 20 23 0
-6.15058 -3.77117 30 24 1
-1.70008 -4.6039 0 6 0
-1.7175 -4.64657 10 15 0
-1.73525 -4.68882 20 22 0
-1.7525 -4.73107 30 31 1
-7.13863 1.45113 1.13687e-13 0 0
-7.20586 1.4625 10 9 0
-7.26928 1.47277 20 16 0
-7.33693 1.4875 30 25 1
-1.17241 -6.23057 0 6 0
-1.1825 -6.28239 10 15 0
-1.19676 -6.34162 20 22 0
-1.2125 -6.39725 30 31 1
-4.8724 3.54168 -1.13687e-13 1 0
-4.91766 3.5725 10 9 0
-4.96432 3.60682 20 17 0
-5.01094 3.6375 30 25 1
6.86907 -3.69765 0 5 0
6.93028 -3.7325 10 13 0
6.98825 -3.76325 20 21 0
7.05184 -3.7975 30 29 1
2.94513 3.66739 -2.27374e-13 3 0
2.9725 3.70247 10 11 0
2.99291 3.73047 20 19 0
3.0225 3.76661 30 27 1
-6.56374 -0.188698 1.13687e-13 0 0
-6.62938 -0.191169 10 8 0
-6.68786 -0.191404 20 16 0
-6.74958 -0.191169 30 24 1
5.86744 -3.99714 -1.13687e-13 5 0
5.92213 -4.0325 10 13 0
5.97243 -4.06768 20 21 0
6.02041 -4.1025 30 29 1
4.93245 4.03596 1.13687e-13 3 0
4.97773 4.07617 10 12 0
5.02326 4.11145 20 19 0
5.06687 4.15117 30 28 1
-4.87031 6.08444 0 1 0
-4.91617 6.143 10 10 0
-4.96046 6.19755 20 17 0
-5.00617 6.24714 30 26 1
3.98902 3.63976 -1.13687e-13 3 0
4.02119 3.67117 10 12 0
4.06023 3.70714 20 19 0
4.09326 3.73617 30 28 1
-6.64929 -3.5294 0 7 0
-6.70633 -3.55617 10 8 0
-6.77229 -3.59118 20 23 0
-6.83497 -3.62117 30 24 1
8.04016 1.15744 1.13687e-13 4 0
8.11142 1.17117 10 12 0
8.18388 1.17909 20 20 0
8.25163 1.19117 30 28 1
-4.57885 -4.90694 -1.13687e-13 7 0
-4.6225 -4.94942 10 15 0
-4.67124 -4.99932 20 23 0
-4.7125 -5.03942 30 31 1
-0.969462 -6.02805 -1.13687e-13 6 0
-0.9825 -6.08239 10 15 0
-0.993815 -6.13911 20 22 0
-1.0025 -6.18725 30 31 1
-0.0981358 -6.2763 -1.13687e-13 6 0
-0.1025 -6.33376 10 15 0
-0.106254 -6.38735 20 22 0
-0.1125 -6.44983 30 31 1
-7.36728 -1.05732 1.13687e-13 0 0
-7.44074 -1.06617 10 8 0
-7.50446 -1.07626 20 16 0
-7.58094 -1.08617 30 24 1
0.00883847 5.30291 -1.13687e-13 2 0
0.0075 5.35488 10 11 0
0.00613248 5.4009 20 18 0
0.0025 5.44887 30 27 1
-1.81914 -7.79191 0 6 0
-1.8375 -7.8637 10 15 0
-1.85702 -7.93563 20 22 0
-1.8775 -8.0027 30 31 1
-6.62161 -3.12286 -1.13687e-13 7 0
-6.68817 -3.15617 10 8 0
-6.74844 -3.18081 20 23 0
-6.81388 -3.21117 30 24 1
6.71399 -2.44963 0 4 0
6.77336 -2.4725 10 13 0
6.83158 -2.49293 20 20 0
6.88907 -2.5175 30 29 1
-2.33365 -4.55603 0 7 0
-2.3575 -4.59361 10 15 0
-2.38302 -4.63601 20 23 0
-2.4025 -4.67397 30 31 1
2.80191 3.25628 0 3 0
2.8225 3.28377 10 11 0
2.84969 3.31937 20 19 0
2.8675 3.34291 30 27 1
1.15473 -6.71399 -1.13687e-13 6 0
1.16117 -6.77206 10 14 0
1.17097 -6.83158 20 22 0
1.18117 -6.89813 30 30 1
-8.00096 0.076488 0 0 0
-8.07653 0.0775 10 9 0
-8.15121 0.079194 20 16 0
-8.22502 0.0775 30 25 1
1.95288 -4.50257 -2.27374e-13 5 0
1.96617 -4.54357 10 14 0
1.98153 -4.58479 20 21 0
1.99617 -4.62307 30 30 1
-4.31865 -6.99641 -1.13687e-13 7 0
-4.3575 -7.0603 10 15 0
-4.39732 -7.121 20 23 0
-4.4425 -7.18773 30 31 1
7.13209 0.943667 1.13687e-13 4 0
7.19846 0.951169 10 12 0
7.26275 0.959903 20 20 0
7.32452 0.971169 30 28 1
3.41267 6.2856 0 3 0
3.4425 6.34329 10 11 0
3.47174 6.40207 20 19 0
3.5025 6.45986 30 27 1
7.28235 -2.73376 0 4 0
7.34828 -2.7575 10 13 0
7.41301 -2.78247 20 20 0
7.48313 -2.8075 30 29 1
-0.353763 7.28888 0 2 0
-0.356169 7.35299 10 10 0
-0.361881 7.42607 20 18 0
-0.366169 7.49027 30 26 1
-6.47881 -0.635185 1.13687e-13 0 0
-6.54197 -0.641169 10 8 0
-6.60294 -0.648715 20 16 0
-6.66511 -0.651169 30 24 1
-3.5625 -5.79861 10 15 0
-3.59601 -5.85282 20 23 0
-3.6325 -5.90397 30 31 1
-7.94599 -3.72015 -1.13687e-13 7 0
-8.02356 -3.75617 10 8 0
-8.09513 -3.79274 20 23 0
-8.17134 -3.82617 30 24 1
-7.21606 4.87506 1.13687e-13 1 0
-7.28089 4.9175 10 9 0
-7.34989 4.96296 20 17 0
-7.42039 5.0075 30 25 1
5.08079 1.78252 0 4 0
5.12811 1.80117 10 12 0
5.17225 1.81499 20 20 0
5.21467 1.83117 30 28 1
-7.19089 -0.778602 0 0 0
-7.25973 -0.786169 10 8 0
-7.32155 -0.794838 20 16 0
-7.38787 -0.801169 30 24 1
-4.97781 -1.48117 10 8 0
-5.022 -1.49298 20 16 0
-5.06645 -1.50617 30 24 1
0.367293 -7.93563 -1.13687e-13 6 0
0.371169 -8.01146 10 14 0
0.372705 -8.07935 20 22 0
0.371169 -8.15288 30 30 1
0.536505 7.42607 0 2 0
0.5375 7.49708 10 11 0
0.541917 7.56979 20 18 0
0.5425 7.62936 30 27 1
-2.27997 -4.83145 0 7 0
-2.3075 -4.87595 10 15 0
-2.33474 -4.92449 20 23 0
-2.3525 -4.96338 30 31 1
-6.14451 2.0275 10 9 0
-6.20443 2.04374 20 16 0
-6.2573 2.0625 30 25 1
-4.97854 -7.4267 0 7 0
-5.0225 -7.49196 10 15 0
-5.07027 -7.5567 20 23 0
-5.1175 -7.62231 30 31 1
-6.10948 -4.51267 0 7 0
-6.16691 -4.55117 10 8 0
-6.22371 -4.59246 20 23 0
-6.28226 -4.63117 30 24 1
0.970726 -7.23662 -1.13687e-13 6 0
0.976169 -7.30124 10 14 0
0.986962 -7.36728 20 22 0
0.991169 -7.42938 30 30 1
-5.32904 1.81102 0 0 0
-5.3859 1.8275 10 9 0
-5.43356 1.84349 20 16 0
-5.48454 1.8625 30 25 1
3.9251 4.60909 -1.13687e-13 3 0
3.9575 4.65212 10 11 0
3.99406 4.69718 20 19 0
4.0275 4.73626 30 27 1
-4.35164 -5.42979 1.13687e-13 7 0
-4.3925 -5.4831 10 15 0
-4.43637 -5.52983 20 23 0
-4.4775 -5.58224 30 31 1
0.332115 -8.43866 0 6 0
0.336169 -8.52093 10 14 0
0.334821 -8.58891 20 22 0
0.331169 -8.66442 30 30 1
7.36728 -1.37806 0 4 0
7.43992 -1.3925 10 13 0
7.49793 -1.39971 20 20 0
7.55891 -1.4125 30 29 1
5.03617 -6.09329 10 14 0
5.07507 -6.1476 20 21 0
5.12117 -6.19951 30 30 1
1.8462 6.72053 0 2 0
1.8575 6.78062 10 11 0
1.87596 6.84465 20 18 0
1.8875 6.90254 30 27 1
0.341674 6.51148 1.13687e-13 2 0
0.3425 6.56669 10 11 0
0.347086 6.62907 20 18 0
0.3475 6.6919 30 27 1
-3.34989 7.07825 0 1 0
-3.38617 7.14444 10 10 0
-3.41437 7.20778 20 17 0
-3.45117 7.27308 30 26 1
-6.92984 3.60917 -1.13687e-13 1 0
-6.99584 3.6425 10 9 0
-7.05937 3.67365 20 17 0
-7.13155 3.7075 30 25 1
7.22604 3.87654 0 3 0
7.2926 3.91617 10 12 0
7.35445 3.95138 20 19 0
7.4121 3.98617 30 28 1
3.54456 6.10752 -1.13687e-13 3 0
3.5775 6.16716 10 11 0
3.60363 6.22399 20 19 0
3.6325 6.27873 30 27 1
-1.96081 4.58704 1.13687e-13 1 0
-1.98617 4.63428 10 10 0
-2.00635 4.67084 20 17 0
-2.02617 4.70964 30 26 1
4.93054 1.33062 1.13687e-13 4 0
4.96509 1.34117 10 12 0
5.01546 1.35498 20 20 0
5.05373 1.36617 30 28 1
1.10747 8.02056 1.13687e-13 2 0
1.1125 8.0933 10 11 0
1.121 8.17081 20 18 0
1.1275 8.23558 30 27 1
2.27401 4.63415 -2.27374e-13 3 0
2.2925 4.6771 10 11 0
2.31572 4.72178 20 19 0
2.3275 4.7616 30 27 1
-5.59971 -1.51617 10 8 0
-5.66221 -1.53086 20 16 0
-5.71456 -1.54617 30 24 1
-6.19137 -2.12889 1.13687e-13 0 0
-6.25592 -2.15117 10 8 0
-6.30896 -2.16677 20 16 0
-6.36871 -2.18617 30 24 1
4.15973 -4.73477 -1.13687e-13 5 0
4.19617 -4.77953 10 14 0
4.22598 -4.81634 20 21 0
4.26617 -4.86367 30 30 1
4.77375 -1.59725 2.27374e-13 4 0
4.81735 -1.6125 10 13 0
4.85867 -1.62701 20 20 0
4.89891 -1.6375 30 29 1
4.05447 6.56768 -2.27374e-13 3 0
4.0925 6.63267 10 11 0
4.1266 6.68956 20 19 0
4.1625 6.75216 30 27 1
-8.75877 -0.740718 0 0 0
-8.83193 -0.746169 10 8 0
-8.91555 -0.756954 20 16 0
-8.99543 -0.761169 30 24 1
-3.15617 4.03652 10 10 0
-3.18981 4.07866 20 17 0
-3.22117 4.11566 30 26 1
-8.09242 -0.49718 1.13687e-13 0 0
-8.16974 -0.501169 10 8 0
-8.24267 -0.505298 20 16 0
-8.32116 -0.511169 30 24 1
-0.47012 5.54462 0 2 0
-0.476169 5.59209 10 10 0
-0.48365 5.64261 20 18 0
-0.486169 5.68694 30 26 1
-5.15431 2.9549 0 1 0
-5.20447 2.9825 10 9 0
-5.25388 3.01238 20 17 0
-5.30189 3.0375 30 25 1
1.52275 -5.91699 0 6 0
1.53117 -5.96826 10 14 0
1.54439 -6.02152 20 22 0
1.55617 -6.07812 30 30 1
-6.51148 -2.05582 0 0 0
-6.5769 -2.07617 10 8 0
-6.64213 -2.09371 20 16 0
-6.69676 -2.11117 30 24 1
-0.648715 7.02104 0 2 0
-0.656169 7.0873 10 10 0
-0.664951 7.15169 20 18 0
-0.671169 7.20837 30 26 1
-7.90297 0.0196624 0 0 0
-7.96703 0.0175 10 9 0
-8.04669 0.0196624 20 16 0
-8.12053 0.0225 30 25 1
5.88433 -0.90993 0 4 0
5.93254 -0.9175 10 13 0
5.98885 -0.926166 20 20 0
6.03239 -0.9325 30 29 1
-1.0317 -5.28984 0 6 0
-1.0425 -5.33629 10 15 0
-1.05605 -5.38783 20 22 0
-1.0675 -5.432 30 31 1
5.60048 5.40047 -1.13687e-13 3 0
5.64769 5.44617 10 12 0
5.6994 5.49556 20 19 0
5.74769 5.54617 30 28 1
-7.74803 3.96431 1.13687e-13 1 0
-7.82253 4.0025 10 9 0
-7.89063 4.0342 20 17 0
-7.97031 4.0725 30 25 1
-7.62859 -2.65385 0 0 0
-7.70516 -2.68117 10 8 0
-7.77231 -2.70255 20 16 0
-7.84916 -2.72617 30 24 1
-7.18436 -2.19383 1.13687e-13 0 0
-7.2493 -2.21117 10 8 0
-7.32155 -2.23442 20 16 0
-7.3883 -2.25117 30 24 1
2.77495 -3.18161 0 5 0
2.80117 -3.20776 10 14 0
2.82656 -3.24087 20 21 0
2.84617 -3.2669 30 30 1
-5.43648 4.6683 -1.13687e-13 1 0
-5.49197 4.7125 10 9 0
-5.54305 4.75574 20 17 0
-5.59818 4.7975 30 25 1
6.40042 -0.847692 1.13687e-13 4 0
6.46151 -0.8525 10 13 0
6.51148 -0.861222 20 20 0
6.56843 -0.8675 30 29 1
-2.8125 -6.01735 10 15 0
-2.83825 -6.07473 20 23 0
-2.8625 -6.12392 30 31 1
1.90032 5.46623 0 2 0
1.9175 5.51126 10 11 0
1.93008 5.56422 20 18 0
1.9475 5.61197 30 27 1
-7.13209 -0.905783 -1.13687e-13 0 0
-7.19881 -0.916169 10 8 0
-7.26275 -0.922019 20 16 0
-7.32695 -0.931169 30 24 1
4.77213 4.98158 0 3 0
4.8125 5.02628 10 11 0
4.85415 5.07509 20 19 0
4.8975 5.11836 30 27 1
4.23951 3.72187 -1.13687e-13 3 0
4.27089 3.75117 10 12 0
4.31072 3.78925 20 19 0
4.34796 3.82117 30 28 1
2.26158 -3.889 -2.27374e-13 5 0
2.28117 -3.92519 10 14 0
2.29788 -3.96357 20 21 0
2.31617 -3.99555 30 30 1
-6.5562 -2.93882 1.13687e-13 7 0
-6.61838 -2.96617 10 8 0
-6.68303 -2.99677 20 23 0
-6.74409 -3.02117 30 24 1
-4.33818 3.5375 10 9 0
-4.38121 3.57094 20 17 0
-4.4244 3.6025 30 25 1
-3.17784 7.56441 1.13687e-13 1 0
-3.21117 7.63412 10 10 0
-3.2412 7.70431 20 17 0
-3.27117 7.7719 30 26 1
6.11951 -0.0223684 1.13687e-13 4 0
6.16891 -0.0225 10 13 0
6.22403 -0.0223684 20 20 0
6.27498 -0.0225 30 29 1
6.40695 2.33183 0 4 0
6.45592 2.35117 10 12 0
6.51801 2.37242 20 20 0
6.57163 2.39617 30 28 1
-5.40608 3.3406 1.13687e-13 1 0
-5.46012 3.3725 10 9 0
-5.50565 3.39809 20 17 0
-5.56254 3.4325 30 25 1
6.69199 -3.12639 0 5 0
6.75126 -3.1575 10 13 0
6.80845 -3.18546 20 21 0
6.86282 -3.2125 30 29 1
0.763807 5.12652 0 2 0
0.7725 5.17236 10 11 0
0.774631 5.21798 20 18 0
0.7775 5.26928 30 27 1
-5.07105 -5.08917 1.13687e-13 7 0
-5.1175 -5.1333 10 15 0
-5.16344 -5.18155 20 23 0
-5.2075 -5.22329 30 31 1
1.96112 -4.76722 1.13687e-13 6 0
1.97617 -4.80106 10 14 0
1.99359 -4.84561 20 22 0
2.00617 -4.88763 30 30 1
-4.19123 2.9875 10 9 0
-4.23295 3.01704 20 17 0
-4.27452 3.0425 30 25 1
-4.03973 2.6875 10 9 0
-4.07199 2.70683 20 17 0
-4.11301 2.7325 30 25 1
-3.1625 -3.63084 10 15 0
-3.19152 -3.6612 20 23 0
-3.2225 -3.69791 30 31 1
5.8825 6.19528 10 11 0
5.93536 6.24815 20 19 0
5.9825 6.30235 30 27 1
-2.07477 6.06071 0 2 0
-2.09617 6.11607 10 10 0
-2.11806 6.16524 20 18 0
-2.14117 6.22471 30 26 1
-0.694716 6.81852 -1.13687e-13 2 0
-0.701169 6.88482 10 10 0
-0.708246 6.94264 20 18 0
-0.716169 7.00588 30 26 1
4.42407 -5.47746 -2.27374e-13 5 0
4.46117 -5.52536 10 14 0
4.50227 -5.5748 20 21 0
4.54117 -5.62658 30 30 1
0.643303 -6.10644 -1.13687e-13 6 0
0.646169 -6.16514 10 14 0
0.651421 -6.2175 20 22 0
0.656169 -6.27413 30 30 1
0.073782 8.58238 -1.13687e-13 2 0
0.0725 8.65843 10 11 0
0.073782 8.73917 20 18 0
0.0725 8.82106 30 27 1
-0.299643 7.30195 0 2 0
-0.306169 7.36663 10 10 0
-0.310467 7.4326 20 18 0
-0.316169 7.49684 30 26 1
2.72023 7.07983 -1.13687e-13 2 0
2.7425 7.14236 10 11 0
2.76623 7.20396 20 18 0
2.7875 7.27221 30 27 1
4.89134 1.07085 1.13687e-13 4 0
4.93844 1.08117 10 12 0
4.97627 1.08979 20 20 0
5.02208 1.10117 30 28 1
-2.4248 5.09312 0 1 0
-2.45117 5.14171 10 10 0
-2.47304 5.18346 20 17 0
-2.49617 5.22914 30 26 1
1.96923 -5.66221 -1.13687e-13 6 0
1.98617 -5.71616 10 14 0
2.0017 -5.76674 20 22 0
2.01617 -5.81687 30 30 1
7.26275 -2.09244 1.13687e-13 4 0
7.32553 -2.1125 10 13 0
7.38034 -2.13033 20 20 0
7.44538 -2.1475 30 29 1
2.02065 -6.12604 0 6 0
2.03617 -6.18335 10 14 0
2.05312 -6.24363 20 22 0
2.07117 -6.29613 30 30 1
-4.24893 6.08683 1.13687e-13 1 0
-4.28617 6.14232 10 10 0
-4.32601 6.19452 20 17 0
-4.36617 6.25061 30 26 1
0.498621 6.47228 -1.13687e-13 2 0
0.5025 6.53577 10 11 0
0.504033 6.58987 20 18 0
0.5025 6.64891 30 27 1
-2.4049 7.31501 0 2 0
-2.42617 7.37238 10 10 0
-2.4536 7.44567 20 18 0
-2.47617 7.50723 30 26 1
0.226582 -4.86521 0 6 0
0.226169 -4.90368 10 14 0
0.229288 -4.95013 20 22 0
0.231169 -4.99353 30 30 1
2.09786 7.45873 -1.13687e-13 2 0
2.1125 7.51645 10 11 0
2.13033 7.58939 20 18 0
2.1475 7.65751 30 27 1
-2.02117 7.08052 10 10 0
-2.04229 7.14516 20 18 0
-2.06117 7.20537 30 26 1
-4.8499 3.59189 0 1 0
-4.89694 3.6225 10 9 0
-4.93912 3.6505 20 17 0
-4.99023 3.6875 30 25 1
-0.452619 -7.73311 0 6 0
-0.4575 -7.79892 10 15 0
-0.466149 -7.8703 20 22 0
-0.4725 -7.9412 30 31 1
-9.11154 -0.296937 0 0 0
-9.20011 -0.301169 10 8 0
-9.28139 -0.302349 20 16 0
-9.36774 -0.306169 30 24 1
4.84108 -5.28218 -2.27374e-13 5 0
4.88617 -5.33518 10 14 0
4.93234 -5.38493 20 21 1
-4.85787 -1.15617 10 8 0
-4.89787 -1.16556 20 16 0
-4.94858 -1.17617 30 24 1
-3.87821 3.5725 10 9 0
-3.91997 3.60719 20 17 0
-3.95735 3.6375 30 25 1
5.7157 4.77711 -1.13687e-13 3 0
5.76516 4.82117 10 12 0
5.81845 4.86838 20 19 0
5.8693 4.91117 30 28 1
5.36997 5.19675 -1.13687e-13 3 0
5.41441 5.24117 10 12 0
5.46236 5.28914 20 19 0
5.51441 5.34117 30 28 1
-8.62158 1.83267 0 0 0
-8.70102 1.8475 10 9 0
-8.77836 1.86514 20 16 0
-8.8633 1.8825 30 25 1
1.3023 6.98837 -1.13687e-13 2 0
1.3125 7.05586 10 11 0
1.32395 7.11903 20 18 0
1.3325 7.18193 30 27 1
1.2305 -5.61648 -1.13687e-13 6 0
1.24117 -5.67119 10 14 0
1.24674 -5.72101 20 22 0
1.25617 -5.77105 30 30 1
-7.70698 -0.148108 1.13687e-13 0 0
-7.77732 -0.151169 10 8 0
-7.8507 -0.15352 20 16 0
-7.92374 -0.156169 30 24 1
-7.92256 -0.951785 0 0 0
-7.99335 -0.961169 10 8 0
-8.07282 -0.970726 20 16 0
-8.14062 -0.981169 30 24 1
2.20195 -7.79191 -1.13687e-13 6 0
2.22117 -7.86742 10 14 0
2.23713 -7.9291 20 22 0
2.25617 -8.00848 30 30 1
1.70008 4.95667 -1.13687e-13 2 0
1.7125 5.0022 10 11 0
1.72714 5.04813 20 18 0
1.7425 5.09584 30 27 1
4.31992 4.17731 -1.13687e-13 3 0
4.35613 4.21117 10 12 0
4.39383 4.25122 20 19 0
4.42405 4.28617 30 28 1
3.14361 -3.11784 -1.13687e-13 5 0
3.16537 -3.1425 10 13 0
3.19251 -3.17056 20 21 0
3.22537 -3.2025 30 29 1
-7.6524 4.59578 1.13687e-13 1 0
-7.72421 4.6325 10 9 0
-7.79388 4.67603 20 17 0
-7.86578 4.7175 30 25 1
-7.80016 3.29317 2.27374e-13 1 0
-7.87792 3.3225 10 9 0
-7.94771 3.34888 20 17 0
-8.01777 3.3775 30 25 1
-5.18901 -6.3016 0 7 0
-5.2375 -6.35638 10 15 0
-5.29222 -6.42011 20 23 0
-5.3375 -6.47052 30 31 1
-7.25622 -0.291525 0 0 0
-7.32835 -0.296169 10 8 0
-7.39341 -0.299643 20 16 0
-7.4677 -0.301169 30 24 1
2.1803 -6.2763 0 6 0
2.19617 -6.32921 10 14 0
2.21277 -6.39389 20 22 0
2.23117 -6.44906 30 30 1
-3.73585 -7.58845 0 7 0
-3.7675 -7.65117 10 15 0
-3.80304 -7.72452 20 23 0
-3.8425 -7.79688 30 31 1
3.67866 6.28754 0 3 0
3.7125 6.35166 10 11 0
3.74426 6.40672 20 19 0
3.7775 6.46616 30 27 1
1.49027 -4.53203 1.13687e-13 6 0
1.50117 -4.56648 10 14 0
1.51192 -4.61043 20 22 0
1.52117 -4.65012 30 30 1
-2.2675 -7.14112 10 15 0
-2.28998 -7.20396 20 22 0
-2.3125 -7.2639 30 31 1
-2.7987 -8.31453 0 6 0
-2.8275 -8.39408 10 15 0
-2.85282 -8.47132 20 22 0
-2.8825 -8.54808 30 31 1
0.342939 -4.75415 0 6 0
0.346169 -4.79741 10 14 0
0.345645 -4.83908 20 22 0
0.346169 -4.88226 30 30 1
3.69713 -4.31044 -2.27374e-13 5 0
3.73117 -4.34989 10 14 0
3.76339 -4.39201 20 21 0
3.79617 -4.4361 30 30 1
-5.79287 0.769219 0 0 0
-5.84911 0.7775 10 9 0
-5.90392 0.782749 20 16 0
-5.9581 0.7875 30 25 1
-4.63678 1.5875 10 9 0
-4.68229 1.60266 20 16 0
-4.72335 1.6175 30 25 1
4.15353 2.9394 -1.13687e-13 3 0
4.193 2.96617 10 12 0
4.22315 2.98989 20 19 0
4.26214 3.02117 30 28 1
0.774631 5.51849 0 2 0
0.7825 5.57834 10 11 0
0.785455 5.62301 20 18 0
0.7875 5.66819 30 27 1
3.9247 -7.15939 0 5 0
3.95617 -7.22654 10 14 0
3.98918 -7.28893 20 21 0
4.02117 -7.35518 30 30 1
5.10131 -2.4975 10 13 0
5.14688 -2.51886 20 21 0
5.1958 -2.5425 30 29 1
0.616243 -8.07935 -1.13687e-13 6 0
0.616169 -8.15039 10 14 0
0.618949 -8.22961 20 22 0
0.621169 -8.29681 30 30 1
-1.83935 4.96973 0 2 0
-1.85617 5.0134 10 10 0
-1.87723 5.06119 20 18 0
-1.89617 5.10997 30 26 1
5.17878 -0.796279 1.13687e-13 4 0
5.23064 -0.8025 10 13 0
5.27677 -0.809809 20 20 0
5.31635 -0.8175 30 29 1
-7.18436 -0.802956 -1.13687e-13 0 0
-7.24938 -0.811169 10 8 0
-7.31501 -0.819192 20 16 0
-7.38458 -0.826169 30 24 1
1.1425 4.6514 10 11 0
1.15347 4.69535 20 18 0
1.1625 4.73504 30 27 1
6.21097 -0.596036 2.27374e-13 4 0
6.26808 -0.6025 10 13 0
6.32203 -0.604154 20 20 0
6.37707 -0.6125 30 29 1
-4.25984 -2.65117 10 8 0
-4.30475 -2.67732 20 23 0
-4.34519 -2.70117 30 24 1
2.59498 -3.58332 1.13687e-13 5 0
2.61617 -3.61672 10 14 0
2.63622 -3.6437 20 21 0
2.65617 -3.67794 30 30 1
1.60934 -4.97627 -1.13687e-13 6 0
1.62117 -5.01882 10 14 0
1.63369 -5.06119 20 22 0
1.64617 -5.11453 30 30 1
-2.7225 -5.6445 10 15 0
-2.74616 -5.69563 20 23 0
-2.7725 -5.744 30 31 1
1.1412 -6.00192 0 6 0
1.15117 -6.05495 10 14 0
1.15744 -6.10644 20 22 0
1.16617 -6.16188 30 30 1
3.3957 6.12704 0 3 0
3.4225 6.18187 10 11 0
3.45206 6.23698 20 19 0
3.4825 6.29844 30 27 1
0.539211 4.84561 -1.13687e-13 2 0
0.5425 4.88579 10 11 0
0.547329 4.93054 20 18 0
0.5525 4.98064 30 27 1
5.21008 -2.3448 -1.13687e-13 5 0
5.25415 -2.3675 10 13 0
5.29771 -2.38651 20 21 0
5.34865 -2.4125 30 29 1
0.13999 -4.5647 -1.13687e-13 6 0
0.136169 -4.60155 10 14 0
0.134578 -4.64309 20 22 0
0.136169 -4.6864 30 30 1
4.68743 -3.42177 0 5 0
4.72694 -3.4525 10 13 0
4.76629 -3.48149 20 21 0
4.80816 -3.5125 30 29 1
-4.36016 7.36141 0 1 0
-4.40117 7.43112 10 10 0
-4.44153 7.49253 20 17 0
-4.48117 7.56062 30 26 1
-3.4975 -5.33763 10 15 0
-3.53361 -5.38861 20 23 0
-3.5675 -5.44299 30 31 1
-6.20443 0.06837 0 0 0
-6.26341 0.0675 10 9 0
-6.32203 0.06837 20 16 0
-6.37655 0.0675 30 25 1
6.78072 3.32407 -1.13687e-13 3 0
6.84074 3.35117 10 12 0
6.89719 3.38313 20 19 0
6.96231 3.41617 30 28 1
-2.30117 6.87968 10 10 0
-2.32642 6.94264 20 18 0
-2.34617 7.00247 30 26 1
-6.41348 2.17362 -1.13687e-13 0 0
-6.47215 2.1925 10 9 0
-6.53108 2.21151 20 16 0
-6.597 2.2325 30 25 1
-1.68384 -4.9828 -1.13687e-13 6 0
-1.6975 -5.02963 10 15 0
-1.71631 -5.07426 20 22 0
-1.7325 -5.11412 30 31 1
-2.31617 7.26945 10 10 0
-2.33725 7.33461 20 18 0
-2.36117 7.3993 30 26 1
-4.8407 0.2075 10 9 0
-4.88481 0.209081 20 16 0
-4.93763 0.2125 30 25 1
7.13863 2.6782 1.13687e-13 4 0
7.19483 2.70117 10 12 0
7.26275 2.72961 20 20 0
7.32261 2.75117 30 28 1
-0.7625 -8.15342 10 15 0
-0.771925 -8.22961 20 22 0
-0.7825 -8.3007 30 31 1
5.00842 -5.28114 -1.13687e-13 5 0
5.05117 -5.33048 10 14 0
5.09045 -5.37465 20 21 0
5.13617 -5.42255 30 30 1
-5.36848 4.25589 0 1 0
-5.41845 4.2925 10 9 0
-5.46964 4.33026 20 17 0
-5.52174 4.3675 30 25 1
6.53252 -4.88417 0 5 0
6.58878 -4.9325 10 13 0
6.64563 -4.97432 20 21 0
6.70207 -5.0175 30 29 1
-3.93129 -7.4854 0 7 0
-3.9675 -7.55418 10 15 0
-4.0023 -7.61764 20 23 0
-4.0425 -7.68575 30 31 1
-0.673069 7.72005 1.13687e-13 2 0
-0.681169 7.78406 10 10 0
-0.689305 7.8507 20 18 0
-0.696169 7.92634 30 26 1
-6.10977 -3.31134 -1.13687e-13 7 0
-6.17313 -3.34117 10 8 0
-6.22624 -3.37041 20 23 0
-6.2897 -3.40117 30 24 1
5.53998 -5.79357 0 5 0
5.59117 -5.84926 10 14 0
5.63778 -5.89902 20 21 0
5.68617 -5.95133 30 30 1
-3.27604 -7.32764 -1.13687e-13 7 0
-3.3075 -7.39623 10 15 0
-3.3394 -7.46753 20 23 0
-3.3725 -7.53194 30 31 1
7.5306 2.52125 1.13687e-13 4 0
7.59845 2.54617 10 12 0
7.66779 2.56726 20 20 0
7.73537 2.59117 30 28 1
-4.35463 3.9075 10 9 0
-4.40189 3.94752 20 17 0
-4.43877 3.9775 30 25 1
-2.8625 -6.33605 10 15 0
-2.88908 -6.39345 20 23 0
-2.9225 -6.45262 30 31 1
4.79749 5.25186 -2.27374e-13 3 0
4.8375 5.29877 10 11 0
4.87569 5.3492 20 19 0
4.9175 5.39291 30 27 1
4.62349 0.694716 0 4 0
4.6645 0.701169 10 12 0
4.70189 0.70554 20 20 0
4.74521 0.711169 30 28 1
-1.42136 -6.57027 -1.13687e-13 6 0
-1.4375 -6.62932 10 15 0
-1.44842 -6.68786 20 22 0
-1.4675 -6.75124 30 31 1
5.84675 -5.82863 -1.13687e-13 5 0
5.89329 -5.8775 10 13 0
5.94837 -5.93026 20 21 0
5.99829 -5.9825 30 29 1
1.30356 -6.31549 0 6 0
1.31117 -6.37052 10 14 0
1.3225 -6.42655 20 22 0
1.33117 -6.48244 30 30 1
-1.67969 5.8386 0 2 0
-1.70117 5.89078 10 10 0
-1.71758 5.94312 20 18 0
-1.73617 6.00356 30 26 1
-4.85696 -0.151169 10 8 0
-4.9044 -0.156226 20 16 0
-4.94682 -0.156169 30 24 1
-0.985697 -7.13863 0 6 0
-0.9975 -7.20048 10 15 0
-1.01005 -7.26275 20 22 0
-1.0175 -7.32655 30 31 1
-5.17788 -6.56217 0 7 0
-5.2275 -6.62215 10 15 0
-5.27726 -6.68452 20 23 0
-5.3275 -6.74337 30 31 1
-3.3175 -3.68685 10 15 0
-3.35214 -3.72232 20 23 0
-3.3825 -3.75185 30 31 1
3.4742 2.81496 0 3 0
3.50231 2.84117 10 12 0
3.53346 2.86657 20 19 0
3.55938 2.89117 30 28 1
4.70189 0.922019 1.13687e-13 4 0
4.74601 0.931169 10 12 0
4.78028 0.938255 20 20 0
4.82465 0.946169 30 28 1
-2.30287 4.48518 1.13687e-13 1 0
-2.32617 4.52174 10 10 0
-2.35223 4.56516 20 17 0
-2.37117 4.60209 30 26 1
-5.66874 -0.0236333 1.13687e-13 0 0
-5.72191 -0.0261686 10 8 0
-5.7798 -0.0263393 20 16 0
-5.82798 -0.0261686 30 24 1
7.36074 -1.82455 1.13687e-13 4 0
7.4303 -1.8425 10 13 0
7.4914 -1.85702 20 20 0
7.55929 -1.8725 30 29 1
-0.495915 -8.69997 -1.13687e-13 6 0
-0.5025 -8.7773 10 15 0
-0.509445 -8.85022 20 22 0
-0.5175 -8.93372 30 31 1
-7.89643 -2.61867 1.13687e-13 0 0
-7.96922 -2.64117 10 8 0
-8.04669 -2.67008 20 16 0
-8.11821 -2.69117 30 24 1
-2.57961 -4.14377 1.13687e-13 7 0
-2.6075 -4.186 10 15 0
-2.6328 -4.21992 20 23 0
-2.6625 -4.26221 30 31 1
-4.6961 -5.62117 1.13687e-13 7 0
-4.7375 -5.67253 10 15 0
-4.78737 -5.72392 20 23 0
-4.8275 -5.7696 30 31 1
-3.0975 -5.55988 10 15 0
-3.12742 -5.61002 20 23 0
-3.1575 -5.65524 30 31 1
4.74255 -2.84928 0 5 0
4.78127 -2.8775 10 13 0
4.82253 -2.89865 20 21 0
4.86663 -2.9275 30 29 1
0.585212 6.06725 -1.13687e-13 2 0
0.5875 6.11873 10 11 0
0.590624 6.17177 20 18 0
0.5975 6.22772 30 27 1
2.52 3.84307 0 3 0
2.5425 3.88058 10 11 0
2.56666 3.91651 20 19 0
2.5875 3.95387 30 27 1
4.36039 6.70522 -2.27374e-13 3 0
4.3975 6.76796 10 11 0
4.43253 6.82711 20 19 1
4.82601 0.231994 1.13687e-13 4 0
4.86418 0.236169 10 12 0
4.91094 0.240112 20 20 0
4.94696 0.241169 30 28 1
-5.50239 2.29269 0 1 0
-5.5477 2.3075 10 9 0
-5.60421 2.32946 20 17 0
-5.65134 2.3475 30 25 1
1.20615 -6.57681 -1.13687e-13 6 0
1.21617 -6.63614 10 14 0
1.22238 -6.6944 20 22 0
1.23117 -6.75014 30 30 1
6.94918 1.41451 1.13687e-13 4 0
7.00878 1.42617 10 12 0
7.0733 1.43886 20 20 0
7.1307 1.45617 30 28 1
5.35009 4.18189 -2.27374e-13 3 0
5.3985 4.22117 10 12 0
5.44089 4.25738 20 19 0
5.49264 4.30117 30 28 1
-2.59617 5.50591 10 10 0
-2.62728 5.55583 20 17 0
-2.65117 5.60334 30 26 1
3.93241 7.47504 -1.13687e-13 3 0
3.9675 7.54711 10 11 0
3.9996 7.61111 20 19 0
4.0325 7.67575 30 27 1
5.50542 -1.79208 1.13687e-13 4 0
5.54975 -1.8075 10 13 0
5.59688 -1.82455 20 20 0
5.64839 -1.8425 30 29 1
4.7201 -6.558 -1.13687e-13 5 0
4.76117 -6.61732 10 14 0
4.8026 -6.67877 20 21 0
4.84117 -6.73975 30 30 1
3.09065 -3.51262 -1.13687e-13 5 0
3.11617 -3.54397 10 14 0
3.14497 -3.57842 20 21 0
3.17117 -3.60604 30 30 1
-6.16606 -6.387 1.13687e-13 7 0
-6.2275 -6.44836 10 15 0
-6.28617 -6.5071 20 23 0
-6.3425 -6.56336 30 31 1
-1.65805 6.08684 0 2 0
-1.67617 6.14155 10 10 0
-1.69322 6.1979 20 18 0
-1.71117 6.24726 30 26 1
-8.63464 0.750277 2.27374e-13 0 0
-8.7141 0.7575 10 9 0
-8.79143 0.761101 20 16 0
-8.8776 0.7725 30 25 1
0.00883847 4.53203 0 2 0
0.0075 4.57706 10 11 0
0.0034265 4.61043 20 18 0
0.0025 4.65692 30 27 1
2.41615 4.67679 -1.13687e-13 3 0
2.4325 4.71811 10 11 0
2.45786 4.76442 20 19 0
2.4725 4.80053 30 27 1
1.46051 -5.23105 0 6 0
1.47117 -5.28601 10 14 0
1.48216 -5.33557 20 22 0
1.49117 -5.37672 30 30 1
6.6356 -1.73525 2.27374e-13 4 0
6.69683 -1.7525 10 13 0
6.75319 -1.76773 20 20 0
6.81168 -1.7825 30 29 1
5.48888 2.96215 0 3 0
5.53322 2.99117 10 12 0
5.58193 3.01693 20 19 0
5.63064 3.04617 30 28 1
5.99982 4.54843 -2.27374e-13 3 0
6.05134 4.59117 10 12 0
6.10369 4.62933 20 19 0
6.15256 4.67117 30 28 1
1.67302 6.79892 0 2 0
1.6825 6.86017 10 11 0
1.69737 6.92304 20 18 1
5.63723 4.58766 0 3 0
5.68829 4.63117 10 12 0
5.73727 4.67239 20 19 0
5.78744 4.71617 30 28 1
-6.11951 -2.28313 0 0 0
-6.17758 -2.30617 10 8 0
-6.2371 -2.32642 20 16 0
-6.28829 -2.34617 30 24 1
2.89738 -7.8899 -1.13687e-13 6 0
2.92117 -7.9593 10 14 0
2.94609 -8.03362 20 22 0
2.97117 -8.1083 30 30 1
-2.41332 -3.97747 1.13687e-13 7 0
-2.4375 -4.016 10 15 0
-2.45997 -4.05092 20 23 0
-2.4875 -4.08721 30 31 1
-6.78586 -1.83935 1.13687e-13 0 0
-6.84481 -1.85617 10 8 0
-6.90998 -1.87452 20 16 0
-6.9788 -1.89117 30 24 1
-4.73042 -0.576169 10 8 0
-4.78028 -0.581065 20 16 0
-4.8182 -0.586169 30 24 1
-7.21299 3.7048 -1.13687e-13 1 0
-7.28176 3.7375 10 9 0
-7.34906 3.77199 20 17 1
6.36122 -1.3943 0 4 0
6.42254 -1.4075 10 13 0
6.47228 -1.41865 20 20 0
6.53239 -1.4325 30 29 1
4.85897 -2.37255 -1.13687e-13 5 0
4.90438 -2.3925 10 13 0
4.94007 -2.41155 20 21 0
4.98474 -2.4375 30 29 1
-5.98259 4.13143 0 1 0
-6.04299 4.1675 10 9 0
-6.09141 4.19815 20 17 0
-6.15541 4.2375 30 25 1
2.15865 -5.68834 1.13687e-13 6 0
2.17617 -5.73645 10 14 0
2.19112 -5.79287 20 22 0
2.21117 -5.84216 30 30 1
-5.27404 -0.561169 10 8 0
-5.32904 -0.570241 20 16 0
-5.38096 -0.576169 30 24 1
4.33605 0.315879 1.13687e-13 4 0
4.37643 0.321169 10 12 0
4.40791 0.323997 20 20 0
4.44507 0.326169 30 28 1
-7.64045 -3.45288 1.13687e-13 7 0
-7.71113 -3.48617 10 8 0
-7.78688 -3.51894 20 23 0
-7.86098 -3.55117 30 24 1
-7.00797 1.19676 1.13687e-13 0 0
-7.07107 1.2075 10 9 0
-7.13209 1.21571 20 16 0
-7.1992 1.2225 30 25 1
6.51148 0.594595 0 4 0
6.56561 0.601169 10 12 0
6.62907 0.605419 20 20 0
6.68168 0.611169 30 28 1
1.20759 8.65424 -1.13687e-13 2 0
1.2175 8.7357 10 11 0
1.22653 8.81756 20 18 0
1.2325 8.89212 30 27 1
-4.12271 3.7675 10 9 0
-4.16196 3.79943 20 17 0
-4.20185 3.8325 30 25 1
4.80641 1.7717 0 4 0
4.84441 1.78617 10 12 0
4.88481 1.80417 20 20 0
4.9289 1.82117 30 28 1
-7.27785 -4.78556 1.13687e-13 7 0
-7.347 -4.82617 10 8 0
-7.4155 -4.86964 20 23 0
-7.4865 -4.91617 30 24 1
-2.83117 6.01668 10 10 0
-2.85524 6.06697 20 17 0
-2.88617 6.12825 30 26 1
4.62151 3.75562 0 3 0
4.65945 3.78617 10 12 0
4.70307 3.82188 20 19 0
4.74359 3.85617 30 28 1
-0.309202 -4.78681 1.13687e-13 6 0
-0.3125 -4.82549 10 15 0
-0.31732 -4.87174 20 22 0
-0.3225 -4.91328 30 31 1
6.61788 -3.11735 -2.27374e-13 5 0
6.67762 -3.1475 10 13 0
6.73165 -3.16988 20 21 1
7.27523 -3.85506 0 5 0
7.33983 -3.8875 10 13 0
7.40747 -3.92607 20 21 0
7.4664 -3.9575 30 29 1
-6.67726 -4.94268 1.13687e-13 7 0
-6.74333 -4.98617 10 8 0
-6.79802 -5.02518 20 23 0
-6.86868 -5.07617 30 24 1
-6.17257 5.68758 2.27374e-13 1 0
-6.23206 5.7425 10 9 0
-6.29109 5.79079 20 17 0
-6.3462 5.8425 30 25 1
-0.673069 5.47276 -1.13687e-13 2 0
-0.681169 5.52131 10 10 0
-0.69201 5.57075 20 18 0
-0.701169 5.6191 30 26 1
1.93406 -5.28984 0 6 0
1.94617 -5.33675 10 14 0
1.96382 -5.38783 20 22 0
1.97617 -5.43746 30 30 1
1.57831 8.02056 -1.13687e-13 2 0
1.5925 8.09953 10 11 0
1.60266 8.17081 20 18 0
1.6175 8.24474 30 27 1
0.901812 4.89787 -1.13687e-13 2 0
0.9075 4.93966 10 11 0
0.918048 4.98933 20 18 0
0.9225 5.03244 30 27 1
5.33557 1.42804 2.27374e-13 4 0
5.38329 1.44117 10 12 0
5.42703 1.4551 20 20 0
5.47693 1.47117 30 28 1
-0.877458 -4.86521 0 6 0
-0.8875 -4.90552 10 15 0
-0.8964 -4.95013 20 22 0
-0.9075 -4.99623 30 31 1
-4.734 -4.41918 1.13687e-13 7 0
-4.77583 -4.46117 10 8 0
-4.82098 -4.49851 20 23 0
-4.86997 -4.54117 30 24 1
6.20443 1.03026 0 4 0
6.25608 1.04117 10 12 0
6.31549 1.0492 20 20 0
6.36801 1.06117 30 28 1
5.4411 -6.23428 -1.13687e-13 5 0
5.48617 -6.28873 10 14 0
5.53778 -6.35009 20 21 0
5.58117 -6.40495 30 30 1
-5.39046 3.64262 0 1 0
-5.43985 3.6775 10 9 0
-5.49275 3.70663 20 17 0
-5.5402 3.7425 30 25 1
3.10731 -3.04327 -1.13687e-13 5 0
3.13279 -3.0675 10 13 0
3.15621 -3.096 20 21 1
-1.03026 5.02853 -1.13687e-13 2 0
-1.04117 5.07521 10 10 0
-1.05191 5.11999 20 18 0
-1.06617 5.17092 30 26 1
2.25337 4.79337 -1.13687e-13 3 0
2.2725 4.83388 10 11 0
2.28855 4.8783 20 19 0
2.3125 4.92338 30 27 1
-6.22073 -4.49381 0 7 0
-6.28126 -4.53117 10 8 0
-6.33879 -4.56977 20 23 0
-6.39661 -4.61117 30 24 1
-4.13746 -6.33687 0 7 0
-4.1825 -6.3974 10 15 0
-4.21725 -6.4511 20 23 0
-4.2575 -6.50775 30 31 1
7.46527 2.1803 1.13687e-13 4 0
7.53629 2.20117 10 12 0
7.59592 2.21818 20 20 0
7.66114 2.24117 30 28 1
6.5964 -2.50375 1.13687e-13 4 0
6.65159 -2.5275 10 13 0
6.70746 -2.54975 20 20 0
6.76022 -2.5725 30 29 1
1.7575 7.43722 10 11 0
1.77043 7.50446 20 18 0
1.7825 7.56829 30 27 1
4.31445 2.71381 -1.13687e-13 3 0
4.35691 2.74117 10 12 0
4.3906 2.767 20 19 0
4.42812 2.79117 30 28 1
-1.80146 5.97579 -1.13687e-13 2 0
-1.82117 6.03199 10 10 0
-1.83935 6.08031 20 18 0
-1.85617 6.1377 30 26 1
3.75338 -4.64222 0 5 0
3.78117 -4.68273 10 14 0
3.8131 -4.72108 20 21 0
3.84617 -4.76187 30 30 1
-2.50916 -8.13815 0 6 0
-2.5325 -8.21222 10 15 0
-2.55787 -8.28187 20 22 0
-2.5875 -8.35914 30 31 1
6.0833 3.96605 -2.27374e-13 3 0
6.14017 4.00117 10 12 0
6.19483 4.0393 20 19 0
6.25052 4.07617 30 28 1
-4.47025 4.60903 2.27374e-13 1 0
-4.51617 4.65405 10 10 0
-4.55993 4.69489 20 17 0
-4.60117 4.73905 30 26 1
5.23284 3.46765 0 3 0
5.27954 3.50117 10 12 0
5.32476 3.53278 20 19 0
5.37283 3.56617 30 28 1
-1.78937 -8.60851 -1.13687e-13 6 0
-1.8075 -8.6893 10 15 0
-1.82726 -8.7653 20 22 0
-1.8475 -8.84244 30 31 1
-5.72162 3.35766 0 1 0
-5.7771 3.3925 10 9 0
-5.82773 3.41784 20 17 0
-5.8866 3.4525 30 25 1
3.25388 6.71232 -1.13687e-13 3 0
3.2775 6.77226 10 11 0
3.30259 6.82991 20 19 0
3.3325 6.8909 30 27 1
6.17065 -4.12814 0 5 0
6.22683 -4.1675 10 13 0
6.27835 -4.20522 20 21 0
6.33012 -4.2425 30 29 1
-6.82458 -5.44208 0 7 0
-6.8877 -5.49117 10 8 0
-6.95346 -5.54417 20 23 0
-7.01599 -5.59117 30 24 1
2.86074 6.02452 -1.13687e-13 3 0
2.8825 6.08028 10 11 0
2.90675 6.13557 20 19 0
2.9325 6.19391 30 27 1
-3.29562 -6.42113 0 7 0
-3.3275 -6.47578 10 15 0
-3.35852 -6.53377 20 23 0
-3.3925 -6.59028 30 31 1
-5.62301 2.12762 1.13687e-13 0 0
-5.67054 2.1475 10 9 0
-5.72754 2.1655 20 16 0
-5.77626 2.1825 30 25 1
2.30332 -3.59781 0 5 0
2.32117 -3.62578 10 14 0
2.34074 -3.66202 20 21 0
2.36117 -3.70114 30 30 1
1.62287 -6.51148 -2.27374e-13 6 0
1.63617 -6.56824 10 14 0
1.64452 -6.62907 20 22 0
1.65617 -6.68016 30 30 1
1.86617 -4.40115 10 14 0
1.88439 -4.44173 20 21 0
1.89617 -4.48064 30 30 1
-5.80593 -0.74613 0 0 0
-5.86502 -0.756169 10 8 0
-5.91699 -0.75966 20 16 0
-5.96694 -0.766169 30 24 1
3.04832 -3.08378 -1.13687e-13 5 0
3.07117 -3.11006 10 14 0
3.09722 -3.13651 20 21 0
3.12117 -3.16006 30 30 1
-7.24315 -2.64032 0 0 0
-7.3154 -2.66617 10 8 0
-7.38687 -2.68902 20 16 0
-7.45025 -2.71617 30 24 1
7.54366 2.29936 1.13687e-13 4 0
7.60679 2.32117 10 12 0
7.67432 2.34266 20 20 0
7.73872 2.36117 30 28 1
3.65162 2.72068 -2.27374e-13 3 0
3.68309 2.74617 10 12 0
3.71471 2.76846 20 19 0
3.74723 2.79617 30 28 1
-0.81378 4.95013 1.13687e-13 2 0
-0.826169 5.00163 10 10 0
-0.835427 5.04159 20 18 0
-0.841169 5.08734 30 26 1
2.28727 5.7602 -1.13687e-13 2 0
2.3075 5.80933 10 11 0
2.32516 5.86473 20 18 0
2.3425 5.91504 30 27 1
-1.03026 7.44567 0 2 0
-1.04117 7.51473 10 10 0
-1.0492 7.58286 20 18 0
-1.06117 7.64787 30 26 1
5.05258 -6.19782 -1.13687e-13 5 0
5.09617 -6.25229 10 14 0
5.13619 -6.30822 20 21 0
5.18117 -6.36557 30 30 1
-3.41546 -6.44912 0 7 0
-3.4525 -6.50885 10 15 0
-3.48488 -6.56447 20 23 0
-3.5175 -6.62335 30 31 1
0.715099 4.55163 -1.13687e-13 2 0
0.7175 4.5941 10 11 0
0.723217 4.63656 20 18 0
0.7275 4.68188 30 27 1
7.06023 -2.85824 1.13687e-13 4 0
7.11265 -2.8825 10 13 0
7.17782 -2.91236 20 20 0
7.23836 -2.9375 30 29 1
1.21029 5.72101 0 2 0
1.2175 5.77292 10 11 0
1.22924 5.83206 20 18 0
1.2375 5.87777 30 27 1
6.70093 0.326703 1.13687e-13 4 0
6.7623 0.331169 10 12 0
6.82505 0.334821 20 20 0
6.88044 0.336169 30 28 1
-8.67384 -1.24132 0 0 0
-8.75711 -1.25117 10 8 0
-8.83716 -1.26568 20 16 0
-8.91646 -1.27617 30 24 1
-4.28775 -6.02029 0 7 0
-4.3275 -6.07571 10 15 0
-4.37136 -6.13069 20 23 0
-4.4125 -6.18899 30 31 1
6.92304 -0.8964 0 4 0
6.9782 -0.9025 10 13 0
7.04064 -0.912636 20 20 0
7.09927 -0.9175 30 29 1
-5.89363 -4.33126 -2.27374e-13 7 0
-5.94448 -4.37117 10 8 0
-6.00132 -4.40834 20 23 0
-6.05984 -4.45117 30 24 1
1.351 8.63464 -1.13687e-13 2 0
1.3625 8.71099 10 11 0
1.36995 8.7849 20 18 0
1.3775 8.86741 30 27 1
6.26407 -3.13856 -1.13687e-13 5 0
6.32285 -3.1675 10 13 0
6.37401 -3.19493 20 21 0
6.43235 -3.2275 30 29 1
3.8493 7.01307 -1.13687e-13 3 0
3.8825 7.0732 10 11 0
3.9176 7.13878 20 19 0
3.9475 7.20184 30 27 1
-7.33461 0.103548 1.13687e-13 0 0
-7.40857 0.1025 10 9 0
-7.47833 0.103548 20 16 0
-7.54292 0.1025 30 25 1
4.95013 0.294231 0 4 0
4.99489 0.296169 10 12 0
5.03506 0.302349 20 20 0
5.07767 0.301169 30 28 1
-5.32291 -6.54648 -1.13687e-13 7 0
-5.3725 -6.60452 10 15 0
-5.41959 -6.66229 20 23 0
-5.4725 -6.72573 30 31 1
-1.08167 6.1979 -1.13687e-13 2 0
-1.09617 6.25451 10 10 0
-1.10603 6.30896 20 18 0
-1.11617 6.36644 30 26 1
4.56443 2.23287 0 3 0
4.6023 2.25117 10 12 0
4.64553 2.27187 20 19 0
4.68265 2.29617 30 28 1
-2.17391 4.22611 1.13687e-13 1 0
-2.19617 4.26446 10 10 0
-2.22057 4.29956 20 17 0
-2.24117 4.33774 30 26 1
7.35421 0.332115 2.27374e-13 4 0
7.42491 0.336169 10 12 0
7.48487 0.337527 20 20 0
7.55012 0.341169 30 28 1
-2.64931 -4.35123 0 7 0
-2.6775 -4.39035 10 15 0
-2.7025 -4.42739 20 23 0
-2.7275 -4.46864 30 31 1
-4.86168 5.50178 0 1 0
-4.91117 5.5511 10 10 0
-4.95678 5.60071 20 17 0
-5.00117 5.64817 30 26 1
-3.69117 5.21498 10 10 0
-3.72757 5.25932 20 17 0
-3.76117 5.3062 30 26 1
6.01498 1.28191 1.13687e-13 4 0
6.0606 1.29117 10 12 0
6.11951 1.30356 20 20 0
6.17046 1.31617 30 28 1
-1.89347 8.23614 0 2 0
-1.91617 8.31195 10 10 0
-1.93406 8.38639 20 18 0
-1.95117 8.46009 30 26 1
-5.02403 -3.852 -1.13687e-13 7 0
-5.07057 -3.88617 10 8 0
-5.11866 -3.92366 20 23 0
-5.16179 -3.95617 30 24 1
3.92498 7.03901 0 3 0
3.9575 7.09871 10 11 0
3.996 7.17125 20 19 0
4.0275 7.23235 30 27 1
-2.4125 -5.7517 10 15 0
-2.44059 -5.80719 20 23 0
-2.4625 -5.85827 30 31 1
-6.5159 -3.84757 1.13687e-13 7 0
-6.58378 -3.88617 10 8 0
-6.64431 -3.92241 20 23 0
-6.70328 -3.95617 30 24 1
-8.7457 2.08974 0 0 0
-8.82667 2.1075 10 9 0
-8.90902 2.12492 20 16 0
-8.98895 2.1425 30 25 1
0.517563 6.20443 -1.13687e-13 2 0
0.5225 6.25879 10 11 0
0.525681 6.31549 20 18 0
0.5275 6.36985 30 27 1
0.380823 -8.64771 1.13687e-13 6 0
0.381169 -8.72149 10 14 0
0.380823 -8.80449 20 22 0
0.381169 -8.87706 30 30 1
0.51071 -8.36026 -1.13687e-13 6 0
0.511169 -8.4343 10 14 0
0.516122 -8.50399 20 22 0
0.516169 -8.58072 30 30 1
-6.38082 1.6189 0 0 0
-6.44248 1.6325 10 9 0
-6.49841 1.64596 20 16 0
-6.5644 1.6625 30 25 1
3.84481 1.72372 -3.41061e-13 3 0
3.88017 1.74117 10 12 0
3.91284 1.75732 20 19 0
3.94345 1.77617 30 28 1
7.76578 -1.52148 0 4 0
7.83447 -1.5325 10 13 0
7.9095 -1.54854 20 20 0
7.97054 -1.5625 30 29 1
-3.18415 -6.88368 1.13687e-13 7 0
-3.2125 -6.94061 10 15 0
-3.24592 -7.00668 20 23 0
-3.2775 -7.06924 30 31 1
1.85432 6.46575 0 2 0
1.8675 6.52192 10 11 0
1.88408 6.58987 20 18 0
1.8975 6.64384 30 27 1
3.04617 3.04898 0 3 0
3.0725 3.07415 10 11 0
3.09777 3.10824 20 19 1
4.43559 -6.00179 1.13687e-13 5 0
4.47617 -6.05655 10 14 0
4.51538 -6.11601 20 21 0
4.55117 -6.16691 30 30 1
-6.16001 3.12252 -1.13687e-13 1 0
-6.218 3.1475 10 9 0
-6.27377 3.17506 20 17 0
-6.33456 3.2075 30 25 1
-5.60995 0.899106 0 0 0
-5.66091 0.9075 10 9 0
-5.71447 0.915342 20 16 0
-5.76783 0.9225 30 25 1
5.08079 1.78252 0 4 0
5.12104 1.80117 10 12 0
5.16572 1.8177 20 20 0
5.2076 1.83117 30 28 1
-2.31433 -7.40647 -1.13687e-13 6 0
-2.3375 -7.46568 10 15 0
-2.36304 -7.53713 20 22 0
-2.3825 -7.6026 30 31 1
-6.3996 6.14422 0 1 0
-6.46578 6.2025 10 9 0
-6.52353 6.2605 20 17 0
-6.58285 6.3125 30 25 1
-3.80681 -3.09617 10 8 0
-3.84011 -3.12348 20 23 0
-3.87595 -3.15117 30 24 1
0.597301 -6.23057 -1.13687e-13 6 0
0.601169 -6.28984 10 14 0
0.602713 -6.34816 20 22 0
0.606169 -6.40798 30 30 1
6.21097 0.545888 1.13687e-13 4 0
6.26106 0.551169 10 12 0
6.31549 0.556711 20 20 0
6.37005 0.561169 30 28 1
-8.88289 0.338968 0 0 0
-8.97086 0.3425 10 9 0
-9.04621 0.341674 20 16 0
-9.13349 0.3425 30 25 1
-8.05975 -2.56726 2.27374e-13 0 0
-8.13842 -2.59117 10 8 0
-8.21001 -2.61326 20 16 0
-8.28242 -2.63617 30 24 1
0.0115444 5.53155 0 2 0
0.0075 5.58115 10 11 0
0.00613248 5.63608 20 18 0
0.0075 5.68722 30 27 1
-0.659539 5.8582 -1.13687e-13 2 0
-0.666169 5.90229 10 10 0
-0.675775 5.96272 20 18 0
-0.686169 6.01422 30 26 1
5.7549 4.79334 -2.27374e-13 3 0
5.80137 4.83617 10 12 0
5.85494 4.87808 20 19 0
5.90051 4.92117 30 28 1
-0.518828 5.08732 -2.27374e-13 2 0
-0.526169 5.14004 10 10 0
-0.532358 5.18532 20 18 0
-0.541169 5.23282 30 26 1
-2.99441 3.80289 0 1 0
-3.02617 3.83581 10 10 0
-3.05525 3.87139 20 17 0
-3.08617 3.90288 30 26 1
-6.16524 1.15076 0 0 0
-6.23411 1.1625 10 9 0
-6.28936 1.1697 20 16 0
-6.34603 1.1825 30 25 1
-6.22667 -5.98456 0 7 0
-6.28012 -6.03617 10 8 0
-6.34136 -6.0916 20 23 0
-6.39719 -6.14617 30 24 1
-2.95421 7.68738 0 2 0
-2.98117 7.7506 10 10 0
-3.01104 7.82457 20 18 0
-3.04117 7.89546 30 26 1
-8.48439 -2.52125 1.13687e-13 0 0
-8.56218 -2.54117 10 8 0
-8.64117 -2.56455 20 16 0
-8.72032 -2.58617 30 24 1
-3.55728 6.99097 0 1 0
-3.59117 7.05246 10 10 0
-3.62558 7.11668 20 17 0
-3.66117 7.17902 30 26 1
6.77715 1.45617 10 12 0
6.83158 1.46863 20 20 0
6.89407 1.48117 30 28 1
5.02853 1.65805 1.13687e-13 4 0
5.06882 1.67117 10 12 0
5.11345 1.68781 20 20 0
5.15539 1.70117 30 28 1
-1.7225 -7.46586 10 15 0
-1.74067 -7.53713 20 22 0
-1.7575 -7.59985 30 31 1
2.84578 -6.50142 1.13687e-13 5 0
2.86617 -6.55373 10 14 0
2.89449 -6.61901 20 21 0
2.91617 -6.67444 30 30 1
-7.37877 -4.38899 0 7 0
-7.44698 -4.43117 10 8 0
-7.52025 -4.46924 20 23 0
-7.59062 -4.51117 30 24 1
4.51897 1.34956 1.13687e-13 4 0
4.55376 1.36117 10 12 0
4.59736 1.37662 20 20 0
4.63532 1.38617 30 28 1
5.58144 6.49121 -1.13687e-13 3 0
5.6325 6.55339 10 11 0
5.68082 6.61355 20 19 0
5.7325 6.66753 30 27 1
-4.96288 -7.19291 0 7 0
-5.0125 -7.25568 10 15 0
-5.06115 -7.32562 20 23 1
-0.259054 6.36775 -1.13687e-13 2 0
-0.261169 6.4236 10 10 0
-0.264466 6.48535 20 18 0
-0.271169 6.53967 30 26 1
5.87126 1.0492 2.27374e-13 4 0
5.92253 1.06117 10 12 0
5.97579 1.07085 20 20 0
6.02738 1.08117 30 28 1
-3.5179 -3.19617 10 8 0
-3.54985 -3.21973 20 23 0
-3.58704 -3.25117 30 24 1
-6.6944 0.596036 0 0 0
-6.75598 0.6025 10 9 0
-6.81852 0.609566 20 16 0
-6.87912 0.6125 30 25 1
-8.53012 -3.02186 1.13687e-13 0 0
-8.61256 -3.05117 10 8 0
-8.69344 -3.07869 20 16 0
-8.77363 -3.10617 30 24 1
-5.52685 4.33772 0 1 0
-5.57623 4.3725 10 9 0
-5.63455 4.4148 20 17 0
-5.68452 4.4525 30 25 1
7.89643 0.448472 1.13687e-13 4 0
7.96418 0.451169 10 12 0
8.03362 0.45659 20 20 0
8.10853 0.461169 30 28 1
-6.1587 1.01817 0 0 0
-6.21932 1.0275 10 9 0
-6.2763 1.03441 20 16 0
-6.33831 1.0475 30 25 1
-0.682628 -8.43212 0 6 0
-0.6875 -8.50268 10 15 0
-0.698864 -8.57585 20 22 0
-0.7075 -8.65703 30 31 1
8.00749 2.51855 0 4 0
8.08135 2.54117 10 12 0
8.15121 2.56184 20 20 0
8.22535 2.58617 30 28 1
0.474267 5.87779 0 2 0
0.4725 5.92595 10 11 0
0.479679 5.98232 20 18 0
0.4775 6.03701 30 27 1
5.6001 5.53019 0 3 0
5.64834 5.58117 10 12 0
5.6979 5.63565 20 19 0
5.74627 5.68617 30 28 1
-7.39994 1.07229 0 0 0
-7.46933 1.0825 10 9 0
-7.53713 1.09123 20 16 0
-7.60954 1.1025 30 25 1
5.62068 -2.83959 -1.13687e-13 5 0
5.6693 -2.8675 10 13 0
5.72026 -2.89708 20 21 0
5.76672 -2.9225 30 29 1
-5.4724 2.66452 0 1 0
-5.52465 2.6875 10 9 0
-5.5731 2.71164 20 17 1
3.54221 4.14201 -1.13687e-13 3 0
3.5725 4.17519 10 11 0
3.59923 4.21433 20 19 0
3.6325 4.25641 30 27 1
1.25756 -4.75415 1.13687e-13 6 0
1.26617 -4.79817 10 14 0
1.2765 -4.83908 20 22 0
1.28617 -4.88181 30 30 1
0.884135 -5.35517 -1.13687e-13 6 0
0.891169 -5.40605 10 14 0
0.897665 -5.45316 20 22 0
0.901169 -5.5009 30 30 1
-5.24865 -0.0761686 10 8 0
-5.30291 -0.0777529 20 16 0
-5.34558 -0.0811686 30 24 1
5.3766 6.27106 0 3 0
5.4275 6.33425 10 11 0
5.47328 6.38687 20 19 0
5.5225 6.44339 30 27 1
-5.32337 -3.45103 1.13687e-13 7 0
-5.37768 -3.48617 10 8 0
-5.42565 -3.51504 20 23 0
-5.47803 -3.55117 30 24 1
-2.12762 -7.72658 0 6 0
-2.1475 -7.79894 10 15 0
-2.17092 -7.8703 20 22 0
-2.1925 -7.93586 30 31 1
-6.138 -3.90211 1.13687e-13 7 0
-6.20037 -3.94117 10 8 0
-6.25606 -3.97807 20 23 0
-6.3128 -4.01117 30 24 1
-2.02065 6.04765 -1.13687e-13 2 0
-2.04117 6.1035 10 10 0
-2.06124 6.1587 20 18 0
-2.08117 6.21421 30 26 1
-6.38588 -5.04929 -1.13687e-13 7 0
-6.45028 -5.09617 10 8 0
-6.50552 -5.14214 20 23 0
-6.56856 -5.18617 30 24 1
-8.21654 1.13453 0 0 0
-8.28593 1.1425 10 9 0
-8.36026 1.15617 20 16 0
-8.43821 1.1675 30 25 1
-2.40059 4.43366 -2.27374e-13 1 0
-2.42617 4.47324 10 10 0
-2.45266 4.52017 20 17 0
-2.47617 4.5586 30 26 1
-1.65805 5.23758 0 2 0
-1.67617 5.28595 10 10 0
-1.69322 5.33557 20 18 0
-1.71117 5.38459 30 26 1
-0.072341 5.15918 0 2 0
-0.0761686 5.20623 10 10 0
-0.0804589 5.25718 20 18 0
-0.0811686 5.29608 30 26 1
-0.0263393 6.6944 0 2 0
-0.0311686 6.75222 10 10 0
-0.0344572 6.81852 20 18 0
-0.0361686 6.87743 30 26 1
0.88287 7.0733 -1.13687e-13 2 0
0.8875 7.13998 10 11 0
0.893694 7.20396 20 18 0
0.9025 7.26811 30 27 1
1.42533 -4.03554 -1.13687e-13 6 0
1.43617 -4.07014 10 14 0
1.44698 -4.11393 20 22 0
1.46117 -4.15171 30 30 1
-6.22682 -3.17581 0 7 0
-6.28562 -3.20617 10 8 0
-6.34329 -3.23488 20 23 0
-6.40926 -3.26617 30 24 1
4.49382 6.00823 0 3 0
4.5325 6.0615 10 11 0
4.5709 6.11592 20 19 0
4.6075 6.17186 30 27 1
-4.72943 -2.16617 10 8 0
-4.77769 -2.1859 20 23 0
-4.81893 -2.20617 30 24 1
4.32873 -4.9076 1.13687e-13 5 0
4.36617 -4.9566 10 14 0
4.40423 -4.99841 20 21 0
4.44117 -5.04574 30 30 1
-0.853104 -5.55115 -1.13687e-13 6 0
-0.8625 -5.60177 10 15 0
-0.874752 -5.65568 20 22 0
-0.8875 -5.70455 30 31 1
-4.94077 -7.1134 0 7 0
-4.9875 -7.17411 10 15 0
-5.03904 -7.2461 20 23 0
-5.0825 -7.30447 30 31 1
4.29032 1.25485 2.27374e-13 4 0
4.33148 1.26617 10 12 0
4.36871 1.2765 20 20 0
4.40597 1.29117 30 28 1
-3.5525 -5.02493 10 15 0
-3.58525 -5.06904 20 23 0
-3.6225 -5.11615 30 31 1
-0.629773 4.924 0 2 0
-0.636169 4.9672 10 10 0
-0.643303 5.00893 20 18 0
-0.651169 5.05291 30 26 1
-7.00797 -2.12077 -1.13687e-13 0 0
-7.07324 -2.14117 10 8 0
-7.13863 -2.16406 20 16 0
-7.20516 -2.18117 30 24 1
-1.89888 7.84417 0 2 0
-1.91617 7.9089 10 10 0
-1.93676 7.98789 20 18 0
-1.95617 8.05497 30 26 1
4.79335 1.71758 1.13687e-13 4 0
4.83683 1.73617 10 12 0
4.87827 1.75275 20 20 0
4.91633 1.76617 30 28 1
-1.38204 4.76722 0 2 0
-1.39617 4.81503 10 10 0
-1.4091 4.85867 20 18 0
-1.42617 4.9016 30 26 1
-7.45873 -1.08438 1.13687e-13 0 0
-7.52938 -1.09117 10 8 0
-7.59592 -1.10332 20 16 0
-7.67458 -1.11617 30 24 1
-4.16227 2.3575 10 9 0
-4.19997 2.37559 20 17 0
-4.23763 2.3975 30 25 1
3.16943 7.61902 -1.13687e-13 3 0
3.1925 7.68428 10 11 0
3.22243 7.76004 20 19 0
3.2475 7.82413 30 27 1
-0.378117 6.6552 1.13687e-13 2 0
-0.386169 6.71831 10 10 0
-0.391647 6.77932 20 18 0
-0.396169 6.83438 30 26 1
-0.949079 8.46479 0 2 0
-0.961169 8.53782 10 10 0
-0.970726 8.62158 20 18 0
-0.981169 8.69217 30 26 1
2.84056 -7.23009 -1.13687e-13 6 0
2.86117 -7.29119 10 14 0
2.88385 -7.36074 20 22 0
2.90617 -7.42105 30 30 1
-1.83123 5.70794 0 2 0
-1.85117 5.75793 10 10 0
-1.86911 5.81247 20 18 0
-1.88617 5.85657 30 26 1
6.91176 3.24846 -1.13687e-13 3 0
6.9708 3.27617 10 12 0
7.03476 3.31023 20 19 0
7.09444 3.33617 30 28 1
-7.24315 0.460737 1.13687e-13 0 0
-7.31602 0.4625 10 9 0
-7.38034 0.468855 20 16 0
-7.4533 0.4725 30 25 1
-1.9225 -6.8244 10 15 0
-1.94091 -6.88385 20 22 0
-1.9625 -6.94926 30 31 1
4.81488 4.90188 -1.13687e-13 3 0
4.8525 4.94608 10 11 0
4.89691 4.99538 20 19 0
4.9375 5.03815 30 27 1
3.41543 4.61986 0 3 0
3.4475 4.66538 10 11 0
3.47786 4.70525 20 19 0
3.5025 4.74159 30 27 1
2.20943 -3.64551 -1.13687e-13 5 0
2.22617 -3.67927 10 14 0
2.24031 -3.70701 20 21 0
2.26117 -3.74256 30 30 1
-0.8875 -7.88951 10 15 0
-0.901812 -7.96829 20 22 0
-0.9125 -8.04179 30 31 1
2.60224 -3.70539 0 5 0
2.62617 -3.73986 10 14 0
2.6462 -3.77231 20 21 0
2.67117 -3.80608 30 30 1
4.26552 3.03991 -1.13687e-13 3 0
4.30507 3.07117 10 12 0
4.33784 3.09693 20 19 0
4.38128 3.12617 30 28 1
-5.05221 -3.90696 2.27374e-13 7 0
-5.09729 -3.94117 10 8 0
-5.14413 -3.9721 20 23 0
-5.19557 -4.01117 30 24 1
-1.03567 6.80545 0 2 0
-1.04617 6.86919 10 10 0
-1.05732 6.93611 20 18 1
4.31645 0.670363 1.13687e-13 4 0
4.35666 0.676169 10 12 0
4.39485 0.681187 20 20 0
4.4303 0.686169 30 28 1
4.22313 4.28334 -1.13687e-13 3 0
4.2625 4.32072 10 11 0
4.29704 4.35725 20 19 0
4.3375 4.39572 30 27 1
0.897665 -5.91046 -1.13687e-13 6 0
0.906169 -5.96552 10 14 0
0.908489 -6.01498 20 22 1
2.02876 -7.89643 -1.13687e-13 6 0
2.04617 -7.96819 10 14 0
2.06124 -8.04016 20 22 0
2.07617 -8.11133 30 30 1
0.275289 -5.46623 -1.13687e-13 6 0
0.276169 -5.51937 10 14 0
0.275289 -5.57075 20 22 0
0.276169 -5.61836 30 30 1
-4.59261 2.2575 10 9 0
-4.63415 2.27401 20 17 0
-4.6821 2.2975 30 25 1
-2.3825 -5.66513 10 15 0
-2.40271 -5.71573 20 23 0
-2.4275 -5.7667 30 31 1
-4.4881 3.3975 10 9 0
-4.53316 3.42822 20 17 0
-4.57638 3.4575 30 25 1
-6.03458 1.56748 1.13687e-13 0 0
-6.08842 1.5825 10 9 0
-6.14564 1.59725 20 16 1
-5.42823 6.164 2.27374e-13 1 0
-5.48117 6.2201 10 10 0
-5.52873 6.27599 20 17 0
-5.58117 6.32717 30 26 1
-3.79288 -2.97617 10 8 0
-3.82902 -3.00523 20 23 0
-3.86202 -3.03117 30 24 1
6.02975 2.72617 1.13687e-13 3 0
6.08018 2.74617 10 12 0
6.13045 2.77329 20 19 0
6.17967 2.79617 30 28 1
2.26563 8.25574 -1.13687e-13 2 0
2.2825 8.32992 10 11 0
2.3008 8.40599 20 18 0
2.3225 8.48305 30 27 1
-4.65685 5.28164 0 1 0
-4.70117 5.32696 10 10 0
-4.74541 5.37785 20 17 0
-4.79117 5.42403 30 26 1
-5.57075 -1.13038 0 0 0
-5.62069 -1.14117 10 8 0
-5.67528 -1.15203 20 16 0
-5.72554 -1.16117 30 24 1
4.82601 1.20073 2.27374e-13 4 0
4.87045 1.21117 10 12 0
4.91094 1.22509 20 20 0
4.95201 1.23617 30 28 1
-0.949079 5.18532 0 2 0
-0.961169 5.23563 10 10 0
-0.970726 5.27677 20 18 0
-0.976169 5.32134 30 26 1
1.93187 4.57902 1.13687e-13 3 0
1.9425 4.61702 10 11 0
1.96052 4.66124 20 19 0
1.9725 4.70358 30 27 1
-5.9422 -5.96414 1.13687e-13 7 0
-5.9975 -6.02037 10 15 0
-6.0596 -6.07772 20 23 0
-6.1125 -6.12829 30 31 1
-4.63682 -6.86302 1.13687e-13 7 0
-4.6825 -6.92568 10 15 0
-4.72855 -6.99302 20 23 0
-4.7725 -7.05104 30 31 1
-4.77049 -4.42889 -1.13687e-13 7 0
-4.82119 -4.47117 10 8 0
-4.864 -4.51091 20 23 0
-4.90826 -4.55117 30 24 1
-4.44939 -4.99944 0 7 0
-4.4975 -5.04362 10 15 0
-4.54178 -5.09182 20 23 0
-4.5875 -5.1407 30 31 1
3.22323 -2.91811 -1.13687e-13 5 0
3.24821 -2.9425 10 13 0
3.27867 -2.97354 20 21 0
3.30321 -2.9975 30 29 1
-6.47582 -4.31264 0 7 0
-6.52759 -4.34617 10 8 0
-6.59387 -4.3886 20 23 0
-6.65709 -4.42617 30 24 1
3.84788 -4.02111 0 5 0
3.88117 -4.06148 10 14 0
3.91143 -4.09614 20 21 0
3.94617 -4.13355 30 30 1
4.5255 -0.173903 0 4 0
4.57029 -0.1775 10 13 0
4.61043 -0.176609 20 20 0
4.64807 -0.1775 30 29 1
3.61377 4.45848 0 3 0
3.6425 4.49268 10 11 0
3.67732 4.53351 20 19 0
3.7075 4.57182 30 27 1
-8.71957 -0.318585 0 0 0
-8.79584 -0.321169 10 8 0
-8.87636 -0.323997 20 16 0
-8.96141 -0.331169 30 24 1
-8.27534 -2.71067 0 0 0
-8.35413 -2.73617 10 8 0
-8.43212 -2.75938 20 16 0
-8.5102 -2.78617 30 24 1
0.134578 -7.0341 -1.13687e-13 6 0
0.136169 -7.09763 10 14 0
0.131873 -7.15823 20 22 0
0.131169 -7.21991 30 30 1
5.95217 -4.09718 0 5 0
6.00091 -4.1325 10 13 0
6.05334 -4.17155 20 21 0
6.1042 -4.2075 30 29 1
4.58416 6.05647 0 3 0
4.6225 6.10908 10 11 0
4.66124 6.16417 20 19 0
4.6975 6.21943 30 27 1
1.64722 -4.64962 -2.27374e-13 6 0
1.66117 -4.69112 10 14 0
1.67428 -4.72802 20 22 0
1.68617 -4.77269 30 30 1
-4.50983 -6.49111 0 7 0
-4.5525 -6.54819 10 15 0
-4.59615 -6.60805 20 23 0
-4.6425 -6.67355 30 31 1
0.422853 7.9095 -1.13687e-13 2 0
0.4225 7.97605 10 11 0
0.428265 8.05322 20 18 0
0.4275 8.12247 30 27 1
-8.26284 -1.18117 10 8 0
-8.33413 -1.19262 20 16 0
-8.41719 -1.20117 30 24 1
0.59333 7.23662 0 2 0
0.5975 7.30253 10 11 0
0.598742 7.36728 20 18 0
0.6025 7.4348 30 27 1
-2.90117 5.65535 10 10 0
-2.92826 5.70756 20 17 0
-2.95617 5.75278 30 26 1
2.78503 4.16932 1.13687e-13 3 0
2.8075 4.20922 10 11 0
2.83439 4.2493 20 19 0
2.8575 4.28751 30 27 1
-7.26597 -4.01214 0 7 0
-7.33568 -4.05117 10 8 0
-7.40092 -4.08969 20 23 0
-7.46725 -4.12617 30 24 1
-4.40968 -4.42015 -1.13687e-13 7 0
-4.4575 -4.46622 10 15 0
-4.49937 -4.506 20 23 0
-4.5375 -4.53915 30 31 1
-4.16617 4.82731 10 10 0
-4.20349 4.86655 20 17 0
-4.24617 4.91438 30 26 1
2.72036 4.10465 -2.27374e-13 3 0
2.7425 4.13715 10 11 0
2.76048 4.17539 20 19 0
2.7875 4.21751 30 27 1
-5.31235 -3.48976 1.13687e-13 7 0
-5.36318 -3.52117 10 8 0
-5.41464 -3.55377 20 23 0
-5.46354 -3.58617 30 24 1
4.70842 0.74613 0 4 0
4.75486 0.756169 10 12 0
4.79335 0.75966 20 20 0
4.83557 0.766169 30 28 1
4.80128 -3.63128 -1.13687e-13 5 0
4.85002 -3.6675 10 13 0
4.88937 -3.70025 20 21 0
4.92916 -3.7325 30 29 1
4.40715 -3.64662 0 5 0
4.44783 -3.6825 10 13 0
4.47835 -3.714 20 21 0
4.5199 -3.7475 30 29 1
-1.17368 6.39389 -1.13687e-13 2 0
-1.18617 6.45058 10 10 0
-1.20073 6.51148 20 18 0
-1.21117 6.5675 30 26 1
2.95608 6.59438 -1.13687e-13 3 0
2.9825 6.65404 10 11 0
3.00478 6.71197 20 19 0
3.0325 6.77475 30 27 1
4.10087 1.54981 0 4 0
4.1365 1.56617 10 12 0
4.17273 1.57957 20 20 0
4.20893 1.59617 30 28 1
2.21962 6.79892 -1.13687e-13 2 0
2.2375 6.85656 10 11 0
2.26021 6.92304 20 18 0
2.2775 6.98141 30 27 1
-2.7925 -4.70334 10 15 0
-2.8182 -4.74591 20 23 0
-2.8475 -4.78663 30 31 1
-5.59751 -3.09374 1.13687e-13 7 0
-5.64908 -3.12117 10 8 0
-5.70091 -3.14739 20 23 0
-5.75357 -3.17617 30 24 1
5.275 2.66791 -1.13687e-13 3 0
5.32307 2.69617 10 12 0
5.37187 2.71885 20 19 0
5.41757 2.74117 30 28 1
-5.26808 -1.44617 10 8 0
-5.31597 -1.4578 20 16 0
-5.36379 -1.47117 30 24 1
7.17129 -2.76353 1.13687e-13 4 0
7.22978 -2.7875 10 13 0
7.29541 -2.81494 20 20 0
7.35756 -2.8375 30 29 1
3.18547 4.60038 0 3 0
3.2125 4.64251 10 11 0
3.24407 4.68959 20 19 0
3.2675 4.72579 30 27 1
-2.11265 5.11999 -1.13687e-13 2 0
-2.13617 5.17319 10 10 0
-2.15595 5.21145 20 18 0
-2.17617 5.26269 30 26 1
-4.2454 -2.48117 10 8 0
-4.28619 -2.50187 20 23 0
-4.32576 -2.52617 30 24 1
1.77314 7.91603 -1.13687e-13 2 0
1.7875 7.98341 10 11 0
1.8029 8.05322 20 18 0
1.8175 8.12654 30 27 1
-6.03344 -6.44572 1.13687e-13 7 0
-6.0875 -6.49927 10 15 0
-6.1443 -6.55658 20 23 0
-6.2025 -6.62135 30 31 1
3.39867 -4.23011 0 5 0
3.43117 -4.26909 10 14 0
3.46876 -4.30785 20 21 0
3.49617 -4.34116 30 30 1
-1.8825 -7.42787 10 15 0
-1.90302 -7.49793 20 22 0
-1.9225 -7.56686 30 31 1
-4.22169 7.00099 1.13687e-13 1 0
-4.26617 7.06985 10 10 0
-4.30306 7.13211 20 17 0
-4.34617 7.19227 30 26 1
2.50105 7.36074 -1.13687e-13 2 0
2.5225 7.4244 10 11 0
2.54434 7.4914 20 18 0
2.5625 7.5634 30 27 1
-1.78252 6.29589 -1.13687e-13 2 0
-1.80117 6.3514 10 10 0
-1.8204 6.41348 20 18 0
-1.84117 6.46918 30 26 1
1.08438 -5.10692 0 6 0
1.09117 -5.14643 10 14 0
1.10061 -5.19838 20 22 0
1.11117 -5.24421 30 30 1
5.2836 -2.54844 -1.13687e-13 5 0
5.32687 -2.5675 10 13 0
5.37124 -2.59015 20 21 0
5.4193 -2.6175 30 29 1
-1.87867 -7.88337 0 6 0
-1.8975 -7.95199 10 15 0
-1.91655 -8.02709 20 22 0
-1.9375 -8.09805 30 31 1
-6.51148 1.06146 0 0 0
-6.57044 1.0675 10 9 0
-6.6356 1.08041 20 16 0
-6.69651 1.0875 30 25 1
2.62679 -6.57027 -1.13687e-13 6 0
2.65117 -6.62864 10 14 0
2.67008 -6.68786 20 22 0
2.69117 -6.74643 30 30 1
4.86677 5.96788 1.13687e-13 3 0
4.9075 6.01931 10 11 0
4.95038 6.07828 20 19 0
4.9975 6.13759 30 27 1
-8.24615 -3.59553 0 7 0
-8.32989 -3.63117 10 8 0
-8.40294 -3.66047 20 23 0
-8.47975 -3.69617 30 24 1
-2.34196 -4.51076 0 7 0
-2.3675 -4.55411 10 15 0
-2.39133 -4.59074 20 23 0
-2.4125 -4.6274 30 31 1
4.23795 -3.53866 0 5 0
4.27419 -3.5725 10 13 0
4.31569 -3.60874 20 21 0
4.34626 -3.6375 30 29 1
3.8121 -7.6323 -1.13687e-13 5 0
3.84117 -7.69844 10 14 0
3.87276 -7.76567 20 21 0
3.90117 -7.83622 30 30 1
-4.82793 -3.99266 0 7 0
-4.87116 -4.02617 10 8 0
-4.91603 -4.06162 20 23 0
-4.9603 -4.10117 30 24 1
-4.57777 4.0175 10 9 0
-4.61906 4.05371 20 17 0
-4.66191 4.0875 30 25 1
-7.4522 0.563564 0 0 0
-7.52708 0.5675 10 9 0
-7.59592 0.574388 20 16 0
-7.66436 0.5775 30 25 1
-5.45969 0.625802 1.13687e-13 0 0
-5.50612 0.6325 10 9 0
-5.56422 0.636626 20 16 0
-5.60804 0.6425 30 25 1
5.11519 -3.09564 -2.27374e-13 5 0
5.16062 -3.1225 10 13 0
5.2017 -3.14771 20 21 1
-1.69322 5.29637 0 2 0
-1.71117 5.34216 10 10 0
-1.7257 5.38783 20 18 0
-1.74617 5.4408 30 26 1
3.72769 -2.8294 1.13687e-13 5 0
3.76425 -2.8575 10 13 0
3.79348 -2.88371 20 21 0
3.82132 -2.9075 30 29 1
1.1412 -5.68834 -1.13687e-13 6 0
1.14617 -5.73883 10 14 0
1.15473 -5.78633 20 22 0
1.16117 -5.83868 30 30 1
-0.177874 7.37381 0 2 0
-0.181169 7.43962 10 10 0
-0.185992 7.511 20 18 0
-0.191169 7.5769 30 26 1
4.32663 -6.53573 -1.13687e-13 5 0
4.36617 -6.59709 10 14 0
4.40259 -6.65379 20 21 0
4.44117 -6.71452 30 30 1
4.9169 -3.79283 -1.13687e-13 5 0
4.96052 -3.8275 10 13 0
4.99846 -3.85908 20 21 0
5.03967 -3.8925 30 29 1
-8.02709 0.179315 -1.13687e-13 0 0
-8.10375 0.1825 10 9 0
-8.17734 0.182021 20 16 0
-8.25724 0.1875 30 25 1
0.543182 -6.58334 1.13687e-13 6 0
0.546169 -6.64496 10 14 0
0.545888 -6.70746 20 22 0
0.551169 -6.7631 30 30 1
-2.46857 -7.30848 0 6 0
-2.4925 -7.37319 10 15 0
-2.51728 -7.43914 20 22 0
-2.5425 -7.50097 30 31 1
-4.68617 5.84229 10 10 0
-4.7308 5.89135 20 17 0
-4.77617 5.94643 30 26 1
7.4055 -1.6975 10 13 0
7.46527 -1.7109 20 20 0
7.5345 -1.7275 30 29 1
-7.15823 -1.43616 1.13687e-13 0 0
-7.2247 -1.45117 10 8 0
-7.28888 -1.46321 20 16 0
-7.35576 -1.47617 30 24 1
4.24984 -5.2267 -1.13687e-13 5 0
4.28617 -5.27258 10 14 0
4.32804 -5.32404 20 21 0
4.36117 -5.3688 30 30 1
-6.00353 5.89357 -1.13687e-13 1 0
-6.06229 5.9475 10 9 0
-6.11823 6.00061 20 17 1
-3.06175 6.46099 0 1 0
-3.09617 6.5221 10 10 0
-3.12735 6.58017 20 17 0
-3.15117 6.63367 30 26 1
-4.3975 -4.40622 10 15 0
-4.4374 -4.44786 20 23 0
-4.4825 -4.49122 30 31 1
6.45268 -1.88679 1.13687e-13 4 0
6.50742 -1.9025 10 13 0
6.56374 -1.92197 20 20 0
6.6202 -1.9375 30 29 1
-2.62949 7.13863 1.13687e-13 2 0
-2.65617 7.2064 10 10 0
-2.68091 7.27582 20 18 0
-2.70617 7.34125 30 26 1
1.953 -5.68834 0 6 0
1.96617 -5.73858 10 14 0
1.98276 -5.78633 20 22 0
1.99617 -5.83929 30 30 1
3.15472 -7.27342 -1.13687e-13 5 0
3.18617 -7.34749 10 14 0
3.21155 -7.41061 20 21 0
3.23617 -7.47527 30 30 1
-5.72754 1.07229 1.13687e-13 0 0
-5.78641 1.0825 10 9 0
-5.8386 1.09123 20 16 0
-5.89834 1.1025 30 25 1
-7.81151 -2.96774 0 0 0
-7.87874 -2.99617 10 8 0
-7.95523 -3.02186 20 16 0
-8.02567 -3.05117 30 24 1
1.57687 -8.08589 -1.13687e-13 6 0
1.58617 -8.15873 10 14 0
1.59851 -8.22961 20 22 0
1.61117 -8.30393 30 30 1
1.91114 4.96973 0 2 0
1.9275 5.01921 10 11 0
1.94091 5.06772 20 18 0
1.9575 5.11285 30 27 1
-3.41799 -3.38617 10 8 0
-3.4468 -3.41517 20 23 0
-3.47799 -3.44617 30 24 1
-1.68617 7.39606 10 10 0
-1.70405 7.46527 20 18 0
-1.72117 7.53005 30 26 1
-5.07421 -4.20832 2.27374e-13 7 0
-5.11945 -4.24617 10 8 0
-5.17154 -4.28652 20 23 0
-5.21566 -4.32117 30 24 1
7.06677 -1.97338 0 4 0
7.12982 -1.9875 10 13 0
7.19089 -2.00856 20 20 0
7.24967 -2.0225 30 29 1
1.40512 6.40042 -1.13687e-13 2 0
1.4125 6.45582 10 11 0
1.42407 6.51148 20 18 0
1.4325 6.56775 30 27 1
-5.63495 2.99163 0 1 0
-5.69202 3.0175 10 9 0
-5.74218 3.04145 20 17 0
-5.79651 3.0725 30 25 1
0.138726 7.0145 -1.13687e-13 2 0
0.1425 7.08087 10 11 0
0.138726 7.14516 20 18 0
0.1375 7.20315 30 27 1
-3.1275 -3.8504 10 15 0
-3.16033 -3.88641 20 23 0
-3.1925 -3.92247 30 31 1
-1.15203 4.72149 0 2 0
-1.16617 4.76888 10 10 0
-1.17638 4.80641 20 18 0
-1.19117 4.85045 30 26 1
7.56979 0.215758 1.13687e-13 4 0
7.63725 0.216169 10 12 0
7.70045 0.22117 20 20 0
7.76953 0.221169 30 28 1
-3.48024 7.41908 1.13687e-13 1 0
-3.51617 7.48657 10 10 0
-3.55126 7.55132 20 17 0
-3.58617 7.62021 30 26 1
-3.21398 7.98789 -1.13687e-13 2 0
-3.24617 8.05803 10 10 0
-3.27893 8.13161 20 18 0
-3.31117 8.20788 30 26 1
-8.02509 -4.25081 1.13687e-13 7 0
-8.09394 -4.28617 10 8 0
-8.17693 -4.32994 20 23 0
-8.25172 -4.36617 30 24 1
-6.40042 1.49172 2.27374e-13 0 0
-6.46097 1.5025 10 9 0
-6.51801 1.51878 20 16 0
-6.5829 1.5325 30 25 1
7.02641 -3.94682 0 5 0
7.08835 -3.9825 10 13 0
7.14829 -4.01896 20 21 0
7.21285 -4.0575 30 29 1
-8.51705 2.63364 0 0 0
-8.59885 2.6575 10 9 0
-8.68037 2.67964 20 16 0
-8.76406 2.7025 30 25 1
5.76674 -2.33869 1.13687e-13 4 0
5.8219 -2.3625 10 13 0
5.87126 -2.38198 20 20 0
5.91847 -2.4025 30 29 1
1.45383 4.28379 -1.13687e-13 2 0
1.4675 4.32586 10 11 0
1.47548 4.36218 20 18 0
1.4875 4.40243 30 27 1
5.15265 0.77319 1.13687e-13 4 0
5.20412 0.781169 10 12 0
5.24411 0.784014 20 20 0
5.2919 0.791169 30 28 1
7.24968 -0.0575461 1.13687e-13 4 0
7.31407 -0.0575 10 13 0
7.38034 -0.0575461 20 20 0
7.44135 -0.0575 30 29 1
-7.8507 -0.305055 0 0 0
-7.92524 -0.306169 10 8 0
-7.99443 -0.310467 20 16 0
-8.07167 -0.311169 30 24 1
7.09367 -4.23987 0 5 0
7.15708 -4.2775 10 13 0
7.21555 -4.312 20 21 0
7.28157 -4.3525 30 29 1
4.71495 1.78252 2.27374e-13 4 0
4.75541 1.79617 10 12 0
4.79988 1.81229 20 20 0
4.83991 1.83117 30 28 1
1.40512 5.56422 0 2 0
1.4125 5.61437 10 11 0
1.42677 5.66874 20 18 1
-8.18388 0.931578 1.13687e-13 0 0
-8.25771 0.9375 10 9 0
-8.34066 0.947814 20 16 0
-8.41913 0.9575 30 25 1
5.69193 -3.44277 -1.13687e-13 5 0
5.73689 -3.4725 10 13 0
5.78768 -3.50408 20 21 0
5.83225 -3.5325 30 29 1
1.62557 -5.27677 0 6 0
1.63617 -5.3308 10 14 0
1.64993 -5.37477 20 22 0
1.66117 -5.42651 30 30 1
-7.15823 -1.32792 2.27374e-13 0 0
-7.22783 -1.34117 10 8 0
-7.29541 -1.35227 20 16 0
-7.36097 -1.36117 30 24 1
-5.0543 2.2525 10 9 0
-5.10509 2.27425 20 17 0
-5.15086 2.2925 30 25 1
-5.462 5.25254 1.13687e-13 1 0
-5.50921 5.3025 10 9 0
-5.56363 5.35417 20 17 0
-5.61628 5.4025 30 25 1
6.0568 4.99958 -1.13687e-13 3 0
6.11036 5.04617 10 12 0
6.16338 5.08702 20 19 0
6.22158 5.13617 30 28 1
3.68884 1.93513 -1.13687e-13 3 0
3.7204 1.95617 10 12 0
3.75305 1.97255 20 19 0
3.78368 1.99117 30 28 1
-1.76773 -5.11999 -2.27374e-13 6 0
-1.7875 -5.17619 10 15 0
-1.8029 -5.21798 20 22 0
-1.8225 -5.26776 30 31 1
5.5726 5.05879 0 3 0
5.62589 5.10617 10 12 0
5.67153 5.15388 20 19 0
5.71589 5.19617 30 28 1
-4.89836 -2.44117 10 8 0
-4.94855 -2.46774 20 23 0
-4.99286 -2.48617 30 24 1
-4.06582 3.1025 10 9 0
-4.10126 3.13026 20 17 0
-4.14203 3.1575 30 25 1
-1.6375 -7.6142 10 15 0
-1.65678 -7.68738 20 22 0
-1.6725 -7.75527 30 31 1
8.16428 -1.69737 1.13687e-13 4 0
8.24075 -1.7125 10 13 0
8.308 -1.72443 20 20 0
8.38389 -1.7425 30 29 1
-0.540476 7.98789 0 2 0
-0.546169 8.06625 10 10 0
-0.554006 8.13815 20 18 0
-0.561169 8.20853 30 26 1
-4.03899 -5.3544 1.13687e-13 7 0
-4.0775 -5.40144 10 15 0
-4.11719 -5.45174 20 23 0
-4.1575 -5.49558 30 31 1
-8.08589 -2.73503 0 0 0
-8.15993 -2.76117 10 8 0
-8.24267 -2.78373 20 16 0
-8.311 -2.80617 30 24 1
-0.240112 6.02152 -1.13687e-13 2 0
-0.241169 6.07834 10 10 0
-0.24823 6.13257 20 18 0
-0.251169 6.18733 30 26 1
-3.5675 -4.62981 10 15 0
-3.60059 -4.67491 20 23 0
-3.6375 -4.71395 30 31 1
-5.26321 0.8775 10 9 0
-5.31597 0.885576 20 16 0
-5.36307 0.8925 30 25 1
-3.05617 5.07496 10 10 0
-3.08697 5.12386 20 17 0
-3.11617 5.17031 30 26 1
-6.74741 -4.26277 0 7 0
-6.81493 -4.30117 10 8 0
-6.87582 -4.33761 20 23 0
-6.93943 -4.37617 30 24 1
-7.20396 -1.47674 2.27374e-13 0 0
-7.27177 -1.49117 10 8 0
-7.34114 -1.5011 20 16 0
-7.4099 -1.51617 30 24 1
1.76628 -5.21145 0 6 0
1.78117 -5.2566 10 14 0
1.79334 -5.30291 20 22 0
1.80617 -5.34524 30 30 1
-0.152255 -5.83206 0 6 0
-0.1575 -5.88672 10 15 0
-0.163079 -5.93659 20 22 0
-0.1625 -5.99071 30 31 1
1.63513 5.53155 -1.13687e-13 2 0
1.6475 5.58067 10 11 0
1.66219 5.63608 20 18 0
1.6725 5.68345 30 27 1
-2.5375 -5.02817 10 15 0
-2.55779 -5.071 20 23 0
-2.5875 -5.12059 30 31 1
0.618949 -6.6356 -1.13687e-13 6 0
0.621169 -6.69168 10 14 0
0.624361 -6.75319 20 22 0
0.631169 -6.81482 30 30 1
-6.50494 0.977579 -1.13687e-13 0 0
-6.56823 0.9875 10 9 0
-6.62907 0.996521 20 16 0
-6.69429 1.0075 30 25 1
0.816486 -4.73455 -1.13687e-13 6 0
0.821169 -4.77743 10 14 0
0.827309 -4.82601 20 22 0
0.831169 -4.86521 30 30 1
5.97478 2.69799 -1.13687e-13 3 0
6.03189 2.72617 10 12 0
6.08472 2.75435 20 19 0
6.13139 2.77617 30 28 1
5.52502 -0.274025 1.13687e-13 4 0
5.57538 -0.2775 10 13 0
5.62301 -0.276731 20 20 0
5.66731 -0.2775 30 29 1
-0.656833 5.35517 1.13687e-13 2 0
-0.666169 5.40025 10 10 0
-0.673069 5.44663 20 18 0
-0.681169 5.49303 30 26 1
6.7032 2.81029 -1.13687e-13 3 0
6.76415 2.83617 10 12 0
6.8208 2.859 20 19 0
6.87779 2.88617 30 28 1
6.18484 -2.51187 0 4 0
6.23939 -2.5325 10 13 0
6.28936 -2.55517 20 20 0
6.34096 -2.5775 30 29 1
6.74666 -0.796279 1.13687e-13 4 0
6.80749 -0.8025 10 13 0
6.86425 -0.807103 20 20 0
6.92356 -0.8125 30 29 1
4.70485 -4.90104 -1.13687e-13 5 0
4.74617 -4.94769 10 14 0
4.78417 -4.98801 20 21 0
4.82617 -5.03477 30 30 1
4.68319 2.80702 -2.27374e-13 3 0
4.72268 2.83117 10 12 0
4.76316 2.85638 20 19 0
4.80096 2.88117 30 28 1
2.76886 3.37248 -1.13687e-13 3 0
2.7925 3.40226 10 11 0
2.81393 3.42903 20 19 0
2.8425 3.46641 30 27 1
4.14007 1.67969 0 4 0
4.17458 1.69617 10 12 0
4.21193 1.70946 20 20 0
4.247 1.72617 30 28 1
4.31645 -0.531093 1.13687e-13 4 0
4.35046 -0.5375 10 13 0
4.38831 -0.544623 20 20 0
4.4241 -0.5475 30 29 1
5.62853 -2.76708 -1.13687e-13 5 0
5.67915 -2.7925 10 13 0
5.73193 -2.82073 20 21 0
5.77865 -2.8425 30 29 1
2.31636 3.76954 -1.13687e-13 3 0
2.3375 3.80286 10 11 0
2.35649 3.84028 20 19 0
2.3725 3.87322 30 27 1
-0.0750469 5.64915 0 2 0
-0.0761686 5.69413 10 10 0
-0.0831649 5.74714 20 18 0
-0.0861686 5.80313 30 26 1
3.38046 -6.51183 -1.13687e-13 5 0
3.41117 -6.57547 10 14 0
3.4357 -6.63213 20 21 0
3.46617 -6.69411 30 30 1
-1.54313 -8.64117 0 6 0
-1.5625 -8.72007 10 15 0
-1.57831 -8.80449 20 22 0
-1.5925 -8.87735 30 31 1
-5.41396 0.2575 10 9 0
-5.45969 0.257789 20 16 0
-5.51089 0.2625 30 25 1
5.22451 0.0452811 -1.13687e-13 4 0
5.26815 0.0461686 10 12 0
5.3225 0.0479871 20 20 0
5.36008 0.0461686 30 28 1
2.63558 3.46881 -2.27374e-13 3 0
2.6525 3.49561 10 11 0
2.67953 3.53572 20 19 0
2.6975 3.56182 30 27 1
-4.14973 2.7975 10 9 0
-4.19209 2.82693 20 17 0
-4.22801 2.8475 30 25 1
-4.8371 -6.96762 -1.13687e-13 7 0
-4.8825 -7.02669 10 15 0
-4.92612 -7.09109 20 23 0
-4.9725 -7.15204 30 31 1
1.86742 4.07066 -2.27374e-13 3 0
1.8825 4.10447 10 11 0
1.89719 4.14252 20 19 0
1.9125 4.18397 30 27 1
-5.02356 -3.82474 1.13687e-13 7 0
-5.07386 -3.86117 10 8 0
-5.12472 -3.89912 20 23 0
-5.16507 -3.93117 30 24 1
2.0883 -5.28331 0 6 0
2.10617 -5.32704 10 14 0
2.12347 -5.3813 20 22 0
2.14117 -5.42568 30 30 1
-6.91651 -0.735306 0 0 0
-6.98139 -0.741169 10 8 0
-7.04064 -0.748836 20 16 0
-7.10952 -0.756169 30 24 1
-1.83935 7.75271 0 2 0
-1.85617 7.82769 10 10 0
-1.87452 7.8899 20 18 0
-1.89117 7.96168 30 26 1
4.72794 -3.36278 -2.27374e-13 5 0
4.76594 -3.3925 10 13 0
4.8068 -3.42251 20 21 0
4.84715 -3.4525 30 29 1
-0.0371632 4.63003 0 2 0
-0.0411686 4.67625 10 10 0
-0.0425752 4.72149 20 18 0
-0.0461686 4.76611 30 26 1
3.93201 -4.69457 -1.13687e-13 5 0
3.96117 -4.73545 10 14 0
3.99173 -4.77343 20 21 0
4.02617 -4.81459 30 30 1
-0.104813 6.51801 0 2 0
-0.106169 6.57266 10 10 0
-0.110225 6.6356 20 18 0
-0.116169 6.6958 30 26 1
-4.52816 5.11468 1.13687e-13 1 0
-4.57117 5.1616 10 10 0
-4.61672 5.2109 20 17 0
-4.65617 5.25367 30 26 1
-5.86128 -4.94565 2.27374e-13 7 0
-5.91601 -4.98617 10 8 0
-5.96786 -5.03309 20 23 0
-6.02516 -5.08117 30 24 1
-5.05115 6.49488 1.13687e-13 1 0
-5.10117 6.55427 10 10 0
-5.15053 6.61723 20 17 0
-5.19617 6.67049 30 26 1
1.4551 -4.81294 0 6 0
1.46617 -4.85675 10 14 0
1.47945 -4.89787 20 22 0
1.49117 -4.94539 30 30 1
-4.70716 2.1175 10 9 0
-4.75119 2.13849 20 17 0
-4.79666 2.1575 30 25 1
-1.14264 -5.67528 0 6 0
-1.1575 -5.72706 10 15 0
-1.1697 -5.7798 20 22 0
-1.1825 -5.82984 30 31 1
-3.4525 -4.30268 10 15 0
-3.4806 -4.33296 20 23 0
-3.5175 -4.37475 30 31 1
-5.33355 -4.4294 0 7 0
-5.38687 -4.47117 10 8 0
-5.43742 -4.5103 20 23 0
-5.48809 -4.55117 30 24 1
0.728629 8.58238 -1.13687e-13 2 0
0.7325 8.65375 10 11 0
0.736747 8.73263 20 18 0
0.7425 8.81224 30 27 1
-7.20396 0.558152 1.13687e-13 0 0
-7.2746 0.5625 10 9 0
-7.34768 0.568976 20 16 0
-7.41188 0.5725 30 25 1
-4.29684 -4.08117 10 8 0
-4.33701 -4.11403 20 23 0
-4.38598 -4.15617 30 24 1
6.07378 1.41451 1.13687e-13 4 0
6.12989 1.43117 10 12 0
6.1783 1.44157 20 20 0
6.23268 1.45617 30 28 1
-7.06278 4.17837 0 1 0
-7.13243 4.2175 10 9 0
-7.19773 4.25591 20 17 0
-7.264 4.2925 30 25 1
2.80866 -6.15051 -1.13687e-13 5 0
2.83117 -6.20053 10 14 0
2.85466 -6.26157 20 21 0
2.88117 -6.31417 30 30 1
0.774631 4.89134 0 2 0
0.7775 4.92987 10 11 0
0.782749 4.97627 20 18 0
0.7875 5.01765 30 27 1
2.12889 -8.09895 -1.13687e-13 6 0
2.14617 -8.17425 10 14 0
2.16136 -8.24267 20 22 0
2.18117 -8.32239 30 30 1
-4.65057 1.6225 10 9 0
-4.69535 1.63513 20 16 0
-4.74421 1.6525 30 25 1
2.93942 7.28235 0 2 0
2.9625 7.34821 10 11 0
2.99083 7.41954 20 18 0
3.0175 7.48807 30 27 1
-5.2974 4.88129 0 1 0
-5.34842 4.9225 10 9 0
-5.39744 4.96603 20 17 0
-5.44549 5.0125 30 25 1
-4.03117 6.36109 10 10 0
-4.07027 6.41331 20 17 0
-4.11117 6.47644 30 26 1
-1.80417 5.17225 -2.27374e-13 2 0
-1.82117 5.21882 10 10 0
-1.83935 5.27024 20 18 0
-1.86117 5.31539 30 26 1
-7.56979 0.931578 0 0 0
-7.64253 0.9375 10 9 0
-7.71351 0.947814 20 16 0
-7.7848 0.9525 30 25 1
0.885576 7.0929 -1.13687e-13 2 0
0.8925 7.15912 10 11 0
0.899106 7.21702 20 18 0
0.9025 7.28226 30 27 1
2.33752 -5.30051 0 5 0
2.35617 -5.35077 10 14 0
2.37811 -5.3985 20 21 1
-5.32553 -3.27333 0 7 0
-5.38153 -3.30617 10 8 0
-5.42511 -3.33081 20 23 0
-5.47688 -3.36617 30 24 1
1.23591 -4.37525 1.13687e-13 6 0
1.24617 -4.41754 10 14 0
1.25485 -4.46017 20 22 0
1.26117 -4.49618 30 30 1
3.7407 3.37995 0 3 0
3.77033 3.40617 10 12 0
3.80266 3.43809 20 19 0
3.8374 3.46617 30 28 1
4.33605 -0.219905 1.13687e-13 4 0
4.37487 -0.2225 10 13 0
4.40791 -0.222611 20 20 0
4.45058 -0.2275 30 29 1
6.30072 5.4578 -1.13687e-13 3 0
6.36323 5.51117 10 12 0
6.41271 5.55831 20 19 0
6.4653 5.60617 30 28 1
-0.740718 7.5306 -1.13687e-13 2 0
-0.751169 7.5995 10 10 0
-0.75966 7.66779 20 18 0
-0.771169 7.73971 30 26 1
4.59062 1.51117 10 12 0
4.63003 1.52545 20 20 0
4.66512 1.53617 30 28 1
2.7899 -5.12529 0 5 0
2.81617 -5.17437 10 14 0
2.84085 -5.22216 20 21 0
2.86117 -5.26887 30 30 1
7.18216 3.9666 -1.13687e-13 3 0
7.24325 4.00117 10 12 0
7.30787 4.03491 20 19 0
7.37482 4.07617 30 28 1
-7.63512 3.02059 1.13687e-13 0 0
-7.70192 3.0475 10 9 0
-7.77884 3.07471 20 16 0
-7.84177 3.1025 30 25 1
3.72628 6.03667 0 3 0
3.7575 6.09261 10 11 0
3.78917 6.14931 20 19 0
3.8225 6.20003 30 27 1
6.41277 -5.01316 -1.13687e-13 5 0
6.4663 -5.0575 10 13 0
6.52587 -5.10331 20 21 0
6.57751 -5.1475 30 29 1
5.21145 -1.59454 0 4 0
5.25075 -1.6075 10 13 0
5.29637 -1.62431 20 20 0
5.34439 -1.6375 30 29 1
1.22653 4.5451 -1.13687e-13 2 0
1.2375 4.58377 10 11 0
1.24547 4.63003 20 18 0
1.2525 4.66948 30 27 1
1.57117 -7.48612 10 14 0
1.58498 -7.55673 20 22 0
1.60117 -7.62218 30 30 1
-5.819 0.655568 0 0 0
-5.8826 0.6625 10 9 0
-5.93659 0.666392 20 16 0
-5.9916 0.6725 30 25 1
1.44571 7.33461 0 2 0
1.4575 7.39885 10 11 0
1.46736 7.46527 20 18 0
1.4775 7.52492 30 27 1
-7.75924 -2.5402 -1.13687e-13 0 0
-7.83765 -2.56617 10 8 0
-7.9095 -2.5862 20 16 0
-7.98164 -2.61117 30 24 1
-4.68939 0.9825 10 9 0
-4.73455 0.991109 20 16 0
-4.7751 0.9975 30 25 1
1.05335 5.26371 0 2 0
1.0625 5.30679 10 11 0
1.06958 5.35517 20 18 0
1.0775 5.40665 30 27 1
-5.83206 -1.23321 0 0 0
-5.88832 -1.24617 10 8 0
-5.94312 -1.25756 20 16 0
-5.99318 -1.26617 30 24 1
-4.56662 -1.58617 10 8 0
-4.61043 -1.59851 20 16 0
-4.66026 -1.61617 30 24 1
6.96224 0.900371 0 4 0
7.01911 0.906169 10 12 0
7.07983 0.916607 20 20 0
7.14517 0.926169 30 28 1
4.44057 -0.485091 1.13687e-13 4 0
4.47723 -0.4875 10 13 0
4.51244 -0.493209 20 20 0
4.55087 -0.4975 30 29 1
3.9831 -4.19077 -1.13687e-13 5 0
4.01617 -4.22477 10 14 0
4.05319 -4.26851 20 21 0
4.08617 -4.30891 30 30 1
-3.76617 5.35362 10 10 0
-3.80129 5.39809 20 17 0
-3.84117 5.44984 30 26 1
1.93406 -4.71495 0 6 0
1.95117 -4.76192 10 14 0
1.96382 -4.79988 20 22 0
1.98117 -4.84142 30 30 1
7.20396 2.20736 1.13687e-13 4 0
7.2643 2.22617 10 12 0
7.32808 2.24795 20 20 0
7.39416 2.27117 30 28 1
7.34768 -0.476973 1.13687e-13 4 0
7.4138 -0.4825 10 13 0
7.4718 -0.485091 20 20 0
7.53901 -0.4875 30 29 1
-8.87636 -1.44427 0 0 0
-8.96211 -1.45617 10 8 0
-9.04621 -1.47133 20 16 0
-9.13353 -1.48617 30 24 1
6.77279 -0.341674 0 4 0
6.82832 -0.3425 10 13 0
6.89038 -0.347086 20 20 0
6.94646 -0.3475 30 29 1
2.82943 -6.68407 -1.13687e-13 5 0
2.85117 -6.74379 10 14 0
2.87431 -6.80549 20 21 0
2.89617 -6.86657 30 30 1
-5.50542 0.0494282 0 0 0
-5.55751 0.0475 10 9 0
-5.60995 0.0494282 20 16 0
-5.66151 0.0525 30 25 1
1.32792 -5.95619 0 6 0
1.33617 -6.01368 10 14 0
1.34686 -6.06725 20 22 0
1.35617 -6.11853 30 30 1
5.65878 3.56831 -2.27374e-13 3 0
5.71188 3.60117 10 12 0
5.76107 3.63233 20 19 1
-5.55115 -1.59851 0 0 0
-5.60779 -1.61617 10 8 0
-5.65568 -1.63099 20 16 0
-5.71057 -1.64117 30 24 1
6.20443 -0.376852 1.13687e-13 4 0
6.25521 -0.3775 10 13 0
6.30896 -0.382264 20 20 0
6.37128 -0.3875 30 29 1
-4.82232 -0.0811686 10 8 0
-4.86521 -0.0804589 20 16 0
-4.91424 -0.0811686 30 24 1
-5.57075 1.32665 0 0 0
-5.61715 1.3375 10 9 0
-5.67528 1.3483 20 16 0
-5.727 1.3625 30 25 1
-7.32636 -4.96801 0 7 0
-7.40265 -5.01617 10 8 0
-7.46672 -5.05862 20 23 0
-7.53508 -5.10617 30 24 1
-0.504033 -4.49937 0 6 0
-0.5075 -4.53966 10 15 0
-0.514857 -4.57776 20 22 0
-0.5225 -4.6183 30 31 1
-6.79892 0.980285 1.13687e-13 0 0
-6.85814 0.9875 10 9 0
-6.92304 0.999227 20 16 0
-6.99128 1.0075 30 25 1
1.39015 -8.01402 0 6 0
1.40117 -8.09393 10 14 0
1.4091 -8.16428 20 22 0
1.42117 -8.23414 30 30 1
3.36079 -4.13865 -1.13687e-13 5 0
3.38617 -4.17459 10 14 0
3.41398 -4.21481 20 21 0
3.44117 -4.25081 30 30 1
0.430971 4.34912 -1.13687e-13 2 0
0.4325 4.38688 10 11 0
0.436383 4.42751 20 18 0
0.4375 4.46966 30 27 1
-1.43218 -6.23057 0 6 0
-1.4475 -6.29283 10 15 0
-1.46195 -6.34162 20 22 0
-1.4775 -6.40769 30 31 1
7.06677 0.115637 1.13687e-13 4 0
7.12713 0.116169 10 12 0
7.19089 0.118343 20 20 0
7.25234 0.121169 30 28 1
-2.05315 4.14362 0 1 0
-2.07117 4.18188 10 10 0
-2.09598 4.22089 20 17 0
-2.11617 4.25517 30 26 1
6.1587 0.16705 0 4 0
6.2134 0.171169 10 12 0
6.26323 0.172462 20 20 0
6.31946 0.171169 30 28 1
4.479 2.54926 -1.13687e-13 3 0
4.51925 2.57117 10 12 0
4.55628 2.59209 20 19 0
4.5996 2.61617 30 28 1
-4.74833 4.0325 10 9 0
-4.79181 4.06573 20 17 0
-4.83247 4.1025 30 25 1
4.1662 -1.63243 0 4 0
4.20181 -1.6475 10 13 0
4.23806 -1.66219 20 20 0
4.26716 -1.6775 30 29 1
6.11298 1.78793 1.13687e-13 4 0
6.16548 1.80617 10 12 0
6.2175 1.8204 20 20 0
6.26619 1.83617 30 28 1
7.4522 2.71608 1.13687e-13 4 0
7.51767 2.74117 10 12 0
7.58286 2.76479 20 20 0
7.64546 2.79117 30 28 1
-7.81804 3.00977 1.13687e-13 0 0
-7.89198 3.0325 10 9 0
-7.96829 3.06118 20 16 0
-8.0389 3.0875 30 25 1
7.18455 3.34522 -1.13687e-13 3 0
7.23429 3.39117 10 12 0
7.28347 3.44031 20 19 0
7.33429 3.49117 30 28 1
0.949079 -8.22961 0 6 0
0.956169 -8.30654 10 14 0
0.962609 -8.37986 20 22 0
0.966169 -8.45089 30 30 1
0.888282 5.022 -1.13687e-13 2 0
0.8925 5.06608 10 11 0
0.899106 5.11345 20 18 0
0.9075 5.15886 30 27 1
4.14443 -2.542 0 5 0
4.17636 -2.5625 10 13 0
4.21134 -2.58595 20 21 0
4.24964 -2.6075 30 29 1
6.09994 2.58206 -1.13687e-13 3 0
6.15231 2.60617 10 12 0
6.20447 2.62536 20 19 0
6.26095 2.65117 30 28 1
2.27786 -4.464 -1.13687e-13 5 0
2.29617 -4.50588 10 14 0
2.31033 -4.54239 20 21 0
2.33117 -4.5833 30 30 1
-1.50795 -5.39437 0 6 0
-1.5225 -5.44152 10 15 0
-1.54042 -5.49889 20 22 0
-1.5575 -5.54724 30 31 1
5.02937 4.62271 -1.13687e-13 3 0
5.06776 4.66117 10 12 0
5.11635 4.70203 20 19 0
5.15983 4.74617 30 28 1
4.61043 0.943667 0 4 0
4.6458 0.951169 10 12 0
4.68882 0.959903 20 20 0
4.72944 0.971169 30 28 1
4.64962 0.380823 0 4 0
4.68891 0.386169 10 12 0
4.72802 0.386235 20 20 0
4.76462 0.391169 30 28 1
-8.62811 -1.22779 0 0 0
-8.70468 -1.24117 10 8 0
-8.7849 -1.24944 20 16 0
-8.8661 -1.26117 30 24 1
2.77902 -3.64873 -1.13687e-13 5 0
2.80617 -3.68652 10 14 0
2.8295 -3.71835 20 21 0
2.85117 -3.75273 30 30 1
6.1587 -0.0602521 1.13687e-13 4 0
6.20891 -0.0625 10 13 0
6.26976 -0.0629581 20 20 0
6.31498 -0.0625 30 29 1
-7.58939 0.106254 -1.13687e-13 0 0
-7.66812 0.1075 10 9 0
-7.73965 0.10896 20 16 0
-7.80955 0.1075 30 25 1
-4.25615 5.6731 0 1 0
-4.29617 5.72099 10 10 0
-4.33706 5.77696 20 17 0
-4.37617 5.8222 30 26 1
-6.70746 -1.49839 0 0 0
-6.76851 -1.51117 10 8 0
-6.83812 -1.52545 20 16 1
-6.76317 4.48722 -1.13687e-13 1 0
-6.82725 4.5275 10 9 0
-6.89429 4.56859 20 17 0
-6.94968 4.6075 30 25 1
-0.568976 -4.86521 -1.13687e-13 6 0
-0.5775 -4.91372 10 15 0
-0.585212 -4.95667 20 22 0
-0.5925 -4.99943 30 31 1
4.47977 1.06814 0 4 0
4.51624 1.07617 10 12 0
4.55817 1.08438 20 20 0
4.59988 1.09617 30 28 1
-4.48418 -5.21409 1.13687e-13 7 0
-4.5275 -5.26454 10 15 0
-4.56621 -5.3076 20 23 0
-4.6125 -5.35662 30 31 1
-1.59617 7.57476 10 10 0
-1.61204 7.64819 20 18 0
-1.63117 7.71582 30 26 1
0.70554 -5.09386 0 6 0
0.711169 -5.14119 10 14 0
0.716364 -5.18532 20 22 0
0.721169 -5.23605 30 30 1
3.52178 -6.27812 -2.27374e-13 5 0
3.55117 -6.33363 10 14 0
3.57161 -6.38535 20 21 0
3.60117 -6.4402 30 30 1
-3.0975 -4.30831 10 15 0
-3.12791 -4.34382 20 23 0
-3.1575 -4.38245 30 31 1
-4.20831 2.9975 10 9 0
-4.24602 3.02245 20 17 0
-4.28659 3.0475 30 25 1
3.21053 -4.07642 -1.13687e-13 5 0
3.23617 -4.11652 10 14 0
3.26372 -4.15257 20 21 0
3.29117 -4.19273 30 30 1
4.22238 -4.37648 -1.13687e-13 5 0
4.25617 -4.41527 10 14 0
4.29247 -4.45421 20 21 0
4.32617 -4.49234 30 30 1
0.071076 5.29637 0 2 0
0.0675 5.34417 10 11 0
0.06837 5.39437 20 18 0
0.0675 5.44316 30 27 1
-3.76617 5.0425 10 10 0
-3.80383 5.09067 20 17 0
-3.84117 5.13871 30 26 1
-5.20466 4.53981 0 1 0
-5.2559 4.5825 10 9 0
-5.302 4.61801 20 17 0
-5.35712 4.6625 30 25 1
-3.3418 -7.76077 0 7 0
-3.3725 -7.82893 10 15 0
-3.40516 -7.90067 20 23 0
-3.4375 -7.97171 30 31 1
-6.79239 -1.57145 0 0 0
-6.85765 -1.58617 10 8 0
-6.92304 -1.59851 20 16 0
-6.98664 -1.61617 30 24 1
6.06071 2.29124 2.27374e-13 4 0
6.11187 2.31117 10 12 0
6.1587 2.33183 20 20 0
6.21551 2.35117 30 28 1
-0.328144 -7.8899 -1.13687e-13 6 0
-0.3325 -7.96383 10 15 0
-0.338968 -8.03362 20 22 0
-0.3425 -8.10818 30 31 1
-3.54117 7.00953 10 10 0
-3.57286 7.06778 20 17 0
-3.61117 7.1361 30 26 1
-0.865193 5.38783 0 2 0
-0.876169 5.43347 10 10 0
-0.886841 5.47929 20 18 0
-0.896169 5.53125 30 26 1
-2.08703 -8.55625 0 6 0
-2.1075 -8.63575 10 15 0
-2.13033 -8.71304 20 22 0
-2.1525 -8.79389 30 31 1
1.84746 -5.49889 -1.13687e-13 6 0
1.86117 -5.54873 10 14 0
1.87723 -5.59688 20 22 0
1.89117 -5.64944 30 30 1
2.43066 -4.21881 -2.27374e-13 5 0
2.45117 -4.25783 10 14 0
2.47349 -4.29608 20 21 0
2.49117 -4.33318 30 30 1
3.73511 -3.26543 -2.27374e-13 5 0
3.76584 -3.2975 10 13 0
3.79708 -3.32357 20 21 0
3.83291 -3.3575 30 29 1
-6.14143 -3.11338 1.13687e-13 7 0
-6.19941 -3.14117 10 8 0
-6.2579 -3.17245 20 23 0
-6.31597 -3.20117 30 24 1
-4.39007 4.1975 10 9 0
-4.43537 4.2374 20 17 0
-4.47214 4.2725 30 25 1
-5.32093 -0.0211686 10 8 0
-5.36823 -0.0236333 20 16 0
-5.42493 -0.0261686 30 24 1
-6.93533 3.77921 1.13687e-13 1 0
-7.0032 3.8125 10 9 0
-7.06487 3.84369 20 17 0
-7.13684 3.8825 30 25 1
-8.21654 -1.94488 0 0 0
-8.29331 -1.96117 10 8 0
-8.37333 -1.98276 20 16 0
-8.45352 -2.00117 30 24 1
5.35467 5.21206 0 3 0
5.39905 5.26117 10 12 0
5.44976 5.31098 20 19 0
5.49405 5.35617 30 28 1
-6.44431 2.82898 -1.13687e-13 1 0
-6.50282 2.8525 10 9 0
-6.56191 2.87768 20 17 0
-6.62353 2.9025 30 25 1
3.45908 -3.89254 -2.27374e-13 5 0
3.49117 -3.92604 10 14 0
3.52264 -3.96757 20 21 0
3.55117 -4.00018 30 30 1
6.96877 1.29274 1.13687e-13 4 0
7.0302 1.30617 10 12 0
7.0929 1.31709 20 20 0
7.15419 1.33117 30 28 1
6.79892 -2.46316 1.13687e-13 4 0
6.85407 -2.4825 10 13 0
6.91651 -2.50646 20 20 0
6.97685 -2.5275 30 29 1
1.70946 -4.66922 0 6 0
1.72617 -4.71369 10 14 0
1.73652 -4.76068 20 22 0
1.75117 -4.80233 30 30 1
-0.131873 7.69392 -1.13687e-13 2 0
-0.136169 7.76232 10 10 0
-0.13999 7.83111 20 18 0
-0.141169 7.90167 30 26 1
-2.5175 -5.39001 10 15 0
-2.54198 -5.43788 20 23 0
-2.5675 -5.4895 30 31 1
0.329409 -5.8582 0 6 0
0.331169 -5.91378 10 14 0
0.332115 -5.96925 20 22 0
0.331169 -6.01984 30 30 1
4.91842 -2.35929 -1.13687e-13 5 0
4.96509 -2.3825 10 13 0
5.00876 -2.40753 20 21 0
5.05252 -2.4275 30 29 1
-5.39075 2.44128 -1.13687e-13 1 0
-5.44107 2.4625 10 9 0
-5.48875 2.48187 20 17 0
-5.54264 2.5075 30 25 1
-6.87299 4.76543 0 1 0
-6.93754 4.8075 10 9 0
-7.00029 4.85063 20 17 0
-7.06497 4.8925 30 25 1
-7.23794 4.48363 0 1 0
-7.30308 4.5225 10 9 0
-7.36906 4.56501 20 17 0
-7.43965 4.6025 30 25 1
0.743424 -8.2688 1.13687e-13 6 0
0.751169 -8.34903 10 14 0
0.751542 -8.41906 20 22 0
0.756169 -8.49545 30 30 1
-5.17298 0.4125 10 9 0
-5.22451 0.414736 20 16 0
-5.27491 0.4225 30 25 1
3.76733 6.16191 -1.13687e-13 3 0
3.7975 6.21746 10 11 0
3.83023 6.27456 20 19 0
3.8625 6.33196 30 27 1
3.8373 6.46149 0 3 0
3.8675 6.5208 10 11 0
3.9029 6.58067 20 19 0
3.9325 6.6353 30 27 1
-0.0761686 8.73469 10 10 0
-0.0777529 8.81756 20 18 0
-0.0811686 8.89526 30 26 1
-5.68163 -3.7672 1.13687e-13 7 0
-5.73511 -3.80117 10 8 0
-5.78662 -3.83774 20 23 0
-5.84046 -3.87117 30 24 1
-0.233435 -6.96877 -1.13687e-13 6 0
-0.2375 -7.02738 10 15 0
-0.241553 -7.0929 20 22 0
-0.2475 -7.15759 30 31 1
-8.19041 1.01005 1.13687e-13 0 0
-8.272 1.0225 10 9 0
-8.34066 1.02899 20 16 0
-8.42135 1.0375 30 25 1
-3.18617 3.49376 10 10 0
-3.21543 3.52643 20 17 0
-3.25117 3.55876 30 26 1
4.15135 -5.53768 -1.13687e-13 5 0
4.18617 -5.5827 10 14 0
4.21919 -5.63614 20 21 0
4.25617 -5.68806 30 30 1
3.12158 5.19088 1.13687e-13 3 0
3.1475 5.23512 10 11 0
3.17906 5.29045 20 19 0
3.2025 5.33254 30 27 1
-8.17081 -0.935549 1.13687e-13 0 0
-8.25412 -0.946169 10 8 0
-8.3276 -0.951785 20 16 0
-8.40347 -0.961169 30 24 1
3.45117 -7.78927 10 14 0
3.47731 -7.85623 20 21 0
3.50617 -7.92205 30 30 1
7.43597 3.48183 -2.27374e-13 3 0
7.50072 3.51617 10 12 0
7.5655 3.54631 20 19 0
7.63643 3.58117 30 28 1
-6.08684 -2.22089 1.13687e-13 0 0
-6.14086 -2.24117 10 8 0
-6.1979 -2.26148 20 16 1
7.71351 1.43886 1.13687e-13 4 0
7.78331 1.45117 10 12 0
7.84417 1.46592 20 20 0
7.91938 1.48117 30 28 1
-7.11846 4.70474 0 1 0
-7.1816 4.7475 10 9 0
-7.25228 4.79265 20 17 0
-7.3211 4.8375 30 25 1
7.71351 -1.92738 0 4 0
7.77778 -1.9425 10 13 0
7.8507 -1.96256 20 20 0
7.91885 -1.9775 30 29 1
7.71351 1.35227 2.27374e-13 4 0
7.78316 1.36617 10 12 0
7.85724 1.37933 20 20 0
7.9213 1.39117 30 28 1
-4.29588 3.1275 10 9 0
-4.33775 3.15245 20 17 0
-4.37916 3.1825 30 25 1
-4.58426 6.04713 1.13687e-13 1 0
-4.62617 6.10049 10 10 0
-4.6717 6.15371 20 17 0
-4.71617 6.2117 30 26 1
0.218464 -4.44057 0 6 0
0.221169 -4.48856 10 14 0
0.22117 -4.5255 20 22 0
0.221169 -4.56634 30 30 1
-7.06677 -1.01402 0 0 0
-7.12704 -1.02117 10 8 0
-7.20396 -1.03296 20 16 0
-7.26724 -1.04117 30 24 1
4.42751 1.57145 1.13687e-13 4 0
4.46763 1.58617 10 12 0
4.51244 1.60122 20 20 0
4.54713 1.61617 30 28 1
-1.8177 7.9095 -1.13687e-13 2 0
-1.83617 7.98446 10 10 0
-1.85288 8.04669 20 18 0
-1.87117 8.12553 30 26 1
-4.21344 -5.16148 1.13687e-13 7 0
-4.2575 -5.20668 10 15 0
-4.29547 -5.25499 20 23 0
-4.3375 -5.30082 30 31 1
-3.89741 -6.41062 1.13687e-13 7 0
-3.9375 -6.47059 10 15 0
-3.97337 -6.52868 20 23 0
-4.0125 -6.58802 30 31 1
2.96168 6.54258 -1.13687e-13 3 0
2.9775 6.5854 10 11 0
2.99303 6.63133 20 19 0
3.0075 6.67904 30 27 1
-4.28284 2.3225 10 9 0
-4.32924 2.34795 20 17 0
-4.37027 2.3675 30 25 1
-3.82905 -3.69117 10 8 0
-3.86069 -3.7219 20 23 0
-3.89905 -3.76117 30 24 1
2.98668 -7.46527 -2.27374e-13 6 0
3.01117 -7.54019 10 14 0
3.03539 -7.60899 20 22 0
3.06117 -7.67504 30 30 1
6.13911 -0.939696 0 4 0
6.18881 -0.9475 10 13 0
6.24363 -0.955932 20 20 0
6.30074 -0.9675 30 29 1
3.92496 -4.12881 -1.13687e-13 5 0
3.96117 -4.16976 10 14 0
3.99505 -4.20654 20 21 1
-1.99375 4.69268 0 1 0
-2.01617 4.73499 10 10 0
-2.03275 4.77378 20 17 0
-2.05617 4.81742 30 26 1
3.70939 -1.83143 -1.13687e-13 5 0
3.74213 -1.8525 10 13 0
3.78013 -1.87156 20 21 0
3.81248 -1.8875 30 29 1
-5.76674 0.844986 1.13687e-13 0 0
-5.81804 0.8525 10 9 0
-5.87779 0.863928 20 16 0
-5.93204 0.8675 30 25 1
7.4914 -0.872046 0 4 0
7.55924 -0.8825 10 13 0
7.62859 -0.890988 20 20 0
7.69445 -0.8975 30 29 1
-7.15169 0.119784 1.13687e-13 0 0
-7.2185 0.1175 10 9 0
-7.28235 0.119784 20 16 0
-7.35786 0.1225 30 25 1
1.40639 -4.02901 -1.13687e-13 6 0
1.41617 -4.07135 10 14 0
1.42804 -4.1074 20 22 0
1.44117 -4.14585 30 30 1
-4.42813 2.6375 10 9 0
-4.46948 2.66041 20 17 0
-4.50849 2.6825 30 25 1
2.54224 -5.7425 0 5 0
2.56117 -5.79618 10 14 0
2.58554 -5.84702 20 21 1
-5.98922 5.20574 -1.13687e-13 1 0
-6.04611 5.2525 10 9 0
-6.10503 5.30242 20 17 0
-6.16233 5.3475 30 25 1
6.27656 -3.33857 1.13687e-13 5 0
6.33193 -3.3675 10 13 0
6.38649 -3.39493 20 21 0
6.44143 -3.4275 30 29 1
0.141432 6.91651 0 2 0
0.1425 6.98188 10 11 0
0.138726 7.04064 20 18 0
0.1375 7.10415 30 27 1
1.55937 6.52454 0 2 0
1.5725 6.58047 10 11 0
1.58643 6.64213 20 18 0
1.5975 6.69739 30 27 1
-0.366028 -5.39437 0 6 0
-0.3725 -5.44411 10 15 0
-0.376852 -5.48583 20 22 0
-0.3825 -5.53896 30 31 1
4.96973 0.903077 2.27374e-13 4 0
5.01592 0.911169 10 12 0
5.06119 0.919313 20 20 0
5.10663 0.931169 30 28 1
-7.98136 -0.218464 1.13687e-13 0 0
-8.05238 -0.221169 10 8 0
-8.13161 -0.22117 20 16 0
-8.20587 -0.226169 30 24 1
-2.47623 3.92379 1.13687e-13 1 0
-2.50617 3.96634 10 10 0
-2.52942 3.99995 20 17 0
-2.55117 4.03256 30 26 1
-5.05916 0.9775 10 9 0
-5.10692 0.988403 20 16 0
-5.15694 0.9975 30 25 1
-5.57103 3.96095 0 1 0
-5.6255 3.9975 10 9 0
-5.67872 4.03803 20 17 0
-5.73585 4.0725 30 25 1
-4.61822 -6.15176 0 7 0
-4.6625 -6.20565 10 15 0
-4.70836 -6.26487 20 23 0
-4.7525 -6.31686 30 31 1
6.22796 -5.20721 -1.13687e-13 5 0
6.28446 -5.2575 10 13 0
6.33724 -5.30118 20 21 0
6.3936 -5.3525 30 29 1
-2.3175 -4.85059 10 15 0
-2.33811 -4.89341 20 23 0
-2.3625 -4.93802 30 31 1
0.379558 8.26227 -1.13687e-13 2 0
0.3825 8.34618 10 11 0
0.379558 8.41906 20 18 0
0.3825 8.49467 30 27 1
-2.65117 5.40535 10 10 0
-2.6761 5.45158 20 17 0
-2.70117 5.49778 30 26 1
-7.5306 1.47819 -1.13687e-13 0 0
-7.59648 1.4925 10 9 0
-7.66779 1.50254 20 16 0
-7.74169 1.5175 30 25 1
-4.40493 5.4966 1.13687e-13 1 0
-4.44617 5.54572 10 10 0
-4.48313 5.59393 20 17 0
-4.52617 5.64693 30 26 1
2.091 -7.04064 0 6 0
2.10617 -7.10895 10 14 0
2.12347 -7.17129 20 22 0
2.14117 -7.23587 30 30 1
-6.85118 2.38198 -1.13687e-13 0 0
-6.90842 2.4025 10 9 0
-6.98184 2.42528 20 16 0
-7.03828 2.4475 30 25 1
-4.24434 7.26474 0 1 0
-4.28117 7.33233 10 10 0
-4.32572 7.39586 20 17 0
-4.36617 7.46683 30 26 1
-1.06117 5.54069 10 10 0
-1.07355 5.59035 20 18 0
-1.08617 5.64347 30 26 1
2.56058 6.91651 0 2 0
2.5825 6.98236 10 11 0
2.60387 7.04717 20 18 0
2.6225 7.10721 30 27 1
-3.41117 4.89256 10 10 0
-3.44835 4.93801 20 17 0
-3.47617 4.97877 30 26 1
-3.91421 3.7075 10 9 0
-3.95337 3.74009 20 17 0
-3.99128 3.7775 30 25 1
-5.6437 4.26706 1.13687e-13 1 0
-5.69508 4.3075 10 9 0
-5.7514 4.34414 20 17 0
-5.80544 4.3825 30 25 1
-1.58643 -4.59083 0 6 0
-1.6025 -4.63057 10 15 0
-1.6216 -4.67576 20 22 0
-1.6375 -4.72214 30 31 1
3.36336 -5.66048 -2.27374e-13 5 0
3.39117 -5.71401 10 14 0
3.42355 -5.76659 20 21 0
3.45117 -5.81644 30 30 1
-6.75078 3.15075 2.27374e-13 1 0
-6.81368 3.1775 10 9 0
-6.87761 3.20869 20 17 0
-6.94439 3.2375 30 25 1
2.65468 3.8285 -2.27374e-13 3 0
2.6725 3.86209 10 11 0
2.6921 3.8927 20 19 0
2.7025 3.90623 30 27 1
-7.59592 -2.64032 1.13687e-13 0 0
-7.66188 -2.66617 10 8 0
-7.73311 -2.68632 20 16 0
-7.80587 -2.71117 30 24 1
3.98167 3.36071 -1.13687e-13 3 0
4.01696 3.39117 10 12 0
4.05017 3.42155 20 19 0
4.08403 3.45117 30 28 1
-5.5474 6.2296 0 1 0
-5.59617 6.2856 10 10 0
-5.6452 6.33505 20 17 0
-5.70117 6.39767 30 26 1
-7.73965 -1.30356 1.13687e-13 0 0
-7.81802 -1.31617 10 8 0
-7.88337 -1.32521 20 16 0
-7.95822 -1.33617 30 24 1
-4.26274 -5.9991 1.13687e-13 7 0
-4.3075 -6.05571 10 15 0
-4.34365 -6.10297 20 23 0
-4.3875 -6.15692 30 31 1
5.42703 1.4118 1.13687e-13 4 0
5.47435 1.42617 10 12 0
5.51849 1.43886 20 20 0
5.57007 1.45117 30 28 1
6.616 -0.13602 2.27374e-13 4 0
6.67282 -0.1375 10 13 0
6.73359 -0.13602 20 20 1
4.61864 3.43513 0 3 0
4.65764 3.46617 10 12 0
4.69367 3.49868 20 19 0
4.73679 3.53117 30 28 1
-3.92122 3.9125 10 9 0
-3.95821 3.94774 20 17 0
-3.99829 3.9825 30 25 1
-7.75498 3.45846 0 1 0
-7.82372 3.4875 10 9 0
-7.8987 3.51799 20 17 0
-7.97357 3.5525 30 25 1
6.52454 -0.200963 1.13687e-13 4 0
6.58226 -0.2025 10 13 0
6.6356 -0.203669 20 20 0
6.70039 -0.2075 30 29 1
-0.947814 -5.89739 0 6 0
-0.9575 -5.95133 10 15 0
-0.966756 -6.00845 20 22 1
4.11241 3.57181 -1.13687e-13 3 0
4.14918 3.60117 10 12 0
4.18091 3.63265 20 19 0
4.21418 3.66617 30 28 1
-4.83475 6.12924 -1.13687e-13 1 0
-4.88117 6.18578 10 10 0
-4.92219 6.23581 20 17 0
-4.97117 6.29699 30 26 1
6.17852 4.75775 0 3 0
6.22806 4.79617 10 12 0
6.28239 4.83866 20 19 0
6.33927 4.88617 30 28 1
-4.73508 3.3475 10 9 0
-4.7775 3.3779 20 17 0
-4.82337 3.4075 30 25 1
-7.21332 -4.12022 0 7 0
-7.27805 -4.15617 10 8 0
-7.34556 -4.19123 20 23 0
-7.41668 -4.23117 30 24 1
-2.97117 5.57686 10 10 0
-2.99555 5.62178 20 17 0
-3.02617 5.67428 30 26 1
-6.96877 -1.55792 1.13687e-13 0 0
-7.03357 -1.57117 10 8 0
-7.09943 -1.58498 20 16 0
-7.16256 -1.60117 30 24 1
4.57068 -2.35596 -1.13687e-13 5 0
4.61361 -2.3775 10 13 0
4.64795 -2.39879 20 21 0
4.69397 -2.4225 30 29 1
2.65929 4.47984 -2.27374e-13 3 0
2.6775 4.51763 10 11 0
2.69829 4.56094 20 19 0
2.7225 4.59799 30 27 1
1.02629 5.86473 0 2 0
1.0325 5.91319 10 11 0
1.04252 5.96925 20 18 0
1.0475 6.02011 30 27 1
3.35043 -4.13977 0 5 0
3.37617 -4.17873 10 14 0
3.40362 -4.21593 20 21 0
3.43117 -4.25495 30 30 1
-1.93406 7.74618 -1.13687e-13 2 0
-1.95617 7.82162 10 10 0
-1.97194 7.8899 20 18 0
-1.99117 7.95561 30 26 1
6.10729 5.0692 0 3 0
6.15915 5.11617 10 12 0
6.21003 5.16046 20 19 0
6.26829 5.21117 30 28 1
-0.314614 -7.68738 -1.13687e-13 6 0
-0.3175 -7.75084 10 15 0
-0.322732 -7.82457 20 22 0
-0.3275 -7.8952 30 31 1
-5.19415 -1.26617 10 8 0
-5.25064 -1.27921 20 16 0
-5.29693 -1.29117 30 24 1
0.284848 4.51897 1.13687e-13 2 0
0.2875 4.56715 10 11 0
0.287554 4.6039 20 18 0
0.2875 4.64493 30 27 1
6.69941 -3.56243 1.13687e-13 5 0
6.75492 -3.5925 10 13 0
6.81206 -3.62532 20 21 1
0.824604 -6.58334 -1.13687e-13 6 0
0.831169 -6.64712 10 14 0
0.835427 -6.70093 20 22 0
0.841169 -6.76319 30 30 1
1.91782 -7.65472 0 6 0
1.93117 -7.71884 10 14 0
1.94759 -7.79191 20 22 0
1.96117 -7.86197 30 30 1
6.60947 -0.311908 0 4 0
6.67104 -0.3125 10 13 0
6.73359 -0.314614 20 20 0
6.78918 -0.3175 30 29 1
5.36942 -5.22502 1.13687e-13 5 0
5.41557 -5.2725 10 13 0
5.46181 -5.31741 20 21 0
5.51057 -5.3675 30 29 1
6.09911 3.59917 -1.13687e-13 3 0
6.152 3.63117 10 12 0
6.20792 3.66589 20 19 0
6.25943 3.69617 30 28 1
-3.1075 -5.08198 10 15 0
-3.13866 -5.1276 20 23 0
-3.1725 -5.17526 30 31 1
-6.94885 2.89725 1.13687e-13 1 0
-7.01123 2.9225 10 9 0
-7.0795 2.95137 20 17 0
-7.14401 2.9775 30 25 1
-6.31692 3.88025 1.13687e-13 1 0
-6.37988 3.9175 10 9 0
-6.4388 3.95238 20 17 0
-6.50145 3.9825 30 25 1
-6.28036 -5.70914 1.13687e-13 7 0
-6.33953 -5.75617 10 8 0
-6.39888 -5.81235 20 23 0
-6.45867 -5.86117 30 24 1
4.28922 -4.26345 -1.13687e-13 5 0
4.33037 -4.3075 10 13 0
4.36583 -4.34389 20 21 0
4.40537 -4.3825 30 29 1
4.07751 -2.49805 -1.13687e-13 5 0
4.11514 -2.5225 10 13 0
4.15096 -2.54471 20 21 0
4.18136 -2.5675 30 29 1
2.07206 -7.76578 0 6 0
2.08617 -7.83848 10 14 0
2.10453 -7.9095 20 22 0
2.12117 -7.97955 30 30 1
3.18096 5.93527 -2.27374e-13 3 0
3.2075 5.98808 10 11 0
3.23079 6.0425 20 19 0
3.2575 6.09465 30 27 1
-5.4942 -4.11169 0 7 0
-5.5477 -4.15117 10 8 0
-5.60189 -4.18877 20 23 0
-5.65806 -4.22617 30 24 1
-1.0925 6.85118 0 2 0
-1.10617 6.91505 10 10 0
-1.11685 6.97531 20 18 0
-1.12617 7.03405 30 26 1
-5.36326 -0.926169 10 8 0
-5.41396 -0.935549 20 16 0
-5.46812 -0.946169 30 24 1
4.70807 -3.26255 -1.13687e-13 5 0
4.75079 -3.2925 10 13 0
4.79346 -3.32498 20 21 0
4.83201 -3.3525 30 29 1
5.25998 -4.81709 -1.13687e-13 5 0
5.30256 -4.8625 10 13 0
5.35237 -4.90947 20 21 0
5.39463 -4.9475 30 29 1
0.658274 8.39946 -1.13687e-13 2 0
0.6625 8.47768 10 11 0
0.666392 8.54972 20 18 0
0.6675 8.6241 30 27 1
-0.325438 -5.8582 0 6 0
-0.3325 -5.91323 10 15 0
-0.338968 -5.96925 20 22 0
-0.3425 -6.02222 30 31 1
0.720511 5.7406 -1.13687e-13 2 0
0.7225 5.79411 10 11 0
0.728629 5.85166 20 18 0
0.7325 5.9031 30 27 1
2.96531 3.48091 -1.13687e-13 3 0
2.9925 3.51741 10 11 0
3.01962 3.5467 20 19 0
3.0425 3.58155 30 27 1
-4.17192 2.4025 10 9 0
-4.20855 2.42244 20 17 0
-4.24727 2.4425 30 25 1
7.04064 1.51192 1.13687e-13 4 0
7.10171 1.52617 10 12 0
7.16476 1.54169 20 20 0
7.2307 1.55617 30 28 1
0.908489 -5.83206 -1.13687e-13 6 0
0.916169 -5.89067 10 14 0
0.919313 -5.93659 20 22 0
0.926169 -5.99259 30 30 1
-8.39293 -0.632479 0 0 0
-8.47238 -0.641169 10 8 0
-8.55625 -0.646009 20 16 0
-8.63087 -0.651169 30 24 1
0.069635 -8.06629 -1.13687e-13 6 0
0.0661687 -8.13779 10 14 0
0.064223 -8.21001 20 22 0
0.0611686 -8.28836 30 30 1
-8.74919 -2.92617 10 8 0
-8.83063 -2.95692 20 16 0
-8.91026 -2.98117 30 24 1
-1.0059 5.83206 -1.13687e-13 2 0
-1.01617 5.8846 10 10 0
-1.02755 5.93659 20 18 0
-1.03617 5.98945 30 26 1
0.563564 4.96973 1.13687e-13 2 0
0.5675 5.01685 10 11 0
0.568976 5.06119 20 18 0
0.5725 5.09964 30 27 1
-6.93611 2.23315 1.13687e-13 0 0
-6.99884 2.2525 10 9 0
-7.06023 2.27374 20 16 0
-7.12369 2.2925 30 25 1
7.23662 -2.13033 2.27374e-13 4 0
7.30189 -2.1525 10 13 0
7.36074 -2.17092 20 20 0
7.42174 -2.1875 30 29 1
4.47625 -5.34213 -1.13687e-13 5 0
4.51117 -5.38445 10 14 0
4.54792 -5.43676 20 21 0
4.58617 -5.48066 30 30 1
-6.39893 5.26721 0 1 0
-6.45759 5.3175 10 9 0
-6.52128 5.36659 20 17 0
-6.58088 5.4125 30 25 1
-6.12604 -1.15473 0 0 0
-6.18309 -1.16617 10 8 0
-6.24363 -1.17638 20 16 0
-6.29502 -1.18617 30 24 1
-0.0927239 -6.1979 -1.13687e-13 6 0
-0.0975 -6.25805 10 15 0
-0.100842 -6.30896 20 22 0
-0.1025 -6.36912 30 31 1
6.47881 -2.56328 1.13687e-13 4 0
6.53481 -2.5875 10 13 0
6.5964 -2.61199 20 20 0
6.64845 -2.6375 30 29 1
-5.34324 -0.411169 10 8 0
-5.39437 -0.418706 20 16 0
-5.44516 -0.421169 30 24 1
-4.48441 5.89753 -1.13687e-13 1 0
-4.52617 5.95099 10 10 0
-4.57456 6.01064 20 17 0
-4.61117 6.0572 30 26 1
6.68786 -1.77855 1.13687e-13 4 0
6.7489 -1.7975 10 13 0
6.80545 -1.81102 20 20 0
6.87082 -1.8275 30 29 1
-6.09338 0.0602521 0 0 0
-6.15234 0.0625 10 9 0
-6.20443 0.0629581 20 16 0
-6.26548 0.0625 30 25 1
0.287554 8.51052 -1.13687e-13 2 0
0.2875 8.59059 10 11 0
0.287554 8.66731 20 18 0
0.2875 8.73908 30 27 1
1.01276 7.00797 -1.13687e-13 2 0
1.0175 7.06492 10 11 0
1.02629 7.13209 20 18 0
1.0325 7.19305 30 27 1
0.506739 7.91603 1.13687e-13 2 0
0.5075 7.99034 10 11 0
0.512151 8.05975 20 18 0
0.5125 8.13676 30 27 1
-0.172462 8.3668 -1.13687e-13 2 0
-0.176169 8.44578 10 10 0
-0.18058 8.51705 20 18 0
-0.186169 8.5972 30 26 1
2.42286 -4.82713 0 5 0
2.44117 -4.87008 10 14 0
2.46457 -4.91477 20 21 0
2.48117 -4.95251 30 30 1
3.62074 -3.78631 -1.13687e-13 5 0
3.64617 -3.81234 10 14 0
3.67888 -3.84828 20 21 0
3.71117 -3.88441 30 30 1
-5.90392 -1.55522 0 0 0
-5.95877 -1.57117 10 8 0
-6.01498 -1.58498 20 16 0
-6.06862 -1.59617 30 24 1
-6.06327 -3.55185 1.13687e-13 7 0
-6.12115 -3.58617 10 8 0
-6.17592 -3.61475 20 23 0
-6.23564 -3.65117 30 24 1
4.35467 -4.98329 -1.13687e-13 5 0
4.39617 -5.02903 10 14 0
4.43017 -5.07409 20 21 0
4.46617 -5.11317 30 30 1
7.02909 -0.2675 10 13 0
7.0929 -0.274025 20 20 0
7.15223 -0.2775 30 29 1
-6.87078 -1.3225 -1.13687e-13 0 0
-6.93292 -1.33617 10 8 0
-7.00144 -1.34956 20 16 0
-7.07106 -1.36117 30 24 1
2.28857 -4.71198 0 5 0
2.30617 -4.74922 10 14 0
2.33028 -4.79961 20 21 0
2.34617 -4.83872 30 30 1
-5.25268 5.07384 0 1 0
-5.303 5.1175 10 9 0
-5.34889 5.1624 20 17 0
-5.40007 5.2075 30 25 1
7.22945 -3.30031 -1.13687e-13 5 0
7.29395 -3.3325 10 13 0
7.35246 -3.36209 20 21 0
7.41552 -3.3975 30 29 1
5.64261 -1.64325 1.13687e-13 4 0
5.69673 -1.6575 10 13 0
5.7406 -1.67302 20 20 0
5.79037 -1.6875 30 29 1
6.11452 5.57009 0 3 0
6.16918 5.62117 10 12 0
6.21998 5.66789 20 19 0
6.27625 5.72117 30 28 1
1.73381 -6.00845 0 6 0
1.74617 -6.06306 10 14 0
1.75817 -6.11951 20 22 0
1.77117 -6.17291 30 30 1
7.35865 -4.03032 -1.13687e-13 5 0
7.42291 -4.0625 10 13 0
7.48436 -4.09863 20 21 0
7.55448 -4.1375 30 29 1
1.45113 5.06119 0 2 0
1.4575 5.10075 10 11 0
1.47277 5.15265 20 18 0
1.4825 5.19646 30 27 1
1.70819 6.38735 0 2 0
1.7225 6.44763 10 11 0
1.73525 6.50494 20 18 0
1.7475 6.56455 30 27 1
-5.54462 1.58101 1.13687e-13 0 0
-5.59638 1.5925 10 9 0
-5.64915 1.60807 20 16 0
-5.69709 1.6225 30 25 1
-7.36353 -3.64665 -1.13687e-13 7 0
-7.42737 -3.67617 10 8 0
-7.49689 -3.70731 20 23 1
5.01546 0.277995 0 4 0
5.05767 0.281169 10 12 0
5.10039 0.286113 20 20 0
5.14046 0.286169 30 28 1
-0.859781 4.91747 0 2 0
-0.871169 4.96178 10 10 0
-0.881429 5.00893 20 18 0
-0.891169 5.05249 30 26 1
-4.89116 2.2025 10 9 0
-4.94335 2.22349 20 17 0
-4.98773 2.2425 30 25 1
-0.275289 8.2884 -1.13687e-13 2 0
-0.281169 8.36693 10 10 0
-0.288819 8.43866 20 18 0
-0.291169 8.51128 30 26 1
-4.64004 1.0675 10 9 0
-4.68229 1.0777 20 16 0
-4.73075 1.0875 30 25 1
4.18965 -7.32867 0 5 0
4.22117 -7.39254 10 14 0
4.26066 -7.46091 20 21 0
4.29617 -7.52411 30 30 1
-1.6075 -7.42157 10 15 0
-1.62431 -7.4914 20 22 0
-1.6425 -7.55557 30 31 1
-4.89874 1.0575 10 9 0
-4.9436 1.06688 20 16 0
-4.98945 1.0775 30 25 1
-4.43045 6.08084 0 1 0
-4.47117 6.1364 10 10 0
-4.51407 6.19124 20 17 0
-4.55617 6.24262 30 26 1
5.54768 -4.11364 -1.13687e-13 5 0
5.59165 -4.1475 10 13 0
5.64231 -4.18531 20 21 0
5.68786 -4.2225 30 29 1
-4.42875 -5.15866 0 7 0
-4.4725 -5.20954 10 15 0
-4.51078 -5.25217 20 23 0
-4.5525 -5.29661 30 31 1
0.198257 5.8386 0 2 0
0.1975 5.89136 10 11 0
0.198257 5.94312 20 18 0
0.1975 5.99743 30 27 1
-6.99167 -4.05547 -1.13687e-13 7 0
-7.05748 -4.09117 10 8 0
-7.12662 -4.13301 20 23 0
-7.18905 -4.16617 30 24 1
0.598742 4.34912 0 2 0
0.6025 4.38717 10 11 0
0.604154 4.42751 20 18 0
0.6075 4.46996 30 27 1
5.50721 -3.7938 -1.13687e-13 5 0
5.55449 -3.8275 10 13 0
5.60183 -3.86547 20 21 0
5.65278 -3.8975 30 29 1
-1.58913 -8.11202 0 6 0
-1.6075 -8.18525 10 15 0
-1.6216 -8.25574 20 22 0
-1.6375 -8.32838 30 31 1
3.8784 3.99984 0 3 0
3.9125 4.04143 10 11 0
3.94577 4.07104 20 19 0
3.9775 4.10643 30 27 1
-6.10953 -5.04848 -1.13687e-13 7 0
-6.17244 -5.10117 10 8 0
-6.23187 -5.14786 20 23 0
-6.28365 -5.19117 30 24 1
-5.32346 2.52706 0 1 0
-5.37758 2.5475 10 9 0
-5.42798 2.57036 20 17 0
-5.47915 2.5925 30 25 1
6.67244 5.64965 0 3 0
6.72794 5.70617 10 12 0
6.78984 5.76323 20 19 0
6.85001 5.82117 30 28 1
-3.77617 3.9282 10 10 0
-3.81317 3.96344 20 17 0
-3.85117 3.99613 30 26 1
1.63784 5.59035 -1.13687e-13 2 0
1.6525 5.64223 10 11 0
1.66219 5.68834 20 18 0
1.6725 5.74002 30 27 1
-3.5933 -8.05437 -1.13687e-13 7 0
-3.6325 -8.13135 10 15 0
-3.66589 -8.2035 20 23 0
-3.7025 -8.27913 30 31 1
2.15865 -6.85118 0 6 0
2.17617 -6.91732 10 14 0
2.19112 -6.98184 20 22 0
2.20617 -7.03924 30 30 1
-0.93699 -5.21798 0 6 0
-0.9475 -5.2625 10 15 0
-0.958638 -5.30944 20 22 0
-0.9675 -5.36029 30 31 1
1.70405 -5.27024 1.13687e-13 6 0
1.71617 -5.31181 10 14 0
1.73111 -5.3617 20 22 1
-2.01668 -7.78538 1.13687e-13 6 0
-2.0375 -7.85157 10 15 0
-2.05727 -7.92256 20 22 0
-2.0775 -7.99057 30 31 1
-5.81442 5.14957 0 1 0
-5.8709 5.1975 10 9 0
-5.9237 5.24354 20 17 0
-5.98005 5.2925 30 25 1
1.97067 7.29541 -1.13687e-13 2 0
1.9875 7.36316 10 11 0
2.00315 7.42607 20 18 0
2.0175 7.49216 30 27 1
-2.62823 -7.55019 1.13687e-13 6 0
-2.6525 -7.61804 10 15 0
-2.67964 -7.68738 20 22 0
-2.7075 -7.75789 30 31 1
2.06815 -4.41502 0 5 0
2.08617 -4.45851 10 14 0
2.10062 -4.49342 20 21 0
2.11617 -4.53094 30 30 1
-0.775896 7.15823 0 2 0
-0.786169 7.22438 10 10 0
-0.794838 7.28235 20 18 0
-0.806169 7.35044 30 26 1
6.06957 -4.21075 -2.27374e-13 5 0
6.12799 -4.2525 10 13 0
6.17727 -4.28783 20 21 0
6.23127 -4.3275 30 29 1
-7.45873 1.12911 1.13687e-13 0 0
-7.52433 1.1375 10 9 0
-7.59592 1.14806 20 16 0
-7.66454 1.1575 30 25 1
5.44954 -4.67372 -1.13687e-13 5 0
5.49197 -4.7125 10 13 0
5.54305 -4.75574 20 21 0
5.59111 -4.7975 30 29 1
6.10057 2.92328 0 3 0
6.15083 2.95117 10 12 0
6.20397 2.97693 20 19 0
6.2624 3.00617 30 28 1
-0.202228 5.82553 0 2 0
-0.206169 5.87363 10 10 0
-0.213052 5.93006 20 18 0
-0.216169 5.98262 30 26 1
-2.5775 -5.97327 10 15 0
-2.60129 -6.02529 20 23 0
-2.6275 -6.07983 30 31 1
1.6649 5.09386 0 2 0
1.6775 5.1369 10 11 0
1.69196 5.18532 20 18 0
1.7025 5.23262 30 27 1
-3.10617 5.63408 10 10 0
-3.13928 5.68131 20 17 0
-3.16617 5.72943 30 26 1
6.40192 5.15335 1.13687e-13 3 0
6.45835 5.19617 10 12 0
6.50849 5.24079 20 19 0
6.5675 5.29117 30 28 1
-1.63369 5.88433 0 2 0
-1.65117 5.93977 10 10 0
-1.66616 5.98885 20 18 0
-1.68117 6.04048 30 26 1
-0.453884 4.47324 -1.13687e-13 2 0
-0.461169 4.51643 10 10 0
-0.467414 4.55817 20 18 0
-0.471169 4.59007 30 26 1
-8.85022 0.93699 1.13687e-13 0 0
-8.93239 0.9475 10 9 0
-9.01355 0.955932 20 16 0
-9.09588 0.9625 30 25 1
4.94164 5.71747 1.13687e-13 3 0
4.9825 5.76904 10 11 0
5.02908 5.82404 20 19 0
5.0725 5.87318 30 27 1
7.88337 1.48216 0 4 0
7.95559 1.49617 10 12 0
8.02056 1.50651 20 20 0
8.09373 1.52117 30 28 1
-6.14008 -3.56743 -1.13687e-13 7 0
-6.19979 -3.60117 10 8 0
-6.25273 -3.63033 20 23 0
-6.31428 -3.66617 30 24 1
-1.97879 -7.65472 1.13687e-13 6 0
-1.9975 -7.72672 10 15 0
-2.01938 -7.80497 20 22 0
-2.0375 -7.86571 30 31 1
-4.37803 5.74523 2.27374e-13 1 0
-4.41617 5.79149 10 10 0
-4.45623 5.84257 20 17 0
-4.50117 5.8977 30 26 1
-4.39556 7.00265 0 1 0
-4.43617 7.07014 10 10 0
-4.47423 7.12724 20 17 0
-4.52117 7.19757 30 26 1
2.52457 3.95861 -2.27374e-13 3 0
2.5425 3.99372 10 11 0
2.56469 4.02935 20 19 0
2.5875 4.06701 30 27 1
1.50525 5.07426 0 2 0
1.5175 5.1254 10 11 0
1.52689 5.16572 20 18 0
1.5375 5.21611 30 27 1
-6.94264 0.0927239 0 0 0
-7.00966 0.0925 10 9 0
-7.0733 0.0927239 20 16 0
-7.13694 0.0925 30 25 1
-2.49944 -4.15927 1.13687e-13 7 0
-2.5225 -4.19292 10 15 0
-2.5461 -4.23272 20 23 0
-2.5725 -4.27121 30 31 1
-7.48487 -2.29666 1.13687e-13 0 0
-7.56437 -2.32117 10 8 0
-7.62859 -2.33995 20 16 0
-7.69629 -2.36117 30 24 1
1.23465 7.93563 1.13687e-13 2 0
1.2425 8.00409 10 11 0
1.25088 8.07935 20 18 0
1.2575 8.14637 30 27 1
-2.45131 4.97422 -1.13687e-13 1 0
-2.47617 5.01822 10 10 0
-2.49956 5.06456 20 17 0
-2.52617 5.11064 30 26 1
-5.84633 6.33718 0 1 0
-5.90617 6.39761 10 10 0
-5.95719 6.44805 20 17 0
-6.01617 6.50761 30 26 1
-2.6725 -5.8632 10 15 0
-2.69808 -5.91926 20 23 0
-2.7225 -5.96977 30 31 1
1.38348 5.47276 1.13687e-13 2 0
1.3925 5.52366 10 11 0
1.40242 5.57075 20 18 0
1.4125 5.62144 30 27 1
-2.61404 4.32183 1.13687e-13 1 0
-2.64117 4.36297 10 10 0
-2.66724 4.39798 20 17 0
-2.69617 4.43919 30 26 1
6.38735 1.42533 0 4 0
6.44395 1.44117 10 12 0
6.49841 1.4551 20 20 0
6.5538 1.46617 30 28 1
3.04495 7.61552 0 2 0
3.0725 7.69156 10 11 0
3.09907 7.75924 20 18 0
3.1225 7.82641 30 27 1
-0.165785 -8.04669 0 6 0
-0.1675 -8.1241 10 15 0
-0.173903 -8.19694 20 22 0
-0.1775 -8.27553 30 31 1
0.651421 -7.8507 0 6 0
0.656169 -7.91462 10 14 0
0.659539 -7.98789 20 22 0
0.666169 -8.05897 30 30 1
-8.84518 -1.43117 10 8 0
-8.92862 -1.44427 20 16 0
-9.0116 -1.45617 30 24 1
-6.21097 -0.480944 1.13687e-13 0 0
-6.27384 -0.486169 10 8 0
-6.33509 -0.489062 20 16 0
-6.3849 -0.491169 30 24 1
0.729894 -5.88433 -1.13687e-13 6 0
0.736169 -5.93694 10 14 0
0.740718 -5.98885 20 22 0
0.741169 -6.04093 30 30 1
-4.73319 2.7375 10 9 0
-4.77606 2.76034 20 17 0
-4.82062 2.7825 30 25 1
5.94965 0.924725 1.13687e-13 4 0
5.99759 0.931169 10 12 0
6.05418 0.940961 20 20 0
6.10451 0.946169 30 28 1
5.45465 3.84636 -1.13687e-13 3 0
5.49691 3.88117 10 12 0
5.54928 3.91803 20 19 0
5.59519 3.95117 30 28 1
-7.25665 4.97305 0 1 0
-7.32432 5.0175 10 9 0
-7.39048 5.06096 20 17 0
-7.45882 5.1025 30 25 1
1.16159 5.09386 -1.13687e-13 2 0
1.1725 5.14102 10 11 0
1.18053 5.17878 20 18 0
1.1875 5.22673 30 27 1
6.25537 -5.52164 -1.13687e-13 5 0
6.30954 -5.5725 10 13 0
6.36082 -5.61944 20 21 0
6.41662 -5.6725 30 29 1
-5.77709 3.03426 1.13687e-13 1 0
-5.82894 3.0625 10 9 0
-5.88702 3.09063 20 17 0
-5.94051 3.1175 30 25 1
6.07378 1.70134 0 4 0
6.13205 1.71617 10 12 0
6.18484 1.73111 20 20 0
6.23276 1.74617 30 28 1
-3.69314 6.20839 1.13687e-13 1 0
-3.73117 6.26615 10 10 0
-3.7691 6.32644 20 17 0
-3.80117 6.37857 30 26 1
-4.0925 -4.78005 10 15 0
-4.13377 -4.8254 20 23 0
-4.1725 -4.87419 30 31 1
-7.51753 -3.10033 1.13687e-13 0 0
-7.59655 -3.13117 10 8 0
-7.66779 -3.15716 20 16 0
-7.7364 -3.18617 30 24 1
-2.8825 -4.17816 10 15 0
-2.91298 -4.21691 20 23 0
-2.9375 -4.25437 30 31 1
-6.22402 5.43288 0 1 0
-6.28318 5.4825 10 9 0
-6.33983 5.52956 20 17 0
-6.4044 5.5825 30 25 1
0.138726 8.63464 -1.13687e-13 2 0
0.1375 8.70929 10 11 0
0.13602 8.7849 20 18 0
0.1325 8.86692 30 27 1
3.24924 4.23172 -3.41061e-13 3 0
3.2775 4.2691 10 11 0
3.30243 4.30787 20 19 1
7.64165 -2.5254 2.27374e-13 4 0
7.70896 -2.5525 10 13 0
7.77231 -2.57411 20 20 0
7.84588 -2.5975 30 29 1
1.2765 -6.87731 -1.13687e-13 6 0
1.28617 -6.93949 10 14 0
1.29544 -7.00144 20 22 0
1.30117 -7.06055 30 30 1
6.85118 -1.77043 1.13687e-13 4 0
6.90861 -1.7875 10 13 0
6.96877 -1.8029 20 20 0
7.02346 -1.8175 30 29 1
2.7166 -4.47796 0 5 0
2.74117 -4.51954 10 14 0
2.76214 -4.56177 20 21 1
-4.14242 2.4225 10 9 0
-4.17906 2.4427 20 17 0
-4.22278 2.4675 30 25 1
-8.48915 1.5225 10 9 0
-8.57585 1.53772 20 16 0
-8.6535 1.5525 30 25 1
2.70941 8.04669 -1.13687e-13 2 0
2.7325 8.12231 10 11 0
2.75541 8.19694 20 18 0
2.7775 8.2663 30 27 1
-5.53809 -0.175168 1.13687e-13 0 0
-5.58907 -0.176169 10 8 0
-5.64261 -0.18058 20 16 0
-5.70014 -0.181169 30 24 1
-4.03466 -7.91788 0 7 0
-4.0775 -7.99652 10 15 0
-4.11762 -8.06589 20 23 0
-4.1525 -8.13516 30 31 1
1.04252 4.24459 -1.13687e-13 2 0
1.0525 4.28563 10 11 0
1.05876 4.32298 20 18 0
1.0675 4.3572 30 27 1
-0.2225 -8.37002 10 15 0
-0.228023 -8.44519 20 22 0
-0.2325 -8.52144 30 31 1
6.73359 1.0492 1.13687e-13 4 0
6.79227 1.06117 10 12 0
6.84465 1.06814 20 20 0
6.90626 1.07617 30 28 1
-2.72835 -6.75972 -1.13687e-13 6 0
-2.7575 -6.82502 10 15 0
-2.78247 -6.87731 20 22 0
-2.8075 -6.94573 30 31 1
-4.14726 -2.49617 10 8 0
-4.19183 -2.52231 20 23 0
-4.22762 -2.54117 30 24 1
-5.29852 -3.7438 0 7 0
-5.34741 -3.78117 10 8 0
-5.39697 -3.81165 20 23 0
-5.44777 -3.84617 30 24 1
-3.8992 -7.27728 0 7 0
-3.9375 -7.34034 10 15 0
-3.97404 -7.40569 20 23 0
-4.0125 -7.4719 30 31 1
4.87174 -0.977579 0 4 0
4.9136 -0.9875 10 13 0
4.95013 -0.993815 20 20 0
4.99931 -1.0025 30 29 1
0.880164 6.88385 -1.13687e-13 2 0
0.8875 6.94199 10 11 0
0.893694 7.00797 20 18 0
0.8975 7.06512 30 27 1
0.250936 -5.91699 -1.13687e-13 6 0
0.251169 -5.96813 10 14 0
0.250936 -6.02152 20 22 0
0.251169 -6.08126 30 30 1
-1.67428 4.34912 1.13687e-13 2 0
-1.69117 4.38878 10 10 0
-1.70946 4.43404 20 18 0
-1.72617 4.46621 30 26 1
6.06278 3.90342 -1.13687e-13 3 0
6.11552 3.94117 10 12 0
6.17047 3.9805 20 19 0
6.22588 4.01617 30 28 1
7.50446 0.643303 1.13687e-13 4 0
7.57021 0.651169 10 12 0
7.64165 0.656833 20 20 0
7.70042 0.661169 30 28 1
1.82455 5.49236 -1.13687e-13 2 0
1.8375 5.54439 10 11 0
1.85432 5.59035 20 18 0
1.8675 5.6451 30 27 1
7.86377 -2.41175 2.27374e-13 4 0
7.93544 -2.4325 10 13 0
8.00749 -2.45504 20 20 0
8.07237 -2.4775 30 29 1
6.76483 -4.6611 -2.27374e-13 5 0
6.8184 -4.7025 10 13 0
6.88177 -4.74741 20 21 0
6.94583 -4.7875 30 29 1
7.26928 -1.56478 1.13687e-13 4 0
7.32793 -1.5775 10 13 0
7.39341 -1.59454 20 20 0
7.45693 -1.6075 30 29 1
-4.5125 -6.44455 10 15 0
-4.55398 -6.49316 20 23 0
-4.5975 -6.55077 30 31 1
-3.11815 7.10673 0 1 0
-3.15117 7.17107 10 10 0
-3.18263 7.23627 20 17 0
-3.21617 7.29971 30 26 1
-1.36851 5.28331 -1.13687e-13 2 0
-1.38117 5.33743 10 10 0
-1.39827 5.3813 20 18 0
-1.41617 5.429 30 26 1
0.961169 -8.05698 10 14 0
0.965315 -8.12508 20 22 0
0.971169 -8.20134 30 30 1
1.82996 4.43404 1.13687e-13 2 0
1.8425 4.47459 10 11 0
1.85702 4.51244 20 18 0
1.8675 4.55616 30 27 1
-5.49306 4.33455 0 1 0
-5.54795 4.3725 10 9 0
-5.59423 4.40893 20 17 0
-5.64416 4.4475 30 25 1
-4.95109 -6.57647 1.13687e-13 7 0
-4.9975 -6.63257 10 15 0
-5.05047 -6.69882 20 23 0
-5.0925 -6.75585 30 31 1
2.38469 7.45873 0 2 0
2.4025 7.52361 10 11 0
2.42528 7.59592 20 18 0
2.4425 7.6626 30 27 1
5.20491 0.150814 1.13687e-13 4 0
5.25294 0.151169 10 12 0
5.30291 0.15352 20 20 0
5.3428 0.156169 30 28 1
2.19924 -5.94312 0 6 0
2.21617 -5.99565 10 14 0
2.23713 -6.04765 20 22 0
2.25617 -6.10637 30 30 1
3.68435 -5.31178 0 5 0
3.71617 -5.36019 10 14 0
3.74566 -5.40753 20 21 0
3.77617 -5.45555 30 30 1
6.42002 -1.02358 1.13687e-13 4 0
6.47888 -1.0325 10 13 0
6.53108 -1.04252 20 20 0
6.5908 -1.0525 30 29 1
-6.47228 -1.23862 1.13687e-13 0 0
-6.53179 -1.24617 10 8 0
-6.58987 -1.26027 20 16 0
-6.65579 -1.27117 30 24 1
-5.30359 -4.4224 1.13687e-13 7 0
-5.35359 -4.46617 10 8 0
-5.41017 -4.50984 20 23 0
-5.4548 -4.54617 30 24 1
3.56169 -4.58447 0 5 0
3.59117 -4.62708 10 14 0
3.62412 -4.66986 20 21 0
3.65117 -4.70829 30 30 1
-7.21702 -0.767778 -1.13687e-13 0 0
-7.28509 -0.776169 10 8 0
-7.35421 -0.781308 20 16 0
-7.41529 -0.786169 30 24 1
-7.18244 -4.05872 1.13687e-13 7 0
-7.24633 -4.09617 10 8 0
-7.31738 -4.13626 20 23 0
-7.38497 -4.17117 30 24 1
5.15331 -3.65804 -2.27374e-13 5 0
5.19529 -3.6875 10 13 0
5.2387 -3.72047 20 21 0
5.2815 -3.7525 30 29 1
6.23572 3.85058 0 3 0
6.2868 3.88617 10 12 0
6.34724 3.92384 20 19 0
6.40422 3.96117 30 28 1
5.32482 -6.11034 -1.13687e-13 5 0
5.37117 -6.16666 10 14 0
5.41497 -6.22345 20 21 1
4.26201 -7.00686 -1.13687e-13 5 0
4.29617 -7.07156 10 14 0
4.33031 -7.13257 20 21 0
4.36617 -7.2052 30 30 1
4.05514 1.59581 0 4 0
4.08958 1.61117 10 12 0
4.12047 1.62287 20 20 0
4.15493 1.64117 30 28 1
5.60257 -3.98484 -1.13687e-13 5 0
5.6505 -4.0225 10 13 0
5.6972 -4.05651 20 21 0
5.74878 -4.0925 30 29 1
2.21151 6.66173 0 2 0
2.2325 6.72428 10 11 0
2.24668 6.78586 20 18 0
2.2675 6.84413 30 27 1
5.07426 -0.958638 1.13687e-13 4 0
5.11987 -0.9675 10 13 0
5.16572 -0.974873 20 20 0
5.20558 -0.9825 30 29 1
-4.85971 -0.776169 10 8 0
-4.9044 -0.784014 20 16 0
-4.95249 -0.791169 30 24 1
-0.885576 -8.2688 0 6 0
-0.8975 -8.34499 10 15 0
-0.90993 -8.41906 20 22 0
-0.9175 -8.49227 30 31 1
-1.49027 5.01546 0 2 0
-1.50617 5.05938 10 10 0
-1.52275 5.10692 20 18 0
-1.54117 5.15095 30 26 1
-0.866634 -6.83812 0 6 0
-0.8775 -6.9037 10 15 0
-0.885576 -6.96224 20 22 0
-0.8975 -7.0227 30 31 1
-0.683893 7.55019 -1.13687e-13 2 0
-0.691169 7.61728 10 10 0
-0.697422 7.68738 20 18 0
-0.706169 7.75249 30 26 1
-1.99629 5.66221 0 2 0
-2.01617 5.7108 10 10 0
-2.03688 5.7602 20 18 0
-2.06117 5.81237 30 26 1
-8.37333 1.02629 1.13687e-13 0 0
-8.44463 1.0325 10 9 0
-8.52358 1.04523 20 16 0
-8.59898 1.0525 30 25 1
-3.93771 3.5825 10 9 0
-3.97718 3.61465 20 17 0
-4.01685 3.6475 30 25 1
-5.93737 -3.54841 0 7 0
-5.99594 -3.58117 10 8 0
-6.05002 -3.6113 20 23 0
-6.11044 -3.64617 30 24 1
-6.80155 4.22711 0 1 0
-6.86423 4.2675 10 9 0
-6.93267 4.30848 20 17 0
-6.9958 4.3425 30 25 1
-1.27524 -6.41348 0 6 0
-1.2875 -6.47225 10 15 0
-1.3023 -6.53108 20 22 0
-1.3175 -6.5871 30 31 1
-4.70122 4.84 -1.13687e-13 1 0
-4.74617 4.88405 10 10 0
-4.7936 4.93239 20 17 0
-4.83617 4.97405 30 26 1
-5.06937 -2.71117 10 8 0
-5.11129 -2.72998 20 23 0
-5.16387 -2.75617 30 24 1
5.68661 5.58226 0 3 0
5.7337 5.63117 10 12 0
5.7817 5.68118 20 19 0
5.82663 5.73117 30 28 1
-2.84117 4.64783 10 10 0
-2.87076 4.69335 20 17 0
-2.89617 4.73111 30 26 1
5.89095 2.28117 10 12 0
6.86668 3.1919 20 19 0
7.83823 4.10117 30 28 1
7.38398 3.5523 0 3 0
7.45051 3.58617 10 12 0
7.51622 3.62331 20 19 0
7.57915 3.65117 30 28 1
-1.67699 5.80593 0 2 0
-1.69117 5.85956 10 10 0
-1.70946 5.91046 20 18 0
-1.72617 5.96527 30 26 1
4.63656 1.81499 1.13687e-13 4 0
4.67727 1.83117 10 12 0
4.71495 1.84746 20 20 0
4.76177 1.86617 30 28 1
4.24483 -3.79046 0 5 0
4.2767 -3.8225 10 13 0
4.31604 -3.85784 20 21 0
4.35377 -3.8925 30 29 1
-2.58617 5.27671 10 10 0
-2.61162 5.32204 20 17 0
-2.64117 5.37414 30 26 1
5.48547 -5.79264 -1.13687e-13 5 0
5.53617 -5.84376 10 14 0
5.58327 -5.89809 20 21 0
5.63117 -5.9529 30 30 1
2.02209 6.49188 -1.13687e-13 2 0
2.0375 6.55049 10 11 0
2.05456 6.60947 20 18 0
2.0725 6.67035 30 27 1
3.11378 5.7992 0 3 0
3.1375 5.84737 10 11 0
3.1609 5.8999 20 19 0
3.1875 5.95394 30 27 1
4.63012 -4.55078 0 5 0
4.66693 -4.5875 10 13 0
4.70674 -4.63122 20 21 0
4.75193 -4.6725 30 29 1
-0.157667 -6.56374 0 6 0
-0.1625 -6.62004 10 15 0
-0.163079 -6.68133 20 22 0
-0.1675 -6.73817 30 31 1
-4.63115 -7.67246 0 7 0
-4.6725 -7.73593 10 15 0
-4.72176 -7.81282 20 23 0
-4.7625 -7.87542 30 31 1
6.86425 -1.72172 1.13687e-13 4 0
6.92225 -1.7375 10 13 0
6.98184 -1.7542 20 20 0
7.0421 -1.7725 30 29 1
-3.26684 -8.20348 -1.13687e-13 6 0
-3.2975 -8.27718 10 15 0
-3.33178 -8.3472 20 22 0
-3.3625 -8.42704 30 31 1
-5.79243 2.64013 0 1 0
-5.84406 2.6675 10 9 0
-5.89966 2.68996 20 17 0
-5.9527 2.7125 30 25 1
-5.55366 3.01748 -1.13687e-13 1 0
-5.60388 3.0425 10 9 0
-5.66359 3.07385 20 17 0
-5.71545 3.0975 30 25 1
5.87945 -3.25526 0 5 0
5.93373 -3.2875 10 13 0
5.97903 -3.31274 20 21 0
6.03616 -3.3475 30 29 1
3.61062 3.13124 -1.13687e-13 3 0
3.63847 3.16117 10 12 0
3.66876 3.19321 20 19 0
3.69847 3.22117 30 28 1
-3.7025 -4.28398 10 15 0
-3.73735 -4.32566 20 23 0
-3.7775 -4.36605 30 31 1
6.01498 -0.287554 2.27374e-13 4 0
6.06622 -0.2875 10 13 0
6.11951 -0.292966 20 20 0
6.17021 -0.2925 30 29 1
-2.90617 4.69868 10 10 0
-2.93114 4.7346 20 17 0
-2.96117 4.7749 30 26 1
-7.63512 2.29539 0 0 0
-7.70731 2.3175 10 9 0
-7.77884 2.33869 20 16 0
-7.85337 2.3575 30 25 1
-0.253642 6.38082 0 2 0
-0.256169 6.43982 10 10 0
-0.26176 6.49188 20 18 0
-0.266169 6.55588 30 26 1
3.1887 3.87651 -1.13687e-13 3 0
3.2125 3.90712 10 11 0
3.23919 3.94613 20 19 0
3.2675 3.98333 30 27 1
-6.62702 4.26306 0 1 0
-6.69417 4.3025 10 9 0
-6.75161 4.34172 20 17 0
-6.8116 4.3775 30 25 1
2.80538 -7.90297 -1.13687e-13 6 0
2.82617 -7.97037 10 14 0
2.85138 -8.04016 20 22 0
2.87617 -8.11229 30 30 1
-1.82617 7.52191 10 10 0
-1.84746 7.58939 20 18 0
-1.86617 7.66091 30 26 1
-0.934284 -7.04064 -1.13687e-13 6 0
-0.9475 -7.10805 10 15 0
-0.955932 -7.17129 20 22 0
-0.9675 -7.23412 30 31 1
3.97688 5.89693 -2.27374e-13 3 0
4.0125 5.95163 10 11 0
4.0436 6.00575 20 19 0
4.0775 6.05905 30 27 1
-8.59544 -1.2305 2.27374e-13 0 0
-8.66933 -1.24117 10 8 0
-8.75223 -1.25215 20 16 0
-8.83575 -1.26617 30 24 1
4.19838 3.43965 -2.27374e-13 3 0
4.23838 3.47117 10 12 0
4.27341 3.5032 20 19 0
4.30338 3.53617 30 28 1
5.8386 -1.45924 0 4 0
5.8865 -1.4725 10 13 0
5.93659 -1.4836 20 20 0
5.98928 -1.4975 30 29 1
-5.98232 -2.38325 0 0 0
-6.03716 -2.40617 10 8 0
-6.09338 -2.42925 20 16 0
-6.1458 -2.45117 30 24 1
4.91469 -3.43472 0 5 0
4.95615 -3.4625 10 13 0
5.00008 -3.49715 20 21 0
5.04236 -3.5275 30 29 1
-8.56278 1.14264 0 0 0
-8.64241 1.1525 10 9 0
-8.7261 1.16159 20 16 0
-8.80383 1.1725 30 25 1
-5.83965 -5.80801 -1.13687e-13 7 0
-5.88799 -5.85617 10 8 0
-5.94781 -5.91235 20 23 0
-6.00506 -5.96617 30 24 1
4.14285 2.31261 0 3 0
4.17318 2.33117 10 12 0
4.21359 2.35273 20 19 0
4.24647 2.37617 30 28 1
4.0372 -2.49217 -2.27374e-13 5 0
4.07479 -2.5175 10 13 0
4.11064 -2.53883 20 21 0
4.141 -2.5625 30 29 1
7.07983 2.63761 0 4 0
7.14069 2.66117 10 12 0
7.20396 2.68361 20 20 0
7.26847 2.71117 30 28 1
4.80093 -6.50489 0 5 0
4.84117 -6.56297 10 14 0
4.88072 -6.61912 20 21 0
4.92617 -6.68333 30 30 1
4.77607 2.54783 -2.27374e-13 3 0
4.82123 2.57617 10 12 0
4.86258 2.5999 20 19 0
4.90159 2.62117 30 28 1
-0.617684 -5.79287 -1.13687e-13 6 0
-0.6225 -5.8426 10 15 0
-0.631214 -5.89086 20 22 0
-0.6375 -5.94952 30 31 1
0.440354 -6.50494 0 6 0
0.441169 -6.56825 10 14 0
0.44306 -6.62907 20 22 0
0.446169 -6.68639 30 30 1
-1.68617 7.55869 10 10 0
-1.70405 7.62206 20 18 0
-1.72117 7.69269 30 26 1
-1.80958 6.04765 -1.13687e-13 2 0
-1.82617 6.10063 10 10 0
-1.84746 6.16524 20 18 0
-1.86617 6.21841 30 26 1
-3.37117 3.53027 10 10 0
-3.40284 3.56076 20 17 0
-3.43617 3.5882 30 26 1
6.58334 0.992374 2.27374e-13 4 0
6.63327 1.00117 10 12 0
6.6944 1.01132 20 20 0
6.75227 1.02117 30 28 1
-6.26323 -0.112931 2.27374e-13 0 0
-6.32103 -0.116169 10 8 0
-6.37429 -0.115637 20 16 0
-6.43417 -0.116169 30 24 1
2.79062 3.2029 -2.27374e-13 3 0
2.8125 3.23135 10 11 0
2.83569 3.25945 20 19 0
2.8575 3.28342 30 27 1
-6.56608 3.12295 1.13687e-13 1 0
-6.62605 3.1525 10 9 0
-6.69291 3.1809 20 17 0
-6.75176 3.2075 30 25 1
-6.67848 4.92298 0 1 0
-6.73899 4.9625 10 9 0
-6.79924 5.00548 20 17 0
-6.86435 5.0525 30 25 1
3.97879 -5.4608 1.13687e-13 5 0
4.01117 -5.5067 10 14 0
4.04663 -5.55925 20 21 1
1.96923 -8.41906 -1.13687e-13 6 0
1.98617 -8.49509 10 14 0
1.999 -8.56931 20 22 0
2.01617 -8.6453 30 30 1
-0.126461 8.19041 -1.13687e-13 2 0
-0.131169 8.2735 10 10 0
-0.134578 8.34066 20 18 0
-0.136169 8.41285 30 26 1
7.0733 -2.58764 1.13687e-13 4 0
7.13257 -2.6125 10 13 0
7.19742 -2.63364 20 20 0
7.25535 -2.6575 30 29 1
-4.88178 1.8325 10 9 0
-4.93054 1.85161 20 16 0
-4.97335 1.8675 30 25 1
-6.99525 -5.78878 0 7 0
-7.06093 -5.84117 10 8 0
-7.13066 -5.89358 20 23 0
-7.19921 -5.95117 30 24 1
4.85214 1.09791 0 4 0
4.88565 1.10617 10 12 0
4.93707 1.11685 20 20 0
4.97637 1.12617 30 28 1
-3.0025 -6.38412 10 15 0
-3.03122 -6.43608 20 23 0
-3.0575 -6.48862 30 31 1
7.23662 -0.263201 0 4 0
7.29779 -0.2675 10 13 0
7.36728 -0.268613 20 20 0
7.43007 -0.2725 30 29 1
1.96526 5.49236 0 2 0
1.9825 5.5409 10 11 0
1.99773 5.58382 20 18 0
2.0125 5.64161 30 27 1
-7.84417 -0.0533991 -1.13687e-13 0 0
-7.92273 -0.0561686 10 8 0
-7.99443 -0.0561051 20 16 0
-8.06415 -0.0561686 30 24 1
-5.67528 -0.123755 1.13687e-13 0 0
-5.72999 -0.126169 10 8 0
-5.78633 -0.126461 20 16 0
-5.83606 -0.126169 30 24 1
-6.71399 1.50254 1.13687e-13 0 0
-6.77503 1.5125 10 9 0
-6.83812 1.52689 20 16 0
-6.90402 1.5425 30 25 1
-5.26655 2.23289 0 1 0
-5.31593 2.2525 10 9 0
-5.36454 2.27348 20 17 0
-5.41956 2.2925 30 25 1
-3.72888 -3.01117 10 8 0
-3.76732 -3.03921 20 23 0
-3.8051 -3.06617 30 24 1
-1.8922 -8.63464 1.13687e-13 6 0
-1.9125 -8.71652 10 15 0
-1.93279 -8.79796 20 22 0
-1.9475 -8.87173 30 31 1
5.48111 5.39973 0 3 0
5.53249 5.45117 10 12 0
5.57621 5.49865 20 19 0
5.62541 5.55117 30 28 1
-1.57019 -5.84513 0 6 0
-1.5875 -5.9025 10 15 0
-1.60266 -5.94965 20 22 0
-1.6175 -6.00321 30 31 1
2.70186 5.37963 -2.27374e-13 3 0
2.7225 5.4253 10 11 0
2.73974 5.47109 20 19 0
2.7675 5.52687 30 27 1
7.79789 -2.7475 10 13 0
7.8507 -2.76353 20 20 0
7.91775 -2.7825 30 29 1
-6.30982 -6.06771 0 7 0
-6.37219 -6.12117 10 8 0
-6.43104 -6.17745 20 23 0
-6.48926 -6.23117 30 24 1
4.39714 -3.89684 -1.13687e-13 5 0
4.4362 -3.9325 10 13 0
4.47758 -3.97346 20 21 0
4.5112 -4.0075 30 29 1
-8.00096 0.184727 0 0 0
-8.08046 0.1875 10 9 0
-8.15121 0.187433 20 16 0
-8.22896 0.1875 30 25 1
-5.8221 -5.84404 1.13687e-13 7 0
-5.8775 -5.90037 10 15 0
-5.9395 -5.95761 20 23 0
-5.9925 -6.0083 30 31 1
-6.2567 0.468855 1.13687e-13 0 0
-6.31485 0.4725 10 9 0
-6.36775 0.476973 20 16 0
-6.42592 0.4775 30 25 1
7.79844 0.299643 1.13687e-13 4 0
7.87075 0.301169 10 12 0
7.94216 0.305055 20 20 0
8.00303 0.306169 30 28 1
-6.68616 -5.61746 0 7 0
-6.74951 -5.67117 10 8 0
-6.81775 -5.72608 20 23 0
-6.88279 -5.77617 30 24 1
7.68282 0.106169 10 12 0
7.74618 0.104813 20 20 0
7.8101 0.106169 30 28 1
7.04046 4.33004 -2.27374e-13 3 0
7.09914 4.36617 10 12 0
7.15851 4.406 20 19 0
7.22156 4.44617 30 28 1
-5.88912 -2.54344 0 7 0
-5.9476 -2.57117 10 8 0
-6.00017 -2.58945 20 23 0
-6.05624 -2.61617 30 24 1
-5.27031 -7.19036 0 7 0
-5.3175 -7.25663 10 15 0
-5.36858 -7.32307 20 23 0
-5.4225 -7.38991 30 31 1
-4.41002 -2.18617 10 8 0
-4.44842 -2.20105 20 23 0
-4.49245 -2.22617 30 24 1
6.80106 4.36618 0 3 0
6.85629 4.40617 10 12 0
6.92183 4.44867 20 19 0
6.97872 4.48617 30 28 1
-8.24267 -0.927431 1.13687e-13 0 0
-8.3219 -0.936169 10 8 0
-8.39946 -0.943667 20 16 0
-8.47625 -0.956169 30 24 1
-1.53772 -4.32952 0 6 0
-1.5525 -4.36844 10 15 0
-1.57019 -4.40791 20 22 0
-1.5875 -4.44586 30 31 1
-1.66617 7.32656 10 10 0
-1.67969 7.39341 20 18 0
-1.70117 7.46055 30 26 1
-3.91733 -7.04666 0 7 0
-3.9525 -7.10785 10 15 0
-3.99217 -7.17508 20 23 0
-4.0325 -7.23735 30 31 1
-7.26859 -3.86169 -1.13687e-13 7 0
-7.33624 -3.89617 10 8 0
-7.40737 -3.93541 20 23 0
-7.46988 -3.96617 30 24 1
-6.80388 -4.15087 1.13687e-13 7 0
-6.86257 -4.18617 10 8 0
-6.92577 -4.223 20 23 0
-6.99414 -4.26117 30 24 1
7.06023 1.99629 1.13687e-13 4 0
7.11794 2.01617 10 12 0
7.17782 2.03418 20 20 0
7.2378 2.05117 30 28 1
-5.07918 -6.02339 -1.13687e-13 7 0
-5.1275 -6.07668 10 15 0
-5.17969 -6.13538 20 23 0
-5.2275 -6.19082 30 31 1
2.27771 -7.58286 -1.13687e-13 6 0
2.29617 -7.6525 10 14 0
2.31289 -7.72005 20 22 0
2.33617 -7.7915 30 30 1
-2.61707 -3.82915 1.13687e-13 7 0
-2.6425 -3.86038 10 15 0
-2.66755 -3.89877 20 23 0
-2.6925 -3.93159 30 31 1
4.75956 -5.75173 0 5 0
4.80117 -5.80172 10 14 0
4.84047 -5.8556 20 21 0
4.88617 -5.91501 30 30 1
-5.50562 -5.77248 1.13687e-13 7 0
-5.5575 -5.82785 10 15 0
-5.60996 -5.88064 20 23 0
-5.6625 -5.93285 30 31 1
-6.01231 -4.74843 0 7 0
-6.0675 -4.79117 10 8 0
-6.12541 -4.83858 20 23 0
-6.18578 -4.88117 30 24 1
-6.30272 5.17865 0 1 0
-6.35552 5.2225 10 9 0
-6.41582 5.26879 20 17 0
-6.47881 5.3175 30 25 1
-4.84209 0.7675 10 9 0
-4.88481 0.771925 20 16 0
-4.93694 0.7775 30 25 1
2.90705 5.84887 0 3 0
2.9325 5.904 10 11 0
2.95688 5.9561 20 19 0
2.9825 6.01057 30 27 1
-6.40695 -2.37513 1.13687e-13 0 0
-6.47057 -2.40117 10 8 0
-6.53108 -2.42113 20 16 0
-6.58835 -2.44117 30 24 1
-5.85027 -2.7763 0 7 0
-5.90683 -2.80617 10 8 0
-5.96403 -2.82884 20 23 0
-6.02047 -2.85617 30 24 1
-3.84117 4.33261 10 10 0
-3.87464 4.37315 20 17 0
-3.91117 4.40968 30 26 1
1.04794 8.64771 -2.27374e-13 2 0
1.0575 8.73126 10 11 0
1.06417 8.80449 20 18 0
1.0725 8.88061 30 27 1
2.92859 7.54366 -1.13687e-13 2 0
2.9525 7.60692 10 11 0
2.9773 7.67432 20 18 0
3.0025 7.74177 30 27 1
6.3417 3.21799 -1.13687e-13 3 0
6.39426 3.25117 10 12 0
6.44781 3.27818 20 19 0
6.50376 3.31117 30 28 1
3.39612 -4.53754 -2.27374e-13 5 0
3.42617 -4.57522 10 14 0
3.45585 -4.6164 20 21 0
3.48617 -4.6635 30 30 1
0.597301 -4.55817 0 6 0
0.601169 -4.60693 10 14 0
0.600007 -4.64309 20 22 0
0.606169 -4.68264 30 30 1
4.34927 4.75772 0 3 0
4.3825 4.79427 10 11 0
4.42206 4.84199 20 19 0
4.4575 4.88342 30 27 1
-1.1385 4.84561 0 2 0
-1.15117 4.88823 10 10 0
-1.16285 4.93054 20 18 0
-1.17617 4.97687 30 26 1
-5.4966 5.53206 -1.13687e-13 1 0
-5.54617 5.58506 10 10 0
-5.59823 5.63369 20 17 0
-5.65117 5.68299 30 26 1
5.37477 2.05041 1.13687e-13 4 0
5.41932 2.07117 10 12 0
5.46623 2.0883 20 20 0
5.51089 2.10617 30 28 1
-6.18229 4.43062 0 1 0
-6.24192 4.4725 10 9 0
-6.29652 4.51041 20 17 0
-6.35227 4.5475 30 25 1
-3.3225 -3.607 10 15 0
-3.35457 -3.63674 20 23 0
-3.3825 -3.65992 30 31 1
-2.0475 -7.07668 10 15 0
-2.06809 -7.13863 20 22 0
-2.0925 -7.20653 30 31 1
5.45405 -3.33883 0 5 0
5.49754 -3.3675 10 13 0
5.54326 -3.39743 20 21 0
5.5929 -3.4275 30 29 1
1.43218 4.32298 0 2 0
1.4425 4.35743 10 11 0
1.45383 4.40138 20 18 0
1.4675 4.439 30 27 1
6.08737 4.43316 -1.13687e-13 3 0
6.1364 4.47117 10 12 0
6.18853 4.50753 20 19 0
6.24469 4.55117 30 28 1
4.07292 1.36117 10 12 0
4.10087 1.37121 20 20 0
4.14035 1.38617 30 28 1
6.79239 2.67549 0 4 0
6.85542 2.70117 10 12 0
6.91651 2.72691 20 20 0
6.96906 2.75117 30 28 1
-6.17161 6.0119 0 1 0
-6.23179 6.0675 10 9 0
-6.29283 6.12165 20 17 0
-6.34886 6.1775 30 25 1
-4.70411 -1.47617 10 8 0
-4.75415 -1.49027 20 16 0
-4.79775 -1.50617 30 24 1
-3.80519 5.55125 0 1 0
-3.84117 5.59833 10 10 0
-3.87957 5.65241 20 17 0
-3.91617 5.70161 30 26 1
5.79287 0.567535 1.13687e-13 4 0
5.84972 0.571169 10 12 0
5.89739 0.578359 20 20 0
5.94457 0.581169 30 28 1
8.30147 -0.747571 0 4 0
8.37676 -0.7525 10 13 0
8.45172 -0.761101 20 20 0
8.52611 -0.7675 30 29 1
1.57145 -7.98136 -1.13687e-13 6 0
1.58617 -8.05266 10 14 0
1.59851 -8.12508 20 22 0
1.61117 -8.19787 30 30 1
2.48101 4.6766 -2.27374e-13 3 0
2.4975 4.71947 10 11 0
2.52272 4.76423 20 19 0
2.5375 4.80189 30 27 1
4.61043 -0.988403 2.27374e-13 4 0
4.64782 -0.9975 10 13 0
4.68882 -1.00464 20 20 0
4.72646 -1.0125 30 29 1
-3.96617 4.6061 10 10 0
-4.00248 4.64258 20 17 0
-4.04117 4.68817 30 26 1
-0.478238 7.15823 0 2 0
-0.486169 7.22843 10 10 0
-0.491768 7.29541 20 18 0
-0.496169 7.35157 30 26 1
-7.69392 -2.66467 1.13687e-13 0 0
-7.77173 -2.69117 10 8 0
-7.83764 -2.71338 20 16 0
-7.91365 -2.74117 30 24 1
-8.34066 0.374146 1.13687e-13 0 0
-8.41189 0.3775 10 9 0
-8.49092 0.382264 20 16 0
-8.56538 0.3825 30 25 1
-5.79298 -2.61186 -1.13687e-13 7 0
-5.85497 -2.64117 10 8 0
-5.90674 -2.6644 20 23 1
-5.01565 5.78204 0 1 0
-5.06117 5.82838 10 10 0
-5.11345 5.88749 20 17 0
-5.16117 5.93545 30 26 1
3.52366 -2.8856 -1.13687e-13 5 0
3.55762 -2.9125 10 13 0
3.58292 -2.93721 20 21 0
3.61262 -2.9675 30 29 1
6.55067 0.0912828 0 4 0
6.61423 0.0911686 10 12 0
6.6748 0.0939888 20 20 0
6.72529 0.0961686 30 28 1
-5.80593 0.985697 1.13687e-13 0 0
-5.86612 0.9925 10 9 0
-5.91699 1.00464 20 16 0
-5.97804 1.0125 30 25 1
6.4529 -2.87583 1.13687e-13 5 0
6.5104 -2.9025 10 13 0
6.56666 -2.92836 20 21 0
6.61697 -2.9525 30 29 1
-5.91046 0.817927 0 0 0
-5.96482 0.8225 10 9 0
-6.02152 0.831457 20 16 0
-6.07174 0.8375 30 25 1
-8.79143 -2.27501 1.13687e-13 0 0
-8.86873 -2.29617 10 8 0
-8.95475 -2.3156 20 16 0
-9.03601 -2.33617 30 24 1
-5.27965 -1.40117 10 8 0
-5.32904 -1.41451 20 16 0
-5.38243 -1.42617 30 24 1
7.56465 3.64878 0 3 0
7.63036 3.68117 10 12 0
7.70072 3.71597 20 19 0
7.76607 3.74617 30 28 1
4.02349 -6.5617 0 5 0
4.05617 -6.61943 10 14 0
4.08909 -6.68088 20 21 0
4.12617 -6.73893 30 30 1
-1.49117 7.34955 10 10 0
-1.50651 7.41954 20 18 0
-1.52117 7.47854 30 26 1
-5.59035 2.16821 1.13687e-13 0 0
-5.63983 2.1875 10 9 0
-5.69488 2.20609 20 16 0
-5.74347 2.2275 30 25 1
3.34276 -3.2328 0 5 0
3.37729 -3.2625 10 13 0
3.39819 -3.28823 20 21 0
3.42522 -3.3175 30 29 1
-1.71361 -8.6869 0 6 0
-1.7325 -8.76279 10 15 0
-1.74878 -8.83716 20 22 0
-1.7675 -8.918 30 31 1
-5.03896 -1.72617 10 8 0
-5.08732 -1.74193 20 16 0
-5.1376 -1.76117 30 24 1
5.72709 -4.82115 1.13687e-13 5 0
5.78132 -4.8675 10 13 0
5.82984 -4.91242 20 21 0
5.87339 -4.9525 30 29 1
2.74096 4.32425 0 3 0
2.7575 4.35721 10 11 0
2.7838 4.40153 20 19 0
2.8025 4.43757 30 27 1
2.52705 -5.53596 -2.27374e-13 5 0
2.54617 -5.59026 10 14 0
2.57034 -5.64048 20 21 0
2.58617 -5.68683 30 30 1
6.45921 -0.444501 2.27374e-13 4 0
6.51613 -0.4475 10 13 0
6.57027 -0.452619 20 20 0
6.63219 -0.4575 30 29 1
4.38831 -0.928872 1.13687e-13 4 0
4.42519 -0.9375 10 13 0
4.46671 -0.945108 20 20 1
-0.543182 6.88385 -1.13687e-13 2 0
-0.551169 6.94695 10 10 0
-0.556711 7.00797 20 18 0
-0.566169 7.07509 30 26 1
-4.48647 3.6575 10 9 0
-4.52856 3.6915 20 17 0
-4.57268 3.7225 30 25 1
-1.33477 -8.3472 0 6 0
-1.3525 -8.42522 10 15 0
-1.36453 -8.49745 20 22 0
-1.3825 -8.57543 30 31 1
1.1385 -8.07282 0 6 0
1.14617 -8.15006 10 14 0
1.15744 -8.22307 20 22 0
1.16117 -8.29234 30 30 1
-0.449913 -5.93659 0 6 0
-0.4525 -5.9908 10 15 0
-0.460737 -6.04111 20 22 0
-0.4675 -6.09772 30 31 1
-5.28854 0.3725 10 9 0
-5.33557 0.374146 20 16 0
-5.3834 0.3825 30 25 1
8.06629 3.20316 1.13687e-13 4 0
8.14324 3.21117 10 12 0
8.22307 3.22481 20 20 0
8.30966 3.23617 30 28 1
2.86191 -4.55439 -1.13687e-13 5 0
2.88617 -4.59383 10 14 0
2.91127 -4.63437 20 21 0
2.93617 -4.67919 30 30 1
-3.0975 -4.95884 10 15 0
-3.12486 -5.00282 20 23 0
-3.1575 -5.04713 30 31 1
5.80593 0.16705 -1.13687e-13 4 0
5.85277 0.171169 10 12 0
5.89739 0.172462 20 20 0
5.95677 0.176169 30 28 1
-2.19324 4.14212 0 1 0
-2.21617 4.17839 10 10 0
-2.2399 4.21556 20 17 0
-2.26617 4.25667 30 26 1
0.168491 5.022 -1.13687e-13 2 0
0.1675 5.0694 10 11 0
0.165785 5.11999 20 18 0
0.1675 5.16133 30 27 1
-6.82964 -5.20605 -1.13687e-13 7 0
-6.89519 -5.25117 10 8 0
-6.95311 -5.29507 20 23 0
-7.01848 -5.34617 30 24 1
7.88337 -1.21841 2.27374e-13 4 0
7.95374 -1.2275 10 13 0
8.02709 -1.24006 20 20 0
8.09395 -1.2475 30 29 1
-8.44519 -2.72691 1.13687e-13 0 0
-8.5247 -2.75117 10 8 0
-8.60198 -2.77562 20 16 0
-8.68076 -2.80117 30 24 1
-4.43937 5.46216 0 1 0
-4.48117 5.51001 10 10 0
-4.52411 5.5622 20 17 0
-4.56617 5.60915 30 26 1
-6.86618 -3.63117 10 8 0
-6.93449 -3.66918 20 23 0
-6.99982 -3.70117 30 24 1
-6.70746 -0.71907 1.13687e-13 0 0
-6.7684 -0.726169 10 8 0
-6.83158 -0.7326 20 16 0
-6.89153 -0.736169 30 24 1
-3.62505 -6.71994 0 7 0
-3.6575 -6.77749 10 15 0
-3.69448 -6.83529 20 23 0
-3.7275 -6.89699 30 31 1
4.83908 -1.13723 0 4 0
4.88268 -1.1475 10 13 0
4.924 -1.16159 20 20 0
4.96632 -1.1675 30 29 1
-6.90429 -5.39933 0 7 0
-6.96998 -5.44617 10 8 0
-7.03046 -5.49488 20 23 0
-7.09827 -5.54617 30 24 1
3.665 5.56209 -2.27374e-13 3 0
3.6975 5.61541 10 11 0
3.72902 5.66438 20 19 0
3.7575 5.71077 30 27 1
-2.4825 -5.05095 10 15 0
-2.50757 -5.09349 20 23 0
-2.5325 -5.13631 30 31 1
-3.4675 -3.64593 10 15 0
-3.50324 -3.68208 20 23 0
-3.5375 -3.71593 30 31 1
-4.68937 -5.68333 1.13687e-13 7 0
-4.7375 -5.73617 10 15 0
-4.78064 -5.78608 20 23 0
-4.8275 -5.84032 30 31 1
-7.27025 -3.12094 0 7 0
-7.33578 -3.14617 10 8 0
-7.40743 -3.17776 20 23 0
-7.46856 -3.20117 30 24 1
-4.62921 -3.38117 10 8 0
-4.67921 -3.41151 20 23 0
-4.7225 -3.44617 30 24 1
2.88669 3.89213 -1.13687e-13 3 0
2.9075 3.92739 10 11 0
2.93064 3.95904 20 19 0
2.9575 3.9986 30 27 1
7.56326 0.191404 1.13687e-13 4 0
7.6314 0.196169 10 12 0
7.69392 0.196816 20 20 0
7.77075 0.201169 30 28 1
-0.986962 7.40647 0 2 0
-1.00117 7.47473 10 10 0
-1.01132 7.54366 20 18 0
-1.02117 7.60787 30 26 1
4.00046 3.09248 0 3 0
4.03687 3.12117 10 12 0
4.06625 3.14679 20 19 0
4.09894 3.17617 30 28 1
4.37909 -6.49252 0 5 0
4.41617 -6.5481 10 14 0
4.45505 -6.61057 20 21 0
4.49117 -6.66552 30 30 1
-2.3925 -7.10348 10 15 0
-2.41446 -7.16476 20 22 0
-2.4375 -7.22627 30 31 1
5.11364 4.6955 0 3 0
5.1619 4.74117 10 12 0
5.20603 4.78789 20 19 0
5.2519 4.83117 30 28 1
5.15665 3.79328 -1.13687e-13 3 0
5.20149 3.82617 10 12 0
5.24475 3.86224 20 19 0
5.2927 3.89617 30 28 1
0.95052 7.15823 0 2 0
0.9575 7.22412 10 11 0
0.961344 7.28888 20 18 0
0.9675 7.34726 30 27 1
1.97879 6.02152 1.13687e-13 2 0
1.9975 6.07916 10 11 0
2.01397 6.13257 20 18 0
2.0275 6.18694 30 27 1
-6.24259 -3.18776 0 7 0
-6.30269 -3.21617 10 8 0
-6.35906 -3.24683 20 23 0
-6.41926 -3.27617 30 24 1
7.36001 3.36377 0 3 0
7.42314 3.39617 10 12 0
7.48954 3.42825 20 19 0
7.55385 3.45617 30 28 1
1.1412 -6.52454 0 6 0
1.15117 -6.58528 10 14 0
1.15744 -6.64213 20 22 0
1.16617 -6.70635 30 30 1
-4.95878 -2.26117 10 8 0
-5.00634 -2.28061 20 23 0
-5.05535 -2.30117 30 24 1
3.27298 7.07201 -1.13687e-13 3 0
3.2975 7.13874 10 11 0
3.3271 7.20267 20 19 0
3.3525 7.26445 30 27 1
-0.5125 -8.41961 10 15 0
-0.517563 -8.49092 20 22 0
-0.5275 -8.57603 30 31 1
-6.27941 2.74443 1.13687e-13 1 0
-6.34004 2.7675 10 9 0
-6.40353 2.79585 20 17 0
-6.46075 2.8175 30 25 1
2.86221 -7.77884 0 6 0
2.88617 -7.84652 10 14 0
2.91091 -7.92256 20 22 0
2.93117 -7.99052 30 30 1
-3.3175 -5.37683 10 15 0
-3.34872 -5.42567 20 23 0
-3.3775 -5.47219 30 31 1
4.93061 -2.846 -2.27374e-13 5 0
4.97426 -2.8725 10 13 0
5.01058 -2.89536 20 21 0
5.05254 -2.9225 30 29 1
2.70526 -7.29541 -1.13687e-13 6 0
2.72617 -7.36125 10 14 0
2.74856 -7.42607 20 22 0
2.77117 -7.49111 30 30 1
5.53155 -0.60686 1.13687e-13 4 0
5.57804 -0.6125 10 13 0
5.62301 -0.617684 20 20 0
5.67289 -0.6225 30 29 1
-6.09991 -1.91241 0 0 0
-6.15613 -1.93117 10 8 0
-6.2175 -1.95029 20 16 0
-6.27598 -1.96617 30 24 1
-6.59545 4.61799 1.13687e-13 1 0
-6.66026 4.6575 10 9 0
-6.72003 4.69666 20 17 0
-6.78269 4.7375 30 25 1
5.82553 -1.55666 2.27374e-13 4 0
5.87543 -1.5675 10 13 0
5.93006 -1.58372 20 20 0
5.97614 -1.5975 30 29 1
2.16009 5.57075 -1.13687e-13 2 0
2.1775 5.62276 10 11 0
2.19256 5.67528 20 18 0
2.2125 5.72847 30 27 1
0.33085 5.94965 0 2 0
0.3325 6.00515 10 11 0
0.33085 6.05418 20 18 0
0.3325 6.11122 30 27 1
-3.10177 -8.01402 0 6 0
-3.1325 -8.0839 10 15 0
-3.16401 -8.15121 20 22 0
-3.1925 -8.22168 30 31 1
-1.82117 7.55227 10 10 0
-1.83935 7.62206 20 18 0
-1.86117 7.69126 30 26 1
-8.60851 1.351 0 0 0
-8.68271 1.3625 10 9 0
-8.77183 1.37536 20 16 0
-8.84913 1.3875 30 25 1
6.79239 0.380823 0 4 0
6.85266 0.386169 10 12 0
6.91651 0.388941 20 20 0
6.9708 0.391169 30 28 1
-1.3225 6.45268 -1.13687e-13 2 0
-1.33617 6.51573 10 10 0
-1.35227 6.57681 20 18 0
-1.37117 6.63558 30 26 1
5.91087 -2.58637 -1.13687e-13 5 0
5.96084 -2.6075 10 13 0
6.01539 -2.62966 20 21 0
6.06241 -2.6525 30 29 1
-5.07809 1.1025 10 9 0
-5.12652 1.11017 20 16 0
-5.17587 1.1225 30 25 1
-7.09995 4.4325 10 9 0
-7.16766 4.47076 20 17 0
-7.23151 4.5075 30 25 1
1.68113 6.19137 0 2 0
1.6925 6.24792 10 11 0
1.70819 6.30896 20 18 0
1.7225 6.36277 30 27 1
-2.79997 8.09895 -1.13687e-13 2 0
-2.82617 8.16836 10 10 0
-2.85409 8.24267 20 18 0
-2.88117 8.32236 30 26 1
-3.9325 -4.57762 10 15 0
-3.97466 -4.6242 20 23 0
-4.0075 -4.65969 30 31 1
0.629773 -6.93611 0 6 0
0.631169 -6.99867 10 14 0
0.635185 -7.06677 20 22 0
0.636169 -7.12387 30 30 1
-6.68967 -4.98571 -1.13687e-13 7 0
-6.75797 -5.03617 10 8 0
-6.82237 -5.08397 20 23 0
-6.88333 -5.12617 30 24 1
-4.77727 -4.90253 -2.27374e-13 7 0
-4.8225 -4.95143 10 15 0
-4.86965 -4.99492 20 23 0
-4.9125 -5.03436 30 31 1
-5.72345 -3.63298 0 7 0
-5.77188 -3.66117 10 8 0
-5.82574 -3.697 20 23 0
-5.88431 -3.73117 30 24 1
5.11345 0.107519 0 4 0
5.15638 0.111169 10 12 0
5.19838 0.110225 20 20 0
5.24123 0.111169 30 28 1
5.3813 -1.65949 0 4 0
5.42182 -1.6725 10 13 0
5.46623 -1.68925 20 20 0
5.51546 -1.7025 30 29 1
-6.86706 -5.27025 0 7 0
-6.92984 -5.32117 10 8 0
-6.99324 -5.36581 20 23 0
-7.06019 -5.41617 30 24 1
1.54439 -4.87174 0 6 0
1.55617 -4.92553 10 14 0
1.56604 -4.9632 20 22 0
1.58117 -5.01417 30 30 1
-1.81617 6.79066 10 10 0
-1.83664 6.85772 20 18 0
-1.85617 6.91552 30 26 1
-5.72104 -2.42512 1.13687e-13 7 0
-5.77311 -2.44617 10 8 0
-5.82557 -2.46841 20 23 0
-5.88175 -2.49117 30 24 1
-4.59245 -7.30466 2.27374e-13 7 0
-4.6375 -7.37566 10 15 0
-4.68036 -7.43848 20 23 0
-4.7225 -7.50308 30 31 1
-2.69173 8.00749 -1.13687e-13 2 0
-2.72117 8.0775 10 10 0
-2.74585 8.15121 20 18 0
-2.77117 8.21943 30 26 1
7.09943 -0.206375 1.13687e-13 4 0
7.15294 -0.2075 10 13 0
7.21702 -0.211787 20 20 0
7.27815 -0.2125 30 29 1
3.81466 -2.90872 0 5 0
3.85132 -2.9375 10 13 0
3.88045 -2.96303 20 21 0
3.91546 -2.9875 30 29 1
0.269878 -4.93054 -1.13687e-13 6 0
0.271169 -4.97696 10 14 0
0.269878 -5.022 20 22 0
0.271169 -5.06182 30 30 1
-6.96877 -0.80025 0 0 0
-7.03931 -0.806169 10 8 0
-7.10596 -0.81378 20 16 0
-7.16745 -0.821169 30 24 1
-6.67355 5.8518 0 1 0
-6.73647 5.9075 10 9 0
-6.7986 5.95772 20 17 0
-6.86268 6.0125 30 25 1
-8.19694 -2.06124 0 0 0
-8.27896 -2.08117 10 8 0
-8.35373 -2.09912 20 16 0
-8.4321 -2.12117 30 24 1
-5.15994 -1.45117 10 8 0
-5.21798 -1.46592 20 16 0
-5.26065 -1.48117 30 24 1
2.08079 -4.01436 -2.27374e-13 5 0
2.10117 -4.05632 10 14 0
2.11709 -4.08892 20 21 0
2.13117 -4.12167 30 30 1
-0.80025 4.9828 0 2 0
-0.811169 5.02906 10 10 0
-0.819192 5.08079 20 18 0
-0.826169 5.12184 30 26 1
6.01097 -4.12153 -1.13687e-13 5 0
6.06627 -4.1625 10 13 0
6.11866 -4.19861 20 21 0
6.16455 -4.2325 30 29 1
0.716364 -7.02757 -1.13687e-13 6 0
0.721169 -7.08867 10 14 0
0.724482 -7.15169 20 22 0
0.731169 -7.21887 30 30 1
-0.0861686 5.69706 10 10 0
-0.0885768 5.74714 20 18 0
-0.0911686 5.80106 30 26 1
-1.52148 -6.32856 -1.13687e-13 6 0
-1.5375 -6.38991 10 15 0
-1.55395 -6.44615 20 22 0
-1.5725 -6.50269 30 31 1
8.01402 -2.2088 1.13687e-13 4 0
8.084 -2.2275 10 13 0
8.15775 -2.24668 20 20 0
8.22299 -2.2675 30 29 1
-7.55673 0.812515 1.13687e-13 0 0
-7.63359 0.8225 10 9 0
-7.70045 0.828751 20 16 0
-7.77087 0.8325 30 25 1
-1.49117 7.42026 10 10 0
-1.50651 7.48487 20 18 0
-1.52617 7.55425 30 26 1
3.96021 7.65974 0 3 0
3.9925 7.72768 10 11 0
4.0301 7.80234 20 19 0
4.0625 7.87546 30 27 1
-5.96221 3.46814 -1.13687e-13 1 0
-6.01645 3.4975 10 9 0
-6.07486 3.53103 20 17 0
-6.12595 3.5575 30 25 1
5.49228 2.55225 -1.13687e-13 3 0
5.53541 2.57617 10 12 0
5.58915 2.6032 20 19 0
5.64198 2.62617 30 28 1
-0.720511 -4.51244 0 6 0
-0.7325 -4.5596 10 15 0
-0.739453 -4.59736 20 22 0
-0.7475 -4.63824 30 31 1
5.3421 2.21007 0 4 0
5.3834 2.22617 10 12 0
5.43356 2.24795 20 20 0
5.48497 2.27117 30 28 1
4.9828 -0.119784 0 4 0
5.02647 -0.1175 10 13 0
5.07426 -0.119784 20 20 0
5.11633 -0.1225 30 29 1
-3.89294 -2.87117 10 8 0
-3.93234 -2.90191 20 23 0
-3.96915 -2.92617 30 24 1
-4.11856 3.7775 10 9 0
-4.15701 3.81361 20 17 0
-4.19563 3.8475 30 25 1
4.98472 -5.18473 -1.13687e-13 5 0
5.02617 -5.22769 10 14 0
5.07328 -5.28095 20 21 0
5.11617 -5.32477 30 30 1
3.70865 -7.04284 -1.13687e-13 5 0
3.74117 -7.10346 10 14 0
3.77313 -7.17238 20 21 0
3.80617 -7.23917 30 30 1
-3.5275 6.00448 1.13687e-13 1 0
-3.56117 6.06079 10 10 0
-3.59422 6.1133 20 17 0
-3.62617 6.16822 30 26 1
7.88337 1.9097 1.13687e-13 4 0
7.95425 1.92617 10 12 0
8.02709 1.94217 20 20 0
8.09532 1.96117 30 28 1
-1.20073 7.09943 -1.13687e-13 2 0
-1.21617 7.16647 10 10 0
-1.22779 7.23009 20 18 0
-1.24117 7.29047 30 26 1
3.71124 -1.94044 -1.13687e-13 5 0
3.74106 -1.9575 10 13 0
3.77275 -1.97133 20 21 0
3.80435 -1.9925 30 29 1
-2.83617 6.68637 10 10 0
-2.86685 6.74828 20 17 0
-2.89117 6.805 30 26 1
-0.78672 5.04159 0 2 0
-0.796169 5.09184 10 10 0
-0.805662 5.13959 20 18 0
-0.816169 5.18255 30 26 1
-7.19064 3.15435 1.13687e-13 1 0
-7.26209 3.1875 10 9 0
-7.33054 3.21771 20 17 0
-7.39487 3.2425 30 25 1
-1.52275 4.80641 -1.13687e-13 2 0
-1.53617 4.84189 10 10 0
-1.55522 4.88481 20 18 0
-1.57117 4.93346 30 26 1
-3.47117 4.19595 10 10 0
-3.50768 4.23197 20 17 0
-3.53617 4.26802 30 26 1
4.55378 -4.56245 0 5 0
4.59617 -4.60678 10 14 0
4.6304 -4.6429 20 21 0
4.67117 -4.68885 30 30 1
4.14738 5.01505 -1.13687e-13 3 0
4.1825 5.06097 10 11 0
4.21904 5.10968 20 19 0
4.2525 5.15218 30 27 1
3.39449 -3.98484 1.13687e-13 5 0
3.42117 -4.01867 10 14 0
3.45151 -4.05717 20 21 0
3.48117 -4.09282 30 30 1
-6.76051 5.01649 1.13687e-13 1 0
-6.81985 5.0575 10 9 0
-6.88127 5.09899 20 17 0
-6.95227 5.1475 30 25 1
0.0804589 -4.43404 0 6 0
0.0811687 -4.47584 10 14 0
0.0777529 -4.51897 20 22 0
0.0761686 -4.55569 30 30 1
1.74464 -6.74013 -1.13687e-13 6 0
1.75617 -6.80138 10 14 0
1.7717 -6.85772 20 22 0
1.78617 -6.9233 30 30 1
-8.38639 2.23857 0 0 0
-8.46755 2.2575 10 9 0
-8.54318 2.27645 20 16 0
-8.62069 2.2975 30 25 1
6.12001 5.74014 -1.13687e-13 3 0
6.17447 5.79617 10 12 0
6.23088 5.851 20 19 0
6.28654 5.90117 30 28 1
-4.00779 -2.90117 10 8 0
-4.04564 -2.92719 20 23 0
-4.08607 -2.95117 30 24 1
-1.01132 6.42002 0 2 0
-1.02117 6.48357 10 10 0
-1.03296 6.53761 20 18 0
-1.04117 6.59549 30 26 1
-2.03617 6.46619 10 10 0
-2.05582 6.52454 20 18 0
-2.07617 6.58397 30 26 1
-4.40896 3.3325 10 9 0
-4.44777 3.36579 20 17 0
-4.49017 3.3925 30 25 1
-6.75179 -5.35781 -1.13687e-13 7 0
-6.82185 -5.41117 10 8 0
-6.88067 -5.4599 20 23 0
-6.95013 -5.51117 30 24 1
1.44968 -5.67528 0 6 0
1.46117 -5.72856 10 14 0
1.46863 -5.77327 20 22 0
1.48117 -5.82634 30 30 1
-3.93781 7.70061 -1.13687e-13 1 0
-3.98117 7.7748 10 10 0
-4.01806 7.84209 20 17 0
-4.05617 7.91344 30 26 1
-0.0425752 5.21798 -1.13687e-13 2 0
-0.0461686 5.26108 10 10 0
-0.0479871 5.30944 20 18 0
-0.0511686 5.35801 30 26 1
0.3985 5.65568 0 2 0
0.4025 5.70745 10 11 0
0.403912 5.7602 20 18 0
0.4025 5.81352 30 27 1
-3.52506 6.09006 -1.13687e-13 1 0
-3.56117 6.14564 10 10 0
-3.59832 6.20158 20 17 0
-3.63117 6.25807 30 26 1
2.00044 8.22961 -1.13687e-13 2 0
2.0175 8.30533 10 11 0
2.03021 8.37986 20 18 0
2.0475 8.45554 30 27 1
2.17272 3.86699 -1.13687e-13 3 0
2.1925 3.90535 10 11 0
2.20902 3.94156 20 19 0
2.2275 3.97571 30 27 1
4.30992 1.36039 1.13687e-13 4 0
4.34455 1.37117 10 12 0
4.38178 1.38474 20 20 0
4.41905 1.39617 30 28 1
4.13136 6.74024 -3.41061e-13 3 0
4.1675 6.79959 10 11 0
4.20349 6.86212 20 19 0
4.2375 6.92616 30 27 1
-4.65976 6.13793 1.13687e-13 1 0
-4.70117 6.18963 10 10 0
-4.74066 6.2418 20 17 0
-4.78617 6.30291 30 26 1
1.5575 5.37046 10 11 0
1.5729 5.4205 20 18 0
1.5825 5.46617 30 27 1
-5.19169 3.39793 0 1 0
-5.23935 3.4275 10 9 0
-5.28474 3.4527 20 17 0
-5.34177 3.4875 30 25 1
-5.43545 -2.41506 0 7 0
-5.48733 -2.43617 10 8 0
-5.53998 -2.45836 20 23 0
-5.5889 -2.48117 30 24 1
6.702 4.87175 -2.27374e-13 3 0
6.76525 4.91617 10 12 0
6.81893 4.95807 20 19 0
6.88354 5.00617 30 28 1
8.09242 -1.07229 2.27374e-13 4 0
8.16229 -1.0825 10 13 0
8.23614 -1.09394 20 20 0
8.30957 -1.1025 30 29 1
-7.98789 1.88949 1.13687e-13 0 0
-8.06098 1.9075 10 9 0
-8.13161 1.92197 20 16 0
-8.21119 1.9375 30 25 1
-6.85066 2.92152 0 1 0
-6.91602 2.9475 10 9 0
-6.98132 2.97564 20 17 0
-7.0488 3.0025 30 25 1
-6.90998 0.522975 1.13687e-13 0 0
-6.97797 0.5275 10 9 0
-7.04717 0.531093 20 16 0
-7.11025 0.5325 30 25 1
-2.10724 7.55019 0 2 0
-2.12617 7.61685 10 10 0
-2.14783 7.68738 20 18 0
-2.17117 7.75378 30 26 1
7.36074 -0.628508 0 4 0
7.42738 -0.6375 10 13 0
7.4914 -0.639332 20 20 0
7.55759 -0.6475 30 29 1
-5.2381 -4.08138 0 7 0
-5.29143 -4.12117 10 8 0
-5.33273 -4.15305 20 23 0
-5.38764 -4.19617 30 24 1
-7.3521 -4.19394 -1.13687e-13 7 0
-7.42876 -4.23617 10 8 0
-7.49358 -4.27419 20 23 0
-7.56032 -4.31117 30 24 1
-3.86923 -6.35565 -2.27374e-13 7 0
-3.9075 -6.41231 10 15 0
-3.94519 -6.47371 20 23 0
-3.9875 -6.53474 30 31 1
4.98933 -1.12911 0 4 0
5.02824 -1.1375 10 13 0
5.07426 -1.14806 20 20 0
5.12395 -1.1625 30 29 1
2.53422 -4.58643 -1.13687e-13 5 0
2.55617 -4.63153 10 14 0
2.57594 -4.67406 20 21 0
2.60117 -4.71895 30 30 1
-5.31597 -1.54439 0 0 0
-5.36394 -1.55617 10 8 0
-5.41396 -1.56875 20 16 0
-5.47172 -1.58617 30 24 1
2.78214 5.14228 -1.13687e-13 3 0
2.8075 5.1921 10 11 0
2.82656 5.23645 20 19 1
-7.47428 -3.97936 0 7 0
-7.5361 -4.01117 10 8 0
-7.61035 -4.04655 20 23 0
-7.68181 -4.08617 30 24 1
6.20443 -0.555447 0 4 0
6.25636 -0.5625 10 13 0
6.30896 -0.56627 20 20 0
6.36036 -0.5675 30 29 1
3.04012 -5.11528 -3.41061e-13 5 0
3.06617 -5.16274 10 14 0
3.08836 -5.20562 20 21 0
3.11617 -5.25517 30 30 1
-1.40242 -7.8703 -1.13687e-13 6 0
-1.4175 -7.94575 10 15 0
-1.43489 -8.01402 20 22 0
-1.4475 -8.08181 30 31 1
4.96714 2.26438 1.13687e-13 3 0
5.00707 2.28117 10 12 0
5.04824 2.30338 20 19 0
5.08949 2.32117 30 28 1
3.24125 4.90491 0 3 0
3.2675 4.95207 10 11 0
3.29332 4.99142 20 19 0
3.3225 5.03535 30 27 1
-6.42655 2.53081 0 0 0
-6.48567 2.5525 10 9 0
-6.55067 2.57681 20 16 1
5.7939 -2.87887 -1.13687e-13 5 0
5.84365 -2.9075 10 13 0
5.8973 -2.93253 20 21 0
5.94314 -2.9575 30 29 1
6.4689 4.43966 -1.13687e-13 3 0
6.52824 4.48117 10 12 0
6.58313 4.51944 20 19 0
6.6386 4.55617 30 28 1
5.72101 0.51071 1.13687e-13 4 0
5.76644 0.516169 10 12 0
5.82553 0.521534 20 20 0
5.86836 0.526169 30 28 1
-4.92411 -4.46004 1.13687e-13 7 0
-4.97139 -4.50117 10 8 0
-5.02415 -4.54478 20 23 0
-5.06554 -4.58117 30 24 1
-5.42319 -7.10215 1.13687e-13 7 0
-5.4725 -7.16414 10 15 0
-5.52258 -7.2245 20 23 0
-5.5775 -7.29035 30 31 1
-8.23614 1.65137 2.27374e-13 0 0
-8.31096 1.6625 10 9 0
-8.39293 1.67843 20 16 0
-8.47324 1.6975 30 25 1
7.74618 -0.744865 1.13687e-13 4 0
7.81815 -0.7525 10 13 0
7.88337 -0.758395 20 20 0
7.94836 -0.7625 30 29 1
-2.81765 -7.78538 0 6 0
-2.8475 -7.85547 10 15 0
-2.87447 -7.92256 20 22 0
-2.9025 -7.99532 30 31 1
2.66069 5.47622 -2.27374e-13 3 0
2.6825 5.52672 10 11 0
2.70782 5.57692 20 19 0
2.7275 5.62122 30 27 1
-3.0775 -4.42266 10 15 0
-3.10522 -4.4589 20 23 0
-3.1375 -4.4968 30 31 1
0.69201 -8.30147 0 6 0
0.696169 -8.37181 10 14 0
0.702834 -8.44519 20 22 0
0.706169 -8.52323 30 30 1
5.07913 5.48759 -1.13687e-13 3 0
5.1225 5.53427 10 11 0
5.1704 5.59033 20 19 0
5.2125 5.63842 30 27 1
-4.77902 4.15244 -1.13687e-13 1 0
-4.82348 4.1925 10 9 0
-4.86982 4.22793 20 17 0
-4.91969 4.2675 30 25 1
-4.20821 -2.86117 10 8 0
-4.24472 -2.88517 20 23 0
-4.28649 -2.91117 30 24 1
4.80641 0.526946 1.13687e-13 4 0
4.84098 0.531169 10 12 0
4.88481 0.53777 20 20 0
4.92877 0.541169 30 28 1
4.28945 5.81533 -1.13687e-13 3 0
4.3275 5.87065 10 11 0
4.36653 5.92303 20 19 0
4.4025 5.97393 30 27 1
4.15651 3.03805 -2.27374e-13 3 0
4.189 3.06117 10 12 0
4.22613 3.08854 20 19 0
4.25815 3.11617 30 28 1
4.58265 3.07385 1.13687e-13 3 0
4.62291 3.10617 10 12 0
4.6615 3.13358 20 19 0
4.69913 3.16117 30 28 1
-1.12767 5.73407 1.13687e-13 2 0
-1.14117 5.78332 10 10 0
-1.15473 5.8386 20 18 0
-1.16617 5.88611 30 26 1
5.4884 -5.35548 0 5 0
5.5385 -5.4025 10 13 0
5.5835 -5.4544 20 21 0
5.63143 -5.5025 30 29 1
-2.9488 7.9487 0 2 0
-2.97617 8.02138 10 10 0
-3.00562 8.09895 20 18 0
-3.03617 8.1733 30 26 1
-8.69997 0.31732 0 0 0
-8.77615 0.3175 10 9 0
-8.85676 0.322732 20 16 0
-8.94171 0.3275 30 25 1
4.86138 -5.78849 1.13687e-13 5 0
4.90117 -5.83809 10 14 0
4.94229 -5.89236 20 21 0
4.98617 -5.9443 30 30 1
-6.89691 -0.835427 1.13687e-13 0 0
-6.96118 -0.841169 10 8 0
-7.02757 -0.851663 20 16 0
-7.09432 -0.861169 30 24 1
-6.616 2.57681 2.27374e-13 0 0
-6.67916 2.5975 10 9 0
-6.74013 2.62282 20 16 0
-6.80694 2.6475 30 25 1
-6.06725 0.747571 1.13687e-13 0 0
-6.12109 0.7525 10 9 0
-6.1783 0.761101 20 16 0
-6.23509 0.7675 30 25 1
4.3496 -2.09662 0 5 0
4.38897 -2.1175 10 13 0
4.42688 -2.13945 20 21 0
4.45932 -2.1525 30 29 1
2.44693 7.77884 0 2 0
2.4675 7.85731 10 11 0
2.48752 7.9291 20 18 0
2.5075 7.9963 30 27 1
-4.80583 5.9549 0 1 0
-4.85117 6.00729 10 10 0
-4.89981 6.06418 20 17 0
-4.94617 6.11643 30 26 1
5.42069 -3.74173 0 5 0
5.46414 -3.7725 10 13 0
5.51262 -3.80687 20 21 0
5.56242 -3.8425 30 29 1
4.70842 0.0804589 1.13687e-13 4 0
4.74454 0.0811686 10 12 0
4.78681 0.0804589 20 20 0
4.82232 0.0811686 30 28 1
-1.93406 6.30896 0 2 0
-1.95617 6.37205 10 10 0
-1.97194 6.42655 20 18 0
-1.99117 6.47776 30 26 1
4.50902 6.21477 -1.13687e-13 3 0
4.5475 6.27449 10 11 0
4.59151 6.33553 20 19 0
4.6275 6.38985 30 27 1
2.4626 -5.0276 0 5 0
2.48117 -5.07271 10 14 0
2.50702 -5.12177 20 21 0
2.52617 -5.16721 30 30 1
0.796279 7.97483 -2.27374e-13 2 0
0.8025 8.04493 10 11 0
0.807103 8.11855 20 18 1
-4.36339 -5.51042 0 7 0
-4.4075 -5.56174 10 15 0
-4.44812 -5.61046 20 23 0
-4.4875 -5.65588 30 31 1
2.21277 -7.66125 -1.13687e-13 6 0
2.23117 -7.72892 10 14 0
2.24795 -7.79844 20 22 0
2.26617 -7.86999 30 30 1
-3.81106 7.79964 0 1 0
-3.85117 7.87107 10 10 0
-3.88749 7.94495 20 17 0
-3.92117 8.01178 30 26 1
-3.56287 -8.02012 0 7 0
-3.5975 -8.09635 10 15 0
-3.62894 -8.16654 20 23 0
-3.6675 -8.23706 30 31 1
-4.85741 4.18491 0 1 0
-4.90798 4.2275 10 9 0
-4.95475 4.26311 20 17 0
-4.99712 4.3025 30 25 1
4.39638 -5.07092 -1.13687e-13 5 0
4.43117 -5.11353 10 14 0
4.47188 -5.16173 20 21 0
4.50617 -5.20267 30 30 1
-6.88588 -0.596169 10 8 0
-6.94264 -0.600007 20 16 0
-7.00902 -0.606169 30 24 1
6.42655 -1.259 0 4 0
6.48053 -1.2675 10 13 0
6.53761 -1.28336 20 20 0
6.59038 -1.2925 30 29 1
-3.03117 4.95096 10 10 0
-3.0601 4.99367 20 17 0
-3.08617 5.04132 30 26 1
4.0682 -1.62431 0 4 0
4.10488 -1.6425 10 13 0
4.13353 -1.65678 20 20 0
4.17024 -1.6725 30 29 1
-3.56617 4.94856 10 10 0
-3.60244 4.99642 20 17 0
-3.63617 5.03978 30 26 1
3.21444 3.10244 -1.13687e-13 3 0
3.24077 3.13117 10 12 0
3.26334 3.15517 20 19 0
3.29577 3.18617 30 28 1
-8.04016 -3.19234 0 0 0
-8.11788 -3.22117 10 8 0
-8.19041 -3.24916 20 16 0
-8.26981 -3.28117 30 24 1
-0.959903 5.77327 0 2 0
-0.971169 5.82546 10 10 0
-0.98155 5.87779 20 18 0
-0.991169 5.93031 30 26 1
-4.83071 -6.36425 0 7 0
-4.8775 -6.42065 10 15 0
-4.92086 -6.47736 20 23 0
-4.9725 -6.53686 30 31 1
6.46634 3.83246 -2.27374e-13 3 0
6.52135 3.86617 10 12 0
6.57516 3.89918 20 19 0
6.63378 3.93617 30 28 1
-4.3454 3.6225 10 9 0
-4.38913 3.6554 20 17 0
-4.43161 3.6875 30 25 1
4.89134 -2.01938 1.13687e-13 4 0
4.93122 -2.0375 10 13 0
4.97627 -2.05456 20 20 0
5.01572 -2.0725 30 29 1
6.38195 -4.19402 -1.13687e-13 5 0
6.43325 -4.2325 10 13 0
6.48964 -4.2711 20 21 0
6.54861 -4.3125 30 29 1
5.43356 2.06394 1.13687e-13 4 0
5.48382 2.08617 10 12 0
5.52502 2.10183 20 20 0
5.57539 2.12117 30 28 1
3.27073 6.1781 -1.13687e-13 3 0
3.2975 6.23365 10 11 0
3.32979 6.29457 20 19 0
3.3525 6.34521 30 27 1
3.84728 4.38202 0 3 0
3.8825 4.42863 10 11 0
3.91354 4.46359 20 19 0
3.9475 4.50777 30 27 1
7.13739 3.62334 -1.13687e-13 3 0
7.20024 3.66117 10 12 0
7.2631 3.69165 20 19 0
7.32181 3.72617 30 28 1
-0.686599 6.48535 0 2 0
-0.696169 6.54748 10 10 0
-0.70554 6.60947 20 18 1
-2.03117 6.87839 10 10 0
-2.05312 6.93611 20 18 0
-2.07117 7.00324 30 26 1
5.72426 2.99471 -1.13687e-13 3 0
5.77328 3.02617 10 12 0
5.82383 3.05219 20 19 0
5.87778 3.08117 30 28 1
-2.34174 -4.95445 1.13687e-13 7 0
-2.3675 -4.99959 10 15 0
-2.38998 -5.04479 20 23 0
-2.4125 -5.08702 30 31 1
-2.19279 5.02949 2.27374e-13 1 0
-2.21617 5.07642 10 10 0
-2.24103 5.11983 20 17 0
-2.26117 5.16384 30 26 1
2.37874 5.52721 -1.13687e-13 3 0
2.4025 5.57906 10 11 0
2.42204 5.63173 20 19 0
2.4425 5.6827 30 27 1
-3.65138 7.79303 1.13687e-13 1 0
-3.68117 7.85663 10 10 0
-3.71856 7.9291 20 17 0
-3.75117 7.99734 30 26 1
3.75977 -3.03752 -1.13687e-13 5 0
3.79747 -3.0675 10 13 0
3.82557 -3.09183 20 21 0
3.85954 -3.1225 30 29 1
2.45864 -3.42402 0 5 0
2.48117 -3.45344 10 14 0
2.49988 -3.4844 20 21 0
2.52117 -3.51465 30 30 1
2.36528 4.7369 -3.41061e-13 3 0
2.3875 4.77917 10 11 0
2.40428 4.818 20 19 0
2.4275 4.86867 30 27 1
-6.4161 3.15283 0 1 0
-6.47427 3.1775 10 9 0
-6.5364 3.20807 20 17 0
-6.59791 3.2375 30 25 1
-0.363322 -4.86521 0 6 0
-0.3675 -4.90171 10 15 0
-0.376852 -4.95013 20 22 0
-0.3775 -4.98949 30 31 1
3.65864 6.78797 -1.13687e-13 3 0
3.6925 6.85492 10 11 0
3.72042 6.91098 20 19 0
3.7525 6.97149 30 27 1
1.77981 -5.07426 -1.13687e-13 6 0
1.79617 -5.12311 10 14 0
1.80687 -5.16572 20 22 0
1.82117 -5.21175 30 30 1
-5.63579 -3.9701 2.27374e-13 7 0
-5.68555 -4.00617 10 8 0
-5.74348 -4.04718 20 23 0
-5.7959 -4.08117 30 24 1
-6.31549 0.720511 -1.13687e-13 0 0
-6.37894 0.7275 10 9 0
-6.43308 0.731335 20 16 0
-6.495 0.7375 30 25 1
5.70104 -4.96731 -1.13687e-13 5 0
5.74954 -5.0125 10 13 0
5.79996 -5.0624 20 21 0
5.84661 -5.1025 30 29 1
-3.90117 4.88051 10 10 0
-3.93843 4.91912 20 17 0
-3.97617 4.96258 30 26 1
4.00345 -5.23288 0 5 0
4.04117 -5.28214 10 14 0
4.07783 -5.33405 20 21 0
4.10617 -5.37543 30 30 1
-5.51196 -1.05191 1.13687e-13 0 0
-5.56897 -1.06117 10 8 0
-5.62301 -1.07085 20 16 0
-5.67383 -1.08117 30 24 1
3.427 -3.68441 -2.27374e-13 5 0
3.45617 -3.72133 10 14 0
3.48131 -3.75021 20 21 1
2.37809 -4.48387 0 5 0
2.39617 -4.52102 10 14 0
2.4171 -4.56497 20 21 0
2.43617 -4.60345 30 30 1
2.88244 6.61258 -1.13687e-13 3 0
2.9025 6.66596 10 11 0
2.93115 6.73017 20 19 0
2.9525 6.78667 30 27 1
7.38687 -1.92197 0 4 0
7.44751 -1.9375 10 13 0
7.511 -1.95714 20 20 0
7.57444 -1.9725 30 29 1
-6.39763 -2.92185 0 7 0
-6.45695 -2.94617 10 8 0
-6.51522 -2.97056 20 23 0
-6.58266 -3.00117 30 24 1
-4.84132 1.0425 10 9 0
-4.88481 1.05335 20 16 0
-4.93203 1.0625 30 25 1
-6.52121 -2.78903 0 7 0
-6.58151 -2.81617 10 8 0
-6.64804 -2.84698 20 23 0
-6.70722 -2.87117 30 24 1
-5.29963 1.9675 10 9 0
-5.34864 1.9815 20 16 0
-5.39327 1.9975 30 25 1
4.59727 -4.60211 -2.27374e-13 5 0
4.63617 -4.6397 10 14 0
4.67388 -4.68256 20 21 0
4.71117 -4.72178 30 30 1
-4.83291 1.4725 10 9 0
-4.87174 1.4863 20 16 0
-4.92155 1.4975 30 25 1
-0.935549 6.02805 0 2 0
-0.946169 6.0833 10 10 0
-0.957197 6.13257 20 18 0
-0.966169 6.18815 30 26 1
1.36995 6.08031 -1.13687e-13 2 0
1.3775 6.13798 10 11 0
1.38889 6.19137 20 18 0
1.3975 6.24283 30 27 1
0.66098 6.05418 0 2 0
0.6625 6.10887 10 11 0
0.669098 6.16524 20 18 0
0.6725 6.21787 30 27 1
-7.26425 3.51497 2.27374e-13 1 0
-7.33217 3.5475 10 9 0
-7.40031 3.58215 20 17 0
-7.46788 3.6125 30 25 1
-0.475532 5.83206 0 2 0
-0.486169 5.88493 10 10 0
-0.491768 5.93659 20 18 0
-0.501169 5.99185 30 26 1
2.26292 6.72053 0 2 0
2.2775 6.78342 10 11 0
2.2981 6.84465 20 18 0
2.3125 6.90328 30 27 1
-2.02876 7.92256 1.13687e-13 2 0
-2.05117 7.9944 10 10 0
-2.06935 8.07282 20 18 0
-2.09117 8.14047 30 26 1
-3.85592 -8.08738 1.13687e-13 7 0
-3.8925 -8.15801 10 15 0
-3.92852 -8.23652 20 23 0
-3.9675 -8.31079 30 31 1
-0.359175 5.01546 -1.13687e-13 2 0
-0.366169 5.05782 10 10 0
-0.369999 5.10692 20 18 0
-0.376169 5.15268 30 26 1
-7.45047 -4.1048 0 7 0
-7.52467 -4.14117 10 8 0
-7.58925 -4.17852 20 23 0
-7.66331 -4.21617 30 24 1
-8.51705 1.95173 0 0 0
-8.59974 1.9725 10 9 0
-8.67384 1.98962 20 16 0
-8.75495 2.0075 30 25 1
-6.0935 -5.85904 1.13687e-13 7 0
-6.15305 -5.91617 10 8 0
-6.20819 -5.96608 20 23 0
-6.26512 -6.02117 30 24 1
-7.36398 3.88641 -1.13687e-13 1 0
-7.4264 3.9175 10 9 0
-7.50005 3.95359 20 17 0
-7.56711 3.9875 30 25 1
3.43102 5.6113 -2.27374e-13 3 0
3.4625 5.66325 10 11 0
3.4885 5.71088 20 19 0
3.5175 5.76068 30 27 1
6.60294 1.68781 0 4 0
6.66152 1.70117 10 12 0
6.71399 1.71758 20 20 0
6.77638 1.73117 30 28 1
-4.02773 -3.12617 10 8 0
-4.06513 -3.15715 20 23 0
-4.10394 -3.18117 30 24 1
1.77855 6.36122 -1.13687e-13 2 0
1.7925 6.41863 10 11 0
1.80561 6.47881 20 18 0
1.8225 6.53348 30 27 1
6.29589 -2.38469 0 4 0
6.35481 -2.4075 10 13 0
6.41348 -2.42798 20 20 0
6.47052 -2.4525 30 29 1
-3.52173 -6.82327 -1.13687e-13 7 0
-3.5575 -6.88963 10 15 0
-3.59003 -6.94897 20 23 0
-3.6225 -7.01119 30 31 1
-4.43191 5.40495 0 1 0
-4.47617 5.45551 10 10 0
-4.51665 5.50499 20 17 0
-4.55617 5.54965 30 26 1
7.46527 -0.498621 2.27374e-13 4 0
7.53279 -0.5025 10 13 0
7.59592 -0.504033 20 20 0
7.658 -0.5075 30 29 1
1.02755 -7.55673 -1.13687e-13 6 0
1.03617 -7.62287 10 14 0
1.04379 -7.68738 20 22 0
1.05117 -7.75808 30 30 1
5.67214 -3.49952 -2.27374e-13 5 0
5.72118 -3.5275 10 13 0
5.76789 -3.56083 20 21 0
5.81447 -3.5925 30 29 1
-5.38002 1.3125 10 9 0
-5.43356 1.32395 20 16 0
-5.4828 1.3375 30 25 1
-1.38474 6.00192 -1.13687e-13 2 0
-1.39617 6.05247 10 10 0
-1.4118 6.10644 20 18 0
-1.42617 6.16732 30 26 1
-7.45499 -3.68454 0 7 0
-7.52894 -3.72117 10 8 0
-7.59759 -3.75443 20 23 0
-7.67172 -3.78617 30 24 1
-1.1625 -7.18163 10 15 0
-1.17512 -7.24315 20 22 0
-1.1875 -7.30563 30 31 1
-6.83498 3.98118 0 1 0
-6.90415 4.0175 10 9 0
-6.96723 4.0522 20 17 0
-7.03072 4.0875 30 25 1
-6.9434 5.47108 1.13687e-13 1 0
-7.00408 5.5175 10 9 0
-7.06957 5.56664 20 17 0
-7.13943 5.6175 30 25 1
-4.0035 5.76869 -1.13687e-13 1 0
-4.03617 5.81454 10 10 0
-4.07787 5.86985 20 17 0
-4.11617 5.92283 30 26 1
6.00192 1.99088 2.27374e-13 4 0
6.05935 2.01117 10 12 0
6.10644 2.02876 20 20 0
6.15799 2.04617 30 28 1
4.58775 3.37363 -1.13687e-13 3 0
4.62593 3.40617 10 12 0
4.66661 3.43335 20 19 0
4.70714 3.46617 30 28 1
1.78793 -4.64962 -1.13687e-13 6 0
1.80117 -4.6897 10 14 0
1.8177 -4.73455 20 22 0
1.83117 -4.77627 30 30 1
0.44306 -7.16476 0 6 0
0.446169 -7.22379 10 14 0
0.448472 -7.29541 20 22 0
0.451169 -7.35607 30 30 1
3.78998 5.51103 -1.13687e-13 3 0
3.8225 5.55656 10 11 0
3.85782 5.60949 20 19 0
3.8875 5.65692 30 27 1
1.39971 5.31597 -1.13687e-13 2 0
1.4075 5.36188 10 11 0
1.41865 5.41396 20 18 0
1.4275 5.45966 30 27 1
-5.79565 -2.99722 1.13687e-13 7 0
-5.84606 -3.02117 10 8 0
-5.90288 -3.04705 20 23 0
-5.95763 -3.07617 30 24 1
4.74683 -5.08079 0 5 0
4.78617 -5.12912 10 14 0
4.82886 -5.17429 20 21 0
4.86617 -5.21619 30 30 1
-3.74391 -6.15762 -2.27374e-13 7 0
-3.7825 -6.2166 10 15 0
-3.81716 -6.26914 20 23 0
-3.8525 -6.32196 30 31 1
-3.7975 -4.67597 10 15 0
-3.83755 -4.72435 20 23 0
-3.8725 -4.76511 30 31 1
3.56811 6.80459 -1.13687e-13 3 0
3.5975 6.86599 10 11 0
3.62335 6.92489 20 19 0
3.6575 6.98963 30 27 1
2.7575 7.92103 10 11 0
2.78247 8.00096 20 18 0
2.8025 8.0721 30 27 1
-7.26275 2.62282 1.13687e-13 0 0
-7.3302 2.6475 10 9 0
-7.39341 2.67152 20 16 0
-7.46005 2.6925 30 25 1
7.94216 -2.30892 0 4 0
8.01429 -2.3275 10 13 0
8.09242 -2.34951 20 20 0
8.15829 -2.3725 30 29 1
-7.78538 -0.440354 1.13687e-13 0 0
-7.85311 -0.446169 10 8 0
-7.9291 -0.45659 20 16 0
-8.00246 -0.461169 30 24 1
-2.24868 5.11218 0 1 0
-2.27117 5.1597 10 10 0
-2.29963 5.20905 20 17 0
-2.32117 5.25213 30 26 1
-2.79617 5.79077 10 10 0
-2.8281 5.84467 20 17 0
-2.85117 5.88819 30 26 1
-5.06442 -0.811169 10 8 0
-5.11999 -0.819192 20 16 0
-5.16427 -0.826169 30 24 1
-7.34455 -3.97975 -1.13687e-13 7 0
-7.41882 -4.02117 10 8 0
-7.48333 -4.05347 20 23 0
-7.55246 -4.09117 30 24 1
4.59631 -4.92643 -1.13687e-13 5 0
4.63617 -4.97204 10 14 0
4.6718 -5.01724 20 21 0
4.71117 -5.06119 30 30 1
4.06189 -5.00814 1.13687e-13 5 0
4.09117 -5.0493 10 14 0
4.12432 -5.09353 20 21 0
4.16117 -5.14051 30 30 1
2.31453 5.48979 -2.27374e-13 3 0
2.3325 5.53735 10 11 0
2.3513 5.59161 20 19 0
2.3725 5.64099 30 27 1
-4.50223 5.95362 2.27374e-13 1 0
-4.54617 6.01342 10 10 0
-4.59238 6.06673 20 17 0
-4.63117 6.11963 30 26 1
-4.60795 -2.39117 10 8 0
-4.65709 -2.41737 20 23 0
-4.69537 -2.43617 30 24 1
2.65196 -6.24254 -1.13687e-13 5 0
2.67117 -6.29509 10 14 0
2.69142 -6.3509 20 21 0
2.71117 -6.4058 30 30 1
-2.48007 4.83459 -1.13687e-13 1 0
-2.50617 4.87851 10 10 0
-2.53485 4.92764 20 17 0
-2.56117 4.97594 30 26 1
4.68323 3.34282 -1.13687e-13 3 0
4.72321 3.37617 10 12 0
4.76209 3.40254 20 19 0
4.80442 3.43617 30 28 1
-7.11903 -1.19262 1.13687e-13 0 0
-7.19183 -1.20617 10 8 0
-7.25622 -1.21697 20 16 0
-7.32496 -1.22617 30 24 1
4.19183 -3.64944 -1.13687e-13 5 0
4.22862 -3.6825 10 13 0
4.26304 -3.71682 20 21 0
4.29862 -3.7525 30 29 1
1.88138 7.74618 0 2 0
1.8975 7.81764 10 11 0
1.91385 7.8899 20 18 0
1.9275 7.9537 30 27 1
1.20073 -5.20491 0 6 0
1.21117 -5.25228 10 14 0
1.21968 -5.30291 20 22 0
1.22617 -5.34507 30 30 1
5.89004 2.59795 0 3 0
5.94103 2.62117 10 12 0
5.99074 2.64507 20 19 0
6.04053 2.67117 30 28 1
-5.38967 0.1625 10 9 0
-5.4401 0.163079 20 16 0
-5.48867 0.1625 30 25 1
-2.65114 7.43914 0 2 0
-2.67617 7.50217 10 10 0
-2.70255 7.57633 20 18 0
-2.73117 7.64203 30 26 1
7.91603 1.15473 1.13687e-13 4 0
7.98621 1.16617 10 12 0
8.05975 1.17638 20 20 0
8.12642 1.18617 30 28 1
5.28331 0.286113 1.13687e-13 4 0
5.33138 0.286169 10 12 0
5.37477 0.291525 20 20 0
5.42123 0.291169 30 28 1
1.44698 -4.61043 -1.13687e-13 6 0
1.45617 -4.64876 10 14 0
1.46863 -4.68882 20 22 0
1.47617 -4.7324 30 30 1
4.9044 -0.173903 0 4 0
4.94505 -0.1775 10 13 0
4.98933 -0.176609 20 20 0
5.02991 -0.1775 30 29 1
-6.63491 -3.62617 10 8 0
-6.69688 -3.65735 20 23 0
-6.75648 -3.69117 30 24 1
-5.50671 -6.14095 -1.13687e-13 7 0
-5.5575 -6.19555 10 15 0
-5.60722 -6.25293 20 23 0
-5.6625 -6.30762 30 31 1
0.183286 -6.98184 0 6 0
0.181169 -7.04364 10 14 0
0.18058 -7.10596 20 22 0
0.181169 -7.17092 30 30 1
-0.164344 4.97627 -1.13687e-13 2 0
-0.166169 5.02046 10 10 0
-0.175168 5.06772 20 18 0
-0.176169 5.11531 30 26 1
-4.05109 -7.89221 1.13687e-13 7 0
-4.0925 -7.9691 10 15 0
-4.13405 -8.04023 20 23 0
-4.1675 -8.10774 30 31 1
-4.14413 3.6475 10 9 0
-4.18847 3.68052 20 17 0
-4.22327 3.7125 30 25 1
-6.70976 -4.64225 0 7 0
-6.7686 -4.68617 10 8 0
-6.83053 -4.72475 20 23 0
-6.89602 -4.77117 30 24 1
4.82658 4.44671 -3.41061e-13 3 0
4.86447 4.48617 10 12 0
4.90973 4.52986 20 19 0
4.95654 4.57117 30 28 1
-6.06638 5.47041 1.13687e-13 1 0
-6.12019 5.5175 10 9 0
-6.18219 5.56709 20 17 0
-6.24141 5.6175 30 25 1
-4.09649 -2.72117 10 8 0
-4.13992 -2.74976 20 23 0
-4.17478 -2.77117 30 24 1
-3.92835 -2.66617 10 8 0
-3.96512 -2.69359 20 23 0
-4.00664 -2.71617 30 24 1
7.32155 2.61326 1.13687e-13 4 0
7.39146 2.63617 10 12 0
7.4522 2.66196 20 20 0
7.51924 2.68617 30 28 1
6.34162 1.29815 1.13687e-13 4 0
6.39173 1.31117 10 12 0
6.44615 1.32521 20 20 0
6.50158 1.33617 30 28 1
-5.1725 -3.9622 0 7 0
-5.223 -3.99617 10 8 0
-5.27367 -4.03658 20 23 0
-5.31921 -4.07117 30 24 1
-2.44687 -4.42433 1.13687e-13 7 0
-2.4725 -4.46112 10 15 0
-2.49624 -4.50431 20 23 0
-2.5225 -4.54648 30 31 1
-2.0375 -6.01309 10 15 0
-2.05997 -6.07378 20 22 0
-2.0825 -6.12173 30 31 1
-1.31853 -4.44057 -1.13687e-13 6 0
-1.3325 -4.48078 10 15 0
-1.34559 -4.51897 20 22 0
-1.3575 -4.55528 30 31 1
2.38869 3.82656 -2.27374e-13 3 0
2.4075 3.85872 10 11 0
2.42881 3.8973 20 19 0
2.4475 3.93408 30 27 1
-1.64452 4.87827 -1.13687e-13 2 0
-1.66117 4.9174 10 10 0
-1.67969 4.9632 20 18 0
-1.69617 5.00896 30 26 1
-5.59035 1.39971 1.13687e-13 0 0
-5.64265 1.4125 10 9 0
-5.68834 1.42407 20 16 0
-5.74543 1.4375 30 25 1
2.60658 7.36728 -1.13687e-13 2 0
2.6275 7.43041 10 11 0
2.64988 7.49793 20 18 0
2.6725 7.56733 30 27 1
-4.88782 5.51261 1.13687e-13 1 0
-4.93617 5.56196 10 10 0
-4.98291 5.61153 20 17 0
-5.02617 5.65903 30 26 1
-5.4401 -1.99629 0 0 0
-5.4916 -2.01617 10 8 0
-5.54462 -2.03418 20 16 0
-5.59731 -2.05117 30 24 1
3.92098 5.81425 0 3 0
3.9575 5.86834 10 11 0
3.99424 5.92577 20 19 0
4.0275 5.98077 30 27 1
-0.827309 6.64213 -1.13687e-13 2 0
-0.836169 6.69455 10 10 0
-0.848957 6.75972 20 18 0
-0.856169 6.81354 30 26 1
-7.64819 -1.0059 1.13687e-13 0 0
-7.71601 -1.01617 10 8 0
-7.79191 -1.02755 20 16 0
-7.86328 -1.03617 30 24 1
-2.95868 3.53373 0 1 0
-2.98617 3.56246 10 10 0
-3.01682 3.59569 20 17 0
-3.04617 3.62953 30 26 1
1.68992 4.00796 0 3 0
1.7025 4.04468 10 11 0
1.71586 4.08365 20 19 0
1.7325 4.12417 30 27 1
-7.56979 1.91114 0 0 0
-7.6355 1.9275 10 9 0
-7.71351 1.94361 20 16 0
-7.78364 1.9625 30 25 1
-1.30356 5.66221 -1.13687e-13 2 0
-1.31617 5.71084 10 10 0
-1.33333 5.7602 20 18 0
-1.34617 5.81155 30 26 1
-6.53761 0.568976 1.13687e-13 0 0
-6.59163 0.5725 10 9 0
-6.6552 0.5798 20 16 0
-6.71477 0.5825 30 25 1
-5.47929 -0.876017 1.13687e-13 0 0
-5.5354 -0.886169 10 8 0
-5.58382 -0.892253 20 16 0
-5.63525 -0.901169 30 24 1
5.16089 5.48898 -1.13687e-13 3 0
5.2025 5.53649 10 11 0
5.25216 5.59173 20 19 0
5.2925 5.64064 30 27 1
-5.22328 0.6325 10 9 0
-5.26371 0.636626 20 16 0
-5.31813 0.6425 30 25 1
-8.23614 1.20759 0 0 0
-8.31143 1.2175 10 9 0
-8.39293 1.22924 20 16 0
-8.47078 1.2425 30 25 1
5.52502 2.06935 0 4 0
5.57574 2.08617 10 12 0
5.62955 2.10724 20 20 0
5.67231 2.12617 30 28 1
0.851663 -5.23758 0 6 0
0.856169 -5.28619 10 14 0
0.859781 -5.33557 20 22 0
0.861169 -5.37605 30 30 1
-0.4925 -8.3289 10 15 0
-0.495915 -8.39946 20 22 0
-0.5025 -8.47325 30 31 1
-0.747571 -8.61504 0 6 0
-0.7575 -8.69996 10 15 0
-0.766513 -8.77836 20 22 0
-0.7775 -8.85431 30 31 1
3.36665 -3.26434 -2.27374e-13 5 0
3.39315 -3.2925 10 13 0
3.42208 -3.31978 20 21 0
3.44815 -3.3475 30 29 1
3.30338 -6.40413 -1.13687e-13 5 0
3.33117 -6.46012 10 14 0
3.35862 -6.52443 20 21 0
3.38617 -6.57876 30 30 1
0.999227 6.64867 1.13687e-13 2 0
1.0025 6.7105 10 11 0
1.01005 6.76626 20 18 0
1.0175 6.83157 30 27 1
-4.37322 7.36683 1.13687e-13 1 0
-4.41617 7.43198 10 10 0
-4.45459 7.49795 20 17 0
-4.49617 7.56148 30 26 1
5.89086 -0.12249 0 4 0
5.93657 -0.1225 10 13 0
5.98885 -0.125196 20 20 0
6.04057 -0.1275 30 29 1
3.56088 6.3037 -2.27374e-13 3 0
3.5925 6.35894 10 11 0
3.62377 6.41634 20 19 0
3.6525 6.47551 30 27 1
-6.92304 -0.656833 0 0 0
-6.98624 -0.661169 10 8 0
-7.04717 -0.670363 20 16 1
6.51801 1.33333 0 4 0
6.57522 1.34617 10 12 0
6.6356 1.36039 20 20 0
6.69215 1.37117 30 28 1
1.91463 4.32834 -1.13687e-13 3 0
1.9275 4.36867 10 11 0
1.94056 4.40403 20 19 0
1.9575 4.44817 30 27 1
-3.87834 -3.81117 10 8 0
-3.9121 -3.84603 20 23 0
-3.94834 -3.88117 30 24 1
2.12717 -3.99569 1.13687e-13 5 0
2.14617 -4.03061 10 14 0
2.16347 -4.07025 20 21 0
2.18117 -4.10803 30 30 1
2.54131 -5.68799 -1.13687e-13 5 0
2.56617 -5.74461 10 14 0
2.58461 -5.79252 20 21 0
2.60617 -5.84825 30 30 1
-6.38721 -3.74617 10 8 0
-6.44469 -3.7802 20 23 0
-6.50671 -3.81617 30 24 1
4.57101 2.77138 1.13687e-13 3 0
4.6099 2.79617 10 12 0
4.65099 2.82074 20 19 0
4.68818 2.84617 30 28 1
1.28065 5.11999 -1.13687e-13 2 0
1.2875 5.1641 10 11 0
1.29689 5.21145 20 18 0
1.3075 5.26188 30 27 1
-5.61648 -1.85829 0 0 0
-5.67687 -1.87617 10 8 0
-5.72754 -1.89347 20 16 0
-5.77758 -1.90617 30 24 1
-4.15303 -5.49905 0 7 0
-4.1875 -5.53973 10 15 0
-4.23123 -5.59639 20 23 0
-4.2675 -5.64094 30 31 1
-0.571682 -4.63656 -1.13687e-13 6 0
-0.5775 -4.68037 10 15 0
-0.585212 -4.72149 20 22 0
-0.5925 -4.76608 30 31 1
-3.99246 7.10087 -1.13687e-13 1 0
-4.03617 7.17219 10 10 0
-4.07383 7.23199 20 17 0
-4.11117 7.29668 30 26 1
4.64658 -6.35437 0 5 0
4.69117 -6.42004 10 14 0
4.72907 -6.47513 20 21 0
4.77117 -6.5354 30 30 1
6.83812 0.183286 -1.13687e-13 4 0
6.90722 0.186169 10 12 0
6.96224 0.185992 20 20 0
7.02036 0.186169 30 28 1
-5.85166 0.826045 0 0 0
-5.91118 0.8325 10 9 0
-5.96925 0.84228 20 16 0
-6.0181 0.8475 30 25 1
-5.46014 -4.0164 1.13687e-13 7 0
-5.51134 -4.05117 10 8 0
-5.5613 -4.09078 20 23 0
-5.60756 -4.12617 30 24 1
-5.87497 3.2967 -1.13687e-13 1 0
-5.92631 3.3225 10 9 0
-5.9849 3.35306 20 17 0
-6.04287 3.3825 30 25 1
-5.75831 -5.29807 0 7 0
-5.81639 -5.34617 10 8 0
-5.86759 -5.39204 20 23 0
-5.92554 -5.44117 30 24 1
5.68834 -2.12221 1.13687e-13 4 0
5.73626 -2.1425 10 13 0
5.78633 -2.1628 20 20 0
5.83989 -2.1825 30 29 1
-4.52387 -2.11617 10 8 0
-4.56528 -2.13039 20 23 0
-4.60836 -2.15117 30 24 1
-5.26405 5.2842 -2.27374e-13 1 0
-5.31617 5.33385 10 10 0
-5.3695 5.382 20 17 0
-5.41617 5.42678 30 26 1
-1.6825 -7.07938 10 15 0
-1.70278 -7.14516 20 22 0
-1.7175 -7.2063 30 31 1
7.17129 0.169756 0 4 0
7.23163 0.171169 10 12 0
7.29541 0.172462 20 20 0
7.36391 0.176169 30 28 1
-7.93563 -0.589183 1.13687e-13 0 0
-8.00311 -0.596169 10 8 0
-8.07935 -0.600007 20 16 0
-8.15453 -0.606169 30 24 1
4.72739 4.2595 -1.13687e-13 3 0
4.76639 4.29617 10 12 0
4.80783 4.33611 20 19 0
4.84847 4.37117 30 28 1
4.10322 1.89029 -1.13687e-13 3 0
4.13709 1.90617 10 12 0
4.17126 1.92389 20 19 0
4.20745 1.94117 30 28 1
6.11298 0.700128 1.13687e-13 4 0
6.16857 0.706169 10 12 0
6.22403 0.713658 20 20 0
6.27549 0.721169 30 28 1
5.84741 4.28117 10 12 0
5.89857 4.31707 20 19 0
5.95569 4.36117 30 28 1
-2.05727 -8.00096 -1.13687e-13 6 0
-2.0775 -8.07542 10 15 0
-2.09786 -8.15121 20 22 0
-2.1175 -8.22148 30 31 1
-3.2325 -3.81398 10 15 0
-3.26346 -3.84795 20 23 0
-3.2975 -3.88605 30 31 1
4.42098 -1.38618 2.27374e-13 4 0
4.45385 -1.3975 10 13 0
4.49284 -1.41054 20 20 0
4.53542 -1.4225 30 29 1
5.3225 0.859781 2.27374e-13 4 0
5.3669 0.866169 10 12 0
5.41396 0.876017 20 20 0
5.45761 0.886169 30 28 1
-4.23111 -2.39617 10 8 0
-4.27173 -2.4147 20 23 0
-4.31354 -2.43617 30 24 1
-5.201 -4.64509 0 7 0
-5.25332 -4.69117 10 8 0
-5.30375 -4.73636 20 23 0
-5.35246 -4.77617 30 24 1
3.84677 -1.82339 0 5 0
3.88269 -1.8375 10 13 0
3.9121 -1.85045 20 21 0
3.94098 -1.8675 30 29 1
-0.0521342 -7.60246 -1.13687e-13 6 0
-0.0525 -7.66969 10 15 0
-0.0575461 -7.74618 20 22 0
-0.0625 -7.81404 30 31 1
-5.64029 -3.09117 10 8 0
-5.69009 -3.12126 20 23 0
-5.74479 -3.14617 30 24 1
-5.81063 4.77457 0 1 0
-5.86567 4.8175 10 9 0
-5.92103 4.85819 20 17 0
-5.97188 4.9025 30 25 1
-2.46587 -7.13209 -1.13687e-13 6 0
-2.4925 -7.19641 10 15 0
-2.51458 -7.26275 20 22 0
-2.5425 -7.32419 30 31 1
0.0858709 -4.46017 -1.13687e-13 6 0
0.0861686 -4.50205 10 14 0
0.0858709 -4.53857 20 22 0
0.0811686 -4.57483 30 30 1
3.66024 -3.51584 -1.13687e-13 5 0
3.69057 -3.5475 10 13 0
3.72491 -3.58051 20 21 0
3.75057 -3.6075 30 29 1
-8.69344 -1.41721 0 0 0
-8.78154 -1.43117 10 8 0
-8.85676 -1.44157 20 16 0
-8.94089 -1.45617 30 24 1
-2.83464 3.63929 1.13687e-13 1 0
-2.86117 3.67081 10 10 0
-2.88895 3.70509 20 17 0
-2.92117 3.73788 30 26 1
0.353763 -6.09991 0 6 0
0.356169 -6.15798 10 14 0
0.356469 -6.21097 20 22 0
0.356169 -6.26405 30 30 1
-7.98789 1.25088 0 0 0
-8.05945 1.2625 10 9 0
-8.13815 1.27524 20 16 0
-8.21173 1.2875 30 25 1
3.23119 -4.83182 -1.13687e-13 5 0
3.25617 -4.87191 10 14 0
3.28326 -4.91833 20 21 0
3.30617 -4.95726 30 30 1
-7.68738 1.58643 0 0 0
-7.75598 1.6025 10 9 0
-7.82457 1.61619 20 16 0
-7.89912 1.6325 30 25 1
2.47439 -4.72941 -1.13687e-13 5 0
2.49617 -4.77659 10 14 0
2.5161 -4.81704 20 21 0
2.53617 -4.85901 30 30 1
-6.6615 -5.84537 2.27374e-13 7 0
-6.71995 -5.89617 10 8 0
-6.78543 -5.96164 20 23 0
-6.84995 -6.02617 30 24 1
-6.55109 -4.84713 -1.13687e-13 7 0
-6.60797 -4.88617 10 8 0
-6.67185 -4.92962 20 23 0
-6.73333 -4.97617 30 24 1
7.29266 -1.8675 10 13 0
7.35421 -1.88138 20 20 0
7.42166 -1.8975 30 29 1
-7.44487 -4.1566 -1.13687e-13 7 0
-7.51604 -4.19617 10 8 0
-7.58635 -4.23685 20 23 0
-7.65467 -4.27117 30 24 1
-6.68599 5.516 1.13687e-13 1 0
-6.75002 5.5675 10 9 0
-6.81487 5.61809 20 17 0
-6.87831 5.6675 30 25 1
5.23629 -2.5126 -1.13687e-13 5 0
5.28273 -2.5375 10 13 0
5.32663 -2.56084 20 21 0
5.37015 -2.5825 30 29 1
-4.86024 2.3625 10 9 0
-4.90853 2.38766 20 17 0
-4.95474 2.4075 30 25 1
4.17248 -7.23497 0 5 0
4.20617 -7.29976 10 14 0
4.24349 -7.36721 20 21 0
4.27617 -7.42633 30 30 1
7.5306 -2.87447 0 4 0
7.59434 -2.8975 10 13 0
7.66779 -2.92589 20 20 0
7.72712 -2.9525 30 29 1
-2.6775 -4.54591 10 15 0
-2.70258 -4.58437 20 23 0
-2.7325 -4.6292 30 31 1
-5.1482 1.9575 10 9 0
-5.19185 1.97609 20 16 0
-5.24684 1.9925 30 25 1
4.9828 2.045 2.27374e-13 4 0
5.02748 2.06117 10 12 0
5.07426 2.08288 20 20 0
5.11698 2.10117 30 28 1
3.86276 2.4726 0 3 0
3.8927 2.49617 10 12 0
3.92584 2.52038 20 19 0
3.95892 2.54117 30 28 1
4.86878 3.26814 -1.13687e-13 3 0
4.90984 3.30117 10 12 0
4.95417 3.33057 20 19 0
4.99812 3.36117 30 28 1
-2.3875 -6.9712 10 15 0
-2.41175 -7.04064 20 22 0
-2.4375 -7.09899 30 31 1
-6.16524 -1.05191 0 0 0
-6.21951 -1.06117 10 8 0
-6.2763 -1.07085 20 16 0
-6.33851 -1.08117 30 24 1
3.55578 6.91855 -2.27374e-13 3 0
3.5875 6.98327 10 11 0
3.61756 7.04155 20 19 0
3.6475 7.1069 30 27 1
6.18484 -0.179315 1.13687e-13 4 0
6.23906 -0.1775 10 13 0
6.28936 -0.179315 20 20 0
6.35012 -0.1825 30 29 1
0.827309 -6.05418 -2.27374e-13 6 0
0.831169 -6.10972 10 14 0
0.835427 -6.16524 20 22 0
0.836169 -6.21372 30 30 1
-5.79287 -0.924725 0 0 0
-5.84203 -0.931169 10 8 0
-5.89739 -0.935549 20 16 0
-5.95602 -0.946169 30 24 1
5.5975 5.30182 0 3 0
5.64462 5.35117 10 12 0
5.6926 5.40074 20 19 0
5.73962 5.44617 30 28 1
-1.13182 -4.36871 -1.13687e-13 6 0
-1.1475 -4.40892 10 15 0
-1.15888 -4.44711 20 22 0
-1.1675 -4.48548 30 31 1
-1.70819 -5.8386 0 6 0
-1.7275 -5.89401 10 15 0
-1.74337 -5.94965 20 22 0
-1.7625 -5.99972 30 31 1
-4.73959 2.1075 10 9 0
-4.78339 2.12476 20 17 0
-4.82909 2.1475 30 25 1
5.41783 5.41681 -2.27374e-13 3 0
5.4625 5.46415 10 11 0
5.50639 5.51303 20 19 0
5.5575 5.56622 30 27 1
-0.7325 -8.03857 10 15 0
-0.744865 -8.11202 20 22 0
-0.7525 -8.18585 30 31 1
3.23351 -4.96808 1.13687e-13 5 0
3.26117 -5.01833 10 14 0
3.28828 -5.06113 20 21 0
3.31117 -5.10368 30 30 1
-4.54236 3.0275 10 9 0
-4.58387 3.05415 20 17 0
-4.63272 3.0825 30 25 1
4.34258 1.42804 2.27374e-13 4 0
4.3792 1.44117 10 12 0
4.42098 1.4551 20 20 0
4.45369 1.46617 30 28 1
-5.5125 -6.76573 10 15 0
-5.56517 -6.83083 20 23 0
-5.6175 -6.89194 30 31 1
4.72149 0.821898 0 4 0
4.75915 0.831169 10 12 0
4.79988 0.838133 20 20 0
4.84486 0.846169 30 28 1
-6.30243 -1.94217 0 0 0
-6.35584 -1.96117 10 8 0
-6.41348 -1.97735 20 16 0
-6.47569 -1.99617 30 24 1
-5.04816 -7.47718 0 7 0
-5.0975 -7.54574 10 15 0
-5.14913 -7.61642 20 23 0
-5.1975 -7.68817 30 31 1
3.74563 2.45114 -2.27374e-13 3 0
3.78078 2.47617 10 12 0
3.81254 2.49509 20 19 0
3.84699 2.52117 30 28 1
-8.69997 -1.30627 -1.13687e-13 0 0
-8.78468 -1.32117 10 8 0
-8.86329 -1.33062 20 16 0
-8.94403 -1.34617 30 24 1
4.42106 5.54514 1.13687e-13 3 0
4.4625 5.59552 10 11 0
4.50197 5.649 20 19 0
4.5375 5.69881 30 27 1
2.45813 4.85654 -2.27374e-13 3 0
2.4775 4.89746 10 11 0
2.49984 4.94417 20 19 0
2.5175 4.98696 30 27 1
-4.64049 -3.16617 10 8 0
-4.68586 -3.19237 20 23 0
-4.73084 -3.22117 30 24 1
-5.15833 1.5575 10 9 0
-5.20491 1.5756 20 16 0
-5.25197 1.5875 30 25 1
4.69555 -3.44137 0 5 0
4.73987 -3.4725 10 13 0
4.77441 -3.50109 20 21 0
4.82109 -3.5325 30 29 1
-4.73831 3.5275 10 9 0
-4.7884 3.56101 20 17 0
-4.83159 3.5925 30 25 1
-5.39159 1.2675 10 9 0
-5.44663 1.28065 20 16 0
-5.50144 1.2925 30 25 1
-6.16111 4.40561 0 1 0
-6.22399 4.4475 10 9 0
-6.27534 4.4854 20 17 0
-6.33435 4.5225 30 25 1
-1.81499 8.32107 -1.13687e-13 2 0
-1.83117 8.39666 10 10 0
-1.85017 8.47132 20 18 0
-1.87117 8.54979 30 26 1
1.41992 -8.32107 -1.13687e-13 6 0
1.43117 -8.39971 10 14 0
1.44157 -8.47785 20 22 0
1.45117 -8.54699 30 30 1
-8.22852 -3.47457 -1.13687e-13 7 0
-8.30389 -3.50617 10 8 0
-8.37878 -3.53681 20 23 0
-8.46081 -3.57117 30 24 1
5.85166 -0.59333 1.13687e-13 4 0
5.90245 -0.5975 10 13 0
5.95619 -0.604154 20 20 0
6.00438 -0.6075 30 29 1
1.87182 -6.94264 0 6 0
1.88617 -7.00916 10 14 0
1.90158 -7.06677 20 22 0
1.91617 -7.13108 30 30 1
1.95444 4.99586 -1.13687e-13 2 0
1.9675 5.04507 10 11 0
1.9842 5.09386 20 18 0
1.9975 5.13871 30 27 1
1.97465 -5.59688 0 6 0
1.99117 -5.64338 10 14 0
2.00441 -5.69488 20 22 0
2.02117 -5.74409 30 30 1
-5.77614 -6.26879 1.13687e-13 7 0
-5.8325 -6.32913 10 15 0
-5.88318 -6.38348 20 23 0
-5.9375 -6.4412 30 31 1
3.29496 -6.67124 -1.13687e-13 5 0
3.32117 -6.73296 10 14 0
3.3502 -6.79154 20 21 0
3.37617 -6.8516 30 30 1
4.45673 -5.49099 0 5 0
4.49117 -5.53415 10 14 0
4.5284 -5.58562 20 21 0
4.56617 -5.63744 30 30 1
-2.28727 -7.9291 0 6 0
-2.3125 -8.00636 10 15 0
-2.33598 -8.07282 20 22 0
-2.3575 -8.15036 30 31 1
3.95936 2.43143 -2.27374e-13 3 0
3.99413 2.45617 10 12 0
4.02627 2.47538 20 19 0
4.06034 2.50117 30 28 1
5.12652 0.784014 0 4 0
5.1717 0.791169 10 12 0
5.21145 0.797544 20 20 0
5.26448 0.806169 30 28 1
3.55377 -7.62271 -2.27374e-13 5 0
3.58117 -7.69299 10 14 0
3.61059 -7.7599 20 21 0
3.64117 -7.83078 30 30 1
-2.50117 7.09383 10 10 0
-2.52937 7.15823 20 18 0
-2.55117 7.22161 30 26 1
1.72984 4.32298 -1.13687e-13 2 0
1.7425 4.36045 10 11 0
1.7569 4.40138 20 18 0
1.7725 4.43995 30 27 1
6.38735 -2.28186 1.13687e-13 4 0
6.4478 -2.3025 10 13 0
6.49841 -2.32245 20 20 0
6.55851 -2.3425 30 29 1
-0.713658 4.77375 -2.27374e-13 2 0
-0.726169 4.81678 10 10 0
-0.7326 4.85867 20 18 0
-0.741169 4.90249 30 26 1
2.05513 3.81828 0 3 0
2.0725 3.85606 10 11 0
2.09143 3.89285 20 19 0
2.1025 3.92142 30 27 1
7.0929 1.83664 0 4 0
7.15801 1.85117 10 12 0
7.22355 1.86911 20 20 0
7.28493 1.88617 30 28 1
-7.19742 -0.986962 1.13687e-13 0 0
-7.2576 -0.996169 10 8 0
-7.32808 -1.0032 20 16 0
-7.39781 -1.01617 30 24 1
5.68834 1.36309 2.27374e-13 4 0
5.73548 1.37617 10 12 0
5.78633 1.38745 20 20 0
5.83826 1.40117 30 28 1
4.41522 5.12599 -2.27374e-13 3 0
4.4525 5.16833 10 11 0
4.49072 5.2168 20 19 0
4.5275 5.26454 30 27 1
2.84161 6.04365 0 3 0
2.8675 6.10063 10 11 0
2.88761 6.15471 20 19 0
2.9125 6.20927 30 27 1
-3.01789 -8.20348 0 6 0
-3.0475 -8.27467 10 15 0
-3.07742 -8.3472 20 22 0
-3.1075 -8.4266 30 31 1
-6.51043 -5.50678 0 7 0
-6.57587 -5.56117 10 8 0
-6.63278 -5.60617 20 23 0
-6.69708 -5.66117 30 24 1
5.08648 5.76664 0 3 0
5.1325 5.82005 10 11 0
5.17775 5.86939 20 19 0
5.2225 5.92419 30 27 1
-6.70746 1.70549 0 0 0
-6.7679 1.7175 10 9 0
-6.83158 1.73525 20 16 0
-6.89689 1.7475 30 25 1
1.98435 -4.36948 -1.13687e-13 5 0
2.00117 -4.40887 10 14 0
2.01682 -4.44788 20 21 0
2.03117 -4.48836 30 30 1
1.28606 8.39946 -2.27374e-13 2 0
1.2975 8.47629 10 11 0
1.30771 8.55625 20 18 0
1.3175 8.63064 30 27 1
-3.68545 6.59487 0 1 0
-3.72617 6.65713 10 10 0
-3.76412 6.71945 20 17 0
-3.79617 6.77662 30 26 1
-4.24205 -2.71117 10 8 0
-4.28766 -2.7406 20 23 0
-4.32741 -2.76117 30 24 1
-0.164344 7.36728 0 2 0
-0.166169 7.43169 10 10 0
-0.172462 7.50446 20 18 0
-0.176169 7.56897 30 26 1
5.88168 4.31549 -1.13687e-13 3 0
5.92948 4.35617 10 12 0
5.98555 4.3964 20 19 0
6.03777 4.43617 30 28 1
-6.616 2.2088 1.13687e-13 0 0
-6.68393 2.2275 10 9 0
-6.74666 2.24668 20 16 0
-6.80878 2.2675 30 25 1
-4.07675 -3.57117 10 8 0
-4.11287 -3.59906 20 23 0
-4.15589 -3.63617 30 24 1
-6.0801 5.43821 -1.13687e-13 1 0
-6.13969 5.4875 10 9 0
-6.19592 5.53489 20 17 0
-6.25383 5.5875 30 25 1
-2.07621 -5.28984 0 6 0
-2.0975 -5.33063 10 15 0
-2.1195 -5.3813 20 22 0
-2.1375 -5.4272 30 31 1
-4.42103 -5.92396 0 7 0
-4.4675 -5.98236 10 15 0
-4.51118 -6.03707 20 23 0
-4.5525 -6.08857 30 31 1
5.58382 -0.320026 2.27374e-13 4 0
5.62745 -0.3225 10 13 0
5.68181 -0.328144 20 20 0
5.72938 -0.3325 30 29 1
-0.249671 -5.29637 0 6 0
-0.2525 -5.33825 10 15 0
-0.255083 -5.38783 20 22 0
-0.2625 -5.44017 30 31 1
-7.37381 0.0169564 1.13687e-13 0 0
-7.44377 0.0175 10 9 0
-7.51753 0.0169564 20 16 0
-7.5852 0.0175 30 25 1
-6.31489 4.75073 1.13687e-13 1 0
-6.371 4.7925 10 9 0
-6.43182 4.83705 20 17 0
-6.49136 4.8775 30 25 1
-0.755689 -7.17129 -1.13687e-13 6 0
-0.7625 -7.24125 10 15 0
-0.771925 -7.30195 20 22 0
-0.7775 -7.36939 30 31 1
5.7798 1.75817 0 4 0
5.8335 1.77117 10 12 0
5.87779 1.78793 20 20 0
5.93214 1.80617 30 28 1
-0.808368 6.42655 0 2 0
-0.816169 6.48363 10 10 0
-0.824604 6.54414 20 18 0
-0.831169 6.59762 30 26 1
-5.12666 -1.44617 10 8 0
-5.17225 -1.4578 20 16 0
-5.22237 -1.47117 30 24 1
6.99056 -2.98488 -1.13687e-13 5 0
7.05173 -3.0125 10 13 0
7.11085 -3.04012 20 21 0
7.17037 -3.0675 30 29 1
-7.61552 -0.0939888 1.13687e-13 0 0
-7.68903 -0.0911686 10 8 0
-7.75924 -0.0939888 20 16 1
-6.90681 -3.26264 0 7 0
-6.97166 -3.29117 10 8 0
-7.04017 -3.3233 20 23 0
-7.10237 -3.35117 30 24 1
4.10996 -6.07797 -1.13687e-13 5 0
4.14617 -6.1296 10 14 0
4.18051 -6.18296 20 21 0
4.21617 -6.24203 30 30 1
1.24547 4.69535 -2.27374e-13 2 0
1.2575 4.73812 10 11 0
1.26441 4.78028 20 18 1
3.81991 -4.8159 -1.13687e-13 5 0
3.85117 -4.8588 10 14 0
3.88234 -4.9013 20 21 0
3.92117 -4.95001 30 30 1
5.27024 -1.213 1.13687e-13 4 0
5.31123 -1.2225 10 13 0
5.3617 -1.23465 20 20 0
5.40694 -1.2475 30 29 1
2.11059 -3.7074 -2.27374e-13 5 0
2.13117 -3.73984 10 14 0
2.14418 -3.77543 20 21 0
2.16117 -3.80519 30 30 1
-8.44519 -1.1412 1.13687e-13 0 0
-8.52276 -1.15117 10 8 0
-8.60198 -1.16285 20 16 0
-8.67711 -1.17117 30 24 1
3.86839 4.25005 -2.27374e-13 3 0
3.9025 4.29306 10 11 0
3.93464 4.33162 20 19 0
3.9675 4.36513 30 27 1
-6.43927 -2.8525 1.13687e-13 7 0
-6.6653 -2.92117 10 8 0
-6.89563 -2.98742 20 23 0
-7.12557 -3.05617 30 24 1
-3.34117 4.18616 10 10 0
-3.37525 4.22582 20 17 0
-3.40617 4.25823 30 26 1
4.20539 1.70134 1.13687e-13 4 0
4.237 1.71617 10 12 0
4.27072 1.73381 20 20 0
4.31443 1.75117 30 28 1
-4.46284 6.00225 -1.13687e-13 1 0
-4.50617 6.05827 10 10 0
-4.55028 6.10883 20 17 0
-4.59117 6.16448 30 26 1
-5.52913 -5.93376 0 7 0
-5.5825 -5.9872 10 15 0
-5.64 -6.04462 20 23 0
-5.6875 -6.0922 30 31 1
-8.50399 -0.148108 0 0 0
-8.58342 -0.151169 10 8 0
-8.65424 -0.150814 20 16 0
-8.73898 -0.151169 30 24 1
-1.05117 6.39336 10 10 0
-1.06273 6.45268 20 18 0
-1.07617 6.50321 30 26 1
-5.58309 3.75488 0 1 0
-5.6347 3.7875 10 9 0
-5.68537 3.81889 20 17 0
-5.74713 3.8575 30 25 1
-4.10594 -5.01953 2.27374e-13 7 0
-4.1475 -5.06839 10 15 0
-4.18797 -5.11304 20 23 0
-4.2275 -5.16253 30 31 1
2.21512 -4.66532 0 5 0
2.23617 -4.70751 10 14 0
2.25684 -4.75295 20 21 0
2.27117 -4.792 30 30 1
0.411169 -8.76564 10 14 0
0.410589 -8.83716 20 22 0
0.411169 -8.9212 30 30 1
-4.68907 -5.97004 -1.13687e-13 7 0
-4.7325 -6.02109 10 15 0
-4.78304 -6.07932 20 23 0
-4.8275 -6.1373 30 31 1
5.61648 -1.15076 1.13687e-13 4 0
5.66842 -1.1625 10 13 0
5.71447 -1.1697 20 20 0
5.7662 -1.1825 30 29 1
0.625802 4.98933 -1.13687e-13 2 0
0.6325 5.03943 10 11 0
0.636626 5.08079 20 18 0
0.6375 5.12928 30 27 1
6.95123 -4.48394 -1.13687e-13 5 0
7.01317 -4.5225 10 13 0
7.06928 -4.5599 20 21 0
7.13559 -4.6025 30 29 1
5.78562 -4.75339 0 5 0
5.8336 -4.7925 10 13 0
5.88566 -4.83812 20 21 0
5.93774 -4.8825 30 29 1
0.870605 -7.33461 0 6 0
0.876169 -7.39923 10 14 0
0.881429 -7.46527 20 22 0
0.886169 -7.52944 30 30 1
-6.45268 -0.0561051 0 0 0
-6.50852 -0.0561686 10 8 0
-6.57027 -0.0561051 20 16 0
-6.6358 -0.0561686 30 24 1
-5.23535 4.66617 1.13687e-13 1 0
-5.28691 4.7125 10 9 0
-5.3354 4.75091 20 17 0
-5.38605 4.7975 30 25 1
-0.984256 4.46017 0 2 0
-0.996169 4.50695 10 10 0
-1.00861 4.5451 20 18 0
-1.02117 4.58852 30 26 1
6.82507 4.17588 0 3 0
6.8855 4.21617 10 12 0
6.94312 4.25184 20 19 0
7.00292 4.29117 30 28 1
6.67617 4.57422 -1.13687e-13 3 0
6.73395 4.61617 10 12 0
6.7904 4.65401 20 19 0
6.84931 4.69617 30 28 1
4.89328 5.84897 -1.13687e-13 3 0
4.9325 5.89582 10 11 0
4.97419 5.95284 20 19 0
5.0175 6.0091 30 27 1
3.84366 2.11291 -1.13687e-13 3 0
3.87419 2.13117 10 12 0
3.90404 2.15415 20 19 0
3.9354 2.17117 30 28 1
4.74583 -2.66122 -2.27374e-13 5 0
4.78926 -2.6875 10 13 0
4.82581 -2.71059 20 21 0
4.86254 -2.7325 30 29 1
-3.75041 -3.67617 10 8 0
-3.79041 -3.70903 20 23 0
-3.82249 -3.74117 30 24 1
-0.740718 6.96877 0 2 0
-0.751169 7.03381 10 10 0
-0.75966 7.0929 20 18 0
-0.766169 7.15488 30 26 1
5.07426 -2.07891 1.13687e-13 4 0
5.1185 -2.0975 10 13 0
5.16572 -2.1168 20 20 0
5.208 -2.1375 30 29 1
-7.86377 -1.53898 1.13687e-13 0 0
-7.93781 -1.55617 10 8 0
-8.01402 -1.56875 20 16 0
-8.08802 -1.58617 30 24 1
-3.5025 -4.16883 10 15 0
-3.53549 -4.20416 20 23 0
-3.5675 -4.2409 30 31 1
4.69307 -2.99115 -1.13687e-13 5 0
4.73742 -3.0175 10 13 0
4.77305 -3.04051 20 21 0
4.81364 -3.0725 30 29 1
4.61212 -5.47418 -2.27374e-13 5 0
4.65617 -5.52945 10 14 0
4.69303 -5.57805 20 21 0
4.73117 -5.62566 30 30 1
5.01469 -6.10636 -2.27374e-13 5 0
5.05617 -6.15572 10 14 0
5.10213 -6.21293 20 21 0
5.14617 -6.274 30 30 1
2.27771 -8.04016 0 6 0
2.29617 -8.11919 10 14 0
2.31289 -8.19041 20 22 0
2.33117 -8.26026 30 30 1
-1.60617 7.31606 10 10 0
-1.62557 7.38034 20 18 0
-1.64117 7.45005 30 26 1
-3.4675 -4.07019 10 15 0
-3.49872 -4.10234 20 23 0
-3.5325 -4.13519 30 31 1
-5.49889 -1.64181 2.27374e-13 0 0
-5.54879 -1.65617 10 8 0
-5.60342 -1.66887 20 16 0
-5.65657 -1.68617 30 24 1
3.84666 6.24889 -1.13687e-13 3 0
3.8775 6.30453 10 11 0
3.90955 6.36153 20 19 0
3.9475 6.42403 30 27 1
-5.87244 -6.51433 -1.13687e-13 7 0
-5.9275 -6.57262 10 15 0
-5.98601 -6.63173 20 23 0
-6.0375 -6.68969 30 31 1
2.50502 -6.31549 -1.13687e-13 6 0
2.52117 -6.37137 10 14 0
2.5429 -6.43308 20 22 0
2.56117 -6.48208 30 30 1
-6.24592 -3.5355 2.27374e-13 7 0
-6.30414 -3.57117 10 8 0
-6.3651 -3.6011 20 23 0
-6.4257 -3.63617 30 24 1
7.34743 -3.21929 -2.27374e-13 5 0
7.41901 -3.2525 10 13 0
7.48079 -3.27995 20 21 0
7.54972 -3.3125 30 29 1
-7.24227 -3.91573 0 7 0
-7.31346 -3.95117 10 8 0
-7.38105 -3.98945 20 23 0
-7.4521 -4.02617 30 24 1
0.206375 4.44711 -1.13687e-13 2 0
0.2075 4.49422 10 11 0
0.206375 4.53857 20 18 0
0.2075 4.572 30 27 1
8.56278 0.486356 1.13687e-13 4 0
8.63643 0.501169 10 12 0
8.71957 0.513416 20 20 0
8.79371 0.531169 30 28 1
-6.22397 4.89708 1.13687e-13 1 0
-6.28058 4.9425 10 9 0
-6.34361 4.98993 20 17 0
-6.39887 5.0325 30 25 1
5.26983 6.24848 -2.27374e-13 3 0
5.3175 6.3091 10 11 0
5.35998 6.36159 20 19 0
5.4075 6.42032 30 27 1
4.43306 -1.89306 0 5 0
4.46888 -1.9075 10 13 0
4.50492 -1.92282 20 21 0
4.54631 -1.9425 30 29 1
2.68507 -5.3687 0 5 0
2.70617 -5.41792 10 14 0
2.73219 -5.4694 20 21 0
2.75117 -5.51949 30 30 1
4.4288 5.69446 0 3 0
4.4625 5.74402 10 11 0
4.50317 5.79562 20 19 0
4.5375 5.8473 30 27 1
-2.98395 -6.93605 1.13687e-13 7 0
-3.0125 -6.99516 10 15 0
-3.0419 -7.06288 20 23 0
-3.0725 -7.12587 30 31 1
-6.92304 -0.516122 0 0 0
-6.99473 -0.521169 10 8 0
-7.06023 -0.52424 20 16 0
-7.12494 -0.531169 30 24 1
-8.39946 2.73647 0 0 0
-8.47758 2.7625 10 9 0
-8.55625 2.78517 20 16 0
-8.63571 2.8075 30 25 1
6.32091 -4.19038 -1.13687e-13 5 0
6.37876 -4.2275 10 13 0
6.43243 -4.26363 20 21 0
6.48911 -4.3025 30 29 1
3.94417 5.3476 1.13687e-13 3 0
3.9775 5.40044 10 11 0
4.01201 5.44605 20 19 0
4.0425 5.49372 30 27 1
-2.5275 -5.08181 10 15 0
-2.55489 -5.12933 20 23 0
-2.5775 -5.17423 30 31 1
-1.5296 -8.36026 0 6 0
-1.5475 -8.44344 10 15 0
-1.56207 -8.51705 20 22 0
-1.5775 -8.58658 30 31 1
3.63477 5.46298 -1.13687e-13 3 0
3.6725 5.5197 10 11 0
3.70261 5.56144 20 19 0
3.7375 5.61299 30 27 1
-5.90058 -3.82541 1.13687e-13 7 0
-5.95774 -3.86117 10 8 0
-6.00939 -3.89214 20 23 0
-6.07017 -3.93117 30 24 1
3.21087 -3.41089 -2.27374e-13 5 0
3.23617 -3.43769 10 14 0
3.26248 -3.47014 20 21 0
3.29117 -3.49977 30 30 1
-4.40272 2.8525 10 9 0
-4.44594 2.87796 20 17 0
-4.48807 2.9025 30 25 1
5.09429 -4.07737 -1.13687e-13 5 0
5.13739 -4.1175 10 13 0
5.17856 -4.15016 20 21 0
5.22653 -4.1925 30 29 1
2.70607 5.24607 -2.27374e-13 3 0
2.7325 5.29388 10 11 0
2.75049 5.34024 20 19 0
2.7725 5.39045 30 27 1
-4.30898 -2.68617 10 8 0
-4.34936 -2.70662 20 23 0
-4.38933 -2.73117 30 24 1
0.880164 4.5843 -1.13687e-13 2 0
0.8875 4.62975 10 11 0
0.893694 4.66922 20 18 0
0.8975 4.71046 30 27 1
7.59426 3.40668 -1.13687e-13 3 0
7.6632 3.43117 10 12 0
7.72874 3.45698 20 19 0
7.79598 3.48617 30 28 1
4.38493 3.57645 -1.13687e-13 3 0
4.42288 3.60617 10 12 0
4.45996 3.64 20 19 0
4.49495 3.67117 30 28 1
4.9681 4.14813 -1.13687e-13 3 0
5.00995 4.18617 10 12 0
5.05237 4.22092 20 19 0
5.09202 4.26117 30 28 1
2.73874 5.2596 0 3 0
2.7625 5.30267 10 11 0
2.78969 5.35647 20 19 0
2.8075 5.40423 30 27 1
1.97666 -4.75596 -2.27374e-13 5 0
1.99117 -4.80192 10 14 0
2.00801 -4.84471 20 21 0
2.02117 -4.88142 30 30 1
-1.76358 6.04111 1.13687e-13 2 0
-1.78117 6.09806 10 10 0
-1.79876 6.15217 20 18 0
-1.81617 6.20377 30 26 1
0.0675 4.7007 10 11 0
0.0656641 4.74762 20 18 0
0.0625 4.78763 30 27 1
-4.26796 -6.07703 -2.27374e-13 7 0
-4.3075 -6.13349 10 15 0
-4.35157 -6.18743 20 23 0
-4.3925 -6.24677 30 31 1
-2.57117 5.71426 10 10 0
-2.59451 5.76414 20 17 0
-2.62117 5.81376 30 26 1
-7.13863 -2.75397 1.13687e-13 0 0
-7.20412 -2.78117 10 8 0
-7.26928 -2.80268 20 16 0
-7.33897 -2.83117 30 24 1
-3.67942 6.24059 1.13687e-13 1 0
-3.71117 6.29564 10 10 0
-3.74614 6.3494 20 17 0
-3.78617 6.41307 30 26 1
-0.980285 -6.22403 1.13687e-13 6 0
-0.9925 -6.29038 10 15 0
-1.00193 -6.34162 20 22 0
-1.0125 -6.40231 30 31 1
-5.27812 -0.756169 10 8 0
-5.32904 -0.765072 20 16 0
-5.38297 -0.776169 30 24 1
-2.76758 4.19601 0 1 0
-2.79617 4.23513 10 10 0
-2.82731 4.27487 20 17 0
-2.85117 4.31134 30 26 1
1.76087 -5.94312 0 6 0
1.77117 -5.99613 10 14 0
1.78793 -6.04765 20 22 0
1.80117 -6.10391 30 30 1
7.32155 0.0317512 0 4 0
7.38861 0.0311686 10 12 0
7.4522 0.0317512 20 20 0
7.51589 0.0311686 30 28 1
3.93052 2.41407 -2.27374e-13 3 0
3.96705 2.43617 10 12 0
3.99743 2.45803 20 19 0
4.03327 2.48117 30 28 1
2.47669 7.32808 -1.13687e-13 2 0
2.4975 7.3994 10 11 0
2.51728 7.46527 20 18 0
2.5375 7.53133 30 27 1
6.45921 1.43886 0 4 0
6.51759 1.45117 10 12 0
6.57681 1.46592 20 20 0
6.63244 1.48117 30 28 1
4.2835 -1.2625 10 13 0
4.31645 -1.27253 20 20 0
4.353 -1.2825 30 29 1
-2.20339 -8.17081 -1.13687e-13 6 0
-2.2275 -8.24663 10 15 0
-2.24939 -8.32107 20 22 0
-2.2725 -8.39063 30 31 1
0.880164 7.60246 0 2 0
0.8875 7.67031 10 11 0
0.893694 7.73965 20 18 0
0.8975 7.80759 30 27 1
6.09338 -1.15888 2.27374e-13 4 0
6.14718 -1.1675 10 13 0
6.20443 -1.17782 20 20 0
6.25911 -1.1875 30 29 1
-4.10414 2.4125 10 9 0
-4.14257 2.43299 20 17 0
-4.18449 2.4575 30 25 1
-3.90765 3.7575 10 9 0
-3.94777 3.79188 20 17 0
-3.98472 3.8275 30 25 1
3.73074 -3.08503 -1.13687e-13 5 0
3.75762 -3.1125 10 13 0
3.79 -3.13663 20 21 0
3.81969 -3.1675 30 29 1
-4.65102 -2.52617 10 8 0
-4.69431 -2.54644 20 23 0
-4.73845 -2.57117 30 24 1
-4.70148 -3.80499 0 7 0
-4.7498 -3.84117 10 8 0
-4.79611 -3.87665 20 23 0
-4.84101 -3.91117 30 24 1
-1.89122 4.15773 0 1 0
-1.91117 4.19866 10 10 0
-1.92752 4.2323 20 17 0
-1.95117 4.27401 30 26 1
-1.53086 6.95571 0 2 0
-1.54617 7.02271 10 10 0
-1.56334 7.08636 20 18 0
-1.58117 7.14963 30 26 1
4.43314 -5.17274 -1.13687e-13 5 0
4.47117 -5.22424 10 14 0
4.51135 -5.27008 20 21 0
4.54617 -5.31338 30 30 1
7.16476 2.56996 1.13687e-13 4 0
7.22625 2.59117 10 12 0
7.28888 2.61596 20 20 0
7.34904 2.63617 30 28 1
-5.35779 5.83717 -1.13687e-13 1 0
-5.40617 5.89054 10 10 0
-5.45559 5.94262 20 17 0
-5.50617 5.99054 30 26 1
6.66816 -4.54528 -1.13687e-13 5 0
6.72669 -4.5825 10 13 0
6.78892 -4.62777 20 21 0
6.84704 -4.6675 30 29 1
-7.71351 2.74458 -1.13687e-13 0 0
-7.78254 2.7675 10 9 0
-7.85724 2.79329 20 16 0
-7.92446 2.8175 30 25 1
2.80369 3.20831 -1.13687e-13 3 0
2.8275 3.2322 10 11 0
2.85259 3.26104 20 19 0
2.8725 3.28427 30 27 1
-1.4175 -7.36592 10 15 0
-1.43489 -7.43914 20 22 0
-1.4475 -7.50199 30 31 1
4.06048 -6.21984 -3.41061e-13 5 0
4.09617 -6.27759 10 14 0
4.12991 -6.33519 20 21 0
4.16117 -6.38502 30 30 1
-6.36385 4.04581 1.13687e-13 1 0
-6.42468 4.0825 10 9 0
-6.48191 4.12177 20 17 0
-6.5421 4.1575 30 25 1
-0.311169 8.57371 10 10 0
-0.315879 8.64771 20 18 0
-0.321169 8.7322 30 26 1
-6.25963 3.71581 0 1 0
-6.32095 3.7525 10 9 0
-6.38151 3.78794 20 17 0
-6.43545 3.8175 30 25 1
0.765072 -8.59544 -1.13687e-13 6 0
0.766169 -8.66809 10 14 0
0.77319 -8.7457 20 22 0
0.776169 -8.82658 30 30 1
6.39389 1.5038 0 4 0
6.44824 1.51617 10 12 0
6.49841 1.53086 20 20 0
6.56309 1.54617 30 28 1
-3.89226 -5.57505 -1.13687e-13 7 0
-3.9275 -5.62621 10 15 0
-3.96663 -5.67621 20 23 0
-4.0075 -5.72742 30 31 1
3.71916 5.31393 0 3 0
3.7475 5.36136 10 11 0
3.77776 5.40314 20 19 0
3.8125 5.45464 30 27 1
-5.82936 -2.84341 1.13687e-13 7 0
-5.88198 -2.86617 10 8 0
-5.93659 -2.89324 20 23 0
-5.99355 -2.92117 30 24 1
1.71801 -4.11845 -1.13687e-13 5 0
1.73117 -4.15301 10 14 0
1.74395 -4.19414 20 21 0
1.75617 -4.22751 30 30 1
2.71378 3.56614 -2.27374e-13 3 0
2.7375 3.59475 10 11 0
2.76156 3.62923 20 19 0
2.7825 3.66097 30 27 1
-4.87014 -2.23617 10 8 0
-4.92029 -2.25579 20 23 0
-4.96671 -2.27617 30 24 1
-8.71304 0.577094 0 0 0
-8.80073 0.5825 10 9 0
-8.87636 0.585212 20 16 0
-8.9663 0.5925 30 25 1
2.40317 -3.74741 0 5 0
2.42617 -3.78028 10 14 0
2.44712 -3.81432 20 21 0
2.46617 -3.84856 30 30 1
-1.3825 -7.64912 10 15 0
-1.39701 -7.71351 20 22 0
-1.4125 -7.78518 30 31 1
7.75271 -0.5798 0 4 0
7.82285 -0.5875 10 13 0
7.88337 -0.590624 20 20 0
7.96013 -0.5975 30 29 1
3.00977 7.67432 0 2 0
3.0325 7.74348 10 11 0
3.05848 7.81804 20 18 0
3.0875 7.89041 30 27 1
1.90158 -5.78633 -2.27374e-13 6 0
1.91617 -5.83708 10 14 0
1.93135 -5.88433 20 22 0
1.94617 -5.93779 30 30 1
7.30848 -1.42407 1.13687e-13 4 0
7.37178 -1.4375 10 13 0
7.43914 -1.44571 20 20 0
7.49784 -1.4575 30 29 1
0.238847 5.83206 -1.13687e-13 2 0
0.2375 5.88187 10 11 0
0.241553 5.94312 20 18 0
0.2425 5.99293 30 27 1
-4.52934 -5.42762 -1.13687e-13 7 0
-4.5725 -5.47925 10 15 0
-4.6206 -5.53037 20 23 0
-4.6575 -5.57839 30 31 1
4.50312 -3.26425 -1.13687e-13 5 0
4.54573 -3.2925 10 13 0
4.58198 -3.32397 20 21 0
4.61987 -3.3525 30 29 1
0.689305 -5.62955 -1.13687e-13 6 0
0.696169 -5.67774 10 14 0
0.700128 -5.73407 20 22 0
0.701169 -5.78173 30 30 1
-8.26227 -2.85138 -1.13687e-13 0 0
-8.33857 -2.87617 10 8 0
-8.41253 -2.9028 20 16 0
-8.49256 -2.93117 30 24 1
4.41572 -5.90155 0 5 0
4.45617 -5.95877 10 14 0
4.4928 -6.00925 20 21 0
4.53117 -6.06205 30 30 1
-2.69617 5.23115 10 10 0
-2.72241 5.27593 20 17 0
-2.74617 5.32357 30 26 1
6.94817 -4.22831 0 5 0
7.00566 -4.2675 10 13 0
7.07276 -4.30698 20 21 0
7.13515 -4.3475 30 29 1
-8.41253 1.259 1.13687e-13 0 0
-8.48871 1.2675 10 9 0
-8.56931 1.28065 20 16 0
-8.64806 1.2925 30 25 1
4.85277 5.90796 -3.41061e-13 3 0
4.8975 5.95981 10 11 0
4.94022 6.01454 20 19 0
4.9825 6.06603 30 27 1
-4.27015 -5.52051 -2.27374e-13 7 0
-4.3125 -5.5728 10 15 0
-4.35106 -5.62438 20 23 0
-4.3925 -5.67402 30 31 1
0.621655 -7.79191 0 6 0
0.626169 -7.86341 10 14 0
0.629773 -7.9291 20 22 0
0.631169 -8.00276 30 30 1
-6.48775 4.54091 -1.13687e-13 1 0
-6.54991 4.5825 10 9 0
-6.60851 4.6234 20 17 0
-6.67234 4.6625 30 25 1
-6.24363 1.4376 1.13687e-13 0 0
-6.29783 1.4525 10 9 0
-6.36122 1.46466 20 16 0
-6.41476 1.4775 30 25 1
-6.04111 -2.20195 1.13687e-13 0 0
-6.09965 -2.22117 10 8 0
-6.15217 -2.24254 20 16 0
-6.21036 -2.26117 30 24 1
-6.30896 1.74608 1.13687e-13 0 0
-6.37449 1.7625 10 9 0
-6.43308 1.77584 20 16 0
-6.48934 1.7925 30 25 1
5.93659 1.60663 1.13687e-13 4 0
5.98755 1.62117 10 12 0
6.03458 1.6364 20 20 0
6.08826 1.65117 30 28 1
-5.64261 1.54584 -1.13687e-13 0 0
-5.68866 1.5575 10 9 0
-5.74714 1.5729 20 16 0
-5.80351 1.5875 30 25 1
2.67644 3.65892 -2.27374e-13 3 0
2.7025 3.6941 10 11 0
2.72039 3.72583 20 19 0
2.7425 3.75532 30 27 1
1.39015 -6.05418 -1.13687e-13 6 0
1.40117 -6.10696 10 14 0
1.41451 -6.16524 20 22 0
1.42117 -6.21889 30 30 1
-6.55067 -1.26568 1.13687e-13 0 0
-6.61129 -1.27617 10 8 0
-6.6748 -1.28462 20 16 0
-6.73736 -1.29617 30 24 1
-1.47819 -5.23105 -1.13687e-13 6 0
-1.4925 -5.27717 10 15 0
-1.50795 -5.32904 20 22 0
-1.5225 -5.37081 30 31 1
3.38758 6.10744 -1.13687e-13 3 0
3.4125 6.15773 10 11 0
3.44394 6.21738 20 19 0
3.4725 6.2743 30 27 1
-4.2075 -4.23744 10 15 0
-4.24497 -4.27074 20 23 0
-4.2875 -4.31037 30 31 1
-0.939696 -5.32904 0 6 0
-0.9475 -5.37564 10 15 0
-0.961344 -5.4205 20 22 0
-0.9725 -5.47135 30 31 1
-4.71742 5.25802 -1.13687e-13 1 0
-4.76617 5.30711 10 10 0
-4.81251 5.35694 20 17 0
-4.85617 5.40418 30 26 1
5.56257 -4.60688 -1.13687e-13 5 0
5.61082 -4.6475 10 13 0
5.65608 -4.68891 20 21 0
5.70289 -4.7325 30 29 1
1.28336 4.82601 -1.13687e-13 2 0
1.2925 4.87211 10 11 0
1.3023 4.91094 20 18 0
1.3075 4.95782 30 27 1
3.70137 -6.00614 0 5 0
3.73617 -6.06609 10 14 0
3.7708 -6.12149 20 21 0
3.79617 -6.16851 30 30 1
-5.18958 0.8675 10 9 0
-5.23105 0.872046 20 16 0
-5.28236 0.8825 30 25 1
-5.23758 -2.12347 0 0 0
-5.29133 -2.14117 10 8 0
-5.3421 -2.16136 20 16 0
-5.3879 -2.18117 30 24 1
3.20001 -5.97166 0 5 0
3.22617 -6.02278 10 14 0
3.24984 -6.07889 20 21 0
3.28117 -6.13434 30 30 1
-8.17081 -0.372705 -1.13687e-13 0 0
-8.2498 -0.376169 10 8 0
-8.3276 -0.378117 20 16 0
-8.4033 -0.381169 30 24 1
4.43646 -4.60586 -2.27374e-13 5 0
4.47617 -4.64941 10 14 0
4.51578 -4.69284 20 21 0
4.55117 -4.73148 30 30 1
-3.9057 -7.65881 1.13687e-13 7 0
-3.9425 -7.72717 10 15 0
-3.97672 -7.79105 20 23 0
-4.0175 -7.86581 30 31 1
-4.8246 -3.64492 1.13687e-13 7 0
-4.87264 -3.68117 10 8 0
-4.91923 -3.71658 20 23 0
-4.96386 -3.75117 30 24 1
6.1907 -5.45696 -2.27374e-13 5 0
6.24454 -5.5075 10 13 0
6.30268 -5.55747 20 21 0
6.35869 -5.6075 30 29 1
-4.44711 -3.90617 10 8 0
-4.49232 -3.94024 20 23 0
-4.53832 -3.97617 30 24 1
6.31182 5.57605 0 3 0
6.3651 5.62617 10 12 0
6.42381 5.67656 20 19 0
6.47924 5.72617 30 28 1
-3.01617 4.25714 10 10 0
-3.04037 4.29277 20 17 0
-3.07117 4.33335 30 26 1
2.24084 -5.18469 0 5 0
2.25617 -5.22955 10 14 0
2.2749 -5.27998 20 21 0
2.29617 -5.32612 30 30 1
-5.35826 -0.921169 10 8 0
-5.4009 -0.930137 20 16 0
-5.45605 -0.941169 30 24 1
2.41446 7.59592 0 2 0
2.4325 7.65967 10 11 0
2.45504 7.73311 20 18 0
2.4725 7.79867 30 27 1
-4.20489 -4.7358 -1.13687e-13 7 0
-4.2425 -4.77448 10 15 0
-4.28151 -4.81625 20 23 0
-4.3225 -4.86155 30 31 1
-1.70278 -5.57728 0 6 0
-1.7225 -5.63445 10 15 0
-1.73796 -5.67528 20 22 0
-1.7575 -5.73309 30 31 1
-1.35227 6.1587 0 2 0
-1.36617 6.21339 10 10 0
-1.38204 6.26976 20 18 0
-1.39617 6.32117 30 26 1
-5.14376 -5.01646 2.27374e-13 7 0
-5.19198 -5.06117 10 8 0
-5.24268 -5.11155 20 23 1
-5.50542 1.09935 1.13687e-13 0 0
-5.55685 1.1075 10 9 0
-5.60995 1.121 20 16 0
-5.66171 1.1275 30 25 1
-7.02757 0.452619 0 0 0
-7.09889 0.4575 10 9 0
-7.16476 0.460737 20 16 0
-7.23116 0.4625 30 25 1
8.53012 -0.928872 1.13687e-13 4 0
8.59919 -0.9325 10 13 0
8.68037 -0.93699 20 20 0
8.74561 -0.9375 30 29 1
0.274025 6.75319 0 2 0
0.2775 6.81989 10 11 0
0.276731 6.87731 20 18 0
0.2775 6.9401 30 27 1
0.0818999 8.62811 -1.13687e-13 2 0
0.0825 8.70378 10 11 0
0.079194 8.77836 20 18 0
0.0775 8.86142 30 27 1
-3.48527 -3.32617 10 8 0
-3.51839 -3.35282 20 23 0
-3.55234 -3.38617 30 24 1
1.81499 -5.18532 1.13687e-13 6 0
1.82617 -5.23796 10 14 0
1.84205 -5.28984 20 22 0
1.85617 -5.3316 30 30 1
0.340233 -4.5647 0 6 0
0.341169 -4.60149 10 14 0
0.340233 -4.64309 20 22 0
0.341169 -4.68634 30 30 1
-4.4777 -5.74719 0 7 0
-4.5175 -5.79902 10 15 0
-4.56514 -5.85376 20 23 0
-4.6075 -5.90316 30 31 1
-6.72253 -4.93437 0 7 0
-6.78283 -4.97617 10 8 0
-6.84329 -5.01687 20 23 0
-6.90818 -5.06617 30 24 1
-8.51705 -1.70134 -1.13687e-13 0 0
-8.59985 -1.71617 10 8 0
-8.68037 -1.73111 20 16 0
-8.75713 -1.74617 30 24 1
0.0804589 -4.39485 -1.13687e-13 6 0
0.0761686 -4.43548 10 14 0
0.0750469 -4.47324 20 22 0
0.0761686 -4.52033 30 30 1
2.89708 -4.63931 -1.13687e-13 5 0
2.92617 -4.68333 10 14 0
2.94915 -4.72582 20 21 0
2.97617 -4.76868 30 30 1
5.79172 -4.35002 -2.27374e-13 5 0
5.83872 -4.3875 10 13 0
5.88635 -4.42169 20 21 0
5.94201 -4.4625 30 29 1
4.99375 -6.55229 -2.27374e-13 5 0
5.03617 -6.61655 10 14 0
5.07624 -6.67305 20 21 0
5.12117 -6.72984 30 30 1
-7.31501 -1.43074 1.13687e-13 0 0
-7.3894 -1.44617 10 8 0
-7.45873 -1.4578 20 16 0
-7.52754 -1.47117 30 24 1
-5.97353 -4.22364 -1.13687e-13 7 0
-6.03247 -4.26117 10 8 0
-6.08505 -4.2969 20 23 0
-6.14283 -4.33617 30 24 1
1.76628 -4.81948 -1.13687e-13 6 0
1.78117 -4.86769 10 14 0
1.79334 -4.91094 20 22 0
1.80617 -4.94926 30 30 1
0.0250743 7.99443 -1.13687e-13 2 0
0.0225 8.07103 10 11 0
0.0223684 8.14468 20 18 0
0.0175 8.21452 30 27 1
6.72706 -2.16821 1.13687e-13 4 0
6.78535 -2.1875 10 13 0
6.84465 -2.20609 20 20 0
6.90313 -2.2275 30 29 1
3.10187 3.19653 0 3 0
3.1325 3.22608 10 11 0
3.16001 3.25849 20 19 0
3.1825 3.28315 30 27 1
-6.04765 0.111666 2.27374e-13 0 0
-6.10335 0.1125 10 9 0
-6.1587 0.114372 20 16 0
-6.21648 0.1125 30 25 1
-5.85858 3.85817 0 1 0
-5.91441 3.8975 10 9 0
-5.97011 3.93142 20 17 0
-6.02683 3.9675 30 25 1
0.0398692 -4.98933 0 6 0
0.0411686 -5.03688 10 14 0
0.0398692 -5.08079 20 22 0
0.0361686 -5.1238 30 30 1
6.8083 -2.7125 10 13 0
6.93611 -2.59576 20 20 0
7.07328 -2.4825 30 29 1
-5.89739 -0.71907 0 0 0
-5.95522 -0.726169 10 8 0
-6.00845 -0.7326 20 16 0
-6.06922 -0.741169 30 24 1
-5.81844 2.8728 2.27374e-13 1 0
-5.87607 2.8975 10 9 0
-5.92568 2.92263 20 17 0
-5.98264 2.9475 30 25 1
6.47781 2.90635 0 3 0
6.53388 2.93117 10 12 0
6.59157 2.95888 20 19 0
6.64752 2.98117 30 28 1
-1.65534 4.23806 0 2 0
-1.67117 4.26979 10 10 0
-1.69052 4.30992 20 18 0
-1.70617 4.35428 30 26 1
1.05191 -5.02853 1.13687e-13 6 0
1.06117 -5.074 10 14 0
1.06544 -5.11345 20 22 0
1.07117 -5.16178 30 30 1
-7.63512 -0.323997 0 0 0
-7.70483 -0.326169 10 8 0
-7.77884 -0.329409 20 16 0
-7.85125 -0.331169 30 24 1
-2.0883 7.56979 1.13687e-13 2 0
-2.10617 7.63928 10 10 0
-2.12889 7.70698 20 18 0
-2.15117 7.7762 30 26 1
2.60287 6.04218 -1.13687e-13 3 0
2.6225 6.09605 10 11 0
2.64234 6.15053 20 19 0
2.6675 6.21176 30 27 1
-1.07499 -5.99538 0 6 0
-1.0875 -6.04597 10 15 0
-1.09935 -6.10644 20 22 0
-1.1125 -6.15582 30 31 1
0.0533991 -5.42703 -1.13687e-13 6 0
0.0511686 -5.47114 10 14 0
0.0479871 -5.51849 20 22 0
0.0461686 -5.57221 30 30 1
-2.60511 4.02588 2.27374e-13 1 0
-2.63117 4.06306 10 10 0
-2.6556 4.0955 20 17 0
-2.68617 4.1322 30 26 1
-2.39642 -3.97589 1.13687e-13 7 0
-2.4225 -4.00807 10 15 0
-2.44691 -4.04551 20 23 0
-2.4725 -4.08636 30 31 1
5.85925 5.81613 -1.13687e-13 3 0
5.90506 5.86617 10 12 0
5.95705 5.92159 20 19 0
6.00799 5.97617 30 28 1
-8.35373 -1.76899 0 0 0
-8.43651 -1.78617 10 8 0
-8.51052 -1.80146 20 16 0
-8.59172 -1.82117 30 24 1
2.43081 5.61372 0 3 0
2.4525 5.66442 10 11 0
2.4714 5.71171 20 19 0
2.4925 5.76099 30 27 1
3.10367 -5.19031 0 5 0
3.13117 -5.24188 10 14 0
3.15462 -5.28718 20 21 0
3.18117 -5.33431 30 30 1
-5.42824 -0.496169 10 8 0
-5.47276 -0.499886 20 16 0
-5.53016 -0.506169 30 24 1
-5.77619 -6.80459 0 7 0
-5.8325 -6.86653 10 15 0
-5.88593 -6.92581 20 23 0
-5.9425 -6.99067 30 31 1
4.18254 -5.31248 -1.13687e-13 5 0
4.22117 -5.36315 10 14 0
4.25692 -5.41364 20 21 0
4.29117 -5.46143 30 30 1
-2.11409 -5.26371 0 6 0
-2.1325 -5.30906 10 15 0
-2.15739 -5.35517 20 22 0
-2.1775 -5.40356 30 31 1
-0.673069 4.5843 0 2 0
-0.681169 4.62329 10 10 0
-0.689305 4.66269 20 18 0
-0.696169 4.70193 30 26 1
5.55769 0.334821 0 4 0
5.60765 0.336169 10 12 0
5.65568 0.337527 20 20 0
5.70457 0.341169 30 28 1
3.219 -6.55319 -1.13687e-13 5 0
3.24617 -6.61553 10 14 0
3.27424 -6.67349 20 21 0
3.30117 -6.73417 30 30 1
3.28724 -5.22847 0 5 0
3.31617 -5.27132 10 14 0
3.34202 -5.32151 20 21 0
3.37117 -5.36875 30 30 1
4.69546 4.36534 -2.27374e-13 3 0
4.73497 4.40617 10 12 0
4.77861 4.44848 20 19 0
4.82204 4.48617 30 28 1
2.88385 -7.89643 0 6 0
2.90617 -7.96552 10 14 0
2.92986 -8.03362 20 22 0
2.95617 -8.11451 30 30 1
3.09806 -5.24211 -1.13687e-13 5 0
3.12117 -5.28845 10 14 0
3.14631 -5.33245 20 21 0
3.17117 -5.38088 30 30 1
1.28065 6.64867 -1.13687e-13 2 0
1.2925 6.70352 10 11 0
1.3023 6.76626 20 18 0
1.3125 6.82959 30 27 1
1.31853 5.17225 -2.27374e-13 2 0
1.3275 5.21824 10 11 0
1.33747 5.27024 20 18 0
1.3475 5.31602 30 27 1
-8.40599 1.53231 0 0 0
-8.48587 1.5475 10 9 0
-8.56278 1.55937 20 16 0
-8.64522 1.5725 30 25 1
4.85809 -2.85385 -2.27374e-13 5 0
4.89941 -2.8825 10 13 0
4.9446 -2.90592 20 21 0
4.98476 -2.9325 30 29 1
5.19185 -0.13602 0 4 0
5.23739 -0.1375 10 13 0
5.28331 -0.141432 20 20 0
5.32017 -0.1425 30 29 1
6.98184 1.20073 2.27374e-13 4 0
7.04126 1.21117 10 12 0
7.10596 1.22509 20 20 0
7.16526 1.23617 30 28 1
-7.45873 -0.0994008 1.13687e-13 0 0
-7.52933 -0.101169 10 8 0
-7.60246 -0.104813 20 16 0
-7.66868 -0.106169 30 24 1
-3.74451 3.7075 10 9 0
-3.7795 3.73842 20 17 0
-3.81658 3.7725 30 25 1
0.532358 -5.77327 0 6 0
0.536169 -5.82886 10 14 0
0.53777 -5.87779 20 22 0
0.541169 -5.93286 30 30 1
-5.48027 -5.32117 10 8 0
-5.53245 -5.36687 20 23 0
-5.58234 -5.41617 30 24 1
-4.98975 -7.3231 0 7 0
-5.0375 -7.38675 10 15 0
-5.08802 -7.45581 20 23 0
-5.1325 -7.52417 30 31 1
8.06629 1.48216 1.13687e-13 4 0
8.13944 1.49617 10 12 0
8.20348 1.51192 20 20 0
8.28257 1.52617 30 28 1
-6.91476 3.18079 1.13687e-13 1 0
-6.98303 3.2125 10 9 0
-7.04812 3.24144 20 17 0
-7.10874 3.2675 30 25 1
3.87201 3.39646 0 3 0
3.90347 3.42617 10 12 0
3.94051 3.45731 20 19 0
3.97554 3.49117 30 28 1
5.3386 3.27874 -2.27374e-13 3 0
5.3936 3.31117 10 12 0
5.44088 3.34276 20 19 0
5.48895 3.37117 30 28 1
-6.92958 -2.74856 -1.13687e-13 0 0
-6.99613 -2.77117 10 8 0
-7.06023 -2.79726 20 16 0
-7.12391 -2.82117 30 24 1
-0.0142504 -5.28984 -1.13687e-13 6 0
-0.0175 -5.34367 10 15 0
-0.0169564 -5.38783 20 22 0
-0.0225 -5.44059 30 31 1
0.986962 -5.55115 -1.13687e-13 6 0
0.996169 -5.60297 10 14 0
1.00049 -5.64915 20 22 0
1.00617 -5.69782 30 30 1
2.03021 5.49236 0 2 0
2.0475 5.54226 10 11 0
2.06538 5.59035 20 18 1
3.5008 5.97574 -1.13687e-13 3 0
3.5325 6.03024 10 11 0
3.56369 6.08839 20 19 0
3.5925 6.13974 30 27 1
-2.8075 -4.47792 10 15 0
-2.8325 -4.51912 20 23 0
-2.8625 -4.56121 30 31 1
5.49167 -4.2528 0 5 0
5.53866 -4.2925 10 13 0
5.58901 -4.331 20 21 0
5.63487 -4.3675 30 29 1
2.17363 5.21495 -1.13687e-13 3 0
2.1925 5.263 10 11 0
2.20498 5.3037 20 19 0
2.2275 5.35456 30 27 1
0.336169 -8.80377 10 14 0
0.334821 -8.87636 20 22 0
0.336169 -8.95934 30 30 1
2.57789 -5.85467 -2.27374e-13 5 0
2.60117 -5.90689 10 14 0
2.62389 -5.96573 20 21 0
2.64617 -6.0226 30 30 1
5.81299 6.52758 -2.27374e-13 3 0
5.8675 6.5904 10 11 0
5.92002 6.64228 20 19 0
5.9775 6.7004 30 27 1
0.552741 4.53857 -1.13687e-13 2 0
0.5525 4.57759 10 11 0
0.555447 4.62349 20 18 0
0.5625 4.66537 30 27 1
-2.54561 7.15823 -1.13687e-13 2 0
-2.57117 7.2204 10 10 0
-2.59431 7.28888 20 18 0
-2.62117 7.35525 30 26 1
-0.202228 8.24267 0 2 0
-0.206169 8.32022 10 10 0
-0.210346 8.39293 20 18 0
-0.216169 8.47164 30 26 1
5.18947 6.32885 -2.27374e-13 3 0
5.2375 6.39174 10 11 0
5.28232 6.44849 20 19 0
5.3225 6.49795 30 27 1
6.2504 5.70214 -2.27374e-13 3 0
6.30418 5.75617 10 12 0
6.35856 5.80648 20 19 0
6.41625 5.86117 30 28 1
-5.98095 2.6641 1.13687e-13 1 0
-6.04084 2.6875 10 9 0
-6.09854 2.71281 20 17 0
-6.14948 2.7325 30 25 1
-2.37117 6.3345 10 10 0
-2.39678 6.39389 20 18 0
-2.42117 6.45521 30 26 1
-4.01614 -2.67617 10 8 0
-4.05341 -2.69769 20 23 0
-4.09442 -2.72617 30 24 1
4.42271 -5.01688 -1.13687e-13 5 0
4.45617 -5.06074 10 14 0
4.48896 -5.09845 20 21 0
4.53117 -5.14989 30 30 1
-5.10533 5.86789 0 1 0
-5.15117 5.91838 10 10 0
-5.20314 5.97335 20 17 0
-5.25117 6.02545 30 26 1
-0.498621 -4.42098 0 6 0
-0.5075 -4.46895 10 15 0
-0.512151 -4.5059 20 22 0
-0.5225 -4.54759 30 31 1
-6.45931 -4.18132 0 7 0
-6.5178 -4.21617 10 8 0
-6.58119 -4.25346 20 23 0
-6.6423 -4.29117 30 24 1
-3.5175 -4.33233 10 15 0
-3.55134 -4.37309 20 23 0
-3.5875 -4.41647 30 31 1
-7.57041 4.12345 2.27374e-13 1 0
-7.63812 4.1575 10 9 0
-7.70918 4.19717 20 17 0
-7.77676 4.2325 30 25 1
3.05859 -7.34184 -1.13687e-13 5 0
3.08117 -7.40513 10 14 0
3.10888 -7.47632 20 21 0
3.13117 -7.53998 30 30 1
-4.12628 -2.87117 10 8 0
-4.16837 -2.89685 20 23 0
-4.20957 -2.92617 30 24 1
-1.89117 4.48272 10 10 0
-1.9065 4.52124 20 17 0
-1.93117 4.56514 30 26 1
-5.74371 4.73062 0 1 0
-5.79946 4.7725 10 9 0
-5.85411 4.81423 20 17 0
-5.90567 4.8575 30 25 1
1.3023 5.01546 0 2 0
1.3125 5.06182 10 11 0
1.32395 5.10692 20 18 0
1.3325 5.15253 30 27 1
1.03296 -5.68834 0 6 0
1.04117 -5.73989 10 14 0
1.04649 -5.78633 20 22 0
1.05617 -5.83975 30 30 1
-5.03034 3.21744 -1.13687e-13 1 0
-5.08056 3.2475 10 9 0
-5.13263 3.28146 20 17 0
-5.17591 3.3075 30 25 1
-8.19694 -0.421412 0 0 0
-8.27859 -0.426169 10 8 0
-8.35373 -0.432236 20 16 0
-8.43001 -0.436169 30 24 1
0.455325 5.88433 -1.13687e-13 2 0
0.4575 5.93923 10 11 0
0.458031 5.99538 20 18 0
0.4625 6.0503 30 27 1
3.0066 6.28517 0 3 0
3.0325 6.34341 10 11 0
3.05913 6.39894 20 19 0
3.0825 6.45705 30 27 1
3.54942 -6.14886 -2.27374e-13 5 0
3.57617 -6.20307 10 14 0
3.60578 -6.25879 20 21 0
3.63617 -6.31257 30 30 1
5.19838 0.299643 0 4 0
5.24031 0.301169 10 12 0
5.28984 0.305055 20 20 0
5.33516 0.311169 30 28 1
7.00797 0.0858709 0 4 0
7.06885 0.0861686 10 12 0
7.13209 0.0885768 20 20 0
7.18906 0.0861686 30 28 1
-2.3925 -5.44885 10 15 0
-2.41589 -5.4993 20 23 0
-2.4425 -5.54835 30 31 1
4.29685 -0.999227 0 4 0
4.33255 -1.0075 10 13 0
4.37525 -1.01546 20 20 0
4.40912 -1.0275 30 29 1
6.58334 2.20465 1.13687e-13 4 0
6.64205 2.22617 10 12 0
6.6944 2.24524 20 20 0
6.75276 2.26617 30 28 1
-6.39677 -4.31778 1.13687e-13 7 0
-6.45981 -4.35617 10 8 0
-6.52135 -4.39644 20 23 0
-6.58224 -4.43617 30 24 1
-1.10747 -4.53203 0 6 0
-1.1175 -4.56983 10 15 0
-1.12911 -4.61043 20 22 0
-1.1425 -4.65847 30 31 1
-4.1785 -3.00117 10 8 0
-4.21596 -3.0248 20 23 0
-4.25679 -3.05117 30 24 1
6.08706 4.71987 -1.13687e-13 3 0
6.13649 4.76117 10 12 0
6.18711 4.8046 20 19 0
6.2427 4.84617 30 28 1
4.76995 -5.37178 0 5 0
4.81117 -5.42282 10 14 0
4.85469 -5.47183 20 21 0
4.89117 -5.51696 30 30 1
-8.40599 2.93942 1.13687e-13 0 0
-8.49166 2.9675 10 9 0
-8.56278 2.99354 20 16 0
-8.64065 3.0175 30 25 1
-6.98837 -2.24795 1.13687e-13 0 0
-7.04975 -2.26617 10 8 0
-7.12556 -2.28854 20 16 0
-7.18667 -2.31117 30 24 1
7.22988 -3.70639 -1.13687e-13 5 0
7.28883 -3.7375 10 13 0
7.35559 -3.7747 20 21 0
7.42247 -3.8075 30 29 1
6.97979 3.28205 0 3 0
7.04616 3.31617 10 12 0
7.10279 3.34382 20 19 0
7.16273 3.37617 30 28 1
-2.7825 -5.52773 10 15 0
-2.80647 -5.5799 20 23 0
-2.8325 -5.62722 30 31 1
-1.91511 5.022 -1.13687e-13 2 0
-1.93617 5.06512 10 10 0
-1.9557 5.10692 20 18 0
-1.97617 5.15461 30 26 1
1.37536 5.12652 1.13687e-13 2 0
1.3875 5.17217 10 11 0
1.39701 5.21798 20 18 0
1.4075 5.26288 30 27 1
0.146843 5.50542 -1.13687e-13 2 0
0.1475 5.55852 10 11 0
0.146843 5.60995 20 18 0
0.1475 5.65751 30 27 1
3.14368 4.35576 0 3 0
3.1675 4.39245 10 11 0
3.19304 4.43574 20 19 0
3.2225 4.47573 30 27 1
6.75319 -2.2548 1.13687e-13 4 0
6.81171 -2.2775 10 13 0
6.87078 -2.2981 20 20 0
6.92949 -2.3175 30 29 1
5.08419 2.12885 -3.41061e-13 3 0
5.12662 2.14617 10 12 0
5.16911 2.16403 20 19 0
5.21612 2.18617 30 28 1
0.353763 -4.68882 0 6 0
0.356169 -4.72962 10 14 0
0.353763 -4.76722 20 22 0
0.356169 -4.81448 30 30 1
-3.03117 5.02875 10 10 0
-3.06532 5.0716 20 17 0
-3.09117 5.11703 30 26 1
7.85724 0.44306 0 4 0
7.93089 0.446169 10 12 0
7.98789 0.448472 20 20 0
8.0561 0.451169 30 28 1
5.36823 -2.09786 1.13687e-13 4 0
5.41427 -2.1175 10 13 0
5.45969 -2.13574 20 20 0
5.50584 -2.1525 30 29 1
1.29959 7.79191 0 2 0
1.3125 7.86903 10 11 0
1.32124 7.93563 20 18 0
1.3325 8.00924 30 27 1
5.7798 2.10994 0 4 0
5.83287 2.13117 10 12 0
5.87779 2.15053 20 20 0
5.93651 2.17117 30 28 1
4.60032 3.73061 0 3 0
4.63945 3.76617 10 12 0
4.68459 3.8034 20 19 0
4.72359 3.83617 30 28 1
-5.27982 -7.29172 -2.27374e-13 7 0
-5.3325 -7.35648 10 15 0
-5.38462 -7.42713 20 23 0
-5.4375 -7.49683 30 31 1
2.56894 -4.6441 -1.13687e-13 5 0
2.59117 -4.68774 10 14 0
2.61448 -4.72791 20 21 1
4.76099 -5.45466 1.13687e-13 5 0
4.80617 -5.50974 10 14 0
4.84572 -5.5547 20 21 0
4.88617 -5.60388 30 30 1
-0.98155 7.45873 1.13687e-13 2 0
-0.991169 7.5213 10 10 0
-1.0032 7.58939 20 18 0
-1.01617 7.65944 30 26 1
4.50473 3.98326 -1.13687e-13 3 0
4.54296 4.01617 10 12 0
4.58247 4.05335 20 19 0
4.62503 4.09117 30 28 1
-1.73796 -5.12652 -1.13687e-13 6 0
-1.7575 -5.18155 10 15 0
-1.77314 -5.22451 20 22 0
-1.7925 -5.27312 30 31 1
-4.07096 5.99687 2.27374e-13 1 0
-4.11117 6.05218 10 10 0
-4.14804 6.10457 20 17 0
-4.19117 6.16046 30 26 1
-0.260495 -5.64915 0 6 0
-0.2625 -5.7018 10 15 0
-0.271319 -5.75367 20 22 0
-0.2725 -5.80373 30 31 1
2.55569 4.49105 0 3 0
2.5775 4.53077 10 11 0
2.59852 4.56832 20 19 0
2.6175 4.61319 30 27 1
0.642038 7.79844 0 2 0
0.6475 7.87578 10 11 0
0.64745 7.94216 20 18 0
0.6525 8.01513 30 27 1
3.32559 -5.34718 0 5 0
3.35117 -5.39117 10 14 0
3.37654 -5.44405 20 21 0
3.40117 -5.49067 30 30 1
0.867899 -4.42751 -2.27374e-13 6 0
0.876169 -4.46474 10 14 0
0.878723 -4.5059 20 22 0
0.886169 -4.54545 30 30 1
4.37045 -2.78716 0 5 0
4.40514 -2.8125 10 13 0
4.4466 -2.84035 20 21 0
4.48343 -2.8625 30 29 1
-1.15203 5.62301 0 2 0
-1.16617 5.68105 10 10 0
-1.17909 5.72754 20 18 0
-1.19117 5.77676 30 26 1
5.3028 -3.97973 -2.27374e-13 5 0
5.34851 -4.0175 10 13 0
5.39743 -4.0514 20 21 0
5.43973 -4.0875 30 29 1
2.78128 4.33013 -1.13687e-13 3 0
2.8075 4.37186 10 11 0
2.83065 4.41011 20 19 0
2.8525 4.45221 30 27 1
2.93683 6.83536 -1.13687e-13 3 0
2.9625 6.90274 10 11 0
2.99095 6.96601 20 19 0
3.0125 7.02345 30 27 1
-0.739453 -4.97627 -1.13687e-13 6 0
-0.7475 -5.02715 10 15 0
-0.755689 -5.06772 20 22 0
-0.7625 -5.11286 30 31 1
3.23715 4.81662 0 3 0
3.2625 4.86221 10 11 0
3.28922 4.90313 20 19 0
3.3175 4.95257 30 27 1
1.86086 4.44678 -1.13687e-13 3 0
1.8725 4.48338 10 11 0
1.8895 4.529 20 19 0
1.9025 4.56995 30 27 1
1.15076 4.87174 0 2 0
1.1575 4.92096 10 11 0
1.167 4.9632 20 18 0
1.1775 5.01167 30 27 1
-7.0733 2.05185 -1.13687e-13 0 0
-7.14411 2.0725 10 9 0
-7.20396 2.08974 20 16 0
-7.27103 2.1075 30 25 1
2.59747 -4.94817 0 5 0
2.62117 -4.99351 10 14 0
2.63918 -5.0358 20 21 0
2.66117 -5.08301 30 30 1
-1.5775 -7.76634 10 15 0
-1.59184 -7.83111 20 22 0
-1.6075 -7.9024 30 31 1
-5.69479 2.84864 0 1 0
-5.75208 2.8725 10 9 0
-5.80202 2.89847 20 17 0
-5.86365 2.9275 30 25 1
-8.04669 -2.2263 0 0 0
-8.12576 -2.24617 10 8 0
-8.19694 -2.26689 20 16 0
-8.27183 -2.28617 30 24 1
5.09003 -5.8832 0 5 0
5.13117 -5.93373 10 14 0
5.17364 -5.9936 20 21 0
5.21617 -6.04702 30 30 1
-2.3975 -5.18515 10 15 0
-2.41778 -5.22948 20 23 0
-2.4425 -5.27965 30 31 1
2.83235 -3.12421 0 5 0
2.85617 -3.14962 10 14 0
2.87472 -3.17423 20 21 0
2.90117 -3.20169 30 30 1
-5.51568 -6.05807 0 7 0
-5.5725 -6.11155 10 15 0
-5.62654 -6.16894 20 23 0
-5.6775 -6.22362 30 31 1
-3.92114 3.6225 10 9 0
-3.9558 3.6545 20 17 0
-3.99321 3.6875 30 25 1
4.57275 3.10223 -1.13687e-13 3 0
4.60756 3.12617 10 12 0
4.6462 3.14889 20 19 0
4.68584 3.17617 30 28 1
-3.93617 4.83066 10 10 0
-3.97128 4.86778 20 17 0
-4.01117 4.91273 30 26 1
2.82576 7.89643 0 2 0
2.8525 7.96653 10 11 0
2.87447 8.04016 20 18 0
2.9025 8.11553 30 27 1
-8.07935 2.98271 0 0 0
-8.14982 3.0075 10 9 0
-8.22961 3.03412 20 16 0
-8.30381 3.0625 30 25 1
4.54378 -2.60459 -1.13687e-13 5 0
4.57577 -2.6225 10 13 0
4.61452 -2.64472 20 21 0
4.65612 -2.6675 30 29 1
-0.164344 7.14516 1.13687e-13 2 0
-0.171169 7.21042 10 10 0
-0.175168 7.27582 20 18 0
-0.176169 7.3427 30 26 1
-1.00193 -6.85118 -1.13687e-13 6 0
-1.0125 -6.91142 10 15 0
-1.02629 -6.97531 20 22 0
-1.0375 -7.03542 30 31 1
6.40869 5.627 -1.13687e-13 3 0
6.46545 5.69117 10 12 0
6.50808 5.74934 20 19 0
6.55717 5.81117 30 28 1
4.43508 2.10352 0 3 0
4.4723 2.12117 10 12 0
4.50965 2.13982 20 19 0
4.54765 2.16117 30 28 1
3.45562 3.93296 0 3 0
3.4875 3.96999 10 11 0
3.51647 4.00145 20 19 0
3.5475 4.04413 30 27 1
-4.89966 0.8675 10 9 0
-4.95013 0.874752 20 16 0
-4.99244 0.8825 30 25 1
1.36995 4.19886 -2.27374e-13 2 0
1.3825 4.23379 10 11 0
1.38889 4.27072 20 18 0
1.3975 4.30536 30 27 1
-8.79796 -0.421412 1.13687e-13 0 0
-8.87963 -0.426169 10 8 0
-8.96128 -0.42953 20 16 0
-9.04519 -0.436169 30 24 1
1.11288 4.84561 -1.13687e-13 2 0
1.1175 4.88803 10 11 0
1.12641 4.93054 20 18 0
1.1325 4.97374 30 27 1
3.13297 -5.23492 -2.27374e-13 5 0
3.15617 -5.28102 10 14 0
3.18121 -5.32526 20 21 0
3.21117 -5.37845 30 30 1
3.66513 -7.38201 -1.13687e-13 5 0
3.69617 -7.44737 10 14 0
3.72578 -7.51537 20 21 0
3.75617 -7.57808 30 30 1
3.67978 -2.07353 -2.27374e-13 5 0
3.71843 -2.0975 10 13 0
3.74669 -2.11748 20 21 0
3.77464 -2.1325 30 29 1
3.54581 -2.58629 -2.27374e-13 5 0
3.57582 -2.6125 10 13 0
3.60889 -2.63407 20 21 0
3.63496 -2.6575 30 29 1
-4.10609 -7.54157 -1.13687e-13 7 0
-4.1475 -7.6069 10 15 0
-4.18364 -7.67652 20 23 0
-4.2275 -7.74347 30 31 1
5.49476 -6.33768 0 5 0
5.54617 -6.39823 10 14 0
5.59144 -6.45349 20 21 0
5.64117 -6.51445 30 30 1
1.74608 4.32298 0 2 0
1.7575 4.36131 10 11 0
1.77314 4.40138 20 18 0
1.7825 4.4358 30 27 1
1.91241 -8.17734 -1.13687e-13 6 0
1.92617 -8.25124 10 14 0
1.94217 -8.3276 20 22 0
1.95617 -8.40145 30 30 1
4.78778 5.21537 0 3 0
4.8275 5.26049 10 11 0
4.86981 5.30888 20 19 0
4.9125 5.35256 30 27 1
-7.54366 2.49563 1.13687e-13 0 0
-7.61739 2.5175 10 9 0
-7.68738 2.53893 20 16 0
-7.75432 2.5625 30 25 1
-3.08226 3.40091 0 1 0
-3.11117 3.42583 10 10 0
-3.14423 3.45905 20 17 0
-3.17117 3.48583 30 26 1
-3.05117 5.29623 10 10 0
-3.08032 5.343 20 17 0
-3.11117 5.39159 30 26 1
-7.64165 -0.299643 1.13687e-13 0 0
-7.71518 -0.301169 10 8 0
-7.78538 -0.305055 20 16 0
-7.8616 -0.306169 30 24 1
6.94918 2.14512 2.27374e-13 4 0
7.01339 2.16617 10 12 0
7.0733 2.18571 20 20 0
7.13824 2.20617 30 28 1
-1.3925 -6.89544 10 15 0
-1.41054 -6.96224 20 22 0
-1.4225 -7.02444 30 31 1
2.64314 -3.51668 -1.13687e-13 5 0
2.66617 -3.54652 10 14 0
2.68439 -3.57706 20 21 0
2.71117 -3.61273 30 30 1
-6.92947 4.65352 0 1 0
-6.99225 4.6925 10 9 0
-7.05676 4.73872 20 17 0
-7.11968 4.7775 30 25 1
-6.81852 0.880164 1.13687e-13 0 0
-6.87835 0.8875 10 9 0
-6.94918 0.8964 20 16 0
-7.01148 0.9075 30 25 1
-0.202228 5.64261 -1.13687e-13 2 0
-0.206169 5.69685 10 10 0
-0.210346 5.7406 20 18 0
-0.216169 5.79878 30 26 1
-8.10384 3.45143 -1.13687e-13 1 0
-8.17934 3.4825 10 9 0
-8.2541 3.51367 20 17 0
-8.3292 3.5475 30 25 1
-2.2075 -5.64569 10 15 0
-2.22774 -5.69488 20 22 0
-2.2525 -5.74726 30 31 1
-1.57019 -7.85724 0 6 0
-1.5875 -7.92483 10 15 0
-1.60807 -8.00096 20 22 0
-1.6225 -8.07297 30 31 1
1.09791 -7.46527 0 6 0
1.10617 -7.53023 10 14 0
1.11144 -7.60246 20 22 0
1.12117 -7.66544 30 30 1
-1.213 -5.66221 -1.13687e-13 6 0
-1.2275 -5.71221 10 15 0
-1.24006 -5.76674 20 22 0
-1.2525 -5.80792 30 31 1
5.08379 -4.67916 -1.13687e-13 5 0
5.1222 -4.7175 10 13 0
5.16694 -4.76231 20 21 0
5.21427 -4.8025 30 29 1
4.9044 -0.552741 -1.13687e-13 4 0
4.94321 -0.5575 10 13 0
4.98933 -0.560858 20 20 0
5.031 -0.5675 30 29 1
-8.56931 1.9355 1.13687e-13 0 0
-8.65045 1.9525 10 9 0
-8.73263 1.97067 20 16 0
-8.81273 1.9875 30 25 1
-0.313173 6.57681 -1.13687e-13 2 0
-0.316169 6.63417 10 10 0
-0.323997 6.6944 20 18 0
-0.326169 6.75023 30 26 1
-3.4025 -5.56083 10 15 0
-3.43755 -5.614 20 23 0
-3.4675 -5.66118 30 31 1
4.37891 -5.26393 -1.13687e-13 5 0
4.41617 -5.31066 10 14 0
4.45711 -5.36127 20 21 0
4.49117 -5.40687 30 30 1
-0.145402 6.66826 0 2 0
-0.146169 6.73287 10 10 0
-0.15352 6.79239 20 18 0
-0.156169 6.85601 30 26 1
-6.57027 -0.397059 0 0 0
-6.62724 -0.401169 10 8 0
-6.6944 -0.405177 20 16 0
-6.75745 -0.411169 30 24 1
-6.74666 -0.913901 0 0 0
-6.80783 -0.921169 10 8 0
-6.87731 -0.930137 20 16 0
-6.94097 -0.941169 30 24 1
-1.71631 -5.21798 0 6 0
-1.7325 -5.26969 10 15 0
-1.75149 -5.31597 20 22 0
-1.7675 -5.36126 30 31 1
-4.85192 -2.04117 10 8 0
-4.89744 -2.05691 20 23 0
-4.94349 -2.07617 30 24 1
3.93128 -2.36712 0 5 0
3.966 -2.3875 10 13 0
3.99819 -2.41107 20 21 0
4.03221 -2.4325 30 29 1
6.97916 -3.15334 -2.27374e-13 5 0
7.03788 -3.1825 10 13 0
7.09945 -3.20858 20 21 0
7.1636 -3.2375 30 29 1
-0.99508 5.38783 -1.13687e-13 2 0
-1.00617 5.43619 10 10 0
-1.01673 5.49236 20 18 0
-1.02617 5.54105 30 26 1
-7.49142 3.37094 0 1 0
-7.56194 3.4025 10 9 0
-7.63514 3.43047 20 17 0
-7.70679 3.4625 30 25 1
7.12556 2.86762 0 4 0
7.18684 2.89117 10 12 0
7.24968 2.91903 20 20 0
7.31255 2.94617 30 28 1
6.29388 -3.74623 0 5 0
6.35095 -3.7825 10 13 0
6.4054 -3.81948 20 21 0
6.45838 -3.8475 30 29 1
0.302349 -6.51148 -1.13687e-13 6 0
0.301169 -6.56967 10 14 0
0.302349 -6.62907 20 22 0
0.301169 -6.68988 30 30 1
0.614978 5.87779 1.13687e-13 2 0
0.6175 5.92952 10 11 0
0.62039 5.98232 20 18 0
0.6225 6.04059 30 27 1
1.70675 -5.55115 -1.13687e-13 6 0
1.72117 -5.59965 10 14 0
1.73381 -5.64261 20 22 0
1.74617 -5.69536 30 30 1
-5.05119 -0.621169 10 8 0
-5.09386 -0.624361 20 16 0
-5.14605 -0.631169 30 24 1
4.07577 -2.1672 -1.13687e-13 5 0
4.11248 -2.1875 10 13 0
4.14651 -2.20732 20 21 0
4.18077 -2.2275 30 29 1
-5.92255 5.63273 -1.13687e-13 1 0
-5.98114 5.6825 10 9 0
-6.03453 5.73323 20 17 1
-8.85022 -1.5471 1.13687e-13 0 0
-8.93276 -1.56117 10 8 0
-9.01355 -1.57687 20 16 0
-9.09711 -1.59117 30 24 1
3.55448 2.57762 0 3 0
3.58758 2.60117 10 12 0
3.61103 2.62269 20 19 0
3.63965 2.64617 30 28 1
-5.71447 -2.10994 1.13687e-13 0 0
-5.7713 -2.12617 10 8 0
-5.82553 -2.14512 20 16 0
-5.87701 -2.16117 30 24 1
-4.29541 2.3775 10 9 0
-4.33399 2.39863 20 17 0
-4.37077 2.4175 30 25 1
-0.601448 -5.17878 0 6 0
-0.6125 -5.22449 10 15 0
-0.617684 -5.27024 20 22 0
-0.6275 -5.31727 30 31 1
-3.6625 -3.97528 10 15 0
-3.69958 -4.01236 20 23 0
-3.7325 -4.04528 30 31 1
-5.30291 -2.17218 1.13687e-13 0 0
-5.35547 -2.19117 10 8 0
-5.40743 -2.21007 20 16 0
-5.45204 -2.23117 30 24 1
-0.0777529 7.38034 -1.13687e-13 2 0
-0.0811686 7.44569 10 10 0
-0.0831649 7.511 20 18 0
-0.0861686 7.57796 30 26 1
-2.20117 7.20395 10 10 0
-2.2236 7.26928 20 18 0
-2.24617 7.3338 30 26 1
-5.60342 -0.445766 0 0 0
-5.65194 -0.451169 10 8 0
-5.70794 -0.45659 20 16 1
-4.72587 -3.71117 10 8 0
-4.76654 -3.73993 20 23 0
-4.81208 -3.77617 30 24 1
-1.34617 8.12379 10 10 0
-1.35768 8.19694 20 18 0
-1.37117 8.26192 30 26 1
-4.82518 4.57745 1.13687e-13 1 0
-4.87164 4.6225 10 9 0
-4.91486 4.66331 20 17 0
-4.96578 4.7025 30 25 1
7.37381 -0.531093 0 4 0
7.44052 -0.5375 10 13 0
7.50446 -0.541917 20 20 0
7.56365 -0.5475 30 29 1
0.184727 5.022 0 2 0
0.1875 5.06819 10 11 0
0.184727 5.11345 20 18 0
0.1875 5.16011 30 27 1
2.05205 4.8561 0 3 0
2.0675 4.89758 10 11 0
2.0807 4.93833 20 19 0
2.1025 4.98915 30 27 1
-7.71351 -2.2236 1.13687e-13 0 0
-7.78842 -2.24117 10 8 0
-7.86377 -2.26419 20 16 0
-7.93242 -2.28617 30 24 1
-5.41702 -2.93239 0 7 0
-5.46993 -2.95617 10 8 0
-5.52043 -2.98604 20 23 0
-5.57443 -3.01117 30 24 1
0.250936 -7.82457 -1.13687e-13 6 0
0.251169 -7.89146 10 14 0
0.250936 -7.96829 20 22 0
0.251169 -8.03288 30 30 1
-0.693452 -7.12556 0 6 0
-0.7025 -7.18832 10 15 0
-0.712393 -7.24968 20 22 0
-0.7225 -7.31439 30 31 1
-8.07935 1.31042 0 0 0
-8.1548 1.3225 10 9 0
-8.22961 1.33477 20 16 0
-8.30708 1.3475 30 25 1
4.33475 -6.55533 -1.13687e-13 5 0
4.36617 -6.61123 10 14 0
4.40418 -6.67068 20 21 0
4.44117 -6.73573 30 30 1
-7.1125 -2.86221 1.13687e-13 0 0
-7.18184 -2.88617 10 8 0
-7.24968 -2.91362 20 16 0
-7.30962 -2.93617 30 24 1
2.32108 -4.41155 -1.13687e-13 5 0
2.33617 -4.44688 10 14 0
2.35355 -4.48994 20 21 0
2.37617 -4.53638 30 30 1
1.14932 -6.34816 0 6 0
1.15617 -6.40644 10 14 0
1.16556 -6.46575 20 22 0
1.17117 -6.52043 30 30 1
-3.9275 -4.95446 10 15 0
-3.96809 -5.00032 20 23 0
-4.0075 -5.0486 30 31 1
4.6625 4.84093 10 11 0
4.69775 4.88042 20 19 0
4.7425 4.928 30 27 1
-3.4775 -3.83978 10 15 0
-3.51032 -3.86902 20 23 0
-3.5425 -3.90478 30 31 1
-5.13971 -1.05617 10 8 0
-5.19185 -1.06544 20 16 0
-5.23749 -1.07617 30 24 1
3.86553 -2.84861 0 5 0
3.89239 -2.8725 10 13 0
3.93132 -2.90292 20 21 0
3.96153 -2.9275 30 29 1
-2.00617 6.93117 10 10 0
-2.02606 6.98837 20 18 0
-2.04617 7.05602 30 26 1
-0.750277 -5.21145 -1.13687e-13 6 0
-0.7575 -5.25635 10 15 0
-0.769219 -5.30944 20 22 0
-0.7775 -5.35413 30 31 1
5.66793 -3.63307 -1.13687e-13 5 0
5.71976 -3.6675 10 13 0
5.77292 -3.70362 20 21 0
5.82012 -3.7325 30 29 1
-1.79749 -7.98789 -1.13687e-13 6 0
-1.8175 -8.06291 10 15 0
-1.83538 -8.13161 20 22 0
-1.8525 -8.20397 30 31 1
3.36999 -4.52672 -1.13687e-13 5 0
3.40117 -4.57143 10 14 0
3.43242 -4.61211 20 21 1
0.0629581 6.06071 0 2 0
0.0625 6.11699 10 11 0
0.0602521 6.17177 20 18 0
0.0575 6.22512 30 27 1
-6.13071 6.20062 0 1 0
-6.18617 6.25334 10 10 0
-6.24811 6.31419 20 17 0
-6.30117 6.36834 30 26 1
-5.27361 -1.99617 10 8 0
-5.31597 -2.01523 20 16 0
-5.37225 -2.03117 30 24 1
2.80568 4.92473 -1.13687e-13 3 0
2.8275 4.97169 10 11 0
2.85393 5.01507 20 19 0
2.8775 5.06411 30 27 1
5.67001 4.37934 -2.27374e-13 3 0
5.72371 4.42617 10 12 0
5.77005 4.46408 20 19 0
5.82492 4.50617 30 28 1
-0.858516 -4.53203 0 6 0
-0.8675 -4.57439 10 15 0
-0.877458 -4.61696 20 22 0
-0.8875 -4.65803 30 31 1
-5.40934 -3.31887 1.13687e-13 7 0
-5.46895 -3.35117 10 8 0
-5.51545 -3.37905 20 23 0
-5.56638 -3.40617 30 24 1
-8.35373 -1.77981 1.13687e-13 0 0
-8.42529 -1.79617 10 8 0
-8.51052 -1.81229 20 16 0
-8.58257 -1.82617 30 24 1
-1.62701 -5.65568 0 6 0
-1.6425 -5.71002 10 15 0
-1.65949 -5.7602 20 22 0
-1.6775 -5.80866 30 31 1
-6.72976 -5.43527 0 7 0
-6.79785 -5.48617 10 8 0
-6.85864 -5.53736 20 23 0
-6.92614 -5.58617 30 24 1
-3.67117 4.72122 10 10 0
-3.70615 4.76337 20 17 0
-3.74117 4.80536 30 26 1
-4.89513 1.6125 10 9 0
-4.93707 1.62701 20 16 0
-4.98877 1.6425 30 25 1
-3.54617 5.8973 10 10 0
-3.58107 5.9509 20 17 0
-3.61617 6.00265 30 26 1
2.80236 -5.70411 -2.27374e-13 5 0
2.82117 -5.7592 10 14 0
2.84565 -5.80864 20 21 0
2.87117 -5.86577 30 30 1
3.24666 -2.9224 0 5 0
3.27942 -2.9525 10 13 0
3.30862 -2.98054 20 21 0
3.32942 -3.0025 30 29 1
3.47385 -3.693 -3.41061e-13 5 0
3.50617 -3.72891 10 14 0
3.53469 -3.7615 20 21 0
3.56617 -3.79598 30 30 1
-6.65659 -3.27265 0 7 0
-6.72003 -3.30117 10 8 0
-6.78342 -3.3306 20 23 0
-6.84367 -3.36117 30 24 1
-4.40018 2.1075 10 9 0
-4.44489 2.13067 20 17 0
-4.4826 2.1475 30 25 1
-6.65585 3.36579 1.13687e-13 1 0
-6.71755 3.3925 10 9 0
-6.77614 3.42103 20 17 0
-6.84119 3.4525 30 25 1
-5.1993 -0.161169 10 8 0
-5.25064 -0.164344 20 16 0
-5.3033 -0.166169 30 24 1
-8.64117 -0.52424 1.13687e-13 0 0
-8.73007 -0.531169 10 8 0
-8.81103 -0.535064 20 16 0
-8.88856 -0.541169 30 24 1
-8.03362 -1.5011 0 0 0
-8.11201 -1.51117 10 8 0
-8.18388 -1.52545 20 16 1
2.84988 -4.38163 -2.27374e-13 5 0
2.87617 -4.42827 10 14 0
2.89925 -4.46161 20 21 0
2.92117 -4.50155 30 30 1
7.24968 2.46984 0 4 0
7.3101 2.49117 10 12 0
7.37381 2.51584 20 20 0
7.44495 2.54117 30 28 1
-1.56334 6.13257 1.13687e-13 2 0
-1.57617 6.19004 10 10 0
-1.5931 6.24363 20 18 0
-1.61117 6.30282 30 26 1
-4.2147 -4.21117 10 8 0
-4.25757 -4.2489 20 23 0
-4.29678 -4.28617 30 24 1
2.27916 7.9095 0 2 0
2.2975 7.97722 10 11 0
2.31704 8.05322 20 18 0
2.3375 8.12329 30 27 1
2.96221 -6.93931 -1.13687e-13 5 0
2.99117 -7.01107 10 14 0
3.01633 -7.06997 20 21 0
3.04117 -7.13178 30 30 1
7.40647 -0.604154 1.13687e-13 4 0
7.46602 -0.6125 10 13 0
7.53713 -0.614978 20 20 0
7.59623 -0.6225 30 29 1
5.71741 -3.49121 0 5 0
5.76568 -3.5225 10 13 0
5.81316 -3.55252 20 21 0
5.86604 -3.5875 30 29 1
-1.78396 -5.3813 -1.13687e-13 6 0
-1.8025 -5.43161 10 15 0
-1.81914 -5.47929 20 22 0
-1.8375 -5.53025 30 31 1
1.36309 -6.95571 -1.13687e-13 6 0
1.37617 -7.02949 10 14 0
1.38474 -7.08636 20 22 0
1.39617 -7.15555 30 30 1
-3.5725 -4.72674 10 15 0
-3.60739 -4.76973 20 23 0
-3.6425 -4.81088 30 31 1
-3.41201 -6.32322 0 7 0
-3.4425 -6.37865 10 15 0
-3.47491 -6.43586 20 23 0
-3.5075 -6.49314 30 31 1
4.95398 6.51814 -1.13687e-13 3 0
4.9975 6.576 10 11 0
5.04301 6.64161 20 19 0
5.0825 6.69636 30 27 1
-3.83166 -3.03617 10 8 0
-3.87026 -3.06561 20 23 0
-3.90788 -3.09117 30 24 1
7.11903 2.87032 0 4 0
7.1777 2.89617 10 12 0
7.24315 2.92174 20 20 0
7.30548 2.94617 30 28 1
2.13971 -7.94216 -1.13687e-13 6 0
2.15617 -8.01455 10 14 0
2.17218 -8.08589 20 22 0
2.19117 -8.15561 30 30 1
-1.16015 5.4205 0 2 0
-1.17617 5.47184 10 10 0
-1.1872 5.52502 20 18 0
-1.20117 5.57462 30 26 1
-3.75768 2.9075 10 9 0
-3.7917 2.93168 20 17 0
-3.82889 2.9575 30 25 1
-4.96358 5.69553 -1.13687e-13 1 0
-5.01117 5.7501 10 10 0
-5.05485 5.79827 20 17 0
-5.10117 5.84717 30 26 1
8.30147 -0.071076 1.13687e-13 4 0
8.37559 -0.0725 10 13 0
8.45172 -0.073782 20 20 0
8.52408 -0.0725 30 29 1
-6.98613 -3.34962 0 7 0
-7.05459 -3.38117 10 8 0
-7.11949 -3.41027 20 23 0
-7.1853 -3.44117 30 24 1
4.85603 -5.01778 -1.13687e-13 5 0
4.89617 -5.06234 10 14 0
4.93806 -5.11129 20 21 0
4.98117 -5.15441 30 30 1
1.76231 8.00749 0 2 0
1.7775 8.07947 10 11 0
1.78937 8.15121 20 18 0
1.8025 8.22468 30 27 1
-0.922019 4.88481 1.13687e-13 2 0
-0.931169 4.92986 10 10 0
-0.943667 4.97627 20 18 0
-0.951169 5.0135 30 26 1
-5.91699 1.26983 1.13687e-13 0 0
-5.97434 1.2775 10 9 0
-6.02805 1.28877 20 16 0
-6.09127 1.3025 30 25 1
-6.12974 -4.48318 0 7 0
-6.18641 -4.52117 10 8 0
-6.24396 -4.56297 20 23 0
-6.29969 -4.60617 30 24 1
5.90545 -2.5733 -2.27374e-13 5 0
5.95791 -2.5975 10 13 0
6.00998 -2.6166 20 21 0
6.05948 -2.6425 30 29 1
1.15617 8.39946 -1.13687e-13 2 0
1.1625 8.46857 10 11 0
1.17512 8.54972 20 18 0
1.1825 8.62999 30 27 1
-7.62206 1.2563 0 0 0
-7.69675 1.2675 10 9 0
-7.76578 1.27794 20 16 0
-7.83696 1.2875 30 25 1
5.89086 1.3225 1.13687e-13 4 0
5.9359 1.33617 10 12 0
5.98885 1.34686 20 20 0
6.03868 1.36117 30 28 1
5.38429 5.88458 -1.13687e-13 3 0
5.4325 5.92913 10 11 0
5.4805 5.97314 20 19 0
5.5275 6.01706 30 27 1
-2.50916 -8.39946 -1.13687e-13 6 0
-2.5325 -8.47385 10 15 0
-2.56058 -8.54972 20 22 0
-2.5875 -8.62077 30 31 1
-5.52743 4.14313 -1.13687e-13 1 0
-5.57922 4.1775 10 9 0
-5.62859 4.21751 20 17 0
-5.68251 4.2525 30 25 1
5.56422 -0.701569 2.27374e-13 4 0
5.61647 -0.7075 10 13 0
5.66221 -0.715099 20 20 0
5.71633 -0.7225 30 29 1
4.65337 2.19935 1.13687e-13 3 0
4.69958 2.22117 10 12 0
4.73447 2.23836 20 19 0
4.782 2.26117 30 28 1
-1.79749 -4.4863 1.13687e-13 6 0
-1.8175 -4.52737 10 15 0
-1.83267 -4.57123 20 22 0
-1.8525 -4.61187 30 31 1
2.71338 -7.86377 0 6 0
2.73617 -7.93694 10 14 0
2.75667 -8.00749 20 22 0
2.78117 -8.07386 30 30 1
3.82576 7.23062 0 3 0
3.8625 7.30069 10 11 0
3.89024 7.36016 20 19 0
3.9275 7.42933 30 27 1
-5.28689 0.1375 10 9 0
-5.3421 0.138726 20 16 0
-5.38589 0.1375 30 25 1
-0.93699 -8.31453 -1.13687e-13 6 0
-0.9475 -8.38792 10 15 0
-0.958638 -8.45826 20 22 0
-0.9675 -8.5352 30 31 1
7.26928 -2.12762 0 4 0
7.33932 -2.1475 10 13 0
7.39994 -2.1655 20 20 0
7.46417 -2.1875 30 29 1
-7.17418 3.55884 0 1 0
-7.24489 3.5875 10 9 0
-7.30754 3.61949 20 17 0
-7.38061 3.6525 30 25 1
1.89491 4.81294 0 2 0
1.9125 4.85572 10 11 0
1.92467 4.89787 20 18 0
1.9375 4.93729 30 27 1
-3.81804 2.9325 10 9 0
-3.85703 2.95874 20 17 0
-3.88925 2.9825 30 25 1
4.61331 -4.70617 -1.13687e-13 5 0
4.65617 -4.75163 10 14 0
4.69917 -4.79586 20 21 0
4.73617 -4.8387 30 30 1
4.53327 2.07925 -1.13687e-13 3 0
4.57251 2.10117 10 12 0
4.61054 2.12208 20 19 0
4.64786 2.14117 30 28 1
4.21481 3.41398 0 3 0
4.24873 3.44617 10 12 0
4.2833 3.47482 20 19 1
1.08438 -8.42559 -1.13687e-13 6 0
1.09117 -8.50518 10 14 0
1.10061 -8.58238 20 22 0
1.10617 -8.65453 30 30 1
-4.98712 5.47797 0 1 0
-5.03617 5.52761 10 10 0
-5.08221 5.5769 20 17 0
-5.13117 5.62968 30 26 1
-6.36775 -1.2765 1.13687e-13 0 0
-6.4233 -1.28617 10 8 0
-6.48535 -1.29815 20 16 0
-6.54729 -1.31117 30 24 1
-6.25016 -1.8177 0 0 0
-6.30362 -1.83117 10 8 0
-6.36775 -1.85017 20 16 0
-6.42347 -1.86617 30 24 1
1.91117 -5.09668 10 14 0
1.92864 -5.14612 20 22 0
1.94617 -5.18825 30 30 1
-5.02466 -2.83617 10 8 0
-5.06947 -2.86419 20 23 0
-5.12209 -2.89117 30 24 1
6.36838 3.41304 -2.27374e-13 3 0
6.42662 3.44617 10 12 0
6.48102 3.47594 20 19 0
6.53612 3.50617 30 28 1
8.15775 -0.314614 0 4 0
8.22461 -0.3175 10 13 0
8.30147 -0.320026 20 20 0
8.37603 -0.3275 30 29 1
6.02875 3.42931 -1.13687e-13 3 0
6.081 3.46117 10 12 0
6.13486 3.4895 20 19 0
6.1905 3.52117 30 28 1
-6.72706 1.89761 0 0 0
-6.79112 1.9175 10 9 0
-6.85118 1.93279 20 16 0
-6.91804 1.9525 30 25 1
-8.14468 -2.96503 1.13687e-13 0 0
-8.21315 -2.99117 10 8 0
-8.29494 -3.02186 20 16 0
-8.36715 -3.04617 30 24 1
-6.81852 -2.25336 0 0 0
-6.89004 -2.27617 10 8 0
-6.95571 -2.29395 20 16 0
-7.01489 -2.31617 30 24 1
-6.16002 6.24523 -1.13687e-13 1 0
-6.21617 6.29749 10 10 0
-6.27741 6.3588 20 17 0
-6.33117 6.41249 30 26 1
1.62972 7.13863 0 2 0
1.6425 7.20201 10 11 0
1.65678 7.26928 20 18 0
1.6675 7.33308 30 27 1
6.44874 3.33268 -2.27374e-13 3 0
6.50926 3.36617 10 12 0
6.56792 3.39828 20 19 0
6.62376 3.43117 30 28 1
-6.05185 3.01819 0 1 0
-6.11093 3.0475 10 9 0
-6.16561 3.07072 20 17 0
-6.21749 3.0975 30 25 1
-6.87844 -3.27254 0 7 0
-6.9463 -3.30117 10 8 0
-7.0118 -3.33319 20 23 0
-7.07701 -3.36117 30 24 1
-6.66894 5.20045 2.27374e-13 1 0
-6.72701 5.2475 10 9 0
-6.78858 5.29331 20 17 0
-6.85029 5.3425 30 25 1
8.01402 1.76899 2.27374e-13 4 0
8.08503 1.78117 10 12 0
8.15121 1.79876 20 20 0
8.22609 1.81617 30 28 1
-4.62346 -4.93624 0 7 0
-4.6675 -4.98028 10 15 0
-4.71584 -5.02863 20 23 0
-4.7575 -5.07028 30 31 1
-6.81199 1.72172 1.13687e-13 0 0
-6.87982 1.7375 10 9 0
-6.93611 1.75149 20 16 0
-7.00881 1.7675 30 25 1
-2.46117 6.26187 10 10 0
-2.48608 6.32203 20 18 0
-2.51117 6.37551 30 26 1
-6.85284 3.65845 1.13687e-13 1 0
-6.91856 3.6925 10 9 0
-6.98237 3.72293 20 17 0
-7.0472 3.7575 30 25 1
5.24411 -0.823339 1.13687e-13 4 0
5.28893 -0.8325 10 13 0
5.32904 -0.836869 20 20 0
5.37671 -0.8425 30 29 1
3.63804 -5.48742 0 5 0
3.67117 -5.54147 10 14 0
3.70206 -5.58971 20 21 0
3.73117 -5.63682 30 30 1
-7.10864 -3.13117 10 8 0
-6.2371 -2.34266 20 16 0
-5.37308 -1.55117 30 24 1
-3.62915 7.93536 1.13687e-13 1 0
-3.66617 8.00427 10 10 0
-3.69904 8.07796 20 17 0
-3.73617 8.15205 30 26 1
0.179315 7.85724 -2.27374e-13 2 0
0.1775 7.92904 10 11 0
0.179315 8.00096 20 18 0
0.1775 8.07046 30 27 1
-5.05095 3.43704 0 1 0
-5.0955 3.4675 10 9 0
-5.1467 3.49835 20 17 0
-5.19085 3.5275 30 25 1
-5.33984 -6.16924 -1.13687e-13 7 0
-5.3925 -6.22147 10 15 0
-5.44688 -6.28393 20 23 0
-5.4925 -6.33561 30 31 1
6.51148 0.924725 0 4 0
6.56327 0.931169 10 12 0
6.62907 0.940961 20 20 0
6.68227 0.951169 30 28 1
-5.6684 -5.6559 0 7 0
-5.72385 -5.70617 10 8 0
-5.77656 -5.76023 20 23 0
-5.82885 -5.81117 30 24 1
6.12348 -3.49164 0 5 0
6.1758 -3.5225 10 13 0
6.2323 -3.55836 20 21 0
6.28323 -3.5875 30 29 1
5.56638 -3.68843 -1.13687e-13 5 0
5.6192 -3.7225 10 13 0
5.66484 -3.75627 20 21 0
5.71248 -3.7875 30 29 1
3.01078 4.32236 0 3 0
3.0375 4.36851 10 11 0
3.06014 4.40234 20 19 0
3.0825 4.4418 30 27 1
2.93595 5.10858 0 3 0
2.9625 5.15618 10 11 0
2.9842 5.19892 20 19 0
3.0125 5.24861 30 27 1
0.0831649 -5.73407 -1.13687e-13 6 0
0.0811686 -5.78398 10 14 0
0.0777529 -5.8386 20 22 0
0.0761686 -5.88505 30 30 1
7.29541 -2.45234 1.13687e-13 4 0
7.36026 -2.4725 10 13 0
7.42607 -2.49563 20 20 0
7.48804 -2.5225 30 29 1
3.39435 -4.58551 1.13687e-13 5 0
3.42617 -4.63179 10 14 0
3.45024 -4.6682 20 21 0
3.48117 -4.71507 30 30 1
6.616 -1.20218 2.27374e-13 4 0
6.67302 -1.2125 10 13 0
6.72706 -1.22112 20 20 0
6.78494 -1.2325 30 29 1
-2.01117 6.58968 10 10 0
-2.03147 6.64867 20 18 0
-2.05117 6.70747 30 26 1
-2.98117 5.86263 10 10 0
-3.00832 5.9139 20 17 0
-3.03617 5.96713 30 26 1
-7.60246 -0.873311 0 0 0
-7.67293 -0.881169 10 8 0
-7.74618 -0.889547 20 16 0
-7.81521 -0.896169 30 24 1
-4.03423 5.51623 0 1 0
-4.07617 5.5717 10 10 0
-4.11513 5.6201 20 17 0
-4.15617 5.67291 30 26 1
-4.85065 -1.07117 10 8 0
-4.9044 -1.08167 20 16 0
-4.94137 -1.09117 30 24 1
8.14468 0.897665 0 4 0
8.22119 0.906169 10 12 0
8.2884 0.913901 20 20 0
8.36347 0.921169 30 28 1
-2.78117 5.34443 10 10 0
-2.80602 5.38633 20 17 0
-2.83117 5.42979 30 26 1
4.54063 -4.40006 -2.27374e-13 5 0
4.58057 -4.4375 10 13 0
4.61725 -4.4805 20 21 0
4.6535 -4.5175 30 29 1
2.90622 4.65789 0 3 0
2.9325 4.70192 10 11 0
2.95829 4.7444 20 19 0
2.9775 4.78228 30 27 1
-3.55205 -5.78591 0 7 0
-3.5875 -5.83775 10 15 0
-3.6226 -5.8909 20 23 0
-3.6575 -5.94311 30 31 1
-3.9925 -5.01239 10 15 0
-4.03006 -5.05846 20 23 0
-4.0675 -5.10153 30 31 1
-7.58286 3.1126 1.13687e-13 0 0
-7.65549 3.1425 10 9 0
-7.72658 3.17213 20 16 0
-7.79535 3.1975 30 25 1
-4.07617 4.87874 10 10 0
-4.1123 4.92078 20 17 0
-4.15117 4.96081 30 26 1
-1.12641 -4.4863 -1.13687e-13 6 0
-1.1375 -4.52619 10 15 0
-1.15076 -4.57123 20 22 0
-1.1625 -4.60776 30 31 1
-7.15823 1.37806 2.27374e-13 0 0
-7.22778 1.3925 10 9 0
-7.29541 1.40242 20 16 0
-7.36592 1.4175 30 25 1
2.25336 -6.6356 -1.13687e-13 6 0
2.27117 -6.70119 10 14 0
2.28854 -6.75972 20 22 0
2.30617 -6.82105 30 30 1
1.25756 -8.15121 -1.13687e-13 6 0
1.26617 -8.22764 10 14 0
1.2765 -8.30147 20 22 0
1.28617 -8.37491 30 30 1
-7.8507 -1.87994 -1.13687e-13 0 0
-7.92425 -1.89617 10 8 0
-7.99443 -1.91241 20 16 0
-8.07239 -1.93117 30 24 1
-6.83692 -3.12004 0 7 0
-6.89737 -3.14617 10 8 0
-6.96375 -3.17799 20 23 0
-7.02308 -3.20117 30 24 1
6.71399 -1.167 0 4 0
6.77237 -1.1775 10 13 0
6.83158 -1.18865 20 20 0
6.89136 -1.1975 30 29 1
-5.96685 5.94874 1.13687e-13 1 0
-6.02537 6.0025 10 9 0
-6.08154 6.05577 20 17 0
-6.14244 6.1125 30 25 1
5.43356 1.68511 0 4 0
5.48065 1.70117 10 12 0
5.52502 1.71758 20 20 0
5.57429 1.73117 30 28 1
-1.65137 -4.89134 1.13687e-13 6 0
-1.6675 -4.93599 10 15 0
-1.68655 -4.97627 20 22 0
-1.7025 -5.02755 30 31 1
6.29408 5.67694 0 3 0
6.34989 5.73117 10 12 0
6.40877 5.78398 20 19 0
6.46196 5.83617 30 28 1
5.59688 -0.63392 0 4 0
5.64547 -0.6375 10 13 0
5.70141 -0.644744 20 20 0
5.74532 -0.6525 30 29 1
0.0223684 6.02805 -1.13687e-13 2 0
0.0225 6.08406 10 11 0
0.0196624 6.13911 20 18 0
0.0175 6.19219 30 27 1
-7.14516 -2.88656 1.13687e-13 0 0
-7.21184 -2.91617 10 8 0
-7.27582 -2.94068 20 16 0
-7.34669 -2.96617 30 24 1
-2.1425 -7.21411 10 15 0
-2.1655 -7.28235 20 22 0
-2.1875 -7.35103 30 31 1
4.60725 -2.52264 -2.27374e-13 5 0
4.64426 -2.5425 10 13 0
4.68452 -2.56547 20 21 0
4.72462 -2.5875 30 29 1
1.53501 8.58238 -1.13687e-13 2 0
1.5475 8.66265 10 11 0
1.55937 8.73263 20 18 0
1.5675 8.80993 30 27 1
6.70003 4.98459 -1.13687e-13 3 0
6.76004 5.03117 10 12 0
6.81967 5.07744 20 19 0
6.87833 5.12117 30 28 1
-7.83198 3.40918 0 1 0
-7.90807 3.4375 10 9 0
-7.98223 3.47141 20 17 0
-8.05292 3.4975 30 25 1
2.73917 8.13161 -1.13687e-13 2 0
2.7625 8.2018 10 11 0
2.78517 8.28187 20 18 0
2.8075 8.35287 30 27 1
-1.73525 -5.48583 -1.13687e-13 6 0
-1.7525 -5.53717 10 15 0
-1.77314 -5.59035 20 22 0
-1.7875 -5.63581 30 31 1
2.72067 -4.94508 0 5 0
2.74117 -4.98623 10 14 0
2.76238 -5.03271 20 21 0
2.78617 -5.07366 30 30 1
-7.02076 -5.45839 0 7 0
-7.08655 -5.50617 10 8 0
-7.14693 -5.55395 20 23 0
-7.21691 -5.60117 30 24 1
-4.6821 -1.25617 10 8 0
-4.72802 -1.26838 20 16 0
-4.77074 -1.28117 30 24 1
-8.43212 -2.2723 1.13687e-13 0 0
-8.51017 -2.29117 10 8 0
-8.59544 -2.31289 20 16 0
-8.67038 -2.33117 30 24 1
-1.63369 4.99586 1.13687e-13 2 0
-1.65117 5.03467 10 10 0
-1.66887 5.08079 20 18 0
-1.68617 5.12624 30 26 1
2.86388 6.43713 0 3 0
2.8875 6.4954 10 11 0
2.90606 6.55201 20 19 0
2.9325 6.61111 30 27 1
4.67576 -0.209081 0 4 0
4.71842 -0.2125 10 13 0
4.76068 -0.211787 20 20 0
4.7962 -0.2125 30 29 1
-6.11951 -1.75275 0 0 0
-6.17998 -1.77117 10 8 0
-6.2371 -1.78523 20 16 0
-6.29483 -1.80117 30 24 1
2.80809 -7.62206 0 6 0
2.83117 -7.69253 10 14 0
2.85138 -7.76578 20 22 0
2.87617 -7.83652 30 30 1
-4.94177 -4.20217 -1.13687e-13 7 0
-4.98217 -4.23617 10 8 0
-5.03258 -4.27767 20 23 0
-5.08338 -4.31617 30 24 1
5.86171 -3.35615 0 5 0
5.91352 -3.3875 10 13 0
5.96399 -3.42017 20 21 0
6.01388 -3.4525 30 29 1
1.14391 -8.33413 0 6 0
1.15117 -8.40962 10 14 0
1.15744 -8.48439 20 22 0
1.16617 -8.55897 30 30 1
-3.4075 -4.59002 10 15 0
-3.44156 -4.63069 20 23 0
-3.4725 -4.66916 30 31 1
-5.60033 -6.00113 -1.13687e-13 7 0
-5.6525 -6.0572 10 15 0
-5.70467 -6.10929 20 23 0
-5.7625 -6.1672 30 31 1
-2.34565 4.02665 1.13687e-13 1 0
-2.37117 4.06469 10 10 0
-2.38961 4.09357 20 17 0
-2.41617 4.1309 30 26 1
-8.15121 -0.0290453 0 0 0
-8.223 -0.0311686 10 8 0
-8.30147 -0.0317512 20 16 0
-8.37149 -0.0311686 30 24 1
7.39084 -3.10197 -1.13687e-13 5 0
7.45458 -3.1325 10 13 0
7.5242 -3.16263 20 21 0
7.58736 -3.1875 30 29 1
5.01546 1.83664 0 4 0
5.05583 1.85617 10 12 0
5.10039 1.87182 20 20 0
5.1474 1.89117 30 28 1
-2.7775 -6.23691 10 15 0
-2.80706 -6.29994 20 23 0
-2.8325 -6.35554 30 31 1
-4.16171 2.5125 10 9 0
-4.20658 2.53528 20 17 0
-4.24914 2.5575 30 25 1
-5.7602 1.91385 0 0 0
-5.81117 1.9275 10 9 0
-5.86473 1.94632 20 16 0
-5.92395 1.9625 30 25 1
-7.07653 -4.84829 0 7 0
-7.1433 -4.89117 10 8 0
-7.21036 -4.9362 20 23 0
-7.27073 -4.97617 30 24 1
-8.64117 0.211787 1.13687e-13 0 0
-8.72065 0.2125 10 9 0
-8.80449 0.214493 20 16 0
-8.88121 0.2175 30 25 1
-5.1897 -5.88516 0 7 0
-5.2375 -5.93919 10 15 0
-5.2875 -5.99061 20 23 0
-5.3375 -6.04626 30 31 1
-0.5375 -5.13535 10 15 0
-0.544623 -5.18532 20 22 0
-0.5525 -5.22813 30 31 1
-0.776169 8.10533 10 10 0
-0.78672 8.17734 20 18 0
-0.796169 8.25261 30 26 1
2.48274 4.09282 -1.13687e-13 3 0
2.5025 4.1305 10 11 0
2.51904 4.16739 20 19 0
2.5425 4.20585 30 27 1
1.70008 5.19185 -1.13687e-13 2 0
1.7125 5.23554 10 11 0
1.72714 5.28331 20 18 0
1.7425 5.33626 30 27 1
6.84465 -0.306496 2.27374e-13 4 0
6.90646 -0.3075 10 13 0
6.96224 -0.311908 20 20 0
7.01753 -0.3125 30 29 1
-7.30195 1.10747 0 0 0
-7.36998 1.1175 10 9 0
-7.43914 1.12641 20 16 0
-7.51018 1.1375 30 25 1
2.88019 3.5106 -2.27374e-13 3 0
2.9075 3.54555 10 11 0
2.92797 3.57368 20 19 0
2.9525 3.60469 30 27 1
5.83206 -0.114372 2.27374e-13 4 0
5.88207 -0.1175 10 13 0
5.93006 -0.117078 20 20 0
5.98107 -0.1175 30 29 1
-5.93818 4.03726 -1.13687e-13 1 0
-5.99748 4.0725 10 9 0
-6.05353 4.10669 20 17 0
-6.10991 4.1425 30 25 1
4.056 2.92607 -1.13687e-13 3 0
4.08607 2.95117 10 12 0
4.12833 2.98308 20 19 0
4.16229 3.00617 30 28 1
3.07608 -5.85538 -1.13687e-13 5 0
3.10117 -5.91192 10 14 0
3.12591 -5.96261 20 21 0
3.15117 -6.01142 30 30 1
5.12652 0.989668 1.13687e-13 4 0
5.16456 0.996169 10 12 0
5.21145 1.00861 20 20 0
5.25527 1.01617 30 28 1
4.70189 -1.91385 1.13687e-13 4 0
4.74344 -1.9275 10 13 0
4.78028 -1.94632 20 20 0
4.82586 -1.9675 30 29 1
-2.7375 -4.59884 10 15 0
-2.76184 -4.63597 20 23 0
-2.7875 -4.67713 30 31 1
3.4105 5.54868 -1.13687e-13 3 0
3.4375 5.59583 10 11 0
3.46144 5.64555 20 19 0
3.4925 5.70033 30 27 1
-2.13117 6.85111 10 10 0
-2.15324 6.91651 20 18 0
-2.17617 6.98096 30 26 1
4.91747 0.702834 2.27374e-13 4 0
4.95234 0.706169 10 12 0
4.99586 0.713658 20 20 0
5.04513 0.721169 30 28 1
-5.89441 -4.98643 -2.27374e-13 7 0
-5.94687 -5.03117 10 8 0
-6.00098 -5.07387 20 23 0
-6.05808 -5.12117 30 24 1
-8.2688 -2.35619 1.13687e-13 0 0
-8.34769 -2.37617 10 8 0
-8.42559 -2.39948 20 16 0
-8.49875 -2.42117 30 24 1
3.72088 -4.94265 -1.13687e-13 5 0
3.75117 -4.98507 10 14 0
3.78601 -5.03458 20 21 0
3.81617 -5.07835 30 30 1
3.62154 -5.35611 -2.27374e-13 5 0
3.65117 -5.40833 10 14 0
3.67902 -5.45569 20 21 0
3.71117 -5.50368 30 30 1
-5.36823 1.73525 1.13687e-13 0 0
-5.41697 1.7525 10 9 0
-5.47276 1.76773 20 16 0
-5.51768 1.7825 30 25 1
2.045 -8.26227 0 6 0
2.06117 -8.33674 10 14 0
2.07747 -8.40599 20 22 0
2.09617 -8.48488 30 30 1
2.76917 6.20848 -1.13687e-13 3 0
2.7925 6.26605 10 11 0
2.81517 6.31953 20 19 0
2.8375 6.37469 30 27 1
-7.06023 -1.43345 1.13687e-13 0 0
-7.1257 -1.45117 10 8 0
-7.19742 -1.46321 20 16 0
-7.25677 -1.47617 30 24 1
5.81214 -2.42641 0 5 0
5.86448 -2.4475 10 13 0
5.91013 -2.467 20 21 0
5.96605 -2.4925 30 29 1
0.826045 4.5451 0 2 0
0.8325 4.58182 10 11 0
0.836869 4.62349 20 18 0
0.8425 4.66253 30 27 1
-6.01182 4.01905 0 1 0
-6.06734 4.0575 10 9 0
-6.12334 4.09231 20 17 0
-6.17976 4.1275 30 25 1
-6.63369 2.75047 0 1 0
-6.6986 2.7725 10 9 0
-6.75972 2.7987 20 16 0
-6.82638 2.8225 30 25 1
4.16153 -6.51605 -1.13687e-13 5 0
4.19617 -6.57558 10 14 0
4.23096 -6.6314 20 21 0
4.26617 -6.69508 30 30 1
2.87574 -7.60246 0 6 0
2.89617 -7.6656 10 14 0
2.92174 -7.73965 20 22 0
2.94617 -7.80753 30 30 1
5.70794 1.06814 0 4 0
5.75368 1.07617 10 12 0
5.80593 1.08708 20 20 0
5.85853 1.09617 30 28 1
-7.61791 4.09442 2.27374e-13 1 0
-7.6909 4.1325 10 9 0
-7.75669 4.16814 20 17 0
-7.83661 4.2075 30 25 1
-8.09242 1.55395 1.13687e-13 0 0
-8.17353 1.5675 10 9 0
-8.24921 1.58101 20 16 0
-8.32374 1.5975 30 25 1
1.30086 -5.60342 -1.13687e-13 6 0
1.31117 -5.64927 10 14 0
1.3198 -5.70141 20 22 0
1.32617 -5.74912 30 30 1
3.98902 3.63976 -1.13687e-13 3 0
4.02619 3.67617 10 12 0
4.06023 3.70714 20 19 1
2.18445 6.6356 -1.13687e-13 2 0
2.2025 6.69428 10 11 0
2.21962 6.75972 20 18 0
2.2375 6.81413 30 27 1
1.00193 6.56374 0 2 0
1.0075 6.62358 10 11 0
1.01546 6.68786 20 18 0
1.0225 6.74465 30 27 1
-4.61319 7.1361 -1.13687e-13 1 0
-4.65617 7.19822 10 10 0
-4.69839 7.26339 20 17 0
-4.74117 7.33272 30 26 1
5.83477 5.06455 -1.13687e-13 3 0
5.88545 5.11117 10 12 0
5.93751 5.15582 20 19 0
5.98752 5.20617 30 28 1
-2.99083 -8.13815 0 6 0
-3.0175 -8.20932 10 15 0
-3.04765 -8.2884 20 22 0
-3.0775 -8.35417 30 31 1
-2.3975 -5.22051 10 15 0
-2.42095 -5.26327 20 23 0
-2.4475 -5.31294 30 31 1
5.65996 -3.01281 -1.13687e-13 5 0
5.70995 -3.0425 10 13 0
5.753 -3.06759 20 21 0
5.80737 -3.0975 30 29 1
-5.06139 2.7475 10 9 0
-5.11232 2.77515 20 17 0
-5.15382 2.7975 30 25 1
5.29917 3.70619 -2.27374e-13 3 0
5.34277 3.74117 10 12 0
5.38456 3.76862 20 19 0
5.43605 3.80617 30 28 1
5.72286 2.91295 -2.27374e-13 3 0
5.77313 2.94117 10 12 0
5.81974 2.9639 20 19 0
5.87263 2.99117 30 28 1
3.13102 -4.0543 -1.13687e-13 5 0
3.15617 -4.08601 10 14 0
3.1815 -4.12392 20 21 0
3.20617 -4.1643 30 30 1
6.44827 -3.51793 0 5 0
6.50486 -3.5475 10 13 0
6.56091 -3.58083 20 21 0
6.61936 -3.6125 30 29 1
5.11999 1.3658 0 4 0
5.16273 1.37617 10 12 0
5.20491 1.39015 20 20 0
5.25137 1.40117 30 28 1
5.76127 4.48209 -1.13687e-13 3 0
5.80957 4.52617 10 12 0
5.86131 4.56683 20 19 0
5.91078 4.60617 30 28 1
-5.21789 2.6511 -1.13687e-13 1 0
-5.26923 2.6725 10 9 0
-5.31859 2.69823 20 17 0
-5.36873 2.7225 30 25 1
2.69985 -7.83111 -1.13687e-13 6 0
2.72117 -7.90073 10 14 0
2.74314 -7.97483 20 22 0
2.76617 -8.04472 30 30 1
-4.91969 -5.95191 0 7 0
-4.9675 -6.00153 10 15 0
-5.02019 -6.0639 20 23 0
-5.0625 -6.11067 30 31 1
5.38783 1.70405 0 4 0
5.43201 1.71617 10 12 0
5.48583 1.73381 20 20 0
5.53065 1.75117 30 28 1
1.33874 -6.68786 -2.27374e-13 6 0
1.34617 -6.74493 10 14 0
1.35498 -6.80545 20 22 0
1.36617 -6.86392 30 30 1
-1.41054 -6.02152 -1.13687e-13 6 0
-1.4225 -6.07692 10 15 0
-1.4403 -6.13257 20 22 0
-1.4525 -6.1847 30 31 1
-5.23033 -6.51896 0 7 0
-5.2775 -6.57316 10 15 0
-5.32701 -6.63477 20 23 0
-5.3775 -6.69437 30 31 1
-6.98422 -4.91289 0 7 0
-7.05274 -4.95617 10 8 0
-7.11805 -5.00079 20 23 0
-7.18517 -5.04617 30 24 1
-5.51102 2.87535 2.27374e-13 1 0
-5.56287 2.9025 10 9 0
-5.62095 2.93171 20 17 0
-5.67944 2.9625 30 25 1
7.41248 -3.15424 -2.27374e-13 5 0
7.48336 -3.1825 10 13 0
7.54314 -3.20836 20 21 0
7.60907 -3.2375 30 29 1
-5.14945 1.2375 10 9 0
-5.20491 1.25088 20 16 0
-5.25223 1.2625 30 25 1
-4.57866 3.3325 10 9 0
-4.62547 3.36363 20 17 0
-4.66694 3.3925 30 25 1
-1.2275 -7.60018 10 15 0
-1.24277 -7.66779 20 22 0
-1.2525 -7.73832 30 31 1
-1.98691 -8.43212 0 6 0
-2.0075 -8.50746 10 15 0
-2.03021 -8.58891 20 22 0
-2.0525 -8.6656 30 31 1
6.09207 -0.3275 10 13 0
6.14564 -0.33085 20 20 0
6.189 -0.3325 30 29 1
4.05675 -1.96449 -3.41061e-13 5 0
4.09133 -1.9825 10 13 0
4.12749 -2.00461 20 21 0
4.16169 -2.0175 30 29 1
-1.5775 -6.77639 10 15 0
-1.59184 -6.83812 20 22 0
-1.6125 -6.89624 30 31 1
6.80898 -4.66314 1.13687e-13 5 0
6.86583 -4.7075 10 13 0
6.92591 -4.74946 20 21 0
6.98618 -4.7925 30 29 1
6.83158 1.61475 1.13687e-13 4 0
6.88851 1.63117 10 12 0
6.95571 1.64452 20 20 0
7.00543 1.65617 30 28 1
-3.65214 -6.40645 0 7 0
-3.6875 -6.46101 10 15 0
-3.72157 -6.52179 20 23 0
-3.7575 -6.57344 30 31 1
-1.5425 -7.25758 10 15 0
-1.55937 -7.32155 20 22 0
-1.5775 -7.39157 30 31 1
-4.74469 1.2075 10 9 0
-4.78681 1.21841 20 16 0
-4.82833 1.2275 30 25 1
7.23009 -2.28998 1.13687e-13 4 0
7.29926 -2.3125 10 13 0
7.35421 -2.33057 20 20 0
7.42411 -2.3525 30 29 1
-0.701569 -5.87779 0 6 0
-0.7075 -5.93467 10 15 0
-0.715099 -5.98885 20 22 0
-0.7225 -6.0416 30 31 1
-6.78498 4.85345 -2.27374e-13 1 0
-6.85077 4.8975 10 9 0
-6.91227 4.93864 20 17 0
-6.97819 4.9825 30 25 1
5.73434 5.10955 -1.13687e-13 3 0
5.78903 5.15617 10 12 0
5.83709 5.20081 20 19 0
5.8861 5.24617 30 28 1
-3.49638 -7.46761 1.13687e-13 7 0
-3.5325 -7.53638 10 15 0
-3.5701 -7.60639 20 23 0
-3.6025 -7.67709 30 31 1
-5.0852 3.46747 1.13687e-13 1 0
-5.13757 3.5025 10 9 0
-5.18095 3.52878 20 17 0
-5.23292 3.5625 30 25 1
7.25622 2.33183 0 4 0
7.32359 2.35617 10 12 0
7.38687 2.37513 20 20 0
7.44845 2.39617 30 28 1
-6.21625 -4.53525 0 7 0
-6.27176 -4.57117 10 8 0
-6.33048 -4.61504 20 23 0
-6.39212 -4.65617 30 24 1
-5.3156 7.01573 0 1 0
-5.36617 7.0809 10 10 0
-5.41769 7.14461 20 17 0
-5.46617 7.20919 30 26 1
4.46671 -0.853104 2.27374e-13 4 0
4.50575 -0.8625 10 13 0
4.5451 -0.86934 20 20 0
4.58439 -0.8775 30 29 1
2.80717 6.07809 -1.13687e-13 3 0
2.8325 6.13634 10 11 0
2.85317 6.18915 20 19 0
2.8825 6.24998 30 27 1
2.78031 -4.86695 0 5 0
2.80617 -4.91688 10 14 0
2.82855 -4.95729 20 21 0
2.85617 -5.00224 30 30 1
5.1147 3.23471 0 3 0
5.16475 3.26617 10 12 0
5.20392 3.29331 20 19 0
5.24803 3.32117 30 28 1
6.31549 1.38474 2.27374e-13 4 0
6.36359 1.39617 10 12 0
6.42002 1.4118 20 20 0
6.47345 1.42117 30 28 1
-4.16858 4.87374 -1.13687e-13 1 0
-4.21117 4.92181 10 10 0
-4.2479 4.96071 20 17 0
-4.29117 5.00181 30 26 1
3.60988 3.01188 0 3 0
3.64074 3.03617 10 12 0
3.66914 3.06348 20 19 0
3.69574 3.09117 30 28 1
5.29373 4.07195 0 3 0
5.34507 4.11117 10 12 0
5.39106 4.15015 20 19 0
5.43421 4.18617 30 28 1
-0.704275 -6.83812 -1.13687e-13 6 0
-0.7125 -6.90134 10 15 0
-0.717805 -6.96224 20 22 0
-0.7275 -7.0224 30 31 1
-5.98154 3.38414 0 1 0
-6.04252 3.4175 10 9 0
-6.10072 3.44974 20 17 0
-6.15702 3.4825 30 25 1
0.780043 8.06629 0 2 0
0.7875 8.14306 10 11 0
0.788161 8.21654 20 18 0
0.7925 8.28948 30 27 1
5.26904 4.67869 -1.13687e-13 3 0
5.3116 4.72117 10 12 0
5.35872 4.76454 20 19 0
5.40367 4.80617 30 28 1
-3.26451 -6.80331 1.13687e-13 7 0
-3.2925 -6.86504 10 15 0
-3.32629 -6.92632 20 23 0
-3.3575 -6.98661 30 31 1
-8.01402 -2.83515 0 0 0
-8.09022 -2.86117 10 8 0
-8.16428 -2.88656 20 16 0
-8.23215 -2.91117 30 24 1
4.04086 -2.17439 -1.13687e-13 5 0
4.07506 -2.1925 10 13 0
4.1116 -2.21451 20 21 0
4.14334 -2.2325 30 29 1
5.11573 -5.48795 0 5 0
5.16117 -5.53947 10 14 0
5.20699 -5.5907 20 21 0
5.24617 -5.63154 30 30 1
0.591889 -5.40743 -1.13687e-13 6 0
0.596169 -5.45753 10 14 0
0.597301 -5.49889 20 22 0
0.601169 -5.55445 30 30 1
-3.59442 3.2675 10 9 0
-3.62928 3.29736 20 17 0
-3.66149 3.3275 30 25 1
3.56394 -7.68646 0 5 0
3.59117 -7.75249 10 14 0
3.62076 -7.82365 20 21 1
3.55147 -2.7225 10 13 0
3.57967 -2.74644 20 21 0
3.60354 -2.7675 30 29 1
-4.66358 -7.21505 0 7 0
-4.7025 -7.27095 10 15 0
-4.74877 -7.34235 20 23 0
-4.7975 -7.40838 30 31 1
-8.00749 2.09244 1.13687e-13 0 0
-8.08213 2.1125 10 9 0
-8.15775 2.12762 20 16 0
-8.23027 2.1475 30 25 1
-4.9353 -1.19117 10 8 0
-4.9828 -1.20073 20 16 0
-5.02601 -1.21117 30 24 1
0.264466 -5.45316 0 6 0
0.266169 -5.50937 10 14 0
0.264466 -5.55769 20 22 0
0.266169 -5.60836 30 30 1
6.03053 -3.7025 10 13 0
6.08622 -3.74139 20 21 0
6.13089 -3.7675 30 29 1
-1.11558 -6.10644 -1.13687e-13 6 0
-1.1275 -6.16375 10 15 0
-1.13994 -6.2175 20 22 0
-1.1525 -6.27361 30 31 1
-5.84355 3.96559 0 1 0
-5.8942 3.9975 10 9 0
-5.95236 4.03231 20 17 1
3.12614 -3.31084 -2.27374e-13 5 0
3.15117 -3.33855 10 14 0
3.17774 -3.3701 20 21 0
3.20617 -3.40062 30 30 1
1.24674 -4.17926 -1.13687e-13 6 0
1.25617 -4.21541 10 14 0
1.26838 -4.25766 20 22 0
1.27617 -4.29198 30 30 1
-5.26866 3.72747 0 1 0
-5.31979 3.7625 10 9 0
-5.37094 3.79148 20 17 0
-5.42014 3.8275 30 25 1
-5.01464 -4.44342 -1.13687e-13 7 0
-5.06246 -4.48617 10 8 0
-5.11198 -4.52163 20 23 0
-5.16367 -4.56617 30 24 1
-0.5025 -8.16919 10 15 0
-0.509445 -8.23614 20 22 0
-0.5175 -8.31147 30 31 1
4.35669 -3.19818 -1.13687e-13 5 0
4.39588 -3.2275 10 13 0
4.42902 -3.2552 20 21 0
4.47002 -3.2875 30 29 1
4.18207 -4.3706 -1.13687e-13 5 0
4.21617 -4.41062 10 14 0
4.25215 -4.44834 20 21 0
4.28617 -4.48769 30 30 1
-4.20463 -2.71617 10 8 0
-4.23698 -2.73585 20 23 0
-4.28291 -2.76617 30 24 1
5.31842 -4.59234 -2.27374e-13 5 0
5.36247 -4.6325 10 13 0
5.41193 -4.67437 20 21 0
5.46161 -4.7175 30 29 1
4.35093 1.80889 -2.27374e-13 3 0
4.39443 1.83117 10 12 0
4.43203 1.84789 20 19 0
4.46686 1.86117 30 28 1
-7.00797 -1.4118 -1.13687e-13 0 0
-7.07949 -1.42617 10 8 0
-7.13863 -1.43886 20 16 0
-7.20348 -1.45117 30 24 1
2.0645 4.5203 -2.27374e-13 3 0
2.0775 4.5611 10 11 0
2.09314 4.60253 20 19 0
2.1125 4.6456 30 27 1
4.10545 6.28573 -1.13687e-13 3 0
4.1375 6.33825 10 11 0
4.17488 6.40108 20 19 0
4.2075 6.45775 30 27 1
0.0344572 -5.87779 -1.13687e-13 6 0
0.0311686 -5.93197 10 14 0
0.0290453 -5.98232 20 22 0
0.0261686 -6.03304 30 30 1
1.0317 5.85166 1.13687e-13 2 0
1.0375 5.90405 10 11 0
1.04794 5.95619 20 18 0
1.0525 6.01097 30 27 1
-1.32665 -5.45316 0 6 0
-1.3425 -5.50194 10 15 0
-1.35642 -5.55115 20 22 0
-1.3725 -5.60265 30 31 1
-6.77279 1.08311 1.13687e-13 0 0
-6.83586 1.0925 10 9 0
-6.90345 1.09935 20 16 0
-6.969 1.1125 30 25 1
-8.34066 -1.74193 0 0 0
-8.41858 -1.76117 10 8 0
-8.49745 -1.7744 20 16 0
-8.57586 -1.79117 30 24 1
-6.18233 -6.04737 0 7 0
-6.23905 -6.10117 10 8 0
-6.29973 -6.16094 20 23 0
-6.35405 -6.21617 30 24 1
-6.79655 -4.78644 0 7 0
-6.8641 -4.83117 10 8 0
-6.92655 -4.87817 20 23 0
-6.98946 -4.92117 30 24 1
-0.493209 -7.13863 -1.13687e-13 6 0
-0.4975 -7.19545 10 15 0
-0.506739 -7.26275 20 22 0
-0.5125 -7.33066 30 31 1
-8.21001 2.01938 -1.13687e-13 0 0
-8.28998 2.0375 10 9 0
-8.37333 2.05456 20 16 0
-8.44518 2.0725 30 25 1
-2.28891 4.04644 -1.13687e-13 1 0
-2.31117 4.08247 10 10 0
-2.33557 4.11989 20 17 0
-2.35617 4.15576 30 26 1
-5.14465 2.3075 10 9 0
-5.1916 2.32632 20 17 0
-5.24122 2.3475 30 25 1
-2.1775 -5.64398 10 15 0
-2.20068 -5.69488 20 22 0
-2.2225 -5.74554 30 31 1
7.0341 0.172462 2.27374e-13 4 0
7.10228 0.176169 10 12 0
7.15823 0.175168 20 20 0
7.22249 0.176169 30 28 1
-3.0825 -3.62155 10 15 0
-3.11089 -3.64945 20 23 0
-3.1375 -3.68362 30 31 1
-2.33914 4.93858 2.27374e-13 1 0
-2.36117 4.981 10 10 0
-2.38085 5.02621 20 17 0
-2.40617 5.0755 30 26 1
-4.51407 6.19124 -2.27374e-13 1 0
-4.56117 6.24762 10 10 0
-4.60421 6.30435 20 17 0
-4.64617 6.3609 30 26 1
-0.485091 -5.0024 0 6 0
-0.4925 -5.04792 10 15 0
-0.501327 -5.09386 20 22 0
-0.5075 -5.1407 30 31 1
1.9234 4.31033 0 3 0
1.9375 4.35039 10 11 0
1.94934 4.38601 20 19 0
1.9675 4.42988 30 27 1
2.16681 4.2055 0 3 0
2.1825 4.24183 10 11 0
2.19658 4.27736 20 19 0
2.2175 4.31926 30 27 1
7.28235 -1.81914 2.27374e-13 4 0
7.34751 -1.8375 10 13 0
7.40647 -1.85432 20 20 0
7.46944 -1.8675 30 29 1
-1.16617 7.73873 10 10 0
-1.18179 7.81151 20 18 0
-1.19117 7.87686 30 26 1
7.69392 1.66346 2.27374e-13 4 0
7.75875 1.68117 10 12 0
7.82457 1.69593 20 20 0
7.89482 1.71117 30 28 1
-2.39281 -7.26928 0 6 0
-2.4175 -7.33354 10 15 0
-2.44151 -7.39994 20 22 0
-2.4625 -7.4634 30 31 1
-4.06132 3.1475 10 9 0
-4.10331 3.1744 20 17 0
-4.13753 3.2025 30 25 1
4.01417 5.26836 -2.27374e-13 3 0
4.0475 5.31487 10 11 0
4.08584 5.36299 20 19 0
4.1175 5.40609 30 27 1
0.06837 5.55115 0 2 0
0.0675 5.6058 10 11 0
0.0656641 5.64915 20 18 0
0.0625 5.69979 30 27 1
-2.6225 -5.84149 10 15 0
-2.64964 -5.89378 20 23 0
-2.6725 -5.94806 30 31 1
5.33612 -3.95565 -2.27374e-13 5 0
5.38715 -3.9925 10 13 0
5.43075 -4.02732 20 21 0
5.4713 -4.0625 30 29 1
-1.48901 -8.69344 0 6 0
-1.5025 -8.77321 10 15 0
-1.51878 -8.85676 20 22 0
-1.5325 -8.93049 30 31 1
-0.558152 -7.06023 -1.13687e-13 6 0
-0.5675 -7.12403 10 15 0
-0.571682 -7.18436 20 22 0
-0.5825 -7.25217 30 31 1
8.08589 -1.82185 0 4 0
8.16069 -1.8375 10 13 0
8.22961 -1.85432 20 20 0
8.30175 -1.8725 30 29 1
-0.911169 8.2969 10 10 0
-0.919313 8.3668 20 18 0
-0.931169 8.44418 30 26 1
-2.7875 -6.18327 10 15 0
-2.81649 -6.24431 20 23 0
-2.8425 -6.29483 30 31 1
0.218464 -7.94216 0 6 0
0.221169 -8.01702 10 14 0
0.218464 -8.08589 20 22 0
0.221169 -8.15844 30 30 1
0.115637 -8.75223 0 6 0
0.116169 -8.83126 10 14 0
0.115637 -8.90902 20 22 1
-5.68181 0.701569 1.13687e-13 0 0
-5.73668 0.7075 10 9 0
-5.79287 0.715099 20 16 0
-5.84361 0.7225 30 25 1
-7.11817 3.698 -2.27374e-13 1 0
-7.18483 3.7325 10 9 0
-7.24771 3.76248 20 17 0
-7.31347 3.7975 30 25 1
5.70141 1.47674 1.13687e-13 4 0
5.75149 1.49117 10 12 0
5.80593 1.5038 20 20 0
5.8522 1.52117 30 28 1
6.83158 0.797544 1.13687e-13 4 0
6.89082 0.806169 10 12 0
6.94918 0.81378 20 20 0
7.01189 0.821169 30 28 1
-5.3617 -2.02335 0 0 0
-5.4176 -2.04117 10 8 0
-5.46623 -2.06124 20 16 0
-5.51624 -2.07617 30 24 1
0.0142504 6.85772 -1.13687e-13 2 0
0.0125 6.92259 10 11 0
0.0115444 6.98184 20 18 0
0.0075 7.04487 30 27 1
5.4979 3.41508 -1.13687e-13 3 0
5.54274 3.44617 10 12 0
5.59635 3.48292 20 19 0
5.6431 3.51117 30 28 1
-6.80545 0.268613 2.27374e-13 0 0
-6.87146 0.2725 10 9 0
-6.93611 0.274025 20 16 0
-6.99874 0.2725 30 25 1
-5.36589 -3.81501 2.27374e-13 7 0
-5.41741 -3.85117 10 8 0
-5.47088 -3.88556 20 23 1
6.03064 3.1595 1.13687e-13 3 0
6.08677 3.19117 10 12 0
6.13675 3.21969 20 19 0
6.1842 3.24617 30 28 1
-4.80119 -0.371169 10 8 0
-4.84561 -0.375411 20 16 0
-4.89605 -0.381169 30 24 1
-6.92304 1.47007 1.13687e-13 0 0
-6.98544 1.4825 10 9 0
-7.0537 1.49713 20 16 0
-7.11444 1.5125 30 25 1
-0.583771 5.3225 0 2 0
-0.591169 5.36767 10 10 0
-0.602713 5.4205 20 18 0
-0.611169 5.46546 30 26 1
-1.20759 -6.13257 -1.13687e-13 6 0
-1.2225 -6.18804 10 15 0
-1.23465 -6.2371 20 22 0
-1.2475 -6.29789 30 31 1
3.09763 -7.78538 -2.27374e-13 6 0
3.12117 -7.85525 10 14 0
3.14633 -7.9291 20 22 0
3.17117 -7.99717 30 30 1
-2.19798 -8.39293 0 6 0
-2.2175 -8.46291 10 15 0
-2.24127 -8.53665 20 22 0
-2.2625 -8.61397 30 31 1
4.64022 -2.24946 -3.41061e-13 5 0
4.68539 -2.2725 10 13 0
4.72402 -2.295 20 21 0
4.76074 -2.3125 30 29 1
-3.08117 4.0888 10 10 0
-3.11011 4.12141 20 17 0
-3.14117 4.16294 30 26 1
-5.4625 -6.71573 10 15 0
-5.51627 -6.77811 20 23 0
-5.5675 -6.84194 30 31 1
-5.99538 -2.21007 0 0 0
-6.05308 -2.23117 10 8 0
-6.10644 -2.25066 20 16 0
-6.17086 -2.27117 30 24 1
6.09338 0.697422 2.27374e-13 4 0
6.14736 0.706169 10 12 0
6.20443 0.710952 20 20 0
6.25428 0.721169 30 28 1
5.30589 -3.85654 -1.13687e-13 5 0
5.35079 -3.8925 10 13 0
5.40052 -3.92821 20 21 0
5.44201 -3.9625 30 29 1
1.88076 4.16819 -2.27374e-13 3 0
1.8975 4.20432 10 11 0
1.91323 4.24658 20 19 0
1.9225 4.27882 30 27 1
-3.4675 -3.57522 10 15 0
-3.49802 -3.60415 20 23 0
-3.5325 -3.64022 30 31 1
7.57633 -0.0413102 1.13687e-13 4 0
7.63848 -0.0425 10 13 0
7.70698 -0.0413102 20 20 0
7.77283 -0.0425 30 29 1
-4.51056 4.61491 -1.13687e-13 1 0
-4.55117 4.6537 10 10 0
-4.59371 4.69806 20 17 0
-4.64117 4.7437 30 26 1
4.02851 -5.78987 0 5 0
4.06117 -5.83954 10 14 0
4.09906 -5.89486 20 21 0
4.13117 -5.9449 30 30 1
-3.3625 -4.87029 10 15 0
-3.39058 -4.91264 20 23 0
-3.4275 -4.96357 30 31 1
3.94873 7.67122 -1.13687e-13 3 0
3.9825 7.73889 10 11 0
4.01862 7.81382 20 19 0
4.0475 7.8746 30 27 1
-0.726169 8.26746 10 10 0
-0.735306 8.34066 20 18 0
-0.746169 8.42181 30 26 1
-3.3125 -3.78791 10 15 0
-3.34205 -3.81556 20 23 0
-3.3775 -3.85291 30 31 1
-6.43114 3.04541 0 1 0
-6.48948 3.0725 10 9 0
-6.55143 3.10065 20 17 0
-6.60812 3.1275 30 25 1
5.04159 -0.92346 1.13687e-13 4 0
5.08694 -0.9275 10 13 0
5.12652 -0.93699 20 20 0
5.17265 -0.9425 30 29 1
-7.15823 -1.89076 1.13687e-13 0 0
-7.22008 -1.90617 10 8 0
-7.29541 -1.92594 20 16 0
-7.35907 -1.94617 30 24 1
5.83611 -2.61493 0 5 0
5.88477 -2.6375 10 13 0
5.9341 -2.65552 20 21 0
5.98634 -2.6825 30 29 1
-6.08272 -6.36871 0 7 0
-6.1425 -6.427 10 15 0
-6.20283 -6.48882 20 23 0
-6.2625 -6.547 30 31 1
5.87779 1.68511 1.13687e-13 4 0
5.92613 1.70117 10 12 0
5.98232 1.71758 20 20 0
6.03184 1.73617 30 28 1
4.81137 3.32554 -1.13687e-13 3 0
4.8467 3.35117 10 12 0
4.89023 3.38527 20 19 0
4.93291 3.41617 30 28 1
8.17081 0.204934 0 4 0
8.24244 0.206169 10 12 0
8.31453 0.210346 20 20 0
8.38886 0.211169 30 28 1
-6.06071 2.10868 1.13687e-13 0 0
-6.11724 2.1275 10 9 0
-6.1783 2.14656 20 16 0
-6.23002 2.1625 30 25 1
-6.28485 -3.45962 0 7 0
-6.34434 -3.49117 10 8 0
-6.40402 -3.52522 20 23 0
-6.46591 -3.55617 30 24 1
-5.96925 1.7569 1.13687e-13 0 0
-6.03094 1.7725 10 9 0
-6.08684 1.78937 20 16 0
-6.13872 1.8025 30 25 1
3.94784 -6.15694 -1.13687e-13 5 0
3.98117 -6.21209 10 14 0
4.01073 -6.26959 20 21 0
4.04617 -6.32659 30 30 1
4.87125 5.92644 0 3 0
4.9175 5.98688 10 11 0
4.95487 6.03684 20 19 0
4.9975 6.0881 30 27 1
-5.4879 -4.57992 -1.13687e-13 7 0
-5.54187 -4.62617 10 8 0
-5.58794 -4.66466 20 23 0
-5.64309 -4.70617 30 24 1
-8.3276 -0.897665 0 0 0
-8.41211 -0.906169 10 8 0
-8.48439 -0.913901 20 16 0
-8.56146 -0.921169 30 24 1
-6.47228 -2.26689 0 0 0
-6.53734 -2.29117 10 8 0
-6.58987 -2.31019 20 16 0
-6.65513 -2.33117 30 24 1
-2.8875 -4.50136 10 15 0
-2.91855 -4.54394 20 23 0
-2.9475 -4.58257 30 31 1
-0.210346 7.23009 -1.13687e-13 2 0
-0.216169 7.29784 10 10 0
-0.22117 7.36074 20 18 0
-0.226169 7.42805 30 26 1
6.44615 1.97465 1.13687e-13 4 0
6.49897 1.99117 10 12 0
6.55721 2.00982 20 20 0
6.60968 2.03117 30 28 1
0.843545 -6.64213 0 6 0
0.846169 -6.70455 10 14 0
0.851663 -6.76626 20 22 0
0.856169 -6.82061 30 30 1
-5.29212 -5.34851 0 7 0
-5.3425 -5.40072 10 15 0
-5.39105 -5.4436 20 23 0
-5.4425 -5.49365 30 31 1
-3.3075 -3.83948 10 15 0
-3.33915 -3.87389 20 23 0
-3.3725 -3.91155 30 31 1
4.0505 1.84139 -1.13687e-13 3 0
4.08002 1.85617 10 12 0
4.11853 1.87499 20 19 0
4.15037 1.89117 30 28 1
5.17679 6.19371 0 3 0
5.2225 6.24946 10 11 0
5.26694 6.30682 20 19 0
5.3125 6.36067 30 27 1
-7.40934 -3.82258 0 7 0
-7.48509 -3.86117 10 8 0
-7.55194 -3.89247 20 23 0
-7.6258 -3.93117 30 24 1
-2.9709 3.64162 -2.27374e-13 1 0
-3.00117 3.67646 10 10 0
-3.03175 3.71011 20 17 0
-3.06117 3.74353 30 26 1
-1.67031 -8.47785 0 6 0
-1.6875 -8.56223 10 15 0
-1.70549 -8.64117 20 22 0
-1.7225 -8.71037 30 31 1
-4.98271 -4.54926 -1.13687e-13 7 0
-5.02811 -4.58617 10 8 0
-5.07622 -4.63129 20 23 0
-5.12725 -4.67117 30 24 1
-5.16347 1.6475 10 9 0
-5.21145 1.6649 20 16 0
-5.25711 1.6775 30 25 1
7.77884 1.21697 0 4 0
7.85322 1.23117 10 12 0
7.91603 1.24132 20 20 1
-6.39984 -3.27995 0 7 0
-6.46133 -3.31117 10 8 0
-6.52285 -3.34173 20 23 0
-6.5779 -3.37117 30 24 1
-6.63371 4.57972 0 1 0
-6.69598 4.6225 10 9 0
-6.76101 4.66492 20 17 0
-6.8234 4.7075 30 25 1
-3.24617 4.84069 10 10 0
-3.28279 4.89108 20 17 0
-3.31117 4.93398 30 26 1
1.59454 5.11999 1.13687e-13 2 0
1.6075 5.17297 10 11 0
1.6189 5.21798 20 18 0
1.6325 5.26161 30 27 1
1.0952 -6.00845 -1.13687e-13 6 0
1.10617 -6.06652 10 14 0
1.11414 -6.11951 20 22 0
1.12117 -6.17345 30 30 1
6.1067 -3.26821 -1.13687e-13 5 0
6.16294 -3.2975 10 13 0
6.21281 -3.3284 20 21 0
6.26536 -3.3575 30 29 1
4.88242 3.07896 -1.13687e-13 3 0
4.92697 3.10617 10 12 0
4.9651 3.13486 20 19 0
5.00318 3.16117 30 28 1
-6.51148 2.39281 0 0 0
-6.57194 2.4125 10 9 0
-6.64213 2.4361 20 16 0
-6.69472 2.4575 30 25 1
-7.29249 5.02037 1.13687e-13 1 0
-7.36018 5.0675 10 9 0
-7.43555 5.11751 20 17 0
-7.49968 5.1575 30 25 1
-1.9975 -6.25594 10 15 0
-2.01668 -6.30896 20 22 0
-2.0375 -6.36665 30 31 1
7.38034 -2.90424 0 4 0
7.44757 -2.9275 10 13 0
7.51753 -2.95565 20 20 0
7.58035 -2.9825 30 29 1
6.286 3.07044 0 3 0
6.33618 3.10117 10 12 0
6.39211 3.13063 20 19 0
6.45068 3.16617 30 28 1
5.3225 -0.200963 2.27374e-13 4 0
5.36603 -0.2025 10 13 0
5.41396 -0.206375 20 20 1
-1.167 -8.71304 0 6 0
-1.1825 -8.79262 10 15 0
-1.19406 -8.86982 20 22 0
-1.2075 -8.9449 30 31 1
0.445766 -6.20443 -1.13687e-13 6 0
0.451169 -6.26005 10 14 0
0.451178 -6.30896 20 22 0
0.456169 -6.37112 30 30 1
-4.99078 -6.24114 -1.13687e-13 7 0
-5.0375 -6.2978 10 15 0
-5.08746 -6.35695 20 23 0
-5.1325 -6.41402 30 31 1
-3.91459 -3.12617 10 8 0
-3.95612 -3.15529 20 23 0
-3.99081 -3.18117 30 24 1
-3.82617 4.96815 10 10 0
-3.86348 5.01255 20 17 0
-3.90117 5.05729 30 26 1
1.08041 5.18532 0 2 0
1.0875 5.22573 10 11 0
1.09394 5.27024 20 18 0
1.1025 5.32558 30 27 1
-0.942402 -8.31453 -1.13687e-13 6 0
-0.9525 -8.38585 10 15 0
-0.96405 -8.45826 20 22 0
-0.9775 -8.53812 30 31 1
-3.46617 5.8668 10 10 0
-3.50268 5.91843 20 17 0
-3.53617 5.97215 30 26 1
7.95523 -1.68113 2.27374e-13 4 0
8.02776 -1.6975 10 13 0
8.09895 -1.70819 20 20 0
8.1659 -1.7225 30 29 1
7.70698 3.15175 0 4 0
7.7809 3.18117 10 12 0
7.84417 3.20857 20 20 0
7.91368 3.23617 30 28 1
-7.52935 3.9982 -1.13687e-13 1 0
-7.60297 4.0375 10 9 0
-7.67466 4.07463 20 17 0
-7.74368 4.1075 30 25 1
-4.97138 0.9675 10 9 0
-5.022 0.974873 20 16 0
-5.06416 0.9825 30 25 1
-4.41844 -3.44617 10 8 0
-4.461 -3.47266 20 23 0
-4.50672 -3.50617 30 24 1
-1.8075 -6.29928 10 15 0
-1.82455 -6.35469 20 22 0
-1.8425 -6.40499 30 31 1
3.05475 -4.22296 -1.13687e-13 5 0
3.08117 -4.26557 10 14 0
3.10412 -4.30294 20 21 0
3.13117 -4.34386 30 30 1
-0.237406 5.3617 0 2 0
-0.241169 5.41365 10 10 0
-0.245524 5.45969 20 18 0
-0.251169 5.50851 30 26 1
5.32671 4.7134 -1.13687e-13 3 0
5.37489 4.75617 10 12 0
5.41639 4.79925 20 19 0
5.45989 4.84117 30 28 1
-7.62116 -3.15805 0 7 0
-7.6869 -3.18617 10 8 0
-7.76488 -3.21758 20 23 0
-7.83176 -3.24617 30 24 1
7.28888 -1.26983 1.13687e-13 4 0
7.35113 -1.2825 10 13 0
7.41954 -1.29147 20 20 0
7.47719 -1.3025 30 29 1
-1.57117 7.76189 10 10 0
-1.5904 7.83111 20 18 0
-1.60617 7.90295 30 26 1
-7.22015 4.04872 1.13687e-13 1 0
-7.28735 4.0825 10 9 0
-7.35239 4.11973 20 17 0
-7.42099 4.1525 30 25 1
-4.25588 5.58098 -2.27374e-13 1 0
-4.29617 5.62907 10 10 0
-4.33408 5.67832 20 17 0
-4.37617 5.73028 30 26 1
3.91841 4.29242 0 3 0
3.9525 4.32892 10 11 0
3.98849 4.37016 20 19 0
4.0225 4.41306 30 27 1
-6.27054 3.89892 0 1 0
-6.33124 3.9325 10 9 0
-6.39242 3.97105 20 17 0
-6.45074 4.0025 30 25 1
-3.84981 6.49518 1.13687e-13 1 0
-3.88617 6.5555 10 10 0
-3.92577 6.61323 20 17 0
-3.96117 6.67292 30 26 1
5.22139 -4.22743 0 5 0
5.26117 -4.2625 10 13 0
5.30566 -4.30022 20 21 0
5.35032 -4.3375 30 29 1
-5.49236 1.09935 1.13687e-13 0 0
-5.54978 1.1075 10 9 0
-5.60342 1.11829 20 16 0
-5.65464 1.1275 30 25 1
4.66167 -2.36659 0 5 0
4.70139 -2.3875 10 13 0
4.74277 -2.4056 20 21 0
4.78382 -2.4275 30 29 1
6.40369 0.531169 10 12 0
6.45921 0.535064 20 20 0
6.51476 0.536169 30 28 1
-7.42607 -2.88927 1.13687e-13 0 0
-7.49469 -2.91617 10 8 0
-7.56326 -2.94068 20 16 0
-7.62954 -2.96617 30 24 1
3.90457 6.75454 1.13687e-13 3 0
3.9425 6.81501 10 11 0
3.97017 6.87372 20 19 0
4.0075 6.93657 30 27 1
-8.16428 -0.662245 0 0 0
-8.24282 -0.666169 10 8 0
-8.32107 -0.673069 20 16 0
-8.39924 -0.681169 30 24 1
1.02214 -5.8582 -1.13687e-13 6 0
1.03117 -5.91374 10 14 0
1.03567 -5.95619 20 22 0
1.04117 -6.01567 30 30 1
7.43914 2.0017 1.13687e-13 4 0
7.50478 2.02117 10 12 0
7.56979 2.03959 20 20 0
7.63171 2.05617 30 28 1
-4.18146 -3.50617 10 8 0
-4.22861 -3.53876 20 23 0
-4.26767 -3.57117 30 24 1
6.06992 -4.45984 0 5 0
6.1255 -4.4975 10 13 0
6.17762 -4.53692 20 21 0
6.22671 -4.5775 30 29 1
3.40141 2.73069 -1.13687e-13 3 0
3.42438 2.75617 10 12 0
3.45413 2.77959 20 19 0
3.48146 2.80617 30 28 1
4.70997 2.78023 -2.27374e-13 3 0
4.74718 2.80617 10 12 0
4.78995 2.82959 20 19 0
4.82546 2.85617 30 28 1
3.73243 -7.29623 0 5 0
3.76117 -7.36388 10 14 0
3.79038 -7.42306 20 21 0
3.82117 -7.48752 30 30 1
-8.94168 0.969462 1.13687e-13 0 0
-9.02603 0.9775 10 9 0
-9.11154 0.985697 20 16 0
-9.19659 0.9925 30 25 1
-2.24254 7.32808 0 2 0
-2.26617 7.39623 10 10 0
-2.28854 7.46527 20 18 0
-2.31117 7.53315 30 26 1
4.9436 -0.0656641 1.13687e-13 4 0
4.99062 -0.0675 10 13 0
5.02853 -0.06837 20 20 0
5.07547 -0.0675 30 29 1
-1.47819 -4.70842 -1.13687e-13 6 0
-1.4925 -4.75391 10 15 0
-1.51066 -4.79988 20 22 0
-1.5275 -4.84548 30 31 1
-5.99431 4.59089 -1.13687e-13 1 0
-6.04837 4.6325 10 9 0
-6.10472 4.6745 20 17 0
-6.15665 4.7125 30 25 1
8.09895 1.4578 0 4 0
8.16393 1.47117 10 12 0
8.24267 1.48486 20 20 0
8.30707 1.50117 30 28 1
2.6426 -3.33244 -1.13687e-13 5 0
2.66617 -3.36267 10 14 0
2.69037 -3.39553 20 21 0
2.71117 -3.42181 30 30 1
7.71351 2.137 0 4 0
7.7862 2.16117 10 12 0
7.8507 2.17759 20 20 0
7.91813 2.20117 30 28 1
5.85138 -2.97845 0 5 0
5.89622 -3.0025 10 13 0
5.95479 -3.0321 20 21 0
6.00072 -3.0575 30 29 1
1.16159 5.66874 -1.13687e-13 2 0
1.1675 5.72292 10 11 0
1.17782 5.77327 20 18 0
1.1825 5.82277 30 27 1
-5.37481 -0.386169 10 8 0
-5.43356 -0.391647 20 16 0
-5.4838 -0.396169 30 24 1
-7.00797 0.487797 0 0 0
-7.07732 0.4925 10 9 0
-7.14516 0.495915 20 16 0
-7.2146 0.5025 30 25 1
-0.233435 -5.7798 0 6 0
-0.2375 -5.8253 10 15 0
-0.244259 -5.88433 20 22 0
-0.2475 -5.93429 30 31 1
4.07058 -3.91852 -2.27374e-13 5 0
4.10765 -3.9575 10 13 0
4.13795 -3.98973 20 21 0
4.17265 -4.0225 30 29 1
-3.97617 4.37568 10 10 0
-4.01948 4.42232 20 17 0
-4.05617 4.46276 30 26 1
4.04581 -2.1602 -2.27374e-13 5 0
4.0792 -2.1825 10 13 0
4.11655 -2.20033 20 21 0
4.15455 -2.2225 30 29 1
7.17213 -3.5147 -1.13687e-13 5 0
7.24025 -3.5475 10 13 0
7.30167 -3.57917 20 21 0
7.36182 -3.6125 30 29 1
1.03026 -4.45364 -1.13687e-13 6 0
1.03617 -4.49746 10 14 0
1.04108 -4.53203 20 22 0
1.05117 -4.5761 30 30 1
0.226582 -7.98789 0 6 0
0.226169 -8.06445 10 14 0
0.226582 -8.13161 20 22 1
5.97302 -4.78772 0 5 0
6.02209 -4.8325 10 13 0
6.07306 -4.87245 20 21 0
6.12831 -4.9175 30 29 1
4.38269 -4.7243 -1.13687e-13 5 0
4.42117 -4.76412 10 14 0
4.46201 -4.81128 20 21 0
4.49617 -4.85326 30 30 1
-7.40457 -2.04117 10 8 0
-7.4718 -2.05853 20 16 0
-7.53857 -2.07617 30 24 1
-6.26976 0.614978 1.13687e-13 0 0
-6.32343 0.6225 10 9 0
-6.38082 0.628508 20 16 0
-6.4395 0.6325 30 25 1
-6.59014 -3.25595 -2.27374e-13 7 0
-6.64846 -3.28617 10 8 0
-6.71315 -3.31773 20 23 0
-6.7721 -3.34617 30 24 1
7.8703 -2.14927 0 4 0
7.93914 -2.1675 10 13 0
8.00749 -2.18445 20 20 0
8.07314 -2.2025 30 29 1
-6.32856 -0.886841 -1.13687e-13 0 0
-6.38685 -0.896169 10 8 0
-6.44615 -0.903077 20 16 0
-6.50085 -0.911169 30 24 1
5.18532 2.04229 0 4 0
5.23254 2.06117 10 12 0
5.27024 2.07747 20 20 0
5.31704 2.09617 30 28 1
-6.08488 -3.06831 -1.13687e-13 7 0
-6.14026 -3.09617 10 8 0
-6.20134 -3.12738 20 23 0
-6.2589 -3.15117 30 24 1
5.21351 -4.67878 -1.13687e-13 5 0
5.26155 -4.7225 10 13 0
5.30973 -4.76734 20 21 0
5.35362 -4.8075 30 29 1
-4.48536 1.5775 10 9 0
-4.53203 1.58913 20 16 0
-4.56693 1.6025 30 25 1
-1.7575 -7.30994 10 15 0
-1.77584 -7.37381 20 22 0
-1.7925 -7.44394 30 31 1
6.89038 2.24524 2.27374e-13 4 0
6.95782 2.26617 10 12 0
7.02104 2.28854 20 20 0
7.0806 2.31117 30 28 1
-0.888282 -4.91747 -1.13687e-13 6 0
-0.8975 -4.96502 10 15 0
-0.90993 -5.00893 20 22 0
-0.9175 -5.05573 30 31 1
3.96128 7.11357 -1.13687e-13 3 0
3.9925 7.17613 10 11 0
4.02305 7.23658 20 19 0
4.0575 7.30477 30 27 1
-2.7725 -4.16715 10 15 0
-2.80126 -4.20852 20 23 0
-2.8275 -4.24337 30 31 1
-6.6748 1.84349 0 0 0
-6.73819 1.8575 10 9 0
-6.80545 1.87596 20 16 0
-6.86511 1.8925 30 25 1
-1.90117 6.9888 10 10 0
-1.92053 7.04717 20 18 0
-1.94117 7.11365 30 26 1
6.44615 0.816486 2.27374e-13 4 0
6.4957 0.821169 10 12 0
6.55721 0.830015 20 20 0
6.6097 0.836169 30 28 1
0.284848 5.57728 -2.27374e-13 2 0
0.2875 5.63488 10 11 0
0.284848 5.68181 20 18 0
0.2875 5.73387 30 27 1
-1.0475 -7.82324 10 15 0
-1.05876 -7.8899 20 22 0
-1.0725 -7.96844 30 31 1
2.49419 -6.14564 -1.13687e-13 6 0
2.51617 -6.19666 10 14 0
2.53478 -6.2567 20 22 0
2.55617 -6.30737 30 30 1
2.38469 7.21049 0 2 0
2.4075 7.28112 10 11 0
2.42257 7.34114 20 18 0
2.4475 7.41304 30 27 1
-7.56979 1.40783 -1.13687e-13 0 0
-7.63962 1.4225 10 9 0
-7.70698 1.43218 20 16 0
-7.77983 1.4425 30 25 1
-2.78536 3.7163 0 1 0
-2.81617 3.75309 10 10 0
-2.84237 3.78862 20 17 0
-2.87117 3.82223 30 26 1
-5.4009 1.19135 0 0 0
-5.45386 1.2025 10 9 0
-5.49889 1.21029 20 16 0
-5.55872 1.2225 30 25 1
1.99088 -5.19185 -1.13687e-13 6 0
2.00617 -5.23411 10 14 0
2.02335 -5.28331 20 22 0
2.03617 -5.32775 30 30 1
4.45955 1.94047 -1.13687e-13 3 0
4.49822 1.95617 10 12 0
4.53794 1.97295 20 19 0
4.57564 1.99117 30 28 1
-1.49298 5.24411 -2.27374e-13 2 0
-1.51117 5.29773 10 10 0
-1.52816 5.3421 20 18 0
-1.54617 5.38929 30 26 1
5.28984 -1.72443 2.27374e-13 4 0
5.33626 -1.7425 10 13 0
5.3813 -1.7569 20 20 0
5.42282 -1.7725 30 29 1
4.46671 2.28439 0 3 0
4.50881 2.30617 10 12 0
4.54398 2.32722 20 19 0
4.57709 2.34617 30 28 1
-7.38253 -5.14281 -1.13687e-13 7 0
-7.45037 -5.19117 10 8 0
-7.5256 -5.23996 20 23 1
-5.16194 6.44877 -1.13687e-13 1 0
-5.21617 6.51371 10 10 0
-5.26515 6.56729 20 17 0
-5.31117 6.63699 30 26 1
-6.67353 -3.81004 0 7 0
-6.7347 -3.84617 10 8 0
-6.79271 -3.87564 20 23 0
-6.86127 -3.91617 30 24 1
1.34145 -4.9436 -1.13687e-13 6 0
1.35117 -4.98923 10 14 0
1.36039 -5.02853 20 22 0
1.37117 -5.07994 30 30 1
-6.36775 1.38618 0 0 0
-6.42668 1.3975 10 9 0
-6.49841 1.41324 20 16 0
-6.55568 1.4275 30 25 1
5.74098 -2.89483 -1.13687e-13 5 0
5.79001 -2.9175 10 13 0
5.83785 -2.94578 20 21 0
5.88243 -2.9675 30 29 1
2.29936 -6.89038 -2.27374e-13 6 0
2.31617 -6.95125 10 14 0
2.33725 -7.02104 20 22 0
2.35617 -7.08318 30 30 1
5.07323 3.61802 -1.13687e-13 3 0
5.12341 3.65617 10 12 0
5.16133 3.68698 20 19 0
5.20963 3.72117 30 28 1
-5.8582 2.12221 1.13687e-13 0 0
-5.9201 2.1425 10 9 0
-5.97579 2.16009 20 16 0
-6.03081 2.1825 30 25 1
-4.16391 -6.97562 2.27374e-13 7 0
-4.2025 -7.03965 10 15 0
-4.23875 -7.10403 20 23 0
-4.2825 -7.17622 30 31 1
-4.63746 -5.91078 -1.13687e-13 7 0
-4.6825 -5.96402 10 15 0
-4.7249 -6.01735 20 23 0
-4.7725 -6.07523 30 31 1
5.89384 -1.1475 10 13 0
5.94312 -1.15617 20 20 0
5.99162 -1.1675 30 29 1
2.78807 3.51033 -1.13687e-13 3 0
2.8125 3.54247 10 11 0
2.83585 3.57341 20 19 0
2.8575 3.60869 30 27 1
0.15352 -5.82553 -1.13687e-13 6 0
0.151169 -5.8752 10 14 0
0.150814 -5.92352 20 22 0
0.151169 -5.98126 30 30 1
6.54678 3.90907 0 3 0
6.60843 3.94617 10 12 0
6.66213 3.9785 20 19 0
6.72085 4.01617 30 28 1
-5.39437 -2.13971 1.13687e-13 0 0
-5.45275 -2.16117 10 8 0
-5.50542 -2.1803 20 16 0
-5.55139 -2.19617 30 24 1
-2.9175 -4.50307 10 15 0
-2.9458 -4.5444 20 23 0
-2.9775 -4.59136 30 31 1
3.63575 -7.18042 0 5 0
3.66617 -7.24766 10 14 0
3.70023 -7.30995 20 21 0
3.73117 -7.3763 30 30 1
-1.13994 -5.8386 -1.13687e-13 6 0
-1.1525 -5.89177 10 15 0
-1.167 -5.94312 20 22 0
-1.1775 -5.99455 30 31 1
-5.38588 -3.17617 10 8 0
-5.43856 -3.20649 20 23 0
-5.4833 -3.23117 30 24 1
-0.0475 -8.46372 10 15 0
-0.0494282 -8.53665 20 22 0
-0.0525 -8.61014 30 31 1
3.19615 5.22718 0 3 0
3.2225 5.26769 10 11 0
3.25092 5.32022 20 19 0
3.2825 5.37012 30 27 1
4.85331 2.96949 -1.13687e-13 3 0
4.89975 3.00117 10 12 0
4.94253 3.02809 20 19 0
4.98303 3.05617 30 28 1
0.360616 8.67384 -2.27374e-13 2 0
0.3625 8.75044 10 11 0
0.363322 8.82409 20 18 0
0.3625 8.906 30 27 1
-7.41301 2.2088 1.13687e-13 0 0
-7.48296 2.2275 10 9 0
-7.55673 2.24668 20 16 0
-7.62195 2.2675 30 25 1
-1.47819 -4.63003 -1.13687e-13 6 0
-1.4925 -4.66906 10 15 0
-1.50795 -4.71495 20 22 0
-1.5275 -4.76063 30 31 1
-2.3075 -5.29314 10 15 0
-2.32752 -5.33822 20 23 0
-2.3525 -5.38764 30 31 1
-6.36122 0.95052 -1.13687e-13 0 0
-6.41095 0.9575 10 9 0
-6.47881 0.966756 20 16 0
-6.53201 0.9725 30 25 1
2.53968 4.00817 -2.27374e-13 3 0
2.5575 4.03701 10 11 0
2.57981 4.07891 20 19 0
2.6025 4.11029 30 27 1
7.60899 -1.41324 1.13687e-13 4 0
7.67291 -1.4275 10 13 0
7.73965 -1.4403 20 20 0
7.80397 -1.4525 30 29 1
1.54854 4.66922 0 2 0
1.5575 4.70578 10 11 0
1.57019 4.74762 20 18 0
1.5825 4.79442 30 27 1
5.70035 -5.38374 0 5 0
5.74735 -5.4275 10 13 0
5.79927 -5.47884 20 21 0
5.84735 -5.5275 30 29 1
5.18741 3.162 -2.27374e-13 3 0
5.23117 3.19117 10 12 0
5.28316 3.22331 20 19 0
5.32653 3.25117 30 28 1
-1.65534 5.30944 -1.13687e-13 2 0
-1.67117 5.35166 10 10 0
-1.69052 5.40743 20 18 0
-1.70617 5.4503 30 26 1
-6.21181 6.23962 -1.13687e-13 1 0
-6.27617 6.30092 10 10 0
-6.34228 6.3586 20 17 0
-6.40117 6.41178 30 26 1
3.50001 -5.53307 -1.13687e-13 5 0
3.52617 -5.58031 10 14 0
3.55749 -5.63265 20 21 0
3.58617 -5.68274 30 30 1
-5.69712 -2.7724 0 7 0
-5.75334 -2.80117 10 8 0
-5.80705 -2.82876 20 23 0
-5.85991 -2.85117 30 24 1
-7.85724 2.36575 1.13687e-13 0 0
-7.9258 2.3875 10 9 0
-8.00096 2.40904 20 16 0
-8.07687 2.4325 30 25 1
-5.4942 -4.11169 0 7 0
-5.5427 -4.14617 10 8 0
-5.59536 -4.18607 20 23 0
-5.65099 -4.22617 30 24 1
-3.34117 4.06595 10 10 0
-3.3718 4.09992 20 17 0
-3.40617 4.13802 30 26 1
0.353763 -7.40647 -1.13687e-13 6 0
0.356169 -7.4732 10 14 0
0.356469 -7.54366 20 22 0
0.356169 -7.60755 30 30 1
4.0776 2.44253 -1.13687e-13 3 0
4.11019 2.46617 10 12 0
4.14452 2.48648 20 19 0
4.18348 2.51117 30 28 1
0.640597 -5.96925 -1.13687e-13 6 0
0.646169 -6.02372 10 14 0
0.646009 -6.07378 20 22 0
0.651169 -6.12771 30 30 1
-0.204934 5.08732 -1.13687e-13 2 0
-0.211169 5.13617 10 10 0
-0.215758 5.17878 20 18 1
-0.0101034 4.6039 0 2 0
-0.0161686 4.64418 10 10 0
-0.0155154 4.68229 20 18 0
-0.0211686 4.72696 30 26 1
-7.2837 1.2575 10 9 0
-7.35421 1.26983 20 16 0
-7.42184 1.2825 30 25 1
-5.10427 -6.20155 1.13687e-13 7 0
-5.1525 -6.25724 10 15 0
-5.20478 -6.31354 20 23 0
-5.2525 -6.37138 30 31 1
-1.87055 -8.47785 0 6 0
-1.8875 -8.5501 10 15 0
-1.90844 -8.63464 20 22 0
-1.9275 -8.71031 30 31 1
6.58334 -2.37928 0 4 0
6.63472 -2.3975 10 13 0
6.6944 -2.41987 20 20 0
6.7575 -2.4425 30 29 1
-4.33726 -5.4996 2.27374e-13 7 0
-4.3775 -5.54588 10 15 0
-4.42199 -5.59964 20 23 0
-4.4625 -5.65209 30 31 1
-6.53108 -1.01943 1.13687e-13 0 0
-6.59256 -1.03117 10 8 0
-6.64867 -1.04108 20 16 0
-6.71156 -1.05117 30 24 1
4.61696 -0.347086 0 4 0
4.66043 -0.3525 10 13 0
4.70189 -0.355204 20 20 0
4.73614 -0.3575 30 29 1
4.43352 6.12396 0 3 0
4.4675 6.18035 10 11 0
4.50677 6.23548 20 19 0
4.5475 6.29571 30 27 1
-5.0989 6.93679 1.13687e-13 1 0
-5.14617 7.00232 10 10 0
-5.19445 7.06297 20 17 0
-5.24117 7.12561 30 26 1
-5.16756 -7.0991 0 7 0
-5.2175 -7.1637 10 15 0
-5.26965 -7.22797 20 23 0
-5.3175 -7.29198 30 31 1
-8.77183 1.76502 1.13687e-13 0 0
-8.85022 1.7775 10 9 0
-8.93515 1.79479 20 16 0
-9.01957 1.8125 30 25 1
5.34864 -0.238847 1.13687e-13 4 0
5.39396 -0.2375 10 13 0
5.44663 -0.241553 20 20 0
5.49089 -0.2425 30 29 1
-3.1725 -5.98844 10 15 0
-3.20083 -6.0355 20 23 0
-3.2325 -6.09086 30 31 1
-3.26117 5.99414 10 10 0
-3.29081 6.04715 20 17 0
-3.32617 6.10156 30 26 1
-1.48901 -6.40695 1.13687e-13 6 0
-1.5025 -6.46097 10 15 0
-1.51607 -6.52454 20 22 0
-1.5325 -6.57582 30 31 1
-4.7051 0.9275 10 9 0
-4.74762 0.93699 20 16 0
-4.80288 0.9475 30 25 1
3.63223 3.56233 -1.13687e-13 3 0
3.66334 3.59617 10 12 0
3.69308 3.63083 20 19 0
3.72127 3.66117 30 28 1
-3.01374 7.83111 0 2 0
-3.04617 7.90046 10 10 0
-3.07598 7.96829 20 18 0
-3.10617 8.04531 30 26 1
3.6425 2.4896 0 3 0
3.67436 2.51117 10 12 0
3.70558 2.53738 20 19 0
3.7385 2.56117 30 28 1
4.5451 0.748836 0 4 0
4.58515 0.756169 10 12 0
4.62349 0.765072 20 20 0
4.66379 0.771169 30 28 1
-8.53012 0.582506 1.13687e-13 0 0
-8.60774 0.5875 10 9 0
-8.6869 0.59333 20 16 0
-8.76624 0.5975 30 25 1
-4.63524 -4.63805 1.13687e-13 7 0
-4.6775 -4.67915 10 15 0
-4.72492 -4.7239 20 23 0
-4.7697 -4.76617 30 24 1
-3.11059 -7.05886 -1.13687e-13 7 0
-3.1425 -7.11809 10 15 0
-3.17236 -7.18187 20 23 0
-3.2025 -7.2488 30 31 1
-0.582506 -7.30195 -1.13687e-13 6 0
-0.5875 -7.37031 10 15 0
-0.596036 -7.43914 20 22 0
-0.6025 -7.50552 30 31 1
5.59535 6.39414 -1.13687e-13 3 0
5.6475 6.45525 10 11 0
5.69203 6.50996 20 19 0
5.7475 6.5694 30 27 1
-7.95523 0.468855 0 0 0
-8.02605 0.4725 10 9 0
-8.10548 0.476973 20 16 0
-8.17247 0.4775 30 25 1
-4.76198 2.7875 10 9 0
-4.80153 2.80877 20 17 0
-4.84734 2.8375 30 25 1
5.65951 5.89576 0 3 0
5.7075 5.94957 10 11 0
5.76002 6.00775 20 19 0
5.8075 6.05664 30 27 1
-3.29617 5.56952 10 10 0
-3.33023 5.6197 20 17 0
-3.36117 5.66987 30 26 1
-3.2575 -4.58144 10 15 0
-3.29223 -4.62295 20 23 0
-3.3225 -4.66058 30 31 1
-3.44663 -7.51736 1.13687e-13 7 0
-3.4825 -7.58537 10 15 0
-3.51381 -7.65343 20 23 0
-3.5525 -7.72608 30 31 1
7.04717 0.313173 1.13687e-13 4 0
7.10086 0.316169 10 12 0
7.16476 0.318585 20 20 0
7.219 0.321169 30 28 1
-5.29854 0.3825 10 9 0
-5.34864 0.38497 20 16 0
-5.39547 0.3875 30 25 1
-4.36413 3.8675 10 9 0
-4.39714 3.89684 20 17 0
-4.44327 3.9325 30 25 1
-6.87731 0.238847 1.13687e-13 0 0
-6.94045 0.2425 10 9 0
-7.00797 0.244259 20 16 0
-7.06773 0.2425 30 25 1
-0.476973 -7.08636 -1.13687e-13 6 0
-0.4825 -7.15217 10 15 0
-0.487797 -7.21702 20 22 0
-0.4925 -7.27531 30 31 1
-2.5425 -5.35137 10 15 0
-2.56718 -5.3942 20 23 0
-2.5925 -5.44379 30 31 1
-3.85829 3.8425 10 9 0
-3.89736 3.87925 20 17 0
-3.93537 3.9125 30 25 1
0.149549 6.90998 0 2 0
0.1475 6.97273 10 11 0
0.146843 7.0341 20 18 0
0.1475 7.10001 30 27 1
-3.77352 7.04265 -1.13687e-13 1 0
-3.80617 7.10482 10 10 0
-3.84182 7.16836 20 17 0
-3.88117 7.23639 30 26 1
4.46017 -1.43489 0 4 0
4.49678 -1.4475 10 13 0
4.53203 -1.45924 20 20 0
4.57835 -1.4725 30 29 1
-5.2346 -0.366169 10 8 0
-5.28984 -0.369999 20 16 0
-5.34359 -0.376169 30 24 1
-5.89739 -2.05582 0 0 0
-5.95465 -2.07617 10 8 0
-6.00845 -2.09641 20 16 0
-6.06536 -2.11617 30 24 1
6.86425 2.46713 0 4 0
6.92119 2.49117 10 12 0
6.98184 2.51584 20 20 0
7.04397 2.53617 30 28 1
-2.13033 -7.81151 0 6 0
-2.1525 -7.88879 10 15 0
-2.17362 -7.95523 20 22 0
-2.1975 -8.03278 30 31 1
5.56422 -2.26021 0 4 0
5.61463 -2.2825 10 13 0
5.66874 -2.30351 20 20 0
5.70912 -2.3275 30 29 1
2.39948 -7.36728 -1.13687e-13 6 0
2.42117 -7.43102 10 14 0
2.43737 -7.49793 20 22 0
2.45617 -7.56502 30 30 1
6.30243 -0.0169564 1.13687e-13 4 0
6.35483 -0.0175 10 13 0
6.40695 -0.0169564 20 20 0
6.46797 -0.0175 30 29 1
4.05675 6.16814 0 3 0
4.0925 6.22962 10 11 0
4.12617 6.28349 20 19 0
4.1575 6.33704 30 27 1
0.00469144 -5.42703 0 6 0
0.00116865 -5.47064 10 14 0
0.00198546 -5.52502 20 22 0
-0.0025 -5.56908 30 31 1
-7.43115 3.10785 0 1 0
-7.502 3.1375 10 9 0
-7.56834 3.16468 20 17 0
-7.64185 3.1925 30 25 1
-7.87684 0.414736 1.13687e-13 0 0
-7.95484 0.4225 10 9 0
-8.02056 0.425559 20 16 0
-8.09419 0.4275 30 25 1
7.28235 -1.14806 -1.13687e-13 4 0
7.35134 -1.1625 10 13 0
7.41301 -1.1697 20 20 0
7.4774 -1.1825 30 29 1
-4.22078 3.9575 10 9 0
-4.25732 3.99046 20 17 0
-4.29785 4.0275 30 25 1
-6.11951 -0.237406 1.13687e-13 0 0
-6.17733 -0.241169 10 8 0
-6.23057 -0.240112 20 16 0
-6.2884 -0.246169 30 24 1
-1.33333 6.66173 0 2 0
-1.34617 6.72372 10 10 0
-1.36039 6.77932 20 18 0
-1.37617 6.84564 30 26 1
7.0341 -0.255083 1.13687e-13 4 0
7.09688 -0.2575 10 13 0
7.15823 -0.257789 20 20 0
7.21708 -0.2575 30 29 1
-4.8405 3.2125 10 9 0
-4.89072 3.2462 20 17 0
-4.93585 3.2725 30 25 1
-0.282142 -5.06119 0 6 0
-0.2875 -5.10455 10 15 0
-0.287554 -5.15265 20 22 1
-0.149549 -7.23662 -2.27374e-13 6 0
-0.1525 -7.303 10 15 0
-0.157667 -7.37381 20 22 0
-0.1625 -7.44028 30 31 1
-4.53408 3.0475 10 9 0
-4.57509 3.07217 20 17 0
-4.61736 3.1025 30 25 1
-3.14617 3.67296 10 10 0
-3.17837 3.71132 20 17 0
-3.20617 3.74003 30 26 1
-3.2939 -8.2688 0 6 0
-3.3225 -8.34461 10 15 0
-3.35614 -8.41906 20 22 0
-3.3875 -8.49446 30 31 1
7.04717 0.946373 1.13687e-13 4 0
7.11153 0.956169 10 12 0
7.17129 0.965315 20 20 0
7.2326 0.971169 30 28 1
7.14516 -1.49713 1.13687e-13 4 0
7.20636 -1.5125 10 13 0
7.26275 -1.52419 20 20 0
7.33036 -1.5375 30 29 1
4.66922 0.610831 1.13687e-13 4 0
4.70678 0.616169 10 12 0
4.74762 0.621655 20 20 0
4.78749 0.626169 30 28 1
5.21071 4.68158 -2.27374e-13 3 0
5.25503 4.72117 10 12 0
5.30039 4.76744 20 19 0
5.34003 4.80617 30 28 1
7.02104 0.291525 2.27374e-13 4 0
7.08086 0.296169 10 12 0
7.14516 0.299643 20 20 0
7.20607 0.301169 30 28 1
-2.49834 -7.69392 0 6 0
-2.5225 -7.76381 10 15 0
-2.54975 -7.83111 20 22 0
-2.5725 -7.89867 30 31 1
5.92538 2.99683 0 3 0
5.97334 3.02117 10 12 0
6.02879 3.05049 20 19 0
6.07784 3.07617 30 28 1
-7.79844 -3.10845 1.13687e-13 0 0
-7.87025 -3.13617 10 8 0
-7.94216 -3.16798 20 16 0
-8.02217 -3.19617 30 24 1
-0.832721 6.44615 0 2 0
-0.841169 6.50156 10 10 0
-0.854369 6.56374 20 18 0
-0.861169 6.62055 30 26 1
-7.4718 -1.83664 1.13687e-13 0 0
-7.53777 -1.85617 10 8 0
-7.60899 -1.87182 20 16 0
-7.68091 -1.88617 30 24 1
-7.8507 2.88259 1.13687e-13 0 0
-7.92254 2.9075 10 9 0
-7.99443 2.9313 20 16 0
-8.06446 2.9575 30 25 1
7.49793 1.29544 1.13687e-13 4 0
7.56553 1.31117 10 12 0
7.62859 1.3225 20 20 0
7.69659 1.33617 30 28 1
-5.24677 0.5075 10 9 0
-5.29637 0.514857 20 16 0
-5.34869 0.5175 30 25 1
-0.742159 -6.89038 0 6 0
-0.7525 -6.94841 10 15 0
-0.761101 -7.0145 20 22 0
-0.7675 -7.06947 30 31 1
1.96653 -5.36823 0 6 0
1.98617 -5.41917 10 14 0
2.0017 -5.46623 20 22 0
2.01617 -5.51281 30 30 1
5.11533 -2.9075 10 13 0
5.16308 -2.93688 20 21 0
5.20068 -2.9575 30 29 1
1.42804 -8.15775 0 6 0
1.43617 -8.22793 10 14 0
1.44698 -8.308 20 22 0
1.45617 -8.37521 30 30 1
-2.62117 6.87442 10 10 0
-2.64843 6.93611 20 18 0
-2.67117 7.0022 30 26 1
4.56386 5.55016 1.13687e-13 3 0
4.6075 5.5991 10 11 0
4.64206 5.6475 20 19 0
4.6825 5.70239 30 27 1
7.63025 5.97604 -2.27374e-13 3 0
7.68691 6.07117 10 12 0
7.73868 6.17249 20 19 0
7.78998 6.26617 30 28 1
-2.98694 3.74568 1.13687e-13 1 0
-3.01617 3.78338 10 10 0
-3.04779 3.81418 20 17 0
-3.07617 3.85045 30 26 1
4.35181 6.65837 0 3 0
4.3925 6.72053 10 11 0
4.43048 6.78296 20 19 0
4.4625 6.84003 30 27 1
-4.81843 3.1975 10 9 0
-4.86841 3.23155 20 17 0
-4.90671 3.2575 30 25 1
-7.08636 -2.30477 1.13687e-13 0 0
-7.15924 -2.32617 10 8 0
-7.22355 -2.34536 20 16 0
-7.2841 -2.36617 30 24 1
7.58286 0.865193 1.13687e-13 4 0
7.64879 0.871169 10 12 0
7.72005 0.878723 20 20 0
7.784 0.886169 30 28 1
1.66219 7.81804 0 2 0
1.6775 7.89462 10 11 0
1.68925 7.96176 20 18 0
1.7025 8.03983 30 27 1
7.95523 2.66467 1.13687e-13 4 0
8.02836 2.68617 10 12 0
8.09895 2.71338 20 20 0
8.17028 2.73617 30 28 1
-5.94418 4.77036 0 1 0
-6.00709 4.8175 10 9 0
-6.06111 4.85668 20 17 0
-6.11331 4.9025 30 25 1
5.7798 0.0966948 2.27374e-13 4 0
5.83434 0.0961686 10 12 0
5.88433 0.0966948 20 20 0
5.93833 0.101169 30 28 1
-4.62399 -1.80617 10 8 0
-4.66922 -1.82311 20 16 0
-4.70849 -1.84117 30 24 1
-4.2987 -4.19617 10 8 0
-4.33774 -4.2334 20 23 0
-4.38077 -4.27117 30 24 1
-0.19411 5.55769 0 2 0
-0.201169 5.607 10 10 0
-0.204934 5.66221 20 18 0
-0.206169 5.70392 30 26 1
-1.97735 4.924 -1.13687e-13 2 0
-1.99617 4.96248 10 10 0
-2.01794 5.00893 20 18 0
-2.03617 5.05198 30 26 1
2.03959 -8.37986 -1.13687e-13 6 0
2.05617 -8.45195 10 14 0
2.07206 -8.52358 20 22 0
2.09117 -8.60716 30 30 1
-1.8975 -7.40044 10 15 0
-1.91385 -7.45873 20 22 0
-1.9325 -7.52737 30 31 1
-1.46051 4.49937 -1.13687e-13 2 0
-1.47617 4.54148 10 10 0
-1.49027 4.5843 20 18 0
-1.51117 4.62597 30 26 1
7.79191 0.600007 1.13687e-13 4 0
7.85755 0.606169 10 12 0
7.9291 0.613537 20 20 0
7.99483 0.616169 30 28 1
2.74803 3.59657 -1.13687e-13 3 0
2.7725 3.62975 10 11 0
2.79198 3.66348 20 19 0
2.8175 3.69597 30 27 1
0.7326 -7.49793 -1.13687e-13 6 0
0.741169 -7.56828 10 14 0
0.743424 -7.62859 20 22 0
0.746169 -7.70056 30 30 1
5.96925 -0.663686 0 4 0
6.02195 -0.6675 10 13 0
6.07378 -0.67451 20 20 0
6.12388 -0.6775 30 29 1
4.09123 -4.67393 -1.13687e-13 5 0
4.12617 -4.7166 10 14 0
4.15749 -4.75549 20 21 0
4.19117 -4.79574 30 30 1
-6.24627 -6.18617 10 8 0
-6.30495 -6.23887 20 23 0
-6.37041 -6.29617 30 24 1
4.03207 -3.48585 -1.13687e-13 5 0
4.06362 -3.5175 10 13 0
4.10327 -3.55323 20 21 0
4.1357 -3.5825 30 29 1
6.58334 -1.58372 0 4 0
6.64082 -1.5975 10 13 0
6.70093 -1.61078 20 20 0
6.75775 -1.6225 30 29 1
-5.31974 -1.73117 10 8 0
-5.36823 -1.74464 20 16 0
-5.42045 -1.76117 30 24 1
-1.8002 -4.34912 0 6 0
-1.8175 -4.39302 10 15 0
-1.84126 -4.43866 20 23 0
-1.8575 -4.47545 30 31 1
-4.08777 -7.83705 -1.13687e-13 7 0
-4.1275 -7.9051 10 15 0
-4.16802 -7.97853 20 23 0
-4.2075 -8.04874 30 31 1
3.11313 3.62873 -2.27374e-13 3 0
3.1375 3.66241 10 11 0
3.16361 3.69835 20 19 0
3.1875 3.72655 30 27 1
-8.16428 -2.67549 0 0 0
-8.24842 -2.70117 10 8 0
-8.32107 -2.7242 20 16 0
-8.39242 -2.74617 30 24 1
0.734041 7.38034 0 2 0
0.7375 7.4496 10 11 0
0.742159 7.51753 20 18 0
0.7475 7.5798 30 27 1
-5.72383 -2.58863 0 7 0
-5.77547 -2.61117 10 8 0
-5.82835 -2.63193 20 23 0
-5.88411 -2.65617 30 24 1
7.96016 5.00865 0 3 0
8.03662 5.05617 10 12 0
8.11629 5.11121 20 19 0
8.19319 5.15617 30 28 1
3.09507 -6.43691 -2.27374e-13 5 0
3.12117 -6.4976 10 14 0
3.15031 -6.55721 20 21 0
3.17117 -6.61124 30 30 1
-2.58617 6.32323 10 10 0
-2.61326 6.38082 20 18 0
-2.63617 6.43687 30 26 1
3.86639 -3.66076 -1.13687e-13 5 0
3.89714 -3.6975 10 13 0
3.93377 -3.73197 20 21 0
3.96214 -3.7625 30 29 1
-1.28733 8.34066 0 2 0
-1.30117 8.4182 10 10 0
-1.31168 8.49092 20 18 0
-1.32617 8.56341 30 26 1
-5.73555 4.17522 0 1 0
-5.791 4.2125 10 9 0
-5.84324 4.2523 20 17 0
-5.89429 4.2875 30 25 1
3.11944 7.19783 -1.13687e-13 3 0
3.1425 7.25951 10 11 0
3.17356 7.32849 20 19 0
3.1975 7.3923 30 27 1
1.4578 -6.71399 1.13687e-13 6 0
1.47117 -6.77801 10 14 0
1.47945 -6.83158 20 22 0
1.49117 -6.897 30 30 1
-1.13453 -4.34912 0 6 0
-1.1475 -4.3877 10 15 0
-1.16159 -4.42751 20 22 0
-1.1725 -4.4622 30 31 1
-5.33557 1.4836 0 0 0
-5.38824 1.4975 10 9 0
-5.4401 1.51066 20 16 0
-5.48395 1.5225 30 25 1
6.50494 1.26297 2.27374e-13 4 0
6.56179 1.27617 10 12 0
6.62253 1.28462 20 20 0
6.67372 1.29617 30 28 1
-3.07617 5.52629 10 10 0
-3.10634 5.57567 20 17 0
-3.13617 5.62872 30 26 1
-3.36117 4.17081 10 10 0
-3.39438 4.20669 20 17 0
-3.42617 4.24288 30 26 1
6.53559 4.9273 -1.13687e-13 3 0
6.59398 4.97117 10 12 0
6.65523 5.02015 20 19 0
6.70519 5.06117 30 28 1
2.36625 5.3272 -1.13687e-13 3 0
2.3875 5.38021 10 11 0
2.40684 5.4252 20 19 0
2.4275 5.47678 30 27 1
6.01143 3.02165 -1.13687e-13 3 0
6.06198 3.04617 10 12 0
6.11483 3.07531 20 19 0
6.17148 3.10617 30 28 1
4.36153 5.40141 0 3 0
4.3975 5.44567 10 11 0
4.4332 5.49604 20 19 0
4.4725 5.54895 30 27 1
0.417442 7.32155 0 2 0
0.4175 7.38415 10 11 0
0.420148 7.44567 20 18 0
0.4225 7.51643 30 27 1
-0.68804 -6.2763 -1.13687e-13 6 0
-0.6975 -6.33479 10 15 0
-0.704275 -6.39389 20 22 0
-0.7125 -6.44879 30 31 1
-6.13172 3.2894 0 1 0
-6.19001 3.3175 10 9 0
-6.24818 3.34846 20 17 0
-6.30657 3.3775 30 25 1
3.02238 -3.00809 -2.27374e-13 5 0
3.05329 -3.0375 10 13 0
3.07128 -3.06082 20 21 0
3.10122 -3.0925 30 29 1
-0.560858 -4.53203 1.13687e-13 6 0
-0.5675 -4.57138 10 15 0
-0.571682 -4.61043 20 22 0
-0.5825 -4.65002 30 31 1
-1.52419 -4.5451 1.13687e-13 6 0
-1.5375 -4.58678 10 15 0
-1.55395 -4.63003 20 22 0
-1.5725 -4.67128 30 31 1
4.59736 1.59851 0 4 0
4.63405 1.61117 10 12 0
4.68229 1.62828 20 20 0
4.71355 1.64117 30 28 1
4.47977 -1.11288 0 4 0
4.51827 -1.1225 10 13 0
4.55163 -1.13182 20 20 0
4.59483 -1.1425 30 29 1
-5.49236 1.79208 0 0 0
-5.54268 1.8075 10 9 0
-5.59688 1.82455 20 16 0
-5.64839 1.8425 30 25 1
5.47527 2.77251 -1.13687e-13 3 0
5.52707 2.80117 10 12 0
5.57215 2.82346 20 19 0
5.61949 2.85117 30 28 1
4.38537 7.10523 0 3 0
4.4225 7.1748 10 11 0
4.45638 7.23747 20 19 0
4.4975 7.30637 30 27 1
-0.9275 -7.96487 10 15 0
-0.934284 -8.03362 20 22 0
-0.9475 -8.11214 30 31 1
-0.439089 -4.65616 -1.13687e-13 6 0
-0.4425 -4.69386 10 15 0
-0.449913 -4.73455 20 22 0
-0.4575 -4.77958 30 31 1
-0.6975 -7.97528 10 15 0
-0.704275 -8.05322 20 22 0
-0.7125 -8.11756 30 31 1
-5.06454 2.71206 0 1 0
-5.11503 2.7375 10 9 0
-5.16795 2.76572 20 17 0
-5.21453 2.7875 30 25 1
-6.14363 -5.67957 -1.13687e-13 7 0
-6.20139 -5.73117 10 8 0
-6.25562 -5.78007 20 23 0
-6.30847 -5.83117 30 24 1
-5.75556 3.67479 0 1 0
-5.80926 3.7075 10 9 0
-5.86438 3.74151 20 17 0
-5.91669 3.7725 30 25 1
-4.0487 -3.94617 10 8 0
-4.08176 -3.98125 20 23 0
-4.1237 -4.02117 30 24 1
3.3625 4.99757 10 11 0
3.39019 5.04237 20 19 0
3.4175 5.08792 30 27 1
-4.64647 4.36813 0 1 0
-4.68492 4.4075 10 9 0
-4.73345 4.44745 20 17 0
-4.77907 4.4875 30 25 1
4.87345 -6.49705 0 5 0
4.91117 -6.54812 10 14 0
4.95324 -6.61128 20 21 0
4.99617 -6.66848 30 30 1
-5.53817 -2.88515 -1.13687e-13 7 0
-5.59464 -2.91117 10 8 0
-5.63887 -2.93228 20 23 0
-5.69414 -2.96117 30 24 1
6.28283 -1.3943 0 4 0
6.34476 -1.4075 10 13 0
6.39389 -1.41865 20 20 0
6.44754 -1.4325 30 29 1
-6.79892 -2.32642 1.13687e-13 0 0
-6.86105 -2.34617 10 8 0
-6.92958 -2.36972 20 16 0
-6.9959 -2.39617 30 24 1
7.80497 -0.93699 1.13687e-13 4 0
7.8738 -0.9425 10 13 0
7.94216 -0.95052 20 20 0
8.01401 -0.9625 30 29 1
4.30918 -5.43529 -2.27374e-13 5 0
4.34617 -5.48815 10 14 0
4.38355 -5.53645 20 21 0
4.42117 -5.58436 30 30 1
-5.23788 -4.52507 1.13687e-13 7 0
-5.28595 -4.56117 10 8 0
-5.33521 -4.60327 20 23 0
-5.39217 -4.64617 30 24 1
-3.2875 -5.51654 10 15 0
-3.31996 -5.5653 20 23 0
-3.3475 -5.61189 30 31 1
-7.9291 -2.24254 1.13687e-13 0 0
-7.99227 -2.26117 10 8 0
-8.06629 -2.28313 20 16 0
-8.15041 -2.30617 30 24 1
-6.59748 3.74751 -1.13687e-13 1 0
-6.65708 3.7775 10 9 0
-6.71666 3.81311 20 17 0
-6.78365 3.8475 30 25 1
-8.06629 0.368734 0 0 0
-8.13819 0.3725 10 9 0
-8.21001 0.374146 20 16 0
-8.28461 0.3775 30 25 1
-7.55159 4.7705 1.13687e-13 1 0
-7.62137 4.8125 10 9 0
-7.69578 4.85729 20 17 0
-7.76294 4.8975 30 25 1
5.99059 5.45382 -1.13687e-13 3 0
6.04211 5.50117 10 12 0
6.09605 5.55162 20 19 1
4.66922 -1.86244 0 4 0
4.70758 -1.8775 10 13 0
4.74762 -1.89491 20 20 0
4.79208 -1.9125 30 29 1
-5.99538 -0.342939 1.13687e-13 0 0
-6.05606 -0.346169 10 8 0
-6.11298 -0.348351 20 16 0
-6.16712 -0.351169 30 24 1
-5.15445 1.2425 10 9 0
-5.20491 1.2563 20 16 0
-5.25016 1.2675 30 25 1
-6.51311 -3.68406 0 7 0
-6.57434 -3.72117 10 8 0
-6.63229 -3.74966 20 23 0
-6.69591 -3.78617 30 24 1
4.70189 0.646009 2.27374e-13 4 0
4.74178 0.651169 10 12 0
4.78681 0.659539 20 20 0
4.82749 0.666169 30 28 1
4.02301 4.4927 -1.13687e-13 3 0
4.0575 4.53291 10 11 0
4.0958 4.57697 20 19 0
4.1275 4.61706 30 27 1
0.0506931 -7.0537 0 6 0
0.0461686 -7.1137 10 14 0
0.0479871 -7.17782 20 22 0
0.0461686 -7.24098 30 30 1
-5.29687 -1.49617 10 8 0
-5.3421 -1.50651 20 16 0
-5.39258 -1.52117 30 24 1
3.16812 5.48617 0 3 0
3.1925 5.53468 10 11 0
3.21907 5.58304 20 19 0
3.2475 5.6321 30 27 1
1.1385 -4.78028 0 6 0
1.14617 -4.81959 10 14 0
1.15744 -4.86521 20 22 0
1.16617 -4.9103 30 30 1
-2.78617 6.05654 10 10 0
-2.81315 6.10907 20 17 0
-2.84117 6.16811 30 26 1
-3.4225 -5.75761 10 15 0
-3.4604 -5.81289 20 23 0
-3.4925 -5.86296 30 31 1
-6.66173 1.259 1.13687e-13 0 0
-6.73302 1.2725 10 9 0
-6.79239 1.28065 20 16 0
-6.85201 1.2925 30 25 1
-3.3975 -4.09212 10 15 0
-3.42779 -4.12708 20 23 0
-3.4625 -4.16419 30 31 1
0.421169 -6.28662 10 14 0
0.418706 -6.33509 20 22 0
0.421169 -6.39269 30 30 1
-3.0775 -3.64484 10 15 0
-3.10752 -3.68053 20 23 0
-3.1375 -3.71191 30 31 1
-1.28336 -8.54972 -1.13687e-13 6 0
-1.2975 -8.62478 10 15 0
-1.31312 -8.69997 20 22 0
-1.3275 -8.78206 30 31 1
-6.18015 3.31487 0 1 0
-6.23622 3.3425 10 9 0
-6.29662 3.37394 20 17 0
-6.35279 3.4025 30 25 1
5.30318 -3.85 -1.13687e-13 5 0
5.35286 -3.8875 10 13 0
5.39781 -3.92167 20 21 0
5.43908 -3.9525 30 29 1
2.75397 -6.81199 0 6 0
2.77617 -6.87385 10 14 0
2.79997 -6.93611 20 22 0
2.82117 -6.99663 30 30 1
-0.812515 -6.85118 -1.13687e-13 6 0
-0.8225 -6.91234 10 15 0
-0.834163 -6.98184 20 22 0
-0.8425 -7.03841 30 31 1
1.3483 4.66922 0 2 0
1.3575 4.71084 10 11 0
1.36724 4.75415 20 18 0
1.3775 4.80155 30 27 1
4.85075 -5.6975 -1.13687e-13 5 0
4.89617 -5.74823 10 14 0
4.93548 -5.79754 20 21 0
4.97617 -5.84945 30 30 1
-4.83973 3.4875 10 9 0
-4.885 3.51984 20 17 0
-4.93301 3.5525 30 25 1
6.99627 3.79219 0 3 0
7.04911 3.82117 10 12 0
7.11544 3.85779 20 19 0
7.17568 3.89117 30 28 1
2.05126 -4.41344 -2.27374e-13 5 0
2.07117 -4.45765 10 14 0
2.08644 -4.49836 20 21 0
2.10117 -4.53715 30 30 1
6.31549 -0.682628 1.13687e-13 4 0
6.37429 -0.6875 10 13 0
6.43308 -0.693452 20 20 0
6.48329 -0.6975 30 29 1
-2.7075 -5.4598 10 15 0
-2.73255 -5.50599 20 23 0
-2.7625 -5.55722 30 31 1
-7.23613 4.91043 0 1 0
-7.30675 4.9575 10 9 0
-7.37649 5.00104 20 17 0
-7.44124 5.0425 30 25 1
-2.6425 -7.24742 10 15 0
-2.66611 -7.31501 20 22 0
-2.6925 -7.3752 30 31 1
1.6391 -7.89643 -1.13687e-13 6 0
1.65117 -7.96917 10 14 0
1.66616 -8.04016 20 22 0
1.67617 -8.1073 30 30 1
-1.3425 -7.19193 10 15 0
-1.35371 -7.25622 20 22 0
-1.3675 -7.31592 30 31 1
2.00585 8.13815 -1.13687e-13 2 0
2.0225 8.21134 10 11 0
2.03832 8.28187 20 18 0
2.0525 8.36155 30 27 1
0.0304863 8.04669 -1.13687e-13 2 0
0.0325 8.12345 10 11 0
0.0277803 8.19694 20 18 0
0.0225 8.26902 30 27 1
-6.8491 -3.60675 -1.13687e-13 7 0
-6.91361 -3.63617 10 8 0
-6.97864 -3.67123 20 23 0
-7.04225 -3.70117 30 24 1
-6.04878 -3.84351 1.13687e-13 7 0
-6.10709 -3.87617 10 8 0
-6.16413 -3.91293 20 23 0
-6.21952 -3.94617 30 24 1
-6.9975 4.68711 -1.13687e-13 1 0
-7.0626 4.7275 10 9 0
-7.13133 4.77502 20 17 0
-7.19003 4.8125 30 25 1
7.27233 -3.91339 -1.13687e-13 5 0
7.34119 -3.9525 10 13 0
7.40457 -3.9844 20 21 0
7.46776 -4.0225 30 29 1
-3.0125 -4.50615 10 15 0
-3.03792 -4.54467 20 23 0
-3.0675 -4.58236 30 31 1
5.04813 -0.152255 1.13687e-13 4 0
5.08976 -0.1525 10 13 0
5.13305 -0.154961 20 20 0
5.17961 -0.1575 30 29 1
-2.77836 3.68634 -1.13687e-13 1 0
-2.80117 3.71687 10 10 0
-2.82884 3.75596 20 17 0
-2.85617 3.78601 30 26 1
5.94312 -0.0521342 1.13687e-13 4 0
6.00092 -0.0525 10 13 0
6.04765 -0.0521342 20 20 0
6.09492 -0.0475 30 29 1
-6.79239 -1.83123 1.13687e-13 0 0
-6.85602 -1.84617 10 8 0
-6.92304 -1.8637 20 16 0
-6.98294 -1.88117 30 24 1
6.28962 -3.34398 -2.27374e-13 5 0
6.344 -3.3725 10 13 0
6.39573 -3.40417 20 21 0
6.45143 -3.4375 30 29 1
4.66922 -1.65137 0 4 0
4.70971 -1.6675 10 13 0
4.74762 -1.67843 20 20 1
4.28592 -1.2225 10 13 0
4.32298 -1.23194 20 20 0
4.35542 -1.2425 30 29 1
2.67129 -3.95047 -2.27374e-13 5 0
2.69117 -3.98164 10 14 0
2.71795 -4.02391 20 21 0
2.73617 -4.05492 30 30 1
1.4551 -4.61696 -1.13687e-13 6 0
1.46617 -4.65168 10 14 0
1.47674 -4.69535 20 22 0
1.48617 -4.73532 30 30 1
0.907224 7.18436 0 2 0
0.9125 7.24983 10 11 0
0.918048 7.31501 20 18 0
0.9225 7.38004 30 27 1
2.02314 4.68177 -2.27374e-13 3 0
2.0375 4.72616 10 11 0
2.05449 4.77052 20 19 0
2.0725 4.81066 30 27 1
-3.7753 -2.91617 10 8 0
-3.81232 -2.93878 20 23 0
-3.84652 -2.96617 30 24 1
6.10012 3.81065 -1.13687e-13 3 0
6.15487 3.84617 10 12 0
6.20511 3.8812 20 19 0
6.25523 3.91117 30 28 1
-5.13166 -4.68672 0 7 0
-5.18018 -4.73117 10 8 0
-5.2344 -4.77799 20 23 0
-5.28432 -4.82117 30 24 1
4.4958 3.68732 -1.13687e-13 3 0
4.53788 3.72117 10 12 0
4.58007 3.76011 20 19 0
4.61495 3.79117 30 28 1
4.58733 -4.09468 0 5 0
4.62913 -4.1325 10 13 0
4.66777 -4.1713 20 21 0
4.70413 -4.2075 30 29 1
6.07611 -2.3975 10 13 0
6.13257 -2.41987 20 20 0
6.18475 -2.4425 30 29 1
-8.22961 -2.98398 0 0 0
-8.31093 -3.01117 10 8 0
-8.38639 -3.0381 20 16 0
-8.46493 -3.06617 30 24 1
-4.53231 2.0275 10 9 0
-4.57322 2.04853 20 17 0
-4.61681 2.0625 30 25 1
0.755689 5.14612 -2.27374e-13 2 0
0.7575 5.19271 10 11 0
0.763807 5.24411 20 18 0
0.7675 5.29464 30 27 1
-0.884135 6.23057 0 2 0
-0.896169 6.28786 10 10 0
-0.908489 6.34162 20 18 0
-0.916169 6.39978 30 26 1
-5.36127 3.37617 -1.13687e-13 1 0
-5.41234 3.4025 10 9 0
-5.46085 3.43365 20 17 0
-5.50769 3.4625 30 25 1
-5.74058 -6.31359 0 7 0
-5.7975 -6.37191 10 15 0
-5.85686 -6.43752 20 23 0
-5.9075 -6.49605 30 31 1
0.283407 -5.62955 0 6 0
0.281169 -5.67993 10 14 0
0.280701 -5.7406 20 22 0
0.281169 -5.786 30 30 1
-3.9069 5.80985 -1.13687e-13 1 0
-3.94117 5.86096 10 10 0
-3.97745 5.91484 20 17 0
-4.02117 5.96925 30 26 1
0.738012 -6.28283 -1.13687e-13 6 0
0.741169 -6.33792 10 14 0
0.74613 -6.39389 20 22 1
3.75703 -3.40981 -1.13687e-13 5 0
3.79064 -3.4425 10 13 0
3.82171 -3.47448 20 21 0
3.85064 -3.5025 30 29 1
4.47667 6.82915 -2.27374e-13 3 0
4.5125 6.89003 10 11 0
4.5488 6.95104 20 19 0
4.5925 7.01953 30 27 1
4.08197 4.83101 0 3 0
4.1175 4.87576 10 11 0
4.15093 4.91911 20 19 0
4.1875 4.96697 30 27 1
-0.467414 4.85867 0 2 0
-0.476169 4.90619 10 10 0
-0.48365 4.95013 20 18 0
-0.491169 4.99897 30 26 1
-0.440354 7.87684 -1.13687e-13 2 0
-0.446169 7.95211 10 10 0
-0.453884 8.02709 20 18 0
-0.461169 8.10146 30 26 1
-7.10423 -3.96138 0 7 0
-7.17254 -4.00117 10 8 0
-7.23647 -4.0324 20 23 0
-7.30618 -4.07117 30 24 1
-3.2675 -3.67927 10 15 0
-3.29875 -3.71103 20 23 0
-3.3275 -3.73927 30 31 1
-4.39633 -4.13117 10 8 0
-4.43388 -4.16498 20 23 0
-4.4734 -4.20117 30 24 1
6.30619 -4.92572 0 5 0
6.36008 -4.9725 10 13 0
6.41277 -5.01316 20 21 1
3.51476 -4.41891 -2.27374e-13 5 0
3.54617 -4.46187 10 14 0
3.57448 -4.49777 20 21 0
3.60117 -4.53808 30 30 1
-8.88942 -0.231994 0 0 0
-8.97247 -0.236169 10 8 0
-9.05274 -0.2347 20 16 0
-9.13511 -0.236169 30 24 1
0.202228 -7.69392 -1.13687e-13 6 0
0.201169 -7.76368 10 14 0
0.202228 -7.83764 20 22 0
0.201169 -7.9051 30 30 1
4.44534 5.44695 -1.13687e-13 3 0
4.4825 5.49532 10 11 0
4.52354 5.54429 20 19 0
4.5625 5.59653 30 27 1
0.876017 -6.73359 -1.13687e-13 6 0
0.881169 -6.79612 10 14 0
0.886841 -6.86425 20 22 0
0.891169 -6.91925 30 30 1
-5.22067 1.2875 10 9 0
-5.26371 1.29689 20 16 0
-5.31138 1.3075 30 25 1
-5.3225 2.09515 2.27374e-13 0 0
-5.36684 2.1125 10 9 0
-5.41396 2.13303 20 16 0
-5.47048 2.1525 30 25 1
0.275289 -8.45826 0 6 0
0.276169 -8.53164 10 14 0
0.277995 -8.60851 20 22 0
0.276169 -8.6872 30 30 1
6.27125 -5.31174 -1.13687e-13 5 0
6.32582 -5.3625 10 13 0
6.38324 -5.41224 20 21 0
6.43496 -5.4575 30 29 1
2.96216 -3.28081 -3.41061e-13 5 0
2.98617 -3.31497 10 14 0
3.00723 -3.33736 20 21 0
3.03617 -3.37204 30 30 1
2.36575 5.94965 -1.13687e-13 2 0
2.3875 6.00247 10 11 0
2.40634 6.06071 20 18 1
5.29007 5.30436 -1.13687e-13 3 0
5.3375 5.35329 10 11 0
5.38246 5.39675 20 19 0
5.4325 5.44829 30 27 1
-4.84188 -3.51677 0 7 0
-4.89114 -3.55117 10 8 0
-4.94033 -3.58461 20 23 0
-4.98442 -3.61617 30 24 1
-5.93133 6.52934 0 1 0
-5.98617 6.59074 10 10 0
-6.03837 6.64403 20 17 0
-6.09617 6.70075 30 26 1
6.15217 0.359175 1.13687e-13 4 0
6.20334 0.366169 10 12 0
6.2567 0.364587 20 20 1
6.77053 4.55377 0 3 0
6.82709 4.59617 10 12 0
6.88746 4.64009 20 19 0
6.94745 4.68117 30 28 1
5.59293 -5.39878 -1.13687e-13 5 0
5.64007 -5.4475 10 13 0
5.69455 -5.50041 20 21 0
5.73507 -5.5425 30 29 1
-1.36309 7.00797 -1.13687e-13 2 0
-1.37617 7.07898 10 10 0
-1.39015 7.13863 20 18 0
-1.40617 7.20798 30 26 1
-7.55019 -2.83244 0 0 0
-7.61853 -2.85617 10 8 0
-7.68738 -2.88385 20 16 0
-7.75839 -2.91117 30 24 1
6.42009 5.45854 1.13687e-13 3 0
6.47137 5.50617 10 12 0
6.53208 5.55904 20 19 0
6.59051 5.61117 30 28 1
2.92379 -4.45554 1.13687e-13 5 0
2.95117 -4.4962 10 14 0
2.97316 -4.53552 20 21 0
2.99617 -4.57655 30 30 1
-7.24758 3.0697 -2.27374e-13 1 0
-7.30851 3.0925 10 9 0
-7.38206 3.11999 20 17 0
-7.44836 3.1475 30 25 1
7.0341 0.259054 1.13687e-13 4 0
7.09536 0.261169 10 12 0
7.15823 0.267172 20 20 0
7.22056 0.266169 30 28 1
-7.39573 -3.63293 1.13687e-13 7 0
-7.47187 -3.67117 10 8 0
-7.53833 -3.70282 20 23 0
-7.60758 -3.73617 30 24 1
4.04103 4.48392 -2.27374e-13 3 0
4.0775 4.52463 10 11 0
4.11382 4.56819 20 19 0
4.1475 4.60877 30 27 1
-4.32184 -5.73675 -1.13687e-13 7 0
-4.3675 -5.79044 10 15 0
-4.40928 -5.84332 20 23 0
-4.4475 -5.89165 30 31 1
-1.75275 5.51849 0 2 0
-1.77117 5.5648 10 10 0
-1.78793 5.61648 20 18 0
-1.80617 5.66344 30 26 1
1.31168 -7.53713 -1.13687e-13 6 0
1.32117 -7.60381 10 14 0
1.33062 -7.67432 20 22 0
1.33617 -7.73902 30 30 1
-0.836869 -7.26275 -1.13687e-13 6 0
-0.8475 -7.32625 10 15 0
-0.858516 -7.39341 20 22 0
-0.8675 -7.45939 30 31 1
-6.92326 -5.06623 -1.13687e-13 7 0
-6.98854 -5.11117 10 8 0
-7.05326 -5.15796 20 23 0
-7.11889 -5.20617 30 24 1
-6.67447 -4.77917 1.13687e-13 7 0
-6.74096 -4.82117 10 8 0
-6.80177 -4.86437 20 23 0
-6.86132 -4.90617 30 24 1
-8.15121 -0.294231 2.27374e-13 0 0
-8.22637 -0.296169 10 8 0
-8.30147 -0.302349 20 16 0
-8.37279 -0.301169 30 24 1
-3.72178 -3.71117 10 8 0
-3.7625 -3.74618 20 23 0
-3.79885 -3.78117 30 24 1
3.18508 6.93818 0 3 0
3.2125 6.99717 10 11 0
3.24302 7.06501 20 19 0
3.2675 7.12996 30 27 1
-2.2225 -5.95768 10 15 0
-2.24398 -6.00845 20 22 0
-2.2675 -6.06632 30 31 1
-0.93699 -4.78681 0 6 0
-0.9475 -4.83117 10 15 0
-0.955932 -4.87174 20 22 0
-0.9675 -4.91481 30 31 1
-6.56408 3.61461 1.13687e-13 1 0
-6.62607 3.6475 10 9 0
-6.68326 3.68021 20 17 0
-6.74764 3.7125 30 25 1
-4.94246 2.5225 10 9 0
-4.9969 2.54874 20 17 0
-5.03696 2.5675 30 25 1
-6.68507 3.25342 0 1 0
-6.75398 3.2875 10 9 0
-6.8146 3.3179 20 17 0
-6.87762 3.3475 30 25 1
1.41595 7.91603 0 2 0
1.4275 7.9911 10 11 0
1.4376 8.05975 20 18 0
1.4475 8.13131 30 27 1
-6.7063 -3.06117 10 8 0
-6.76235 -3.08374 20 23 0
-6.83201 -3.11617 30 24 1
-2.7175 -5.96477 10 15 0
-2.7452 -6.01995 20 23 0
-2.7725 -6.07634 30 31 1
-3.1925 -4.1346 10 15 0
-3.22489 -4.17293 20 23 0
-3.2525 -4.20875 30 31 1
1.47404 -5.94312 -1.13687e-13 6 0
1.48617 -5.99397 10 14 0
1.49839 -6.05418 20 22 0
1.51117 -6.10383 30 30 1
-5.03452 -2.76117 10 8 0
-5.08114 -2.78785 20 23 0
-5.12694 -2.81117 30 24 1
-1.7475 -7.64642 10 15 0
-1.76502 -7.71351 20 22 0
-1.7825 -7.78042 30 31 1
5.4401 0.44306 1.13687e-13 4 0
5.4893 0.451169 10 12 0
5.53155 0.453884 20 20 0
5.57916 0.456169 30 28 1
2.26077 -4.52728 -2.27374e-13 5 0
2.27617 -4.56366 10 14 0
2.29325 -4.60567 20 21 0
2.31117 -4.64816 30 30 1
5.43356 0.564829 0 4 0
5.48203 0.571169 10 12 0
5.53155 0.578359 20 20 0
5.57688 0.581169 30 28 1
4.10524 -5.64847 -2.27374e-13 5 0
4.13617 -5.69534 10 14 0
4.17579 -5.75346 20 21 0
4.20617 -5.80069 30 30 1
3.81107 -3.38349 0 5 0
3.84342 -3.4175 10 13 0
3.87575 -3.44816 20 21 0
3.90842 -3.4825 30 29 1
1.11558 4.66922 -1.13687e-13 2 0
1.1225 4.70918 10 11 0
1.13182 4.74762 20 18 0
1.1375 4.79489 30 27 1
1.40368 -7.04064 0 6 0
1.41117 -7.10691 10 14 0
1.42533 -7.17129 20 22 0
1.43117 -7.23298 30 30 1
7.60246 -1.54584 1.13687e-13 4 0
7.66148 -1.5575 10 13 0
7.73311 -1.5729 20 20 0
7.79755 -1.5875 30 29 1
-1.7542 -5.88433 0 6 0
-1.7725 -5.93194 10 15 0
-1.79208 -5.98885 20 22 0
-1.8075 -6.03765 30 31 1
-4.33442 -2.96617 10 8 0
-4.3763 -2.9938 20 23 0
-4.4177 -3.02117 30 24 1
4.40787 0.706169 10 12 0
4.44711 0.713658 20 20 0
4.47944 0.721169 30 28 1
-3.37117 4.36465 10 10 0
-3.40416 4.40016 20 17 0
-3.43617 4.4438 30 26 1
-3.47117 5.05862 10 10 0
-3.50564 5.10245 20 17 0
-3.53617 5.14484 30 26 1
5.34323 2.63663 -2.27374e-13 3 0
5.38914 2.65617 10 12 0
5.43086 2.67834 20 19 0
5.48156 2.70617 30 28 1
-5.90744 -5.37067 -1.13687e-13 7 0
-5.96418 -5.41617 10 8 0
-6.02326 -5.46735 20 23 0
-6.07832 -5.51617 30 24 1
4.22418 -3.03505 -1.13687e-13 5 0
4.25916 -3.0625 10 13 0
4.2938 -3.08554 20 21 0
4.33538 -3.1175 30 29 1
-1.78117 7.32135 10 10 0
-1.79876 7.38034 20 18 0
-1.81617 7.44827 30 26 1
-5.22714 -2.44784 1.13687e-13 7 0
-5.27485 -2.47117 10 8 0
-5.32131 -2.49226 20 23 0
-5.36934 -2.51617 30 24 1
-5.85166 -1.28462 0 0 0
-5.91004 -1.29617 10 8 0
-5.96925 -1.30627 20 16 0
-6.02196 -1.31617 30 24 1
2.3441 8.26227 0 2 0
2.3675 8.33713 10 11 0
2.38469 8.41253 20 18 0
2.4075 8.49027 30 27 1
-0.160373 -6.06071 0 6 0
-0.1625 -6.11092 10 15 0
-0.165785 -6.16524 20 22 0
-0.1725 -6.22699 30 31 1
4.32185 -4.6558 -1.13687e-13 5 0
4.36117 -4.70412 10 14 0
4.39464 -4.74007 20 21 0
4.43117 -4.78119 30 30 1
-5.30245 -5.72621 1.13687e-13 7 0
-5.3525 -5.77842 10 15 0
-5.40408 -5.82784 20 23 0
-5.4525 -5.87842 30 31 1
-1.41054 -5.7602 0 6 0
-1.4275 -5.81321 10 15 0
-1.44301 -5.86473 20 22 0
-1.4575 -5.921 30 31 1
-7.8507 0.67451 0 0 0
-7.927 0.6775 10 9 0
-8.00749 0.685334 20 16 0
-8.07635 0.6925 30 25 1
-8.05975 2.63364 0 0 0
-8.13216 2.6575 10 9 0
-8.21001 2.67964 20 16 0
-8.28323 2.7025 30 25 1
-1.32617 7.99772 10 10 0
-1.33603 8.06629 20 18 0
-1.35117 8.14293 30 26 1
-5.4009 -1.36309 0 0 0
-5.45264 -1.37617 10 8 0
-5.50542 -1.39015 20 16 0
-5.55542 -1.40117 30 24 1
4.46439 5.27084 0 3 0
4.5025 5.31733 10 11 0
4.54259 5.36817 20 19 0
4.5825 5.41854 30 27 1
-5.78416 5.42928 0 1 0
-5.83978 5.4775 10 9 0
-5.89344 5.52325 20 17 0
-5.94892 5.5725 30 25 1
-2.4675 -5.88448 10 15 0
-2.49742 -5.94438 20 23 0
-2.5175 -5.99105 30 31 1
-5.75268 4.64774 1.13687e-13 1 0
-5.80431 4.6925 10 9 0
-5.85655 4.72865 20 17 0
-5.91259 4.7725 30 25 1
-7.17782 1.40242 0 0 0
-7.24071 1.4125 10 9 0
-7.30848 1.42948 20 16 1
-6.94585 -2.96492 0 7 0
-7.01107 -2.99117 10 8 0
-7.0765 -3.01904 20 23 0
-7.14385 -3.04617 30 24 1
-2.34617 6.98125 10 10 0
-2.36701 7.04064 20 18 0
-2.39117 7.10404 30 26 1
4.89787 -0.614978 0 4 0
4.94458 -0.6225 10 13 0
4.98933 -0.631214 20 20 0
5.03029 -0.6375 30 29 1
2.53478 -6.88385 0 6 0
2.55617 -6.95084 10 14 0
2.57537 -7.00797 20 22 0
2.59617 -7.06862 30 30 1
-5.20542 -1.05117 10 8 0
-5.26371 -1.06273 20 16 0
-5.31027 -1.07117 30 24 1
4.67576 -1.5729 0 4 0
4.70956 -1.5825 10 13 0
4.75415 -1.59995 20 20 0
4.79613 -1.6125 30 29 1
-4.94122 -1.00617 10 8 0
-4.98933 -1.01943 20 16 0
-5.03193 -1.02617 30 24 1
4.38618 4.25887 0 3 0
4.42698 4.29617 10 12 0
4.46009 4.33278 20 19 0
4.49991 4.37617 30 28 1
0.662245 -5.52502 -1.13687e-13 6 0
0.666169 -5.56995 10 14 0
0.670363 -5.62301 20 22 0
0.676169 -5.67188 30 30 1
7.72658 -2.57681 1.13687e-13 4 0
7.79017 -2.6125 10 13 0
7.8507 -2.64988 20 20 0
7.90967 -2.6825 30 29 1
1.8177 -6.86425 -1.13687e-13 6 0
1.83117 -6.93294 10 14 0
1.84476 -6.9949 20 22 0
1.85617 -7.05694 30 30 1
-6.18531 -6.14602 1.13687e-13 7 0
-6.24006 -6.20117 10 8 0
-6.30271 -6.25959 20 23 0
-6.35713 -6.31117 30 24 1
1.51066 5.96272 0 2 0
1.5275 6.01928 10 11 0
1.53501 6.07378 20 18 0
1.5475 6.12413 30 27 1
-6.64213 1.12641 0 0 0
-6.71115 1.1375 10 9 0
-6.76626 1.14535 20 16 0
-6.83722 1.1575 30 25 1
2.12987 5.08317 -1.13687e-13 3 0
2.1475 5.13314 10 11 0
2.16393 5.17845 20 19 0
2.1825 5.22471 30 27 1
2.99261 -2.93623 -2.27374e-13 5 0
3.02072 -2.9625 10 13 0
3.04805 -2.99166 20 21 0
3.06865 -3.0175 30 29 1
-1.83664 5.23758 1.13687e-13 2 0
-1.85617 5.2821 10 10 0
-1.87452 5.32904 20 18 0
-1.89617 5.37867 30 26 1
-4.07361 7.67568 -1.13687e-13 1 0
-4.11117 7.74216 10 10 0
-4.15386 7.81716 20 17 0
-4.19117 7.8858 30 26 1
4.5466 -2.38928 0 5 0
4.58704 -2.4075 10 13 0
4.62387 -2.43211 20 21 0
4.6674 -2.4525 30 29 1
-0.422853 -7.59592 -1.13687e-13 6 0
-0.4275 -7.66286 10 15 0
-0.436383 -7.73311 20 22 1
6.60294 2.28854 0 4 0
6.65841 2.30617 10 12 0
6.71399 2.32913 20 20 0
6.77412 2.35117 30 28 1
-5.96754 -4.40517 1.13687e-13 7 0
-6.02155 -4.44117 10 8 0
-6.08177 -4.48496 20 23 0
-6.13691 -4.52117 30 24 1
0.512151 5.28984 1.13687e-13 2 0
0.5175 5.34162 10 11 0
0.520269 5.38783 20 18 0
0.5225 5.43854 30 27 1
-2.04061 -4.48876 -1.13687e-13 7 0
-2.0675 -4.53696 10 15 0
-2.08614 -4.57257 20 23 0
-2.1075 -4.61231 30 31 1
-4.51434 3.8975 10 9 0
-4.55346 3.93453 20 17 0
-4.59848 3.9675 30 25 1
1.74067 5.45969 0 2 0
1.7525 5.50889 10 11 0
1.76502 5.55769 20 18 0
1.7775 5.6046 30 27 1
-3.48817 7.50354 0 1 0
-3.52117 7.57643 10 10 0
-3.55535 7.63961 20 17 0
-3.58617 7.70507 30 26 1
-0.613537 6.46575 0 2 0
-0.621169 6.52197 10 10 0
-0.629773 6.58334 20 18 0
-0.636169 6.63597 30 26 1
5.16572 -0.482385 0 4 0
5.21263 -0.4875 10 13 0
5.25064 -0.490503 20 20 0
5.29541 -0.4925 30 29 1
4.87827 -1.22924 0 4 0
4.92111 -1.2425 10 13 0
4.9632 -1.25359 20 20 0
5.00475 -1.2625 30 29 1
3.79738 4.11781 -1.13687e-13 3 0
3.8275 4.15442 10 11 0
3.86093 4.19284 20 19 0
3.8925 4.22649 30 27 1
0.525681 5.98885 1.13687e-13 2 0
0.5275 6.03751 10 11 0
0.531093 6.09338 20 18 0
0.5325 6.14858 30 27 1
-0.735306 8.57585 0 2 0
-0.741169 8.65723 10 10 0
-0.751542 8.73263 20 18 0
-0.761169 8.81158 30 26 1
0.3985 6.96224 0 2 0
0.4025 7.02974 10 11 0
0.401206 7.08636 20 18 0
0.4025 7.14995 30 27 1
-7.55019 -3.03268 0 0 0
-7.62554 -3.06117 10 8 0
-7.70045 -3.08951 20 16 0
-7.77247 -3.11617 30 24 1
4.69563 2.47122 1.13687e-13 3 0
4.74123 2.49617 10 12 0
4.77943 2.51676 20 19 0
4.82159 2.54117 30 28 1
-2.44571 5.02602 1.13687e-13 1 0
-2.47117 5.06979 10 10 0
-2.49395 5.11635 20 17 0
-2.52117 5.16221 30 26 1
-7.31501 0.798985 -1.13687e-13 0 0
-7.38525 0.8075 10 9 0
-7.4522 0.812515 20 16 0
-7.52045 0.8225 30 25 1
5.04159 1.30627 0 4 0
5.08651 1.32117 10 12 0
5.12652 1.33062 20 20 0
5.17515 1.34617 30 28 1
-1.04379 4.9828 -1.13687e-13 2 0
-1.05617 5.02657 10 10 0
-1.06814 5.06772 20 18 0
-1.08117 5.11521 30 26 1
0.916607 -5.25064 0 6 0
0.921169 -5.29462 10 14 0
0.930137 -5.34864 20 22 0
0.936169 -5.39448 30 30 1
6.97478 4.05388 -1.13687e-13 3 0
7.03627 4.09117 10 12 0
7.09666 4.12602 20 19 1
5.3225 0.410589 1.13687e-13 4 0
5.36445 0.411169 10 12 0
5.41396 0.416 20 20 0
5.4593 0.421169 30 28 1
-7.5306 -1.06544 -1.13687e-13 0 0
-7.59923 -1.07617 10 8 0
-7.66779 -1.08979 20 16 0
-7.74444 -1.10117 30 24 1
-5.10098 -3.26691 0 7 0
-5.15232 -3.29617 10 8 0
-5.20056 -3.32439 20 23 0
-5.25475 -3.35617 30 24 1
3.90742 -4.16483 1.13687e-13 5 0
3.94117 -4.19926 10 14 0
3.9775 -4.24257 20 21 0
4.00617 -4.2784 30 30 1
-7.57633 1.42677 0 0 0
-7.64048 1.4375 10 9 0
-7.71351 1.45113 20 16 0
-7.78569 1.4625 30 25 1
-1.2125 -6.02955 10 15 0
-1.22653 -6.08684 20 22 0
-1.2375 -6.1394 30 31 1
0.00739742 -6.97531 -1.13687e-13 6 0
0.00616865 -7.04542 10 14 0
0.00198546 -7.10596 20 22 0
0.00116865 -7.1677 30 30 1
8.13161 1.10332 1.13687e-13 4 0
8.20491 1.11617 10 12 0
8.27534 1.12497 20 20 0
8.35219 1.13617 30 28 1
-4.0751 6.62096 -1.13687e-13 1 0
-4.11617 6.67943 10 10 0
-4.15759 6.74173 20 17 0
-4.19617 6.80186 30 26 1
5.72303 6.34961 -2.27374e-13 3 0
5.7725 6.40348 10 11 0
5.817 6.45889 20 19 0
5.8725 6.52469 30 27 1
2.51014 -4.61975 -1.13687e-13 5 0
2.53117 -4.6631 10 14 0
2.54915 -4.70085 20 21 0
2.57117 -4.74552 30 30 1
3.61505 2.554 -2.27374e-13 3 0
3.64744 2.57617 10 12 0
3.67814 2.60178 20 19 0
3.70451 2.62617 30 28 1
-5.55179 -3.98942 0 7 0
-5.59948 -4.02617 10 8 0
-5.65949 -4.0665 20 23 0
-5.70984 -4.10117 30 24 1
6.87731 2.33183 1.13687e-13 4 0
6.93676 2.35117 10 12 0
6.9949 2.37513 20 20 0
7.05954 2.39617 30 28 1
-0.522975 -6.92304 -1.13687e-13 6 0
-0.5275 -6.98504 10 15 0
-0.539211 -7.0537 20 22 0
-0.5425 -7.11317 30 31 1
-6.41511 3.85597 -1.13687e-13 1 0
-6.48009 3.8975 10 9 0
-6.53699 3.92811 20 17 0
-6.59959 3.9675 30 25 1
0.345645 -5.7406 0 6 0
0.346169 -5.79443 10 14 0
0.345645 -5.84513 20 22 0
0.346169 -5.90049 30 30 1
6.32203 1.97735 0 4 0
6.3767 1.99617 10 12 0
6.43308 2.01794 20 20 0
6.48741 2.03617 30 28 1
-6.31549 1.62972 1.13687e-13 0 0
-6.3747 1.6425 10 9 0
-6.43308 1.65678 20 16 0
-6.48955 1.6725 30 25 1
1.1845 -5.27024 -1.13687e-13 6 0
1.19117 -5.31714 10 14 0
1.20073 -5.3617 20 22 0
1.20617 -5.40992 30 30 1
-2.45376 -4.67613 0 7 0
-2.4775 -4.71361 10 15 0
-2.50583 -4.76264 20 23 0
-2.5275 -4.79897 30 31 1
-2.24257 4.60092 0 1 0
-2.26617 4.64558 10 10 0
-2.28811 4.68472 20 17 0
-2.31117 4.72594 30 26 1
-0.0331923 -5.42703 1.13687e-13 6 0
-0.0375 -5.4768 10 15 0
-0.0413102 -5.52502 20 22 0
-0.0425 -5.57373 30 31 1
-2.3425 -5.63927 10 15 0
-2.37117 -5.69184 20 23 0
-2.3925 -5.73877 30 31 1
6.98549 4.30186 -1.13687e-13 3 0
7.04085 4.33617 10 12 0
7.10354 4.37782 20 19 0
7.16328 4.41617 30 28 1
1.35768 -8.07935 0 6 0
1.36617 -8.15793 10 14 0
1.37662 -8.22961 20 22 0
1.38617 -8.29814 30 30 1
-6.07378 -2.03147 1.13687e-13 0 0
-6.12764 -2.05117 10 8 0
-6.19137 -2.06935 20 16 0
-6.24042 -2.08617 30 24 1
-4.28496 -5.85677 0 7 0
-4.3275 -5.91307 10 15 0
-4.36587 -5.96064 20 23 0
-4.4125 -6.01929 30 31 1
6.02139 -3.36276 1.13687e-13 5 0
6.07409 -3.3925 10 13 0
6.1275 -3.42295 20 21 0
6.17651 -3.4525 30 29 1
-5.20022 -3.98992 -1.13687e-13 7 0
-5.24593 -4.02617 10 8 0
-5.30138 -4.0643 20 23 0
-5.34921 -4.10117 30 24 1
-5.8386 2.36845 1.13687e-13 0 0
-5.88933 2.3875 10 9 0
-5.94312 2.41175 20 16 0
-5.99797 2.4325 30 25 1
8.00749 2.08559 0 4 0
8.08476 2.10617 10 12 0
8.15121 2.12347 20 20 0
8.21875 2.14117 30 28 1
-7.23712 -3.08016 0 7 0
-7.30285 -3.10617 10 8 0
-7.37431 -3.13698 20 23 0
-7.43563 -3.16117 30 24 1
7.57072 3.62424 -2.27374e-13 3 0
7.63364 3.65617 10 12 0
7.70026 3.68872 20 19 0
7.76728 3.72617 30 28 1
-3.28291 7.79194 -1.13687e-13 1 0
-3.31617 7.8664 10 10 0
-3.34627 7.93184 20 17 0
-3.38117 8.00211 30 26 1
2.55465 4.65839 -2.27374e-13 3 0
2.5775 4.70047 10 11 0
2.59365 4.73949 20 19 0
2.6175 4.7829 30 27 1
-7.0537 1.55666 1.13687e-13 0 0
-7.11787 1.5725 10 9 0
-7.18436 1.58372 20 16 0
-7.25394 1.6025 30 25 1
-4.7372 4.28665 2.27374e-13 1 0
-4.78377 4.3225 10 9 0
-4.828 4.36214 20 17 0
-4.87291 4.3975 30 25 1
4.33605 0.765072 0 4 0
4.37388 0.771169 10 12 0
4.40791 0.778602 20 20 0
4.44545 0.786169 30 28 1
-5.32904 -1.69052 1.13687e-13 0 0
-5.38666 -1.70617 10 8 0
-5.43356 -1.72299 20 16 0
-5.48737 -1.73617 30 24 1
4.27335 2.05277 -1.13687e-13 3 0
4.30916 2.07117 10 12 0
4.34138 2.08636 20 19 0
4.38452 2.11117 30 28 1
-3.17117 3.85353 10 10 0
-3.20346 3.88948 20 17 0
-3.23617 3.9256 30 26 1
0.15352 -5.08079 -1.13687e-13 6 0
0.156169 -5.12359 10 14 0
0.156226 -5.16572 20 22 0
0.156169 -5.21552 30 30 1
-4.20004 -2.47117 10 8 0
-4.23934 -2.49328 20 23 0
-4.27333 -2.51617 30 24 1
6.11298 -2.0708 1.13687e-13 4 0
6.17416 -2.0925 10 13 0
6.2175 -2.10868 20 20 0
6.2728 -2.1275 30 29 1
0.498621 4.78681 0 2 0
0.4975 4.82665 10 11 0
0.501327 4.87174 20 18 0
0.5025 4.9165 30 27 1
5.60115 6.27748 0 3 0
5.6475 6.32798 10 11 0
5.69512 6.38676 20 19 0
5.7475 6.44919 30 27 1
3.08967 4.00326 -1.13687e-13 3 0
3.1175 4.03839 10 11 0
3.14016 4.07288 20 19 0
3.1675 4.1096 30 27 1
6.32203 -1.49713 0 4 0
6.37905 -1.5125 10 13 0
6.43308 -1.52689 20 20 0
6.48183 -1.5375 30 29 1
-3.28617 5.35446 10 10 0
-3.31999 5.39898 20 17 0
-3.35117 5.44774 30 26 1
-7.23662 -1.24132 1.13687e-13 0 0
-7.2984 -1.25617 10 8 0
-7.36728 -1.26297 20 16 0
-7.43153 -1.27617 30 24 1
-7.64296 3.73678 0 1 0
-7.71274 3.7725 10 9 0
-7.78556 3.80667 20 17 0
-7.85552 3.8375 30 25 1
-5.25638 -0.211169 10 8 0
-5.30944 -0.210346 20 16 0
-5.36037 -0.216169 30 24 1
-7.49899 -4.28725 1.13687e-13 7 0
-7.56825 -4.32617 10 8 0
-7.64047 -4.36751 20 23 0
-7.71189 -4.40617 30 24 1
7.19408 -3.28025 -1.13687e-13 5 0
7.25981 -3.3125 10 13 0
7.32091 -3.3382 20 21 0
7.39052 -3.3725 30 29 1
7.14748 3.5301 0 3 0
7.2063 3.56117 10 12 0
7.27319 3.59841 20 19 0
7.32787 3.62617 30 28 1
4.61043 -0.0358983 2.27374e-13 4 0
4.64949 -0.0375 10 13 0
4.69535 -0.0386043 20 20 0
4.73227 -0.0425 30 29 1
6.38243 -2.92782 -1.13687e-13 5 0
6.43812 -2.9575 10 13 0
6.4989 -2.98688 20 21 0
6.55676 -3.0125 30 29 1
4.58226 5.41166 -3.41061e-13 3 0
4.6225 5.45854 10 11 0
4.66699 5.5117 20 19 0
4.7025 5.55975 30 27 1
3.96529 3.92218 1.13687e-13 3 0
3.99506 3.95617 10 12 0
4.03267 3.99338 20 19 0
4.06506 4.02617 30 28 1
5.7406 0.908489 1.13687e-13 4 0
5.79167 0.916169 10 12 0
5.8386 0.922019 20 20 0
5.89152 0.931169 30 28 1
-8.00749 1.28065 1.13687e-13 0 0
-8.08238 1.2925 10 9 0
-8.15121 1.3023 20 16 0
-8.22966 1.3125 30 25 1
7.41954 0.445766 1.13687e-13 4 0
7.48335 0.451169 10 12 0
7.55019 0.451178 20 20 0
7.61562 0.456169 30 28 1
3.05426 -4.57453 -1.13687e-13 5 0
3.07617 -4.61413 10 14 0
3.10362 -4.65451 20 21 0
3.12617 -4.69241 30 30 1
-4.70115 -2.16617 10 8 0
-4.7439 -2.18273 20 23 0
-4.79064 -2.20617 30 24 1
4.71242 -6.94448 -2.27374e-13 5 0
4.75117 -7.0033 10 14 0
4.79108 -7.06907 20 21 0
4.83117 -7.1328 30 30 1
-3.5825 -3.90235 10 15 0
-3.6126 -3.93304 20 23 0
-3.6525 -3.97235 30 31 1
-6.90263 4.14451 1.13687e-13 1 0
-6.96515 4.1775 10 9 0
-7.03488 4.21552 20 17 0
-7.09672 4.2525 30 25 1
-5.57531 6.19245 1.13687e-13 1 0
-5.62617 6.24489 10 10 0
-5.67311 6.29791 20 17 0
-5.73117 6.35696 30 26 1
-8.17081 1.33747 0 0 0
-8.25051 1.3475 10 9 0
-8.3276 1.35912 20 16 0
-8.40987 1.3725 30 25 1
2.50737 -5.37086 -2.27374e-13 5 0
2.53117 -5.4197 10 14 0
2.55449 -5.47156 20 21 0
2.57117 -5.51627 30 30 1
-7.64165 -2.75667 0 0 0
-7.72031 -2.78117 10 8 0
-7.79191 -2.80809 20 16 0
-7.86223 -2.83117 30 24 1
-1.65534 6.56374 -2.27374e-13 2 0
-1.67617 6.62238 10 10 0
-1.69322 6.68133 20 18 0
-1.71117 6.74223 30 26 1
-0.617684 -5.7798 0 6 0
-0.6225 -5.82846 10 15 0
-0.628508 -5.88433 20 22 0
-0.6375 -5.93538 30 31 1
-0.204934 6.2371 -1.13687e-13 2 0
-0.211169 6.29582 10 10 0
-0.213052 6.34816 20 18 0
-0.216169 6.40689 30 26 1
-7.25534 -3.92115 -1.13687e-13 7 0
-7.33053 -3.96117 10 8 0
-7.39411 -3.99486 20 23 0
-7.46417 -4.03117 30 24 1
7.46527 2.97045 1.13687e-13 4 0
7.52519 2.99617 10 12 0
7.59592 3.02457 20 20 0
7.65797 3.05117 30 28 1
0.314614 6.64213 -1.13687e-13 2 0
0.3125 6.69933 10 11 0
0.314614 6.75972 20 18 0
0.3125 6.81954 30 27 1
-6.36122 -2.32913 0 0 0
-6.42057 -2.35117 10 8 0
-6.47881 -2.37242 20 16 0
-6.53835 -2.39117 30 24 1
-7.73965 2.24127 1.13687e-13 0 0
-7.81494 2.2625 10 9 0
-7.88337 2.27916 20 16 0
-7.94894 2.2975 30 25 1
5.52502 0.115637 1.13687e-13 4 0
5.57857 0.116169 10 12 0
5.62301 0.118343 20 20 0
5.67549 0.121169 30 28 1
-2.28598 4.4836 0 1 0
-2.30617 4.52295 10 10 0
-2.32881 4.56087 20 17 0
-2.35117 4.6033 30 26 1
5.01497 -3.9904 -1.13687e-13 5 0
5.06153 -4.0275 10 13 0
5.10577 -4.06589 20 21 0
5.15067 -4.1025 30 29 1
0.198257 5.22451 1.13687e-13 2 0
0.1975 5.26911 10 11 0
0.198257 5.31597 20 18 0
0.1975 5.3681 30 27 1
-5.87775 3.46021 0 1 0
-5.92867 3.4875 10 9 0
-5.99039 3.5231 20 17 0
-6.04317 3.5525 30 25 1
5.3421 2.03688 1.13687e-13 4 0
5.39018 2.05617 10 12 0
5.43356 2.07477 20 20 0
5.48675 2.09617 30 28 1
4.50235 -3.5237 -1.13687e-13 5 0
4.53703 -3.5525 10 13 0
4.58392 -3.58996 20 21 0
4.61617 -3.6175 30 29 1
-2.82324 3.80776 2.27374e-13 1 0
-2.85117 3.83758 10 10 0
-2.87755 3.87355 20 17 0
-2.90617 3.90672 30 26 1
-2.05853 8.08589 0 2 0
-2.08117 8.15875 10 10 0
-2.10183 8.22961 20 18 0
-2.12117 8.30482 30 26 1
-2.9325 -5.26761 10 15 0
-2.96151 -5.31399 20 23 0
-2.9925 -5.36296 30 31 1
-6.64307 4.36712 1.13687e-13 1 0
-6.70225 4.4025 10 9 0
-6.76765 4.44578 20 17 0
-6.83175 4.4825 30 25 1
2.67549 -6.62253 0 6 0
2.69617 -6.68779 10 14 0
2.7215 -6.74666 20 22 0
2.74117 -6.8035 30 30 1
-2.4225 -6.4688 10 15 0
-2.44693 -6.52454 20 22 0
-2.4725 -6.58951 30 31 1
7.31501 -1.79479 0 4 0
7.38615 -1.8125 10 13 0
7.44567 -1.82726 20 20 0
7.50808 -1.8425 30 29 1
0.0818999 5.49236 0 2 0
0.0825 5.54302 10 11 0
0.079194 5.59035 20 18 0
0.0825 5.64201 30 27 1
1.28336 4.59083 0 2 0
1.2925 4.6317 10 11 0
1.3023 4.67576 20 18 0
1.3125 4.71534 30 27 1
5.45781 -4.09265 -1.13687e-13 5 0
5.50094 -4.1275 10 13 0
5.55244 -4.16432 20 21 0
5.59715 -4.2025 30 29 1
5.70083 5.19849 -1.13687e-13 3 0
5.75175 5.24617 10 12 0
5.80628 5.29629 20 19 0
5.85382 5.34117 30 28 1
6.8145 -4.45437 -1.13687e-13 5 0
6.87503 -4.4975 10 13 0
6.93527 -4.53686 20 21 0
6.99039 -4.5775 30 29 1
-6.89691 0.723217 1.13687e-13 0 0
-6.95669 0.7325 10 9 0
-7.02104 0.736747 20 16 0
-7.0869 0.7425 30 25 1
3.19159 -4.03069 -2.27374e-13 5 0
3.22117 -4.06616 10 14 0
3.24861 -4.10301 20 21 0
3.27117 -4.13737 30 30 1
4.1247 1.23617 10 12 0
4.15966 1.24944 20 20 0
4.1942 1.25617 30 28 1
1.0317 5.27677 1.13687e-13 2 0
1.0375 5.32422 10 11 0
1.04523 5.37477 20 18 0
1.0525 5.417 30 27 1
-6.6356 0.652862 0 0 0
-6.69784 0.6575 10 9 0
-6.76626 0.663686 20 16 0
-6.82098 0.6675 30 25 1
5.62301 -0.807103 -1.13687e-13 4 0
5.67198 -0.8125 10 13 0
5.72101 -0.820633 20 20 0
5.77183 -0.8275 30 29 1
5.3617 -0.693452 1.13687e-13 4 0
5.40141 -0.6975 10 13 0
5.45316 -0.704275 20 20 0
5.49419 -0.7125 30 29 1
0.33085 4.85214 -1.13687e-13 2 0
0.3325 4.89499 10 11 0
0.33085 4.9436 20 18 0
0.3325 4.98692 30 27 1
-5.10452 5.59155 -1.13687e-13 1 0
-5.15117 5.64261 10 10 0
-5.19961 5.69047 20 17 0
-5.24617 5.73761 30 26 1
-6.23057 0.874752 0 0 0
-6.28645 0.8825 10 9 0
-6.34162 0.888282 20 16 0
-6.40751 0.8975 30 25 1
-6.87768 5.57375 0 1 0
-6.94437 5.6275 10 9 0
-7.00656 5.67584 20 17 0
-7.07266 5.7275 30 25 1
-8.40599 -1.61746 1.13687e-13 0 0
-8.48657 -1.63117 10 8 0
-8.56931 -1.64722 20 16 0
-8.64385 -1.66117 30 24 1
-5.96715 2.53932 1.13687e-13 1 0
-6.0219 2.5625 10 9 0
-6.08474 2.58803 20 17 0
-6.14262 2.6125 30 25 1
-4.71163 2.7725 10 9 0
-4.75198 2.79366 20 17 0
-4.79698 2.8225 30 25 1
-6.74172 1.0125 10 9 0
-6.80545 1.02088 20 16 0
-6.86778 1.0325 30 25 1
3.57774 4.47603 -1.13687e-13 3 0
3.6075 4.51425 10 11 0
3.63747 4.55489 20 19 0
3.6725 4.60046 30 27 1
1.28336 4.21193 0 2 0
1.2925 4.24986 10 11 0
1.3023 4.28379 20 18 0
1.3125 4.31936 30 27 1
-7.69392 0.447207 1.13687e-13 0 0
-7.76564 0.4525 10 9 0
-7.83111 0.455325 20 16 0
-7.90499 0.4575 30 25 1
5.42703 2.13159 0 4 0
5.47104 2.15117 10 12 0
5.51849 2.16948 20 20 0
5.5676 2.19117 30 28 1
2.04632 4.21512 -2.27374e-13 3 0
2.0675 4.25411 10 11 0
2.0788 4.29351 20 19 0
2.0975 4.33361 30 27 1
6.44615 -0.893694 1.13687e-13 4 0
6.49737 -0.9025 10 13 0
6.55721 -0.912636 20 20 0
6.61136 -0.9175 30 29 1
-0.59333 -4.85867 1.13687e-13 6 0
-0.6025 -4.90336 10 15 0
-0.60686 -4.9436 20 22 0
-0.6125 -4.99114 30 31 1
0.355204 4.80641 0 2 0
0.3575 4.84928 10 11 0
0.35791 4.89134 20 18 0
0.3575 4.93413 30 27 1
-4.86677 -3.7598 0 7 0
-4.90986 -3.79617 10 8 0
-4.9614 -3.83147 20 23 0
-5.00815 -3.86617 30 24 1
-3.3075 -4.39103 10 15 0
-3.33696 -4.43041 20 23 0
-3.3725 -4.47017 30 31 1
0.328144 4.45364 0 2 0
0.3275 4.48694 10 11 0
0.328144 4.53203 20 18 0
0.3275 4.57179 30 27 1
-0.49718 7.9487 -1.13687e-13 2 0
-0.501169 8.01418 10 10 0
-0.508004 8.09242 20 18 0
-0.516169 8.16353 30 26 1
1.97512 4.14774 1.13687e-13 3 0
1.9925 4.18618 10 11 0
2.00488 4.2196 20 19 0
2.0225 4.25861 30 27 1
7.48487 3.05433 1.13687e-13 4 0
7.55362 3.08117 10 12 0
7.62206 3.11116 20 20 0
7.68433 3.14117 30 28 1
1.19947 5.66874 1.13687e-13 2 0
1.2075 5.72049 10 11 0
1.21841 5.76674 20 18 0
1.2275 5.82535 30 27 1
1.37806 5.77327 -1.13687e-13 2 0
1.3875 5.82978 10 11 0
1.39701 5.88433 20 18 0
1.4075 5.93464 30 27 1
2.86677 5.46417 -1.13687e-13 3 0
2.8875 5.51252 10 11 0
2.91389 5.56487 20 19 0
2.9375 5.61202 30 27 1
4.22569 -2.89497 -1.13687e-13 5 0
4.26058 -2.9225 10 13 0
4.30184 -2.94816 20 21 0
4.3368 -2.9775 30 29 1
-8.3668 -1.12497 0 0 0
-8.45119 -1.13617 10 8 0
-8.53012 -1.14391 20 16 0
-8.60554 -1.15617 30 24 1
2.90009 3.23201 1.13687e-13 3 0
2.9225 3.26356 10 11 0
2.94517 3.28856 20 19 0
2.9675 3.31563 30 27 1
-7.85177 3.35243 0 1 0
-7.92878 3.3875 10 9 0
-8.00202 3.41467 20 17 0
-8.07363 3.4475 30 25 1
7.35421 1.56063 2.27374e-13 4 0
7.42748 1.57617 10 12 0
7.4914 1.5904 20 20 0
7.55147 1.60117 30 28 1
5.34864 0.372705 0 4 0
5.39309 0.376169 10 12 0
5.4401 0.378117 20 20 0
5.49002 0.381169 30 28 1
-5.37097 -2.28553 1.13687e-13 7 0
-5.41597 -2.30117 10 8 0
-5.46897 -2.32612 20 23 0
-5.51754 -2.34617 30 24 1
-5.49788 -0.601169 10 8 0
-5.55115 -0.608125 20 16 0
-5.59981 -0.611169 30 24 1
-0.999227 -7.17129 0 6 0
-1.0075 -7.23876 10 15 0
-1.02088 -7.30195 20 22 0
-1.0325 -7.36983 30 31 1
-8.37986 1.82996 -1.13687e-13 0 0
-8.4606 1.8475 10 9 0
-8.54318 1.86514 20 16 0
-8.62288 1.8825 30 25 1
6.50568 -4.37516 -2.27374e-13 5 0
6.56376 -4.4125 10 13 0
6.61991 -4.45494 20 21 0
6.67204 -4.4925 30 29 1
1.79876 -6.16524 0 6 0
1.81117 -6.22705 10 14 0
1.82582 -6.28283 20 22 0
1.84117 -6.3419 30 30 1
-1.81244 4.25498 0 1 0
-1.83117 4.29544 10 10 0
-1.84874 4.32955 20 17 0
-1.86617 4.36579 30 26 1
5.15152 -4.99946 1.13687e-13 5 0
5.19972 -5.0425 10 13 0
5.2412 -5.08532 20 21 0
5.28265 -5.1325 30 29 1
-2.2461 -4.6713 1.13687e-13 7 0
-2.2725 -4.72074 10 15 0
-2.29435 -4.76163 20 23 0
-2.3175 -4.8011 30 31 1
-6.26976 -1.46321 1.13687e-13 0 0
-6.33046 -1.47617 10 8 0
-6.38735 -1.49027 20 16 0
-6.44738 -1.50117 30 24 1
3.01248 8.05975 0 2 0
3.0375 8.13032 10 11 0
3.06389 8.19694 20 18 0
3.0875 8.27225 30 27 1
-0.841169 8.09255 10 10 0
-0.851663 8.16428 20 18 0
-0.861169 8.23276 30 26 1
5.95417 2.47839 1.13687e-13 3 0
6.00988 2.50617 10 12 0
6.0614 2.52822 20 19 0
6.11145 2.55117 30 28 1
5.48766 6.31706 -2.27374e-13 3 0
5.5375 6.37354 10 11 0
5.58434 6.43288 20 19 0
5.6325 6.48975 30 27 1
3.45537 -5.8826 0 5 0
3.48617 -5.93629 10 14 0
3.51555 -5.98871 20 21 0
3.54617 -6.04579 30 30 1
-8.15775 1.78667 1.13687e-13 0 0
-8.23882 1.8025 10 9 0
-8.31453 1.81914 20 16 0
-8.38903 1.8325 30 25 1
-5.81882 4.95115 1.13687e-13 1 0
-5.87597 4.9975 10 9 0
-5.9254 5.03859 20 17 0
-5.98218 5.0825 30 25 1
-4.78143 -0.726169 10 8 0
-4.83254 -0.7326 20 16 0
-4.87421 -0.741169 30 24 1
-4.68028 -5.07343 0 7 0
-4.7225 -5.12013 10 15 0
-4.76614 -5.16311 20 23 0
-4.8125 -5.21013 30 31 1
-5.91154 6.58609 0 1 0
-5.96617 6.64853 10 10 0
-6.02129 6.70731 20 17 0
-6.07617 6.7656 30 26 1
-5.24018 -1.90617 10 8 0
-5.28331 -1.92053 20 16 0
-5.33382 -1.93617 30 24 1
-6.11298 0.382264 1.13687e-13 0 0
-6.16829 0.3825 10 9 0
-6.23057 0.387676 20 16 0
-6.28435 0.3925 30 25 1
-4.45904 -6.7082 0 7 0
-4.4975 -6.76189 10 15 0
-4.54153 -6.82896 20 23 0
-4.5825 -6.88932 30 31 1
3.0856 3.53615 0 3 0
3.1125 3.57377 10 11 0
3.13338 3.59924 20 19 0
3.1625 3.63084 30 27 1
3.29942 6.79613 -2.27374e-13 3 0
3.3275 6.85762 10 11 0
3.35466 6.91642 20 19 0
3.3825 6.98333 30 27 1
-8.2884 -2.66738 1.13687e-13 0 0
-8.37277 -2.69117 10 8 0
-8.44519 -2.71608 20 16 0
-8.52884 -2.74117 30 24 1
4.18118 -7.05998 0 5 0
4.21617 -7.11884 10 14 0
4.2506 -7.17532 20 21 0
4.28617 -7.2242 30 30 1
-5.77748 3.81916 0 1 0
-5.82698 3.8525 10 9 0
-5.8863 3.88589 20 17 0
-5.93941 3.9225 30 25 1
-5.06391 1.8025 10 9 0
-5.11345 1.81914 20 16 0
-5.16255 1.8375 30 25 1
6.52438 5.03089 0 3 0
6.58584 5.07617 10 12 0
6.64402 5.12375 20 19 0
6.70205 5.17117 30 28 1
7.20396 -2.67964 0 4 0
7.26499 -2.7025 10 13 0
7.33461 -2.72835 20 20 0
7.39277 -2.7525 30 29 1
6.30243 -2.42528 1.13687e-13 4 0
6.35945 -2.4475 10 13 0
6.40695 -2.46857 20 20 0
6.46809 -2.4925 30 29 1
-5.22874 6.71457 -1.13687e-13 1 0
-5.27617 6.77877 10 10 0
-5.32812 6.83691 20 17 0
-5.37617 6.89291 30 26 1
3.52287 -6.64658 0 5 0
3.55617 -6.70633 10 14 0
3.58464 -6.76959 20 21 0
3.61117 -6.82497 30 30 1
-1.24403 5.20491 -1.13687e-13 2 0
-1.25617 5.25486 10 10 0
-1.27109 5.29637 20 18 0
-1.28617 5.3485 30 26 1
4.0813 1.74592 -1.13687e-13 3 0
4.1123 1.76117 10 12 0
4.14934 1.77951 20 19 0
4.18972 1.79617 30 28 1
-3.42524 -6.64259 -1.13687e-13 7 0
-3.4625 -6.7027 10 15 0
-3.49737 -6.76447 20 23 0
-3.5275 -6.82427 30 31 1
-3.64897 -3.22117 10 8 0
-3.68658 -3.2493 20 23 0
-3.71811 -3.27617 30 24 1
5.95555 3.85359 0 3 0
6.00395 3.88617 10 12 0
6.06053 3.92414 20 19 0
6.10931 3.95617 30 28 1
2.75163 4.03643 -1.13687e-13 3 0
2.7725 4.07523 10 11 0
2.79829 4.10987 20 19 0
2.8175 4.14851 30 27 1
-3.3925 -5.39527 10 15 0
-3.42553 -5.44125 20 23 0
-3.4575 -5.48855 30 31 1
0.148108 -6.46575 1.13687e-13 6 0
0.146169 -6.52781 10 14 0
0.142696 -6.58334 20 22 0
0.141169 -6.64302 30 30 1
3.35653 5.73198 -1.13687e-13 3 0
3.3825 5.78124 10 11 0
3.41672 5.83809 20 19 0
3.4425 5.89074 30 27 1
2.79059 7.38034 0 2 0
2.8125 7.43863 10 11 0
2.83929 7.511 20 18 0
2.8625 7.58055 30 27 1
-4.82563 -0.551169 10 8 0
-4.86521 -0.556711 20 16 0
-4.91341 -0.561169 30 24 1
-4.5361 2.0525 10 9 0
-4.57752 2.07196 20 17 0
-4.61852 2.0925 30 25 1
-6.71686 -5.74382 1.13687e-13 7 0
-6.78258 -5.79617 10 8 0
-6.84191 -5.84974 20 23 0
-6.9088 -5.90117 30 24 1
4.85867 0.142696 0 4 0
4.90353 0.141169 10 12 0
4.9436 0.145402 20 20 1
3.18897 -7.30384 0 5 0
3.21617 -7.37042 10 14 0
3.23656 -7.43179 20 21 1
-3.7975 -4.28706 10 15 0
-3.83329 -4.32211 20 23 0
-3.8675 -4.35706 30 31 1
-6.71763 4.40342 1.13687e-13 1 0
-6.77761 4.4425 10 9 0
-6.84222 4.48208 20 17 0
-6.9071 4.5225 30 25 1
3.35944 -4.5927 -2.27374e-13 5 0
3.38617 -4.62714 10 14 0
3.41534 -4.67539 20 21 0
3.44617 -4.71543 30 30 1
5.43916 4.84116 0 3 0
5.49075 4.88617 10 12 0
5.53538 4.92972 20 19 0
5.58074 4.97617 30 28 1
7.28888 -0.966756 1.13687e-13 4 0
7.34518 -0.9725 10 13 0
7.41301 -0.980285 20 20 0
7.47332 -0.9875 30 29 1
4.83254 0.294231 2.27374e-13 4 0
4.87469 0.296169 10 12 0
4.91094 0.299643 20 20 0
4.95747 0.301169 30 28 1
1.94883 3.82296 -1.13687e-13 3 0
1.9625 3.8592 10 11 0
1.97859 3.89482 20 19 0
1.9925 3.92455 30 27 1
-4.97079 -2.47117 10 8 0
-5.02041 -2.49751 20 23 0
-5.06529 -2.51617 30 24 1
-1.68113 -8.32107 -1.13687e-13 6 0
-1.6975 -8.39545 10 15 0
-1.71631 -8.47132 20 22 0
-1.7325 -8.55066 30 31 1
-6.02375 -5.11577 1.13687e-13 7 0
-6.07687 -5.16117 10 8 0
-6.13303 -5.20975 20 23 0
-6.19309 -5.25617 30 24 1
3.94746 -4.07859 0 5 0
3.98117 -4.11198 10 14 0
4.01484 -4.1498 20 21 0
4.04617 -4.18405 30 30 1
7.72005 1.43616 1.13687e-13 4 0
7.78331 1.45117 10 12 0
7.8507 1.46321 20 20 0
7.92145 1.47617 30 28 1
-6.83812 -0.058811 0 0 0
-6.90243 -0.0611686 10 8 0
-6.96877 -0.058811 20 16 0
-7.02971 -0.0611686 30 24 1
-5.4216 0.1025 10 9 0
-5.47276 0.106254 20 16 0
-5.52559 0.1075 30 25 1
4.54885 -3.28319 -1.13687e-13 5 0
4.58695 -3.3125 10 13 0
4.62771 -3.34291 20 21 0
4.66316 -3.3675 30 29 1
-4.25555 -6.03401 0 7 0
-4.2975 -6.08813 10 15 0
-4.33916 -6.14441 20 23 0
-4.3775 -6.19642 30 31 1
-1.6975 -7.30651 10 15 0
-1.71631 -7.37381 20 22 0
-1.7325 -7.4405 30 31 1
-2.28117 7.37587 10 10 0
-2.30477 7.43914 20 18 0
-2.32617 7.5128 30 26 1
4.94386 -2.78655 -2.27374e-13 5 0
4.97997 -2.8075 10 13 0
5.03038 -2.83862 20 21 0
5.06533 -2.8575 30 29 1
-6.2058 4.59189 0 1 0
-6.26757 4.6325 10 9 0
-6.32003 4.67168 20 17 0
-6.38292 4.7125 30 25 1
-3.3725 -4.69644 10 15 0
-3.40581 -4.74035 20 23 0
-3.4375 -4.78266 30 31 1
-3.09578 -6.7226 -1.13687e-13 7 0
-3.1275 -6.78489 10 15 0
-3.15755 -6.8456 20 23 0
-3.1875 -6.90853 30 31 1
2.33057 7.11903 0 2 0
2.3475 7.18576 10 11 0
2.36845 7.24968 20 18 1
1.93279 4.74762 -2.27374e-13 2 0
1.9475 4.79172 10 11 0
1.96256 4.83254 20 18 0
1.9775 4.87122 30 27 1
-7.17129 -2.34536 1.13687e-13 0 0
-7.24167 -2.36617 10 8 0
-7.30848 -2.38595 20 16 0
-7.37859 -2.41117 30 24 1
-8.34066 1.35912 1.13687e-13 0 0
-8.41901 1.3675 10 9 0
-8.49745 1.38077 20 16 0
-8.57129 1.3925 30 25 1
-0.361881 5.83206 0 2 0
-0.371169 5.88307 10 10 0
-0.372705 5.93659 20 18 0
-0.381169 5.99206 30 26 1
-4.9325 -4.57176 0 7 0
-4.98033 -4.61617 10 8 0
-5.02601 -4.65379 20 23 0
-5.07447 -4.69617 30 24 1
0.265907 5.51849 0 2 0
0.2675 5.57245 10 11 0
0.265907 5.62301 20 18 0
0.2675 5.67145 30 27 1
4.20539 -1.36183 1.13687e-13 4 0
4.23794 -1.3725 10 13 0
4.27725 -1.38618 20 20 0
4.31243 -1.3975 30 29 1
5.3225 0.269878 1.13687e-13 4 0
5.36587 0.271169 10 12 0
5.41396 0.275289 20 20 0
5.4628 0.276169 30 28 1
-6.87731 -2.28313 0 0 0
-6.94332 -2.30117 10 8 0
-7.00797 -2.32642 20 16 0
-7.07318 -2.34617 30 24 1
7.04064 2.41572 1.13687e-13 4 0
7.10661 2.43617 10 12 0
7.17129 2.45902 20 20 0
7.22939 2.48117 30 28 1
-5.31717 -0.491169 10 8 0
-5.36823 -0.494474 20 16 0
-5.4191 -0.501169 30 24 1
-6.32856 -1.32521 -1.13687e-13 0 0
-6.38845 -1.33617 10 8 0
-6.45268 -1.34956 20 16 0
-6.51244 -1.36117 30 24 1
-3.48516 -6.65658 0 7 0
-3.5175 -6.71528 10 15 0
-3.55076 -6.77576 20 23 0
-3.5825 -6.83684 30 31 1
-4.27185 6.44269 0 1 0
-4.31117 6.49966 10 10 0
-4.35164 6.55692 20 17 0
-4.39617 6.62002 30 26 1
-5.71614 4.10224 -1.13687e-13 1 0
-5.77257 4.1375 10 9 0
-5.82766 4.17549 20 17 0
-5.88292 4.2125 30 25 1
0.0317512 -7.83111 1.13687e-13 6 0
0.0311686 -7.9048 10 14 0
0.0263393 -7.97483 20 22 0
0.0261686 -8.0483 30 30 1
5.20948 -3.83284 0 5 0
5.25508 -3.8675 10 13 0
5.29758 -3.9018 20 21 0
5.3463 -3.9375 30 29 1
-7.38034 -2.89738 0 0 0
-7.44812 -2.92617 10 8 0
-7.51753 -2.95421 20 16 0
-7.58797 -2.98117 30 24 1
-5.62301 -0.77319 1.13687e-13 0 0
-5.67788 -0.781169 10 8 0
-5.73407 -0.78672 20 16 0
-5.78481 -0.796169 30 24 1
3.24279 -7.7212 0 5 0
3.27117 -7.79312 10 14 0
3.29849 -7.86875 20 21 0
3.32117 -7.93504 30 30 1
-2.39678 7.4914 -1.13687e-13 2 0
-2.42117 7.5583 10 10 0
-2.44819 7.62859 20 18 0
-2.47117 7.69315 30 26 1
-0.236141 -5.81247 1.13687e-13 6 0
-0.2425 -5.86565 10 15 0
-0.244259 -5.91046 20 22 0
-0.2475 -5.96258 30 31 1
4.9653 3.06999 -2.27374e-13 3 0
5.00182 3.09617 10 12 0
5.04798 3.12589 20 19 0
5.09718 3.15617 30 28 1
4.94482 6.66588 0 3 0
4.9875 6.72864 10 11 0
5.02732 6.78664 20 19 0
5.0725 6.84899 30 27 1
4.37651 -4.97069 0 5 0
4.41617 -5.02074 10 14 0
4.45201 -5.06149 20 21 1
1.58101 5.25718 -1.13687e-13 2 0
1.5925 5.30646 10 11 0
1.60266 5.34864 20 18 0
1.6125 5.39717 30 27 1
-3.77203 2.7875 10 9 0
-3.80786 2.8139 20 17 0
-3.84324 2.8375 30 25 1
-0.0966948 7.0733 -1.13687e-13 2 0
-0.101169 7.13335 10 10 0
-0.104813 7.19742 20 18 0
-0.106169 7.25855 30 26 1
2.85144 6.77293 -1.13687e-13 3 0
2.8775 6.83895 10 11 0
2.90285 6.89705 20 19 0
2.9275 6.95966 30 27 1
-3.66537 -6.72582 0 7 0
-3.7025 -6.78714 10 15 0
-3.74021 -6.85423 20 23 0
-3.7725 -6.91371 30 31 1
4.91094 -0.338968 0 4 0
4.95449 -0.3425 10 13 0
4.99586 -0.347086 20 20 0
5.03727 -0.3475 30 29 1
-3.97688 2.9075 10 9 0
-4.02008 2.93428 20 17 0
-4.05517 2.9575 30 25 1
-5.49236 -0.713658 1.13687e-13 0 0
-5.54717 -0.721169 10 8 0
-5.59688 -0.724482 20 16 0
-5.6491 -0.731169 30 24 1
-4.92792 0.3725 10 9 0
-4.96973 0.374146 20 16 0
-5.01777 0.3775 30 25 1
-7.30086 4.21745 -1.13687e-13 1 0
-7.36542 4.2525 10 9 0
-7.4331 4.28847 20 17 0
-7.50406 4.3275 30 25 1
5.48583 -0.609566 1.13687e-13 4 0
5.52854 -0.6125 10 13 0
5.57728 -0.62039 20 20 0
5.63047 -0.6225 30 29 1
5.90843 -2.67195 -2.27374e-13 5 0
5.96099 -2.6925 10 13 0
6.00913 -2.71907 20 21 0
6.06048 -2.7425 30 29 1
0.789426 -5.25718 -1.13687e-13 6 0
0.791169 -5.29897 10 14 0
0.80025 -5.34864 20 22 0
0.806169 -5.39883 30 30 1
-7.00797 -1.73111 1.13687e-13 0 0
-7.07422 -1.74617 10 8 0
-7.14516 -1.76087 20 16 0
-7.21028 -1.77617 30 24 1
-5.81987 2.57573 1.13687e-13 1 0
-5.87306 2.5975 10 9 0
-5.93093 2.62174 20 17 0
-5.9867 2.6475 30 25 1
-5.0879 3.474 -1.13687e-13 1 0
-5.1305 3.5025 10 9 0
-5.18365 3.53531 20 17 0
-5.22585 3.5625 30 25 1
7.52406 -1.53501 0 4 0
7.58784 -1.5475 10 13 0
7.65472 -1.56207 20 20 0
7.71684 -1.5775 30 29 1
4.70659 -2.10918 0 5 0
4.74545 -2.1275 10 13 0
4.78769 -2.14819 20 21 0
4.82787 -2.1675 30 29 1
-0.322732 -4.924 -1.13687e-13 6 0
-0.3275 -4.96777 10 15 0
-0.333556 -5.01546 20 22 0
-0.3375 -5.05555 30 31 1
4.6516 2.24732 -1.13687e-13 3 0
4.68801 2.26617 10 12 0
4.72616 2.28362 20 19 0
4.76336 2.30617 30 28 1
-4.33031 -2.27617 10 8 0
-4.36694 -2.29177 20 23 0
-4.41274 -2.31617 30 24 1
-5.64915 1.06688 1.13687e-13 0 0
-5.70363 1.0775 10 9 0
-5.75367 1.08852 20 16 0
-5.80848 1.0975 30 25 1
5.39363 2.54927 0 3 0
5.43849 2.57117 10 12 0
5.4905 2.60022 20 19 0
5.53798 2.62117 30 28 1
-3.64148 -3.46117 10 8 0
-3.6804 -3.49569 20 23 0
-3.71355 -3.52617 30 24 1
1.26027 -4.63003 -1.13687e-13 6 0
1.27117 -4.67589 10 14 0
1.27921 -4.71495 20 22 0
1.29117 -4.75953 30 30 1
7.79191 2.86762 1.13687e-13 4 0
7.86566 2.89117 10 12 0
7.93563 2.91633 20 20 0
8.00052 2.94117 30 28 1
3.78837 6.78759 -1.13687e-13 3 0
3.8175 6.84557 10 11 0
3.85014 6.91059 20 19 0
3.8825 6.96714 30 27 1
-3.4475 -5.47148 10 15 0
-3.47872 -5.51741 20 23 0
-3.5125 -5.56476 30 31 1
1.87769 -4.12506 -1.13687e-13 5 0
1.89117 -4.16452 10 14 0
1.91016 -4.20346 20 21 0
1.92117 -4.23694 30 30 1
-5.4401 -1.02214 0 0 0
-5.49655 -1.03117 10 8 0
-5.54462 -1.03838 20 16 0
-5.5964 -1.04617 30 24 1
1.82455 4.81294 -1.13687e-13 2 0
1.8425 4.8635 10 11 0
1.85702 4.9044 20 18 0
1.8675 4.94507 30 27 1
4.64282 -5.60055 -2.27374e-13 5 0
4.68117 -5.65344 10 14 0
4.72373 -5.70441 20 21 0
4.76117 -5.75465 30 30 1
-1.51878 -4.70189 -1.13687e-13 6 0
-1.5325 -4.74442 10 15 0
-1.55125 -4.79335 20 22 0
-1.5675 -4.82892 30 31 1
-2.9075 -6.58611 10 15 0
-2.93358 -6.64459 20 23 0
-2.9625 -6.70475 30 31 1
6.41105 5.38444 -2.27374e-13 3 0
6.46708 5.43117 10 12 0
6.52033 5.47841 20 19 0
6.58122 5.53117 30 28 1
4.95667 -1.44571 0 4 0
5.00176 -1.4575 10 13 0
5.04159 -1.47007 20 20 0
5.08333 -1.4825 30 29 1
-2.24437 -5.25507 -1.13687e-13 7 0
-2.2675 -5.30264 10 15 0
-2.28879 -5.34924 20 23 0
-2.3125 -5.39714 30 31 1
-6.29553 3.00547 1.13687e-13 1 0
-6.35255 3.0275 10 9 0
-6.4093 3.05801 20 17 0
-6.47119 3.0825 30 25 1
-5.0308 2.3775 10 9 0
-5.08128 2.39969 20 17 0
-5.12737 2.4175 30 25 1
-1.77617 7.34463 10 10 0
-1.79605 7.41301 20 18 0
-1.81617 7.48363 30 26 1
-8.45826 2.98812 1.13687e-13 0 0
-8.52959 3.0125 10 9 0
-8.60851 3.03954 20 16 0
-8.69065 3.0675 30 25 1
4.9436 0.329409 0 4 0
4.98747 0.331169 10 12 0
5.03506 0.334821 20 20 0
5.07025 0.336169 30 28 1
-3.15249 -7.08163 0 7 0
-3.1875 -7.14895 10 15 0
-3.21697 -7.21117 20 23 0
-3.2475 -7.27259 30 31 1
0.739453 7.13209 0 2 0
0.7425 7.20004 10 11 0
0.744865 7.26275 20 18 0
0.7525 7.33025 30 27 1
-5.85061 3.2379 1.13687e-13 1 0
-5.90166 3.2625 10 9 0
-5.96055 3.29426 20 17 0
-6.01823 3.3225 30 25 1
-7.19742 -0.342939 0 0 0
-7.27228 -0.346169 10 8 0
-7.34114 -0.348351 20 16 0
-7.40456 -0.351169 30 24 1
-3.32617 6.08035 10 10 0
-3.35977 6.13525 20 17 0
-3.39117 6.18778 30 26 1
-6.60591 -5.47597 -1.13687e-13 7 0
-6.66815 -5.52617 10 8 0
-6.73479 -5.57807 20 23 0
-6.79643 -5.62617 30 24 1
0.283407 -5.25064 0 6 0
0.286169 -5.30309 10 14 0
0.286113 -5.34864 20 22 0
0.286169 -5.39502 30 30 1
-1.14391 5.11999 1.13687e-13 2 0
-1.15617 5.169 10 10 0
-1.16826 5.21798 20 18 0
-1.18117 5.26471 30 26 1
-6.87731 -0.664951 0 0 0
-6.93967 -0.671169 10 8 0
-7.00797 -0.675775 20 16 0
-7.06988 -0.681169 30 24 1
2.45631 -8.09242 0 6 0
2.47617 -8.16484 10 14 0
2.49961 -8.23614 20 22 0
2.51617 -8.31091 30 30 1
-4.84617 6.11543 10 10 0
-4.8886 6.16778 20 17 0
-4.93617 6.21957 30 26 1
-0.00613248 -6.64213 -1.13687e-13 6 0
-0.0075 -6.69838 10 15 0
-0.0142504 -6.76626 20 22 0
-0.0175 -6.82859 30 31 1
-7.29826 -5.07002 0 7 0
-7.3683 -5.11617 10 8 0
-7.43479 -5.16446 20 23 0
-7.50573 -5.21117 30 24 1
-3.92457 3.6825 10 9 0
-3.96597 3.71825 20 17 0
-3.99664 3.7475 30 25 1
-5.03765 0.8075 10 9 0
-5.08079 0.815221 20 16 0
-5.13043 0.8225 30 25 1
-7.19789 4.56987 0 1 0
-7.2608 4.6075 10 9 0
-7.32901 4.65125 20 17 0
-7.40237 4.6925 30 25 1
-5.49543 5.00662 0 1 0
-5.54913 5.0525 10 9 0
-5.59818 5.09788 20 17 0
-5.65327 5.1425 30 25 1
-2.51458 -7.15823 0 6 0
-2.5425 -7.2252 10 15 0
-2.5687 -7.28888 20 22 0
-2.5925 -7.35298 30 31 1
-4.89655 1.4725 10 9 0
-4.93707 1.4863 20 16 0
-4.98519 1.4975 30 25 1
5.3977 3.01639 -2.27374e-13 3 0
5.4418 3.04117 10 12 0
5.49074 3.07116 20 19 0
5.53922 3.09617 30 28 1
4.63973 -3.51566 -1.13687e-13 5 0
4.68052 -3.5475 10 13 0
4.7213 -3.58192 20 21 0
4.75967 -3.6125 30 29 1
-4.99726 3.71246 -1.13687e-13 1 0
-5.04316 3.7475 10 9 0
-5.08918 3.7776 20 17 0
-5.13644 3.8125 30 25 1
6.00553 4.27479 -1.13687e-13 3 0
6.05919 4.31617 10 12 0
6.1094 4.35569 20 19 0
6.16747 4.39617 30 28 1
1.04379 -7.46527 -1.13687e-13 6 0
1.05117 -7.5318 10 14 0
1.05461 -7.59592 20 22 0
1.06117 -7.66201 30 30 1
-1.81914 -5.79287 -1.13687e-13 6 0
-1.8375 -5.84138 10 15 0
-1.85702 -5.89739 20 22 0
-1.8775 -5.95209 30 31 1
-0.00613249 -4.4863 0 6 0
-0.0075 -4.52049 10 15 0
-0.0115444 -4.5647 20 22 0
-0.0125 -4.60328 30 31 1
3.52499 2.59787 -2.27374e-13 3 0
3.55101 2.62117 10 12 0
3.58154 2.64295 20 19 0
3.61516 2.67117 30 28 1
-4.70905 3.85286 -1.13687e-13 1 0
-4.75182 3.8875 10 9 0
-4.79714 3.92182 20 17 0
-4.84304 3.9575 30 25 1
4.69535 1.43886 2.27374e-13 4 0
4.73568 1.45117 10 12 0
4.78028 1.46321 20 20 0
4.81725 1.47617 30 28 1
4.0626 -3.29826 -1.13687e-13 5 0
4.0999 -3.3275 10 13 0
4.1311 -3.3591 20 21 0
4.16697 -3.3875 30 29 1
3.60933 -3.04015 -1.13687e-13 5 0
3.64191 -3.0675 10 13 0
3.67512 -3.09446 20 21 0
3.70398 -3.1225 30 29 1
6.95088 -4.23484 -2.27374e-13 5 0
7.00358 -4.2725 10 13 0
7.06893 -4.3108 20 21 0
7.13308 -4.3525 30 29 1
-1.50525 -5.92352 0 6 0
-1.5225 -5.97893 10 15 0
-1.54042 -6.03458 20 22 0
-1.5525 -6.08671 30 31 1
3.77629 5.16441 -1.13687e-13 3 0
3.8075 5.20922 10 11 0
3.84142 5.25633 20 19 0
3.8725 5.30251 30 27 1
2.306 3.77066 0 3 0
2.3275 3.80701 10 11 0
2.34613 3.8414 20 19 0
2.3625 3.87736 30 27 1
3.96368 -1.5756 1.13687e-13 4 0
3.99332 -1.5875 10 13 0
4.02901 -1.60266 20 20 0
4.05867 -1.6175 30 29 1
8.09242 -0.119784 2.27374e-13 4 0
8.15603 -0.1075 10 13 0
8.22307 -0.0927239 20 20 0
8.29573 -0.0775 30 29 1
3.78214 -4.5026 -1.13687e-13 5 0
3.81117 -4.53595 10 14 0
3.84186 -4.58146 20 21 0
3.87617 -4.62217 30 30 1
-1.74193 8.06629 -1.13687e-13 2 0
-1.76117 8.13574 10 10 0
-1.77981 8.21001 20 18 0
-1.79617 8.28387 30 26 1
3.87397 5.49171 -1.13687e-13 3 0
3.9075 5.54257 10 11 0
3.93799 5.59399 20 19 0
3.9725 5.64292 30 27 1
5.00921 -3.72824 0 5 0
5.05109 -3.7625 10 13 0
5.0973 -3.7972 20 21 0
5.1373 -3.8275 30 29 1
-3.16017 6.90766 1.13687e-13 1 0
-3.19117 6.97065 10 10 0
-3.21812 7.03449 20 17 0
-3.25117 7.09429 30 26 1
7.89643 2.8135 0 4 0
7.96416 2.84117 10 12 0
8.03362 2.86491 20 20 0
8.10608 2.89117 30 28 1
7.0929 -1.21571 0 4 0
7.14764 -1.2275 10 13 0
7.21049 -1.23735 20 20 0
7.2787 -1.2525 30 29 1
0.932843 -6.49188 -1.13687e-13 6 0
0.936169 -6.55413 10 14 0
0.943667 -6.60947 20 22 0
0.951169 -6.6752 30 30 1
-1.64866 -8.38639 0 6 0
-1.6675 -8.46445 10 15 0
-1.68655 -8.54318 20 22 0
-1.7025 -8.61966 30 31 1
0.0209273 -6.17177 0 6 0
0.0161686 -6.2281 10 14 0
0.0128094 -6.28283 20 22 0
0.0111686 -6.33624 30 30 1
-4.74704 -1.52617 10 8 0
-4.79335 -1.53898 20 16 0
-4.84068 -1.55617 30 24 1
-5.46589 4.49107 1.13687e-13 1 0
-5.51203 4.5275 10 9 0
-5.56706 4.56544 20 17 0
-5.62032 4.6075 30 25 1
2.06532 -3.71571 -1.13687e-13 5 0
2.08617 -3.75141 10 14 0
2.09891 -3.78374 20 21 0
2.11617 -3.81676 30 30 1
0.2347 -5.7602 -1.13687e-13 6 0
0.236169 -5.81171 10 14 0
0.2347 -5.86473 20 22 0
0.236169 -5.91777 30 30 1
-2.54975 -7.04717 0 6 0
-2.5725 -7.11378 10 15 0
-2.59846 -7.17782 20 22 0
-2.6225 -7.24156 30 31 1
0.713658 -5.7406 -1.13687e-13 6 0
0.716169 -5.78966 10 14 0
0.71907 -5.84513 20 22 0
0.726169 -5.89865 30 30 1
-6.49841 -2.57537 0 0 0
-6.5645 -2.60117 10 8 0
-6.62253 -2.62679 20 16 0
-6.68021 -2.64617 30 24 1
1.77195 4.10147 -1.13687e-13 3 0
1.7825 4.13175 10 11 0
1.79518 4.17062 20 19 0
1.8125 4.21124 30 27 1
7.52406 0.26176 1.13687e-13 4 0
7.58826 0.266169 10 12 0
7.65472 0.267172 20 20 0
7.72054 0.271169 30 28 1
-2.71482 -7.58939 -1.13687e-13 6 0
-2.7425 -7.66562 10 15 0
-2.76894 -7.73311 20 22 0
-2.7975 -7.7984 30 31 1
-4.93217 1.1475 10 9 0
-4.97627 1.15617 20 16 0
-5.02288 1.1675 30 25 1
0.7125 6.19423 10 11 0
0.720511 6.25016 20 18 0
0.7225 6.3103 30 27 1
-2.56364 4.40919 0 1 0
-2.58617 4.4494 10 10 0
-2.613 4.48917 20 17 0
-2.63617 4.52768 30 26 1
5.90953 2.82791 -2.27374e-13 3 0
5.9639 2.85617 10 12 0
6.01293 2.88157 20 19 0
6.0634 2.90617 30 28 1
-7.02377 3.18264 -1.13687e-13 1 0
-7.0891 3.2125 10 9 0
-7.15442 3.23676 20 17 0
-7.22188 3.2675 30 25 1
-3.25617 4.12945 10 10 0
-3.29256 4.16993 20 17 0
-3.32117 4.20152 30 26 1
-6.38735 0.766513 0 0 0
-6.44515 0.7725 10 9 0
-6.50494 0.782749 20 16 0
-6.56622 0.7875 30 25 1
-6.40695 -2.43466 1.13687e-13 0 0
-6.469 -2.45617 10 8 0
-6.52454 -2.47796 20 16 0
-6.59178 -2.50117 30 24 1
3.29104 -5.60346 0 5 0
3.31617 -5.65316 10 14 0
3.34199 -5.70033 20 21 0
3.37117 -5.75058 30 30 1
-3.80883 5.61228 1.13687e-13 1 0
-3.84617 5.6599 10 10 0
-3.8832 5.71345 20 17 0
-3.92117 5.76318 30 26 1
2.53209 5.46625 0 3 0
2.5525 5.51693 10 11 0
2.57268 5.56424 20 19 0
2.5925 5.6135 30 27 1
4.23521 -1.2425 10 13 0
4.27072 -1.25359 20 20 0
4.30971 -1.2675 30 29 1
2.88573 4.21645 -3.41061e-13 3 0
2.9125 4.25766 10 11 0
2.93239 4.28989 20 19 0
2.9575 4.33094 30 27 1
-8.17453 -4.0367 0 7 0
-8.25371 -4.07117 10 8 0
-8.32749 -4.10547 20 23 0
-8.40649 -4.14617 30 24 1
-5.14428 -3.37143 0 7 0
-5.19368 -3.40117 10 8 0
-5.24003 -3.43274 20 23 0
-5.28904 -3.46117 30 24 1
-5.6232 6.03369 0 1 0
-5.67617 6.08983 10 10 0
-5.73407 6.14456 20 17 0
-5.78117 6.19483 30 26 1
3.38808 3.54779 -1.13687e-13 3 0
3.4175 3.58179 10 11 0
3.4424 3.61358 20 19 0
3.4725 3.64386 30 27 1
6.33509 0.894959 1.13687e-13 4 0
6.38478 0.901169 10 12 0
6.43962 0.911195 20 20 0
6.49671 0.921169 30 28 1
7.14144 -3.38833 0 5 0
7.20217 -3.4175 10 13 0
7.27097 -3.45281 20 21 0
7.32581 -3.4775 30 29 1
2.65489 -3.59731 0 5 0
2.67117 -3.62223 10 14 0
2.69614 -3.65769 20 21 0
2.71617 -3.68844 30 30 1
-2.0125 -6.56085 10 15 0
-2.03291 -6.62253 20 22 0
-2.0575 -6.68363 30 31 1
-3.37117 4.70406 10 10 0
-3.40096 4.7452 20 17 0
-3.43617 4.78321 30 26 1
-7.73992 -3.7322 1.13687e-13 7 0
-7.80935 -3.76117 10 8 0
-7.87981 -3.79556 20 23 0
-7.95007 -3.83117 30 24 1
4.96231 -3.18385 -2.27374e-13 5 0
4.99813 -3.2075 10 13 0
5.04499 -3.23975 20 21 0
5.08642 -3.2675 30 29 1
-3.9801 -6.46652 -1.13687e-13 7 0
-4.0175 -6.52231 10 15 0
-4.05335 -6.57804 20 23 0
-4.0925 -6.63974 30 31 1
-7.16476 0.655568 1.13687e-13 0 0
-7.22817 0.6575 10 9 0
-7.30195 0.663686 20 16 0
-7.37045 0.6725 30 25 1
3.54737 4.97758 -2.27374e-13 3 0
3.5775 5.02165 10 11 0
3.60597 5.0668 20 19 0
3.6375 5.10993 30 27 1
2.28472 4.88212 0 3 0
1.8425 4.87764 10 11 0
1.40242 4.87827 20 18 0
0.9625 4.87445 30 27 1
4.31558 -0.0925 10 13 0
4.34912 -0.0900179 20 20 0
4.38629 -0.0925 30 29 1
-5.83206 2.12762 0 0 0
-5.88975 2.1475 10 9 0
-5.94312 2.16821 20 16 0
-6.00046 2.1875 30 25 1
5.02685 -4.76382 -1.13687e-13 5 0
5.06578 -4.8025 10 13 0
5.11 -4.84696 20 21 0
5.15578 -4.8925 30 29 1
-4.77694 0.6175 10 9 0
-4.82601 0.623096 20 16 0
-4.87179 0.6275 30 25 1
1.55125 7.15823 0 2 0
1.5625 7.22101 10 11 0
1.5729 7.28888 20 18 0
1.5875 7.35207 30 27 1
4.49874 -5.29192 -2.27374e-13 5 0
4.53617 -5.33873 10 14 0
4.57424 -5.38272 20 21 0
4.61117 -5.42788 30 30 1
7.94216 -2.26563 0 4 0
8.00965 -2.2875 10 13 0
8.07935 -2.30622 20 20 0
8.14864 -2.3275 30 29 1
-4.36809 -7.23337 -1.13687e-13 7 0
-4.4125 -7.29915 10 15 0
-4.45329 -7.36067 20 23 0
-4.4975 -7.42657 30 31 1
5.1253 -4.83166 -1.13687e-13 5 0
5.16907 -4.8775 10 13 0
5.21769 -4.92405 20 21 0
5.26614 -4.9675 30 29 1
7.38687 1.06544 1.13687e-13 4 0
7.45074 1.07617 10 12 0
7.51753 1.08708 20 20 0
7.5768 1.09617 30 28 1
1.99231 -4.07512 0 5 0
2.01117 -4.11481 10 14 0
2.0286 -4.14969 20 21 0
2.04617 -4.19224 30 30 1
1.13038 -4.42098 -1.13687e-13 6 0
1.13617 -4.46311 10 14 0
1.14662 -4.49937 20 22 0
1.15617 -4.54675 30 30 1
-6.57027 -1.02485 0 0 0
-6.63499 -1.03117 10 8 0
-6.70093 -1.04108 20 16 0
-6.76106 -1.05117 30 24 1
5.29637 -1.89491 0 4 0
5.33862 -1.9075 10 13 0
5.38783 -1.92738 20 20 0
5.43019 -1.9425 30 29 1
-5.76685 5.93625 1.13687e-13 1 0
-5.81617 5.98234 10 10 0
-5.86847 6.03787 20 17 0
-5.92617 6.09234 30 26 1
1.52689 6.51148 -1.13687e-13 2 0
1.5375 6.56668 10 11 0
1.54854 6.62907 20 18 0
1.5575 6.67861 30 27 1
3.73987 2.18898 0 3 0
3.77034 2.21117 10 12 0
3.80678 2.23293 20 19 0
3.83862 2.25117 30 28 1
-3.61329 6.85181 1.13687e-13 1 0
-3.64617 6.91654 10 10 0
-3.68159 6.97752 20 17 0
-3.71617 7.03604 30 26 1
-4.65307 3.0675 10 9 0
-4.69875 3.09633 20 17 0
-4.74343 3.1225 30 25 1
4.69316 -6.27083 0 5 0
4.73117 -6.32569 10 14 0
4.77294 -6.38506 20 21 0
4.81117 -6.44105 30 30 1
5.1286 2.22302 -2.27374e-13 3 0
5.17713 2.24617 10 12 0
5.22277 2.26743 20 19 0
5.26662 2.28617 30 28 1
3.43227 4.08564 0 3 0
3.4625 4.12176 10 11 0
3.49583 4.16068 20 19 0
3.5225 4.1959 30 27 1
-1.05335 -4.5059 0 6 0
-1.0675 -4.55519 10 15 0
-1.0777 -4.59083 20 22 0
-1.0875 -4.63176 30 31 1
-4.71719 -1.58117 10 8 0
-4.76068 -1.59581 20 16 0
-4.81083 -1.61117 30 24 1
2.1525 6.10688 10 11 0
2.16821 6.16524 20 18 0
2.1875 6.21966 30 27 1
2.3925 6.50244 10 11 0
2.41175 6.55721 20 18 0
2.4325 6.61315 30 27 1
1.00193 4.53857 1.13687e-13 2 0
1.0075 4.58004 10 11 0
1.01546 4.62349 20 18 0
1.0225 4.66575 30 27 1
-6.13996 -2.87465 2.27374e-13 7 0
-6.19982 -2.90117 10 8 0
-6.26025 -2.92989 20 23 0
-6.31346 -2.95117 30 24 1
-1.28733 6.73359 0 2 0
-1.30117 6.79892 10 10 0
-1.31439 6.85118 20 18 0
-1.33117 6.92085 30 26 1
1.37121 -5.68181 -1.13687e-13 6 0
1.38117 -5.74048 10 14 0
1.39015 -5.79287 20 22 0
1.40117 -5.84534 30 30 1
-4.16849 -5.79771 0 7 0
-4.2125 -5.85464 10 15 0
-4.25211 -5.90811 20 23 0
-4.2925 -5.96292 30 31 1
6.72684 -4.79148 0 5 0
6.7787 -4.8325 10 13 0
6.83724 -4.87509 20 21 0
6.89698 -4.9225 30 29 1
1.11558 8.14468 -1.13687e-13 2 0
1.1225 8.20936 10 11 0
1.13182 8.2884 20 18 0
1.1375 8.35871 30 27 1
-2.23171 5.48583 -1.13687e-13 2 0
-2.25617 5.54068 10 10 0
-2.27771 5.58382 20 18 0
-2.30117 5.63518 30 26 1
-8.22961 -0.802956 1.13687e-13 0 0
-8.30297 -0.811169 10 8 0
-8.38639 -0.819192 20 16 0
-8.45939 -0.826169 30 24 1
-1.03711 -6.50494 -1.13687e-13 6 0
-1.0475 -6.55751 10 15 0
-1.06146 -6.616 20 22 0
-1.0725 -6.68151 30 31 1
-4.68583 2.5275 10 9 0
-4.72708 2.55063 20 17 0
-4.77325 2.5725 30 25 1
-8.39293 -0.96802 1.13687e-13 0 0
-8.46797 -0.976169 10 8 0
-8.54318 -0.986962 20 16 0
-8.62232 -0.996169 30 24 1
-6.02805 1.09394 1.13687e-13 0 0
-6.08218 1.1025 10 9 0
-6.13911 1.11288 20 16 0
-6.19411 1.1225 30 25 1
-7.19089 0.596036 1.13687e-13 0 0
-7.2601 0.5975 10 9 0
-7.32808 0.604154 20 16 0
-7.39531 0.6125 30 25 1
7.29541 1.4118 1.13687e-13 4 0
7.36233 1.42617 10 12 0
7.42607 1.43886 20 20 0
7.4934 1.45117 30 28 1
0.00469144 -5.91046 -1.13687e-13 6 0
0.00116865 -5.96561 10 14 0
0.00198546 -6.02152 20 22 0
-0.0025 -6.0782 30 31 1
-2.36009 5.40727 2.27374e-13 1 0
-2.38117 5.45355 10 10 0
-2.40451 5.50144 20 17 0
-2.43117 5.55305 30 26 1
3.4288 4.33857 1.13687e-13 3 0
3.4525 4.37339 10 11 0
3.48199 4.41472 20 19 0
3.5125 4.4546 30 27 1
-6.21858 -5.58614 2.27374e-13 7 0
-6.2761 -5.63617 10 8 0
-6.3371 -5.68935 20 23 0
-6.39024 -5.73617 30 24 1
3.35316 4.84843 1.13687e-13 3 0
3.3775 4.88529 10 11 0
3.40523 4.93494 20 19 0
3.4375 4.98065 30 27 1
-8.57585 -0.643303 0 0 0
-8.65915 -0.651169 10 8 0
-8.73263 -0.654127 20 16 0
-8.81765 -0.661169 30 24 1
-0.15352 8.08589 0 2 0
-0.156169 8.16415 10 10 0
-0.158932 8.22961 20 18 0
-0.166169 8.3085 30 26 1
-1.1872 8.59544 -1.13687e-13 2 0
-1.20117 8.67175 10 10 0
-1.21426 8.75223 20 18 0
-1.23117 8.8361 30 26 1
-8.19041 2.71482 1.13687e-13 0 0
-8.26873 2.7375 10 9 0
-8.3472 2.76353 20 16 0
-8.41772 2.7875 30 25 1
-6.80909 4.4413 -1.13687e-13 1 0
-6.86917 4.4775 10 9 0
-6.93368 4.51997 20 17 0
-6.99867 4.5575 30 25 1
2.11377 -4.65581 0 5 0
2.13617 -4.7065 10 14 0
2.15165 -4.74727 20 21 0
2.16617 -4.786 30 30 1
-6.75524 4.40276 1.13687e-13 1 0
-6.81296 4.4425 10 9 0
-6.87983 4.48143 20 17 0
-6.94246 4.5225 30 25 1
-6.98184 -2.71067 0 0 0
-7.04598 -2.73617 10 8 0
-7.11903 -2.76209 20 16 0
-7.18084 -2.78617 30 24 1
-3.68617 4.4251 10 10 0
-3.71793 4.46518 20 17 0
-3.75617 4.50217 30 26 1
2.67964 7.12556 0 2 0
2.6975 7.18928 10 11 0
2.72294 7.25622 20 18 0
2.7425 7.31913 30 27 1
-4.75453 2.3275 10 9 0
-4.80017 2.34819 20 17 0
-4.84403 2.3675 30 25 1
-6.45769 -4.54325 -1.13687e-13 7 0
-6.52011 -4.58617 10 8 0
-6.57845 -4.62575 20 23 1
1.15473 -7.30195 0 6 0
1.16117 -7.36603 10 14 0
1.17097 -7.4326 20 22 0
1.18117 -7.49917 30 30 1
3.22761 2.88601 -1.13687e-13 3 0
3.25412 2.91117 10 12 0
3.28305 2.94144 20 19 0
3.30912 2.96617 30 28 1
-3.82459 -3.03617 10 8 0
-3.85991 -3.06673 20 23 0
-3.89373 -3.09117 30 24 1
-7.74602 -3.32884 1.13687e-13 7 0
-7.81448 -3.35617 10 8 0
-7.88974 -3.38837 20 23 0
-7.95933 -3.41617 30 24 1
5.68033 -2.76147 -1.13687e-13 5 0
5.73072 -2.7875 10 13 0
5.7772 -2.81242 20 21 0
5.83021 -2.8375 30 29 1
4.5647 -1.31042 0 4 0
4.60513 -1.3225 10 13 0
4.64309 -1.33206 20 20 0
4.67963 -1.3475 30 29 1
-7.70698 -0.570241 0 0 0
-7.78512 -0.576169 10 8 0
-7.8507 -0.581065 20 16 0
-7.9224 -0.586169 30 24 1
4.38156 2.6929 0 3 0
4.42176 2.72117 10 12 0
4.45771 2.74609 20 19 0
4.49504 2.76617 30 28 1
7.14516 2.42654 2.27374e-13 4 0
7.20646 2.45117 10 12 0
7.26928 2.47255 20 20 0
7.32924 2.49617 30 28 1
-0.989668 7.06023 0 2 0
-1.00117 7.12825 10 10 0
-1.01132 7.19089 20 18 0
-1.02117 7.25431 30 26 1
-4.2739 -7.56778 1.13687e-13 7 0
-4.3125 -7.63755 10 15 0
-4.35144 -7.70273 20 23 0
-4.3975 -7.77912 30 31 1
-0.997786 5.59035 0 2 0
-1.01117 5.64625 10 10 0
-1.02214 5.68834 20 18 0
-1.03117 5.74404 30 26 1
-8.71957 -1.80687 1.13687e-13 0 0
-8.80885 -1.82617 10 8 0
-8.88289 -1.84205 20 16 0
-8.96613 -1.85617 30 24 1
5.43163 5.54159 -2.27374e-13 3 0
5.4825 5.59729 10 11 0
5.52673 5.64051 20 19 0
5.5775 5.69229 30 27 1
0.341169 -8.79463 10 14 0
0.342939 -8.86982 20 22 0
0.341169 -8.95019 30 30 1
6.87078 0.662245 0 4 0
6.9276 0.666169 10 12 0
6.98837 0.673069 20 20 0
7.04867 0.681169 30 28 1
3.2231 3.30627 -1.13687e-13 3 0
3.2525 3.33901 10 11 0
3.28124 3.36824 20 19 0
3.3075 3.40108 30 27 1
1.21156 -4.36871 -1.13687e-13 6 0
1.22117 -4.41376 10 14 0
1.2305 -4.45364 20 22 0
1.23617 -4.4924 30 30 1
4.63656 0.754248 1.13687e-13 4 0
4.675 0.761169 10 12 0
4.70842 0.767778 20 20 0
4.75364 0.776169 30 28 1
3.18193 -6.73808 -1.13687e-13 5 0
3.20617 -6.79474 10 14 0
3.23064 -6.85567 20 21 0
3.25617 -6.91545 30 30 1
1.46592 -7.06023 -1.13687e-13 6 0
1.47617 -7.12242 10 14 0
1.48757 -7.19089 20 22 1
-0.451178 4.84561 0 2 0
-0.456169 4.89326 10 10 0
-0.462002 4.93707 20 18 0
-0.466169 4.98105 30 26 1
6.87708 -3.93909 1.13687e-13 5 0
6.93693 -3.9725 10 13 0
6.99243 -4.00852 20 21 0
7.05436 -4.0475 30 29 1
-4.06913 3.5725 10 9 0
-4.10803 3.60391 20 17 0
-4.14827 3.6375 30 25 1
2.27771 -7.63512 -1.13687e-13 6 0
2.29617 -7.702 10 14 0
2.31289 -7.77231 20 22 0
2.33117 -7.84307 30 30 1
7.04717 2.05582 1.13687e-13 4 0
7.1143 2.07617 10 12 0
7.17782 2.09371 20 20 0
7.23416 2.11117 30 28 1
-0.848957 6.13257 0 2 0
-0.861169 6.18922 10 10 0
-0.867899 6.24363 20 18 0
-0.881169 6.30114 30 26 1
1.20885 -8.42559 0 6 0
1.21617 -8.49583 10 14 0
1.22509 -8.58238 20 22 0
1.23117 -8.65225 30 30 1
-7.12331 3.61895 -1.13687e-13 1 0
-7.19676 3.6525 10 9 0
-7.25667 3.6796 20 17 0
-7.3254 3.7175 30 25 1
-0.0506931 7.27582 -1.13687e-13 2 0
-0.0511686 7.3379 10 10 0
-0.0561051 7.40647 20 18 0
-0.0611686 7.46811 30 26 1
-4.2209 -2.50617 10 8 0
-4.26593 -2.53136 20 23 0
-4.30126 -2.55117 30 24 1
4.03317 -4.76894 -3.41061e-13 5 0
4.07117 -4.81717 10 14 0
4.10213 -4.85704 20 21 0
4.13617 -4.89631 30 30 1
-6.35051 -5.02923 0 7 0
-6.40906 -5.07617 10 8 0
-6.47015 -5.12208 20 23 0
-6.53442 -5.16617 30 24 1
0.422853 8.00096 0 2 0
0.4225 8.07505 10 11 0
0.425559 8.15121 20 18 0
0.4275 8.22147 30 27 1
6.70904 -3.44194 1.13687e-13 5 0
6.76927 -3.4725 10 13 0
6.81897 -3.4983 20 21 0
6.87877 -3.5325 30 29 1
-5.7798 -0.77319 2.27374e-13 0 0
-5.83345 -0.781169 10 8 0
-5.88433 -0.789426 20 16 0
-5.94037 -0.796169 30 24 1
5.7558 5.22667 0 3 0
5.80503 5.27117 10 12 0
5.86125 5.32447 20 19 0
5.90711 5.36617 30 28 1
4.34649 2.38613 -1.13687e-13 3 0
4.38253 2.40617 10 12 0
4.42376 2.42896 20 19 0
4.45582 2.45117 30 28 1
-7.20396 -0.74613 0 0 0
-7.27423 -0.751169 10 8 0
-7.34114 -0.75966 20 16 0
-7.40944 -0.766169 30 24 1
-1.4863 -8.00749 -1.13687e-13 6 0
-1.5025 -8.08025 10 15 0
-1.51878 -8.15121 20 22 1
2.79787 4.61842 -2.27374e-13 3 0
2.8225 4.66263 10 11 0
2.84341 4.70223 20 19 0
2.8675 4.75006 30 27 1
4.12939 -2.64943 -3.41061e-13 5 0
4.16615 -2.6725 10 13 0
4.1963 -2.69338 20 21 1
-0.256348 5.39437 1.13687e-13 2 0
-0.261169 5.44073 10 10 0
-0.267172 5.48583 20 18 0
-0.271169 5.53558 30 26 1
7.53713 0.618949 0 4 0
7.59385 0.611169 10 12 0
7.65472 0.602713 20 20 0
7.7082 0.591169 30 28 1
-6.82888 -3.25742 0 7 0
-6.88888 -3.28617 10 8 0
-6.95571 -3.31537 20 23 0
-7.01959 -3.34617 30 24 1
7.51753 -2.24668 0 4 0
7.5866 -2.2675 10 13 0
7.64819 -2.28998 20 20 0
7.71145 -2.3075 30 29 1
4.83204 4.99558 -2.27374e-13 3 0
4.8775 5.04179 10 11 0
4.9206 5.09179 20 19 0
4.9625 5.13386 30 27 1
5.28846 5.66629 -1.13687e-13 3 0
5.3325 5.71599 10 11 0
5.37972 5.76904 20 19 0
5.4275 5.81806 30 27 1
-4.9496 -0.0811686 10 8 0
-5.0024 -0.0831649 20 16 0
-5.04652 -0.0861686 30 24 1
-6.03458 0.993815 1.13687e-13 0 0
-6.08825 1.0025 10 9 0
-6.14564 1.01276 20 16 0
-6.20725 1.0225 30 25 1
-3.9925 -4.92046 10 15 0
-4.03361 -4.96251 20 23 0
-4.0725 -5.00753 30 31 1
-0.0142504 -6.6748 -1.13687e-13 6 0
-0.0175 -6.73667 10 15 0
-0.0169564 -6.79892 20 22 1
-7.12556 2.89071 -1.13687e-13 0 0
-7.19008 2.9175 10 9 0
-7.25622 2.94483 20 16 0
-7.32993 2.9725 30 25 1
3.6343 -3.44015 -2.27374e-13 5 0
3.66507 -3.4725 10 13 0
3.69244 -3.50212 20 21 0
3.73007 -3.5375 30 29 1
-6.72706 -1.28462 1.13687e-13 0 0
-6.78685 -1.29617 10 8 0
-6.85118 -1.30897 20 16 0
-6.91792 -1.32117 30 24 1
-4.82182 4.60853 -1.13687e-13 1 0
-4.86628 4.6525 10 9 0
-4.9115 4.69439 20 17 1
-1.42804 8.10548 -1.13687e-13 2 0
-1.44117 8.16929 10 10 0
-1.4578 8.24267 20 18 0
-1.47617 8.3245 30 26 1
-2.6325 -6.17676 10 15 0
-2.65409 -6.23117 20 23 0
-2.6775 -6.2854 30 31 1
-3.55932 -3.09617 10 8 0
-3.59102 -3.12313 20 23 0
-3.62639 -3.15617 30 24 1
-8.06629 -0.237406 1.13687e-13 0 0
-8.13602 -0.241169 10 8 0
-8.21001 -0.242818 20 16 0
-8.28951 -0.246169 30 24 1
-3.42617 4.08731 10 10 0
-3.46168 4.12091 20 17 0
-3.49117 4.15938 30 26 1
-6.04732 -4.5194 -1.13687e-13 7 0
-6.1062 -4.56117 10 8 0
-6.16155 -4.59918 20 23 0
-6.21448 -4.64117 30 24 1
-5.65952 -3.38617 10 8 0
-5.69156 -3.36 20 23 0
-5.72473 -3.33117 30 24 1
-7.17782 -0.183286 0 0 0
-7.24663 -0.186169 10 8 0
-7.31501 -0.185992 20 16 0
-7.38098 -0.186169 30 24 1
-2.70117 6.86249 10 10 0
-2.7242 6.92304 20 18 0
-2.75117 6.9832 30 26 1
1.98962 7.11903 -1.13687e-13 2 0
2.0025 7.18725 10 11 0
2.02209 7.24968 20 18 0
2.0375 7.31417 30 27 1
3.15185 -3.83022 -1.13687e-13 5 0
3.17617 -3.85853 10 14 0
3.20616 -3.89601 20 21 0
3.23117 -3.92767 30 30 1
1.31583 7.29541 -1.13687e-13 2 0
1.3275 7.36077 10 11 0
1.33747 7.42607 20 18 0
1.3475 7.49391 30 27 1
6.53108 -2.47669 1.13687e-13 4 0
6.59123 -2.5025 10 13 0
6.64213 -2.52269 20 20 0
6.70194 -2.5425 30 29 1
3.07588 4.79311 -2.27374e-13 3 0
3.1025 4.84364 10 11 0
3.12413 4.88345 20 19 0
3.1525 4.92899 30 27 1
1.12226 -7.40647 0 6 0
1.13117 -7.47745 10 14 0
1.1412 -7.54366 20 22 0
1.14617 -7.61266 30 30 1
2.23206 -5.20271 0 5 0
2.25617 -5.25784 10 14 0
2.27265 -5.3007 20 21 0
2.29117 -5.34941 30 30 1
-6.97689 -5.54846 -2.27374e-13 7 0
-7.0472 -5.60117 10 8 0
-7.1123 -5.65326 20 23 0
-7.16842 -5.70117 30 24 1
-1.19135 -5.45316 0 6 0
-1.2025 -5.50336 10 15 0
-1.21571 -5.55115 20 22 0
-1.2275 -5.59907 30 31 1
-6.74409 2.83408 1.13687e-13 1 0
-6.80981 2.8625 10 9 0
-6.86821 2.8855 20 17 0
-6.93759 2.9125 30 25 1
-4.24365 7.68117 2.27374e-13 1 0
-4.28617 7.75453 10 10 0
-4.33044 7.82536 20 17 0
-4.36617 7.8911 30 26 1
-4.58611 3.7925 10 9 0
-4.62953 3.83074 20 17 0
-4.67025 3.8625 30 25 1
-8.39946 -3.0381 0 0 0
-8.47907 -3.06617 10 8 0
-8.55625 -3.09222 20 16 0
-8.63307 -3.12117 30 24 1
-4.6934 -1.53617 10 8 0
-4.73455 -1.55251 20 16 0
-4.77997 -1.56617 30 24 1
8.34066 -0.0331923 1.13687e-13 4 0
8.42044 -0.0325 10 13 0
8.49745 -0.0331923 20 20 0
8.56186 -0.0325 30 29 1
-0.521534 8.67384 0 2 0
-0.531169 8.75128 10 10 0
-0.53777 8.83063 20 18 0
-0.546169 8.91478 30 26 1
-6.87731 -2.5862 0 0 0
-6.94427 -2.60617 10 8 0
-7.00144 -2.6322 20 16 0
-7.07205 -2.65617 30 24 1
-2.42143 -3.99707 0 7 0
-2.4425 -4.03514 10 15 0
-2.46809 -4.07052 20 23 0
-2.4925 -4.10636 30 31 1
-7.28235 -2.33183 0 0 0
-7.34688 -2.35117 10 8 0
-7.41301 -2.37513 20 16 0
-7.4838 -2.39617 30 24 1
4.38196 -4.60493 -1.13687e-13 5 0
4.41617 -4.64598 10 14 0
4.45204 -4.68267 20 21 0
4.49117 -4.72805 30 30 1
1.63099 -6.08684 -1.13687e-13 6 0
1.64617 -6.13983 10 14 0
1.66075 -6.1979 20 22 0
1.67117 -6.24969 30 30 1
5.98885 -0.552741 0 4 0
6.0463 -0.5575 10 13 0
6.09338 -0.563564 20 20 0
6.14823 -0.5675 30 29 1
1.73922 -5.45969 -1.13687e-13 6 0
1.75117 -5.50237 10 14 0
1.76628 -5.55115 20 22 0
1.78117 -5.60308 30 30 1
6.75079 5.14632 -2.27374e-13 3 0
6.80691 5.19117 10 12 0
6.87043 5.23918 20 19 0
6.93019 5.28617 30 28 1
2.86635 7.19742 1.13687e-13 2 0
2.8925 7.257 10 11 0
2.91777 7.32155 20 18 0
2.9425 7.38478 30 27 1
-2.23978 4.43741 2.27374e-13 1 0
-2.26617 4.48295 10 10 0
-2.28261 4.51468 20 17 1
-4.95883 -0.366169 10 8 0
-5.0024 -0.369999 20 16 0
-5.05368 -0.376169 30 24 1
-6.12514 2.75089 0 1 0
-6.18034 2.7775 10 9 0
-6.24543 2.80613 20 17 0
-6.30105 2.8275 30 25 1
1.37392 -8.40599 1.13687e-13 6 0
1.38617 -8.48199 10 14 0
1.39827 -8.55625 20 22 0
1.40617 -8.63634 30 30 1
5.09836 -2.33641 -2.27374e-13 5 0
5.14515 -2.3575 10 13 0
5.186 -2.37812 20 21 0
5.22758 -2.3975 30 29 1
-1.5125 -5.82043 10 15 0
-1.5296 -5.87779 20 22 0
-1.5475 -5.92614 30 31 1
0.545888 -5.98885 -1.13687e-13 6 0
0.546169 -6.04392 10 14 0
0.548594 -6.09991 20 22 0
0.551169 -6.15499 30 30 1
-8.19041 -0.0236333 1.13687e-13 0 0
-8.2675 -0.0261686 10 8 0
-8.34066 -0.0263393 20 16 0
-8.42306 -0.0261686 30 24 1
-3.08117 3.86252 10 10 0
-3.10751 3.89303 20 17 0
-3.14117 3.92959 30 26 1
-5.62296 2.44005 0 1 0
-5.67442 2.4625 10 9 0
-5.72748 2.48335 20 17 0
-5.78306 2.5075 30 25 1
-7.72658 -2.85679 0 0 0
-7.7991 -2.88117 10 8 0
-7.8703 -2.91091 20 16 0
-7.94602 -2.93617 30 24 1
7.96829 2.45902 1.13687e-13 4 0
8.03549 2.48117 10 12 0
8.11202 2.50231 20 20 0
8.17949 2.52617 30 28 1
5.37477 1.56334 1.13687e-13 4 0
5.42429 1.58117 10 12 0
5.46623 1.59581 20 20 0
5.51793 1.61117 30 28 1
5.42364 6.21478 -2.27374e-13 3 0
5.4675 6.26818 10 11 0
5.51762 6.32406 20 19 0
5.5625 6.3844 30 27 1
2.46336 -3.85352 -1.13687e-13 5 0
2.48117 -3.88478 10 14 0
2.50078 -3.91773 20 21 0
2.52117 -3.95306 30 30 1
4.59083 -0.774631 0 4 0
4.63788 -0.7825 10 13 0
4.67576 -0.788161 20 20 0
4.71652 -0.7975 30 29 1
-5.39799 2.94218 0 1 0
-5.44403 2.9675 10 9 0
-5.50139 2.99584 20 17 0
-5.54852 3.0225 30 25 1
2.71879 -6.80545 1.13687e-13 6 0
2.74117 -6.86714 10 14 0
2.76209 -6.92304 20 22 0
2.78617 -6.98992 30 30 1
5.98232 -1.38889 1.13687e-13 4 0
6.0357 -1.4025 10 13 0
6.08684 -1.41595 20 20 0
6.14556 -1.4275 30 29 1
1.42136 6.2567 1.13687e-13 2 0
1.4325 6.31319 10 11 0
1.4403 6.36775 20 18 0
1.4525 6.42511 30 27 1
4.924 0.066929 0 4 0
4.95581 0.0661687 10 12 0
5.0024 0.066929 20 20 0
5.04566 0.0711686 30 28 1
5.11345 -2.04103 1.13687e-13 4 0
5.16335 -2.0575 10 13 0
5.20491 -2.07891 20 20 0
5.25285 -2.0975 30 29 1
2.87988 7.0733 -2.27374e-13 2 0
2.9025 7.13265 10 11 0
2.92589 7.19742 20 18 0
2.9525 7.26043 30 27 1
8.09242 0.0479871 2.27374e-13 4 0
8.16522 0.0511686 10 12 0
8.22961 0.0506931 20 20 0
8.29957 0.0511686 30 28 1
-8.14468 2.19798 1.13687e-13 0 0
-8.22249 2.2175 10 9 0
-8.29494 2.23857 20 16 0
-8.37563 2.2575 30 25 1
4.31316 -2.62272 1.13687e-13 5 0
4.35328 -2.6475 10 13 0
4.3866 -2.66937 20 21 0
4.42449 -2.6975 30 29 1
-4.91598 -3.52582 -1.13687e-13 7 0
-4.95978 -3.55617 10 8 0
-5.0052 -3.58442 20 23 0
-5.05513 -3.61617 30 24 1
5.22451 -1.02629 1.13687e-13 4 0
5.26265 -1.0325 10 13 0
5.31597 -1.04252 20 20 0
5.36043 -1.0525 30 29 1
4.28379 1.37662 0 4 0
4.31506 1.39117 10 12 0
4.35565 1.40098 20 20 0
4.38955 1.41617 30 28 1
-5.99538 -0.673069 2.27374e-13 0 0
-6.05164 -0.681169 10 8 0
-6.10644 -0.686599 20 16 0
-6.16564 -0.696169 30 24 1
0.762366 -4.35565 -1.13687e-13 6 0
0.771169 -4.39509 10 14 0
0.77319 -4.43404 20 22 0
0.781169 -4.4758 30 30 1
-4.48508 -5.64742 1.13687e-13 7 0
-4.5275 -5.69588 10 15 0
-4.57252 -5.75399 20 23 0
-4.6175 -5.80709 30 31 1
2.98127 -7.26928 -1.13687e-13 6 0
3.00617 -7.3372 10 14 0
3.02998 -7.39994 20 22 0
3.05617 -7.46498 30 30 1
0.679922 4.47977 0 2 0
0.6825 4.52374 10 11 0
0.68804 4.5647 20 18 0
0.6875 4.60652 30 27 1
-1.23735 -5.27677 0 6 0
-1.2475 -5.32209 10 15 0
-1.26171 -5.37477 20 22 0
-1.2725 -5.4178 30 31 1
2.33835 -4.2834 -2.27374e-13 5 0
2.35617 -4.31839 10 14 0
2.37465 -4.35797 20 21 0
2.39617 -4.40082 30 30 1
7.98136 -2.26563 2.27374e-13 4 0
8.05207 -2.2875 10 13 0
8.11855 -2.30622 20 20 0
8.19107 -2.3275 30 29 1
6.04765 -2.16821 1.13687e-13 4 0
6.09945 -2.1875 10 13 0
6.15217 -2.20609 20 20 0
6.20309 -2.2275 30 29 1
-6.26976 -0.694716 0 0 0
-6.3262 -0.701169 10 8 0
-6.38735 -0.70554 20 16 0
-6.44227 -0.711169 30 24 1
1.55125 6.43962 0 2 0
1.5625 6.49269 10 11 0
1.5756 6.55067 20 18 0
1.5875 6.60961 30 27 1
-4.40978 -5.49175 0 7 0
-4.4525 -5.53603 10 15 0
-4.49181 -5.58526 20 23 0
-4.5375 -5.63517 30 31 1
-2.41436 4.93726 1.13687e-13 1 0
-2.43617 4.97822 10 10 0
-2.4626 5.0276 20 17 0
-2.48617 5.07064 30 26 1
-3.40117 5.28561 10 10 0
-3.43955 5.33485 20 17 0
-3.47117 5.38389 30 26 1
-6.60282 -5.59917 -2.27374e-13 7 0
-6.66587 -5.65117 10 8 0
-6.72517 -5.69855 20 23 0
-6.78708 -5.75117 30 24 1
-0.148108 6.24363 0 2 0
-0.151169 6.29946 10 10 0
-0.156226 6.35469 20 18 0
-0.161169 6.41553 30 26 1
5.13959 0.621655 0 4 0
5.18847 0.631169 10 12 0
5.23105 0.637891 20 20 0
5.27625 0.641169 30 28 1
1.4836 5.819 0 2 0
1.4925 5.87114 10 11 0
1.50525 5.92352 20 18 0
1.5175 5.981 30 27 1
-1.99117 6.80303 10 10 0
-2.00982 6.85772 20 18 0
-2.03117 6.92081 30 26 1
-0.9225 -7.5356 10 15 0
-0.934284 -7.60246 20 22 0
-0.9425 -7.66874 30 31 1
-1.55937 -6.21097 1.13687e-13 6 0
-1.5775 -6.27434 10 15 0
-1.59184 -6.32856 20 22 0
-1.6075 -6.38919 30 31 1
6.81852 2.09641 0 4 0
6.87853 2.11617 10 12 0
6.93611 2.1343 20 20 0
6.99131 2.15117 30 28 1
0.763807 5.93659 0 2 0
0.7675 5.99467 10 11 0
0.771925 6.04765 20 18 0
0.7775 6.10367 30 27 1
-8.2884 2.23586 -1.13687e-13 0 0
-8.36856 2.2575 10 9 0
-8.44519 2.27916 20 16 0
-8.52169 2.2975 30 25 1
-3.4225 -4.94443 10 15 0
-3.45683 -4.9942 20 23 0
-3.4925 -5.04272 30 31 1
5.01162 3.80897 0 3 0
5.05386 3.84117 10 12 0
5.09971 3.87793 20 19 0
5.138 3.91117 30 28 1
5.67238 -3.97046 -2.27374e-13 5 0
5.72035 -4.0075 10 13 0
5.76701 -4.04213 20 21 0
5.81864 -4.0775 30 29 1
2.63076 -5.30291 -3.41061e-13 5 0
2.65117 -5.34878 10 14 0
2.66864 -5.39437 20 21 0
2.69117 -5.44535 30 30 1
4.40255 2.78278 -2.27374e-13 3 0
4.43605 2.80617 10 12 0
4.4787 2.83597 20 19 0
4.51433 2.85617 30 28 1
-0.145402 8.06629 0 2 0
-0.146169 8.14001 10 10 0
-0.15352 8.21654 20 18 0
-0.156169 8.28436 30 26 1
1.46321 -4.57123 -1.13687e-13 6 0
1.47617 -4.61926 10 14 0
1.48757 -4.65616 20 22 0
1.49617 -4.69583 30 30 1
-4.49064 6.18695 1.13687e-13 1 0
-4.53617 6.24383 10 10 0
-4.58079 6.30005 20 17 0
-4.62117 6.35712 30 26 1
2.21586 -4.78469 0 5 0
2.23117 -4.82979 10 14 0
2.25374 -4.87615 20 21 0
2.26617 -4.91428 30 30 1
2.30005 -4.7005 0 5 0
2.31617 -4.74508 10 14 0
2.33523 -4.78542 20 21 0
2.35617 -4.82751 30 30 1
5.7994 -1.51336 1.13687e-13 4 0
5.84958 -1.5275 10 13 0
5.90392 -1.54042 20 20 0
5.95236 -1.5525 30 29 1
1.16285 -5.67528 1.13687e-13 6 0
1.17117 -5.7214 10 14 0
1.17909 -5.7798 20 22 0
1.18617 -5.82832 30 30 1
-4.54692 -1.73617 10 8 0
-4.59083 -1.75275 20 16 0
-4.63849 -1.77117 30 24 1
-0.820633 -4.59736 -2.27374e-13 6 0
-0.8325 -4.63839 10 15 0
-0.84228 -4.67576 20 22 0
-0.8525 -4.72203 30 31 1
4.9525 6.7997 10 11 0
4.99493 6.86523 20 19 0
5.0375 6.92006 30 27 1
-8.15775 3.26413 1.13687e-13 0 0
-8.23683 3.2925 10 9 0
-8.31453 3.32366 20 16 0
-8.38875 3.3525 30 25 1
7.57633 -2.59576 0 4 0
7.63961 -2.6175 10 13 0
7.70698 -2.64446 20 20 0
7.77446 -2.6675 30 29 1
2.10994 -6.38082 0 6 0
2.12617 -6.43598 10 14 0
2.14512 -6.49188 20 22 0
2.16117 -6.54877 30 30 1
-3.27838 -6.17045 1.13687e-13 7 0
-3.3125 -6.22743 10 15 0
-3.34127 -6.28309 20 23 0
-3.3775 -6.34193 30 31 1
1.37806 4.14007 1.13687e-13 2 0
1.3875 4.17515 10 11 0
1.39971 4.21846 20 18 0
1.4125 4.25672 30 27 1
-0.0196624 -6.15217 -1.13687e-13 6 0
-0.0175 -6.20634 10 15 0
-0.0223684 -6.26323 20 22 0
-0.0225 -6.3174 30 31 1
2.57477 6.14419 -2.27374e-13 3 0
2.5925 6.2004 10 11 0
2.61695 6.25907 20 19 1
1.03711 7.39341 -1.13687e-13 2 0
1.0425 7.45761 10 11 0
1.05064 7.5306 20 18 0
1.0575 7.59282 30 27 1
5.44296 3.00808 -1.13687e-13 3 0
5.48629 3.03617 10 12 0
5.53601 3.06285 20 19 0
5.57665 3.09117 30 28 1
5.95619 2.46443 2.27374e-13 4 0
6.0111 2.48617 10 12 0
6.06071 2.50772 20 20 0
6.11266 2.53117 30 28 1
7.10898 -4.22456 -1.13687e-13 5 0
7.17036 -4.2625 10 13 0
7.23739 -4.2994 20 21 0
7.29986 -4.3425 30 29 1
-0.215758 8.24921 -1.13687e-13 2 0
-0.221169 8.32108 10 10 0
-0.223876 8.39946 20 18 0
-0.226169 8.4675 30 26 1
-4.5348 -3.62617 10 8 0
-4.57709 -3.66146 20 23 0
-4.62101 -3.69117 30 24 1
7.24315 0.697422 0 4 0
7.30701 0.706169 10 12 0
7.37381 0.713658 20 20 0
7.43515 0.721169 30 28 1
-7.08636 0.541917 0 0 0
-7.15353 0.5475 10 9 0
-7.22355 0.550035 20 16 0
-7.28581 0.5525 30 25 1
-0.485091 -5.90392 0 6 0
-0.4925 -5.96009 10 15 0
-0.495915 -6.00845 20 22 0
-0.5025 -6.06908 30 31 1
-4.15117 4.80524 10 10 0
-4.18884 4.84424 20 17 0
-4.22617 4.88731 30 26 1
-5.20794 4.35175 -2.27374e-13 1 0
-5.25682 4.3925 10 9 0
-5.30528 4.42995 20 17 0
-5.35097 4.4725 30 25 1
-4.73219 2.6375 10 9 0
-4.77961 2.66439 20 17 0
-4.82462 2.6875 30 25 1
4.65786 -3.28504 -2.27374e-13 5 0
4.69301 -3.3125 10 13 0
4.73672 -3.34477 20 21 0
4.77422 -3.3725 30 29 1
-5.25718 2.17092 0 0 0
-5.30542 2.1925 10 9 0
-5.35517 2.21151 20 16 0
-5.40906 2.2325 30 25 1
5.60004 -2.99882 -2.27374e-13 5 0
5.65252 -3.0275 10 13 0
5.69962 -3.0563 20 21 0
5.74495 -3.0775 30 29 1
-5.41182 -0.621169 10 8 0
-5.45316 -0.627067 20 16 0
-5.50667 -0.631169 30 24 1
-2.3525 -5.96747 10 15 0
-2.37387 -6.02152 20 22 0
-2.3975 -6.06904 30 31 1
7.31075 -3.27445 0 5 0
7.37002 -3.3025 10 13 0
7.43757 -3.3324 20 21 0
7.50073 -3.3625 30 29 1
-1.69052 8.41253 0 2 0
-1.70617 8.48379 10 10 0
-1.7257 8.56278 20 18 0
-1.74117 8.639 30 26 1
7.32155 -2.00856 0 4 0
7.38402 -2.0225 10 13 0
7.44567 -2.04374 20 20 0
7.51095 -2.0575 30 29 1
-7.72658 0.173903 0 0 0
-7.80176 0.1775 10 9 0
-7.8703 0.179315 20 16 0
-7.94818 0.1825 30 25 1
-2.95617 7.1882 10 10 0
-2.98668 7.25622 20 18 0
-3.01617 7.31891 30 26 1
0.96802 -5.89739 0 6 0
0.976169 -5.95774 10 14 0
0.98155 -6.00845 20 22 0
0.986169 -6.05966 30 30 1
-4.98941 -4.86593 0 7 0
-5.03491 -4.91117 10 8 0
-5.08562 -4.95449 20 23 0
-5.12698 -4.99617 30 24 1
0.3985 7.26275 0 2 0
0.4025 7.3338 10 11 0
0.401206 7.39994 20 18 0
0.4025 7.46108 30 27 1
-0.0250743 -4.64962 -1.13687e-13 6 0
-0.0275 -4.69606 10 15 0
-0.0277803 -4.73455 20 22 0
-0.0275 -4.77384 30 31 1
-3.17117 6.20112 10 10 0
-3.20353 6.25454 20 17 0
-3.23117 6.31062 30 26 1
2.91841 -4.06366 0 5 0
2.94117 -4.09729 10 14 0
2.96507 -4.1371 20 21 0
2.99117 -4.17557 30 30 1
-1.58117 7.43955 10 10 0
-1.59581 7.50446 20 18 0
-1.61617 7.57354 30 26 1
-3.85617 5.33756 10 10 0
-3.89182 5.38147 20 17 0
-3.93117 5.43377 30 26 1
6.78586 2.35889 0 4 0
6.85362 2.38117 10 12 0
6.91651 2.40219 20 20 0
6.9764 2.42617 30 28 1
-5.10551 -3.76127 0 7 0
-5.15028 -3.79617 10 8 0
-5.20667 -3.83565 20 23 0
-5.24856 -3.86617 30 24 1
5.28331 1.23862 1.13687e-13 4 0
5.32764 1.25117 10 12 0
5.3813 1.26297 20 20 0
5.42335 1.27617 30 28 1
-5.68834 0.179315 1.13687e-13 0 0
-5.74201 0.1825 10 9 0
-5.79287 0.184727 20 16 0
-5.84808 0.1825 30 25 1
-5.85166 1.72984 0 0 0
-5.90694 1.7475 10 9 0
-5.96272 1.75961 20 16 0
-6.01972 1.7825 30 25 1
-1.5296 -5.22451 0 6 0
-1.5425 -5.27061 10 15 0
-1.56207 -5.31597 20 22 0
-1.5775 -5.36217 30 31 1
-6.88385 1.93008 0 0 0
-6.9484 1.9475 10 9 0
-7.0145 1.96256 20 16 0
-7.08239 1.9825 30 25 1
-8.6869 2.15739 -1.13687e-13 0 0
-8.76939 2.1775 10 9 0
-8.84369 2.19527 20 16 0
-8.9296 2.2175 30 25 1
6.33171 4.38283 -1.13687e-13 3 0
6.38339 4.42117 10 12 0
6.43941 4.45991 20 19 0
6.49875 4.50117 30 28 1
1.26171 4.31645 -1.13687e-13 2 0
1.2725 4.35714 10 11 0
1.28336 4.39485 20 18 0
1.2925 4.43371 30 27 1
1.15473 -5.28984 -2.27374e-13 6 0
1.16117 -5.33663 10 14 0
1.17097 -5.3813 20 22 0
1.17617 -5.42942 30 30 1
5.11866 -2.84272 -1.13687e-13 5 0
5.16018 -2.8675 10 13 0
5.20518 -2.89479 20 21 0
5.25053 -2.9225 30 29 1
-0.831457 -8.58238 -1.13687e-13 6 0
-0.8425 -8.66475 10 15 0
-0.853104 -8.73917 20 22 0
-0.8625 -8.8191 30 31 1
-2.7425 -6.49182 10 15 0
-2.7698 -6.54969 20 23 0
-2.7975 -6.61046 30 31 1
-0.349792 -6.37429 -1.13687e-13 6 0
-0.3525 -6.4282 10 15 0
-0.360616 -6.49188 20 22 0
-0.3625 -6.55134 30 31 1
4.57123 -0.192845 0 4 0
4.61357 -0.1925 10 13 0
4.65616 -0.195551 20 20 0
4.69635 -0.1975 30 29 1
6.23888 2.96974 -1.13687e-13 3 0
6.29982 3.00117 10 12 0
6.34881 3.0261 20 19 0
6.40432 3.05617 30 28 1
-5.03629 5.62282 -2.27374e-13 1 0
-5.08617 5.6766 10 10 0
-5.13409 5.72827 20 17 0
-5.18117 5.77867 30 26 1
3.88057 -2.74119 -1.13687e-13 5 0
3.91467 -2.7675 10 13 0
3.94365 -2.78897 20 21 0
3.97381 -2.8125 30 29 1
-3.77367 -3.17617 10 8 0
-3.81425 -3.20477 20 23 0
-3.84989 -3.23117 30 24 1
1.64866 4.14007 1.13687e-13 2 0
1.6625 4.17438 10 11 0
1.67302 4.21193 20 18 0
1.6875 4.24888 30 27 1
0.851663 -4.61043 0 6 0
0.856169 -4.65687 10 14 0
0.859781 -4.69535 20 22 0
0.866169 -4.73758 30 30 1
2.03237 -4.90351 -1.13687e-13 5 0
2.05117 -4.94677 10 14 0
2.06394 -4.98933 20 22 0
2.08117 -5.03334 30 30 1
1.10476 7.29541 0 2 0
1.1125 7.35791 10 11 0
1.121 7.42607 20 18 0
1.1275 7.49311 30 27 1
2.11139 7.77884 -1.13687e-13 2 0
2.1275 7.84258 10 11 0
2.14656 7.91603 20 18 1
-5.72592 6.50379 -1.13687e-13 1 0
-5.78117 6.56252 10 10 0
-5.83566 6.62501 20 17 0
-5.89117 6.67959 30 26 1
0.796279 7.98789 -1.13687e-13 2 0
0.8025 8.05907 10 11 0
0.804397 8.12508 20 18 0
0.8075 8.19842 30 27 1
-7.02757 -1.20885 2.27374e-13 0 0
-7.09369 -1.22117 10 8 0
-7.15823 -1.2305 20 16 0
-7.21976 -1.24117 30 24 1
5.60342 2.2263 0 4 0
5.65089 2.24617 10 12 0
5.70141 2.26689 20 20 0
5.74746 2.28617 30 28 1
-4.93704 -1.71617 10 8 0
-4.98933 -1.73381 20 16 0
-5.03568 -1.75117 30 24 1
1.31709 -6.60947 0 6 0
1.32617 -6.66836 10 14 0
1.33603 -6.73359 20 22 0
1.34617 -6.79443 30 30 1
-2.1975 -5.46599 10 15 0
-2.21962 -5.51849 20 22 0
-2.2375 -5.56255 30 31 1
-8.89595 0.744865 1.13687e-13 0 0
-8.9778 0.7525 10 9 0
-9.05927 0.758395 20 16 0
-9.14337 0.7625 30 25 1
-6.43169 -3.01714 1.13687e-13 7 0
-6.48831 -3.04117 10 8 0
-6.55199 -3.07238 20 23 0
-6.61403 -3.09617 30 24 1
3.61802 -2.86515 0 5 0
3.65076 -2.8925 10 13 0
3.68381 -2.91947 20 21 0
3.7149 -2.9425 30 29 1
-5.64915 -0.112931 1.13687e-13 0 0
-5.70085 -0.111169 10 8 0
-5.7602 -0.115637 20 16 0
-5.81191 -0.116169 30 24 1
-1.20488 -5.44663 -1.13687e-13 6 0
-1.2175 -5.49008 10 15 0
-1.23465 -5.54462 20 22 0
-1.2475 -5.59786 30 31 1
6.35651 3.55425 0 3 0
6.41106 3.58617 10 12 0
6.46916 3.61715 20 19 0
6.52556 3.65117 30 28 1
1.5038 -6.82505 0 6 0
1.51617 -6.88664 10 14 0
1.52816 -6.94918 20 22 0
1.54117 -7.01064 30 30 1
4.26152 1.81515 0 3 0
4.29544 1.83117 10 12 0
4.33338 1.84492 20 19 0
4.36786 1.86117 30 28 1
-3.44234 -7.49394 1.13687e-13 7 0
-3.4725 -7.56123 10 15 0
-3.50952 -7.63 20 23 0
-3.5425 -7.69487 30 31 1
-0.930137 6.14564 -2.27374e-13 2 0
-0.941169 6.20558 10 10 0
-0.949079 6.2567 20 18 0
-0.961169 6.3175 30 26 1
-7.70218 4.16721 1.13687e-13 1 0
-7.77504 4.2025 10 9 0
-7.84749 4.24363 20 17 0
-7.91368 4.2775 30 25 1
-2.52758 4.80556 1.13687e-13 1 0
-2.55117 4.84573 10 10 0
-2.58236 4.89861 20 17 0
-2.60117 4.93816 30 26 1
6.08031 0.421412 1.13687e-13 4 0
6.13606 0.426169 10 12 0
6.19137 0.42953 20 20 0
6.24505 0.436169 30 28 1
-6.70093 0.512151 1.13687e-13 0 0
-6.76498 0.5125 10 9 0
-6.83158 0.517563 20 16 0
-6.89518 0.5225 30 25 1
4.40791 0.540476 0 4 0
4.44586 0.546169 10 12 0
4.4863 0.5513 20 20 0
4.52657 0.556169 30 28 1
1.20073 -6.02805 0 6 0
1.20617 -6.08167 10 14 0
1.21697 -6.14564 20 22 0
1.22617 -6.19359 30 30 1
-3.8075 -3.87986 10 15 0
-3.84322 -3.91491 20 23 0
-3.8775 -3.94986 30 31 1
-6.70118 1.6225 10 9 0
-6.75972 1.63513 20 16 0
-6.8231 1.6525 30 25 1
-4.5974 -1.34117 10 8 0
-4.64309 -1.35227 20 16 0
-4.68604 -1.36617 30 24 1
-1.98829 4.14381 1.13687e-13 1 0
-2.01117 4.18552 10 10 0
-2.03112 4.22109 20 17 1
-4.61688 -2.50617 10 8 0
-4.65894 -2.52638 20 23 0
-4.70431 -2.55117 30 24 1
-3.3375 -5.9908 10 15 0
-3.36705 -6.04482 20 23 0
-3.4025 -6.09823 30 31 1
4.07505 -2.96246 0 5 0
4.10638 -2.9875 10 13 0
4.14467 -3.01294 20 21 0
4.17759 -3.0375 30 29 1
-6.17416 2.0925 10 9 0
-6.24363 2.11409 20 16 0
-6.29901 2.1325 30 25 1
-2.06268 -7.68738 0 6 0
-2.0875 -7.76015 10 15 0
-2.10868 -7.82457 20 22 0
-2.1275 -7.89207 30 31 1
2.38595 -6.90345 0 6 0
2.40117 -6.96554 10 14 0
2.42113 -7.02757 20 22 0
2.44117 -7.0904 30 30 1
-8.07935 -2.34807 0 0 0
-8.15177 -2.37117 10 8 0
-8.22961 -2.39407 20 16 0
-8.3049 -2.41117 30 24 1
-7.70921 -4.89929 1.13687e-13 7 0
-7.7802 -4.94117 10 8 0
-7.8561 -4.99261 20 23 0
-7.9247 -5.03617 30 24 1
3.57898 -3.16288 -1.13687e-13 5 0
3.60427 -3.1925 10 13 0
3.63442 -3.21831 20 21 0
3.66635 -3.2475 30 29 1
0.265907 7.98789 -1.13687e-13 2 0
0.2675 8.06147 10 11 0
0.268613 8.13815 20 18 0
0.2675 8.20996 30 27 1
5.73613 5.9762 -1.13687e-13 3 0
5.7875 6.03664 10 11 0
5.83664 6.08819 20 19 0
5.8875 6.14371 30 27 1
-6.09338 -1.02755 0 0 0
-6.15209 -1.03617 10 8 0
-6.2175 -1.04649 20 16 0
-6.27108 -1.05617 30 24 1
1.6391 -6.87731 0 6 0
1.65117 -6.93679 10 14 0
1.66346 -7.00144 20 22 0
1.67617 -7.06786 30 30 1
-4.77045 -7.01579 1.13687e-13 7 0
-4.8175 -7.08189 10 15 0
-4.85948 -7.13925 20 23 0
-4.9075 -7.20725 30 31 1
-4.63792 -1.92617 10 8 0
-4.6841 -1.94689 20 23 0
-4.72242 -1.96117 30 24 1
0.100842 4.72802 -1.13687e-13 2 0
0.0975 4.76606 10 11 0
0.0981358 4.81294 20 18 0
0.0975 4.85091 30 27 1
7.28073 3.8126 -2.27374e-13 3 0
7.34281 3.84617 10 12 0
7.40644 3.88091 20 19 0
7.46938 3.91617 30 28 1
0.466149 6.18484 0 2 0
0.4675 6.23914 10 11 0
0.468855 6.29589 20 18 0
0.4725 6.35728 30 27 1
-3.32117 7.3835 10 10 0
-3.35098 7.44671 20 17 0
-3.38117 7.51421 30 26 1
-7.3147 3.96341 1.13687e-13 1 0
-7.38619 3.9975 10 9 0
-7.45077 4.0306 20 17 1
-5.66629 -6.3694 -1.13687e-13 7 0
-5.7175 -6.42626 10 15 0
-5.77332 -6.4841 20 23 0
-5.8275 -6.54333 30 31 1
-5.09558 0.8725 10 9 0
-5.13959 0.877458 20 16 0
-5.18836 0.8875 30 25 1
5.78169 4.76656 -2.27374e-13 3 0
5.83294 4.81117 10 12 0
5.88443 4.85782 20 19 0
5.93708 4.90117 30 28 1
6.64867 0.808368 1.13687e-13 4 0
6.7099 0.816169 10 12 0
6.76626 0.824604 20 20 0
6.8239 0.831169 30 28 1
-4.33215 -5.19982 -1.13687e-13 7 0
-4.3775 -5.24889 10 15 0
-4.42071 -5.29604 20 23 0
-4.4575 -5.33597 30 31 1
-0.141169 5.2288 10 10 0
-0.145402 5.27024 20 18 0
-0.146169 5.31865 30 26 1
-5.30654 3.81893 -1.13687e-13 1 0
-5.36029 3.8525 10 9 0
-5.405 3.88677 20 17 0
-5.45857 3.9225 30 25 1
5.60194 -5.8517 -1.13687e-13 5 0
5.65117 -5.90926 10 14 0
5.69974 -5.95716 20 21 0
5.74617 -6.01133 30 30 1
6.40502 -3.94921 -2.27374e-13 5 0
6.46403 -3.9875 10 13 0
6.51654 -4.02246 20 21 0
6.57645 -4.0575 30 29 1
-5.36993 1.0125 10 9 0
-5.42703 1.02358 20 16 0
-5.47478 1.0325 30 25 1
1.96978 -4.50416 0 5 0
1.98617 -4.54236 10 14 0
1.99572 -4.57985 20 21 0
2.01617 -4.62186 30 30 1
3.62799 -5.20184 0 5 0
3.66117 -5.24862 10 14 0
3.6893 -5.29759 20 21 0
3.72117 -5.34398 30 30 1
3.61364 -7.1009 -1.13687e-13 5 0
3.64117 -7.1661 10 14 0
3.67159 -7.22773 20 21 0
3.70117 -7.28974 30 30 1
-5.87579 4.48767 1.13687e-13 1 0
-5.92922 4.5275 10 9 0
-5.9862 4.57129 20 17 0
-6.04251 4.6125 30 25 1
0.862487 -6.79239 0 6 0
0.871169 -6.84976 10 14 0
0.876017 -6.91651 20 22 0
0.881169 -6.97289 30 30 1
2.27104 6.88385 0 2 0
2.2925 6.94692 10 11 0
2.30892 7.00144 20 18 0
2.3275 7.06677 30 27 1
-7.63512 -0.486356 0 0 0
-7.70719 -0.491169 10 8 0
-7.77884 -0.49718 20 16 0
-7.85154 -0.501169 30 24 1
3.87 -7.22333 -1.13687e-13 5 0
3.90117 -7.28467 10 14 0
3.93448 -7.35286 20 21 0
3.96617 -7.41331 30 30 1
-8.17081 2.5714 0 0 0
-8.24894 2.5975 10 9 0
-8.32107 2.6174 20 16 0
-8.4 2.6425 30 25 1
0.106254 4.81948 1.13687e-13 2 0
0.1025 4.86298 10 11 0
0.100842 4.91094 20 18 0
0.1025 4.95491 30 27 1
1.05461 -5.17878 0 6 0
1.06117 -5.22956 10 14 0
1.06814 -5.27677 20 22 0
1.07617 -5.32234 30 30 1
-6.94215 4.78866 0 1 0
-7.00497 4.8325 10 9 0
-7.07598 4.87656 20 17 0
-7.14447 4.9225 30 25 1
-2.51187 -7.97483 -1.13687e-13 6 0
-2.5375 -8.05459 10 15 0
-2.56328 -8.12508 20 22 0
-2.5875 -8.19651 30 31 1
5.32872 -5.34887 -1.13687e-13 5 0
5.37617 -5.40092 10 14 0
5.42381 -5.44779 20 21 0
5.46617 -5.49092 30 30 1
-8.15121 3.31013 1.13687e-13 0 0
-8.23026 3.3425 10 9 0
-8.308 3.36967 20 16 0
-8.38218 3.4025 30 25 1
-4.29017 -2.15117 10 8 0
-4.33242 -2.16924 20 23 0
-4.37966 -2.19117 30 24 1
2.24524 -6.43308 -1.13687e-13 6 0
2.26117 -6.4932 10 14 0
2.28042 -6.55721 20 22 0
2.30117 -6.61098 30 30 1
1.22509 -6.23057 -1.13687e-13 6 0
1.23117 -6.28345 10 14 0
1.23862 -6.34162 20 22 0
1.25117 -6.40244 30 30 1
5.91046 -1.42948 0 4 0
5.96256 -1.4425 10 13 0
6.00845 -1.45383 20 20 0
6.06535 -1.4675 30 29 1
4.11796 -3.19671 -1.13687e-13 5 0
4.15046 -3.2225 10 13 0
4.18375 -3.25102 20 21 0
4.21753 -3.2825 30 29 1
5.19185 -0.991109 1.13687e-13 4 0
5.23472 -0.9975 10 13 0
5.27677 -1.01005 20 20 0
5.32543 -1.0175 30 29 1
-7.91603 1.17782 0 0 0
-7.98445 1.1875 10 9 0
-8.05975 1.19947 20 16 0
-8.13173 1.2075 30 25 1
0.0452811 -6.85772 0 6 0
0.0411686 -6.91778 10 14 0
0.0425752 -6.98184 20 22 0
0.0411686 -7.04506 30 30 1
-3.01518 -7.80497 0 6 0
-3.0475 -7.87162 10 15 0
-3.07742 -7.94216 20 22 0
-3.1075 -8.01647 30 31 1
-3.80617 4.82794 10 10 0
-3.84426 4.8747 20 17 0
-3.88117 4.92415 30 26 1
-3.64096 6.34372 0 1 0
-3.67617 6.40207 10 10 0
-3.71038 6.45907 20 17 0
-3.74617 6.51449 30 26 1
6.07378 0.0236333 1.13687e-13 4 0
6.12496 0.0261686 10 12 0
6.17177 0.0263393 20 20 0
6.23103 0.0261686 30 28 1
-7.00144 -0.115637 0 0 0
-7.06849 -0.121169 10 8 0
-7.13209 -0.121049 20 16 0
-7.20284 -0.121169 30 24 1
-1.68113 -7.94216 -1.13687e-13 6 0
-1.6975 -8.01362 10 15 0
-1.71361 -8.08589 20 22 0
-1.7325 -8.15468 30 31 1
-6.80262 -4.7619 0 7 0
-6.86738 -4.80617 10 8 0
-6.93262 -4.85363 20 23 0
-6.99981 -4.89617 30 24 1
-3.48617 4.14024 10 10 0
-3.52364 4.17905 20 17 0
-3.55617 4.21731 30 26 1
-2.7175 -6.53046 10 15 0
-2.74189 -6.58684 20 23 0
-2.7725 -6.6491 30 31 1
4.98394 -2.32148 0 5 0
5.03116 -2.3425 10 13 0
5.07158 -2.3632 20 21 0
5.11859 -2.3875 30 29 1
-3.60035 7.53918 -1.13687e-13 1 0
-3.63617 7.60657 10 10 0
-3.67407 7.67795 20 17 0
-3.71117 7.75228 30 26 1
-0.765072 7.58939 0 2 0
-0.776169 7.66692 10 10 0
-0.784014 7.72658 20 18 0
-0.791169 7.80213 30 26 1
2.82974 6.18486 -1.13687e-13 3 0
2.8575 6.23912 10 11 0
2.88228 6.29862 20 19 0
2.9025 6.34776 30 27 1
-8.47785 -0.581065 0 0 0
-8.5588 -0.586169 10 8 0
-8.64117 -0.589183 20 16 0
-8.71729 -0.596169 30 24 1
1.81643 5.43356 0 2 0
1.8275 5.47782 10 11 0
1.84349 5.53809 20 18 0
1.8575 5.58561 30 27 1
-0.460737 -4.39485 0 6 0
-0.4675 -4.43602 10 15 0
-0.471561 -4.47324 20 22 0
-0.4775 -4.50966 30 31 1
5.10901 -3.34203 -1.13687e-13 5 0
5.14399 -3.3675 10 13 0
5.19169 -3.39793 20 21 0
5.23228 -3.4275 30 29 1
-2.55842 4.33126 -1.13687e-13 1 0
-2.58117 4.36661 10 10 0
-2.60778 4.41124 20 17 0
-2.63117 4.4449 30 26 1
-6.49841 -2.29936 2.27374e-13 0 0
-6.56027 -2.32117 10 8 0
-6.62253 -2.33995 20 16 0
-6.68513 -2.36117 30 24 1
-0.945108 -6.85772 -1.13687e-13 6 0
-0.9575 -6.92006 10 15 0
-0.969462 -6.98184 20 22 0
-0.9775 -7.04613 30 31 1
-4.32008 2.9325 10 9 0
-4.35905 2.95562 20 17 0
-4.41044 2.9875 30 25 1
-0.646169 5.76209 10 10 0
-0.654127 5.80593 20 18 0
-0.661169 5.86194 30 26 1
5.60285 6.07253 -2.27374e-13 3 0
5.6525 6.12791 10 11 0
5.70335 6.18452 20 19 0
5.7525 6.24206 30 27 1
-8.60851 2.22233 1.13687e-13 0 0
-8.69297 2.2425 10 9 0
-8.77183 2.26292 20 16 0
-8.85318 2.2825 30 25 1
-4.65213 -1.72117 10 8 0
-4.69535 -1.73652 20 16 0
-4.73869 -1.75117 30 24 1
8.06629 -2.07891 0 4 0
8.13284 -2.0925 10 13 0
8.20348 -2.11409 20 20 0
8.27891 -2.1325 30 29 1
7.66779 -1.69196 0 4 0
7.7337 -1.7075 10 13 0
7.79844 -1.72443 20 20 0
7.8627 -1.7375 30 29 1
0.241553 5.44663 -1.13687e-13 2 0
0.2425 5.49796 10 11 0
0.241553 5.55115 20 18 0
0.2425 5.59695 30 27 1
-0.736169 8.2916 10 10 0
-0.74613 8.3668 20 18 0
-0.756169 8.44596 30 26 1
7.13567 -3.12617 0 5 0
7.2038 -3.1575 10 13 0
7.2625 -3.18412 20 21 0
7.32244 -3.2125 30 29 1
7.70045 0.686599 1.13687e-13 4 0
7.76577 0.691169 10 12 0
7.83764 0.700128 20 20 0
7.90098 0.706169 30 28 1
4.79451 -6.28034 0 5 0
4.84117 -6.34377 10 14 0
4.88083 -6.39728 20 21 0
4.92117 -6.45913 30 30 1
-4.5022 4.0975 10 9 0
-4.54523 4.13678 20 17 0
-4.58427 4.1725 30 25 1
4.15313 -1.6649 1.13687e-13 4 0
4.18938 -1.6775 10 13 0
4.22499 -1.69466 20 20 0
4.26181 -1.7075 30 29 1
7.91603 -0.203669 1.13687e-13 4 0
7.98733 -0.2075 10 13 0
8.05322 -0.211787 20 20 0
8.12668 -0.2125 30 29 1
-4.33447 2.1125 10 9 0
-4.38003 2.13087 20 17 0
-4.41897 2.1475 30 25 1
2.03688 -6.74013 0 6 0
2.05117 -6.79939 10 14 0
2.06665 -6.86425 20 22 0
2.08117 -6.92131 30 30 1
0.709687 4.38178 0 2 0
0.7125 4.41939 10 11 0
0.717805 4.46671 20 18 0
0.7225 4.5001 30 27 1
-3.6325 -4.55339 10 15 0
-3.67059 -4.59567 20 23 0
-3.7025 -4.63046 30 31 1
-4.6455 -1.97617 10 8 0
-4.69268 -1.99375 20 23 0
-4.74207 -2.01617 30 24 1
-8.58238 1.40512 0 0 0
-8.667 1.4175 10 9 0
-8.7457 1.42948 20 16 0
-8.82635 1.4425 30 25 1
-8.59544 0.311908 1.13687e-13 0 0
-8.67215 0.3125 10 9 0
-8.75223 0.31732 20 16 0
-8.83272 0.3175 30 25 1
-0.138726 -6.29589 -1.13687e-13 6 0
-0.1425 -6.35255 10 15 0
-0.144137 -6.41348 20 22 0
-0.1525 -6.46862 30 31 1
-2.34617 6.43678 10 10 0
-2.36972 6.49841 20 18 0
-2.39617 6.55749 30 26 1
-6.07378 0.0142504 1.13687e-13 0 0
-6.12856 0.0175 10 9 0
-6.19137 0.0142504 20 16 0
-6.24876 0.0175 30 25 1
7.23009 -1.85161 0 4 0
7.29266 -1.8675 10 13 0
7.36074 -1.88408 20 20 0
7.41959 -1.9025 30 29 1
5.98761 5.35517 0 3 0
6.03903 5.40617 10 12 0
6.09577 5.4595 20 19 0
6.1461 5.50617 30 28 1
-8.57585 -2.21818 1.13687e-13 0 0
-8.65816 -2.24117 10 8 0
-8.73917 -2.25877 20 16 0
-8.81837 -2.28117 30 24 1
-2.17489 7.75271 -1.13687e-13 2 0
-2.19617 7.8212 10 10 0
-2.21818 7.89643 20 18 0
-2.24117 7.9652 30 26 1
1.121 8.39293 0 2 0
1.1275 8.46892 10 11 0
1.13453 8.54318 20 18 0
1.1425 8.62534 30 27 1
1.21156 -7.24315 -1.13687e-13 6 0
1.22117 -7.31289 10 14 0
1.22779 -7.37381 20 22 0
1.23617 -7.44103 30 30 1
6.42453 4.8813 -1.13687e-13 3 0
6.47827 4.92617 10 12 0
6.53764 4.97144 20 19 0
6.58948 5.01617 30 28 1
4.85214 -0.0927239 1.13687e-13 4 0
4.89541 -0.0925 10 13 0
4.93707 -0.0900179 20 20 0
4.98026 -0.0925 30 29 1
-2.45672 -3.86015 1.13687e-13 7 0
-2.4825 -3.89837 10 15 0
-2.50991 -3.9363 20 23 0
-2.5325 -3.96958 30 31 1
-5.27279 -2.3098 0 7 0
-5.33077 -2.33617 10 8 0
-5.37732 -2.3531 20 23 0
-5.42733 -2.37617 30 24 1
-8.48439 -1.40098 1.13687e-13 0 0
-8.56148 -1.41617 10 8 0
-8.64117 -1.42804 20 16 0
-8.72083 -1.44117 30 24 1
-6.36122 2.41716 0 0 0
-6.41309 2.4375 10 9 0
-6.47881 2.46046 20 16 0
-6.53587 2.4825 30 25 1
-5.98035 -3.02502 1.13687e-13 7 0
-6.03869 -3.05117 10 8 0
-6.09682 -3.08408 20 23 0
-6.15526 -3.11117 30 24 1
-1.08708 6.52454 0 2 0
-1.10117 6.58478 10 10 0
-1.11414 6.64213 20 18 0
-1.12117 6.69671 30 26 1
5.19534 -4.37359 -2.27374e-13 5 0
5.24147 -4.4125 10 13 0
5.28885 -4.45562 20 21 0
5.32854 -4.4925 30 29 1
-5.60342 1.0317 0 0 0
-5.66156 1.0425 10 9 0
-5.70794 1.04794 20 16 0
-5.76141 1.0575 30 25 1
-1.3943 -5.87779 -1.13687e-13 6 0
-1.4075 -5.93464 10 15 0
-1.42407 -5.98885 20 22 0
-1.4425 -6.04035 30 31 1
-5.42134 -4.78507 0 7 0
-5.47317 -4.82617 10 8 0
-5.52138 -4.8698 20 23 0
-5.57731 -4.91617 30 24 1
-7.83111 2.842 2.27374e-13 0 0
-7.90375 2.8675 10 9 0
-7.98136 2.89341 20 16 0
-8.04568 2.9175 30 25 1
6.47828 3.84823 -1.13687e-13 3 0
6.52928 3.88117 10 12 0
6.5871 3.91495 20 19 0
6.64171 3.95117 30 28 1
-4.96174 4.29307 0 1 0
-5.0059 4.3325 10 9 0
-5.05255 4.36856 20 17 0
-5.10712 4.4125 30 25 1
7.24828 -3.56789 -1.13687e-13 5 0
7.31646 -3.6025 10 13 0
7.37782 -3.63237 20 21 0
7.4451 -3.6675 30 29 1
2.64503 5.24244 0 3 0
2.6675 5.28545 10 11 0
2.68945 5.3366 20 19 0
2.7125 5.38702 30 27 1
-5.88091 -4.57494 0 7 0
-5.93492 -4.61617 10 8 0
-5.99131 -4.65856 20 23 0
-6.04821 -4.70117 30 24 1
-5.1152 -2.27617 10 8 0
-5.1649 -2.29758 20 23 0
-5.21177 -2.31617 30 24 1
-2.87117 6.46681 10 10 0
-2.89804 6.52307 20 17 0
-2.92617 6.58545 30 26 1
-1.41992 6.49188 0 2 0
-1.43617 6.55209 10 10 0
-1.45239 6.60947 20 18 0
-1.46617 6.66694 30 26 1
3.9879 -1.65455 -2.27374e-13 5 0
4.02175 -1.6725 10 13 0
4.05593 -1.68814 20 21 0
4.08917 -1.6975 30 29 1
-3.66964 -8.04269 -1.13687e-13 7 0
-3.7075 -8.11443 10 15 0
-3.74224 -8.19183 20 23 0
-3.7825 -8.26721 30 31 1
5.75722 -2.93403 -2.27374e-13 5 0
5.80672 -2.9625 10 13 0
5.85409 -2.98498 20 21 0
5.90622 -3.0125 30 29 1
3.49145 6.18835 1.13687e-13 3 0
3.5225 6.24651 10 11 0
3.55434 6.30099 20 19 0
3.5825 6.35601 30 27 1
-4.85507 5.3421 0 1 0
-4.90617 5.39761 10 10 0
-4.95017 5.44102 20 17 0
-4.99617 5.48761 30 26 1
2.62117 -3.3601 10 14 0
2.64623 -3.39348 20 21 0
2.66617 -3.41924 30 30 1
6.14719 3.37555 0 3 0
6.20278 3.40617 10 12 0
6.2533 3.43573 20 19 0
6.3052 3.46617 30 28 1
4.21144 3.44506 1.13687e-13 3 0
4.25045 3.47617 10 12 0
4.28647 3.50861 20 19 0
4.32252 3.54117 30 28 1
6.71465 3.17764 -1.13687e-13 3 0
6.77352 3.20617 10 12 0
6.83112 3.23671 20 19 0
6.89009 3.26617 30 28 1
-4.6992 -1.76117 10 8 0
-4.74762 -1.7744 20 16 0
-4.78577 -1.79117 30 24 1
-4.9016 4.72276 0 1 0
-4.94593 4.7675 10 9 0
-4.99129 4.80862 20 17 0
-5.038 4.8525 30 25 1
-4.29794 -4.79058 -1.13687e-13 7 0
-4.3425 -4.83913 10 15 0
-4.38379 -4.88026 20 23 0
-4.4275 -4.92413 30 31 1
6.21097 1.96923 1.13687e-13 4 0
6.2677 1.98617 10 12 0
6.32203 2.00441 20 20 0
6.37841 2.02617 30 28 1
6.62253 -0.468855 2.27374e-13 4 0
6.68048 -0.4775 10 13 0
6.74013 -0.479679 20 20 0
6.79655 -0.4875 30 29 1
-5.7994 0.111666 1.13687e-13 0 0
-5.85586 0.1125 10 9 0
-5.91046 0.114372 20 16 0
-5.96193 0.1125 30 25 1
0.371169 -5.0204 10 14 0
0.369999 -5.06772 20 22 0
0.371169 -5.10525 30 30 1
-6.10248 1.2925 10 9 0
-6.1587 1.305 20 16 0
-6.2194 1.3175 30 25 1
-8.32107 1.50254 1.13687e-13 0 0
-8.3993 1.5175 10 9 0
-8.47132 1.52689 20 16 0
-8.55158 1.5425 30 25 1
2.56056 4.31988 -2.27374e-13 3 0
2.5825 4.35899 10 11 0
2.60339 4.39716 20 19 0
2.6225 4.44142 30 27 1
2.35492 7.9487 0 2 0
2.3725 8.02394 10 11 0
2.39551 8.09895 20 18 0
2.4125 8.17 30 27 1
-1.24944 4.68229 -1.13687e-13 2 0
-1.26117 4.72246 10 10 0
-1.2738 4.76722 20 18 0
-1.29117 4.80902 30 26 1
-5.53155 -0.724482 1.13687e-13 0 0
-5.58546 -0.731169 10 8 0
-5.63608 -0.735306 20 16 0
-5.68738 -0.741169 30 24 1
3.814 7.14999 -1.13687e-13 3 0
3.8475 7.21498 10 11 0
3.87848 7.27952 20 19 0
3.9125 7.34362 30 27 1
5.51265 5.42362 1.13687e-13 3 0
5.56456 5.47617 10 12 0
5.60775 5.52254 20 19 0
5.65749 5.57617 30 28 1
-4.70789 4.24204 0 1 0
-4.75084 4.2825 10 9 0
-4.79487 4.32136 20 17 0
-4.84499 4.3625 30 25 1
4.26329 3.97526 -2.27374e-13 3 0
4.29755 4.01117 10 12 0
4.3372 4.04917 20 19 0
4.37255 4.08617 30 28 1
-6.76055 -1.00117 10 8 0
-6.82505 -1.01132 20 16 0
-6.88662 -1.02117 30 24 1
-1.90302 -5.0024 -1.13687e-13 6 0
-1.9225 -5.04249 10 15 0
-1.94361 -5.08732 20 22 0
-1.9625 -5.13906 30 31 1
-3.04765 -8.10548 -1.13687e-13 6 0
-3.0775 -8.17739 10 15 0
-3.10719 -8.24921 20 22 0
-3.1375 -8.32932 30 31 1
-4.8722 1.5825 10 9 0
-4.91094 1.59454 20 16 0
-4.96084 1.6075 30 25 1
-2.38469 -8.38639 -1.13687e-13 6 0
-2.4075 -8.46199 10 15 0
-2.4334 -8.54318 20 22 0
-2.4575 -8.61098 30 31 1
-3.46306 -7.49169 -1.13687e-13 7 0
-3.4975 -7.55795 10 15 0
-3.53024 -7.62776 20 23 0
-3.5675 -7.69866 30 31 1
6.00845 -0.820633 1.13687e-13 4 0
6.05467 -0.8275 10 13 0
6.11298 -0.836869 20 20 0
6.1616 -0.8425 30 29 1
-8.34066 -0.870605 0 0 0
-8.42453 -0.876169 10 8 0
-8.49745 -0.886841 20 16 0
-8.57888 -0.896169 30 24 1
3.81364 -7.11339 0 5 0
3.84617 -7.18018 10 14 0
3.87812 -7.24293 20 21 0
3.91117 -7.30882 30 30 1
-8.61504 -1.48216 0 0 0
-8.69098 -1.49617 10 8 0
-8.77836 -1.51192 20 16 0
-8.85533 -1.52617 30 24 1
5.91046 0.0533991 2.27374e-13 4 0
5.96405 0.0561686 10 12 0
6.01498 0.0533991 20 20 0
6.06304 0.0561686 30 28 1
7.73311 -2.54705 1.13687e-13 4 0
7.80674 -2.5725 10 13 0
7.8703 -2.59305 20 20 0
7.9366 -2.6175 30 29 1
-1.55792 6.17177 -1.13687e-13 2 0
-1.57617 6.23247 10 10 0
-1.5931 6.28283 20 18 0
-1.60617 6.34025 30 26 1
-2.72835 -7.93563 -1.13687e-13 6 0
-2.7575 -8.00589 10 15 0
-2.78247 -8.07935 20 22 0
-2.8075 -8.14781 30 31 1
3.51706 7.84419 -1.13687e-13 3 0
3.5475 7.91907 10 11 0
3.5766 7.98792 20 19 0
3.6025 8.05893 30 27 1
-2.01567 4.83706 1.13687e-13 1 0
-2.03617 4.88227 10 10 0
-2.05738 4.92469 20 17 0
-2.07617 4.97177 30 26 1
-1.43489 -5.92352 0 6 0
-1.4525 -5.97964 10 15 0
-1.46736 -6.02805 20 22 0
-1.4825 -6.08742 30 31 1
2.42321 3.9491 -1.13687e-13 3 0
2.4425 3.98565 10 11 0
2.46334 4.01984 20 19 0
2.4825 4.05393 30 27 1
5.84513 -0.471561 1.13687e-13 4 0
5.89766 -0.4725 10 13 0
5.94312 -0.479679 20 20 0
5.99959 -0.4825 30 29 1
-6.05068 4.70082 -1.13687e-13 1 0
-6.10887 4.7425 10 9 0
-6.16761 4.78714 20 17 0
-6.22715 4.8325 30 25 1
-5.01481 3.9525 10 9 0
-5.06947 3.99132 20 17 0
-5.1131 4.0225 30 25 1
-0.107519 8.06629 -1.13687e-13 2 0
-0.111169 8.14744 10 10 0
-0.112931 8.22307 20 18 0
-0.116169 8.28679 30 26 1
4.16566 5.09839 0 3 0
4.2025 5.1446 10 11 0
4.23733 5.19302 20 19 0
4.2725 5.23582 30 27 1
-5.94965 -2.1803 1.13687e-13 0 0
-6.00894 -2.20117 10 8 0
-6.06071 -2.22089 20 16 0
-6.11965 -2.24117 30 24 1
1.41992 -6.34816 0 6 0
1.43117 -6.40566 10 14 0
1.44157 -6.46575 20 22 0
1.45117 -6.52466 30 30 1
6.46575 1.69052 1.13687e-13 4 0
6.52303 1.71117 10 12 0
6.57681 1.7257 20 20 0
6.63788 1.74117 30 28 1
3.90852 -3.23985 0 5 0
3.9459 -3.2725 10 13 0
3.97702 -3.30069 20 21 1
-3.05617 5.6265 10 10 0
-3.0913 5.68309 20 17 0
-3.11617 5.72893 30 26 1
-8.07282 -2.5402 -1.13687e-13 0 0
-8.14878 -2.56617 10 8 0
-8.22307 -2.5862 20 16 0
-8.29984 -2.61117 30 24 1
3.21436 2.94546 -1.13687e-13 3 0
3.2484 2.97617 10 12 0
3.26979 3.00089 20 19 0
3.2984 3.02617 30 28 1
4.59862 3.93556 1.13687e-13 3 0
4.63231 3.97117 10 12 0
4.67636 4.00565 20 19 0
4.71646 4.04117 30 28 1
-6.56374 -1.65534 0 0 0
-6.63152 -1.67117 10 8 0
-6.6944 -1.68781 20 16 0
-6.75345 -1.70117 30 24 1
3.04286 -4.74299 -1.13687e-13 5 0
3.07117 -4.7859 10 14 0
3.09493 -4.8295 20 21 0
3.12117 -4.87126 30 30 1
1.85211 -4.29847 -2.27374e-13 5 0
1.86617 -4.33751 10 14 0
1.88075 -4.38069 20 21 1
-3.51117 4.51172 10 10 0
-3.54433 4.55563 20 17 0
-3.58117 4.59587 30 26 1
5.022 1.09791 0 4 0
5.06243 1.10617 10 12 0
5.10692 1.11685 20 20 0
5.15107 1.13117 30 28 1
-6.57215 5.30648 1.13687e-13 1 0
-6.63902 5.3575 10 9 0
-6.69179 5.39934 20 17 1
-6.37864 -4.54839 1.13687e-13 7 0
-6.43525 -4.58617 10 8 0
-6.4994 -4.63089 20 23 0
-6.55561 -4.67117 30 24 1
-1.98547 7.8703 -1.13687e-13 2 0
-2.00117 7.93733 10 10 0
-2.02335 8.01402 20 18 0
-2.04617 8.0884 30 26 1
3.27536 5.536 0 3 0
3.2975 5.58311 10 11 0
3.3263 5.63287 20 19 0
3.3575 5.68553 30 27 1
-5.1957 -6.61826 -1.13687e-13 7 0
-5.2425 -6.67958 10 15 0
-5.29508 -6.74061 20 23 0
-5.3425 -6.80079 30 31 1
4.52174 -2.68206 -1.13687e-13 5 0
4.55677 -2.7025 10 13 0
4.60172 -2.73142 20 21 0
4.64213 -2.7525 30 29 1
2.47728 3.54395 1.13687e-13 3 0
2.4975 3.57396 10 11 0
2.5147 3.60816 20 19 0
2.5375 3.64224 30 27 1
-2.4575 -6.05126 10 15 0
-2.48481 -6.10644 20 22 0
-2.5075 -6.15782 30 31 1
1.98818 -6.51801 0 6 0
2.00617 -6.57761 10 14 0
2.02065 -6.6356 20 22 0
2.03617 -6.69954 30 30 1
6.62907 2.44007 0 4 0
6.68613 2.46117 10 12 0
6.74666 2.48337 20 20 0
6.80184 2.50617 30 28 1
-7.19089 -1.09791 1.13687e-13 0 0
-7.26153 -1.10617 10 8 0
-7.32808 -1.11685 20 16 0
-7.39467 -1.12617 30 24 1
5.25064 0.0885768 0 4 0
5.29901 0.0911686 10 12 0
5.34864 0.0912828 20 20 0
5.39093 0.0911686 30 28 1
-2.4125 -5.66684 10 15 0
-2.43379 -5.71237 20 23 0
-2.4625 -5.76634 30 31 1
6.17177 2.14783 1.13687e-13 4 0
6.22143 2.16617 10 12 0
6.2763 2.18571 20 20 0
6.33921 2.20617 30 28 1
-4.49043 -4.21005 0 7 0
-4.53755 -4.25117 10 8 0
-4.57741 -4.28938 20 23 0
-4.62462 -4.33117 30 24 1
0.896169 -5.05749 10 14 0
0.905783 -5.10692 20 22 0
0.911169 -5.15027 30 30 1
-4.86224 0.8725 10 9 0
-4.91094 0.880164 20 16 0
-4.95502 0.8875 30 25 1
-3.26117 4.46679 10 10 0
-3.29048 4.5046 20 17 0
-3.32117 4.548 30 26 1
2.56058 7.0733 0 2 0
2.5825 7.13792 10 11 0
2.60117 7.19742 20 18 0
2.6225 7.26277 30 27 1
-5.62555 -6.87208 0 7 0
-5.6775 -6.93073 10 15 0
-5.73147 -6.99713 20 23 0
-5.7875 -7.06194 30 31 1
-7.32652 -5.28197 1.13687e-13 7 0
-7.39946 -5.33117 10 8 0
-7.46959 -5.37912 20 23 0
-7.53688 -5.42617 30 24 1
-0.754248 6.49188 0 2 0
-0.761169 6.54884 10 10 0
-0.770484 6.60947 20 18 0
-0.781169 6.66783 30 26 1
0.102107 -5.06119 -2.27374e-13 6 0
0.101169 -5.11102 10 14 0
0.0966948 -5.15265 20 22 0
0.0961686 -5.19794 30 30 1
-5.37462 -1.00117 10 8 0
-5.4205 -1.00861 20 16 0
-5.47241 -1.02117 30 24 1
-5.07439 -6.35154 -2.27374e-13 7 0
-5.1225 -6.41109 10 15 0
-5.17107 -6.46735 20 23 0
-5.2175 -6.5273 30 31 1
0.683893 -7.60246 -1.13687e-13 6 0
0.691169 -7.67385 10 14 0
0.694716 -7.74618 20 22 0
0.701169 -7.81113 30 30 1
4.51244 -1.18053 0 4 0
4.54791 -1.1875 10 13 0
4.59736 -1.19947 20 20 0
4.63155 -1.2075 30 29 1
2.32786 6.08031 1.13687e-13 2 0
2.3475 6.13925 10 11 0
2.36575 6.1979 20 18 0
2.3875 6.24996 30 27 1
0.539211 4.924 -1.13687e-13 2 0
0.5425 4.97064 10 11 0
0.547329 5.00893 20 18 0
0.5475 5.05342 30 27 1
-3.69117 4.1119 10 10 0
-3.72813 4.1501 20 17 0
-3.76617 4.19397 30 26 1
1.09123 8.63464 -1.13687e-13 2 0
1.0975 8.70762 10 11 0
1.10747 8.79143 20 18 0
1.1125 8.86404 30 27 1
-1.62117 7.01993 10 10 0
-1.6364 7.07983 20 18 0
-1.65117 7.14185 30 26 1
4.83964 -4.66462 -1.13687e-13 5 0
4.87886 -4.7075 10 13 0
4.92279 -4.74777 20 21 0
4.95886 -4.7875 30 29 1
5.4093 3.69769 0 3 0
5.45797 3.73617 10 12 0
5.51047 3.77206 20 19 0
5.55126 3.80117 30 28 1
-4.98773 -3.77743 -1.13687e-13 7 0
-5.03093 -3.81117 10 8 0
-5.07965 -3.84256 20 23 0
-5.12921 -3.88117 30 24 1
4.90909 3.27402 -1.13687e-13 3 0
4.95019 3.30617 10 12 0
5.00102 3.33915 20 19 0
5.03848 3.36617 30 28 1
0.076488 6.35469 0 2 0
0.0775 6.41483 10 11 0
0.071076 6.47228 20 18 0
0.0725 6.53004 30 27 1
4.88641 6.5118 0 3 0
4.9275 6.56964 10 11 0
4.97273 6.62873 20 19 0
5.0125 6.69 30 27 1
0.0939888 -6.08684 0 6 0
0.0911686 -6.14047 10 14 0
0.0912828 -6.1979 20 22 0
0.0911686 -6.2536 30 30 1
-1.6875 -6.72375 10 15 0
-1.70549 -6.78586 20 22 0
-1.7225 -6.84361 30 31 1
-5.2236 6.79362 1.13687e-13 1 0
-5.27117 6.85155 10 10 0
-5.32298 6.91596 20 17 0
-5.37117 6.97277 30 26 1
3.49923 -2.66983 0 5 0
3.52647 -2.6975 10 13 0
3.55849 -2.72143 20 21 0
3.58561 -2.7425 30 29 1
5.0222 3.36416 -1.13687e-13 3 0
5.06348 3.39117 10 12 0
5.10489 3.42006 20 19 0
5.14469 3.45117 30 28 1
-8.92209 1.31853 1.13687e-13 0 0
-9.00126 1.3275 10 9 0
-9.08541 1.34289 20 16 0
-9.16768 1.3525 30 25 1
6.24873 -3.5327 0 5 0
6.30566 -3.5675 10 13 0
6.35754 -3.59942 20 21 0
6.40808 -3.6275 30 29 1
-4.0025 -4.75369 10 15 0
-4.03848 -4.79135 20 23 0
-4.0825 -4.84076 30 31 1
7.15378 -4.189 -2.27374e-13 5 0
7.22021 -4.2275 10 13 0
7.28219 -4.26384 20 21 0
7.34471 -4.3025 30 29 1
-4.50776 5.74484 0 1 0
-4.55617 5.80421 10 10 0
-4.5952 5.85142 20 17 0
-4.64117 5.90335 30 26 1
-2.17724 4.57386 0 1 0
-2.20117 4.61594 10 10 0
-2.22278 4.65766 20 17 0
-2.24617 4.70336 30 26 1
5.67528 -2.03562 1.13687e-13 4 0
5.72197 -2.0575 10 13 0
5.76674 -2.0735 20 20 0
5.82061 -2.0925 30 29 1
4.08632 -2.10121 -1.13687e-13 5 0
4.12027 -2.1175 10 13 0
4.15706 -2.14134 20 21 0
4.18855 -2.1575 30 29 1
-0.9775 -7.95123 10 15 0
-0.991109 -8.02709 20 22 0
-1.0025 -8.09643 30 31 1
3.75461 -6.6181 -1.13687e-13 5 0
3.78617 -6.6747 10 14 0
3.82021 -6.73728 20 21 0
3.85117 -6.79627 30 30 1
-0.191169 6.22633 10 10 0
-0.19411 6.2763 20 18 0
-0.196169 6.33032 30 26 1
0.0317512 -4.81294 -1.13687e-13 6 0
0.0311686 -4.85717 10 14 0
0.0290453 -4.89787 20 22 0
0.0261686 -4.9441 30 30 1
-5.41132 -4.12066 0 7 0
-5.46578 -4.16117 10 8 0
-5.51901 -4.19774 20 23 0
-5.56907 -4.23617 30 24 1
0.938255 -7.98136 0 6 0
0.941169 -8.05113 10 14 0
0.949079 -8.12508 20 22 0
0.956169 -8.20048 30 30 1
-7.06023 -2.41843 1.13687e-13 0 0
-7.12575 -2.44117 10 8 0
-7.19089 -2.46713 20 16 0
-7.2556 -2.48617 30 24 1
5.42242 -5.36603 0 5 0
5.47072 -5.4125 10 13 0
5.51751 -5.46496 20 21 0
5.56365 -5.5125 30 29 1
1.3198 -6.95571 -1.13687e-13 6 0
1.33117 -7.02691 10 14 0
1.33603 -7.08636 20 22 0
1.34617 -7.14798 30 30 1
5.07498 -2.86792 0 5 0
5.11447 -2.8925 10 13 0
5.1615 -2.91999 20 21 0
5.20482 -2.9475 30 29 1
3.34688 6.23129 -1.13687e-13 3 0
3.3775 6.29243 10 11 0
3.40595 6.34776 20 19 0
3.4325 6.39693 30 27 1
7.54366 -2.13303 1.13687e-13 4 0
7.61302 -2.1525 10 13 0
7.67432 -2.17092 20 20 0
7.74494 -2.1925 30 29 1
-6.56374 -0.410589 1.13687e-13 0 0
-6.6231 -0.411169 10 8 0
-6.68786 -0.418706 20 16 0
-6.74624 -0.421169 30 24 1
-6.40695 0.460737 0 0 0
-6.46042 0.4625 10 9 0
-6.51801 0.468855 20 16 0
-6.58356 0.4725 30 25 1
-7.98136 -0.137284 -1.13687e-13 0 0
-8.0643 -0.141169 10 8 0
-8.13161 -0.13999 20 16 0
-8.21072 -0.146169 30 24 1
-5.1858 2.44298 1.13687e-13 1 0
-5.23394 2.4675 10 9 0
-5.2865 2.4901 20 17 0
-5.33551 2.5125 30 25 1
5.59321 5.27839 -1.13687e-13 3 0
5.64583 5.33117 10 12 0
5.69484 5.38002 20 19 0
5.74083 5.42617 30 28 1
3.65641 -5.72775 -1.13687e-13 5 0
3.69117 -5.78067 10 14 0
3.72042 -5.83003 20 21 0
3.75117 -5.8831 30 30 1
7.00144 -0.0250743 1.13687e-13 4 0
7.06487 -0.0275 10 13 0
7.11903 -0.0250743 20 20 0
7.18507 -0.0275 30 29 1
-5.10868 7.13027 0 1 0
-5.15617 7.19617 10 10 0
-5.20424 7.25644 20 17 0
-5.25617 7.32446 30 26 1
5.14612 0.0939888 1.13687e-13 4 0
5.19087 0.0961686 10 12 0
5.23758 0.0939888 20 20 0
5.2828 0.0961686 30 28 1
2.74044 -8.03362 -1.13687e-13 6 0
2.76617 -8.10836 10 14 0
2.78644 -8.18388 20 22 0
2.80617 -8.25443 30 30 1
-1.0492 5.24411 -1.13687e-13 2 0
-1.06117 5.30027 10 10 0
-1.06814 5.3421 20 18 0
-1.08117 5.39806 30 26 1
4.39783 -6.60311 -2.27374e-13 5 0
4.43617 -6.66002 10 14 0
4.4765 -6.7277 20 21 0
4.51617 -6.78952 30 30 1
-5.12366 3.36433 1.13687e-13 1 0
-5.18106 3.3975 10 9 0
-5.22594 3.42835 20 17 0
-5.27642 3.4575 30 25 1
-3.0225 -6.20613 10 15 0
-3.04757 -6.25344 20 23 0
-3.0775 -6.31063 30 31 1
7.4326 1.40368 2.27374e-13 4 0
7.49375 1.41617 10 12 0
7.56326 1.43074 20 20 0
7.62982 1.44617 30 28 1
-4.27972 5.07672 1.13687e-13 1 0
-4.32617 5.12874 10 10 0
-4.36828 5.17294 20 17 0
-4.40617 5.21581 30 26 1
-3.737 3.4525 10 9 0
-3.76991 3.48009 20 17 0
-3.80407 3.5125 30 25 1
-0.329409 6.00192 -1.13687e-13 2 0
-0.336169 6.0602 10 10 0
-0.340233 6.10644 20 18 0
-0.346169 6.16212 30 26 1
-5.91046 -1.80146 0 0 0
-5.96835 -1.82117 10 8 0
-6.02152 -1.83664 20 16 0
-6.07613 -1.85117 30 24 1
0.636626 7.38034 -1.13687e-13 2 0
0.6425 7.44652 10 11 0
0.64745 7.511 20 18 0
0.6525 7.5838 30 27 1
-8.62158 -2.75667 0 0 0
-8.70319 -2.78117 10 8 0
-8.7849 -2.80809 20 16 0
-8.86633 -2.83117 30 24 1
1.86857 -3.89398 -1.13687e-13 5 0
1.88117 -3.92824 10 14 0
1.89833 -3.96584 20 21 0
1.91117 -3.9936 30 30 1
1.20759 7.70045 -1.13687e-13 2 0
1.2175 7.76696 10 11 0
1.22653 7.83764 20 18 0
1.2375 7.91424 30 27 1
-5.34802 3.43562 0 1 0
-5.39955 3.4675 10 9 0
-5.45413 3.49581 20 17 0
-5.50198 3.5275 30 25 1
-6.08031 -2.06124 1.13687e-13 0 0
-6.13643 -2.08117 10 8 0
-6.19137 -2.10183 20 16 0
-6.25421 -2.12117 30 24 1
-5.10597 -5.9966 -1.13687e-13 7 0
-5.1525 -6.05218 10 15 0
-5.20648 -6.10859 20 23 0
-5.2525 -6.15925 30 31 1
4.66269 0.424118 1.13687e-13 4 0
4.70563 0.431169 10 12 0
4.74762 0.432236 20 20 0
4.78841 0.436169 30 28 1
-6.51148 2.50646 0 0 0
-6.5738 2.5275 10 9 0
-6.6356 2.55246 20 16 0
-6.69659 2.5725 30 25 1
-3.0675 -4.04496 10 15 0
-3.09489 -4.08119 20 23 0
-3.1275 -4.1191 30 31 1
-0.418706 5.36823 0 2 0
-0.426169 5.41481 10 10 0
-0.432236 5.46623 20 18 0
-0.436169 5.50966 30 26 1
-8.90249 -1.72028 1.13687e-13 0 0
-8.98755 -1.73617 10 8 0
-9.07234 -1.75275 20 16 0
-9.1569 -1.77117 30 24 1
-4.31416 7.25036 0 1 0
-4.35617 7.32248 10 10 0
-4.39823 7.38801 20 17 0
-4.44117 7.45698 30 26 1
-1.31042 -5.93659 -1.13687e-13 6 0
-1.3225 -5.98399 10 15 0
-1.33747 -6.04111 20 22 0
-1.3525 -6.09177 30 31 1
4.3125 6.01828 10 11 0
4.35084 6.06807 20 19 0
4.3875 6.12864 30 27 1
-0.713658 6.68133 -1.13687e-13 2 0
-0.726169 6.74011 10 10 0
-0.7326 6.80545 20 18 0
-0.741169 6.86118 30 26 1
-7.8899 -2.17759 1.13687e-13 0 0
-7.96262 -2.19617 10 8 0
-8.04016 -2.21818 20 16 0
-8.11369 -2.24117 30 24 1
6.18484 -1.59725 1.13687e-13 4 0
6.23863 -1.6125 10 13 0
6.28936 -1.62431 20 20 0
6.34141 -1.6375 30 29 1
2.64573 -7.26928 0 6 0
2.66617 -7.33661 10 14 0
2.68902 -7.39994 20 22 0
2.71117 -7.46646 30 30 1
5.02809 -2.32353 -1.13687e-13 5 0
5.07151 -2.3475 10 13 0
5.11572 -2.36524 20 21 0
5.16601 -2.3925 30 29 1
-4.04098 -3.81117 10 8 0
-4.07944 -3.84499 20 23 0
-4.12012 -3.87617 30 24 1
4.20248 -4.65507 -3.41061e-13 5 0
4.24117 -4.70432 10 14 0
4.27798 -4.74587 20 21 0
4.31117 -4.78847 30 30 1
-1.10603 6.28283 1.13687e-13 2 0
-1.12117 6.34315 10 10 0
-1.13309 6.40042 20 18 0
-1.14617 6.453 30 26 1
-6.41454 -6.04614 2.27374e-13 7 0
-6.47447 -6.09617 10 8 0
-6.53576 -6.15588 20 23 0
-6.59654 -6.21117 30 24 1
-7.2187 -4.51211 0 7 0
-7.28414 -4.55117 10 8 0
-7.35635 -4.59619 20 23 0
-7.4207 -4.63117 30 24 1
7.59592 -3.05848 2.27374e-13 4 0
7.65913 -3.0825 10 13 0
7.72658 -3.1126 20 20 0
7.80399 -3.1425 30 29 1
-4.67133 -6.07093 0 7 0
-4.7175 -6.1263 10 15 0
-4.75877 -6.17751 20 23 0
-4.8075 -6.23751 30 31 1
-0.636626 -6.11298 0 6 0
-0.6425 -6.16666 10 15 0
-0.652862 -6.23057 20 22 0
-0.6625 -6.28565 30 31 1
2.08858 4.48698 0 3 0
2.1075 4.52746 10 11 0
2.12376 4.57191 20 19 0
2.1375 4.60696 30 27 1
0.493209 6.43308 0 2 0
0.4925 6.48335 10 11 0
0.495915 6.54414 20 18 0
0.5025 6.60648 30 27 1
-1.51192 4.49284 -2.27374e-13 2 0
-1.53117 4.53991 10 10 0
-1.5471 4.57776 20 18 0
-1.56117 4.61941 30 26 1
5.0915 2.78673 -1.13687e-13 3 0
5.13401 2.81117 10 12 0
5.17801 2.8388 20 19 0
5.21937 2.86117 30 28 1
5.40503 -3.50794 -3.41061e-13 5 0
5.45334 -3.5425 10 13 0
5.49696 -3.57308 20 21 0
5.54163 -3.6025 30 29 1
-3.49959 6.04163 0 1 0
-3.53117 6.09443 10 10 0
-3.5636 6.14391 20 17 0
-3.60117 6.20686 30 26 1
7.8899 2.24254 0 4 0
7.95484 2.26617 10 12 0
8.02709 2.28313 20 20 0
8.09384 2.30617 30 28 1
0.774631 4.9044 -1.13687e-13 2 0
0.7775 4.94401 10 11 0
0.782749 4.98933 20 18 0
0.7875 5.03886 30 27 1
-4.50197 3.7225 10 9 0
-4.53873 3.75525 20 17 0
-4.58111 3.7875 30 25 1
-3.7095 6.94037 -1.13687e-13 1 0
-3.74117 7.00447 10 10 0
-3.77781 7.06608 20 17 0
-3.81117 7.12396 30 26 1
4.15217 -3.60595 -1.13687e-13 5 0
4.18362 -3.6375 10 13 0
4.22067 -3.6668 20 21 0
4.2557 -3.7025 30 29 1
3.9341 -5.27452 -2.27374e-13 5 0
3.97117 -5.32528 10 14 0
4.00848 -5.37568 20 21 0
4.04117 -5.42356 30 30 1
4.92018 2.47764 0 3 0
4.96044 2.49617 10 12 0
5.00128 2.51664 20 19 0
5.04079 2.54117 30 28 1
1.63243 4.95013 0 2 0
1.6425 4.98877 10 11 0
1.65678 5.03506 20 18 0
1.6725 5.08241 30 27 1
6.88385 -2.14656 2.27374e-13 4 0
6.94919 -2.1675 10 13 0
7.00797 -2.18174 20 20 0
7.06905 -2.2025 30 29 1
-1.05117 8.25305 10 10 0
-1.06273 8.33413 20 18 0
-1.07617 8.40533 30 26 1
-1.53628 4.4863 -1.13687e-13 2 0
-1.55117 4.53162 10 10 0
-1.56875 4.5647 20 18 0
-1.58617 4.60905 30 26 1
-7.26928 -1.96382 0 0 0
-7.34457 -1.98117 10 8 0
-7.40647 -1.999 20 16 0
-7.47857 -2.01617 30 24 1
-7.15169 0.63392 0 0 0
-7.21525 0.6375 10 9 0
-7.28235 0.644744 20 16 0
-7.35752 0.6525 30 25 1
7.05074 4.17194 -1.13687e-13 3 0
7.10677 4.21117 10 12 0
7.16879 4.2479 20 19 0
7.23127 4.28617 30 28 1
-2.0325 -7.00511 10 15 0
-2.05185 -7.0733 20 22 0
-2.0725 -7.12997 30 31 1
-7.11903 2.14115 0 0 0
-7.17961 2.1575 10 9 0
-7.24968 2.17903 20 16 0
-7.31153 2.1975 30 25 1
-2.95421 7.79191 1.13687e-13 2 0
-2.98117 7.85667 10 10 0
-3.01104 7.9291 20 18 0
-3.04117 8.00152 30 26 1
7.06023 1.16826 0 4 0
7.1244 1.18117 10 12 0
7.17782 1.18991 20 20 0
7.2434 1.20117 30 28 1
-3.63617 3.64678 10 10 0
-3.67339 3.67823 20 17 0
-3.70617 3.7097 30 26 1
5.99816 -3.29361 -1.13687e-13 5 0
6.05151 -3.3275 10 13 0
6.10427 -3.3538 20 21 0
6.16101 -3.3875 30 29 1
4.53857 -0.823339 1.13687e-13 4 0
4.57475 -0.8325 10 13 0
4.61043 -0.836869 20 20 0
4.65339 -0.8475 30 29 1
4.53878 -2.08297 -1.13687e-13 5 0
4.57903 -2.1025 10 13 0
4.61988 -2.12198 20 21 1
-6.28323 -3.82155 0 7 0
-6.34165 -3.85617 10 8 0
-6.39858 -3.89098 20 23 0
-6.46115 -3.92617 30 24 1
-4.81268 -2.92117 10 8 0
-4.85285 -2.94224 20 23 0
-4.89803 -2.97117 30 24 1
1.85564 4.36885 0 3 0
1.8725 4.41267 10 11 0
1.89082 4.45378 20 19 0
1.9025 4.49216 30 27 1
-6.64867 -2.05853 -1.13687e-13 0 0
-6.70418 -2.07617 10 8 0
-6.77279 -2.09912 20 16 0
-6.83611 -2.11617 30 24 1
-2.03021 -4.86871 0 7 0
-2.0475 -4.91294 10 15 0
-2.07192 -4.95634 20 23 0
-2.0925 -5.00036 30 31 1
-5.70333 5.48239 -1.13687e-13 1 0
-5.76043 5.5325 10 9 0
-5.81532 5.5829 20 17 0
-5.8675 5.6325 30 25 1
-2.27771 5.64915 0 2 0
-2.30117 5.69882 10 10 0
-2.32642 5.75367 20 18 0
-2.34617 5.80039 30 26 1
-7.55673 0.30379 0 0 0
-7.62064 0.3075 10 9 0
-7.69392 0.311908 20 16 0
-7.76706 0.3125 30 25 1
-4.77999 -3.61561 0 7 0
-4.8235 -3.64617 10 8 0
-4.87191 -3.68075 20 23 0
-4.92179 -3.71617 30 24 1
-1.27524 -6.6748 -1.13687e-13 6 0
-1.2875 -6.73387 10 15 0
-1.3023 -6.79239 20 22 0
-1.3175 -6.8558 30 31 1
3.57683 -4.2552 -2.27374e-13 5 0
3.61117 -4.29353 10 14 0
3.64309 -4.33677 20 21 0
3.67117 -4.37474 30 30 1
-3.80804 2.9225 10 9 0
-3.84126 2.9468 20 17 0
-3.87925 2.9725 30 25 1
5.33312 4.02332 1.13687e-13 3 0
5.37992 4.06117 10 12 0
5.43045 4.10152 20 19 0
5.47614 4.13617 30 28 1
-4.08548 -7.32197 0 7 0
-4.1225 -7.38391 10 15 0
-4.16032 -7.45038 20 23 0
-4.2025 -7.52048 30 31 1
-0.840839 7.57633 0 2 0
-0.851169 7.64293 10 10 0
-0.859781 7.71351 20 18 0
-0.871169 7.78314 30 26 1
1.54854 7.08636 -1.13687e-13 2 0
1.5575 7.15237 10 11 0
1.57019 7.21702 20 18 0
1.5825 7.28343 30 27 1
4.28417 2.0789 -1.13687e-13 3 0
4.32502 2.10117 10 12 0
4.36145 2.12173 20 19 0
4.40037 2.14117 30 28 1
0.739453 5.30291 1.13687e-13 2 0
0.7425 5.34742 10 11 0
0.744865 5.39437 20 18 0
0.7475 5.44434 30 27 1
4.86163 3.83885 -1.13687e-13 3 0
4.90501 3.87617 10 12 0
4.9459 3.91164 20 19 0
4.98915 3.94617 30 28 1
-2.3275 -6.39502 10 15 0
-2.34951 -6.44615 20 22 0
-2.3725 -6.51073 30 31 1
-4.71462 -6.17546 0 7 0
-4.7575 -6.22993 10 15 0
-4.80477 -6.28856 20 23 0
-4.8475 -6.34115 30 31 1
7.12556 -2.14386 1.13687e-13 4 0
7.18461 -2.1625 10 13 0
7.24315 -2.18174 20 20 0
7.30946 -2.2025 30 29 1
-0.504033 -6.31549 -1.13687e-13 6 0
-0.5075 -6.364 10 15 0
-0.517563 -6.42655 20 22 0
-0.5225 -6.48506 30 31 1
5.30603 4.33682 -2.27374e-13 3 0
5.34844 4.37617 10 12 0
5.39953 4.41885 20 19 0
5.44258 4.45617 30 28 1
-6.78374 5.08565 2.27374e-13 1 0
-6.84535 5.1325 10 9 0
-6.91645 5.18391 20 17 0
-6.97571 5.2275 30 25 1
-2.18842 5.78633 0 2 0
-2.21117 5.84216 10 10 0
-2.23442 5.89739 20 18 0
-2.25617 5.9508 30 26 1
4.22374 3.70993 0 3 0
4.25882 3.74617 10 12 0
4.29494 3.7773 20 19 0
4.33589 3.81617 30 28 1
-4.87246 7.20019 0 1 0
-4.91617 7.26023 10 10 0
-4.96419 7.33019 20 17 0
-5.01117 7.39765 30 26 1
-4.02434 6.45923 -1.13687e-13 1 0
-4.06117 6.51836 10 10 0
-4.1003 6.57728 20 17 0
-4.14117 6.63372 30 26 1
-0.397059 7.68085 1.13687e-13 2 0
-0.406169 7.75654 10 10 0
-0.407883 7.82457 20 18 0
-0.416169 7.89382 30 26 1
4.9855 4.71278 -1.13687e-13 3 0
5.0284 4.75617 10 12 0
5.07135 4.80246 20 19 0
5.1184 4.84617 30 28 1
-4.71676 -4.1685 0 7 0
-4.76125 -4.20617 10 8 0
-4.80756 -4.244 20 23 0
-4.85039 -4.28117 30 24 1
7.78538 2.21007 2.27374e-13 4 0
7.8562 2.23117 10 12 0
7.92256 2.25066 20 20 0
7.98813 2.27117 30 28 1
-3.0025 -6.36291 10 15 0
-3.03617 -6.4219 20 23 0
-3.0625 -6.47948 30 31 1
-0.59333 -6.30896 -1.13687e-13 6 0
-0.6025 -6.36707 10 15 0
-0.612272 -6.42002 20 22 0
-0.6175 -6.474 30 31 1
-4.58524 6.63744 1.13687e-13 1 0
-4.62617 6.69446 10 10 0
-4.67156 6.75437 20 17 0
-4.71617 6.81274 30 26 1
4.1133 -7.34034 0 5 0
4.14617 -7.40947 10 14 0
4.17778 -7.46988 20 21 0
4.21617 -7.54311 30 30 1
-6.12361 6.3925 -1.13687e-13 1 0
-6.18117 6.4534 10 10 0
-6.23718 6.5099 20 17 0
-6.29617 6.5684 30 26 1
1.7542 6.36775 0 2 0
1.7675 6.42192 10 11 0
1.78126 6.48535 20 18 0
1.7925 6.53884 30 27 1
3.89964 5.47528 -1.13687e-13 3 0
3.9325 5.52514 10 11 0
3.96748 5.57373 20 19 0
3.9975 5.61843 30 27 1
-4.47616 -6.2661 1.13687e-13 7 0
-4.5175 -6.32228 10 15 0
-4.56248 -6.38303 20 23 0
-4.6025 -6.43556 30 31 1
3.10651 -3.68155 -3.41061e-13 5 0
3.13117 -3.71453 10 14 0
3.15428 -3.74464 20 21 0
3.18117 -3.77867 30 30 1
-5.10654 -2.67931 0 7 0
-5.15129 -2.70117 10 8 0
-5.2007 -2.72372 20 23 0
-5.25079 -2.75117 30 24 1
5.10039 -0.650156 0 4 0
5.14221 -0.6575 10 13 0
5.18532 -0.663686 20 20 0
5.22999 -0.6675 30 29 1
-6.30896 -2.02606 1.13687e-13 0 0
-6.37013 -2.04617 10 8 0
-6.42655 -2.06394 20 16 0
-6.48791 -2.08617 30 24 1
-1.92594 5.64915 1.13687e-13 2 0
-1.94617 5.70444 10 10 0
-1.96382 5.75367 20 18 0
-1.98617 5.80808 30 26 1
-4.49857 -1.92117 10 8 0
-4.54513 -1.93804 20 23 0
-4.59014 -1.95617 30 24 1
4.75594 3.27011 -2.27374e-13 3 0
4.7967 3.30117 10 12 0
4.8348 3.32984 20 19 0
4.87791 3.36117 30 28 1
6.05418 -0.168491 0 4 0
6.10678 -0.1725 10 13 0
6.15217 -0.171197 20 20 0
6.21284 -0.1725 30 29 1
6.09191 2.71945 0 3 0
6.14589 2.74117 10 12 0
6.19914 2.76927 20 19 0
6.24539 2.79117 30 28 1
-5.08198 2.89788 2.27374e-13 1 0
-5.13033 2.9225 10 9 0
-5.17885 2.94883 20 17 0
-5.22775 2.9775 30 25 1
-7.20396 2.33869 1.13687e-13 0 0
-7.26647 2.3575 10 9 0
-7.34114 2.37928 20 16 0
-7.41047 2.4025 30 25 1
5.27024 1.93676 0 4 0
5.31139 1.95617 10 12 0
5.35517 1.97194 20 20 0
5.40296 1.99117 30 28 1
-4.62306 1.3475 10 9 0
-4.66922 1.35912 20 16 0
-4.7117 1.3725 30 25 1
-3.11928 8.11202 0 2 0
-3.15117 8.18223 10 10 0
-3.17881 8.25574 20 18 0
-3.21117 8.32709 30 26 1
-4.77972 -3.5235 1.13687e-13 7 0
-4.82543 -3.55617 10 8 0
-4.87164 -3.58863 20 23 0
-4.91871 -3.62117 30 24 1
3.64846 -6.93673 -1.13687e-13 5 0
3.67617 -6.99604 10 14 0
3.71024 -7.05974 20 21 0
3.74117 -7.12467 30 30 1
-4.01854 -5.44876 0 7 0
-4.0575 -5.49458 10 15 0
-4.09675 -5.5461 20 23 0
-4.1375 -5.59579 30 31 1
-4.53422 -2.09117 10 8 0
-4.57788 -2.10855 20 23 0
-4.62372 -2.13117 30 24 1
0.440354 -6.00845 -1.13687e-13 6 0
0.441169 -6.05913 10 14 0
0.44306 -6.11951 20 22 0
0.446169 -6.1702 30 30 1
-7.26914 5.17306 0 1 0
-7.3334 5.2175 10 9 0
-7.40567 5.26749 20 17 0
-7.47083 5.3125 30 25 1
-2.78617 5.1868 10 10 0
-2.81518 5.23859 20 17 0
-2.84117 5.28422 30 26 1
7.04299 -4.23512 -1.13687e-13 5 0
7.10258 -4.2725 10 13 0
7.16758 -4.31378 20 21 0
7.22708 -4.3475 30 29 1
3.55855 3.04473 -1.13687e-13 3 0
3.58382 3.07117 10 12 0
3.61398 3.10016 20 19 0
3.64589 3.12617 30 28 1
0.210346 -7.56979 -1.13687e-13 6 0
0.211169 -7.63933 10 14 0
0.210346 -7.70045 20 22 0
0.211169 -7.77368 30 30 1
-4.57455 -1.60117 10 8 0
-4.61043 -1.61475 20 16 0
-4.65612 -1.62617 30 24 1
5.18561 -2.50785 0 5 0
5.2353 -2.5325 10 13 0
5.27595 -2.55609 20 21 0
5.31566 -2.5775 30 29 1
3.26293 6.78642 0 3 0
3.2925 6.8509 10 11 0
3.32087 6.91325 20 19 0
3.3475 6.96954 30 27 1
-1.1825 -5.67428 10 15 0
-1.19676 -5.72754 20 22 0
-1.2075 -5.76999 30 31 1
4.1664 5.21776 -1.13687e-13 3 0
4.2025 5.26481 10 11 0
4.23807 5.31239 20 19 0
4.2725 5.3631 30 27 1
-1.9586 4.22893 0 1 0
-1.98117 4.26866 10 10 0
-2.00143 4.30621 20 17 1
0.686599 -8.19694 -1.13687e-13 6 0
0.691169 -8.27489 10 14 0
0.694716 -8.3472 20 22 0
0.701169 -8.42631 30 30 1
0.24823 -6.30243 -1.13687e-13 6 0
0.251169 -6.36411 10 14 0
0.24823 -6.42002 20 22 0
0.246169 -6.47224 30 30 1
-7.42779 3.13893 0 1 0
-7.49872 3.1625 10 9 0
-7.56881 3.19193 20 17 0
-7.63857 3.2175 30 25 1
-5.00712 4.06291 -1.13687e-13 1 0
-5.05375 4.0975 10 9 0
-5.10175 4.13458 20 17 0
-5.14996 4.1725 30 25 1
-4.63223 -3.68117 10 8 0
-4.67396 -3.71241 20 23 0
-4.71844 -3.74617 30 24 1
-8.09895 -2.46984 1.13687e-13 0 0
-8.17277 -2.49117 10 8 0
-8.24921 -2.51584 20 16 0
-8.32384 -2.53617 30 24 1
-3.4325 -4.24733 10 15 0
-3.46548 -4.28341 20 23 0
-3.4975 -4.32647 30 31 1
-7.19034 -5.43663 2.27374e-13 7 0
-7.25247 -5.48117 10 8 0
-7.32305 -5.5349 20 23 0
-7.38783 -5.58117 30 24 1
-0.736747 -6.2371 -1.13687e-13 6 0
-0.7475 -6.29287 10 15 0
-0.755689 -6.34816 20 22 0
-0.7625 -6.40686 30 31 1
-5.6436 -6.48448 1.13687e-13 7 0
-5.6925 -6.53561 10 15 0
-5.75064 -6.59917 20 23 0
-5.8025 -6.65975 30 31 1
2.37657 7.0733 1.13687e-13 2 0
2.3925 7.13177 10 11 0
2.41175 7.19742 20 18 0
2.4325 7.26369 30 27 1
-5.24835 2.1425 10 9 0
-5.28984 2.15739 20 16 0
-5.33992 2.1775 30 25 1
4.24125 -4.26523 -1.13687e-13 5 0
4.27617 -4.30092 10 14 0
4.30862 -4.33643 20 21 0
4.35117 -4.38299 30 30 1
-8.90249 -1.49298 1.13687e-13 0 0
-8.98382 -1.50617 10 8 0
-9.07234 -1.52004 20 16 0
-9.15024 -1.53117 30 24 1
8.13815 -0.555447 1.13687e-13 4 0
8.20798 -0.5625 10 13 0
8.27534 -0.563564 20 20 0
8.34733 -0.5675 30 29 1
5.29637 0.80025 1.13687e-13 4 0
5.34226 0.806169 10 12 0
5.39437 0.81378 20 20 0
5.43504 0.821169 30 28 1
-3.15617 4.3335 10 10 0
-3.18568 4.36919 20 17 0
-3.21617 4.40764 30 26 1
2.06217 4.38404 -2.27374e-13 3 0
2.0775 4.42675 10 11 0
2.09465 4.46244 20 19 0
2.1075 4.49917 30 27 1
5.28548 5.56765 -1.13687e-13 3 0
5.3325 5.617 10 11 0
5.37675 5.67039 20 19 0
5.4225 5.72114 30 27 1
6.8554 -4.26565 0 5 0
6.91338 -4.3025 10 13 0
6.97345 -4.34161 20 21 0
7.0358 -4.3825 30 29 1
3.84574 -2.90536 -1.13687e-13 5 0
3.87668 -2.9275 10 13 0
3.90883 -2.95314 20 21 0
3.94582 -2.9825 30 29 1
0.820633 7.81151 -1.13687e-13 2 0
0.8225 7.88108 10 11 0
0.831457 7.95523 20 18 0
0.8375 8.03043 30 27 1
2.27501 -7.4326 0 6 0
2.29117 -7.49194 10 14 0
2.31289 -7.56326 20 22 0
2.33117 -7.63093 30 30 1
-1.61078 -8.42559 0 6 0
-1.6275 -8.50223 10 15 0
-1.64325 -8.58238 20 22 0
-1.6625 -8.65744 30 31 1
-1.62557 4.5059 -1.13687e-13 2 0
-1.64117 4.54384 10 10 0
-1.65805 4.5843 20 18 0
-1.67617 4.62834 30 26 1
3.60966 6.57827 -1.13687e-13 3 0
3.6425 6.63521 10 11 0
3.67526 6.69744 20 19 0
3.7025 6.75885 30 27 1
0.617684 6.62907 0 2 0
0.6175 6.68613 10 11 0
0.623096 6.74666 20 18 0
0.6275 6.80927 30 27 1
-4.54514 -7.26882 1.13687e-13 7 0
-4.5925 -7.33773 10 15 0
-4.63304 -7.40265 20 23 0
-4.6775 -7.46515 30 31 1
-7.66125 -1.40098 0 0 0
-7.73417 -1.41617 10 8 0
-7.80497 -1.42804 20 16 0
-7.8723 -1.44117 30 24 1
5.13836 -3.92244 -1.13687e-13 5 0
5.18245 -3.9575 10 13 0
5.22645 -3.9914 20 21 0
5.27366 -4.0275 30 29 1
4.76259 -4.1781 0 5 0
4.80105 -4.2125 10 13 0
4.84033 -4.24819 20 21 0
4.88312 -4.2875 30 29 1
5.94331 5.03916 -1.13687e-13 3 0
6.00187 5.08617 10 12 0
6.05259 5.13313 20 19 0
6.09894 5.17617 30 28 1
0.973432 -7.33461 0 6 0
0.981169 -7.40523 10 14 0
0.986962 -7.4718 20 22 0
0.991169 -7.53544 30 30 1
-0.953226 -6.05418 0 6 0
-0.9625 -6.11189 10 15 0
-0.977579 -6.16524 20 22 0
-0.9875 -6.22174 30 31 1
-3.37598 6.55327 0 1 0
-3.40617 6.6129 10 10 0
-3.44158 6.67244 20 17 0
-3.47117 6.7274 30 26 1
-1.62287 4.38178 0 2 0
-1.64117 4.42363 10 10 0
-1.65534 4.46017 20 18 0
-1.67617 4.50106 30 26 1
4.5451 -0.631214 1.13687e-13 4 0
4.59188 -0.6375 10 13 0
4.62349 -0.642038 20 20 0
4.66552 -0.6475 30 29 1
-7.13863 2.19256 1.13687e-13 0 0
-7.20633 2.2125 10 9 0
-7.27582 2.23315 20 16 0
-7.33825 2.2525 30 25 1
2.49563 6.09338 0 2 0
2.5175 6.14661 10 11 0
2.53352 6.1979 20 18 0
2.5575 6.25732 30 27 1
1.49839 -4.02901 -1.13687e-13 6 0
1.50617 -4.06236 10 14 0
1.51733 -4.10087 20 22 0
1.53117 -4.13686 30 30 1
-5.44904 -6.10623 0 7 0
-5.4975 -6.15676 10 15 0
-5.54684 -6.21169 20 23 0
-5.6025 -6.26883 30 31 1
-4.80843 3.1875 10 9 0
-4.84994 3.21307 20 17 0
-4.89878 3.2425 30 25 1
-4.53685 -6.02064 -1.13687e-13 7 0
-4.5825 -6.07615 10 15 0
-4.62429 -6.12721 20 23 0
-4.6675 -6.18236 30 31 1
-2.77797 3.81607 0 1 0
-2.80617 3.84915 10 10 0
-2.83499 3.88839 20 17 0
-2.86117 3.91829 30 26 1
3.20915 -4.90929 -1.13687e-13 5 0
3.23617 -4.9509 10 14 0
3.26122 -4.9958 20 21 0
3.28617 -5.03626 30 30 1
-6.29149 -3.24049 -1.13687e-13 7 0
-6.35062 -3.27117 10 8 0
-6.40796 -3.29955 20 23 0
-6.47426 -3.33117 30 24 1
-2.56455 8.07935 -1.13687e-13 2 0
-2.59117 8.15256 10 10 0
-2.61596 8.22961 20 18 0
-2.64117 8.29449 30 26 1
3.10644 3.31207 -1.13687e-13 3 0
3.1375 3.34421 10 11 0
3.15804 3.37133 20 19 0
3.1875 3.40128 30 27 1
-7.12607 -3.94878 0 7 0
-7.1929 -3.98617 10 8 0
-7.25832 -4.01979 20 23 0
-7.33154 -4.06117 30 24 1
-6.53316 3.93193 1.13687e-13 1 0
-6.59252 3.9675 10 9 0
-6.65504 4.00407 20 17 0
-6.71909 4.0375 30 25 1
-6.43308 -1.90429 1.13687e-13 0 0
-6.49969 -1.92117 10 8 0
-6.55721 -1.93947 20 16 0
-6.61954 -1.95617 30 24 1
-3.05117 6.11648 10 10 0
-3.08548 6.17858 20 17 0
-3.11117 6.23305 30 26 1
7.06023 -1.01276 0 4 0
7.11941 -1.0225 10 13 0
7.18436 -1.0317 20 20 0
7.24548 -1.0425 30 29 1
-7.83731 3.26526 1.13687e-13 1 0
-7.91156 3.2925 10 9 0
-7.98756 3.3275 20 17 0
-8.05641 3.3525 30 25 1
1.7257 -8.23614 0 6 0
1.73617 -8.30873 10 14 0
1.75005 -8.38639 20 22 0
1.76617 -8.46601 30 30 1
4.02402 -2.7086 -2.27374e-13 5 0
4.05644 -2.7325 10 13 0
4.10017 -2.7618 20 21 0
4.12766 -2.7825 30 29 1
-8.46479 -0.694716 1.13687e-13 0 0
-8.54652 -0.701169 10 8 0
-8.62811 -0.708246 20 16 0
-8.70501 -0.711169 30 24 1
-4.32552 -2.15117 10 8 0
-4.3662 -2.17241 20 23 0
-4.40795 -2.19117 30 24 1
-4.22958 7.46427 -1.13687e-13 1 0
-4.27117 7.53447 10 10 0
-4.31366 7.60193 20 17 0
-4.35117 7.66396 30 26 1
5.29637 -1.21841 0 4 0
5.33744 -1.2275 10 13 0
5.38783 -1.24006 20 20 0
5.43315 -1.2525 30 29 1
1.07499 5.19838 -1.13687e-13 2 0
1.0825 5.24194 10 11 0
1.09123 5.28984 20 18 0
1.0975 5.33472 30 27 1
2.65366 5.82509 -1.13687e-13 3 0
2.6725 5.87735 10 11 0
2.69696 5.92962 20 19 0
2.7175 5.98599 30 27 1
1.82852 -4.89134 0 6 0
1.84117 -4.93476 10 14 0
1.85558 -4.9828 20 22 0
1.87117 -5.02133 30 30 1
1.10873 -5.37477 0 6 0
1.11617 -5.41891 10 14 0
1.12497 -5.46623 20 22 0
1.13117 -5.51877 30 30 1
-5.68839 -3.32621 0 7 0
-5.73765 -3.35117 10 8 0
-5.79179 -3.37987 20 23 0
-5.85215 -3.41617 30 24 1
2.32786 7.66125 -1.13687e-13 2 0
2.3425 7.72524 10 11 0
2.36304 7.79844 20 18 0
2.3825 7.8713 30 27 1
0.126461 -5.56422 0 6 0
0.126169 -5.61685 10 14 0
0.126461 -5.66874 20 22 0
0.126169 -5.71585 30 30 1
4.2966 6.15925 0 3 0
4.3375 6.22006 10 11 0
4.37256 6.27731 20 19 0
4.4125 6.33041 30 27 1
2.49675 5.06736 0 3 0
2.5175 5.11423 10 11 0
2.53463 5.15882 20 19 0
2.5575 5.20373 30 27 1
-1.84117 7.40256 10 10 0
-1.85829 7.4718 20 18 0
-1.87617 7.53656 30 26 1
5.68834 0.161638 1.13687e-13 4 0
5.74171 0.166169 10 12 0
5.79287 0.16705 20 20 0
5.83363 0.166169 30 28 1
-5.95752 2.65981 1.13687e-13 1 0
-6.01463 2.6825 10 9 0
-6.06858 2.70581 20 17 0
-6.12327 2.7275 30 25 1
-5.35721 2.90905 0 1 0
-5.40903 2.9325 10 9 0
-5.46061 2.96271 20 17 0
-5.51352 2.9875 30 25 1
1.54584 4.04861 0 2 0
1.5575 4.09059 10 11 0
1.56748 4.127 20 18 0
1.5775 4.15302 30 27 1
6.42002 0.77319 1.13687e-13 4 0
6.47691 0.781169 10 12 0
6.53761 0.789426 20 20 0
6.59091 0.796169 30 28 1
-8.09805 3.56809 0 1 0
-8.17913 3.6025 10 9 0
-8.25754 3.63957 20 17 0
-8.33399 3.6725 30 25 1
-5.48583 0.522975 1.13687e-13 0 0
-5.54254 0.5275 10 9 0
-5.59035 0.533799 20 16 0
-5.64446 0.5375 30 25 1
5.15621 2.47258 -1.13687e-13 3 0
5.20085 2.49617 10 12 0
5.24655 2.52082 20 19 0
5.28828 2.54117 30 28 1
5.65568 2.08559 1.13687e-13 4 0
5.70888 2.10617 10 12 0
5.75367 2.12618 20 20 0
5.80545 2.14617 30 28 1
6.01498 1.22238 1.13687e-13 4 0
6.06424 1.23117 10 12 0
6.11951 1.24403 20 20 0
6.1741 1.25617 30 28 1
-3.0475 -6.36548 10 15 0
-3.07761 -6.41741 20 23 0
-3.1075 -6.47498 30 31 1
-2.76228 3.9611 0 1 0
-2.78617 3.99179 10 10 0
-2.81277 4.03072 20 17 0
-2.84117 4.06093 30 26 1
6.79527 4.48284 -1.13687e-13 3 0
6.85609 4.52617 10 12 0
6.91603 4.56533 20 19 0
6.97144 4.60617 30 28 1
1.6789 4.04669 -1.13687e-13 3 0
1.6925 4.08417 10 11 0
1.70549 4.12047 20 18 0
1.7175 4.1516 30 27 1
2.92193 3.21941 0 3 0
2.9475 3.25321 10 11 0
2.96971 3.28249 20 19 0
2.9975 3.31028 30 27 1
-0.552741 -4.9828 -1.13687e-13 6 0
-0.5575 -5.02807 10 15 0
-0.56627 -5.08079 20 22 0
-0.5725 -5.12085 30 31 1
0.246965 8.69997 -2.27374e-13 2 0
0.2475 8.77686 10 11 0
0.246965 8.85676 20 18 0
0.2475 8.9395 30 27 1
-8.23614 1.82996 0 0 0
-8.31211 1.8475 10 9 0
-8.38639 1.86514 20 16 0
-8.46732 1.8825 30 25 1
4.55163 -0.807103 2.27374e-13 4 0
4.5901 -0.8125 10 13 0
4.63003 -0.823339 20 20 0
4.66874 -0.8275 30 29 1
0.336262 7.89643 -1.13687e-13 2 0
0.3375 7.97591 10 11 0
0.338968 8.04669 20 18 0
0.3375 8.11733 30 27 1
0.892253 -7.9095 0 6 0
0.896169 -7.97784 10 14 0
0.905783 -8.04669 20 22 0
0.911169 -8.12012 30 30 1
-0.563564 -6.82505 1.13687e-13 6 0
-0.5725 -6.88862 10 15 0
-0.577094 -6.94918 20 22 0
-0.5825 -7.01175 30 31 1
6.2406 -2.59847 0 5 0
6.30111 -2.6225 10 13 0
6.35166 -2.64447 20 21 0
6.40268 -2.6675 30 29 1
-2.23251 4.31533 0 1 0
-2.26117 4.35774 10 10 0
-2.28188 4.39531 20 17 0
-2.30617 4.4381 30 26 1
-1.7284 4.36218 -1.13687e-13 2 0
-1.74617 4.40843 10 10 0
-1.76358 4.44711 20 18 0
-1.78117 4.48585 30 26 1
4.98815 6.39158 -1.13687e-13 3 0
5.0325 6.45544 10 11 0
5.08101 6.51122 20 19 0
5.1225 6.56665 30 27 1
1.76231 7.72005 1.13687e-13 2 0
1.7775 7.78956 10 11 0
1.79208 7.85724 20 18 0
1.8075 7.9327 30 27 1
4.57123 -1.15076 0 4 0
4.60776 -1.1625 10 13 0
4.64962 -1.17241 20 20 0
4.68433 -1.1825 30 29 1
3.48092 4.96088 -1.13687e-13 3 0
3.5075 5.00115 10 11 0
3.53952 5.0501 20 19 0
3.5675 5.0965 30 27 1
2.15795 -4.27903 0 5 0
2.17617 -4.31517 10 14 0
2.18771 -4.35089 20 21 0
2.21117 -4.39259 30 30 1
-0.380823 8.15121 -1.13687e-13 2 0
-0.386169 8.22445 10 10 0
-0.391647 8.29494 20 18 0
-0.401169 8.3738 30 26 1
-0.559417 5.40743 0 2 0
-0.566169 5.45581 10 10 0
-0.572947 5.50542 20 18 0
-0.581169 5.55567 30 26 1
-2.88117 4.58883 10 10 0
-2.90856 4.62783 20 17 0
-2.93617 4.67212 30 26 1
6.00123 -4.46386 -1.13687e-13 5 0
6.05272 -4.5025 10 13 0
6.11163 -4.54748 20 21 0
6.15893 -4.5875 30 29 1
1.77855 4.66269 -1.13687e-13 2 0
1.7925 4.70743 10 11 0
1.80832 4.74762 20 18 0
1.8225 4.794 30 27 1
1.04108 -7.70698 -1.13687e-13 6 0
1.05117 -7.77929 10 14 0
1.05732 -7.8507 20 22 0
1.06617 -7.92157 30 30 1
-4.58415 -3.54117 10 8 0
-4.62749 -3.5741 20 23 0
-4.67036 -3.60617 30 24 1
-4.87559 -6.48567 1.13687e-13 7 0
-4.9225 -6.5505 10 15 0
-4.96844 -6.60531 20 23 1
4.04631 3.8042 -1.13687e-13 3 0
4.08512 3.84117 10 12 0
4.11752 3.87158 20 19 0
4.15012 3.90617 30 28 1
4.61543 5.98825 1.13687e-13 3 0
4.6525 6.04715 10 11 0
4.69522 6.10247 20 19 0
4.7325 6.15544 30 27 1
4.93132 -6.4669 0 5 0
4.97117 -6.52327 10 14 0
5.01381 -6.58766 20 21 0
5.05617 -6.64362 30 30 1
2.62617 -3.35811 0 5 0
2.64617 -3.3851 10 14 0
2.66741 -3.41849 20 21 0
2.68617 -3.44631 30 30 1
5.24457 -2.84616 -1.13687e-13 5 0
5.29246 -2.8725 10 13 0
5.3349 -2.8944 20 21 0
5.38488 -2.9225 30 29 1
-4.33433 -5.93675 2.27374e-13 7 0
-4.3775 -5.99136 10 15 0
-4.41794 -6.04715 20 23 0
-4.4625 -6.09757 30 31 1
6.51201 -3.5281 0 5 0
6.56936 -3.5625 10 13 0
6.62465 -3.59099 20 21 0
6.68385 -3.6275 30 29 1
-8.308 -1.14391 -1.13687e-13 0 0
-8.37926 -1.15617 10 8 0
-8.45826 -1.16826 20 16 0
-8.53362 -1.17617 30 24 1
-3.64117 4.01947 10 10 0
-3.67065 4.05052 20 17 0
-3.71117 4.08947 30 26 1
4.77375 1.46592 1.13687e-13 4 0
4.81518 1.48117 10 12 0
4.85214 1.49298 20 20 0
4.88967 1.50617 30 28 1
6.09338 1.32521 2.27374e-13 4 0
6.14803 1.33617 10 12 0
6.1979 1.34686 20 20 0
6.25081 1.36117 30 28 1
7.4914 1.52004 1.13687e-13 4 0
7.56425 1.53617 10 12 0
7.62859 1.54981 20 20 0
7.69532 1.56117 30 28 1
-5.37543 3.75004 0 1 0
-5.42964 3.7875 10 9 0
-5.48042 3.82059 20 17 0
-5.53 3.8525 30 25 1
-5.28509 -2.57467 2.27374e-13 7 0
-5.34121 -2.60117 10 8 0
-5.38578 -2.62179 20 23 0
-5.4357 -2.64617 30 24 1
-7.8703 -2.57537 1.13687e-13 0 0
-7.94543 -2.59617 10 8 0
-8.02056 -2.62137 20 16 0
-8.09443 -2.64617 30 24 1
-5.43267 3.37868 2.27374e-13 1 0
-5.48598 3.4125 10 9 0
-5.53495 3.44269 20 17 0
-5.5884 3.4725 30 25 1
5.82347 -3.01559 1.13687e-13 5 0
5.87258 -3.0425 10 13 0
5.92305 -3.07308 20 21 0
5.97001 -3.0975 30 29 1
2.35074 -5.61988 1.13687e-13 5 0
2.37117 -5.66982 10 14 0
2.38751 -5.7217 20 21 0
2.40617 -5.76846 30 30 1
-3.4975 -3.99413 10 15 0
-3.53382 -4.03029 20 23 0
-3.5675 -4.0712 30 31 1
-5.34177 2.23158 1.13687e-13 1 0
-5.39871 2.2575 10 9 0
-5.4463 2.27487 20 17 1
-4.56515 1.7775 10 9 0
-4.61043 1.79479 20 16 0
-4.65672 1.8125 30 25 1
-5.90052 3.50211 2.27374e-13 1 0
-5.95746 3.5375 10 9 0
-6.01316 3.56501 20 17 0
-6.06696 3.5975 30 25 1
-3.19117 6.18577 10 10 0
-3.22537 6.24193 20 17 0
-3.25617 6.30026 30 26 1
4.81197 -2.96463 -1.13687e-13 5 0
4.85384 -2.9925 10 13 0
4.89466 -3.02053 20 21 0
4.93713 -3.0475 30 29 1
5.45601 4.30694 -2.27374e-13 3 0
5.50936 4.34617 10 12 0
5.55334 4.38514 20 19 0
5.5985 4.42117 30 28 1
-7.0929 -2.52937 -1.13687e-13 0 0
-7.15797 -2.55117 10 8 0
-7.22355 -2.57808 20 16 0
-7.29282 -2.60117 30 24 1
6.00333 7.03939 -1.13687e-13 3 0
6.0525 7.10774 10 11 0
6.10701 7.18516 20 19 0
6.1575 7.26224 30 27 1
-1.70549 -7.71351 1.13687e-13 6 0
-1.7225 -7.78406 10 15 0
-1.74067 -7.8507 20 22 0
-1.7575 -7.91805 30 31 1
-1.7275 -6.29706 10 15 0
-1.74608 -6.36122 20 22 0
-1.7625 -6.40984 30 31 1
-4.53454 -6.799 0 7 0
-4.5775 -6.86311 10 15 0
-4.61703 -6.91977 20 23 0
-4.6625 -6.98346 30 31 1
4.56623 4.01415 -2.27374e-13 3 0
4.60125 4.04617 10 12 0
4.64397 4.08423 20 19 0
4.68332 4.12117 30 28 1
1.86641 -8.09242 0 6 0
1.88117 -8.16381 10 14 0
1.89888 -8.23614 20 22 0
1.91617 -8.31195 30 30 1
7.54366 -0.217199 1.13687e-13 4 0
7.61549 -0.2175 10 13 0
7.68085 -0.219905 20 20 0
7.74777 -0.2225 30 29 1
2.96796 -6.28685 -2.27374e-13 5 0
2.99617 -6.34432 10 14 0
3.0232 -6.40715 20 21 0
3.04617 -6.46503 30 30 1
-4.15492 6.35637 1.13687e-13 1 0
-4.19617 6.41295 10 10 0
-4.23471 6.4706 20 17 0
-4.27617 6.5283 30 26 1
4.35565 -0.173903 0 4 0
4.39558 -0.1725 10 13 0
4.43404 -0.173903 20 20 0
4.47129 -0.1775 30 29 1
-5.19093 2.1275 10 9 0
-5.24411 2.14927 20 16 0
-5.28749 2.1675 30 25 1
3.04487 4.03883 0 3 0
3.0725 4.07824 10 11 0
3.09806 4.11498 20 19 0
3.1275 4.15446 30 27 1
0.0954298 4.76722 -1.13687e-13 2 0
0.0925 4.81055 10 11 0
0.0927239 4.85214 20 18 0
0.0925 4.89541 30 27 1
5.48927 -6.16763 -1.13687e-13 5 0
5.53117 -6.2206 10 14 0
5.57671 -6.27421 20 21 0
5.62617 -6.32974 30 30 1
-6.88816 5.35079 0 1 0
-6.94772 5.3975 10 9 0
-7.01433 5.44635 20 17 0
-7.08307 5.4975 30 25 1
-2.56493 -4.50029 0 7 0
-2.5925 -4.5387 10 15 0
-2.62083 -4.58297 20 23 0
-2.6425 -4.62405 30 31 1
-5.37477 -1.13579 2.27374e-13 0 0
-5.4277 -1.14617 10 8 0
-5.47929 -1.15744 20 16 0
-5.53048 -1.17117 30 24 1
-2.54164 -8.53012 1.13687e-13 6 0
-2.5675 -8.60784 10 15 0
-2.59034 -8.6869 20 22 0
-2.6175 -8.76391 30 31 1
2.38595 -5.97579 0 6 0
2.40117 -6.02509 10 14 0
2.42113 -6.08684 20 22 0
2.44117 -6.1358 30 30 1
-8.32632 -3.58003 0 7 0
-8.40182 -3.61117 10 8 0
-8.47657 -3.64226 20 23 0
-8.55667 -3.68117 30 24 1
-7.33461 0.60686 0 0 0
-7.40238 0.6125 10 9 0
-7.4718 0.614978 20 16 0
-7.53966 0.6225 30 25 1
-5.43474 -4.12495 1.13687e-13 7 0
-5.48699 -4.16117 10 8 0
-5.53591 -4.19932 20 23 0
-5.59028 -4.23617 30 24 1
7.28235 -1.64596 1.13687e-13 4 0
7.34929 -1.6625 10 13 0
7.40647 -1.67572 20 20 0
7.47829 -1.6925 30 29 1
5.41648 -3.3925 10 13 0
5.46197 -3.42329 20 21 0
5.50476 -3.4525 30 29 1
-4.19789 3.2275 10 9 0
-4.24096 3.25848 20 17 0
-4.2741 3.2825 30 25 1
-3.32107 -6.84839 -1.13687e-13 7 0
-3.3525 -6.9109 10 15 0
-3.38284 -6.97139 20 23 0
-3.4175 -7.03247 30 31 1
5.15918 0.932843 1.13687e-13 4 0
5.20149 0.941169 10 12 0
5.24411 0.951785 20 20 1
-6.6748 0.993815 0 0 0
-6.73879 1.0025 10 9 0
-6.79892 1.00735 20 16 0
-6.86693 1.0175 30 25 1
-8.46479 -2.09641 2.27374e-13 0 0
-8.54023 -2.11617 10 8 0
-8.62811 -2.137 20 16 0
-8.70044 -2.15617 30 24 1
-7.61941 -5.03528 0 7 0
-7.69393 -5.08117 10 8 0
-7.75977 -5.12589 20 23 0
-7.83343 -5.17117 30 24 1
-1.36039 5.23758 0 2 0
-1.37617 5.29 10 10 0
-1.39015 5.33557 20 18 0
-1.40617 5.38364 30 26 1
-2.15117 6.79332 10 10 0
-2.17489 6.85118 20 18 0
-2.19617 6.91611 30 26 1
-1.08041 -5.69488 0 6 0
-1.0925 -5.74692 10 15 0
-1.10205 -5.7994 20 22 1
-2.57117 6.8527 10 10 0
-2.59702 6.91651 20 18 0
-2.62117 6.97341 30 26 1
-5.77832 2.80206 2.27374e-13 1 0
-5.83436 2.8275 10 9 0
-5.88826 2.85842 20 17 0
-5.94593 2.8825 30 25 1
-3.16599 -7.49312 -1.13687e-13 7 0
-3.2025 -7.567 10 15 0
-3.22664 -7.62648 20 23 0
-3.2625 -7.69771 30 31 1
-5.94312 -1.10061 1.13687e-13 0 0
-6.00081 -1.11117 10 8 0
-6.06071 -1.12226 20 16 0
-6.11274 -1.13117 30 24 1
-4.25962 -3.96617 10 8 0
-4.29483 -3.99915 20 23 0
-4.33669 -4.03617 30 24 1
5.92352 -0.265907 0 4 0
5.9755 -0.2675 10 13 0
6.02805 -0.271319 20 20 0
6.0795 -0.2725 30 29 1
6.11951 1.8177 1.13687e-13 4 0
6.17427 1.83617 10 12 0
6.23057 1.85288 20 20 0
6.27998 1.87117 30 28 1
2.01803 4.38199 0 3 0
2.0375 4.4221 10 11 0
2.0505 4.46039 20 19 0
2.0675 4.5016 30 27 1
6.43308 -0.541917 1.13687e-13 4 0
6.48885 -0.5475 10 13 0
6.54414 -0.550035 20 20 0
6.59784 -0.5575 30 29 1
-3.86106 -8.00833 0 7 0
-3.9025 -8.08315 10 15 0
-3.93749 -8.15364 20 23 0
-3.9775 -8.22886 30 31 1
-5.0684 0.0675 10 9 0
-5.11345 0.0656641 20 16 0
-5.16032 0.0675 30 25 1
6.6552 -1.22924 0 4 0
6.71009 -1.2425 10 13 0
6.77279 -1.25088 20 20 0
6.82908 -1.2625 30 29 1
-8.88942 -1.06002 0 0 0
-8.97309 -1.07117 10 8 0
-9.05274 -1.07897 20 16 0
-9.14158 -1.09117 30 24 1
-7.18436 0.614978 0 0 0
-7.24974 0.6225 10 9 0
-7.31501 0.625802 20 16 0
-7.37995 0.6325 30 25 1
-0.744865 -6.70093 0 6 0
-0.7525 -6.76456 10 15 0
-0.763807 -6.82505 20 22 0
-0.7675 -6.88563 30 31 1
5.18532 -1.04794 1.13687e-13 4 0
5.22401 -1.0575 10 13 0
5.27024 -1.06688 20 20 0
5.31472 -1.0775 30 29 1
-0.263201 -5.25064 -1.13687e-13 6 0
-0.2675 -5.29668 10 15 0
-0.274025 -5.3421 20 22 0
-0.2775 -5.39153 30 31 1
2.02314 4.68177 -2.27374e-13 3 0
2.0375 4.71909 10 11 0
2.05832 4.76669 20 19 0
2.0725 4.81066 30 27 1
5.48583 0.689305 0 4 0
5.53631 0.696169 10 12 0
5.58382 0.702834 20 20 0
5.6291 0.711169 30 28 1
2.44098 3.46938 -1.13687e-13 3 0
2.4625 3.5036 10 11 0
2.48494 3.5363 20 19 0
2.5025 3.56481 30 27 1
-1.8675 -7.31387 10 15 0
-1.88679 -7.38034 20 22 0
-1.9075 -7.4458 30 31 1
-4.08636 2.4725 10 9 0
-4.12278 2.48974 20 17 0
-4.16671 2.5175 30 25 1
-3.66117 5.21327 10 10 0
-3.69378 5.25615 20 17 0
-3.73117 5.30448 30 26 1
5.64261 -0.966756 1.13687e-13 4 0
5.68348 -0.9725 10 13 0
5.73407 -0.982991 20 20 0
5.78834 -0.9925 30 29 1
-4.83428 -2.18617 10 8 0
-4.88446 -2.20848 20 23 0
-4.93085 -2.22617 30 24 1
4.67576 1.73381 0 4 0
4.71248 1.74617 10 12 0
4.75415 1.76087 20 20 0
4.79198 1.77617 30 28 1
5.23825 -4.60784 -2.27374e-13 5 0
5.28348 -4.6525 10 13 0
5.32793 -4.6937 20 21 0
5.37055 -4.7325 30 29 1
7.39341 -0.452619 0 4 0
7.45951 -0.4575 10 13 0
7.52406 -0.463443 20 20 0
7.59679 -0.4675 30 29 1
1.09394 6.62907 -1.13687e-13 2 0
1.1025 6.6903 10 11 0
1.11017 6.74666 20 18 0
1.1225 6.80929 30 27 1
-4.71155 -3.13117 10 8 0
-4.75408 -3.1611 20 23 0
-4.79984 -3.19117 30 24 1
4.57123 -1.34559 1.13687e-13 4 0
4.60477 -1.3575 10 13 0
4.64309 -1.36995 20 20 0
4.68634 -1.3825 30 29 1
6.01498 1.94759 0 4 0
6.06385 1.96617 10 12 0
6.11951 1.98547 20 20 0
6.17456 2.00617 30 28 1
1.46195 8.60198 0 2 0
1.4725 8.67957 10 11 0
1.4836 8.75877 20 18 0
1.4925 8.83392 30 27 1
-4.68803 -6.13738 0 7 0
-4.7325 -6.19079 10 15 0
-4.77547 -6.24395 20 23 0
-4.8225 -6.30201 30 31 1
-3.90536 6.32876 0 1 0
-3.94117 6.38422 10 10 0
-3.97861 6.44029 20 17 0
-4.02117 6.50665 30 26 1
-2.72835 -8.39293 -2.27374e-13 6 0
-2.7575 -8.47258 10 15 0
-2.78247 -8.54972 20 22 0
-2.8125 -8.62657 30 31 1
-6.62186 5.63556 0 1 0
-6.68617 5.6875 10 9 0
-6.75074 5.73765 20 17 0
-6.80739 5.7875 30 25 1
-5.4401 -1.80146 -1.13687e-13 0 0
-5.49459 -1.82117 10 8 0
-5.55115 -1.83664 20 16 1
-5.33033 -6.06789 1.13687e-13 7 0
-5.3825 -6.12662 10 15 0
-5.43083 -6.17987 20 23 0
-5.4825 -6.23369 30 31 1
-1.27117 7.61745 10 10 0
-1.28462 7.69392 20 18 0
-1.29617 7.75559 30 26 1
3.70922 -5.93363 -2.27374e-13 5 0
3.74117 -5.98623 10 14 0
3.77594 -6.04244 20 21 0
3.80617 -6.09366 30 30 1
-5.09168 2.93437 -1.13687e-13 1 0
-5.13704 2.9575 10 9 0
-5.18856 2.98532 20 17 0
-5.23447 3.0125 30 25 1
7.59592 1.81229 1.13687e-13 4 0
7.66833 1.83117 10 12 0
7.73311 1.84746 20 20 0
7.79733 1.86117 30 28 1
-4.78809 6.05579 0 1 0
-4.83617 6.1125 10 10 0
-4.88477 6.17161 20 17 0
-4.92617 6.22371 30 26 1
2.87566 -4.14336 0 5 0
2.90117 -4.18457 10 14 0
2.92232 -4.21681 20 21 0
2.95117 -4.26285 30 30 1
-0.889547 7.17129 -1.13687e-13 2 0
-0.901169 7.24038 10 10 0
-0.911195 7.30195 20 18 0
-0.921169 7.36645 30 26 1
-1.2075 -7.50947 10 15 0
-1.21841 -7.58286 20 22 0
-1.2325 -7.64761 30 31 1
2.40137 3.9617 0 3 0
2.4225 4.001 10 11 0
2.4442 4.03897 20 19 0
2.4625 4.07636 30 27 1
5.45211 -3.07284 1.13687e-13 5 0
5.50124 -3.1025 10 13 0
5.55169 -3.13032 20 21 0
5.59867 -3.1575 30 29 1
4.32298 -1.71361 -1.13687e-13 4 0
4.35959 -1.7275 10 13 0
4.39485 -1.74337 20 20 0
4.43202 -1.7575 30 29 1
-8.09242 3.28578 0 0 0
-8.16491 3.3125 10 9 0
-8.24267 3.34261 20 16 0
-8.31683 3.3725 30 25 1
3.48378 7.48945 -1.13687e-13 3 0
3.5125 7.5588 10 11 0
3.54443 7.62282 20 19 0
3.5725 7.68951 30 27 1
-3.11437 -6.51923 -1.13687e-13 7 0
-3.1475 -6.57862 10 15 0
-3.17344 -6.6357 20 23 0
-3.2075 -6.69519 30 31 1
-7.62859 -2.69714 -1.13687e-13 0 0
-7.70274 -2.72117 10 8 0
-7.77884 -2.74856 20 16 0
-7.84966 -2.77617 30 24 1
5.50516 5.74523 -1.13687e-13 3 0
5.5525 5.79457 10 11 0
5.59643 5.84798 20 19 0
5.6475 5.90371 30 27 1
-5.28984 2.07621 -1.13687e-13 0 0
-5.3327 2.0925 10 9 0
-5.38783 2.11139 20 16 0
-5.43634 2.1325 30 25 1
-4.03117 4.54382 10 10 0
-4.07024 4.58405 20 17 0
-4.10617 4.62589 30 26 1
-5.75367 0.195551 -1.13687e-13 0 0
-5.80858 0.1925 10 9 0
-5.8582 0.195551 20 16 0
-5.91965 0.1975 30 25 1
-5.06074 -1.57117 10 8 0
-5.10692 -1.58228 20 16 0
-5.15438 -1.60117 30 24 1
-6.94918 -0.727188 0 0 0
-7.01174 -0.736169 10 8 0
-7.07983 -0.743424 20 16 0
-7.14195 -0.746169 30 24 1
-7.37378 -3.86738 1.13687e-13 7 0
-7.44024 -3.90117 10 8 0
-7.50984 -3.93456 20 23 0
-7.58095 -3.97117 30 24 1
-4.81305 -4.41404 1.13687e-13 7 0
-4.85776 -4.45117 10 8 0
-4.90386 -4.48954 20 23 0
-4.9519 -4.53117 30 24 1
5.35013 -4.93019 -1.13687e-13 5 0
5.39135 -4.9725 10 13 0
5.43981 -5.01605 20 21 0
5.48842 -5.0625 30 29 1
-4.55386 -6.71501 1.13687e-13 7 0
-4.5925 -6.77204 10 15 0
-4.63365 -6.82923 20 23 0
-4.6775 -6.8924 30 31 1
-0.191169 8.49614 10 10 0
-0.19411 8.57585 20 18 0
-0.196169 8.64963 30 26 1
2.75025 4.8693 -1.13687e-13 3 0
2.7775 4.91462 10 11 0
2.79849 4.95964 20 19 0
2.8225 5.00204 30 27 1
3.65617 -7.13867 10 14 0
3.68801 -7.20207 20 21 0
3.71617 -7.26231 30 30 1
-6.54077 3.38848 1.13687e-13 1 0
-6.60113 3.4175 10 9 0
-6.66377 3.45025 20 17 0
-6.72477 3.4775 30 25 1
-0.145402 4.85214 -1.13687e-13 2 0
-0.151169 4.89939 10 10 0
-0.15352 4.93707 20 18 0
-0.156169 4.98217 30 26 1
-1.54313 -5.37477 1.13687e-13 6 0
-1.5575 -5.42703 10 15 0
-1.5756 -5.47929 20 22 0
-1.5875 -5.52774 30 31 1
0.272584 -4.5451 0 6 0
0.276169 -4.58598 10 14 0
0.275289 -4.63003 20 22 0
0.271169 -4.66584 30 30 1
5.65568 -1.20488 0 4 0
5.70428 -1.2125 10 13 0
5.75367 -1.22382 20 20 0
5.80706 -1.2375 30 29 1
-4.49732 5.58899 0 1 0
-4.53617 5.63572 10 10 0
-4.58205 5.68903 20 17 1
-1.2875 -7.92181 10 15 0
-1.3023 -7.99443 20 22 0
-1.3175 -8.06495 30 31 1
-0.420148 -5.25064 -1.13687e-13 6 0
-0.4275 -5.29405 10 15 0
-0.433677 -5.34864 20 22 0
-0.4425 -5.3939 30 31 1
-4.33128 4.1175 10 9 0
-4.37565 4.15854 20 17 0
-4.41336 4.1925 30 25 1
5.81994 -4.94079 -1.13687e-13 5 0
5.86804 -4.9825 10 13 0
5.91616 -5.02935 20 21 0
5.96511 -5.0725 30 29 1
-6.49373 -5.44033 -1.13687e-13 7 0
-6.55536 -5.49117 10 8 0
-6.62261 -5.54242 20 23 0
-6.68365 -5.59117 30 24 1
-7.20329 3.66831 0 1 0
-7.26797 3.7025 10 9 0
-7.33936 3.7355 20 17 0
-7.40368 3.7675 30 25 1
1.58498 -5.08732 -1.13687e-13 6 0
1.59617 -5.13524 10 14 0
1.60934 -5.18532 20 22 0
1.62117 -5.22388 30 30 1
-1.5296 -5.3421 -1.13687e-13 6 0
-1.5475 -5.38874 10 15 0
-1.56478 -5.4401 20 22 0
-1.5775 -5.48945 30 31 1
3.4157 -5.83911 -2.27374e-13 5 0
3.44617 -5.89629 10 14 0
3.47589 -5.94522 20 21 0
3.50117 -5.99372 30 30 1
1.60934 -4.74108 0 6 0
1.62117 -4.79254 10 14 0
1.63369 -4.83908 20 22 0
1.64617 -4.87411 30 30 1
-1.62701 -5.26371 0 6 0
-1.6425 -5.31404 10 15 0
-1.65678 -5.3617 20 22 0
-1.6725 -5.40768 30 31 1
-5.21389 1.4575 10 9 0
-5.26371 1.47007 20 16 0
-5.3096 1.4825 30 25 1
2.04644 6.39389 0 2 0
2.0625 6.44821 10 11 0
2.07891 6.51148 20 18 0
2.0975 6.56807 30 27 1
6.88385 1.93406 0 4 0
6.93981 1.95117 10 12 0
7.00144 1.97194 20 20 0
7.06466 1.99117 30 28 1
6.90998 0.326703 2.27374e-13 4 0
6.97444 0.331169 10 12 0
7.0341 0.334821 20 20 0
7.0905 0.341169 30 28 1
-2.57808 7.14516 1.13687e-13 2 0
-2.60617 7.21297 10 10 0
-2.62949 7.26928 20 18 0
-2.65617 7.34075 30 26 1
6.616 -0.509445 1.13687e-13 4 0
6.67305 -0.5125 10 13 0
6.73359 -0.514857 20 20 0
6.78912 -0.5225 30 29 1
2.08169 4.23518 -1.13687e-13 3 0
2.0975 4.26997 10 11 0
2.11417 4.31358 20 19 0
2.1325 4.35447 30 27 1
-5.68834 2.13845 -1.13687e-13 0 0
-5.74418 2.1575 10 9 0
-5.79287 2.17633 20 16 0
-5.85489 2.1975 30 25 1
6.76153 5.01547 -2.27374e-13 3 0
6.81833 5.06117 10 12 0
6.88117 5.10833 20 19 0
6.93661 5.15117 30 28 1
-7.32155 2.3441 1.13687e-13 0 0
-7.39668 2.3675 10 9 0
-7.46527 2.3874 20 16 0
-7.53361 2.4125 30 25 1
-5.26464 3.79616 -1.13687e-13 1 0
-5.31908 3.8325 10 9 0
-5.36963 3.8667 20 17 0
-5.41943 3.8975 30 25 1
-0.387676 -4.74108 0 6 0
-0.3925 -4.77821 10 15 0
-0.401206 -4.82601 20 22 0
-0.4075 -4.86393 30 31 1
-3.21 7.01489 0 1 0
-3.24117 7.07722 10 10 0
-3.27448 7.14442 20 17 0
-3.30117 7.20793 30 26 1
-6.43581 2.9391 0 1 0
-6.49262 2.9625 10 9 0
-6.5534 2.98781 20 17 0
-6.61333 3.0125 30 25 1
7.13209 -0.138726 0 4 0
7.20108 -0.1425 10 13 0
7.25622 -0.141432 20 20 0
7.32129 -0.1425 30 29 1
7.62859 -0.355204 1.13687e-13 4 0
7.68185 -0.3475 10 13 0
7.74618 -0.338968 20 20 0
7.80827 -0.3325 30 29 1
-5.59903 4.99541 -1.13687e-13 1 0
-5.65226 5.0425 10 9 0
-5.70831 5.08938 20 17 0
-5.75641 5.1325 30 25 1
6.52438 5.03089 0 3 0
6.57877 5.07617 10 12 0
6.63095 5.11833 20 19 0
6.68998 5.16617 30 28 1
-2.77999 4.23903 0 1 0
-2.80617 4.28049 10 10 0
-2.83589 4.32172 20 17 0
-2.86117 4.3567 30 26 1
-3.4225 -4.76058 10 15 0
-3.45088 -4.79691 20 23 0
-3.4875 -4.83973 30 31 1
-4.13522 -6.35759 -1.13687e-13 7 0
-4.1725 -6.41568 10 15 0
-4.21501 -6.47182 20 23 0
-4.2525 -6.52397 30 31 1
2.87166 -5.12668 0 5 0
2.89617 -5.17659 10 14 0
2.92261 -5.22355 20 21 0
2.94617 -5.26901 30 30 1
-4.00596 7.51236 0 1 0
-4.04617 7.58524 10 10 0
-4.08621 7.65384 20 17 0
-4.12117 7.71681 30 26 1
-8.92209 -1.04649 0 0 0
-9.00758 -1.05617 10 8 0
-9.08541 -1.06544 20 16 0
-9.17608 -1.07617 30 24 1
4.22499 -1.51066 1.13687e-13 4 0
4.25358 -1.5225 10 13 0
4.29032 -1.53772 20 20 0
4.33308 -1.5525 30 29 1
4.15313 -1.45924 2.27374e-13 4 0
4.18944 -1.4725 10 13 0
4.23152 -1.4863 20 20 0
4.26394 -1.4975 30 29 1
-7.34768 2.95024 1.13687e-13 0 0
-7.41978 2.9775 10 9 0
-7.48487 3.00165 20 16 0
-7.55464 3.0275 30 25 1
-6.49548 -3.56311 2.27374e-13 7 0
-6.55541 -3.59617 10 8 0
-6.61466 -3.62871 20 23 0
-6.67698 -3.66117 30 24 1
-6.1587 1.50525 0 0 0
-6.22141 1.5175 10 9 0
-6.2763 1.53231 20 16 0
-6.33627 1.5475 30 25 1
4.97101 5.00443 -1.13687e-13 3 0
5.0175 5.05451 10 11 0
5.05957 5.10065 20 19 0
5.1025 5.14658 30 27 1
2.65699 6.17283 -1.13687e-13 3 0
2.6775 6.22883 10 11 0
2.69646 6.28119 20 19 0
2.7225 6.33747 30 27 1
6.36135 3.76191 1.13687e-13 3 0
6.416 3.79617 10 12 0
6.4767 3.83134 20 19 0
6.5355 3.86617 30 28 1
-1.4836 -5.41396 -1.13687e-13 6 0
-1.4975 -5.46602 10 15 0
-1.51336 -5.51196 20 22 0
-1.5325 -5.56466 30 31 1
6.12604 -0.441795 0 4 0
6.17672 -0.4475 10 13 0
6.22403 -0.449913 20 20 0
6.28071 -0.4525 30 29 1
6.48331 -5.11815 -2.27374e-13 5 0
6.53594 -5.1625 10 13 0
6.59642 -5.2083 20 21 0
6.65215 -5.2575 30 29 1
-2.92617 3.8843 10 10 0
-2.95482 3.91638 20 17 0
-2.98617 3.95137 30 26 1
-2.4039 -4.94772 0 7 0
-2.4275 -4.98888 10 15 0
-2.45214 -5.03806 20 23 0
-2.4775 -5.08131 30 31 1
1.17782 6.88385 -1.13687e-13 2 0
1.1875 6.945 10 11 0
1.19676 7.00797 20 18 0
1.2075 7.07814 30 27 1
3.84786 -5.31456 -1.13687e-13 5 0
3.87617 -5.35756 10 14 0
3.90917 -5.41031 20 21 0
3.94117 -5.45791 30 30 1
-1.46617 7.63568 10 10 0
-1.47945 7.70698 20 18 0
-1.49617 7.77881 30 26 1
-2.12617 6.18143 10 10 0
-2.14783 6.2371 20 18 0
-2.16617 6.28507 30 26 1
-2.80617 4.69768 10 10 0
-2.83137 4.74198 20 17 0
-2.86117 4.78096 30 26 1
5.26283 -4.22295 0 5 0
5.31067 -4.2625 10 13 0
5.35363 -4.29845 20 21 0
5.39981 -4.3375 30 29 1
1.87452 -6.46575 0 6 0
1.88617 -6.52125 10 14 0
1.90158 -6.58334 20 22 0
1.91617 -6.63611 30 30 1
-7.06677 1.11829 0 0 0
-7.13249 1.1275 10 9 0
-7.20396 1.13723 20 16 0
-7.26563 1.1475 30 25 1
-5.95449 4.23344 2.27374e-13 1 0
-6.01364 4.2725 10 9 0
-6.06602 4.30669 20 17 0
-6.12399 4.3475 30 25 1
-4.08958 -7.41026 1.13687e-13 7 0
-4.1275 -7.48084 10 15 0
-4.16713 -7.5452 20 23 0
-4.2075 -7.61741 30 31 1
-4.73637 -5.09125 0 7 0
-4.7825 -5.13771 10 15 0
-4.82876 -5.18364 20 23 0
-4.8725 -5.22771 30 31 1
-5.67825 6.21886 0 1 0
-5.73117 6.27211 10 10 0
-5.78259 6.32701 20 17 0
-5.84117 6.38918 30 26 1
5.98872 -5.55731 0 5 0
6.04049 -5.6075 10 13 0
6.09035 -5.65894 20 21 0
6.14049 -5.7075 30 29 1
-0.9625 -7.36347 10 15 0
-0.974873 -7.42607 20 22 0
-0.9825 -7.48954 30 31 1
6.00419 4.72883 -1.13687e-13 3 0
6.05457 4.77117 10 12 0
6.11076 4.81627 20 19 0
6.16078 4.85617 30 28 1
0.250936 -7.78538 1.13687e-13 6 0
0.251169 -7.8561 10 14 0
0.253642 -7.92256 20 22 0
0.256169 -8.00252 30 30 1
-7.54366 -1.74734 0 0 0
-7.61041 -1.76617 10 8 0
-7.67432 -1.77981 20 16 0
-7.74647 -1.79617 30 24 1
0.506169 -5.1554 10 14 0
0.508004 -5.20491 20 22 0
0.511169 -5.25232 30 30 1
5.01653 4.17361 0 3 0
5.06116 4.21617 10 12 0
5.10351 4.25293 20 19 0
5.14323 4.29117 30 28 1
6.35469 -0.644744 1.13687e-13 4 0
6.41707 -0.6525 10 13 0
6.47228 -0.655568 20 20 0
6.52607 -0.6625 30 29 1
-0.351057 7.77884 0 2 0
-0.356169 7.84796 10 10 0
-0.361881 7.92256 20 18 0
-0.366169 7.99232 30 26 1
1.76502 8.05322 0 2 0
1.7775 8.1219 10 11 0
1.79208 8.19694 20 18 0
1.8075 8.27211 30 27 1
0.723217 4.62349 -1.13687e-13 2 0
0.7275 4.66774 10 11 0
0.731335 4.70842 20 18 0
0.7375 4.74845 30 27 1
0.0927239 7.62206 0 2 0
0.0925 7.68848 10 11 0
0.0900179 7.75924 20 18 0
0.0875 7.8249 30 27 1
4.40214 -2.21038 0 5 0
4.43533 -2.2275 10 13 0
4.4767 -2.24668 20 21 0
4.51068 -2.2675 30 29 1
4.90395 5.56115 0 3 0
4.9475 5.61383 10 11 0
4.98868 5.66119 20 19 0
5.0325 5.71298 30 27 1
5.96013 -3.80282 0 5 0
6.00997 -3.8375 10 13 0
6.06512 -3.87336 20 21 0
6.11533 -3.9075 30 29 1
-0.16705 5.24411 0 2 0
-0.171169 5.29416 10 10 0
-0.175168 5.3421 20 18 0
-0.181169 5.38901 30 26 1
6.92304 1.80958 0 4 0
6.97744 1.82617 10 12 0
7.04064 1.84205 20 20 0
7.09937 1.85617 30 28 1
-4.76952 -3.83858 1.13687e-13 7 0
-4.82016 -3.87617 10 8 0
-4.86415 -3.91025 20 23 0
-4.91137 -3.94617 30 24 1
-8.45172 -2.69714 1.13687e-13 0 0
-8.52298 -2.72117 10 8 0
-8.60851 -2.74585 20 16 0
-8.68612 -2.77117 30 24 1
6.34816 -2.27104 1.13687e-13 4 0
6.40244 -2.2925 10 13 0
6.45921 -2.31163 20 20 0
6.51315 -2.3325 30 29 1
2.16406 -7.20396 -1.13687e-13 6 0
2.18117 -7.2688 10 14 0
2.19924 -7.32808 20 22 0
2.21617 -7.39573 30 30 1
2.64302 -6.5964 0 6 0
2.66617 -6.65779 10 14 0
2.68632 -6.71399 20 22 0
2.71117 -6.78057 30 30 1
-3.53066 -7.11921 1.13687e-13 7 0
-3.5625 -7.18454 10 15 0
-3.60167 -7.25145 20 23 0
-3.6325 -7.31111 30 31 1
-3.86948 3.3375 10 9 0
-3.90543 3.36304 20 17 0
-3.94362 3.3975 30 25 1
6.85772 0.662245 0 4 0
6.91846 0.671169 10 12 0
6.98184 0.675775 20 20 0
7.03452 0.681169 30 28 1
5.49586 4.28556 -2.27374e-13 3 0
5.54593 4.32617 10 12 0
5.58666 4.36106 20 19 0
5.63507 4.40117 30 28 1
-2.69117 5.01401 10 10 0
-2.7187 5.05791 20 17 0
-2.74617 5.10437 30 26 1
4.16054 -1.88842 0 5 0
4.19311 -1.9075 10 13 0
4.22857 -1.92201 20 21 0
4.27053 -1.9425 30 29 1
7.21702 1.82311 0 4 0
7.28236 1.84117 10 12 0
7.34114 1.85829 20 20 0
7.40221 1.87617 30 28 1
-8.65424 -0.562123 0 0 0
-8.73679 -0.566169 10 8 0
-8.81103 -0.572947 20 16 0
-8.89528 -0.576169 30 24 1
1.61475 -4.76722 0 6 0
1.62617 -4.80461 10 14 0
1.6391 -4.85214 20 22 0
1.65117 -4.89325 30 30 1
5.14612 0.797544 1.13687e-13 4 0
5.18877 0.801169 10 12 0
5.23105 0.811074 20 20 0
5.28155 0.816169 30 28 1
-2.45617 5.73361 10 10 0
-2.48596 5.78954 20 17 0
-2.50617 5.84018 30 26 1
5.88633 -5.71514 0 5 0
5.93886 -5.7675 10 13 0
5.99066 -5.8233 20 21 0
6.03679 -5.8725 30 29 1
-3.4625 -5.75518 10 15 0
-3.49531 -5.8057 20 23 0
-3.5275 -5.85553 30 31 1
-6.55067 -0.578359 0 0 0
-6.60925 -0.581169 10 8 0
-6.66826 -0.589183 20 16 0
-6.73739 -0.596169 30 24 1
-2.77117 5.34857 10 10 0
-2.80108 5.40052 20 17 0
-2.82617 5.446 30 26 1
-2.52923 4.06481 0 1 0
-2.55117 4.10327 10 10 0
-2.57589 4.13826 20 17 0
-2.60117 4.17448 30 26 1
3.11928 -7.94216 -1.13687e-13 6 0
3.14617 -8.00753 10 14 0
3.17069 -8.07935 20 22 0
3.19617 -8.14945 30 30 1
5.18329 -2.2825 10 13 0
5.22492 -2.30224 20 21 0
5.26572 -2.3225 30 29 1
7.35421 -0.669098 1.13687e-13 4 0
7.41995 -0.6725 10 13 0
7.48487 -0.679922 20 20 0
7.55016 -0.6825 30 29 1
6.49188 -1.56207 1.13687e-13 4 0
6.54304 -1.5775 10 13 0
6.5964 -1.58913 20 20 0
6.65289 -1.6025 30 29 1
2.11644 3.91403 0 3 0
2.1325 3.95142 10 11 0
2.15274 3.9886 20 19 0
2.1675 4.02177 30 27 1
6.055 -4.34542 -1.13687e-13 5 0
6.10949 -4.3825 10 13 0
6.16269 -4.4225 20 21 1
4.25179 -6.40732 0 5 0
4.29117 -6.46552 10 14 0
4.32505 -6.51884 20 21 0
4.36117 -6.57795 30 30 1
0.112931 -5.62301 -1.13687e-13 6 0
0.111169 -5.67256 10 14 0
0.110225 -5.72101 20 22 0
0.106169 -5.76656 30 30 1
-3.62062 -3.42617 10 8 0
-3.6538 -3.45761 20 23 0
-3.68769 -3.48617 30 24 1
-0.905783 6.89691 0 2 0
-0.916169 6.9584 10 10 0
-0.927431 7.02757 20 18 0
-0.936169 7.08446 30 26 1
-1.5375 -7.0263 10 15 0
-1.55395 -7.08636 20 22 0
-1.5725 -7.15323 30 31 1
1.7175 6.95174 10 11 0
1.72984 7.0145 20 18 0
1.7425 7.07574 30 27 1
-6.89038 -1.9097 1.13687e-13 0 0
-6.95723 -1.92617 10 8 0
-7.0145 -1.94488 20 16 0
-7.08416 -1.96117 30 24 1
-6.02152 2.36845 1.13687e-13 0 0
-6.08025 2.3875 10 9 0
-6.13257 2.40904 20 16 0
-6.18889 2.4325 30 25 1
0.12249 7.82457 -1.13687e-13 2 0
0.1225 7.89526 10 11 0
0.119784 7.96176 20 18 0
0.1175 8.03168 30 27 1
-3.48617 5.02413 10 10 0
-3.51666 5.06372 20 17 0
-3.55117 5.11034 30 26 1
-1.61348 -8.48439 -1.13687e-13 6 0
-1.6325 -8.5638 10 15 0
-1.64866 -8.63464 20 22 0
-1.6675 -8.71901 30 31 1
5.61881 -4.02404 -2.27374e-13 5 0
5.66429 -4.0575 10 13 0
5.71344 -4.0957 20 21 0
5.7605 -4.1325 30 29 1
4.71993 1.99421 -1.13687e-13 3 0
4.76328 2.01617 10 12 0
4.80103 2.03321 20 19 0
4.8407 2.05117 30 28 1
-5.03787 -1.33617 10 8 0
-5.08732 -1.34686 20 16 0
-5.13358 -1.36117 30 24 1
6.0724 -4.91006 -1.13687e-13 5 0
6.12088 -4.9525 10 13 0
6.17515 -5.00133 20 21 0
6.22502 -5.0425 30 29 1
-0.509445 -6.26323 0 6 0
-0.5175 -6.3245 10 15 0
-0.522975 -6.37429 20 22 0
-0.5275 -6.43349 30 31 1
-2.17117 6.09915 10 10 0
-2.19383 6.15217 20 18 0
-2.21617 6.20779 30 26 1
-6.27565 -6.19427 0 7 0
-6.33956 -6.25117 10 8 0
-6.39958 -6.31054 20 23 0
-6.46163 -6.36617 30 24 1
-1.72028 5.03506 -1.13687e-13 2 0
-1.73617 5.08432 10 10 0
-1.75546 5.13305 20 18 0
-1.77617 5.17382 30 26 1
2.02065 -6.6356 -1.13687e-13 6 0
2.03617 -6.69954 10 14 0
2.05041 -6.75972 20 22 0
2.07117 -6.81939 30 30 1
4.90288 3.89923 -1.13687e-13 3 0
4.9388 3.93117 10 12 0
4.98444 3.96549 20 19 0
5.02794 4.00617 30 28 1
4.19047 2.06173 -1.13687e-13 3 0
4.22724 2.08117 10 12 0
4.26121 2.10186 20 19 0
4.30259 2.12117 30 28 1
-1.41054 -8.29494 -1.13687e-13 6 0
-1.4225 -8.36794 10 15 0
-1.4403 -8.44519 20 22 0
-1.4575 -8.52315 30 31 1
-6.82505 0.401206 0 0 0
-6.89332 0.4075 10 9 0
-6.94918 0.409324 20 16 0
-7.01853 0.4125 30 25 1
-2.62773 4.66846 1.13687e-13 1 0
-2.65617 4.71031 10 10 0
-2.68363 4.75114 20 17 0
-2.70617 4.7886 30 26 1
1.99503 6.09991 0 2 0
2.0125 6.1578 10 11 0
2.02479 6.21097 20 18 0
2.0425 6.26558 30 27 1
-4.42328 2.7175 10 9 0
-4.46705 2.74599 20 17 0
-4.50864 2.7675 30 25 1
7.14062 -3.11198 -1.13687e-13 5 0
7.21002 -3.1425 10 13 0
7.26745 -3.16993 20 21 0
7.32866 -3.1975 30 29 1
-1.04523 -4.34258 -1.13687e-13 6 0
-1.0575 -4.38255 10 15 0
-1.06688 -4.42098 20 22 0
-1.0825 -4.46412 30 31 1
6.13671 -3.81101 -1.13687e-13 5 0
6.19175 -3.8425 10 13 0
6.24553 -3.87773 20 21 0
6.2971 -3.9125 30 29 1
-5.23542 -5.9041 1.13687e-13 7 0
-5.2825 -5.9559 10 15 0
-5.33593 -6.01609 20 23 0
-5.3825 -6.06298 30 31 1
-1.61619 -5.28984 -1.13687e-13 6 0
-1.6325 -5.33232 10 15 0
-1.64866 -5.3813 20 22 0
-1.6675 -5.43096 30 31 1
0.380823 -4.81948 1.13687e-13 6 0
0.381169 -4.86069 10 14 0
0.383529 -4.9044 20 22 0
0.381169 -4.94554 30 30 1
-0.499886 4.75415 0 2 0
-0.506169 4.79477 10 10 0
-0.513416 4.83908 20 18 0
-0.521169 4.88048 30 26 1
-4.89741 3.56287 0 1 0
-4.93766 3.5925 10 9 0
-4.98934 3.628 20 17 0
-5.03801 3.6575 30 25 1
-5.93006 -0.148108 1.13687e-13 0 0
-5.98126 -0.151169 10 8 0
-6.04111 -0.150814 20 16 0
-6.0944 -0.151169 30 24 1
6.3998 -3.87128 -1.13687e-13 5 0
6.45474 -3.9075 10 13 0
6.50862 -3.938 20 21 0
6.56216 -3.9725 30 29 1
0.736747 5.42703 -1.13687e-13 2 0
0.7425 5.4747 10 11 0
0.744865 5.52502 20 18 0
0.7525 5.57662 30 27 1
-7.04733 -3.66721 2.27374e-13 7 0
-7.10796 -3.69617 10 8 0
-7.17686 -3.73169 20 23 0
-7.2416 -3.76617 30 24 1
-5.56668 -6.69075 0 7 0
-5.6225 -6.75552 10 15 0
-5.67642 -6.81197 20 23 0
-5.7275 -6.87467 30 31 1
-4.3515 2.8225 10 9 0
-4.39751 2.85249 20 17 0
-4.42979 2.8725 30 25 1
1.38204 -4.5843 0 6 0
1.39117 -4.62618 10 14 0
1.40098 -4.66922 20 22 0
1.41117 -4.70982 30 30 1
4.79335 1.17097 1.13687e-13 4 0
4.84045 1.18117 10 12 0
4.88481 1.19262 20 20 0
4.91701 1.20117 30 28 1
-5.7602 1.95714 1.13687e-13 0 0
-5.81874 1.9775 10 9 0
-5.87126 1.99232 20 16 0
-5.92445 2.0125 30 25 1
1.3023 4.80641 -1.13687e-13 2 0
1.3125 4.84969 10 11 0
1.32124 4.89134 20 18 0
1.3275 4.9354 30 27 1
-7.03415 5.01078 -1.13687e-13 1 0
-7.09769 5.0525 10 9 0
-7.16798 5.09868 20 17 0
-7.23012 5.1425 30 25 1
-4.1275 -4.52513 10 15 0
-4.16562 -4.56259 20 23 0
-4.2075 -4.60513 30 31 1
-6.94918 0.274025 0 0 0
-7.01788 0.2775 10 9 0
-7.08636 0.276731 20 16 0
-7.15016 0.2825 30 25 1
5.46623 0.215758 1.13687e-13 4 0
5.51386 0.221169 10 12 0
5.55769 0.22117 20 20 0
5.60579 0.221169 30 28 1
-2.15117 6.1145 10 10 0
-2.17489 6.17177 20 18 0
-2.19617 6.23021 30 26 1
2.59294 -4.4538 0 5 0
2.61617 -4.50061 10 14 0
2.63848 -4.53761 20 21 0
2.66117 -4.58096 30 30 1
-5.94312 0.474267 0 0 0
-5.99459 0.4775 10 9 0
-6.05418 0.482385 20 16 0
-6.11065 0.4875 30 25 1
2.34139 5.7994 0 2 0
2.3625 5.85019 10 11 0
2.38198 5.89739 20 18 0
2.4025 5.95383 30 27 1
4.38192 -4.98376 -2.27374e-13 5 0
4.41617 -5.02782 10 14 0
4.45089 -5.07185 20 21 0
4.49117 -5.12403 30 30 1
-5.28351 1.0675 10 9 0
-5.33557 1.0777 20 16 0
-5.38129 1.0875 30 25 1
1.96577 4.36035 -2.27374e-13 3 0
1.9825 4.40246 10 11 0
1.99824 4.43874 20 19 1
2.42925 4.30338 1.13687e-13 3 0
2.4475 4.3442 10 11 0
2.46442 4.3883 20 19 0
2.4875 4.42663 30 27 1
-6.85118 -0.502592 1.13687e-13 0 0
-6.91609 -0.506169 10 8 0
-6.98184 -0.513416 20 16 0
-7.0463 -0.516169 30 24 1
5.23732 5.63429 -2.27374e-13 3 0
5.2825 5.6872 10 11 0
5.32858 5.73703 20 19 0
5.3725 5.79135 30 27 1
-8.40599 0.0115444 0 0 0
-8.48529 0.0125 10 9 0
-8.56278 0.0115444 20 16 1
5.70794 0.288819 1.13687e-13 4 0
5.75357 0.291169 10 12 0
5.80593 0.296937 20 20 0
5.85049 0.296169 30 28 1
-6.12604 -0.164344 0 0 0
-6.18011 -0.166169 10 8 0
-6.24363 -0.169756 20 16 0
-6.29825 -0.171169 30 24 1
1.38474 -5.83206 -1.13687e-13 6 0
1.39617 -5.88276 10 14 0
1.40639 -5.93659 20 22 0
1.41617 -5.98761 30 30 1
4.15052 -4.34671 -2.27374e-13 5 0
4.18617 -4.38769 10 14 0
4.22061 -4.42445 20 21 0
4.25617 -4.46477 30 30 1
-3.63431 6.56286 0 1 0
-3.67117 6.62334 10 10 0
-3.70374 6.67821 20 17 0
-3.74117 6.74284 30 26 1
4.8375 -3.54887 -1.13687e-13 5 0
4.87316 -3.5775 10 13 0
4.91635 -3.60859 20 21 0
4.95937 -3.6425 30 29 1
-4.01246 -6.76676 0 7 0
-4.0525 -6.82601 10 15 0
-4.08842 -6.88481 20 23 0
-4.1275 -6.94344 30 31 1
7.79191 -0.0927239 2.27374e-13 4 0
7.86526 -0.0925 10 13 0
7.9291 -0.0954298 20 20 0
7.99961 -0.0925 30 29 1
-0.1425 -8.47387 10 15 0
-0.144137 -8.55625 20 22 0
-0.1475 -8.62736 30 31 1
-8.16428 -0.559417 1.13687e-13 0 0
-8.24181 -0.566169 10 8 0
-8.32107 -0.570241 20 16 0
-8.39323 -0.576169 30 24 1
3.73088 5.77339 -1.13687e-13 3 0
3.7625 5.8289 10 11 0
3.7976 5.8822 20 19 0
3.8275 5.92926 30 27 1
6.03115 3.72255 -1.13687e-13 3 0
6.08609 3.75617 10 12 0
6.13344 3.78657 20 19 0
6.19144 3.82617 30 28 1
6.16256 4.81067 -1.13687e-13 3 0
6.21735 4.85617 10 12 0
6.26913 4.89811 20 19 0
6.32856 4.94617 30 28 1
-3.9575 -4.15007 10 15 0
-3.99178 -4.1821 20 23 0
-4.0325 -4.22507 30 31 1
-3.7075 -4.47283 10 15 0
-3.74442 -4.5126 20 23 0
-3.7825 -4.5549 30 31 1
-4.01117 4.58039 10 10 0
-4.04886 4.62391 20 17 0
-4.08617 4.66246 30 26 1
-5.36823 -1.34415 0 0 0
-5.4185 -1.35617 10 8 0
-5.47276 -1.37121 20 16 0
-5.52128 -1.38117 30 24 1
5.22788 -3.69434 -2.27374e-13 5 0
5.27065 -3.7275 10 13 0
5.31598 -3.7633 20 21 0
5.36186 -3.7975 30 29 1
0.253642 -6.00192 0 6 0
0.256169 -6.05798 10 14 0
0.256348 -6.11298 20 22 0
0.256169 -6.17112 30 30 1
-3.29117 5.71301 10 10 0
-3.32107 5.76744 20 17 0
-3.35617 5.82044 30 26 1
-7.41739 -4.59982 0 7 0
-7.48727 -4.64117 10 8 0
-7.55504 -4.6839 20 23 0
-7.62884 -4.72617 30 24 1
-4.41396 -5.73702 1.13687e-13 7 0
-4.4575 -5.78851 10 15 0
-4.5014 -5.8436 20 23 0
-4.5425 -5.89473 30 31 1
2.89883 7.10596 -1.13687e-13 2 0
2.9225 7.16679 10 11 0
2.94753 7.23662 20 18 0
2.9725 7.30165 30 27 1
1.85288 -4.55817 0 6 0
1.86617 -4.60621 10 14 0
1.87994 -4.64962 20 22 0
1.89617 -4.69278 30 30 1
0.600007 -6.81199 0 6 0
0.601169 -6.87674 10 14 0
0.602713 -6.93611 20 22 0
0.606169 -6.99488 30 30 1
-4.78184 -0.486169 10 8 0
-4.82601 -0.491768 20 16 0
-4.86962 -0.496169 30 24 1
4.72137 -5.94698 -1.13687e-13 5 0
4.76117 -6.00214 10 14 0
4.79845 -6.05467 20 21 0
4.84117 -6.11043 30 30 1
4.25096 1.88114 -1.13687e-13 3 0
4.28973 1.89617 10 12 0
4.32283 1.9109 20 19 0
4.36008 1.93117 30 28 1
2.60804 -3.58873 -2.27374e-13 5 0
2.62617 -3.61965 10 14 0
2.64929 -3.64911 20 21 0
2.66617 -3.68087 30 30 1
2.61905 -5.75808 -2.27374e-13 5 0
2.64117 -5.80547 10 14 0
2.66235 -5.8626 20 21 0
2.68617 -5.91411 30 30 1
-7.15823 -0.440354 1.13687e-13 0 0
-7.22379 -0.446169 10 8 0
-7.29541 -0.448472 20 16 0
-7.36814 -0.456169 30 24 1
-6.04111 2.46316 1.13687e-13 0 0
-6.0954 2.4875 10 9 0
-6.15217 2.50916 20 16 0
-6.21111 2.5325 30 25 1
-0.130608 -5.33557 0 6 0
-0.1325 -5.38089 10 15 0
-0.13602 -5.42703 20 22 0
-0.1375 -5.47781 30 31 1
6.27812 3.52178 -1.13687e-13 3 0
6.33363 3.55117 10 12 0
6.38423 3.58197 20 19 0
6.44106 3.61617 30 28 1
1.12911 7.13209 0 2 0
1.1375 7.19906 10 11 0
1.14264 7.26928 20 18 0
1.1525 7.33427 30 27 1
5.02133 -2.76452 -1.13687e-13 5 0
5.06604 -2.7875 10 13 0
5.10513 -2.81005 20 21 0
5.15139 -2.8375 30 29 1
-5.3678 1.2225 10 9 0
-5.4205 1.23194 20 16 0
-5.46558 1.2425 30 25 1
5.73918 3.10913 -1.13687e-13 3 0
5.78428 3.13617 10 12 0
5.83876 3.16661 20 19 0
5.88878 3.19117 30 28 1
6.66335 5.03975 -1.13687e-13 3 0
6.71191 5.09617 10 12 0
6.76385 5.15173 20 19 0
6.80984 5.20117 30 28 1
-2.86635 -8.04669 -1.13687e-13 6 0
-2.8925 -8.11967 10 15 0
-2.92318 -8.19694 20 22 0
-2.9525 -8.2716 30 31 1
4.75921 -5.50263 1.13687e-13 5 0
4.80117 -5.55424 10 14 0
4.84394 -5.60267 20 21 0
4.88117 -5.64838 30 30 1
-1.91782 6.04765 0 2 0
-1.94117 6.10249 10 10 0
-1.96112 6.15217 20 18 0
-1.98117 6.2132 30 26 1
6.43833 -3.0105 0 5 0
6.4919 -3.0325 10 13 0
6.54556 -3.06033 20 21 0
6.60347 -3.0875 30 29 1
0.984256 -5.83206 0 6 0
0.991169 -5.88788 10 14 0
0.997786 -5.94312 20 22 0
1.00617 -5.99481 30 30 1
-5.43356 -1.24674 1.13687e-13 0 0
-5.48113 -1.25617 10 8 0
-5.53155 -1.27109 20 16 0
-5.58391 -1.28117 30 24 1
-6.74586 -3.86706 -1.13687e-13 7 0
-6.80384 -3.90117 10 8 0
-6.87427 -3.9419 20 23 0
-6.93541 -3.97617 30 24 1
5.0119 4.81572 -3.41061e-13 3 0
5.05562 4.86117 10 12 0
5.10429 4.9081 20 19 0
5.14562 4.95117 30 28 1
-5.03932 4.04919 0 1 0
-5.08117 4.0825 10 9 0
-5.13395 4.12086 20 17 0
-5.18446 4.1575 30 25 1
6.87078 0.440354 0 4 0
6.94094 0.446169 10 12 0
6.9949 0.448472 20 20 0
7.05701 0.456169 30 28 1
-6.85086 -4.85223 -1.13687e-13 7 0
-6.91496 -4.89617 10 8 0
-6.97815 -4.93743 20 23 0
-7.04738 -4.98617 30 24 1
5.18344 -4.89362 -1.13687e-13 5 0
5.22907 -4.9375 10 13 0
5.27583 -4.98601 20 21 0
5.31907 -5.0275 30 29 1
1.19947 4.46671 1.13687e-13 2 0
1.2075 4.50427 10 11 0
1.213 4.55163 20 18 0
1.2225 4.58998 30 27 1
-5.19004 1.6175 10 9 0
-5.23758 1.63243 20 16 0
-5.28368 1.6475 30 25 1
1.2765 -6.08031 0 6 0
1.28617 -6.13339 10 14 0
1.29544 -6.19137 20 22 0
1.30617 -6.24531 30 30 1
6.33202 4.09612 0 3 0
6.3883 4.13617 10 12 0
6.44354 4.16938 20 19 0
6.49366 4.20617 30 28 1
-6.47309 -5.59955 0 7 0
-6.53152 -5.65117 10 8 0
-6.59814 -5.70547 20 23 0
-6.6648 -5.75617 30 24 1
7.52406 -0.452619 1.13687e-13 4 0
7.58679 -0.4575 10 13 0
7.65472 -0.458031 20 20 0
7.71907 -0.4625 30 29 1
3.2435 -6.01132 -2.27374e-13 5 0
3.27117 -6.06778 10 14 0
3.29332 -6.11855 20 21 0
3.32117 -6.17434 30 30 1
5.11999 1.80417 2.27374e-13 4 0
5.16225 1.82117 10 12 0
5.20491 1.83935 20 20 0
5.24882 1.85117 30 28 1
-2.0075 -5.84167 10 15 0
-2.0275 -5.89086 20 22 0
-2.0475 -5.94531 30 31 1
-6.60294 1.53231 0 0 0
-6.66153 1.5475 10 9 0
-6.72706 1.56207 20 16 0
-6.79053 1.5775 30 25 1
-7.59102 -2.58117 10 8 0
-7.65472 -2.60514 20 16 0
-7.73294 -2.63117 30 24 1
0.154961 4.46671 -2.27374e-13 2 0
0.1525 4.50286 10 11 0
0.154961 4.5451 20 18 0
0.1525 4.58771 30 27 1
-7.49793 0.64745 -1.13687e-13 0 0
-7.56259 0.6525 10 9 0
-7.64165 0.658274 20 16 0
-7.70694 0.6625 30 25 1
7.37381 -2.75541 2.27374e-13 4 0
7.43899 -2.7775 10 13 0
7.50446 -2.80412 20 20 0
7.56677 -2.8275 30 29 1
-2.19924 7.75924 0 2 0
-2.22117 7.83206 10 10 0
-2.24254 7.90297 20 18 0
-2.26617 7.97606 30 26 1
-1.81617 7.18664 10 10 0
-1.83393 7.25622 20 18 0
-1.85117 7.31357 30 26 1
2.93256 -7.54366 0 6 0
2.96117 -7.6104 10 14 0
2.98398 -7.68085 20 22 0
3.01117 -7.75232 30 30 1
-5.43804 -4.85152 0 7 0
-5.48867 -4.89117 10 8 0
-5.54462 -4.93896 20 23 0
-5.59282 -4.98117 30 24 1
2.87281 3.61037 -2.27374e-13 3 0
2.8975 3.64161 10 11 0
2.92329 3.67999 20 19 0
2.9425 3.70783 30 27 1
2.42492 4.65877 -2.27374e-13 3 0
2.4425 4.69982 10 11 0
2.46393 4.73987 20 19 0
2.4825 4.78225 30 27 1
-6.8591 -5.56462 0 7 0
-6.92785 -5.61617 10 8 0
-6.99452 -5.66941 20 23 0
-7.06114 -5.72117 30 24 1
4.52691 3.30513 -1.13687e-13 3 0
4.56507 3.33117 10 12 0
4.59923 3.36215 20 19 0
4.63921 3.39117 30 28 1
3.47201 -2.29054 0 5 0
3.50209 -2.3125 10 13 0
3.53239 -2.33178 20 21 0
3.55623 -2.3525 30 29 1
2.65799 8.30147 0 2 0
2.6775 8.37136 10 11 0
2.70129 8.44519 20 18 0
2.7225 8.52243 30 27 1
-4.61393 -2.00117 10 8 0
-4.65936 -2.01783 20 23 0
-4.7055 -2.03617 30 24 1
-6.16868 4.24098 1.13687e-13 1 0
-6.2287 4.2825 10 9 0
-6.28944 4.32347 20 17 0
-6.34612 4.3575 30 25 1
-5.06839 -5.61844 0 7 0
-5.1175 -5.6707 10 15 0
-5.16348 -5.71736 20 23 0
-5.2175 -5.7707 30 31 1
7.72658 -1.05064 1.13687e-13 4 0
7.79081 -1.0575 10 13 0
7.86377 -1.06958 20 20 0
7.93102 -1.0775 30 29 1
-3.80258 -2.81617 10 8 0
-3.84313 -2.8433 20 23 0
-3.88087 -2.86617 30 24 1
-4.58258 1.7525 10 9 0
-4.62349 1.76773 20 16 0
-4.66915 1.7825 30 25 1
3.85205 5.34733 -1.13687e-13 3 0
3.8825 5.39736 10 11 0
3.91336 5.44308 20 19 0
3.9475 5.49065 30 27 1
4.69109 -5.31206 0 5 0
4.73117 -5.35696 10 14 0
4.77583 -5.4121 20 21 0
4.81617 -5.46317 30 30 1
-3.50617 3.91276 10 10 0
-3.54177 3.94843 20 17 0
-3.57117 3.97776 30 26 1
-2.79617 6.13018 10 10 0
-2.82219 6.18317 20 17 0
-2.85117 6.24175 30 26 1
-3.3125 -3.99298 10 15 0
-3.34306 -4.02704 20 23 0
-3.3775 -4.06505 30 31 1
-5.46167 3.71 -1.13687e-13 1 0
-5.51692 3.7475 10 9 0
-5.56666 3.78054 20 17 0
-5.61728 3.8125 30 25 1
1.03982 7.89643 0 2 0
1.0475 7.96466 10 11 0
1.05605 8.04016 20 18 0
1.0625 8.11401 30 27 1
-3.03941 6.82517 0 1 0
-3.07117 6.88601 10 10 0
-3.10389 6.9547 20 17 0
-3.13117 7.00965 30 26 1
-4.15453 -5.35897 0 7 0
-4.1975 -5.40831 10 15 0
-4.23273 -5.4563 20 23 0
-4.2775 -5.50952 30 31 1
-3.33719 -8.12508 0 6 0
-3.3675 -8.19162 10 15 0
-3.40214 -8.2688 20 22 0
-3.4375 -8.34647 30 31 1
4.96672 -6.10814 -1.13687e-13 5 0
5.00617 -6.16229 10 14 0
5.05033 -6.21854 20 21 0
5.09117 -6.2685 30 30 1
-3.80006 -3.76117 10 8 0
-3.84248 -3.79554 20 23 0
-3.87713 -3.83117 30 24 1
5.53102 5.66394 -1.13687e-13 3 0
5.5825 5.7185 10 11 0
5.62882 5.76939 20 19 0
5.6775 5.82057 30 27 1
-1.04252 -8.49092 -2.27374e-13 6 0
-1.0525 -8.5707 10 15 0
-1.06417 -8.64771 20 22 0
-1.0775 -8.72298 30 31 1
8.06629 -0.439089 2.27374e-13 4 0
8.1304 -0.4425 10 13 0
8.20348 -0.447207 20 20 0
8.27475 -0.4525 30 29 1
-8.42559 -2.9515 1.13687e-13 0 0
-8.50221 -2.97617 10 8 0
-8.58238 -3.00562 20 16 0
-8.66327 -3.03117 30 24 1
-0.161638 8.48439 0 2 0
-0.166169 8.55599 10 10 0
-0.169756 8.63464 20 18 0
-0.171169 8.70948 30 26 1
-0.574388 -5.4401 0 6 0
-0.5825 -5.49854 10 15 0
-0.587918 -5.53809 20 22 0
-0.5925 -5.5934 30 31 1
-5.34864 1.59725 0 0 0
-5.40424 1.6125 10 9 0
-5.45316 1.62431 20 16 0
-5.49996 1.6375 30 25 1
5.42703 -1.53231 0 4 0
5.48067 -1.5475 10 13 0
5.53155 -1.55937 20 20 0
5.57638 -1.5725 30 29 1
-6.72053 0.141432 0 0 0
-6.78389 0.1425 10 9 0
-6.84465 0.144137 20 16 0
-6.91116 0.1425 30 25 1
-2.2325 -7.14147 10 15 0
-2.2548 -7.21049 20 22 0
-2.2775 -7.27133 30 31 1
-6.12078 -5.48068 -1.13687e-13 7 0
-6.17317 -5.52617 10 8 0
-6.23006 -5.57466 20 23 0
-6.28731 -5.62617 30 24 1
1.76899 -6.38082 -1.13687e-13 6 0
1.78117 -6.43747 10 14 0
1.79605 -6.49841 20 22 0
1.81117 -6.55939 30 30 1
4.528 3.67359 0 3 0
4.5653 3.70617 10 12 0
4.60956 3.73985 20 19 0
4.64445 3.77117 30 28 1
-0.217199 -8.68037 -1.13687e-13 6 0
-0.2225 -8.75893 10 15 0
-0.228023 -8.83716 20 22 0
-0.2325 -8.91742 30 31 1
3.1658 -3.35433 0 5 0
3.19617 -3.39062 10 14 0
3.2174 -3.41359 20 21 0
3.24617 -3.44769 30 30 1
1.305 6.58987 0 2 0
1.3125 6.64574 10 11 0
1.32395 6.70093 20 18 0
1.3325 6.76473 30 27 1
3.73568 4.15179 0 3 0
3.7675 4.19342 10 11 0
3.79923 4.22682 20 19 0
3.8275 4.26049 30 27 1
-2.40117 6.39279 10 10 0
-2.42654 6.45268 20 18 0
-2.45117 6.5135 30 26 1
-1.9097 5.67528 -1.13687e-13 2 0
-1.93117 5.7248 10 10 0
-1.953 5.7798 20 18 0
-1.97117 5.82844 30 26 1
2.86112 -3.89921 0 5 0
2.88117 -3.93122 10 14 0
2.90508 -3.96613 20 21 0
2.93117 -4.00244 30 30 1
5.22453 -4.64004 -1.13687e-13 5 0
5.27105 -4.6825 10 13 0
5.31421 -4.7259 20 21 0
5.36312 -4.7675 30 29 1
2.44049 3.82096 -1.13687e-13 3 0
2.4575 3.85215 10 11 0
2.47137 3.88246 20 19 0
2.4975 3.92751 30 27 1
-4.54159 -5.15669 0 7 0
-4.5825 -5.19934 10 15 0
-4.63015 -5.2529 20 23 0
-4.6725 -5.29641 30 31 1
0.521534 -8.53012 1.13687e-13 6 0
0.526169 -8.60486 10 14 0
0.529652 -8.68037 20 22 0
0.531169 -8.75836 30 30 1
4.19816 -5.01046 -1.13687e-13 5 0
4.23117 -5.05495 10 14 0
4.26712 -5.09856 20 21 0
4.30117 -5.14616 30 30 1
2.60514 -8.13815 -1.13687e-13 6 0
2.62617 -8.21585 10 14 0
2.64573 -8.2884 20 22 0
2.67117 -8.35984 30 30 1
-7.47972 3.82611 -1.13687e-13 1 0
-7.54818 3.8625 10 9 0
-7.62232 3.896 20 17 0
-7.68889 3.9325 30 25 1
-0.600007 6.57681 -1.13687e-13 2 0
-0.606169 6.63425 10 10 0
-0.616243 6.6944 20 18 0
-0.626169 6.75325 30 26 1
-2.76117 4.07992 10 10 0
-2.78961 4.11854 20 17 0
-2.81617 4.15614 30 26 1
-5.07856 -5.68218 1.13687e-13 7 0
-5.1275 -5.73019 10 15 0
-5.17365 -5.7811 20 23 0
-5.2225 -5.83226 30 31 1
4.91345 -5.875 -1.13687e-13 5 0
4.95617 -5.92844 10 14 0
5.0036 -5.98811 20 21 0
5.04117 -6.03465 30 30 1
-5.5732 4.69788 -1.13687e-13 1 0
-5.62304 4.7375 10 9 0
-5.67054 4.77608 20 17 0
-5.72218 4.8225 30 25 1
4.36665 -4.62024 -2.27374e-13 5 0
4.40117 -4.65926 10 14 0
4.43944 -4.70451 20 21 0
4.47617 -4.7484 30 30 1
-1.56604 5.91699 0 2 0
-1.58617 5.97377 10 10 0
-1.60122 6.02805 20 18 0
-1.61617 6.08155 30 26 1
-8.68037 0.244259 0 0 0
-8.75772 0.2425 10 9 0
-8.84369 0.246965 20 16 0
-8.91828 0.2475 30 25 1
-2.15324 5.58382 0 2 0
-2.17617 5.63746 10 10 0
-2.19654 5.68834 20 18 0
-2.22117 5.73903 30 26 1
2.04915 7.83764 -1.13687e-13 2 0
2.0625 7.90485 10 11 0
2.07891 7.97483 20 18 0
2.0975 8.04592 30 27 1
4.38854 7.13902 -2.27374e-13 3 0
4.4325 7.20601 10 11 0
4.46991 7.27014 20 19 0
4.5075 7.33758 30 27 1
-1.7975 -8.12069 10 15 0
-1.81914 -8.19694 20 22 0
-1.8375 -8.26675 30 31 1
-7.31501 0.0304863 0 0 0
-7.38306 0.0275 10 9 0
-7.4522 0.0277803 20 16 0
-7.51741 0.0275 30 25 1
-6.62934 -3.27219 -1.13687e-13 7 0
-6.69175 -3.30117 10 8 0
-6.75617 -3.33013 20 23 0
-6.81539 -3.36117 30 24 1
-5.4009 1.32124 0 0 0
-5.44951 1.3325 10 9 0
-5.50542 1.3483 20 16 0
-5.55937 1.3575 30 25 1
3.41934 -3.69207 -1.13687e-13 5 0
3.44617 -3.72548 10 14 0
3.47366 -3.75786 20 21 0
3.50617 -3.79255 30 30 1
2.32642 -5.84513 1.13687e-13 6 0
2.34617 -5.90645 10 14 0
2.3616 -5.95619 20 22 0
2.38117 -6.00509 30 30 1
-8.79143 0.955932 0 0 0
-8.87668 0.9625 10 9 0
-8.96128 0.972168 20 16 0
-9.04517 0.9825 30 25 1
3.56258 3.89067 0 3 0
3.5925 3.92649 10 11 0
3.62613 3.9657 20 19 0
3.6575 4.00564 30 27 1
7.17782 1.13579 1.13687e-13 4 0
7.24496 1.14617 10 12 0
7.30848 1.15744 20 20 0
7.36396 1.16617 30 28 1
6.32076 -4.79105 -1.13687e-13 5 0
6.37565 -4.8325 10 13 0
6.43116 -4.87466 20 21 0
6.48186 -4.9175 30 29 1
-6.66631 5.3509 -1.13687e-13 1 0
-6.72851 5.3975 10 9 0
-6.79249 5.44646 20 17 0
-6.8568 5.4975 30 25 1
1.45924 4.24459 -1.13687e-13 2 0
1.4725 4.28844 10 11 0
1.48089 4.32298 20 18 0
1.4925 4.35793 30 27 1
-3.62169 -3.32117 10 8 0
-3.65848 -3.35131 20 23 0
-3.69583 -3.38117 30 24 1
-3.33793 6.14785 1.13687e-13 1 0
-3.37117 6.20313 10 10 0
-3.39812 6.25396 20 17 0
-3.43117 6.31263 30 26 1
-1.69593 5.48583 0 2 0
-1.71117 5.53308 10 10 0
-1.73111 5.58382 20 18 0
-1.74617 5.63172 30 26 1
2.08703 5.09386 -1.13687e-13 2 0
2.1025 5.13764 10 11 0
2.1195 5.18532 20 18 0
2.1375 5.22921 30 27 1
4.70536 4.33696 0 3 0
4.7424 4.37117 10 12 0
4.7858 4.41358 20 19 0
4.8224 4.45117 30 28 1
2.43525 5.03648 -2.27374e-13 3 0
2.4525 5.07752 10 11 0
2.47313 5.12794 20 19 0
2.4925 5.17409 30 27 1
3.24199 2.8162 -3.41061e-13 3 0
3.26897 2.84117 10 12 0
3.29472 2.8651 20 19 0
3.32397 2.89617 30 28 1
5.2385 -2.87071 -1.13687e-13 5 0
5.28417 -2.8925 10 13 0
5.32884 -2.91895 20 21 0
5.37453 -2.9475 30 29 1
7.71351 -0.541917 0 4 0
7.78286 -0.5475 10 13 0
7.8507 -0.550035 20 20 0
7.91513 -0.5525 30 29 1
1.73922 -5.05466 0 6 0
1.75617 -5.10432 10 14 0
1.76899 -5.15265 20 22 0
1.78117 -5.19296 30 30 1
7.20396 1.13038 2.27374e-13 4 0
7.26118 1.14117 10 12 0
7.32808 1.14932 20 20 0
7.38724 1.16117 30 28 1
-0.604154 -6.40042 0 6 0
-0.6125 -6.45485 10 15 0
-0.617684 -6.51148 20 22 0
-0.6275 -6.56885 30 31 1
-2.9325 -6.51211 10 15 0
-2.96215 -6.56983 20 23 0
-2.9875 -6.63075 30 31 1
3.54431 4.72195 -1.13687e-13 3 0
3.5725 4.76209 10 11 0
3.6002 4.80464 20 19 0
3.6325 4.85038 30 27 1
-5.50755 -2.91577 -1.13687e-13 7 0
-5.561 -2.94117 10 8 0
-5.61096 -2.96942 20 23 0
-5.6655 -2.99617 30 24 1
3.05178 -7.24701 -1.13687e-13 5 0
3.07617 -7.31527 10 14 0
3.10208 -7.3815 20 21 1
3.67273 2.77117 10 12 0
3.70482 2.79684 20 19 0
3.73687 2.82117 30 28 1
2.0708 6.84465 0 2 0
2.0875 6.91162 10 11 0
2.10056 6.96877 20 18 0
2.1175 7.02647 30 27 1
-1.24117 6.02475 10 10 0
-1.25485 6.08031 20 18 0
-1.27117 6.1396 30 26 1
-3.62355 7.98716 1.13687e-13 1 0
-3.66117 8.06291 10 10 0
-3.69344 8.12976 20 17 0
-3.73117 8.20362 30 26 1
-3.4725 -5.67325 10 15 0
-3.50428 -5.72282 20 23 0
-3.5425 -5.77861 30 31 1
2.81 -4.78183 0 5 0
2.83617 -4.82667 10 14 0
2.85553 -4.86564 20 21 0
2.88117 -4.9141 30 30 1
-7.1125 -1.84476 0 0 0
-7.17508 -1.86117 10 8 0
-7.24968 -1.87994 20 16 0
-7.30907 -1.89617 30 24 1
1.91364 -3.95053 -2.27374e-13 5 0
1.93117 -3.98531 10 14 0
1.94341 -4.0224 20 21 0
1.96117 -4.05774 30 30 1
5.32906 -2.47526 -1.13687e-13 5 0
5.37708 -2.4975 10 13 0
5.42323 -2.51968 20 21 0
5.47157 -2.5425 30 29 1
6.75972 -1.59725 0 4 0
6.81846 -1.6125 10 13 0
6.87731 -1.62431 20 20 0
6.92831 -1.6375 30 29 1
-1.24006 -4.9044 -1.13687e-13 6 0
-1.2525 -4.95232 10 15 0
-1.26712 -4.99586 20 22 0
-1.2825 -5.04596 30 31 1
-1.6075 -6.70739 10 15 0
-1.62431 -6.77279 20 22 0
-1.6425 -6.83432 30 31 1
-5.39793 6.82253 1.13687e-13 1 0
-5.44617 6.87806 10 10 0
-5.49732 6.94488 20 17 0
-5.55117 7.00427 30 26 1
-6.64867 2.47128 0 0 0
-6.71558 2.4925 10 9 0
-6.77279 2.51728 20 16 0
-6.83836 2.5375 30 25 1
0.104813 -4.81948 -2.27374e-13 6 0
0.101169 -4.86353 10 14 0
0.0994008 -4.91094 20 22 0
0.0961686 -4.95046 30 30 1
1.6364 -7.22355 0 6 0
1.65117 -7.29035 10 14 0
1.66346 -7.35421 20 22 0
1.67617 -7.42141 30 30 1
4.09797 4.39927 -2.27374e-13 3 0
4.1325 4.43821 10 11 0
4.16805 4.477 20 19 0
4.2025 4.51528 30 27 1
-3.56829 -8.03318 0 7 0
-3.6025 -8.10842 10 15 0
-3.63818 -8.17578 20 23 0
-3.6725 -8.24913 30 31 1
-6.12386 -4.44286 0 7 0
-6.18176 -4.48117 10 8 0
-6.23809 -4.52265 20 23 0
-6.29712 -4.56117 30 24 1
6.51801 2.56184 0 4 0
6.56572 2.58117 10 12 0
6.62907 2.60784 20 20 0
6.68643 2.63117 30 28 1
-6.46464 -6.24549 -1.13687e-13 7 0
-6.51891 -6.29617 10 8 0
-6.57933 -6.35253 20 23 0
-6.64098 -6.41117 30 24 1
6.89791 -0.6525 10 13 0
6.96224 -0.658274 20 20 0
7.02104 -0.6625 30 29 1
5.36987 3.21051 -3.41061e-13 3 0
5.41552 3.24117 10 12 0
5.46562 3.27182 20 19 0
5.51088 3.30117 30 28 1
-4.81611 -4.66967 0 7 0
-4.8632 -4.71117 10 8 0
-4.90962 -4.7517 20 23 0
-4.95527 -4.79617 30 24 1
0.425559 7.0145 0 2 0
0.4275 7.07596 10 11 0
0.428265 7.13863 20 18 0
0.4275 7.20324 30 27 1
4.03889 -4.4953 -1.13687e-13 5 0
4.07117 -4.53432 10 14 0
4.10514 -4.57686 20 21 0
4.14117 -4.61847 30 30 1
-5.24047 5.88057 1.13687e-13 1 0
-5.28617 5.9261 10 10 0
-5.33557 5.9795 20 17 0
-5.38617 6.03317 30 26 1
-6.43962 -2.30748 1.13687e-13 0 0
-6.50163 -2.32617 10 8 0
-6.56374 -2.34807 20 16 0
-6.62649 -2.36617 30 24 1
-3.25979 7.50094 -1.13687e-13 1 0
-3.29117 7.56563 10 10 0
-3.32698 7.63701 20 17 0
-3.35617 7.70134 30 26 1
-2.28117 6.53442 10 10 0
-2.30477 6.58987 20 18 0
-2.33117 6.65513 30 26 1
-8.09242 1.13723 1.13687e-13 0 0
-8.16365 1.1475 10 9 0
-8.24267 1.15617 20 16 0
-8.318 1.1675 30 25 1
3.1028 5.45911 -2.27374e-13 3 0
3.1275 5.50503 10 11 0
3.15375 5.55598 20 19 0
3.1775 5.60453 30 27 1
-6.36861 -6.09206 1.13687e-13 7 0
-6.43048 -6.15117 10 8 0
-6.48984 -6.20181 20 23 0
-6.55462 -6.26117 30 24 1
-4.24048 -3.96117 10 8 0
-4.28177 -3.99373 20 23 0
-4.32462 -4.03117 30 24 1
-0.903077 5.08732 0 2 0
-0.916169 5.13406 10 10 0
-0.924725 5.17878 20 18 0
-0.936169 5.22477 30 26 1
-6.93005 4.45893 1.13687e-13 1 0
-6.99524 4.4975 10 9 0
-7.06117 4.5403 20 17 0
-7.12474 4.5775 30 25 1
-4.4015 -1.83117 10 8 0
-4.44239 -1.84677 20 23 0
-4.486 -1.86617 30 24 1
-0.10896 -6.89038 -1.13687e-13 6 0
-0.1125 -6.9448 10 15 0
-0.114372 -7.00797 20 22 0
-0.1225 -7.07501 30 31 1
-3.27617 3.78882 10 10 0
-3.30612 3.82377 20 17 0
-3.34117 3.86089 30 26 1
5.40109 -3.73361 -2.27374e-13 5 0
5.43535 -3.7225 10 13 0
5.47473 -3.71541 20 21 0
5.51935 -3.7075 30 29 1
4.46073 3.38055 0 3 0
4.50365 3.41117 10 12 0
4.53306 3.43756 20 19 0
4.57779 3.47117 30 28 1
7.53713 -0.376852 1.13687e-13 4 0
7.60371 -0.3825 10 13 0
7.67432 -0.38497 20 20 0
7.73599 -0.3875 30 29 1
1.15473 -7.14516 0 6 0
1.16117 -7.21047 10 14 0
1.17097 -7.27582 20 22 0
1.18117 -7.3436 30 30 1
-0.808368 5.87779 0 2 0
-0.816169 5.93209 10 10 0
-0.827309 5.98885 20 18 0
-0.836169 6.04401 30 26 1
0.543182 -4.71495 0 6 0
0.546169 -4.76406 10 14 0
0.548594 -4.80641 20 22 0
0.551169 -4.84684 30 30 1
-3.3575 -5.95423 10 15 0
-3.39114 -6.0115 20 23 0
-3.4225 -6.06873 30 31 1
-8.2884 0.363322 0 0 0
-8.36653 0.3675 10 9 0
-8.44519 0.368734 20 16 0
-8.52002 0.3725 30 25 1
2.26074 3.77897 -2.27374e-13 3 0
2.2775 3.81357 10 11 0
2.29433 3.84701 20 19 0
2.3125 3.87686 30 27 1
3.86039 -5.13574 -1.13687e-13 5 0
3.89117 -5.17457 10 14 0
3.92552 -5.22766 20 21 0
3.96117 -5.27285 30 30 1
5.16572 0.334821 0 4 0
5.21167 0.336169 10 12 0
5.25718 0.340233 20 20 0
5.29945 0.346169 30 28 1
-2.3875 -6.10146 10 15 0
-2.40904 -6.1587 20 22 0
-2.4325 -6.2101 30 31 1
-1.0952 5.0024 -1.13687e-13 2 0
-1.10617 5.04829 10 10 0
-1.11956 5.08732 20 18 0
-1.13117 5.13693 30 26 1
-5.12599 -3.28809 1.13687e-13 7 0
-5.17232 -3.31617 10 8 0
-5.21904 -3.34287 20 23 0
-5.26268 -3.37117 30 24 1
-5.56467 2.97875 1.13687e-13 1 0
-5.61838 3.0075 10 9 0
-5.67461 3.03511 20 17 0
-5.72287 3.0625 30 25 1
-2.48177 4.62964 2.27374e-13 1 0
-2.50617 4.67345 10 10 0
-2.53384 4.71615 20 17 0
-2.55617 4.75881 30 26 1
-2.1725 -5.74504 10 15 0
-2.19256 -5.79287 20 22 0
-2.2125 -5.84161 30 31 1
-2.5175 -5.5385 10 15 0
-2.53665 -5.58179 20 23 0
-2.5625 -5.633 30 31 1
2.40936 -4.41565 -1.13687e-13 5 0
2.43117 -4.45703 10 14 0
2.44837 -4.49674 20 21 0
2.47117 -4.53946 30 30 1
-8.51705 2.46587 0 0 0
-8.59856 2.4875 10 9 0
-8.68037 2.50646 20 16 0
-8.75876 2.5275 30 25 1
-3.05433 7.69392 0 2 0
-3.08617 7.76368 10 10 0
-3.11657 7.83111 20 18 0
-3.14117 7.89646 30 26 1
-6.24902 -6.53501 1.13687e-13 7 0
-6.3075 -6.592 10 15 0
-6.36912 -6.65512 20 23 0
-6.4275 -6.712 30 31 1
-0.286113 5.00893 -1.13687e-13 2 0
-0.291169 5.05353 10 10 0
-0.291525 5.10039 20 18 0
-0.296169 5.14339 30 26 1
-7.28235 -0.13999 0 0 0
-7.35012 -0.141169 10 8 0
-7.41954 -0.142696 20 16 0
-7.48947 -0.146169 30 24 1
4.35262 -7.14722 -2.27374e-13 5 0
4.39117 -7.21606 10 14 0
4.43016 -7.28217 20 21 0
4.46617 -7.34056 30 30 1
6.16047 -3.14977 -1.13687e-13 5 0
6.21264 -3.1775 10 13 0
6.27041 -3.20613 20 21 0
6.32421 -3.2325 30 29 1
2.4361 7.62206 1.13687e-13 2 0
2.4575 7.69174 10 11 0
2.4794 7.76578 20 18 0
2.4975 7.83074 30 27 1
-6.98676 4.81796 0 1 0
-7.05618 4.8625 10 9 0
-7.12058 4.90587 20 17 0
-7.18361 4.9475 30 25 1
-4.29085 4.81614 -1.13687e-13 1 0
-4.33117 4.85796 10 10 0
-4.37017 4.90312 20 17 0
-4.41117 4.94503 30 26 1
6.48118 -4.91703 0 5 0
6.541 -4.9625 10 13 0
6.59429 -5.00717 20 21 0
6.64721 -5.0475 30 29 1
5.73645 -2.40047 0 5 0
5.78498 -2.4175 10 13 0
5.83444 -2.44106 20 21 0
5.88155 -2.4575 30 29 1
-6.69183 2.81243 0 1 0
-6.75652 2.8375 10 9 0
-6.81324 2.85732 20 17 0
-6.88431 2.8875 30 25 1
6.92958 -1.16429 1.13687e-13 4 0
6.99157 -1.1775 10 13 0
7.04717 -1.18594 20 20 0
7.11057 -1.1975 30 29 1
4.2827 -5.17537 -2.27374e-13 5 0
4.32117 -5.22273 10 14 0
4.3609 -5.2727 20 21 0
4.39617 -5.31894 30 30 1
-3.9975 -5.02446 10 15 0
-4.03547 -5.07152 20 23 0
-4.0775 -5.1186 30 31 1
-2.15617 6.7064 10 10 0
-2.17759 6.76626 20 18 0
-2.20117 6.82918 30 26 1
-5.2833 1.1875 10 9 0
-5.33557 1.19676 20 16 0
-5.38108 1.2075 30 25 1
6.51757 4.93607 0 3 0
6.58069 4.98617 10 12 0
6.63721 5.02892 20 19 0
6.69398 5.07117 30 28 1
6.36122 0.0994008 1.13687e-13 4 0
6.41917 0.101169 10 12 0
6.47228 0.102107 20 20 0
6.52523 0.101169 30 28 1
2.50646 -4.02291 -1.13687e-13 5 0
2.52617 -4.05705 10 14 0
2.54659 -4.09365 20 21 0
2.56617 -4.12534 30 30 1
-6.24363 1.64325 0 0 0
-6.29777 1.6575 10 9 0
-6.35469 1.67302 20 16 0
-6.4197 1.6875 30 25 1
5.72061 -5.35425 -1.13687e-13 5 0
5.76978 -5.4075 10 13 0
5.82223 -5.45588 20 21 0
5.87185 -5.5025 30 29 1
-6.01519 4.9026 0 1 0
-6.07345 4.9475 10 9 0
-6.1283 4.99275 20 17 0
-6.18467 5.0375 30 25 1
0.192845 8.19041 -1.13687e-13 2 0
0.1925 8.26931 10 11 0
0.190139 8.34066 20 18 0
0.1875 8.4128 30 27 1
-1.34289 -5.16572 0 6 0
-1.3575 -5.21288 10 15 0
-1.36995 -5.25718 20 22 0
-1.3825 -5.30152 30 31 1
-6.70711 -2.96345 1.13687e-13 7 0
-6.77065 -2.99117 10 8 0
-6.83123 -3.01486 20 23 0
-6.89637 -3.04617 30 24 1
1.90738 -4.03995 0 5 0
1.92117 -4.07431 10 14 0
1.93714 -4.11181 20 21 0
1.95117 -4.14674 30 30 1
2.88555 5.19594 -2.27374e-13 3 0
2.9075 5.24261 10 11 0
2.92997 5.2901 20 19 0
2.9575 5.3421 30 27 1
-0.826045 -5.90392 -1.13687e-13 6 0
-0.8375 -5.95153 10 15 0
-0.844986 -6.00192 20 22 1
5.8386 -2.01668 1.13687e-13 4 0
5.89288 -2.0375 10 13 0
5.94312 -2.05456 20 20 0
5.99152 -2.0725 30 29 1
-5.11902 -7.29547 -1.13687e-13 7 0
-5.1675 -7.36118 10 15 0
-5.21728 -7.42817 20 23 0
-5.2625 -7.49154 30 31 1
-5.75215 -4.25101 0 7 0
-5.80791 -4.29117 10 8 0
-5.86637 -4.3308 20 23 0
-5.92327 -4.37117 30 24 1
-8.15121 3.36425 -1.13687e-13 0 0
-8.22369 3.3925 10 9 0
-8.308 3.42379 20 16 0
-8.37562 3.4525 30 25 1
3.71319 -3.12105 -1.13687e-13 5 0
3.74312 -3.1475 10 13 0
3.77899 -3.17537 20 21 0
3.80519 -3.2025 30 29 1
-4.65204 6.90324 1.13687e-13 1 0
-4.69617 6.96245 10 10 0
-4.74106 7.0267 20 17 0
-4.78617 7.09487 30 26 1
6.56173 -3.85717 -1.13687e-13 5 0
6.61651 -3.8925 10 13 0
6.67708 -3.9266 20 21 0
6.73601 -3.9625 30 29 1
-1.85973 -4.84561 -1.13687e-13 6 0
-1.8825 -4.88936 10 15 0
-1.90032 -4.93054 20 22 0
-1.9225 -4.97885 30 31 1
-5.41367 -3.87809 1.13687e-13 7 0
-5.46327 -3.91117 10 8 0
-5.51213 -3.94594 20 23 0
-5.56862 -3.98117 30 24 1
4.83969 -2.99235 -2.27374e-13 5 0
4.87884 -3.0175 10 13 0
4.91967 -3.04171 20 21 0
4.9642 -3.0675 30 29 1
-8.26227 2.35492 0 0 0
-8.34713 2.3775 10 9 0
-8.41906 2.39822 20 16 1
-2.98617 5.25952 10 10 0
-3.01611 5.30558 20 17 0
-3.04617 5.35487 30 26 1
-3.87617 3.99991 10 10 0
-3.91163 4.03128 20 17 0
-3.95117 4.07491 30 26 1
4.25035 -5.78976 -1.13687e-13 5 0
4.28617 -5.84534 10 14 0
4.3209 -5.89475 20 21 0
4.35617 -5.94362 30 30 1
3.83701 7.66283 0 3 0
3.8675 7.72996 10 11 0
3.89766 7.79619 20 19 0
3.9325 7.86567 30 27 1
0.117078 6.66173 -2.27374e-13 2 0
0.1175 6.72353 10 11 0
0.114372 6.78586 20 18 0
0.1125 6.83874 30 27 1
-5.03305 -1.91117 10 8 0
-5.08079 -1.92864 20 16 0
-5.13168 -1.94617 30 24 1
-0.00883847 -4.91094 -1.13687e-13 6 0
-0.0075 -4.95183 10 15 0
-0.0115444 -4.99586 20 22 0
-0.0125 -5.04168 30 31 1
-0.880164 -7.0537 0 6 0
-0.8875 -7.11876 10 15 0
-0.899106 -7.17782 20 22 0
-0.9075 -7.24483 30 31 1
-6.05766 -5.81173 0 7 0
-6.11719 -5.86617 10 8 0
-6.17236 -5.91877 20 23 0
-6.22926 -5.97117 30 24 1
-7.66779 -2.46443 -1.13687e-13 0 0
-7.74351 -2.48617 10 8 0
-7.81804 -2.51043 20 16 0
-7.8875 -2.53117 30 24 1
-9.03314 -1.21156 1.13687e-13 0 0
-9.10894 -1.22117 10 8 0
-9.19646 -1.23591 20 16 0
-9.28244 -1.24617 30 24 1
1.16826 -6.49841 0 6 0
1.17617 -6.56079 10 14 0
1.1845 -6.616 20 22 0
1.19117 -6.67478 30 30 1
-4.23848 -4.80384 -1.13687e-13 7 0
-4.2775 -4.84484 10 15 0
-4.31781 -4.89081 20 23 0
-4.3625 -4.93691 30 31 1
-6.71399 0.474267 0 0 0
-6.77947 0.4775 10 9 0
-6.84465 0.485091 20 16 0
-6.90968 0.4875 30 25 1
-1.80958 8.17734 -1.13687e-13 2 0
-1.83117 8.25523 10 10 0
-1.84746 8.32107 20 18 1
-0.100842 -7.8507 0 6 0
-0.1075 -7.92268 10 15 0
-0.10896 -7.98789 20 22 0
-0.1125 -8.06203 30 31 1
-4.91246 2.4925 10 9 0
-4.95611 2.51561 20 17 0
-5.00696 2.5375 30 25 1
2.92054 3.13765 -2.27374e-13 3 0
2.9425 3.16336 10 11 0
2.96561 3.1942 20 19 0
2.9925 3.22043 30 27 1
-1.24117 7.68645 10 10 0
-1.25485 7.75271 20 18 0
-1.26617 7.82458 30 26 1
-7.06023 -1.19532 1.13687e-13 0 0
-7.12819 -1.20617 10 8 0
-7.19742 -1.21968 20 16 0
-7.25925 -1.23117 30 24 1
7.77884 1.56875 0 4 0
7.8476 1.58617 10 12 0
7.91603 1.59851 20 20 0
7.97867 1.61117 30 28 1
3.65446 -4.54713 -2.27374e-13 5 0
3.68117 -4.58273 10 14 0
3.71418 -4.62599 20 21 0
3.74617 -4.66894 30 30 1
5.51849 -0.698864 1.13687e-13 4 0
5.56198 -0.7025 10 13 0
5.60995 -0.709687 20 20 0
5.6639 -0.7125 30 29 1
-4.17669 -5.97428 0 7 0
-4.2175 -6.02935 10 15 0
-4.25377 -6.08198 20 23 0
-4.2925 -6.1397 30 31 1
-1.4376 -4.72802 -1.13687e-13 6 0
-1.4525 -4.77755 10 15 0
-1.46736 -4.81294 20 22 0
-1.4825 -4.85705 30 31 1
5.42563 -2.81292 -2.27374e-13 5 0
5.47666 -2.8375 10 13 0
5.5225 -2.86387 20 21 0
5.56909 -2.8875 30 29 1
2.9392 -3.30377 -3.41061e-13 5 0
2.96117 -3.3324 10 14 0
2.98427 -3.36032 20 21 0
3.00617 -3.39154 30 30 1
5.24669 4.12823 0 3 0
5.294 4.16617 10 12 0
5.33749 4.20373 20 19 0
5.38315 4.24117 30 28 1
2.56847 5.6978 -1.13687e-13 3 0
2.5925 5.75492 10 11 0
2.61176 5.80232 20 19 0
2.6325 5.85149 30 27 1
-4.86966 3.91397 0 1 0
-4.91082 3.9475 10 9 0
-4.95776 3.98293 20 17 0
-5.0091 4.0175 30 25 1
-3.47617 5.92629 10 10 0
-3.51555 5.98871 20 17 0
-3.54617 6.03872 30 26 1
-3.1725 -5.15405 10 15 0
-3.20221 -5.20263 20 23 0
-3.2325 -5.24941 30 31 1
2.23315 4.44404 0 3 0
2.2525 4.48154 10 11 0
2.27215 4.52514 20 19 0
2.2875 4.56604 30 27 1
-1.85288 4.55817 -1.13687e-13 2 0
-1.87117 4.59707 10 10 0
-1.89076 4.63656 20 18 0
-1.91117 4.67949 30 26 1
-4.29718 -5.96466 1.13687e-13 7 0
-4.3375 -6.015 10 15 0
-4.38079 -6.07506 20 23 0
-4.4225 -6.12828 30 31 1
-4.04374 -3.24117 10 8 0
-4.08388 -3.26774 20 23 0
-4.12495 -3.30117 30 24 1
-5.29968 -4.26925 -1.13687e-13 7 0
-5.34915 -4.30617 10 8 0
-5.40085 -4.34362 20 23 0
-5.45744 -4.38617 30 24 1
4.54636 3.91391 -1.13687e-13 3 0
4.5861 3.94617 10 12 0
4.6241 3.984 20 19 0
4.66817 4.02117 30 28 1
-2.43186 4.36543 1.13687e-13 1 0
-2.46117 4.40925 10 10 0
-2.48123 4.44541 20 17 0
-2.50617 4.48253 30 26 1
6.37157 -5.48859 -1.13687e-13 5 0
6.43011 -5.5375 10 13 0
6.48085 -5.58256 20 21 0
6.53218 -5.6325 30 29 1
-4.50403 2.0275 10 9 0
-4.5525 2.05077 20 17 0
-4.59352 2.0675 30 25 1
-5.1885 -1.12617 10 8 0
-5.23758 -1.1385 20 16 0
-5.28628 -1.14617 30 24 1
-2.05582 6.08031 -1.13687e-13 2 0
-2.07617 6.1385 10 10 0
-2.09641 6.19137 20 18 0
-2.12117 6.24714 30 26 1
4.49527 -5.54484 -1.13687e-13 5 0
4.53117 -5.58829 10 14 0
4.56694 -5.63947 20 21 0
4.61117 -5.69658 30 30 1
-5.05064 -2.46617 10 8 0
-5.09676 -2.48584 20 23 0
-5.14514 -2.51117 30 24 1
-5.17444 -1.41617 10 8 0
-5.22451 -1.43074 20 16 0
-5.27515 -1.44617 30 24 1
-0.808368 4.78028 0 2 0
-0.816169 4.829 10 10 0
-0.830015 4.87174 20 18 0
-0.836169 4.91264 30 26 1
6.07318 4.43811 0 3 0
6.13226 4.48117 10 12 0
6.18358 4.52172 20 19 0
6.23348 4.56117 30 28 1
-6.13257 0.585212 1.13687e-13 0 0
-6.18737 0.5925 10 9 0
-6.24363 0.598742 20 16 0
-6.30343 0.6025 30 25 1
-8.80449 -0.700128 0 0 0
-8.88886 -0.711169 10 8 0
-8.96782 -0.713658 20 16 0
-9.04735 -0.721169 30 24 1
-5.70141 -1.13579 -1.13687e-13 0 0
-5.75297 -1.14617 10 8 0
-5.81247 -1.16015 20 16 0
-5.86989 -1.17117 30 24 1
5.7798 0.156226 1.13687e-13 4 0
5.8307 0.156169 10 12 0
5.88433 0.156226 20 20 0
5.9297 0.156169 30 28 1
-1.84079 -4.46017 -1.13687e-13 6 0
-1.8625 -4.50166 10 15 0
-1.88138 -4.5451 20 22 0
-1.8975 -4.58616 30 31 1
2.21818 -8.26227 -1.13687e-13 6 0
2.23617 -8.33496 10 14 0
2.25336 -8.41253 20 22 0
2.27117 -8.4831 30 30 1
3.12383 -4.08921 0 5 0
3.15117 -4.13051 10 14 0
3.17702 -4.16536 20 21 1
5.66175 -3.87946 -1.13687e-13 5 0
5.7102 -3.9125 10 13 0
5.76021 -3.94731 20 21 0
5.80849 -3.9825 30 29 1
-5.31597 -1.93947 1.13687e-13 0 0
-5.36796 -1.95617 10 8 0
-5.4205 -1.97735 20 16 1
-1.72172 -5.60995 0 6 0
-1.7375 -5.65652 10 15 0
-1.7569 -5.70794 20 22 0
-1.7725 -5.76224 30 31 1
-7.99443 0.739453 0 0 0
-8.07478 0.7475 10 9 0
-8.14468 0.752983 20 16 0
-8.21913 0.7575 30 25 1
-6.05185 -5.01376 1.13687e-13 7 0
-6.11122 -5.06117 10 8 0
-6.16496 -5.10391 20 23 0
-6.22244 -5.15117 30 24 1
5.28174 -4.6475 -1.13687e-13 5 0
5.32555 -4.6875 10 13 0
5.37525 -4.72953 20 21 0
5.41262 -4.7675 30 29 1
3.7441 -1.8891 -1.13687e-13 5 0
3.77591 -1.9075 10 13 0
3.8056 -1.91999 20 21 0
3.8392 -1.9425 30 29 1
1.03838 -6.18484 0 6 0
1.04617 -6.23987 10 14 0
1.05461 -6.30243 20 22 0
1.06117 -6.35386 30 30 1
4.74649 6.82726 -2.27374e-13 3 0
4.7875 6.88926 10 11 0
4.82898 6.94803 20 19 0
4.8675 7.01169 30 27 1
-5.59035 -0.683893 0 0 0
-5.64445 -0.691169 10 8 0
-5.69488 -0.694716 20 16 0
-5.74638 -0.701169 30 24 1
-6.24765 -2.95173 -1.13687e-13 7 0
-6.30811 -2.98117 10 8 0
-6.36142 -3.00426 20 23 0
-6.42175 -3.03117 30 24 1
-6.42002 -1.99088 0 0 0
-6.48362 -2.01117 10 8 0
-6.53761 -2.02876 20 16 0
-6.60347 -2.04617 30 24 1
6.11298 -0.203669 1.13687e-13 4 0
6.17006 -0.2075 10 13 0
6.2175 -0.209081 20 20 0
6.27406 -0.2125 30 29 1
-0.667657 8.64771 0 2 0
-0.676169 8.72658 10 10 0
-0.683893 8.80449 20 18 0
-0.691169 8.883 30 26 1
-3.73696 7.7906 -1.13687e-13 1 0
-3.77117 7.85471 10 10 0
-3.81068 7.92937 20 17 0
-3.84617 8.00042 30 26 1
2.81779 -6.38159 -1.13687e-13 5 0
2.84117 -6.43681 10 14 0
2.8665 -6.49918 20 21 0
2.89117 -6.55752 30 30 1
1.26027 -6.98184 -1.13687e-13 6 0
1.26617 -7.04677 10 14 0
1.2765 -7.1125 20 22 0
1.28617 -7.17283 30 30 1
6.16765 4.19581 0 3 0
6.22167 4.23117 10 12 0
6.27264 4.26636 20 19 0
6.32996 4.31117 30 28 1
-2.32117 6.94918 10 10 0
-2.34266 7.00797 20 18 0
-2.36617 7.07196 30 26 1
6.14616 6.66559 0 3 0
6.1925 6.73863 10 11 0
6.24218 6.81902 20 19 0
6.2925 6.89519 30 27 1
-4.85063 5.91934 2.27374e-13 1 0
-4.90117 5.97951 10 10 0
-4.94461 6.02862 20 17 0
-4.99117 6.08365 30 26 1
5.92447 3.85696 -2.27374e-13 3 0
5.9736 3.89117 10 12 0
6.02946 3.92751 20 19 0
6.07895 3.96117 30 28 1
-4.56681 2.0125 10 9 0
-4.60925 2.03098 20 17 0
-4.65131 2.0475 30 25 1
2.79336 -3.95774 -2.27374e-13 5 0
2.81117 -3.9885 10 14 0
2.83349 -4.02848 20 21 0
2.86117 -4.06679 30 30 1
-3.59815 -6.96857 1.13687e-13 7 0
-3.6375 -7.03327 10 15 0
-3.67299 -7.09699 20 23 0
-3.7075 -7.15983 30 31 1
6.92304 2.23713 1.13687e-13 4 0
6.98318 2.25617 10 12 0
7.04717 2.27771 20 20 0
7.10096 2.29617 30 28 1
-5.06421 -5.37317 1.13687e-13 7 0
-5.1125 -5.42528 10 15 0
-5.15931 -5.47209 20 23 0
-5.2075 -5.52028 30 31 1
5.77327 -0.934284 2.27374e-13 4 0
5.82319 -0.9425 10 13 0
5.87126 -0.947814 20 20 0
5.92304 -0.9575 30 29 1
0.812515 5.21798 0 2 0
0.8175 5.26685 10 11 0
0.820633 5.31597 20 18 0
0.8275 5.36171 30 27 1
-4.38813 6.56662 0 1 0
-4.42617 6.62174 10 10 0
-4.46792 6.68085 20 17 0
-4.51117 6.74209 30 26 1
-0.158932 4.55817 -1.13687e-13 2 0
-0.161169 4.59826 10 10 0
-0.164344 4.63656 20 18 0
-0.171169 4.67897 30 26 1
7.32808 0.121049 -1.13687e-13 4 0
7.39376 0.121169 10 12 0
7.46527 0.123755 20 20 1
-6.24036 -2.29117 10 8 0
-6.30243 -2.31019 20 16 0
-6.35814 -2.33117 30 24 1
-0.6225 -8.19727 10 15 0
-0.63392 -8.27534 20 22 0
-0.6425 -8.34455 30 31 1
-3.54617 5.33868 10 10 0
-3.58056 5.38785 20 17 0
-3.61617 5.43697 30 26 1
5.39437 1.78252 0 4 0
5.43923 1.80117 10 12 0
5.49236 1.8177 20 20 0
5.53787 1.83617 30 28 1
4.30992 0.294231 1.13687e-13 4 0
4.35143 0.296169 10 12 0
4.38831 0.299643 20 20 0
4.42007 0.301169 30 28 1
-4.92543 5.51195 -1.13687e-13 1 0
-4.97117 5.5616 10 10 0
-5.02052 5.61087 20 17 0
-5.06617 5.6566 30 26 1
6.68609 6.3751 -2.27374e-13 3 0
6.74669 6.44617 10 12 0
6.80396 6.51593 20 19 0
6.8584 6.58617 30 28 1
3.75893 2.92749 -1.13687e-13 3 0
3.78909 2.95117 10 12 0
3.81819 2.9791 20 19 0
3.85116 3.00617 30 28 1
4.09923 -1.79266 -1.13687e-13 5 0
4.12846 -1.8075 10 13 0
4.16726 -1.82626 20 21 0
4.20589 -1.8425 30 29 1
-6.03458 0.993815 1.13687e-13 0 0
-6.09532 1.0025 10 9 0
-6.15217 1.01005 20 16 0
-6.21432 1.0225 30 25 1
6.16474 -4.46665 -1.13687e-13 5 0
6.22035 -4.5075 10 13 0
6.27244 -4.54373 20 21 0
6.32864 -4.5875 30 29 1
2.2025 8.51862 10 11 0
2.22233 8.59544 20 18 0
2.2375 8.66675 30 27 1
-3.83432 6.57535 0 1 0
-3.87117 6.63242 10 10 0
-3.91298 6.69993 20 17 0
-3.94617 6.75692 30 26 1
4.49515 4.63955 -1.13687e-13 3 0
4.5325 4.68265 10 11 0
4.57448 4.72653 20 19 0
4.6125 4.76972 30 27 1
5.55769 0.210346 1.13687e-13 4 0
5.60786 0.216169 10 12 0
5.65568 0.218464 20 20 0
5.69978 0.216169 30 28 1
6.1192 3.25571 0 3 0
6.1747 3.28617 10 12 0
6.22531 3.3159 20 19 0
6.27213 3.34117 30 28 1
4.79868 -3.40291 -2.27374e-13 5 0
4.8413 -3.4325 10 13 0
4.88407 -3.46534 20 21 0
4.92251 -3.4925 30 29 1
-0.475532 4.82601 -1.13687e-13 2 0
-0.481169 4.87584 10 10 0
-0.486356 4.91747 20 18 0
-0.496169 4.96155 30 26 1
-5.69175 -5.50321 0 7 0
-5.75062 -5.55617 10 8 0
-5.79991 -5.60755 20 23 0
-5.85062 -5.65617 30 24 1
7.9095 0.150814 0 4 0
7.97531 0.151169 10 12 0
8.04669 0.15352 20 20 0
8.11466 0.156169 30 28 1
-6.63371 -3.45259 0 7 0
-6.6879 -3.48117 10 8 0
-6.75671 -3.51437 20 23 0
-6.81654 -3.54617 30 24 1
-3.2025 -6.26592 10 15 0
-3.23431 -6.32538 20 23 0
-3.2675 -6.38042 30 31 1
-8.3276 -1.28191 1.13687e-13 0 0
-8.40113 -1.29117 10 8 0
-8.48439 -1.30356 20 16 0
-8.56048 -1.31617 30 24 1
-7.05684 4.8957 0 1 0
-7.12204 4.9425 10 9 0
-7.18414 4.9809 20 17 0
-7.24947 5.0275 30 25 1
0.129167 -7.59592 1.13687e-13 6 0
0.126169 -7.66746 10 14 0
0.126461 -7.73311 20 22 1
-5.51703 -3.39595 -2.27374e-13 7 0
-5.57724 -3.43117 10 8 0
-5.62585 -3.46267 20 23 0
-5.67966 -3.49117 30 24 1
3.61077 -6.78041 -3.41061e-13 5 0
3.64117 -6.8479 10 14 0
3.66601 -6.90071 20 21 1
3.76196 -4.68908 0 5 0
3.79617 -4.73309 10 14 0
3.82439 -4.77447 20 21 0
3.85617 -4.8143 30 30 1
1.3225 -8.08589 0 6 0
1.33117 -8.15828 10 14 0
1.34145 -8.23614 20 22 0
1.35117 -8.30556 30 30 1
-7.39994 2.82576 -1.13687e-13 0 0
-7.47156 2.8525 10 9 0
-7.53713 2.87718 20 16 0
-7.61348 2.9025 30 25 1
2.96778 6.13921 -2.27374e-13 3 0
2.9925 6.19028 10 11 0
3.01761 6.24644 20 19 0
3.0425 6.30392 30 27 1
6.51148 2.5429 2.27374e-13 4 0
6.57193 2.56617 10 12 0
6.62907 2.59161 20 20 0
6.68764 2.61117 30 28 1
0.884135 -7.69392 -2.27374e-13 6 0
0.891169 -7.76778 10 14 0
0.894959 -7.83764 20 22 0
0.901169 -7.90506 30 30 1
-7.76578 -2.35889 0 0 0
-7.84357 -2.38117 10 8 0
-7.9095 -2.40219 20 16 0
-7.98256 -2.42117 30 24 1
2.20339 8.09242 0 2 0
2.2225 8.17092 10 11 0
2.23857 8.24267 20 18 1
2.4295 3.48086 0 3 0
2.4475 3.50981 10 11 0
2.46692 3.54507 20 19 0
2.4875 3.5781 30 27 1
-0.0975 -5.72065 10 15 0
-0.100842 -5.77327 20 22 0
-0.1025 -5.82465 30 31 1
2.90935 -3.07493 -1.13687e-13 5 0
2.93617 -3.10234 10 14 0
2.96096 -3.13419 20 21 1
5.45814 4.50806 0 3 0
5.5043 4.54617 10 12 0
5.55165 4.59009 20 19 0
5.59637 4.63117 30 28 1
5.87126 0.735306 1.13687e-13 4 0
5.92073 0.741169 10 12 0
5.96925 0.748836 20 20 0
6.02058 0.756169 30 28 1
1.87055 8.45172 0 2 0
1.8825 8.53096 10 11 0
1.90032 8.60198 20 18 0
1.9175 8.68616 30 27 1
6.02805 0.951785 0 4 0
6.07709 0.961169 10 12 0
6.12604 0.970726 20 20 0
6.17694 0.976169 30 28 1
-1.9725 -6.40771 10 15 0
-1.98962 -6.46575 20 22 0
-2.0125 -6.52549 30 31 1
-5.8097 2.51199 1.13687e-13 1 0
-5.86463 2.5325 10 9 0
-5.91423 2.55529 20 17 0
-5.97327 2.5775 30 25 1
3.25044 -7.71355 0 5 0
3.28117 -7.78897 10 14 0
3.30344 -7.85456 20 21 0
3.33617 -7.92883 30 30 1
7.15823 -2.83388 1.13687e-13 4 0
7.222 -2.8575 10 13 0
7.28235 -2.8853 20 20 0
7.34271 -2.9075 30 29 1
3.1233 6.81518 -2.27374e-13 3 0
3.1475 6.87561 10 11 0
3.17201 6.93277 20 19 0
3.2025 7.00132 30 27 1
-1.51878 -4.49284 0 6 0
-1.5375 -4.53729 10 15 0
-1.55125 -4.57123 20 22 0
-1.5675 -4.61678 30 31 1
-6.75972 1.36453 0 0 0
-6.82387 1.3775 10 9 0
-6.88385 1.38889 20 16 1
3.57375 6.37397 1.13687e-13 3 0
3.6075 6.43051 10 11 0
3.63935 6.49315 20 19 0
3.6675 6.54708 30 27 1
-2.9625 -3.84804 10 15 0
-2.99299 -3.88745 20 23 0
-3.0225 -3.92218 30 31 1
-4.18167 -7.78935 -1.13687e-13 7 0
-4.2225 -7.86575 10 15 0
-4.26192 -7.93083 20 23 0
-4.3025 -8.00232 30 31 1
-4.70986 4.1292 -1.13687e-13 1 0
-4.75605 4.1675 10 9 0
-4.80067 4.2047 20 17 0
-4.84519 4.2425 30 25 1
-5.04665 -2.56117 10 8 0
-5.09591 -2.58831 20 23 0
-5.14115 -2.60617 30 24 1
3.69646 -3.43343 -2.27374e-13 5 0
3.72578 -3.4625 10 13 0
3.76113 -3.4981 20 21 0
3.79078 -3.5275 30 29 1
5.35517 0.277995 1.13687e-13 4 0
5.40416 0.281169 10 12 0
5.44663 0.283407 20 20 0
5.49401 0.286169 30 28 1
7.20396 0.778602 1.13687e-13 4 0
7.2668 0.786169 10 12 0
7.33461 0.794838 20 20 0
7.39494 0.801169 30 28 1
7.27156 3.04572 -1.13687e-13 3 0
7.33149 3.07117 10 12 0
7.39839 3.10366 20 19 0
7.4622 3.13117 30 28 1
7.77884 -2.65799 2.27374e-13 4 0
7.8481 -2.6775 10 13 0
7.91603 -2.70399 20 20 0
7.98296 -2.7275 30 29 1
-0.000720524 -7.5306 1.13687e-13 6 0
-0.0025 -7.59848 10 15 0
-0.0034265 -7.66779 20 22 0
-0.0075 -7.73783 30 31 1
-1.4675 -6.86438 10 15 0
-1.4836 -6.92958 20 22 0
-1.5025 -6.9913 30 31 1
2.21277 -7.29541 1.13687e-13 6 0
2.23117 -7.36123 10 14 0
2.24795 -7.4326 20 22 0
2.26617 -7.49522 30 30 1
5.05214 4.66461 -2.27374e-13 3 0
5.09654 4.71117 10 12 0
5.14182 4.75047 20 19 0
5.18861 4.79617 30 28 1
6.17718 3.00372 -2.27374e-13 3 0
6.23083 3.03117 10 12 0
6.28712 3.06008 20 19 0
6.3424 3.08617 30 28 1
-6.56055 5.53981 0 1 0
-6.62653 5.5925 10 9 0
-6.6829 5.63919 20 17 0
-6.74774 5.6925 30 25 1
-1.64117 7.16721 10 10 0
-1.65805 7.23662 20 18 0
-1.67617 7.3012 30 26 1
3.01472 -5.22382 0 5 0
3.03617 -5.26709 10 14 0
3.06296 -5.31416 20 21 0
3.08617 -5.36659 30 30 1
6.49365 5.28335 -2.27374e-13 3 0
6.55093 5.33117 10 12 0
6.60946 5.38003 20 19 0
6.66007 5.42617 30 28 1
6.64213 -2.28998 0 4 0
6.70529 -2.3125 10 13 0
6.76626 -2.33057 20 20 0
6.82307 -2.3525 30 29 1
-7.80497 -1.94759 -1.13687e-13 0 0
-7.88112 -1.96617 10 8 0
-7.95523 -1.98276 20 16 0
-8.02925 -2.00117 30 24 1
-6.03458 0.993815 1.13687e-13 0 0
-6.09532 1.0025 10 9 0
-6.15217 1.01005 20 16 0
-6.20225 1.0175 30 25 1
-0.0818999 -6.2371 -1.13687e-13 6 0
-0.0875 -6.29755 10 15 0
-0.0873119 -6.35469 20 22 0
-0.0925 -6.41569 30 31 1
6.42655 1.4091 1.13687e-13 4 0
6.48052 1.42117 10 12 0
6.53761 1.43345 20 20 0
6.59037 1.44617 30 28 1
-8.7261 -0.445766 2.27374e-13 0 0
-8.80564 -0.451169 10 8 0
-8.88942 -0.453884 20 16 0
-8.9712 -0.461169 30 24 1
-6.40343 -5.01327 1.13687e-13 7 0
-6.45978 -5.05617 10 8 0
-6.52036 -5.09959 20 23 0
-6.58513 -5.14617 30 24 1
5.33557 -1.78667 1.13687e-13 4 0
5.37504 -1.8025 10 13 0
5.42703 -1.81914 20 20 0
5.46868 -1.8325 30 29 1
-3.34823 6.90438 1.13687e-13 1 0
-3.37617 6.96474 10 10 0
-3.41 7.02738 20 17 0
-3.44117 7.09338 30 26 1
4.85359 6.18431 -2.27374e-13 3 0
4.8975 6.24266 10 11 0
4.93991 6.30124 20 19 0
4.9825 6.35594 30 27 1
4.12631 7.8909 -2.27374e-13 3 0
4.1525 7.97253 10 11 0
4.17707 8.05263 20 19 0
4.2025 8.1286 30 27 1
-7.41828 -4.67117 10 8 0
-7.48411 -4.70864 20 23 0
-7.55985 -4.75617 30 24 1
5.84598 -6.08809 0 5 0
5.89617 -6.14012 10 14 0
5.94378 -6.19354 20 21 0
5.99617 -6.25426 30 30 1
0.257789 4.84561 0 2 0
0.2575 4.88363 10 11 0
0.255083 4.93054 20 18 0
0.2575 4.97555 30 27 1
1.16429 4.19886 1.13687e-13 2 0
1.1725 4.22885 10 11 0
1.18323 4.27072 20 18 0
1.1875 4.30749 30 27 1
-2.7215 7.43914 1.13687e-13 2 0
-2.74617 7.50853 10 10 0
-2.77291 7.57633 20 18 0
-2.80117 7.64131 30 26 1
-5.33215 4.56014 -2.27374e-13 1 0
-5.38197 4.6025 10 9 0
-5.43219 4.64488 20 17 0
-5.48318 4.6825 30 25 1
-2.51223 4.28507 1.13687e-13 1 0
-2.53617 4.32161 10 10 0
-2.56159 4.36505 20 17 0
-2.58617 4.3999 30 26 1
-3.45869 6.23034 1.13687e-13 1 0
-3.49617 6.29278 10 10 0
-3.52812 6.34569 20 17 0
-3.56117 6.4002 30 26 1
-6.27913 -3.73327 0 7 0
-6.3365 -3.76617 10 8 0
-6.3983 -3.79887 20 23 0
-6.456 -3.83617 30 24 1
-1.26568 4.44711 0 2 0
-1.28117 4.4879 10 10 0
-1.29815 4.5255 20 18 0
-1.31117 4.5674 30 26 1
-4.76667 -7.55542 1.13687e-13 7 0
-4.8125 -7.62137 10 15 0
-4.86111 -7.69195 20 23 0
-4.9075 -7.76586 30 31 1
-3.66957 -5.67763 -2.27374e-13 7 0
-3.7025 -5.72648 10 15 0
-3.74394 -5.7788 20 23 0
-3.7775 -5.82976 30 31 1
2.75046 3.51098 0 3 0
2.7725 3.5449 10 11 0
2.79171 3.57136 20 19 0
2.8175 3.60404 30 27 1
2.12565 4.3021 0 3 0
2.1425 4.34326 10 11 0
2.15812 4.38049 20 19 0
2.1775 4.42068 30 27 1
-5.25718 1.9815 0 0 0
-5.30634 2.0025 10 9 0
-5.35517 2.01668 20 16 0
-5.39998 2.0325 30 25 1
-4.85125 1.2575 10 9 0
-4.89787 1.26983 20 16 0
-4.94697 1.2825 30 25 1
3.1761 -7.76578 0 6 0
3.20117 -7.83625 10 14 0
3.22751 -7.90297 20 22 0
3.25617 -7.97611 30 30 1
6.81843 4.15617 10 12 0
6.87462 4.19099 20 19 0
6.93585 4.23117 30 28 1
-2.32015 4.35704 2.27374e-13 1 0
-2.34117 4.39531 10 10 0
-2.36298 4.43431 20 17 0
-2.38617 4.47567 30 26 1
-4.59282 7.38743 0 1 0
-4.63617 7.45399 10 10 0
-4.68073 7.52126 20 17 0
-4.72117 7.58849 30 26 1
1.03567 -7.96829 -1.13687e-13 6 0
1.04117 -8.03799 10 14 0
1.0492 -8.11855 20 22 0
1.05617 -8.18734 30 30 1
-4.73615 -5.53493 1.13687e-13 7 0
-4.7825 -5.59025 10 15 0
-4.82741 -5.63768 20 23 0
-4.8775 -5.69233 30 31 1
6.29589 -2.53081 1.13687e-13 4 0
6.35132 -2.5525 10 13 0
6.40695 -2.57681 20 20 0
6.46496 -2.6025 30 29 1
-7.13863 0.184727 0 0 0
-7.20572 0.1825 10 9 0
-7.26928 0.184727 20 16 0
-7.34507 0.1875 30 25 1
3.83565 -5.20667 -2.27374e-13 5 0
3.86617 -5.25563 10 14 0
3.89696 -5.30242 20 21 0
3.93117 -5.34892 30 30 1
-5.53155 1.0777 1.13687e-13 0 0
-5.58635 1.0875 10 9 0
-5.64261 1.09664 20 16 0
-5.69828 1.1075 30 25 1
-2.88117 5.44443 10 10 0
-2.91036 5.49449 20 17 0
-2.93617 5.54186 30 26 1
4.42997 -2.01625 0 5 0
4.4716 -2.0375 10 13 0
4.50453 -2.05255 20 21 0
4.54196 -2.0725 30 29 1
-8.64117 -1.79064 0 0 0
-8.72521 -1.80617 10 8 0
-8.81103 -1.82311 20 16 0
-8.89456 -1.84117 30 24 1
-6.9949 1.92197 1.13687e-13 0 0
-7.05861 1.9375 10 9 0
-7.12556 1.95444 20 16 0
-7.1926 1.9725 30 25 1
4.75798 -3.52676 0 5 0
4.80159 -3.5625 10 13 0
4.84608 -3.59572 20 21 0
4.8878 -3.6275 30 29 1
4.54805 5.91704 0 3 0
4.5875 5.97508 10 11 0
4.62513 6.02474 20 19 0
4.6625 6.07837 30 27 1
6.14307 4.58071 -1.13687e-13 3 0
6.19948 4.62617 10 12 0
6.24965 4.66815 20 19 0
6.30569 4.71117 30 28 1
4.22787 5.62747 -1.13687e-13 3 0
4.2625 5.67837 10 11 0
4.29571 5.72592 20 19 0
4.3325 5.77665 30 27 1
0.62039 6.43962 -1.13687e-13 2 0
0.6225 6.49314 10 11 0
0.628508 6.55067 20 18 0
0.6325 6.60921 30 27 1
-6.16524 1.02088 0 0 0
-6.23346 1.0275 10 9 0
-6.29589 1.03711 20 16 0
-6.35452 1.0425 30 25 1
-4.59421 1.5025 10 9 0
-4.63656 1.51336 20 16 0
-4.68285 1.5275 30 25 1
-6.96877 0.872046 1.13687e-13 0 0
-7.03098 0.8775 10 9 0
-7.09943 0.888282 20 16 0
-7.16619 0.8925 30 25 1
4.22235 -1.0175 10 13 0
4.25766 -1.0317 20 20 0
4.29184 -1.0375 30 29 1
5.76674 -0.363322 2.27374e-13 4 0
5.81387 -0.3675 10 13 0
5.8582 -0.368734 20 20 0
5.9108 -0.3725 30 29 1
-5.3209 -0.721169 10 8 0
-5.36823 -0.727188 20 16 0
-5.42075 -0.736169 30 24 1
-5.84321 -3.50399 1.13687e-13 7 0
-5.89644 -3.53117 10 8 0
-5.94932 -3.56418 20 23 0
-6.00387 -3.59617 30 24 1
-3.47675 -7.83832 -1.13687e-13 7 0
-3.5125 -7.90529 10 15 0
-3.54664 -7.98092 20 23 0
-3.5775 -8.04807 30 31 1
6.65472 4.45709 -1.13687e-13 3 0
6.71795 4.50117 10 12 0
6.77548 4.53959 20 19 0
6.8333 4.58117 30 28 1
3.02958 4.96876 -1.13687e-13 3 0
3.0575 5.01784 10 11 0
3.08435 5.06181 20 19 0
3.1075 5.10319 30 27 1
-5.50542 -1.87182 1.13687e-13 0 0
-5.55752 -1.89117 10 8 0
-5.60342 -1.907 20 16 0
-5.66323 -1.92617 30 24 1
6.96689 0.776169 10 12 0
7.0145 0.781308 20 20 0
7.05467 0.786169 30 28 1
6.22403 2.137 1.13687e-13 4 0
6.28214 2.15617 10 12 0
6.33509 2.17759 20 20 0
6.39285 2.19617 30 28 1
-4.95745 6.47772 1.13687e-13 1 0
-5.00117 6.53205 10 10 0
-5.04759 6.59083 20 17 0
-5.09617 6.65534 30 26 1
-0.95052 -4.76722 0 6 0
-0.9625 -4.81081 10 15 0
-0.974873 -4.85214 20 22 0
-0.9825 -4.89445 30 31 1
-5.33579 0.9925 10 9 0
-5.3813 0.999227 20 16 0
-5.43564 1.0075 30 25 1
3.25418 3.30291 -2.27374e-13 3 0
3.2775 3.32865 10 11 0
3.30578 3.36217 20 19 0
3.3325 3.39072 30 27 1
1.79749 5.04813 0 2 0
1.8125 5.08806 10 11 0
1.82726 5.13305 20 18 0
1.8425 5.18877 30 27 1
-0.0858709 4.85214 -1.13687e-13 2 0
-0.0861686 4.89803 10 10 0
-0.0885768 4.93707 20 18 0
-0.0911686 4.98788 30 26 1
-5.18084 1.8275 10 9 0
-5.23105 1.8462 20 16 0
-5.27948 1.8625 30 25 1
-6.29589 -2.22089 0 0 0
-6.36007 -2.24117 10 8 0
-6.42002 -2.26148 20 16 0
-6.47785 -2.28117 30 24 1
5.45969 -2.15197 1.13687e-13 4 0
5.5117 -2.1725 10 13 0
5.55115 -2.18986 20 20 0
5.60327 -2.2075 30 29 1
-2.31072 4.41267 -1.13687e-13 1 0
-2.33617 4.45395 10 10 0
-2.36279 4.49918 20 17 0
-2.38117 4.53431 30 26 1
-5.58382 1.27794 0 0 0
-5.63786 1.2875 10 9 0
-5.68834 1.29959 20 16 0
-5.74064 1.3125 30 25 1
-4.76813 -3.75682 0 7 0
-4.81294 -3.79117 10 8 0
-4.85622 -3.82579 20 23 0
-4.90415 -3.86117 30 24 1
-0.586477 6.58334 -1.13687e-13 2 0
-0.596169 6.6384 10 10 0
-0.602713 6.70093 20 18 0
-0.611169 6.75946 30 26 1
6.6552 -1.60266 2.27374e-13 4 0
6.71032 -1.6175 10 13 0
6.77279 -1.62972 20 20 0
6.82725 -1.6425 30 29 1
-7.40252 3.94026 -1.13687e-13 1 0
-7.46726 3.9725 10 9 0
-7.5413 4.01398 20 17 0
-7.6059 4.0475 30 25 1
0.0994008 -5.93006 0 6 0
0.101169 -5.98076 10 14 0
0.0994008 -6.03458 20 22 0
0.0961686 -6.08183 30 30 1
1.22653 5.09386 -2.27374e-13 2 0
1.2375 5.13531 10 11 0
1.24547 5.17878 20 18 0
1.2525 5.22809 30 27 1
-4.14117 4.40633 10 10 0
-4.18346 4.45236 20 17 0
-4.22117 4.48633 30 26 1
-0.263201 -6.64867 -1.13687e-13 6 0
-0.2675 -6.70382 10 15 0
-0.274025 -6.76626 20 22 0
-0.2775 -6.82696 30 31 1
-4.8967 -4.14562 0 7 0
-4.94631 -4.18617 10 8 0
-4.9875 -4.22112 20 23 0
-5.03545 -4.26117 30 24 1
2.80682 7.68085 -1.13687e-13 2 0
2.8325 7.74854 10 11 0
2.85824 7.81804 20 18 0
2.8825 7.89047 30 27 1
-8.75877 2.0735 0 0 0
-8.83995 2.0925 10 9 0
-8.91555 2.11139 20 16 0
-9.00723 2.1325 30 25 1
5.5134 2.35617 10 12 0
5.56201 2.38089 20 19 0
5.6079 2.40117 30 28 1
-1.81499 8.60851 0 2 0
-1.83117 8.6795 10 10 0
-1.85017 8.75877 20 18 0
-1.87117 8.83971 30 26 1
5.83313 -2.51628 0 5 0
5.88377 -2.5375 10 13 0
5.93112 -2.55687 20 21 0
5.98534 -2.5825 30 29 1
1.97338 8.3472 0 2 0
1.9925 8.42175 10 11 0
2.00856 8.49745 20 18 0
2.0225 8.57196 30 27 1
-3.21117 5.16632 10 10 0
-3.24151 5.20952 20 17 0
-3.27117 5.2546 30 26 1
4.2503 4.12682 -1.13687e-13 3 0
4.28991 4.16617 10 12 0
4.32692 4.20727 20 19 0
4.35784 4.24117 30 28 1
8.25574 1.30627 1.13687e-13 4 0
8.3392 1.32117 10 12 0
8.40599 1.33062 20 20 0
8.48441 1.34617 30 28 1
-6.9735 -3.75028 -1.13687e-13 7 0
-7.03532 -3.78617 10 8 0
-7.10574 -3.8213 20 23 0
-7.17603 -3.85617 30 24 1
-5.23847 1.7225 10 9 0
-5.28984 1.73525 20 16 0
-5.33918 1.7525 30 25 1
4.79002 2.07195 0 3 0
4.83121 2.09117 10 12 0
4.87112 2.11095 20 19 0
4.90863 2.12617 30 28 1
4.63788 5.40223 -2.27374e-13 3 0
4.6775 5.4499 10 11 0
4.71608 5.49956 20 19 0
4.7625 5.55611 30 27 1
7.36074 -0.96405 0 4 0
7.42297 -0.9725 10 13 0
7.48487 -0.982991 20 20 0
7.5561 -0.9925 30 29 1
2.59576 8.19041 0 2 0
2.6175 8.26186 10 11 0
2.63905 8.33413 20 18 0
2.6625 8.41293 30 27 1
6.94264 2.59161 1.13687e-13 4 0
7.01084 2.61617 10 12 0
7.0733 2.64032 20 20 0
7.13155 2.66617 30 28 1
4.24911 1.02117 10 12 0
4.28379 1.03026 20 20 0
4.31861 1.04117 30 28 1
1.38889 6.04765 0 2 0
1.4025 6.09934 10 11 0
1.41324 6.1587 20 18 0
1.4225 6.21127 30 27 1
-6.70093 -0.743424 1.13687e-13 0 0
-6.76511 -0.751169 10 8 0
-6.82505 -0.756954 20 16 0
-6.89325 -0.766169 30 24 1
-5.77327 -2.08559 1.13687e-13 0 0
-5.82201 -2.10617 10 8 0
-5.87779 -2.12347 20 16 0
-5.92773 -2.14117 30 24 1
0.724482 -4.64309 0 6 0
0.726169 -4.68243 10 14 0
0.7326 -4.72802 20 22 0
0.736169 -4.77021 30 30 1
4.76574 2.17013 -2.27374e-13 3 0
4.806 2.18617 10 12 0
4.85338 2.21184 20 19 0
4.88843 2.22617 30 28 1
6.30322 -2.619 -1.13687e-13 5 0
6.35646 -2.6425 10 13 0
6.41428 -2.665 20 21 0
6.4651 -2.6875 30 29 1
6.84995 3.50428 -1.13687e-13 3 0
6.90553 3.53617 10 12 0
6.96913 3.56988 20 19 0
7.0271 3.60117 30 28 1
-0.778602 6.26323 0 2 0
-0.786169 6.31221 10 10 0
-0.794838 6.38082 20 18 1
-1.0059 5.84513 0 2 0
-1.01617 5.89874 10 10 0
-1.02755 5.94965 20 18 1
-4.47208 6.01149 0 1 0
-4.51617 6.06827 10 10 0
-4.56223 6.1246 20 17 0
-4.60117 6.17448 30 26 1
-0.499886 7.72005 -1.13687e-13 2 0
-0.506169 7.78583 10 10 0
-0.513416 7.85724 20 18 0
-0.521169 7.92811 30 26 1
-4.16764 -2.97617 10 8 0
-4.21167 -3.00137 20 23 0
-4.25093 -3.03117 30 24 1
-4.95127 6.72411 1.13687e-13 1 0
-4.99617 6.78161 10 10 0
-5.04412 6.84375 20 17 0
-5.09117 6.9049 30 26 1
7.02757 2.3183 1.13687e-13 4 0
7.08939 2.34117 10 12 0
7.15169 2.35889 20 20 0
7.21424 2.38117 30 28 1
-4.64055 -2.96117 10 8 0
-4.68102 -2.98472 20 23 0
-4.71883 -3.01117 30 24 1
3.30568 6.70672 -1.13687e-13 3 0
3.3325 6.77069 10 11 0
3.36363 6.83354 20 19 0
3.3875 6.88933 30 27 1
-2.83785 7.72005 0 2 0
-2.86617 7.79117 10 10 0
-2.89197 7.86377 20 18 0
-2.92117 7.93102 30 26 1
-1.9475 -6.2625 10 15 0
-1.96797 -6.32203 20 22 0
-1.9875 -6.38029 30 31 1
-0.428265 -6.79892 -1.13687e-13 6 0
-0.4325 -6.86175 10 15 0
-0.441795 -6.92304 20 22 0
-0.4475 -6.98989 30 31 1
-7.99776 -4.09337 0 7 0
-8.07329 -4.13117 10 8 0
-8.1496 -4.1725 20 23 0
-8.219 -4.20617 30 24 1
-3.89102 -8.01533 1.13687e-13 7 0
-3.9275 -8.08694 10 15 0
-3.96744 -8.16063 20 23 0
-4.0075 -8.23765 30 31 1
-7.98363 3.55317 1.13687e-13 1 0
-8.05807 3.5875 10 9 0
-8.13659 3.62194 20 17 0
-8.20792 3.6525 30 25 1
6.6475 -3.78988 -1.13687e-13 5 0
6.69708 -3.8175 10 13 0
6.76015 -3.85277 20 21 0
6.81657 -3.8875 30 29 1
-3.5675 -5.44299 10 15 0
-3.60416 -5.4936 20 23 0
-3.6375 -5.54834 30 31 1
4.38179 5.37192 -1.13687e-13 3 0
4.4225 5.42117 10 11 0
4.45999 5.46925 20 19 0
4.4975 5.51739 30 27 1
-5.201 0.7375 10 9 0
-5.24411 0.742159 20 16 0
-5.29585 0.7475 30 25 1
-4.68473 -2.29117 10 8 0
-4.73316 -2.31358 20 23 0
-4.77922 -2.33617 30 24 1
4.96397 -5.5658 -1.13687e-13 5 0
5.00617 -5.61782 10 14 0
5.0487 -5.66584 20 21 0
5.09117 -5.71696 30 30 1
-0.480944 8.7457 0 2 0
-0.486169 8.82649 10 10 0
-0.494474 8.90902 20 18 0
-0.501169 8.98291 30 26 1
-7.06023 0.650156 0 0 0
-7.12918 0.6575 10 9 0
-7.19089 0.66098 20 16 0
-7.25939 0.6675 30 25 1
3.69561 -5.74398 -1.13687e-13 5 0
3.72617 -5.79446 10 14 0
3.75962 -5.84627 20 21 0
3.78617 -5.89688 30 30 1
0.656833 -5.09386 0 6 0
0.661169 -5.14069 10 14 0
0.664951 -5.19185 20 22 0
0.666169 -5.23054 30 30 1
4.72578 -1.5775 10 13 0
4.76722 -1.58913 20 20 0
4.80028 -1.6025 30 29 1
4.52586 -3.68497 -1.13687e-13 5 0
4.56561 -3.7225 10 13 0
4.60359 -3.75506 20 21 0
4.64475 -3.7875 30 29 1
0.739453 8.6869 0 2 0
0.7425 8.76274 10 11 0
0.750277 8.84369 20 18 0
0.7525 8.92124 30 27 1
4.63799 -3.18481 -3.41061e-13 5 0
4.67786 -3.2125 10 13 0
4.72067 -3.24071 20 21 0
4.75408 -3.2675 30 29 1
0.627067 -6.2763 0 6 0
0.631169 -6.33398 10 14 0
0.632479 -6.39389 20 22 0
0.636169 -6.44505 30 30 1
-5.0374 2.8225 10 9 0
-5.08105 2.84337 20 17 0
-5.12982 2.8725 30 25 1
-0.95052 -4.81948 0 6 0
-0.9575 -4.86238 10 15 0
-0.972168 -4.91094 20 22 0
-0.9775 -4.95309 30 31 1
-8.01402 -2.40219 0 0 0
-8.08863 -2.42117 10 8 0
-8.16428 -2.44278 20 16 0
-8.2397 -2.46617 30 24 1
4.9436 -1.18053 1.13687e-13 4 0
4.99132 -1.1925 10 13 0
5.03506 -1.20218 20 20 0
5.08203 -1.2125 30 29 1
3.29846 -6.0395 0 5 0
3.32117 -6.08949 10 14 0
3.34559 -6.1402 20 21 0
3.37617 -6.20106 30 30 1
1.92369 -4.23612 0 5 0
1.93617 -4.27316 10 14 0
1.94963 -4.31181 20 21 0
1.96617 -4.35265 30 30 1
0.434942 -4.34912 1.13687e-13 6 0
0.436169 -4.39243 10 14 0
0.437648 -4.43404 20 22 0
0.441169 -4.47521 30 30 1
-4.80462 -3.76653 1.13687e-13 7 0
-4.85122 -3.80117 10 8 0
-4.89271 -3.83549 20 23 0
-4.93744 -3.86617 30 24 1
-8.308 1.79479 0 0 0
-8.38525 1.8075 10 9 0
-8.47132 1.82455 20 16 0
-8.54753 1.8425 30 25 1
-5.58842 3.61096 1.13687e-13 1 0
-5.63319 3.6375 10 9 0
-5.68799 3.66845 20 17 0
-5.74062 3.7025 30 25 1
5.53809 0.878723 0 4 0
5.57782 0.886169 10 12 0
5.62955 0.894959 20 20 1
3.99081 6.7145 -2.27374e-13 3 0
4.0275 6.7798 10 11 0
4.05911 6.8402 20 19 0
4.0925 6.90137 30 27 1
1.24132 -6.81852 -1.13687e-13 6 0
1.25117 -6.88327 10 14 0
1.25756 -6.93611 20 22 0
1.26617 -6.99727 30 30 1
-5.93006 0.447207 -1.13687e-13 0 0
-5.9908 0.4525 10 9 0
-6.04111 0.455325 20 16 0
-6.09479 0.4575 30 25 1
-4.66426 4.80305 0 1 0
-4.71117 4.84905 10 10 0
-4.75394 4.8889 20 17 0
-4.80117 4.93198 30 26 1
-6.19279 2.91421 0 1 0
-6.25341 2.9425 10 9 0
-6.31308 2.96945 20 17 0
-6.37205 2.9975 30 25 1
-4.73345 0.7225 10 9 0
-4.77375 0.725923 20 16 0
-4.81416 0.7325 30 25 1
-6.10026 -3.20998 -1.13687e-13 7 0
-6.16506 -3.24117 10 8 0
-6.21673 -3.26905 20 23 0
-6.27662 -3.29617 30 24 1
-4.04023 -5.1222 -1.13687e-13 7 0
-4.0775 -5.1681 10 15 0
-4.11572 -5.213 20 23 0
-4.1575 -5.26224 30 31 1
3.25953 7.19632 -1.13687e-13 3 0
3.2875 7.25602 10 11 0
3.31748 7.32315 20 19 0
3.3475 7.3938 30 27 1
-3.57913 7.89299 0 1 0
-3.61617 7.96841 10 10 0
-3.64902 8.03559 20 17 0
-3.68617 8.10912 30 26 1
-1.66887 8.32107 0 2 0
-1.68617 8.39308 10 10 0
-1.70405 8.47132 20 18 0
-1.72117 8.54828 30 26 1
3.18453 3.63125 0 3 0
3.2125 3.6667 10 11 0
3.23884 3.69704 20 19 0
3.2675 3.72877 30 27 1
-0.156226 4.99586 -1.13687e-13 2 0
-0.161169 5.04374 10 10 0
-0.164344 5.09386 20 18 0
-0.166169 5.13359 30 26 1
-0.642038 -4.79335 -1.13687e-13 6 0
-0.6525 -4.84022 10 15 0
-0.66098 -4.87827 20 22 0
-0.6675 -4.91886 30 31 1
4.33572 -7.14564 -1.13687e-13 5 0
4.37117 -7.2102 10 14 0
4.40674 -7.27788 20 21 0
4.44617 -7.34177 30 30 1
-5.52828 4.04066 1.13687e-13 1 0
-5.58529 4.0775 10 9 0
-5.63327 4.1112 20 17 0
-5.68357 4.1475 30 25 1
0.00616865 -8.53741 10 14 0
0.00198546 -8.60851 20 22 0
0.00116865 -8.68798 30 30 1
-8.43212 -2.92715 1.13687e-13 0 0
-8.50549 -2.95117 10 8 0
-8.58891 -2.98127 20 16 0
-8.66656 -3.00617 30 24 1
-6.13295 3.05719 0 1 0
-6.18835 3.0825 10 9 0
-6.25325 3.11243 20 17 0
-6.30699 3.1375 30 25 1
2.67279 -8.17081 -1.13687e-13 6 0
2.69617 -8.24342 10 14 0
2.71608 -8.31453 20 22 0
2.73617 -8.38949 30 30 1
4.07641 -3.42304 -2.27374e-13 5 0
4.11176 -3.4525 10 13 0
4.1449 -3.48388 20 21 0
4.17883 -3.5125 30 29 1
-5.8386 0.230729 1.13687e-13 0 0
-5.89601 0.2375 10 9 0
-5.94965 0.238847 20 16 0
-6 0.2425 30 25 1
-7.47833 1.36453 0 0 0
-7.54512 1.3775 10 9 0
-7.61552 1.38889 20 16 1
1.10205 8.56931 -2.27374e-13 2 0
1.1125 8.65191 10 11 0
1.11829 8.7261 20 18 0
1.1275 8.80833 30 27 1
-3.64117 4.18211 10 10 0
-3.67614 4.22057 20 17 0
-3.71117 4.25918 30 26 1
6.01453 3.81308 -1.13687e-13 3 0
6.06795 3.85117 10 12 0
6.11952 3.88363 20 19 0
6.1733 3.92117 30 28 1
6.50656 4.9748 0 3 0
6.55913 5.02117 10 12 0
6.61966 5.06495 20 19 0
6.67741 5.11117 30 28 1
-5.35672 -3.04812 0 7 0
-5.40609 -3.07617 10 8 0
-5.46283 -3.10831 20 23 0
-5.51558 -3.13617 30 24 1
-6.30732 2.70729 0 1 0
-6.36868 2.7325 10 9 0
-6.43144 2.7587 20 17 0
-6.48939 2.7825 30 25 1
6.52877 -5.04498 -1.13687e-13 5 0
6.58115 -5.0875 10 13 0
6.64188 -5.13513 20 21 0
6.69943 -5.1775 30 29 1
-5.80593 1.67843 0 0 0
-5.85901 1.6925 10 9 0
-5.91699 1.70819 20 16 0
-5.97179 1.7275 30 25 1
-0.5513 5.29637 -1.13687e-13 2 0
-0.556169 5.34682 10 10 0
-0.564829 5.39437 20 18 0
-0.571169 5.4396 30 26 1
1.24944 -5.42703 0 6 0
1.25617 -5.48113 10 14 0
1.26838 -5.52502 20 22 0
1.28117 -5.58391 30 30 1
-7.96176 -1.34145 1.13687e-13 0 0
-8.04186 -1.35617 10 8 0
-8.11202 -1.3658 20 16 0
-8.18914 -1.37617 30 24 1
-5.19447 2.64681 0 1 0
-5.24802 2.6725 10 9 0
-5.29787 2.70047 20 17 0
-5.34752 2.7225 30 25 1
-7.4522 0.731335 0 0 0
-7.52031 0.7375 10 9 0
-7.58939 0.744865 20 16 0
-7.65759 0.7475 30 25 1
-5.02138 1.0175 10 9 0
-5.06119 1.02358 20 16 0
-5.11416 1.0325 30 25 1
4.8133 2.67691 -2.27374e-13 3 0
4.85431 2.70117 10 12 0
4.89057 2.71974 20 19 0
4.93466 2.74617 30 28 1
2.55874 -4.95918 -1.13687e-13 5 0
2.57617 -4.99801 10 14 0
2.59392 -5.04411 20 21 0
2.61617 -5.08751 30 30 1
7.57633 1.33874 0 4 0
7.64795 1.35117 10 12 0
7.71351 1.35768 20 20 0
7.78109 1.37117 30 28 1
4.5059 1.69052 0 4 0
4.5452 1.70617 10 12 0
4.57776 1.72028 20 20 0
4.61763 1.73617 30 28 1
-8.28187 2.53622 -1.13687e-13 0 0
-8.35536 2.5625 10 9 0
-8.43212 2.58223 20 16 0
-8.51349 2.6075 30 25 1
-4.76955 -1.79617 10 8 0
-4.81294 -1.81229 20 16 0
-4.85612 -1.82617 30 24 1
-5.79287 -1.25485 0 0 0
-5.84469 -1.26617 10 8 0
-5.89739 -1.2765 20 16 0
-5.95661 -1.28617 30 24 1
4.78374 -6.79002 -1.13687e-13 5 0
4.82617 -6.85203 10 14 0
4.8624 -6.9146 20 21 0
4.90617 -6.98153 30 30 1
-1.95991 4.15371 0 1 0
-1.98117 4.19088 10 10 0
-2.00275 4.23098 20 17 0
-2.02117 4.26623 30 26 1
3.80574 7.73105 0 3 0
3.8375 7.79895 10 11 0
3.8691 7.87095 20 19 0
3.9025 7.94173 30 27 1
2.33265 -5.47167 0 5 0
2.35117 -5.52254 10 14 0
2.36671 -5.56696 20 21 0
2.39117 -5.62618 30 30 1
-1.01817 -7.17782 -1.13687e-13 6 0
-1.0325 -7.24255 10 15 0
-1.04252 -7.30195 20 22 0
-1.0575 -7.37362 30 31 1
-6.45862 5.72489 -2.27374e-13 1 0
-6.52162 5.7775 10 9 0
-6.58367 5.83081 20 17 0
-6.64076 5.8825 30 25 1
-3.65617 5.49818 10 10 0
-3.68965 5.54668 20 17 0
-3.72617 5.59647 30 26 1
1.06146 8.18388 0 2 0
1.0725 8.25836 10 11 0
1.08041 8.33413 20 18 0
1.0875 8.40771 30 27 1
7.41319 -3.65243 -2.27374e-13 5 0
7.47925 -3.6875 10 13 0
7.54543 -3.72344 20 21 0
7.61496 -3.7525 30 29 1
4.62273 -3.73592 0 5 0
4.66511 -3.7725 10 13 0
4.707 -3.80871 20 21 0
4.74425 -3.8375 30 29 1
-2.37492 4.45009 0 1 0
-2.39617 4.48567 10 10 0
-2.41775 4.52736 20 17 0
-2.44617 4.57102 30 26 1
-3.52835 -7.89758 0 7 0
-3.5625 -7.96943 10 15 0
-3.59824 -8.04018 20 23 0
-3.6325 -8.11014 30 31 1
-0.915342 -5.06119 -1.13687e-13 6 0
-0.9225 -5.11022 10 15 0
-0.934284 -5.15918 20 22 0
-0.9425 -5.20094 30 31 1
4.48917 -5.94821 1.13687e-13 5 0
4.52117 -5.99549 10 14 0
4.55972 -6.0532 20 21 0
4.60117 -6.10377 30 30 1
2.67798 -4.26713 0 5 0
2.70117 -4.30277 10 14 0
2.72734 -4.34711 20 21 0
2.74617 -4.38312 30 30 1
4.80319 4.06359 0 3 0
4.84217 4.09617 10 12 0
4.88746 4.13638 20 19 0
4.92424 4.17117 30 28 1
1.11829 6.06071 -1.13687e-13 2 0
1.1275 6.11426 10 11 0
1.13182 6.17177 20 18 0
1.1425 6.22825 30 27 1
-3.2725 -4.56816 10 15 0
-3.30101 -4.60494 20 23 0
-3.3325 -4.64937 30 31 1
7.58939 1.40368 1.13687e-13 4 0
7.64931 1.41617 10 12 0
7.72005 1.43074 20 20 0
7.78745 1.44117 30 28 1
-5.89739 -0.854369 0 0 0
-5.95587 -0.861169 10 8 0
-6.00845 -0.867899 20 16 1
1.13453 4.38831 -2.27374e-13 2 0
1.1425 4.42513 10 11 0
1.15076 4.46671 20 18 0
1.1575 4.51084 30 27 1
3.8238 2.9273 -2.27374e-13 3 0
3.85773 2.95617 10 12 0
3.88959 2.98161 20 19 0
3.92187 3.00617 30 28 1
-6.09991 1.06417 1.13687e-13 0 0
-6.15825 1.0725 10 9 0
-6.21097 1.08311 20 16 0
-6.27017 1.0925 30 25 1
-3.29117 4.47557 10 10 0
-3.32314 4.51813 20 17 0
-3.35617 4.55471 30 26 1
4.76891 4.41199 -2.27374e-13 3 0
4.80826 4.45117 10 12 0
4.84935 4.48861 20 19 0
4.88826 4.53117 30 28 1
1.89491 8.31453 0 2 0
1.9125 8.39125 10 11 0
1.92467 8.46479 20 18 0
1.9425 8.54146 30 27 1
-3.96654 5.73173 0 1 0
-4.00617 5.78454 10 10 0
-4.04362 5.83943 20 17 0
-4.08117 5.88783 30 26 1
-1.95985 -4.81294 0 6 0
-1.9775 -4.85708 10 15 0
-1.99773 -4.9044 20 22 0
-2.0175 -4.9395 30 31 1
-8.68037 1.95444 1.13687e-13 0 0
-8.76945 1.9725 10 9 0
-8.84369 1.98962 20 16 0
-8.93173 2.0075 30 25 1
-5.40564 5.14261 -2.27374e-13 1 0
-5.45785 5.1875 10 9 0
-5.50839 5.23387 20 17 1
6.00071 -2.98618 -1.13687e-13 5 0
6.04764 -3.0125 10 13 0
6.10411 -3.03984 20 21 0
6.15214 -3.0675 30 29 1
1.10205 4.9632 -1.13687e-13 2 0
1.1075 5.01238 10 11 0
1.11558 5.06119 20 18 0
1.1225 5.09809 30 27 1
-3.7625 -5.23493 10 15 0
-3.79504 -5.275 20 23 0
-3.8325 -5.32615 30 31 1
-5.7485 -3.27534 -2.27374e-13 7 0
-5.80579 -3.30617 10 8 0
-5.86114 -3.33824 20 23 0
-5.91529 -3.36617 30 24 1
5.75367 -1.72172 1.13687e-13 4 0
5.79795 -1.7375 10 13 0
5.85166 -1.75149 20 20 0
5.89866 -1.7675 30 29 1
2.53893 7.5306 1.13687e-13 2 0
2.5575 7.59375 10 11 0
2.57952 7.66779 20 18 0
2.6025 7.73775 30 27 1
-2.64117 5.21857 10 10 0
-2.6652 5.26847 20 17 0
-2.69117 5.311 30 26 1
-2.6575 -6.49167 10 15 0
-2.68505 -6.55067 20 22 0
-2.7125 -6.61738 30 31 1
-4.62851 -2.25617 10 8 0
-4.66895 -2.27616 20 23 0
-4.71801 -2.29617 30 24 1
-5.15747 -0.501169 10 8 0
-5.21145 -0.505298 20 16 0
-5.25939 -0.511169 30 24 1
-2.44617 6.07716 10 10 0
-2.46984 6.12604 20 18 0
-2.49617 6.18373 30 26 1
-7.4326 1.30771 0 0 0
-7.50634 1.3175 10 9 0
-7.57633 1.32936 20 16 0
-7.63947 1.3375 30 25 1
5.36823 0.754248 1.13687e-13 4 0
5.41747 0.761169 10 12 0
5.45969 0.765072 20 20 0
5.50525 0.771169 30 28 1
6.66826 0.118343 1.13687e-13 4 0
6.72908 0.121169 10 12 0
6.77932 0.121049 20 20 0
6.84222 0.121169 30 28 1
-6.06512 -5.82117 10 8 0
-6.12616 -5.87257 20 23 0
-6.18426 -5.92617 30 24 1
0.639332 8.56278 1.13687e-13 2 0
0.6425 8.64153 10 11 0
0.644744 8.71957 20 18 0
0.6475 8.79502 30 27 1
3.60117 -4.90578 10 14 0
3.63147 -4.94892 20 21 0
3.66117 -4.99406 30 30 1
2.31019 -7.70045 -1.13687e-13 6 0
2.33117 -7.77236 10 14 0
2.35078 -7.83764 20 22 0
2.36617 -7.90635 30 30 1
4.52336 -2.32012 -2.27374e-13 5 0
4.56447 -2.3425 10 13 0
4.60717 -2.36566 20 21 0
4.63982 -2.3825 30 29 1
-0.378117 8.05322 0 2 0
-0.386169 8.13252 10 10 0
-0.391647 8.20348 20 18 0
-0.396169 8.27687 30 26 1
4.43331 -3.27862 -3.41061e-13 5 0
4.47381 -3.3125 10 13 0
4.51217 -3.33835 20 21 0
4.55502 -3.3725 30 29 1
1.33206 7.0341 0 2 0
1.3425 7.09293 10 11 0
1.351 7.15823 20 18 0
1.3625 7.22607 30 27 1
-2.6253 4.75404 -2.27374e-13 1 0
-2.65117 4.79724 10 10 0
-2.67737 4.84055 20 17 0
-2.70617 4.88759 30 26 1
-4.37741 -2.81117 10 8 0
-4.42037 -2.83887 20 23 0
-4.46277 -2.86117 30 24 1
1.93947 -7.31501 1.13687e-13 6 0
1.95617 -7.38321 10 14 0
1.96923 -7.4522 20 22 0
1.98617 -7.51221 30 30 1
-6.73441 4.62685 0 1 0
-6.79754 4.6675 10 9 0
-6.86171 4.71204 20 17 0
-6.92497 4.7525 30 25 1
6.2763 0.903077 0 4 0
6.33114 0.911169 10 12 0
6.38735 0.922019 20 20 0
6.44307 0.931169 30 28 1
7.63512 0.237406 1.13687e-13 4 0
7.70468 0.241169 10 12 0
7.77231 0.240112 20 20 0
7.83903 0.241169 30 28 1
2.93133 -4.66973 0 5 0
2.95117 -4.70833 10 14 0
2.97416 -4.74701 20 21 0
3.00117 -4.79368 30 30 1
-5.25724 5.18938 2.27374e-13 1 0
-5.30986 5.2375 10 9 0
-5.35616 5.28447 20 17 0
-5.40486 5.3325 30 25 1
-8.10548 1.15347 0 0 0
-8.18365 1.1675 10 9 0
-8.26227 1.17512 20 16 0
-8.338 1.1875 30 25 1
3.12756 -5.22185 0 5 0
3.15117 -5.26895 10 14 0
3.17851 -5.31873 20 21 0
3.20117 -5.36138 30 30 1
6.13653 -4.7905 0 5 0
6.18973 -4.8375 10 13 0
6.24311 -4.87794 20 21 0
6.29594 -4.9225 30 29 1
2.70255 -7.24968 0 6 0
2.72617 -7.3259 10 14 0
2.74856 -7.38687 20 22 0
2.77117 -7.45575 30 30 1
5.4401 0.172462 1.13687e-13 4 0
5.48301 0.176169 10 12 0
5.53155 0.177874 20 20 0
5.582 0.176169 30 28 1
8.05322 1.98547 1.13687e-13 4 0
8.12618 2.00617 10 12 0
8.19694 2.02335 20 20 0
8.26017 2.04117 30 28 1
-4.09608 -2.96117 10 8 0
-4.13757 -2.99232 20 23 0
-4.17229 -3.01617 30 24 1
-2.75126 6.84465 0 2 0
-2.77617 6.90921 10 10 0
-2.80538 6.97531 20 18 0
-2.83117 7.03492 30 26 1
-2.3725 -6.97742 10 15 0
-2.39551 -7.04064 20 22 0
-2.4175 -7.1002 30 31 1
4.61568 4.25111 0 3 0
4.65533 4.29117 10 12 0
4.69882 4.33426 20 19 0
4.73533 4.37117 30 28 1
6.03701 5.05632 -2.27374e-13 3 0
6.08758 5.10117 10 12 0
6.13976 5.14759 20 19 0
6.19672 5.19617 30 28 1
7.12556 0.502592 1.13687e-13 4 0
7.19186 0.506169 10 12 0
7.24968 0.51071 20 20 0
7.315 0.516169 30 28 1
-5.28603 0.1225 10 9 0
-5.33557 0.125196 20 16 0
-5.38296 0.1275 30 25 1
-4.67179 4.10261 0 1 0
-4.71691 4.1425 10 9 0
-4.76259 4.1781 20 17 0
-4.80605 4.2175 30 25 1
-0.88287 -5.71447 -1.13687e-13 6 0
-0.8925 -5.76612 10 15 0
-0.904518 -5.819 20 22 0
-0.9125 -5.87097 30 31 1
-2.28016 -4.76658 1.13687e-13 7 0
-2.3075 -4.81231 10 15 0
-2.3284 -4.85692 20 23 0
-2.3525 -4.89974 30 31 1
-7.20396 1.13723 0 0 0
-7.2727 1.1475 10 9 0
-7.34114 1.16159 20 16 0
-7.41083 1.1725 30 25 1
-5.00868 -0.331169 10 8 0
-5.05466 -0.332115 20 16 0
-5.1056 -0.336169 30 24 1
3.19251 7.37422 -1.13687e-13 3 0
3.2175 7.44058 10 11 0
3.24933 7.51141 20 19 0
3.2775 7.58543 30 27 1
4.1466 1.59581 0 4 0
4.1815 1.61117 10 12 0
4.21846 1.62557 20 20 0
4.25393 1.64117 30 28 1
3.94228 5.61741 -1.13687e-13 3 0
3.9775 5.66914 10 11 0
4.01012 5.71587 20 19 0
4.0475 5.77449 30 27 1
1.61619 4.83254 0 2 0
1.6325 4.87977 10 11 0
1.64325 4.924 20 18 0
1.6525 4.96341 30 27 1
-1.5475 -6.65446 10 15 0
-1.56748 -6.71399 20 22 0
-1.5825 -6.77432 30 31 1
-5.21407 0.8425 10 9 0
-5.25718 0.850398 20 16 0
-5.31393 0.8575 30 25 1
-0.255083 -8.56278 -1.13687e-13 6 0
-0.2575 -8.63837 10 15 0
-0.265907 -8.71957 20 22 0
-0.2675 -8.79686 30 31 1
3.41507 -2.37519 0 5 0
3.44567 -2.3975 10 13 0
3.47163 -2.42027 20 21 0
3.49981 -2.4375 30 29 1
5.62127 -3.55963 0 5 0
5.66598 -3.5925 10 13 0
5.7132 -3.62476 20 21 0
5.76633 -3.6575 30 29 1
-8.55625 2.36845 0 0 0
-8.63291 2.3875 10 9 0
-8.71304 2.41175 20 16 0
-8.79811 2.4325 30 25 1
0.0413102 5.89086 0 2 0
0.0425 5.94849 10 11 0
0.0386043 6.00192 20 18 0
0.0375 6.04956 30 27 1
4.4986 -3.68451 0 5 0
4.5394 -3.7175 10 13 0
4.57364 -3.74806 20 21 0
4.61854 -3.7825 30 29 1
-4.14257 -6.63665 0 7 0
-4.1825 -6.69438 10 15 0
-4.21853 -6.7547 20 23 0
-4.2625 -6.81681 30 31 1
-6.61125 -3.12398 0 7 0
-6.66902 -3.15117 10 8 0
-6.73154 -3.17922 20 23 0
-6.79974 -3.21117 30 24 1
-0.689305 5.93006 1.13687e-13 2 0
-0.696169 5.98179 10 10 0
-0.70554 6.03458 20 18 0
-0.716169 6.09372 30 26 1
-2.7242 8.00749 -1.13687e-13 2 0
-2.75117 8.07922 10 10 0
-2.78103 8.15775 20 18 0
-2.80617 8.23321 30 26 1
-1.94361 -4.86521 -1.13687e-13 6 0
-1.9625 -4.91279 10 15 0
-1.9815 -4.95667 20 22 0
-2.0025 -4.99521 30 31 1
-6.53761 2.44693 0 0 0
-6.59159 2.4675 10 9 0
-6.6552 2.49022 20 16 0
-6.72144 2.5125 30 25 1
7.27582 -0.977579 1.13687e-13 4 0
7.34604 -0.9875 10 13 0
7.40647 -0.993815 20 20 0
7.46711 -1.0025 30 29 1
-6.86425 -1.57957 0 0 0
-6.93129 -1.59617 10 8 0
-6.98837 -1.60934 20 16 0
-7.05528 -1.62117 30 24 1
4.83379 -6.45356 -1.13687e-13 5 0
4.87617 -6.51312 10 14 0
4.92011 -6.57049 20 21 0
4.96117 -6.63348 30 30 1
-6.38635 3.9956 0 1 0
-6.44539 4.0325 10 9 0
-6.50823 4.06773 20 17 0
-6.56988 4.1075 30 25 1
-2.37596 4.28275 0 1 0
-2.39617 4.31596 10 10 0
-2.42262 4.35619 20 17 0
-2.44617 4.39425 30 26 1
5.65627 -4.62405 -2.27374e-13 5 0
5.7086 -4.6675 10 13 0
5.75631 -4.70878 20 21 0
5.80774 -4.7525 30 29 1
-5.23097 -5.56672 2.27374e-13 7 0
-5.2775 -5.61149 10 15 0
-5.32607 -5.66564 20 23 0
-5.3775 -5.71856 30 31 1
4.29032 0.22117 1.13687e-13 4 0
4.33092 0.226169 10 12 0
4.36218 0.229288 20 20 0
4.40663 0.231169 30 28 1
-7.06023 0.417442 1.13687e-13 0 0
-7.12752 0.4225 10 9 0
-7.19089 0.422853 20 16 0
-7.25273 0.4275 30 25 1
3.21303 -5.44126 -3.41061e-13 5 0
3.23617 -5.4883 10 14 0
3.26398 -5.53814 20 21 0
3.29117 -5.58573 30 30 1
5.24411 -2.14927 0 4 0
5.29456 -2.1675 10 13 0
5.33557 -2.18715 20 20 0
5.37906 -2.2025 30 29 1
0.328144 7.87684 0 2 0
0.3275 7.95176 10 11 0
0.328144 8.02056 20 18 0
0.3275 8.09319 30 27 1
-6.74013 -1.0952 -1.13687e-13 0 0
-6.80191 -1.10617 10 8 0
-6.87078 -1.11685 20 16 0
-6.92798 -1.12617 30 24 1
-2.1775 -5.89146 10 15 0
-2.20068 -5.94312 20 22 0
-2.2225 -6.0001 30 31 1
-3.93881 6.99747 1.13687e-13 1 0
-3.98117 7.06062 10 10 0
-4.02018 7.12859 20 17 0
-4.05617 7.19219 30 26 1
1.86679 -3.94195 -1.13687e-13 5 0
1.88117 -3.97774 10 14 0
1.89656 -4.01381 20 21 0
1.91117 -4.05017 30 30 1
0.809809 5.90392 -1.13687e-13 2 0
0.8125 5.96189 10 11 0
0.817927 6.01498 20 18 0
0.8225 6.07089 30 27 1
-6.18484 2.31163 -1.13687e-13 0 0
-6.23738 2.3325 10 9 0
-6.30243 2.35492 20 16 0
-6.36016 2.3775 30 25 1
-6.34397 3.03095 0 1 0
-6.40377 3.0575 10 9 0
-6.46156 3.07966 20 17 0
-6.52948 3.1125 30 25 1
-1.58913 -5.60342 0 6 0
-1.6075 -5.6538 10 15 0
-1.62431 -5.70141 20 22 0
-1.6425 -5.75244 30 31 1
-7.79982 3.9587 1.13687e-13 1 0
-7.8691 3.9925 10 9 0
-7.94243 4.02859 20 17 0
-8.01688 4.0625 30 25 1
-6.73906 4.89937 -1.13687e-13 1 0
-6.79677 4.9425 10 9 0
-6.86252 4.98839 20 17 0
-6.9292 5.0325 30 25 1
-3.3075 -3.61321 10 15 0
-3.34309 -3.64822 20 23 0
-3.3725 -3.67821 30 31 1
-5.26863 -6.10186 -2.27374e-13 7 0
-5.3225 -6.15854 10 15 0
-5.36914 -6.21385 20 23 1
-0.521534 6.2567 -1.13687e-13 2 0
-0.531169 6.31884 10 10 0
-0.53777 6.37429 20 18 0
-0.546169 6.43283 30 26 1
-4.56828 -1.82117 10 8 0
-4.61043 -1.84205 20 16 0
-4.65278 -1.85617 30 24 1
-7.52406 2.15739 -1.13687e-13 0 0
-7.59559 2.1775 10 9 0
-7.66779 2.19527 20 16 0
-7.73666 2.2125 30 25 1
1.21968 -6.80545 -1.13687e-13 6 0
1.22617 -6.86535 10 14 0
1.23591 -6.93611 20 22 0
1.24617 -6.99141 30 30 1
-0.45659 8.29494 -1.13687e-13 2 0
-0.461169 8.36309 10 10 0
-0.47012 8.44519 20 18 0
-0.476169 8.51951 30 26 1
4.09444 -7.45159 -2.27374e-13 5 0
4.13117 -7.52175 10 14 0
4.16163 -7.58766 20 21 0
4.20117 -7.65539 30 30 1
-2.07206 5.13959 0 2 0
-2.09617 5.18976 10 10 0
-2.11536 5.23105 20 18 0
-2.13617 5.27926 30 26 1
1.81229 -7.70045 -1.13687e-13 6 0
1.82617 -7.7694 10 14 0
1.83935 -7.83111 20 22 0
1.85117 -7.90754 30 30 1
-5.10412 1.7225 10 9 0
-5.15265 1.73796 20 16 0
-5.19776 1.7525 30 25 1
-1.37662 5.47276 0 2 0
-1.39117 5.51714 10 10 0
-1.40639 5.57075 20 18 0
-1.42117 5.61785 30 26 1
3.78995 3.68178 0 3 0
3.82077 3.71117 10 12 0
3.85462 3.74645 20 19 0
3.89077 3.78117 30 28 1
-7.47675 -3.51496 0 7 0
-7.54486 -3.54617 10 8 0
-7.62318 -3.58102 20 23 0
-7.69471 -3.61117 30 24 1
0.422853 4.86521 0 2 0
0.4275 4.91221 10 11 0
0.425559 4.95013 20 18 0
0.4275 4.99706 30 27 1
-2.86097 6.70796 0 1 0
-2.89117 6.76965 10 10 0
-2.91621 6.82826 20 17 0
-2.94617 6.88829 30 26 1
-5.96272 1.28336 1.13687e-13 0 0
-6.01763 1.2925 10 9 0
-6.08031 1.305 20 16 0
-6.13455 1.3175 30 25 1
6.00192 -2.00315 2.27374e-13 4 0
6.05466 -2.0225 10 13 0
6.10644 -2.04103 20 20 0
6.16037 -2.0575 30 29 1
-8.47132 -1.37933 1.13687e-13 0 0
-8.54562 -1.38617 10 8 0
-8.62811 -1.40098 20 16 0
-8.71205 -1.41117 30 24 1
-0.612272 -5.62301 0 6 0
-0.6225 -5.67997 10 15 0
-0.628508 -5.72754 20 22 0
-0.6375 -5.77982 30 31 1
3.24865 3.51169 -2.27374e-13 3 0
3.2725 3.54285 10 11 0
3.30026 3.57095 20 19 0
3.3275 3.60492 30 27 1
7.38034 -1.85432 1.13687e-13 4 0
7.43908 -1.8725 10 13 0
7.50446 -1.88949 20 20 0
7.57308 -1.9075 30 29 1
0.980285 4.29032 0 2 0
0.9825 4.32877 10 11 0
0.991109 4.36871 20 18 0
0.9975 4.40741 30 27 1
-6.02805 -2.29395 1.13687e-13 0 0
-6.08858 -2.31617 10 8 0
-6.14564 -2.33725 20 16 0
-6.19929 -2.35617 30 24 1
-4.26813 2.4775 10 9 0
-4.31242 2.50335 20 17 0
-4.34849 2.5225 30 25 1
5.64261 1.60393 1.13687e-13 4 0
5.69764 1.62117 10 12 0
5.7406 1.63369 20 20 0
5.78628 1.64617 30 28 1
-7.16759 5.22841 -1.13687e-13 1 0
-7.23284 5.2725 10 9 0
-7.30413 5.32285 20 17 0
-7.37027 5.3675 30 25 1
-4.92684 -6.29583 0 7 0
-4.9725 -6.35301 10 15 0
-5.02352 -6.41165 20 23 0
-5.0675 -6.46922 30 31 1
2.61298 4.65549 -1.13687e-13 3 0
2.6325 4.69183 10 11 0
2.65199 4.73659 20 19 1
-7.57633 -1.89617 -1.13687e-13 0 0
-7.64934 -1.91117 10 8 0
-7.72658 -1.93135 20 16 0
-7.79041 -1.94617 30 24 1
-4.42291 3.9475 10 9 0
-4.47263 3.98764 20 17 0
-4.51413 4.0175 30 25 1
-5.52505 5.67915 0 1 0
-5.58117 5.7332 10 10 0
-5.63321 5.78348 20 17 0
-5.68617 5.83113 30 26 1
-6.29688 -4.547 0 7 0
-6.3554 -4.59117 10 8 0
-6.42035 -4.63603 20 23 0
-6.47576 -4.67617 30 24 1
-7.38687 0.493209 0 0 0
-7.45708 0.4975 10 9 0
-7.52406 0.501327 20 16 0
-7.58936 0.5025 30 25 1
5.8386 0.694716 0 4 0
5.8878 0.701169 10 12 0
5.93659 0.708246 20 20 0
5.98765 0.716169 30 28 1
5.68181 -1.32936 1.13687e-13 4 0
5.73529 -1.3425 10 13 0
5.78633 -1.351 20 20 0
5.83807 -1.3675 30 29 1
-5.30782 -0.616169 10 8 0
-5.3617 -0.621655 20 16 0
-5.40975 -0.626169 30 24 1
0.564829 -7.23662 -1.13687e-13 6 0
0.566169 -7.30843 10 14 0
0.570241 -7.36728 20 22 0
0.571169 -7.43364 30 30 1
5.03311 -2.46633 -1.13687e-13 5 0
5.08216 -2.4925 10 13 0
5.12345 -2.51457 20 21 0
5.16959 -2.5375 30 29 1
-1.76617 8.23973 10 10 0
-1.78523 8.31453 20 18 0
-1.80117 8.38787 30 26 1
-4.43878 4.74212 -1.13687e-13 1 0
-4.48117 4.78169 10 10 0
-4.52193 4.82527 20 17 0
-4.56617 4.86669 30 26 1
7.23662 1.34415 0 4 0
7.2994 1.35617 10 12 0
7.36728 1.3658 20 20 0
7.43047 1.38117 30 28 1
2.5716 6.1104 -2.27374e-13 3 0
2.5925 6.16504 10 11 0
2.6176 6.22146 20 19 0
2.6375 6.27368 30 27 1
-5.51196 -1.67428 1.13687e-13 0 0
-5.55758 -1.68617 10 8 0
-5.60995 -1.70405 20 16 0
-5.66536 -1.71617 30 24 1
-3.9475 -4.98153 10 15 0
-3.98274 -5.02262 20 23 0
-4.0225 -5.07067 30 31 1
-4.10617 4.73903 10 10 0
-4.14488 4.77733 20 17 0
-4.18117 4.8211 30 26 1
-2.59846 -7.4914 1.13687e-13 6 0
-2.6275 -7.56476 10 15 0
-2.64988 -7.62859 20 22 0
-2.6775 -7.69961 30 31 1
3.52069 -2.78695 -2.27374e-13 5 0
3.54954 -2.8125 10 13 0
3.57994 -2.83856 20 21 0
3.60661 -2.8625 30 29 1
-2.94636 3.64768 1.13687e-13 1 0
-2.97617 3.67974 10 10 0
-3.0072 3.71618 20 17 0
-3.03117 3.74888 30 26 1
-6.00305 -6.03264 0 7 0
-6.0575 -6.08744 10 15 0
-6.11391 -6.14351 20 23 0
-6.1725 -6.19537 30 31 1
-6.8384 -4.27341 0 7 0
-6.90272 -4.31117 10 8 0
-6.96682 -4.34825 20 23 0
-7.03428 -4.38617 30 24 1
3.06786 -7.72658 1.13687e-13 6 0
3.09117 -7.78989 10 14 0
3.11928 -7.86377 20 22 0
3.14617 -7.93682 30 30 1
-3.95547 7.44274 0 1 0
-3.99117 7.50903 10 10 0
-4.02649 7.57498 20 17 0
-4.06617 7.64766 30 26 1
5.18253 -3.54567 1.13687e-13 5 0
5.22671 -3.5775 10 13 0
5.27446 -3.6108 20 21 0
5.32 -3.6425 30 29 1
1.19406 5.73407 1.13687e-13 2 0
1.2025 5.77913 10 11 0
1.20759 5.83206 20 18 0
1.2175 5.88606 30 27 1
3.13458 5.95394 -1.13687e-13 3 0
3.1625 6.01379 10 11 0
3.18441 6.06117 20 19 0
3.2125 6.12036 30 27 1
-3.2575 -5.59968 10 15 0
-3.29028 -5.65042 20 23 0
-3.3175 -5.69503 30 31 1
-6.34816 -0.250936 0 0 0
-6.41153 -0.256169 10 8 0
-6.46575 -0.256348 20 16 0
-6.53174 -0.256169 30 24 1
6.01586 4.65249 -1.13687e-13 3 0
6.06442 4.69617 10 12 0
6.12243 4.73993 20 19 0
6.17063 4.78117 30 28 1
-6.80545 0.955932 1.13687e-13 0 0
-6.86142 0.9625 10 9 0
-6.92958 0.969462 20 16 0
-6.99456 0.9825 30 25 1
-2.29617 5.92009 10 10 0
-2.3183 5.96925 20 18 0
-2.34117 6.02873 30 26 1
-6.81199 -1.83935 0 0 0
-6.88016 -1.85617 10 8 0
-6.94264 -1.87182 20 16 0
-7.01416 -1.89117 30 24 1
-2.85117 6.48923 10 10 0
-2.88161 6.54874 20 17 0
-2.90617 6.60787 30 26 1
-6.66699 -2.89271 1.13687e-13 7 0
-6.72894 -2.92117 10 8 0
-6.79764 -2.94683 20 23 0
-6.85672 -2.97117 30 24 1
4.5255 0.637891 1.13687e-13 4 0
4.56708 0.646169 10 12 0
4.6039 0.654127 20 20 0
4.64072 0.656169 30 28 1
2.62765 3.38435 -2.27374e-13 3 0
2.6475 3.41283 10 11 0
2.6689 3.44473 20 19 0
2.6925 3.47197 30 27 1
-2.79047 -3.80357 0 7 0
-2.8175 -3.83739 10 15 0
-2.84479 -3.86936 20 23 0
-2.8775 -3.90446 30 31 1
3.78513 4.38875 -1.13687e-13 3 0
3.8125 4.42226 10 11 0
3.84485 4.46761 20 19 0
3.8775 4.50848 30 27 1
4.52968 -3.68115 -1.13687e-13 5 0
4.57475 -3.7175 10 13 0
4.61125 -3.7474 20 21 0
4.64682 -3.7825 30 29 1
-3.56117 5.25469 10 10 0
-3.59606 5.30768 20 17 0
-3.63117 5.35297 30 26 1
-3.6199 7.01149 0 1 0
-3.65617 7.07503 10 10 0
-3.68821 7.1372 20 17 1
2.25916 -4.88921 0 5 0
2.27617 -4.93135 10 14 0
2.29433 -4.97414 20 21 0
2.31117 -5.02292 30 30 1
4.9586 2.75333 0 3 0
4.99795 2.78117 10 12 0
5.03858 2.80269 20 19 0
5.0783 2.82617 30 28 1
-6.26647 3.4318 0 1 0
-6.33294 3.4675 10 9 0
-6.38565 3.49741 20 17 0
-6.4495 3.5275 30 25 1
-5.67528 1.62972 1.13687e-13 0 0
-5.73123 1.6425 10 9 0
-5.78633 1.65949 20 16 0
-5.84401 1.6775 30 25 1
-4.85805 -4.31362 1.13687e-13 7 0
-4.90625 -4.35117 10 8 0
-4.94885 -4.38911 20 23 1
-7.33189 -4.75924 0 7 0
-7.40479 -4.80617 10 8 0
-7.46571 -4.84714 20 23 0
-7.53928 -4.89117 30 24 1
7.1206 -3.61242 -1.13687e-13 5 0
7.18676 -3.6425 10 13 0
7.25014 -3.6769 20 21 0
7.30833 -3.7075 30 29 1
-6.20955 4.43109 0 1 0
-6.2752 4.4775 10 9 0
-6.33301 4.52011 20 17 0
-6.38349 4.5575 30 25 1
4.01954 4.74562 0 3 0
4.0525 4.78954 10 11 0
4.0858 4.82718 20 19 0
4.1225 4.87369 30 27 1
-1.90844 -5.64261 0 6 0
-1.9275 -5.69803 10 15 0
-1.94632 -5.74714 20 22 0
-1.9675 -5.7946 30 31 1
-1.46863 4.45364 -1.13687e-13 2 0
-1.48117 4.48991 10 10 0
-1.49839 4.53857 20 18 0
-1.51617 4.57441 30 26 1
6.27051 4.06524 -1.13687e-13 3 0
6.32502 4.10117 10 12 0
6.37821 4.14232 20 19 0
6.43537 4.17617 30 28 1
4.27893 5.5025 -3.41061e-13 3 0
4.3175 5.55659 10 11 0
4.3533 5.60366 20 19 0
4.3875 5.65487 30 27 1
5.34713 -3.91692 -1.13687e-13 5 0
5.39665 -3.9525 10 13 0
5.44176 -3.98859 20 21 0
5.48786 -4.0225 30 29 1
3.04657 3.83388 -2.27374e-13 3 0
3.0725 3.86611 10 11 0
3.09705 3.9035 20 19 0
3.1225 3.93733 30 27 1
-5.24411 2.1655 0 0 0
-5.28835 2.1825 10 9 0
-5.33557 2.20339 20 16 0
-5.39199 2.2225 30 25 1
-1.54169 5.33557 -1.13687e-13 2 0
-1.55617 5.38515 10 10 0
-1.57416 5.42703 20 18 0
-1.59117 5.47672 30 26 1
-2.55617 6.29323 10 10 0
-2.58349 6.34816 20 18 0
-2.60617 6.3998 30 26 1
8.21654 1.3658 2.27374e-13 4 0
8.28814 1.37617 10 12 0
8.36026 1.38745 20 20 0
8.43335 1.40117 30 28 1
-3.80851 -6.97994 -1.13687e-13 7 0
-3.8475 -7.04528 10 15 0
-3.88335 -7.10835 20 23 0
-3.9225 -7.16977 30 31 1
7.75924 0.2347 0 4 0
7.83196 0.241169 10 12 0
7.89643 0.242818 20 20 0
7.97131 0.246169 30 28 1
-1.80617 7.16957 10 10 0
-1.82311 7.23009 20 18 0
-1.84117 7.2965 30 26 1
-1.2305 6.90998 -1.13687e-13 2 0
-1.24117 6.97227 10 10 0
-1.25485 7.0341 20 18 0
-1.27117 7.10126 30 26 1
4.71401 3.62617 -1.13687e-13 3 0
4.75365 3.66117 10 12 0
4.79557 3.69242 20 19 0
4.83279 3.72617 30 28 1
3.86823 -5.06322 -2.27374e-13 5 0
3.90617 -5.11179 10 14 0
3.9399 -5.15785 20 21 0
3.97117 -5.20507 30 30 1
4.19929 2.57952 0 3 0
4.23605 2.60617 10 12 0
4.27544 2.63271 20 19 0
4.30933 2.65117 30 28 1
-7.61379 -4.17245 0 7 0
-7.6816 -4.20617 10 8 0
-7.75257 -4.24617 20 23 0
-7.82524 -4.28617 30 24 1
6.2371 0.940961 0 4 0
6.28629 0.951169 10 12 0
6.34162 0.957197 20 20 0
6.39321 0.966169 30 28 1
5.55146 -3.57401 0 5 0
5.59612 -3.6075 10 13 0
5.64339 -3.63914 20 21 0
5.69648 -3.6725 30 29 1
-8.43866 -2.01523 1.13687e-13 0 0
-8.5168 -2.03617 10 8 0
-8.59544 -2.05312 20 16 0
-8.67201 -2.07117 30 24 1
7.45236 3.83499 -1.13687e-13 3 0
7.5113 3.86617 10 12 0
7.5846 3.906 20 19 0
7.64494 3.93617 30 28 1
-3.80783 6.31543 0 1 0
-3.84117 6.36908 10 10 0
-3.87455 6.42424 20 17 0
-3.91617 6.4865 30 26 1
-1.82117 7.01487 10 10 0
-1.83935 7.0733 20 18 0
-1.86117 7.13972 30 26 1
-7.20473 -3.15874 0 7 0
-7.26971 -3.18617 10 8 0
-7.34191 -3.21557 20 23 1
3.43385 -4.31504 -1.13687e-13 5 0
3.46117 -4.35566 10 14 0
3.48433 -4.38466 20 21 0
3.51617 -4.4248 30 30 1
0.758395 4.59083 0 2 0
0.7625 4.62496 10 11 0
0.769219 4.66922 20 18 0
0.7725 4.71274 30 27 1
4.70842 -1.55395 0 4 0
4.74406 -1.5675 10 13 0
4.78681 -1.58101 20 20 0
4.82356 -1.5975 30 29 1
-3.38716 -6.61599 0 7 0
-3.4225 -6.67684 10 15 0
-3.45276 -6.73517 20 23 1
2.03699 -4.2614 -2.27374e-13 5 0
2.05117 -4.3033 10 14 0
2.06947 -4.3398 20 21 0
2.08617 -4.38073 30 30 1
-3.68617 4.913 10 10 0
-3.72246 4.95955 20 17 0
-3.75617 4.99714 30 26 1
-7.95051 -3.29989 1.13687e-13 7 0
-8.02282 -3.33117 10 8 0
-8.10076 -3.36212 20 23 0
-8.17475 -3.39117 30 24 1
-4.47226 3.8625 10 9 0
-4.51651 3.89758 20 17 0
-4.55141 3.9275 30 25 1
-1.29418 -5.11345 0 6 0
-1.3075 -5.15581 10 15 0
-1.32395 -5.19838 20 22 0
-1.3375 -5.24945 30 31 1
-6.58987 -0.735306 1.13687e-13 0 0
-6.64905 -0.741169 10 8 0
-6.71399 -0.748836 20 16 0
-6.77718 -0.756169 30 24 1
-6.13911 0.512151 0 0 0
-6.19722 0.5175 10 9 0
-6.2567 0.522975 20 16 0
-6.31329 0.5275 30 25 1
-5.62425 -2.53115 -1.13687e-13 7 0
-5.67305 -2.55117 10 8 0
-5.72877 -2.57444 20 23 0
-5.78168 -2.59617 30 24 1
6.48474 3.69396 -1.13687e-13 3 0
6.54399 3.72617 10 12 0
6.59738 3.75685 20 19 0
6.65849 3.79117 30 28 1
-5.85426 -3.08644 1.13687e-13 7 0
-5.90778 -3.11117 10 8 0
-5.96802 -3.13897 20 23 0
-6.01934 -3.16617 30 24 1
-3.9239 5.5896 0 1 0
-3.96617 5.64555 10 10 0
-3.99828 5.69076 20 17 0
-4.04117 5.74883 30 26 1
-1.76358 6.44615 -1.13687e-13 2 0
-1.78117 6.50111 10 10 0
-1.80146 6.56374 20 18 1
1.73922 -7.4718 0 6 0
1.75117 -7.53884 10 14 0
1.76628 -7.61552 20 22 0
1.78117 -7.68197 30 30 1
-4.92316 -2.58617 10 8 0
-4.97047 -2.61212 20 23 0
-5.01765 -2.63117 30 24 1
-4.68632 3.7725 10 9 0
-4.73425 3.80918 20 17 0
-4.77253 3.8375 30 25 1
7.46527 -0.449913 1.13687e-13 4 0
7.53229 -0.4525 10 13 0
7.59592 -0.460737 20 20 0
7.6625 -0.4625 30 29 1
3.92927 1.73165 0 3 0
3.95588 1.74617 10 12 0
3.99077 1.76254 20 19 0
4.02623 1.78117 30 28 1
-5.49236 0.839574 0 0 0
-5.54434 0.8475 10 9 0
-5.59688 0.85581 20 16 0
-5.65127 0.8625 30 25 1
7.43842 -3.22992 -2.27374e-13 5 0
7.50179 -3.2575 10 13 0
7.56908 -3.28404 20 21 0
7.63458 -3.3125 30 29 1
4.43623 3.92242 -2.27374e-13 3 0
4.47589 3.95617 10 12 0
4.51397 3.9925 20 19 0
4.55296 4.02617 30 28 1
-1.8029 -4.6039 -1.13687e-13 6 0
-1.8225 -4.63844 10 15 0
-1.84079 -4.68229 20 22 0
-1.8575 -4.72294 30 31 1
-4.57014 2.9775 10 9 0
-4.61943 3.00935 20 17 0
-4.6605 3.0325 30 25 1
5.93006 0.196816 0 4 0
5.98384 0.196169 10 12 0
6.04111 0.199522 20 20 0
6.08783 0.201169 30 28 1
1.14806 7.62206 -1.13687e-13 2 0
1.1575 7.69282 10 11 0
1.16429 7.76578 20 18 0
1.1725 7.8351 30 27 1
-6.26323 1.42948 1.13687e-13 0 0
-6.31612 1.4425 10 9 0
-6.37429 1.45383 20 16 0
-6.43304 1.4675 30 25 1
2.43159 -4.27332 -1.13687e-13 5 0
2.45117 -4.31439 10 14 0
2.47059 -4.35442 20 21 0
2.49117 -4.38975 30 30 1
5.4285 -6.25612 -1.13687e-13 5 0
5.47117 -6.30909 10 14 0
5.51865 -6.36922 20 21 0
5.56617 -6.4253 30 30 1
7.34114 -0.447207 1.13687e-13 4 0
7.40501 -0.4525 10 13 0
7.46527 -0.455325 20 20 0
7.53522 -0.4625 30 29 1
4.04509 7.15911 0 3 0
4.0775 7.21871 10 11 0
4.10957 7.28865 20 19 0
4.1475 7.35235 30 27 1
4.2057 7.22023 -1.13687e-13 3 0
4.2425 7.28471 10 11 0
4.28054 7.34864 20 19 0
4.3125 7.41128 30 27 1
5.46623 2.18571 1.13687e-13 4 0
5.51896 2.20617 10 12 0
5.56422 2.2263 20 20 0
5.60846 2.24617 30 28 1
-4.82661 -3.04117 10 8 0
-4.87971 -3.07243 20 23 0
-4.92404 -3.09617 30 24 1
-3.1675 -4.93692 10 15 0
-3.19579 -4.97808 20 23 0
-3.2275 -5.0252 30 31 1
6.64867 -1.31312 0 4 0
6.71024 -1.3275 10 13 0
6.77279 -1.33747 20 20 0
6.82216 -1.3475 30 29 1
-5.7994 -1.66346 1.13687e-13 0 0
-5.84956 -1.68117 10 8 0
-5.90392 -1.69593 20 16 0
-5.95735 -1.71117 30 24 1
8.02238 -1.2325 10 13 0
8.08589 -1.24277 20 20 0
8.16259 -1.2525 30 29 1
3.88992 4.52416 -2.27374e-13 3 0
3.9225 4.56055 10 11 0
3.95618 4.60572 20 19 0
3.9875 4.64676 30 27 1
2.36845 6.5964 0 2 0
2.3875 6.66008 10 11 0
2.40634 6.71399 20 18 0
2.4275 6.77786 30 27 1
-6.56374 0.904518 1.13687e-13 0 0
-6.6205 0.9125 10 9 0
-6.68786 0.92346 20 16 0
-6.74657 0.9325 30 25 1
3.06245 -7.73965 0 6 0
3.08617 -7.81318 10 14 0
3.11116 -7.88337 20 22 0
3.13617 -7.9551 30 30 1
-4.89196 -5.00957 -1.13687e-13 7 0
-4.9375 -5.05229 10 15 0
-4.98435 -5.10196 20 23 0
-5.0325 -5.14729 30 31 1
2.03147 -8.36026 1.13687e-13 6 0
2.04617 -8.43488 10 14 0
2.06394 -8.51705 20 22 0
2.08117 -8.59009 30 30 1
7.51753 -2.41987 1.13687e-13 4 0
7.58482 -2.4425 10 13 0
7.64819 -2.46316 20 20 0
7.70967 -2.4825 30 29 1
-4.70425 -2.75617 10 8 0
-4.74758 -2.77957 20 23 0
-4.79667 -2.80617 30 24 1
2.95047 6.64618 -1.13687e-13 3 0
2.9725 6.70061 10 11 0
2.99918 6.76377 20 19 0
3.0225 6.82839 30 27 1
-3.3675 -3.68028 10 15 0
-3.3974 -3.71401 20 23 0
-3.4325 -3.74528 30 31 1
-2.55301 4.3182 0 1 0
-2.58117 4.35954 10 10 0
-2.6089 4.40088 20 17 0
-2.63117 4.43783 30 26 1
4.83908 -1.9815 0 4 0
4.88415 -1.9975 10 13 0
4.924 -2.01668 20 20 1
-5.23937 -3.47035 -1.13687e-13 7 0
-5.28661 -3.50117 10 8 0
-5.33512 -3.53166 20 23 0
-5.38697 -3.56617 30 24 1
-7.99443 0.582506 1.13687e-13 0 0
-8.06327 0.5875 10 9 0
-8.13815 0.59333 20 16 0
-8.21469 0.5975 30 25 1
3.0817 -4.51013 0 5 0
3.10617 -4.5522 10 14 0
3.13107 -4.59011 20 21 0
3.15617 -4.63049 30 30 1
0.712393 5.22451 0 2 0
0.7125 5.26792 10 11 0
0.717805 5.31597 20 18 0
0.7225 5.36984 30 27 1
-3.55377 -6.49558 1.13687e-13 7 0
-3.5875 -6.559 10 15 0
-3.61937 -6.61476 20 23 0
-3.6575 -6.6785 30 31 1
-4.59543 -5.19523 -1.13687e-13 7 0
-4.6425 -5.24519 10 15 0
-4.68129 -5.28491 20 23 0
-4.7275 -5.33726 30 31 1
0.780043 5.64915 0 2 0
0.7825 5.70562 10 11 0
0.788161 5.7602 20 18 0
0.7925 5.80754 30 27 1
3.88492 3.08791 -1.13687e-13 3 0
3.91873 3.11617 10 12 0
3.95071 3.14223 20 19 0
3.98081 3.17117 30 28 1
-5.45179 4.653 1.13687e-13 1 0
-5.50025 4.6925 10 9 0
-5.55565 4.7339 20 17 0
-5.60647 4.7775 30 25 1
-2.90118 -3.60047 2.27374e-13 7 0
-2.9275 -3.62919 10 15 0
-2.95279 -3.65973 20 23 0
-2.9825 -3.69126 30 31 1
5.44093 -5.00569 -2.27374e-13 5 0
5.48549 -5.0525 10 13 0
5.53332 -5.09808 20 21 0
5.58256 -5.1425 30 29 1
-3.30117 3.59462 10 10 0
-3.33395 3.62964 20 17 0
-3.36617 3.65962 30 26 1
-6.16524 -0.997786 0 0 0
-6.22108 -1.00617 10 8 0
-6.28283 -1.01402 20 16 0
-6.34008 -1.02617 30 24 1
-3.1775 -4.34588 10 15 0
-3.20901 -4.38282 20 23 0
-3.2425 -4.42502 30 31 1
-0.560858 -4.70189 -1.13687e-13 6 0
-0.5675 -4.74108 10 15 0
-0.574388 -4.78681 20 22 0
-0.5825 -4.82679 30 31 1
3.86437 -5.44587 0 5 0
3.89617 -5.49069 10 14 0
3.92568 -5.54162 20 21 0
3.96117 -5.59105 30 30 1
-0.49718 6.66826 -1.13687e-13 2 0
-0.501169 6.72724 10 10 0
-0.51071 6.79239 20 18 0
-0.516169 6.84831 30 26 1
5.07902 -3.71386 0 5 0
5.12094 -3.7475 10 13 0
5.16711 -3.78282 20 21 0
5.21215 -3.8175 30 29 1
-1.02617 8.00178 10 10 0
-1.03567 8.07282 20 18 0
-1.04617 8.14198 30 26 1
-2.1168 -7.56979 -1.13687e-13 6 0
-2.1425 -7.64544 10 15 0
-2.1628 -7.70698 20 22 0
-2.1825 -7.77737 30 31 1
-8.18388 2.23586 1.13687e-13 0 0
-8.26249 2.2575 10 9 0
-8.33413 2.27645 20 16 0
-8.41563 2.2975 30 25 1
-3.8525 -5.14109 10 15 0
-3.88959 -5.18969 20 23 0
-3.9275 -5.2373 30 31 1
5.26717 6.77775 -1.13687e-13 3 0
5.3125 6.8415 10 11 0
5.35349 6.89469 20 19 0
5.4025 6.95979 30 27 1
-7.10995 -3.68774 -1.13687e-13 7 0
-7.17039 -3.71617 10 8 0
-7.24602 -3.75493 20 23 0
-7.3111 -3.78617 30 24 1
7.66779 0.683893 0 4 0
7.73249 0.686169 10 12 0
7.79844 0.694716 20 20 0
7.8677 0.701169 30 28 1
1.09394 6.53761 0 2 0
1.1025 6.59837 10 11 0
1.11288 6.66173 20 18 0
1.1175 6.71944 30 27 1
-0.00469144 7.47833 -1.13687e-13 2 0
-0.00616865 7.54746 10 10 0
-0.00739742 7.61552 20 18 0
-0.0111686 7.68681 30 26 1
5.55734 -3.61433 0 5 0
5.60784 -3.6475 10 13 0
5.65579 -3.68217 20 21 1
-3.17117 5.84757 10 10 0
-3.20403 5.90296 20 17 0
-3.23117 5.95707 30 26 1
7.79191 -1.01276 1.13687e-13 4 0
7.86188 -1.0225 10 13 0
7.9291 -1.0317 20 20 0
7.99708 -1.0375 30 29 1
4.74762 0.621655 0 4 0
4.78749 0.626169 10 12 0
4.83254 0.629773 20 20 0
4.8682 0.636169 30 28 1
5.44444 -4.37394 0 5 0
5.48896 -4.4125 10 13 0
5.53524 -4.44944 20 21 0
5.58517 -4.4875 30 29 1
2.39678 -6.10644 -1.13687e-13 6 0
2.41617 -6.1603 10 14 0
2.43737 -6.2175 20 22 0
2.45617 -6.27101 30 30 1
0.0425752 -4.96973 0 6 0
0.0411686 -5.01567 10 14 0
0.0371632 -5.06119 20 22 0
0.0361686 -5.10259 30 30 1
-2.32325 -4.02134 -1.13687e-13 7 0
-2.3425 -4.05535 10 15 0
-2.36991 -4.09479 20 23 1
4.48373 2.97876 -2.27374e-13 3 0
4.52291 3.00617 10 12 0
4.55988 3.03195 20 19 0
4.59913 3.06117 30 28 1
-7.51753 -0.816486 1.13687e-13 0 0
-7.58257 -0.826169 10 8 0
-7.65472 -0.835427 20 16 0
-7.72485 -0.841169 30 24 1
5.74714 -0.92346 1.13687e-13 4 0
5.79405 -0.9275 10 13 0
5.84513 -0.93699 20 20 0
5.8939 -0.9425 30 29 1
-7.45873 -2.7675 0 0 0
-7.53232 -2.79117 10 8 0
-7.60246 -2.81621 20 16 0
-7.67217 -2.84617 30 24 1
-4.90832 -5.74155 1.13687e-13 7 0
-4.9525 -5.78854 10 15 0
-4.99959 -5.8443 20 23 0
-5.0475 -5.89768 30 31 1
0.771925 6.24363 -1.13687e-13 2 0
0.7775 6.30166 10 11 0
0.782749 6.36122 20 18 0
0.7825 6.41979 30 27 1
1.36851 -4.76068 0 6 0
1.38117 -4.8071 10 14 0
1.39015 -4.85214 20 22 0
1.40117 -4.89074 30 30 1
4.70184 7.17679 -2.27374e-13 3 0
4.7425 7.24024 10 11 0
4.78322 7.30791 20 19 0
4.8275 7.37474 30 27 1
5.82844 5.91161 -1.13687e-13 3 0
5.8825 5.96901 10 11 0
5.93548 6.0263 20 19 0
5.9825 6.07608 30 27 1
6.56805 4.09106 -2.27374e-13 3 0
6.62579 4.12617 10 12 0
6.6861 4.16702 20 19 0
6.74322 4.20117 30 28 1
1.96923 -6.00192 0 6 0
1.98617 -6.05557 10 14 0
2.0017 -6.10644 20 22 0
2.01617 -6.16335 30 30 1
1.07085 -7.75271 -1.13687e-13 6 0
1.08117 -7.82343 10 14 0
1.08979 -7.8899 20 22 0
1.09617 -7.96571 30 30 1
8.04016 -1.56478 0 4 0
8.10575 -1.5775 10 13 0
8.17734 -1.59454 20 20 0
8.25596 -1.6075 30 29 1
-1.39557 5.7798 -1.13687e-13 2 0
-1.41117 5.82705 10 10 0
-1.42533 5.87779 20 18 0
-1.44117 5.93483 30 26 1
-3.53861 -3.14617 10 8 0
-3.56852 -3.17334 20 23 0
-3.60068 -3.20117 30 24 1
-7.21076 4.64015 -1.13687e-13 1 0
-7.27923 4.6825 10 9 0
-7.34842 4.72423 20 17 0
-7.4158 4.7625 30 25 1
-6.63544 -2.86882 1.13687e-13 7 0
-6.69187 -2.89117 10 8 0
-6.75957 -2.92023 20 23 0
-6.81758 -2.94617 30 24 1
4.16189 -4.55707 0 5 0
4.19617 -4.59568 10 14 0
4.22815 -4.63864 20 21 0
4.26617 -4.67983 30 30 1
-1.7375 -7.07074 10 15 0
-1.7542 -7.13863 20 22 0
-1.7725 -7.19766 30 31 1
-5.69488 -1.44157 -1.13687e-13 0 0
-5.74477 -1.45617 10 8 0
-5.7994 -1.46863 20 16 0
-5.85462 -1.48117 30 24 1
3.99879 5.12668 -3.41061e-13 3 0
4.0325 5.17259 10 11 0
4.06392 5.21861 20 19 0
4.1025 5.27088 30 27 1
5.95619 -1.93008 2.27374e-13 4 0
6.00795 -1.9475 10 13 0
6.05418 -1.96526 20 20 0
6.10659 -1.9825 30 29 1
-0.708246 4.9436 0 2 0
-0.716169 4.99063 10 10 0
-0.721776 5.02853 20 18 0
-0.731169 5.07634 30 26 1
-1.25617 7.95601 10 10 0
-1.27109 8.02709 20 18 0
-1.28617 8.09914 30 26 1
-0.559417 5.74714 -1.13687e-13 2 0
-0.566169 5.80229 10 10 0
-0.575653 5.85166 20 18 0
-0.581169 5.90215 30 26 1
-5.14914 6.53547 0 1 0
-5.20117 6.5977 10 10 0
-5.25235 6.65399 20 17 1
1.97338 8.36026 -1.13687e-13 2 0
1.9925 8.4359 10 11 0
2.00856 8.51052 20 18 0
2.0225 8.5861 30 27 1
-4.74564 0.3175 10 9 0
-4.79335 0.322732 20 16 0
-4.84049 0.3275 30 25 1
-1.37933 4.93054 0 2 0
-1.39117 4.97974 10 10 0
-1.4091 5.02853 20 18 0
-1.42117 5.0663 30 26 1
-6.14479 -5.29038 1.13687e-13 7 0
-6.20237 -5.33617 10 8 0
-6.2606 -5.38706 20 23 0
-6.31652 -5.43617 30 24 1
-4.89317 4.07524 2.27374e-13 1 0
-4.9344 4.1125 10 9 0
-4.98397 4.15074 20 17 0
-5.03061 4.1875 30 25 1
-5.74392 -4.45325 0 7 0
-5.80078 -4.49617 10 8 0
-5.85432 -4.53687 20 23 0
-5.90906 -4.57617 30 24 1
-0.7075 -8.32469 10 15 0
-0.717805 -8.39946 20 22 0
-0.7275 -8.47197 30 31 1
-0.953226 -4.78681 -1.13687e-13 6 0
-0.9625 -4.83203 10 15 0
-0.974873 -4.87827 20 22 0
-0.9875 -4.92067 30 31 1
-8.16428 -1.7284 0 0 0
-8.24802 -1.74617 10 8 0
-8.32107 -1.76087 20 16 0
-8.39822 -1.77617 30 24 1
4.24971 -6.742 -2.27374e-13 5 0
4.28117 -6.802 10 14 0
4.32184 -6.86388 20 21 0
4.35617 -6.9265 30 30 1
3.51377 7.11763 -1.13687e-13 3 0
3.5475 7.18368 10 11 0
3.58095 7.25369 20 19 0
3.6075 7.31439 30 27 1
-7.88441 -3.53228 1.13687e-13 7 0
-7.96084 -3.56617 10 8 0
-8.03084 -3.59835 20 23 0
-8.10362 -3.63117 30 24 1
-4.42278 5.17386 0 1 0
-4.46617 5.21924 10 10 0
-4.51135 5.27008 20 17 1
-0.544623 -6.19137 -1.13687e-13 6 0
-0.5525 -6.24636 10 15 0
-0.558152 -6.30243 20 22 0
-0.5675 -6.36036 30 31 1
1.23735 6.85772 -1.13687e-13 2 0
1.2425 6.92222 10 11 0
1.25359 6.98837 20 18 0
1.2625 7.04829 30 27 1
2.91362 -7.98136 -1.13687e-13 6 0
2.94117 -8.05709 10 14 0
2.96233 -8.12508 20 22 0
2.98617 -8.19401 30 30 1
3.54568 -4.10159 1.13687e-13 5 0
3.58117 -4.14332 10 14 0
3.6054 -4.18044 20 21 0
3.63617 -4.21953 30 30 1
5.36178 5.02017 -3.41061e-13 3 0
5.40912 5.06617 10 12 0
5.45416 5.11256 20 19 0
5.49912 5.15617 30 28 1
1.83513 -4.13991 -1.13687e-13 5 0
1.84617 -4.17609 10 14 0
1.85837 -4.20906 20 21 0
1.87617 -4.24851 30 30 1
3.90693 -5.43103 0 5 0
3.94117 -5.47913 10 14 0
3.97477 -5.52949 20 21 0
4.01117 -5.58448 30 30 1
-0.069635 7.70045 -1.13687e-13 2 0
-0.0711686 7.76803 10 10 0
-0.072341 7.83764 20 18 0
-0.0761686 7.90738 30 26 1
2.11443 -4.6182 -2.27374e-13 5 0
2.13117 -4.65908 10 14 0
2.1469 -4.69659 20 21 0
2.16617 -4.74357 30 30 1
1.69196 6.2175 -1.13687e-13 2 0
1.7025 6.27206 10 11 0
1.71631 6.32856 20 18 0
1.7325 6.38692 30 27 1
-0.233435 -6.38082 0 6 0
-0.2375 -6.43341 10 15 0
-0.241553 -6.49188 20 22 0
-0.2475 -6.54947 30 31 1
4.10966 3.02947 -2.27374e-13 3 0
4.14158 3.05617 10 12 0
4.18198 3.08649 20 19 0
4.21779 3.11117 30 28 1
6.6552 2.22901 1.13687e-13 4 0
6.71155 2.24617 10 12 0
6.77279 2.26689 20 20 0
6.82933 2.28617 30 28 1
0.41203 4.95667 -1.13687e-13 2 0
0.4125 4.9962 10 11 0
0.414736 5.04159 20 18 0
0.4175 5.08606 30 27 1
-2.79117 5.75748 10 10 0
-2.82111 5.81471 20 17 0
-2.84617 5.86905 30 26 1
-7.9613 -3.70484 0 7 0
-8.03684 -3.74117 10 8 0
-8.10773 -3.7709 20 23 0
-8.1867 -3.80617 30 24 1
-3.44117 5.94079 10 10 0
-3.47682 5.99972 20 17 0
-3.50617 6.04822 30 26 1
6.42002 -0.363322 1.13687e-13 4 0
6.47148 -0.3675 10 13 0
6.53108 -0.37144 20 20 1
-3.5975 -4.94973 10 15 0
-3.63071 -4.99587 20 23 0
-3.6625 -5.03594 30 31 1
-3.5325 -3.80285 10 15 0
-3.56818 -3.83887 20 23 0
-3.6025 -3.87285 30 31 1
6.16798 -3.74279 -1.13687e-13 5 0
6.22074 -3.7725 10 13 0
6.2768 -3.80951 20 21 0
6.33317 -3.8425 30 29 1
-5.03528 5.41133 2.27374e-13 1 0
-5.08117 5.45947 10 10 0
-5.13038 5.51025 20 17 0
-5.17617 5.56154 30 26 1
-6.86416 -5.32859 0 7 0
-6.93327 -5.38117 10 8 0
-6.99687 -5.42685 20 23 0
-7.06362 -5.47617 30 24 1
-1.34686 7.00797 -1.13687e-13 2 0
-1.36117 7.07106 10 10 0
-1.37662 7.13209 20 18 0
-1.39117 7.20005 30 26 1
-6.6552 -1.46051 0 0 0
-6.71437 -1.47117 10 8 0
-6.78586 -1.48757 20 16 0
-6.84336 -1.50117 30 24 1
1.43489 8.44519 0 2 0
1.4475 8.52022 10 11 0
1.45654 8.60198 20 18 0
1.4675 8.67457 30 27 1
2.88527 -5.31632 0 5 0
2.90617 -5.36336 10 14 0
2.92968 -5.41049 20 21 0
2.95617 -5.46286 30 30 1
7.35421 0.597301 0 4 0
7.42121 0.601169 10 12 0
7.48487 0.608125 20 20 0
7.55142 0.611169 30 28 1
-5.05899 0.3975 10 9 0
-5.10692 0.403912 20 16 0
-5.15384 0.4075 30 25 1
3.80449 3.92593 -1.13687e-13 3 0
3.8375 3.96643 10 11 0
3.86533 3.99442 20 19 0
3.9025 4.03143 30 27 1
6.45734 4.29416 0 3 0
6.51759 4.33617 10 12 0
6.57157 4.37395 20 19 0
6.62795 4.41117 30 28 1
0.962609 -7.85724 0 6 0
0.966169 -7.92763 10 14 0
0.973432 -8.00096 20 22 0
0.981169 -8.06991 30 30 1
6.77932 0.716364 0 4 0
6.83911 0.726169 10 12 0
6.89691 0.7326 20 20 0
6.96017 0.741169 30 28 1
-4.2425 -4.57649 10 15 0
-4.28208 -4.62165 20 23 0
-4.3225 -4.66356 30 31 1
-3.29369 -6.15514 1.13687e-13 7 0
-3.3225 -6.20915 10 15 0
-3.35658 -6.26778 20 23 0
-3.3875 -6.32365 30 31 1
7.65472 -1.01005 0 4 0
7.72253 -1.0175 10 13 0
7.79191 -1.02899 20 20 0
7.85566 -1.0375 30 29 1
3.84542 6.48109 -2.27374e-13 3 0
3.8825 6.54287 10 11 0
3.91485 6.59644 20 19 0
3.9475 6.65737 30 27 1
-1.85558 4.74762 0 2 0
-1.87617 4.79298 10 10 0
-1.89347 4.83908 20 18 0
-1.91617 4.88248 30 26 1
-4.89257 3.2575 10 9 0
-4.94074 3.28857 20 17 0
-4.98792 3.3175 30 25 1
3.93012 6.95996 0 3 0
3.9675 7.02385 10 11 0
3.99843 7.08567 20 19 0
4.0325 7.15249 30 27 1
-3.7991 -7.95019 0 7 0
-3.8325 -8.02022 10 15 0
-3.86899 -8.09279 20 23 0
-3.9075 -8.16594 30 31 1
-6.90345 -2.71067 0 0 0
-6.97527 -2.73617 10 8 0
-7.0341 -2.75938 20 16 0
-7.10306 -2.78617 30 24 1
6.04825 4.5739 -1.13687e-13 3 0
6.09756 4.61617 10 12 0
6.15483 4.66134 20 19 0
6.20377 4.70117 30 28 1
0.280701 -6.49841 0 6 0
0.281169 -6.55674 10 14 0
0.283407 -6.60947 20 22 0
0.286169 -6.67488 30 30 1
-3.14418 -7.1269 1.13687e-13 7 0
-3.1725 -7.19052 10 15 0
-3.20213 -7.25373 20 23 0
-3.2375 -7.32623 30 31 1
-5.3421 2.03291 0 0 0
-5.39877 2.0525 10 9 0
-5.44663 2.0708 20 16 0
-5.49034 2.0875 30 25 1
2.18117 -8.08197 10 14 0
2.20195 -8.15775 20 22 0
2.21617 -8.23011 30 30 1
1.42136 7.70698 0 2 0
1.4325 7.7769 10 11 0
1.4403 7.84417 20 18 0
1.4525 7.91711 30 27 1
-2.92117 6.36124 10 10 0
-2.95339 6.42152 20 17 0
-2.98117 6.47781 30 26 1
-3.69821 3.3925 10 9 0
-3.72866 3.41971 20 17 0
-3.76528 3.4525 30 25 1
3.19549 -6.39192 -1.13687e-13 5 0
3.21617 -6.44411 10 14 0
3.24149 -6.50298 20 21 0
3.27117 -6.56275 30 30 1
-7.23009 0.90993 1.13687e-13 0 0
-7.29726 0.9175 10 9 0
-7.36074 0.926166 20 16 0
-7.42539 0.9325 30 25 1
-4.42031 -4.51114 -1.13687e-13 7 0
-4.4625 -4.54901 10 15 0
-4.50729 -4.59046 20 23 0
-4.5475 -4.62693 30 31 1
-5.95169 -4.23625 -1.13687e-13 7 0
-6.00712 -4.27117 10 8 0
-6.06321 -4.3095 20 23 0
-6.12247 -4.35117 30 24 1
6.304 -3.27417 -1.13687e-13 5 0
6.35885 -3.3025 10 13 0
6.41394 -3.33053 20 21 0
6.46835 -3.3625 30 29 1
-0.341674 -5.76674 0 6 0
-0.3475 -5.81509 10 15 0
-0.352498 -5.87126 20 22 0
-0.3575 -5.92408 30 31 1
8.2884 0.99508 1.13687e-13 4 0
8.36362 1.00617 10 12 0
8.43212 1.01673 20 20 0
8.51089 1.02617 30 28 1
-4.00735 -2.64617 10 8 0
-4.04641 -2.66773 20 23 0
-4.08063 -2.69117 30 24 1
4.0435 -2.93857 0 5 0
4.07431 -2.9625 10 13 0
4.10659 -2.98635 20 21 1
-3.86706 3.3775 10 9 0
-3.90748 3.40718 20 17 0
-3.94327 3.4325 30 25 1
-1.46321 7.96829 -1.13687e-13 2 0
-1.47617 8.03458 10 10 0
-1.49298 8.10548 20 18 0
-1.50617 8.17772 30 26 1
-8.54318 0.734041 0 0 0
-8.62132 0.7425 10 9 0
-8.69997 0.744865 20 16 0
-8.77981 0.7525 30 25 1
5.87779 -2.21692 0 4 0
5.93025 -2.2375 10 13 0
5.98232 -2.26021 20 20 0
6.02682 -2.2775 30 29 1
3.95025 6.23768 0 3 0
3.9825 6.29639 10 11 0
4.01315 6.35032 20 19 0
4.0475 6.40382 30 27 1
-5.14348 -7.13242 0 7 0
-5.1925 -7.20234 10 15 0
-5.24175 -7.26512 20 23 0
-5.2925 -7.33062 30 31 1
3.42314 -4.06707 -1.13687e-13 5 0
3.45117 -4.10524 10 14 0
3.48016 -4.13939 20 21 0
3.50617 -4.17438 30 30 1
-4.60693 1.6425 10 9 0
-4.64962 1.65949 20 16 0
-4.6935 1.6725 30 25 1
4.10521 -3.81922 0 5 0
4.142 -3.8575 10 13 0
4.17912 -3.89313 20 21 0
4.212 -3.9275 30 29 1
-0.185992 6.00845 -2.27374e-13 2 0
-0.191169 6.06369 10 10 0
-0.19411 6.11951 20 18 0
-0.196169 6.17476 30 26 1
7.61552 -0.761101 1.13687e-13 4 0
7.67759 -0.7675 10 13 0
7.74618 -0.777337 20 20 0
7.81279 -0.7825 30 29 1
4.19557 -1.1675 10 13 0
4.23152 -1.17782 20 20 0
4.26507 -1.1875 30 29 1
-5.66653 -4.63227 -1.13687e-13 7 0
-5.72622 -4.67617 10 8 0
-5.77693 -4.71588 20 23 0
-5.82744 -4.75617 30 24 1
-6.09351 2.57002 -1.13687e-13 1 0
-6.1559 2.5975 10 9 0
-6.2111 2.61872 20 17 0
-6.26454 2.6425 30 25 1
5.51759 2.28673 -1.13687e-13 3 0
5.5674 2.31117 10 12 0
5.61176 2.33114 20 19 0
5.65689 2.35117 30 28 1
-7.84176 3.60265 1.13687e-13 1 0
-7.91715 3.6375 10 9 0
-7.98819 3.66871 20 17 0
-8.067 3.7025 30 25 1
-6.616 0.525681 0 0 0
-6.68598 0.5325 10 9 0
-6.74013 0.533799 20 16 0
-6.80412 0.5375 30 25 1
6.19186 -2.8597 -2.27374e-13 5 0
6.24291 -2.8825 10 13 0
6.29909 -2.90953 20 21 0
6.35448 -2.9375 30 29 1
-4.87471 -6.96697 1.13687e-13 7 0
-4.9225 -7.03133 10 15 0
-4.97027 -7.09314 20 23 0
-5.0175 -7.16169 30 31 1
5.90392 1.76087 1.13687e-13 4 0
5.95163 1.77617 10 12 0
6.00845 1.79334 20 20 0
6.05734 1.81117 30 28 1
3.74292 2.44461 0 3 0
3.77578 2.47117 10 12 0
3.80601 2.49239 20 19 0
3.84199 2.51617 30 28 1
0.478238 -6.70093 -1.13687e-13 6 0
0.481169 -6.76381 10 14 0
0.48365 -6.81852 20 22 0
0.486169 -6.88195 30 30 1
-2.27645 -7.79844 -1.13687e-13 6 0
-2.2975 -7.87115 10 15 0
-2.32245 -7.93563 20 22 0
-2.3475 -8.01308 30 31 1
-5.97579 0.179315 0 0 0
-6.03193 0.1825 10 9 0
-6.08684 0.182021 20 16 0
-6.13799 0.1825 30 25 1
4.23055 -4.93188 -1.13687e-13 5 0
4.26617 -4.97681 10 14 0
4.29951 -5.01997 20 21 0
4.34117 -5.07302 30 30 1
4.60501 -2.54336 0 5 0
4.64305 -2.5625 10 13 0
4.68228 -2.58619 20 21 0
4.72133 -2.6125 30 29 1
-6.26185 -3.86141 1.13687e-13 7 0
-6.32508 -3.89617 10 8 0
-6.38373 -3.93354 20 23 0
-6.43751 -3.96617 30 24 1
5.3225 -1.38077 2.27374e-13 4 0
5.36809 -1.3925 10 13 0
5.41396 -1.40783 20 20 0
5.45673 -1.4175 30 29 1
0.805662 -8.22307 -1.13687e-13 6 0
0.811169 -8.29589 10 14 0
0.816486 -8.3668 20 22 0
0.821169 -8.44732 30 30 1
3.73641 -4.48366 -2.27374e-13 5 0
3.76617 -4.52631 10 14 0
3.79772 -4.57941 20 21 1
-7.40647 2.57952 0 0 0
-7.47612 2.6025 10 9 0
-7.55019 2.62282 20 16 0
-7.62011 2.6475 30 25 1
6.66173 -1.38348 2.27374e-13 4 0
6.7166 -1.3975 10 13 0
6.77932 -1.41054 20 20 0
6.83352 -1.4225 30 29 1
2.67964 7.4914 -1.13687e-13 2 0
2.7025 7.56198 10 11 0
2.72564 7.62859 20 18 0
2.7475 7.6989 30 27 1
6.6552 1.47133 0 4 0
6.70815 1.48617 10 12 0
6.76626 1.5011 20 20 0
6.82508 1.51117 30 28 1
1.32521 -8.47132 0 6 0
1.33617 -8.55219 10 14 0
1.34415 -8.62158 20 22 0
1.35117 -8.70154 30 30 1
-4.8767 -3.3526 0 7 0
-4.92413 -3.38617 10 8 0
-4.96863 -3.41774 20 23 0
-5.01241 -3.44617 30 24 1
4.08479 -5.74283 0 5 0
4.11617 -5.78848 10 14 0
4.15534 -5.84782 20 21 0
4.18617 -5.89383 30 30 1
-2.63117 6.33994 10 10 0
-2.65586 6.3957 20 17 0
-2.68617 6.45858 30 26 1
3.30344 4.51936 0 3 0
3.3325 4.56452 10 11 0
3.35934 4.60204 20 19 0
3.3875 4.6478 30 27 1
4.34912 0.440354 2.27374e-13 4 0
4.38122 0.446169 10 12 0
4.42098 0.448472 20 20 0
4.46193 0.456169 30 28 1
-0.838133 4.87827 0 2 0
-0.846169 4.91557 10 10 0
-0.857075 4.9632 20 18 0
-0.866169 5.00628 30 26 1
2.60245 -4.55516 0 5 0
2.62617 -4.59546 10 14 0
2.64799 -4.63896 20 21 0
2.66617 -4.67789 30 30 1
-4.06203 -7.6965 1.13687e-13 7 0
-4.1025 -7.76697 10 15 0
-4.14228 -7.83798 20 23 1
-5.79905 5.92252 1.13687e-13 1 0
-5.85617 5.97991 10 10 0
-5.90721 6.02686 20 17 0
-5.96117 6.07784 30 26 1
3.17625 -4.42482 -2.27374e-13 5 0
3.20117 -4.46335 10 14 0
3.22291 -4.49826 20 21 0
3.25117 -4.54164 30 30 1
-5.94965 1.12641 1.13687e-13 0 0
-6.00405 1.1375 10 9 0
-6.06071 1.14535 20 16 0
-6.12304 1.1575 30 25 1
-4.44332 -3.88117 10 8 0
-4.4815 -3.91411 20 23 0
-4.52746 -3.95117 30 24 1
4.17705 4.0153 -1.13687e-13 3 0
4.21527 4.05617 10 12 0
4.25096 4.08921 20 19 0
4.28527 4.12617 30 28 1
-0.911195 4.71495 1.13687e-13 2 0
-0.921169 4.76429 10 10 0
-0.930137 4.79988 20 18 0
-0.941169 4.84793 30 26 1
5.70248 4.45774 -2.27374e-13 3 0
5.75128 4.49617 10 12 0
5.79981 4.53594 20 19 0
5.84543 4.57617 30 28 1
-5.76245 -5.92216 1.13687e-13 7 0
-5.8175 -5.97472 10 15 0
-5.87332 -6.03303 20 23 0
-5.9275 -6.08472 30 31 1
6.40835 -4.29696 0 5 0
6.46254 -4.3325 10 13 0
6.51987 -4.37021 20 21 0
6.5729 -4.4075 30 29 1
3.25628 7.00556 -1.13687e-13 3 0
3.2825 7.06717 10 11 0
3.3104 7.13622 20 19 0
3.3375 7.19996 30 27 1
-7.58496 -4.15509 1.13687e-13 7 0
-7.65246 -4.19117 10 8 0
-7.72373 -4.22881 20 23 0
-7.7961 -4.27117 30 24 1
-2.69317 -6.90998 0 6 0
-2.7225 -6.98094 10 15 0
-2.74729 -7.04064 20 22 0
-2.7725 -7.10165 30 31 1
-3.32883 -6.61889 -2.27374e-13 7 0
-3.3625 -6.68048 10 15 0
-3.39443 -6.73807 20 23 0
-3.4275 -6.80205 30 31 1
4.65049 -4.29944 -1.13687e-13 5 0
4.68771 -4.3325 10 13 0
4.73093 -4.37606 20 21 0
4.76771 -4.4125 30 29 1
1.80832 5.08732 0 2 0
1.8225 5.13341 10 11 0
1.83808 5.18532 20 18 0
1.8525 5.22705 30 27 1
-8.19694 2.83118 -1.13687e-13 0 0
-8.27559 2.8575 10 9 0
-8.3472 2.88259 20 16 0
-8.43166 2.9075 30 25 1
-5.09225 -1.75117 10 8 0
-5.13959 -1.76358 20 16 0
-5.18589 -1.78117 30 24 1
-4.46203 -4.59877 0 7 0
-4.5075 -4.6435 10 15 0
-4.55171 -4.68463 20 23 0
-4.5925 -4.7285 30 31 1
-5.22855 -3.44422 1.13687e-13 7 0
-5.27576 -3.47617 10 8 0
-5.3243 -3.50553 20 23 0
-5.37818 -3.53617 30 24 1
-2.3875 -6.5328 10 15 0
-2.41175 -6.5964 20 22 0
-2.4375 -6.65351 30 31 1
1.69322 -6.08031 0 6 0
1.70617 -6.12912 10 14 0
1.72028 -6.18484 20 22 0
1.73617 -6.2369 30 30 1
8.12508 -1.6216 0 4 0
8.2011 -1.6375 10 13 0
8.27534 -1.65137 20 20 0
8.34424 -1.6675 30 29 1
2.8351 -3.66655 0 5 0
2.85617 -3.70116 10 14 0
2.87906 -3.73346 20 21 0
2.90117 -3.76737 30 30 1
-0.927431 7.0537 1.13687e-13 2 0
-0.941169 7.11775 10 10 0
-0.949079 7.18436 20 18 0
-0.961169 7.24381 30 26 1
3.63116 -5.23562 -1.13687e-13 5 0
3.66117 -5.28398 10 14 0
3.69247 -5.33137 20 21 0
3.72117 -5.37933 30 30 1
0.066929 -7.0145 0 6 0
0.0661687 -7.07713 10 14 0
0.064223 -7.13863 20 22 0
0.0611686 -7.20648 30 30 1
1.17241 7.24968 -2.27374e-13 2 0
1.1825 7.31477 10 11 0
1.18865 7.38034 20 18 0
1.1975 7.44291 30 27 1
7.26275 1.25215 1.13687e-13 4 0
7.32461 1.26117 10 12 0
7.39341 1.2738 20 20 0
7.45568 1.28617 30 28 1
-0.697422 6.616 -2.27374e-13 2 0
-0.706169 6.67061 10 10 0
-0.71907 6.73359 20 18 0
-0.726169 6.79668 30 26 1
-8.11202 -0.0939888 -1.13687e-13 0 0
-8.19608 -0.0961686 10 8 0
-8.2688 -0.0939888 20 16 0
-8.34457 -0.0961686 30 24 1
7.8507 -2.14656 0 4 0
7.91793 -2.1675 10 13 0
7.98136 -2.18445 20 20 0
8.05193 -2.2025 30 29 1
-4.70362 -7.12882 0 7 0
-4.7475 -7.18867 10 15 0
-4.79535 -7.25882 20 23 0
-4.8425 -7.3261 30 31 1
6.42231 3.60856 -1.13687e-13 3 0
6.47813 3.64617 10 12 0
6.53112 3.67529 20 19 0
6.59263 3.71117 30 28 1
5.23433 -5.74814 0 5 0
5.28117 -5.80089 10 14 0
5.3283 -5.85742 20 21 0
5.37117 -5.90503 30 30 1
-3.53617 3.65991 10 10 0
-3.5725 3.69597 20 17 0
-3.60617 3.72991 30 26 1
-8.79143 -2.31289 -1.13687e-13 0 0
-8.86837 -2.33117 10 8 0
-8.95475 -2.35348 20 16 0
-9.04065 -2.37617 30 24 1
-5.2359 -0.636169 10 8 0
-5.28331 -0.643303 20 16 0
-5.33575 -0.651169 30 24 1
-5.08032 5.84671 0 1 0
-5.13117 5.90545 10 10 0
-5.18083 5.9587 20 17 0
-5.22617 6.00752 30 26 1
-2.06665 5.75367 0 2 0
-2.08617 5.80201 10 10 0
-2.10724 5.85166 20 18 0
-2.13117 5.91065 30 26 1
6.77932 -0.544623 1.13687e-13 4 0
6.8424 -0.5475 10 13 0
6.90345 -0.552741 20 20 0
6.95847 -0.5575 30 29 1
-6.20385 -5.40685 -1.13687e-13 7 0
-6.26373 -5.46117 10 8 0
-6.32237 -5.51006 20 23 0
-6.37995 -5.55617 30 24 1
0.935549 -7.47833 -1.13687e-13 6 0
0.941169 -7.54908 10 14 0
0.949079 -7.61552 20 22 0
0.956169 -7.68429 30 30 1
5.23758 -0.333556 1.13687e-13 4 0
5.28183 -0.3375 10 13 0
5.32904 -0.338968 20 20 0
5.37168 -0.3425 30 29 1
1.98276 -6.2567 0 6 0
2.00117 -6.31806 10 14 0
2.01253 -6.36775 20 22 0
2.03117 -6.42584 30 30 1
6.22403 -0.0548401 1.13687e-13 4 0
6.27669 -0.0525 10 13 0
6.32856 -0.0548401 20 20 0
6.38276 -0.0525 30 29 1
6.40779 -5.40617 -1.13687e-13 5 0
6.46324 -5.4575 10 13 0
6.51977 -5.50668 20 21 0
6.57239 -5.5525 30 29 1
-9.01355 0.988403 -1.13687e-13 0 0
-9.09553 0.9975 10 9 0
-9.1834 1.01005 20 16 0
-9.26402 1.0175 30 25 1
-0.196816 5.72101 1.13687e-13 2 0
-0.201169 5.77671 10 10 0
-0.20764 5.82553 20 18 0
-0.211169 5.87863 30 26 1
2.407 -3.74358 -1.13687e-13 5 0
2.42617 -3.77321 10 14 0
2.44442 -3.80779 20 21 0
2.46117 -3.83649 30 30 1
1.69466 6.00192 -1.13687e-13 2 0
1.7075 6.05786 10 11 0
1.72172 6.11951 20 18 1
-4.91288 3.86152 0 1 0
-4.95981 3.8975 10 9 0
-5.00751 3.93319 20 17 0
-5.0581 3.9675 30 25 1
-3.3125 -4.28996 10 15 0
-3.34434 -4.33064 20 23 0
-3.3775 -4.3691 30 31 1
-4.35944 5.9486 1.13687e-13 1 0
-4.40117 6.00277 10 10 0
-4.44035 6.05246 20 17 0
-4.48617 6.10898 30 26 1
-4.06668 3.1175 10 9 0
-4.10938 3.14986 20 17 0
-4.14789 3.1775 30 25 1
6.38082 2.31019 0 4 0
6.43592 2.33117 10 12 0
6.49188 2.35078 20 20 0
6.54663 2.37117 30 28 1
-5.63442 -5.7176 2.27374e-13 7 0
-5.6875 -5.76693 10 15 0
-5.74258 -5.82193 20 23 1
-1.43345 4.65616 0 2 0
-1.45117 4.70032 10 10 0
-1.46592 4.73455 20 18 0
-1.48117 4.77982 30 26 1
1.15744 -6.75972 0 6 0
1.16617 -6.81949 10 14 0
1.17368 -6.87731 20 22 0
1.18117 -6.94055 30 30 1
-6.00845 1.36183 0 0 0
-6.06227 1.3725 10 9 0
-6.11951 1.38618 20 16 0
-6.17212 1.3975 30 25 1
3.18624 -5.46805 -3.41061e-13 5 0
3.21117 -5.5128 10 14 0
3.23719 -5.56492 20 21 0
3.26617 -5.6173 30 30 1
-5.36823 2.12492 1.13687e-13 0 0
-5.41099 2.1425 10 9 0
-5.46623 2.16009 20 16 0
-5.5217 2.1825 30 25 1
-5.95168 4.44875 0 1 0
-6.00943 4.4875 10 9 0
-6.0659 4.52853 20 17 0
-6.11772 4.5675 30 25 1
5.2988 4.75055 -1.13687e-13 3 0
5.34625 4.79117 10 12 0
5.38848 4.8364 20 19 0
5.43125 4.87617 30 28 1
-0.495915 -5.68181 0 6 0
-0.5025 -5.72967 10 15 0
-0.509445 -5.7798 20 22 0
-0.5175 -5.84367 30 31 1
-0.378117 5.93659 -1.13687e-13 2 0
-0.381169 5.99206 10 10 0
-0.386235 6.04765 20 18 0
-0.391169 6.09398 30 26 1
9.53617 -3.39673 0 4 0
9.13873 -3.6075 10 13 0
8.72744 -3.80715 20 21 0
8.3225 -4.0075 30 29 1
-4.0612 -6.50553 1.13687e-13 7 0
-4.0975 -6.55988 10 15 0
-4.13716 -6.62358 20 23 0
-4.1775 -6.68231 30 31 1
5.70141 0.0371632 0 4 0
5.74606 0.0361686 10 12 0
5.7994 0.0344572 20 20 0
5.84505 0.0361686 30 28 1
-6.51148 1.52689 0 0 0
-6.57168 1.5425 10 9 0
-6.62907 1.55395 20 16 0
-6.68861 1.5675 30 25 1
-2.3828 3.99875 0 1 0
-2.40617 4.03605 10 10 0
-2.42946 4.07219 20 17 0
-2.45117 4.10226 30 26 1
-8.23614 0.861222 1.13687e-13 0 0
-8.31292 0.8725 10 9 0
-8.39293 0.877458 20 16 0
-8.46934 0.8875 30 25 1
5.16226 -4.86861 0 5 0
5.19907 -4.9075 10 13 0
5.24541 -4.95176 20 21 0
5.28907 -4.9975 30 29 1
5.72299 -4.73286 -2.27374e-13 5 0
5.77117 -4.7725 10 13 0
5.82304 -4.8176 20 21 0
5.87032 -4.8575 30 29 1
-4.73778 7.21476 0 1 0
-4.78117 7.28079 10 10 0
-4.82951 7.34476 20 17 0
-4.87117 7.40615 30 26 1
5.56975 -3.65735 -2.27374e-13 5 0
5.61748 -3.6925 10 13 0
5.6682 -3.72519 20 21 0
5.71784 -3.7575 30 29 1
-4.61584 5.6922 -1.13687e-13 1 0
-4.66117 5.74658 10 10 0
-4.70328 5.79877 20 17 0
-4.74617 5.84572 30 26 1
-5.37167 -4.9918 1.13687e-13 7 0
-5.42154 -5.03617 10 8 0
-5.47442 -5.08306 20 23 1
-3.62705 -6.22828 0 7 0
-3.6625 -6.28045 10 15 0
-3.69377 -6.3371 20 23 0
-3.7325 -6.39995 30 31 1
-5.70794 3.92566 0 1 0
-5.76228 3.9575 10 9 0
-5.81293 3.99621 20 17 0
-5.87263 4.0325 30 25 1
-1.11414 5.68834 -2.27374e-13 2 0
-1.12617 5.74711 10 10 0
-1.1385 5.7994 20 18 0
-1.15117 5.84282 30 26 1
-4.2834 5.67356 0 1 0
-4.32617 5.72978 10 10 0
-4.37084 5.78014 20 17 0
-4.40617 5.83099 30 26 1
-2.27117 5.93045 10 10 0
-2.29666 5.98232 20 18 0
-2.31617 6.03201 30 26 1
4.49284 0.072341 1.13687e-13 4 0
4.53448 0.0761686 10 12 0
4.57776 0.0750469 20 20 0
4.61226 0.0761686 30 28 1
-4.32392 3.9475 10 9 0
-4.36092 3.97925 20 17 0
-4.40806 4.0175 30 25 1
1.41324 5.21798 0 2 0
1.4225 5.26374 10 11 0
1.43218 5.31597 20 18 0
1.4475 5.36652 30 27 1
-6.1587 0.163079 0 0 0
-6.22199 0.1675 10 9 0
-6.2763 0.168491 20 16 0
-6.33512 0.1675 30 25 1
-5.85166 -1.62016 1.13687e-13 0 0
-5.90563 -1.63117 10 8 0
-5.96925 -1.64722 20 16 0
-6.02048 -1.66117 30 24 1
4.63466 7.04072 -1.13687e-13 3 0
4.6725 7.1066 10 11 0
4.71603 7.17184 20 19 0
4.7525 7.22903 30 27 1
-8.26014 -3.65544 1.13687e-13 7 0
-8.3354 -3.68617 10 8 0
-8.4104 -3.71768 20 23 0
-8.49025 -3.75617 30 24 1
4.84276 -6.37068 -2.27374e-13 5 0
4.88617 -6.42413 10 14 0
4.92637 -6.48108 20 21 0
4.97117 -6.54448 30 30 1
-3.46617 4.12731 10 10 0
-3.49481 4.16169 20 17 0
-3.53117 4.19938 30 26 1
-6.02805 -0.0101034 0 0 0
-6.08168 -0.0111686 10 8 0
-6.13257 -0.0101034 20 16 0
-6.19482 -0.0111686 30 24 1
-5.77188 -2.74383 0 7 0
-5.82441 -2.76617 10 8 0
-5.88294 -2.78983 20 23 0
-5.93805 -2.81617 30 24 1
-2.9275 -5.16361 10 15 0
-2.95853 -5.21534 20 23 0
-2.9875 -5.25897 30 31 1
3.49451 -7.57111 -1.13687e-13 5 0
3.52617 -7.64507 10 14 0
3.55134 -7.7083 20 21 0
3.58617 -7.78285 30 30 1
5.87506 3.24117 0 3 0
5.92635 3.27117 10 12 0
5.97463 3.29866 20 19 0
6.02878 3.33117 30 28 1
-6.87731 1.25088 1.13687e-13 0 0
-6.94222 1.2625 10 9 0
-7.00144 1.26983 20 16 0
-7.06829 1.2825 30 25 1
-3.77082 -6.82362 0 7 0
-3.8075 -6.88507 10 15 0
-3.84566 -6.95203 20 23 0
-3.8775 -7.01164 30 31 1
5.07426 2.06124 0 4 0
5.11819 2.08117 10 12 0
5.15265 2.09912 20 20 0
5.19562 2.11617 30 28 1
-6.93572 -5.64506 -1.13687e-13 7 0
-7.00078 -5.69617 10 8 0
-7.0646 -5.74715 20 23 0
-7.13407 -5.80117 30 24 1
5.15265 0.778602 0 4 0
5.20205 0.786169 10 12 0
5.24411 0.794838 20 20 0
5.28776 0.801169 30 28 1
6.01943 3.26309 -1.13687e-13 3 0
6.07363 3.29117 10 12 0
6.12554 3.32328 20 19 0
6.17606 3.35117 30 28 1
-5.50413 4.83162 1.13687e-13 1 0
-5.55798 4.8775 10 9 0
-5.6107 4.91906 20 17 0
-5.65712 4.9625 30 25 1
-1.4578 4.27072 -1.13687e-13 2 0
-1.47117 4.3102 10 10 0
-1.48486 4.34912 20 18 0
-1.50117 4.3897 30 26 1
-0.894959 7.8507 -1.13687e-13 2 0
-0.906169 7.91713 10 10 0
-0.919313 7.98789 20 18 0
-0.931169 8.06234 30 26 1
-5.38077 -3.39362 0 7 0
-5.42582 -3.42117 10 8 0
-5.48035 -3.45111 20 23 0
-5.53324 -3.48617 30 24 1
7.89643 2.64573 0 4 0
7.96386 2.67117 10 12 0
8.03362 2.69714 20 20 0
8.10579 2.72117 30 28 1
4.50102 3.76525 -2.27374e-13 3 0
4.5401 3.80117 10 12 0
4.57875 3.83533 20 19 0
4.61924 3.86617 30 28 1
-1.05732 5.61648 0 2 0
-1.07117 5.6709 10 10 0
-1.08438 5.72101 20 18 0
-1.09617 5.77368 30 26 1
5.60342 -0.479679 0 4 0
5.6531 -0.4825 10 13 0
5.70794 -0.490503 20 20 0
5.75503 -0.4925 30 29 1
0.853104 4.89787 0 2 0
0.8575 4.94623 10 11 0
0.863928 4.98933 20 18 0
0.8725 5.03901 30 27 1
2.61904 3.71632 -2.27374e-13 3 0
2.6425 3.75431 10 11 0
2.66569 3.78976 20 19 0
2.6875 3.82052 30 27 1
3.93883 -5.70402 -1.13687e-13 5 0
3.97117 -5.75661 10 14 0
4.00937 -5.80901 20 21 0
4.04117 -5.86197 30 30 1
-1.80617 7.57262 10 10 0
-1.82311 7.64819 20 18 0
-1.84117 7.71369 30 26 1
-3.1225 -6.22835 10 15 0
-3.15322 -6.28637 20 23 0
-3.1875 -6.34992 30 31 1
4.86896 7.61943 -1.13687e-13 3 0
4.9125 7.69308 10 11 0
4.95192 7.76745 20 19 0
4.9975 7.84879 30 27 1
-3.67776 -3.27117 10 8 0
-3.71205 -3.29773 20 23 0
-3.7519 -3.33117 30 24 1
0.474267 4.49284 -1.13687e-13 2 0
0.4775 4.53087 10 11 0
0.476973 4.57776 20 18 0
0.4775 4.60866 30 27 1
6.03458 0.51071 1.13687e-13 4 0
6.08463 0.516169 10 12 0
6.14564 0.52424 20 20 0
6.19863 0.531169 30 28 1
2.79059 8.21654 -1.13687e-13 2 0
2.8125 8.29423 10 11 0
2.83659 8.3668 20 18 0
2.8575 8.43822 30 27 1
3.74711 8.02066 0 3 0
3.7775 8.0925 10 11 0
3.81317 8.16709 20 19 1
-6.73883 5.34305 1.13687e-13 1 0
-6.8013 5.3925 10 9 0
-6.865 5.43861 20 17 0
-6.92958 5.4925 30 25 1
2.15151 4.2208 -1.13687e-13 3 0
2.1725 4.26012 10 11 0
2.19051 4.3019 20 19 0
2.2075 4.33754 30 27 1
-0.541917 -5.47929 1.13687e-13 6 0
-0.5475 -5.52718 10 15 0
-0.555447 -5.57728 20 22 0
-0.5625 -5.62704 30 31 1
-4.86623 0.7775 10 9 0
-4.91094 0.782749 20 16 0
-4.95401 0.7875 30 25 1
-7.80049 -2.24617 10 8 0
-7.8703 -2.26689 20 16 0
-7.94656 -2.28617 30 24 1
5.9118 4.63644 -1.13687e-13 3 0
5.96664 4.67617 10 12 0
6.01567 4.71735 20 19 0
6.06578 4.76117 30 28 1
0.973432 -7.72658 -1.13687e-13 6 0
0.981169 -7.80121 10 14 0
0.986962 -7.87684 20 22 0
0.996169 -7.94349 30 30 1
-9.09194 -0.413294 1.13687e-13 0 0
-9.17369 -0.416169 10 8 0
-9.26179 -0.418706 20 16 0
-9.35339 -0.426169 30 24 1
1.43345 -7.43914 0 6 0
1.44617 -7.50254 10 14 0
1.4551 -7.56979 20 22 0
1.46117 -7.63775 30 30 1
3.22553 3.22069 0 3 0
3.2497 3.24617 10 12 0
3.28097 3.27612 20 19 0
3.3097 3.30617 30 28 1
0.635185 -8.19041 0 6 0
0.641169 -8.26731 10 14 0
0.643303 -8.34066 20 22 0
0.646169 -8.41374 30 30 1
-7.38687 -2.17489 2.27374e-13 0 0
-7.46058 -2.19617 10 8 0
-7.52406 -2.21548 20 16 0
-7.59957 -2.23617 30 24 1
-2.85824 -7.41301 0 6 0
-2.8875 -7.48535 10 15 0
-2.90694 -7.55673 20 22 0
-2.9275 -7.62434 30 31 1
2.94608 -5.76365 -3.41061e-13 5 0
2.97117 -5.81727 10 14 0
2.99591 -5.87088 20 21 0
3.01617 -5.91884 30 30 1
-4.4087 2.4625 10 9 0
-4.45092 2.48495 20 17 0
-4.48905 2.5075 30 25 1
-5.51852 5.67644 -1.13687e-13 1 0
-5.57117 5.73027 10 10 0
-5.62015 5.77807 20 17 0
-5.67117 5.83027 30 26 1
6.79892 2.54831 -1.13687e-13 4 0
6.8527 2.57117 10 12 0
6.91651 2.59702 20 20 0
6.98048 2.62117 30 28 1
-1.74878 -8.48439 -1.13687e-13 6 0
-1.7675 -8.55738 10 15 0
-1.78937 -8.63464 20 22 0
-1.8075 -8.71759 30 31 1
6.22403 1.8177 0 4 0
6.28033 1.83617 10 12 0
6.33509 1.85288 20 20 0
6.38605 1.87117 30 28 1
6.34162 -1.28336 0 4 0
6.39946 -1.2925 10 13 0
6.45921 -1.305 20 20 1
-6.72053 -1.02214 0 0 0
-6.78348 -1.03117 10 8 0
-6.85118 -1.04379 20 16 0
-6.90955 -1.05117 30 24 1
4.86521 -1.40783 2.27374e-13 4 0
4.90519 -1.4175 10 13 0
4.95013 -1.43218 20 20 0
4.99383 -1.4425 30 29 1
3.97693 6.43274 -1.13687e-13 3 0
4.0125 6.4961 10 11 0
4.04635 6.54808 20 19 0
4.0825 6.60852 30 27 1
-6.57681 -0.340233 0 0 0
-6.63588 -0.346169 10 8 0
-6.70093 -0.348351 20 16 0
-6.76109 -0.351169 30 24 1
-2.9575 -4.60671 10 15 0
-2.98257 -4.64622 20 23 0
-3.0125 -4.69 30 31 1
-0.467414 5.70794 0 2 0
-0.476169 5.76179 10 10 0
-0.478238 5.81247 20 18 0
-0.486169 5.86372 30 26 1
-6.94328 5.2375 10 9 0
-7.00772 5.28666 20 17 0
-7.07364 5.3325 30 25 1
4.2941 3.87978 -2.27374e-13 3 0
4.32983 3.91617 10 12 0
4.36801 3.95369 20 19 0
4.39983 3.98617 30 28 1
-7.21109 -5.05557 0 7 0
-7.27552 -5.10117 10 8 0
-7.34763 -5.15 20 23 0
-7.41295 -5.19617 30 24 1
-5.69488 -1.36039 -1.13687e-13 0 0
-5.74462 -1.37117 10 8 0
-5.7994 -1.38204 20 16 0
-5.85448 -1.39617 30 24 1
8.10548 -1.05605 0 4 0
8.17765 -1.0625 10 13 0
8.24921 -1.07229 20 20 0
8.32493 -1.0825 30 29 1
4.22629 3.4025 -1.13687e-13 3 0
4.26202 3.43117 10 12 0
4.29479 3.46334 20 19 0
4.33409 3.49617 30 28 1
-3.94617 5.03158 10 10 0
-3.98648 5.07432 20 17 0
-4.02117 5.12072 30 26 1
-4.89296 -7.42913 0 7 0
-4.9375 -7.49181 10 15 0
-4.98469 -7.55913 20 23 0
-5.0325 -7.62923 30 31 1
2.25877 -8.28187 -1.13687e-13 6 0
2.27617 -8.35375 10 14 0
2.29395 -8.43212 20 22 0
2.31617 -8.50689 30 30 1
-4.62236 -2.06617 10 8 0
-4.6657 -2.0854 20 23 0
-4.71186 -2.10617 30 24 1
6.96224 -2.83929 0 4 0
7.02194 -2.8625 10 13 0
7.08636 -2.89071 20 20 0
7.14765 -2.9175 30 29 1
-2.9425 -5.28468 10 15 0
-2.97345 -5.32976 20 23 0
-2.9975 -5.37503 30 31 1
0.0831649 -7.95523 -1.13687e-13 6 0
0.0811686 -8.02551 10 14 0
0.0804589 -8.09242 20 22 0
0.0761686 -8.16901 30 30 1
5.48869 -6.36223 0 5 0
5.53617 -6.42359 10 14 0
5.58537 -6.47804 20 21 0
5.63117 -6.53273 30 30 1
-4.16372 2.7125 10 9 0
-4.20489 2.74023 20 17 0
-4.24201 2.7625 30 25 1
5.537 -3.48684 -1.13687e-13 5 0
5.5839 -3.5175 10 13 0
5.63275 -3.54815 20 21 0
5.67926 -3.5775 30 29 1
-0.9125 -7.53267 10 15 0
-0.92346 -7.60246 20 22 0
-0.9325 -7.66581 30 31 1
3.54451 5.57172 -2.27374e-13 3 0
3.5775 5.61562 10 11 0
3.61236 5.67017 20 19 1
-4.62572 -6.74477 0 7 0
-4.6725 -6.80254 10 15 0
-4.71204 -6.86171 20 23 0
-4.7625 -6.9279 30 31 1
-4.79162 -1.81117 10 8 0
-4.83908 -1.82852 20 16 0
-4.88319 -1.84617 30 24 1
-3.55401 -6.96652 0 7 0
-3.5875 -7.03276 10 15 0
-3.62231 -7.09223 20 23 0
-3.6575 -7.15226 30 31 1
6.53761 0.821898 1.13687e-13 4 0
6.59055 0.831169 10 12 0
6.64867 0.835427 20 20 0
6.70455 0.846169 30 28 1
3.14845 3.11299 -1.13687e-13 3 0
3.17299 3.14117 10 12 0
3.19735 3.16572 20 19 0
3.22799 3.19617 30 28 1
1.43345 -5.29637 1.13687e-13 6 0
1.44617 -5.34586 10 14 0
1.4578 -5.39437 20 22 0
1.46617 -5.43657 30 30 1
-1.34145 6.78586 0 2 0
-1.35617 6.84685 10 10 0
-1.37121 6.90998 20 18 0
-1.38617 6.96878 30 26 1
-5.29637 2.13845 1.13687e-13 0 0
-5.3482 2.1575 10 9 0
-5.39437 2.17903 20 16 0
-5.45184 2.1975 30 25 1
-5.88186 4.46313 1.13687e-13 1 0
-5.93958 4.5025 10 9 0
-5.99609 4.54291 20 17 0
-6.04786 4.5825 30 25 1
-5.54483 -3.58064 1.13687e-13 7 0
-5.5946 -3.61117 10 8 0
-5.65364 -3.64736 20 23 0
-5.70203 -3.67617 30 24 1
-6.25401 2.85298 0 1 0
-6.30862 2.8775 10 9 0
-6.36778 2.90551 20 17 0
-6.42933 2.9275 30 25 1
-5.7602 -0.48365 1.13687e-13 0 0
-5.81422 -0.486169 10 8 0
-5.87126 -0.491768 20 16 0
-5.93028 -0.496169 30 24 1
-0.731335 -4.44711 -1.13687e-13 6 0
-0.7425 -4.48475 10 15 0
-0.747571 -4.5255 20 22 0
-0.7575 -4.56339 30 31 1
0.49718 -7.83111 -1.13687e-13 6 0
0.501169 -7.90811 10 14 0
0.502592 -7.97483 20 22 0
0.506169 -8.04746 30 30 1
-0.6375 -7.90114 10 15 0
-0.64745 -7.96829 20 22 0
-0.6525 -8.03635 30 31 1
-4.37706 3.8875 10 9 0
-4.41832 3.92185 20 17 0
-4.4562 3.9525 30 25 1
-8.00096 -2.70526 0 0 0
-8.07336 -2.73117 10 8 0
-8.14468 -2.75397 20 16 0
-8.21736 -2.77617 30 24 1
5.34067 5.15214 -1.13687e-13 3 0
5.38355 5.19617 10 12 0
5.43306 5.24453 20 19 0
5.47855 5.29117 30 28 1
-4.67212 -7.64073 -1.13687e-13 7 0
-4.7175 -7.71021 10 15 0
-4.76274 -7.78109 20 23 0
-4.8075 -7.84971 30 31 1
4.04354 -5.68245 -1.13687e-13 5 0
4.07617 -5.73433 10 14 0
4.10756 -5.78473 20 21 0
4.14117 -5.83469 30 30 1
2.48701 -3.41412 0 5 0
2.50617 -3.44309 10 14 0
2.52825 -3.4745 20 21 0
2.54617 -3.5043 30 30 1
-2.33334 -3.92811 0 7 0
-2.3575 -3.96429 10 15 0
-2.37729 -3.99502 20 23 0
-2.4025 -4.03757 30 31 1
2.05727 6.58987 -1.13687e-13 2 0
2.0725 6.64913 10 11 0
2.09244 6.71399 20 18 0
2.1075 6.77606 30 27 1
7.56979 -0.558152 1.13687e-13 4 0
7.62815 -0.5625 10 13 0
7.70045 -0.568976 20 20 0
7.76543 -0.5725 30 29 1
-3.23117 5.08732 10 10 0
-3.26355 5.13206 20 17 0
-3.29617 5.18061 30 26 1
-6.20153 3.27502 1.13687e-13 1 0
-6.26486 3.3075 10 9 0
-6.318 3.33408 20 17 0
-6.38143 3.3675 30 25 1
1.87846 -3.86561 0 5 0
1.89617 -3.90082 10 14 0
1.90823 -3.93747 20 21 0
1.92617 -3.97324 30 30 1
-7.11463 -3.58144 0 7 0
-7.18352 -3.61617 10 8 0
-7.2534 -3.65516 20 23 0
-7.31716 -3.68617 30 24 1
-5.59996 5.04991 -1.13687e-13 1 0
-5.65777 5.0975 10 9 0
-5.70924 5.14389 20 17 0
-5.76691 5.1925 30 25 1
6.10644 -1.78667 1.13687e-13 4 0
6.15993 -1.8025 10 13 0
6.21097 -1.81914 20 20 0
6.27271 -1.8375 30 29 1
-4.46376 5.14213 -1.13687e-13 1 0
-4.51117 5.19353 10 10 0
-4.55232 5.23834 20 17 0
-4.59617 5.2856 30 26 1
-6.22403 -0.0479871 0 0 0
-6.27931 -0.0461686 10 8 0
-6.34162 -0.0479871 20 16 0
-6.40452 -0.0511686 30 24 1
-8.43866 -1.5931 0 0 0
-8.52314 -1.61117 10 8 0
-8.60198 -1.62287 20 16 0
-8.67542 -1.63617 30 24 1
-3.55148 7.10763 0 1 0
-3.58617 7.17474 10 10 0
-3.61979 7.23334 20 17 0
-3.65617 7.3013 30 26 1
1.98818 -5.68181 -1.13687e-13 6 0
2.00617 -5.72909 10 14 0
2.01794 -5.7798 20 22 0
2.03617 -5.83687 30 30 1
-8.7261 0.430971 1.13687e-13 0 0
-8.8063 0.4325 10 9 0
-8.88942 0.433677 20 16 0
-8.97393 0.4375 30 25 1
-1.4025 -6.8418 10 15 0
-1.41865 -6.90345 20 22 0
-1.4325 -6.96373 30 31 1
5.21026 3.36088 -2.27374e-13 3 0
5.2594 3.39617 10 12 0
5.30872 3.42872 20 19 0
5.34768 3.45617 30 28 1
-2.03959 5.80593 0 2 0
-2.06117 5.8548 10 10 0
-2.08288 5.91046 20 18 0
-2.10617 5.96344 30 26 1
-0.64745 -6.36122 0 6 0
-0.6525 -6.41707 10 15 0
-0.66098 -6.47228 20 22 0
-0.6675 -6.53107 30 31 1
1.28065 7.57633 -1.13687e-13 2 0
1.2875 7.64604 10 11 0
1.29959 7.71351 20 18 0
1.3075 7.78625 30 27 1
-8.53665 0.163079 0 0 0
-8.61408 0.1625 10 9 0
-8.69997 0.165785 20 16 0
-8.77464 0.1675 30 25 1
7.45873 -1.00464 0 4 0
7.51954 -1.0125 10 13 0
7.59592 -1.02358 20 20 0
7.65267 -1.0325 30 29 1
4.86247 -3.94888 -2.27374e-13 5 0
4.90339 -3.9825 10 13 0
4.94674 -4.02167 20 21 0
4.98546 -4.0575 30 29 1
-5.31365 -0.141169 10 8 0
-5.3617 -0.13999 20 16 0
-5.41265 -0.141169 30 24 1
-5.54462 -1.39015 0 0 0
-5.59785 -1.40117 10 8 0
-5.64915 -1.41721 20 16 0
-5.70563 -1.43117 30 24 1
1.12497 -6.68133 1.13687e-13 6 0
1.13617 -6.74706 10 14 0
1.1412 -6.79892 20 22 1
5.95619 -1.88679 0 4 0
6.00537 -1.9025 10 13 0
6.05418 -1.92197 20 20 0
6.10401 -1.9375 30 29 1
-2.89781 3.84405 0 1 0
-2.93117 3.88223 10 10 0
-2.95482 3.91638 20 17 0
-2.98617 3.95137 30 26 1
-1.07085 6.08031 -1.13687e-13 2 0
-1.08617 6.13845 10 10 0
-1.0952 6.19137 20 18 0
-1.10617 6.2433 30 26 1
-3.4275 -3.98777 10 15 0
-3.46243 -4.02778 20 23 0
-3.4925 -4.05984 30 31 1
-0.393088 -6.24363 1.13687e-13 6 0
-0.3975 -6.29642 10 15 0
-0.406618 -6.35469 20 22 0
-0.4125 -6.41042 30 31 1
-7.71139 4.55527 1.13687e-13 1 0
-7.7832 4.5925 10 9 0
-7.85287 4.63552 20 17 1
-6.06725 -0.784014 1.13687e-13 0 0
-6.12629 -0.791169 10 8 0
-6.1783 -0.797544 20 16 0
-6.24028 -0.806169 30 24 1
5.47727 -2.49335 -1.13687e-13 5 0
5.52436 -2.5175 10 13 0
5.57143 -2.53777 20 21 0
5.61885 -2.5625 30 29 1
1.46736 6.73359 1.13687e-13 2 0
1.4775 6.7966 10 11 0
1.48901 6.85118 20 18 0
1.5025 6.92059 30 27 1
1.8922 4.63656 -1.13687e-13 2 0
1.9075 4.68101 10 11 0
1.92197 4.72149 20 18 0
1.9375 4.76051 30 27 1
3.43793 -5.69678 -2.27374e-13 5 0
3.46617 -5.74659 10 14 0
3.49541 -5.79636 20 21 0
3.52117 -5.85109 30 30 1
3.68169 4.71392 -1.13687e-13 3 0
3.7175 4.7586 10 11 0
3.74412 4.79931 20 19 0
3.7775 4.83981 30 27 1
-0.30379 -7.85724 -1.13687e-13 6 0
-0.3075 -7.92469 10 15 0
-0.314614 -8.00096 20 22 0
-0.3225 -8.07404 30 31 1
3.71592 3.82971 0 3 0
3.7475 3.86229 10 11 0
3.7833 3.90092 20 19 0
3.8125 3.93436 30 27 1
-5.25605 -0.741169 10 8 0
-5.30291 -0.748836 20 16 0
-5.3559 -0.756169 30 24 1
1.09791 -6.2371 0 6 0
1.10617 -6.2928 10 14 0
1.11144 -6.34816 20 22 0
1.12117 -6.40679 30 30 1
1.5775 7.27843 10 11 0
1.59725 7.34768 20 18 0
1.6025 7.41657 30 27 1
-2.71753 -6.82505 -1.13687e-13 6 0
-2.7475 -6.88573 10 15 0
-2.77164 -6.94264 20 22 0
-2.7975 -7.00644 30 31 1
6.56374 2.35889 2.27374e-13 4 0
6.62735 2.38117 10 12 0
6.68133 2.40219 20 20 0
6.73806 2.42117 30 28 1
-6.3766 -5.41888 0 7 0
-6.44344 -5.47117 10 8 0
-6.49895 -5.51826 20 23 0
-6.55258 -5.56617 30 24 1
-7.21049 -1.89617 1.13687e-13 0 0
-7.27457 -1.91117 10 8 0
-7.34114 -1.92864 20 16 0
-7.41564 -1.94617 30 24 1
-8.20348 2.59034 -1.13687e-13 0 0
-8.27808 2.6125 10 9 0
-8.35373 2.63635 20 16 0
-8.42914 2.6575 30 25 1
4.80134 7.07729 -1.13687e-13 3 0
4.8475 7.14018 10 11 0
4.88654 7.20458 20 19 0
4.9275 7.26968 30 27 1
0.635185 -4.5451 -1.13687e-13 6 0
0.641169 -4.59036 10 14 0
0.643303 -4.63003 20 22 0
0.646169 -4.67314 30 30 1
-5.95622 -4.73061 1.13687e-13 7 0
-6.01214 -4.77117 10 8 0
-6.06662 -4.81422 20 23 0
-6.12543 -4.85617 30 24 1
-5.87946 -3.04276 0 7 0
-5.93849 -3.07117 10 8 0
-5.99322 -3.09529 20 23 0
-6.04506 -3.12117 30 24 1
-2.4425 -6.97671 10 15 0
-2.46587 -7.04064 20 22 0
-2.4875 -7.09949 30 31 1
-6.02152 -2.18842 1.13687e-13 0 0
-6.07758 -2.20617 10 8 0
-6.13911 -2.2263 20 16 0
-6.19536 -2.24617 30 24 1
-2.0175 -6.04259 10 15 0
-2.03562 -6.09338 20 22 0
-2.0575 -6.14623 30 31 1
2.23387 3.64878 -1.13687e-13 3 0
2.2525 3.68251 10 11 0
2.27129 3.71299 20 19 0
2.2925 3.75079 30 27 1
-4.86951 -3.38751 -1.13687e-13 7 0
-4.91877 -3.41617 10 8 0
-4.96526 -3.44882 20 23 0
-5.00705 -3.47617 30 24 1
-4.21138 3.0925 10 9 0
-4.25282 3.11727 20 17 0
-4.29467 3.1475 30 25 1
-1.28877 -4.42098 0 6 0
-1.3025 -4.45785 10 15 0
-1.31583 -4.49937 20 22 0
-1.3275 -4.53942 30 31 1
7.24968 1.3658 1.13687e-13 4 0
7.30526 1.37617 10 12 0
7.37381 1.39015 20 20 0
7.43633 1.40117 30 28 1
1.51336 8.21654 -1.13687e-13 2 0
1.5225 8.28409 10 11 0
1.53501 8.36026 20 18 0
1.5475 8.43637 30 27 1
0.323997 -8.07935 -1.13687e-13 6 0
0.326169 -8.1503 10 14 0
0.329409 -8.22307 20 22 0
0.326169 -8.29173 30 30 1
-6.45559 -6.17138 0 7 0
-6.51962 -6.22617 10 8 0
-6.57681 -6.28113 20 23 0
-6.63669 -6.33617 30 24 1
-2.9775 -5.73687 10 15 0
-3.00589 -5.78698 20 23 0
-3.0375 -5.8393 30 31 1
-2.50916 -6.94918 0 6 0
-2.5325 -7.01014 10 15 0
-2.55787 -7.07983 20 22 0
-2.5825 -7.13792 30 31 1
4.9436 0.069635 1.13687e-13 4 0
4.9841 0.0661687 10 12 0
5.02853 0.066929 20 20 0
5.07395 0.0711686 30 28 1
5.25718 0.535064 1.13687e-13 4 0
5.29853 0.536169 10 12 0
5.34864 0.540476 20 20 0
5.39339 0.546169 30 28 1
1.63369 -3.96368 0 6 0
1.64617 -4.00437 10 14 0
1.65805 -4.03554 20 22 0
1.67117 -4.0718 30 30 1
-4.6975 6.83006 -1.13687e-13 1 0
-4.74117 6.89431 10 10 0
-4.78652 6.95353 20 17 0
-4.82617 7.01466 30 26 1
8.27534 0.0317512 0 4 0
8.35028 0.0311686 10 12 0
8.41906 0.0317512 20 20 0
8.4917 0.0311686 30 28 1
-0.196169 7.48997 10 10 0
-0.199522 7.55673 20 18 0
-0.201169 7.62225 30 26 1
-5.79192 -4.07265 0 7 0
-5.84712 -4.11117 10 8 0
-5.90615 -4.15244 20 23 0
-5.95747 -4.18617 30 24 1
-4.22094 2.8475 10 9 0
-4.25901 2.87088 20 17 0
-4.29922 2.8975 30 25 1
0.505298 -6.28283 -1.13687e-13 6 0
0.506169 -6.34334 10 14 0
0.508004 -6.39389 20 22 0
0.511169 -6.4544 30 30 1
4.09348 -5.56783 0 5 0
4.13117 -5.61963 10 14 0
4.16133 -5.66629 20 21 0
4.20117 -5.72498 30 30 1
-4.32261 -5.47729 -1.13687e-13 7 0
-4.3625 -5.52381 10 15 0
-4.40734 -5.57733 20 23 0
-4.4475 -5.62295 30 31 1
3.97502 5.78792 0 3 0
4.0075 5.84056 10 11 0
4.03904 5.89021 20 19 0
4.0775 5.94591 30 27 1
-5.20147 0.2925 10 9 0
-5.25064 0.295672 20 16 0
-5.2984 0.2975 30 25 1
-2.34681 -8.42559 -1.13687e-13 6 0
-2.3725 -8.50477 10 15 0
-2.39281 -8.57585 20 22 0
-2.4175 -8.64876 30 31 1
-1.24006 -5.79287 0 6 0
-1.2575 -5.84828 10 15 0
-1.26712 -5.89739 20 22 0
-1.2825 -5.95106 30 31 1
-1.1925 -7.77025 10 15 0
-1.21029 -7.83764 20 22 0
-1.2225 -7.90631 30 31 1
-6.55721 1.05876 1.13687e-13 0 0
-6.62701 1.0675 10 9 0
-6.68786 1.07499 20 16 0
-6.74808 1.0825 30 25 1
-8.3276 -0.19411 1.13687e-13 0 0
-8.40921 -0.196169 10 8 0
-8.48439 -0.199522 20 16 0
-8.56271 -0.201169 30 24 1
4.394 -3.48423 -2.27374e-13 5 0
4.42632 -3.5125 10 13 0
4.46903 -3.54778 20 21 0
4.50546 -3.5775 30 29 1
-4.70066 -3.80617 10 8 0
-4.74497 -3.84465 20 23 0
-4.79187 -3.87617 30 24 1
6.30243 0.0533991 2.27374e-13 4 0
6.3671 0.0561686 10 12 0
6.41348 0.0561051 20 20 0
6.47316 0.0561686 30 28 1
3.91951 5.57551 -1.13687e-13 3 0
3.9525 5.62292 10 11 0
3.99006 5.6805 20 19 0
4.0225 5.72828 30 27 1
-5.77066 5.01779 1.13687e-13 1 0
-5.82783 5.0625 10 9 0
-5.87723 5.10523 20 17 1
5.7798 2.23442 1.13687e-13 4 0
5.83059 2.25617 10 12 0
5.87779 2.27501 20 20 0
5.93423 2.29617 30 28 1
-6.74013 2.12492 0 0 0
-6.79692 2.1425 10 9 0
-6.86425 2.1655 20 16 0
-6.92884 2.1825 30 25 1
5.93166 -2.7411 -1.13687e-13 5 0
5.98649 -2.7675 10 13 0
6.0389 -2.79093 20 21 0
6.09306 -2.8175 30 29 1
-7.98789 0.704275 0 0 0
-8.06099 0.7125 10 9 0
-8.13161 0.715099 20 16 0
-8.20534 0.7225 30 25 1
-6.1979 1.76502 0 0 0
-6.25307 1.7825 10 9 0
-6.31549 1.79749 20 16 0
-6.37292 1.8175 30 25 1
-2.5125 -6.18404 10 15 0
-2.53622 -6.23057 20 22 0
-2.5625 -6.29061 30 31 1
1.28336 4.40791 0 2 0
1.2925 4.45492 10 11 0
1.3023 4.49284 20 18 0
1.3125 4.53149 30 27 1
-6.1979 1.41324 0 0 0
-6.25369 1.4225 10 9 0
-6.30896 1.4376 20 16 0
-6.37062 1.4475 30 25 1
0.959903 -4.72802 0 6 0
0.966169 -4.77394 10 14 0
0.973432 -4.81294 20 22 0
0.976169 -4.85465 30 30 1
7.21702 -1.82455 1.13687e-13 4 0
7.2768 -1.8375 10 13 0
7.34114 -1.85432 20 20 0
7.40373 -1.8725 30 29 1
-4.15779 6.67686 1.13687e-13 1 0
-4.19617 6.73822 10 10 0
-4.23375 6.79492 20 17 0
-4.27617 6.86064 30 26 1
-5.67528 2.08433 1.13687e-13 0 0
-5.73161 2.1025 10 9 0
-5.7798 2.12221 20 16 0
-5.84232 2.1425 30 25 1
1.76773 7.74618 0 2 0
1.7825 7.81577 10 11 0
1.79749 7.88337 20 18 0
1.8125 7.95891 30 27 1
-0.125196 -7.71351 0 6 0
-0.1275 -7.78005 10 15 0
-0.133314 -7.8507 20 22 0
-0.1375 -7.9244 30 31 1
4.87673 -6.30899 -2.27374e-13 5 0
4.91617 -6.3622 10 14 0
4.95652 -6.42322 20 21 0
5.00117 -6.48256 30 30 1
6.72706 1.42533 0 4 0
6.78336 1.44117 10 12 0
6.84465 1.45239 20 20 0
6.90028 1.46617 30 28 1
3.58097 5.96024 -1.13687e-13 3 0
3.6125 6.01832 10 11 0
3.64116 6.06635 20 19 0
3.6725 6.12781 30 27 1
1.28336 4.76068 0 2 0
1.2925 4.8014 10 11 0
1.3023 4.84561 20 18 0
1.3125 4.89211 30 27 1
-4.2437 -4.14117 10 8 0
-4.28231 -4.17797 20 23 0
-4.32577 -4.21617 30 24 1
0.0506931 -6.50494 -1.13687e-13 6 0
0.0461686 -6.56216 10 14 0
0.0452811 -6.62253 20 22 0
0.0461686 -6.68944 30 30 1
3.44489 -6.10556 1.13687e-13 5 0
3.47117 -6.16171 10 14 0
3.50125 -6.2155 20 21 0
3.52617 -6.26621 30 30 1
-1.09791 4.82601 -2.27374e-13 2 0
-1.11117 4.86944 10 10 0
-1.12226 4.91094 20 18 0
-1.13617 4.95808 30 26 1
-6.21969 -4.66115 0 7 0
-6.27448 -4.70117 10 8 0
-6.33392 -4.74094 20 23 0
-6.39484 -4.78617 30 24 1
5.04261 -3.86113 -1.13687e-13 5 0
5.08709 -3.8975 10 13 0
5.13341 -3.93663 20 21 0
5.17123 -3.9675 30 29 1
-6.44185 -5.28896 1.13687e-13 7 0
-6.49936 -5.33617 10 8 0
-6.56149 -5.38181 20 23 0
-6.62264 -5.43117 30 24 1
-2.6575 -4.82997 10 15 0
-2.68539 -4.86949 20 23 0
-2.7075 -4.90825 30 31 1
1.52275 -4.66269 -1.13687e-13 6 0
1.53617 -4.70754 10 14 0
1.54439 -4.75415 20 22 0
1.55617 -4.79118 30 30 1
-8.42559 -1.12767 -1.13687e-13 0 0
-8.50776 -1.13617 10 8 0
-8.58891 -1.14662 20 16 0
-8.66211 -1.15617 30 24 1
4.06821 7.45011 -2.27374e-13 3 0
4.1025 7.51948 10 11 0
4.13539 7.58618 20 19 0
4.1725 7.65312 30 27 1
5.55115 1.50651 1.13687e-13 4 0
5.60471 1.52117 10 12 0
5.64261 1.53357 20 20 0
5.69335 1.54617 30 28 1
-3.80854 2.9725 10 9 0
-3.84601 2.99747 20 17 0
-3.87975 3.0225 30 25 1
-1.43218 -5.7994 0 6 0
-1.4475 -5.85443 10 15 0
-1.46195 -5.91046 20 22 0
-1.4775 -5.96221 30 31 1
0.4675 8.21197 10 11 0
0.468855 8.28187 20 18 0
0.4725 8.35839 30 27 1
-6.10762 -4.40366 -2.27374e-13 7 0
-6.16297 -4.44117 10 8 0
-6.22185 -4.48345 20 23 0
-6.27833 -4.52117 30 24 1
2.54141 3.42439 1.13687e-13 3 0
2.5625 3.45511 10 11 0
2.58266 3.48477 20 19 0
2.6025 3.51632 30 27 1
-3.95741 3.4325 10 9 0
-3.99399 3.45925 20 17 0
-4.03155 3.4925 30 25 1
-1.62701 -4.53203 0 6 0
-1.6475 -4.57657 10 15 0
-1.66219 -4.61696 20 22 0
-1.6825 -4.66107 30 31 1
-3.92902 2.6475 10 9 0
-3.96364 2.66736 20 17 0
-4.0023 2.6925 30 25 1
4.38831 0.137284 1.13687e-13 4 0
4.42977 0.141169 10 12 0
4.46671 0.142696 20 20 0
4.50548 0.146169 30 28 1
6.85599 3.85856 -2.27374e-13 3 0
6.91905 3.89617 10 12 0
6.97787 3.93069 20 19 0
7.03855 3.96617 30 28 1
-7.16753 3.77798 1.13687e-13 1 0
-7.23655 3.8125 10 9 0
-7.29707 3.84246 20 17 0
-7.37019 3.8825 30 25 1
5.57075 1.61204 0 4 0
5.61779 1.62617 10 12 0
5.66874 1.64181 20 20 0
5.7185 1.65617 30 28 1
1.69864 -4.30339 0 6 0
1.71117 -4.33807 10 14 0
1.7257 -4.38178 20 22 0
1.73617 -4.41257 30 30 1
-2.5975 -4.7629 10 15 0
-2.62725 -4.80752 20 23 0
-2.6475 -4.84825 30 31 1
4.05545 7.15799 0 3 0
4.0925 7.22664 10 11 0
4.12646 7.29023 20 19 0
4.1625 7.3532 30 27 1
1.83935 -7.42607 -1.13687e-13 6 0
1.85117 -7.49035 10 14 0
1.86641 -7.55673 20 22 0
1.88117 -7.62641 30 30 1
6.37402 2.98242 -1.13687e-13 3 0
6.43003 3.01117 10 12 0
6.49049 3.04149 20 19 0
6.54867 3.06617 30 28 1
-5.68846 3.6957 0 1 0
-5.74234 3.7325 10 9 0
-5.79345 3.76624 20 17 0
-5.84976 3.7975 30 25 1
-7.20431 4.79442 -1.13687e-13 1 0
-7.2716 4.8375 10 9 0
-7.33814 4.88233 20 17 0
-7.4111 4.9275 30 25 1
6.39389 -2.3008 2.27374e-13 4 0
6.44659 -2.3225 10 13 0
6.50494 -2.34139 20 20 0
6.5573 -2.3625 30 29 1
5.1559 2.75929 -1.13687e-13 3 0
5.20094 2.78617 10 12 0
5.24241 2.81136 20 19 0
5.28629 2.83617 30 28 1
2.06441 -4.57583 -2.27374e-13 5 0
2.08117 -4.62322 10 14 0
2.09305 -4.65805 20 21 0
2.11117 -4.70271 30 30 1
0.872046 4.69535 0 2 0
0.8775 4.73288 10 11 0
0.885576 4.78028 20 18 0
0.8925 4.82567 30 27 1
6.96224 -1.45383 0 4 0
7.01994 -1.4675 10 13 0
7.07983 -1.48089 20 20 0
7.14394 -1.4925 30 29 1
-2.02154 4.87738 1.13687e-13 1 0
-2.04117 4.92263 10 10 0
-2.06325 4.96501 20 17 0
-2.08117 5.00506 30 26 1
-1.25359 -6.75319 0 6 0
-1.2675 -6.81994 10 15 0
-1.28336 -6.87731 20 22 0
-1.2975 -6.94186 30 31 1
-7.64819 -0.307761 2.27374e-13 0 0
-7.71811 -0.311169 10 8 0
-7.79191 -0.313173 20 16 0
-7.86453 -0.316169 30 24 1
-5.28119 -0.851169 10 8 0
-5.32904 -0.857075 20 16 0
-5.38105 -0.866169 30 24 1
2.53652 4.88901 -1.13687e-13 3 0
2.5525 4.93003 10 11 0
2.5717 4.97393 20 19 0
2.5975 5.02453 30 27 1
4.73384 -2.10965 -1.13687e-13 5 0
4.76873 -2.1225 10 13 0
4.81223 -2.14212 20 21 0
4.85116 -2.1625 30 29 1
-6.49188 0.912636 1.13687e-13 0 0
-6.55979 0.9225 10 9 0
-6.616 0.926166 20 16 0
-6.68086 0.9375 30 25 1
7.19089 2.47796 1.13687e-13 4 0
7.24939 2.50117 10 12 0
7.31501 2.52396 20 20 0
7.37717 2.55117 30 28 1
4.99151 -6.57301 -1.13687e-13 5 0
5.03117 -6.63277 10 14 0
5.07129 -6.68723 20 21 0
5.11617 -6.75312 30 30 1
-6.97635 4.28328 2.27374e-13 1 0
-7.04651 4.3225 10 9 0
-7.1113 4.36082 20 17 1
-6.50672 -5.28876 0 7 0
-6.568 -5.34117 10 8 0
-6.62906 -5.38815 20 23 0
-6.69128 -5.43617 30 24 1
-4.62742 -1.86617 10 8 0
-4.66922 -1.88264 20 16 0
-4.71192 -1.90117 30 24 1
1.47548 6.40042 0 2 0
1.4875 6.46011 10 11 0
1.49713 6.51801 20 18 0
1.5075 6.57204 30 27 1
-1.90302 -5.82553 0 6 0
-1.9275 -5.88188 10 15 0
-1.94632 -5.93006 20 22 0
-1.9625 -5.98052 30 31 1
0.0846059 8.32107 -1.13687e-13 2 0
0.0825 8.39266 10 11 0
0.0818999 8.47132 20 18 0
0.0775 8.54322 30 27 1
-3.48266 6.41886 0 1 0
-3.51617 6.47541 10 10 0
-3.54556 6.53151 20 17 0
-3.58117 6.58991 30 26 1
-2.39341 5.38319 1.13687e-13 1 0
-2.42117 5.43698 10 10 0
-2.44054 5.48389 20 17 0
-2.46617 5.53148 30 26 1
-1.47819 -8.65424 0 6 0
-1.4975 -8.73285 10 15 0
-1.51066 -8.81103 20 22 0
-1.5275 -8.89013 30 31 1
-7.19742 0.29026 0 0 0
-7.26623 0.2925 10 9 0
-7.33461 0.292966 20 16 0
-7.3935 0.2925 30 25 1
-6.18752 -4.29605 0 7 0
-6.24389 -4.33117 10 8 0
-6.29905 -4.3693 20 23 0
-6.35925 -4.41117 30 24 1
-8.95475 -0.172462 2.27374e-13 0 0
-9.03975 -0.176169 10 8 0
-9.1246 -0.177874 20 16 0
-9.20946 -0.176169 30 24 1
4.93707 1.9557 1.13687e-13 4 0
4.97784 1.97617 10 12 0
5.01546 1.99359 20 20 0
5.06233 2.01117 30 28 1
-8.7457 1.94361 1.13687e-13 0 0
-8.83016 1.9625 10 9 0
-8.90902 1.97879 20 16 0
-8.99244 1.9975 30 25 1
0.572947 -6.39389 0 6 0
0.576169 -6.45576 10 14 0
0.578359 -6.51148 20 22 0
0.581169 -6.5739 30 30 1
-3.74582 2.7825 10 9 0
-3.78443 2.80961 20 17 0
-3.81703 2.8325 30 25 1
6.18506 4.76046 0 3 0
6.24513 4.80617 10 12 0
6.29816 4.8506 20 19 0
6.34927 4.89617 30 28 1
-5.70947 -2.44617 10 8 0
-5.76723 -2.47131 20 23 0
-5.81811 -2.49117 30 24 1
3.75556 -5.37915 -1.13687e-13 5 0
3.79117 -5.42812 10 14 0
3.8234 -5.47761 20 21 0
3.85117 -5.52348 30 30 1
-6.37429 0.999227 1.13687e-13 0 0
-6.43266 1.0075 10 9 0
-6.49188 1.01546 20 16 0
-6.54666 1.0225 30 25 1
0.700128 -6.00845 0 6 0
0.701169 -6.0575 10 14 0
0.70554 -6.11298 20 22 0
0.711169 -6.1665 30 30 1
-4.76765 3.94207 1.13687e-13 1 0
-4.81147 3.9825 10 9 0
-4.85845 4.01757 20 17 0
-4.90268 4.0525 30 25 1
-7.17403 -5.24046 -1.13687e-13 7 0
-7.24132 -5.28617 10 8 0
-7.31056 -5.33489 20 23 0
-7.37167 -5.38117 30 24 1
-7.76578 -1.16285 1.13687e-13 0 0
-7.84065 -1.17617 10 8 0
-7.91603 -1.1872 20 16 0
-7.98086 -1.19617 30 24 1
5.2532 -6.55152 0 5 0
5.30117 -6.61285 10 14 0
5.34605 -6.67116 20 21 0
5.39117 -6.73114 30 30 1
-3.79682 2.9325 10 9 0
-3.82978 2.95828 20 17 0
-3.86804 2.9825 30 25 1
-2.19752 -5.24649 -1.13687e-13 7 0
-2.2225 -5.293 10 15 0
-2.24194 -5.34065 20 23 0
-2.2625 -5.38249 30 31 1
-4.23756 -2.75617 10 8 0
-4.28318 -2.78204 20 23 0
-4.32291 -2.80617 30 24 1
2.97189 7.60899 -1.13687e-13 2 0
2.9975 7.6802 10 11 0
3.02059 7.75271 20 18 0
3.0475 7.82212 30 27 1
1.64866 6.2567 0 2 0
1.6625 6.31692 10 11 0
1.67572 6.37429 20 18 0
1.6875 6.43384 30 27 1
2.88788 6.24683 0 3 0
2.9125 6.30119 10 11 0
2.93389 6.35788 20 19 0
2.9625 6.41483 30 27 1
-1.11558 -5.88433 -1.13687e-13 6 0
-1.1275 -5.93748 10 15 0
-1.13994 -5.99538 20 22 0
-1.1525 -6.04733 30 31 1
0.924725 -7.75271 1.13687e-13 6 0
0.931169 -7.82192 10 14 0
0.940961 -7.89643 20 22 0
0.946169 -7.9642 30 30 1
-4.26726 3.6575 10 9 0
-4.30672 3.69162 20 17 0
-4.34641 3.7225 30 25 1
-1.07117 7.78515 10 10 0
-1.08438 7.8507 20 18 0
-1.09617 7.92328 30 26 1
6.84365 -4.18502 0 5 0
6.90409 -4.2225 10 13 0
6.96823 -4.26368 20 21 0
7.02858 -4.2975 30 29 1
-1.2275 -7.51533 10 15 0
-1.24277 -7.57633 20 22 0
-1.2575 -7.6514 30 31 1
7.64165 -2.18445 1.13687e-13 4 0
7.71251 -2.2025 10 13 0
7.77884 -2.22504 20 20 0
7.84444 -2.2425 30 29 1
1.3658 -6.55721 -1.13687e-13 6 0
1.37617 -6.61229 10 14 0
1.38745 -6.6748 20 22 0
1.39617 -6.73129 30 30 1
-8.3276 0.190139 1.13687e-13 0 0
-8.40366 0.1925 10 9 0
-8.47785 0.192845 20 16 0
-8.55715 0.1975 30 25 1
1.80687 -8.45826 -2.27374e-13 6 0
1.82117 -8.53515 10 14 0
1.83664 -8.60851 20 22 0
1.85117 -8.68536 30 30 1
1.01005 7.90297 -1.13687e-13 2 0
1.0175 7.97708 10 11 0
1.02358 8.05322 20 18 0
1.0275 8.12143 30 27 1
4.49714 5.44135 -2.27374e-13 3 0
4.5325 5.48875 10 11 0
4.57151 5.54251 20 19 0
4.6125 5.58996 30 27 1
-5.62301 -0.535064 0 0 0
-5.67123 -0.541169 10 8 0
-5.72754 -0.545888 20 16 0
-5.78022 -0.551169 30 24 1
4.11092 4.62652 -1.13687e-13 3 0
4.1425 4.66741 10 11 0
4.17718 4.70809 20 19 0
4.2125 4.75155 30 27 1
-6.31549 -0.811074 0 0 0
-6.37049 -0.816169 10 8 0
-6.42655 -0.824604 20 16 0
-6.49156 -0.831169 30 24 1
4.43269 4.93299 0 3 0
4.4725 4.9762 10 11 0
4.51472 5.0265 20 19 0
4.5475 5.06534 30 27 1
5.60995 -0.861222 0 4 0
5.65627 -0.8675 10 13 0
5.70794 -0.874752 20 20 0
5.75612 -0.8825 30 29 1
-1.74617 7.06008 10 10 0
-1.76358 7.12556 20 18 0
-1.78117 7.187 30 26 1
-8.00749 1.74608 1.13687e-13 0 0
-8.08069 1.7575 10 9 0
-8.15775 1.77584 20 16 0
-8.2359 1.7925 30 25 1
-8.34066 -0.605419 1.13687e-13 0 0
-8.41616 -0.606169 10 8 0
-8.49745 -0.616243 20 16 0
-8.57258 -0.621169 30 24 1
-1.17097 5.15918 -1.13687e-13 2 0
-1.18617 5.20607 10 10 0
-1.19803 5.25064 20 18 0
-1.21117 5.29471 30 26 1
0.0344572 -7.68085 -1.13687e-13 6 0
0.0311686 -7.75631 10 14 0
0.0290453 -7.82457 20 22 0
0.0261686 -7.89273 30 30 1
-5.87126 2.13303 0 0 0
-5.92303 2.1525 10 9 0
-5.97579 2.17092 20 16 0
-6.03581 2.1875 30 25 1
5.94622 -3.89988 -2.27374e-13 5 0
5.99683 -3.9375 10 13 0
6.05121 -3.97043 20 21 0
6.10219 -4.0075 30 29 1
-2.6611 -4.05305 1.13687e-13 7 0
-2.6875 -4.08922 10 15 0
-2.71429 -4.1292 20 23 0
-2.7425 -4.16544 30 31 1
-3.47617 5.59395 10 10 0
-3.5084 5.64479 20 17 0
-3.54117 5.69431 30 26 1
-4.1211 -3.48117 10 8 0
-4.16328 -3.5117 20 23 0
-4.20731 -3.54617 30 24 1
4.74762 -1.91655 2.27374e-13 4 0
4.79086 -1.9325 10 13 0
4.82601 -1.94903 20 20 0
4.86829 -1.9675 30 29 1
6.83588 3.28738 -1.13687e-13 3 0
6.89766 3.31617 10 12 0
6.95888 3.34916 20 19 0
7.01423 3.37617 30 28 1
-5.70796 -6.83586 0 7 0
-5.7625 -6.89552 10 15 0
-5.82041 -6.96362 20 23 0
-5.8725 -7.01967 30 31 1
4.47572 2.73732 -1.13687e-13 3 0
4.51626 2.76617 10 12 0
4.55841 2.79322 20 19 0
4.59454 2.81617 30 28 1
-2.11139 -8.51052 0 6 0
-2.1325 -8.59004 10 15 0
-2.15197 -8.66077 20 22 0
-2.1725 -8.74317 30 31 1
3.13836 5.41431 -1.13687e-13 3 0
3.1625 5.46225 10 11 0
3.18931 5.51118 20 19 0
3.2125 5.56175 30 27 1
5.76336 -3.06646 0 5 0
5.80444 -3.0875 10 13 0
5.86024 -3.11741 20 21 0
5.91394 -3.1475 30 29 1
-4.53616 -4.229 0 7 0
-4.57376 -4.26617 10 8 0
-4.62314 -4.30832 20 23 0
-4.6679 -4.34617 30 24 1
0.20764 -6.6748 0 6 0
0.206169 -6.7363 10 14 0
0.20764 -6.79239 20 22 0
0.206169 -6.85651 30 30 1
3.84886 -4.61142 1.13687e-13 5 0
3.88117 -4.64838 10 14 0
3.91512 -4.69298 20 21 0
3.94617 -4.73459 30 30 1
-1.42136 -7.8507 -1.13687e-13 6 0
-1.4375 -7.91625 10 15 0
-1.45113 -7.98789 20 22 0
-1.4675 -8.05939 30 31 1
0.763807 4.76068 0 2 0
0.7675 4.79966 10 11 0
0.771925 4.84561 20 18 0
0.7775 4.88744 30 27 1
0.556169 -6.35798 10 14 0
0.559417 -6.41348 20 22 0
0.561169 -6.47612 30 30 1
-6.87731 2.36575 0 0 0
-6.94292 2.3875 10 9 0
-7.00797 2.40904 20 16 0
-7.07484 2.4275 30 25 1
1.84085 -3.86626 -2.27374e-13 5 0
1.85617 -3.90324 10 14 0
1.87062 -3.93813 20 21 0
1.88617 -3.9686 30 30 1
-7.97931 -3.69607 0 7 0
-8.05513 -3.73117 10 8 0
-8.12574 -3.76213 20 23 0
-8.19791 -3.79617 30 24 1
-2.88517 4.24472 2.27374e-13 1 0
-2.91617 4.28442 10 10 0
-2.9449 4.32358 20 17 0
-2.97117 4.36063 30 26 1
-3.39617 3.66133 10 10 0
-3.42588 3.69477 20 17 0
-3.46117 3.7334 30 26 1
6.83158 -1.82185 0 4 0
6.8879 -1.8375 10 13 0
6.94918 -1.85432 20 20 0
7.00775 -1.8725 30 29 1
3.13452 4.50351 -1.13687e-13 3 0
3.1575 4.54508 10 11 0
3.18388 4.58348 20 19 0
3.2125 4.62837 30 27 1
-5.57728 -2.03147 0 0 0
-5.63266 -2.05117 10 8 0
-5.68181 -2.06935 20 16 0
-5.73838 -2.08617 30 24 1
1.62431 4.70842 0 2 0
1.6375 4.75749 10 11 0
1.65137 4.79988 20 18 0
1.6625 4.83906 30 27 1
0.976138 -8.17734 0 6 0
0.981169 -8.25376 10 14 0
0.989668 -8.3276 20 22 0
0.996169 -8.40311 30 30 1
-5.01413 -6.08845 0 7 0
-5.0625 -6.14603 10 15 0
-5.11734 -6.20697 20 23 0
-5.1625 -6.26017 30 31 1
-3.41617 6.07843 10 10 0
-3.44265 6.12628 20 17 0
-3.48117 6.18585 30 26 1
3.03327 -4.48465 -1.13687e-13 5 0
3.05617 -4.52342 10 14 0
3.08263 -4.56463 20 21 0
3.10617 -4.60877 30 30 1
-1.259 -8.13815 -1.13687e-13 6 0
-1.2725 -8.21087 10 15 0
-1.28877 -8.2884 20 22 1
-2.9488 7.25622 -1.13687e-13 2 0
-2.98117 7.32634 10 10 0
-3.00833 7.38687 20 18 0
-3.03617 7.45205 30 26 1
0.710952 -6.74013 -1.13687e-13 6 0
0.716169 -6.80082 10 14 0
0.721776 -6.85772 20 22 0
0.726169 -6.92396 30 30 1
1.00193 4.85214 0 2 0
1.0075 4.89824 10 11 0
1.01817 4.9436 20 18 0
1.0225 4.99102 30 27 1
-5.27777 5.252 0 1 0
-5.32037 5.2975 10 9 0
-5.37669 5.34709 20 17 0
-5.42244 5.3925 30 25 1
-4.31742 6.14767 1.13687e-13 1 0
-4.36117 6.20318 10 10 0
-4.40104 6.25807 20 17 0
-4.44617 6.31647 30 26 1
-0.0900179 -7.36728 1.13687e-13 6 0
-0.0925 -7.43392 10 15 0
-0.0954298 -7.49793 20 22 0
-0.0975 -7.5662 30 31 1
4.42269 2.97513 -1.13687e-13 3 0
4.46134 3.00117 10 12 0
4.49884 3.02832 20 19 0
4.53756 3.05617 30 28 1
2.32101 -6.06725 0 6 0
2.34117 -6.12065 10 14 0
2.3616 -6.1783 20 22 0
2.37617 -6.23344 30 30 1
-6.10644 -0.0912828 -1.13687e-13 0 0
-6.16168 -0.0911686 10 8 0
-6.2175 -0.0939888 20 16 0
-6.27982 -0.0961686 30 24 1
-3.3725 -4.18025 10 15 0
-3.40464 -4.21491 20 23 0
-3.4375 -4.25233 30 31 1
-4.56145 2.0425 10 9 0
-4.60589 2.06206 20 17 0
-4.64595 2.0775 30 25 1
5.91046 -1.35912 1.13687e-13 4 0
5.96328 -1.3725 10 13 0
6.00845 -1.38348 20 20 0
6.06606 -1.3975 30 29 1
-2.52269 -7.83111 0 6 0
-2.5525 -7.90695 10 15 0
-2.57681 -7.97483 20 22 0
-2.6025 -8.0418 30 31 1
0.0966948 -6.58987 -1.13687e-13 6 0
0.0961686 -6.64751 10 14 0
0.0966948 -6.70746 20 22 1
7.11903 -1.11829 0 4 0
7.18699 -1.1325 10 13 0
7.24315 -1.14264 20 20 0
7.30598 -1.1525 30 29 1
7.20396 -1.01817 1.13687e-13 4 0
7.27291 -1.0275 10 13 0
7.32808 -1.03711 20 20 0
7.39897 -1.0475 30 29 1
5.75367 0.52424 1.13687e-13 4 0
5.79765 0.526169 10 12 0
5.85166 0.532358 20 20 0
5.89957 0.536169 30 28 1
5.35517 1.999 1.13687e-13 4 0
5.40467 2.02117 10 12 0
5.44663 2.03688 20 20 0
5.49624 2.05617 30 28 1
2.05727 4.99586 0 2 0
2.0725 5.044 10 11 0
2.08974 5.08732 20 18 0
2.1025 5.13057 30 27 1
-1.24132 4.63656 0 2 0
-1.25617 4.6821 10 10 0
-1.27109 4.72149 20 18 0
-1.28117 4.76367 30 26 1
-5.2036 1.2775 10 9 0
-5.25064 1.28606 20 16 0
-5.30138 1.2975 30 25 1
3.32785 2.90588 -1.13687e-13 3 0
3.3519 2.93117 10 12 0
3.38328 2.96131 20 19 0
3.41397 2.98617 30 28 1
5.73763 2.71341 -2.27374e-13 3 0
5.79233 2.74117 10 12 0
5.84103 2.76707 20 19 0
5.89183 2.79117 30 28 1
-3.59942 -6.35754 -2.27374e-13 7 0
-3.6375 -6.41808 10 15 0
-3.66884 -6.47289 20 23 0
-3.7075 -6.53758 30 31 1
-4.46376 -7.1377 0 7 0
-4.5075 -7.20323 10 15 0
-4.55167 -7.27153 20 23 0
-4.5925 -7.33066 30 31 1
7.35588 3.65431 -1.13687e-13 3 0
7.42323 3.68617 10 12 0
7.48541 3.71879 20 19 1
-3.51317 6.61009 0 1 0
-3.55117 6.67305 10 10 0
-3.5853 6.73198 20 17 0
-3.61617 6.78754 30 26 1
4.5647 -0.563564 2.27374e-13 4 0
4.59966 -0.5675 10 13 0
4.64309 -0.574388 20 20 0
4.68037 -0.5775 30 29 1
0.770484 -5.3813 -1.13687e-13 6 0
0.776169 -5.43247 10 14 0
0.781308 -5.48583 20 22 0
0.786169 -5.53439 30 30 1
4.04889 -6.45316 -1.13687e-13 5 0
4.08117 -6.51008 10 14 0
4.11178 -6.5658 20 21 0
4.14617 -6.62458 30 30 1
6.33509 -2.24939 1.13687e-13 4 0
6.38451 -2.2675 10 13 0
6.43962 -2.28727 20 20 0
6.49522 -2.3075 30 29 1
-3.30617 4.61078 10 10 0
-3.33582 4.65327 20 17 0
-3.37117 4.69699 30 26 1
7.5306 1.23321 1.13687e-13 4 0
7.59952 1.24617 10 12 0
7.66779 1.25756 20 20 0
7.73059 1.27117 30 28 1
-5.46085 -2.30652 -1.13687e-13 7 0
-5.51168 -2.32617 10 8 0
-5.56267 -2.34328 20 23 0
-5.62032 -2.37117 30 24 1
5.63834 -4.7898 0 5 0
5.68975 -4.8325 10 13 0
5.74109 -4.88107 20 21 0
5.78682 -4.9225 30 29 1
-0.0277803 -4.89134 -1.13687e-13 6 0
-0.0325 -4.94147 10 15 0
-0.0331923 -4.9828 20 22 0
-0.0375 -5.03133 30 31 1
7.20396 -1.23465 1.13687e-13 4 0
7.2687 -1.2425 10 13 0
7.33461 -1.2563 20 20 0
7.3927 -1.2675 30 29 1
2.93835 5.40182 -2.27374e-13 3 0
2.9625 5.45317 10 11 0
2.99201 5.50522 20 19 0
3.0125 5.55267 30 27 1
-2.81223 -8.308 1.13687e-13 6 0
-2.8425 -8.3808 10 15 0
-2.86635 -8.45172 20 22 0
-2.8975 -8.52772 30 31 1
-0.838133 6.13257 0 2 0
-0.851169 6.19336 10 10 0
-0.859781 6.25016 20 18 0
-0.871169 6.30528 30 26 1
-5.33557 1.85161 1.13687e-13 0 0
-5.38347 1.8675 10 9 0
-5.43356 1.88679 20 16 0
-5.48211 1.9025 30 25 1
-1.14264 -5.49236 0 6 0
-1.1525 -5.53821 10 15 0
-1.167 -5.59035 20 22 0
-1.1825 -5.63893 30 31 1
1.78126 5.42703 -1.13687e-13 2 0
1.7925 5.47818 10 11 0
1.80561 5.52502 20 18 0
1.8225 5.57889 30 27 1
5.50651 5.29118 -2.27374e-13 3 0
5.55684 5.34117 10 12 0
5.6016 5.39011 20 19 0
5.65184 5.43617 30 28 1
7.80497 1.16285 1.13687e-13 4 0
7.87808 1.17117 10 12 0
7.9487 1.1845 20 20 0
8.01621 1.19617 30 28 1
-5.05299 -0.941169 10 8 0
-5.09386 -0.949079 20 16 0
-5.14578 -0.956169 30 24 1
-1.33477 -4.49284 0 6 0
-1.3475 -4.53113 10 15 0
-1.36183 -4.57123 20 22 0
-1.3725 -4.6127 30 31 1
0.602713 -8.41253 0 6 0
0.606169 -8.49395 10 14 0
0.608125 -8.56931 20 22 0
0.611169 -8.64037 30 30 1
-3.5307 7.86752 -1.13687e-13 1 0
-3.56117 7.9417 10 10 0
-3.59676 8.01395 20 17 1
2.65987 -5.41238 -1.13687e-13 5 0
2.67617 -5.45863 10 14 0
2.69775 -5.50384 20 21 0
2.71617 -5.5552 30 30 1
6.73359 -0.514857 0 4 0
6.79619 -0.5225 10 13 0
6.85118 -0.525681 20 20 1
-3.10638 -7.19242 1.13687e-13 7 0
-3.1375 -7.25451 10 15 0
-3.16432 -7.31925 20 23 0
-3.1975 -7.38522 30 31 1
2.14927 7.00797 -1.13687e-13 2 0
2.1675 7.07647 10 11 0
2.18174 7.13863 20 18 0
2.1975 7.19133 30 27 1
4.87396 3.72489 -1.13687e-13 3 0
4.91729 3.76117 10 12 0
4.95553 3.79115 20 19 0
4.99643 3.82617 30 28 1
-6.45921 2.04644 0 0 0
-6.51185 2.0625 10 9 0
-6.57681 2.08433 20 16 0
-6.63671 2.1025 30 25 1
-5.52259 3.93547 1.13687e-13 1 0
-5.57221 3.9725 10 9 0
-5.62758 4.00602 20 17 0
-5.67757 4.0425 30 25 1
2.78633 3.17947 1.13687e-13 3 0
2.8125 3.21013 10 11 0
2.8314 3.23603 20 19 0
2.8575 3.26927 30 27 1
-0.183286 7.04717 1.13687e-13 2 0
-0.186169 7.10521 10 10 0
-0.191404 7.17129 20 18 0
-0.196169 7.23542 30 26 1
-4.76034 -5.27977 1.13687e-13 7 0
-4.8075 -5.32534 10 15 0
-4.8489 -5.37599 20 23 0
-4.8975 -5.42241 30 31 1
0.079194 8.13815 -1.13687e-13 2 0
0.0775 8.21795 10 11 0
0.073782 8.28187 20 18 0
0.0725 8.36144 30 27 1
-6.20375 -6.54332 0 7 0
-6.2625 -6.60356 10 15 0
-6.31733 -6.66072 20 23 0
-6.3775 -6.71856 30 31 1
-0.204934 8.48439 -1.13687e-13 2 0
-0.211169 8.56564 10 10 0
-0.213052 8.63464 20 18 0
-0.216169 8.71206 30 26 1
-1.07499 -4.89787 -1.13687e-13 6 0
-1.0875 -4.93581 10 15 0
-1.09935 -4.9828 20 22 0
-1.1125 -5.03152 30 31 1
6.05945 -2.1475 10 13 0
6.11298 -2.16821 20 20 0
6.16516 -2.1825 30 29 1
-5.46623 -1.21697 0 0 0
-5.51477 -1.22617 10 8 0
-5.57075 -1.23862 20 16 0
-5.62462 -1.25117 30 24 1
-7.50031 -5.12666 1.13687e-13 7 0
-7.56973 -5.17617 10 8 0
-7.64338 -5.2238 20 23 0
-7.70922 -5.26617 30 24 1
4.48367 6.85911 0 3 0
4.5225 6.92124 10 11 0
4.5558 6.98099 20 19 0
4.5975 7.04574 30 27 1
-3.65156 6.81354 0 1 0
-3.69117 6.87668 10 10 0
-3.72639 6.94195 20 17 0
-3.76117 7.00325 30 26 1
5.41186 -2.30931 -1.13687e-13 5 0
5.45456 -2.3275 10 13 0
5.50602 -2.35373 20 21 0
5.54906 -2.3725 30 29 1
-7.28888 0.322732 0 0 0
-7.35779 0.3275 10 9 0
-7.42607 0.33085 20 16 0
-7.49714 0.3325 30 25 1
-5.57184 6.44537 0 1 0
-5.62117 6.50152 10 10 0
-5.67234 6.55736 20 17 0
-5.72617 6.62066 30 26 1
4.63855 -4.28367 -1.13687e-13 5 0
4.67771 -4.3225 10 13 0
4.71899 -4.36029 20 21 0
4.75271 -4.3975 30 29 1
-6.37429 -1.20885 0 0 0
-6.43608 -1.22117 10 8 0
-6.49188 -1.2305 20 16 0
-6.55508 -1.24117 30 24 1
-3.36117 3.44249 10 10 0
-3.39491 3.47629 20 17 0
-3.42617 3.50041 30 26 1
-5.24948 -0.791169 10 8 0
-5.30291 -0.797544 20 16 0
-5.34933 -0.806169 30 24 1
-2.23517 -4.86701 1.13687e-13 7 0
-2.2575 -4.9108 10 15 0
-2.27688 -4.95464 20 23 0
-2.3025 -5.0053 30 31 1
-5.20283 -2.92485 1.13687e-13 7 0
-5.24573 -2.95117 10 8 0
-5.2997 -2.9758 20 23 0
-5.35023 -3.00617 30 24 1
-2.5625 -5.88755 10 15 0
-2.58954 -5.94465 20 23 0
-2.6125 -5.99412 30 31 1
6.02152 1.06814 0 4 0
6.07188 1.07617 10 12 0
6.13257 1.08708 20 20 0
6.17673 1.09617 30 28 1
2.23448 -4.2025 0 5 0
2.25617 -4.2396 10 14 0
2.27078 -4.27706 20 21 0
2.29117 -4.30996 30 30 1
-3.003 6.97244 1.13687e-13 1 0
-3.03117 7.03693 10 10 0
-3.06094 7.09927 20 17 0
-3.09117 7.16764 30 26 1
1.49298 -6.74666 1.13687e-13 6 0
1.50617 -6.813 10 14 0
1.51733 -6.87078 20 22 0
1.52617 -6.932 30 30 1
-6.73359 1.02358 0 0 0
-6.79707 1.0325 10 9 0
-6.86425 1.03982 20 16 0
-6.93021 1.0525 30 25 1
6.66826 1.55251 0 4 0
6.72451 1.56617 10 12 0
6.77932 1.58228 20 20 0
6.83937 1.59617 30 28 1
5.71056 4.85616 0 3 0
5.7603 4.90117 10 12 0
5.81331 4.94743 20 19 0
5.86445 4.99117 30 28 1
5.08079 1.86911 0 4 0
5.12825 1.88617 10 12 0
5.17225 1.90158 20 20 0
5.21482 1.91617 30 28 1
4.36325 -7.23822 -1.13687e-13 5 0
4.40117 -7.30384 10 14 0
4.43809 -7.36663 20 21 0
4.47617 -7.43541 30 30 1
4.98808 -5.15366 0 5 0
5.03117 -5.19734 10 14 0
5.07664 -5.24987 20 21 0
5.12117 -5.29441 30 30 1
4.87446 3.37332 -1.13687e-13 3 0
4.91584 3.40617 10 12 0
4.95985 3.43575 20 19 0
4.99706 3.46617 30 28 1
1.09664 4.85867 -1.13687e-13 2 0
1.1075 4.90632 10 11 0
1.11288 4.95013 20 18 0
1.1225 4.99203 30 27 1
0.246965 5.96925 0 2 0
0.2475 6.02622 10 11 0
0.249671 6.08031 20 18 0
0.2525 6.13728 30 27 1
-4.07279 -6.2722 -1.13687e-13 7 0
-4.1125 -6.3274 10 15 0
-4.15258 -6.38643 20 23 0
-4.1925 -6.44275 30 31 1
1.27253 5.75367 0 2 0
1.2825 5.80964 10 11 0
1.28877 5.8582 20 18 0
1.2975 5.90949 30 27 1
5.15265 -1.00193 0 4 0
5.2073 -1.0125 10 13 0
5.25064 -1.02088 20 20 0
5.29094 -1.0325 30 29 1
3.56349 3.03055 0 3 0
3.59503 3.06117 10 12 0
3.61893 3.08598 20 19 0
3.65003 3.11617 30 28 1
-6.31337 -5.97177 0 7 0
-6.36912 -6.02617 10 8 0
-6.42806 -6.0788 20 23 0
-6.49326 -6.13617 30 24 1
-1.96923 7.88337 -1.13687e-13 2 0
-1.99117 7.95561 10 10 0
-2.00982 8.02056 20 18 0
-2.03117 8.09461 30 26 1
5.89864 3.55943 -3.41061e-13 3 0
5.94937 3.59117 10 12 0
6.00092 3.62344 20 19 0
6.0568 3.65617 30 28 1
7.64836 2.30617 10 12 0
7.72005 2.32913 20 20 0
7.78528 2.35117 30 28 1
2.63163 -3.90698 -1.13687e-13 5 0
2.65117 -3.94164 10 14 0
2.67175 -3.97772 20 21 0
2.69117 -4.00992 30 30 1
-6.04102 -4.073 0 7 0
-6.0946 -4.11117 10 8 0
-6.15907 -4.14896 20 23 0
-6.21203 -4.18617 30 24 1
1.37121 -6.23057 -1.13687e-13 6 0
1.38117 -6.28495 10 14 0
1.39015 -6.34162 20 22 0
1.40117 -6.39688 30 30 1
6.57681 -1.67843 1.13687e-13 4 0
6.63683 -1.6925 10 13 0
6.68786 -1.70819 20 20 0
6.75168 -1.7225 30 29 1
6.90538 3.55971 0 3 0
6.9676 3.59117 10 12 0
7.02456 3.62531 20 19 0
7.0821 3.65617 30 28 1
4.29685 -1.26441 2.27374e-13 4 0
4.34093 -1.2775 10 13 0
4.37525 -1.28606 20 20 0
4.41042 -1.2975 30 29 1
4.6039 0.854369 1.13687e-13 4 0
4.64065 0.861169 10 12 0
4.68229 0.870605 20 20 0
4.71929 0.876169 30 28 1
-3.10617 5.05425 10 10 0
-3.13447 5.09483 20 17 0
-3.16617 5.14253 30 26 1
2.72961 -7.74618 -2.27374e-13 6 0
2.75617 -7.81552 10 14 0
2.77562 -7.88337 20 22 0
2.79617 -7.95451 30 30 1
-2.59305 -7.13863 0 6 0
-2.6175 -7.19413 10 15 0
-2.64446 -7.26275 20 22 0
-2.6725 -7.33399 30 31 1
-7.9487 -1.5904 1.13687e-13 0 0
-8.02316 -1.60617 10 8 0
-8.09242 -1.62287 20 16 0
-8.1663 -1.63617 30 24 1
-6.26976 0.182021 0 0 0
-6.32184 0.1825 10 9 0
-6.38735 0.187433 20 16 0
-6.44705 0.1875 30 25 1
1.93135 -4.86521 -1.13687e-13 6 0
1.94617 -4.90541 10 14 0
1.96112 -4.95013 20 22 0
1.97617 -4.99198 30 30 1
-5.49237 -5.83194 -1.13687e-13 7 0
-5.5425 -5.88356 10 15 0
-5.59399 -5.93356 20 23 0
-5.6475 -5.98856 30 31 1
4.80961 6.49622 -2.27374e-13 3 0
4.8525 6.55828 10 11 0
4.8921 6.61698 20 19 0
4.9325 6.67364 30 27 1
-1.63617 4.7439 10 10 0
-1.64993 4.78681 20 18 0
-1.66617 4.83047 30 26 1
4.1605 -2.26724 0 5 0
4.20334 -2.2925 10 13 0
4.23124 -2.30736 20 21 0
4.27163 -2.3325 30 29 1
-5.65568 -1.64181 -1.13687e-13 0 0
-5.70435 -1.65617 10 8 0
-5.7602 -1.67428 20 16 0
-5.81214 -1.68617 30 24 1
4.57685 -4.31765 1.13687e-13 5 0
4.60871 -4.3525 10 13 0
4.65076 -4.39156 20 21 0
4.68871 -4.4325 30 29 1
2.70797 -7.4326 -1.13687e-13 6 0
2.73117 -7.5006 10 14 0
2.75397 -7.56979 20 22 0
2.77617 -7.63753 30 30 1
0.225317 7.83764 -1.13687e-13 2 0
0.2225 7.90333 10 11 0
0.222611 7.97483 20 18 0
0.2225 8.04475 30 27 1
-7.46786 -3.75481 0 7 0
-7.53737 -3.78617 10 8 0
-7.60776 -3.81817 20 23 0
-7.67808 -3.85617 30 24 1
7.30261 3.42118 0 3 0
7.365 3.45117 10 12 0
7.43214 3.48566 20 19 0
7.49364 3.51617 30 28 1
-5.05646 1.3425 10 9 0
-5.10692 1.35642 20 16 0
-5.15925 1.3675 30 25 1
4.43404 0.107519 2.27374e-13 4 0
4.47255 0.106169 10 12 0
4.51244 0.107519 20 20 0
4.54826 0.111169 30 28 1
5.74181 -4.08581 -1.13687e-13 5 0
5.79792 -4.1275 10 13 0
5.84297 -4.16018 20 21 1
-1.83935 6.13257 -1.13687e-13 2 0
-1.85617 6.1872 10 10 0
-1.87452 6.24363 20 18 0
-1.89617 6.29791 30 26 1
0.616243 -6.52454 0 6 0
0.621169 -6.58561 10 14 0
0.621655 -6.64213 20 22 0
0.626169 -6.70375 30 30 1
1.76773 4.27072 -2.27374e-13 2 0
1.7775 4.30352 10 11 0
1.79479 4.34912 20 18 0
1.8075 4.39009 30 27 1
-2.79198 -3.66348 -1.13687e-13 7 0
-2.8175 -3.69597 10 15 0
-2.84629 -3.72927 20 23 0
-2.8775 -3.76304 30 31 1
3.95737 -4.96485 -1.13687e-13 5 0
3.99617 -5.01087 10 14 0
4.03557 -5.06218 20 21 0
4.07117 -5.10708 30 30 1
7.9291 -2.41175 2.27374e-13 4 0
7.99908 -2.4325 10 13 0
8.06629 -2.45775 20 20 0
8.13601 -2.4775 30 29 1
-5.50372 3.1321 1.13687e-13 1 0
-5.56124 3.1625 10 9 0
-5.60712 3.18575 20 17 0
-5.65867 3.2175 30 25 1
3.22625 7.79191 -2.27374e-13 2 0
3.2525 7.86449 10 11 0
3.28037 7.93563 20 18 0
3.3075 8.00434 30 27 1
-6.37432 -2.69572 0 7 0
-6.43701 -2.72117 10 8 0
-6.49845 -2.74713 20 23 0
-6.55273 -2.76617 30 24 1
2.82598 5.43104 0 3 0
2.8475 5.47959 10 11 0
2.87311 5.53174 20 19 0
2.8975 5.57909 30 27 1
3.80918 2.52617 0 3 0
3.83664 2.54617 10 12 0
3.86956 2.56742 20 19 0
3.90285 2.59117 30 28 1
7.62859 -2.08703 1.13687e-13 4 0
7.69737 -2.1025 10 13 0
7.76578 -2.12221 20 20 1
5.92352 -2.37116 0 4 0
5.97211 -2.3925 10 13 0
6.02805 -2.41446 20 20 0
6.08075 -2.4375 30 29 1
-2.62696 4.92791 1.13687e-13 1 0
-2.65117 4.97401 10 10 0
-2.6725 5.01172 20 17 0
-2.70117 5.05937 30 26 1
-7.42087 -4.3469 1.13687e-13 7 0
-7.4939 -4.38617 10 8 0
-7.56235 -4.42715 20 23 0
-7.63047 -4.46617 30 24 1
2.5429 -6.68133 -1.13687e-13 6 0
2.56117 -6.74371 10 14 0
2.58349 -6.80545 20 22 0
2.60117 -6.86856 30 30 1
-4.75488 2.2925 10 9 0
-4.80354 2.31711 20 17 0
-4.84231 2.3375 30 25 1
3.31285 5.75718 -1.13687e-13 3 0
3.3375 5.80696 10 11 0
3.36651 5.86059 20 19 0
3.3975 5.91645 30 27 1
-0.802956 5.44663 0 2 0
-0.816169 5.49368 10 10 0
-0.821898 5.54462 20 18 0
-0.836169 5.59146 30 26 1
-4.75335 -3.49117 10 8 0
-4.79391 -3.51855 20 23 0
-4.84164 -3.55117 30 24 1
-8.27534 2.62011 2.27374e-13 0 0
-8.3505 2.6425 10 9 0
-8.43212 2.66341 20 16 0
-8.50864 2.6875 30 25 1
7.20396 0.280701 2.27374e-13 4 0
7.26385 0.281169 10 12 0
7.32808 0.283407 20 20 0
7.38906 0.286169 30 28 1
8.01402 1.89888 0 4 0
8.08568 1.91617 10 12 0
8.15775 1.93135 20 20 0
8.23381 1.95117 30 28 1
-6.6356 -1.81499 -1.13687e-13 0 0
-6.69253 -1.83117 10 8 0
-6.75972 -1.85017 20 16 0
-6.82652 -1.86617 30 24 1
5.66874 2.18842 1.13687e-13 4 0
5.71695 2.20617 10 12 0
5.76674 2.2236 20 20 0
5.82266 2.24117 30 28 1
-5.21942 6.54835 2.27374e-13 1 0
-5.27117 6.61114 10 10 0
-5.3188 6.67069 20 17 0
-5.37117 6.73235 30 26 1
-8.83063 0.961344 1.13687e-13 0 0
-8.90996 0.9675 10 9 0
-9.00048 0.977579 20 16 0
-9.07845 0.9875 30 25 1
-3.78791 3.3125 10 9 0
-3.82862 3.34746 20 17 0
-3.86206 3.3725 30 25 1
4.5059 0.521534 1.13687e-13 4 0
4.539 0.526169 10 12 0
4.57776 0.529652 20 20 0
4.61971 0.536169 30 28 1
1.73796 5.3617 -1.13687e-13 2 0
1.7525 5.40989 10 11 0
1.76773 5.45969 20 18 0
1.7825 5.51061 30 27 1
-8.05322 -3.13822 1.13687e-13 0 0
-8.12652 -3.16617 10 8 0
-8.20348 -3.19504 20 16 0
-8.27845 -3.22617 30 24 1
-4.89831 7.1189 0 1 0
-4.94617 7.18416 10 10 0
-4.99005 7.2489 20 17 0
-5.03617 7.30952 30 26 1
-7.21702 1.52689 0 0 0
-7.28586 1.5425 10 9 0
-7.34768 1.55395 20 16 0
-7.41693 1.5675 30 25 1
8.25574 0.0777529 1.13687e-13 4 0
8.32457 0.0761686 10 12 0
8.39946 0.0777529 20 20 0
8.47306 0.0761686 30 28 1
3.07384 -5.8761 -1.13687e-13 5 0
3.10117 -5.93313 10 14 0
3.12366 -5.98333 20 21 0
3.15117 -6.03263 30 30 1
-8.22961 1.13453 1.13687e-13 0 0
-8.30007 1.1425 10 9 0
-8.37986 1.15347 20 16 0
-8.45942 1.1675 30 25 1
2.45041 -3.62626 -2.27374e-13 5 0
2.46617 -3.65764 10 14 0
2.48782 -3.69047 20 21 0
2.50617 -3.72593 30 30 1
6.42067 5.26395 -2.27374e-13 3 0
6.48143 5.31117 10 12 0
6.53648 5.36063 20 19 0
6.59057 5.40617 30 28 1
-7.04064 -0.927431 1.13687e-13 0 0
-7.10568 -0.936169 10 8 0
-7.17129 -0.943667 20 16 0
-7.23381 -0.951169 30 24 1
5.07231 -2.48256 -1.13687e-13 5 0
5.11338 -2.5025 10 13 0
5.15994 -2.52427 20 21 0
5.2008 -2.5475 30 29 1
-4.30588 -5.78967 0 7 0
-4.3475 -5.84822 10 15 0
-4.38678 -5.89354 20 23 0
-4.4275 -5.94943 30 31 1
3.58119 -3.52098 0 5 0
3.61072 -3.5525 10 13 0
3.63933 -3.58295 20 21 0
3.66365 -3.6125 30 29 1
0.390382 6.86425 -1.13687e-13 2 0
0.3875 6.92282 10 11 0
0.387676 6.98837 20 18 0
0.3925 7.04803 30 27 1
1.0925 -6.1587 1.13687e-13 6 0
1.10117 -6.21002 10 14 0
1.10873 -6.26323 20 22 0
1.11617 -6.32401 30 30 1
-6.96877 -1.69322 1.13687e-13 0 0
-7.03422 -1.70617 10 8 0
-7.10596 -1.72299 20 16 0
-7.16821 -1.74117 30 24 1
1.06417 6.51801 -1.13687e-13 2 0
1.0725 6.57544 10 11 0
1.0777 6.62907 20 18 0
1.0875 6.68944 30 27 1
-4.52953 -3.94617 10 8 0
-4.56959 -3.98307 20 23 0
-4.61367 -4.01617 30 24 1
4.03604 7.08501 -1.13687e-13 3 0
4.0725 7.15007 10 11 0
4.10705 7.21725 20 19 0
4.1425 7.28371 30 27 1
-2.79059 -7.36728 0 6 0
-2.8175 -7.42949 10 15 0
-2.84471 -7.49793 20 22 0
-2.8725 -7.56227 30 31 1
7.30848 1.79064 0 4 0
7.37463 1.80617 10 12 0
7.43914 1.82311 20 20 0
7.49656 1.83617 30 28 1
3.91142 1.60663 1.13687e-13 4 0
3.93694 1.62117 10 12 0
3.97021 1.6364 20 20 0
4.00937 1.65117 30 28 1
7.49793 -2.71482 1.13687e-13 4 0
7.56162 -2.7375 10 13 0
7.62859 -2.76353 20 20 0
7.69647 -2.7875 30 29 1
2.63127 -3.65789 -1.13687e-13 5 0
2.65617 -3.69208 10 14 0
2.67523 -3.7248 20 21 0
2.70117 -3.75829 30 30 1
4.83086 -4.68264 -2.27374e-13 5 0
4.87265 -4.7225 10 13 0
4.91401 -4.76578 20 21 0
4.95557 -4.8125 30 29 1
6.75319 0.110225 2.27374e-13 4 0
6.80393 0.111169 10 12 0
6.86425 0.112931 20 20 0
6.92914 0.116169 30 28 1
0.199522 -5.21798 0 6 0
0.201169 -5.26759 10 14 0
0.199522 -5.30944 20 22 0
0.201169 -5.35951 30 30 1
1.47404 -5.25064 0 6 0
1.48617 -5.30101 10 14 0
1.49569 -5.35517 20 22 0
1.50617 -5.39879 30 30 1
-0.859781 4.96973 0 2 0
-0.871169 5.01835 10 10 0
-0.881429 5.06119 20 18 0
-0.891169 5.10906 30 26 1
-2.03074 -4.13831 2.27374e-13 7 0
-2.0525 -4.17547 10 15 0
-2.07358 -4.21558 20 23 0
-2.0975 -4.25583 30 31 1
3.9468 -6.32428 1.13687e-13 5 0
3.98617 -6.3868 10 14 0
4.01893 -6.44616 20 21 0
4.05117 -6.50129 30 30 1
-0.402471 5.39437 1.13687e-13 2 0
-0.406169 5.43723 10 10 0
-0.413294 5.48583 20 18 0
-0.421169 5.53709 30 26 1
0.616243 -8.17081 0 6 0
0.621169 -8.24024 10 14 0
0.621655 -8.31453 20 22 0
0.626169 -8.38667 30 30 1
-1.69864 4.5255 -1.13687e-13 2 0
-1.71617 4.56934 10 10 0
-1.73381 4.61043 20 18 0
-1.75117 4.64677 30 26 1
7.98844 3.92715 -2.27374e-13 3 0
8.05971 3.97617 10 12 0
8.1315 4.02429 20 19 0
8.20921 4.07617 30 28 1
3.78746 5.43963 -1.13687e-13 3 0
3.8225 5.49292 10 11 0
3.8553 5.53809 20 19 0
3.8875 5.58621 30 27 1
7.62859 -0.333556 1.13687e-13 4 0
7.69306 -0.3375 10 13 0
7.76578 -0.341674 20 20 0
7.83241 -0.3425 30 29 1
3.57965 -4.03989 -1.13687e-13 5 0
3.61117 -4.08139 10 14 0
3.6432 -4.11492 20 21 0
3.67617 -4.15347 30 30 1
0.782749 5.11999 -1.13687e-13 2 0
0.7875 5.15907 10 11 0
0.790867 5.20491 20 18 0
0.7975 5.25393 30 27 1
7.11903 2.71338 2.27374e-13 4 0
7.17741 2.72617 10 12 0
7.23009 2.73773 20 20 0
7.28726 2.75117 30 28 1
1.96797 5.02853 0 2 0
1.9825 5.06714 10 11 0
2.00044 5.11999 20 18 1
-4.65382 -1.25617 10 8 0
-4.70189 -1.26838 20 16 0
-4.74246 -1.28117 30 24 1
-4.46838 1.8575 10 9 0
-4.50399 1.86832 20 17 0
-4.54787 1.8875 30 25 1
0.433677 4.86521 -1.13687e-13 2 0
0.4375 4.90807 10 11 0
0.439089 4.95667 20 18 0
0.4375 4.99292 30 27 1
4.1498 -1.3975 10 13 0
4.17926 -1.41054 20 20 0
4.21722 -1.4225 30 29 1
-1.49117 7.73846 10 10 0
-1.50651 7.81151 20 18 0
-1.52117 7.87452 30 26 1
-5.42057 -5.04452 0 7 0
-5.47447 -5.09617 10 8 0
-5.52603 -5.14232 20 23 0
-5.57861 -5.18617 30 24 1
-7.42607 -0.648715 1.13687e-13 0 0
-7.49036 -0.656169 10 8 0
-7.56326 -0.662245 20 16 0
-7.62764 -0.666169 30 24 1
3.12428 5.19741 1.13687e-13 3 0
3.1525 5.24719 10 11 0
3.17906 5.29045 20 19 0
3.2075 5.34461 30 27 1
-6.1587 0.173903 0 0 0
-6.22492 0.1775 10 9 0
-6.28283 0.176609 20 16 0
-6.33805 0.1775 30 25 1
1.21156 -6.43308 0 6 0
1.22117 -6.49265 10 14 0
1.22779 -6.55067 20 22 0
1.23617 -6.60664 30 30 1
-5.91161 -2.49323 1.13687e-13 7 0
-5.96539 -2.51117 10 8 0
-6.01996 -2.5327 20 23 0
-6.07402 -2.55617 30 24 1
0.318585 -6.17177 -1.13687e-13 6 0
0.321169 -6.22905 10 14 0
0.323997 -6.28936 20 22 0
0.321169 -6.34218 30 30 1
2.59464 6.24442 -2.27374e-13 3 0
2.6125 6.29818 10 11 0
2.63682 6.35931 20 19 0
2.6525 6.40889 30 27 1
-6.58987 0.00613248 1.13687e-13 0 0
-6.65596 0.0075 10 9 0
-6.72053 0.00613248 20 16 0
-6.77616 0.0075 30 25 1
-1.68117 7.66683 10 10 0
-1.69864 7.73965 20 18 0
-1.71617 7.80789 30 26 1
-6.78586 -1.07626 1.13687e-13 0 0
-6.84555 -1.08617 10 8 0
-6.90998 -1.0952 20 16 0
-6.97162 -1.10617 30 24 1
-7.82155 4.16794 -1.13687e-13 1 0
-7.89318 4.2075 10 9 0
-7.96686 4.24437 20 17 0
-8.03389 4.2775 30 25 1
-6.96224 -2.7675 -1.13687e-13 0 0
-7.0232 -2.79117 10 8 0
-7.0929 -2.81621 20 16 0
-7.15806 -2.84117 30 24 1
0.650156 6.18484 0 2 0
0.6525 6.23323 10 11 0
0.658274 6.29589 20 18 0
0.6625 6.34929 30 27 1
-5.29603 6.62879 0 1 0
-5.34617 6.68614 10 10 0
-5.39271 6.7446 20 17 0
-5.44617 6.80735 30 26 1
4.75415 -0.366028 0 4 0
4.79564 -0.3675 10 13 0
4.83908 -0.368734 20 20 0
4.87842 -0.3725 30 29 1
1.167 4.68882 0 2 0
1.1725 4.7309 10 11 0
1.18323 4.78028 20 18 0
1.1925 4.82161 30 27 1
4.88481 -1.90844 2.27374e-13 4 0
4.92729 -1.9275 10 13 0
4.96973 -1.94361 20 20 0
5.01178 -1.9625 30 29 1
3.27348 4.51236 -2.27374e-13 3 0
3.3025 4.55573 10 11 0
3.32938 4.59504 20 19 0
3.3575 4.63902 30 27 1
-7.32155 -1.55792 0 0 0
-7.39419 -1.57117 10 8 0
-7.46527 -1.58498 20 16 0
-7.53026 -1.60117 30 24 1
1.22112 6.60947 0 2 0
1.2275 6.6668 10 11 0
1.23735 6.72706 20 18 0
1.2475 6.79287 30 27 1
-7.35693 -4.4016 -1.13687e-13 7 0
-7.42869 -4.44117 10 8 0
-7.49841 -4.48185 20 23 0
-7.56526 -4.52117 30 24 1
-7.90856 3.86844 1.13687e-13 1 0
-7.98416 3.9025 10 9 0
-8.05499 3.93451 20 17 0
-8.13194 3.9725 30 25 1
2.86544 -5.75189 -1.13687e-13 5 0
2.89117 -5.80091 10 14 0
2.91256 -5.85259 20 21 0
2.93617 -5.90248 30 30 1
4.42444 -2.22503 -1.13687e-13 5 0
4.4574 -2.2425 10 13 0
4.49901 -2.26133 20 21 0
4.53982 -2.2825 30 29 1
-7.64777 -4.11076 0 7 0
-7.71852 -4.15117 10 8 0
-7.78654 -4.18447 20 23 0
-7.86423 -4.22617 30 24 1
4.4001 1.95373 0 3 0
4.44044 1.97617 10 12 0
4.4812 1.99274 20 19 0
4.51786 2.01117 30 28 1
7.73965 -2.17092 1.13687e-13 4 0
7.80358 -2.1875 10 13 0
7.8703 -2.2088 20 20 0
7.94258 -2.2275 30 29 1
5.5681 6.39368 -3.41061e-13 3 0
5.6175 6.45354 10 11 0
5.66478 6.50949 20 19 0
5.7175 6.56768 30 27 1
7.63512 -2.73917 1.13687e-13 4 0
7.69976 -2.7625 10 13 0
7.77231 -2.78517 20 20 0
7.84375 -2.8075 30 29 1
-7.06677 2.17362 1.13687e-13 0 0
-7.13683 2.1925 10 9 0
-7.19742 2.21151 20 16 0
-7.26875 2.2325 30 25 1
6.71399 -0.62039 0 4 0
6.77391 -0.6275 10 13 0
6.83158 -0.631214 20 20 0
6.88998 -0.6375 30 29 1
6.33509 0.494474 0 4 0
6.3899 0.496169 10 12 0
6.44615 0.502592 20 20 0
6.4989 0.506169 30 28 1
-5.91699 -2.41572 1.13687e-13 0 0
-5.97524 -2.43617 10 8 0
-6.02805 -2.46172 20 16 0
-6.08388 -2.48117 30 24 1
5.97995 -5.57532 -1.13687e-13 5 0
6.0322 -5.6275 10 13 0
6.08158 -5.67695 20 21 0
6.1372 -5.7325 30 29 1
2.0235 -3.84992 -1.13687e-13 5 0
2.04617 -3.88818 10 14 0
2.06745 -3.91683 20 21 0
2.09117 -3.9544 30 30 1
6.68786 -0.31732 0 4 0
6.74468 -0.3225 10 13 0
6.80545 -0.322732 20 20 0
6.86282 -0.3275 30 29 1
1.87182 -6.75972 0 6 0
1.88617 -6.82531 10 14 0
1.90158 -6.88385 20 22 0
1.91617 -6.94723 30 30 1
-5.64261 -1.00861 1.13687e-13 0 0
-5.69368 -1.01617 10 8 0
-5.75367 -1.02755 20 16 0
-5.79853 -1.03617 30 24 1
-6.30896 0.539211 1.13687e-13 0 0
-6.37071 0.5425 10 9 0
-6.43308 0.547329 20 16 0
-6.49385 0.5525 30 25 1
7.06677 0.986962 2.27374e-13 4 0
7.13032 0.996169 10 12 0
7.19742 1.0032 20 20 0
7.25846 1.01117 30 28 1
6.38454 3.29526 0 3 0
6.44097 3.32617 10 12 0
6.50101 3.35433 20 19 0
6.55754 3.38617 30 28 1
2.08018 -7.53713 -1.13687e-13 6 0
2.09617 -7.601 10 14 0
2.11265 -7.66779 20 22 0
2.13117 -7.74206 30 30 1
2.48465 4.73763 -2.27374e-13 3 0
2.5025 4.77397 10 11 0
2.52636 4.82526 20 19 0
2.5425 4.86346 30 27 1
-4.89836 -4.31949 1.13687e-13 7 0
-4.94453 -4.36117 10 8 0
-4.99187 -4.40152 20 23 0
-5.03867 -4.44117 30 24 1
-4.75727 0.0675 10 9 0
-4.79988 0.0656641 20 16 0
-4.84212 0.0675 30 25 1
-5.66773 -6.98696 0 7 0
-5.7225 -7.05351 10 15 0
-5.77364 -7.11202 20 23 0
-5.8275 -7.17266 30 31 1
3.48796 -3.53107 -1.13687e-13 5 0
3.52117 -3.56713 10 14 0
3.54609 -3.59303 20 21 0
3.57617 -3.6292 30 30 1
-3.9725 -4.4267 10 15 0
-4.0149 -4.4731 20 23 0
-4.0525 -4.51377 30 31 1
0.536505 7.79191 -1.13687e-13 2 0
0.5375 7.86478 10 11 0
0.536505 7.93563 20 18 0
0.5425 8.00413 30 27 1
-4.14905 -6.10355 1.13687e-13 7 0
-4.1925 -6.15991 10 15 0
-4.23537 -6.22048 20 23 0
-4.2725 -6.27526 30 31 1
-8.63464 0.717805 0 0 0
-8.71446 0.7225 10 9 0
-8.79143 0.728629 20 16 0
-8.87795 0.7375 30 25 1
-0.369999 6.85772 -1.13687e-13 2 0
-0.376169 6.92044 10 10 0
-0.380823 6.98837 20 18 0
-0.386169 7.04358 30 26 1
-5.66221 0.287554 0 0 0
-5.71766 0.2925 10 9 0
-5.77327 0.295672 20 16 0
-5.82873 0.2975 30 25 1
-5.19686 5.14813 2.27374e-13 1 0
-5.24865 5.1975 10 9 0
-5.30231 5.24593 20 17 0
-5.34572 5.2875 30 25 1
0.309202 6.28936 -1.13687e-13 2 0
0.3075 6.34784 10 11 0
0.309202 6.40695 20 18 0
0.3075 6.46098 30 27 1
5.79287 1.87182 1.13687e-13 4 0
5.84036 1.89117 10 12 0
5.89086 1.907 20 20 0
5.939 1.92617 30 28 1
-0.765072 6.03458 0 2 0
-0.776169 6.09008 10 10 0
-0.784014 6.14564 20 18 0
-0.796169 6.202 30 26 1
4.05629 1.72473 0 3 0
4.0923 1.74117 10 12 0
4.12433 1.75832 20 19 0
4.15765 1.77117 30 28 1
2.94736 -6.06725 -1.13687e-13 5 0
2.97117 -6.12133 10 14 0
2.99336 -6.1783 20 21 0
3.01617 -6.22997 30 30 1
4.4863 -1.42948 1.13687e-13 4 0
4.53421 -1.4425 10 13 0
4.5647 -1.45113 20 20 0
4.61078 -1.4625 30 29 1
-0.836869 -6.80545 0 6 0
-0.8475 -6.86663 10 15 0
-0.858516 -6.92304 20 22 0
-0.8675 -6.9927 30 31 1
0.804397 5.0024 0 2 0
0.8125 5.04972 10 11 0
0.815221 5.09386 20 18 0
0.8175 5.1325 30 27 1
-2.82343 3.74289 1.13687e-13 1 0
-2.85117 3.77394 10 10 0
-2.87774 3.80868 20 17 0
-2.90617 3.83601 30 26 1
6.19138 3.9134 -2.27374e-13 3 0
6.24073 3.94617 10 12 0
6.29637 3.98395 20 19 0
6.34609 4.01617 30 28 1
-7.66779 -1.95029 0 0 0
-7.7397 -1.96617 10 8 0
-7.81804 -1.98547 20 16 0
-7.88076 -2.00117 30 24 1
6.02158 -5.50598 -1.13687e-13 5 0
6.07534 -5.5575 10 13 0
6.12321 -5.6076 20 21 0
6.18241 -5.6575 30 29 1
6.80545 1.1872 2.27374e-13 4 0
6.86156 1.20117 10 12 0
6.92304 1.20885 20 20 0
6.98055 1.22117 30 28 1
-4.39587 -3.38117 10 8 0
-4.44048 -3.41004 20 23 0
-4.47708 -3.44117 30 24 1
-5.03283 0.1875 10 9 0
-5.08079 0.187433 20 16 0
-5.12476 0.1875 30 25 1
-3.61117 4.40666 10 10 0
-3.64495 4.44578 20 17 0
-3.68117 4.48374 30 26 1
3.47842 3.59604 0 3 0
3.5075 3.62936 10 11 0
3.53273 3.66183 20 19 0
3.5625 3.6985 30 27 1
-3.58312 5.99505 1.13687e-13 1 0
-3.61617 6.05215 10 10 0
-3.64984 6.10386 20 17 0
-3.68617 6.15751 30 26 1
0.222611 4.83908 -1.13687e-13 2 0
0.2225 4.88399 10 11 0
0.222611 4.93054 20 18 0
0.2225 4.97591 30 27 1
-0.302349 6.1979 -1.13687e-13 2 0
-0.306169 6.25647 10 10 0
-0.313173 6.31549 20 18 0
-0.321169 6.37047 30 26 1
-5.45969 0.836869 1.13687e-13 0 0
-5.51106 0.8425 10 9 0
-5.57075 0.850398 20 16 0
-5.61798 0.8575 30 25 1
-6.53868 -4.8041 1.13687e-13 7 0
-6.59626 -4.84617 10 8 0
-6.66214 -4.89313 20 23 0
-6.72161 -4.93617 30 24 1
-6.40344 -3.71982 0 7 0
-6.46792 -3.75617 10 8 0
-6.52915 -3.78812 20 23 0
-6.58949 -3.82117 30 24 1
-1.49983 -6.45921 -1.13687e-13 6 0
-1.5175 -6.52547 10 15 0
-1.53231 -6.57681 20 22 0
-1.5475 -6.64032 30 31 1
6.48541 -1.6825 10 13 0
6.54414 -1.69737 20 20 0
6.60026 -1.7125 30 29 1
1.90158 -6.51801 0 6 0
1.91617 -6.57954 10 14 0
1.93406 -6.6356 20 22 0
1.94617 -6.69439 30 30 1
-5.6004 6.37062 2.27374e-13 1 0
-5.65117 6.43252 10 10 0
-5.70361 6.48913 20 17 0
-5.76117 6.54959 30 26 1
-3.13117 3.99737 10 10 0
-3.16051 4.03405 20 17 0
-3.19117 4.07152 30 26 1
-2.78517 -7.8507 -1.13687e-13 6 0
-2.8125 -7.91946 10 15 0
-2.842 -7.98789 20 22 1
-6.55225 3.377 -1.13687e-13 1 0
-6.60735 3.4025 10 9 0
-6.67255 3.43224 20 17 0
-6.73099 3.4625 30 25 1
-4.41197 -7.14331 1.13687e-13 7 0
-4.4525 -7.2048 10 15 0
-4.49716 -7.2706 20 23 0
-4.5375 -7.3393 30 31 1
-4.8192 2.9225 10 9 0
-4.87143 2.95137 20 17 0
-4.91163 2.9725 30 25 1
-1.77981 5.25718 -1.13687e-13 2 0
-1.79617 5.29988 10 10 0
-1.81229 5.34864 20 18 0
-1.83117 5.39145 30 26 1
-0.2625 -8.34638 10 15 0
-0.268613 -8.42559 20 22 0
-0.2725 -8.4978 30 31 1
-1.6649 -4.95013 -1.13687e-13 6 0
-1.6825 -4.99341 10 15 0
-1.70008 -5.03506 20 22 0
-1.7175 -5.08498 30 31 1
7.72005 0.922019 1.13687e-13 4 0
7.79364 0.931169 10 12 0
7.86377 0.938255 20 20 0
7.92885 0.946169 30 28 1
5.13396 3.90836 -1.13687e-13 3 0
5.18007 3.94617 10 12 0
5.22477 3.98385 20 19 0
5.26421 4.01617 30 28 1
2.95565 7.4914 -1.13687e-13 2 0
2.9825 7.55913 10 11 0
3.00706 7.62859 20 18 0
3.0325 7.69399 30 27 1
5.16071 -4.4729 -2.27374e-13 5 0
5.21212 -4.5175 10 13 0
5.24768 -4.55222 20 21 0
5.29919 -4.5975 30 29 1
-4.91122 2.0175 10 9 0
-4.95667 2.03562 20 16 0
-5.00779 2.0575 30 25 1
4.76722 1.9557 2.27374e-13 4 0
4.80813 1.97617 10 12 0
4.84561 1.99359 20 20 0
4.89263 2.01117 30 28 1
2.96189 -3.18869 -1.13687e-13 5 0
2.99117 -3.22098 10 14 0
3.01349 -3.24795 20 21 0
3.04117 -3.27805 30 30 1
-6.34816 0.420148 1.13687e-13 0 0
-6.40628 0.4225 10 9 0
-6.46575 0.425559 20 16 0
-6.52941 0.4325 30 25 1
-4.44287 1.7825 10 9 0
-4.49284 1.8002 20 16 0
-4.53444 1.8175 30 25 1
-8.06629 -2.68902 1.13687e-13 0 0
-8.14321 -2.71617 10 8 0
-8.21001 -2.73773 20 16 0
-8.28721 -2.76117 30 24 1
2.26021 7.32808 0 2 0
2.2775 7.39861 10 11 0
2.2981 7.45873 20 18 0
2.3175 7.53053 30 27 1
6.6748 0.986962 2.27374e-13 4 0
6.74141 0.996169 10 12 0
6.79892 1.0059 20 20 0
6.85333 1.01617 30 28 1
-4.1125 -7.52241 10 15 0
-5.32904 -1.53357 20 16 0
-6.55219 4.4575 30 25 1
-4.1125 -7.52241 10 15 0
-3.01313 -6.28788 20 23 0
-1.9175 -5.06578 30 31 1
-4.1125 -7.52241 10 15 0
-4.77417 -5.02573 20 23 0
-5.43798 -2.52117 30 24 1
-6.08209 -2.9048 -1.13687e-13 7 0
-6.1379 -2.93117 10 8 0
-6.19585 -2.95733 20 23 0
-6.25654 -2.98617 30 24 1
6.90019 -3.31546 0 5 0
6.96247 -3.3475 10 13 0
7.02319 -3.37723 20 21 0
7.08611 -3.4075 30 29 1
3.17834 6.08571 -1.13687e-13 3 0
3.2075 6.14365 10 11 0
3.23741 6.20218 20 19 0
3.2575 6.25021 30 27 1
-1.57019 -5.10039 0 6 0
-1.5875 -5.1459 10 15 0
-1.60266 -5.19185 20 22 0
-1.6175 -5.23954 30 31 1
-4.01924 -3.26617 10 8 0
-4.05709 -3.29453 20 23 0
-4.09545 -3.32117 30 24 1
-4.23265 -5.29932 1.13687e-13 7 0
-4.2725 -5.34188 10 15 0
-4.31468 -5.39283 20 23 0
-4.3575 -5.44103 30 31 1
4.84561 0.629773 1.13687e-13 4 0
4.89649 0.636169 10 12 0
4.93707 0.640597 20 20 0
4.9772 0.646169 30 28 1
-4.3436 -5.56717 -2.27374e-13 7 0
-4.3825 -5.61452 10 15 0
-4.42833 -5.66721 20 23 0
-4.4675 -5.72073 30 31 1
-3.3575 -5.14106 10 15 0
-3.3941 -5.19552 20 23 0
-3.4225 -5.23435 30 31 1
6.41027 -3.64832 -3.41061e-13 5 0
6.45808 -3.6775 10 13 0
6.51909 -3.71504 20 21 0
6.57758 -3.7475 30 29 1
2.70345 -4.31557 -2.27374e-13 5 0
2.72617 -4.35605 10 14 0
2.74629 -4.39284 20 21 0
2.76617 -4.43141 30 30 1
-2.73617 5.53278 10 10 0
-2.7613 5.57887 20 17 0
-2.79117 5.6302 30 26 1
-4.99404 -0.281169 10 8 0
-5.04813 -0.286113 20 16 0
-5.09096 -0.286169 30 24 1
3.85595 7.70856 0 3 0
3.8825 7.77324 10 11 0
3.91931 7.84845 20 19 0
3.9475 7.91602 30 27 1
1.57019 5.96272 0 2 0
1.5825 6.01771 10 11 0
1.59454 6.07378 20 18 0
1.6075 6.12756 30 27 1
-3.2375 -4.0099 10 15 0
-3.26942 -4.04525 20 23 0
-3.2975 -4.07697 30 31 1
2.2825 7.80666 10 11 0
2.30351 7.87684 20 18 0
2.3225 7.95272 30 27 1
5.86473 1.84746 2.27374e-13 4 0
5.91435 1.86617 10 12 0
5.96272 1.88264 20 20 0
6.02007 1.90117 30 28 1
-1.30086 5.74714 -1.13687e-13 2 0
-1.31617 5.80276 10 10 0
-1.32792 5.85166 20 18 0
-1.34617 5.90347 30 26 1
3.95319 -4.71958 0 5 0
3.98617 -4.76045 10 14 0
4.01945 -4.80114 20 21 0
4.05117 -4.84666 30 30 1
-2.75617 6.13967 10 10 0
-2.78346 6.19419 20 17 0
-2.81117 6.25124 30 26 1
0.366028 6.51801 1.13687e-13 2 0
0.3675 6.57048 10 11 0
0.368734 6.62907 20 18 0
0.3675 6.69069 30 27 1
1.55125 5.48583 0 2 0
1.5625 5.53102 10 11 0
1.5756 5.58382 20 18 0
1.5875 5.62673 30 27 1
-4.78657 5.28125 0 1 0
-4.83617 5.33468 10 10 0
-4.88167 5.38017 20 17 0
-4.92617 5.43175 30 26 1
-8.47132 2.55517 1.13687e-13 0 0
-8.5542 2.5775 10 9 0
-8.63464 2.60117 20 16 0
-8.71234 2.6225 30 25 1
-2.26274 4.41444 1.13687e-13 1 0
-2.28617 4.45345 10 10 0
-2.30558 4.49172 20 17 0
-2.32617 4.52881 30 26 1
-1.86641 6.1587 -1.13687e-13 2 0
-1.88617 6.2172 10 10 0
-1.90429 6.2763 20 18 0
-1.92617 6.33498 30 26 1
6.83158 0.521534 1.13687e-13 4 0
6.89367 0.526169 10 12 0
6.94918 0.532358 20 20 0
7.00973 0.536169 30 28 1
-6.10644 -1.42263 1.13687e-13 0 0
-6.16318 -1.43617 10 8 0
-6.22403 -1.44968 20 16 0
-6.2801 -1.46117 30 24 1
3.30861 -7.39669 0 5 0
3.33617 -7.46214 10 14 0
3.36544 -7.53388 20 21 0
3.39117 -7.60199 30 30 1
6.09991 -0.0304863 1.13687e-13 4 0
6.1527 -0.0275 10 13 0
6.20443 -0.0304863 20 20 0
6.26376 -0.0325 30 29 1
7.56012 3.15442 -1.13687e-13 3 0
7.63033 3.18617 10 12 0
7.69349 3.21507 20 19 1
-3.4725 -5.44698 10 15 0
-3.50822 -5.49715 20 23 0
-3.5425 -5.54526 30 31 1
-6.1783 1.04794 1.13687e-13 0 0
-6.23517 1.0575 10 9 0
-6.28936 1.06688 20 16 0
-6.3471 1.0775 30 25 1
-2.73117 5.72577 10 10 0
-2.76343 5.77999 20 17 0
-2.78617 5.83026 30 26 1
-1.5296 -8.24267 -1.13687e-13 6 0
-1.5475 -8.31616 10 15 0
-1.56478 -8.39293 20 22 0
-1.5775 -8.46637 30 31 1
-3.98719 -3.73617 10 8 0
-4.02625 -3.76883 20 23 0
-4.07133 -3.80617 30 24 1
5.18829 -6.01591 0 5 0
5.23617 -6.07409 10 14 0
5.27573 -6.12248 20 21 0
5.32617 -6.1853 30 30 1
3.2887 -4.55258 -2.27374e-13 5 0
3.31617 -4.5925 10 14 0
3.3446 -4.63526 20 21 0
3.37117 -4.67578 30 30 1
-0.646009 4.51897 -1.13687e-13 2 0
-0.656169 4.56293 10 10 0
-0.662245 4.59736 20 18 0
-0.671169 4.64157 30 26 1
2.69411 4.31567 0 3 0
2.7175 4.35964 10 11 0
2.73694 4.39295 20 19 0
2.7625 4.44 30 27 1
3.19256 5.70194 -1.13687e-13 3 0
3.2225 5.7556 10 11 0
3.24621 5.80535 20 19 0
3.2775 5.86009 30 27 1
3.12378 -5.76148 -1.13687e-13 5 0
3.15117 -5.8205 10 14 0
3.1709 -5.86218 20 21 0
3.20117 -5.91999 30 30 1
-6.04765 0.793573 1.13687e-13 0 0
-6.10745 0.8025 10 9 0
-6.16524 0.809809 20 16 0
-6.22145 0.8175 30 25 1
-5.50985 2.3499 -1.13687e-13 1 0
-5.5632 2.3725 10 9 0
-5.62091 2.39591 20 17 0
-5.67184 2.4175 30 25 1
6.13911 0.992374 1.13687e-13 4 0
6.1878 1.00117 10 12 0
6.2371 1.01132 20 20 0
6.29265 1.02117 30 28 1
1.77584 5.93659 1.13687e-13 2 0
1.7925 5.9873 10 11 0
1.8029 6.04111 20 18 0
1.8175 6.09715 30 27 1
-1.0032 5.56422 0 2 0
-1.01617 5.6159 10 10 0
-1.02485 5.66874 20 18 0
-1.03617 5.72075 30 26 1
4.83932 -4.0367 -1.13687e-13 5 0
4.88025 -4.0725 10 13 0
4.92359 -4.10949 20 21 0
4.96233 -4.1475 30 29 1
-5.07712 -5.06462 0 7 0
-5.12178 -5.11117 10 8 0
-5.1668 -5.15047 20 23 0
-5.21885 -5.20117 30 24 1
-0.8475 -8.22428 10 15 0
-0.85581 -8.30147 20 22 0
-0.8675 -8.37863 30 31 1
-1.96117 7.1478 10 10 0
-1.97735 7.21049 20 18 0
-1.99617 7.27472 30 26 1
4.24454 -4.99179 1.13687e-13 5 0
4.28117 -5.04131 10 14 0
4.32274 -5.08913 20 21 0
4.35617 -5.13045 30 30 1
4.26575 -6.84606 -1.13687e-13 5 0
4.30117 -6.90686 10 14 0
4.33789 -6.96794 20 21 0
4.37617 -7.03135 30 30 1
6.01814 -3.172 -2.27374e-13 5 0
6.07001 -3.1975 10 13 0
6.12155 -3.22565 20 21 0
6.16743 -3.2525 30 29 1
2.25638 4.5132 -1.13687e-13 3 0
2.2725 4.55104 10 11 0
2.28885 4.59159 20 19 0
2.3075 4.63553 30 27 1
4.9454 -2.26764 -1.13687e-13 5 0
4.9903 -2.2875 10 13 0
5.0265 -2.30664 20 21 0
5.07273 -2.3275 30 29 1
2.0425 6.0888 10 11 0
2.05727 6.14564 20 18 0
2.0725 6.19659 30 27 1
6.11951 2.31019 0 4 0
6.16722 2.33117 10 12 0
6.22403 2.35348 20 20 0
6.27586 2.37617 30 28 1
2.78138 3.19366 0 3 0
2.8025 3.22135 10 11 0
2.82916 3.25675 20 19 0
2.8525 3.28549 30 27 1
-8.83063 -1.50651 -1.13687e-13 0 0
-8.91397 -1.52117 10 8 0
-9.00048 -1.53898 20 16 0
-9.08539 -1.55117 30 24 1
0.217199 6.75972 -1.13687e-13 2 0
0.2175 6.82353 10 11 0
0.214493 6.88385 20 18 0
0.2175 6.94374 30 27 1
-4.50763 2.6675 10 9 0
-4.54788 2.69288 20 17 0
-4.58799 2.7125 30 25 1
-0.932843 6.6748 0 2 0
-0.941169 6.72884 10 10 0
-0.954491 6.79239 20 18 0
-0.966169 6.85283 30 26 1
-5.20841 1.8975 10 9 0
-5.25718 1.91655 20 16 0
-5.30705 1.9325 30 25 1
2.18513 -5.03714 -2.27374e-13 5 0
2.19617 -5.07763 10 14 0
2.21648 -5.1259 20 21 0
2.23117 -5.1692 30 30 1
-6.93611 1.23735 0 0 0
-7.005 1.2475 10 9 0
-7.06677 1.259 20 16 0
-7.13607 1.2725 30 25 1
-1.71631 -4.36871 0 6 0
-1.7325 -4.41409 10 15 0
-1.75149 -4.45364 20 22 0
-1.7725 -4.48944 30 31 1
4.76898 6.77705 -1.13687e-13 3 0
4.8075 6.83855 10 11 0
4.84494 6.89511 20 19 0
4.8925 6.96598 30 27 1
-4.80043 -5.72933 1.13687e-13 7 0
-4.8475 -5.78253 10 15 0
-4.89441 -5.83861 20 23 0
-4.9375 -5.88668 30 31 1
-4.1777 -2.78117 10 8 0
-4.21607 -2.80295 20 23 0
-4.26306 -2.83117 30 24 1
-4.7008 -7.34413 -1.13687e-13 7 0
-4.7425 -7.40995 10 15 0
-4.78871 -7.47795 20 23 0
-4.8325 -7.54237 30 31 1
4.51017 5.82558 1.13687e-13 3 0
4.5525 5.88351 10 11 0
4.58725 5.93328 20 19 0
4.6275 5.9868 30 27 1
-2.47617 5.96574 10 10 0
-2.49891 6.01679 20 17 0
-2.52617 6.07231 30 26 1
6.1979 -0.780043 1.13687e-13 4 0
6.25509 -0.7875 10 13 0
6.30896 -0.793573 20 20 0
6.36408 -0.7975 30 29 1
-6.69428 -3.42898 -1.13687e-13 7 0
-6.75982 -3.46117 10 8 0
-6.81729 -3.49075 20 23 0
-6.88346 -3.52117 30 24 1
-6.72421 4.94193 -1.13687e-13 1 0
-6.7852 4.9875 10 9 0
-6.85421 5.03366 20 17 0
-6.91763 5.0775 30 25 1
6.59306 -3.0313 -2.27374e-13 5 0
6.65126 -3.0575 10 13 0
6.70683 -3.08383 20 21 0
6.76282 -3.1125 30 29 1
-2.6525 -6.64223 10 15 0
-2.67694 -6.70093 20 22 0
-2.7025 -6.76295 30 31 1
6.86016 4.10383 -1.13687e-13 3 0
6.92363 4.14117 10 12 0
6.98475 4.18249 20 19 0
7.04606 4.22117 30 28 1
-5.34445 1.4325 10 9 0
-5.4009 1.44571 20 16 0
-5.45223 1.4625 30 25 1
-4.77328 -2.02617 10 8 0
-4.82334 -2.04786 20 23 0
-4.86485 -2.06117 30 24 1
-1.44571 -4.85214 -1.13687e-13 6 0
-1.4575 -4.89569 10 15 0
-1.47277 -4.9436 20 22 0
-1.4875 -4.98226 30 31 1
-5.02058 0.7975 10 9 0
-5.06772 0.804397 20 16 0
-5.12043 0.8125 30 25 1
4.28817 0.756169 10 12 0
4.32952 0.762366 20 20 0
4.36681 0.771169 30 28 1
6.66826 1.33062 1.13687e-13 4 0
6.73079 1.34617 10 12 0
6.79239 1.35498 20 20 0
6.84771 1.37117 30 28 1
3.91008 -6.75827 -1.13687e-13 5 0
3.94117 -6.81556 10 14 0
3.97568 -6.87744 20 21 0
4.00617 -6.93713 30 30 1
-6.80545 -2.02606 2.27374e-13 0 0
-6.87217 -2.04617 10 8 0
-6.93611 -2.06394 20 16 0
-6.99703 -2.08617 30 24 1
4.58874 7.08664 -2.27374e-13 3 0
4.6275 7.15352 10 11 0
4.67011 7.21776 20 19 0
4.7075 7.28302 30 27 1
4.58874 -2.88299 -1.13687e-13 5 0
4.62035 -2.9075 10 13 0
4.66489 -2.93618 20 21 0
4.70364 -2.9625 30 29 1
1.21029 7.48487 -1.13687e-13 2 0
1.2175 7.54776 10 11 0
1.22924 7.62206 20 18 0
1.2375 7.6809 30 27 1
2.8212 -4.67824 -2.27374e-13 5 0
2.84617 -4.72354 10 14 0
2.86674 -4.76204 20 21 0
2.89117 -4.80389 30 30 1
4.88393 2.93887 -1.13687e-13 3 0
4.92132 2.96617 10 12 0
4.97314 2.99748 20 19 0
5.01167 3.02117 30 28 1
-7.0341 -0.502592 0 0 0
-7.09994 -0.506169 10 8 0
-7.16476 -0.513416 20 16 0
-7.23015 -0.516169 30 24 1
6.80545 2.19924 2.27374e-13 4 0
6.8654 2.21617 10 12 0
6.92304 2.23713 20 20 0
6.98111 2.26117 30 28 1
3.96238 3.06588 -1.13687e-13 3 0
3.99773 3.09617 10 12 0
4.03471 3.1229 20 19 0
4.06687 3.15117 30 28 1
1.6216 3.99634 -2.27374e-13 2 0
1.6325 4.02417 10 11 0
1.64596 4.0682 20 18 0
1.6575 4.09867 30 27 1
-6.65116 5.68017 -1.13687e-13 1 0
-6.70996 5.7325 10 9 0
-6.77622 5.78609 20 17 0
-6.83824 5.8325 30 25 1
4.43855 -2.0631 1.13687e-13 5 0
4.48124 -2.0825 10 13 0
4.51312 -2.0994 20 21 0
4.5516 -2.1175 30 29 1
-4.81203 -5.49601 0 7 0
-4.8625 -5.55005 10 15 0
-4.90712 -5.59493 20 23 0
-4.9525 -5.64712 30 31 1
3.8667 -3.37406 -1.13687e-13 5 0
3.89913 -3.4025 10 13 0
3.92866 -3.4322 20 21 0
3.95913 -3.4625 30 29 1
-1.94214 4.63342 1.13687e-13 1 0
-1.96117 4.67999 10 10 0
-1.98385 4.72106 20 17 0
-2.00117 4.76242 30 26 1
-5.62301 0.482385 1.13687e-13 0 0
-5.67932 0.4875 10 9 0
-5.73407 0.490503 20 16 0
-5.78331 0.4925 30 25 1
6.51801 2.34536 0 4 0
6.57699 2.36617 10 12 0
6.6356 2.38866 20 20 0
6.6927 2.41117 30 28 1
1.34289 5.83206 -1.13687e-13 2 0
1.3525 5.88671 10 11 0
1.36183 5.94312 20 18 0
1.3725 5.99156 30 27 1
-4.22787 6.7546 -1.13687e-13 1 0
-4.27117 6.82029 10 10 0
-4.31307 6.88189 20 17 0
-4.35117 6.94272 30 26 1
-1.9525 -6.21094 10 15 0
-1.97338 -6.26976 20 22 0
-1.9925 -6.32165 30 31 1
4.16339 -6.62506 -3.41061e-13 5 0
4.19617 -6.68165 10 14 0
4.23552 -6.74694 20 21 0
4.26617 -6.80115 30 30 1
0.781308 -6.42655 -1.13687e-13 6 0
0.786169 -6.48191 10 14 0
0.789426 -6.53761 20 22 0
0.796169 -6.59798 30 30 1
-4.47502 3.2925 10 9 0
-4.52365 3.32687 20 17 0
-4.56331 3.3525 30 25 1
4.19766 -3.15396 -2.27374e-13 5 0
4.23774 -3.1825 10 13 0
4.26999 -3.21097 20 21 0
4.30688 -3.2375 30 29 1
0.244259 7.5306 0 2 0
0.2425 7.59806 10 11 0
0.241553 7.66779 20 18 0
0.2425 7.73241 30 27 1
-6.22939 2.70207 -1.13687e-13 1 0
-6.2859 2.7275 10 9 0
-6.34969 2.75731 20 17 0
-6.40661 2.7775 30 25 1
-6.73753 -5.20577 0 7 0
-6.80327 -5.25117 10 8 0
-6.87023 -5.30404 20 23 0
-6.92655 -5.34617 30 24 1
-6.09892 -3.66403 0 7 0
-6.15836 -3.70117 10 8 0
-6.2208 -3.73616 20 23 0
-6.27286 -3.76617 30 24 1
5.40743 1.06814 0 4 0
5.44962 1.07617 10 12 0
5.49889 1.08979 20 20 0
5.54741 1.09617 30 28 1
4.35617 -6.07797 10 14 0
4.3976 -6.13217 20 21 0
4.43117 -6.18833 30 30 1
0.374146 7.21702 -2.27374e-13 2 0
0.3775 7.28051 10 11 0
0.376852 7.34114 20 18 0
0.3775 7.41487 30 27 1
-8.28187 3.18025 0 0 0
-8.35689 3.2075 10 9 0
-8.43212 3.23707 20 16 0
-8.51589 3.2675 30 25 1
-2.8275 -5.01411 10 15 0
-2.84944 -5.05651 20 23 0
-2.8825 -5.10447 30 31 1
-2.91117 6.36539 10 10 0
-2.9365 6.41994 20 17 0
-2.96617 6.47695 30 26 1
-6.26277 5.7025 10 9 0
-6.32283 5.74982 20 17 0
-6.37691 5.8025 30 25 1
-5.16914 -6.20136 0 7 0
-5.2175 -6.2586 10 15 0
-5.27235 -6.31988 20 23 0
-5.3175 -6.37274 30 31 1
4.68472 2.28811 0 3 0
4.72594 2.31117 10 12 0
4.76582 2.32711 20 19 0
4.80836 2.35117 30 28 1
-5.34932 -4.44134 0 7 0
-5.39687 -4.48117 10 8 0
-5.44666 -4.51954 20 23 0
-5.49809 -4.56117 30 24 1
-6.11951 0.10896 1.13687e-13 0 0
-6.18113 0.1125 10 9 0
-6.24363 0.111666 20 16 0
-6.30134 0.1125 30 25 1
4.43845 7.40323 -2.27374e-13 3 0
4.4725 7.47229 10 11 0
4.51217 7.542 20 19 0
4.5475 7.60385 30 27 1
2.57267 -7.4718 0 6 0
2.59117 -7.54445 10 14 0
2.61326 -7.60899 20 22 0
2.63617 -7.68138 30 30 1
-5.19354 5.71501 1.13687e-13 1 0
-5.24617 5.76589 10 10 0
-5.29517 5.81664 20 17 0
-5.34617 5.86589 30 26 1
3.01794 -3.58533 0 5 0
3.04117 -3.61746 10 14 0
3.06572 -3.64842 20 21 0
3.09617 -3.6866 30 30 1
-5.73407 -1.5931 0 0 0
-5.78871 -1.60617 10 8 0
-5.84513 -1.62287 20 16 0
-5.89649 -1.63617 30 24 1
0.747571 7.84417 0 2 0
0.7475 7.91214 10 11 0
0.752983 7.98789 20 18 0
0.7575 8.05649 30 27 1
-7.5723 3.85363 1.13687e-13 1 0
-7.64389 3.8875 10 9 0
-7.71219 3.91699 20 17 0
-7.7796 3.9525 30 25 1
-0.12249 -7.14516 0 6 0
-0.1275 -7.20729 10 15 0
-0.130608 -7.26928 20 22 1
3.76906 2.45543 0 3 0
3.79492 2.47617 10 12 0
3.82944 2.49668 20 19 0
3.85614 2.51617 30 28 1
-2.6607 -7.55019 -1.13687e-13 6 0
-2.6875 -7.62476 10 15 0
-2.71482 -7.69392 20 22 0
-2.7425 -7.76461 30 31 1
0.253642 -6.00192 0 6 0
0.251169 -6.05298 10 14 0
0.250936 -6.11298 20 22 0
0.251169 -6.16612 30 30 1
-5.04726 -3.92115 -1.13687e-13 7 0
-5.09815 -3.95617 10 8 0
-5.14572 -3.98899 20 23 0
-5.19643 -4.02617 30 24 1
4.30367 5.43156 0 3 0
4.3375 5.47759 10 11 0
4.37534 5.52619 20 19 0
4.4125 5.58088 30 27 1
-2.93067 -3.58022 0 7 0
-2.9575 -3.61676 10 15 0
-2.98499 -3.64601 20 23 0
-3.0175 -3.67676 30 31 1
-7.51542 -4.26159 0 7 0
-7.58568 -4.30117 10 8 0
-7.65419 -4.33531 20 23 0
-7.72432 -4.37617 30 24 1
2.99244 5.9113 -2.27374e-13 3 0
3.0175 5.96779 10 11 0
3.04227 6.01853 20 19 0
3.0675 6.07436 30 27 1
-1.49983 -8.37986 -1.13687e-13 6 0
-1.5175 -8.45587 10 15 0
-1.53501 -8.53012 20 22 0
-1.5525 -8.61108 30 31 1
6.1979 2.35889 1.13687e-13 4 0
6.25258 2.38117 10 12 0
6.30896 2.39948 20 20 0
6.35622 2.42117 30 28 1
-1.1875 -7.46826 10 15 0
-1.19947 -7.53713 20 22 0
-1.2125 -7.59933 30 31 1
-8.38639 0.0575461 -1.13687e-13 0 0
-8.46665 0.0575 10 9 0
-8.54972 0.0602521 20 16 0
-8.62929 0.0575 30 25 1
5.66221 2.11536 1.13687e-13 4 0
5.71059 2.13617 10 12 0
5.75367 2.15324 20 20 0
5.80216 2.17117 30 28 1
7.62206 -1.97067 1.13687e-13 4 0
7.68843 -1.9875 10 13 0
7.75271 -2.00856 20 20 0
7.82743 -2.0275 30 29 1
-3.80569 -7.19525 0 7 0
-3.8425 -7.25948 10 15 0
-3.88324 -7.3302 20 23 0
-3.9175 -7.39105 30 31 1
4.93054 -2.02479 1.13687e-13 4 0
4.97157 -2.0425 10 13 0
5.01546 -2.05997 20 20 0
5.05607 -2.0775 30 29 1
-4.40087 5.02948 1.13687e-13 1 0
-4.44117 5.07403 10 10 0
-4.48672 5.11917 20 17 0
-4.52617 5.1661 30 26 1
-0.889547 4.44057 -1.13687e-13 2 0
-0.896169 4.47766 10 10 0
-0.908489 4.5255 20 18 0
-0.916169 4.5613 30 26 1
-3.6868 6.14082 0 1 0
-3.72117 6.19251 10 10 0
-3.75735 6.24581 20 17 0
-3.79117 6.30493 30 26 1
-4.39543 -5.18274 0 7 0
-4.4375 -5.23111 10 15 0
-4.48399 -5.27895 20 23 0
-4.5225 -5.32318 30 31 1
-4.53874 4.66988 1.13687e-13 1 0
-4.58117 4.71198 10 10 0
-4.62189 4.75302 20 17 0
-4.66617 4.79698 30 26 1
1.36309 -5.88433 0 6 0
1.37117 -5.92847 10 14 0
1.38474 -5.98885 20 22 0
1.39617 -6.0454 30 30 1
2.55697 4.79465 -2.27374e-13 3 0
2.5775 4.83482 10 11 0
2.59868 4.88228 20 19 0
2.6175 4.92432 30 27 1
-6.08442 -6.16376 1.13687e-13 7 0
-6.1375 -6.21693 10 15 0
-6.19528 -6.27463 20 23 0
-6.2525 -6.33193 30 31 1
-1.30771 -4.32298 -1.13687e-13 6 0
-1.3225 -4.35764 10 15 0
-1.33477 -4.40138 20 22 0
-1.3525 -4.44421 30 31 1
5.91608 -4.87237 0 5 0
5.96774 -4.9125 10 13 0
6.02265 -4.95981 20 21 0
6.07188 -5.0025 30 29 1
3.36896 -7.81676 -2.27374e-13 5 0
3.39617 -7.88276 10 14 0
3.42579 -7.95395 20 21 0
3.45117 -8.02261 30 30 1
6.02152 1.20344 0 4 0
6.07046 1.21617 10 12 0
6.12604 1.22509 20 20 0
6.17531 1.23617 30 28 1
0.640597 -5.49889 1.13687e-13 6 0
0.641169 -5.54495 10 14 0
0.648715 -5.59688 20 22 0
0.651169 -5.64688 30 30 1
4.06651 2.32428 -2.27374e-13 3 0
4.09833 2.34117 10 12 0
4.13725 2.3644 20 19 0
4.17161 2.38617 30 28 1
-5.72101 -1.80417 1.13687e-13 0 0
-5.77743 -1.82117 10 8 0
-5.82553 -1.83664 20 16 0
-5.87814 -1.85117 30 24 1
-4.08395 -5.6328 0 7 0
-4.1225 -5.68686 10 15 0
-4.16486 -5.73667 20 23 0
-4.2025 -5.78807 30 31 1
4.88624 -3.28764 -1.13687e-13 5 0
4.93136 -3.3175 10 13 0
4.96892 -3.34354 20 21 0
5.01464 -3.3725 30 29 1
-6.10644 -0.118343 -1.13687e-13 0 0
-6.1634 -0.121169 10 8 0
-6.22403 -0.123755 20 16 1
-6.75972 -2.28313 1.13687e-13 0 0
-6.82105 -2.30617 10 8 0
-6.88385 -2.32372 20 16 0
-6.9459 -2.34617 30 24 1
5.58985 3.10139 -1.13687e-13 3 0
5.63786 3.13117 10 12 0
5.6856 3.1627 20 19 0
5.74029 3.19117 30 28 1
5.07426 1.42263 1.13687e-13 4 0
5.11666 1.43617 10 12 0
5.16572 1.44968 20 20 0
5.2053 1.46117 30 28 1
-4.01176 3.3525 10 9 0
-4.04981 3.38496 20 17 0
-4.0859 3.4125 30 25 1
-3.63834 -3.57117 10 8 0
-3.67189 -3.60582 20 23 0
-3.70834 -3.64117 30 24 1
-1.71361 -5.53809 -1.13687e-13 6 0
-1.7325 -5.58788 10 15 0
-1.74878 -5.63608 20 22 0
-1.7675 -5.68652 30 31 1
4.54676 -5.82594 -2.27374e-13 5 0
4.58617 -5.88371 10 14 0
4.62384 -5.93364 20 21 0
4.66117 -5.98699 30 30 1
-2.45117 5.50941 10 10 0
-2.47684 5.55846 20 17 0
-2.50117 5.6089 30 26 1
4.27528 -1.0775 10 13 0
4.30992 -1.08582 20 20 0
4.35184 -1.0975 30 29 1
-1.57145 4.37525 -1.13687e-13 2 0
-1.58617 4.40399 10 10 0
-1.60663 4.44711 20 18 0
-1.62117 4.48849 30 26 1
-4.9404 6.16218 1.13687e-13 1 0
-4.98617 6.213 10 10 0
-5.03054 6.27528 20 17 1
-0.516122 5.31597 -1.13687e-13 2 0
-0.521169 5.36131 10 10 0
-0.529652 5.41396 20 18 0
-0.536169 5.46117 30 26 1
-3.90592 -3.88117 10 8 0
-3.94569 -3.91406 20 23 0
-3.98299 -3.95117 30 24 1
-5.7406 -0.0101034 0 0 0
-5.79884 -0.0111686 10 8 0
-5.85166 -0.0128094 20 16 0
-5.9049 -0.0111686 30 24 1
0.399765 -5.63608 -1.13687e-13 6 0
0.401169 -5.68679 10 14 0
0.402471 -5.74714 20 22 0
0.401169 -5.79286 30 30 1
-5.70013 -2.49222 1.13687e-13 7 0
-5.75325 -2.51117 10 8 0
-5.80195 -2.52899 20 23 0
-5.86189 -2.55617 30 24 1
-4.11582 3.1525 10 9 0
-4.15398 3.17916 20 17 0
-4.19203 3.2075 30 25 1
-5.89915 -4.12248 0 7 0
-5.95868 -4.16617 10 8 0
-6.01338 -4.20227 20 23 0
-6.06904 -4.24117 30 24 1
7.75924 1.59851 1.13687e-13 4 0
7.55088 1.26117 10 12 0
7.34114 0.927431 20 20 0
7.1313 0.601169 30 28 1
7.75924 1.59851 1.13687e-13 4 0
7.33239 1.19117 10 12 0
6.90998 0.78672 20 20 0
6.48704 0.381169 30 28 1
7.75924 1.59851 1.13687e-13 4 0
4.98637 -2.1775 10 13 0
2.2263 -5.95619 20 22 0
-0.5375 -9.73861 30 31 1
-8.57585 -2.18571 1.13687e-13 0 0
-8.65852 -2.20617 10 8 0
-8.73917 -2.2263 20 16 0
-8.81873 -2.24617 30 24 1
0.213052 -5.39437 -1.13687e-13 6 0
0.211169 -5.44022 10 14 0
0.20764 -5.48583 20 22 0
0.211169 -5.53215 30 30 1
0.723217 7.9291 -1.13687e-13 2 0
0.7275 8.00528 10 11 0
0.731335 8.07935 20 18 0
0.7375 8.14963 30 27 1
6.27502 -3.85748 -2.27374e-13 5 0
6.3266 -3.8925 10 13 0
6.38654 -3.93073 20 21 0
6.43903 -3.9625 30 29 1
-5.19628 2.0975 10 9 0
-5.25064 2.11409 20 16 0
-5.29492 2.1325 30 25 1
1.96038 -4.18096 -1.13687e-13 5 0
1.97617 -4.22123 10 14 0
1.99014 -4.25282 20 21 0
2.00617 -4.29366 30 30 1
1.75961 6.96877 0 2 0
1.7725 7.02796 10 11 0
1.78937 7.0929 20 18 0
1.8025 7.15695 30 27 1
0.624361 -5.73407 -1.13687e-13 6 0
0.626169 -5.78451 10 14 0
0.629773 -5.8386 20 22 0
0.631169 -5.88851 30 30 1
6.55067 1.11414 1.13687e-13 4 0
6.60978 1.12617 10 12 0
6.66826 1.13579 20 20 0
6.72171 1.14617 30 28 1
-6.87335 5.01452 0 1 0
-6.94006 5.0575 10 9 0
-7.00064 5.09972 20 17 0
-7.06541 5.1475 30 25 1
-7.28235 0.904518 1.13687e-13 0 0
-7.34882 0.9125 10 9 0
-7.41954 0.918048 20 16 0
-7.48403 0.9275 30 25 1
-6.10318 2.4175 10 9 0
-6.1587 2.44151 20 16 0
-6.21889 2.4625 30 25 1
6.83812 2.21818 1.13687e-13 4 0
6.89747 2.24117 10 12 0
6.95571 2.26148 20 20 0
7.01525 2.28117 30 28 1
-0.6975 -4.99836 10 15 0
-0.701569 -5.04159 20 22 0
-0.7125 -5.08407 30 31 1
-3.08617 4.66655 10 10 0
-3.11491 4.70789 20 17 0
-3.14617 4.75484 30 26 1
7.22355 1.71217 0 4 0
7.28549 1.73117 10 12 0
7.35421 1.74464 20 20 0
7.41449 1.76117 30 28 1
-4.68904 -6.34886 1.13687e-13 7 0
-4.7375 -6.40792 10 15 0
-4.78189 -6.4685 20 23 0
-4.8275 -6.52621 30 31 1
1.71361 5.98232 -1.13687e-13 2 0
1.7275 6.03543 10 11 0
1.74067 6.08684 20 18 0
1.7525 6.13821 30 27 1
-6.84465 -2.62679 0 0 0
-6.91149 -2.65117 10 8 0
-6.97531 -2.67549 20 16 0
-7.03927 -2.70117 30 24 1
4.46622 3.55059 -1.13687e-13 3 0
4.50394 3.58117 10 12 0
4.54125 3.61414 20 19 0
4.57601 3.64617 30 28 1
3.72506 -2.97985 -2.27374e-13 5 0
3.75869 -3.0075 10 13 0
3.79085 -3.03416 20 21 0
3.81576 -3.0575 30 29 1
3.28896 2.60293 -2.27374e-13 3 0
3.3156 2.62617 10 12 0
3.34822 2.65454 20 19 0
3.37267 2.67617 30 28 1
-1.28191 5.63608 0 2 0
-1.29617 5.69084 10 10 0
-1.30897 5.7406 20 18 0
-1.32617 5.79155 30 26 1
4.42944 4.74222 -2.27374e-13 3 0
4.4725 4.79235 10 11 0
4.50876 4.8292 20 19 0
4.5475 4.87442 30 27 1
-0.386235 6.16524 -2.27374e-13 2 0
-0.391169 6.21419 10 10 0
-0.399765 6.2763 20 18 0
-0.406169 6.32819 30 26 1
6.22843 5.02196 -2.27374e-13 3 0
6.27886 5.06617 10 12 0
6.33501 5.1094 20 19 0
6.38507 5.15117 30 28 1
-4.44232 -2.58617 10 8 0
-4.48264 -2.6103 20 23 0
-4.52268 -2.63117 30 24 1
3.24803 3.17047 0 3 0
3.27541 3.20117 10 12 0
3.30887 3.23897 20 19 0
3.33541 3.26117 30 28 1
-7.23009 -1.88264 0 0 0
-7.29993 -1.90117 10 8 0
-7.36728 -1.91782 20 16 0
-7.43392 -1.93617 30 24 1
-1.65949 -5.09386 -1.13687e-13 6 0
-1.6775 -5.1369 10 15 0
-1.69737 -5.18532 20 22 0
-1.7125 -5.22847 30 31 1
-6.40934 3.59381 0 1 0
-6.47172 3.6275 10 9 0
-6.53505 3.66212 20 17 0
-6.59329 3.6925 30 25 1
-1.74878 -5.21798 0 6 0
-1.7675 -5.26933 10 15 0
-1.78396 -5.31597 20 22 0
-1.8025 -5.3609 30 31 1
-7.24783 -3.32813 -1.13687e-13 7 0
-7.31243 -3.35617 10 8 0
-7.38119 -3.38878 20 23 0
-7.45021 -3.41617 30 24 1
-6.1124 -3.16089 1.13687e-13 7 0
-6.17162 -3.19117 10 8 0
-6.22887 -3.21996 20 23 0
-6.28319 -3.24617 30 24 1
1.25088 4.76068 0 2 0
1.2575 4.80176 10 11 0
1.26983 4.84561 20 18 0
1.2775 4.89247 30 27 1
-4.99625 -0.361169 10 8 0
-5.04159 -0.364587 20 16 0
-5.08611 -0.366169 30 24 1
-0.922019 7.48487 0 2 0
-0.931169 7.55322 10 10 0
-0.940961 7.62206 20 18 0
-0.956169 7.69843 30 26 1
6.16524 -0.225317 1.13687e-13 4 0
6.21835 -0.2275 10 13 0
6.2763 -0.228023 20 20 0
6.32441 -0.2275 30 29 1
-8.25574 1.49172 1.13687e-13 0 0
-8.3348 1.5025 10 9 0
-8.41253 1.51878 20 16 0
-8.49208 1.5325 30 25 1
-6.80634 -5.89454 0 7 0
-6.87394 -5.95117 10 8 0
-6.93793 -6.00316 20 23 0
-7.00016 -6.05617 30 24 1
0.518828 -4.82601 -1.13687e-13 6 0
0.521169 -4.87341 10 14 0
0.52424 -4.91747 20 22 0
0.526169 -4.95619 30 30 1
4.27647 3.75883 -1.13687e-13 3 0
4.31589 3.79617 10 12 0
4.35038 3.83274 20 19 0
4.38589 3.86617 30 28 1
6.3309 -3.02554 -2.27374e-13 5 0
6.38463 -3.0525 10 13 0
6.43813 -3.07537 20 21 0
6.49119 -3.1025 30 29 1
-5.00016 3.65413 0 1 0
-5.0468 3.6875 10 9 0
-5.09208 3.71927 20 17 0
-5.14008 3.7525 30 25 1
2.52588 3.88339 -1.13687e-13 3 0
2.5475 3.92094 10 11 0
2.566 3.95413 20 19 0
2.5875 3.98922 30 27 1
1.17097 -5.10692 0 6 0
1.17617 -5.14657 10 14 0
1.1872 -5.19838 20 22 0
1.19617 -5.24436 30 30 1
4.43787 -5.60224 -1.13687e-13 5 0
4.47617 -5.6535 10 14 0
4.51224 -5.70341 20 21 0
4.55117 -5.75679 30 30 1
-6.27254 3.40726 0 1 0
-6.33122 3.4375 10 9 0
-6.38901 3.46633 20 17 0
-6.44779 3.4975 30 25 1
-2.00856 -7.84417 0 6 0
-2.0275 -7.91228 10 15 0
-2.05185 -7.98789 20 22 0
-2.0725 -8.06335 30 31 1
-2.98617 5.37972 10 10 0
-3.01956 5.43148 20 17 0
-3.04617 5.47508 30 26 1
-3.0931 6.54975 0 1 0
-3.12617 6.60867 10 10 0
-3.15216 6.66622 20 17 0
-3.18617 6.73231 30 26 1
-6.06459 4.60376 1.13687e-13 1 0
-6.12201 4.6425 10 9 0
-6.17229 4.68084 20 17 0
-6.23029 4.7225 30 25 1
-8.58238 -1.30086 0 0 0
-8.66154 -1.31117 10 8 0
-8.73917 -1.3225 20 16 0
-8.82796 -1.33617 30 24 1
-5.02132 4.97259 0 1 0
-5.06865 5.0175 10 9 0
-5.11754 5.06115 20 17 0
-5.16572 5.1075 30 25 1
-3.57617 5.60203 10 10 0
-3.60705 5.64777 20 17 0
-3.64617 5.70031 30 26 1
6.09991 -0.723217 1.13687e-13 4 0
6.14559 -0.7275 10 13 0
6.20443 -0.734041 20 20 0
6.24751 -0.7375 30 29 1
-4.86107 6.0752 1.13687e-13 1 0
-4.91117 6.13093 10 10 0
-4.95505 6.18448 20 17 0
-5.00117 6.24214 30 26 1
7.90297 0.213052 0 4 0
7.97167 0.211169 10 12 0
8.04016 0.215758 20 20 0
8.11102 0.216169 30 28 1
-5.82553 -1.01402 0 0 0
-5.87546 -1.02117 10 8 0
-5.93659 -1.03296 20 16 0
-5.98738 -1.04117 30 24 1
3.11657 -7.80497 -1.13687e-13 6 0
3.14117 -7.88232 10 14 0
3.16798 -7.95523 20 22 0
3.19617 -8.02217 30 30 1
-0.0075 -8.54393 10 15 0
-0.0142504 -8.62158 20 22 0
-0.0125 -8.69742 30 31 1
5.17225 -0.945108 1.13687e-13 4 0
5.21801 -0.9525 10 13 0
5.26371 -0.961344 20 20 1
-4.89496 1.0325 10 9 0
-4.9436 1.03982 20 16 0
-4.98774 1.0475 30 25 1
-8.08589 2.72023 1.13687e-13 0 0
-8.16559 2.7475 10 9 0
-8.23614 2.77164 20 16 0
-8.30959 2.7925 30 25 1
-4.27294 -3.25117 10 8 0
-4.31496 -3.27687 20 23 0
-4.35622 -3.30617 30 24 1
-5.57193 -4.18177 0 7 0
-5.61978 -4.21617 10 8 0
-5.67963 -4.25885 20 23 0
-5.73513 -4.29617 30 24 1
4.68159 4.9982 0 3 0
4.7175 5.03735 10 11 0
4.76092 5.08518 20 19 0
4.8025 5.13649 30 27 1
-0.3985 -5.23758 0 6 0
-0.4025 -5.28319 10 15 0
-0.41203 -5.33557 20 22 0
-0.4175 -5.38304 30 31 1
-2.757 4.64082 0 1 0
-2.78117 4.67975 10 10 0
-2.80636 4.7208 20 17 0
-2.83617 4.76303 30 26 1
5.76515 -6.1412 1.13687e-13 5 0
5.81117 -6.19654 10 14 0
5.86565 -6.25318 20 21 0
5.91117 -6.30361 30 30 1
-1.46195 -6.18484 0 6 0
-1.4775 -6.23798 10 15 0
-1.49713 -6.29589 20 22 0
-1.5125 -6.35076 30 31 1
4.57123 -1.88138 2.27374e-13 4 0
4.60737 -1.8975 10 13 0
4.64962 -1.91385 20 20 0
4.6848 -1.9325 30 29 1
0.704275 6.44615 -2.27374e-13 2 0
0.7075 6.50743 10 11 0
0.715099 6.56374 20 18 0
0.7175 6.62349 30 27 1
-6.13911 2.02209 -1.13687e-13 0 0
-6.19487 2.0425 10 9 0
-6.25016 2.05727 20 16 0
-6.30765 2.0775 30 25 1
-5.22958 -5.48496 -1.13687e-13 7 0
-5.2775 -5.53371 10 15 0
-5.32468 -5.58388 20 23 0
-5.3725 -5.63578 30 31 1
-0.877458 -6.75972 -1.13687e-13 6 0
-0.8875 -6.82178 10 15 0
-0.8964 -6.88385 20 22 0
-0.9075 -6.94077 30 31 1
-4.68303 -2.75617 10 8 0
-4.72687 -2.78181 20 23 0
-4.76839 -2.80617 30 24 1
-8.08356 -3.64724 1.13687e-13 7 0
-8.16069 -3.68117 10 8 0
-8.23653 -3.71602 20 23 0
-8.31554 -3.75117 30 24 1
-4.33331 -4.81064 0 7 0
-4.3775 -4.85999 10 15 0
-4.41916 -4.90032 20 23 0
-4.4625 -4.94499 30 31 1
5.87092 3.53171 -1.13687e-13 3 0
5.92437 3.56617 10 12 0
5.97321 3.59572 20 19 0
6.0268 3.62617 30 28 1
3.33519 -6.52014 -1.13687e-13 5 0
3.36117 -6.57497 10 14 0
3.38773 -6.6339 20 21 0
3.42117 -6.69861 30 30 1
-5.57844 -2.35523 0 7 0
-5.6324 -2.37617 10 8 0
-5.6895 -2.40123 20 23 0
-5.74103 -2.42117 30 24 1
-4.77315 -3.63117 10 8 0
-4.82236 -3.66563 20 23 0
-4.86643 -3.69617 30 24 1
6.25016 -0.168491 1.13687e-13 4 0
6.30684 -0.1675 10 13 0
6.36122 -0.171197 20 20 0
6.41791 -0.1725 30 29 1
3.87163 -2.44524 0 5 0
3.90458 -2.4675 10 13 0
3.93855 -2.4892 20 21 0
3.97079 -2.5125 30 29 1
4.47324 0.372705 2.27374e-13 4 0
4.50921 0.376169 10 12 0
4.55163 0.383529 20 20 0
4.58992 0.386169 30 28 1
2.92857 -3.21277 -1.13687e-13 5 0
2.95117 -3.24462 10 14 0
2.97364 -3.26933 20 21 0
3.00117 -3.30169 30 30 1
-2.79117 5.96254 10 10 0
-2.8167 6.01313 20 17 0
-2.84617 6.06704 30 26 1
-2.25117 6.2145 10 10 0
-2.27501 6.26976 20 18 0
-2.29617 6.33021 30 26 1
-0.0981358 -4.59083 0 6 0
-0.1025 -4.62964 10 15 0
-0.106254 -4.67576 20 22 0
-0.1075 -4.71242 30 31 1
-3.6187 6.86487 0 1 0
-3.65617 6.93361 10 10 0
-3.68701 6.99058 20 17 0
-3.72617 7.05311 30 26 1
-6.2763 -1.03296 0 0 0
-6.34093 -1.04117 10 8 0
-6.40042 -1.05191 20 16 0
-6.45993 -1.06117 30 24 1
3.67284 -5.70208 -1.13687e-13 5 0
3.70117 -5.74824 10 14 0
3.73685 -5.80436 20 21 0
3.76617 -5.85567 30 30 1
2.77305 4.53238 0 3 0
2.7975 4.57399 10 11 0
2.82242 4.61235 20 19 0
2.8425 4.65435 30 27 1
-5.47929 0.498621 0 0 0
-5.53875 0.5025 10 9 0
-5.59035 0.506739 20 16 0
-5.64068 0.5125 30 25 1
-6.96224 1.06417 1.13687e-13 0 0
-7.02799 1.0725 10 9 0
-7.0929 1.08582 20 16 0
-7.16113 1.0925 30 25 1
-8.62158 1.69737 0 0 0
-8.70744 1.7125 10 9 0
-8.7849 1.72714 20 16 0
-8.86472 1.7425 30 25 1
4.69182 6.51238 1.13687e-13 3 0
4.7325 6.57263 10 11 0
4.77161 6.6266 20 19 0
4.8125 6.68799 30 27 1
4.13249 4.5218 -1.13687e-13 3 0
4.1675 4.56513 10 11 0
4.20528 4.60607 20 19 0
4.2375 4.64927 30 27 1
-5.92502 2.96024 1.13687e-13 1 0
-5.98229 2.9825 10 9 0
-6.03878 3.01278 20 17 0
-6.09385 3.0375 30 25 1
1.4118 -6.58987 0 6 0
1.42117 -6.64315 10 14 0
1.43074 -6.70093 20 22 0
1.44117 -6.76215 30 30 1
5.33652 -2.53247 0 5 0
5.38051 -2.5575 10 13 0
5.42415 -2.57418 20 21 0
5.47501 -2.6025 30 29 1
4.92438 -2.55659 0 5 0
4.9671 -2.5825 10 13 0
5.00818 -2.60212 20 21 1
0.453884 -4.36871 1.13687e-13 6 0
0.456169 -4.40536 10 14 0
0.459296 -4.44711 20 22 0
0.461169 -4.48814 30 30 1
-6.39389 -1.50922 1.13687e-13 0 0
-6.45324 -1.52117 10 8 0
-6.51801 -1.53357 20 16 0
-6.57516 -1.55117 30 24 1
7.34784 3.79169 0 3 0
7.41474 3.82617 10 12 0
7.48008 3.8627 20 19 0
7.5463 3.90117 30 28 1
2.34037 3.57924 -1.13687e-13 3 0
2.3575 3.61073 10 11 0
2.37779 3.64345 20 19 0
2.3925 3.67402 30 27 1
5.72754 -2.28998 2.27374e-13 4 0
5.77398 -2.3075 10 13 0
5.82553 -2.33057 20 20 0
5.87054 -2.3475 30 29 1
-6.55721 -2.71338 1.13687e-13 0 0
-6.62172 -2.73617 10 8 0
-6.68133 -2.76479 20 16 0
-6.74243 -2.78617 30 24 1
-5.48136 -3.66259 -1.13687e-13 7 0
-5.53611 -3.70117 10 8 0
-5.59288 -3.73584 20 23 0
-5.64354 -3.76617 30 24 1
6.8848 -3.17379 -2.27374e-13 5 0
6.94475 -3.2025 10 13 0
7.0051 -3.22903 20 21 0
7.06339 -3.2575 30 29 1
-0.179315 -4.83908 0 6 0
-0.1875 -4.88434 10 15 0
-0.190139 -4.93054 20 22 0
-0.1925 -4.96712 30 31 1
-7.31839 3.5125 10 9 0
-7.39061 3.54566 20 17 0
-7.45617 3.5725 30 25 1
1.28462 -5.59035 -1.13687e-13 6 0
1.29617 -5.64134 10 14 0
1.30356 -5.68834 20 22 0
1.31117 -5.74119 30 30 1
4.25536 -1.89522 -2.27374e-13 5 0
4.2971 -1.9125 10 13 0
4.32992 -1.93152 20 21 0
4.36746 -1.9475 30 29 1
5.46966 -3.03681 -1.13687e-13 5 0
5.51074 -3.0625 10 13 0
5.5627 -3.09159 20 21 0
5.60817 -3.1175 30 29 1
5.21798 0.675775 -1.13687e-13 4 0
5.25969 0.681169 10 12 0
5.30291 0.689305 20 20 0
5.35247 0.696169 30 28 1
-0.636626 -4.98933 0 6 0
-0.6475 -5.03321 10 15 0
-0.652862 -5.08079 20 22 0
-0.6625 -5.126 30 31 1
-3.1875 -5.69938 10 15 0
-3.21803 -5.75038 20 23 0
-3.2475 -5.80181 30 31 1
-6.40042 1.34018 1.13687e-13 0 0
-6.46653 1.3525 10 9 0
-6.52454 1.36453 20 16 0
-6.58346 1.3775 30 25 1
-4.57066 -3.67617 10 8 0
-4.61946 -3.71148 20 23 0
-4.66187 -3.74617 30 24 1
-3.51359 -5.88904 -1.13687e-13 7 0
-3.5425 -5.94124 10 15 0
-3.57761 -5.99132 20 23 0
-3.6125 -6.0466 30 31 1
2.24668 6.53761 0 2 0
2.2625 6.59872 10 11 0
2.28186 6.64867 20 18 0
2.3025 6.7165 30 27 1
-8.56278 -2.57537 1.13687e-13 0 0
-8.65047 -2.60117 10 8 0
-8.7261 -2.62137 20 16 0
-8.8086 -2.64617 30 24 1
1.81102 6.47881 0 2 0
1.8275 6.53848 10 11 0
1.84079 6.58987 20 18 0
1.8525 6.64834 30 27 1
7.40647 -1.06958 1.13687e-13 4 0
7.46433 -1.0775 10 13 0
7.5306 -1.08852 20 20 0
7.59746 -1.0975 30 29 1
-5.21289 4.33756 1.13687e-13 1 0
-5.26304 4.3775 10 9 0
-5.31023 4.41577 20 17 0
-5.35925 4.4525 30 25 1
3.21531 7.0373 -2.27374e-13 3 0
3.2425 7.09788 10 11 0
3.26672 7.16142 20 19 0
3.2975 7.23067 30 27 1
-8.36026 -0.959903 0 0 0
-8.43468 -0.971169 10 8 0
-8.51052 -0.978844 20 16 0
-8.5911 -0.986169 30 24 1
-4.38046 -4.53252 0 7 0
-4.4275 -4.57765 10 15 0
-4.46361 -4.61566 20 23 0
-4.5125 -4.66265 30 31 1
-8.41253 0.544623 1.13687e-13 0 0
-8.49496 0.5525 10 9 0
-8.56931 0.555447 20 16 0
-8.65345 0.5625 30 25 1
-1.45654 -4.83908 -1.13687e-13 6 0
-1.4725 -4.87534 10 15 0
-1.48901 -4.91747 20 22 0
-1.5025 -4.96191 30 31 1
-1.02214 4.68229 0 2 0
-1.03117 4.7258 10 10 0
-1.04649 4.76722 20 18 0
-1.05617 4.81444 30 26 1
2.46759 4.42209 -1.13687e-13 3 0
2.4925 4.46698 10 11 0
2.5066 4.50319 20 19 0
2.5325 4.54941 30 27 1
-4.69475 -6.07522 0 7 0
-4.7425 -6.13008 10 15 0
-4.78219 -6.1818 20 23 0
-4.8325 -6.2413 30 31 1
7.56979 -0.996521 2.27374e-13 4 0
7.62974 -1.0025 10 13 0
7.70045 -1.01276 20 20 0
7.76995 -1.0225 30 29 1
-1.85617 7.17008 10 10 0
-1.87182 7.23009 20 18 0
-1.89117 7.297 30 26 1
-7.5306 -2.56996 0 0 0
-7.59895 -2.59617 10 8 0
-7.67432 -2.61867 20 16 0
-7.73587 -2.64117 30 24 1
6.64213 -0.152255 1.13687e-13 4 0
6.70196 -0.1525 10 13 0
6.75972 -0.152255 20 20 0
6.8151 -0.1525 30 29 1
-7.4914 2.25751 1.13687e-13 0 0
-7.56124 2.2775 10 9 0
-7.63512 2.29539 20 16 0
-7.70731 2.3175 30 25 1
-3.28906 7.92438 2.27374e-13 1 0
-3.32117 7.99868 10 10 0
-3.35513 8.0708 20 17 0
-3.38617 8.14146 30 26 1
-5.06171 0.5275 10 9 0
-5.10692 0.533799 20 16 0
-5.15656 0.5375 30 25 1
-5.18745 3.9103 0 1 0
-5.23109 3.9425 10 9 0
-5.27937 3.97544 20 17 0
-5.32937 4.0125 30 25 1
1.64596 8.57585 -1.13687e-13 2 0
1.6575 8.64537 10 11 0
1.67031 8.7261 20 18 0
1.6825 8.80472 30 27 1
8.23614 -0.947814 1.13687e-13 4 0
8.30599 -0.9575 10 13 0
8.37986 -0.96405 20 20 0
8.44827 -0.9725 30 29 1
4.12472 -2.75573 0 5 0
4.15801 -2.7775 10 13 0
4.19433 -2.80621 20 21 0
4.22922 -2.8275 30 29 1
0.280701 -5.819 0 6 0
0.281169 -5.87085 10 14 0
0.280701 -5.92352 20 22 0
0.281169 -5.96984 30 30 1
-5.88678 -3.70063 0 7 0
-5.94588 -3.73617 10 8 0
-5.99559 -3.76735 20 23 0
-6.0533 -3.80117 30 24 1
-5.80744 -2.69903 0 7 0
-5.85719 -2.72117 10 8 0
-5.91467 -2.74886 20 23 0
-5.97083 -2.77117 30 24 1
5.24031 4.43949 1.13687e-13 3 0
5.28373 4.48117 10 12 0
5.32729 4.51881 20 19 0
5.37081 4.56117 30 28 1
-3.51099 3.1275 10 9 0
-3.54903 3.15588 20 17 0
-3.58013 3.1825 30 25 1
-1.80417 5.45969 -1.13687e-13 2 0
-1.82617 5.51373 10 10 0
-1.84476 5.55769 20 18 0
-1.86117 5.6053 30 26 1
-6.48797 -2.97009 1.13687e-13 7 0
-6.55438 -3.00117 10 8 0
-6.6148 -3.02804 20 23 0
-6.67509 -3.05117 30 24 1
-5.03048 7.03293 1.13687e-13 1 0
-5.08117 7.09996 10 10 0
-5.12603 7.1591 20 17 0
-5.17617 7.22324 30 26 1
5.34778 4.96025 -1.13687e-13 3 0
5.39861 5.00617 10 12 0
5.444 5.04881 20 19 0
5.48861 5.09617 30 28 1
4.54469 -3.95255 0 5 0
4.58312 -3.9875 10 13 0
4.62242 -4.02263 20 21 0
4.66019 -4.0575 30 29 1
5.7994 -2.04374 -1.13687e-13 4 0
5.84717 -2.0625 10 13 0
5.89739 -2.08433 20 20 0
5.95081 -2.1025 30 29 1
-5.19735 -5.87751 -1.13687e-13 7 0
-5.2475 -5.92798 10 15 0
-5.29515 -5.98296 20 23 0
-5.3475 -6.03505 30 31 1
7.48487 0.646009 1.13687e-13 4 0
7.55607 0.651169 10 12 0
7.61552 0.656833 20 20 0
7.68627 0.661169 30 28 1
-4.76504 -3.88002 0 7 0
-4.81273 -3.91117 10 8 0
-4.85696 -3.94515 20 23 0
-4.90394 -3.98117 30 24 1
0.613537 -4.53203 -1.13687e-13 6 0
0.616169 -4.57243 10 14 0
0.618949 -4.61043 20 22 0
0.621169 -4.64814 30 30 1
3.29957 3.98738 -1.13687e-13 3 0
3.3275 4.02919 10 11 0
3.35276 4.06353 20 19 0
3.3825 4.09833 30 27 1
-7.4326 0.598742 2.27374e-13 0 0
-7.49844 0.6025 10 9 0
-7.56979 0.60686 20 16 0
-7.63572 0.6125 30 25 1
-1.69466 -8.3276 -2.27374e-13 6 0
-1.7125 -8.40338 10 15 0
-1.72984 -8.47785 20 22 0
-1.7475 -8.55152 30 31 1
6.22809 -3.69192 -2.27374e-13 5 0
6.28181 -3.7275 10 13 0
6.33691 -3.75864 20 21 0
6.38923 -3.7925 30 29 1
1.76571 -4.02456 0 5 0
1.78117 -4.06159 10 14 0
1.79547 -4.09642 20 21 0
1.80617 -4.12901 30 30 1
3.69676 4.22767 -3.41061e-13 3 0
3.7275 4.26655 10 11 0
3.75648 4.30653 20 19 1
-4.18362 3.6375 10 9 0
-4.22338 3.67333 20 17 0
-4.2557 3.7025 30 25 1
-7.1539 -3.75465 -1.13687e-13 7 0
-7.2171 -3.79117 10 8 0
-7.28614 -3.82567 20 23 0
-7.35781 -3.86117 30 24 1
-4.56442 1.3525 10 9 0
-4.61043 1.36183 20 16 0
-4.65306 1.3775 30 25 1
-5.1171 -5.73603 2.27374e-13 7 0
-5.1675 -5.79141 10 15 0
-5.2149 -5.84148 20 23 0
-5.2625 -5.89348 30 31 1
-2.1675 -5.69762 10 15 0
-2.18715 -5.75367 20 22 0
-2.2125 -5.80626 30 31 1
2.59576 6.93611 0 2 0
2.6175 6.99614 10 11 0
2.64176 7.06023 20 18 0
2.6625 7.126 30 27 1
-2.93117 6.10254 10 10 0
-2.96182 6.15441 20 17 0
-2.99117 6.21204 30 26 1
-3.95617 4.42639 10 10 0
-3.99428 4.466 20 17 0
-4.03617 4.50639 30 26 1
-0.114372 -7.98789 -1.13687e-13 6 0
-0.1175 -8.05996 10 15 0
-0.125196 -8.13161 20 22 0
-0.1275 -8.20431 30 31 1
-3.77336 3.5525 10 9 0
-3.80938 3.58844 20 17 0
-3.84543 3.6175 30 25 1
2.63966 4.85055 1.13687e-13 3 0
2.6625 4.89861 10 11 0
2.68137 4.93818 20 19 1
-5.4401 -2.19112 0 0 0
-5.48861 -2.21117 10 8 0
-5.53809 -2.23171 20 16 0
-5.59932 -2.25117 30 24 1
-5.58154 -3.14666 0 7 0
-5.64044 -3.17617 10 8 0
-5.69148 -3.20302 20 23 0
-5.74493 -3.23117 30 24 1
-3.71617 4.05912 10 10 0
-3.74792 4.09336 20 17 0
-3.78617 4.12912 30 26 1
5.68476 3.26518 -2.27374e-13 3 0
5.73422 3.29117 10 12 0
5.78433 3.32266 20 19 0
5.83665 3.35117 30 28 1
-2.73647 -7.4326 -1.13687e-13 6 0
-2.7625 -7.50177 10 15 0
-2.78788 -7.56979 20 22 0
-2.8175 -7.64162 30 31 1
-7.97633 -3.59742 0 7 0
-8.05412 -3.63117 10 8 0
-8.12929 -3.66619 20 23 0
-8.1969 -3.69617 30 24 1
-3.90049 6.49993 0 1 0
-3.93617 6.556 10 10 0
-3.97645 6.61799 20 17 0
-4.01117 6.67343 30 26 1
-5.276 0.8125 10 9 0
-5.32904 0.820633 20 16 0
-5.37585 0.8275 30 25 1
3.36849 6.66238 -1.13687e-13 3 0
3.4025 6.72755 10 11 0
3.43027 6.78538 20 19 0
3.4575 6.84619 30 27 1
2.60977 -5.21303 -2.27374e-13 5 0
2.63117 -5.26514 10 14 0
2.65689 -5.31373 20 21 0
2.67617 -5.35964 30 30 1
5.73841 5.57666 0 3 0
5.78527 5.62617 10 12 0
5.8335 5.67558 20 19 0
5.88527 5.72617 30 28 1
-2.97494 -6.48313 -2.27374e-13 7 0
-3.0025 -6.53969 10 15 0
-3.03401 -6.5996 20 23 0
-3.0625 -6.65626 30 31 1
-5.3528 1.2075 10 9 0
-5.40743 1.22112 20 16 0
-5.45558 1.2325 30 25 1
7.45773 3.31225 -2.27374e-13 3 0
7.52371 3.34117 10 12 0
7.59109 3.3729 20 19 0
7.65442 3.40117 30 28 1
-5.79287 0.179315 -1.13687e-13 0 0
-5.84308 0.1775 10 9 0
-5.90392 0.182021 20 16 0
-5.96122 0.1825 30 25 1
-7.23009 -0.16705 0 0 0
-7.30234 -0.171169 10 8 0
-7.36728 -0.169756 20 16 0
-7.43669 -0.171169 30 24 1
-1.92323 7.73311 0 2 0
-1.94117 7.79955 10 10 0
-1.96112 7.87684 20 18 0
-1.98117 7.94561 30 26 1
-4.90114 -3.56838 1.13687e-13 7 0
-4.94821 -3.60117 10 8 0
-4.99306 -3.63351 20 23 0
-5.04149 -3.66617 30 24 1
4.0251 -5.28515 0 5 0
4.06117 -5.3375 10 14 0
4.09023 -5.37707 20 21 0
4.12617 -5.43078 30 30 1
3.24554 7.13641 0 3 0
3.2775 7.2036 10 11 0
3.29966 7.26707 20 19 0
3.3275 7.33138 30 27 1
-1.52545 5.55769 0 2 0
-1.54117 5.61057 10 10 0
-1.55792 5.66221 20 18 0
-1.57617 5.71628 30 26 1
-4.11425 6.1014 -1.13687e-13 1 0
-4.15117 6.15582 10 10 0
-4.19133 6.20909 20 17 0
-4.23117 6.2641 30 26 1
1.88264 -5.15265 -1.13687e-13 6 0
1.89617 -5.19482 10 14 0
1.91241 -5.25064 20 22 0
1.92617 -5.28846 30 30 1
-6.84465 -2.23713 0 0 0
-6.9054 -2.25617 10 8 0
-6.96877 -2.27771 20 16 0
-7.04232 -2.30117 30 24 1
-0.577094 -4.5843 0 6 0
-0.5875 -4.62673 10 15 0
-0.59333 -4.66269 20 22 1
4.50175 3.88461 -1.13687e-13 3 0
4.53989 3.92117 10 12 0
4.5822 3.96123 20 19 0
4.61696 3.99117 30 28 1
1.49713 6.50494 -1.13687e-13 2 0
1.5075 6.56497 10 11 0
1.51878 6.62253 20 18 0
1.5325 6.68896 30 27 1
-2.38617 6.58285 10 10 0
-2.41301 6.64213 20 18 0
-2.43617 6.70356 30 26 1
-4.07019 6.25633 -1.13687e-13 1 0
-4.11117 6.31381 10 10 0
-4.14997 6.37056 20 17 0
-4.19117 6.42916 30 26 1
-3.34117 6.16606 10 10 0
-3.37423 6.22242 20 17 0
-3.40617 6.27349 30 26 1
-5.85291 4.66761 0 1 0
-5.90416 4.7075 10 9 0
-5.96332 4.75123 20 17 0
-6.01745 4.7925 30 25 1
-4.97301 5.6399 1.13687e-13 1 0
-5.01617 5.69146 10 10 0
-5.06428 5.74265 20 17 0
-5.11117 5.79353 30 26 1
-8.49745 -2.00712 0 0 0
-8.57751 -2.02617 10 8 0
-8.65424 -2.045 20 16 0
-8.73272 -2.06117 30 24 1
1.82455 8.40599 0 2 0
1.8375 8.47889 10 11 0
1.85161 8.56278 20 18 0
1.8625 8.63116 30 27 1
5.80593 1.4551 1.13687e-13 4 0
5.8517 1.47117 10 12 0
5.89739 1.48216 20 20 0
5.95448 1.49617 30 28 1
6.16524 -0.154961 0 4 0
6.21906 -0.1575 10 13 0
6.26976 -0.160373 20 20 0
6.32305 -0.1625 30 29 1
-3.8654 -6.35948 -1.13687e-13 7 0
-3.9025 -6.41438 10 15 0
-3.94136 -6.47754 20 23 0
-3.9775 -6.53181 30 31 1
-1.6275 -6.60718 10 15 0
-1.64596 -6.66826 20 22 0
-1.6625 -6.72704 30 31 1
3.06955 -3.64459 0 5 0
3.10117 -3.68453 10 14 0
3.12657 -3.71692 20 21 0
3.15117 -3.74867 30 30 1
-4.45916 -2.22117 10 8 0
-4.50227 -2.23959 20 23 0
-4.54159 -2.26117 30 24 1
-3.99327 3.4825 10 9 0
-4.026 3.5104 20 17 0
-4.06741 3.5425 30 25 1
-7.75213 4.0526 0 1 0
-7.82768 4.0925 10 9 0
-7.89743 4.12902 20 17 0
-7.96839 4.1625 30 25 1
-1.8125 -7.18109 10 15 0
-1.83267 -7.24968 20 22 0
-1.8525 -7.31302 30 31 1
1.1872 -8.05975 -1.13687e-13 6 0
1.19617 -8.13642 10 14 0
1.20344 -8.21654 20 22 0
1.21117 -8.28577 30 30 1
-1.39971 -4.57123 -1.13687e-13 6 0
-1.4125 -4.61028 10 15 0
-1.42677 -4.64962 20 22 0
-1.4425 -4.68977 30 31 1
3.61712 3.51277 -2.27374e-13 3 0
3.6437 3.54117 10 12 0
3.67526 3.57474 20 19 0
3.7087 3.60617 30 28 1
5.89739 -1.88408 2.27374e-13 4 0
5.9488 -1.9025 10 13 0
5.99538 -1.91926 20 20 0
6.05451 -1.9375 30 29 1
4.85123 3.30417 -1.13687e-13 3 0
4.89534 3.33617 10 12 0
4.93662 3.3666 20 19 0
4.97655 3.39617 30 28 1
4.66995 6.9038 -1.13687e-13 3 0
4.7125 6.96275 10 11 0
4.75515 7.0311 20 19 1
3.43573 -3.1306 -1.13687e-13 5 0
3.46321 -3.1575 10 13 0
3.49116 -3.18603 20 21 0
3.52321 -3.2175 30 29 1
2.45902 -7.52406 0 6 0
2.47617 -7.59209 10 14 0
2.49419 -7.66125 20 22 0
2.51117 -7.72608 30 30 1
-5.23655 1.8125 10 9 0
-5.28331 1.82455 20 16 0
-5.33019 1.8425 30 25 1
3.28212 2.88694 -1.13687e-13 3 0
3.30861 2.91617 10 12 0
3.33755 2.94237 20 19 0
3.36568 2.96617 30 28 1
-3.76229 3.6475 10 9 0
-3.80582 3.68438 20 17 0
-3.83436 3.7125 30 25 1
4.21193 -1.3483 0 4 0
4.24415 -1.3575 10 13 0
4.28379 -1.37265 20 20 0
4.31157 -1.3825 30 29 1
-4.32997 2.1575 10 9 0
-4.37172 2.17613 20 17 0
-4.4124 2.1975 30 25 1
0.543182 -4.79335 0 6 0
0.546169 -4.84184 10 14 0
0.548594 -4.88481 20 22 0
0.551169 -4.92462 30 30 1
5.22436 5.40703 -2.27374e-13 3 0
5.2725 5.458 10 11 0
5.31563 5.50978 20 19 0
5.3625 5.55507 30 27 1
0.627067 -7.08636 -1.13687e-13 6 0
0.631169 -7.15423 10 14 0
0.632479 -7.21702 20 22 0
0.636169 -7.27944 30 30 1
4.91747 -0.812515 1.13687e-13 4 0
4.9628 -0.8175 10 13 0
5.0024 -0.826045 20 20 0
5.04144 -0.8325 30 29 1
-0.329409 6.89038 0 2 0
-0.336169 6.95115 10 10 0
-0.342939 7.0145 20 18 0
-0.346169 7.07429 30 26 1
5.40603 -2.8048 -1.13687e-13 5 0
5.45752 -2.8325 10 13 0
5.49907 -2.85958 20 21 0
5.54287 -2.8825 30 29 1
-0.756169 8.21261 10 10 0
-0.765072 8.28187 20 18 0
-0.776169 8.35989 30 26 1
-3.83543 -5.43786 0 7 0
-3.8725 -5.48636 10 15 0
-3.91363 -5.53519 20 23 0
-3.9475 -5.58257 30 31 1
-8.30147 -2.90009 0 0 0
-8.37443 -2.92617 10 8 0
-8.45172 -2.9515 20 16 0
-8.52842 -2.98117 30 24 1
9.1834 -1.71361 0 4 0
9.27191 -1.7325 10 13 0
9.36632 -1.75149 20 20 0
9.45333 -1.7725 30 29 1
-5.11477 -0.826169 10 8 0
-5.15918 -0.835427 20 16 0
-5.20755 -0.841169 30 24 1
-7.13209 2.30351 1.13687e-13 0 0
-7.19612 2.3225 10 9 0
-7.26275 2.34139 20 16 0
-7.32804 2.3625 30 25 1
-3.23117 4.64185 10 10 0
-3.26106 4.68184 20 17 0
-3.29117 4.72306 30 26 1
6.47651 -5.02333 -1.13687e-13 5 0
6.52786 -5.0625 10 13 0
6.58308 -5.11077 20 21 0
6.63908 -5.1525 30 29 1
7.35421 -2.63905 1.13687e-13 4 0
7.42298 -2.6625 10 13 0
7.4914 -2.68505 20 20 0
7.55783 -2.7125 30 29 1
2.49892 -3.80872 0 5 0
2.52117 -3.84699 10 14 0
2.53905 -3.87946 20 21 0
2.56117 -3.91528 30 30 1
-3.8148 6.72421 -1.13687e-13 1 0
-3.85617 6.78713 10 10 0
-3.89346 6.8488 20 17 0
-3.92617 6.90662 30 26 1
1.70278 7.82457 -2.27374e-13 2 0
1.7125 7.89427 10 11 0
1.72714 7.96176 20 18 0
1.7425 8.0374 30 27 1
4.27505 7.1786 -1.13687e-13 3 0
4.3125 7.24157 10 11 0
4.34989 7.30701 20 19 0
4.3875 7.37314 30 27 1
-2.2975 -6.88828 10 15 0
-2.31975 -6.94918 20 22 0
-2.3425 -7.01106 30 31 1
-6.51232 3.24139 -1.13687e-13 1 0
-6.57634 3.2725 10 9 0
-6.63915 3.29934 20 17 1
-5.0735 -5.91821 0 7 0
-5.1175 -5.96768 10 15 0
-5.16476 -6.02096 20 23 0
-5.2175 -6.08182 30 31 1
-3.83104 -3.39617 10 8 0
-3.86865 -3.42754 20 23 0
-3.90518 -3.45617 30 24 1
0.0761686 -8.6357 10 14 0
0.072341 -8.71304 20 22 0
0.0711686 -8.79333 30 30 1
-0.938255 7.49793 0 2 0
-0.946169 7.56115 10 10 0
-0.957197 7.63512 20 18 0
-0.971169 7.69929 30 26 1
3.62682 -6.88447 -2.27374e-13 5 0
3.65617 -6.94775 10 14 0
3.6913 -7.01401 20 21 0
3.72117 -7.07639 30 30 1
0.301084 4.37525 -1.13687e-13 2 0
0.3025 4.41244 10 11 0
0.306496 4.45364 20 18 0
0.3075 4.49522 30 27 1
-6.65322 3.51623 0 1 0
-6.71699 3.5475 10 9 0
-6.77622 3.57801 20 17 0
-6.83856 3.6125 30 25 1
-4.37493 -6.94937 -1.13687e-13 7 0
-4.4175 -7.01423 10 15 0
-4.46013 -7.07667 20 23 0
-4.5025 -7.14166 30 31 1
-2.4675 -6.28753 10 15 0
-2.49563 -6.34162 20 22 0
-2.5175 -6.40117 30 31 1
1.99359 -6.19137 1.13687e-13 6 0
2.01117 -6.25027 10 14 0
2.02335 -6.30243 20 22 0
2.04117 -6.35806 30 30 1
3.08151 3.44786 -2.27374e-13 3 0
3.1125 3.48185 10 11 0
3.13582 3.51366 20 19 0
3.1625 3.54599 30 27 1
4.34233 3.05549 0 3 0
4.37871 3.08117 10 12 0
4.41465 3.11251 20 19 0
4.44785 3.13617 30 28 1
-0.3675 -8.50088 10 15 0
-0.374146 -8.57585 20 22 0
-0.3825 -8.6573 30 31 1
3.69557 4.99568 0 3 0
3.7225 5.03937 10 11 0
3.75417 5.08489 20 19 0
3.7875 5.13266 30 27 1
0.126461 -5.94312 0 6 0
0.126169 -5.99162 10 14 0
0.126461 -6.04765 20 22 0
0.126169 -6.10476 30 30 1
-1.75149 -4.74108 0 6 0
-1.7675 -4.78143 10 15 0
-1.78667 -4.82601 20 22 0
-1.8075 -4.87092 30 31 1
-5.34232 -6.61946 0 7 0
-5.3925 -6.68109 10 15 0
-5.439 -6.73528 20 23 0
-5.4925 -6.79523 30 31 1
-0.375411 6.2567 -1.13687e-13 2 0
-0.381169 6.31026 10 10 0
-0.383529 6.36775 20 18 0
-0.391169 6.42632 30 26 1
2.93646 -3.67606 -1.13687e-13 5 0
2.96117 -3.70717 10 14 0
2.99077 -3.74185 20 21 0
3.01117 -3.77131 30 30 1
-4.77008 -2.34117 10 8 0
-4.81967 -2.36565 20 23 0
-4.85958 -2.38117 30 24 1
-0.328144 -7.82457 0 6 0
-0.3325 -7.89312 10 15 0
-0.338968 -7.96829 20 22 0
-0.3425 -8.0304 30 31 1
-6.17399 -4.26338 2.27374e-13 7 0
-6.23303 -4.30617 10 8 0
-6.29475 -4.34588 20 23 0
-6.35046 -4.38117 30 24 1
6.14561 3.35865 -2.27374e-13 3 0
6.19692 3.38617 10 12 0
6.25172 3.41884 20 19 0
6.30434 3.45117 30 28 1
0.433677 4.78681 -1.13687e-13 2 0
0.4375 4.83029 10 11 0
0.436383 4.87174 20 18 0
0.4375 4.90807 30 27 1
-7.15823 2.76353 0 0 0
-7.22271 2.7875 10 9 0
-7.28888 2.81223 20 16 0
-7.35756 2.8375 30 25 1
-5.71896 3.88693 -1.13687e-13 1 0
-5.7647 3.9175 10 9 0
-5.82124 3.95094 20 17 0
-5.87713 3.9875 30 25 1
2.63614 -3.48672 0 5 0
2.66117 -3.5203 10 14 0
2.68392 -3.54981 20 21 0
2.70617 -3.57945 30 30 1
5.16799 2.17439 0 3 0
5.20698 2.19117 10 12 0
5.25563 2.2161 20 19 0
5.30148 2.23617 30 28 1
-2.65117 5.39121 10 10 0
-2.68105 5.43739 20 17 0
-2.70617 5.48863 30 26 1
-0.0494282 -6.81199 -1.13687e-13 6 0
-0.0525 -6.87066 10 15 0
-0.0575461 -6.93611 20 22 0
-0.0625 -7.00087 30 31 1
0.494474 -4.83254 0 6 0
0.496169 -4.8767 10 14 0
0.49718 -4.91747 20 22 0
0.496169 -4.96155 30 30 1
-2.09929 -4.73496 -1.13687e-13 7 0
-2.1225 -4.7758 10 15 0
-2.14753 -4.8253 20 23 0
-2.1625 -4.85823 30 31 1
-3.98622 -2.93617 10 8 0
-4.02427 -2.96704 20 23 0
-4.06244 -2.99117 30 24 1
-7.37494 -4.39282 0 7 0
-7.44491 -4.43617 10 8 0
-7.51913 -4.4796 20 23 0
-7.58148 -4.51617 30 24 1
1.23465 6.34162 -1.13687e-13 2 0
1.2425 6.39896 10 11 0
1.25359 6.45268 20 18 0
1.2625 6.51089 30 27 1
-3.40703 -6.71623 0 7 0
-3.4425 -6.77463 10 15 0
-3.47263 -6.8354 20 23 0
-3.5075 -6.89619 30 31 1
1.56207 6.51801 0 2 0
1.5775 6.5784 10 11 0
1.58913 6.6356 20 18 0
1.6025 6.70239 30 27 1
5.48272 4.12317 -1.13687e-13 3 0
5.52942 4.16117 10 12 0
5.57735 4.19484 20 19 0
5.62563 4.23617 30 28 1
-6.70746 -1.86641 1.13687e-13 0 0
-6.77081 -1.88117 10 8 0
-6.83812 -1.89888 20 16 0
-6.89774 -1.91617 30 24 1
5.53481 2.91623 -1.13687e-13 3 0
5.58721 2.94617 10 12 0
5.63438 2.97371 20 19 0
5.67964 2.99617 30 28 1
-0.717805 -6.90998 -1.13687e-13 6 0
-0.7225 -6.96791 10 15 0
-0.731335 -7.0341 20 22 0
-0.7425 -7.10104 30 31 1
-2.64117 6.09539 10 10 0
-2.66858 6.15201 20 17 0
-2.69617 6.20695 30 26 1
-6.32203 -2.5889 1.13687e-13 0 0
-6.37651 -2.61117 10 8 0
-6.43962 -2.63761 20 16 0
-6.49929 -2.65617 30 24 1
3.46922 3.20797 0 3 0
3.49926 3.24117 10 12 0
3.52736 3.26994 20 19 0
3.55426 3.29617 30 28 1
3.3219 -3.83571 -1.13687e-13 5 0
3.35117 -3.87089 10 14 0
3.37891 -3.90804 20 21 0
3.40617 -3.94003 30 30 1
6.31876 4.15558 -1.13687e-13 3 0
6.37259 4.19117 10 12 0
6.42375 4.22612 20 19 0
6.48295 4.26617 30 28 1
2.79227 -3.58927 -1.13687e-13 5 0
2.81617 -3.62581 10 14 0
2.83623 -3.65619 20 21 0
2.86117 -3.68495 30 30 1
-0.878723 7.64165 0 2 0
-0.891169 7.71121 10 10 0
-0.905783 7.78538 20 18 0
-0.921169 7.86142 30 26 1
-0.0223684 -7.68738 0 6 0
-0.0275 -7.75783 10 15 0
-0.0304863 -7.82457 20 22 0
-0.0325 -7.89718 30 31 1
-3.24685 -7.06119 1.13687e-13 7 0
-3.2775 -7.12581 10 15 0
-3.31133 -7.19072 20 23 0
-3.3425 -7.25445 30 31 1
1.50922 -6.73359 1.13687e-13 6 0
1.52117 -6.79265 10 14 0
1.53086 -6.85118 20 22 0
1.54117 -6.91872 30 30 1
-2.24087 4.80587 0 1 0
-2.26117 4.84564 10 10 0
-2.28258 4.8935 20 17 0
-2.30617 4.93307 30 26 1
-6.36775 -0.610831 0 0 0
-6.42505 -0.616169 10 8 0
-6.48535 -0.621655 20 16 0
-6.54612 -0.631169 30 24 1
-3.67765 7.20319 -1.13687e-13 1 0
-3.71617 7.26938 10 10 0
-3.75249 7.3316 20 17 0
-3.78617 7.39595 30 26 1
6.50494 -0.696158 1.13687e-13 4 0
6.56607 -0.7025 10 13 0
6.62253 -0.706981 20 20 0
6.67506 -0.7125 30 29 1
-1.54617 7.60254 10 10 0
-1.56063 7.66779 20 18 0
-1.57617 7.73153 30 26 1
7.55673 -0.217199 1.13687e-13 4 0
7.62256 -0.2175 10 13 0
7.69392 -0.219905 20 20 0
7.76191 -0.2225 30 29 1
2.20024 -4.17207 -1.13687e-13 5 0
2.22117 -4.21167 10 14 0
2.23653 -4.24664 20 21 0
2.25617 -4.28203 30 30 1
-0.846251 7.58939 -1.13687e-13 2 0
-0.856169 7.66207 10 10 0
-0.865193 7.72658 20 18 0
-0.876169 7.80228 30 26 1
0.0846059 8.7261 -1.13687e-13 2 0
0.0825 8.80985 10 11 0
0.076488 8.88942 20 18 0
0.0725 8.96956 30 27 1
-7.36728 -1.94488 0 0 0
-7.43771 -1.96117 10 8 0
-7.50446 -1.98006 20 16 0
-7.57171 -1.99617 30 24 1
4.69535 0.978844 2.27374e-13 4 0
4.7303 0.986169 10 12 0
4.77375 0.99508 20 20 0
4.81394 1.00617 30 28 1
1.22653 4.98933 0 2 0
1.2325 5.03839 10 11 0
1.24277 5.08079 20 18 0
1.2525 5.1291 30 27 1
-2.23171 5.49889 0 2 0
-2.25617 5.54775 10 10 0
-2.27771 5.59688 20 18 0
-2.30117 5.64932 30 26 1
-2.29051 4.97796 -1.13687e-13 1 0
-2.31617 5.02792 10 10 0
-2.33875 5.0683 20 17 0
-2.36117 5.11535 30 26 1
-3.08617 5.26759 10 10 0
-3.11747 5.31509 20 17 0
-3.15117 5.36088 30 26 1
-6.37429 -0.808368 1.13687e-13 0 0
-6.43413 -0.816169 10 8 0
-6.49188 -0.824604 20 16 0
-6.5552 -0.831169 30 24 1
2.10008 -4.30918 -2.27374e-13 5 0
2.11617 -4.34709 10 14 0
2.13255 -4.38758 20 21 0
2.15117 -4.43159 30 30 1
5.86004 -5.39036 0 5 0
5.91291 -5.4375 10 13 0
5.96549 -5.48816 20 21 0
6.01999 -5.5375 30 29 1
3.402 -4.57786 0 5 0
3.43117 -4.61557 10 14 0
3.4579 -4.66054 20 21 0
3.49117 -4.70386 30 30 1
-0.079194 -6.57027 -1.13687e-13 6 0
-0.0825 -6.62489 10 15 0
-0.0846059 -6.68786 20 22 0
-0.0875 -6.74303 30 31 1
-7.43914 1.68925 -1.13687e-13 0 0
-7.5145 1.7075 10 9 0
-7.58286 1.72172 20 16 0
-7.65264 1.7325 30 25 1
-5.88586 2.56518 -1.13687e-13 1 0
-5.94584 2.5925 10 9 0
-5.99691 2.61118 20 17 0
-6.05448 2.6375 30 25 1
-5.41319 -5.14429 -1.13687e-13 7 0
-5.4634 -5.19117 10 8 0
-5.51594 -5.23556 20 23 0
-5.56755 -5.28117 30 24 1
3.79489 5.87567 -1.13687e-13 3 0
3.8275 5.92926 10 11 0
3.86161 5.98449 20 19 0
3.8975 6.04169 30 27 1
-5.3541 -3.19857 0 7 0
-5.40759 -3.22617 10 8 0
-5.46021 -3.25876 20 23 0
-5.51002 -3.28617 30 24 1
7.96176 0.0858709 0 4 0
8.03051 0.0861686 10 12 0
8.09895 0.0885768 20 20 0
8.16486 0.0861686 30 28 1
-4.2425 -4.44921 10 15 0
-4.27976 -4.48539 20 23 0
-4.3225 -4.52921 30 31 1
4.00182 -4.68019 -1.13687e-13 5 0
4.03617 -4.71853 10 14 0
4.06808 -4.76175 20 21 0
4.10117 -4.80474 30 30 1
-1.63513 -8.53665 0 6 0
-1.6525 -8.61208 10 15 0
-1.6676 -8.69344 20 22 0
-1.6825 -8.76229 30 31 1
-1.52148 -6.31549 0 6 0
-1.5375 -6.36869 10 15 0
-1.55125 -6.42655 20 22 0
-1.5675 -6.48354 30 31 1
-3.50719 -6.57912 1.13687e-13 7 0
-3.5425 -6.64128 10 15 0
-3.57932 -6.701 20 23 0
-3.6125 -6.76078 30 31 1
0.556711 -4.66922 -1.13687e-13 6 0
0.556169 -4.71042 10 14 0
0.559417 -4.75415 20 22 0
0.561169 -4.80027 30 30 1
3.09572 5.27217 -1.13687e-13 3 0
3.1175 5.31825 10 11 0
3.14396 5.36251 20 19 0
3.1725 5.41568 30 27 1
1.91052 -4.45255 -1.13687e-13 5 0
1.92117 -4.4915 10 14 0
1.93916 -4.53477 20 21 0
1.95117 -4.571 30 30 1
0.0912828 -5.53155 0 6 0
0.0911686 -5.58892 10 14 0
0.0885768 -5.62955 20 22 0
0.0861686 -5.68292 30 30 1
-5.64915 -1.8177 1.13687e-13 0 0
-5.70051 -1.83617 10 8 0
-5.7602 -1.85288 20 16 0
-5.81329 -1.87117 30 24 1
2.04103 5.76674 -1.13687e-13 2 0
2.0575 5.82096 10 11 0
2.0735 5.87126 20 18 0
2.0925 5.92667 30 27 1
7.84417 0.697422 0 4 0
7.90805 0.706169 10 12 0
7.98136 0.710952 20 20 0
8.0524 0.716169 30 28 1
-2.3156 8.09242 -1.13687e-13 2 0
-2.34117 8.16419 10 10 0
-2.3616 8.24267 20 18 0
-2.38617 8.31526 30 26 1
7.77231 2.80538 0 4 0
7.84809 2.83117 10 12 0
7.9095 2.85679 20 20 0
7.98294 2.88117 30 28 1
-3.31015 6.87778 0 1 0
-3.34617 6.94181 10 10 0
-3.37846 7.00349 20 17 0
-3.41117 7.07045 30 26 1
5.61458 -3.24296 -2.27374e-13 5 0
5.6571 -3.2725 10 13 0
5.71033 -3.30427 20 21 0
5.75953 -3.3325 30 29 1
3.4974 -4.39007 -1.13687e-13 5 0
3.52617 -4.4348 10 14 0
3.55059 -4.46622 20 21 0
3.58117 -4.51101 30 30 1
3.42959 -3.91279 -1.13687e-13 5 0
3.45617 -3.94761 10 14 0
3.48661 -3.98512 20 21 0
3.51617 -4.02175 30 30 1
-1.65137 -5.68834 1.13687e-13 6 0
-1.6675 -5.74209 10 15 0
-1.68384 -5.79287 20 22 0
-1.7025 -5.8478 30 31 1
1.36995 4.9436 0 2 0
1.3825 4.9904 10 11 0
1.39159 5.03506 20 18 0
1.3975 5.07611 30 27 1
4.9436 -0.146843 1.13687e-13 4 0
4.98576 -0.1475 10 13 0
5.03506 -0.146843 20 20 0
5.07062 -0.1475 30 29 1
4.11751 -1.87601 0 5 0
4.14982 -1.8925 10 13 0
4.18555 -1.9096 20 21 0
4.21518 -1.9225 30 29 1
3.33254 3.7142 -2.27374e-13 3 0
3.3625 3.75306 10 11 0
3.38685 3.77999 20 19 0
3.4175 3.81513 30 27 1
0.0521342 6.33509 -1.13687e-13 2 0
0.0475 6.3919 10 11 0
0.0467222 6.45268 20 18 0
0.0425 6.50711 30 27 1
6.78181 -4.81966 -2.27374e-13 5 0
6.84405 -4.8625 10 13 0
6.89874 -4.90598 20 21 0
6.95734 -4.9475 30 29 1
-5.92287 4.05257 0 1 0
-5.98213 4.0925 10 9 0
-6.03439 4.12582 20 17 0
-6.09455 4.1625 30 25 1
4.09234 5.74452 -2.27374e-13 3 0
4.1275 5.79792 10 11 0
4.16289 5.8495 20 19 0
4.1975 5.90328 30 27 1
-6.85404 3.80507 1.13687e-13 1 0
-6.91507 3.8375 10 9 0
-6.98357 3.86955 20 17 0
-7.04871 3.9075 30 25 1
-6.12154 5.43373 0 1 0
-6.18419 5.4825 10 9 0
-6.23736 5.53041 20 17 0
-6.29333 5.5775 30 25 1
0.766513 4.57123 0 2 0
0.7725 4.61374 10 11 0
0.777337 4.64962 20 18 0
0.7825 4.69445 30 27 1
4.0871 -4.96446 -2.27374e-13 5 0
4.12617 -5.01359 10 14 0
4.16259 -5.05526 20 21 0
4.19617 -5.1048 30 30 1
-4.53333 -2.77617 10 8 0
-4.578 -2.80133 20 23 0
-4.61868 -2.82617 30 24 1
-6.49841 1.59184 0 0 0
-6.5589 1.6075 10 9 0
-6.616 1.6189 20 16 0
-6.67582 1.6325 30 25 1
4.69535 0.145402 0 4 0
4.73883 0.146169 10 12 0
4.78028 0.148108 20 20 0
4.82161 0.151169 30 28 1
0.185992 -5.51196 0 6 0
0.186169 -5.56372 10 14 0
0.183286 -5.60995 20 22 0
0.186169 -5.66271 30 30 1
-3.7805 6.15798 0 1 0
-3.82117 6.21473 10 10 0
-3.85375 6.26951 20 17 0
-3.89117 6.32715 30 26 1
2.57367 -5.98823 -1.13687e-13 5 0
2.59617 -6.04331 10 14 0
2.61697 -6.09275 20 21 0
2.63617 -6.14695 30 30 1
-6.90345 2.50646 0 0 0
-6.96978 2.5275 10 9 0
-7.0341 2.54975 20 16 0
-7.09964 2.5725 30 25 1
-7.89643 -0.0155154 0 0 0
-7.96758 -0.0161686 10 8 0
-8.04016 -0.0155154 20 16 0
-8.11608 -0.0161686 30 24 1
-5.05587 -5.79726 0 7 0
-5.1075 -5.85161 10 15 0
-5.15367 -5.90271 20 23 0
-5.2025 -5.95369 30 31 1
2.00521 -3.76657 -2.27374e-13 5 0
2.02117 -3.79954 10 14 0
2.0388 -3.83461 20 21 0
2.05617 -3.8699 30 30 1
-6.58043 -5.42754 1.13687e-13 7 0
-6.63936 -5.47617 10 8 0
-6.70661 -5.5231 20 23 0
-6.76264 -5.57117 30 24 1
-0.7225 -7.62551 10 15 0
-0.728629 -7.69392 20 22 0
-0.7375 -7.76072 30 31 1
-5.15823 2.4625 10 9 0
-5.20857 2.48488 20 17 0
-5.2598 2.5075 30 25 1
5.84535 -2.62417 -1.13687e-13 5 0
5.89477 -2.6475 10 13 0
5.94604 -2.67129 20 21 0
5.99634 -2.6925 30 29 1
5.99538 -1.40512 0 4 0
6.0507 -1.4175 10 13 0
6.10644 -1.42948 20 20 0
6.15348 -1.4425 30 29 1
1.69357 -3.90268 -2.27374e-13 5 0
1.70617 -3.93709 10 14 0
1.71681 -3.97183 20 21 0
1.73117 -4.00452 30 30 1
1.85161 4.49937 0 2 0
1.8675 4.54202 10 11 0
1.88138 4.5843 20 18 0
1.8975 4.62858 30 27 1
6.20612 -5.21981 -2.27374e-13 5 0
6.2591 -5.2675 10 13 0
6.3154 -5.31379 20 21 0
6.36824 -5.3625 30 29 1
4.4616 -3.11175 -1.13687e-13 5 0
4.5018 -3.1425 10 13 0
4.54046 -3.17147 20 21 0
4.57801 -3.1975 30 29 1
-6.38082 -0.069635 1.13687e-13 0 0
-6.43867 -0.0711686 10 8 0
-6.50494 -0.072341 20 16 0
-6.55887 -0.0711686 30 24 1
-6.2571 4.93786 -2.27374e-13 1 0
-6.31351 4.9825 10 9 0
-6.37674 5.03071 20 17 0
-6.4318 5.0725 30 25 1
3.9152 6.84554 -1.13687e-13 3 0
3.9525 6.90986 10 11 0
3.98351 6.97124 20 19 0
4.0175 7.03143 30 27 1
2.87446 -6.20482 -2.27374e-13 5 0
2.90117 -6.26346 10 14 0
2.92046 -6.31588 20 21 0
2.94617 -6.3721 30 30 1
-3.95471 -2.75617 10 8 0
-3.98994 -2.77964 20 23 0
-4.033 -2.80617 30 24 1
1.38204 -5.26371 0 6 0
1.39117 -5.31208 10 14 0
1.40098 -5.3617 20 22 0
1.41117 -5.40279 30 30 1
1.5296 7.22355 1.13687e-13 2 0
1.5425 7.29293 10 11 0
1.55125 7.35421 20 18 0
1.5625 7.419 30 27 1
0.0398692 -7.26275 0 6 0
0.0361686 -7.32998 10 14 0
0.0344572 -7.39341 20 22 0
0.0361686 -7.46433 30 30 1
-1.06002 6.68133 0 2 0
-1.07117 6.7457 10 10 0
-1.08438 6.80545 20 18 0
-1.09617 6.8697 30 26 1
2.5889 -6.98837 0 6 0
2.61117 -7.04826 10 14 0
2.6349 -7.1125 20 22 0
2.65117 -7.17312 30 30 1
-5.55025 2.51276 0 1 0
-5.59592 2.5325 10 9 0
-5.65477 2.55606 20 17 0
-5.70456 2.5775 30 25 1
-1.19117 7.7708 10 10 0
-1.20344 7.83764 20 18 0
-1.21617 7.90893 30 26 1
-3.59117 4.50687 10 10 0
-3.62067 4.54396 20 17 0
-3.65617 4.58601 30 26 1
-5.81405 -2.85872 0 7 0
-5.86869 -2.88117 10 8 0
-5.92128 -2.90855 20 23 0
-5.98026 -2.93617 30 24 1
-8.00749 1.46466 1.13687e-13 0 0
-8.08353 1.4775 10 9 0
-8.16428 1.49172 20 16 0
-8.23581 1.5025 30 25 1
-0.969462 -6.34162 0 6 0
-0.9775 -6.39559 10 15 0
-0.991109 -6.45921 20 22 0
-1.0025 -6.51251 30 31 1
-8.30147 -3.43587 1.13687e-13 0 0
-8.37703 -3.46617 10 8 0
-8.45826 -3.50082 20 16 0
-8.53395 -3.53117 30 24 1
-6.50494 1.5296 1.13687e-13 0 0
-6.57168 1.5425 10 9 0
-6.62907 1.55937 20 16 0
-6.69361 1.5725 30 25 1
3.63057 -4.51559 -1.13687e-13 5 0
3.66117 -4.55566 10 14 0
3.69029 -4.59445 20 21 0
3.72117 -4.63687 30 30 1
2.75714 -4.04015 -2.27374e-13 5 0
2.78117 -4.07871 10 14 0
2.8038 -4.1136 20 21 0
2.82617 -4.14492 30 30 1
3.11233 -5.39414 0 5 0
3.13617 -5.44487 10 14 0
3.16328 -5.49101 20 21 0
3.18617 -5.5373 30 30 1
7.46527 0.0425752 1.13687e-13 4 0
7.53796 0.0461686 10 12 0
7.60246 0.0452811 20 20 0
7.66524 0.0461686 30 28 1
3.05332 -6.7281 1.13687e-13 5 0
3.07617 -6.78494 10 14 0
3.10474 -6.85223 20 21 0
3.13117 -6.91773 30 30 1
-5.3617 -2.16948 1.13687e-13 0 0
-5.41911 -2.19117 10 8 0
-5.46623 -2.20736 20 16 0
-5.51568 -2.23117 30 24 1
-5.24868 -0.571169 10 8 0
-5.30291 -0.575653 20 16 0
-5.3506 -0.581169 30 24 1
8.19694 0.0479871 1.13687e-13 4 0
8.27836 0.0511686 10 12 0
8.3472 0.0506931 20 20 0
8.41978 0.0511686 30 28 1
0.242818 -7.36074 -1.13687e-13 6 0
0.241169 -7.42891 10 14 0
0.240112 -7.49793 20 22 0
0.241169 -7.56326 30 30 1
-2.11806 7.55019 0 2 0
-2.13617 7.61978 10 10 0
-2.15595 7.69392 20 18 0
-2.17617 7.75878 30 26 1
-2.62109 4.88759 1.13687e-13 1 0
-2.64617 4.92659 10 10 0
-2.67316 4.9741 20 17 1
0.945108 4.49284 0 2 0
0.9525 4.53211 10 11 0
0.955932 4.57123 20 18 0
0.9625 4.61282 30 27 1
7.18436 -2.00044 1.13687e-13 4 0
7.2376 -2.0175 10 13 0
7.30848 -2.03562 20 20 1
3.20461 -3.5003 -1.13687e-13 5 0
3.23117 -3.53169 10 14 0
3.25892 -3.56609 20 21 0
3.28617 -3.60083 30 30 1
-7.82457 -2.59973 0 0 0
-7.89765 -2.62617 10 8 0
-7.96829 -2.64843 20 16 0
-8.04165 -2.67117 30 24 1
-1.60934 6.24363 -1.13687e-13 2 0
-1.62617 6.29661 10 10 0
-1.64452 6.35469 20 18 0
-1.66117 6.41646 30 26 1
-6.31304 5.55635 1.13687e-13 1 0
-6.37783 5.6125 10 9 0
-6.43156 5.65956 20 17 1
-5.87126 -0.848957 0 0 0
-5.92966 -0.856169 10 8 0
-5.98232 -0.862487 20 16 0
-6.03658 -0.871169 30 24 1
6.85772 1.49569 1.13687e-13 4 0
6.917 1.51117 10 12 0
6.97531 1.52275 20 20 0
7.03392 1.53617 30 28 1
-6.10442 -4.7487 1.13687e-13 7 0
-6.16649 -4.79117 10 8 0
-6.22136 -4.83502 20 23 0
-6.27978 -4.87617 30 24 1
0.793573 5.91699 -1.13687e-13 2 0
0.7975 5.97517 10 11 0
0.801691 6.02805 20 18 0
0.8075 6.0771 30 27 1
-7.4718 1.55666 1.13687e-13 0 0
-7.5492 1.5725 10 9 0
-7.61552 1.58372 20 16 0
-7.68734 1.5975 30 25 1
2.31467 -5.10162 0 5 0
2.33617 -5.14692 10 14 0
2.35255 -5.19308 20 21 0
2.37117 -5.23849 30 30 1
5.88047 -4.38137 0 5 0
5.93029 -4.4225 10 13 0
5.97781 -4.45957 20 21 0
6.0315 -4.5025 30 29 1
5.26875 5.88002 -2.27374e-13 3 0
5.3125 5.92934 10 11 0
5.35619 5.98659 20 19 0
5.4025 6.04055 30 27 1
4.34154 4.6084 -1.13687e-13 3 0
4.3775 4.65492 10 11 0
4.41433 4.69267 20 19 0
4.4525 4.737 30 27 1
4.05246 3.93664 0 3 0
4.08077 3.97117 10 12 0
4.11984 4.00784 20 19 0
4.15577 4.04617 30 28 1
-2.21421 -8.41906 0 6 0
-2.2375 -8.49705 10 15 0
-2.26292 -8.57585 20 22 0
-2.2825 -8.64811 30 31 1
5.80593 0.870605 0 4 0
5.85774 0.876169 10 12 0
5.91046 0.886841 20 20 0
5.95759 0.891169 30 28 1
5.47276 -1.81643 2.27374e-13 4 0
5.52525 -1.8325 10 13 0
5.57075 -1.85161 20 20 0
5.61682 -1.8675 30 29 1
-5.29807 0.8275 10 9 0
-5.3421 0.831457 20 16 0
-5.39792 0.8425 30 25 1
2.14147 -3.7689 -2.27374e-13 5 0
2.15617 -3.80019 10 14 0
2.17507 -3.83693 20 21 0
2.19117 -3.87055 30 30 1
-0.366028 -5.08079 -1.13687e-13 6 0
-0.3725 -5.12591 10 15 0
-0.376852 -5.17225 20 22 0
-0.3825 -5.21369 30 31 1
4.10814 -3.38206 -1.13687e-13 5 0
4.14747 -3.4175 10 13 0
4.17664 -3.44291 20 21 0
4.21454 -3.4775 30 29 1
5.22783 -3.15853 -1.13687e-13 5 0
5.26805 -3.1875 10 13 0
5.31705 -3.21714 20 21 0
5.3634 -3.2475 30 29 1
-0.836169 8.30675 10 10 0
-0.846251 8.37333 20 18 0
-0.856169 8.45403 30 26 1
-2.59161 8.21001 0 2 0
-2.61617 8.28363 10 10 0
-2.64302 8.36026 20 18 0
-2.66617 8.43262 30 26 1
-3.59617 5.60082 10 10 0
-3.63047 5.65206 20 17 0
-3.66617 5.6991 30 26 1
-1.30086 8.58238 -1.13687e-13 2 0
-1.31117 8.65447 10 10 0
-1.32792 8.73917 20 18 0
-1.34117 8.81175 30 26 1
-7.0537 -0.727188 1.13687e-13 0 0
-7.13195 -0.736169 10 8 0
-7.19089 -0.740718 20 16 0
-7.25509 -0.746169 30 24 1
6.07408 4.87143 0 3 0
6.12886 4.91617 10 12 0
6.18065 4.95887 20 19 0
6.233 5.00617 30 28 1
8.23614 0.329409 1.13687e-13 4 0
8.31087 0.331169 10 12 0
8.37986 0.334821 20 20 0
8.45729 0.336169 30 28 1
-6.62907 2.07891 0 0 0
-6.68828 2.0975 10 9 0
-6.74666 2.1168 20 16 0
-6.80813 2.1325 30 25 1
-5.55043 -5.73692 0 7 0
-5.6075 -5.793 10 15 0
-5.65859 -5.84125 20 23 0
-5.7125 -5.898 30 31 1
-0.775896 7.48487 1.13687e-13 2 0
-0.786169 7.55672 10 10 0
-0.794838 7.62206 20 18 0
-0.801169 7.69192 30 26 1
3.3552 7.10065 0 3 0
3.3825 7.1601 10 11 0
3.40662 7.22478 20 19 0
3.4375 7.29288 30 27 1
-3.97659 2.7375 10 9 0
-4.01841 2.7604 20 17 0
-4.05487 2.7875 30 25 1
8.308 0.142696 1.13687e-13 4 0
8.3825 0.141169 10 12 0
8.45172 0.142696 20 20 0
8.52392 0.141169 30 28 1
-2.051 -4.10882 0 7 0
-2.0725 -4.14598 10 15 0
-2.09383 -4.18609 20 23 0
-2.1175 -4.22633 30 31 1
-4.92824 1.0375 10 9 0
-4.96973 1.04523 20 16 0
-5.01395 1.0525 30 25 1
1.51733 -4.98933 0 6 0
1.53117 -5.03488 10 14 0
1.54169 -5.07426 20 22 0
1.55117 -5.12559 30 30 1
0.0548401 4.5647 1.13687e-13 2 0
0.0525 4.60792 10 11 0
0.0521342 4.64962 20 18 0
0.0525 4.69277 30 27 1
-5.00674 -3.06551 0 7 0
-5.05839 -3.09617 10 8 0
-5.09978 -3.12029 20 23 0
-5.14875 -3.15117 30 24 1
-5.56404 -3.71849 1.13687e-13 7 0
-5.6144 -3.75117 10 8 0
-5.66632 -3.7825 20 23 0
-5.71975 -3.82117 30 24 1
0.195551 6.21097 0 2 0
0.1975 6.26613 10 11 0
0.195551 6.32856 20 18 0
0.1925 6.38134 30 27 1
4.94818 -4.63923 -1.13687e-13 5 0
4.98821 -4.6825 10 13 0
5.03404 -4.72891 20 21 0
5.07321 -4.7675 30 29 1
4.74121 5.2989 -2.27374e-13 3 0
4.7825 5.34984 10 11 0
4.82594 5.39895 20 19 0
4.8675 5.44898 30 27 1
-4.03936 3.9175 10 9 0
-4.08028 3.95501 20 17 0
-4.11643 3.9875 30 25 1
0.637891 -4.87827 0 6 0
0.641169 -4.9227 10 14 0
0.643303 -4.96973 20 22 0
0.646169 -5.01255 30 30 1
-8.62811 1.06146 1.13687e-13 0 0
-8.71091 1.0725 10 9 0
-8.79143 1.08041 20 16 1
-2.59117 6.44844 10 10 0
-2.62137 6.50494 20 18 0
-2.64617 6.56708 30 26 1
6.87731 2.05582 0 4 0
6.93753 2.07617 10 12 0
7.00144 2.09641 20 20 0
7.06238 2.11617 30 28 1
-2.67423 -7.15169 0 6 0
-2.7025 -7.22257 10 15 0
-2.72835 -7.28235 20 22 0
-2.7525 -7.35035 30 31 1
-7.59556 3.54396 -1.13687e-13 1 0
-7.66123 3.5725 10 9 0
-7.73546 3.60732 20 17 0
-7.80401 3.6375 30 25 1
-2.1275 -6.77484 10 15 0
-2.14656 -6.83158 20 22 0
-2.1675 -6.89263 30 31 1
2.1195 6.85772 -1.13687e-13 2 0
2.1375 6.91919 10 11 0
2.15468 6.98184 20 18 0
2.1725 7.04612 30 27 1
4.82637 3.86117 10 12 0
4.8691 3.89606 20 19 0
4.90551 3.92617 30 28 1
-3.2375 -3.73413 10 15 0
-3.2686 -3.7689 20 23 0
-3.3025 -3.8062 30 31 1
0.747571 8.62811 0 2 0
0.7525 8.70203 10 11 0
0.758395 8.7849 20 18 0
0.7675 8.86553 30 27 1
1.17097 -5.17225 -1.13687e-13 6 0
1.17617 -5.21728 10 14 0
1.1845 -5.27024 20 22 0
1.19117 -5.31007 30 30 1
2.80276 3.15381 -2.27374e-13 3 0
2.8275 3.18271 10 11 0
2.84783 3.21036 20 19 0
2.8725 3.24185 30 27 1
-5.54558 -4.61464 0 7 0
-5.60516 -4.66117 10 8 0
-5.65215 -4.70208 20 23 0
-5.71137 -4.74617 30 24 1
5.04813 -1.68925 2.27374e-13 4 0
5.09119 -1.7025 10 13 0
5.13959 -1.71631 20 20 0
5.18483 -1.7325 30 29 1
-2.23713 5.74714 -1.13687e-13 2 0
-2.25617 5.79524 10 10 0
-2.28042 5.85166 20 18 0
-2.30117 5.89681 30 26 1
-4.1068 -5.83168 1.13687e-13 7 0
-4.1425 -5.87656 10 15 0
-4.18117 -5.93285 20 23 0
-4.2225 -5.98485 30 31 1
-5.31239 0.2125 10 9 0
-5.3617 0.217199 20 16 0
-5.40932 0.2175 30 25 1
-6.58195 4.2065 0 1 0
-6.64124 4.2425 10 9 0
-6.70383 4.27864 20 17 0
-6.76574 4.3175 30 25 1
4.58233 2.44594 -2.27374e-13 3 0
4.62431 2.47117 10 12 0
4.66231 2.4953 20 19 0
4.70466 2.51617 30 28 1
3.50083 2.47422 -1.13687e-13 3 0
3.52501 2.49617 10 12 0
3.55738 2.51929 20 19 0
3.58415 2.54117 30 28 1
2.85407 -5.54153 -1.13687e-13 5 0
2.87617 -5.58792 10 14 0
2.89849 -5.6357 20 21 0
2.92117 -5.68949 30 30 1
7.92256 0.600007 2.27374e-13 4 0
7.99897 0.606169 10 12 0
8.06629 0.610831 20 20 0
8.13625 0.616169 30 28 1
-8.45172 0.999227 1.13687e-13 0 0
-8.5257 1.0075 10 9 0
-8.60851 1.01546 20 16 0
-8.68712 1.0275 30 25 1
-5.8582 0.173903 0 0 0
-5.91379 0.1775 10 9 0
-5.96272 0.179315 20 16 0
-6.02485 0.1825 30 25 1
-5.7726 5.28378 -1.13687e-13 1 0
-5.82913 5.3325 10 9 0
-5.88188 5.37775 20 17 0
-5.93827 5.4275 30 25 1
1.86244 4.83908 -2.27374e-13 2 0
1.8775 4.87729 10 11 0
1.8922 4.924 20 18 0
1.9075 4.96385 30 27 1
-3.72117 6.54606 10 10 0
-3.75573 6.60774 20 17 0
-3.79117 6.66556 30 26 1
2.48844 5.11263 0 3 0
2.5075 5.1608 10 11 0
2.52632 5.20409 20 19 0
2.5475 5.2503 30 27 1
1.37265 7.19742 -1.13687e-13 2 0
1.3825 7.26728 10 11 0
1.39159 7.33461 20 18 0
1.4025 7.39335 30 27 1
-5.3813 -1.18179 0 0 0
-5.43527 -1.19617 10 8 0
-5.48583 -1.20344 20 16 0
-5.54013 -1.21617 30 24 1
-6.48535 -2.56455 1.13687e-13 0 0
-6.54243 -2.58617 10 8 0
-6.60294 -2.61326 20 16 0
-6.66314 -2.63617 30 24 1
-8.47132 1.89491 1.13687e-13 0 0
-8.54681 1.9125 10 9 0
-8.63464 1.93008 20 16 0
-8.70909 1.9475 30 25 1
7.70698 -1.69196 1.13687e-13 4 0
7.77113 -1.7025 10 13 0
7.84417 -1.72172 20 20 0
7.91219 -1.7375 30 29 1
3.99743 2.45803 -1.13687e-13 3 0
4.03327 2.48117 10 12 0
4.06435 2.50198 20 19 0
4.09948 2.52617 30 28 1
-5.53155 -1.96923 0 0 0
-5.58181 -1.98617 10 8 0
-5.63608 -2.00712 20 16 0
-5.69252 -2.02617 30 24 1
3.19039 -3.88407 -1.13687e-13 5 0
3.21617 -3.91974 10 14 0
3.24741 -3.95639 20 21 0
3.27117 -3.98888 30 30 1
5.53155 0.237406 -1.13687e-13 4 0
5.57629 0.241169 10 12 0
5.62301 0.242818 20 20 0
5.67321 0.246169 30 28 1
-4.26551 6.37512 0 1 0
-4.30617 6.43102 10 10 0
-4.3453 6.48935 20 17 0
-4.38617 6.54638 30 26 1
-3.21117 4.76327 10 10 0
-3.24379 4.80998 20 17 0
-3.27617 4.84948 30 26 1
-5.94197 -3.28513 0 7 0
-5.99964 -3.31617 10 8 0
-6.05461 -3.34802 20 23 0
-6.10914 -3.37617 30 24 1
1.121 5.67528 0 2 0
1.1275 5.71828 10 11 0
1.13453 5.77327 20 18 0
1.1425 5.8252 30 27 1
6.33747 4.64499 -3.41061e-13 3 0
6.39383 4.68617 10 12 0
6.44788 4.72861 20 19 0
6.50212 4.76617 30 28 1
-2.4025 -7.11348 10 15 0
-2.42528 -7.17782 20 22 0
-2.4475 -7.24334 30 31 1
-8.75223 1.68113 0 0 0
-8.83386 1.6975 10 9 0
-8.91555 1.7109 20 16 0
-8.99821 1.7275 30 25 1
-0.585212 -8.66731 -1.13687e-13 6 0
-0.5925 -8.74709 10 15 0
-0.604154 -8.83063 20 22 0
-0.6125 -8.90851 30 31 1
1.33747 6.30243 -2.27374e-13 2 0
1.3475 6.36254 10 11 0
1.35642 6.41348 20 18 0
1.3675 6.47446 30 27 1
6.07027 3.58181 -2.27374e-13 3 0
6.12286 3.61617 10 12 0
6.17526 3.65236 20 19 0
6.22322 3.68117 30 28 1
4.51268 -3.9014 1.13687e-13 5 0
4.54934 -3.9325 10 13 0
4.59042 -3.97149 20 21 0
4.63141 -4.0075 30 29 1
-2.63377 -3.8956 -1.13687e-13 7 0
-2.6575 -3.92487 10 15 0
-2.68425 -3.96522 20 23 0
-2.7125 -4.00109 30 31 1
0.498621 4.4863 0 2 0
0.4975 4.52259 10 11 0
0.504033 4.5647 20 18 0
0.5075 4.61037 30 27 1
-0.5725 -8.33111 10 15 0
-0.5798 -8.40599 20 22 0
-0.5875 -8.48046 30 31 1
-8.31453 -3.15445 1.13687e-13 0 0
-8.38901 -3.18117 10 8 0
-8.47132 -3.21398 20 16 0
-8.54801 -3.24117 30 24 1
4.70767 -2.47765 -1.13687e-13 5 0
4.74775 -2.4975 10 13 0
4.78877 -2.51665 20 21 0
4.83518 -2.5425 30 29 1
4.69535 1.36851 1.13687e-13 4 0
4.72932 1.38117 10 12 0
4.77375 1.39557 20 20 0
4.81089 1.40617 30 28 1
3.88812 2.74288 0 3 0
3.92022 2.77117 10 12 0
3.95391 2.79719 20 19 0
3.99143 2.82117 30 28 1
-4.21599 -2.79117 10 8 0
-4.25527 -2.81919 20 23 0
-4.29427 -2.84117 30 24 1
6.58987 -1.06688 0 4 0
6.64408 -1.0775 10 13 0
6.70093 -1.08582 20 20 0
6.75808 -1.0925 30 29 1
4.21866 -3.24383 0 5 0
4.24996 -3.2725 10 13 0
4.28445 -3.29814 20 21 0
4.3191 -3.3275 30 29 1
4.27557 -6.66071 -1.13687e-13 5 0
4.31117 -6.71887 10 14 0
4.3477 -6.78259 20 21 0
4.38617 -6.84336 30 30 1
-7.17129 -0.0452811 -1.13687e-13 0 0
-7.24098 -0.0461686 10 8 0
-7.30848 -0.0479871 20 16 0
-7.37533 -0.0461686 30 24 1
-1.91782 8.39946 0 2 0
-1.94117 8.47837 10 10 0
-1.95841 8.54972 20 18 0
-1.98117 8.63151 30 26 1
6.11408 4.24939 0 3 0
6.16854 4.29117 10 12 0
6.22448 4.333 20 19 0
6.27682 4.37117 30 28 1
-5.60342 1.02088 1.13687e-13 0 0
-5.65156 1.0325 10 9 0
-5.70141 1.03982 20 16 0
-5.75848 1.0475 30 25 1
-5.64575 -3.18408 0 7 0
-5.70165 -3.21617 10 8 0
-5.75569 -3.24044 20 23 0
-5.81322 -3.27117 30 24 1
5.57249 -3.28506 -1.13687e-13 5 0
5.61932 -3.3125 10 13 0
5.66824 -3.34637 20 21 0
5.71468 -3.3725 30 29 1
-3.85712 3.1625 10 9 0
-3.89341 3.19029 20 17 0
-3.93333 3.2175 30 25 1
3.24551 -6.43428 -2.27374e-13 5 0
3.27117 -6.49204 10 14 0
3.29805 -6.54805 20 21 0
3.32617 -6.61068 30 30 1
-4.31279 4.2475 10 9 0
-4.35184 4.28397 20 17 0
-4.38779 4.3225 30 25 1
-3.81117 4.15412 10 10 0
-3.84955 4.19498 20 17 0
-3.88117 4.22412 30 26 1
-0.805662 6.52454 -2.27374e-13 2 0
-0.811169 6.57762 10 10 0
-0.821898 6.64213 20 18 0
-0.831169 6.69662 30 26 1
-2.2775 -6.2036 10 15 0
-2.3008 -6.26323 20 22 0
-2.3225 -6.31931 30 31 1
-1.9842 -8.36026 0 6 0
-2.0075 -8.43675 10 15 0
-2.02479 -8.51052 20 22 1
3.755 -4.28029 -1.13687e-13 5 0
3.78617 -4.32003 10 14 0
3.81855 -4.35532 20 21 0
3.85117 -4.39918 30 30 1
-2.1975 -5.83368 10 15 0
-2.21962 -5.88433 20 22 0
-2.2425 -5.93525 30 31 1
4.9632 1.14391 1.13687e-13 4 0
5.00637 1.15617 10 12 0
5.04813 1.16826 20 20 0
5.09 1.17617 30 28 1
5.59084 -2.61075 -1.13687e-13 5 0
5.64436 -2.6375 10 13 0
5.68771 -2.6617 20 21 0
5.73885 -2.6825 30 29 1
3.19125 3.56909 -2.27374e-13 3 0
3.2225 3.60599 10 11 0
3.24827 3.64141 20 19 0
3.2725 3.67013 30 27 1
-2.36376 -3.96236 -1.13687e-13 7 0
-2.3875 -4.00136 10 15 0
-2.41042 -4.0358 20 23 0
-2.4375 -4.07257 30 31 1
-4.28457 6.199 0 1 0
-4.32617 6.25303 10 10 0
-4.37089 6.31594 20 17 0
-4.40617 6.36839 30 26 1
-3.50117 4.75628 10 10 0
-3.53162 4.79932 20 17 0
-3.56617 4.8425 30 26 1
0.179315 6.2763 -1.13687e-13 2 0
0.1775 6.33098 10 11 0
0.176609 6.38735 20 18 0
0.1775 6.44412 30 27 1
5.72101 -2.01126 2.27374e-13 4 0
5.77475 -2.0325 10 13 0
5.819 -2.04644 20 20 0
5.87339 -2.0675 30 29 1
-0.517563 -6.62253 -2.27374e-13 6 0
-0.5225 -6.68305 10 15 0
-0.531093 -6.74666 20 22 0
-0.5375 -6.80412 30 31 1
0.881429 -5.92352 -1.13687e-13 6 0
0.886169 -5.98087 10 14 0
0.892253 -6.02805 20 22 0
0.896169 -6.0828 30 30 1
1.64181 -7.9291 -1.13687e-13 6 0
1.65617 -8.00245 10 14 0
1.66887 -8.07282 20 22 0
1.68617 -8.14559 30 30 1
-4.27899 2.5025 10 9 0
-4.32054 2.52295 20 17 0
-4.35935 2.5475 30 25 1
2.53893 7.12556 0 2 0
2.5575 7.18363 10 11 0
2.57952 7.24968 20 18 0
2.6025 7.31348 30 27 1
7.21049 -1.63784 2.27374e-13 4 0
7.27565 -1.6525 10 13 0
7.33461 -1.6676 20 20 0
7.39758 -1.6825 30 29 1
-2.36187 -4.23217 -1.13687e-13 7 0
-2.3875 -4.27006 10 15 0
-2.40853 -4.30562 20 23 0
-2.4325 -4.34334 30 31 1
4.71931 -4.98821 0 5 0
4.76117 -5.0334 10 14 0
4.80134 -5.08171 20 21 0
4.84117 -5.12755 30 30 1
3.52458 6.22913 -1.13687e-13 3 0
3.5575 6.28858 10 11 0
3.58364 6.3456 20 19 0
3.6175 6.40515 30 27 1
2.51606 4.06874 -1.13687e-13 3 0
2.5325 4.09686 10 11 0
2.55619 4.13948 20 19 0
2.5775 4.18429 30 27 1
-5.57135 -6.58444 -1.13687e-13 7 0
-5.6225 -6.64239 10 15 0
-5.67456 -6.70296 20 23 0
-5.7275 -6.76153 30 31 1
4.76722 -0.0196624 0 4 0
4.80627 -0.0175 10 13 0
4.84561 -0.0196624 20 20 0
4.88905 -0.0225 30 29 1
5.96925 -1.35642 1.13687e-13 4 0
6.02192 -1.3675 10 13 0
6.07378 -1.37806 20 20 0
6.1197 -1.3875 30 29 1
-8.19698 -3.45068 0 7 0
-8.27682 -3.48617 10 8 0
-8.35376 -3.51563 20 23 0
-8.42874 -3.54617 30 24 1
-4.1746 3.2325 10 9 0
-4.20988 3.26184 20 17 0
-4.25582 3.2925 30 25 1
0.288819 -4.49284 0 6 0
0.286169 -4.53234 10 14 0
0.288819 -4.57123 20 22 0
0.291169 -4.6222 30 30 1
4.03875 7.09154 0 3 0
4.0725 7.15714 10 11 0
4.10976 7.22378 20 19 0
4.1425 7.28371 30 27 1
-6.69471 -6.04313 -1.13687e-13 7 0
-6.75524 -6.10117 10 8 0
-6.82247 -6.15558 20 23 0
-6.88646 -6.21117 30 24 1
-2.06541 4.78731 0 1 0
-2.08617 4.82621 10 10 0
-2.10442 4.86841 20 17 0
-2.13117 4.91363 30 26 1
-1.01673 6.01498 1.13687e-13 2 0
-1.03117 6.07638 10 10 0
-1.04108 6.12604 20 18 0
-1.05117 6.18123 30 26 1
3.47557 -7.52538 -1.13687e-13 5 0
3.50617 -7.58971 10 14 0
3.53622 -7.65874 20 21 0
3.56617 -7.72749 30 30 1
-7.75924 -1.66346 -1.13687e-13 0 0
-7.82946 -1.68117 10 8 0
-7.90297 -1.69593 20 16 0
-7.9776 -1.71617 30 24 1
5.17492 5.17007 -1.13687e-13 3 0
5.2197 5.21617 10 12 0
5.26348 5.26629 20 19 0
5.3075 5.30915 30 27 1
-1.58372 -4.62349 0 6 0
-1.6025 -4.66593 10 15 0
-1.6189 -4.70842 20 22 0
-1.6375 -4.75042 30 31 1
3.64867 4.45129 -1.13687e-13 3 0
3.6825 4.49733 10 11 0
3.7111 4.53668 20 19 0
3.7425 4.57147 30 27 1
1.10603 -8.45172 0 6 0
1.11617 -8.53018 10 14 0
1.12226 -8.60851 20 22 0
1.13117 -8.6866 30 30 1
-6.83428 5.69107 0 1 0
-6.89674 5.7425 10 9 0
-6.95933 5.79699 20 17 0
-7.02295 5.8475 30 25 1
-5.42376 4.91199 1.13687e-13 1 0
-5.47534 4.9575 10 9 0
-5.52651 5.00325 20 17 0
-5.57948 5.0475 30 25 1
1.66075 -8.49745 -1.13687e-13 6 0
1.67117 -8.569 10 14 0
1.68511 -8.64771 20 22 0
1.69617 -8.72127 30 30 1
-2.25518 -4.36657 0 7 0
-2.2775 -4.40754 10 15 0
-2.29801 -4.44385 20 23 0
-2.3225 -4.4879 30 31 1
-3.23117 3.36905 10 10 0
-3.2665 3.40145 20 17 0
-3.29617 3.42698 30 26 1
1.39557 -6.17177 -1.13687e-13 6 0
1.40617 -6.23217 10 14 0
1.41721 -6.28936 20 22 0
1.43117 -6.34203 30 30 1
3.98642 5.61946 -1.13687e-13 3 0
4.0225 5.67171 10 11 0
4.05697 5.72445 20 19 0
4.0875 5.77207 30 27 1
7.08485 -3.72208 0 5 0
7.14119 -3.7525 10 13 0
7.21056 -3.79039 20 21 0
7.27483 -3.8225 30 29 1
-1.58913 -5.28984 -1.13687e-13 6 0
-1.6075 -5.34268 10 15 0
-1.6216 -5.39437 20 22 0
-1.6375 -5.43632 30 31 1
-1.11144 6.1783 -2.27374e-13 2 0
-1.12617 6.23501 10 10 0
-1.13579 6.28936 20 18 0
-1.15117 6.35194 30 26 1
3.89271 4.68767 -2.27374e-13 3 0
3.9275 4.73525 10 11 0
3.96167 4.77577 20 19 0
3.9925 4.8144 30 27 1
1.58913 4.27072 -2.27374e-13 2 0
1.6025 4.31237 10 11 0
1.61078 4.34912 20 18 0
1.6225 4.38187 30 27 1
-5.40743 1.19947 1.13687e-13 0 0
-5.45886 1.2075 10 9 0
-5.51196 1.22112 20 16 0
-5.56165 1.2325 30 25 1
3.4062 7.73333 -1.13687e-13 3 0
3.4375 7.80907 10 11 0
3.46573 7.87705 20 19 0
3.4975 7.94685 30 27 1
-4.26473 2.9125 10 9 0
-4.30679 2.93397 20 17 0
-4.35008 2.9625 30 25 1
1.30771 4.70189 0 2 0
1.3175 4.74155 10 11 0
1.32665 4.78681 20 18 0
1.3375 4.82519 30 27 1
7.28888 1.56604 1.13687e-13 4 0
7.3547 1.58117 10 12 0
7.41954 1.5931 20 20 0
7.48369 1.61117 30 28 1
0.45659 -4.95013 -1.13687e-13 6 0
0.456169 -4.99226 10 14 0
0.45659 -5.04159 20 22 0
0.461169 -5.08918 30 30 1
-4.15301 2.7725 10 9 0
-4.19163 2.79968 20 17 0
-4.2313 2.8225 30 25 1
0.977579 5.3813 1.13687e-13 2 0
0.9825 5.43185 10 11 0
0.985697 5.47929 20 18 0
0.9925 5.52671 30 27 1
4.72829 -5.81996 0 5 0
4.77117 -5.87072 10 14 0
4.8092 -5.92382 20 21 0
4.85117 -5.979 30 30 1
-0.34438 -6.33509 0 6 0
-0.3475 -6.39492 10 15 0
-0.355204 -6.45268 20 22 0
-0.3575 -6.51098 30 31 1
-1.9425 -6.77369 10 15 0
-1.96256 -6.83158 20 22 0
-1.9825 -6.89147 30 31 1
-6.17699 -5.27666 0 7 0
-6.2348 -5.32617 10 8 0
-6.2928 -5.37334 20 23 0
-6.35101 -5.42117 30 24 1
0.959903 -5.0024 -2.27374e-13 6 0
0.966169 -5.04971 10 14 0
0.976138 -5.09386 20 22 0
0.981169 -5.14249 30 30 1
-2.27781 3.9282 -1.13687e-13 1 0
-2.30117 3.96641 10 10 0
-2.32447 4.00164 20 17 0
-2.34617 4.03262 30 26 1
2.50916 6.85772 0 2 0
2.5275 6.92029 10 11 0
2.54975 6.98184 20 18 0
2.5675 7.04514 30 27 1
-7.75924 -3.14633 0 0 0
-7.8254 -3.17617 10 8 0
-7.90297 -3.20587 20 16 0
-7.97232 -3.23117 30 24 1
-1.47133 4.51244 -1.13687e-13 2 0
-1.48617 4.55148 10 10 0
-1.5038 4.59083 20 18 0
-1.52117 4.63597 30 26 1
-6.51801 1.70278 1.13687e-13 0 0
-6.57698 1.7175 10 9 0
-6.64213 1.73255 20 16 0
-6.6989 1.7475 30 25 1
-4.40958 2.9725 10 9 0
-4.45321 3.00003 20 17 0
-4.49286 3.0275 30 25 1
5.51051 -2.31229 -2.27374e-13 5 0
5.55856 -2.3325 10 13 0
5.60197 -2.35018 20 21 0
5.65513 -2.3725 30 29 1
6.40156 -5.11676 0 5 0
6.45816 -5.1625 10 13 0
6.51466 -5.20691 20 21 0
6.56937 -5.2525 30 29 1
-6.14564 0.812515 0 0 0
-6.20024 0.8175 10 9 0
-6.2567 0.826045 20 16 0
-6.31423 0.8325 30 25 1
1.351 5.53809 0 2 0
1.3625 5.59265 10 11 0
1.37265 5.64261 20 18 0
1.3825 5.69043 30 27 1
5.01277 3.41979 0 3 0
5.05984 3.45117 10 12 0
5.09816 3.48222 20 19 0
5.14105 3.51117 30 28 1
-8.64771 -1.04108 1.13687e-13 0 0
-8.72681 -1.05117 10 8 0
-8.81103 -1.06002 20 16 0
-8.88823 -1.07117 30 24 1
6.30562 -2.91224 0 5 0
6.36155 -2.9375 10 13 0
6.41285 -2.96207 20 21 0
6.46812 -2.9875 30 29 1
1.63243 6.54414 0 2 0
1.6475 6.61304 10 11 0
1.65678 6.66826 20 18 0
1.6725 6.72997 30 27 1
3.36998 2.48496 1.13687e-13 3 0
3.40066 2.50617 10 12 0
3.42653 2.53003 20 19 0
3.45273 2.55117 30 28 1
2.39551 6.97531 1.13687e-13 2 0
2.4125 7.03863 10 11 0
2.4334 7.10596 20 18 0
2.4525 7.16348 30 27 1
-8.13161 2.42528 0 0 0
-8.21207 2.4475 10 9 0
-8.2884 2.46857 20 16 0
-8.36521 2.4875 30 25 1
-1.41721 6.36775 0 2 0
-1.43117 6.42688 10 10 0
-1.44698 6.49188 20 18 0
-1.46117 6.54173 30 26 1
-4.67692 -5.10451 1.13687e-13 7 0
-4.7225 -5.14842 10 15 0
-4.76931 -5.19689 20 23 0
-4.8125 -5.23842 30 31 1
5.01603 4.52518 -2.27374e-13 3 0
5.05761 4.56617 10 12 0
5.09918 4.60833 20 19 0
5.14261 4.65117 30 28 1
-8.17895 3.67196 0 1 0
-8.25585 3.7075 10 9 0
-8.33191 3.74073 20 17 0
-8.4057 3.7725 30 25 1
-7.06941 5.25268 0 1 0
-7.14263 5.3025 10 9 0
-7.20594 5.34712 20 17 0
-7.26799 5.3925 30 25 1
0.166169 -8.78934 10 14 0
0.164344 -8.86982 20 22 0
0.161169 -8.9399 30 30 1
3.88492 6.21062 -1.13687e-13 3 0
3.9175 6.26675 10 11 0
3.94511 6.31673 20 19 0
3.9825 6.37417 30 27 1
-6.22417 2.62414 -2.27374e-13 1 0
-6.28368 2.6475 10 9 0
-6.34176 2.67284 20 17 0
-6.40439 2.6975 30 25 1
-5.96392 -5.25876 0 7 0
-6.01681 -5.30617 10 8 0
-6.0732 -5.35273 20 23 0
-6.13302 -5.40117 30 24 1
7.67432 -1.37536 0 4 0
7.74604 -1.3875 10 13 0
7.81151 -1.39971 20 20 0
7.88418 -1.4125 30 29 1
4.46145 2.58529 -1.13687e-13 3 0
4.50268 2.61117 10 12 0
4.54143 2.63465 20 19 0
4.57596 2.65617 30 28 1
6.82505 -0.38497 0 4 0
6.88039 -0.3875 10 13 0
6.93611 -0.393088 20 20 0
7.00353 -0.3975 30 29 1
5.136 3.03787 0 3 0
5.17895 3.06117 10 12 0
5.22904 3.09265 20 19 0
5.26931 3.11617 30 28 1
4.91094 1.21426 0 4 0
4.94909 1.22617 10 12 0
4.98933 1.23591 20 20 0
5.03273 1.24617 30 28 1
4.43404 0.816486 2.27374e-13 4 0
4.47338 0.821169 10 12 0
4.5059 0.830015 20 20 0
4.54494 0.836169 30 28 1
-6.18484 -1.44427 1.13687e-13 0 0
-6.23268 -1.45617 10 8 0
-6.29589 -1.46863 20 16 0
-6.3496 -1.48117 30 24 1
-0.894959 5.66874 -1.13687e-13 2 0
-0.906169 5.7251 10 10 0
-0.916607 5.77327 20 18 0
-0.926169 5.82288 30 26 1
-2.2925 -5.32764 10 15 0
-2.3165 -5.37695 20 23 0
-2.3375 -5.42214 30 31 1
-4.63775 2.3875 10 9 0
-4.68444 2.40849 20 17 0
-4.72518 2.4325 30 25 1
-3.8269 -3.40617 10 8 0
-3.86753 -3.4379 20 23 0
-3.90104 -3.46617 30 24 1
0.372705 -5.76674 0 6 0
0.376169 -5.81736 10 14 0
0.375411 -5.86473 20 22 0
0.376169 -5.92342 30 30 1
1.51463 -4.78681 0 6 0
1.52617 -4.82482 10 14 0
1.53898 -4.87174 20 22 0
1.55117 -4.91346 30 30 1
4.59083 0.708246 1.13687e-13 4 0
4.63708 0.716169 10 12 0
4.67576 0.721776 20 20 0
4.71572 0.731169 30 28 1
3.69159 -3.60459 -1.13687e-13 5 0
3.72401 -3.6375 10 13 0
3.75626 -3.66927 20 21 0
3.78901 -3.7025 30 29 1
-7.12316 -0.706169 10 8 0
-7.19089 -0.713658 20 16 0
-7.25837 -0.721169 30 24 1
0.550035 7.4326 -1.13687e-13 2 0
0.5525 7.49794 10 11 0
0.555447 7.56326 20 18 0
0.5575 7.63022 30 27 1
7.9487 -0.476973 1.13687e-13 4 0
8.02191 -0.4825 10 13 0
8.08589 -0.485091 20 20 0
8.15419 -0.4875 30 29 1
-6.43765 -3.21443 0 7 0
-6.4974 -3.24117 10 8 0
-6.55794 -3.26967 20 23 0
-6.62104 -3.30117 30 24 1
3.6935 -2.04133 1.13687e-13 5 0
3.72085 -2.0575 10 13 0
3.75771 -2.07875 20 21 0
3.78414 -2.0925 30 29 1
-2.12501 4.17339 2.27374e-13 1 0
-2.14617 4.20739 10 10 0
-2.16514 4.24413 20 17 0
-2.19117 4.28774 30 26 1
-5.26478 5.40357 0 1 0
-5.31117 5.44905 10 10 0
-5.3637 5.49866 20 17 0
-5.41117 5.54905 30 26 1
-2.47525 7.77231 -1.13687e-13 2 0
-2.50117 7.85043 10 10 0
-2.52396 7.91603 20 18 0
-2.54617 7.98736 30 26 1
1.08708 -5.42703 0 6 0
1.09617 -5.4767 10 14 0
1.10061 -5.52502 20 22 1
3.6842 4.78531 -1.13687e-13 3 0
3.7175 4.82931 10 11 0
3.74934 4.87724 20 19 0
3.7825 4.92259 30 27 1
4.23806 1.4118 1.13687e-13 4 0
4.27227 1.42617 10 12 0
4.30339 1.43886 20 20 0
4.3397 1.45117 30 28 1
5.90392 -0.636626 0 4 0
5.95452 -0.6425 10 13 0
6.00845 -0.64745 20 20 0
6.05645 -0.6525 30 29 1
-5.59442 4.34406 0 1 0
-5.6478 4.3875 10 9 0
-5.70482 4.42768 20 17 0
-5.75109 4.4625 30 25 1
4.9436 -0.790867 0 4 0
4.98522 -0.7975 10 13 0
5.02853 -0.804397 20 20 0
5.07094 -0.8125 30 29 1
-5.67528 1.83538 2.27374e-13 0 0
-5.7291 1.8525 10 9 0
-5.7798 1.86785 20 16 0
-5.82981 1.8825 30 25 1
-7.01364 -4.73565 2.27374e-13 7 0
-7.0778 -4.77617 10 8 0
-7.14746 -4.82356 20 23 0
-7.21023 -4.86617 30 24 1
5.60995 0.421412 0 4 0
5.66229 0.426169 10 12 0
5.70794 0.42953 20 20 0
5.75215 0.431169 30 28 1
0.0912828 -7.23009 0 6 0
0.0911686 -7.30012 10 14 0
0.0885768 -7.36728 20 22 0
0.0861686 -7.42947 30 30 1
2.1803 -5.4009 0 6 0
2.19617 -5.4524 10 14 0
2.21548 -5.49889 20 22 0
2.23117 -5.55103 30 30 1
5.56345 -6.33366 0 5 0
5.61617 -6.39752 10 14 0
5.66013 -6.44947 20 21 0
5.71117 -6.50666 30 30 1
-7.13596 -3.00578 1.13687e-13 7 0
-7.19956 -3.03117 10 8 0
-7.26661 -3.0599 20 23 0
-7.33235 -3.08617 30 24 1
-8.32107 -0.997786 1.13687e-13 0 0
-8.40397 -1.01117 10 8 0
-8.47785 -1.01943 20 16 0
-8.55332 -1.02617 30 24 1
1.56207 5.52502 -1.13687e-13 2 0
1.5725 5.56931 10 11 0
1.58643 5.62301 20 18 0
1.5975 5.67209 30 27 1
-6.72706 -1.43616 0 0 0
-6.79336 -1.45117 10 8 0
-6.85772 -1.46321 20 16 0
-6.92443 -1.47617 30 24 1
-3.95608 -7.95027 0 7 0
-3.9925 -8.02466 10 15 0
-4.0325 -8.09558 20 23 0
-4.0675 -8.1633 30 31 1
2.09951 4.29127 -2.27374e-13 3 0
2.1125 4.3274 10 11 0
2.13199 4.36967 20 19 0
2.1475 4.40482 30 27 1
0.0142504 7.41954 0 2 0
0.0125 7.48827 10 11 0
0.0115444 7.55673 20 18 0
0.0075 7.62469 30 27 1
-1.37121 8.56931 -1.13687e-13 2 0
-1.38617 8.65169 10 10 0
-1.39827 8.7261 20 18 0
-1.41117 8.80397 30 26 1
4.18178 -1.1325 10 13 0
4.21193 -1.14264 20 20 0
4.25128 -1.1525 30 29 1
-0.541917 -4.87827 1.13687e-13 6 0
-0.5475 -4.92614 10 15 0
-0.552741 -4.96973 20 22 0
-0.5625 -5.01185 30 31 1
-7.06677 -0.629773 0 0 0
-7.13802 -0.636169 10 8 0
-7.19742 -0.640597 20 16 0
-7.26822 -0.646169 30 24 1
6.10857 5.3728 1.13687e-13 3 0
6.1601 5.42117 10 12 0
6.21402 5.4706 20 19 0
6.26717 5.52117 30 28 1
2.65686 -5.69255 -1.13687e-13 5 0
2.68117 -5.74648 10 14 0
2.70015 -5.79708 20 21 0
2.72117 -5.85012 30 30 1
-7.18502 4.4996 -1.13687e-13 1 0
-7.25444 4.5375 10 9 0
-7.32267 4.58368 20 17 0
-7.38894 4.6225 30 25 1
3.71117 3.77903 1.13687e-13 3 0
3.7425 3.81486 10 11 0
3.77855 3.85024 20 19 0
3.8075 3.88693 30 27 1
-4.79339 -5.16357 -1.13687e-13 7 0
-4.8425 -5.21185 10 15 0
-4.88578 -5.25596 20 23 0
-4.9325 -5.30185 30 31 1
6.85118 -1.52148 1.13687e-13 4 0
6.90816 -1.5325 10 13 0
6.96877 -1.54854 20 20 0
7.03009 -1.5625 30 29 1
-4.53091 -1.62117 10 8 0
-4.57123 -1.6364 20 16 0
-4.61748 -1.65117 30 24 1
4.31285 3.99037 -2.27374e-13 3 0
4.3479 4.02617 10 12 0
4.38676 4.06428 20 19 0
4.4229 4.10117 30 28 1
0.133314 6.71399 0 2 0
0.1325 6.77389 10 11 0
0.127902 6.83158 20 18 0
0.1275 6.89616 30 27 1
3.89495 -5.79408 -2.27374e-13 5 0
3.93117 -5.85096 10 14 0
3.9655 -5.89907 20 21 0
3.99617 -5.95132 30 30 1
7.29407 3.91013 -2.27374e-13 3 0
7.35796 3.94617 10 12 0
7.42248 3.98497 20 19 0
7.48453 4.01617 30 28 1
5.10039 1.79605 1.13687e-13 4 0
5.14518 1.81117 10 12 0
5.19185 1.82852 20 20 0
5.23675 1.84617 30 28 1
6.5964 -2.36304 0 4 0
6.65508 -2.3825 10 13 0
6.71399 -2.40634 20 20 0
6.77079 -2.4275 30 29 1
3.86581 4.9363 1.13687e-13 3 0
3.9025 4.98603 10 11 0
3.93477 5.0244 20 19 0
3.9675 5.07224 30 27 1
2.27374 5.51849 -1.13687e-13 2 0
2.2925 5.57513 10 11 0
2.30892 5.61648 20 18 0
2.3275 5.67377 30 27 1
-4.59519 3.9925 10 9 0
-4.63549 4.02804 20 17 0
-4.67934 4.0625 30 25 1
-8.97435 -0.543182 1.13687e-13 0 0
-9.0612 -0.551169 10 8 0
-9.1442 -0.554006 20 16 0
-9.22676 -0.561169 30 24 1
-5.27182 -7.05028 0 7 0
-5.3225 -7.11313 10 15 0
-5.37391 -7.17915 20 23 0
-5.4225 -7.24142 30 31 1
3.83577 6.9804 -2.27374e-13 3 0
3.8675 7.04406 10 11 0
3.90407 7.10611 20 19 0
3.9325 7.16563 30 27 1
-3.68582 -6.63146 1.13687e-13 7 0
-3.7275 -6.699 10 15 0
-3.75795 -6.75334 20 23 0
-3.7975 -6.8185 30 31 1
-3.4525 -4.09762 10 15 0
-3.485 -4.13454 20 23 0
-3.5175 -4.16969 30 31 1
3.81904 2.87662 -1.13687e-13 3 0
3.85723 2.90617 10 12 0
3.88484 2.93094 20 19 0
3.9143 2.95617 30 28 1
6.18441 5.71269 -2.27374e-13 3 0
6.23639 5.76617 10 12 0
6.29257 5.81703 20 19 0
6.34847 5.87117 30 28 1
-6.41393 5.53861 -1.13687e-13 1 0
-6.47804 5.5925 10 9 0
-6.53628 5.63799 20 17 0
-6.59925 5.6925 30 25 1
1.04108 -5.45969 -1.13687e-13 6 0
1.04617 -5.51155 10 14 0
1.05461 -5.55769 20 22 0
1.06117 -5.6114 30 30 1
-6.51617 -3.93969 -1.13687e-13 7 0
-6.58686 -3.98117 10 8 0
-6.64458 -4.01453 20 23 0
-6.70635 -4.05117 30 24 1
-8.09895 -3.34117 1.13687e-13 0 0
-8.16889 -3.37117 10 8 0
-8.24921 -3.4034 20 16 0
-8.32581 -3.43617 30 24 1
-3.94457 -2.66117 10 8 0
-3.98313 -2.68482 20 23 0
-4.01785 -2.70617 30 24 1
-5.06275 4.05348 0 1 0
-5.11239 4.0925 10 9 0
-5.16008 4.13168 20 17 0
-5.2086 4.1675 30 25 1
-2.32208 4.62303 -1.13687e-13 1 0
-2.34617 4.66194 10 10 0
-2.36762 4.70684 20 17 0
-2.39117 4.7423 30 26 1
-9.02008 -0.578359 0 0 0
-9.11034 -0.586169 10 8 0
-9.19646 -0.591889 20 16 0
-9.2759 -0.596169 30 24 1
3.98562 -7.38487 -1.13687e-13 5 0
4.02117 -7.45417 10 14 0
4.05281 -7.52094 20 21 0
4.08617 -7.58281 30 30 1
1.62431 7.8703 -1.13687e-13 2 0
1.6375 7.93947 10 11 0
1.65137 8.01402 20 18 0
1.6625 8.07761 30 27 1
1.1845 -6.06725 0 6 0
1.19117 -6.12324 10 14 0
1.20073 -6.17177 20 22 0
1.21117 -6.23516 30 30 1
-1.2575 -7.13521 10 15 0
-1.26983 -7.19742 20 22 0
-1.2825 -7.2592 30 31 1
4.64511 -3.90755 -1.13687e-13 5 0
4.68661 -3.9425 10 13 0
4.72668 -3.97381 20 21 0
4.76369 -4.0125 30 29 1
-4.06502 -6.5017 0 7 0
-4.1075 -6.56281 10 15 0
-4.14752 -6.62246 20 23 0
-4.1825 -6.68024 30 31 1
-1.07499 -4.75415 -1.13687e-13 6 0
-1.0875 -4.79439 10 15 0
-1.10205 -4.84561 20 22 0
-1.1125 -4.88303 30 31 1
-4.69923 6.24629 0 1 0
-4.74117 6.30034 10 10 0
-4.78937 6.35939 20 17 0
-4.83117 6.41862 30 26 1
-7.02104 1.28336 1.13687e-13 0 0
-7.08329 1.2975 10 9 0
-7.15169 1.305 20 16 0
-7.21642 1.3175 30 25 1
6.02152 -0.230729 1.13687e-13 4 0
6.07485 -0.2325 10 13 0
6.12604 -0.236141 20 20 0
6.17885 -0.2375 30 29 1
4.63656 0.223876 0 4 0
4.67741 0.226169 10 12 0
4.71495 0.229288 20 20 0
4.76019 0.231169 30 28 1
4.04207 1.67158 1.13687e-13 4 0
4.07765 1.69117 10 12 0
4.11304 1.70494 20 19 0
4.15008 1.72117 30 28 1
1.38077 8.26227 1.13687e-13 2 0
1.3925 8.33794 10 11 0
1.39971 8.41253 20 18 0
1.4125 8.48522 30 27 1
-6.71399 0.34438 2.27374e-13 0 0
-6.77675 0.3475 10 9 0
-6.83812 0.352498 20 16 0
-6.90196 0.3525 30 25 1
-3.47617 4.36359 10 10 0
-3.51588 4.40855 20 17 0
-3.54617 4.44066 30 26 1
-5.91525 3.6814 0 1 0
-5.97482 3.7175 10 9 0
-6.0306 3.75082 20 17 0
-6.08225 3.7825 30 25 1
8.3668 1.61746 2.27374e-13 4 0
8.47607 1.57117 10 12 0
8.58891 1.52545 20 20 0
8.69719 1.48117 30 28 1
-5.7994 -2.24254 1.13687e-13 0 0
-5.84974 -2.26117 10 8 0
-5.91046 -2.28313 20 16 0
-5.96045 -2.30117 30 24 1
4.65217 2.05273 -2.27374e-13 3 0
4.691 2.07117 10 12 0
4.72674 2.08903 20 19 0
4.77343 2.11117 30 28 1
2.61055 -6.53108 0 6 0
2.63617 -6.59243 10 14 0
2.65385 -6.64867 20 22 0
2.68117 -6.70814 30 30 1
4.41404 -7.02113 -2.27374e-13 5 0
4.45617 -7.09014 10 14 0
4.48888 -7.14955 20 21 0
4.53117 -7.21464 30 30 1
4.9439 4.4033 -1.13687e-13 3 0
4.98711 4.44617 10 12 0
5.02705 4.48645 20 19 0
5.07418 4.52617 30 28 1
-2.7275 -6.73845 10 15 0
-2.7527 -6.79239 20 22 0
-2.7775 -6.85916 30 31 1
1.60122 -5.63608 0 6 0
1.61617 -5.68557 10 14 0
1.62828 -5.7406 20 22 0
1.64117 -5.78835 30 30 1
-4.27284 2.3125 10 9 0
-4.31076 2.32948 20 17 0
-4.35527 2.3525 30 25 1
5.21093 -2.24232 -2.27374e-13 5 0
5.25729 -2.2575 10 13 0
5.30621 -2.27638 20 21 0
5.34885 -2.2925 30 29 1
2.85138 -7.96176 0 6 0
2.87117 -8.03658 10 14 0
2.89738 -8.11202 20 22 0
2.92117 -8.17851 30 30 1
6.28283 -0.858516 0 4 0
6.34216 -0.8675 10 13 0
6.39389 -0.872046 20 20 0
6.44408 -0.8775 30 29 1
4.79335 -1.09123 0 4 0
4.83768 -1.1025 10 13 0
4.87174 -1.11288 20 20 0
4.91425 -1.1225 30 29 1
4.38166 -2.68356 -1.13687e-13 5 0
4.42035 -2.7075 10 13 0
4.4551 -2.73022 20 21 0
4.49864 -2.7575 30 29 1
4.73455 -0.85581 1.13687e-13 4 0
4.78152 -0.8625 10 13 0
4.82601 -0.872046 20 20 0
4.86016 -0.8775 30 29 1
0.394353 -4.76068 -1.13687e-13 6 0
0.396169 -4.80498 10 14 0
0.394353 -4.85214 20 22 0
0.396169 -4.88983 30 30 1
-3.01617 5.50165 10 10 0
-3.05025 5.55785 20 17 0
-3.07617 5.60408 30 26 1
-3.33117 4.37415 10 10 0
-3.3589 4.40847 20 17 0
-3.39617 4.45329 30 26 1
6.97753 4.59622 -2.27374e-13 3 0
7.0418 4.64117 10 12 0
7.10482 4.68142 20 19 0
7.16422 4.72117 30 28 1
-2.4975 -5.99933 10 15 0
-2.52 -6.05115 20 23 0
-2.5475 -6.1059 30 31 1
0.061517 -4.80641 -1.13687e-13 6 0
0.0611686 -4.85889 10 14 0
0.0561051 -4.89787 20 22 0
0.0561686 -4.93874 30 30 1
6.59201 4.27959 -2.27374e-13 3 0
6.64609 4.31617 10 12 0
6.70624 4.35937 20 19 0
6.76144 4.39617 30 28 1
-4.761 -5.24216 -1.13687e-13 7 0
-4.8025 -5.28499 10 15 0
-4.84956 -5.33837 20 23 0
-4.8975 -5.38706 30 31 1
-4.24455 -4.77929 -1.13687e-13 7 0
-4.2875 -4.82655 10 15 0
-4.33041 -4.86897 20 23 0
-4.3675 -4.91362 30 31 1
5.97186 4.04977 0 3 0
6.02011 4.08617 10 12 0
6.07302 4.12415 20 19 0
6.12339 4.16117 30 28 1
-2.72617 6.02482 10 10 0
-2.75165 6.07818 20 17 0
-2.77617 6.13139 30 26 1
3.95075 5.88611 -2.27374e-13 3 0
3.9825 5.94284 10 11 0
4.01747 5.99492 20 19 0
4.0525 6.04819 30 27 1
-4.00024 -6.65887 -1.13687e-13 7 0
-4.0425 -6.72409 10 15 0
-4.07891 -6.78346 20 23 0
-4.1175 -6.84151 30 31 1
-2.21312 -4.02985 1.13687e-13 7 0
-2.2375 -4.07056 10 15 0
-2.25978 -4.10329 20 23 0
-2.2825 -4.14384 30 31 1
-8.73917 -0.283407 -1.13687e-13 0 0
-8.82448 -0.286169 10 8 0
-8.90249 -0.286113 20 16 0
-8.98505 -0.291169 30 24 1
-3.2575 -3.57028 10 15 0
-3.29307 -3.60585 20 23 0
-3.3225 -3.63528 30 31 1
-8.51052 2.67423 1.13687e-13 0 0
-8.58935 2.6975 10 9 0
-8.66731 2.72294 20 16 0
-8.74542 2.7475 30 25 1
-7.49793 -1.1385 0 0 0
-7.57523 -1.15117 10 8 0
-7.64165 -1.16015 20 16 0
-7.71544 -1.17117 30 24 1
1.82719 4.22177 -2.27374e-13 3 0
1.8375 4.25746 10 11 0
1.85312 4.29745 20 19 0
1.8675 4.33696 30 27 1
2.45245 -5.87848 -1.13687e-13 5 0
2.47117 -5.93246 10 14 0
2.49192 -5.98684 20 21 0
2.51117 -6.0361 30 30 1
0.805662 -7.37381 -1.13687e-13 6 0
0.811169 -7.44029 10 14 0
0.816486 -7.50446 20 22 0
0.821169 -7.5705 30 30 1
3.62353 -3.94983 -1.13687e-13 5 0
3.65117 -3.98704 10 14 0
3.68054 -4.02215 20 21 0
3.71117 -4.05412 30 30 1
-6.65718 -6.20077 0 7 0
-6.71932 -6.25617 10 8 0
-6.78494 -6.31322 20 23 0
-6.84847 -6.37117 30 24 1
8.05975 -0.252377 0 4 0
8.12925 -0.2575 10 13 0
8.20348 -0.257789 20 20 0
8.2686 -0.2625 30 29 1
3.77065 3.38695 -1.13687e-13 3 0
3.80654 3.42117 10 12 0
3.83533 3.45162 20 19 0
3.86654 3.48117 30 28 1
6.46422 4.54596 -1.13687e-13 3 0
6.52511 4.59117 10 12 0
6.58116 4.63228 20 19 0
6.64046 4.67117 30 28 1
1.05335 7.39341 0 2 0
1.0575 7.45847 10 11 0
1.06688 7.5306 20 18 0
1.0725 7.59368 30 27 1
-3.51403 7.42225 0 1 0
-3.55117 7.49329 10 10 0
-3.58121 7.55831 20 17 0
-3.61617 7.62193 30 26 1
7.00797 2.54831 0 4 0
7.0719 2.57117 10 12 0
7.13209 2.59431 20 20 0
7.19468 2.61617 30 28 1
-3.11617 5.2481 10 10 0
-3.14967 5.30137 20 17 0
-3.18117 5.34845 30 26 1
-1.92526 -4.41933 -2.27374e-13 7 0
-1.9425 -4.46145 10 15 0
-1.96426 -4.50043 20 23 0
-1.9825 -4.53681 30 31 1
2.96483 -5.87424 -1.13687e-13 5 0
2.99117 -5.9292 10 14 0
3.01195 -5.97494 20 21 0
3.03617 -6.03077 30 30 1
3.6832 2.36575 -2.27374e-13 3 0
3.71699 2.39117 10 12 0
3.75011 2.4097 20 19 0
3.78321 2.43617 30 28 1
-6.75509 -6.08438 2.27374e-13 7 0
-6.82353 -6.14117 10 8 0
-6.88285 -6.19683 20 23 0
-6.94767 -6.25117 30 24 1
6.77279 1.30356 2.27374e-13 4 0
6.82807 1.31617 10 12 0
6.89038 1.33062 20 20 0
6.94499 1.34117 30 28 1
-0.96405 -6.87731 0 6 0
-0.9775 -6.94006 10 15 0
-0.988403 -7.00144 20 22 0
-0.9975 -7.06613 30 31 1
1.58913 8.38639 -1.13687e-13 2 0
1.6025 8.46309 10 11 0
1.61348 8.53665 20 18 0
1.6275 8.61537 30 27 1
1.39286 -5.69488 0 6 0
1.40117 -5.74634 10 14 0
1.41451 -5.7994 20 22 0
1.42117 -5.85119 30 30 1
-0.302349 6.38082 -1.13687e-13 2 0
-0.306169 6.43325 10 10 0
-0.313173 6.49841 20 18 0
-0.316169 6.54931 30 26 1
4.09386 -2.3154 -1.13687e-13 5 0
4.12813 -2.3375 10 13 0
4.16731 -2.36206 20 21 0
4.20142 -2.3825 30 29 1
5.17225 -0.376852 0 4 0
5.21576 -0.3775 10 13 0
5.26371 -0.382264 20 20 0
5.30562 -0.3825 30 29 1
-4.53534 -6.16073 1.13687e-13 7 0
-4.5775 -6.21257 10 15 0
-4.61895 -6.27113 20 23 0
-4.6625 -6.32585 30 31 1
-5.13729 -4.2561 0 7 0
-5.19066 -4.29617 10 8 0
-5.24116 -4.33701 20 23 0
-5.28687 -4.37117 30 24 1
-6.64867 0.409324 1.13687e-13 0 0
-6.7074 0.4125 10 9 0
-6.77279 0.417442 20 16 0
-6.83054 0.4225 30 25 1
-0.583771 4.82601 1.13687e-13 2 0
-0.591169 4.86563 10 10 0
-0.602713 4.91094 20 18 0
-0.606169 4.95134 30 26 1
-1.74617 6.77723 10 10 0
-1.76087 6.84465 20 18 0
-1.77617 6.89916 30 26 1
1.49839 -5.80593 -1.13687e-13 6 0
1.51117 -5.85634 10 14 0
1.52004 -5.91046 20 22 0
1.53117 -5.96119 30 30 1
5.05314 3.96147 -2.27374e-13 3 0
5.09572 3.99617 10 12 0
5.1347 4.02773 20 19 0
5.17986 4.06617 30 28 1
3.3037 -7.03205 -3.41061e-13 5 0
3.33617 -7.09444 10 14 0
3.36164 -7.15888 20 21 0
3.38617 -7.21515 30 30 1
7.22528 1.79117 10 12 0
7.28888 1.80958 20 20 0
7.35221 1.82617 30 28 1
7.33461 -0.720511 2.27374e-13 4 0
7.39717 -0.7275 10 13 0
7.45873 -0.734041 20 20 0
7.53238 -0.7425 30 29 1
-3.91448 3.3825 10 9 0
-3.95433 3.41577 20 17 0
-3.98863 3.4425 30 25 1
2.17759 -6.12604 -1.13687e-13 6 0
2.19617 -6.18072 10 14 0
2.21277 -6.2371 20 22 0
2.23117 -6.2935 30 30 1
-4.25492 5.9053 0 1 0
-4.29617 5.96141 10 10 0
-4.33853 6.0157 20 17 0
-4.38117 6.06762 30 26 1
5.25718 -0.41203 0 4 0
5.30526 -0.4175 10 13 0
5.35517 -0.420148 20 20 0
5.39511 -0.4225 30 29 1
1.3225 -7.69392 0 6 0
1.33117 -7.75523 10 14 0
1.34415 -7.82457 20 22 0
1.35117 -7.89544 30 30 1
-5.82978 -5.45756 -1.13687e-13 7 0
-5.88447 -5.50617 10 8 0
-5.94177 -5.55807 20 23 0
-5.99361 -5.60117 30 24 1
-8.47785 2.21151 0 0 0
-8.56276 2.2325 10 9 0
-8.64117 2.2521 20 16 0
-8.7159 2.2725 30 25 1
2.0075 3.81227 10 11 0
2.02452 3.8489 20 19 0
2.0425 3.88263 30 27 1
-8.01402 3.17213 0 0 0
-8.09233 3.1975 10 9 0
-8.16428 3.22896 20 16 0
-8.24426 3.2575 30 25 1
7.38755 -3.29003 -1.13687e-13 5 0
7.44866 -3.3175 10 13 0
7.51438 -3.34798 20 21 0
7.57937 -3.3775 30 29 1
1.46592 -5.3225 0 6 0
1.47617 -5.36879 10 14 0
1.48757 -5.41396 20 22 0
1.49617 -5.46657 30 30 1
6.09755 5.41153 -1.13687e-13 3 0
6.1506 5.46117 10 12 0
6.203 5.50933 20 19 0
6.25767 5.56117 30 28 1
3.85051 -3.87066 -1.13687e-13 5 0
3.88117 -3.90592 10 14 0
3.91135 -3.93916 20 21 0
3.94617 -3.97799 30 30 1
0.466149 7.02104 -2.27374e-13 2 0
0.4675 7.08767 10 11 0
0.468855 7.14516 20 18 0
0.4675 7.20788 30 27 1
-8.08589 2.44963 1.13687e-13 0 0
-8.16636 2.4725 10 9 0
-8.24267 2.49293 20 16 0
-8.31743 2.5175 30 25 1
5.44966 -4.45187 -1.13687e-13 5 0
5.49324 -4.4875 10 13 0
5.54046 -4.52737 20 21 0
5.58739 -4.5675 30 29 1
-2.79059 -6.75319 -1.13687e-13 6 0
-2.8175 -6.81431 10 15 0
-2.84741 -6.87731 20 22 0
-2.8725 -6.94002 30 31 1
-6.72019 -3.88349 0 7 0
-6.78849 -3.92117 10 8 0
-6.8486 -3.95833 20 23 0
-6.91506 -3.99117 30 24 1
1.21841 7.66125 0 2 0
1.2275 7.73454 10 11 0
1.23465 7.80497 20 18 0
1.2475 7.87474 30 27 1
7.49793 0.835427 1.13687e-13 4 0
7.56222 0.841169 10 12 0
7.62859 0.851663 20 20 1
2.59588 3.80414 0 3 0
2.6175 3.83538 10 11 0
2.63983 3.87106 20 19 0
2.6575 3.90366 30 27 1
2.43352 5.62025 0 3 0
2.4525 5.66442 10 11 0
2.47681 5.72478 20 19 0
2.4925 5.76806 30 27 1
-5.02649 1.8075 10 9 0
-5.07426 1.82455 20 16 0
-5.12513 1.8425 30 25 1
-0.763807 -4.96973 1.13687e-13 6 0
-0.7725 -5.01679 10 15 0
-0.780043 -5.06119 20 22 1
2.75617 -3.44984 -1.13687e-13 5 0
2.77617 -3.47974 10 14 0
2.79741 -3.51022 20 21 0
2.82117 -3.54595 30 30 1
-4.54913 4.0525 10 9 0
-4.59768 4.09356 20 17 0
-4.63827 4.1275 30 25 1
-4.26302 5.01027 0 1 0
-4.30117 5.05424 10 10 0
-4.34234 5.09725 20 17 0
-4.38617 5.14631 30 26 1
-6.49855 2.73779 1.13687e-13 1 0
-6.56132 2.7625 10 9 0
-6.62267 2.7892 20 17 0
-6.68203 2.8125 30 25 1
-5.37253 -2.68124 1.13687e-13 7 0
-5.42499 -2.70617 10 8 0
-5.47593 -2.7349 20 23 0
-5.52449 -2.75617 30 24 1
1.23194 4.98933 0 2 0
1.2375 5.03632 10 11 0
1.24818 5.08079 20 18 0
1.2575 5.12703 30 27 1
-3.89113 -3.74617 10 8 0
-3.92648 -3.77621 20 23 0
-3.9632 -3.81117 30 24 1
6.28936 -1.92197 0 4 0
6.34443 -1.9375 10 13 0
6.40042 -1.95714 20 20 0
6.45014 -1.9725 30 29 1
-1.11558 -4.63003 -1.13687e-13 6 0
-1.1275 -4.67176 10 15 0
-1.14264 -4.72149 20 22 0
-1.1525 -4.7604 30 31 1
4.44942 -2.62504 -1.13687e-13 5 0
4.48763 -2.6475 10 13 0
4.5294 -2.6744 20 21 0
4.56591 -2.6975 30 29 1
-2.93617 5.71863 10 10 0
-2.96568 5.77176 20 17 0
-2.99117 5.82313 30 26 1
-4.10372 -6.86951 1.13687e-13 7 0
-4.1425 -6.93015 10 15 0
-4.18239 -6.99409 20 23 0
-4.2225 -7.05965 30 31 1
-3.62225 -7.84988 0 7 0
-3.6525 -7.91801 10 15 0
-3.69214 -7.99248 20 23 0
-3.7225 -8.05872 30 31 1
-5.06441 -2.00617 10 8 0
-5.11999 -2.02606 20 16 0
-5.16805 -2.04617 30 24 1
0.531093 5.50542 -1.13687e-13 2 0
0.5325 5.55461 10 11 0
0.536505 5.60995 20 18 0
0.5375 5.65861 30 27 1
-4.46276 -6.92622 1.13687e-13 7 0
-4.5025 -6.9861 10 15 0
-4.54795 -7.05351 20 23 0
-4.5925 -7.11852 30 31 1
-0.183286 5.59688 -1.13687e-13 2 0
-0.186169 5.64857 10 10 0
-0.191404 5.69488 20 18 0
-0.191169 5.74549 30 26 1
0.2125 6.27406 10 11 0
0.211787 6.32856 20 18 0
0.2075 6.38219 30 27 1
-6.68786 -0.288819 1.13687e-13 0 0
-6.75059 -0.291169 10 8 0
-6.81852 -0.294231 20 16 0
-6.8758 -0.296169 30 24 1
-7.44318 -5.27618 -1.13687e-13 7 0
-7.50966 -5.32117 10 8 0
-7.58625 -5.37332 20 23 0
-7.65416 -5.41617 30 24 1
6.3643 -5.36651 0 5 0
6.41617 -5.4175 10 13 0
6.47628 -5.46702 20 21 1
-6.45268 1.46466 0 0 0
-6.51375 1.4775 10 9 0
-6.57681 1.48901 20 16 0
-6.63775 1.5025 30 25 1
6.98184 0.361881 1.13687e-13 4 0
7.04479 0.366169 10 12 0
7.10596 0.369999 20 20 0
7.16293 0.371169 30 28 1
5.09386 1.16015 1.13687e-13 4 0
5.1345 1.17117 10 12 0
5.17878 1.1845 20 20 0
5.23021 1.19617 30 28 1
-8.62811 1.49983 0 0 0
-8.7125 1.5125 10 9 0
-8.79143 1.52419 20 16 0
-8.87185 1.5375 30 25 1
0.710952 -5.15918 -1.13687e-13 6 0
0.716169 -5.20276 10 14 0
0.721776 -5.25064 20 22 0
0.726169 -5.29761 30 30 1
-7.98136 1.47548 1.13687e-13 0 0
-8.0561 1.4925 10 9 0
-8.13161 1.50525 20 16 0
-8.20838 1.5175 30 25 1
-7.60899 2.80412 0 0 0
-7.67991 2.8275 10 9 0
-7.75271 2.85282 20 16 0
-7.82183 2.8775 30 25 1
-1.27109 6.55067 0 2 0
-1.28617 6.60715 10 10 0
-1.30086 6.66173 20 18 0
-1.31117 6.72407 30 26 1
-6.03458 0.982991 1.13687e-13 0 0
-6.09239 0.9925 10 9 0
-6.15217 0.999227 20 16 0
-6.20639 1.0075 30 25 1
-3.89189 -6.6194 0 7 0
-3.9325 -6.67773 10 15 0
-3.96785 -6.73746 20 23 0
-4.0075 -6.79515 30 31 1
-0.642038 -5.53809 -1.13687e-13 6 0
-0.6475 -5.58476 10 15 0
-0.658274 -5.64261 20 22 0
-0.6675 -5.68961 30 31 1
-7.94216 -1.97735 1.13687e-13 0 0
-8.01718 -1.99617 10 8 0
-8.09242 -2.01253 20 16 0
-8.16532 -2.03117 30 24 1
-6.82442 -5.12812 2.27374e-13 7 0
-6.88383 -5.17617 10 8 0
-6.9506 -5.22368 20 23 0
-7.01419 -5.27117 30 24 1
4.30992 -0.34438 0 4 0
4.35138 -0.3475 10 13 0
4.38831 -0.349792 20 20 0
4.42002 -0.3525 30 29 1
-0.245524 5.55115 0 2 0
-0.251169 5.60043 10 10 0
-0.256348 5.65568 20 18 0
-0.261169 5.70236 30 26 1
-4.81392 6.35332 0 1 0
-4.85617 6.40827 10 10 0
-4.90406 6.46643 20 17 0
-4.94617 6.51948 30 26 1
-8.00096 2.63635 1.13687e-13 0 0
-8.07352 2.6625 10 9 0
-8.14468 2.68505 20 16 0
-8.22459 2.7075 30 25 1
2.08493 -4.63845 1.13687e-13 5 0
2.10117 -4.67857 10 14 0
2.11358 -4.72067 20 21 0
2.13117 -4.76514 30 30 1
5.53021 -4.30664 -1.13687e-13 5 0
5.57452 -4.3425 10 13 0
5.62484 -4.37831 20 21 0
5.67073 -4.4175 30 29 1
-3.74474 -3.04117 10 8 0
-3.77815 -3.06534 20 23 0
-3.81388 -3.09617 30 24 1
4.63074 5.97294 0 3 0
4.6725 6.0318 10 11 0
4.71435 6.08334 20 19 0
4.7525 6.14008 30 27 1
-0.240112 7.64165 -2.27374e-13 2 0
-0.246169 7.71675 10 10 0
-0.250936 7.78538 20 18 0
-0.256169 7.85403 30 26 1
-4.27943 -5.15092 0 7 0
-4.3225 -5.20096 10 15 0
-4.36145 -5.24443 20 23 1
-6.84465 0.37144 1.13687e-13 0 0
-6.90782 0.3725 10 9 0
-6.97531 0.376852 20 16 0
-7.03303 0.3775 30 25 1
-5.71447 -1.29274 1.13687e-13 0 0
-5.77155 -1.30617 10 8 0
-5.82553 -1.31709 20 16 0
-5.8814 -1.33117 30 24 1
-4.72401 0.5575 10 9 0
-4.76722 0.560858 20 16 0
-4.81179 0.5675 30 25 1
6.55003 -5.22697 0 5 0
6.60351 -5.2725 10 13 0
6.65661 -5.31441 20 21 0
6.71973 -5.3675 30 29 1
7.129 3.51163 0 3 0
7.19338 3.54117 10 12 0
7.25201 3.5734 20 19 0
7.32201 3.60617 30 28 1
0.821898 -5.3617 0 6 0
0.826169 -5.41176 10 14 0
0.830015 -5.45969 20 22 1
-4.72719 -6.53244 -1.13687e-13 7 0
-4.7725 -6.59142 10 15 0
-4.82004 -6.65208 20 23 0
-4.8625 -6.7097 30 31 1
6.9771 4.19014 -1.13687e-13 3 0
7.04192 4.23117 10 12 0
7.10169 4.26881 20 19 0
7.16642 4.30617 30 28 1
-3.6525 -3.68244 10 15 0
-3.68411 -3.71371 20 23 0
-3.7225 -3.74537 30 31 1
5.60762 4.82976 -2.27374e-13 3 0
5.65752 4.87617 10 12 0
5.71037 4.92102 20 19 0
5.76166 4.96617 30 28 1
-5.7798 1.58101 0 0 0
-5.82972 1.5925 10 9 0
-5.89086 1.61078 20 16 0
-5.9375 1.6225 30 25 1
1.82726 4.83254 -1.13687e-13 2 0
1.8425 4.87764 10 11 0
1.85432 4.924 20 18 0
1.8675 4.96628 30 27 1
2.72336 -4.03698 0 5 0
2.74617 -4.07199 10 14 0
2.77002 -4.11043 20 21 0
2.79117 -4.14528 30 30 1
5.50837 -4.31925 0 5 0
5.55416 -4.3575 10 13 0
5.60571 -4.39745 20 21 0
5.64331 -4.4325 30 29 1
-5.83066 2.98069 1.13687e-13 1 0
-5.89208 3.0125 10 9 0
-5.94713 3.03976 20 17 0
-6.00365 3.0675 30 25 1
-0.125196 -5.71447 0 6 0
-0.1275 -5.76479 10 15 0
-0.130608 -5.819 20 22 0
-0.1375 -5.87379 30 31 1
-6.79802 3.0296 0 1 0
-6.86339 3.0575 10 9 0
-6.92867 3.08372 20 17 0
-6.99617 3.1125 30 25 1
-1.8002 -7.68085 1.13687e-13 6 0
-1.8175 -7.75178 10 15 0
-1.83538 -7.81804 20 22 0
-1.8525 -7.88577 30 31 1
5.04159 1.93406 0 4 0
5.08719 1.95117 10 12 0
5.13305 1.97194 20 20 0
5.17668 1.99117 30 28 1
6.57027 0.862487 1.13687e-13 4 0
6.63055 0.871169 10 12 0
6.68133 0.876017 20 20 0
6.74455 0.886169 30 28 1
-6.63129 5.57993 0 1 0
-6.69481 5.6325 10 9 0
-6.76017 5.68202 20 17 0
-6.8231 5.7325 30 25 1
1.18991 -4.25112 0 6 0
1.20117 -4.28769 10 14 0
1.20885 -4.32298 20 22 0
1.21617 -4.36633 30 30 1
5.4205 -0.820633 0 4 0
5.46777 -0.8275 10 13 0
5.51196 -0.836869 20 20 0
5.56055 -0.8425 30 29 1
5.0847 -6.02712 -2.27374e-13 5 0
5.12617 -6.0843 10 14 0
5.16831 -6.13752 20 21 0
5.21117 -6.19051 30 30 1
-7.18436 -2.32372 1.13687e-13 0 0
-7.24995 -2.34617 10 8 0
-7.31501 -2.36701 20 16 0
-7.38895 -2.38617 30 24 1
7.14225 -3.66468 0 5 0
7.2064 -3.6975 10 13 0
7.26525 -3.72645 20 21 0
7.32797 -3.7625 30 29 1
-4.96708 -1.04617 10 8 0
-5.01546 -1.05191 20 16 0
-5.05986 -1.06117 30 24 1
-1.69593 8.08589 0 2 0
-1.71117 8.15645 10 10 0
-1.73111 8.23614 20 18 0
-1.75117 8.30958 30 26 1
-7.69392 2.72564 1.13687e-13 0 0
-7.76754 2.7525 10 9 0
-7.83764 2.77435 20 16 0
-7.90946 2.8025 30 25 1
4.04397 7.16947 -1.13687e-13 3 0
4.0775 7.23285 10 11 0
4.11498 7.30171 20 19 0
4.1475 7.36649 30 27 1
6.32164 -4.30975 0 5 0
6.38355 -4.3525 10 13 0
6.43587 -4.38954 20 21 0
6.48683 -4.4275 30 29 1
-6.72331 -3.38147 0 7 0
-6.7826 -3.40617 10 8 0
-6.84361 -3.43671 20 23 0
-6.91124 -3.47117 30 24 1
7.39341 -0.138726 1.13687e-13 4 0
7.45771 -0.1375 10 13 0
7.52406 -0.138726 20 20 0
7.58499 -0.1375 30 29 1
-9.04621 -0.930137 1.13687e-13 0 0
-9.133 -0.941169 10 8 0
-9.21606 -0.946373 20 16 0
-9.29649 -0.956169 30 24 1
6.91651 -1.33206 1.13687e-13 4 0
6.97272 -1.3425 10 13 0
7.0341 -1.35371 20 20 0
7.09672 -1.3675 30 29 1
4.08032 5.57176 -1.13687e-13 3 0
4.1125 5.62029 10 11 0
4.14816 5.67022 20 19 0
4.1825 5.71857 30 27 1
4.70587 2.69194 -2.27374e-13 3 0
4.7491 2.71617 10 12 0
4.79239 2.74401 20 19 0
4.83239 2.77117 30 28 1
-3.92489 -5.9674 -1.13687e-13 7 0
-3.9625 -6.02183 10 15 0
-3.99544 -6.07239 20 23 0
-4.0375 -6.13219 30 31 1
6.83158 2.52396 1.13687e-13 4 0
6.88927 2.55117 10 12 0
6.94918 2.57267 20 20 0
7.01205 2.59617 30 28 1
-1.29544 6.16524 0 2 0
-1.31117 6.22203 10 10 0
-1.32521 6.2763 20 18 0
-1.33617 6.33188 30 26 1
-4.0349 6.39324 1.13687e-13 1 0
-4.07117 6.45058 10 10 0
-4.11086 6.5113 20 17 0
-4.15117 6.57301 30 26 1
5.59688 0.0750469 0 4 0
5.64463 0.0761686 10 12 0
5.69488 0.0777529 20 20 0
5.74363 0.0761686 30 28 1
3.84335 2.39962 0 3 0
3.87427 2.42117 10 12 0
3.91026 2.44357 20 19 0
3.93549 2.46117 30 28 1
0.100842 5.36823 0 2 0
0.0975 5.4166 10 11 0
0.0981358 5.46623 20 18 0
0.0925 5.51766 30 27 1
0.493209 5.57075 -1.13687e-13 2 0
0.4975 5.61861 10 11 0
0.495915 5.66874 20 18 0
0.4975 5.7176 30 27 1
-0.0155154 6.72053 -1.13687e-13 2 0
-0.0161686 6.77257 10 10 0
-0.0209273 6.83812 20 18 0
-0.0211686 6.89778 30 26 1
-6.02152 -1.04108 1.13687e-13 0 0
-6.08223 -1.05117 10 8 0
-6.13257 -1.06002 20 16 0
-6.19416 -1.07117 30 24 1
5.01102 5.29701 0 3 0
5.0525 5.34407 10 11 0
5.09958 5.39323 20 19 0
5.1425 5.44114 30 27 1
3.93193 -2.32951 -1.13687e-13 5 0
3.96136 -2.3475 10 13 0
3.99614 -2.36693 20 21 0
4.02757 -2.3925 30 29 1
2.68705 -6.17049 0 5 0
2.71117 -6.22902 10 14 0
2.73305 -6.28155 20 21 0
2.75617 -6.33766 30 30 1
-3.83955 7.5679 1.13687e-13 1 0
-3.87617 7.63444 10 10 0
-3.91327 7.70668 20 17 0
-3.95117 7.77308 30 26 1
-2.92986 8.08589 -1.13687e-13 2 0
-2.96117 8.16194 10 10 0
-2.98668 8.23614 20 18 0
-3.01617 8.30886 30 26 1
5.85091 -5.15927 -2.27374e-13 5 0
5.90212 -5.2075 10 13 0
5.95366 -5.25054 20 21 0
6.00626 -5.2975 30 29 1
0.930137 -5.27024 0 6 0
0.936169 -5.3167 10 14 0
0.940961 -5.3617 20 22 0
0.946169 -5.41155 30 30 1
-3.39175 6.56521 1.13687e-13 1 0
-3.42617 6.62583 10 10 0
-3.45735 6.68439 20 17 0
-3.49117 6.74032 30 26 1
-5.48775 3.18502 0 1 0
-5.54053 3.2125 10 9 0
-5.59116 3.23867 20 17 0
-5.64503 3.2675 30 25 1
5.68834 1.76899 2.27374e-13 4 0
5.74243 1.78617 10 12 0
5.79287 1.80146 20 20 0
5.84314 1.81617 30 28 1
7.23662 1.0032 1.13687e-13 4 0
7.30088 1.01117 10 12 0
7.36728 1.01943 20 20 0
7.42695 1.03117 30 28 1
-1.351 -4.87174 0 6 0
-1.3675 -4.91883 10 15 0
-1.38077 -4.95667 20 22 0
-1.3975 -5.0054 30 31 1
4.9436 -0.374146 2.27374e-13 4 0
4.98242 -0.3775 10 13 0
5.02853 -0.382264 20 20 0
5.0702 -0.3875 30 29 1
2.60306 -3.98174 -2.27374e-13 5 0
2.62117 -4.0177 10 14 0
2.64319 -4.05248 20 21 0
2.66617 -4.09099 30 30 1
3.33905 5.01036 -1.13687e-13 3 0
3.3675 5.05207 10 11 0
3.39765 5.09958 20 19 0
3.4275 5.14742 30 27 1
3.75177 -1.8975 10 13 0
3.78218 -1.9157 20 21 0
3.81506 -1.9325 30 29 1
-6.09806 3.97901 0 1 0
-6.15669 4.0125 10 9 0
-6.21341 4.04844 20 17 0
-6.27411 4.0875 30 25 1
0.912636 5.51196 -1.13687e-13 2 0
0.9175 5.56484 10 11 0
0.92346 5.61648 20 18 0
0.9275 5.66677 30 27 1
-4.65657 1.7275 10 9 0
-4.69535 1.74337 20 16 0
-4.74314 1.7575 30 25 1
-1.66616 6.68133 -1.13687e-13 2 0
-1.68117 6.74052 10 10 0
-1.70134 6.80545 20 18 0
-1.71617 6.86744 30 26 1
4.113 -1.0425 10 13 0
4.15313 -1.05335 20 20 0
4.18249 -1.0625 30 29 1
0.154961 5.77327 -1.13687e-13 2 0
0.1575 5.83015 10 11 0
0.154961 5.87779 20 18 0
0.1525 5.93122 30 27 1
1.51607 5.3617 -1.13687e-13 2 0
1.5275 5.41824 10 11 0
1.53772 5.46623 20 18 0
1.5475 5.50895 30 27 1
-5.27726 2.48087 1.13687e-13 1 0
-5.33051 2.5075 10 9 0
-5.38449 2.53069 20 17 0
-5.43208 2.5525 30 25 1
-2.0475 -6.40493 10 15 0
-2.06809 -6.45921 20 22 0
-2.0875 -6.52271 30 31 1
4.0813 -7.2892 1.13687e-13 5 0
4.11617 -7.35825 10 14 0
4.15501 -7.42798 20 21 0
4.18617 -7.49189 30 30 1
-0.294231 5.53809 1.13687e-13 2 0
-0.301169 5.58679 10 10 0
-0.302349 5.63608 20 18 0
-0.306169 5.68372 30 26 1
-1.96456 4.42623 -1.13687e-13 1 0
-1.98117 4.46665 10 10 0
-2.00356 4.50733 20 17 0
-2.02117 4.542 30 26 1
5.27968 -3.68873 -3.41061e-13 5 0
5.32929 -3.7225 10 13 0
5.3716 -3.75387 20 21 0
5.4155 -3.7875 30 29 1
4.95049 2.73373 -1.13687e-13 3 0
4.99916 2.76117 10 12 0
5.037 2.7858 20 19 0
5.07745 2.81117 30 28 1
2.03414 -4.85554 0 5 0
2.05617 -4.90227 10 14 0
2.07203 -4.947 20 21 0
2.08617 -4.98884 30 30 1
6.43308 -0.233435 0 4 0
6.49205 -0.2325 10 13 0
6.54414 -0.236141 20 20 0
6.60311 -0.2375 30 29 1
-4.19114 6.27396 -1.13687e-13 1 0
-4.22617 6.32981 10 10 0
-4.26439 6.38548 20 17 0
-4.30617 6.44517 30 26 1
7.15169 -1.41865 2.27374e-13 4 0
7.21122 -1.4325 10 13 0
7.27582 -1.44301 20 20 0
7.34228 -1.4575 30 29 1
-1.60266 -4.59083 -1.13687e-13 6 0
-1.6225 -4.63643 10 15 0
-1.63784 -4.67576 20 22 1
-3.57146 -5.85889 0 7 0
-3.6025 -5.90932 10 15 0
-3.64201 -5.96388 20 23 0
-3.6775 -6.01968 30 31 1
-5.77327 0.809809 1.13687e-13 0 0
-5.82547 0.8175 10 9 0
-5.87779 0.826045 20 16 0
-5.93239 0.8325 30 25 1
-3.3325 -4.57866 10 15 0
-3.36746 -4.62164 20 23 0
-3.3975 -4.6578 30 31 1
-6.74235 5.62594 0 1 0
-6.80345 5.6775 10 9 0
-6.8647 5.72532 20 17 0
-6.93174 5.7775 30 25 1
-6.59783 -2.86947 -1.13687e-13 7 0
-6.65651 -2.89117 10 8 0
-6.72195 -2.92089 20 23 0
-6.78929 -2.94617 30 24 1
3.91952 -2.28649 -1.13687e-13 5 0
3.95464 -2.3125 10 13 0
3.98644 -2.33044 20 21 0
4.02292 -2.3525 30 29 1
2.32913 -8.20348 -1.13687e-13 6 0
2.35117 -8.28026 10 14 0
2.36972 -8.35373 20 22 0
2.38617 -8.4284 30 30 1
3.74307 7.17472 -3.41061e-13 3 0
3.7725 7.23898 10 11 0
3.80755 7.30426 20 19 0
3.8375 7.36762 30 27 1
4.56902 -5.30479 0 5 0
4.60617 -5.35217 10 14 0
4.64722 -5.40213 20 21 0
4.68617 -5.44631 30 30 1
6.3071 2.93847 -1.13687e-13 3 0
6.36382 2.96617 10 12 0
6.42087 2.991 20 19 1
0.466149 5.71447 0 2 0
0.4675 5.75831 10 11 0
0.471561 5.819 20 18 1
-0.058811 4.96973 1.13687e-13 2 0
-0.0611686 5.01445 10 10 0
-0.064223 5.06119 20 18 0
-0.0661687 5.1043 30 26 1
4.46705 -2.74599 0 5 0
4.50656 -2.7725 10 13 0
4.54049 -2.79265 20 21 0
4.58485 -2.8225 30 29 1
5.28132 3.32617 10 12 0
5.32692 3.35508 20 19 0
5.3696 3.38617 30 28 1
-5.13998 -0.731169 10 8 0
-5.19185 -0.740718 20 16 0
-5.23983 -0.746169 30 24 1
-6.72706 1.50795 0 0 0
-6.7921 1.5225 10 9 0
-6.85772 1.53501 20 16 0
-6.91609 1.5475 30 25 1
0.421412 -5.38783 -1.13687e-13 6 0
0.421169 -5.43102 10 14 0
0.424118 -5.48583 20 22 0
0.426169 -5.53502 30 30 1
4.57113 3.46416 -1.13687e-13 3 0
4.60986 3.49617 10 12 0
4.64616 3.52771 20 19 0
4.689 3.56117 30 28 1
-3.96516 -7.64555 -1.13687e-13 7 0
-4.0075 -7.72146 10 15 0
-4.04541 -7.78703 20 23 0
-4.0825 -7.85303 30 31 1
6.76626 -0.12249 0 4 0
6.82045 -0.1225 10 13 0
6.87731 -0.125196 20 20 0
6.93859 -0.1275 30 29 1
-5.34227 0.6525 10 9 0
-5.39437 0.658274 20 16 0
-5.44419 0.6625 30 25 1
-1.91511 7.60899 0 2 0
-1.93617 7.68141 10 10 0
-1.9557 7.74618 20 18 0
-1.97617 7.82041 30 26 1
-4.73924 0.9475 10 9 0
-4.78028 0.955932 20 16 0
-4.82996 0.9675 30 25 1
-6.04765 0.295672 -1.13687e-13 0 0
-6.1045 0.2975 10 9 0
-6.16524 0.301084 20 16 0
-6.22264 0.3025 30 25 1
-1.36309 5.71447 0 2 0
-1.38117 5.76877 10 10 0
-1.39557 5.819 20 18 0
-1.40617 5.87155 30 26 1
-6.55192 -3.83002 1.13687e-13 7 0
-6.61328 -3.86617 10 8 0
-6.68034 -3.90486 20 23 0
-6.73985 -3.93617 30 24 1
-0.585212 -6.87731 -1.13687e-13 6 0
-0.5925 -6.94397 10 15 0
-0.601448 -7.00797 20 22 0
-0.6125 -7.07004 30 31 1
-1.69593 4.67576 0 2 0
-1.71617 4.71784 10 10 0
-1.73111 4.76068 20 18 0
-1.75117 4.80233 30 26 1
3.82286 1.95817 -2.27374e-13 3 0
3.86061 1.97617 10 12 0
3.8936 1.99829 20 19 0
3.92389 2.01117 30 28 1
-5.08329 5.03073 0 1 0
-5.12365 5.0725 10 9 0
-5.17297 5.11659 20 17 0
-5.22072 5.1625 30 25 1
-5.89701 4.13386 -1.13687e-13 1 0
-5.95106 4.1675 10 9 0
-6.00853 4.20711 20 17 0
-6.06142 4.2425 30 25 1
-6.07378 2.09244 1.13687e-13 0 0
-6.13052 2.1125 10 9 0
-6.18484 2.13303 20 16 0
-6.24123 2.1525 30 25 1
-8.75877 -0.0155154 1.13687e-13 0 0
-8.8444 -0.0161686 10 8 0
-8.92862 -0.0155154 20 16 0
-9.00703 -0.0161686 30 24 1
-8.7065 1.20759 0 0 0
-8.7852 1.2175 10 9 0
-8.86982 1.23194 20 16 0
-8.95162 1.2425 30 25 1
-0.0775 -7.31993 10 15 0
-0.079194 -7.38034 20 22 0
-0.0825 -7.45221 30 31 1
2.4058 -3.59696 0 5 0
2.42617 -3.63179 10 14 0
2.44322 -3.66117 20 21 0
2.46117 -3.688 30 30 1
2.98743 6.68313 -2.27374e-13 3 0
3.0075 6.74268 10 11 0
3.03614 6.80072 20 19 0
3.0575 6.86339 30 27 1
-1.62431 -4.43404 -1.13687e-13 6 0
-1.6425 -4.47965 10 15 0
-1.65949 -4.51897 20 22 0
-1.6725 -4.55915 30 31 1
-5.83206 -1.29274 0 0 0
-5.88469 -1.30617 10 8 0
-5.94312 -1.31709 20 16 0
-6.00161 -1.33117 30 24 1
-4.05067 3.0025 10 9 0
-4.09175 3.02891 20 17 0
-4.12688 3.0575 30 25 1
-5.82553 0.154961 0 0 0
-5.88672 0.1575 10 9 0
-5.93659 0.157667 20 16 0
-5.99278 0.1575 30 25 1
5.69488 1.8204 2.27374e-13 4 0
5.74293 1.83617 10 12 0
5.79287 1.85558 20 20 0
5.84157 1.87117 30 28 1
-3.61451 3.5775 10 9 0
-3.65015 3.60908 20 17 0
-3.68158 3.6375 30 25 1
1.12911 6.70093 0 2 0
1.1375 6.76065 10 11 0
1.14535 6.81852 20 18 0
1.1525 6.88172 30 27 1
-1.69322 8.23614 -1.13687e-13 2 0
-1.71117 8.31201 10 10 0
-1.7284 8.38639 20 18 0
-1.74617 8.46015 30 26 1
-3.72255 6.03115 2.27374e-13 1 0
-3.76117 6.09109 10 10 0
-3.79581 6.14268 20 17 0
-3.83117 6.19644 30 26 1
1.34289 6.22403 1.13687e-13 2 0
1.3525 6.28269 10 11 0
1.36453 6.34162 20 18 0
1.3725 6.39461 30 27 1
1.62828 -7.85724 -2.27374e-13 6 0
1.64117 -7.93088 10 14 0
1.64993 -8.00096 20 22 0
1.66117 -8.07109 30 30 1
2.68726 5.89312 1.13687e-13 3 0
2.7125 5.94563 10 11 0
2.73055 5.99765 20 19 0
2.7575 6.05427 30 27 1
-0.563564 -4.9828 0 6 0
-0.5725 -5.02893 10 15 0
-0.577094 -5.06772 20 22 0
-0.5825 -5.11671 30 31 1
-6.34162 0.00613248 1.13687e-13 0 0
-6.4014 0.0075 10 9 0
-6.45921 0.00613248 20 16 0
-6.52161 0.0075 30 25 1
4.29685 -1.5729 0 4 0
4.3398 -1.5875 10 13 0
4.37525 -1.59995 20 20 0
4.40722 -1.6125 30 29 1
5.33586 -4.77816 -1.13687e-13 5 0
5.38277 -4.8225 10 13 0
5.43207 -4.86672 20 21 0
5.47484 -4.9075 30 29 1
6.71092 4.25307 0 3 0
6.77458 4.29617 10 12 0
6.83168 4.33556 20 19 0
6.88993 4.37617 30 28 1
2.23477 -5.20924 -2.27374e-13 5 0
2.25117 -5.25284 10 14 0
2.26612 -5.29799 20 21 0
2.28617 -5.34441 30 30 1
6.17365 -2.93334 -2.27374e-13 5 0
6.23099 -2.9625 10 13 0
6.28359 -2.9897 20 21 0
6.33755 -3.0125 30 29 1
-7.47833 0.904518 1.13687e-13 0 0
-7.54681 0.9125 10 9 0
-7.62206 0.920754 20 16 0
-7.68909 0.9275 30 25 1
1.03026 -5.81247 -1.13687e-13 6 0
1.03617 -5.86924 10 14 0
1.04379 -5.92352 20 22 0
1.05117 -5.97617 30 30 1
-3.33117 4.93984 10 10 0
-3.36211 4.97806 20 17 0
-3.39617 5.02605 30 26 1
-3.14609 6.69076 -1.13687e-13 1 0
-3.18117 6.75559 10 10 0
-3.2144 6.81647 20 17 0
-3.24617 6.88423 30 26 1
-8.51705 0.355204 1.13687e-13 0 0
-8.59695 0.3575 10 9 0
-8.67384 0.360616 20 16 0
-8.75751 0.3625 30 25 1
3.37266 3.78494 -2.27374e-13 3 0
3.4025 3.82135 10 11 0
3.42968 3.85727 20 19 0
3.4575 3.89049 30 27 1
3.52059 -7.04613 -1.13687e-13 5 0
3.55117 -7.11145 10 14 0
3.57854 -7.17296 20 21 0
3.61117 -7.24216 30 30 1
3.80414 -2.59588 -2.27374e-13 5 0
3.83331 -2.6225 10 13 0
3.86723 -2.64366 20 21 0
3.89952 -2.6675 30 29 1
-3.55068 7.74591 0 1 0
-3.58617 7.8182 10 10 0
-3.62057 7.88851 20 17 0
-3.65617 7.95891 30 26 1
0.854369 -4.31645 0 6 0
0.861169 -4.35074 10 14 0
0.865193 -4.39485 20 22 0
0.871169 -4.43145 30 30 1
0.98155 -7.64165 1.13687e-13 6 0
0.991169 -7.71222 10 14 0
0.99508 -7.77884 20 22 1
1.27109 -8.47132 0 6 0
1.28117 -8.55376 10 14 0
1.29274 -8.62811 20 22 0
1.30117 -8.70811 30 30 1
-6.62478 4.28378 -1.13687e-13 1 0
-6.68589 4.3225 10 9 0
-6.74284 4.35974 20 17 0
-6.80832 4.4025 30 25 1
-6.19137 -1.73922 0 0 0
-6.24983 -1.75617 10 8 0
-6.30896 -1.7717 20 16 0
-6.36469 -1.78617 30 24 1
-0.00883847 -6.70093 0 6 0
-0.0075 -6.76202 10 15 0
-0.0115444 -6.82505 20 22 0
-0.0125 -6.88723 30 31 1
3.38354 -3.26593 -1.13687e-13 5 0
3.41229 -3.2975 10 13 0
3.44168 -3.3279 20 21 0
3.46522 -3.3575 30 29 1
4.53857 -1.4403 0 4 0
4.57956 -1.4525 10 13 0
4.61696 -1.46736 20 20 0
4.65406 -1.4775 30 29 1
-5.04526 0.1575 10 9 0
-5.09386 0.154961 20 16 0
-5.13718 0.1575 30 25 1
-4.83551 4.95516 0 1 0
-4.88117 4.99784 10 10 0
-4.92789 5.04754 20 17 0
-4.97617 5.09284 30 26 1
-0.874752 -7.11903 -1.13687e-13 6 0
-0.8825 -7.1774 10 15 0
-0.893694 -7.24315 20 22 0
-0.9025 -7.31054 30 31 1
1.04252 4.49284 -1.13687e-13 2 0
1.0475 4.52812 10 11 0
1.05605 4.57776 20 18 0
1.0625 4.61383 30 27 1
4.85214 -1.26171 1.13687e-13 4 0
4.89454 -1.2725 10 13 0
4.93707 -1.28606 20 20 0
4.97611 -1.2975 30 29 1
-5.19099 2.89973 0 1 0
-5.24139 2.9275 10 9 0
-5.28786 2.95068 20 17 0
-5.33382 2.9775 30 25 1
-0.391647 8.6869 1.13687e-13 2 0
-0.396169 8.76478 10 10 0
-0.402471 8.84369 20 18 0
-0.406169 8.92327 30 26 1
-3.42077 -7.59865 0 7 0
-3.4525 -7.66144 10 15 0
-3.48795 -7.73472 20 23 0
-3.5175 -7.79715 30 31 1
2.00335 4.73851 -1.13687e-13 3 0
2.0175 4.77687 10 11 0
2.03852 4.82344 20 19 0
2.0525 4.86137 30 27 1
-3.81043 6.5438 1.13687e-13 1 0
-3.84617 6.60035 10 10 0
-3.88639 6.66186 20 17 0
-3.92117 6.71778 30 26 1
-7.51828 -4.58208 0 7 0
-7.58748 -4.62117 10 8 0
-7.65323 -4.65963 20 23 0
-7.72905 -4.70617 30 24 1
6.32856 -0.93699 1.13687e-13 4 0
6.3818 -0.9425 10 13 0
6.43962 -0.95052 20 20 0
6.4958 -0.9575 30 29 1
4.7975 6.14973 10 11 0
4.83446 6.20344 20 19 0
4.8775 6.25801 30 27 1
-7.42607 0.769219 1.13687e-13 0 0
-7.49667 0.7775 10 9 0
-7.56326 0.782749 20 16 1
0.211787 7.41301 -1.13687e-13 2 0
0.2075 7.47821 10 11 0
0.209081 7.55019 20 18 0
0.2075 7.61256 30 27 1
2.72691 -8.06629 0 6 0
2.74617 -8.13786 10 14 0
2.7702 -8.21001 20 22 0
2.79117 -8.28185 30 30 1
-3.18617 4.44835 10 10 0
-3.2175 4.4852 20 17 0
-3.25117 4.5275 30 26 1
7.21049 1.6364 0 4 0
7.2762 1.65117 10 12 0
7.34114 1.66887 20 20 0
7.4102 1.68617 30 28 1
6.03842 6.05271 0 3 0
6.0925 6.10829 10 11 0
6.14546 6.1674 20 19 0
6.1975 6.22037 30 27 1
2.25066 -6.06725 0 6 0
2.26617 -6.11636 10 14 0
2.28583 -6.1783 20 22 0
2.30117 -6.22915 30 30 1
-1.1412 7.5306 0 2 0
-1.15617 7.60145 10 10 0
-1.16556 7.66779 20 18 0
-1.18117 7.73251 30 26 1
1.19676 4.47324 1.13687e-13 2 0
1.2075 4.51841 10 11 0
1.213 4.55163 20 18 0
1.2225 4.59705 30 27 1
-4.63975 3.7825 10 9 0
-4.68898 3.81749 20 17 0
-4.72597 3.8475 30 25 1
-6.62402 -4.33073 0 7 0
-6.68694 -4.37117 10 8 0
-6.74861 -4.4094 20 23 0
-6.81144 -4.44617 30 24 1
1.28462 -7.44567 0 6 0
1.29617 -7.51517 10 14 0
1.30356 -7.58286 20 22 0
1.31117 -7.64331 30 30 1
-1.40098 6.56374 -1.13687e-13 2 0
-1.41617 6.62401 10 10 0
-1.43074 6.68786 20 18 0
-1.44617 6.74593 30 26 1
-7.58286 -1.9097 1.13687e-13 0 0
-7.6552 -1.93117 10 8 0
-7.72658 -1.94759 20 16 0
-7.80334 -1.96617 30 24 1
-5.36711 -2.66818 0 7 0
-5.42207 -2.69617 10 8 0
-5.47052 -2.72183 20 23 0
-5.51656 -2.74117 30 24 1
2.90417 -5.74088 -1.13687e-13 5 0
2.92617 -5.79349 10 14 0
2.9513 -5.84158 20 21 0
2.97617 -5.89298 30 30 1
-4.90685 -3.29474 1.13687e-13 7 0
-4.95105 -3.32117 10 8 0
-5.0026 -3.35605 20 23 0
-5.0514 -3.38617 30 24 1
-5.7149 6.54252 0 1 0
-5.77117 6.60202 10 10 0
-5.82465 6.66374 20 17 0
-5.88117 6.72616 30 26 1
-6.81199 -1.80687 0 0 0
-6.87845 -1.82617 10 8 0
-6.94264 -1.83935 20 16 0
-7.00744 -1.85617 30 24 1
1.16285 -5.03506 0 6 0
1.17117 -5.07793 10 14 0
1.17909 -5.12652 20 22 0
1.19117 -5.17572 30 30 1
1.97361 4.28783 -1.13687e-13 3 0
1.9925 4.32761 10 11 0
2.00609 4.36622 20 19 0
2.0225 4.4071 30 27 1
-6.46575 -0.651421 0 0 0
-6.52869 -0.656169 10 8 0
-6.58987 -0.664951 20 16 0
-6.64976 -0.671169 30 24 1
-3.72258 -6.73328 0 7 0
-3.7575 -6.79264 10 15 0
-3.79471 -6.85516 20 23 0
-3.8275 -6.91214 30 31 1
-0.291525 7.36074 -1.13687e-13 2 0
-0.296169 7.42734 10 10 0
-0.302349 7.4914 20 18 0
-0.306169 7.55755 30 26 1
-1.74617 6.94694 10 10 0
-1.76358 7.00797 20 18 0
-1.78117 7.07386 30 26 1
-4.17117 4.64139 10 10 0
-4.20948 4.68502 20 17 0
-4.25117 4.72847 30 26 1
6.78613 3.33713 -1.13687e-13 3 0
6.8466 3.37117 10 12 0
6.9026 3.3962 20 19 1
-4.68338 3.86928 1.13687e-13 1 0
-4.7294 3.9075 10 9 0
-4.77418 3.94478 20 17 0
-4.82061 3.9775 30 25 1
6.51801 -1.22112 1.13687e-13 4 0
6.57281 -1.2325 10 13 0
6.6356 -1.24277 20 20 0
6.68473 -1.2525 30 29 1
-1.08167 8.26227 0 2 0
-1.09117 8.33548 10 10 0
-1.10603 8.41253 20 18 0
-1.11617 8.48776 30 26 1
3.98896 -5.52454 -2.27374e-13 5 0
4.02617 -5.57827 10 14 0
4.0568 -5.623 20 21 0
4.09117 -5.67155 30 30 1
4.39628 5.08026 -1.13687e-13 3 0
4.4375 5.13212 10 11 0
4.47448 5.1776 20 19 0
4.5125 5.22126 30 27 1
-1.41992 8.25574 -1.13687e-13 2 0
-1.43617 8.33399 10 10 0
-1.44968 8.40599 20 18 0
-1.46617 8.4842 30 26 1
-4.51835 -3.25617 10 8 0
-4.56023 -3.28105 20 23 0
-4.60664 -3.31617 30 24 1
-1.61078 -8.55625 0 6 0
-1.6275 -8.63658 10 15 0
-1.64325 -8.71304 20 22 0
-1.6625 -8.79179 30 31 1
8.35373 0.210346 0 4 0
8.42921 0.216169 10 12 0
8.49745 0.215758 20 20 0
8.57063 0.216169 30 28 1
-6.2371 1.40783 1.13687e-13 0 0
-6.29112 1.4175 10 9 0
-6.35469 1.42948 20 16 0
-6.41511 1.4425 30 25 1
-4.42044 2.9975 10 9 0
-4.4575 3.02346 20 17 0
-4.50372 3.0525 30 25 1
2.07891 5.67528 -1.13687e-13 2 0
2.0925 5.72161 10 11 0
2.11409 5.77327 20 18 0
2.1275 5.82732 30 27 1
-6.02805 -0.0371632 0 0 0
-6.08547 -0.0361686 10 8 0
-6.14564 -0.0371632 20 16 0
-6.2036 -0.0411686 30 24 1
-3.55426 -3.29617 10 8 0
-3.58932 -3.32808 20 23 0
-3.62633 -3.36117 30 24 1
-4.44711 -7.60706 0 7 0
-4.4925 -7.67613 10 15 0
-4.53772 -7.74742 20 23 0
-4.5775 -7.81063 30 31 1
-2.55998 -4.51448 0 7 0
-2.5825 -4.54991 10 15 0
-2.60935 -4.59445 20 23 0
-2.6325 -4.63526 30 31 1
8.22307 1.56334 1.13687e-13 4 0
8.29722 1.57617 10 12 0
8.3668 1.5904 20 20 0
8.44036 1.60617 30 28 1
-7.59315 -4.33167 0 7 0
-7.66275 -4.37117 10 8 0
-7.73463 -4.41192 20 23 0
-7.80639 -4.45117 30 24 1
-3.22163 -6.19024 -1.13687e-13 7 0
-3.2525 -6.24521 10 15 0
-3.28453 -6.30288 20 23 0
-3.3175 -6.35971 30 31 1
-6.57027 0.739453 1.13687e-13 0 0
-6.62521 0.7475 10 9 0
-6.6944 0.752983 20 16 0
-6.74835 0.7575 30 25 1
1.30086 -5.28984 -1.13687e-13 6 0
1.31117 -5.33814 10 14 0
1.3198 -5.38783 20 22 0
1.32617 -5.43092 30 30 1
1.71856 4.09018 -1.13687e-13 3 0
1.7375 4.12917 10 11 0
1.75103 4.16857 20 19 0
1.7625 4.20367 30 27 1
3.03489 -7.24543 1.13687e-13 5 0
3.06117 -7.30734 10 14 0
3.08901 -7.37608 20 21 0
3.11117 -7.4422 30 30 1
-8.05975 -2.68091 0 0 0
-8.14028 -2.70617 10 8 0
-8.21654 -2.72961 20 16 0
-8.28428 -2.75117 30 24 1
-7.75116 -3.24978 0 7 0
-7.81933 -3.27617 10 8 0
-7.89488 -3.30932 20 23 0
-7.96418 -3.33617 30 24 1
-3.59018 -6.34831 1.13687e-13 7 0
-3.6225 -6.40308 10 15 0
-3.6596 -6.46365 20 23 0
-3.6925 -6.51551 30 31 1
-1.6189 -4.29032 0 6 0
-1.6375 -4.32616 10 15 0
-1.65137 -4.36871 20 22 0
-1.6675 -4.40566 30 31 1
4.68329 7.00133 -2.27374e-13 3 0
4.7225 7.06468 10 11 0
4.76466 7.13245 20 19 0
4.8025 7.19417 30 27 1
4.53076 7.33863 0 3 0
4.5675 7.40465 10 11 0
4.6083 7.47358 20 19 0
4.6475 7.54122 30 27 1
0.807103 4.74762 0 2 0
0.8125 4.79516 10 11 0
0.817927 4.83908 20 18 0
0.8225 4.87587 30 27 1
-1.15473 7.26275 0 2 0
-1.16617 7.3286 10 10 0
-1.18179 7.39341 20 18 0
-1.19117 7.45967 30 26 1
7.06023 -0.644744 1.13687e-13 4 0
7.11918 -0.6475 10 13 0
7.17782 -0.655568 20 20 0
7.24732 -0.6625 30 29 1
-3.97083 5.75516 -2.27374e-13 1 0
-4.00617 5.80576 10 10 0
-4.04521 5.85632 20 17 0
-4.08617 5.91404 30 26 1
4.07366 4.87627 -2.27374e-13 3 0
4.1125 4.92733 10 11 0
4.14262 4.96437 20 19 0
4.1825 5.01147 30 27 1
4.14717 4.16529 -1.13687e-13 3 0
4.1825 4.20537 10 11 0
4.21725 4.24302 20 19 0
4.2525 4.27537 30 27 1
-3.45142 -7.18922 1.13687e-13 7 0
-3.4825 -7.25303 10 15 0
-3.5159 -7.31875 20 23 0
-3.5525 -7.38667 30 31 1
-5.13994 6.14741 0 1 0
-5.18617 6.20087 10 10 0
-5.23391 6.25669 20 17 0
-5.28617 6.31501 30 26 1
3.55617 -7.03867 10 14 0
3.58639 -7.10044 20 21 0
3.61617 -7.16231 30 30 1
4.09592 -3.27417 0 5 0
4.13147 -3.3025 10 13 0
4.16172 -3.32849 20 21 0
4.19854 -3.3625 30 29 1
5.01546 1.99359 1.13687e-13 4 0
5.05526 2.01117 10 12 0
5.10039 2.02876 20 20 0
5.13976 2.04617 30 28 1
5.30902 3.14202 -1.13687e-13 3 0
5.35259 3.17117 10 12 0
5.39824 3.20062 20 19 0
5.44795 3.23117 30 28 1
4.8347 4.46631 0 3 0
4.8774 4.50617 10 12 0
4.91785 4.54946 20 19 0
4.9624 4.59117 30 28 1
-8.41906 1.11017 1.13687e-13 0 0
-8.49428 1.1175 10 9 0
-8.57585 1.12641 20 16 0
-8.6557 1.1375 30 25 1
-7.44855 -4.75344 -1.13687e-13 7 0
-7.51707 -4.79117 10 8 0
-7.5862 -4.83752 20 23 0
-7.65656 -4.88117 30 24 1
-5.64261 0.225317 1.13687e-13 0 0
-5.69509 0.2275 10 9 0
-5.74714 0.230729 20 16 0
-5.79908 0.2325 30 25 1
-3.7875 -3.973 10 15 0
-3.82277 -4.00927 20 23 0
-3.8575 -4.043 30 31 1
0.444501 4.4863 0 2 0
0.4475 4.52916 10 11 0
0.449913 4.5647 20 18 0
0.4525 4.61194 30 27 1
5.18365 -5.74339 -1.13687e-13 5 0
5.22617 -5.79539 10 14 0
5.26838 -5.84343 20 21 0
5.31617 -5.89953 30 30 1
-4.87827 -0.269878 1.13687e-13 0 0
-4.92747 -0.271169 10 8 0
-4.96973 -0.275289 20 16 0
-5.01732 -0.276169 30 24 1
-5.10494 5.08299 1.13687e-13 1 0
-5.15037 5.1275 10 9 0
-5.19732 5.17538 20 17 0
-5.25244 5.2225 30 25 1
6.34162 -1.73255 2.27374e-13 4 0
6.39484 -1.7475 10 13 0
6.44615 -1.76502 20 20 1
1.77158 -4.06488 -1.13687e-13 5 0
1.78117 -4.09694 10 14 0
1.79752 -4.14056 20 21 0
1.81117 -4.17644 30 30 1
-0.157667 -5.46623 0 6 0
-0.1625 -5.50988 10 15 0
-0.165785 -5.56422 20 22 0
-0.1725 -5.6118 30 31 1
-4.16913 5.05797 0 1 0
-4.20617 5.10066 10 10 0
-4.24462 5.14877 20 17 0
-4.28617 5.1948 30 26 1
3.02436 -3.80988 1.13687e-13 5 0
3.05117 -3.84666 10 14 0
3.07485 -3.8795 20 21 0
3.10117 -3.91081 30 30 1
6.73359 0.410589 0 4 0
6.79074 0.416169 10 12 0
6.84465 0.418706 20 20 0
6.9018 0.421169 30 28 1
7.16476 1.90429 2.27374e-13 4 0
7.228 1.92117 10 12 0
7.28888 1.93947 20 20 0
7.35493 1.95617 30 28 1
-5.52502 1.08041 1.13687e-13 0 0
-5.57928 1.0875 10 9 0
-5.63608 1.09935 20 16 0
-5.68413 1.1075 30 25 1
-4.79536 6.17787 0 1 0
-4.84117 6.2377 10 10 0
-4.88551 6.29097 20 17 0
-4.93117 6.34892 30 26 1
-6.74666 -0.204934 1.13687e-13 0 0
-6.80701 -0.206169 10 8 0
-6.87731 -0.210346 20 16 0
-6.93929 -0.211169 30 24 1
0.815221 5.21145 0 2 0
0.8225 5.25771 10 11 0
0.826045 5.30291 20 18 0
0.8325 5.35257 30 27 1
0.184727 6.31549 0 2 0
0.1825 6.37134 10 11 0
0.184727 6.43308 20 18 0
0.1825 6.48447 30 27 1
7.99443 -1.47548 1.13687e-13 4 0
8.06525 -1.4875 10 13 0
8.13161 -1.49983 20 20 0
8.20338 -1.5125 30 29 1
4.69535 0.881429 1.13687e-13 4 0
4.72929 0.886169 10 12 0
4.77375 0.897665 20 20 0
4.82 0.906169 30 28 1
5.24564 6.50365 -2.27374e-13 3 0
5.2925 6.55987 10 11 0
5.33849 6.62329 20 19 0
5.3825 6.67816 30 27 1
-4.84466 -5.88836 -1.13687e-13 7 0
-4.8925 -5.94774 10 15 0
-4.93863 -5.99764 20 23 0
-4.9825 -6.05188 30 31 1
-8.04669 3.19107 2.27374e-13 0 0
-8.1194 3.2175 10 9 0
-8.19694 3.2479 20 16 0
-8.27133 3.2775 30 25 1
-1.36309 4.83908 0 2 0
-1.37617 4.88695 10 10 0
-1.39015 4.93054 20 18 0
-1.40617 4.97352 30 26 1
-5.7602 -0.391647 1.13687e-13 0 0
-5.80907 -0.396169 10 8 0
-5.87126 -0.399765 20 16 0
-5.92514 -0.406169 30 24 1
2.51707 -5.40735 1.13687e-13 5 0
2.54117 -5.45798 10 14 0
2.55766 -5.50534 20 21 0
2.58117 -5.55455 30 30 1
-8.18388 -0.172462 1.13687e-13 0 0
-8.26193 -0.176169 10 8 0
-8.34066 -0.177874 20 16 0
-8.41543 -0.181169 30 24 1
4.35378 -2.34189 -1.13687e-13 5 0
4.38855 -2.3575 10 13 0
4.42452 -2.38201 20 21 0
4.46183 -2.4025 30 29 1
-4.24593 -6.1545 0 7 0
-4.2875 -6.21248 10 15 0
-4.32954 -6.2649 20 23 0
-4.3725 -6.32577 30 31 1
-6.79545 -3.50335 0 7 0
-6.85811 -3.53117 10 8 0
-6.92228 -3.5613 20 23 0
-6.98675 -3.59617 30 24 1
-2.4475 -6.84029 10 15 0
-2.47128 -6.89691 20 22 0
-2.4975 -6.961 30 31 1
2.74401 -4.79239 0 5 0
2.76617 -4.83446 10 14 0
2.79225 -4.88272 20 21 0
2.81117 -4.92188 30 30 1
5.14886 -3.32065 0 5 0
5.18763 -3.3475 10 13 0
5.23155 -3.37655 20 21 0
5.28299 -3.4075 30 29 1
5.02033 4.54861 0 3 0
5.06347 4.58617 10 12 0
5.1073 4.62793 20 19 0
5.14847 4.67117 30 28 1
5.16495 -3.96052 1.13687e-13 5 0
5.20831 -3.9975 10 13 0
5.25575 -4.03601 20 21 0
5.30452 -4.0725 30 29 1
-5.22203 1.3525 10 9 0
-5.27024 1.36453 20 16 0
-5.31774 1.3775 30 25 1
-1.20344 5.15918 -1.13687e-13 2 0
-1.21617 5.20779 10 10 0
-1.2305 5.25064 20 18 0
-1.24617 5.30143 30 26 1
-4.38802 -5.66133 1.13687e-13 7 0
-4.4275 -5.70902 10 15 0
-4.47546 -5.76791 20 23 0
-4.5125 -5.81523 30 31 1
6.19965 3.33233 -1.13687e-13 3 0
6.2547 3.36617 10 12 0
6.30576 3.39252 20 19 0
6.3642 3.42617 30 28 1
-6.81199 -1.86099 2.27374e-13 0 0
-6.87188 -1.87617 10 8 0
-6.94264 -1.89347 20 16 0
-7.00587 -1.91117 30 24 1
-4.63889 6.74084 1.13687e-13 1 0
-4.68117 6.79895 10 10 0
-4.72792 6.86431 20 17 0
-4.77117 6.92431 30 26 1
7.07346 3.67804 -2.27374e-13 3 0
7.1371 3.71117 10 12 0
7.19917 3.74634 20 19 0
7.25867 3.77617 30 28 1
-1.62828 8.31453 -1.13687e-13 2 0
-1.64617 8.38843 10 10 0
-1.66346 8.46479 20 18 0
-1.67617 8.53864 30 26 1
-4.71187 -0.911169 10 8 0
-4.75415 -0.916607 20 16 0
-4.79758 -0.926169 30 24 1
0.701569 8.21654 -1.13687e-13 2 0
0.7075 8.28934 10 11 0
0.712393 8.36026 20 18 0
0.7175 8.44076 30 27 1
1.4403 8.60198 0 2 0
1.4475 8.67578 10 11 0
1.45924 8.75223 20 18 0
1.4675 8.83013 30 27 1
2.23713 -5.70794 1.13687e-13 6 0
2.25617 -5.75281 10 14 0
2.2723 -5.80593 20 22 0
2.29117 -5.85852 30 30 1
4.38178 1.15203 1.13687e-13 4 0
4.4224 1.16617 10 12 0
4.45364 1.17638 20 20 0
4.49189 1.18617 30 28 1
7.88337 1.96923 0 4 0
7.95061 1.98617 10 12 0
8.02056 2.00441 20 20 0
8.09168 2.02117 30 28 1
0.812515 4.76068 -1.13687e-13 2 0
0.8175 4.80016 10 11 0
0.823339 4.85214 20 18 0
0.8275 4.89502 30 27 1
3.24747 -5.40682 -1.13687e-13 5 0
3.27617 -5.45759 10 14 0
3.30495 -5.5064 20 21 0
3.33117 -5.55502 30 30 1
-6.79892 2.49563 1.13687e-13 0 0
-6.86079 2.5175 10 9 0
-6.92304 2.54164 20 16 0
-6.99064 2.5625 30 25 1
2.83401 4.37903 -1.13687e-13 3 0
2.8625 4.42686 10 11 0
2.88608 4.46554 20 19 0
2.9075 4.50014 30 27 1
-4.24977 5.98435 1.13687e-13 1 0
-4.29117 6.03419 10 10 0
-4.33068 6.08822 20 17 0
-4.37117 6.14247 30 26 1
-2.87617 6.74758 10 10 0
-2.90156 6.80595 20 17 0
-2.93117 6.86622 30 26 1
-7.05583 -5.76516 2.27374e-13 7 0
-7.12578 -5.82117 10 8 0
-7.19124 -5.86996 20 23 0
-7.25907 -5.92617 30 24 1
7.38197 4.04396 -2.27374e-13 3 0
7.44346 4.08117 10 12 0
7.51039 4.11879 20 19 0
7.57503 4.15617 30 28 1
-2.93076 -6.8599 -1.13687e-13 7 0
-2.9625 -6.92395 10 15 0
-2.98871 -6.98673 20 23 0
-3.0225 -7.05466 30 31 1
0.471169 -6.27298 10 14 0
0.475532 -6.32856 20 22 0
0.476169 -6.38405 30 30 1
2.68235 8.11202 0 2 0
2.7025 8.18423 10 11 0
2.72564 8.25574 20 18 0
2.7475 8.3353 30 27 1
-5.71073 -2.96204 -1.13687e-13 7 0
-5.76656 -2.99117 10 8 0
-5.82066 -3.0184 20 23 0
-5.87813 -3.04617 30 24 1
7.87684 0.683893 1.13687e-13 4 0
7.94255 0.691169 10 12 0
8.00749 0.694716 20 20 0
8.07983 0.701169 30 28 1
6.56374 -2.45775 1.13687e-13 4 0
6.62073 -2.4825 10 13 0
6.6748 -2.50375 20 20 0
6.73144 -2.5225 30 29 1
-5.55151 2.8275 10 9 0
-5.59884 2.85219 20 17 0
-5.65101 2.8775 30 25 1
-2.17617 7.40522 10 10 0
-2.19924 7.4718 20 18 0
-2.22117 7.53508 30 26 1
-3.48117 4.05039 10 10 0
-3.51955 4.09076 20 17 0
-3.55117 4.12746 30 26 1
0.000720524 6.44615 0 2 0
-0.00116865 6.51009 10 10 0
-0.00469144 6.56374 20 18 0
-0.00616865 6.62115 30 26 1
4.68833 5.85067 -2.27374e-13 3 0
4.7275 5.90295 10 11 0
4.77195 5.96107 20 19 0
4.8075 6.01123 30 27 1
5.41974 3.85355 -1.13687e-13 3 0
5.46655 3.88617 10 12 0
5.51437 3.92522 20 19 0
5.55777 3.95617 30 28 1
-2.66117 5.12544 10 10 0
-2.68947 5.17028 20 17 0
-2.71617 5.22286 30 26 1
-4.69653 3.6625 10 9 0
-4.74005 3.69251 20 17 0
-4.78981 3.7275 30 25 1
5.52245 -2.32806 0 5 0
5.57149 -2.3525 10 13 0
5.62044 -2.36865 20 21 0
5.66806 -2.3925 30 29 1
-5.14415 -1.21617 10 8 0
-5.19185 -1.22779 20 16 0
-5.23986 -1.24117 30 24 1
6.9949 0.269878 2.27374e-13 4 0
7.04879 0.271169 10 12 0
7.1125 0.275289 20 20 0
7.17192 0.281169 30 28 1
-0.778602 8.71957 1.13687e-13 2 0
-0.786169 8.80122 10 10 0
-0.794838 8.87636 20 18 0
-0.806169 8.96265 30 26 1
2.05456 5.21145 1.13687e-13 2 0
2.0725 5.25613 10 11 0
2.08974 5.30944 20 18 0
2.1075 5.35477 30 27 1
3.12097 3.55621 -1.13687e-13 3 0
3.1475 3.58756 10 11 0
3.17529 3.62201 20 19 0
3.1975 3.6517 30 27 1
-2.76209 6.92304 -1.13687e-13 2 0
-2.79117 6.98785 10 10 0
-2.81621 7.04064 20 18 1
0.328144 8.51705 1.13687e-13 2 0
0.3325 8.59316 10 11 0
0.333556 8.67384 20 18 0
0.3325 8.74872 30 27 1
-0.896169 7.98491 10 10 0
-0.908489 8.05322 20 18 0
-0.916169 8.12512 30 26 1
-6.18581 -1.29617 10 8 0
-6.24363 -1.30627 20 16 0
-6.29774 -1.31617 30 24 1
-0.378117 5.13959 -1.13687e-13 2 0
-0.381169 5.18596 10 10 0
-0.388941 5.23105 20 18 0
-0.391169 5.27374 30 26 1
7.16476 -2.20339 0 4 0
7.23047 -2.2225 10 13 0
7.29541 -2.24127 20 20 0
7.36239 -2.2625 30 29 1
-8.62158 -0.889547 1.13687e-13 0 0
-8.69909 -0.896169 10 8 0
-8.77836 -0.905783 20 16 0
-8.85551 -0.911169 30 24 1
7.24347 4.06235 -1.13687e-13 3 0
7.3079 4.10117 10 12 0
7.37189 4.13719 20 19 0
7.4324 4.17617 30 28 1
-2.0875 -6.29644 10 15 0
-2.10597 -6.35469 20 22 0
-2.1275 -6.40715 30 31 1
0.161638 -6.06725 1.13687e-13 6 0
0.161169 -6.12561 10 14 0
0.158932 -6.1783 20 22 0
0.161169 -6.23875 30 30 1
-5.3612 0.7775 10 9 0
-5.41396 0.785455 20 16 0
-5.46813 0.7925 30 25 1
5.56166 -3.25893 0 5 0
5.60846 -3.2875 10 13 0
5.65471 -3.3137 20 21 0
5.69882 -3.3425 30 29 1
2.46216 -3.7069 -1.13687e-13 5 0
2.48117 -3.74335 10 14 0
2.49958 -3.77111 20 21 0
2.52117 -3.80457 30 30 1
0.884135 -6.93611 -1.13687e-13 6 0
0.891169 -6.99704 10 14 0
0.897665 -7.06023 20 22 0
0.901169 -7.1131 30 30 1
0.058811 -5.46623 -1.13687e-13 6 0
0.0561686 -5.51857 10 14 0
0.0561051 -5.56422 20 22 0
0.0561686 -5.61756 30 30 1
2.99885 3.01314 -1.13687e-13 3 0
3.0275 3.04329 10 11 0
3.05046 3.0724 20 19 0
3.0775 3.10037 30 27 1
7.22355 -0.414736 0 4 0
7.29223 -0.4175 10 13 0
7.35421 -0.420148 20 20 0
7.41744 -0.4225 30 29 1
5.68834 -0.709687 1.13687e-13 4 0
5.73961 -0.7175 10 13 0
5.78633 -0.723217 20 20 0
5.83446 -0.7275 30 29 1
-4.6718 5.01724 0 1 0
-4.72117 5.06412 10 10 0
-4.76419 5.10962 20 17 0
-4.81117 5.15412 30 26 1
6.20156 4.89177 -2.27374e-13 3 0
6.25492 4.93617 10 12 0
6.31085 4.98574 20 19 0
6.36614 5.02617 30 28 1
3.32253 -5.09155 -1.13687e-13 5 0
3.35117 -5.13661 10 14 0
3.37731 -5.18459 20 21 0
3.40617 -5.23404 30 30 1
5.28667 -3.71869 -1.13687e-13 5 0
5.331 -3.7525 10 13 0
5.3786 -3.78383 20 21 0
5.42428 -3.8175 30 29 1
-2.07477 5.7994 -1.13687e-13 2 0
-2.09617 5.84737 10 10 0
-2.11806 5.90392 20 18 0
-2.13617 5.95808 30 26 1
-6.49188 2.23315 1.13687e-13 0 0
-6.55336 2.2525 10 9 0
-6.616 2.27374 20 16 0
-6.67821 2.2925 30 25 1
-5.16266 5.65351 -1.13687e-13 1 0
-5.21117 5.70261 10 10 0
-5.25775 5.75243 20 17 0
-5.31117 5.80968 30 26 1
0.475532 -6.86425 0 6 0
0.476169 -6.92852 10 14 0
0.478238 -6.98837 20 22 0
0.481169 -7.05373 30 30 1
6.06725 2.22901 0 4 0
6.11758 2.24617 10 12 0
6.17177 2.26689 20 20 0
6.22622 2.29117 30 28 1
4.80515 3.03613 -1.13687e-13 3 0
4.84661 3.06117 10 12 0
4.88513 3.08549 20 19 0
4.9299 3.11617 30 28 1
-5.54931 -3.5392 -1.13687e-13 7 0
-5.6091 -3.57617 10 8 0
-5.65813 -3.60592 20 23 0
-5.70946 -3.64117 30 24 1
1.9557 -7.73311 0 6 0
1.97117 -7.80126 10 14 0
1.98547 -7.8703 20 22 0
2.00117 -7.93733 30 30 1
-6.64867 2.62282 1.13687e-13 0 0
-6.71502 2.6475 10 9 0
-6.77932 2.67152 20 16 0
-6.8428 2.6975 30 25 1
4.17647 -5.33702 -1.13687e-13 5 0
4.21117 -5.38143 10 14 0
4.24814 -5.43165 20 21 0
4.28117 -5.47971 30 30 1
5.64716 -5.30759 -2.27374e-13 5 0
5.69856 -5.3575 10 13 0
5.74225 -5.40651 20 21 0
5.79356 -5.4525 30 29 1
-4.21943 -4.97995 0 7 0
-4.2625 -5.02783 10 15 0
-4.30146 -5.07346 20 23 0
-4.3425 -5.1149 30 31 1
-3.76117 3.99098 10 10 0
-3.79609 4.02671 20 17 0
-3.83117 4.06098 30 26 1
-6.59477 -4.82192 1.13687e-13 7 0
-6.65868 -4.86617 10 8 0
-6.71823 -4.91095 20 23 0
-6.78404 -4.95617 30 24 1
1.76502 5.97579 0 2 0
1.7775 6.02886 10 11 0
1.78937 6.08684 20 18 0
1.8075 6.14372 30 27 1
-5.27308 -3.31654 -1.13687e-13 7 0
-5.32253 -3.34617 10 8 0
-5.37265 -3.37403 20 23 0
-5.42496 -3.40617 30 24 1
4.03029 2.40669 -2.27374e-13 3 0
4.06312 2.42617 10 12 0
4.0972 2.45064 20 19 0
4.12933 2.47117 30 28 1
-6.98837 2.53622 0 0 0
-7.05635 2.5575 10 9 0
-7.11903 2.57952 20 16 0
-7.1912 2.6075 30 25 1
0.60686 5.20491 0 2 0
0.6075 5.24777 10 11 0
0.612272 5.29637 20 18 0
0.6125 5.3447 30 27 1
4.00295 -2.46175 -3.41061e-13 5 0
4.03772 -2.4875 10 13 0
4.06986 -2.5057 20 21 0
4.106 -2.5275 30 29 1
-0.761101 -5.94312 0 6 0
-0.7675 -5.99467 10 15 0
-0.777337 -6.04765 20 22 0
-0.7875 -6.09952 30 31 1
0.919313 -5.16572 -1.13687e-13 6 0
0.926169 -5.21477 10 14 0
0.932843 -5.26371 20 22 0
0.941169 -5.30755 30 30 1
-5.42102 -0.411169 10 8 0
-5.47276 -0.418706 20 16 0
-5.52294 -0.421169 30 24 1
-0.512151 -8.69997 1.13687e-13 6 0
-0.5175 -8.77816 10 15 0
-0.525681 -8.86329 20 22 0
-0.5325 -8.94165 30 31 1
2.32903 -4.11718 0 5 0
2.35117 -4.15783 10 14 0
2.37187 -4.19446 20 21 0
2.38617 -4.22818 30 30 1
-6.04369 5.58549 0 1 0
-6.09877 5.6375 10 9 0
-6.15568 5.686 20 17 0
-6.21291 5.7375 30 25 1
-0.100842 -7.27582 0 6 0
-0.1025 -7.33785 10 15 0
-0.106254 -7.40647 20 22 0
-0.1075 -7.47013 30 31 1
-3.3975 -4.62952 10 15 0
-3.43054 -4.66942 20 23 0
-3.4625 -4.70866 30 31 1
-5.93659 1.33747 1.13687e-13 0 0
-5.98777 1.3475 10 9 0
-6.04765 1.36183 20 16 0
-6.1047 1.3725 30 25 1
5.61988 -3.47787 0 5 0
5.66583 -3.5075 10 13 0
5.71563 -3.53918 20 21 0
5.76618 -3.5725 30 29 1
-4.86465 -0.986169 10 8 0
-4.91094 -0.992374 20 16 0
-4.95036 -1.00117 30 24 1
4.7804 -3.31957 -2.27374e-13 5 0
4.81993 -3.3475 10 13 0
4.85926 -3.37929 20 21 0
4.90115 -3.4075 30 29 1
