    module	       row	   crystal	     theta	       phi	       tau	      posX	      posY	      posZ	       pDz	    pTheta	      pPhi	      pDy1	      pDx1	      pDx2	     pAlp1	      pDy2	      pDx3	      pDx4	     pAlp2
         #	         #	         #	     [deg]	     [deg]	     [deg]	      [mm]	      [mm]	      [mm]	      [mm]	     [deg]	     [deg]	      [mm]	      [mm]	      [mm]	     [deg]	      [mm]	      [mm]	      [mm]	     [deg]
         1	        51	         1	        90	   99.3079	        90	  -125.982	   762.518	   15.4182	      0.02	   3.36832	    161.49	        10	         5	         5	         0	        10	         5	         5	         0
         1	        51	         2	        90	   97.0897	        90	  -96.3824	   766.821	   15.4182	      0.02	   3.39629	   161.648	        10	         5	         5	         0	        10	         5	         5	         0
         1	        51	         3	        90	   94.8713	        90	  -66.6378	   769.976	   15.4182	      0.02	   3.42415	   161.803	        10	         5	         5	         0	        10	         5	         5	         0
         1	        51	         4	        90	    92.653	        90	  -36.7926	   771.977	   15.4182	      0.02	   3.45208	   161.956	        10	         5	         5	         0	        10	         5	         5	         0
         1	        51	         5	        90	   90.4345	        90	  -6.89155	   772.822	   15.4182	      0.02	   3.47989	   162.105	        10	         5	         5	         0	        10	         5	         5	         0
         1	        51	         6	        90	   88.2161	        90	   23.0206	    772.51	   15.4182	      0.02	   3.50776	   162.253	        10	         5	         5	         0	        10	         5	         5	         0
         1	        51	         7	        90	   85.9975	        90	   52.8989	    771.04	   15.4182	      0.02	    3.5355	   162.397	        10	         5	         5	         0	        10	         5	         5	         0
         1	        51	         8	        90	   83.7789	        90	   82.6988	   768.414	   15.4182	      0.02	    3.5633	   162.539	        10	         5	         5	         0	        10	         5	         5	         0
         1	        51	         9	        90	   81.5602	        90	   112.376	   764.638	   15.4182	      0.02	   3.59097	   162.678	        10	         5	         5	         0	        10	         5	         5	         0
         1	        51	        10	        90	   80.0424	        90	   141.897	   759.713	   15.4182	      0.02	   4.29761	   165.591	        10	         5	         5	 0.0293717	        10	         5	         5	 0.0293717
         1	        52	         1	   87.8603	   99.3068	    90.024	  -125.982	   762.625	   45.1112	      0.02	   3.36322	   161.427	        10	         5	         5	  0.143382	        10	         5	         5	  0.143382
         1	        52	         2	   87.8603	   97.0885	   90.0243	  -96.3784	   766.927	   45.1112	      0.02	   3.39113	   161.586	        10	         5	         5	  0.144706	        10	         5	         5	  0.144706
         1	        52	         3	   87.8603	   94.8702	   90.0245	  -66.6295	   770.082	   45.1112	      0.02	   3.41894	   161.741	        10	         5	         5	  0.146029	        10	         5	         5	  0.146029
         1	        52	         4	   87.8603	   92.6518	   90.0247	    -36.78	   772.084	   45.1112	      0.02	   3.44681	   161.894	        10	         5	         5	   0.14735	        10	         5	         5	   0.14735
         1	        52	         5	   87.8603	   90.4334	   90.0249	  -6.87474	   772.928	   45.1112	      0.02	   3.47456	   162.043	        10	         5	         5	  0.148668	        10	         5	         5	  0.148668
         1	        52	         6	   87.8603	   88.2149	   90.0251	   23.0416	   772.614	   45.1112	      0.02	   3.50237	   162.191	        10	         5	         5	  0.149983	        10	         5	         5	  0.149983
         1	        52	         7	   87.8603	   85.9963	   90.0254	   52.9243	   771.144	   45.1112	      0.02	   3.53006	   162.335	        10	         5	         5	  0.151296	        10	         5	         5	  0.151296
         1	        52	         8	   87.8603	   83.7778	   90.0256	   82.7283	   768.517	   45.1112	      0.02	   3.55781	   162.478	        10	         5	         5	  0.152607	        10	         5	         5	  0.152607
         1	        52	         9	   87.8603	    81.559	   90.0258	   112.409	    764.74	   45.1112	      0.02	   3.58542	   162.617	        10	         5	         5	  0.153915	        10	         5	         5	  0.153915
         1	        52	        10	   87.8603	   79.3404	    90.026	    141.93	   759.813	   45.1112	      0.02	   3.61189	   162.748	        10	         5	         5	  0.119301	        10	         5	         5	  0.119301
         1	        53	         1	   85.7207	   99.3064	   90.0477	  -125.945	   762.443	   74.8383	      0.02	   3.35463	   161.345	        10	         5	         5	  0.286162	        10	         5	         5	  0.286162
         1	        53	         2	   85.7207	   97.0882	   90.0481	  -96.3476	   766.745	   74.8383	      0.02	   3.38244	   161.504	        10	         5	         5	  0.288805	        10	         5	         5	  0.288805
         1	        53	         3	   85.7207	   94.8698	   90.0485	  -66.6056	   769.899	   74.8383	      0.02	   3.41016	   161.659	        10	         5	         5	  0.291445	        10	         5	         5	  0.291445
         1	        53	         4	   85.7207	   92.6515	    90.049	  -36.7631	   771.899	   74.8383	      0.02	   3.43794	   161.812	        10	         5	         5	  0.294081	        10	         5	         5	  0.294081
         1	        53	         5	   85.7207	    90.433	   90.0494	   -6.8649	   772.743	   74.8383	      0.02	    3.4656	   161.962	        10	         5	         5	  0.296711	        10	         5	         5	  0.296711
         1	        53	         6	   85.7207	   88.2145	   90.0499	   23.0444	    772.43	   74.8383	      0.02	   3.49332	    162.11	        10	         5	         5	  0.299337	        10	         5	         5	  0.299337
         1	        53	         7	   85.7207	   85.9959	   90.0503	   52.9199	   770.959	   74.8383	      0.02	   3.52092	   162.255	        10	         5	         5	  0.301958	        10	         5	         5	  0.301958
         1	        53	         8	   85.7207	   83.7774	   90.0507	   82.7169	   768.332	   74.8383	      0.02	   3.54858	   162.397	        10	         5	         5	  0.304573	        10	         5	         5	  0.304573
         1	        53	         9	   85.7207	   81.5587	   90.0512	   112.391	   764.555	   74.8383	      0.02	    3.5761	   162.537	        10	         5	         5	  0.307183	        10	         5	         5	  0.307183
         1	        53	        10	   85.7206	     79.34	   90.0516	   141.896	   759.632	   74.8383	      0.02	   3.60369	   162.675	        10	         5	         5	  0.309789	        10	         5	         5	  0.309789
         1	        54	         1	    83.581	   99.3068	   90.0708	  -125.869	   761.978	   104.614	      0.02	   3.34255	   161.243	        10	         5	         5	  0.428144	        10	         5	         5	  0.428144
         1	        54	         2	    83.581	   97.0886	   90.0714	  -96.2899	   766.277	   104.614	      0.02	   3.37024	   161.402	        10	         5	         5	  0.432098	        10	         5	         5	  0.432098
         1	        54	         3	    83.581	   94.8702	   90.0721	  -66.5662	   769.429	   104.614	      0.02	   3.39783	   161.558	        10	         5	         5	  0.436049	        10	         5	         5	  0.436049
         1	        54	         4	    83.581	   92.6519	   90.0727	   -36.742	   771.427	   104.615	      0.02	   3.42549	   161.712	        10	         5	         5	  0.439992	        10	         5	         5	  0.439992
         1	        54	         5	    83.581	   90.4334	   90.0734	  -6.86205	   772.271	   104.615	      0.02	   3.45302	   161.862	        10	         5	         5	  0.443927	        10	         5	         5	  0.443927
         1	        54	         6	    83.581	    88.215	    90.074	   23.0289	   771.957	   104.615	      0.02	   3.48062	    162.01	        10	         5	         5	  0.447856	        10	         5	         5	  0.447856
         1	        54	         7	    83.581	   85.9964	   90.0747	   52.8862	   770.488	   104.615	      0.02	   3.50809	   162.155	        10	         5	         5	  0.451776	        10	         5	         5	  0.451776
         1	        54	         8	    83.581	   83.7778	   90.0753	    82.665	   767.863	   104.615	      0.02	   3.53562	   162.298	        10	         5	         5	  0.455689	        10	         5	         5	  0.455689
         1	        54	         9	    83.581	   81.5591	    90.076	   112.321	   764.088	   104.615	      0.02	   3.56302	   162.438	        10	         5	         5	  0.459595	        10	         5	         5	  0.459595
         1	        54	        10	    83.581	   79.3404	   90.0766	   141.809	   759.168	   104.615	      0.02	   3.59049	   162.576	        10	         5	         5	  0.463492	        10	         5	         5	  0.463492
         1	        55	         1	   81.4413	    99.308	   90.0932	  -125.756	   761.227	   134.572	      0.02	   3.32701	    161.12	        10	         5	         5	  0.569134	        10	         5	         5	  0.569134
         1	        55	         2	   81.4413	   97.0898	   90.0941	  -96.2057	   765.522	   134.572	      0.02	   3.35453	    161.28	        10	         5	         5	  0.574391	        10	         5	         5	  0.574391
         1	        55	         3	   81.4413	   94.8714	    90.095	  -66.5113	   768.671	   134.572	      0.02	   3.38197	   161.437	        10	         5	         5	  0.579642	        10	         5	         5	  0.579642
         1	        55	         4	   81.4413	   92.6531	   90.0958	  -36.7167	   770.668	   134.573	      0.02	   3.40946	   161.591	        10	         5	         5	  0.584884	        10	         5	         5	  0.584884
         1	        55	         5	   81.4413	   90.4346	   90.0967	  -6.86617	   771.512	   134.573	      0.02	   3.43683	   161.742	        10	         5	         5	  0.590115	        10	         5	         5	  0.590115
         1	        55	         6	   81.4413	   88.2162	   90.0975	   22.9953	   771.199	   134.573	      0.02	   3.46427	    161.89	        10	         5	         5	  0.595337	        10	         5	         5	  0.595337
         1	        55	         7	   81.4413	   85.9976	   90.0984	   52.8231	   769.731	   134.573	      0.02	   3.49158	   162.036	        10	         5	         5	  0.600548	        10	         5	         5	  0.600548
         1	        55	         8	   81.4413	    83.779	   90.0992	   82.5725	   767.109	   134.573	      0.02	   3.51895	    162.18	        10	         5	         5	   0.60575	        10	         5	         5	   0.60575
         1	        55	         9	   81.4413	   81.5603	   90.1001	   112.199	   763.338	   134.573	      0.02	   3.54619	    162.32	        10	         5	         5	  0.610941	        10	         5	         5	  0.610941
         1	        55	        10	   81.4413	   79.3417	   90.1009	   141.659	   758.424	   134.573	      0.02	    3.5735	   162.459	        10	         5	         5	  0.616122	        10	         5	         5	  0.616122
         1	        56	         1	   79.3017	   99.3099	    90.115	  -125.606	   760.199	   164.496	      0.02	   3.30801	   160.977	        10	         5	         5	  0.708943	        10	         5	         5	  0.708943
         1	        56	         2	   79.3017	   97.0917	    90.116	   -96.096	    764.49	   164.496	      0.02	   3.33533	   161.138	        10	         5	         5	  0.715491	        10	         5	         5	  0.715491
         1	        56	         3	   79.3016	   94.8734	   90.1171	  -66.4419	   767.635	   164.496	      0.02	   3.36257	   161.295	        10	         5	         5	  0.722032	        10	         5	         5	  0.722032
         1	        56	         4	   79.3016	    92.655	   90.1182	  -36.6875	    769.63	   164.496	      0.02	   3.38986	    161.45	        10	         5	         5	  0.728561	        10	         5	         5	  0.728561
         1	        56	         5	   79.3016	   90.4366	   90.1192	  -6.87731	   770.474	   164.496	      0.02	   3.41704	   161.602	        10	         5	         5	  0.735077	        10	         5	         5	  0.735077
         1	        56	         6	   79.3016	   88.2182	   90.1203	   22.9439	   770.162	   164.496	      0.02	   3.44428	   161.751	        10	         5	         5	  0.741581	        10	         5	         5	  0.741581
         1	        56	         7	   79.3016	   85.9996	   90.1213	   52.7315	   768.697	   164.496	      0.02	    3.4714	   161.897	        10	         5	         5	  0.748073	        10	         5	         5	  0.748073
         1	        56	         8	   79.3016	   83.7811	   90.1224	   82.4407	    766.08	   164.496	      0.02	   3.49858	   162.042	        10	         5	         5	  0.754552	        10	         5	         5	  0.754552
         1	        56	         9	   79.3016	   81.5624	   90.1234	   112.027	   762.315	   164.496	      0.02	   3.52563	   162.183	        10	         5	         5	  0.761018	        10	         5	         5	  0.761018
         1	        56	        10	   79.3016	   79.3437	   90.1245	   141.446	   757.407	   164.496	      0.02	   3.55274	   162.322	        10	         5	         5	  0.767472	        10	         5	         5	  0.767472
         1	        57	         1	    77.162	   99.3126	   90.1359	   -125.42	     758.9	   194.523	      0.02	   3.28556	   160.813	        10	         5	         5	  0.847382	        10	         5	         5	  0.847382
         1	        57	         2	    77.162	   97.0944	   90.1371	  -95.9612	   763.183	   194.523	      0.02	   3.31266	   160.974	        10	         5	         5	  0.855209	        10	         5	         5	  0.855209
         1	        57	         3	    77.162	   94.8761	   90.1384	  -66.3578	   766.325	   194.523	      0.02	   3.33966	   161.132	        10	         5	         5	  0.863027	        10	         5	         5	  0.863027
         1	        57	         4	    77.162	   92.6578	   90.1396	  -36.6545	   768.318	   194.523	      0.02	   3.36672	   161.288	        10	         5	         5	   0.87083	        10	         5	         5	   0.87083
         1	        57	         5	   77.1619	   90.4394	   90.1409	  -6.89543	   769.161	   194.523	      0.02	   3.39367	   161.441	        10	         5	         5	  0.878619	        10	         5	         5	  0.878619
         1	        57	         6	   77.1619	    88.221	   90.1421	   22.8747	   768.852	   194.523	      0.02	   3.42068	   161.591	        10	         5	         5	  0.886393	        10	         5	         5	  0.886393
         1	        57	         7	   77.1619	   86.0024	   90.1434	   52.6113	    767.39	   194.523	      0.02	   3.44757	   161.738	        10	         5	         5	  0.894152	        10	         5	         5	  0.894152
         1	        57	         8	   77.1619	   83.7839	   90.1446	   82.2699	   764.778	   194.523	      0.02	   3.47452	   161.883	        10	         5	         5	  0.901896	        10	         5	         5	  0.901896
         1	        57	         9	   77.1619	   81.5652	   90.1459	   111.806	   761.021	   194.523	      0.02	   3.50134	   162.025	        10	         5	         5	  0.909625	        10	         5	         5	  0.909625
         1	        57	        10	   77.1619	   79.3466	   90.1471	   141.175	   756.123	   194.523	      0.02	   3.52822	   162.165	        10	         5	         5	  0.917338	        10	         5	         5	  0.917338
         1	        58	         1	   75.0223	    99.316	   90.1558	  -125.199	   757.334	   224.672	      0.02	   3.25969	   160.626	        10	         5	         5	  0.984269	        10	         5	         5	  0.984269
         1	        58	         2	   75.0223	   97.0978	   90.1572	  -95.8017	    761.61	   224.672	      0.02	   3.28651	   160.789	        10	         5	         5	   0.99336	        10	         5	         5	   0.99336
         1	        58	         3	   75.0223	   94.8796	   90.1587	  -66.2599	   764.747	   224.672	      0.02	   3.31325	   160.948	        10	         5	         5	   1.00244	        10	         5	         5	   1.00244
         1	        58	         4	   75.0223	   92.6613	   90.1601	   -36.618	   766.737	   224.672	      0.02	   3.34005	   161.105	        10	         5	         5	    1.0115	        10	         5	         5	    1.0115
         1	        58	         5	   75.0223	   90.4429	   90.1616	  -6.92049	    767.58	   224.672	      0.02	   3.36673	   161.259	        10	         5	         5	   1.02055	        10	         5	         5	   1.02055
         1	        58	         6	   75.0222	   88.2245	    90.163	   22.7881	   767.272	   224.672	      0.02	   3.39347	    161.41	        10	         5	         5	   1.02958	        10	         5	         5	   1.02958
         1	        58	         7	   75.0222	    86.006	   90.1644	   52.4633	   765.815	   224.672	      0.02	    3.4201	   161.558	        10	         5	         5	   1.03859	        10	         5	         5	   1.03859
         1	        58	         8	   75.0222	   83.7876	   90.1658	   82.0607	    763.21	   224.672	      0.02	   3.44678	   161.704	        10	         5	         5	   1.04759	        10	         5	         5	   1.04759
         1	        58	         9	   75.0222	   81.5689	   90.1673	   111.536	   759.463	   224.672	      0.02	   3.47335	   161.847	        10	         5	         5	   1.05656	        10	         5	         5	   1.05656
         1	        58	        10	   75.0222	   79.3503	   90.1687	   140.845	   754.576	   224.672	      0.02	   3.49996	   161.988	        10	         5	         5	   1.06552	        10	         5	         5	   1.06552
         1	        59	         1	   72.8826	   99.3202	   90.1747	  -124.945	   755.503	   255.085	      0.02	    3.2304	   160.417	        10	         5	         5	   1.11942	        10	         5	         5	   1.11942
         1	        59	         2	   72.8826	    97.102	   90.1763	  -95.6181	   759.772	   255.085	      0.02	   3.25692	   160.581	        10	         5	         5	   1.12976	        10	         5	         5	   1.12976
         1	        59	         3	   72.8826	   94.8838	    90.178	  -66.1479	   762.903	   255.085	      0.02	   3.28336	   160.741	        10	         5	         5	   1.14009	        10	         5	         5	   1.14009
         1	        59	         4	   72.8826	   92.6656	   90.1796	  -36.5779	   764.889	   255.085	      0.02	   3.30985	   160.899	        10	         5	         5	    1.1504	        10	         5	         5	    1.1504
         1	        59	         5	   72.8825	   90.4472	   90.1812	  -6.95243	   765.732	   255.085	      0.02	   3.33624	   161.054	        10	         5	         5	   1.16068	        10	         5	         5	   1.16068
         1	        59	         6	   72.8825	   88.2289	   90.1828	   22.6843	   765.427	   255.085	      0.02	   3.36268	   161.207	        10	         5	         5	   1.17095	        10	         5	         5	   1.17095
         1	        59	         7	   72.8825	   86.0104	   90.1844	   52.2878	   763.976	   255.085	      0.02	   3.38901	   161.356	        10	         5	         5	    1.1812	        10	         5	         5	    1.1812
         1	        59	         8	   72.8825	    83.792	    90.186	   81.8137	   761.379	   255.085	      0.02	   3.41539	   161.503	        10	         5	         5	   1.19143	        10	         5	         5	   1.19143
         1	        59	         9	   72.8825	   81.5734	   90.1876	   111.218	   757.642	   255.085	      0.02	   3.44166	   161.647	        10	         5	         5	   1.20164	        10	         5	         5	   1.20164
         1	        59	        10	   72.8825	   79.3548	   90.1892	   140.457	    752.77	   255.085	      0.02	   3.46798	    161.79	        10	         5	         5	   1.21183	        10	         5	         5	   1.21183
         1	        60	         1	   70.7429	   99.3251	   90.1925	  -124.657	   753.425	   285.554	      0.02	   3.19772	   160.184	        10	         5	         5	   1.25267	        10	         5	         5	   1.25267
         1	        60	         2	   70.7429	    97.107	   90.1943	  -95.4122	   757.684	   285.554	      0.02	    3.2239	   160.349	        10	         5	         5	   1.26424	        10	         5	         5	   1.26424
         1	        60	         3	   70.7429	   94.8888	   90.1961	  -66.0234	   760.807	   285.554	      0.02	   3.25001	   160.511	        10	         5	         5	   1.27579	        10	         5	         5	   1.27579
         1	        60	         4	   70.7428	   92.6707	   90.1978	  -36.5351	   762.792	   285.554	      0.02	   3.27616	    160.67	        10	         5	         5	   1.28733	        10	         5	         5	   1.28733
         1	        60	         5	   70.7428	   90.4523	   90.1996	  -6.99124	   763.635	   285.554	      0.02	   3.30221	   160.826	        10	         5	         5	   1.29884	        10	         5	         5	   1.29884
         1	        60	         6	   70.7428	   88.2341	   90.2014	   22.5638	   763.333	   285.554	      0.02	   3.32832	    160.98	        10	         5	         5	   1.31033	        10	         5	         5	   1.31033
         1	        60	         7	   70.7428	   86.0156	   90.2031	   52.0858	   761.887	   285.554	      0.02	   3.35432	   161.131	        10	         5	         5	    1.3218	        10	         5	         5	    1.3218
         1	        60	         8	   70.7428	   83.7972	   90.2049	   81.5306	     759.3	   285.554	      0.02	   3.38037	   161.279	        10	         5	         5	   1.33324	        10	         5	         5	   1.33324
         1	        60	         9	   70.7428	   81.5787	   90.2067	   110.854	   755.576	   285.554	      0.02	   3.40631	   161.425	        10	         5	         5	   1.34467	        10	         5	         5	   1.34467
         1	        60	        10	   70.7428	   79.3602	   90.2084	   140.012	   750.719	   285.554	      0.02	    3.4323	   161.568	        10	         5	         5	   1.35607	        10	         5	         5	   1.35607
         1	        61	         1	   68.6032	   99.3308	   90.2091	  -124.339	   751.103	   316.224	      0.02	   3.16167	   159.925	        10	         5	         5	   1.38383	        10	         5	         5	   1.38383
         1	        61	         2	   68.6031	   97.1128	    90.211	  -95.1842	   755.351	   316.224	      0.02	   3.18748	   160.092	        10	         5	         5	   1.39661	        10	         5	         5	   1.39661
         1	        61	         3	   68.6031	   94.8946	   90.2129	  -65.8864	   758.469	   316.224	      0.02	   3.21321	   160.255	        10	         5	         5	   1.40938	        10	         5	         5	   1.40938
         1	        61	         4	   68.6031	   92.6765	   90.2148	  -36.4893	   760.449	   316.224	      0.02	   3.23899	   160.416	        10	         5	         5	   1.42212	        10	         5	         5	   1.42212
         1	        61	         5	   68.6031	   90.4582	   90.2168	  -7.03686	   761.291	   316.224	      0.02	   3.26468	   160.574	        10	         5	         5	   1.43483	        10	         5	         5	   1.43483
         1	        61	         6	   68.6031	     88.24	   90.2187	   22.4269	   760.992	   316.224	      0.02	   3.29041	   160.729	        10	         5	         5	   1.44753	        10	         5	         5	   1.44753
         1	        61	         7	   68.6031	   86.0216	   90.2206	   51.8579	   759.554	   316.224	      0.02	   3.31604	   160.882	        10	         5	         5	    1.4602	        10	         5	         5	    1.4602
         1	        61	         8	   68.6031	   83.8033	   90.2225	   81.2119	   756.979	   316.224	      0.02	   3.34173	   161.032	        10	         5	         5	   1.47284	        10	         5	         5	   1.47284
         1	        61	         9	   68.6031	   81.5848	   90.2244	   110.445	   753.268	   316.224	      0.02	    3.3673	   161.179	        10	         5	         5	   1.48546	        10	         5	         5	   1.48546
         1	        61	        10	    68.603	   79.3663	   90.2263	   139.513	   748.429	   316.224	      0.02	   3.39292	   161.323	        10	         5	         5	   1.49805	        10	         5	         5	   1.49805
         1	        62	         1	   66.4634	   99.3372	   90.2243	   -123.99	   748.546	    347.13	      0.02	   3.12227	   159.639	        10	         5	         5	   1.51275	        10	         5	         5	   1.51275
         1	        62	         2	   66.4634	   97.1193	   90.2264	  -94.9351	   752.782	    347.13	      0.02	   3.14767	   159.808	        10	         5	         5	   1.52671	        10	         5	         5	   1.52671
         1	        62	         3	   66.4634	   94.9012	   90.2285	  -65.7378	   755.891	    347.13	      0.02	     3.173	   159.973	        10	         5	         5	   1.54067	        10	         5	         5	   1.54067
         1	        62	         4	   66.4634	   92.6831	   90.2305	  -36.4411	   757.868	    347.13	      0.02	   3.19837	   160.136	        10	         5	         5	    1.5546	        10	         5	         5	    1.5546
         1	        62	         5	   66.4634	   90.4649	   90.2326	  -7.08916	    758.71	    347.13	      0.02	   3.22365	   160.295	        10	         5	         5	    1.5685	        10	         5	         5	    1.5685
         1	        62	         6	   66.4634	   88.2467	   90.2346	   22.2742	   758.416	    347.13	      0.02	   3.24898	   160.453	        10	         5	         5	   1.58237	        10	         5	         5	   1.58237
         1	        62	         7	   66.4633	   86.0284	   90.2367	   51.6048	   756.985	    347.13	      0.02	   3.27421	   160.607	        10	         5	         5	   1.59622	        10	         5	         5	   1.59622
         1	        62	         8	   66.4633	   83.8101	   90.2388	    80.859	   754.421	    347.13	      0.02	   3.29949	   160.758	        10	         5	         5	   1.61004	        10	         5	         5	   1.61004
         1	        62	         9	   66.4633	   81.5917	   90.2408	   109.993	   750.727	    347.13	      0.02	   3.32467	   160.907	        10	         5	         5	   1.62383	        10	         5	         5	   1.62383
         1	        62	        10	   66.4633	   79.3733	   90.2428	   138.963	   745.908	    347.13	      0.02	   3.34989	   161.053	        10	         5	         5	    1.6376	        10	         5	         5	    1.6376
         1	        63	         1	   64.3236	    99.355	   90.2336	  -123.622	    745.89	   379.146	      0.02	   3.02421	   163.333	        10	         5	         5	   1.63926	        10	         5	         5	   1.63926
         1	        63	         2	   64.3236	   97.1372	   90.2358	  -94.6712	   750.114	   379.146	      0.02	   3.04989	   163.475	        10	         5	         5	    1.6544	        10	         5	         5	    1.6544
         1	        63	         3	   64.3236	   94.9193	    90.238	  -65.5778	   753.214	   379.147	      0.02	   3.07549	   163.613	        10	         5	         5	   1.66952	        10	         5	         5	   1.66952
         1	        63	         4	   64.3236	   92.7014	   90.2401	  -36.3855	   755.188	   379.147	      0.02	   3.10112	   163.749	        10	         5	         5	   1.68461	        10	         5	         5	   1.68461
         1	        63	         5	   64.3236	   90.4833	   90.2423	  -7.13793	   756.029	   379.147	      0.02	   3.12666	   163.882	        10	         5	         5	   1.69968	        10	         5	         5	   1.69968
         1	        63	         6	   64.3236	   88.2653	   90.2444	   22.1211	   755.739	   379.147	      0.02	   3.15223	   164.014	        10	         5	         5	   1.71471	        10	         5	         5	   1.71471
         1	        63	         7	   64.3236	   86.0472	   90.2465	   51.3476	   754.317	   379.147	      0.02	    3.1777	   164.142	        10	         5	         5	   1.72972	        10	         5	         5	   1.72972
         1	        63	         8	   64.3236	    83.829	   90.2487	   80.4981	   751.764	   379.147	      0.02	   3.20321	   164.269	        10	         5	         5	   1.74469	        10	         5	         5	   1.74469
         1	        63	         9	   64.3235	   81.6108	   90.2508	   109.529	   748.086	   379.147	      0.02	    3.2286	   164.393	        10	         5	         5	   1.75964	        10	         5	         5	   1.75964
         1	        63	        10	   64.3235	   79.3925	   90.2529	   138.396	   743.286	   379.147	      0.02	   3.25404	   164.515	        10	         5	         5	   1.77456	        10	         5	         5	   1.77456
         1	        64	         1	   62.6238	    99.361	   90.2434	  -123.256	   743.247	   409.725	      0.02	   2.98706	   163.107	        10	         5	         5	   1.73793	        10	         5	         5	   1.73793
         1	        64	         2	   62.6238	   97.1433	   90.2457	  -94.4079	   747.459	   409.725	      0.02	   3.01237	   163.249	        10	         5	         5	   1.75398	        10	         5	         5	   1.75398
         1	        64	         3	   62.6238	   94.9254	   90.2479	  -65.4181	   750.551	   409.726	      0.02	    3.0376	   163.389	        10	         5	         5	   1.77001	        10	         5	         5	   1.77001
         1	        64	         4	   62.6238	   92.7076	   90.2502	  -36.3296	    752.52	   409.726	      0.02	   3.06286	   163.527	        10	         5	         5	   1.78601	        10	         5	         5	   1.78601
         1	        64	         5	   62.6238	   90.4896	   90.2524	  -7.18603	   753.362	   409.726	      0.02	   3.08803	   163.662	        10	         5	         5	   1.80197	        10	         5	         5	   1.80197
         1	        64	         6	   62.6238	   88.2717	   90.2546	    21.969	   753.076	   409.726	      0.02	   3.11324	   163.795	        10	         5	         5	   1.81791	        10	         5	         5	   1.81791
         1	        64	         7	   62.6238	   86.0536	   90.2569	   51.0921	   751.661	   409.726	      0.02	   3.13834	   163.925	        10	         5	         5	   1.83382	        10	         5	         5	   1.83382
         1	        64	         8	   62.6237	   83.8355	   90.2591	   80.1393	   749.121	   409.726	      0.02	   3.16348	   164.053	        10	         5	         5	    1.8497	        10	         5	         5	    1.8497
         1	        64	         9	   62.6237	   81.6173	   90.2613	   109.067	   745.458	   409.726	      0.02	   3.18851	   164.178	        10	         5	         5	   1.86554	        10	         5	         5	   1.86554
         1	        64	        10	   62.6237	   79.3991	   90.2635	   137.832	   740.679	   409.726	      0.02	   3.21358	   164.301	        10	         5	         5	   1.88136	        10	         5	         5	   1.88136
         1	        65	         1	    60.924	   99.3676	   90.2523	   -122.87	   740.454	   440.561	      0.02	   2.94776	   162.863	        10	         5	         5	   1.83489	        10	         5	         5	   1.83489
         1	        65	         2	    60.924	   97.1499	   90.2546	  -94.1308	   744.653	   440.561	      0.02	   2.97268	   163.007	        10	         5	         5	   1.85184	        10	         5	         5	   1.85184
         1	        65	         3	    60.924	   94.9321	    90.257	  -65.2505	   747.738	   440.561	      0.02	   2.99751	   163.149	        10	         5	         5	   1.86876	        10	         5	         5	   1.86876
         1	        65	         4	    60.924	   92.7143	   90.2593	  -36.2718	   749.701	   440.561	      0.02	   3.02239	   163.288	        10	         5	         5	   1.88565	        10	         5	         5	   1.88565
         1	        65	         5	   60.9239	   90.4964	   90.2616	  -7.23795	   750.543	   440.561	      0.02	   3.04717	   163.425	        10	         5	         5	   1.90251	        10	         5	         5	   1.90251
         1	        65	         6	   60.9239	   88.2785	   90.2639	   21.8074	    750.26	   440.561	      0.02	   3.07198	   163.559	        10	         5	         5	   1.91934	        10	         5	         5	   1.91934
         1	        65	         7	   60.9239	   86.0604	   90.2663	    50.821	   748.855	   440.561	      0.02	    3.0967	   163.691	        10	         5	         5	   1.93613	        10	         5	         5	   1.93613
         1	        65	         8	   60.9239	   83.8424	   90.2686	   79.7591	   746.327	   440.561	      0.02	   3.12145	    163.82	        10	         5	         5	   1.95289	        10	         5	         5	   1.95289
         1	        65	         9	   60.9239	   81.6243	   90.2709	   108.579	   742.681	   440.561	      0.02	    3.1461	   163.947	        10	         5	         5	   1.96962	        10	         5	         5	   1.96962
         1	        65	        10	   60.9239	   79.4061	   90.2732	   137.236	   737.923	   440.561	      0.02	   3.17078	   164.072	        10	         5	         5	   1.98632	        10	         5	         5	   1.98632
         1	        66	         1	   59.2242	   99.3746	   90.2603	  -122.465	    737.52	   471.686	      0.02	   2.90634	     162.6	        10	         5	         5	   1.93008	        10	         5	         5	   1.93008
         1	        66	         2	   59.2241	   97.1569	   90.2627	  -93.8409	   741.706	   471.686	      0.02	   2.93083	   162.747	        10	         5	         5	    1.9479	        10	         5	         5	    1.9479
         1	        66	         3	   59.2241	   94.9392	   90.2651	  -65.0757	   744.781	   471.686	      0.02	   2.95526	    162.89	        10	         5	         5	    1.9657	        10	         5	         5	    1.9657
         1	        66	         4	   59.2241	   92.7215	   90.2675	  -36.2121	    746.74	   471.686	      0.02	   2.97972	   163.032	        10	         5	         5	   1.98347	        10	         5	         5	   1.98347
         1	        66	         5	   59.2241	   90.5036	   90.2699	  -7.29366	   747.582	   471.686	      0.02	   3.00409	    163.17	        10	         5	         5	    2.0012	        10	         5	         5	    2.0012
         1	        66	         6	   59.2241	   88.2858	   90.2722	   21.6364	   747.304	   471.686	      0.02	   3.02849	   163.306	        10	         5	         5	    2.0189	        10	         5	         5	    2.0189
         1	        66	         7	   59.2241	   86.0678	   90.2746	    50.535	   745.907	   471.686	      0.02	    3.0528	   163.439	        10	         5	         5	   2.03656	        10	         5	         5	   2.03656
         1	        66	         8	   59.2241	   83.8499	    90.277	   79.3585	   743.393	   471.686	      0.02	   3.07714	   163.571	        10	         5	         5	   2.05419	        10	         5	         5	   2.05419
         1	        66	         9	   59.2241	   81.6318	   90.2794	   108.064	   739.765	   471.686	      0.02	   3.10138	   163.699	        10	         5	         5	   2.07179	        10	         5	         5	   2.07179
         1	        66	        10	    59.224	   79.4137	   90.2817	   136.609	   735.028	   471.686	      0.02	   3.12565	   163.826	        10	         5	         5	   2.08935	        10	         5	         5	   2.08935
         1	        67	         1	   57.5243	    99.382	   90.2672	  -122.043	   734.448	   503.264	      0.02	    2.8628	   162.318	        10	         5	         5	   2.02342	        10	         5	         5	   2.02342
         1	        67	         2	   57.5243	   97.1645	   90.2697	  -93.5383	   738.619	   503.264	      0.02	   2.88686	   162.467	        10	         5	         5	    2.0421	        10	         5	         5	    2.0421
         1	        67	         3	   57.5243	   94.9468	   90.2722	  -64.8935	   741.684	   503.264	      0.02	   2.91084	   162.612	        10	         5	         5	   2.06076	        10	         5	         5	   2.06076
         1	        67	         4	   57.5243	   92.7291	   90.2746	  -36.1506	   743.639	   503.264	      0.02	   2.93487	   162.756	        10	         5	         5	   2.07938	        10	         5	         5	   2.07938
         1	        67	         5	   57.5243	   90.5114	   90.2771	  -7.35306	   744.481	   503.264	      0.02	    2.9588	   162.896	        10	         5	         5	   2.09797	        10	         5	         5	   2.09797
         1	        67	         6	   57.5242	   88.2936	   90.2795	   21.4563	   744.207	   503.264	      0.02	   2.98277	   163.034	        10	         5	         5	   2.11652	        10	         5	         5	   2.11652
         1	        67	         7	   57.5242	   86.0757	    90.282	   50.2344	   742.819	   503.264	      0.02	   3.00665	   163.169	        10	         5	         5	   2.13504	        10	         5	         5	   2.13504
         1	        67	         8	   57.5242	   83.8578	   90.2844	   78.9379	   740.319	   503.264	      0.02	   3.03056	   163.302	        10	         5	         5	   2.15352	        10	         5	         5	   2.15352
         1	        67	         9	   57.5242	   81.6398	   90.2869	   107.524	    736.71	   503.264	      0.02	   3.05437	   163.433	        10	         5	         5	   2.17197	        10	         5	         5	   2.17197
         1	        67	        10	   57.5242	   79.4218	   90.2893	    135.95	   731.998	   503.264	      0.02	   3.07822	   163.561	        10	         5	         5	   2.19038	        10	         5	         5	   2.19038
         1	        68	         1	   55.8244	   99.3899	   90.2732	  -121.606	   731.258	   535.075	      0.02	   2.81716	   162.015	        10	         5	         5	   2.11483	        10	         5	         5	   2.11483
         1	        68	         2	   55.8244	   97.1725	   90.2757	  -93.2256	   735.414	   535.075	      0.02	   2.84076	   162.166	        10	         5	         5	   2.13435	        10	         5	         5	   2.13435
         1	        68	         3	   55.8244	   94.9549	   90.2782	  -64.7059	    738.47	   535.075	      0.02	   2.86429	   162.314	        10	         5	         5	   2.15385	        10	         5	         5	   2.15385
         1	        68	         4	   55.8244	   92.7373	   90.2807	  -36.0884	    740.42	   535.076	      0.02	   2.88785	   162.459	        10	         5	         5	   2.17332	        10	         5	         5	   2.17332
         1	        68	         5	   55.8244	   90.5196	   90.2832	  -7.41622	   741.261	   535.076	      0.02	   2.91134	   162.601	        10	         5	         5	   2.19275	        10	         5	         5	   2.19275
         1	        68	         6	   55.8244	   88.3019	   90.2857	   21.2678	   740.993	   535.076	      0.02	   2.93485	   162.742	        10	         5	         5	   2.21214	        10	         5	         5	   2.21214
         1	        68	         7	   55.8244	   86.0841	   90.2882	   49.9208	   739.615	   535.076	      0.02	   2.95827	   162.879	        10	         5	         5	   2.23149	        10	         5	         5	   2.23149
         1	        68	         8	   55.8243	   83.8662	   90.2907	   78.4998	    737.13	   535.076	      0.02	   2.98173	   163.014	        10	         5	         5	   2.25081	        10	         5	         5	   2.25081
         1	        68	         9	   55.8243	   81.6483	   90.2932	   106.962	   733.539	   535.076	      0.02	   3.00509	   163.146	        10	         5	         5	   2.27008	        10	         5	         5	   2.27008
         1	        68	        10	   55.8243	   79.4304	   90.2957	   135.264	   728.851	   535.076	      0.02	   3.02848	   163.277	        10	         5	         5	   2.28932	        10	         5	         5	   2.28932
         1	        69	         1	   54.1246	   99.3983	   90.2781	  -121.154	   727.952	   567.294	      0.02	   2.76945	   161.689	        10	         5	         5	   2.20425	        10	         5	         5	   2.20425
         1	        69	         2	   54.1245	   97.1809	   90.2806	  -92.9031	   732.093	   567.294	      0.02	   2.79256	   161.843	        10	         5	         5	    2.2246	        10	         5	         5	    2.2246
         1	        69	         3	   54.1245	   94.9634	   90.2832	  -64.5128	   735.139	   567.294	      0.02	   2.81561	   161.993	        10	         5	         5	   2.24492	        10	         5	         5	   2.24492
         1	        69	         4	   54.1245	   92.7459	   90.2858	  -36.0253	   737.085	   567.294	      0.02	    2.8387	    162.14	        10	         5	         5	   2.26521	        10	         5	         5	   2.26521
         1	        69	         5	   54.1245	   90.5283	   90.2883	  -7.48304	   737.926	   567.294	      0.02	    2.8617	   162.285	        10	         5	         5	   2.28545	        10	         5	         5	   2.28545
         1	        69	         6	   54.1245	   88.3107	   90.2909	   21.0711	   737.663	   567.294	      0.02	   2.88474	   162.427	        10	         5	         5	   2.30566	        10	         5	         5	   2.30566
         1	        69	         7	   54.1245	   86.0929	   90.2934	   49.5945	   736.294	   567.294	      0.02	   2.90769	   162.567	        10	         5	         5	   2.32583	        10	         5	         5	   2.32583
         1	        69	         8	   54.1245	   83.8752	    90.296	   78.0444	   733.824	   567.294	      0.02	   2.93067	   162.704	        10	         5	         5	   2.34596	        10	         5	         5	   2.34596
         1	        69	         9	   54.1245	   81.6573	   90.2985	   106.378	   730.255	   567.294	      0.02	   2.95356	   162.838	        10	         5	         5	   2.36606	        10	         5	         5	   2.36606
         1	        69	        10	   54.1244	   79.4394	    90.301	   134.553	   725.592	   567.294	      0.02	   2.97648	   162.971	        10	         5	         5	   2.38611	        10	         5	         5	   2.38611
         1	        70	         1	   52.4247	   99.4072	   90.2819	  -120.689	   724.538	   599.967	      0.02	   2.71968	   161.339	        10	         5	         5	    2.2916	        10	         5	         5	    2.2916
         1	        70	         2	   52.4246	   97.1899	   90.2845	  -92.5711	   728.664	   599.967	      0.02	   2.74229	   161.495	        10	         5	         5	   2.31276	        10	         5	         5	   2.31276
         1	        70	         3	   52.4246	   94.9724	   90.2872	  -64.3148	   731.699	   599.967	      0.02	   2.76484	   161.647	        10	         5	         5	   2.33389	        10	         5	         5	   2.33389
         1	        70	         4	   52.4246	    92.755	   90.2897	  -35.9614	   733.639	   599.967	      0.02	   2.78742	   161.797	        10	         5	         5	   2.35497	        10	         5	         5	   2.35497
         1	        70	         5	   52.4246	   90.5375	   90.2923	  -7.55345	   734.481	   599.967	      0.02	   2.80993	   161.944	        10	         5	         5	   2.37602	        10	         5	         5	   2.37602
         1	        70	         6	   52.4246	   88.3199	   90.2949	   20.8666	   734.223	   599.967	      0.02	   2.83246	   162.089	        10	         5	         5	   2.39703	        10	         5	         5	   2.39703
         1	        70	         7	   52.4246	   86.1022	   90.2975	   49.2561	   732.866	   599.967	      0.02	   2.85492	   162.231	        10	         5	         5	     2.418	        10	         5	         5	     2.418
         1	        70	         8	   52.4246	   83.8846	   90.3001	   77.5727	   730.411	   599.967	      0.02	    2.8774	    162.37	        10	         5	         5	   2.43893	        10	         5	         5	   2.43893
         1	        70	         9	   52.4246	   81.6668	   90.3027	   105.774	   726.863	   599.967	      0.02	    2.8998	   162.507	        10	         5	         5	   2.45981	        10	         5	         5	   2.45981
         1	        70	        10	   52.4245	    79.449	   90.3052	   133.817	   722.225	   599.967	      0.02	   2.92222	   162.642	        10	         5	         5	   2.48066	        10	         5	         5	   2.48066
         1	        71	         1	   50.7247	   99.4165	   90.2848	   -120.21	   721.017	   633.286	      0.02	   2.66788	   160.962	        10	         5	         5	   2.37683	        10	         5	         5	   2.37683
         1	        71	         2	   50.7247	   97.1993	   90.2874	    -92.23	   725.126	   633.286	      0.02	   2.68996	    161.12	        10	         5	         5	   2.39877	        10	         5	         5	   2.39877
         1	        71	         3	   50.7247	   94.9819	     90.29	  -64.1118	   728.151	   633.286	      0.02	   2.71199	   161.275	        10	         5	         5	   2.42068	        10	         5	         5	   2.42068
         1	        71	         4	   50.7247	   92.7646	   90.2926	  -35.8967	   730.086	   633.286	      0.02	   2.73405	   161.428	        10	         5	         5	   2.44256	        10	         5	         5	   2.44256
         1	        71	         5	   50.7247	   90.5471	   90.2953	  -7.62731	   730.927	   633.286	      0.02	   2.75603	   161.578	        10	         5	         5	   2.46439	        10	         5	         5	   2.46439
         1	        71	         6	   50.7247	   88.3297	   90.2979	   20.6543	   730.675	   633.286	      0.02	   2.77805	   161.725	        10	         5	         5	   2.48618	        10	         5	         5	   2.48618
         1	        71	         7	   50.7247	   86.1121	   90.3005	   48.9057	   729.328	   633.286	      0.02	   2.79998	   161.869	        10	         5	         5	   2.50792	        10	         5	         5	   2.50792
         1	        71	         8	   50.7247	   83.8945	   90.3031	   77.0847	    726.89	   633.286	      0.02	   2.82194	   162.011	        10	         5	         5	   2.52963	        10	         5	         5	   2.52963
         1	        71	         9	   50.7247	   81.6768	   90.3057	   105.149	   723.364	   633.286	      0.02	   2.84383	   162.151	        10	         5	         5	   2.55129	        10	         5	         5	   2.55129
         1	        71	        10	   50.7246	   79.4591	   90.3083	   133.056	   718.753	   633.286	      0.02	   2.86574	   162.288	        10	         5	         5	   2.57291	        10	         5	         5	   2.57291
         1	        72	         1	   49.0248	   99.4263	   90.2865	  -119.721	   717.408	   667.032	      0.02	   2.61408	   160.555	        10	         5	         5	   2.45987	        10	         5	         5	   2.45987
         1	        72	         2	   49.0248	   97.2091	   90.2891	  -91.8822	   721.501	   667.032	      0.02	   2.63561	   160.716	        10	         5	         5	   2.48257	        10	         5	         5	   2.48257
         1	        72	         3	   49.0248	   94.9919	   90.2918	  -63.9054	   724.515	   667.032	      0.02	    2.6571	   160.874	        10	         5	         5	   2.50525	        10	         5	         5	   2.50525
         1	        72	         4	   49.0248	   92.7746	   90.2944	  -35.8322	   726.444	   667.032	      0.02	   2.67861	    161.03	        10	         5	         5	   2.52788	        10	         5	         5	   2.52788
         1	        72	         5	   49.0248	   90.5573	   90.2971	   -7.7047	   727.287	   667.032	      0.02	   2.70005	   161.182	        10	         5	         5	   2.55048	        10	         5	         5	   2.55048
         1	        72	         6	   49.0248	   88.3399	   90.2997	   20.4351	    727.04	   667.032	      0.02	   2.72152	   161.332	        10	         5	         5	   2.57302	        10	         5	         5	   2.57302
         1	        72	         7	   49.0248	   86.1224	   90.3023	   48.5451	   725.705	   667.032	      0.02	   2.74292	   161.479	        10	         5	         5	   2.59553	        10	         5	         5	   2.59553
         1	        72	         8	   49.0247	   83.9049	   90.3049	   76.5831	   723.283	   667.032	      0.02	   2.76434	   161.624	        10	         5	         5	   2.61799	        10	         5	         5	   2.61799
         1	        72	         9	   49.0247	   81.6873	   90.3075	   104.507	   719.778	   667.032	      0.02	   2.78568	   161.766	        10	         5	         5	   2.64041	        10	         5	         5	   2.64041
         1	        72	        10	   49.0247	   79.4697	   90.3101	   132.275	   715.196	   667.032	      0.02	   2.80705	   161.906	        10	         5	         5	   2.66278	        10	         5	         5	   2.66278
         1	        73	         1	   47.3249	   99.4365	   90.2871	  -119.222	   713.712	   701.409	      0.02	   2.55831	   160.116	        10	         5	         5	   2.54065	        10	         5	         5	   2.54065
         1	        73	         2	   47.3249	   97.2195	   90.2898	  -91.5274	   717.788	   701.409	      0.02	   2.57927	    160.28	        10	         5	         5	    2.5641	        10	         5	         5	    2.5641
         1	        73	         3	   47.3249	   95.0023	   90.2924	  -63.6955	   720.791	   701.409	      0.02	   2.60019	   160.442	        10	         5	         5	   2.58752	        10	         5	         5	   2.58752
         1	        73	         4	   47.3248	   92.7851	   90.2951	  -35.7676	   722.715	   701.409	      0.02	   2.62113	     160.6	        10	         5	         5	   2.61089	        10	         5	         5	   2.61089
         1	        73	         5	   47.3248	   90.5679	   90.2977	  -7.78548	   723.557	   701.409	      0.02	   2.64201	   160.756	        10	         5	         5	   2.63423	        10	         5	         5	   2.63423
         1	        73	         6	   47.3248	   88.3506	   90.3003	   20.2091	   723.317	   701.409	      0.02	   2.66291	   160.909	        10	         5	         5	   2.65751	        10	         5	         5	   2.65751
         1	        73	         7	   47.3248	   86.1332	    90.303	   48.1742	   721.993	   701.409	      0.02	   2.68374	   161.059	        10	         5	         5	   2.68076	        10	         5	         5	   2.68076
         1	        73	         8	   47.3248	   83.9158	   90.3056	   76.0678	    719.59	   701.409	      0.02	    2.7046	   161.206	        10	         5	         5	   2.70395	        10	         5	         5	   2.70395
         1	        73	         9	   47.3248	   81.6983	   90.3082	   103.848	   716.108	   701.409	      0.02	   2.72539	   161.351	        10	         5	         5	   2.72711	        10	         5	         5	   2.72711
         1	        73	        10	   47.3248	   79.4808	   90.3108	   131.474	   711.553	   701.409	      0.02	    2.7462	   161.494	        10	         5	         5	   2.75021	        10	         5	         5	   2.75021
         1	        74	         1	   45.6249	   99.4472	   90.2867	  -118.713	   709.934	    736.49	      0.02	    2.5006	   159.642	        10	         5	         5	   2.61912	        10	         5	         5	   2.61912
         1	        74	         2	   45.6249	   97.2303	   90.2893	  -91.1662	   713.994	    736.49	      0.02	   2.52097	    159.81	        10	         5	         5	   2.64329	        10	         5	         5	   2.64329
         1	        74	         3	   45.6249	   95.0132	    90.292	  -63.4825	   716.985	    736.49	      0.02	    2.5413	   159.974	        10	         5	         5	   2.66743	        10	         5	         5	   2.66743
         1	        74	         4	   45.6249	   92.7961	   90.2946	  -35.7032	   718.904	    736.49	      0.02	   2.56165	   160.136	        10	         5	         5	   2.69153	        10	         5	         5	   2.69153
         1	        74	         5	   45.6249	    90.579	   90.2973	  -7.86954	   719.747	    736.49	      0.02	   2.58194	   160.295	        10	         5	         5	   2.71558	        10	         5	         5	   2.71558
         1	        74	         6	   45.6249	   88.3618	   90.2999	   19.9766	   719.512	    736.49	      0.02	   2.60225	   160.451	        10	         5	         5	   2.73958	        10	         5	         5	   2.73958
         1	        74	         7	   45.6249	   86.1445	   90.3025	   47.7936	   718.201	    736.49	      0.02	   2.62251	   160.604	        10	         5	         5	   2.76354	        10	         5	         5	   2.76354
         1	        74	         8	   45.6248	   83.9272	   90.3051	   75.5397	   715.814	    736.49	      0.02	   2.64278	   160.755	        10	         5	         5	   2.78745	        10	         5	         5	   2.78745
         1	        74	         9	   45.6248	   81.7098	   90.3078	   103.174	   712.356	    736.49	      0.02	   2.66299	   160.903	        10	         5	         5	   2.81132	        10	         5	         5	   2.81132
         1	        74	        10	   45.6248	   79.4924	   90.3103	   130.653	   707.831	    736.49	      0.02	   2.68321	   161.048	        10	         5	         5	   2.83513	        10	         5	         5	   2.83513
         1	        75	         1	   43.9249	    99.467	   90.2789	  -118.216	   706.317	   773.565	      0.02	   2.38625	   164.324	        10	         5	         5	   2.69523	        10	         5	         5	   2.69523
         1	        75	         2	   43.9249	   97.2503	   90.2815	  -90.8107	    710.36	   773.565	      0.02	   2.40673	   164.457	        10	         5	         5	    2.7201	        10	         5	         5	    2.7201
         1	        75	         3	   43.9249	   95.0334	   90.2841	  -63.2689	    713.34	   773.565	      0.02	   2.42717	   164.587	        10	         5	         5	   2.74494	        10	         5	         5	   2.74494
         1	        75	         4	   43.9249	   92.8165	   90.2866	  -35.6316	   715.253	   773.565	      0.02	   2.44761	   164.715	        10	         5	         5	   2.76974	        10	         5	         5	   2.76974
         1	        75	         5	   43.9249	   90.5995	   90.2892	  -7.94017	   716.096	   773.565	      0.02	   2.46799	    164.84	        10	         5	         5	   2.79449	        10	         5	         5	   2.79449
         1	        75	         6	   43.9249	   88.3825	   90.2917	   19.7639	   715.866	   773.565	      0.02	   2.48839	   164.963	        10	         5	         5	   2.81919	        10	         5	         5	   2.81919
         1	        75	         7	   43.9249	   86.1654	   90.2943	    47.439	   714.566	   773.565	      0.02	   2.50871	   165.084	        10	         5	         5	   2.84384	        10	         5	         5	   2.84384
         1	        75	         8	   43.9249	   83.9483	   90.2968	   75.0438	   712.197	   773.565	      0.02	   2.52905	   165.203	        10	         5	         5	   2.86845	        10	         5	         5	   2.86845
         1	        75	         9	   43.9249	    81.731	   90.2994	   102.537	    708.76	   773.565	      0.02	   2.54931	   165.319	        10	         5	         5	     2.893	        10	         5	         5	     2.893
         1	        75	        10	   43.9248	   79.5138	   90.3019	   129.878	   704.262	   773.565	      0.02	   2.56959	   165.433	        10	         5	         5	   2.91751	        10	         5	         5	   2.91751
         1	        76	         1	   42.6749	   99.4753	   90.2771	  -117.757	   703.005	   809.372	      0.02	   2.33979	   164.011	        10	         5	         5	   2.74963	        10	         5	         5	   2.74963
         1	        76	         2	   42.6749	   97.2586	   90.2797	  -90.4814	   707.033	   809.372	      0.02	   2.35982	   164.146	        10	         5	         5	   2.77501	        10	         5	         5	   2.77501
         1	        76	         3	   42.6749	   95.0418	   90.2822	  -63.0694	   710.002	   809.372	      0.02	   2.37979	   164.279	        10	         5	         5	   2.80035	        10	         5	         5	   2.80035
         1	        76	         4	   42.6749	    92.825	   90.2848	  -35.5621	   711.911	   809.372	      0.02	   2.39978	   164.409	        10	         5	         5	   2.82564	        10	         5	         5	   2.82564
         1	        76	         5	   42.6749	   90.6081	   90.2873	  -8.00102	   712.753	   809.372	      0.02	   2.41971	   164.537	        10	         5	         5	   2.85089	        10	         5	         5	   2.85089
         1	        76	         6	   42.6749	   88.3912	   90.2899	   19.5728	   712.529	   809.372	      0.02	   2.43964	   164.662	        10	         5	         5	   2.87609	        10	         5	         5	   2.87609
         1	        76	         7	   42.6749	   86.1741	   90.2924	   47.1181	   711.239	   809.372	      0.02	   2.45952	   164.785	        10	         5	         5	   2.90124	        10	         5	         5	   2.90124
         1	        76	         8	   42.6749	   83.9571	   90.2949	   74.5937	   708.884	   809.372	      0.02	    2.4794	   164.906	        10	         5	         5	   2.92634	        10	         5	         5	   2.92634
         1	        76	         9	   42.6749	   81.7399	   90.2975	   101.958	   705.467	   809.372	      0.02	   2.49922	   165.025	        10	         5	         5	   2.95139	        10	         5	         5	   2.95139
         1	        76	        10	   42.6749	   79.5227	      90.3	   129.171	   700.995	   809.372	      0.02	   2.51904	   165.142	        10	         5	         5	   2.97639	        10	         5	         5	   2.97639
         1	        77	         1	   41.4249	   99.4838	   90.2747	  -117.298	   699.672	   845.848	      0.02	   2.29227	   163.678	        10	         5	         5	    2.8027	        10	         5	         5	    2.8027
         1	        77	         2	   41.4249	   97.2672	   90.2773	  -90.1513	   703.684	   845.848	      0.02	   2.31182	   163.816	        10	         5	         5	   2.82856	        10	         5	         5	   2.82856
         1	        77	         3	   41.4249	   95.0505	   90.2798	  -62.8699	   706.643	   845.848	      0.02	   2.33133	   163.951	        10	         5	         5	    2.8544	        10	         5	         5	    2.8544
         1	        77	         4	   41.4249	   92.8337	   90.2823	  -35.4937	   708.546	   845.848	      0.02	   2.35084	   164.084	        10	         5	         5	   2.88018	        10	         5	         5	   2.88018
         1	        77	         5	   41.4249	   90.6169	   90.2849	  -8.06357	   709.388	   845.848	      0.02	   2.37031	   164.214	        10	         5	         5	   2.90591	        10	         5	         5	   2.90591
         1	        77	         6	   41.4249	   88.4001	   90.2874	   19.3793	   709.169	   845.848	      0.02	   2.38977	   164.342	        10	         5	         5	    2.9316	        10	         5	         5	    2.9316
         1	        77	         7	   41.4249	   86.1831	   90.2899	   46.7939	   707.888	   845.849	      0.02	   2.40918	   164.468	        10	         5	         5	   2.95723	        10	         5	         5	   2.95723
         1	        77	         8	   41.4249	   83.9661	   90.2924	   74.1392	   705.549	   845.848	      0.02	    2.4286	   164.591	        10	         5	         5	   2.98281	        10	         5	         5	   2.98281
         1	        77	         9	   41.4249	    81.749	   90.2949	   101.374	   702.153	   845.848	      0.02	   2.44796	   164.712	        10	         5	         5	   3.00835	        10	         5	         5	   3.00835
         1	        77	        10	   41.4249	    79.532	   90.2974	   128.458	   697.706	   845.849	      0.02	   2.46732	   164.831	        10	         5	         5	   3.03383	        10	         5	         5	   3.03383
         1	        78	         1	   40.1749	   99.4926	   90.2718	  -116.836	    696.32	   883.052	      0.02	   2.24369	   163.323	        10	         5	         5	   2.85442	        10	         5	         5	   2.85442
         1	        78	         2	   40.1749	    97.276	   90.2743	  -89.8206	   700.316	   883.052	      0.02	   2.26275	   163.464	        10	         5	         5	   2.88076	        10	         5	         5	   2.88076
         1	        78	         3	   40.1749	   95.0594	   90.2768	  -62.6707	   703.266	   883.052	      0.02	   2.28178	   163.602	        10	         5	         5	   2.90706	        10	         5	         5	   2.90706
         1	        78	         4	   40.1749	   92.8427	   90.2793	  -35.4261	   705.163	   883.052	      0.02	   2.30082	   163.738	        10	         5	         5	   2.93332	        10	         5	         5	   2.93332
         1	        78	         5	   40.1749	    90.626	   90.2818	  -8.12779	   706.005	   883.052	      0.02	    2.3198	    163.87	        10	         5	         5	   2.95953	        10	         5	         5	   2.95953
         1	        78	         6	   40.1749	   88.4092	   90.2843	   19.1834	   705.792	   883.052	      0.02	   2.33879	   164.001	        10	         5	         5	   2.98568	        10	         5	         5	   2.98568
         1	        78	         7	   40.1749	   86.1923	   90.2868	   46.4666	   704.521	   883.052	      0.02	   2.35773	   164.129	        10	         5	         5	   3.01179	        10	         5	         5	   3.01179
         1	        78	         8	   40.1749	   83.9754	   90.2893	    73.681	   702.196	   883.052	      0.02	   2.37667	   164.255	        10	         5	         5	   3.03784	        10	         5	         5	   3.03784
         1	        78	         9	   40.1749	   81.7584	   90.2918	   100.786	   698.821	   883.052	      0.02	   2.39555	   164.378	        10	         5	         5	   3.06385	        10	         5	         5	   3.06385
         1	        78	        10	   40.1748	   79.5414	   90.2942	   127.741	   694.399	   883.053	      0.02	   2.41444	     164.5	        10	         5	         5	    3.0898	        10	         5	         5	    3.0898
         1	        79	         1	   38.9249	   99.5015	   90.2682	  -116.373	   692.945	   921.214	      0.02	   2.19407	   162.945	        10	         5	         5	   2.90476	        10	         5	         5	   2.90476
         1	        79	         2	   38.9249	   97.2851	   90.2707	  -89.4889	   696.926	   921.214	      0.02	   2.21264	   163.089	        10	         5	         5	   2.93156	        10	         5	         5	   2.93156
         1	        79	         3	   38.9249	   95.0685	   90.2732	  -62.4711	   699.865	   921.214	      0.02	   2.23118	    163.23	        10	         5	         5	   2.95833	        10	         5	         5	   2.95833
         1	        79	         4	   38.9249	    92.852	   90.2757	  -35.3592	   701.758	   921.214	      0.02	   2.24972	   163.368	        10	         5	         5	   2.98505	        10	         5	         5	   2.98505
         1	        79	         5	   38.9249	   90.6353	   90.2781	  -8.19359	     702.6	   921.214	      0.02	   2.26822	   163.504	        10	         5	         5	   3.01172	        10	         5	         5	   3.01172
         1	        79	         6	   38.9249	   88.4186	   90.2806	    18.985	   702.391	   921.214	      0.02	   2.28672	   163.637	        10	         5	         5	   3.03833	        10	         5	         5	   3.03833
         1	        79	         7	   38.9249	   86.2018	   90.2831	   46.1359	   701.131	   921.214	      0.02	   2.30517	   163.768	        10	         5	         5	    3.0649	        10	         5	         5	    3.0649
         1	        79	         8	   38.9248	    83.985	   90.2855	   73.2185	   698.822	   921.214	      0.02	   2.32362	   163.897	        10	         5	         5	   3.09141	        10	         5	         5	   3.09141
         1	        79	         9	   38.9248	   81.7681	    90.288	   100.192	   695.466	   921.214	      0.02	   2.34202	   164.023	        10	         5	         5	   3.11787	        10	         5	         5	   3.11787
         1	        79	        10	   38.9248	   79.5512	   90.2904	   127.017	   691.071	   921.214	      0.02	   2.36042	   164.147	        10	         5	         5	   3.14427	        10	         5	         5	   3.14427
         1	        80	         1	   37.6749	   99.5108	   90.2641	   -115.91	   689.565	   960.077	      0.02	   2.14344	   162.541	        10	         5	         5	    2.9537	        10	         5	         5	    2.9537
         1	        80	         2	   37.6749	   97.2944	   90.2666	  -89.1583	   693.531	   960.077	      0.02	    2.1615	   162.688	        10	         5	         5	   2.98095	        10	         5	         5	   2.98095
         1	        80	         3	   37.6749	   95.0779	    90.269	   -62.273	    696.46	   960.077	      0.02	   2.17954	   162.832	        10	         5	         5	   3.00817	        10	         5	         5	   3.00817
         1	        80	         4	   37.6749	   92.8614	   90.2714	  -35.2938	   698.347	   960.077	      0.02	   2.19758	   162.973	        10	         5	         5	   3.03534	        10	         5	         5	   3.03534
         1	        80	         5	   37.6748	   90.6449	   90.2739	  -8.26108	    699.19	   960.077	      0.02	   2.21557	   163.112	        10	         5	         5	   3.06246	        10	         5	         5	   3.06246
         1	        80	         6	   37.6748	   88.4283	   90.2763	   18.7847	   698.985	   960.077	      0.02	   2.23357	   163.248	        10	         5	         5	   3.08952	        10	         5	         5	   3.08952
         1	        80	         7	   37.6748	   86.2115	   90.2787	   45.8032	   697.736	   960.077	      0.02	   2.25152	   163.382	        10	         5	         5	   3.11653	        10	         5	         5	   3.11653
         1	        80	         8	   37.6748	   83.9948	   90.2811	   72.7538	   695.442	   960.077	      0.02	   2.26947	   163.514	        10	         5	         5	   3.14349	        10	         5	         5	   3.14349
         1	        80	         9	   37.6748	    81.778	   90.2836	   99.5963	   692.108	   960.077	      0.02	   2.28737	   163.642	        10	         5	         5	   3.17039	        10	         5	         5	   3.17039
         1	        80	        10	   37.6748	   79.5611	   90.2859	    126.29	   687.738	   960.077	      0.02	   2.30528	   163.769	        10	         5	         5	   3.19724	        10	         5	         5	   3.19724
         1	        81	         1	   36.4248	   99.5202	   90.2595	  -115.447	   686.176	   999.883	      0.02	   2.09181	   162.109	        10	         5	         5	   3.00123	        10	         5	         5	   3.00123
         1	        81	         2	   36.4248	   97.3039	   90.2619	   -88.828	   690.127	   999.883	      0.02	   2.10936	   162.259	        10	         5	         5	   3.02892	        10	         5	         5	   3.02892
         1	        81	         3	   36.4248	   95.0876	   90.2643	  -62.0756	   693.046	   999.883	      0.02	   2.12688	   162.406	        10	         5	         5	   3.05658	        10	         5	         5	   3.05658
         1	        81	         4	   36.4248	   92.8712	   90.2666	  -35.2296	   694.927	   999.883	      0.02	    2.1444	   162.551	        10	         5	         5	   3.08418	        10	         5	         5	   3.08418
         1	        81	         5	   36.4248	   90.6547	    90.269	  -8.33016	   695.769	   999.883	      0.02	   2.16188	   162.693	        10	         5	         5	   3.11173	        10	         5	         5	   3.11173
         1	        81	         6	   36.4248	   88.4382	   90.2714	   18.5824	   695.571	   999.883	      0.02	   2.17936	   162.832	        10	         5	         5	   3.13923	        10	         5	         5	   3.13923
         1	        81	         7	   36.4248	   86.2215	   90.2738	    45.468	   694.331	   999.883	      0.02	    2.1968	   162.969	        10	         5	         5	   3.16668	        10	         5	         5	   3.16668
         1	        81	         8	   36.4248	   84.0049	   90.2761	   72.2862	   692.054	   999.883	      0.02	   2.21424	   163.103	        10	         5	         5	   3.19406	        10	         5	         5	   3.19406
         1	        81	         9	   36.4248	   81.7881	   90.2785	   98.9972	   688.741	   999.883	      0.02	   2.23164	   163.235	        10	         5	         5	    3.2214	        10	         5	         5	    3.2214
         1	        81	        10	   36.4248	   79.5714	   90.2809	   125.561	   684.395	   999.883	      0.02	   2.24904	   163.365	        10	         5	         5	   3.24868	        10	         5	         5	   3.24868
         1	        82	         1	   35.1748	   99.5299	   90.2542	  -114.985	   682.779	   1040.72	      0.02	   2.03921	   161.646	        10	         5	         5	   3.04733	        10	         5	         5	   3.04733
         1	        82	         2	   35.1748	   97.3137	   90.2566	  -88.4983	   686.713	   1040.72	      0.02	   2.05623	   161.799	        10	         5	         5	   3.07544	        10	         5	         5	   3.07544
         1	        82	         3	   35.1748	   95.0974	   90.2589	  -61.8791	   689.622	   1040.72	      0.02	   2.07322	    161.95	        10	         5	         5	   3.10352	        10	         5	         5	   3.10352
         1	        82	         4	   35.1748	   92.8811	   90.2613	  -35.1666	   691.499	   1040.72	      0.02	   2.09021	   162.098	        10	         5	         5	   3.13155	        10	         5	         5	   3.13155
         1	        82	         5	   35.1748	   90.6647	   90.2636	   -8.4008	   692.341	   1040.72	      0.02	   2.10717	   162.243	        10	         5	         5	   3.15952	        10	         5	         5	   3.15952
         1	        82	         6	   35.1748	   88.4483	   90.2659	   18.3783	   692.148	   1040.72	      0.02	   2.12413	   162.386	        10	         5	         5	   3.18744	        10	         5	         5	   3.18744
         1	        82	         7	   35.1747	   86.2318	   90.2683	   45.1307	    690.92	   1040.72	      0.02	   2.14104	   162.526	        10	         5	         5	   3.21531	        10	         5	         5	   3.21531
         1	        82	         8	   35.1747	   84.0152	   90.2706	   71.8162	   688.656	   1040.72	      0.02	   2.15796	   162.664	        10	         5	         5	   3.24312	        10	         5	         5	   3.24312
         1	        82	         9	   35.1747	   81.7986	   90.2729	   98.3951	   685.364	   1040.72	      0.02	   2.17484	   162.799	        10	         5	         5	   3.27087	        10	         5	         5	   3.27087
         1	        82	        10	   35.1747	   79.5819	   90.2752	   124.828	   681.046	   1040.72	      0.02	   2.19172	   162.932	        10	         5	         5	   3.29857	        10	         5	         5	   3.29857
         1	        83	         1	   33.9247	   99.5399	   90.2484	  -114.521	   679.368	   1082.86	      0.02	   1.98566	   161.148	        10	         5	         5	   3.09198	        10	         5	         5	   3.09198
         1	        83	         2	   33.9247	   97.3238	   90.2507	  -88.1684	   683.287	   1082.86	      0.02	   2.00214	   161.305	        10	         5	         5	    3.1205	        10	         5	         5	    3.1205
         1	        83	         3	   33.9247	   95.1076	    90.253	   -61.683	   686.185	   1082.86	      0.02	   2.01859	    161.46	        10	         5	         5	   3.14899	        10	         5	         5	   3.14899
         1	        83	         4	   33.9247	   92.8913	   90.2553	  -35.1045	   688.057	   1082.86	      0.02	   2.03505	   161.611	        10	         5	         5	   3.17743	        10	         5	         5	   3.17743
         1	        83	         5	   33.9247	    90.675	   90.2576	  -8.47286	     688.9	   1082.86	      0.02	   2.05146	    161.76	        10	         5	         5	   3.20581	        10	         5	         5	   3.20581
         1	        83	         6	   33.9247	   88.4587	   90.2599	   18.1721	   688.712	   1082.86	      0.02	   2.06788	   161.906	        10	         5	         5	   3.23414	        10	         5	         5	   3.23414
         1	        83	         7	   33.9247	   86.2423	   90.2622	   44.7908	   687.494	   1082.86	      0.02	   2.08427	    162.05	        10	         5	         5	   3.26241	        10	         5	         5	   3.26241
         1	        83	         8	   33.9247	   84.0258	   90.2644	   71.3432	   685.246	   1082.86	      0.02	   2.10065	   162.191	        10	         5	         5	   3.29062	        10	         5	         5	   3.29062
         1	        83	         9	   33.9247	   81.8092	   90.2667	   97.7895	   681.975	   1082.86	      0.02	     2.117	    162.33	        10	         5	         5	   3.31878	        10	         5	         5	   3.31878
         1	        83	        10	   33.9247	   79.5926	   90.2689	   124.091	   677.683	   1082.86	      0.02	   2.13334	   162.466	        10	         5	         5	   3.34688	        10	         5	         5	   3.34688
         1	        84	         1	   32.6747	     99.55	   90.2421	   -114.06	   675.959	   1126.05	      0.02	    1.9312	   160.612	        10	         5	         5	   3.13516	        10	         5	         5	   3.13516
         1	        84	         2	   32.6747	    97.334	   90.2443	  -87.8403	   679.863	   1126.05	      0.02	   1.94712	   160.774	        10	         5	         5	   3.16408	        10	         5	         5	   3.16408
         1	        84	         3	   32.6746	   95.1179	   90.2466	  -61.4885	    682.75	   1126.05	      0.02	   1.96302	   160.932	        10	         5	         5	   3.19297	        10	         5	         5	   3.19297
         1	        84	         4	   32.6746	   92.9018	   90.2488	  -35.0441	   684.617	   1126.05	      0.02	   1.97892	   161.087	        10	         5	         5	    3.2218	        10	         5	         5	    3.2218
         1	        84	         5	   32.6746	   90.6856	    90.251	  -8.54649	    685.46	   1126.05	      0.02	   1.99479	    161.24	        10	         5	         5	   3.25057	        10	         5	         5	   3.25057
         1	        84	         6	   32.6746	   88.4693	   90.2532	   17.9646	   685.278	   1126.05	      0.02	   2.01067	    161.39	        10	         5	         5	   3.27929	        10	         5	         5	   3.27929
         1	        84	         7	   32.6746	    86.253	   90.2555	   44.4496	   684.071	   1126.05	      0.02	    2.0265	   161.537	        10	         5	         5	   3.30796	        10	         5	         5	   3.30796
         1	        84	         8	   32.6746	   84.0366	   90.2576	   70.8687	   681.839	   1126.05	      0.02	   2.04234	   161.682	        10	         5	         5	   3.33657	        10	         5	         5	   3.33657
         1	        84	         9	   32.6746	   81.8201	   90.2599	   97.1827	   678.589	   1126.05	      0.02	   2.05814	   161.824	        10	         5	         5	   3.36512	        10	         5	         5	   3.36512
         1	        84	        10	   32.6746	   79.6036	   90.2621	   123.351	   674.323	   1126.05	      0.02	   2.07394	   161.964	        10	         5	         5	   3.39361	        10	         5	         5	   3.39361
         1	        85	         1	   31.4246	   99.5604	   90.2352	    -113.6	   672.545	   1170.58	      0.02	   1.87585	   160.035	        10	         5	         5	   3.17686	        10	         5	         5	   3.17686
         1	        85	         2	   31.4246	   97.3445	   90.2374	  -87.5131	   676.434	   1170.58	      0.02	   1.89121	     160.2	        10	         5	         5	   3.20616	        10	         5	         5	   3.20616
         1	        85	         3	   31.4246	   95.1285	   90.2395	  -61.2951	   679.311	   1170.58	      0.02	   1.90654	   160.363	        10	         5	         5	   3.23543	        10	         5	         5	   3.23543
         1	        85	         4	   31.4246	   92.9125	   90.2417	  -34.9849	   681.173	   1170.58	      0.02	   1.92188	   160.523	        10	         5	         5	   3.26464	        10	         5	         5	   3.26464
         1	        85	         5	   31.4246	   90.6964	   90.2439	  -8.62154	   682.017	   1170.58	      0.02	   1.93719	   160.679	        10	         5	         5	    3.2938	        10	         5	         5	    3.2938
         1	        85	         6	   31.4246	   88.4802	    90.246	   17.7554	    681.84	   1170.58	      0.02	    1.9525	   160.833	        10	         5	         5	    3.3229	        10	         5	         5	    3.3229
         1	        85	         7	   31.4245	    86.264	   90.2482	   44.1066	   680.644	   1170.58	      0.02	   1.96778	   160.984	        10	         5	         5	   3.35195	        10	         5	         5	   3.35195
         1	        85	         8	   31.4245	   84.0477	   90.2503	   70.3924	   678.428	   1170.58	      0.02	   1.98306	   161.133	        10	         5	         5	   3.38093	        10	         5	         5	   3.38093
         1	        85	         9	   31.4245	   81.8313	   90.2525	   96.5738	   675.199	   1170.58	      0.02	   1.99831	   161.279	        10	         5	         5	   3.40986	        10	         5	         5	   3.40986
         1	        85	        10	   31.4245	   79.6149	   90.2546	   122.611	   670.959	   1170.58	      0.02	   2.01355	   161.423	        10	         5	         5	   3.43873	        10	         5	         5	   3.43873
         1	        86	         1	   30.1745	   99.5711	   90.2278	   -113.14	   669.129	   1216.59	      0.02	   1.81966	   159.411	        10	         5	         5	   3.21705	        10	         5	         5	   3.21705
         1	        86	         2	   30.1745	   97.3552	   90.2299	  -87.1869	   673.002	   1216.59	      0.02	   1.83443	   159.581	        10	         5	         5	   3.24672	        10	         5	         5	   3.24672
         1	        86	         3	   30.1745	   95.1393	    90.232	  -61.1029	    675.87	   1216.59	      0.02	   1.84919	   159.748	        10	         5	         5	   3.27636	        10	         5	         5	   3.27636
         1	        86	         4	   30.1745	   92.9234	   90.2341	  -34.9269	   677.726	   1216.59	      0.02	   1.86396	   159.912	        10	         5	         5	   3.30594	        10	         5	         5	   3.30594
         1	        86	         5	   30.1745	   90.7074	   90.2362	  -8.69796	    678.57	   1216.59	      0.02	   1.87869	   160.073	        10	         5	         5	   3.33547	        10	         5	         5	   3.33547
         1	        86	         6	   30.1745	   88.4913	   90.2382	   17.5448	   678.399	   1216.59	      0.02	   1.89343	   160.231	        10	         5	         5	   3.36494	        10	         5	         5	   3.36494
         1	        86	         7	   30.1745	   86.2752	   90.2403	   43.7619	   677.213	   1216.59	      0.02	   1.90814	   160.386	        10	         5	         5	   3.39435	        10	         5	         5	   3.39435
         1	        86	         8	   30.1745	    84.059	   90.2424	   69.9144	   675.014	   1216.59	      0.02	   1.92285	   160.539	        10	         5	         5	    3.4237	        10	         5	         5	    3.4237
         1	        86	         9	   30.1744	   81.8427	   90.2445	   95.9631	   671.805	   1216.59	      0.02	   1.93753	   160.689	        10	         5	         5	     3.453	        10	         5	         5	     3.453
         1	        86	        10	   30.1744	   79.6264	   90.2466	   121.868	   667.593	   1216.59	      0.02	   1.95221	   160.837	        10	         5	         5	   3.48223	        10	         5	         5	   3.48223
         1	        87	         1	   28.9244	   99.5888	   90.2138	  -112.714	   666.054	    1266.1	      0.02	   1.70528	   166.799	        10	         5	         5	   3.25574	        10	         5	         5	   3.25574
         1	        87	         2	   28.9244	   97.3731	   90.2158	  -86.8809	   669.913	    1266.1	      0.02	   1.72023	   166.913	        10	         5	         5	   3.28577	        10	         5	         5	   3.28577
         1	        87	         3	   28.9244	   95.1574	   90.2177	  -60.9175	   672.771	    1266.1	      0.02	   1.73517	   167.024	        10	         5	         5	   3.31576	        10	         5	         5	   3.31576
         1	        87	         4	   28.9244	   92.9416	   90.2197	  -34.8622	   674.623	    1266.1	      0.02	    1.7501	   167.133	        10	         5	         5	    3.3457	        10	         5	         5	    3.3457
         1	        87	         5	   28.9244	   90.7258	   90.2217	  -8.75415	   675.466	    1266.1	      0.02	   1.76499	   167.241	        10	         5	         5	   3.37558	        10	         5	         5	   3.37558
         1	        87	         6	   28.9244	   88.5099	   90.2236	   17.3677	     675.3	    1266.1	      0.02	   1.77987	   167.346	        10	         5	         5	    3.4054	        10	         5	         5	    3.4054
         1	        87	         7	   28.9244	   86.2939	   90.2256	   43.4644	   674.124	    1266.1	      0.02	   1.79472	   167.449	        10	         5	         5	   3.43516	        10	         5	         5	   3.43516
         1	        87	         8	   28.9244	   84.0779	   90.2275	   69.4967	   671.938	    1266.1	      0.02	   1.80956	    167.55	        10	         5	         5	   3.46487	        10	         5	         5	   3.46487
         1	        87	         9	   28.9243	   81.8618	   90.2295	   95.4259	   668.749	    1266.1	      0.02	   1.82436	    167.65	        10	         5	         5	   3.49451	        10	         5	         5	   3.49451
         1	        87	        10	   28.9243	   79.6456	   90.2314	   121.213	   664.558	    1266.1	      0.02	   1.83915	   167.747	        10	         5	         5	    3.5241	        10	         5	         5	    3.5241
         1	        88	         1	   28.1743	   99.5952	   90.2089	  -112.345	   663.448	   1314.23	      0.02	   1.66911	   166.521	        10	         5	         5	   3.27822	        10	         5	         5	   3.27822
         1	        88	         2	   28.1743	   97.3796	   90.2108	  -86.6138	   667.295	   1314.23	      0.02	   1.68371	   166.637	        10	         5	         5	   3.30845	        10	         5	         5	   3.30845
         1	        88	         3	   28.1743	   95.1639	   90.2128	  -60.7525	   670.144	   1314.23	      0.02	    1.6983	   166.751	        10	         5	         5	   3.33865	        10	         5	         5	   3.33865
         1	        88	         4	   28.1743	   92.9482	   90.2147	  -34.7995	   671.992	   1314.23	      0.02	   1.71288	   166.862	        10	         5	         5	   3.36879	        10	         5	         5	   3.36879
         1	        88	         5	   28.1743	   90.7324	   90.2166	  -8.79392	   672.835	   1314.23	      0.02	   1.72742	   166.972	        10	         5	         5	   3.39888	        10	         5	         5	   3.39888
         1	        88	         6	   28.1743	   88.5166	   90.2185	   17.2256	   672.671	   1314.23	      0.02	   1.74196	   167.079	        10	         5	         5	   3.42891	        10	         5	         5	   3.42891
         1	        88	         7	   28.1743	   86.3007	   90.2205	     43.22	   671.503	   1314.23	      0.02	   1.75646	   167.185	        10	         5	         5	   3.45887	        10	         5	         5	   3.45887
         1	        88	         8	   28.1743	   84.0847	   90.2223	   69.1506	   669.329	   1314.23	      0.02	   1.77095	   167.288	        10	         5	         5	   3.48878	        10	         5	         5	   3.48878
         1	        88	         9	   28.1743	   81.8687	   90.2243	   94.9786	   666.154	   1314.23	      0.02	   1.78541	    167.39	        10	         5	         5	   3.51863	        10	         5	         5	   3.51863
         1	        88	        10	   28.1743	   79.6526	   90.2262	   120.665	   661.983	   1314.23	      0.02	   1.79985	   167.489	        10	         5	         5	   3.54842	        10	         5	         5	   3.54842
         1	        89	         1	   27.4243	   99.6017	   90.2039	  -111.982	   660.876	   1363.46	      0.02	    1.6326	   166.228	        10	         5	         5	   3.30014	        10	         5	         5	   3.30014
         1	        89	         2	   27.4243	   97.3862	   90.2057	  -86.3515	   664.711	   1363.46	      0.02	   1.64685	   166.347	        10	         5	         5	   3.33058	        10	         5	         5	   3.33058
         1	        89	         3	   27.4242	   95.1706	   90.2076	   -60.591	   667.553	   1363.46	      0.02	   1.66108	   166.463	        10	         5	         5	   3.36098	        10	         5	         5	   3.36098
         1	        89	         4	   27.4242	   92.9549	   90.2095	   -34.739	   669.396	   1363.46	      0.02	   1.67531	   166.577	        10	         5	         5	   3.39132	        10	         5	         5	   3.39132
         1	        89	         5	   27.4242	   90.7392	   90.2114	  -8.83448	   670.238	   1363.46	      0.02	    1.6895	   166.688	        10	         5	         5	    3.4216	        10	         5	         5	    3.4216
         1	        89	         6	   27.4242	   88.5234	   90.2132	    17.084	   670.078	   1363.46	      0.02	   1.70368	   166.798	        10	         5	         5	   3.45183	        10	         5	         5	   3.45183
         1	        89	         7	   27.4242	   86.3075	   90.2151	   42.9777	   668.916	   1363.46	      0.02	   1.71783	   166.906	        10	         5	         5	     3.482	        10	         5	         5	     3.482
         1	        89	         8	   27.4242	   84.0916	    90.217	   68.8078	   666.754	   1363.46	      0.02	   1.73198	   167.011	        10	         5	         5	   3.51211	        10	         5	         5	   3.51211
         1	        89	         9	   27.4242	   81.8756	   90.2188	   94.5358	   663.595	   1363.46	      0.02	   1.74609	   167.115	        10	         5	         5	   3.54215	        10	         5	         5	   3.54215
         1	        89	        10	   27.4242	   79.6596	   90.2207	   120.123	   659.444	   1363.46	      0.02	   1.76018	   167.217	        10	         5	         5	   3.57214	        10	         5	         5	   3.57214
         1	        90	         1	   26.6742	   99.6083	   90.1986	  -111.626	   658.338	   1413.86	      0.02	   1.59575	   165.918	        10	         5	         5	    3.3215	        10	         5	         5	    3.3215
         1	        90	         2	   26.6742	   97.3928	   90.2005	   -86.094	   662.161	   1413.86	      0.02	   1.60965	   166.039	        10	         5	         5	   3.35214	        10	         5	         5	   3.35214
         1	        90	         3	   26.6742	   95.1773	   90.2023	  -60.4329	   664.994	   1413.86	      0.02	   1.62352	   166.158	        10	         5	         5	   3.38273	        10	         5	         5	   3.38273
         1	        90	         4	   26.6742	   92.9617	   90.2041	  -34.6806	   666.833	   1413.86	      0.02	   1.63739	   166.275	        10	         5	         5	   3.41327	        10	         5	         5	   3.41327
         1	        90	         5	   26.6742	    90.746	    90.206	  -8.87582	   667.675	   1413.86	      0.02	   1.65123	   166.389	        10	         5	         5	   3.44375	        10	         5	         5	   3.44375
         1	        90	         6	   26.6742	   88.5303	   90.2078	   16.9429	   667.519	   1413.86	      0.02	   1.66506	   166.501	        10	         5	         5	   3.47417	        10	         5	         5	   3.47417
         1	        90	         7	   26.6742	   86.3145	   90.2096	   42.7371	   666.365	   1413.86	      0.02	   1.67885	   166.611	        10	         5	         5	   3.50454	        10	         5	         5	   3.50454
         1	        90	         8	   26.6742	   84.0986	   90.2114	   68.4681	   664.214	   1413.86	      0.02	   1.69264	   166.719	        10	         5	         5	   3.53484	        10	         5	         5	   3.53484
         1	        90	         9	   26.6742	   81.8827	   90.2132	   94.0975	    661.07	   1413.86	      0.02	    1.7064	   166.825	        10	         5	         5	   3.56508	        10	         5	         5	   3.56508
         1	        90	        10	   26.6741	   79.6667	    90.215	   119.587	   656.937	   1413.86	      0.02	   1.72014	   166.929	        10	         5	         5	   3.59526	        10	         5	         5	   3.59526
         1	        91	         1	   25.9241	    99.615	   90.1932	  -111.274	   655.826	   1465.75	      0.02	   1.55858	   165.591	        10	         5	         5	   3.34231	        10	         5	         5	   3.34231
         1	        91	         2	   25.9241	   97.3995	    90.195	  -85.8403	   659.637	   1465.75	      0.02	   1.57212	   165.714	        10	         5	         5	   3.37313	        10	         5	         5	   3.37313
         1	        91	         3	   25.9241	    95.184	   90.1968	  -60.2775	   662.463	   1465.75	      0.02	   1.58563	   165.836	        10	         5	         5	   3.40392	        10	         5	         5	   3.40392
         1	        91	         4	   25.9241	   92.9685	   90.1986	  -34.6239	   664.297	   1465.75	      0.02	   1.59914	   165.955	        10	         5	         5	   3.43465	        10	         5	         5	   3.43465
         1	        91	         5	   25.9241	   90.7529	   90.2004	  -8.91784	   665.139	   1465.75	      0.02	   1.61261	   166.072	        10	         5	         5	   3.46532	        10	         5	         5	   3.46532
         1	        91	         6	   25.9241	   88.5372	   90.2021	   16.8023	   664.987	   1465.75	      0.02	   1.62608	   166.186	        10	         5	         5	   3.49593	        10	         5	         5	   3.49593
         1	        91	         7	   25.9241	   86.3215	   90.2039	    42.498	    663.84	   1465.75	      0.02	   1.63952	   166.299	        10	         5	         5	   3.52648	        10	         5	         5	   3.52648
         1	        91	         8	   25.9241	   84.1057	   90.2057	   68.1308	     661.7	   1465.75	      0.02	   1.65295	    166.41	        10	         5	         5	   3.55697	        10	         5	         5	   3.55697
         1	        91	         9	   25.9241	   81.8898	   90.2074	   93.6626	   658.572	   1465.75	      0.02	   1.66635	   166.518	        10	         5	         5	    3.5874	        10	         5	         5	    3.5874
         1	        91	        10	   25.9241	   79.6739	   90.2092	   119.055	   654.458	   1465.75	      0.02	   1.67974	   166.625	        10	         5	         5	   3.61777	        10	         5	         5	   3.61777
         1	        92	         1	    25.174	   99.6217	   90.1877	   -110.93	   653.353	   1518.75	      0.02	   1.52109	   165.244	        10	         5	         5	   3.36255	        10	         5	         5	   3.36255
         1	        92	         2	    25.174	   97.4063	   90.1894	  -85.5916	   657.152	   1518.75	      0.02	   1.53426	    165.37	        10	         5	         5	   3.39356	        10	         5	         5	   3.39356
         1	        92	         3	    25.174	   95.1909	   90.1911	  -60.1259	   659.969	   1518.75	      0.02	   1.54741	   165.494	        10	         5	         5	   3.42453	        10	         5	         5	   3.42453
         1	        92	         4	    25.174	   92.9754	   90.1928	  -34.5694	     661.8	   1518.75	      0.02	   1.56055	   165.616	        10	         5	         5	   3.45545	        10	         5	         5	   3.45545
         1	        92	         5	    25.174	   90.7599	   90.1946	  -8.96069	   662.641	   1518.75	      0.02	   1.57366	   165.736	        10	         5	         5	    3.4863	        10	         5	         5	    3.4863
         1	        92	         6	    25.174	   88.5443	   90.1963	   16.6622	   662.492	   1518.75	      0.02	   1.58677	   165.853	        10	         5	         5	    3.5171	        10	         5	         5	    3.5171
         1	        92	         7	    25.174	   86.3286	    90.198	   42.2609	   661.353	   1518.75	      0.02	   1.59985	   165.968	        10	         5	         5	   3.54784	        10	         5	         5	   3.54784
         1	        92	         8	    25.174	   84.1129	   90.1997	   67.7971	   659.225	   1518.75	      0.02	   1.61292	   166.082	        10	         5	         5	   3.57851	        10	         5	         5	   3.57851
         1	        92	         9	    25.174	    81.897	   90.2015	   93.2328	    656.11	   1518.75	      0.02	   1.62595	   166.193	        10	         5	         5	   3.60912	        10	         5	         5	   3.60912
         1	        92	        10	    25.174	   79.6812	   90.2032	    118.53	   652.016	   1518.75	      0.02	   1.63898	   166.302	        10	         5	         5	   3.63967	        10	         5	         5	   3.63967
         1	        93	         1	    24.424	   99.6285	   90.1819	   -110.59	   650.908	   1573.18	      0.02	    1.4833	   164.875	        10	         5	         5	   3.38223	        10	         5	         5	   3.38223
         1	        93	         2	    24.424	   97.4132	   90.1836	  -85.3473	   654.696	   1573.18	      0.02	   1.49609	   165.005	        10	         5	         5	   3.41342	        10	         5	         5	   3.41342
         1	        93	         3	    24.424	   95.1978	   90.1853	  -59.9773	   657.506	   1573.18	      0.02	   1.50887	   165.132	        10	         5	         5	   3.44457	        10	         5	         5	   3.44457
         1	        93	         4	   24.4239	   92.9824	    90.187	  -34.5169	   659.332	   1573.18	      0.02	   1.52164	   165.257	        10	         5	         5	   3.47567	        10	         5	         5	   3.47567
         1	        93	         5	   24.4239	   90.7669	   90.1886	  -9.00424	   660.174	   1573.18	      0.02	   1.53439	   165.379	        10	         5	         5	    3.5067	        10	         5	         5	    3.5067
         1	        93	         6	   24.4239	   88.5514	   90.1903	   16.5226	   660.028	   1573.18	      0.02	   1.54713	   165.499	        10	         5	         5	   3.53768	        10	         5	         5	   3.53768
         1	        93	         7	   24.4239	   86.3358	    90.192	   42.0255	   658.896	   1573.18	      0.02	   1.55984	   165.617	        10	         5	         5	   3.56859	        10	         5	         5	   3.56859
         1	        93	         8	   24.4239	   84.1201	   90.1936	   67.4663	   656.779	   1573.18	      0.02	   1.57254	   165.733	        10	         5	         5	   3.59945	        10	         5	         5	   3.59945
         1	        93	         9	   24.4239	   81.9043	   90.1953	    92.807	    653.68	   1573.18	      0.02	   1.58522	   165.847	        10	         5	         5	   3.63024	        10	         5	         5	   3.63024
         1	        93	        10	   24.4239	   79.6886	   90.1969	    118.01	   649.603	   1573.18	      0.02	   1.59788	   165.959	        10	         5	         5	   3.66096	        10	         5	         5	   3.66096
         2	        51	         1	        90	   99.3079	       -90	  -125.982	   762.518	  -15.4182	      0.02	   3.36832	   18.5102	        10	         5	         5	        -0	        10	         5	         5	        -0
         2	        51	         2	        90	   97.0897	       -90	  -96.3824	   766.821	  -15.4182	      0.02	   3.39629	   18.3519	        10	         5	         5	        -0	        10	         5	         5	        -0
         2	        51	         3	        90	   94.8713	       -90	  -66.6378	   769.976	  -15.4182	      0.02	   3.42415	   18.1969	        10	         5	         5	        -0	        10	         5	         5	        -0
         2	        51	         4	        90	    92.653	       -90	  -36.7926	   771.977	  -15.4182	      0.02	   3.45208	   18.0442	        10	         5	         5	        -0	        10	         5	         5	        -0
         2	        51	         5	        90	   90.4345	       -90	  -6.89155	   772.822	  -15.4182	      0.02	   3.47989	   17.8947	        10	         5	         5	        -0	        10	         5	         5	        -0
         2	        51	         6	        90	   88.2161	       -90	   23.0206	    772.51	  -15.4182	      0.02	   3.50776	   17.7474	        10	         5	         5	        -0	        10	         5	         5	        -0
         2	        51	         7	        90	   85.9975	       -90	   52.8989	    771.04	  -15.4182	      0.02	    3.5355	   17.6032	        10	         5	         5	        -0	        10	         5	         5	        -0
         2	        51	         8	        90	   83.7789	       -90	   82.6988	   768.414	  -15.4182	      0.02	    3.5633	    17.461	        10	         5	         5	        -0	        10	         5	         5	        -0
         2	        51	         9	        90	   81.5602	       -90	   112.376	   764.638	  -15.4182	      0.02	   3.59097	   17.3218	        10	         5	         5	        -0	        10	         5	         5	        -0
         2	        51	        10	        90	   80.0424	       -90	   141.897	   759.713	  -15.4182	      0.02	   4.29761	   14.4091	        10	         5	         5	-0.0293717	        10	         5	         5	-0.0293717
         2	        52	         1	   92.1397	   99.3068	   -90.024	  -125.982	   762.625	  -45.1112	      0.02	   3.36322	   18.5726	        10	         5	         5	 -0.143382	        10	         5	         5	 -0.143382
         2	        52	         2	   92.1397	   97.0885	  -90.0243	  -96.3784	   766.927	  -45.1112	      0.02	   3.39113	   18.4142	        10	         5	         5	 -0.144706	        10	         5	         5	 -0.144706
         2	        52	         3	   92.1397	   94.8702	  -90.0245	  -66.6295	   770.082	  -45.1112	      0.02	   3.41894	   18.2591	        10	         5	         5	 -0.146029	        10	         5	         5	 -0.146029
         2	        52	         4	   92.1397	   92.6518	  -90.0247	    -36.78	   772.084	  -45.1112	      0.02	   3.44681	   18.1062	        10	         5	         5	  -0.14735	        10	         5	         5	  -0.14735
         2	        52	         5	   92.1397	   90.4334	  -90.0249	  -6.87474	   772.928	  -45.1112	      0.02	   3.47456	   17.9566	        10	         5	         5	 -0.148668	        10	         5	         5	 -0.148668
         2	        52	         6	   92.1397	   88.2149	  -90.0251	   23.0416	   772.614	  -45.1112	      0.02	   3.50237	   17.8091	        10	         5	         5	 -0.149983	        10	         5	         5	 -0.149983
         2	        52	         7	   92.1397	   85.9963	  -90.0254	   52.9243	   771.144	  -45.1112	      0.02	   3.53006	   17.6648	        10	         5	         5	 -0.151296	        10	         5	         5	 -0.151296
         2	        52	         8	   92.1397	   83.7778	  -90.0256	   82.7283	   768.517	  -45.1112	      0.02	   3.55781	   17.5225	        10	         5	         5	 -0.152607	        10	         5	         5	 -0.152607
         2	        52	         9	   92.1397	    81.559	  -90.0258	   112.409	    764.74	  -45.1112	      0.02	   3.58542	   17.3831	        10	         5	         5	 -0.153915	        10	         5	         5	 -0.153915
         2	        52	        10	   92.1397	   79.3404	   -90.026	    141.93	   759.813	  -45.1112	      0.02	   3.61189	   17.2516	        10	         5	         5	 -0.119301	        10	         5	         5	 -0.119301
         2	        53	         1	   94.2793	   99.3064	  -90.0477	  -125.945	   762.443	  -74.8383	      0.02	   3.35463	   18.6549	        10	         5	         5	 -0.286162	        10	         5	         5	 -0.286162
         2	        53	         2	   94.2793	   97.0882	  -90.0481	  -96.3476	   766.745	  -74.8383	      0.02	   3.38244	   18.4962	        10	         5	         5	 -0.288805	        10	         5	         5	 -0.288805
         2	        53	         3	   94.2793	   94.8698	  -90.0485	  -66.6056	   769.899	  -74.8383	      0.02	   3.41016	   18.3407	        10	         5	         5	 -0.291445	        10	         5	         5	 -0.291445
         2	        53	         4	   94.2793	   92.6515	   -90.049	  -36.7631	   771.899	  -74.8383	      0.02	   3.43794	   18.1876	        10	         5	         5	 -0.294081	        10	         5	         5	 -0.294081
         2	        53	         5	   94.2793	    90.433	  -90.0494	   -6.8649	   772.743	  -74.8383	      0.02	    3.4656	   18.0377	        10	         5	         5	 -0.296711	        10	         5	         5	 -0.296711
         2	        53	         6	   94.2793	   88.2145	  -90.0499	   23.0444	    772.43	  -74.8383	      0.02	   3.49332	     17.89	        10	         5	         5	 -0.299337	        10	         5	         5	 -0.299337
         2	        53	         7	   94.2793	   85.9959	  -90.0503	   52.9199	   770.959	  -74.8383	      0.02	   3.52092	   17.7453	        10	         5	         5	 -0.301958	        10	         5	         5	 -0.301958
         2	        53	         8	   94.2793	   83.7774	  -90.0507	   82.7169	   768.332	  -74.8383	      0.02	   3.54858	   17.6028	        10	         5	         5	 -0.304573	        10	         5	         5	 -0.304573
         2	        53	         9	   94.2793	   81.5587	  -90.0512	   112.391	   764.555	  -74.8383	      0.02	    3.5761	   17.4631	        10	         5	         5	 -0.307183	        10	         5	         5	 -0.307183
         2	        53	        10	   94.2794	     79.34	  -90.0516	   141.896	   759.632	  -74.8383	      0.02	   3.60369	   17.3255	        10	         5	         5	 -0.309789	        10	         5	         5	 -0.309789
         2	        54	         1	    96.419	   99.3068	  -90.0708	  -125.869	   761.978	  -104.614	      0.02	   3.34255	   18.7571	        10	         5	         5	 -0.428144	        10	         5	         5	 -0.428144
         2	        54	         2	    96.419	   97.0886	  -90.0714	  -96.2899	   766.277	  -104.614	      0.02	   3.37024	   18.5979	        10	         5	         5	 -0.432098	        10	         5	         5	 -0.432098
         2	        54	         3	    96.419	   94.8702	  -90.0721	  -66.5662	   769.429	  -104.614	      0.02	   3.39783	    18.442	        10	         5	         5	 -0.436049	        10	         5	         5	 -0.436049
         2	        54	         4	    96.419	   92.6519	  -90.0727	   -36.742	   771.427	  -104.615	      0.02	   3.42549	   18.2885	        10	         5	         5	 -0.439992	        10	         5	         5	 -0.439992
         2	        54	         5	    96.419	   90.4334	  -90.0734	  -6.86205	   772.271	  -104.615	      0.02	   3.45302	   18.1381	        10	         5	         5	 -0.443927	        10	         5	         5	 -0.443927
         2	        54	         6	    96.419	    88.215	   -90.074	   23.0289	   771.957	  -104.615	      0.02	   3.48062	     17.99	        10	         5	         5	 -0.447856	        10	         5	         5	 -0.447856
         2	        54	         7	    96.419	   85.9964	  -90.0747	   52.8862	   770.488	  -104.615	      0.02	   3.50809	    17.845	        10	         5	         5	 -0.451776	        10	         5	         5	 -0.451776
         2	        54	         8	    96.419	   83.7778	  -90.0753	    82.665	   767.863	  -104.615	      0.02	   3.53562	    17.702	        10	         5	         5	 -0.455689	        10	         5	         5	 -0.455689
         2	        54	         9	    96.419	   81.5591	   -90.076	   112.321	   764.088	  -104.615	      0.02	   3.56302	    17.562	        10	         5	         5	 -0.459595	        10	         5	         5	 -0.459595
         2	        54	        10	    96.419	   79.3404	  -90.0766	   141.809	   759.168	  -104.615	      0.02	   3.59049	   17.4239	        10	         5	         5	 -0.463492	        10	         5	         5	 -0.463492
         2	        55	         1	   98.5587	    99.308	  -90.0932	  -125.756	   761.227	  -134.572	      0.02	   3.32701	   18.8796	        10	         5	         5	 -0.569134	        10	         5	         5	 -0.569134
         2	        55	         2	   98.5587	   97.0898	  -90.0941	  -96.2057	   765.522	  -134.572	      0.02	   3.35453	   18.7198	        10	         5	         5	 -0.574391	        10	         5	         5	 -0.574391
         2	        55	         3	   98.5587	   94.8714	   -90.095	  -66.5113	   768.671	  -134.572	      0.02	   3.38197	   18.5633	        10	         5	         5	 -0.579642	        10	         5	         5	 -0.579642
         2	        55	         4	   98.5587	   92.6531	  -90.0958	  -36.7167	   770.668	  -134.573	      0.02	   3.40946	   18.4092	        10	         5	         5	 -0.584884	        10	         5	         5	 -0.584884
         2	        55	         5	   98.5587	   90.4346	  -90.0967	  -6.86617	   771.512	  -134.573	      0.02	   3.43683	   18.2583	        10	         5	         5	 -0.590115	        10	         5	         5	 -0.590115
         2	        55	         6	   98.5587	   88.2162	  -90.0975	   22.9953	   771.199	  -134.573	      0.02	   3.46427	   18.1095	        10	         5	         5	 -0.595337	        10	         5	         5	 -0.595337
         2	        55	         7	   98.5587	   85.9976	  -90.0984	   52.8231	   769.731	  -134.573	      0.02	   3.49158	   17.9639	        10	         5	         5	 -0.600548	        10	         5	         5	 -0.600548
         2	        55	         8	   98.5587	    83.779	  -90.0992	   82.5725	   767.109	  -134.573	      0.02	   3.51895	   17.8204	        10	         5	         5	  -0.60575	        10	         5	         5	  -0.60575
         2	        55	         9	   98.5587	   81.5603	  -90.1001	   112.199	   763.338	  -134.573	      0.02	   3.54619	   17.6799	        10	         5	         5	 -0.610941	        10	         5	         5	 -0.610941
         2	        55	        10	   98.5587	   79.3417	  -90.1009	   141.659	   758.424	  -134.573	      0.02	    3.5735	   17.5413	        10	         5	         5	 -0.616122	        10	         5	         5	 -0.616122
         2	        56	         1	   100.698	   99.3099	   -90.115	  -125.606	   760.199	  -164.496	      0.02	   3.30801	   19.0228	        10	         5	         5	 -0.708943	        10	         5	         5	 -0.708943
         2	        56	         2	   100.698	   97.0917	   -90.116	   -96.096	    764.49	  -164.496	      0.02	   3.33533	   18.8622	        10	         5	         5	 -0.715491	        10	         5	         5	 -0.715491
         2	        56	         3	   100.698	   94.8734	  -90.1171	  -66.4419	   767.635	  -164.496	      0.02	   3.36257	    18.705	        10	         5	         5	 -0.722032	        10	         5	         5	 -0.722032
         2	        56	         4	   100.698	    92.655	  -90.1182	  -36.6875	    769.63	  -164.496	      0.02	   3.38986	   18.5501	        10	         5	         5	 -0.728561	        10	         5	         5	 -0.728561
         2	        56	         5	   100.698	   90.4366	  -90.1192	  -6.87731	   770.474	  -164.496	      0.02	   3.41704	   18.3984	        10	         5	         5	 -0.735077	        10	         5	         5	 -0.735077
         2	        56	         6	   100.698	   88.2182	  -90.1203	   22.9439	   770.162	  -164.496	      0.02	   3.44428	    18.249	        10	         5	         5	 -0.741581	        10	         5	         5	 -0.741581
         2	        56	         7	   100.698	   85.9996	  -90.1213	   52.7315	   768.697	  -164.496	      0.02	    3.4714	   18.1027	        10	         5	         5	 -0.748073	        10	         5	         5	 -0.748073
         2	        56	         8	   100.698	   83.7811	  -90.1224	   82.4407	    766.08	  -164.496	      0.02	   3.49858	   17.9585	        10	         5	         5	 -0.754552	        10	         5	         5	 -0.754552
         2	        56	         9	   100.698	   81.5624	  -90.1234	   112.027	   762.315	  -164.496	      0.02	   3.52563	   17.8173	        10	         5	         5	 -0.761018	        10	         5	         5	 -0.761018
         2	        56	        10	   100.698	   79.3437	  -90.1245	   141.446	   757.407	  -164.496	      0.02	   3.55274	    17.678	        10	         5	         5	 -0.767472	        10	         5	         5	 -0.767472
         2	        57	         1	   102.838	   99.3126	  -90.1359	   -125.42	     758.9	  -194.523	      0.02	   3.28556	   19.1872	        10	         5	         5	 -0.847382	        10	         5	         5	 -0.847382
         2	        57	         2	   102.838	   97.0944	  -90.1371	  -95.9612	   763.183	  -194.523	      0.02	   3.31266	   19.0257	        10	         5	         5	 -0.855209	        10	         5	         5	 -0.855209
         2	        57	         3	   102.838	   94.8761	  -90.1384	  -66.3578	   766.325	  -194.523	      0.02	   3.33966	   18.8676	        10	         5	         5	 -0.863027	        10	         5	         5	 -0.863027
         2	        57	         4	   102.838	   92.6578	  -90.1396	  -36.6545	   768.318	  -194.523	      0.02	   3.36672	   18.7118	        10	         5	         5	  -0.87083	        10	         5	         5	  -0.87083
         2	        57	         5	   102.838	   90.4394	  -90.1409	  -6.89543	   769.161	  -194.523	      0.02	   3.39367	   18.5593	        10	         5	         5	 -0.878619	        10	         5	         5	 -0.878619
         2	        57	         6	   102.838	    88.221	  -90.1421	   22.8747	   768.852	  -194.523	      0.02	   3.42068	    18.409	        10	         5	         5	 -0.886393	        10	         5	         5	 -0.886393
         2	        57	         7	   102.838	   86.0024	  -90.1434	   52.6113	    767.39	  -194.523	      0.02	   3.44757	   18.2618	        10	         5	         5	 -0.894152	        10	         5	         5	 -0.894152
         2	        57	         8	   102.838	   83.7839	  -90.1446	   82.2699	   764.778	  -194.523	      0.02	   3.47452	   18.1168	        10	         5	         5	 -0.901896	        10	         5	         5	 -0.901896
         2	        57	         9	   102.838	   81.5652	  -90.1459	   111.806	   761.021	  -194.523	      0.02	   3.50134	   17.9747	        10	         5	         5	 -0.909625	        10	         5	         5	 -0.909625
         2	        57	        10	   102.838	   79.3466	  -90.1471	   141.175	   756.123	  -194.523	      0.02	   3.52822	   17.8346	        10	         5	         5	 -0.917338	        10	         5	         5	 -0.917338
         2	        58	         1	   104.978	    99.316	  -90.1558	  -125.199	   757.334	  -224.672	      0.02	   3.25969	   19.3737	        10	         5	         5	 -0.984269	        10	         5	         5	 -0.984269
         2	        58	         2	   104.978	   97.0978	  -90.1572	  -95.8017	    761.61	  -224.672	      0.02	   3.28651	   19.2111	        10	         5	         5	  -0.99336	        10	         5	         5	  -0.99336
         2	        58	         3	   104.978	   94.8796	  -90.1587	  -66.2599	   764.747	  -224.672	      0.02	   3.31325	   19.0519	        10	         5	         5	  -1.00244	        10	         5	         5	  -1.00244
         2	        58	         4	   104.978	   92.6613	  -90.1601	   -36.618	   766.737	  -224.672	      0.02	   3.34005	    18.895	        10	         5	         5	   -1.0115	        10	         5	         5	   -1.0115
         2	        58	         5	   104.978	   90.4429	  -90.1616	  -6.92049	    767.58	  -224.672	      0.02	   3.36673	   18.7415	        10	         5	         5	  -1.02055	        10	         5	         5	  -1.02055
         2	        58	         6	   104.978	   88.2245	   -90.163	   22.7881	   767.272	  -224.672	      0.02	   3.39347	   18.5901	        10	         5	         5	  -1.02958	        10	         5	         5	  -1.02958
         2	        58	         7	   104.978	    86.006	  -90.1644	   52.4633	   765.815	  -224.672	      0.02	    3.4201	    18.442	        10	         5	         5	  -1.03859	        10	         5	         5	  -1.03859
         2	        58	         8	   104.978	   83.7876	  -90.1658	   82.0607	    763.21	  -224.672	      0.02	   3.44678	   18.2959	        10	         5	         5	  -1.04759	        10	         5	         5	  -1.04759
         2	        58	         9	   104.978	   81.5689	  -90.1673	   111.536	   759.463	  -224.672	      0.02	   3.47335	   18.1529	        10	         5	         5	  -1.05656	        10	         5	         5	  -1.05656
         2	        58	        10	   104.978	   79.3503	  -90.1687	   140.845	   754.576	  -224.672	      0.02	   3.49996	   18.0118	        10	         5	         5	  -1.06552	        10	         5	         5	  -1.06552
         2	        59	         1	   107.117	   99.3202	  -90.1747	  -124.945	   755.503	  -255.085	      0.02	    3.2304	   19.5831	        10	         5	         5	  -1.11942	        10	         5	         5	  -1.11942
         2	        59	         2	   107.117	    97.102	  -90.1763	  -95.6181	   759.772	  -255.085	      0.02	   3.25692	   19.4192	        10	         5	         5	  -1.12976	        10	         5	         5	  -1.12976
         2	        59	         3	   107.117	   94.8838	   -90.178	  -66.1479	   762.903	  -255.085	      0.02	   3.28336	   19.2588	        10	         5	         5	  -1.14009	        10	         5	         5	  -1.14009
         2	        59	         4	   107.117	   92.6656	  -90.1796	  -36.5779	   764.889	  -255.085	      0.02	   3.30985	   19.1007	        10	         5	         5	   -1.1504	        10	         5	         5	   -1.1504
         2	        59	         5	   107.117	   90.4472	  -90.1812	  -6.95243	   765.732	  -255.085	      0.02	   3.33624	   18.9459	        10	         5	         5	  -1.16068	        10	         5	         5	  -1.16068
         2	        59	         6	   107.117	   88.2289	  -90.1828	   22.6843	   765.427	  -255.085	      0.02	   3.36268	   18.7934	        10	         5	         5	  -1.17095	        10	         5	         5	  -1.17095
         2	        59	         7	   107.117	   86.0104	  -90.1844	   52.2878	   763.976	  -255.085	      0.02	   3.38901	    18.644	        10	         5	         5	   -1.1812	        10	         5	         5	   -1.1812
         2	        59	         8	   107.117	    83.792	   -90.186	   81.8137	   761.379	  -255.085	      0.02	   3.41539	   18.4968	        10	         5	         5	  -1.19143	        10	         5	         5	  -1.19143
         2	        59	         9	   107.117	   81.5734	  -90.1876	   111.218	   757.642	  -255.085	      0.02	   3.44166	   18.3526	        10	         5	         5	  -1.20164	        10	         5	         5	  -1.20164
         2	        59	        10	   107.118	   79.3548	  -90.1892	   140.457	    752.77	  -255.085	      0.02	   3.46798	   18.2105	        10	         5	         5	  -1.21183	        10	         5	         5	  -1.21183
         2	        60	         1	   109.257	   99.3251	  -90.1925	  -124.657	   753.425	  -285.554	      0.02	   3.19772	   19.8165	        10	         5	         5	  -1.25267	        10	         5	         5	  -1.25267
         2	        60	         2	   109.257	    97.107	  -90.1943	  -95.4122	   757.684	  -285.554	      0.02	    3.2239	   19.6512	        10	         5	         5	  -1.26424	        10	         5	         5	  -1.26424
         2	        60	         3	   109.257	   94.8888	  -90.1961	  -66.0234	   760.807	  -285.554	      0.02	   3.25001	   19.4893	        10	         5	         5	  -1.27579	        10	         5	         5	  -1.27579
         2	        60	         4	   109.257	   92.6707	  -90.1978	  -36.5351	   762.792	  -285.554	      0.02	   3.27616	   19.3298	        10	         5	         5	  -1.28733	        10	         5	         5	  -1.28733
         2	        60	         5	   109.257	   90.4523	  -90.1996	  -6.99124	   763.635	  -285.554	      0.02	   3.30221	   19.1737	        10	         5	         5	  -1.29884	        10	         5	         5	  -1.29884
         2	        60	         6	   109.257	   88.2341	  -90.2014	   22.5638	   763.333	  -285.554	      0.02	   3.32832	   19.0198	        10	         5	         5	  -1.31033	        10	         5	         5	  -1.31033
         2	        60	         7	   109.257	   86.0156	  -90.2031	   52.0858	   761.887	  -285.554	      0.02	   3.35432	   18.8691	        10	         5	         5	   -1.3218	        10	         5	         5	   -1.3218
         2	        60	         8	   109.257	   83.7972	  -90.2049	   81.5306	     759.3	  -285.554	      0.02	   3.38037	   18.7206	        10	         5	         5	  -1.33324	        10	         5	         5	  -1.33324
         2	        60	         9	   109.257	   81.5787	  -90.2067	   110.854	   755.576	  -285.554	      0.02	   3.40631	   18.5751	        10	         5	         5	  -1.34467	        10	         5	         5	  -1.34467
         2	        60	        10	   109.257	   79.3602	  -90.2084	   140.012	   750.719	  -285.554	      0.02	    3.4323	   18.4317	        10	         5	         5	  -1.35607	        10	         5	         5	  -1.35607
         2	        61	         1	   111.397	   99.3308	  -90.2091	  -124.339	   751.103	  -316.224	      0.02	   3.16167	   20.0752	        10	         5	         5	  -1.38383	        10	         5	         5	  -1.38383
         2	        61	         2	   111.397	   97.1128	   -90.211	  -95.1842	   755.351	  -316.224	      0.02	   3.18748	   19.9083	        10	         5	         5	  -1.39661	        10	         5	         5	  -1.39661
         2	        61	         3	   111.397	   94.8946	  -90.2129	  -65.8864	   758.469	  -316.224	      0.02	   3.21321	   19.7448	        10	         5	         5	  -1.40938	        10	         5	         5	  -1.40938
         2	        61	         4	   111.397	   92.6765	  -90.2148	  -36.4893	   760.449	  -316.224	      0.02	   3.23899	   19.5838	        10	         5	         5	  -1.42212	        10	         5	         5	  -1.42212
         2	        61	         5	   111.397	   90.4582	  -90.2168	  -7.03686	   761.291	  -316.224	      0.02	   3.26468	    19.426	        10	         5	         5	  -1.43483	        10	         5	         5	  -1.43483
         2	        61	         6	   111.397	     88.24	  -90.2187	   22.4269	   760.992	  -316.224	      0.02	   3.29041	   19.2706	        10	         5	         5	  -1.44753	        10	         5	         5	  -1.44753
         2	        61	         7	   111.397	   86.0216	  -90.2206	   51.8579	   759.554	  -316.224	      0.02	   3.31604	   19.1184	        10	         5	         5	   -1.4602	        10	         5	         5	   -1.4602
         2	        61	         8	   111.397	   83.8033	  -90.2225	   81.2119	   756.979	  -316.224	      0.02	   3.34173	   18.9684	        10	         5	         5	  -1.47284	        10	         5	         5	  -1.47284
         2	        61	         9	   111.397	   81.5848	  -90.2244	   110.445	   753.268	  -316.224	      0.02	    3.3673	   18.8214	        10	         5	         5	  -1.48546	        10	         5	         5	  -1.48546
         2	        61	        10	   111.397	   79.3663	  -90.2263	   139.513	   748.429	  -316.224	      0.02	   3.39292	   18.6766	        10	         5	         5	  -1.49805	        10	         5	         5	  -1.49805
         2	        62	         1	   113.537	   99.3372	  -90.2243	   -123.99	   748.546	   -347.13	      0.02	   3.12227	   20.3608	        10	         5	         5	  -1.51275	        10	         5	         5	  -1.51275
         2	        62	         2	   113.537	   97.1193	  -90.2264	  -94.9351	   752.782	   -347.13	      0.02	   3.14767	   20.1921	        10	         5	         5	  -1.52671	        10	         5	         5	  -1.52671
         2	        62	         3	   113.537	   94.9012	  -90.2285	  -65.7378	   755.891	   -347.13	      0.02	     3.173	   20.0268	        10	         5	         5	  -1.54067	        10	         5	         5	  -1.54067
         2	        62	         4	   113.537	   92.6831	  -90.2305	  -36.4411	   757.868	   -347.13	      0.02	   3.19837	    19.864	        10	         5	         5	   -1.5546	        10	         5	         5	   -1.5546
         2	        62	         5	   113.537	   90.4649	  -90.2326	  -7.08916	    758.71	   -347.13	      0.02	   3.22365	   19.7045	        10	         5	         5	   -1.5685	        10	         5	         5	   -1.5685
         2	        62	         6	   113.537	   88.2467	  -90.2346	   22.2742	   758.416	   -347.13	      0.02	   3.24898	   19.5474	        10	         5	         5	  -1.58237	        10	         5	         5	  -1.58237
         2	        62	         7	   113.537	   86.0284	  -90.2367	   51.6048	   756.985	   -347.13	      0.02	   3.27421	   19.3935	        10	         5	         5	  -1.59622	        10	         5	         5	  -1.59622
         2	        62	         8	   113.537	   83.8101	  -90.2388	    80.859	   754.421	   -347.13	      0.02	   3.29949	   19.2418	        10	         5	         5	  -1.61004	        10	         5	         5	  -1.61004
         2	        62	         9	   113.537	   81.5917	  -90.2408	   109.993	   750.727	   -347.13	      0.02	   3.32467	   19.0932	        10	         5	         5	  -1.62383	        10	         5	         5	  -1.62383
         2	        62	        10	   113.537	   79.3733	  -90.2428	   138.963	   745.908	   -347.13	      0.02	   3.34989	   18.9467	        10	         5	         5	   -1.6376	        10	         5	         5	   -1.6376
         2	        63	         1	   115.676	    99.355	  -90.2336	  -123.622	    745.89	  -379.146	      0.02	   3.02421	   16.6666	        10	         5	         5	  -1.63926	        10	         5	         5	  -1.63926
         2	        63	         2	   115.676	   97.1372	  -90.2358	  -94.6712	   750.114	  -379.146	      0.02	   3.04989	   16.5254	        10	         5	         5	   -1.6544	        10	         5	         5	   -1.6544
         2	        63	         3	   115.676	   94.9193	   -90.238	  -65.5778	   753.214	  -379.147	      0.02	   3.07549	    16.387	        10	         5	         5	  -1.66952	        10	         5	         5	  -1.66952
         2	        63	         4	   115.676	   92.7014	  -90.2401	  -36.3855	   755.188	  -379.147	      0.02	   3.10112	   16.2508	        10	         5	         5	  -1.68461	        10	         5	         5	  -1.68461
         2	        63	         5	   115.676	   90.4833	  -90.2423	  -7.13793	   756.029	  -379.147	      0.02	   3.12666	   16.1175	        10	         5	         5	  -1.69968	        10	         5	         5	  -1.69968
         2	        63	         6	   115.676	   88.2653	  -90.2444	   22.1211	   755.739	  -379.147	      0.02	   3.15223	   15.9863	        10	         5	         5	  -1.71471	        10	         5	         5	  -1.71471
         2	        63	         7	   115.676	   86.0472	  -90.2465	   51.3476	   754.317	  -379.147	      0.02	    3.1777	   15.8579	        10	         5	         5	  -1.72972	        10	         5	         5	  -1.72972
         2	        63	         8	   115.676	    83.829	  -90.2487	   80.4981	   751.764	  -379.147	      0.02	   3.20321	   15.7314	        10	         5	         5	  -1.74469	        10	         5	         5	  -1.74469
         2	        63	         9	   115.676	   81.6108	  -90.2508	   109.529	   748.086	  -379.147	      0.02	    3.2286	   15.6075	        10	         5	         5	  -1.75964	        10	         5	         5	  -1.75964
         2	        63	        10	   115.676	   79.3925	  -90.2529	   138.396	   743.286	  -379.147	      0.02	   3.25404	   15.4855	        10	         5	         5	  -1.77456	        10	         5	         5	  -1.77456
         2	        64	         1	   117.376	    99.361	  -90.2434	  -123.256	   743.247	  -409.725	      0.02	   2.98706	   16.8935	        10	         5	         5	  -1.73793	        10	         5	         5	  -1.73793
         2	        64	         2	   117.376	   97.1433	  -90.2457	  -94.4079	   747.459	  -409.725	      0.02	   3.01237	   16.7506	        10	         5	         5	  -1.75398	        10	         5	         5	  -1.75398
         2	        64	         3	   117.376	   94.9254	  -90.2479	  -65.4181	   750.551	  -409.726	      0.02	    3.0376	   16.6106	        10	         5	         5	  -1.77001	        10	         5	         5	  -1.77001
         2	        64	         4	   117.376	   92.7076	  -90.2502	  -36.3296	    752.52	  -409.726	      0.02	   3.06286	   16.4729	        10	         5	         5	  -1.78601	        10	         5	         5	  -1.78601
         2	        64	         5	   117.376	   90.4896	  -90.2524	  -7.18603	   753.362	  -409.726	      0.02	   3.08803	   16.3381	        10	         5	         5	  -1.80197	        10	         5	         5	  -1.80197
         2	        64	         6	   117.376	   88.2717	  -90.2546	    21.969	   753.076	  -409.726	      0.02	   3.11324	   16.2054	        10	         5	         5	  -1.81791	        10	         5	         5	  -1.81791
         2	        64	         7	   117.376	   86.0536	  -90.2569	   51.0921	   751.661	  -409.726	      0.02	   3.13834	   16.0754	        10	         5	         5	  -1.83382	        10	         5	         5	  -1.83382
         2	        64	         8	   117.376	   83.8355	  -90.2591	   80.1393	   749.121	  -409.726	      0.02	   3.16348	   15.9474	        10	         5	         5	   -1.8497	        10	         5	         5	   -1.8497
         2	        64	         9	   117.376	   81.6173	  -90.2613	   109.067	   745.458	  -409.726	      0.02	   3.18851	   15.8221	        10	         5	         5	  -1.86554	        10	         5	         5	  -1.86554
         2	        64	        10	   117.376	   79.3991	  -90.2635	   137.832	   740.679	  -409.726	      0.02	   3.21358	   15.6987	        10	         5	         5	  -1.88136	        10	         5	         5	  -1.88136
         2	        65	         1	   119.076	   99.3676	  -90.2523	   -122.87	   740.454	  -440.561	      0.02	   2.94776	   17.1375	        10	         5	         5	  -1.83489	        10	         5	         5	  -1.83489
         2	        65	         2	   119.076	   97.1499	  -90.2546	  -94.1308	   744.653	  -440.561	      0.02	   2.97268	   16.9928	        10	         5	         5	  -1.85184	        10	         5	         5	  -1.85184
         2	        65	         3	   119.076	   94.9321	   -90.257	  -65.2505	   747.738	  -440.561	      0.02	   2.99751	   16.8511	        10	         5	         5	  -1.86876	        10	         5	         5	  -1.86876
         2	        65	         4	   119.076	   92.7143	  -90.2593	  -36.2718	   749.701	  -440.561	      0.02	   3.02239	   16.7117	        10	         5	         5	  -1.88565	        10	         5	         5	  -1.88565
         2	        65	         5	   119.076	   90.4964	  -90.2616	  -7.23795	   750.543	  -440.561	      0.02	   3.04717	   16.5752	        10	         5	         5	  -1.90251	        10	         5	         5	  -1.90251
         2	        65	         6	   119.076	   88.2785	  -90.2639	   21.8074	    750.26	  -440.561	      0.02	   3.07198	   16.4409	        10	         5	         5	  -1.91934	        10	         5	         5	  -1.91934
         2	        65	         7	   119.076	   86.0604	  -90.2663	    50.821	   748.855	  -440.561	      0.02	    3.0967	   16.3093	        10	         5	         5	  -1.93613	        10	         5	         5	  -1.93613
         2	        65	         8	   119.076	   83.8424	  -90.2686	   79.7591	   746.327	  -440.561	      0.02	   3.12145	   16.1797	        10	         5	         5	  -1.95289	        10	         5	         5	  -1.95289
         2	        65	         9	   119.076	   81.6243	  -90.2709	   108.579	   742.681	  -440.561	      0.02	    3.1461	   16.0529	        10	         5	         5	  -1.96962	        10	         5	         5	  -1.96962
         2	        65	        10	   119.076	   79.4061	  -90.2732	   137.236	   737.923	  -440.561	      0.02	   3.17078	   15.9279	        10	         5	         5	  -1.98632	        10	         5	         5	  -1.98632
         2	        66	         1	   120.776	   99.3746	  -90.2603	  -122.465	    737.52	  -471.686	      0.02	   2.90634	   17.3997	        10	         5	         5	  -1.93008	        10	         5	         5	  -1.93008
         2	        66	         2	   120.776	   97.1569	  -90.2627	  -93.8409	   741.706	  -471.686	      0.02	   2.93083	   17.2532	        10	         5	         5	   -1.9479	        10	         5	         5	   -1.9479
         2	        66	         3	   120.776	   94.9392	  -90.2651	  -65.0757	   744.781	  -471.686	      0.02	   2.95526	   17.1097	        10	         5	         5	   -1.9657	        10	         5	         5	   -1.9657
         2	        66	         4	   120.776	   92.7215	  -90.2675	  -36.2121	    746.74	  -471.686	      0.02	   2.97972	   16.9684	        10	         5	         5	  -1.98347	        10	         5	         5	  -1.98347
         2	        66	         5	   120.776	   90.5036	  -90.2699	  -7.29366	   747.582	  -471.686	      0.02	   3.00409	   16.8301	        10	         5	         5	   -2.0012	        10	         5	         5	   -2.0012
         2	        66	         6	   120.776	   88.2858	  -90.2722	   21.6364	   747.304	  -471.686	      0.02	   3.02849	    16.694	        10	         5	         5	   -2.0189	        10	         5	         5	   -2.0189
         2	        66	         7	   120.776	   86.0678	  -90.2746	    50.535	   745.907	  -471.686	      0.02	    3.0528	   16.5607	        10	         5	         5	  -2.03656	        10	         5	         5	  -2.03656
         2	        66	         8	   120.776	   83.8499	   -90.277	   79.3585	   743.393	  -471.686	      0.02	   3.07714	   16.4294	        10	         5	         5	  -2.05419	        10	         5	         5	  -2.05419
         2	        66	         9	   120.776	   81.6318	  -90.2794	   108.064	   739.765	  -471.686	      0.02	   3.10138	   16.3008	        10	         5	         5	  -2.07179	        10	         5	         5	  -2.07179
         2	        66	        10	   120.776	   79.4137	  -90.2817	   136.609	   735.028	  -471.686	      0.02	   3.12565	   16.1742	        10	         5	         5	  -2.08935	        10	         5	         5	  -2.08935
         2	        67	         1	   122.476	    99.382	  -90.2672	  -122.043	   734.448	  -503.264	      0.02	    2.8628	   17.6816	        10	         5	         5	  -2.02342	        10	         5	         5	  -2.02342
         2	        67	         2	   122.476	   97.1645	  -90.2697	  -93.5383	   738.619	  -503.264	      0.02	   2.88686	   17.5331	        10	         5	         5	   -2.0421	        10	         5	         5	   -2.0421
         2	        67	         3	   122.476	   94.9468	  -90.2722	  -64.8935	   741.684	  -503.264	      0.02	   2.91084	   17.3875	        10	         5	         5	  -2.06076	        10	         5	         5	  -2.06076
         2	        67	         4	   122.476	   92.7291	  -90.2746	  -36.1506	   743.639	  -503.264	      0.02	   2.93487	   17.2443	        10	         5	         5	  -2.07938	        10	         5	         5	  -2.07938
         2	        67	         5	   122.476	   90.5114	  -90.2771	  -7.35306	   744.481	  -503.264	      0.02	    2.9588	   17.1041	        10	         5	         5	  -2.09797	        10	         5	         5	  -2.09797
         2	        67	         6	   122.476	   88.2936	  -90.2795	   21.4563	   744.207	  -503.264	      0.02	   2.98277	    16.966	        10	         5	         5	  -2.11652	        10	         5	         5	  -2.11652
         2	        67	         7	   122.476	   86.0757	   -90.282	   50.2344	   742.819	  -503.264	      0.02	   3.00665	   16.8308	        10	         5	         5	  -2.13504	        10	         5	         5	  -2.13504
         2	        67	         8	   122.476	   83.8578	  -90.2844	   78.9379	   740.319	  -503.264	      0.02	   3.03056	   16.6977	        10	         5	         5	  -2.15352	        10	         5	         5	  -2.15352
         2	        67	         9	   122.476	   81.6398	  -90.2869	   107.524	    736.71	  -503.264	      0.02	   3.05437	   16.5673	        10	         5	         5	  -2.17197	        10	         5	         5	  -2.17197
         2	        67	        10	   122.476	   79.4218	  -90.2893	    135.95	   731.998	  -503.264	      0.02	   3.07822	   16.4388	        10	         5	         5	  -2.19038	        10	         5	         5	  -2.19038
         2	        68	         1	   124.176	   99.3899	  -90.2732	  -121.606	   731.258	  -535.075	      0.02	   2.81716	   17.9847	        10	         5	         5	  -2.11483	        10	         5	         5	  -2.11483
         2	        68	         2	   124.176	   97.1725	  -90.2757	  -93.2256	   735.414	  -535.075	      0.02	   2.84076	   17.8339	        10	         5	         5	  -2.13435	        10	         5	         5	  -2.13435
         2	        68	         3	   124.176	   94.9549	  -90.2782	  -64.7059	    738.47	  -535.075	      0.02	   2.86429	   17.6862	        10	         5	         5	  -2.15385	        10	         5	         5	  -2.15385
         2	        68	         4	   124.176	   92.7373	  -90.2807	  -36.0884	    740.42	  -535.076	      0.02	   2.88785	   17.5409	        10	         5	         5	  -2.17332	        10	         5	         5	  -2.17332
         2	        68	         5	   124.176	   90.5196	  -90.2832	  -7.41622	   741.261	  -535.076	      0.02	   2.91134	   17.3985	        10	         5	         5	  -2.19275	        10	         5	         5	  -2.19275
         2	        68	         6	   124.176	   88.3019	  -90.2857	   21.2678	   740.993	  -535.076	      0.02	   2.93485	   17.2584	        10	         5	         5	  -2.21214	        10	         5	         5	  -2.21214
         2	        68	         7	   124.176	   86.0841	  -90.2882	   49.9208	   739.615	  -535.076	      0.02	   2.95827	   17.1211	        10	         5	         5	  -2.23149	        10	         5	         5	  -2.23149
         2	        68	         8	   124.176	   83.8662	  -90.2907	   78.4998	    737.13	  -535.076	      0.02	   2.98173	    16.986	        10	         5	         5	  -2.25081	        10	         5	         5	  -2.25081
         2	        68	         9	   124.176	   81.6483	  -90.2932	   106.962	   733.539	  -535.076	      0.02	   3.00509	   16.8536	        10	         5	         5	  -2.27008	        10	         5	         5	  -2.27008
         2	        68	        10	   124.176	   79.4304	  -90.2957	   135.264	   728.851	  -535.076	      0.02	   3.02848	   16.7232	        10	         5	         5	  -2.28932	        10	         5	         5	  -2.28932
         2	        69	         1	   125.875	   99.3983	  -90.2781	  -121.154	   727.952	  -567.294	      0.02	   2.76945	   18.3105	        10	         5	         5	  -2.20425	        10	         5	         5	  -2.20425
         2	        69	         2	   125.875	   97.1809	  -90.2806	  -92.9031	   732.093	  -567.294	      0.02	   2.79256	   18.1574	        10	         5	         5	   -2.2246	        10	         5	         5	   -2.2246
         2	        69	         3	   125.875	   94.9634	  -90.2832	  -64.5128	   735.139	  -567.294	      0.02	   2.81561	   18.0074	        10	         5	         5	  -2.24492	        10	         5	         5	  -2.24492
         2	        69	         4	   125.875	   92.7459	  -90.2858	  -36.0253	   737.085	  -567.294	      0.02	    2.8387	   17.8597	        10	         5	         5	  -2.26521	        10	         5	         5	  -2.26521
         2	        69	         5	   125.875	   90.5283	  -90.2883	  -7.48304	   737.926	  -567.294	      0.02	    2.8617	   17.7151	        10	         5	         5	  -2.28545	        10	         5	         5	  -2.28545
         2	        69	         6	   125.876	   88.3107	  -90.2909	   21.0711	   737.663	  -567.294	      0.02	   2.88474	   17.5728	        10	         5	         5	  -2.30566	        10	         5	         5	  -2.30566
         2	        69	         7	   125.876	   86.0929	  -90.2934	   49.5945	   736.294	  -567.294	      0.02	   2.90769	   17.4333	        10	         5	         5	  -2.32583	        10	         5	         5	  -2.32583
         2	        69	         8	   125.876	   83.8752	   -90.296	   78.0444	   733.824	  -567.294	      0.02	   2.93067	    17.296	        10	         5	         5	  -2.34596	        10	         5	         5	  -2.34596
         2	        69	         9	   125.876	   81.6573	  -90.2985	   106.378	   730.255	  -567.294	      0.02	   2.95356	   17.1615	        10	         5	         5	  -2.36606	        10	         5	         5	  -2.36606
         2	        69	        10	   125.876	   79.4394	   -90.301	   134.553	   725.592	  -567.294	      0.02	   2.97648	    17.029	        10	         5	         5	  -2.38611	        10	         5	         5	  -2.38611
         2	        70	         1	   127.575	   99.4072	  -90.2819	  -120.689	   724.538	  -599.967	      0.02	   2.71968	    18.661	        10	         5	         5	   -2.2916	        10	         5	         5	   -2.2916
         2	        70	         2	   127.575	   97.1899	  -90.2845	  -92.5711	   728.664	  -599.967	      0.02	   2.74229	   18.5054	        10	         5	         5	  -2.31276	        10	         5	         5	  -2.31276
         2	        70	         3	   127.575	   94.9724	  -90.2872	  -64.3148	   731.699	  -599.967	      0.02	   2.76484	   18.3529	        10	         5	         5	  -2.33389	        10	         5	         5	  -2.33389
         2	        70	         4	   127.575	    92.755	  -90.2897	  -35.9614	   733.639	  -599.967	      0.02	   2.78742	   18.2028	        10	         5	         5	  -2.35497	        10	         5	         5	  -2.35497
         2	        70	         5	   127.575	   90.5375	  -90.2923	  -7.55345	   734.481	  -599.967	      0.02	   2.80993	   18.0557	        10	         5	         5	  -2.37602	        10	         5	         5	  -2.37602
         2	        70	         6	   127.575	   88.3199	  -90.2949	   20.8666	   734.223	  -599.967	      0.02	   2.83246	    17.911	        10	         5	         5	  -2.39703	        10	         5	         5	  -2.39703
         2	        70	         7	   127.575	   86.1022	  -90.2975	   49.2561	   732.866	  -599.967	      0.02	   2.85492	   17.7692	        10	         5	         5	    -2.418	        10	         5	         5	    -2.418
         2	        70	         8	   127.575	   83.8846	  -90.3001	   77.5727	   730.411	  -599.967	      0.02	    2.8774	   17.6296	        10	         5	         5	  -2.43893	        10	         5	         5	  -2.43893
         2	        70	         9	   127.575	   81.6668	  -90.3027	   105.774	   726.863	  -599.967	      0.02	    2.8998	   17.4927	        10	         5	         5	  -2.45981	        10	         5	         5	  -2.45981
         2	        70	        10	   127.575	    79.449	  -90.3052	   133.817	   722.225	  -599.967	      0.02	   2.92222	    17.358	        10	         5	         5	  -2.48066	        10	         5	         5	  -2.48066
         2	        71	         1	   129.275	   99.4165	  -90.2848	   -120.21	   721.017	  -633.286	      0.02	   2.66788	   19.0385	        10	         5	         5	  -2.37683	        10	         5	         5	  -2.37683
         2	        71	         2	   129.275	   97.1993	  -90.2874	    -92.23	   725.126	  -633.286	      0.02	   2.68996	   18.8801	        10	         5	         5	  -2.39877	        10	         5	         5	  -2.39877
         2	        71	         3	   129.275	   94.9819	    -90.29	  -64.1118	   728.151	  -633.286	      0.02	   2.71199	   18.7249	        10	         5	         5	  -2.42068	        10	         5	         5	  -2.42068
         2	        71	         4	   129.275	   92.7646	  -90.2926	  -35.8967	   730.086	  -633.286	      0.02	   2.73405	   18.5721	        10	         5	         5	  -2.44256	        10	         5	         5	  -2.44256
         2	        71	         5	   129.275	   90.5471	  -90.2953	  -7.62731	   730.927	  -633.286	      0.02	   2.75603	   18.4225	        10	         5	         5	  -2.46439	        10	         5	         5	  -2.46439
         2	        71	         6	   129.275	   88.3297	  -90.2979	   20.6543	   730.675	  -633.286	      0.02	   2.77805	   18.2752	        10	         5	         5	  -2.48618	        10	         5	         5	  -2.48618
         2	        71	         7	   129.275	   86.1121	  -90.3005	   48.9057	   729.328	  -633.286	      0.02	   2.79998	   18.1308	        10	         5	         5	  -2.50792	        10	         5	         5	  -2.50792
         2	        71	         8	   129.275	   83.8945	  -90.3031	   77.0847	    726.89	  -633.286	      0.02	   2.82194	   17.9887	        10	         5	         5	  -2.52963	        10	         5	         5	  -2.52963
         2	        71	         9	   129.275	   81.6768	  -90.3057	   105.149	   723.364	  -633.286	      0.02	   2.84383	   17.8494	        10	         5	         5	  -2.55129	        10	         5	         5	  -2.55129
         2	        71	        10	   129.275	   79.4591	  -90.3083	   133.056	   718.753	  -633.286	      0.02	   2.86574	   17.7123	        10	         5	         5	  -2.57291	        10	         5	         5	  -2.57291
         2	        72	         1	   130.975	   99.4263	  -90.2865	  -119.721	   717.408	  -667.032	      0.02	   2.61408	   19.4452	        10	         5	         5	  -2.45987	        10	         5	         5	  -2.45987
         2	        72	         2	   130.975	   97.2091	  -90.2891	  -91.8822	   721.501	  -667.032	      0.02	   2.63561	   19.2839	        10	         5	         5	  -2.48257	        10	         5	         5	  -2.48257
         2	        72	         3	   130.975	   94.9919	  -90.2918	  -63.9054	   724.515	  -667.032	      0.02	    2.6571	   19.1258	        10	         5	         5	  -2.50525	        10	         5	         5	  -2.50525
         2	        72	         4	   130.975	   92.7746	  -90.2944	  -35.8322	   726.444	  -667.032	      0.02	   2.67861	   18.9702	        10	         5	         5	  -2.52788	        10	         5	         5	  -2.52788
         2	        72	         5	   130.975	   90.5573	  -90.2971	   -7.7047	   727.287	  -667.032	      0.02	   2.70005	   18.8178	        10	         5	         5	  -2.55048	        10	         5	         5	  -2.55048
         2	        72	         6	   130.975	   88.3399	  -90.2997	   20.4351	    727.04	  -667.032	      0.02	   2.72152	   18.6677	        10	         5	         5	  -2.57302	        10	         5	         5	  -2.57302
         2	        72	         7	   130.975	   86.1224	  -90.3023	   48.5451	   725.705	  -667.032	      0.02	   2.74292	   18.5206	        10	         5	         5	  -2.59553	        10	         5	         5	  -2.59553
         2	        72	         8	   130.975	   83.9049	  -90.3049	   76.5831	   723.283	  -667.032	      0.02	   2.76434	   18.3759	        10	         5	         5	  -2.61799	        10	         5	         5	  -2.61799
         2	        72	         9	   130.975	   81.6873	  -90.3075	   104.507	   719.778	  -667.032	      0.02	   2.78568	   18.2339	        10	         5	         5	  -2.64041	        10	         5	         5	  -2.64041
         2	        72	        10	   130.975	   79.4697	  -90.3101	   132.275	   715.196	  -667.032	      0.02	   2.80705	   18.0941	        10	         5	         5	  -2.66278	        10	         5	         5	  -2.66278
         2	        73	         1	   132.675	   99.4365	  -90.2871	  -119.222	   713.712	  -701.409	      0.02	   2.55831	    19.884	        10	         5	         5	  -2.54065	        10	         5	         5	  -2.54065
         2	        73	         2	   132.675	   97.2195	  -90.2898	  -91.5274	   717.788	  -701.409	      0.02	   2.57927	   19.7196	        10	         5	         5	   -2.5641	        10	         5	         5	   -2.5641
         2	        73	         3	   132.675	   95.0023	  -90.2924	  -63.6955	   720.791	  -701.409	      0.02	   2.60019	   19.5584	        10	         5	         5	  -2.58752	        10	         5	         5	  -2.58752
         2	        73	         4	   132.675	   92.7851	  -90.2951	  -35.7676	   722.715	  -701.409	      0.02	   2.62113	   19.3998	        10	         5	         5	  -2.61089	        10	         5	         5	  -2.61089
         2	        73	         5	   132.675	   90.5679	  -90.2977	  -7.78548	   723.557	  -701.409	      0.02	   2.64201	   19.2443	        10	         5	         5	  -2.63423	        10	         5	         5	  -2.63423
         2	        73	         6	   132.675	   88.3506	  -90.3003	   20.2091	   723.317	  -701.409	      0.02	   2.66291	   19.0913	        10	         5	         5	  -2.65751	        10	         5	         5	  -2.65751
         2	        73	         7	   132.675	   86.1332	   -90.303	   48.1742	   721.993	  -701.409	      0.02	   2.68374	   18.9413	        10	         5	         5	  -2.68076	        10	         5	         5	  -2.68076
         2	        73	         8	   132.675	   83.9158	  -90.3056	   76.0678	    719.59	  -701.409	      0.02	    2.7046	   18.7936	        10	         5	         5	  -2.70395	        10	         5	         5	  -2.70395
         2	        73	         9	   132.675	   81.6983	  -90.3082	   103.848	   716.108	  -701.409	      0.02	   2.72539	   18.6488	        10	         5	         5	  -2.72711	        10	         5	         5	  -2.72711
         2	        73	        10	   132.675	   79.4808	  -90.3108	   131.474	   711.553	  -701.409	      0.02	    2.7462	   18.5063	        10	         5	         5	  -2.75021	        10	         5	         5	  -2.75021
         2	        74	         1	   134.375	   99.4472	  -90.2867	  -118.713	   709.934	   -736.49	      0.02	    2.5006	   20.3581	        10	         5	         5	  -2.61912	        10	         5	         5	  -2.61912
         2	        74	         2	   134.375	   97.2303	  -90.2893	  -91.1662	   713.994	   -736.49	      0.02	   2.52097	   20.1904	        10	         5	         5	  -2.64329	        10	         5	         5	  -2.64329
         2	        74	         3	   134.375	   95.0132	   -90.292	  -63.4825	   716.985	   -736.49	      0.02	    2.5413	   20.0259	        10	         5	         5	  -2.66743	        10	         5	         5	  -2.66743
         2	        74	         4	   134.375	   92.7961	  -90.2946	  -35.7032	   718.904	   -736.49	      0.02	   2.56165	    19.864	        10	         5	         5	  -2.69153	        10	         5	         5	  -2.69153
         2	        74	         5	   134.375	    90.579	  -90.2973	  -7.86954	   719.747	   -736.49	      0.02	   2.58194	   19.7053	        10	         5	         5	  -2.71558	        10	         5	         5	  -2.71558
         2	        74	         6	   134.375	   88.3618	  -90.2999	   19.9766	   719.512	   -736.49	      0.02	   2.60225	   19.5491	        10	         5	         5	  -2.73958	        10	         5	         5	  -2.73958
         2	        74	         7	   134.375	   86.1445	  -90.3025	   47.7936	   718.201	   -736.49	      0.02	   2.62251	   19.3959	        10	         5	         5	  -2.76354	        10	         5	         5	  -2.76354
         2	        74	         8	   134.375	   83.9272	  -90.3051	   75.5397	   715.814	   -736.49	      0.02	   2.64278	   19.2452	        10	         5	         5	  -2.78745	        10	         5	         5	  -2.78745
         2	        74	         9	   134.375	   81.7098	  -90.3078	   103.174	   712.356	   -736.49	      0.02	   2.66299	   19.0973	        10	         5	         5	  -2.81132	        10	         5	         5	  -2.81132
         2	        74	        10	   134.375	   79.4924	  -90.3103	   130.653	   707.831	   -736.49	      0.02	   2.68321	   18.9517	        10	         5	         5	  -2.83513	        10	         5	         5	  -2.83513
         2	        75	         1	   136.075	    99.467	  -90.2789	  -118.216	   706.317	  -773.565	      0.02	   2.38625	   15.6762	        10	         5	         5	  -2.69523	        10	         5	         5	  -2.69523
         2	        75	         2	   136.075	   97.2503	  -90.2815	  -90.8107	    710.36	  -773.565	      0.02	   2.40673	   15.5434	        10	         5	         5	   -2.7201	        10	         5	         5	   -2.7201
         2	        75	         3	   136.075	   95.0334	  -90.2841	  -63.2689	    713.34	  -773.565	      0.02	   2.42717	   15.4132	        10	         5	         5	  -2.74494	        10	         5	         5	  -2.74494
         2	        75	         4	   136.075	   92.8165	  -90.2866	  -35.6316	   715.253	  -773.565	      0.02	   2.44761	   15.2853	        10	         5	         5	  -2.76974	        10	         5	         5	  -2.76974
         2	        75	         5	   136.075	   90.5995	  -90.2892	  -7.94017	   716.096	  -773.565	      0.02	   2.46799	     15.16	        10	         5	         5	  -2.79449	        10	         5	         5	  -2.79449
         2	        75	         6	   136.075	   88.3825	  -90.2917	   19.7639	   715.866	  -773.565	      0.02	   2.48839	   15.0368	        10	         5	         5	  -2.81919	        10	         5	         5	  -2.81919
         2	        75	         7	   136.075	   86.1654	  -90.2943	    47.439	   714.566	  -773.565	      0.02	   2.50871	   14.9161	        10	         5	         5	  -2.84384	        10	         5	         5	  -2.84384
         2	        75	         8	   136.075	   83.9483	  -90.2968	   75.0438	   712.197	  -773.565	      0.02	   2.52905	   14.7974	        10	         5	         5	  -2.86845	        10	         5	         5	  -2.86845
         2	        75	         9	   136.075	    81.731	  -90.2994	   102.537	    708.76	  -773.565	      0.02	   2.54931	    14.681	        10	         5	         5	    -2.893	        10	         5	         5	    -2.893
         2	        75	        10	   136.075	   79.5138	  -90.3019	   129.878	   704.262	  -773.565	      0.02	   2.56959	   14.5665	        10	         5	         5	  -2.91751	        10	         5	         5	  -2.91751
         2	        76	         1	   137.325	   99.4753	  -90.2771	  -117.757	   703.005	  -809.372	      0.02	   2.33979	   15.9891	        10	         5	         5	  -2.74963	        10	         5	         5	  -2.74963
         2	        76	         2	   137.325	   97.2586	  -90.2797	  -90.4814	   707.033	  -809.372	      0.02	   2.35982	   15.8538	        10	         5	         5	  -2.77501	        10	         5	         5	  -2.77501
         2	        76	         3	   137.325	   95.0418	  -90.2822	  -63.0694	   710.002	  -809.372	      0.02	   2.37979	   15.7212	        10	         5	         5	  -2.80035	        10	         5	         5	  -2.80035
         2	        76	         4	   137.325	    92.825	  -90.2848	  -35.5621	   711.911	  -809.372	      0.02	   2.39978	   15.5909	        10	         5	         5	  -2.82564	        10	         5	         5	  -2.82564
         2	        76	         5	   137.325	   90.6081	  -90.2873	  -8.00102	   712.753	  -809.372	      0.02	   2.41971	   15.4632	        10	         5	         5	  -2.85089	        10	         5	         5	  -2.85089
         2	        76	         6	   137.325	   88.3912	  -90.2899	   19.5728	   712.529	  -809.372	      0.02	   2.43964	   15.3377	        10	         5	         5	  -2.87609	        10	         5	         5	  -2.87609
         2	        76	         7	   137.325	   86.1741	  -90.2924	   47.1181	   711.239	  -809.372	      0.02	   2.45952	   15.2147	        10	         5	         5	  -2.90124	        10	         5	         5	  -2.90124
         2	        76	         8	   137.325	   83.9571	  -90.2949	   74.5937	   708.884	  -809.372	      0.02	    2.4794	   15.0937	        10	         5	         5	  -2.92634	        10	         5	         5	  -2.92634
         2	        76	         9	   137.325	   81.7399	  -90.2975	   101.958	   705.467	  -809.372	      0.02	   2.49922	   14.9751	        10	         5	         5	  -2.95139	        10	         5	         5	  -2.95139
         2	        76	        10	   137.325	   79.5227	     -90.3	   129.171	   700.995	  -809.372	      0.02	   2.51904	   14.8585	        10	         5	         5	  -2.97639	        10	         5	         5	  -2.97639
         2	        77	         1	   138.575	   99.4838	  -90.2747	  -117.298	   699.672	  -845.848	      0.02	   2.29227	    16.322	        10	         5	         5	   -2.8027	        10	         5	         5	   -2.8027
         2	        77	         2	   138.575	   97.2672	  -90.2773	  -90.1513	   703.684	  -845.848	      0.02	   2.31182	   16.1841	        10	         5	         5	  -2.82856	        10	         5	         5	  -2.82856
         2	        77	         3	   138.575	   95.0505	  -90.2798	  -62.8699	   706.643	  -845.848	      0.02	   2.33133	   16.0489	        10	         5	         5	   -2.8544	        10	         5	         5	   -2.8544
         2	        77	         4	   138.575	   92.8337	  -90.2823	  -35.4937	   708.546	  -845.848	      0.02	   2.35084	    15.916	        10	         5	         5	  -2.88018	        10	         5	         5	  -2.88018
         2	        77	         5	   138.575	   90.6169	  -90.2849	  -8.06357	   709.388	  -845.848	      0.02	   2.37031	   15.7858	        10	         5	         5	  -2.90591	        10	         5	         5	  -2.90591
         2	        77	         6	   138.575	   88.4001	  -90.2874	   19.3793	   709.169	  -845.848	      0.02	   2.38977	   15.6579	        10	         5	         5	   -2.9316	        10	         5	         5	   -2.9316
         2	        77	         7	   138.575	   86.1831	  -90.2899	   46.7939	   707.888	  -845.849	      0.02	   2.40918	   15.5324	        10	         5	         5	  -2.95723	        10	         5	         5	  -2.95723
         2	        77	         8	   138.575	   83.9661	  -90.2924	   74.1392	   705.549	  -845.848	      0.02	    2.4286	    15.409	        10	         5	         5	  -2.98281	        10	         5	         5	  -2.98281
         2	        77	         9	   138.575	    81.749	  -90.2949	   101.374	   702.153	  -845.848	      0.02	   2.44796	   15.2881	        10	         5	         5	  -3.00835	        10	         5	         5	  -3.00835
         2	        77	        10	   138.575	    79.532	  -90.2974	   128.458	   697.706	  -845.849	      0.02	   2.46732	   15.1691	        10	         5	         5	  -3.03383	        10	         5	         5	  -3.03383
         2	        78	         1	   139.825	   99.4926	  -90.2718	  -116.836	    696.32	  -883.052	      0.02	   2.24369	   16.6765	        10	         5	         5	  -2.85442	        10	         5	         5	  -2.85442
         2	        78	         2	   139.825	    97.276	  -90.2743	  -89.8206	   700.316	  -883.052	      0.02	   2.26275	   16.5358	        10	         5	         5	  -2.88076	        10	         5	         5	  -2.88076
         2	        78	         3	   139.825	   95.0594	  -90.2768	  -62.6707	   703.266	  -883.052	      0.02	   2.28178	   16.3979	        10	         5	         5	  -2.90706	        10	         5	         5	  -2.90706
         2	        78	         4	   139.825	   92.8427	  -90.2793	  -35.4261	   705.163	  -883.052	      0.02	   2.30082	   16.2624	        10	         5	         5	  -2.93332	        10	         5	         5	  -2.93332
         2	        78	         5	   139.825	    90.626	  -90.2818	  -8.12779	   706.005	  -883.052	      0.02	    2.3198	   16.1295	        10	         5	         5	  -2.95953	        10	         5	         5	  -2.95953
         2	        78	         6	   139.825	   88.4092	  -90.2843	   19.1834	   705.792	  -883.052	      0.02	   2.33879	   15.9989	        10	         5	         5	  -2.98568	        10	         5	         5	  -2.98568
         2	        78	         7	   139.825	   86.1923	  -90.2868	   46.4666	   704.521	  -883.052	      0.02	   2.35773	   15.8709	        10	         5	         5	  -3.01179	        10	         5	         5	  -3.01179
         2	        78	         8	   139.825	   83.9754	  -90.2893	    73.681	   702.196	  -883.052	      0.02	   2.37667	    15.745	        10	         5	         5	  -3.03784	        10	         5	         5	  -3.03784
         2	        78	         9	   139.825	   81.7584	  -90.2918	   100.786	   698.821	  -883.052	      0.02	   2.39555	   15.6215	        10	         5	         5	  -3.06385	        10	         5	         5	  -3.06385
         2	        78	        10	   139.825	   79.5414	  -90.2942	   127.741	   694.399	  -883.053	      0.02	   2.41444	   15.5001	        10	         5	         5	   -3.0898	        10	         5	         5	   -3.0898
         2	        79	         1	   141.075	   99.5015	  -90.2682	  -116.373	   692.945	  -921.214	      0.02	   2.19407	   17.0547	        10	         5	         5	  -2.90476	        10	         5	         5	  -2.90476
         2	        79	         2	   141.075	   97.2851	  -90.2707	  -89.4889	   696.926	  -921.214	      0.02	   2.21264	   16.9111	        10	         5	         5	  -2.93156	        10	         5	         5	  -2.93156
         2	        79	         3	   141.075	   95.0685	  -90.2732	  -62.4711	   699.865	  -921.214	      0.02	   2.23118	   16.7703	        10	         5	         5	  -2.95833	        10	         5	         5	  -2.95833
         2	        79	         4	   141.075	    92.852	  -90.2757	  -35.3592	   701.758	  -921.214	      0.02	   2.24972	   16.6318	        10	         5	         5	  -2.98505	        10	         5	         5	  -2.98505
         2	        79	         5	   141.075	   90.6353	  -90.2781	  -8.19359	     702.6	  -921.214	      0.02	   2.26822	   16.4962	        10	         5	         5	  -3.01172	        10	         5	         5	  -3.01172
         2	        79	         6	   141.075	   88.4186	  -90.2806	    18.985	   702.391	  -921.214	      0.02	   2.28672	   16.3628	        10	         5	         5	  -3.03833	        10	         5	         5	  -3.03833
         2	        79	         7	   141.075	   86.2018	  -90.2831	   46.1359	   701.131	  -921.214	      0.02	   2.30517	    16.232	        10	         5	         5	   -3.0649	        10	         5	         5	   -3.0649
         2	        79	         8	   141.075	    83.985	  -90.2855	   73.2185	   698.822	  -921.214	      0.02	   2.32362	   16.1034	        10	         5	         5	  -3.09141	        10	         5	         5	  -3.09141
         2	        79	         9	   141.075	   81.7681	   -90.288	   100.192	   695.466	  -921.214	      0.02	   2.34202	   15.9773	        10	         5	         5	  -3.11787	        10	         5	         5	  -3.11787
         2	        79	        10	   141.075	   79.5512	  -90.2904	   127.017	   691.071	  -921.214	      0.02	   2.36042	   15.8533	        10	         5	         5	  -3.14427	        10	         5	         5	  -3.14427
         3	        51	        10	     3.672	        90	  -359.606	  -12.7295	   218.183	   2273.02	      0.02	  0.288832	   44.6584	        10	         5	         5	  0.393878	        10	         5	         5	  0.393878
         3	        51	        11	      4.08	        90	  -359.562	  -12.7287	    241.18	   2272.94	      0.02	  0.288905	   44.6278	        10	         5	         5	  0.437781	        10	         5	         5	  0.437781
         3	        51	        12	     4.488	        90	  -359.518	  -12.7279	   264.185	   2272.85	      0.02	  0.288987	   44.5981	        10	         5	         5	  0.481729	        10	         5	         5	  0.481729
         3	        51	        13	     4.896	        90	  -359.474	  -12.7269	   287.201	   2272.75	      0.02	  0.289075	   44.5702	        10	         5	         5	  0.525725	        10	         5	         5	  0.525725
         3	        51	        14	     5.304	        90	   -359.43	   -12.726	   310.331	   2272.62	      0.02	   0.28917	   44.5438	        10	         5	         5	  0.569774	        10	         5	         5	  0.569774
         3	        51	        15	     5.712	        90	  -359.386	   -12.725	   333.368	   2272.48	      0.02	  0.289275	   44.5184	        10	         5	         5	  0.613881	        10	         5	         5	  0.613881
         3	        51	        16	      6.12	        90	  -359.342	  -12.7238	   356.416	   2272.32	      0.02	  0.289385	   44.4947	        10	         5	         5	   0.65805	        10	         5	         5	   0.65805
         3	        51	        17	     6.528	        90	  -359.298	  -12.7226	   379.479	   2272.17	      0.02	  0.289504	   44.4723	        10	         5	         5	  0.702286	        10	         5	         5	  0.702286
         3	        51	        18	     6.936	        90	  -359.253	  -12.7213	   402.658	   2271.98	      0.02	  0.289629	   44.4515	        10	         5	         5	  0.746593	        10	         5	         5	  0.746593
         3	        51	        19	     7.752	        90	  -359.165	  -12.7196	   426.132	   2271.81	      0.02	  0.205885	   89.0546	        10	         5	         5	  0.835439	        10	         5	         5	  0.835439
         3	        51	        20	     8.568	        90	  -359.075	  -12.7177	   450.008	   2271.56	      0.02	  0.206306	   88.9542	        10	         5	         5	  0.924627	        10	         5	         5	  0.924627
         3	        51	        21	     8.976	        90	  -359.031	  -12.7161	   473.542	   2271.29	      0.02	  0.290377	   44.3675	        10	         5	         5	   0.96936	        10	         5	         5	   0.96936
         3	        51	        22	     9.384	        90	  -358.986	  -12.7145	   496.835	   2271.02	      0.02	   0.29055	   44.3549	        10	         5	         5	   1.01419	        10	         5	         5	   1.01419
         3	        51	        23	     9.792	        90	  -358.941	  -12.7129	   520.044	   2270.76	      0.02	  0.290731	   44.3437	        10	         5	         5	   1.05913	        10	         5	         5	   1.05913
         3	        51	        24	      10.2	        90	  -358.896	  -12.7111	   543.274	   2270.48	      0.02	  0.290919	   44.3339	        10	         5	         5	   1.10418	        10	         5	         5	   1.10418
         3	        51	        25	    10.608	        90	  -358.851	  -12.7094	    566.53	    2270.2	      0.02	  0.291117	   44.3253	        10	         5	         5	   1.14934	        10	         5	         5	   1.14934
         3	        51	        26	    11.016	        90	  -358.805	  -12.7075	    589.91	   2269.88	      0.02	  0.291321	   44.3184	        10	         5	         5	   1.19462	        10	         5	         5	   1.19462
         3	        51	        27	    11.424	        90	   -358.76	  -12.7056	    613.21	   2269.56	      0.02	  0.291535	   44.3125	        10	         5	         5	   1.24002	        10	         5	         5	   1.24002
         3	        51	        28	    11.832	        90	  -358.714	  -12.7035	   636.537	   2269.23	      0.02	  0.291756	   44.3085	        10	         5	         5	   1.28556	        10	         5	         5	   1.28556
         3	        51	        29	     12.24	        90	  -358.669	  -12.7015	   659.893	    2268.9	      0.02	  0.291987	   44.3054	        10	         5	         5	   1.33123	        10	         5	         5	   1.33123
         3	        51	        30	    13.056	        90	  -358.577	  -12.6986	   683.763	   2268.52	      0.02	  0.209417	   88.3926	        10	         5	         5	   1.42299	        10	         5	         5	   1.42299
         3	        51	        31	    13.464	        90	  -358.531	  -12.6964	    707.56	   2268.05	      0.02	  0.292729	   44.3047	        10	         5	         5	   1.46909	        10	         5	         5	   1.46909
         3	        51	        32	    13.872	        90	  -358.485	  -12.6942	   731.036	   2267.66	      0.02	  0.292992	   44.3075	        10	         5	         5	   1.51535	        10	         5	         5	   1.51535
         3	        51	        33	     14.28	        90	  -358.438	  -12.6918	   754.548	   2267.29	      0.02	  0.293266	   44.3113	        10	         5	         5	   1.56177	        10	         5	         5	   1.56177
         3	        51	        34	    14.688	        90	  -358.392	  -12.6893	   778.189	   2266.85	      0.02	  0.293549	   44.3165	        10	         5	         5	   1.60835	        10	         5	         5	   1.60835
         3	        51	        35	    15.096	        90	  -358.345	  -12.6869	   801.762	   2266.42	      0.02	  0.293839	   44.3235	        10	         5	         5	   1.65511	        10	         5	         5	   1.65511
         3	        51	        36	    15.504	        90	  -358.298	  -12.6843	   825.371	   2265.98	      0.02	   0.29414	   44.3314	        10	         5	         5	   1.70205	        10	         5	         5	   1.70205
         3	        51	        37	    15.912	        90	  -358.251	  -12.6818	   849.023	   2265.56	      0.02	   0.29445	   44.3407	        10	         5	         5	   1.74917	        10	         5	         5	   1.74917
         3	        51	        38	     16.32	        90	  -358.204	  -12.6791	   872.805	   2265.06	      0.02	  0.294768	   44.3517	        10	         5	         5	   1.79647	        10	         5	         5	   1.79647
         3	        51	        39	    16.728	        90	  -358.156	  -12.6764	   896.524	   2264.59	      0.02	  0.295096	   44.3639	        10	         5	         5	   1.84398	        10	         5	         5	   1.84398
         3	        51	        40	    17.136	        90	  -358.108	  -12.6736	   920.285	   2264.11	      0.02	  0.295433	   44.3775	        10	         5	         5	   1.89168	        10	         5	         5	   1.89168
         3	        52	        40	   17.1407	    91.323	  -1.38449	  -35.6454	   920.264	   2264.17	      0.02	  0.295279	   46.3005	        10	         5	         5	         0	        10	         5	         5	         0
         3	        52	        39	   16.7328	   91.3573	  -1.41725	  -35.6527	   896.505	   2264.66	      0.02	  0.294944	   46.2385	        10	         5	         5	         0	        10	         5	         5	         0
         3	        52	        38	    16.325	   91.3932	  -1.45166	  -35.6598	   872.787	   2265.13	      0.02	  0.294621	   46.1778	        10	         5	         5	         0	        10	         5	         5	         0
         3	        52	        37	   15.9171	   91.4308	  -1.48787	  -35.6669	   849.004	   2265.62	      0.02	  0.294305	    46.119	        10	         5	         5	         0	        10	         5	         5	         0
         3	        52	        36	   15.5092	   91.4705	  -1.52601	  -35.6735	   825.353	   2266.04	      0.02	     0.294	   46.0617	        10	         5	         5	         0	        10	         5	         5	         0
         3	        52	        35	   15.1014	   91.5122	  -1.56624	  -35.6802	   801.745	   2266.48	      0.02	  0.293703	   46.0057	        10	         5	         5	         0	        10	         5	         5	         0
         3	        52	        34	   14.6935	   91.5561	  -1.60872	  -35.6867	   778.173	   2266.91	      0.02	  0.293416	   45.9519	        10	         5	         5	         0	        10	         5	         5	         0
         3	        52	        33	   14.2857	   91.6026	  -1.65366	  -35.6931	   754.532	   2267.35	      0.02	  0.293137	    45.899	        10	         5	         5	         0	        10	         5	         5	         0
         3	        52	        32	   13.8779	   91.6516	  -1.70128	  -35.6991	   731.019	   2267.72	      0.02	  0.292868	   45.8478	        10	         5	         5	         0	        10	         5	         5	         0
         3	        52	        31	   13.4701	   91.7036	   -1.7518	   -35.705	   707.545	   2268.11	      0.02	  0.292607	   45.7984	        10	         5	         5	         0	        10	         5	         5	         0
         3	        52	        30	   13.0623	   91.7588	  -1.80552	  -35.7113	   683.737	   2268.58	      0.02	  0.209416	   90.0001	        10	         5	         5	         0	        10	         5	         5	         0
         3	        52	        29	   12.2467	     91.88	  -1.92378	  -35.7177	   659.878	   2268.97	      0.02	  0.291876	   45.6587	        10	         5	         5	         0	        10	         5	         5	         0
         3	        52	        28	   11.8389	   91.9468	  -1.98906	   -35.723	   636.521	   2269.29	      0.02	  0.291651	   45.6152	        10	         5	         5	         0	        10	         5	         5	         0
         3	        52	        27	   11.4312	   92.0182	  -2.05905	  -35.7281	   613.197	   2269.62	      0.02	  0.291433	   45.5732	        10	         5	         5	         0	        10	         5	         5	         0
         3	        52	        26	   11.0235	   92.0949	  -2.13425	  -35.7331	   589.897	   2269.94	      0.02	  0.291222	   45.5327	        10	         5	         5	         0	        10	         5	         5	         0
         3	        52	        25	   10.6158	   92.1774	  -2.21526	   -35.738	   566.518	   2270.26	      0.02	   0.29102	   45.4939	        10	         5	         5	         0	        10	         5	         5	         0
         3	        52	        24	   10.2081	   92.2664	  -2.30279	  -35.7425	   543.262	   2270.54	      0.02	  0.290827	   45.4562	        10	         5	         5	         0	        10	         5	         5	         0
         3	        52	        23	   9.80041	   92.3627	  -2.39763	  -35.7469	   520.031	   2270.82	      0.02	  0.290643	   45.4203	        10	         5	         5	         0	        10	         5	         5	         0
         3	        52	        22	   9.39279	   92.4673	  -2.50075	  -35.7511	   496.822	   2271.08	      0.02	  0.290465	   45.3859	        10	         5	         5	         0	        10	         5	         5	         0
         3	        52	        21	   8.98519	   92.5812	  -2.61327	  -35.7552	   473.531	   2271.35	      0.02	  0.290296	   45.3529	        10	         5	         5	         0	        10	         5	         5	         0
         3	        52	        20	   8.57764	    92.706	  -2.73652	  -35.7593	   449.991	   2271.62	      0.02	  0.206306	        90	        10	         5	         5	         0	        10	         5	         5	         0
         3	        52	        19	   7.76266	   92.9944	  -3.02203	  -35.7635	   426.116	   2271.87	      0.02	  0.205885	   90.0003	        10	         5	         5	         0	        10	         5	         5	         0
         3	        52	        18	   6.94793	     93.35	  -3.37473	  -35.7671	   402.649	   2272.04	      0.02	  0.289567	   45.2105	        10	         5	         5	         0	        10	         5	         5	         0
         3	        52	        17	   6.54068	   93.5609	  -3.58413	  -35.7702	    379.47	   2272.23	      0.02	  0.289445	   45.1863	        10	         5	         5	         0	        10	         5	         5	         0
         3	        52	        16	   6.13353	   93.7996	  -3.82137	   -35.773	   356.407	   2272.39	      0.02	  0.289331	   45.1638	        10	         5	         5	         0	        10	         5	         5	         0
         3	        52	        15	   5.72651	   94.0721	  -4.09244	  -35.7757	   333.359	   2272.55	      0.02	  0.289222	   45.1427	        10	         5	         5	         0	        10	         5	         5	         0
         3	        52	        14	   5.31962	   94.3862	  -4.40505	  -35.7782	   310.323	   2272.68	      0.02	  0.289122	   45.1228	        10	         5	         5	         0	        10	         5	         5	         0
         3	        52	        13	   4.91293	   94.7521	   -4.7695	  -35.7805	   287.193	   2272.81	      0.02	   0.28903	   45.1048	        10	         5	         5	         0	        10	         5	         5	         0
         3	        52	        12	   4.50647	   95.1838	  -5.19981	  -35.7825	   264.178	   2272.91	      0.02	  0.288946	   45.0879	        10	         5	         5	         0	        10	         5	         5	         0
         3	        52	        11	   4.10031	    95.701	  -5.71548	  -35.7844	   241.173	      2273	      0.02	  0.288869	   45.0727	        10	         5	         5	         0	        10	         5	         5	         0
         3	        52	        10	   3.69457	   96.3315	  -6.34462	   -35.786	   218.178	   2273.08	      0.02	  0.288799	   45.0587	        10	         5	         5	         0	        10	         5	         5	         0
         3	        52	         9	   3.28937	   97.1173	  -7.12894	  -35.7875	   195.085	   2273.15	      0.02	  0.288737	   45.0466	        10	         5	         5	         0	        10	         5	         5	         0
         3	        53	        40	   17.1548	   92.6446	   -2.7675	  -58.5143	   920.256	   2264.22	      0.02	   0.29528	   46.3005	        10	         5	         5	         0	        10	         5	         5	         0
         3	        53	        39	   16.7473	   92.7129	   -2.8329	  -58.5261	   896.497	    2264.7	      0.02	  0.294945	   46.2386	        10	         5	         5	         0	        10	         5	         5	         0
         3	        53	        38	   16.3398	   92.7846	  -2.90161	  -58.5375	   872.779	   2265.17	      0.02	   0.29462	   46.1778	        10	         5	         5	         0	        10	         5	         5	         0
         3	        53	        37	   15.9324	   92.8598	  -2.97388	  -58.5491	   848.997	   2265.67	      0.02	  0.294306	   46.1192	        10	         5	         5	         0	        10	         5	         5	         0
         3	        53	        36	   15.5249	   92.9389	  -3.05001	  -58.5597	   825.345	   2266.09	      0.02	     0.294	   46.0617	        10	         5	         5	         0	        10	         5	         5	         0
         3	        53	        35	   15.1175	   93.0222	  -3.13029	  -58.5704	   801.738	   2266.53	      0.02	  0.293703	   46.0059	        10	         5	         5	         0	        10	         5	         5	         0
         3	        53	        34	   14.7102	   93.1099	  -3.21507	  -58.5808	   778.165	   2266.96	      0.02	  0.293416	   45.9519	        10	         5	         5	         0	        10	         5	         5	         0
         3	        53	        33	   14.3028	   93.2025	  -3.30474	  -58.5914	   754.525	    2267.4	      0.02	  0.293137	    45.899	        10	         5	         5	         0	        10	         5	         5	         0
         3	        53	        32	   13.8955	   93.3005	  -3.39973	  -58.6009	   731.012	   2267.77	      0.02	  0.292868	   45.8479	        10	         5	         5	         0	        10	         5	         5	         0
         3	        53	        31	   13.4882	   93.4042	  -3.50051	  -58.6104	   707.538	   2268.17	      0.02	  0.292608	   45.7984	        10	         5	         5	         0	        10	         5	         5	         0
         3	        53	        30	    13.081	   93.5143	  -3.60763	  -58.6209	   683.731	   2268.63	      0.02	  0.209417	        90	        10	         5	         5	         0	        10	         5	         5	         0
         3	        53	        29	   12.2668	   93.7559	  -3.84341	  -58.6309	   659.871	   2269.01	      0.02	  0.291877	   45.6587	        10	         5	         5	         0	        10	         5	         5	         0
         3	        53	        28	   11.8597	    93.889	  -3.97355	  -58.6392	   636.515	   2269.34	      0.02	   0.29165	   45.6152	        10	         5	         5	         0	        10	         5	         5	         0
         3	        53	        27	   11.4527	   94.0314	    -4.113	  -58.6476	   613.191	   2269.67	      0.02	  0.291433	    45.573	        10	         5	         5	         0	        10	         5	         5	         0
         3	        53	        26	   11.0458	   94.1841	   -4.2628	  -58.6555	   589.891	   2269.99	      0.02	  0.291223	   45.5328	        10	         5	         5	         0	        10	         5	         5	         0
         3	        53	        25	    10.639	   94.3484	  -4.42414	  -58.6635	   566.512	   2270.31	      0.02	  0.291021	   45.4937	        10	         5	         5	         0	        10	         5	         5	         0
         3	        53	        24	   10.2322	   94.5255	  -4.59837	  -58.6706	   543.256	   2270.59	      0.02	  0.290828	   45.4564	        10	         5	         5	         0	        10	         5	         5	         0
         3	        53	        23	   9.82561	   94.7172	  -4.78712	  -58.6777	   520.026	   2270.87	      0.02	  0.290643	   45.4206	        10	         5	         5	         0	        10	         5	         5	         0
         3	        53	        22	   9.41909	   94.9253	  -4.99225	  -58.6843	   496.817	   2271.13	      0.02	  0.290466	   45.3857	        10	         5	         5	         0	        10	         5	         5	         0
         3	        53	        21	   9.01271	   95.1519	  -5.21597	   -58.691	   473.526	    2271.4	      0.02	  0.290297	    45.353	        10	         5	         5	         0	        10	         5	         5	         0
         3	        53	        20	   8.60648	   95.3998	   -5.4609	  -58.6978	   449.986	   2271.67	      0.02	  0.206306	        90	        10	         5	         5	         0	        10	         5	         5	         0
         3	        53	        19	   7.79457	   95.9724	  -6.02764	  -58.7043	   426.112	   2271.92	      0.02	  0.205885	   90.0001	        10	         5	         5	         0	        10	         5	         5	         0
         3	        53	        18	    6.9836	   96.6771	  -6.72656	  -58.7095	   402.645	   2272.09	      0.02	  0.289566	   45.2105	        10	         5	         5	         0	        10	         5	         5	         0
         3	        53	        17	   6.57858	   97.0942	  -7.14077	  -58.7146	   379.466	   2272.28	      0.02	  0.289445	   45.1864	        10	         5	         5	         0	        10	         5	         5	         0
         3	        53	        16	   6.17396	   97.5658	  -7.60943	   -58.719	   356.403	   2272.43	      0.02	   0.28933	    45.164	        10	         5	         5	         0	        10	         5	         5	         0
         3	        53	        15	    5.7698	   98.1032	  -8.14395	  -58.7232	   333.356	   2272.59	      0.02	  0.289222	   45.1426	        10	         5	         5	         0	        10	         5	         5	         0
         3	        53	        14	   5.36622	   98.7213	  -8.75906	  -58.7271	    310.32	   2272.73	      0.02	  0.289123	   45.1229	        10	         5	         5	         0	        10	         5	         5	         0
         3	        53	        13	   4.96337	   99.4394	  -9.47426	  -58.7308	    287.19	   2272.85	      0.02	  0.289031	   45.1048	        10	         5	         5	         0	        10	         5	         5	         0
         3	        53	        12	   4.56143	   100.284	  -10.3158	  -58.7338	   264.176	   2272.96	      0.02	  0.288946	    45.088	        10	         5	         5	         0	        10	         5	         5	         0
         3	        53	        11	   4.16066	   101.291	    -11.32	  -58.7367	   241.171	   2273.05	      0.02	  0.288869	   45.0727	        10	         5	         5	         0	        10	         5	         5	         0
         3	        53	        10	   3.76145	   102.512	  -12.5379	  -58.7392	   218.175	   2273.12	      0.02	  0.288799	   45.0589	        10	         5	         5	         0	        10	         5	         5	         0
         3	        53	         9	   3.36435	   104.021	  -14.0445	  -58.7414	   195.083	   2273.19	      0.02	  0.288737	   45.0464	        10	         5	         5	         0	        10	         5	         5	         0
         3	        54	        40	   17.1784	   93.9632	  -4.14758	  -81.3858	   920.245	   2264.26	      0.02	  0.295279	   46.3005	        10	         5	         5	         0	        10	         5	         5	         0
         3	        54	        39	   16.7714	   94.0654	  -4.24539	   -81.402	   896.486	   2264.74	      0.02	  0.294945	   46.2383	        10	         5	         5	         0	        10	         5	         5	         0
         3	        54	        38	   16.3646	   94.1726	  -4.34814	  -81.4179	   872.768	   2265.22	      0.02	  0.294621	   46.1782	        10	         5	         5	         0	        10	         5	         5	         0
         3	        54	        37	   15.9578	   94.2851	  -4.45621	   -81.434	   848.986	   2265.71	      0.02	  0.294306	    46.119	        10	         5	         5	         0	        10	         5	         5	         0
         3	        54	        36	   15.5511	   94.4034	  -4.57001	  -81.4485	   825.335	   2266.12	      0.02	  0.293999	   46.0618	        10	         5	         5	         0	        10	         5	         5	         0
         3	        54	        35	   15.1444	   94.5278	     -4.69	  -81.4632	   801.728	   2266.57	      0.02	  0.293704	   46.0061	        10	         5	         5	         0	        10	         5	         5	         0
         3	        54	        34	   14.7378	   94.6589	   -4.8167	  -81.4776	   778.155	   2266.99	      0.02	  0.293416	   45.9516	        10	         5	         5	         0	        10	         5	         5	         0
         3	        54	        33	   14.3313	   94.7974	  -4.95068	  -81.4921	   754.515	   2267.43	      0.02	  0.293137	   45.8988	        10	         5	         5	         0	        10	         5	         5	         0
         3	        54	        32	   13.9248	   94.9437	  -5.09257	  -81.5052	   731.003	    2267.8	      0.02	  0.292867	   45.8479	        10	         5	         5	         0	        10	         5	         5	         0
         3	        54	        31	   13.5185	   95.0986	  -5.24307	  -81.5185	   707.529	    2268.2	      0.02	  0.292607	   45.7983	        10	         5	         5	         0	        10	         5	         5	         0
         3	        54	        30	   13.1123	   95.2629	    -5.403	   -81.533	   683.722	   2268.66	      0.02	  0.209416	   89.9999	        10	         5	         5	         0	        10	         5	         5	         0
         3	        54	        29	   12.3001	   95.6236	  -5.75484	  -81.5467	   659.862	   2269.05	      0.02	  0.291877	   45.6587	        10	         5	         5	         0	        10	         5	         5	         0
         3	        54	        28	   11.8942	   95.8221	  -5.94892	  -81.5581	   636.506	   2269.37	      0.02	  0.291651	   45.6153	        10	         5	         5	         0	        10	         5	         5	         0
         3	        54	        27	   11.4885	   96.0344	  -6.15683	  -81.5695	   613.182	    2269.7	      0.02	  0.291432	   45.5734	        10	         5	         5	         0	        10	         5	         5	         0
         3	        54	        26	    11.083	    96.262	  -6.38006	  -81.5805	   589.882	   2270.02	      0.02	  0.291223	   45.5328	        10	         5	         5	         0	        10	         5	         5	         0
         3	        54	        25	   10.6776	   96.5067	  -6.62036	  -81.5915	   566.504	   2270.34	      0.02	  0.291021	   45.4939	        10	         5	         5	         0	        10	         5	         5	         0
         3	        54	        24	   10.2724	   96.7705	  -6.87974	  -81.6012	   543.248	   2270.62	      0.02	  0.290827	   45.4564	        10	         5	         5	         0	        10	         5	         5	         0
         3	        54	        23	   9.86746	   97.0557	  -7.16054	  -81.6109	   520.018	    2270.9	      0.02	  0.290643	   45.4204	        10	         5	         5	         0	        10	         5	         5	         0
         3	        54	        22	   9.46278	    97.365	  -7.46549	  -81.6202	    496.81	   2271.16	      0.02	  0.290466	   45.3858	        10	         5	         5	         0	        10	         5	         5	         0
         3	        54	        21	   9.05839	   97.7017	   -7.7978	  -81.6293	   473.519	   2271.43	      0.02	  0.290296	    45.353	        10	         5	         5	         0	        10	         5	         5	         0
         3	        54	        20	   8.65434	   98.0696	  -8.16129	  -81.6385	    449.98	    2271.7	      0.02	  0.206306	   89.9999	        10	         5	         5	         0	        10	         5	         5	         0
         3	        54	        19	   7.84745	    98.918	  -9.00096	  -81.6474	   426.106	   2271.95	      0.02	  0.205884	        90	        10	         5	         5	         0	        10	         5	         5	         0
         3	        54	        18	   7.04265	   99.9593	  -10.0335	  -81.6544	   402.639	   2272.12	      0.02	  0.289568	   45.2103	        10	         5	         5	         0	        10	         5	         5	         0
         3	        54	        17	   6.64127	   100.574	  -10.6437	  -81.6614	    379.46	   2272.31	      0.02	  0.289445	   45.1861	        10	         5	         5	         0	        10	         5	         5	         0
         3	        54	        16	   6.24074	   101.267	  -11.3326	  -81.6674	   356.398	   2272.47	      0.02	   0.28933	   45.1638	        10	         5	         5	         0	        10	         5	         5	         0
         3	        54	        15	   5.84125	   102.055	   -12.116	  -81.6731	   333.351	   2272.62	      0.02	  0.289223	   45.1426	        10	         5	         5	         0	        10	         5	         5	         0
         3	        54	        14	   5.44301	   102.958	  -13.0145	  -81.6784	   310.315	   2272.76	      0.02	  0.289123	    45.123	        10	         5	         5	         0	        10	         5	         5	         0
         3	        54	        13	   5.04632	   104.002	  -14.0547	  -81.6834	   287.186	   2272.89	      0.02	  0.289031	   45.1047	        10	         5	         5	         0	        10	         5	         5	         0
         3	        54	        12	   4.65159	   105.224	  -15.2722	  -81.6876	   264.172	   2272.99	      0.02	  0.288946	   45.0879	        10	         5	         5	         0	        10	         5	         5	         0
         3	        54	        11	   4.25935	   106.671	   -16.715	  -81.6914	   241.167	   2273.08	      0.02	  0.288869	   45.0726	        10	         5	         5	         0	        10	         5	         5	         0
         3	        54	        10	   3.87036	    108.41	  -18.4493	  -81.6947	   218.172	   2273.15	      0.02	    0.2888	   45.0589	        10	         5	         5	         0	        10	         5	         5	         0
         3	        54	         9	   3.48572	   110.534	  -20.5691	  -81.6977	    195.08	   2273.23	      0.02	  0.288737	   45.0467	        10	         5	         5	         0	        10	         5	         5	         0
         3	        55	        40	   17.2112	   95.2774	  -5.52327	  -104.261	    920.23	   2264.28	      0.02	   0.29528	   46.3004	        10	         5	         5	         0	        10	         5	         5	         0
         3	        55	        39	   16.8052	   95.4132	  -5.65316	  -104.281	   896.472	   2264.77	      0.02	  0.294946	   46.2382	        10	         5	         5	         0	        10	         5	         5	         0
         3	        55	        38	   16.3992	   95.5556	  -5.78958	  -104.302	   872.754	   2265.24	      0.02	  0.294621	    46.178	        10	         5	         5	         0	        10	         5	         5	         0
         3	        55	        37	   15.9933	   95.7049	  -5.93303	  -104.322	   848.972	   2265.73	      0.02	  0.294307	   46.1189	        10	         5	         5	         0	        10	         5	         5	         0
         3	        55	        36	   15.5876	   95.8619	  -6.08405	  -104.341	   825.321	   2266.15	      0.02	     0.294	   46.0618	        10	         5	         5	         0	        10	         5	         5	         0
         3	        55	        35	   15.1819	    96.027	  -6.24326	  -104.359	   801.714	   2266.59	      0.02	  0.293703	   46.0058	        10	         5	         5	         0	        10	         5	         5	         0
         3	        55	        34	   14.7764	    96.201	  -6.41131	  -104.378	   778.142	   2267.02	      0.02	  0.293415	   45.9519	        10	         5	         5	         0	        10	         5	         5	         0
         3	        55	        33	    14.371	   96.3845	  -6.58896	  -104.396	   754.502	   2267.46	      0.02	  0.293137	   45.8992	        10	         5	         5	         0	        10	         5	         5	         0
         3	        55	        32	   13.9658	   96.5785	  -6.77705	  -104.413	    730.99	   2267.83	      0.02	  0.292868	   45.8478	        10	         5	         5	         0	        10	         5	         5	         0
         3	        55	        31	   13.5607	   96.7838	  -6.97648	   -104.43	   707.516	   2268.22	      0.02	  0.292609	   45.7985	        10	         5	         5	         0	        10	         5	         5	         0
         3	        55	        30	   13.1558	   97.0016	  -7.18833	  -104.449	    683.71	   2268.68	      0.02	  0.209417	   89.9999	        10	         5	         5	         0	        10	         5	         5	         0
         3	        55	        29	   12.3467	   97.4791	  -7.65408	  -104.466	   659.851	   2269.08	      0.02	  0.291876	   45.6588	        10	         5	         5	         0	        10	         5	         5	         0
         3	        55	        28	   11.9424	   97.7417	  -7.91081	   -104.48	   636.495	    2269.4	      0.02	  0.291651	   45.6152	        10	         5	         5	         0	        10	         5	         5	         0
         3	        55	        27	   11.5384	   98.0224	  -8.18568	  -104.495	   613.171	   2269.73	      0.02	  0.291432	   45.5733	        10	         5	         5	         0	        10	         5	         5	         0
         3	        55	        26	   11.1348	   98.3232	  -8.48061	  -104.509	   589.872	   2270.04	      0.02	  0.291223	   45.5329	        10	         5	         5	         0	        10	         5	         5	         0
         3	        55	        25	   10.7314	   98.6464	  -8.79789	  -104.523	   566.494	   2270.37	      0.02	  0.291022	   45.4939	        10	         5	         5	         0	        10	         5	         5	         0
         3	        55	        24	   10.3284	   98.9944	  -9.14009	  -104.535	   543.239	   2270.64	      0.02	  0.290828	   45.4563	        10	         5	         5	         0	        10	         5	         5	         0
         3	        55	        23	   9.92576	   99.3704	  -9.51022	  -104.547	   520.009	   2270.92	      0.02	  0.290642	   45.4204	        10	         5	         5	         0	        10	         5	         5	         0
         3	        55	        22	    9.5236	   99.7779	  -9.91181	  -104.559	   496.801	   2271.18	      0.02	  0.290465	   45.3859	        10	         5	         5	         0	        10	         5	         5	         0
         3	        55	        21	   9.12196	   100.221	   -10.349	  -104.571	    473.51	   2271.45	      0.02	  0.290296	   45.3528	        10	         5	         5	         0	        10	         5	         5	         0
         3	        55	        20	    8.7209	   100.704	  -10.8265	  -104.583	   449.971	   2271.72	      0.02	  0.206306	   89.9998	        10	         5	         5	         0	        10	         5	         5	         0
         3	        55	        19	    7.9209	   101.817	  -11.9271	  -104.594	   426.097	   2271.97	      0.02	  0.205884	   89.9998	        10	         5	         5	         0	        10	         5	         5	         0
         3	        55	        18	    7.1245	   103.176	  -13.2752	  -104.603	   402.631	   2272.14	      0.02	  0.289567	   45.2102	        10	         5	         5	         0	        10	         5	         5	         0
         3	        55	        17	   6.72805	   103.976	  -14.0691	  -104.612	   379.453	   2272.33	      0.02	  0.289445	   45.1863	        10	         5	         5	         0	        10	         5	         5	         0
         3	        55	        16	   6.33306	   104.875	  -14.9624	  -104.619	   356.391	   2272.49	      0.02	   0.28933	   45.1637	        10	         5	         5	         0	        10	         5	         5	         0
         3	        55	        15	   5.93983	   105.893	  -15.9746	  -104.626	   333.344	   2272.64	      0.02	  0.289223	   45.1425	        10	         5	         5	         0	        10	         5	         5	         0
         3	        55	        14	   5.54871	   107.055	  -17.1301	  -104.633	   310.309	   2272.78	      0.02	  0.289123	   45.1229	        10	         5	         5	         0	        10	         5	         5	         0
         3	        55	        13	   5.16021	   108.391	  -18.4605	  -104.639	    287.18	   2272.91	      0.02	   0.28903	   45.1049	        10	         5	         5	         0	        10	         5	         5	         0
         3	        55	        12	   4.77495	   109.943	  -20.0069	  -104.645	   264.166	      2273	      0.02	  0.288946	   45.0879	        10	         5	         5	         0	        10	         5	         5	         0
         3	        55	        11	   4.39378	   111.765	  -21.8235	  -104.649	   241.162	    2273.1	      0.02	  0.288869	   45.0728	        10	         5	         5	         0	        10	         5	         5	         0
         3	        55	        10	   4.01788	    113.93	  -23.9828	  -104.654	   218.168	   2273.17	      0.02	  0.288798	   45.0589	        10	         5	         5	         0	        10	         5	         5	         0
         3	        55	         9	   3.64887	   116.537	  -26.5836	  -104.657	   195.076	   2273.24	      0.02	  0.288737	   45.0466	        10	         5	         5	         0	        10	         5	         5	         0
         3	        55	         8	   3.28907	   119.721	  -29.7618	   -104.66	   172.096	   2273.28	      0.02	  0.288683	   45.0359	        10	         5	         5	         0	        10	         5	         5	         0
         3	        56	        40	   17.2534	   96.5858	  -6.89316	  -127.244	   920.212	   2264.29	      0.02	  0.295281	   46.3003	        10	         5	         5	         0	        10	         5	         5	         0
         3	        56	        39	   16.8484	   96.7547	  -7.05468	   -127.27	   896.454	   2264.78	      0.02	  0.294945	   46.2384	        10	         5	         5	         0	        10	         5	         5	         0
         3	        56	        38	   16.4436	   96.9317	  -7.22428	  -127.294	   872.736	   2265.25	      0.02	  0.294621	   46.1781	        10	         5	         5	         0	        10	         5	         5	         0
         3	        56	        37	   16.0389	   97.1174	  -7.40257	   -127.32	   848.955	   2265.74	      0.02	  0.294305	   46.1191	        10	         5	         5	         0	        10	         5	         5	         0
         3	        56	        36	   15.6344	   97.3125	  -7.59023	  -127.342	   825.304	   2266.16	      0.02	  0.293999	   46.0617	        10	         5	         5	         0	        10	         5	         5	         0
         3	        56	        35	     15.23	   97.5176	  -7.78797	  -127.364	   801.698	    2266.6	      0.02	  0.293704	   46.0061	        10	         5	         5	         0	        10	         5	         5	         0
         3	        56	        34	   14.8259	   97.7337	  -7.99665	  -127.387	   778.126	   2267.02	      0.02	  0.293416	   45.9517	        10	         5	         5	         0	        10	         5	         5	         0
         3	        56	        33	    14.422	   97.9616	  -8.21716	  -127.409	   754.486	   2267.46	      0.02	  0.293137	   45.8989	        10	         5	         5	         0	        10	         5	         5	         0
         3	        56	        32	   14.0183	   98.2023	  -8.45052	   -127.43	   730.974	   2267.83	      0.02	  0.292868	    45.848	        10	         5	         5	         0	        10	         5	         5	         0
         3	        56	        31	   13.6148	    98.457	  -8.69786	   -127.45	   707.501	   2268.23	      0.02	  0.292608	   45.7983	        10	         5	         5	         0	        10	         5	         5	         0
         3	        56	        30	   13.2117	    98.727	  -8.96046	  -127.472	   683.695	   2268.69	      0.02	  0.209416	   89.9998	        10	         5	         5	         0	        10	         5	         5	         0
         3	        56	        29	   12.4063	   99.3186	  -9.53731	  -127.493	   659.836	   2269.08	      0.02	  0.291876	   45.6587	        10	         5	         5	         0	        10	         5	         5	         0
         3	        56	        28	   12.0041	   99.6436	    -9.855	  -127.511	   636.481	    2269.4	      0.02	  0.291651	   45.6152	        10	         5	         5	         0	        10	         5	         5	         0
         3	        56	        27	   11.6023	   99.9908	  -10.1949	  -127.529	   613.158	   2269.73	      0.02	  0.291432	   45.5731	        10	         5	         5	         0	        10	         5	         5	         0
         3	        56	        26	    11.201	   100.363	  -10.5593	  -127.546	   589.859	   2270.04	      0.02	  0.291222	   45.5328	        10	         5	         5	         0	        10	         5	         5	         0
         3	        56	        25	   10.8002	   100.762	   -10.951	  -127.563	   566.481	   2270.37	      0.02	  0.291021	   45.4939	        10	         5	         5	         0	        10	         5	         5	         0
         3	        56	        24	   10.3999	   101.191	   -11.373	  -127.578	   543.226	   2270.64	      0.02	  0.290829	   45.4564	        10	         5	         5	         0	        10	         5	         5	         0
         3	        56	        23	   10.0002	   101.654	   -11.829	  -127.593	   519.997	   2270.92	      0.02	  0.290643	   45.4206	        10	         5	         5	         0	        10	         5	         5	         0
         3	        56	        22	   9.60124	   102.156	  -12.3232	  -127.607	    496.79	   2271.18	      0.02	  0.290465	   45.3859	        10	         5	         5	         0	        10	         5	         5	         0
         3	        56	        21	   9.20305	     102.7	  -12.8603	  -127.621	     473.5	   2271.45	      0.02	  0.290296	   45.3528	        10	         5	         5	         0	        10	         5	         5	         0
         3	        56	        20	   8.80575	   103.293	  -13.4462	  -127.635	   449.961	   2271.72	      0.02	  0.206304	        90	        10	         5	         5	         0	        10	         5	         5	         0
         3	        56	        19	   8.01434	   104.654	  -14.7926	  -127.649	   426.088	   2271.97	      0.02	  0.205884	   90.0001	        10	         5	         5	         0	        10	         5	         5	         0
         3	        56	        18	   7.22837	    106.31	  -16.4341	   -127.66	   402.622	   2272.13	      0.02	  0.289567	   45.2102	        10	         5	         5	         0	        10	         5	         5	         0
         3	        56	        17	   6.83801	    107.28	  -17.3963	   -127.67	   379.444	   2272.33	      0.02	  0.289444	   45.1864	        10	         5	         5	         0	        10	         5	         5	         0
         3	        56	        16	   6.44982	   108.366	  -18.4749	  -127.679	   356.382	   2272.49	      0.02	   0.28933	   45.1638	        10	         5	         5	         0	        10	         5	         5	         0
         3	        56	        15	   6.06422	    109.59	  -19.6916	  -127.688	   333.336	   2272.63	      0.02	  0.289223	   45.1427	        10	         5	         5	         0	        10	         5	         5	         0
         3	        56	        14	   5.68173	   110.979	  -21.0731	  -127.696	   310.301	   2272.78	      0.02	  0.289124	    45.123	        10	         5	         5	         0	        10	         5	         5	         0
         3	        56	        13	   5.30305	   112.566	  -22.6532	  -127.704	   287.174	   2272.91	      0.02	   0.28903	   45.1047	        10	         5	         5	         0	        10	         5	         5	         0
         3	        56	        12	   4.92902	   114.395	  -24.4752	  -127.711	    264.16	      2273	      0.02	  0.288946	   45.0879	        10	         5	         5	         0	        10	         5	         5	         0
         3	        56	        11	   4.56081	   116.521	  -26.5941	  -127.716	   241.157	    2273.1	      0.02	  0.288868	   45.0727	        10	         5	         5	         0	        10	         5	         5	         0
         3	        56	        10	   4.19994	   119.016	  -29.0815	  -127.721	   218.163	   2273.17	      0.02	  0.288799	   45.0591	        10	         5	         5	         0	        10	         5	         5	         0
         3	        56	         9	   3.84848	   121.972	  -32.0302	  -127.725	   195.071	   2273.24	      0.02	  0.288738	   45.0466	        10	         5	         5	         0	        10	         5	         5	         0
         3	        56	         8	   3.50926	   125.509	  -35.5604	  -127.729	   172.091	   2273.28	      0.02	  0.288682	   45.0356	        10	         5	         5	         0	        10	         5	         5	         0
         3	        57	        39	   16.9011	   98.0885	  -8.44847	  -150.158	   896.433	   2264.77	      0.02	  0.294946	   46.2383	        10	         5	         5	         0	        10	         5	         5	         0
         3	        57	        38	   16.4976	   98.2996	  -8.65066	  -150.188	   872.716	   2265.24	      0.02	  0.294621	   46.1778	        10	         5	         5	         0	        10	         5	         5	         0
         3	        57	        37	   16.0944	   98.5209	  -8.86313	  -150.217	   848.935	   2265.74	      0.02	  0.294306	   46.1192	        10	         5	         5	         0	        10	         5	         5	         0
         3	        57	        36	   15.6914	   98.7534	  -9.08668	  -150.243	   825.285	   2266.15	      0.02	     0.294	   46.0616	        10	         5	         5	         0	        10	         5	         5	         0
         3	        57	        35	   15.2886	   98.9977	  -9.32217	   -150.27	   801.678	   2266.59	      0.02	  0.293703	    46.006	        10	         5	         5	         0	        10	         5	         5	         0
         3	        57	        34	   14.8862	    99.255	  -9.57056	  -150.296	   778.107	   2267.02	      0.02	  0.293417	   45.9515	        10	         5	         5	         0	        10	         5	         5	         0
         3	        57	        33	    14.484	   99.5262	  -9.83292	  -150.323	   754.467	   2267.46	      0.02	  0.293137	   45.8989	        10	         5	         5	         0	        10	         5	         5	         0
         3	        57	        32	   14.0822	   99.8126	  -10.1104	  -150.347	   730.956	   2267.83	      0.02	  0.292867	   45.8478	        10	         5	         5	         0	        10	         5	         5	         0
         3	        57	        31	   13.6807	   100.115	  -10.4044	  -150.371	   707.483	   2268.22	      0.02	  0.292607	   45.7982	        10	         5	         5	         0	        10	         5	         5	         0
         3	        57	        30	   13.2796	   100.436	  -10.7164	  -150.397	   683.677	   2268.68	      0.02	  0.209416	   90.0002	        10	         5	         5	         0	        10	         5	         5	         0
         3	        57	        29	   12.4787	   101.138	  -11.4009	  -150.422	    659.82	   2269.06	      0.02	  0.291877	   45.6587	        10	         5	         5	         0	        10	         5	         5	         0
         3	        57	        28	   12.0791	   101.524	  -11.7775	  -150.442	   636.465	   2269.39	      0.02	   0.29165	   45.6153	        10	         5	         5	         0	        10	         5	         5	         0
         3	        57	        27	   11.6799	   101.935	  -12.1801	  -150.464	   613.142	   2269.72	      0.02	  0.291433	   45.5731	        10	         5	         5	         0	        10	         5	         5	         0
         3	        57	        26	   11.2814	   102.375	  -12.6113	  -150.483	   589.843	   2270.03	      0.02	  0.291223	   45.5328	        10	         5	         5	         0	        10	         5	         5	         0
         3	        57	        25	   10.8836	   102.847	  -13.0743	  -150.503	   566.466	   2270.36	      0.02	  0.291022	   45.4938	        10	         5	         5	         0	        10	         5	         5	         0
         3	        57	        24	   10.4866	   103.354	  -13.5726	  -150.521	   543.212	   2270.64	      0.02	  0.290827	   45.4565	        10	         5	         5	         0	        10	         5	         5	         0
         3	        57	        23	   10.0905	   103.901	  -14.1103	  -150.538	   519.983	   2270.91	      0.02	  0.290642	   45.4202	        10	         5	         5	         0	        10	         5	         5	         0
         3	        57	        22	   9.69528	   104.491	  -14.6922	  -150.556	   496.776	   2271.17	      0.02	  0.290466	   45.3859	        10	         5	         5	         0	        10	         5	         5	         0
         3	        57	        21	   9.30119	   105.131	  -15.3237	  -150.571	   473.487	   2271.43	      0.02	  0.290296	    45.353	        10	         5	         5	         0	        10	         5	         5	         0
         3	        57	        20	   8.90834	   105.828	  -16.0112	  -150.589	   449.949	   2271.71	      0.02	  0.206305	   90.0002	        10	         5	         5	         0	        10	         5	         5	         0
         3	        57	        19	   8.12709	    107.42	  -17.5859	  -150.605	   426.076	   2271.96	      0.02	  0.205884	   89.9999	        10	         5	         5	         0	        10	         5	         5	         0
         3	        57	        18	   7.35333	   109.347	   -19.495	  -150.617	   402.611	   2272.12	      0.02	  0.289568	   45.2103	        10	         5	         5	         0	        10	         5	         5	         0
         3	        57	        17	   6.97005	   110.469	  -20.6084	  -150.629	   379.433	   2272.32	      0.02	  0.289443	   45.1861	        10	         5	         5	         0	        10	         5	         5	         0
         3	        57	        16	   6.58971	    111.72	  -21.8511	   -150.64	   356.373	   2272.47	      0.02	  0.289331	   45.1637	        10	         5	         5	         0	        10	         5	         5	         0
         3	        57	        15	   6.21287	   113.123	  -23.2456	   -150.65	   333.327	   2272.62	      0.02	  0.289222	   45.1427	        10	         5	         5	         0	        10	         5	         5	         0
         3	        57	        14	   5.84021	   114.706	  -24.8196	   -150.66	   310.293	   2272.76	      0.02	  0.289122	   45.1229	        10	         5	         5	         0	        10	         5	         5	         0
         3	        57	        13	   5.47256	   116.502	  -26.6069	  -150.669	   287.165	   2272.89	      0.02	   0.28903	   45.1048	        10	         5	         5	         0	        10	         5	         5	         0
         3	        57	        12	   5.11103	   118.554	  -28.6498	  -150.676	   264.153	   2272.99	      0.02	  0.288947	   45.0879	        10	         5	         5	         0	        10	         5	         5	         0
         3	        57	        11	   4.75699	   120.913	  -31.0005	  -150.682	    241.15	   2273.08	      0.02	   0.28887	   45.0728	        10	         5	         5	         0	        10	         5	         5	         0
         3	        57	        10	   4.41226	   123.646	  -33.7243	  -150.688	   218.156	   2273.16	      0.02	  0.288799	   45.0589	        10	         5	         5	         0	        10	         5	         5	         0
         3	        57	         9	    4.0792	   126.832	  -36.9015	  -150.693	   195.066	   2273.22	      0.02	  0.288737	   45.0465	        10	         5	         5	         0	        10	         5	         5	         0
         3	        57	         8	   3.76091	   130.569	  -40.6303	  -150.698	   172.086	   2273.26	      0.02	  0.288681	   45.0354	        10	         5	         5	         0	        10	         5	         5	         0
         3	        57	         7	   3.46147	   134.974	  -45.0262	  -150.701	   149.114	   2273.29	      0.02	  0.288633	   45.0261	        10	         5	         5	         0	        10	         5	         5	         0
         3	        58	        39	   16.9632	   99.4131	  -9.83311	  -173.053	   896.409	   2264.76	      0.02	  0.294945	   46.2384	        10	         5	         5	         0	        10	         5	         5	         0
         3	        58	        38	   16.5613	   99.6576	  -10.0672	  -173.086	   872.692	   2265.23	      0.02	  0.294621	   46.1782	        10	         5	         5	         0	        10	         5	         5	         0
         3	        58	        37	   16.1598	   99.9138	   -10.313	   -173.12	   848.911	   2265.71	      0.02	  0.294307	   46.1191	        10	         5	         5	         0	        10	         5	         5	         0
         3	        58	        36	   15.7585	   100.183	  -10.5716	   -173.15	   825.262	   2266.13	      0.02	     0.294	   46.0616	        10	         5	         5	         0	        10	         5	         5	         0
         3	        58	        35	   15.3576	   100.465	  -10.8439	  -173.181	   801.656	   2266.57	      0.02	  0.293704	    46.006	        10	         5	         5	         0	        10	         5	         5	         0
         3	        58	        34	   14.9571	   100.763	   -11.131	  -173.212	   778.085	      2267	      0.02	  0.293417	   45.9518	        10	         5	         5	         0	        10	         5	         5	         0
         3	        58	        33	    14.557	   101.076	   -11.434	  -173.242	   754.446	   2267.44	      0.02	  0.293138	    45.899	        10	         5	         5	         0	        10	         5	         5	         0
         3	        58	        32	   14.1573	   101.407	  -11.7544	  -173.269	   730.935	    2267.8	      0.02	  0.292868	    45.848	        10	         5	         5	         0	        10	         5	         5	         0
         3	        58	        31	   13.7581	   101.756	  -12.0935	  -173.297	   707.463	    2268.2	      0.02	  0.292607	   45.7981	        10	         5	         5	         0	        10	         5	         5	         0
         3	        58	        30	   13.3594	   102.126	  -12.4532	  -173.328	   683.657	   2268.66	      0.02	  0.209417	   90.0001	        10	         5	         5	         0	        10	         5	         5	         0
         3	        58	        29	   12.5638	   102.935	  -13.2415	  -173.355	     659.8	   2269.04	      0.02	  0.291877	   45.6587	        10	         5	         5	         0	        10	         5	         5	         0
         3	        58	        28	    12.167	   103.379	  -13.6747	  -173.379	   636.446	   2269.37	      0.02	  0.291649	   45.6152	        10	         5	         5	         0	        10	         5	         5	         0
         3	        58	        27	    11.771	   103.851	  -14.1372	  -173.403	   613.124	    2269.7	      0.02	  0.291432	   45.5731	        10	         5	         5	         0	        10	         5	         5	         0
         3	        58	        26	   11.3758	   104.357	  -14.6321	  -173.426	   589.825	   2270.01	      0.02	  0.291223	   45.5329	        10	         5	         5	         0	        10	         5	         5	         0
         3	        58	        25	   10.9815	   104.898	  -15.1629	   -173.45	   566.449	   2270.33	      0.02	  0.291021	   45.4941	        10	         5	         5	         0	        10	         5	         5	         0
         3	        58	        24	   10.5882	   105.479	  -15.7335	  -173.469	   543.195	   2270.61	      0.02	  0.290828	   45.4564	        10	         5	         5	         0	        10	         5	         5	         0
         3	        58	        23	   10.1961	   106.104	  -16.3482	   -173.49	   519.967	   2270.88	      0.02	  0.290642	   45.4205	        10	         5	         5	         0	        10	         5	         5	         0
         3	        58	        22	   9.80526	   106.778	  -17.0123	  -173.508	   496.761	   2271.14	      0.02	  0.290466	   45.3861	        10	         5	         5	         0	        10	         5	         5	         0
         3	        58	        21	   9.41586	   107.508	  -17.7318	  -173.528	   473.472	   2271.41	      0.02	  0.290297	    45.353	        10	         5	         5	         0	        10	         5	         5	         0
         3	        58	        20	   9.02809	   108.299	  -18.5134	  -173.548	   449.935	   2271.68	      0.02	  0.206305	        90	        10	         5	         5	         0	        10	         5	         5	         0
         3	        58	        19	   8.25835	   110.104	  -20.2971	  -173.566	   426.062	   2271.93	      0.02	  0.205884	   89.9999	        10	         5	         5	         0	        10	         5	         5	         0
         3	        58	        18	   7.49833	   112.273	  -22.4462	   -173.58	   402.598	   2272.09	      0.02	  0.289568	   45.2104	        10	         5	         5	         0	        10	         5	         5	         0
         3	        58	        17	   7.12293	    113.53	  -23.6924	  -173.594	   379.421	   2272.29	      0.02	  0.289446	   45.1862	        10	         5	         5	         0	        10	         5	         5	         0
         3	        58	        16	    6.7513	   114.924	  -25.0769	  -173.606	   356.361	   2272.44	      0.02	   0.28933	    45.164	        10	         5	         5	         0	        10	         5	         5	         0
         3	        58	        15	   6.38409	    116.48	  -26.6221	  -173.618	   333.316	   2272.59	      0.02	  0.289223	   45.1426	        10	         5	         5	         0	        10	         5	         5	         0
         3	        58	        14	   6.02211	   118.222	  -28.3548	  -173.629	   310.283	   2272.73	      0.02	  0.289123	   45.1229	        10	         5	         5	         0	        10	         5	         5	         0
         3	        58	        13	   5.66636	   120.185	  -30.3075	  -173.639	   287.156	   2272.86	      0.02	   0.28903	   45.1047	        10	         5	         5	         0	        10	         5	         5	         0
         3	        58	        12	    5.3181	   122.407	  -32.5193	  -173.647	   264.144	   2272.96	      0.02	  0.288946	    45.088	        10	         5	         5	         0	        10	         5	         5	         0
         3	        58	        11	   4.97889	   124.935	  -35.0371	  -173.655	   241.142	   2273.05	      0.02	   0.28887	   45.0727	        10	         5	         5	         0	        10	         5	         5	         0
         3	        58	        10	   4.65071	   127.825	   -37.917	  -173.662	   218.149	   2273.12	      0.02	  0.288799	   45.0587	        10	         5	         5	         0	        10	         5	         5	         0
         3	        58	         9	   4.33608	   131.143	  -41.2248	  -173.668	   195.059	   2273.19	      0.02	  0.288736	   45.0466	        10	         5	         5	         0	        10	         5	         5	         0
         3	        58	         8	   4.03816	   134.964	  -45.0356	  -173.672	   172.081	   2273.23	      0.02	  0.288681	   45.0357	        10	         5	         5	         0	        10	         5	         5	         0
         3	        58	         7	   3.76091	    139.37	  -49.4308	  -173.676	   149.109	   2273.26	      0.02	  0.288634	   45.0263	        10	         5	         5	         0	        10	         5	         5	         0
         3	        58	         6	   3.50926	    144.44	  -54.4905	  -173.679	   126.143	   2273.27	      0.02	  0.288593	   45.0183	        10	         5	         5	         0	        10	         5	         5	         0
         3	        58	         5	   3.28907	   150.238	  -60.2789	   -173.68	   103.077	   2273.28	      0.02	  0.288561	   45.0114	        10	         5	         5	         0	        10	         5	         5	         0
         3	        59	        39	   17.0345	   100.727	  -11.2072	  -195.954	   896.382	   2264.73	      0.02	  0.294945	   46.2384	        10	         5	         5	         0	        10	         5	         5	         0
         3	        59	        38	   16.6345	   101.004	  -11.4723	  -195.992	   872.665	    2265.2	      0.02	  0.294621	   46.1781	        10	         5	         5	         0	        10	         5	         5	         0
         3	        59	        37	   16.2348	   101.294	  -11.7508	  -196.031	   848.885	   2265.69	      0.02	  0.294306	   46.1191	        10	         5	         5	         0	        10	         5	         5	         0
         3	        59	        36	   15.8356	   101.599	  -12.0434	  -196.065	   825.236	   2266.11	      0.02	     0.294	   46.0617	        10	         5	         5	         0	        10	         5	         5	         0
         3	        59	        35	   15.4368	   101.919	  -12.3514	  -196.099	    801.63	   2266.54	      0.02	  0.293703	   46.0059	        10	         5	         5	         0	        10	         5	         5	         0
         3	        59	        34	   15.0385	   102.255	  -12.6759	  -196.133	    778.06	   2266.97	      0.02	  0.293415	   45.9517	        10	         5	         5	         0	        10	         5	         5	         0
         3	        59	        33	   14.6407	   102.609	  -13.0183	  -196.168	   754.421	    2267.4	      0.02	  0.293138	   45.8991	        10	         5	         5	         0	        10	         5	         5	         0
         3	        59	        32	   14.2435	   102.983	  -13.3801	  -196.198	   730.911	   2267.78	      0.02	  0.292868	   45.8478	        10	         5	         5	         0	        10	         5	         5	         0
         3	        59	        31	   13.8469	   103.377	  -13.7628	   -196.23	   707.439	   2268.16	      0.02	  0.292607	   45.7984	        10	         5	         5	         0	        10	         5	         5	         0
         3	        59	        30	   13.4509	   103.795	  -14.1683	  -196.265	   683.635	   2268.62	      0.02	  0.209417	   90.0001	        10	         5	         5	         0	        10	         5	         5	         0
         3	        59	        29	   12.6613	   104.706	   -15.056	  -196.297	   659.778	   2269.01	      0.02	  0.291877	   45.6587	        10	         5	         5	         0	        10	         5	         5	         0
         3	        59	        28	   12.2678	   105.205	   -15.543	  -196.324	   636.424	   2269.33	      0.02	   0.29165	   45.6153	        10	         5	         5	         0	        10	         5	         5	         0
         3	        59	        27	   11.8752	   105.736	  -16.0626	   -196.35	   613.103	   2269.66	      0.02	  0.291432	   45.5734	        10	         5	         5	         0	        10	         5	         5	         0
         3	        59	        26	   11.4837	   106.303	  -16.6179	  -196.376	   589.805	   2269.98	      0.02	  0.291223	   45.5328	        10	         5	         5	         0	        10	         5	         5	         0
         3	        59	        25	   11.0933	   106.909	  -17.2126	  -196.402	   566.429	    2270.3	      0.02	  0.291022	   45.4937	        10	         5	         5	         0	        10	         5	         5	         0
         3	        59	        24	   10.7042	    107.56	  -17.8509	  -196.425	   543.176	   2270.57	      0.02	  0.290828	   45.4564	        10	         5	         5	         0	        10	         5	         5	         0
         3	        59	        23	   10.3166	   108.258	  -18.5376	  -196.448	   519.949	   2270.85	      0.02	  0.290643	   45.4203	        10	         5	         5	         0	        10	         5	         5	         0
         3	        59	        22	   9.93064	    109.01	   -19.278	  -196.469	   496.743	    2271.1	      0.02	  0.290465	   45.3858	        10	         5	         5	         0	        10	         5	         5	         0
         3	        59	        21	   9.54646	   109.822	  -20.0786	  -196.491	   473.455	   2271.37	      0.02	  0.290295	    45.353	        10	         5	         5	         0	        10	         5	         5	         0
         3	        59	        20	   9.16432	   110.702	  -20.9464	  -196.513	   449.919	   2271.65	      0.02	  0.206305	   89.9999	        10	         5	         5	         0	        10	         5	         5	         0
         3	        59	        19	   8.40727	   112.697	  -22.9185	  -196.534	   426.047	   2271.89	      0.02	  0.205885	   90.0002	        10	         5	         5	         0	        10	         5	         5	         0
         3	        59	        18	   7.66222	   115.081	   -25.279	  -196.549	   402.583	   2272.05	      0.02	  0.289568	   45.2106	        10	         5	         5	         0	        10	         5	         5	         0
         3	        59	        17	   7.29536	   116.453	  -26.6395	  -196.565	   379.407	   2272.25	      0.02	  0.289445	   45.1863	        10	         5	         5	         0	        10	         5	         5	         0
         3	        59	        16	   6.93308	   117.969	  -28.1436	  -196.579	   356.348	   2272.41	      0.02	   0.28933	   45.1638	        10	         5	         5	         0	        10	         5	         5	         0
         3	        59	        15	   6.57612	    119.65	  -29.8125	  -196.593	   333.304	   2272.56	      0.02	  0.289224	   45.1425	        10	         5	         5	         0	        10	         5	         5	         0
         3	        59	        14	   6.22541	   121.521	  -31.6718	  -196.605	   310.271	   2272.69	      0.02	  0.289122	    45.123	        10	         5	         5	         0	        10	         5	         5	         0
         3	        59	        13	   5.88205	   123.611	  -33.7509	  -196.616	   287.145	   2272.82	      0.02	   0.28903	   45.1046	        10	         5	         5	         0	        10	         5	         5	         0
         3	        59	        12	   5.54743	   125.957	  -36.0848	  -196.626	   264.134	   2272.92	      0.02	  0.288947	    45.088	        10	         5	         5	         0	        10	         5	         5	         0
         3	        59	        11	   5.22323	   128.597	  -38.7137	  -196.635	   241.133	   2273.01	      0.02	  0.288868	   45.0726	        10	         5	         5	         0	        10	         5	         5	         0
         3	        59	        10	   4.91149	   131.579	  -41.6838	  -196.642	   218.141	   2273.08	      0.02	  0.288799	   45.0589	        10	         5	         5	         0	        10	         5	         5	         0
         3	        59	         9	   4.61474	   134.953	  -45.0465	  -196.649	   195.052	   2273.15	      0.02	  0.288737	   45.0467	        10	         5	         5	         0	        10	         5	         5	         0
         3	        59	         8	   4.33608	   138.775	  -48.8566	  -196.654	   172.074	   2273.19	      0.02	  0.288681	   45.0358	        10	         5	         5	         0	        10	         5	         5	         0
         3	        59	         7	    4.0792	   143.098	  -53.1682	  -196.657	   149.104	   2273.22	      0.02	  0.288634	   45.0261	        10	         5	         5	         0	        10	         5	         5	         0
         3	        59	         6	   3.84848	    147.97	  -58.0279	  -196.661	   126.138	   2273.24	      0.02	  0.288593	   45.0181	        10	         5	         5	         0	        10	         5	         5	         0
         3	        59	         5	   3.64887	   153.416	  -63.4628	  -196.662	   103.074	   2273.24	      0.02	   0.28856	   45.0117	        10	         5	         5	         0	        10	         5	         5	         0
         3	        59	         4	   3.48572	   159.431	  -69.4658	  -196.663	   80.1172	   2273.22	      0.02	  0.288536	   45.0064	        10	         5	         5	         0	        10	         5	         5	         0
         3	        59	         3	   3.36435	   165.956	  -75.9788	  -196.662	   57.1641	   2273.18	      0.02	  0.288517	   45.0031	        10	         5	         5	         0	        10	         5	         5	         0
         3	        59	         2	   3.28937	   172.871	  -82.8827	   -196.66	   34.2135	   2273.15	      0.02	  0.288504	   45.0008	        10	         5	         5	         0	        10	         5	         5	         0
         3	        59	         1	     3.264	       180	       -90	  -196.657	   11.1586	   2273.08	      0.02	  0.288097	   45.1119	        10	         5	         5	         0	        10	         5	         5	         0
         3	        60	        39	    17.115	   102.029	  -12.5695	  -218.969	   896.351	   2264.69	      0.02	  0.294946	   46.2384	        10	         5	         5	         0	        10	         5	         5	         0
         3	        60	        38	    16.717	   102.338	  -12.8648	   -219.01	   872.635	   2265.15	      0.02	   0.29462	   46.1782	        10	         5	         5	         0	        10	         5	         5	         0
         3	        60	        37	   16.3195	   102.661	  -13.1748	  -219.052	   848.855	   2265.64	      0.02	  0.294305	    46.119	        10	         5	         5	         0	        10	         5	         5	         0
         3	        60	        36	   15.9225	       103	  -13.5004	  -219.091	   825.207	   2266.05	      0.02	     0.294	   46.0616	        10	         5	         5	         0	        10	         5	         5	         0
         3	        60	        35	   15.5261	   103.356	  -13.8429	  -219.129	   801.602	   2266.49	      0.02	  0.293703	   46.0059	        10	         5	         5	         0	        10	         5	         5	         0
         3	        60	        34	   15.1302	    103.73	  -14.2036	  -219.168	   778.032	   2266.92	      0.02	  0.293416	   45.9517	        10	         5	         5	         0	        10	         5	         5	         0
         3	        60	        33	    14.735	   104.124	  -14.5839	  -219.206	   754.394	   2267.35	      0.02	  0.293138	   45.8991	        10	         5	         5	         0	        10	         5	         5	         0
         3	        60	        32	   14.3406	   104.539	  -14.9854	   -219.24	   730.884	   2267.72	      0.02	  0.292867	   45.8481	        10	         5	         5	         0	        10	         5	         5	         0
         3	        60	        31	   13.9468	   104.976	  -15.4099	  -219.275	   707.413	   2268.11	      0.02	  0.292607	   45.7982	        10	         5	         5	         0	        10	         5	         5	         0
         3	        60	        30	   13.5539	   105.439	  -15.8592	  -219.314	   683.609	   2268.57	      0.02	  0.209416	   90.0001	        10	         5	         5	         0	        10	         5	         5	         0
         3	        60	        29	   12.7709	   106.448	  -16.8415	  -219.349	   659.753	   2268.95	      0.02	  0.291877	   45.6587	        10	         5	         5	         0	        10	         5	         5	         0
         3	        60	        28	   12.3809	   106.999	  -17.3796	  -219.379	     636.4	   2269.28	      0.02	   0.29165	   45.6153	        10	         5	         5	         0	        10	         5	         5	         0
         3	        60	        27	   11.9922	   107.586	  -17.9529	  -219.409	   613.079	   2269.61	      0.02	  0.291432	   45.5735	        10	         5	         5	         0	        10	         5	         5	         0
         3	        60	        26	   11.6047	   108.211	  -18.5649	  -219.437	   589.782	   2269.92	      0.02	  0.291222	   45.5328	        10	         5	         5	         0	        10	         5	         5	         0
         3	        60	        25	   11.2187	   108.878	  -19.2194	  -219.467	   566.407	   2270.24	      0.02	   0.29102	   45.4939	        10	         5	         5	         0	        10	         5	         5	         0
         3	        60	        24	   10.8342	   109.593	  -19.9208	  -219.492	   543.155	   2270.51	      0.02	  0.290828	   45.4562	        10	         5	         5	         0	        10	         5	         5	         0
         3	        60	        23	   10.4516	   110.359	  -20.6739	  -219.517	   519.928	   2270.79	      0.02	  0.290643	   45.4205	        10	         5	         5	         0	        10	         5	         5	         0
         3	        60	        22	   10.0709	   111.183	  -21.4845	  -219.541	   496.724	   2271.05	      0.02	  0.290466	    45.386	        10	         5	         5	         0	        10	         5	         5	         0
         3	        60	        21	   9.69235	   112.071	   -22.359	  -219.565	   473.436	   2271.31	      0.02	  0.290296	   45.3531	        10	         5	         5	         0	        10	         5	         5	         0
         3	        60	        20	    9.3163	   113.029	  -23.3046	  -219.589	   449.901	   2271.59	      0.02	  0.206304	   89.9998	        10	         5	         5	         0	        10	         5	         5	         0
         3	        60	        19	    8.5729	   115.195	  -25.4444	  -219.612	    426.03	   2271.83	      0.02	  0.205884	   89.9996	        10	         5	         5	         0	        10	         5	         5	         0
         3	        60	        18	   7.84383	   117.765	  -27.9877	   -219.63	   402.567	   2271.99	      0.02	  0.289567	   45.2105	        10	         5	         5	         0	        10	         5	         5	         0
         3	        60	        17	   7.48598	   119.235	  -29.4444	  -219.648	   379.392	   2272.18	      0.02	  0.289446	   45.1861	        10	         5	         5	         0	        10	         5	         5	         0
         3	        60	        16	   7.13349	    120.85	  -31.0465	  -219.663	   356.334	   2272.34	      0.02	   0.28933	   45.1638	        10	         5	         5	         0	        10	         5	         5	         0
         3	        60	        15	   6.78718	   122.631	  -32.8142	  -219.679	    333.29	   2272.49	      0.02	  0.289222	   45.1428	        10	         5	         5	         0	        10	         5	         5	         0
         3	        60	        14	   6.44806	     124.6	  -34.7702	  -219.691	   310.259	   2272.63	      0.02	  0.289123	   45.1229	        10	         5	         5	         0	        10	         5	         5	         0
         3	        60	        13	   6.11732	   126.784	  -36.9411	  -219.704	   287.134	   2272.75	      0.02	   0.28903	   45.1047	        10	         5	         5	         0	        10	         5	         5	         0
         3	        60	        12	   5.79639	   129.213	  -39.3566	  -219.715	   264.123	   2272.85	      0.02	  0.288947	   45.0879	        10	         5	         5	         0	        10	         5	         5	         0
         3	        60	        11	     5.487	    131.92	  -42.0503	  -219.725	   241.123	   2272.95	      0.02	  0.288868	   45.0727	        10	         5	         5	         0	        10	         5	         5	         0
         3	        60	        10	   5.19121	   134.941	  -45.0589	  -219.733	   218.132	   2273.02	      0.02	  0.288799	    45.059	        10	         5	         5	         0	        10	         5	         5	         0
         3	        60	         9	   4.91149	   138.316	  -48.4208	  -219.741	   195.044	   2273.08	      0.02	  0.288736	   45.0465	        10	         5	         5	         0	        10	         5	         5	         0
         3	        60	         8	   4.65071	   142.083	  -52.1745	  -219.746	   172.067	   2273.12	      0.02	  0.288682	   45.0358	        10	         5	         5	         0	        10	         5	         5	         0
         3	        60	         7	   4.41227	   146.276	  -56.3542	  -219.751	   149.097	   2273.15	      0.02	  0.288634	   45.0261	        10	         5	         5	         0	        10	         5	         5	         0
         3	        60	         6	   4.19994	   150.918	  -60.9838	  -219.754	   126.133	   2273.17	      0.02	  0.288593	   45.0184	        10	         5	         5	         0	        10	         5	         5	         0
         3	        60	         5	   4.01788	   156.017	  -66.0695	  -219.756	   103.069	   2273.17	      0.02	   0.28856	   45.0116	        10	         5	         5	         0	        10	         5	         5	         0
         3	        60	         4	   3.87036	   161.551	  -71.5899	  -219.756	   80.1138	   2273.15	      0.02	  0.288536	   45.0064	        10	         5	         5	         0	        10	         5	         5	         0
         3	        60	         3	   3.76145	   167.462	  -77.4882	  -219.755	   57.1617	   2273.12	      0.02	  0.288516	   45.0028	        10	         5	         5	         0	        10	         5	         5	         0
         3	        60	         2	   3.69457	   173.655	  -83.6685	  -219.753	   34.2121	   2273.07	      0.02	  0.288505	   45.0007	        10	         5	         5	         0	        10	         5	         5	         0
         3	        60	         1	     3.672	       180	       -90	  -219.749	   11.1582	   2273.01	      0.02	  0.288097	   45.1119	        10	         5	         5	         0	        10	         5	         5	         0
         3	        61	        38	   16.8088	   103.658	  -14.2432	  -241.932	   872.602	   2265.09	      0.02	  0.294621	   46.1778	        10	         5	         5	         0	        10	         5	         5	         0
         3	        61	        37	   16.4136	   104.013	  -14.5837	  -241.979	   848.823	   2265.58	      0.02	  0.294306	    46.119	        10	         5	         5	         0	        10	         5	         5	         0
         3	        61	        36	   16.0191	   104.385	  -14.9411	  -242.021	   825.175	      2266	      0.02	  0.294001	   46.0619	        10	         5	         5	         0	        10	         5	         5	         0
         3	        61	        35	   15.6253	   104.776	  -15.3169	  -242.063	    801.57	   2266.43	      0.02	  0.293703	   46.0058	        10	         5	         5	         0	        10	         5	         5	         0
         3	        61	        34	   15.2321	   105.186	  -15.7123	  -242.105	   778.001	   2266.85	      0.02	  0.293416	   45.9517	        10	         5	         5	         0	        10	         5	         5	         0
         3	        61	        33	   14.8398	   105.618	   -16.129	  -242.148	   754.364	   2267.28	      0.02	  0.293137	    45.899	        10	         5	         5	         0	        10	         5	         5	         0
         3	        61	        32	   14.4483	   106.072	  -16.5685	  -242.185	   730.855	   2267.66	      0.02	  0.292868	   45.8477	        10	         5	         5	         0	        10	         5	         5	         0
         3	        61	        31	   14.0577	   106.551	  -17.0327	  -242.223	   707.385	   2268.04	      0.02	  0.292607	   45.7983	        10	         5	         5	         0	        10	         5	         5	         0
         3	        61	        30	   13.6681	   107.057	  -17.5238	  -242.267	   683.581	   2268.51	      0.02	  0.209415	   90.0001	        10	         5	         5	         0	        10	         5	         5	         0
         3	        61	        29	   12.8922	   108.158	  -18.5956	  -242.305	   659.726	   2268.89	      0.02	  0.291878	   45.6589	        10	         5	         5	         0	        10	         5	         5	         0
         3	        61	        28	   12.5062	   108.759	  -19.1817	  -242.338	   636.374	    2269.2	      0.02	  0.291651	   45.6152	        10	         5	         5	         0	        10	         5	         5	         0
         3	        61	        27	   12.1216	   109.397	  -19.8054	  -242.371	   613.054	   2269.53	      0.02	  0.291433	   45.5731	        10	         5	         5	         0	        10	         5	         5	         0
         3	        61	        26	   11.7385	   110.077	  -20.4703	  -242.403	   589.757	   2269.85	      0.02	  0.291222	   45.5329	        10	         5	         5	         0	        10	         5	         5	         0
         3	        61	        25	   11.3572	   110.801	  -21.1802	  -242.435	   566.383	   2270.17	      0.02	  0.291021	   45.4939	        10	         5	         5	         0	        10	         5	         5	         0
         3	        61	        24	   10.9777	   111.575	  -21.9397	  -242.462	   543.132	   2270.44	      0.02	  0.290828	   45.4563	        10	         5	         5	         0	        10	         5	         5	         0
         3	        61	        23	   10.6003	   112.404	  -22.7537	   -242.49	   519.906	   2270.71	      0.02	  0.290643	   45.4202	        10	         5	         5	         0	        10	         5	         5	         0
         3	        61	        22	   10.2253	   113.293	   -23.628	  -242.517	   496.702	   2270.98	      0.02	  0.290465	   45.3859	        10	         5	         5	         0	        10	         5	         5	         0
         3	        61	        21	   9.85284	   114.249	  -24.5691	  -242.544	   473.416	   2271.24	      0.02	  0.290297	   45.3531	        10	         5	         5	         0	        10	         5	         5	         0
         3	        61	        20	   9.48328	   115.278	  -25.5841	   -242.57	   449.881	   2271.51	      0.02	  0.206306	   89.9998	        10	         5	         5	         0	        10	         5	         5	         0
         3	        61	        19	   8.75432	   117.594	  -27.8707	  -242.596	   426.011	   2271.75	      0.02	  0.205884	   90.0001	        10	         5	         5	         0	        10	         5	         5	         0
         3	        61	        18	   8.04196	   120.322	  -30.5692	  -242.614	   402.549	   2271.92	      0.02	  0.289566	   45.2102	        10	         5	         5	         0	        10	         5	         5	         0
         3	        61	        17	   7.69344	   121.872	  -32.1048	  -242.634	   379.375	   2272.11	      0.02	  0.289445	   45.1863	        10	         5	         5	         0	        10	         5	         5	         0
         3	        61	        16	   7.35101	   123.567	  -33.7852	  -242.652	   356.318	   2272.26	      0.02	   0.28933	   45.1638	        10	         5	         5	         0	        10	         5	         5	         0
         3	        61	        15	   7.01556	   125.425	  -35.6285	  -242.668	   333.275	   2272.42	      0.02	  0.289223	   45.1427	        10	         5	         5	         0	        10	         5	         5	         0
         3	        61	        14	   6.68814	   127.466	   -37.655	  -242.683	   310.245	   2272.55	      0.02	  0.289123	   45.1229	        10	         5	         5	         0	        10	         5	         5	         0
         3	        61	        13	   6.36998	   129.713	  -39.8876	  -242.697	   287.121	   2272.68	      0.02	  0.289031	   45.1047	        10	         5	         5	         0	        10	         5	         5	         0
         3	        61	        12	   6.06255	   132.191	  -42.3511	  -242.708	   264.111	   2272.77	      0.02	  0.288947	   45.0879	        10	         5	         5	         0	        10	         5	         5	         0
         3	        61	        11	   5.76755	   134.927	  -45.0727	  -242.719	   241.112	   2272.86	      0.02	  0.288869	   45.0727	        10	         5	         5	         0	        10	         5	         5	         0
         3	        61	        10	     5.487	    137.95	  -48.0805	  -242.728	   218.122	   2272.94	      0.02	  0.288798	   45.0588	        10	         5	         5	         0	        10	         5	         5	         0
         3	        61	         9	   5.22323	   141.286	  -51.4026	  -242.736	   195.035	   2273.01	      0.02	  0.288736	   45.0463	        10	         5	         5	         0	        10	         5	         5	         0
         3	        61	         8	   4.97889	   144.963	  -55.0647	  -242.742	   172.059	   2273.05	      0.02	  0.288681	   45.0355	        10	         5	         5	         0	        10	         5	         5	         0
         3	        61	         7	   4.75699	   148.999	  -59.0867	  -242.747	   149.091	   2273.07	      0.02	  0.288634	    45.026	        10	         5	         5	         0	        10	         5	         5	         0
         3	        61	         6	   4.56081	   153.406	  -63.4785	   -242.75	   126.127	   2273.09	      0.02	  0.288592	   45.0183	        10	         5	         5	         0	        10	         5	         5	         0
         3	        61	         5	   4.39378	   158.177	  -68.2347	  -242.753	   103.064	   2273.09	      0.02	  0.288561	   45.0116	        10	         5	         5	         0	        10	         5	         5	         0
         3	        61	         4	   4.25935	   163.285	  -73.3286	  -242.753	   80.1101	   2273.07	      0.02	  0.288535	   45.0063	        10	         5	         5	         0	        10	         5	         5	         0
         3	        61	         3	   4.16066	    168.68	  -78.7091	  -242.751	    57.159	   2273.05	      0.02	  0.288517	   45.0028	        10	         5	         5	         0	        10	         5	         5	         0
         3	        61	         2	   4.10031	   174.285	   -84.299	  -242.749	   34.2105	      2273	      0.02	  0.288506	   45.0008	        10	         5	         5	         0	        10	         5	         5	         0
         3	        61	         1	      4.08	       180	       -90	  -242.746	   11.1577	   2272.94	      0.02	  0.288096	   45.1116	        10	         5	         5	         0	        10	         5	         5	         0
         3	        62	        38	   16.9097	   104.963	  -15.6064	  -264.863	   872.565	   2265.03	      0.02	  0.294621	   46.1778	        10	         5	         5	         0	        10	         5	         5	         0
         3	        62	        37	   16.5171	   105.349	  -15.9762	  -264.915	   848.787	   2265.51	      0.02	  0.294306	   46.1189	        10	         5	         5	         0	        10	         5	         5	         0
         3	        62	        36	   16.1252	   105.753	  -16.3642	  -264.961	    825.14	   2265.92	      0.02	  0.293999	   46.0614	        10	         5	         5	         0	        10	         5	         5	         0
         3	        62	        35	   15.7341	   106.177	  -16.7718	  -265.006	   801.536	   2266.36	      0.02	  0.293703	   46.0059	        10	         5	         5	         0	        10	         5	         5	         0
         3	        62	        34	   15.3439	   106.622	  -17.2005	  -265.053	   777.967	   2266.78	      0.02	  0.293416	   45.9517	        10	         5	         5	         0	        10	         5	         5	         0
         3	        62	        33	   14.9547	   107.089	  -17.6518	  -265.099	   754.331	   2267.22	      0.02	  0.293137	    45.899	        10	         5	         5	         0	        10	         5	         5	         0
         3	        62	        32	   14.5664	   107.581	  -18.1275	   -265.14	   730.823	   2267.58	      0.02	  0.292867	    45.848	        10	         5	         5	         0	        10	         5	         5	         0
         3	        62	        31	   14.1792	   108.099	  -18.6295	  -265.181	   707.353	   2267.97	      0.02	  0.292607	   45.7984	        10	         5	         5	         0	        10	         5	         5	         0
         3	        62	        30	   13.7932	   108.646	    -19.16	  -265.228	   683.551	   2268.43	      0.02	  0.209415	        90	        10	         5	         5	         0	        10	         5	         5	         0
         3	        62	        29	   13.0251	   109.835	   -20.316	  -265.271	   659.696	   2268.81	      0.02	  0.291877	   45.6588	        10	         5	         5	         0	        10	         5	         5	         0
         3	        62	        28	   12.6432	   110.482	   -20.947	  -265.306	   636.345	   2269.13	      0.02	  0.291651	   45.6151	        10	         5	         5	         0	        10	         5	         5	         0
         3	        62	        27	    12.263	   111.168	  -21.6176	  -265.342	   613.025	   2269.46	      0.02	  0.291433	   45.5732	        10	         5	         5	         0	        10	         5	         5	         0
         3	        62	        26	   11.8847	   111.898	  -22.3313	  -265.377	    589.73	   2269.77	      0.02	  0.291222	   45.5326	        10	         5	         5	         0	        10	         5	         5	         0
         3	        62	        25	   11.5083	   112.675	  -23.0922	  -265.412	   566.357	   2270.09	      0.02	  0.291021	   45.4938	        10	         5	         5	         0	        10	         5	         5	         0
         3	        62	        24	   11.1341	   113.504	  -23.9048	  -265.442	   543.106	   2270.35	      0.02	  0.290827	   45.4563	        10	         5	         5	         0	        10	         5	         5	         0
         3	        62	        23	   10.7624	   114.389	  -24.7741	  -265.472	   519.882	   2270.63	      0.02	  0.290642	   45.4206	        10	         5	         5	         0	        10	         5	         5	         0
         3	        62	        22	   10.3933	   115.337	  -25.7057	  -265.501	   496.679	   2270.89	      0.02	  0.290465	    45.386	        10	         5	         5	         0	        10	         5	         5	         0
         3	        62	        21	   10.0272	   116.354	  -26.7061	  -265.531	   473.393	   2271.15	      0.02	  0.290297	    45.353	        10	         5	         5	         0	        10	         5	         5	         0
         3	        62	        20	   9.66449	   117.446	  -27.7823	   -265.56	   449.859	   2271.43	      0.02	  0.206304	        90	        10	         5	         5	         0	        10	         5	         5	         0
         3	        62	        19	   8.95056	   119.891	  -30.1955	  -265.587	   425.991	   2271.66	      0.02	  0.205885	   89.9998	        10	         5	         5	         0	        10	         5	         5	         0
         3	        62	        18	   8.25541	   122.751	  -33.0227	  -265.608	   402.529	   2271.83	      0.02	  0.289568	   45.2105	        10	         5	         5	         0	        10	         5	         5	         0
         3	        62	        17	   7.91642	   124.365	  -34.6213	   -265.63	   379.357	   2272.02	      0.02	  0.289445	   45.1863	        10	         5	         5	         0	        10	         5	         5	         0
         3	        62	        16	   7.58418	   126.122	  -36.3618	  -265.648	     356.3	   2272.17	      0.02	  0.289331	   45.1637	        10	         5	         5	         0	        10	         5	         5	         0
         3	        62	        15	   7.25963	   128.036	  -38.2604	  -265.666	   333.259	   2272.32	      0.02	  0.289223	   45.1426	        10	         5	         5	         0	        10	         5	         5	         0
         3	        62	        14	   6.94384	   130.127	  -40.3346	  -265.682	   310.229	   2272.46	      0.02	  0.289123	   45.1228	        10	         5	         5	         0	        10	         5	         5	         0
         3	        62	        13	   6.63806	   132.412	  -42.6037	  -265.697	   287.106	   2272.59	      0.02	   0.28903	   45.1048	        10	         5	         5	         0	        10	         5	         5	         0
         3	        62	        12	   6.34374	   134.912	   -45.088	   -265.71	   264.098	   2272.69	      0.02	  0.288946	   45.0881	        10	         5	         5	         0	        10	         5	         5	         0
         3	        62	        11	   6.06255	   137.649	  -47.8088	  -265.721	     241.1	   2272.77	      0.02	  0.288869	   45.0727	        10	         5	         5	         0	        10	         5	         5	         0
         3	        62	        10	   5.79639	   140.643	  -50.7873	  -265.731	   218.111	   2272.85	      0.02	  0.288798	   45.0587	        10	         5	         5	         0	        10	         5	         5	         0
         3	        62	         9	   5.54744	   143.915	  -54.0432	   -265.74	   195.025	   2272.91	      0.02	  0.288736	   45.0463	        10	         5	         5	         0	        10	         5	         5	         0
         3	        62	         8	    5.3181	   147.481	  -57.5927	  -265.747	   172.051	   2272.96	      0.02	  0.288682	   45.0356	        10	         5	         5	         0	        10	         5	         5	         0
         3	        62	         7	   5.11103	    151.35	  -61.4462	  -265.752	   149.083	   2272.99	      0.02	  0.288633	   45.0262	        10	         5	         5	         0	        10	         5	         5	         0
         3	        62	         6	   4.92902	   155.525	  -65.6048	  -265.755	   126.121	      2273	      0.02	  0.288594	   45.0182	        10	         5	         5	         0	        10	         5	         5	         0
         3	        62	         5	   4.77495	   159.993	   -70.057	  -265.758	   103.059	      2273	      0.02	  0.288561	   45.0116	        10	         5	         5	         0	        10	         5	         5	         0
         3	        62	         4	   4.65159	   164.728	  -74.7757	  -265.758	    80.106	   2272.98	      0.02	  0.288534	   45.0066	        10	         5	         5	         0	        10	         5	         5	         0
         3	        62	         3	   4.56143	   169.684	  -79.7161	  -265.757	   57.1561	   2272.95	      0.02	  0.288518	   45.0029	        10	         5	         5	         0	        10	         5	         5	         0
         3	        62	         2	   4.50647	     174.8	  -84.8162	  -265.755	   34.2088	    2272.9	      0.02	  0.288506	   45.0007	        10	         5	         5	         0	        10	         5	         5	         0
         3	        62	         1	     4.488	       180	       -90	   -265.75	   11.1571	   2272.84	      0.02	  0.288098	    45.112	        10	         5	         5	         0	        10	         5	         5	         0
         3	        63	         1	     4.896	       180	       -90	  -288.766	   11.1565	   2272.74	      0.02	  0.288097	   45.1119	        10	         5	         5	         0	        10	         5	         5	         0
         3	        63	         2	   4.91293	   175.231	   -85.248	   -288.77	   34.2069	   2272.81	      0.02	  0.288506	   45.0007	        10	         5	         5	         0	        10	         5	         5	         0
         3	        63	         3	   4.96337	   170.526	  -80.5606	  -288.773	    57.153	   2272.85	      0.02	  0.288516	   45.0031	        10	         5	         5	         0	        10	         5	         5	         0
         3	        63	         4	   5.04632	   165.945	  -75.9976	  -288.775	   80.1016	   2272.89	      0.02	  0.288536	   45.0065	        10	         5	         5	         0	        10	         5	         5	         0
         3	        63	         5	   5.16021	   161.539	  -71.6092	  -288.774	   103.053	   2272.91	      0.02	  0.288561	   45.0117	        10	         5	         5	         0	        10	         5	         5	         0
         3	        63	         6	   5.30304	   157.347	   -67.434	  -288.772	   126.114	   2272.89	      0.02	  0.288594	    45.018	        10	         5	         5	         0	        10	         5	         5	         0
         3	        63	         7	   5.47256	   153.393	  -63.4978	  -288.768	   149.075	   2272.88	      0.02	  0.288635	   45.0261	        10	         5	         5	         0	        10	         5	         5	         0
         3	        63	         8	   5.66636	   149.693	  -59.8146	  -288.762	   172.041	   2272.85	      0.02	  0.288681	   45.0356	        10	         5	         5	         0	        10	         5	         5	         0
         3	        63	         9	   5.88205	   146.249	  -56.3887	  -288.755	   195.014	   2272.82	      0.02	  0.288737	   45.0465	        10	         5	         5	         0	        10	         5	         5	         0
         3	        63	        10	   6.11732	   143.059	   -53.216	  -288.746	   218.099	   2272.75	      0.02	    0.2888	   45.0588	        10	         5	         5	         0	        10	         5	         5	         0
         3	        63	        11	   6.36998	   140.112	  -50.2869	  -288.735	   241.087	   2272.68	      0.02	  0.288869	   45.0725	        10	         5	         5	         0	        10	         5	         5	         0
         3	        63	        12	   6.63807	   137.396	  -47.5883	  -288.722	   264.084	   2272.59	      0.02	  0.288945	   45.0881	        10	         5	         5	         0	        10	         5	         5	         0
         3	        63	        13	   6.91977	   134.895	  -45.1047	  -288.709	   287.091	    2272.5	      0.02	  0.289031	   45.1047	        10	         5	         5	         0	        10	         5	         5	         0
         3	        63	        14	   7.21351	   132.593	  -42.8198	  -288.692	   310.212	   2272.36	      0.02	  0.289124	    45.123	        10	         5	         5	         0	        10	         5	         5	         0
         3	        63	        15	   7.51786	   130.473	  -40.7173	  -288.675	   333.241	   2272.22	      0.02	  0.289224	   45.1427	        10	         5	         5	         0	        10	         5	         5	         0
         3	        63	        16	    7.8316	   128.519	  -38.7812	  -288.655	   356.281	   2272.08	      0.02	   0.28933	   45.1636	        10	         5	         5	         0	        10	         5	         5	         0
         3	        63	        17	   8.15363	   126.717	  -36.9966	  -288.635	   379.336	   2271.92	      0.02	  0.289445	   45.1864	        10	         5	         5	         0	        10	         5	         5	         0
         3	        63	        18	   8.48302	   125.053	  -35.3495	  -288.612	   402.508	   2271.74	      0.02	  0.289568	   45.2106	        10	         5	         5	         0	        10	         5	         5	         0
         3	        63	        19	   9.16067	   122.086	  -32.4179	   -288.59	   425.968	   2271.57	      0.02	  0.205884	   90.0001	        10	         5	         5	         0	        10	         5	         5	         0
         3	        63	        20	   9.85913	    119.53	  -29.8974	   -288.56	   449.836	   2271.33	      0.02	  0.206305	   90.0004	        10	         5	         5	         0	        10	         5	         5	         0
         3	        63	        21	   10.2148	   118.384	  -28.7681	  -288.528	   473.368	   2271.06	      0.02	  0.290296	    45.353	        10	         5	         5	         0	        10	         5	         5	         0
         3	        63	        22	   10.5743	   117.313	  -27.7156	  -288.497	   496.653	   2270.79	      0.02	  0.290465	   45.3861	        10	         5	         5	         0	        10	         5	         5	         0
         3	        63	        23	   10.9371	   116.313	   -26.733	  -288.466	   519.855	   2270.54	      0.02	  0.290643	   45.4203	        10	         5	         5	         0	        10	         5	         5	         0
         3	        63	        24	    11.303	   115.377	  -25.8141	  -288.432	   543.079	   2270.27	      0.02	  0.290828	   45.4564	        10	         5	         5	         0	        10	         5	         5	         0
         3	        63	        25	   11.6716	   114.499	  -24.9535	    -288.4	   566.328	      2270	      0.02	  0.291021	   45.4939	        10	         5	         5	         0	        10	         5	         5	         0
         3	        63	        26	   12.0427	   113.674	   -24.146	  -288.361	     589.7	   2269.68	      0.02	  0.291222	    45.533	        10	         5	         5	         0	        10	         5	         5	         0
         3	        63	        27	   12.4161	   112.897	  -23.3874	  -288.324	   612.995	   2269.37	      0.02	  0.291433	   45.5732	        10	         5	         5	         0	        10	         5	         5	         0
         3	        63	        28	   12.7916	   112.166	  -22.6735	  -288.285	   636.313	   2269.04	      0.02	  0.291651	    45.615	        10	         5	         5	         0	        10	         5	         5	         0
         3	        63	        29	    13.169	   111.476	  -22.0008	  -288.247	   659.664	   2268.73	      0.02	  0.291877	   45.6587	        10	         5	         5	         0	        10	         5	         5	         0
         3	        63	        30	   13.9289	   110.206	  -20.7661	  -288.202	   683.517	   2268.34	      0.02	  0.209416	   90.0003	        10	         5	         5	         0	        10	         5	         5	         0
         3	        63	        31	   14.3111	    109.62	  -20.1986	   -288.15	   707.319	   2267.88	      0.02	  0.292606	   45.7984	        10	         5	         5	         0	        10	         5	         5	         0
         3	        63	        32	   14.6946	   109.065	  -19.6609	  -288.105	   730.788	    2267.5	      0.02	  0.292869	   45.8478	        10	         5	         5	         0	        10	         5	         5	         0
         3	        63	        33	   15.0795	   108.537	   -19.151	  -288.061	   754.295	   2267.13	      0.02	  0.293138	   45.8989	        10	         5	         5	         0	        10	         5	         5	         0
         3	        63	        34	   15.4655	   108.035	  -18.6668	  -288.011	   777.931	   2266.69	      0.02	  0.293415	   45.9515	        10	         5	         5	         0	        10	         5	         5	         0
         3	        63	        35	   15.8525	   107.557	  -18.2065	  -287.961	   801.499	   2266.28	      0.02	  0.293702	   46.0057	        10	         5	         5	         0	        10	         5	         5	         0
         3	        63	        36	   16.2406	   107.102	  -17.7684	   -287.91	   825.101	   2265.85	      0.02	     0.294	   46.0619	        10	         5	         5	         0	        10	         5	         5	         0
         3	        63	        37	   16.6296	   106.666	  -17.3511	   -287.86	   848.748	   2265.43	      0.02	  0.294305	   46.1191	        10	         5	         5	         0	        10	         5	         5	         0
         3	        63	        38	   17.0194	   106.251	  -16.9532	  -287.806	   872.526	   2264.94	      0.02	   0.29462	   46.1778	        10	         5	         5	         0	        10	         5	         5	         0
         3	        64	         1	     5.304	       180	       -90	  -311.894	   11.1558	   2272.61	      0.02	  0.288098	    45.112	        10	         5	         5	         0	        10	         5	         5	         0
         3	        64	         2	   5.31962	   175.595	  -85.6139	    -311.9	   34.2048	   2272.67	      0.02	  0.288506	   45.0006	        10	         5	         5	         0	        10	         5	         5	         0
         3	        64	         3	   5.36622	   171.241	  -81.2787	  -311.903	   57.1496	   2272.72	      0.02	  0.288517	   45.0031	        10	         5	         5	         0	        10	         5	         5	         0
         3	        64	         4	   5.44301	   166.986	  -77.0422	  -311.904	   80.0969	   2272.75	      0.02	  0.288535	   45.0065	        10	         5	         5	         0	        10	         5	         5	         0
         3	        64	         5	   5.54871	    162.87	  -72.9455	  -311.904	   103.047	   2272.77	      0.02	  0.288561	   45.0117	        10	         5	         5	         0	        10	         5	         5	         0
         3	        64	         6	   5.68174	   158.927	  -69.0214	  -311.901	   126.107	   2272.77	      0.02	  0.288593	   45.0182	        10	         5	         5	         0	        10	         5	         5	         0
         3	        64	         7	    5.8402	    155.18	  -65.2938	  -311.897	   149.066	   2272.75	      0.02	  0.288634	    45.026	        10	         5	         5	         0	        10	         5	         5	         0
         3	        64	         8	   6.02211	   151.645	  -61.7775	  -311.891	   172.031	   2272.73	      0.02	  0.288681	   45.0354	        10	         5	         5	         0	        10	         5	         5	         0
         3	        64	         9	    6.2254	   148.328	  -58.4795	  -311.884	   195.003	   2272.69	      0.02	  0.288737	   45.0466	        10	         5	         5	         0	        10	         5	         5	         0
         3	        64	        10	   6.44806	    145.23	  -55.3999	  -311.873	   218.086	   2272.62	      0.02	  0.288798	   45.0588	        10	         5	         5	         0	        10	         5	         5	         0
         3	        64	        11	   6.68814	   142.345	   -52.534	  -311.861	   241.073	   2272.54	      0.02	  0.288869	   45.0727	        10	         5	         5	         0	        10	         5	         5	         0
         3	        64	        12	   6.94384	   139.665	  -49.8734	  -311.848	   264.068	   2272.45	      0.02	  0.288946	   45.0877	        10	         5	         5	         0	        10	         5	         5	         0
         3	        64	        13	   7.21351	    137.18	  -47.4071	  -311.834	   287.074	   2272.36	      0.02	  0.289031	   45.1047	        10	         5	         5	         0	        10	         5	         5	         0
         3	        64	        14	   7.49562	   134.877	  -45.1229	  -311.816	   310.195	   2272.23	      0.02	  0.289123	    45.123	        10	         5	         5	         0	        10	         5	         5	         0
         3	        64	        15	   7.78884	   132.743	   -43.008	  -311.797	   333.222	    2272.1	      0.02	  0.289223	   45.1425	        10	         5	         5	         0	        10	         5	         5	         0
         3	        64	        16	   8.09195	   130.766	  -41.0495	  -311.776	   356.261	   2271.95	      0.02	  0.289329	   45.1637	        10	         5	         5	         0	        10	         5	         5	         0
         3	        64	        17	   8.40389	   128.932	  -39.2349	  -311.755	   379.315	   2271.81	      0.02	  0.289445	   45.1862	        10	         5	         5	         0	        10	         5	         5	         0
         3	        64	        18	    8.7237	    127.23	  -37.5522	   -311.73	   402.485	   2271.62	      0.02	  0.289568	   45.2104	        10	         5	         5	         0	        10	         5	         5	         0
         3	        64	        19	   9.38371	   124.179	  -34.5385	  -311.705	   425.944	   2271.45	      0.02	  0.205884	   89.9998	        10	         5	         5	         0	        10	         5	         5	         0
         3	        64	        20	   10.0664	   121.531	  -31.9288	  -311.674	    449.81	    2271.2	      0.02	  0.206305	   90.0001	        10	         5	         5	         0	        10	         5	         5	         0
         3	        64	        21	   10.4149	   120.337	  -30.7541	   -311.64	   473.342	   2270.93	      0.02	  0.290296	   45.3532	        10	         5	         5	         0	        10	         5	         5	         0
         3	        64	        22	   10.7675	   119.221	  -29.6563	  -311.607	   496.625	   2270.68	      0.02	  0.290466	    45.386	        10	         5	         5	         0	        10	         5	         5	         0
         3	        64	        23	   11.1239	   118.174	  -28.6289	  -311.572	   519.826	   2270.41	      0.02	  0.290642	   45.4206	        10	         5	         5	         0	        10	         5	         5	         0
         3	        64	        24	   11.4837	   117.192	   -27.666	  -311.537	   543.049	   2270.14	      0.02	  0.290828	   45.4562	        10	         5	         5	         0	        10	         5	         5	         0
         3	        64	        25	   11.8465	   116.269	  -26.7622	  -311.501	   566.297	   2269.88	      0.02	  0.291021	    45.494	        10	         5	         5	         0	        10	         5	         5	         0
         3	        64	        26	   12.2122	   115.401	  -25.9128	   -311.46	   589.669	   2269.56	      0.02	  0.291223	    45.533	        10	         5	         5	         0	        10	         5	         5	         0
         3	        64	        27	   12.5804	   114.582	  -25.1132	  -311.421	   612.962	   2269.24	      0.02	  0.291433	   45.5732	        10	         5	         5	         0	        10	         5	         5	         0
         3	        64	        28	    12.951	    113.81	  -24.3597	  -311.379	   636.279	   2268.92	      0.02	   0.29165	   45.6152	        10	         5	         5	         0	        10	         5	         5	         0
         3	        64	        29	   13.3237	   113.079	  -23.6485	  -311.337	   659.629	   2268.61	      0.02	  0.291877	   45.6588	        10	         5	         5	         0	        10	         5	         5	         0
         3	        64	        30	   14.0749	   111.733	  -22.3408	  -311.288	   683.481	   2268.23	      0.02	  0.209417	        90	        10	         5	         5	         0	        10	         5	         5	         0
         3	        64	        31	   14.4531	   111.112	  -21.7386	  -311.233	   707.282	   2267.77	      0.02	  0.292607	   45.7984	        10	         5	         5	         0	        10	         5	         5	         0
         3	        64	        32	   14.8328	   110.522	  -21.1674	  -311.185	    730.75	   2267.39	      0.02	  0.292868	    45.848	        10	         5	         5	         0	        10	         5	         5	         0
         3	        64	        33	    15.214	    109.96	  -20.6252	  -311.137	   754.256	   2267.02	      0.02	  0.293137	   45.8989	        10	         5	         5	         0	        10	         5	         5	         0
         3	        64	        34	   15.5965	   109.426	  -20.1099	  -311.082	   777.891	   2266.59	      0.02	  0.293415	   45.9517	        10	         5	         5	         0	        10	         5	         5	         0
         3	        64	        35	   15.9802	   108.916	  -19.6195	  -311.029	   801.458	   2266.17	      0.02	  0.293704	   46.0058	        10	         5	         5	         0	        10	         5	         5	         0
         3	        64	        36	   16.3651	    108.43	  -19.1526	  -310.975	    825.06	   2265.74	      0.02	  0.294001	   46.0619	        10	         5	         5	         0	        10	         5	         5	         0
         3	        64	        37	    16.751	   107.966	  -18.7074	  -310.922	   848.706	   2265.32	      0.02	  0.294306	   46.1191	        10	         5	         5	         0	        10	         5	         5	         0
         3	        64	        38	    17.138	   107.521	  -18.2826	  -310.862	   872.483	   2264.84	      0.02	  0.294621	    46.178	        10	         5	         5	         0	        10	         5	         5	         0
         3	        65	         1	     5.712	       180	       -90	   -334.93	   11.1551	   2272.47	      0.02	  0.288099	   45.1122	        10	         5	         5	         0	        10	         5	         5	         0
         3	        65	         2	   5.72651	   175.908	  -85.9279	  -334.936	   34.2027	   2272.54	      0.02	  0.288505	   45.0006	        10	         5	         5	         0	        10	         5	         5	         0
         3	        65	         3	    5.7698	   171.856	  -81.8968	  -334.939	    57.146	   2272.58	      0.02	  0.288517	   45.0029	        10	         5	         5	         0	        10	         5	         5	         0
         3	        65	         4	   5.84125	   167.884	  -77.9451	  -334.941	   80.0918	   2272.61	      0.02	  0.288535	   45.0066	        10	         5	         5	         0	        10	         5	         5	         0
         3	        65	         5	   5.93983	   164.025	  -74.1068	  -334.941	   103.041	   2272.63	      0.02	  0.288561	   45.0115	        10	         5	         5	         0	        10	         5	         5	         0
         3	        65	         6	   6.06422	   160.308	  -70.4102	  -334.938	   126.099	   2272.63	      0.02	  0.288594	   45.0181	        10	         5	         5	         0	        10	         5	         5	         0
         3	        65	         7	   6.21287	   156.754	  -66.8765	  -334.933	   149.057	   2272.62	      0.02	  0.288633	   45.0262	        10	         5	         5	         0	        10	         5	         5	         0
         3	        65	         8	   6.38409	   153.378	  -63.5205	  -334.927	    172.02	   2272.58	      0.02	  0.288683	   45.0355	        10	         5	         5	         0	        10	         5	         5	         0
         3	        65	         9	   6.57612	   150.187	  -60.3503	   -334.92	   194.991	   2272.54	      0.02	  0.288736	   45.0466	        10	         5	         5	         0	        10	         5	         5	         0
         3	        65	        10	   6.78718	   147.186	  -57.3691	  -334.908	   218.073	   2272.48	      0.02	    0.2888	   45.0588	        10	         5	         5	         0	        10	         5	         5	         0
         3	        65	        11	   7.01556	   144.372	  -54.5751	  -334.896	   241.058	   2272.41	      0.02	  0.288869	   45.0726	        10	         5	         5	         0	        10	         5	         5	         0
         3	        65	        12	   7.25963	    141.74	  -51.9636	  -334.882	   264.052	   2272.32	      0.02	  0.288947	   45.0878	        10	         5	         5	         0	        10	         5	         5	         0
         3	        65	        13	   7.51786	   139.283	  -49.5271	  -334.866	   287.056	   2272.22	      0.02	   0.28903	   45.1048	        10	         5	         5	         0	        10	         5	         5	         0
         3	        65	        14	   7.78884	   136.992	  -47.2568	  -334.847	   310.175	    2272.1	      0.02	  0.289122	   45.1228	        10	         5	         5	         0	        10	         5	         5	         0
         3	        65	        15	   8.07129	   134.857	  -45.1426	  -334.827	   333.201	   2271.96	      0.02	  0.289223	   45.1428	        10	         5	         5	         0	        10	         5	         5	         0
         3	        65	        16	   8.36404	   132.869	  -43.1744	  -334.805	   356.239	   2271.81	      0.02	   0.28933	    45.164	        10	         5	         5	         0	        10	         5	         5	         0
         3	        65	        17	   8.66605	   131.016	  -41.3417	  -334.782	   379.292	   2271.67	      0.02	  0.289445	   45.1866	        10	         5	         5	         0	        10	         5	         5	         0
         3	        65	        18	   8.97638	   129.288	  -39.6346	  -334.755	   402.461	   2271.48	      0.02	  0.289567	   45.2105	        10	         5	         5	         0	        10	         5	         5	         0
         3	        65	        19	   9.61878	   126.172	  -36.5589	  -334.729	   425.918	   2271.32	      0.02	  0.205884	        90	        10	         5	         5	         0	        10	         5	         5	         0
         3	        65	        20	   10.2856	   123.449	  -33.8768	  -334.696	   449.783	   2271.08	      0.02	  0.206305	   89.9999	        10	         5	         5	         0	        10	         5	         5	         0
         3	        65	        21	   10.6268	   122.215	  -32.6639	  -334.659	   473.314	   2270.81	      0.02	  0.290295	   45.3529	        10	         5	         5	         0	        10	         5	         5	         0
         3	        65	        22	   10.9724	   121.058	  -31.5274	  -334.623	   496.596	   2270.54	      0.02	  0.290464	   45.3859	        10	         5	         5	         0	        10	         5	         5	         0
         3	        65	        23	   11.3222	   119.971	  -30.4612	  -334.586	   519.795	   2270.29	      0.02	  0.290642	   45.4204	        10	         5	         5	         0	        10	         5	         5	         0
         3	        65	        24	   11.6757	   118.949	  -29.4596	  -334.549	   543.017	   2270.02	      0.02	  0.290828	   45.4563	        10	         5	         5	         0	        10	         5	         5	         0
         3	        65	        25	   12.0326	   117.987	  -28.5175	  -334.511	   566.264	   2269.75	      0.02	   0.29102	   45.4938	        10	         5	         5	         0	        10	         5	         5	         0
         3	        65	        26	   12.3926	   117.079	  -27.6304	  -334.467	   589.635	   2269.43	      0.02	  0.291222	   45.5325	        10	         5	         5	         0	        10	         5	         5	         0
         3	        65	        27	   12.7554	   116.222	  -26.7939	  -334.425	   612.927	   2269.12	      0.02	  0.291433	   45.5731	        10	         5	         5	         0	        10	         5	         5	         0
         3	        65	        28	   13.1209	   115.412	  -26.0042	  -334.379	   636.243	    2268.8	      0.02	  0.291651	   45.6154	        10	         5	         5	         0	        10	         5	         5	         0
         3	        65	        29	   13.4887	   114.645	  -25.2579	  -334.335	   659.591	   2268.49	      0.02	  0.291876	   45.6587	        10	         5	         5	         0	        10	         5	         5	         0
         3	        65	        30	   14.2309	   113.229	  -23.8827	  -334.282	   683.443	    2268.1	      0.02	  0.209417	   89.9998	        10	         5	         5	         0	        10	         5	         5	         0
         3	        65	        31	   14.6049	   112.573	  -23.2482	  -334.224	   707.243	   2267.65	      0.02	  0.292607	   45.7983	        10	         5	         5	         0	        10	         5	         5	         0
         3	        65	        32	   14.9806	    111.95	  -22.6458	  -334.172	    730.71	   2267.27	      0.02	  0.292868	   45.8479	        10	         5	         5	         0	        10	         5	         5	         0
         3	        65	        33	   15.3579	   111.357	  -22.0733	   -334.12	   754.215	    2266.9	      0.02	  0.293136	   45.8991	        10	         5	         5	         0	        10	         5	         5	         0
         3	        65	        34	   15.7368	   110.792	  -21.5287	  -334.063	   777.849	   2266.47	      0.02	  0.293416	   45.9518	        10	         5	         5	         0	        10	         5	         5	         0
         3	        65	        35	    16.117	   110.253	    -21.01	  -334.006	   801.415	   2266.05	      0.02	  0.293704	   46.0058	        10	         5	         5	         0	        10	         5	         5	         0
         3	        65	        36	   16.4985	   109.737	  -20.5157	  -333.947	   825.017	   2265.63	      0.02	     0.294	   46.0615	        10	         5	         5	         0	        10	         5	         5	         0
         3	        65	        37	   16.8812	   109.245	   -20.044	   -333.89	   848.662	   2265.22	      0.02	  0.294306	   46.1188	        10	         5	         5	         0	        10	         5	         5	         0
         3	        66	         1	      6.12	       180	       -90	  -357.979	   11.1543	   2272.31	      0.02	  0.288097	   45.1119	        10	         5	         5	         0	        10	         5	         5	         0
         3	        66	         2	   6.13353	   176.179	  -86.2004	  -357.984	   34.2003	   2272.38	      0.02	  0.288506	   45.0006	        10	         5	         5	         0	        10	         5	         5	         0
         3	        66	         3	   6.17395	   172.391	  -82.4342	  -357.988	   57.1421	   2272.42	      0.02	  0.288517	   45.0028	        10	         5	         5	         0	        10	         5	         5	         0
         3	        66	         4	   6.24074	   168.667	  -78.7328	   -357.99	   80.0863	   2272.46	      0.02	  0.288534	   45.0066	        10	         5	         5	         0	        10	         5	         5	         0
         3	        66	         5	   6.33306	   165.038	  -75.1248	  -357.989	   103.034	   2272.48	      0.02	  0.288561	   45.0116	        10	         5	         5	         0	        10	         5	         5	         0
         3	        66	         6	   6.44982	   161.525	  -71.6341	  -357.987	    126.09	   2272.47	      0.02	  0.288594	   45.0181	        10	         5	         5	         0	        10	         5	         5	         0
         3	        66	         7	   6.58971	   158.149	  -68.2798	  -357.983	   149.047	   2272.46	      0.02	  0.288634	   45.0262	        10	         5	         5	         0	        10	         5	         5	         0
         3	        66	         8	    6.7513	   154.923	  -65.0758	  -357.975	   172.009	   2272.43	      0.02	   0.28868	   45.0354	        10	         5	         5	         0	        10	         5	         5	         0
         3	        66	         9	   6.93308	   151.856	   -62.031	  -357.967	   194.977	    2272.4	      0.02	  0.288736	   45.0466	        10	         5	         5	         0	        10	         5	         5	         0
         3	        66	        10	   7.13349	   148.953	  -59.1498	  -357.955	   218.058	   2272.33	      0.02	    0.2888	   45.0589	        10	         5	         5	         0	        10	         5	         5	         0
         3	        66	        11	   7.35102	   146.215	   -56.433	  -357.942	   241.041	   2272.26	      0.02	  0.288869	   45.0725	        10	         5	         5	         0	        10	         5	         5	         0
         3	        66	        12	   7.58419	   143.638	  -53.8782	  -357.927	   264.034	   2272.17	      0.02	  0.288945	   45.0878	        10	         5	         5	         0	        10	         5	         5	         0
         3	        66	        13	    7.8316	   141.219	  -51.4807	   -357.91	   287.037	   2272.07	      0.02	   0.28903	   45.1047	        10	         5	         5	         0	        10	         5	         5	         0
         3	        66	        14	   8.09195	    138.95	  -49.2342	   -357.89	   310.155	   2271.95	      0.02	  0.289124	    45.123	        10	         5	         5	         0	        10	         5	         5	         0
         3	        66	        15	   8.36404	   136.826	  -47.1312	  -357.869	   333.179	   2271.81	      0.02	  0.289223	   45.1426	        10	         5	         5	         0	        10	         5	         5	         0
         3	        66	        16	   8.64674	   134.836	  -45.1637	  -357.846	   356.215	   2271.68	      0.02	   0.28933	   45.1637	        10	         5	         5	         0	        10	         5	         5	         0
         3	        66	        17	   8.93906	   132.974	  -43.3233	  -357.821	   379.267	   2271.52	      0.02	  0.289445	   45.1863	        10	         5	         5	         0	        10	         5	         5	         0
         3	        66	        18	   9.24009	    131.23	  -41.6016	  -357.793	   402.435	   2271.33	      0.02	  0.289568	   45.2103	        10	         5	         5	         0	        10	         5	         5	         0
         3	        66	        19	   9.86503	   128.067	  -38.4816	  -357.765	   425.891	   2271.17	      0.02	  0.205885	        90	        10	         5	         5	         0	        10	         5	         5	         0
         3	        66	        20	    10.516	   125.283	  -35.7423	  -357.729	   449.754	   2270.93	      0.02	  0.206305	   90.0001	        10	         5	         5	         0	        10	         5	         5	         0
         3	        66	        21	   10.8497	   124.017	   -34.498	   -357.69	   473.284	   2270.66	      0.02	  0.290297	    45.353	        10	         5	         5	         0	        10	         5	         5	         0
         3	        66	        22	   11.1883	   122.826	   -33.329	  -357.651	   496.564	    2270.4	      0.02	  0.290466	   45.3859	        10	         5	         5	         0	        10	         5	         5	         0
         3	        66	        23	   11.5314	   121.705	  -32.2295	  -357.613	   519.763	   2270.15	      0.02	  0.290642	   45.4203	        10	         5	         5	         0	        10	         5	         5	         0
         3	        66	        24	   11.8785	   120.648	  -31.1943	  -357.572	   542.983	   2269.88	      0.02	  0.290828	   45.4565	        10	         5	         5	         0	        10	         5	         5	         0
         3	        66	        25	   12.2293	    119.65	  -30.2186	  -357.532	   566.229	   2269.61	      0.02	  0.291021	   45.4939	        10	         5	         5	         0	        10	         5	         5	         0
         3	        66	        26	   12.5835	   118.707	   -29.298	  -357.486	   589.598	    2269.3	      0.02	  0.291222	   45.5329	        10	         5	         5	         0	        10	         5	         5	         0
         3	        66	        27	   12.9408	   117.816	  -28.4285	   -357.44	   612.889	   2268.99	      0.02	  0.291432	   45.5731	        10	         5	         5	         0	        10	         5	         5	         0
         3	        66	        28	    13.301	   116.971	  -27.6063	  -357.393	   636.204	   2268.66	      0.02	  0.291649	   45.6152	        10	         5	         5	         0	        10	         5	         5	         0
         3	        66	        29	   13.6638	   116.171	  -26.8279	  -357.346	   659.552	   2268.35	      0.02	  0.291877	   45.6588	        10	         5	         5	         0	        10	         5	         5	         0
         3	        66	        30	   14.3966	    114.69	  -25.3908	   -357.29	   683.402	   2267.97	      0.02	  0.209417	   90.0004	        10	         5	         5	         0	        10	         5	         5	         0
         3	        66	        31	   14.7662	   114.003	  -24.7265	  -357.226	   707.201	   2267.51	      0.02	  0.292606	   45.7982	        10	         5	         5	         0	        10	         5	         5	         0
         3	        66	        32	   15.1378	    113.35	  -24.0951	  -357.171	   730.667	   2267.14	      0.02	  0.292867	   45.8478	        10	         5	         5	         0	        10	         5	         5	         0
         3	        66	        33	   15.5111	   112.727	  -23.4943	  -357.117	   754.171	   2266.77	      0.02	  0.293137	   45.8993	        10	         5	         5	         0	        10	         5	         5	         0
         3	        66	        34	   15.8861	   112.133	  -22.9223	  -357.055	   777.804	   2266.34	      0.02	  0.293417	   45.9519	        10	         5	         5	         0	        10	         5	         5	         0
         3	        66	        35	   16.2626	   111.565	   -22.377	  -356.995	    801.37	   2265.92	      0.02	  0.293704	   46.0058	        10	         5	         5	         0	        10	         5	         5	         0
         3	        66	        36	   16.6406	   111.023	  -21.8568	  -356.933	    824.97	    2265.5	      0.02	  0.294001	   46.0618	        10	         5	         5	         0	        10	         5	         5	         0
         3	        66	        37	   17.0199	   110.504	  -21.3601	  -356.872	   848.614	   2265.09	      0.02	  0.294306	    46.119	        10	         5	         5	         0	        10	         5	         5	         0
         3	        67	         1	     6.528	       180	       -90	   -381.04	   11.1535	   2272.16	      0.02	  0.288097	   45.1119	        10	         5	         5	         0	        10	         5	         5	         0
         3	        67	         2	   6.54068	   176.416	  -86.4391	  -381.046	   34.1979	   2272.22	      0.02	  0.288505	    45.001	        10	         5	         5	         0	        10	         5	         5	         0
         3	        67	         3	   6.57858	   172.859	  -82.9058	  -381.051	    57.138	   2272.27	      0.02	  0.288517	   45.0029	        10	         5	         5	         0	        10	         5	         5	         0
         3	        67	         4	   6.64127	   169.356	  -79.4261	  -381.053	   80.0806	    2272.3	      0.02	  0.288536	   45.0063	        10	         5	         5	         0	        10	         5	         5	         0
         3	        67	         5	   6.72805	   165.931	   -76.024	  -381.053	   103.026	   2272.32	      0.02	  0.288562	   45.0116	        10	         5	         5	         0	        10	         5	         5	         0
         3	        67	         6	   6.83801	   162.604	  -72.7201	  -381.049	   126.081	   2272.32	      0.02	  0.288594	    45.018	        10	         5	         5	         0	        10	         5	         5	         0
         3	        67	         7	   6.97005	   159.392	  -69.5313	  -381.045	   149.036	   2272.31	      0.02	  0.288634	   45.0264	        10	         5	         5	         0	        10	         5	         5	         0
         3	        67	         8	   7.12293	   156.308	  -66.4705	  -381.037	   171.996	   2272.28	      0.02	  0.288682	   45.0356	        10	         5	         5	         0	        10	         5	         5	         0
         3	        67	         9	   7.29536	    153.36	  -63.5467	  -381.029	   194.964	   2272.24	      0.02	  0.288737	   45.0466	        10	         5	         5	         0	        10	         5	         5	         0
         3	        67	        10	   7.48598	   150.556	  -60.7651	  -381.017	   218.042	   2272.18	      0.02	  0.288799	    45.059	        10	         5	         5	         0	        10	         5	         5	         0
         3	        67	        11	   7.69344	   147.895	   -58.128	  -381.003	   241.024	   2272.11	      0.02	  0.288869	   45.0727	        10	         5	         5	         0	        10	         5	         5	         0
         3	        67	        12	   7.91642	   145.379	  -55.6348	  -380.986	   264.016	   2272.02	      0.02	  0.288945	    45.088	        10	         5	         5	         0	        10	         5	         5	         0
         3	        67	        13	   8.15363	   143.003	  -53.2828	  -380.969	   287.017	   2271.92	      0.02	   0.28903	   45.1047	        10	         5	         5	         0	        10	         5	         5	         0
         3	        67	        14	   8.40388	   140.765	  -51.0678	  -380.948	   310.133	   2271.79	      0.02	  0.289124	   45.1229	        10	         5	         5	         0	        10	         5	         5	         0
         3	        67	        15	   8.66604	   138.658	  -48.9843	  -380.925	   333.156	   2271.67	      0.02	  0.289224	   45.1428	        10	         5	         5	         0	        10	         5	         5	         0
         3	        67	        16	   8.93906	   136.677	   -47.026	    -380.9	   356.191	   2271.52	      0.02	   0.28933	   45.1639	        10	         5	         5	         0	        10	         5	         5	         0
         3	        67	        17	   9.22198	   134.814	  -45.1863	  -380.875	   379.241	   2271.37	      0.02	  0.289445	   45.1863	        10	         5	         5	         0	        10	         5	         5	         0
         3	        67	        18	    9.5139	   133.062	  -43.4583	  -380.844	   402.407	   2271.18	      0.02	  0.289568	   45.2106	        10	         5	         5	         0	        10	         5	         5	         0
         3	        67	        19	   10.1216	   129.867	  -40.3097	  -380.815	   425.862	   2271.02	      0.02	  0.205884	   90.0001	        10	         5	         5	         0	        10	         5	         5	         0
         3	        67	        20	   10.7567	   127.038	  -37.5271	  -380.777	   449.724	   2270.79	      0.02	  0.206305	   90.0001	        10	         5	         5	         0	        10	         5	         5	         0
         3	        67	        21	    11.083	   125.745	  -36.2575	  -380.735	   473.251	   2270.52	      0.02	  0.290296	   45.3529	        10	         5	         5	         0	        10	         5	         5	         0
         3	        67	        22	   11.4146	   124.525	  -35.0616	  -380.695	   496.531	   2270.26	      0.02	  0.290465	   45.3861	        10	         5	         5	         0	        10	         5	         5	         0
         3	        67	        23	   11.7508	   123.374	  -33.9341	  -380.654	   519.728	   2270.01	      0.02	  0.290642	   45.4204	        10	         5	         5	         0	        10	         5	         5	         0
         3	        67	        24	   12.0915	   122.287	  -32.8702	  -380.611	   542.947	   2269.74	      0.02	  0.290827	   45.4563	        10	         5	         5	         0	        10	         5	         5	         0
         3	        67	        25	   12.4361	   121.259	  -31.8654	  -380.569	   566.192	   2269.47	      0.02	  0.291021	   45.4939	        10	         5	         5	         0	        10	         5	         5	         0
         3	        67	        26	   12.7844	   120.285	  -30.9154	   -380.52	   589.559	   2269.15	      0.02	  0.291222	   45.5329	        10	         5	         5	         0	        10	         5	         5	         0
         3	        67	        27	   13.1361	   119.363	  -30.0165	  -380.471	   612.849	   2268.85	      0.02	  0.291433	    45.573	        10	         5	         5	         0	        10	         5	         5	         0
         3	        67	        28	   13.4908	   118.488	  -29.1651	  -380.421	   636.163	   2268.53	      0.02	  0.291651	   45.6152	        10	         5	         5	         0	        10	         5	         5	         0
         3	        67	        29	   13.8485	   117.657	  -28.3579	   -380.37	   659.509	   2268.22	      0.02	  0.291877	   45.6586	        10	         5	         5	         0	        10	         5	         5	         0
         3	        67	        30	   14.5717	   116.117	  -26.8644	  -380.311	   683.359	   2267.83	      0.02	  0.209416	   89.9997	        10	         5	         5	         0	        10	         5	         5	         0
         3	        67	        31	   14.9367	   115.401	  -26.1726	  -380.245	   707.156	   2267.38	      0.02	  0.292608	   45.7982	        10	         5	         5	         0	        10	         5	         5	         0
         3	        67	        32	   15.3039	   114.719	  -25.5144	  -380.185	   730.621	   2267.01	      0.02	  0.292866	   45.8481	        10	         5	         5	         0	        10	         5	         5	         0
         3	        67	        33	   15.6731	   114.069	  -24.8875	  -380.128	   754.125	   2266.64	      0.02	  0.293137	   45.8991	        10	         5	         5	         0	        10	         5	         5	         0
         3	        67	        34	   16.0441	   113.448	  -24.2899	  -380.063	   777.757	   2266.21	      0.02	  0.293415	   45.9517	        10	         5	         5	         0	        10	         5	         5	         0
         3	        67	        35	   16.4168	   112.854	  -23.7197	  -379.998	   801.321	   2265.79	      0.02	  0.293703	    46.006	        10	         5	         5	         0	        10	         5	         5	         0
         3	        67	        36	   16.7911	   112.286	  -23.1752	  -379.933	    824.92	   2265.37	      0.02	  0.294001	   46.0617	        10	         5	         5	         0	        10	         5	         5	         0
         3	        68	         1	     6.936	       180	       -90	  -404.219	   11.1527	   2271.97	      0.02	  0.288098	    45.112	        10	         5	         5	         0	        10	         5	         5	         0
         3	        68	         2	   6.94793	   176.625	    -86.65	  -404.226	   34.1953	   2272.03	      0.02	  0.288507	   45.0005	        10	         5	         5	         0	        10	         5	         5	         0
         3	        68	         3	    6.9836	   173.273	  -83.3229	  -404.231	   57.1336	   2272.08	      0.02	  0.288517	    45.003	        10	         5	         5	         0	        10	         5	         5	         0
         3	        68	         4	   7.04265	   169.967	  -80.0407	  -404.232	   80.0745	   2272.11	      0.02	  0.288535	   45.0063	        10	         5	         5	         0	        10	         5	         5	         0
         3	        68	         5	    7.1245	   166.725	  -76.8237	  -404.232	   103.019	   2272.13	      0.02	  0.288559	   45.0116	        10	         5	         5	         0	        10	         5	         5	         0
         3	        68	         6	   7.22837	   163.566	  -73.6896	  -404.229	   126.071	   2272.13	      0.02	  0.288593	   45.0182	        10	         5	         5	         0	        10	         5	         5	         0
         3	        68	         7	   7.35333	   160.505	  -70.6534	  -404.224	   149.025	   2272.12	      0.02	  0.288634	   45.0263	        10	         5	         5	         0	        10	         5	         5	         0
         3	        68	         8	   7.49833	   157.554	  -67.7269	  -404.217	   171.983	   2272.09	      0.02	  0.288681	   45.0356	        10	         5	         5	         0	        10	         5	         5	         0
         3	        68	         9	   7.66222	   154.721	  -64.9188	  -404.207	   194.949	   2272.05	      0.02	  0.288737	   45.0466	        10	         5	         5	         0	        10	         5	         5	         0
         3	        68	        10	   7.84383	   152.012	  -62.2349	  -404.194	   218.026	   2271.99	      0.02	    0.2888	   45.0589	        10	         5	         5	         0	        10	         5	         5	         0
         3	        68	        11	   8.04196	   149.431	  -59.6782	   -404.18	   241.006	   2271.91	      0.02	   0.28887	   45.0724	        10	         5	         5	         0	        10	         5	         5	         0
         3	        68	        12	   8.25541	   146.977	  -57.2494	  -404.162	   263.996	   2271.83	      0.02	  0.288946	   45.0878	        10	         5	         5	         0	        10	         5	         5	         0
         3	        68	        13	   8.48302	   144.651	  -54.9474	  -404.144	   286.996	   2271.73	      0.02	   0.28903	   45.1048	        10	         5	         5	         0	        10	         5	         5	         0
         3	        68	        14	    8.7237	   142.448	  -52.7695	  -404.121	    310.11	    2271.6	      0.02	  0.289124	   45.1229	        10	         5	         5	         0	        10	         5	         5	         0
         3	        68	        15	   8.97638	   140.365	  -50.7118	  -404.098	   333.132	   2271.48	      0.02	  0.289223	   45.1426	        10	         5	         5	         0	        10	         5	         5	         0
         3	        68	        16	   9.24009	   138.398	  -48.7697	  -404.072	   356.165	   2271.33	      0.02	   0.28933	   45.1637	        10	         5	         5	         0	        10	         5	         5	         0
         3	        68	        17	    9.5139	   136.542	  -46.9377	  -404.044	   379.213	   2271.18	      0.02	  0.289444	   45.1863	        10	         5	         5	         0	        10	         5	         5	         0
         3	        68	        18	   9.79698	    134.79	  -45.2104	  -404.013	   402.378	      2271	      0.02	  0.289567	   45.2105	        10	         5	         5	         0	        10	         5	         5	         0
         3	        68	        19	   10.3878	   131.576	  -42.0467	  -403.982	   425.831	   2270.83	      0.02	  0.205885	   90.0002	        10	         5	         5	         0	        10	         5	         5	         0
         3	        68	        20	   11.0072	   128.713	  -39.2331	  -403.941	   449.691	    2270.6	      0.02	  0.206306	   90.0002	        10	         5	         5	         0	        10	         5	         5	         0
         3	        68	        21	   11.3262	   127.399	  -37.9439	  -403.898	   473.218	   2270.33	      0.02	  0.290297	   45.3532	        10	         5	         5	         0	        10	         5	         5	         0
         3	        68	        22	   11.6506	   126.156	  -36.7264	  -403.855	   496.495	   2270.07	      0.02	  0.290465	   45.3862	        10	         5	         5	         0	        10	         5	         5	         0
         3	        68	        23	   11.9801	   124.981	  -35.5758	  -403.812	   519.691	   2269.82	      0.02	  0.290641	   45.4205	        10	         5	         5	         0	        10	         5	         5	         0
         3	        68	        24	   12.3142	   123.868	  -34.4877	  -403.767	   542.909	   2269.56	      0.02	  0.290827	   45.4564	        10	         5	         5	         0	        10	         5	         5	         0
         3	        68	        25	   12.6525	   122.813	  -33.4578	  -403.722	   566.152	   2269.29	      0.02	  0.291021	   45.4938	        10	         5	         5	         0	        10	         5	         5	         0
         3	        68	        26	   12.9948	   121.813	  -32.4824	   -403.67	   589.519	   2268.97	      0.02	  0.291224	   45.5326	        10	         5	         5	         0	        10	         5	         5	         0
         3	        68	        27	   13.3408	   120.863	  -31.5577	  -403.619	   612.807	   2268.67	      0.02	  0.291433	   45.5732	        10	         5	         5	         0	        10	         5	         5	         0
         3	        68	        28	   13.6901	   119.961	  -30.6805	  -403.565	    636.12	   2268.35	      0.02	   0.29165	   45.6152	        10	         5	         5	         0	        10	         5	         5	         0
         3	        68	        29	   14.0425	   119.103	  -29.8474	  -403.512	   659.465	   2268.04	      0.02	  0.291877	   45.6585	        10	         5	         5	         0	        10	         5	         5	         0
         3	        68	        30	   14.7557	   117.508	  -28.3028	   -403.45	   683.313	   2267.66	      0.02	  0.209417	   89.9999	        10	         5	         5	         0	        10	         5	         5	         0
         3	        68	        31	   15.1161	   116.766	  -27.5861	  -403.379	   707.109	   2267.21	      0.02	  0.292607	   45.7983	        10	         5	         5	         0	        10	         5	         5	         0
         3	        68	        32	   15.4789	   116.058	  -26.9032	  -403.317	   730.573	   2266.84	      0.02	  0.292867	   45.8479	        10	         5	         5	         0	        10	         5	         5	         0
         3	        68	        33	   15.8438	   115.382	  -26.2521	  -403.257	   754.075	   2266.47	      0.02	  0.293137	   45.8991	        10	         5	         5	         0	        10	         5	         5	         0
         3	        68	        34	   16.2107	   114.736	  -25.6308	  -403.187	   777.706	   2266.04	      0.02	  0.293416	   45.9518	        10	         5	         5	         0	        10	         5	         5	         0
         3	        68	        35	   16.5794	   114.117	  -25.0374	  -403.119	   801.269	   2265.63	      0.02	  0.293704	   46.0061	        10	         5	         5	         0	        10	         5	         5	         0
         3	        68	        36	     16.95	   113.525	  -24.4703	  -403.049	   824.867	   2265.21	      0.02	     0.294	   46.0617	        10	         5	         5	         0	        10	         5	         5	         0
         3	        69	         1	     7.752	       180	       -90	  -428.057	   11.1518	   2271.75	      0.02	  0.288099	   45.1122	        10	         5	         5	         0	        10	         5	         5	         0
         3	        69	         2	   7.76266	   176.978	  -87.0056	  -428.064	   34.1925	   2271.81	      0.02	  0.288505	   45.0007	        10	         5	         5	         0	        10	         5	         5	         0
         3	        69	         3	   7.79457	   173.972	  -84.0276	  -428.069	   57.1289	   2271.86	      0.02	  0.288516	   45.0028	        10	         5	         5	         0	        10	         5	         5	         0
         3	        69	         4	   7.84745	   170.999	   -81.082	  -428.072	   80.0679	   2271.89	      0.02	  0.288535	   45.0067	        10	         5	         5	         0	        10	         5	         5	         0
         3	        69	         5	    7.9209	   168.073	  -78.1835	  -428.072	    103.01	   2271.91	      0.02	  0.288561	   45.0116	        10	         5	         5	         0	        10	         5	         5	         0
         3	        69	         6	   8.01434	   165.207	  -75.3456	  -428.069	   126.061	   2271.91	      0.02	  0.288593	   45.0181	        10	         5	         5	         0	        10	         5	         5	         0
         3	        69	         7	   8.12709	   162.414	    -72.58	  -428.064	   149.012	   2271.89	      0.02	  0.288634	   45.0263	        10	         5	         5	         0	        10	         5	         5	         0
         3	        69	         8	   8.25835	   159.703	  -69.8964	  -428.056	   171.969	   2271.87	      0.02	  0.288682	   45.0355	        10	         5	         5	         0	        10	         5	         5	         0
         3	        69	         9	   8.40726	   157.081	  -67.3027	  -428.047	   194.933	   2271.83	      0.02	  0.288737	   45.0464	        10	         5	         5	         0	        10	         5	         5	         0
         3	        69	        10	    8.5729	   154.556	  -64.8045	  -428.034	   218.008	   2271.76	      0.02	    0.2888	   45.0588	        10	         5	         5	         0	        10	         5	         5	         0
         3	        69	        11	   8.75432	   152.129	  -62.4058	  -428.018	   240.987	   2271.69	      0.02	   0.28887	   45.0728	        10	         5	         5	         0	        10	         5	         5	         0
         3	        69	        12	   8.95056	   149.805	  -60.1087	  -428.001	   263.975	    2271.6	      0.02	  0.288946	   45.0882	        10	         5	         5	         0	        10	         5	         5	         0
         3	        69	        13	   9.16067	   147.582	  -57.9141	  -427.981	   286.973	   2271.52	      0.02	   0.28903	   45.1046	        10	         5	         5	         0	        10	         5	         5	         0
         3	        69	        14	   9.38371	   145.462	  -55.8212	  -427.958	   310.085	   2271.39	      0.02	  0.289123	    45.123	        10	         5	         5	         0	        10	         5	         5	         0
         3	        69	        15	   9.61878	   143.441	  -53.8284	  -427.932	   333.105	   2271.26	      0.02	  0.289223	   45.1427	        10	         5	         5	         0	        10	         5	         5	         0
         3	        69	        16	   9.86504	   141.518	  -51.9334	  -427.905	   356.136	   2271.12	      0.02	  0.289329	   45.1637	        10	         5	         5	         0	        10	         5	         5	         0
         3	        69	        17	   10.1216	    139.69	   -50.133	  -427.877	   379.183	   2270.97	      0.02	  0.289446	   45.1865	        10	         5	         5	         0	        10	         5	         5	         0
         3	        69	        18	   10.3878	   137.953	  -48.4238	  -427.843	   402.346	   2270.79	      0.02	  0.289567	   45.2105	        10	         5	         5	         0	        10	         5	         5	         0
         3	        69	        19	   10.9462	   134.737	   -45.263	  -427.811	   425.797	   2270.62	      0.02	  0.205884	        90	        10	         5	         5	         0	        10	         5	         5	         0
         3	        69	        20	   11.5349	   131.837	  -42.4187	  -427.768	   449.656	   2270.38	      0.02	  0.206306	   90.0001	        10	         5	         5	         0	        10	         5	         5	         0
         3	        69	        21	   11.8393	   130.496	   -41.105	  -427.722	   473.181	   2270.12	      0.02	  0.290296	   45.3532	        10	         5	         5	         0	        10	         5	         5	         0
         3	        69	        22	   12.1497	   129.221	  -39.8582	  -427.676	   496.457	   2269.87	      0.02	  0.290466	   45.3861	        10	         5	         5	         0	        10	         5	         5	         0
         3	        69	        23	   12.4655	    128.01	  -38.6746	  -427.631	   519.651	   2269.61	      0.02	  0.290642	   45.4205	        10	         5	         5	         0	        10	         5	         5	         0
         3	        69	        24	   12.7866	   126.858	  -37.5504	  -427.582	   542.867	   2269.34	      0.02	  0.290827	   45.4563	        10	         5	         5	         0	        10	         5	         5	         0
         3	        69	        25	   13.1124	   125.761	  -36.4821	  -427.534	   566.109	   2269.09	      0.02	  0.291023	   45.4938	        10	         5	         5	         0	        10	         5	         5	         0
         3	        69	        26	   13.4426	   124.718	  -35.4665	  -427.479	   589.474	   2268.77	      0.02	  0.291222	   45.5328	        10	         5	         5	         0	        10	         5	         5	         0
         3	        69	        27	   13.7769	   123.724	  -34.5003	  -427.425	   612.761	   2268.47	      0.02	  0.291432	    45.573	        10	         5	         5	         0	        10	         5	         5	         0
         3	        69	        28	    14.115	   122.776	  -33.5805	  -427.368	   636.073	   2268.15	      0.02	   0.29165	   45.6154	        10	         5	         5	         0	        10	         5	         5	         0
         3	        69	        29	   14.4566	   121.872	  -32.7045	  -427.312	   659.416	   2267.83	      0.02	  0.291877	   45.6586	        10	         5	         5	         0	        10	         5	         5	         0
         3	        69	        30	   15.1495	   120.185	  -31.0732	  -427.245	   683.263	   2267.46	      0.02	  0.209416	   90.0002	        10	         5	         5	         0	        10	         5	         5	         0
         3	        69	        31	   15.5004	   119.397	  -30.3132	   -427.17	   707.058	   2267.01	      0.02	  0.292607	   45.7983	        10	         5	         5	         0	        10	         5	         5	         0
         3	        69	        32	   15.8539	   118.643	  -29.5875	  -427.103	   730.521	   2266.63	      0.02	  0.292868	   45.8478	        10	         5	         5	         0	        10	         5	         5	         0
         3	        69	        33	   16.2099	   117.921	  -28.8939	  -427.038	   754.022	   2266.28	      0.02	  0.293137	   45.8989	        10	         5	         5	         0	        10	         5	         5	         0
         3	        69	        34	   16.5683	    117.23	  -28.2306	  -426.964	   777.651	   2265.85	      0.02	  0.293416	   45.9517	        10	         5	         5	         0	        10	         5	         5	         0
         3	        69	        35	   16.9288	   116.567	  -27.5959	  -426.893	   801.213	   2265.44	      0.02	  0.293703	   46.0058	        10	         5	         5	         0	        10	         5	         5	         0
         3	        70	         1	     8.568	       180	       -90	   -451.93	   11.1508	   2271.49	      0.02	  0.288096	   45.1117	        10	         5	         5	         0	        10	         5	         5	         0
         3	        70	         2	   8.57764	   177.263	   -87.294	  -451.939	   34.1895	   2271.56	      0.02	  0.288505	   45.0008	        10	         5	         5	         0	        10	         5	         5	         0
         3	        70	         3	   8.60648	   174.539	  -84.6002	  -451.945	    57.124	    2271.6	      0.02	  0.288517	   45.0027	        10	         5	         5	         0	        10	         5	         5	         0
         3	        70	         4	   8.65434	   171.839	  -81.9304	  -451.948	    80.061	   2271.64	      0.02	  0.288535	   45.0063	        10	         5	         5	         0	        10	         5	         5	         0
         3	        70	         5	    8.7209	   169.173	  -79.2958	  -451.949	   103.001	   2271.65	      0.02	  0.288561	   45.0115	        10	         5	         5	         0	        10	         5	         5	         0
         3	        70	         6	   8.80575	   166.554	  -76.7066	  -451.946	    126.05	   2271.65	      0.02	  0.288594	   45.0182	        10	         5	         5	         0	        10	         5	         5	         0
         3	        70	         7	   8.90834	   163.989	  -74.1722	  -451.941	       149	   2271.64	      0.02	  0.288633	   45.0262	        10	         5	         5	         0	        10	         5	         5	         0
         3	        70	         8	   9.02809	   161.487	  -71.7005	  -451.934	   171.954	   2271.61	      0.02	  0.288682	   45.0356	        10	         5	         5	         0	        10	         5	         5	         0
         3	        70	         9	   9.16432	   159.054	  -69.2982	  -451.924	   194.916	   2271.57	      0.02	  0.288738	   45.0466	        10	         5	         5	         0	        10	         5	         5	         0
         3	        70	        10	    9.3163	   156.695	  -66.9706	   -451.91	    217.99	   2271.52	      0.02	  0.288799	   45.0587	        10	         5	         5	         0	        10	         5	         5	         0
         3	        70	        11	   9.48329	   154.416	  -64.7216	  -451.895	   240.966	   2271.45	      0.02	  0.288868	   45.0728	        10	         5	         5	         0	        10	         5	         5	         0
         3	        70	        12	   9.66449	   152.218	  -62.5541	  -451.876	   263.952	   2271.36	      0.02	  0.288945	   45.0879	        10	         5	         5	         0	        10	         5	         5	         0
         3	        70	        13	   9.85913	   150.103	  -60.4696	  -451.856	   286.948	   2271.26	      0.02	   0.28903	   45.1046	        10	         5	         5	         0	        10	         5	         5	         0
         3	        70	        14	   10.0664	   148.071	  -58.4688	  -451.832	   310.059	   2271.15	      0.02	  0.289124	   45.1229	        10	         5	         5	         0	        10	         5	         5	         0
         3	        70	        15	   10.2856	   146.123	  -56.5515	  -451.805	   333.077	   2271.01	      0.02	  0.289222	   45.1426	        10	         5	         5	         0	        10	         5	         5	         0
         3	        70	        16	   10.5159	   144.258	  -54.7165	  -451.776	   356.106	   2270.87	      0.02	  0.289331	   45.1637	        10	         5	         5	         0	        10	         5	         5	         0
         3	        70	        17	   10.7567	   142.473	  -52.9625	  -451.746	   379.151	   2270.72	      0.02	  0.289444	   45.1864	        10	         5	         5	         0	        10	         5	         5	         0
         3	        70	        18	   11.0072	   140.767	  -51.2871	   -451.71	   402.313	   2270.54	      0.02	  0.289569	   45.2105	        10	         5	         5	         0	        10	         5	         5	         0
         3	        70	        19	   11.5349	   137.581	  -48.1629	  -451.677	   425.762	   2270.38	      0.02	  0.205885	   89.9999	        10	         5	         5	         0	        10	         5	         5	         0
         3	        70	        20	   12.0943	   134.678	  -45.3215	  -451.631	    449.62	   2270.15	      0.02	  0.206305	   90.0002	        10	         5	         5	         0	        10	         5	         5	         0
         3	        70	        21	   12.3845	   133.326	  -43.9994	  -451.582	   473.142	   2269.88	      0.02	  0.290296	    45.353	        10	         5	         5	         0	        10	         5	         5	         0
         3	        70	        22	   12.6811	   132.035	  -42.7391	  -451.534	   496.417	   2269.62	      0.02	  0.290465	   45.3861	        10	         5	         5	         0	        10	         5	         5	         0
         3	        70	        23	   12.9837	   130.802	  -41.5373	  -451.486	    519.61	   2269.37	      0.02	  0.290644	   45.4204	        10	         5	         5	         0	        10	         5	         5	         0
         3	        70	        24	   13.2918	   129.625	  -40.3913	  -451.435	   542.824	   2269.11	      0.02	  0.290828	   45.4563	        10	         5	         5	         0	        10	         5	         5	         0
         3	        70	        25	   13.6051	   128.501	  -39.2981	  -451.385	   566.064	   2268.84	      0.02	  0.291021	   45.4938	        10	         5	         5	         0	        10	         5	         5	         0
         3	        70	        26	   13.9232	   127.427	  -38.2549	  -451.326	   589.428	   2268.54	      0.02	  0.291223	   45.5329	        10	         5	         5	         0	        10	         5	         5	         0
         3	        70	        27	   14.2458	   126.401	  -37.2592	  -451.269	   612.713	   2268.23	      0.02	  0.291432	   45.5733	        10	         5	         5	         0	        10	         5	         5	         0
         3	        70	        28	   14.5725	   125.419	  -36.3083	  -451.208	   636.023	   2267.91	      0.02	  0.291651	   45.6154	        10	         5	         5	         0	        10	         5	         5	         0
         3	        70	        29	   14.9032	   124.479	  -35.3998	  -451.148	   659.365	   2267.61	      0.02	  0.291877	   45.6586	        10	         5	         5	         0	        10	         5	         5	         0
         3	        70	        30	   15.5754	   122.719	   -33.701	  -451.078	   683.211	   2267.23	      0.02	  0.209415	   89.9998	        10	         5	         5	         0	        10	         5	         5	         0
         3	        70	        31	   15.9164	   121.893	  -32.9065	  -450.997	   707.004	   2266.79	      0.02	  0.292607	   45.7983	        10	         5	         5	         0	        10	         5	         5	         0
         3	        70	        32	   16.2604	   121.102	  -32.1458	  -450.927	   730.466	   2266.41	      0.02	  0.292868	    45.848	        10	         5	         5	         0	        10	         5	         5	         0
         3	        70	        33	   16.6072	   120.342	  -31.4173	  -450.858	   753.965	   2266.05	      0.02	  0.293137	    45.899	        10	         5	         5	         0	        10	         5	         5	         0
         3	        70	        34	   16.9567	   119.613	  -30.7191	   -450.78	   777.594	   2265.63	      0.02	  0.293416	   45.9517	        10	         5	         5	         0	        10	         5	         5	         0
         3	        70	        35	   17.3087	   118.912	  -30.0497	  -450.703	   801.155	   2265.22	      0.02	  0.293704	   46.0057	        10	         5	         5	         0	        10	         5	         5	         0
         3	        71	         1	     8.976	       180	       -90	  -475.101	   11.1498	   2271.28	      0.02	  0.288098	   45.1121	        10	         5	         5	         0	        10	         5	         5	         0
         3	        71	         2	   8.98519	   177.387	  -87.4188	  -475.111	   34.1865	   2271.34	      0.02	  0.288506	   45.0006	        10	         5	         5	         0	        10	         5	         5	         0
         3	        71	         3	   9.01271	   174.784	  -84.8481	  -475.116	   57.1189	   2271.38	      0.02	  0.288516	   45.0029	        10	         5	         5	         0	        10	         5	         5	         0
         3	        71	         4	   9.05839	   172.202	  -82.2983	   -475.12	   80.0539	   2271.42	      0.02	  0.288536	   45.0067	        10	         5	         5	         0	        10	         5	         5	         0
         3	        71	         5	   9.12196	   169.651	  -79.7792	  -475.121	   102.992	   2271.44	      0.02	  0.288561	   45.0116	        10	         5	         5	         0	        10	         5	         5	         0
         3	        71	         6	   9.20305	    167.14	  -77.2998	  -475.118	   126.039	   2271.43	      0.02	  0.288593	   45.0182	        10	         5	         5	         0	        10	         5	         5	         0
         3	        71	         7	   9.30119	   164.676	  -74.8685	  -475.113	   148.987	   2271.42	      0.02	  0.288634	    45.026	        10	         5	         5	         0	        10	         5	         5	         0
         3	        71	         8	   9.41586	   162.268	  -72.4924	  -475.104	   171.939	   2271.39	      0.02	  0.288682	   45.0355	        10	         5	         5	         0	        10	         5	         5	         0
         3	        71	         9	   9.54646	   159.921	  -70.1777	  -475.095	   194.899	   2271.35	      0.02	  0.288737	   45.0465	        10	         5	         5	         0	        10	         5	         5	         0
         3	        71	        10	   9.69235	   157.641	  -67.9294	  -475.081	   217.971	    2271.3	      0.02	  0.288798	   45.0589	        10	         5	         5	         0	        10	         5	         5	         0
         3	        71	        11	   9.85284	   155.431	  -65.7513	  -475.064	   240.945	   2271.23	      0.02	  0.288868	   45.0727	        10	         5	         5	         0	        10	         5	         5	         0
         3	        71	        12	   10.0272	   153.294	  -63.6464	  -475.045	   263.929	   2271.14	      0.02	  0.288946	    45.088	        10	         5	         5	         0	        10	         5	         5	         0
         3	        71	        13	   10.2148	   151.232	  -61.6165	  -475.024	   286.924	   2271.05	      0.02	  0.289031	   45.1047	        10	         5	         5	         0	        10	         5	         5	         0
         3	        71	        14	   10.4149	   149.246	  -59.6625	  -474.998	   310.032	   2270.93	      0.02	  0.289123	   45.1229	        10	         5	         5	         0	        10	         5	         5	         0
         3	        71	        15	   10.6268	   147.336	  -57.7848	  -474.971	   333.048	   2270.79	      0.02	  0.289222	   45.1425	        10	         5	         5	         0	        10	         5	         5	         0
         3	        71	        16	   10.8497	   145.502	  -55.9828	  -474.941	   356.076	   2270.65	      0.02	  0.289329	   45.1638	        10	         5	         5	         0	        10	         5	         5	         0
         3	        71	        17	    11.083	   143.742	  -54.2554	   -474.91	   379.119	   2270.51	      0.02	  0.289444	   45.1862	        10	         5	         5	         0	        10	         5	         5	         0
         3	        71	        18	   11.3262	   142.056	  -52.6012	  -474.871	   402.279	   2270.32	      0.02	  0.289567	   45.2102	        10	         5	         5	         0	        10	         5	         5	         0
         3	        71	        19	   11.8393	   138.895	  -49.5044	  -474.837	   425.726	   2270.17	      0.02	  0.205884	   90.0001	        10	         5	         5	         0	        10	         5	         5	         0
         3	        71	        20	   12.3845	   136.001	  -46.6743	   -474.79	   449.582	   2269.93	      0.02	  0.206306	        90	        10	         5	         5	         0	        10	         5	         5	         0
         3	        71	        21	   12.6679	   134.647	   -45.353	  -474.738	   473.103	   2269.67	      0.02	  0.290296	    45.353	        10	         5	         5	         0	        10	         5	         5	         0
         3	        71	        22	   12.9578	   133.352	  -44.0906	  -474.688	   496.376	   2269.41	      0.02	  0.290465	   45.3859	        10	         5	         5	         0	        10	         5	         5	         0
         3	        71	        23	   13.2539	   132.114	  -42.8845	  -474.637	   519.567	   2269.17	      0.02	  0.290642	   45.4204	        10	         5	         5	         0	        10	         5	         5	         0
         3	        71	        24	   13.5556	   130.929	  -41.7322	  -474.584	    542.78	    2268.9	      0.02	  0.290828	   45.4563	        10	         5	         5	         0	        10	         5	         5	         0
         3	        71	        25	   13.8627	   129.796	  -40.6309	  -474.531	   566.018	   2268.64	      0.02	  0.291021	   45.4939	        10	         5	         5	         0	        10	         5	         5	         0
         3	        71	        26	   14.1748	   128.711	  -39.5782	   -474.47	    589.38	   2268.34	      0.02	  0.291223	   45.5328	        10	         5	         5	         0	        10	         5	         5	         0
         3	        71	        27	   14.4915	   127.672	  -38.5716	   -474.41	   612.664	   2268.03	      0.02	  0.291432	   45.5733	        10	         5	         5	         0	        10	         5	         5	         0
         3	        71	        28	   14.8126	   126.677	  -37.6089	  -474.346	   635.973	   2267.71	      0.02	  0.291651	   45.6153	        10	         5	         5	         0	        10	         5	         5	         0
         3	        71	        29	   15.1379	   125.723	  -36.6878	  -474.284	   659.313	   2267.41	      0.02	  0.291877	   45.6587	        10	         5	         5	         0	        10	         5	         5	         0
         3	        71	        30	   15.7996	   123.933	  -34.9618	  -474.211	   683.157	   2267.04	      0.02	  0.209416	   89.9999	        10	         5	         5	         0	        10	         5	         5	         0
         3	        71	        31	   16.1356	   123.091	   -34.153	  -474.127	    706.95	   2266.59	      0.02	  0.292608	   45.7984	        10	         5	         5	         0	        10	         5	         5	         0
         3	        71	        32	   16.4748	   122.284	  -33.3778	  -474.053	   730.409	   2266.22	      0.02	  0.292868	   45.8478	        10	         5	         5	         0	        10	         5	         5	         0
         3	        71	        33	   16.8169	   121.508	  -32.6344	  -473.982	   753.908	   2265.86	      0.02	  0.293137	   45.8989	        10	         5	         5	         0	        10	         5	         5	         0
         3	        71	        34	   17.1619	   120.762	  -31.9213	    -473.9	   777.535	   2265.44	      0.02	  0.293416	   45.9518	        10	         5	         5	         0	        10	         5	         5	         0
         3	        72	         1	     9.384	       180	       -90	  -498.393	   11.1488	      2271	      0.02	  0.288097	   45.1119	        10	         5	         5	         0	        10	         5	         5	         0
         3	        72	         2	   9.39279	   177.499	  -87.5327	  -498.402	   34.1833	   2271.06	      0.02	  0.288506	   45.0007	        10	         5	         5	         0	        10	         5	         5	         0
         3	        72	         3	    9.4191	   175.008	  -85.0747	  -498.408	   57.1136	   2271.12	      0.02	  0.288516	   45.0029	        10	         5	         5	         0	        10	         5	         5	         0
         3	        72	         4	   9.46278	   172.535	   -82.635	  -498.412	   80.0465	   2271.15	      0.02	  0.288535	   45.0065	        10	         5	         5	         0	        10	         5	         5	         0
         3	        72	         5	    9.5236	   170.088	  -80.2221	  -498.413	   102.983	   2271.17	      0.02	  0.288561	   45.0116	        10	         5	         5	         0	        10	         5	         5	         0
         3	        72	         6	   9.60124	   167.677	  -77.8443	   -498.41	   126.028	   2271.17	      0.02	  0.288593	   45.0183	        10	         5	         5	         0	        10	         5	         5	         0
         3	        72	         7	   9.69528	   165.308	  -75.5088	  -498.405	   148.973	   2271.16	      0.02	  0.288634	   45.0262	        10	         5	         5	         0	        10	         5	         5	         0
         3	        72	         8	   9.80526	   162.988	  -73.2221	  -498.396	   171.924	   2271.13	      0.02	  0.288682	   45.0356	        10	         5	         5	         0	        10	         5	         5	         0
         3	        72	         9	   9.93064	   160.722	  -70.9899	  -498.386	   194.881	   2271.09	      0.02	  0.288737	   45.0463	        10	         5	         5	         0	        10	         5	         5	         0
         3	        72	        10	   10.0709	   158.515	   -68.817	  -498.371	   217.951	   2271.03	      0.02	  0.288799	    45.059	        10	         5	         5	         0	        10	         5	         5	         0
         3	        72	        11	   10.2253	   156.372	   -66.707	  -498.354	   240.923	   2270.96	      0.02	  0.288869	   45.0728	        10	         5	         5	         0	        10	         5	         5	         0
         3	        72	        12	   10.3933	   154.294	  -64.6628	  -498.334	   263.905	   2270.87	      0.02	  0.288946	   45.0881	        10	         5	         5	         0	        10	         5	         5	         0
         3	        72	        13	   10.5743	   152.284	  -62.6865	  -498.313	   286.898	   2270.79	      0.02	   0.28903	   45.1047	        10	         5	         5	         0	        10	         5	         5	         0
         3	        72	        14	   10.7675	   150.344	  -60.7793	  -498.285	   310.004	   2270.66	      0.02	  0.289124	   45.1229	        10	         5	         5	         0	        10	         5	         5	         0
         3	        72	        15	   10.9724	   148.473	  -58.9418	  -498.257	   333.019	   2270.54	      0.02	  0.289223	   45.1426	        10	         5	         5	         0	        10	         5	         5	         0
         3	        72	        16	   11.1883	   146.671	  -57.1738	  -498.225	   356.044	    2270.4	      0.02	   0.28933	   45.1636	        10	         5	         5	         0	        10	         5	         5	         0
         3	        72	        17	   11.4146	   144.938	  -55.4747	  -498.193	   379.085	   2270.25	      0.02	  0.289445	   45.1863	        10	         5	         5	         0	        10	         5	         5	         0
         3	        72	        18	   11.6506	   143.274	  -53.8436	  -498.153	   402.243	   2270.07	      0.02	  0.289568	   45.2105	        10	         5	         5	         0	        10	         5	         5	         0
         3	        72	        19	   12.1497	   140.142	   -50.779	  -498.117	   425.689	   2269.91	      0.02	  0.205883	   90.0002	        10	         5	         5	         0	        10	         5	         5	         0
         3	        72	        20	   12.6811	   137.261	  -47.9655	  -498.068	   449.543	   2269.67	      0.02	  0.206306	   90.0001	        10	         5	         5	         0	        10	         5	         5	         0
         3	        72	        21	   12.9578	   135.909	  -46.6476	  -498.014	   473.062	   2269.41	      0.02	  0.290295	   45.3529	        10	         5	         5	         0	        10	         5	         5	         0
         3	        72	        22	   13.2412	   134.614	   -45.386	  -497.962	   496.333	   2269.16	      0.02	  0.290466	    45.386	        10	         5	         5	         0	        10	         5	         5	         0
         3	        72	        23	   13.5308	   133.373	  -44.1782	  -497.909	   519.522	   2268.91	      0.02	  0.290643	   45.4205	        10	         5	         5	         0	        10	         5	         5	         0
         3	        72	        24	   13.8263	   132.183	  -43.0221	  -497.854	   542.733	   2268.65	      0.02	  0.290828	   45.4566	        10	         5	         5	         0	        10	         5	         5	         0
         3	        72	        25	   14.1272	   131.042	  -41.9153	  -497.798	    565.97	   2268.39	      0.02	  0.291022	   45.4938	        10	         5	         5	         0	        10	         5	         5	         0
         3	        72	        26	   14.4334	   129.949	  -40.8555	  -497.735	   589.331	   2268.08	      0.02	  0.291223	   45.5329	        10	         5	         5	         0	        10	         5	         5	         0
         3	        72	        27	   14.7443	     128.9	  -39.8406	  -497.672	   612.613	   2267.79	      0.02	  0.291432	    45.573	        10	         5	         5	         0	        10	         5	         5	         0
         3	        72	        28	   15.0598	   127.894	  -38.8684	  -497.606	    635.92	   2267.47	      0.02	   0.29165	   45.6153	        10	         5	         5	         0	        10	         5	         5	         0
         3	        72	        29	   15.3796	   126.928	  -37.9368	  -497.542	   659.259	   2267.17	      0.02	  0.291876	   45.6586	        10	         5	         5	         0	        10	         5	         5	         0
         3	        72	        30	   16.0308	   125.112	  -36.1877	  -497.464	   683.102	   2266.79	      0.02	  0.209416	   89.9999	        10	         5	         5	         0	        10	         5	         5	         0
         3	        72	        31	   16.3618	   124.256	  -35.3665	  -497.377	   706.892	   2266.35	      0.02	  0.292607	   45.7984	        10	         5	         5	         0	        10	         5	         5	         0
         3	        72	        32	   16.6961	   123.434	  -34.5785	    -497.3	   730.351	   2265.98	      0.02	  0.292868	   45.8478	        10	         5	         5	         0	        10	         5	         5	         0
         3	        72	        33	   17.0336	   122.644	   -33.822	  -497.225	   753.848	   2265.62	      0.02	  0.293136	   45.8991	        10	         5	         5	         0	        10	         5	         5	         0
         3	        72	        34	    17.374	   121.883	  -33.0955	   -497.14	   777.474	   2265.21	      0.02	  0.293415	   45.9518	        10	         5	         5	         0	        10	         5	         5	         0
         3	        73	         1	     9.792	       180	       -90	  -521.601	   11.1477	   2270.74	      0.02	  0.288097	   45.1118	        10	         5	         5	         0	        10	         5	         5	         0
         3	        73	         2	   9.80041	   177.602	  -87.6373	  -521.611	     34.18	    2270.8	      0.02	  0.288506	   45.0007	        10	         5	         5	         0	        10	         5	         5	         0
         3	        73	         3	   9.82561	   175.213	  -85.2828	  -521.617	   57.1082	   2270.85	      0.02	  0.288516	   45.0029	        10	         5	         5	         0	        10	         5	         5	         0
         3	        73	         4	   9.86746	   172.839	  -82.9443	  -521.621	   80.0389	   2270.89	      0.02	  0.288536	   45.0066	        10	         5	         5	         0	        10	         5	         5	         0
         3	        73	         5	   9.92576	    170.49	  -80.6296	  -521.622	   102.973	   2270.91	      0.02	  0.288561	   45.0115	        10	         5	         5	         0	        10	         5	         5	         0
         3	        73	         6	   10.0002	   168.171	  -78.3457	  -521.619	   126.016	    2270.9	      0.02	  0.288593	   45.0182	        10	         5	         5	         0	        10	         5	         5	         0
         3	        73	         7	   10.0905	    165.89	  -76.0994	  -521.614	   148.959	   2270.89	      0.02	  0.288634	   45.0263	        10	         5	         5	         0	        10	         5	         5	         0
         3	        73	         8	   10.1961	   163.652	  -73.8965	  -521.605	   171.907	   2270.86	      0.02	  0.288681	   45.0357	        10	         5	         5	         0	        10	         5	         5	         0
         3	        73	         9	   10.3166	   161.462	  -71.7421	  -521.594	   194.863	   2270.83	      0.02	  0.288737	   45.0464	        10	         5	         5	         0	        10	         5	         5	         0
         3	        73	        10	   10.4516	   159.326	  -69.6407	  -521.579	    217.93	   2270.77	      0.02	    0.2888	   45.0589	        10	         5	         5	         0	        10	         5	         5	         0
         3	        73	        11	   10.6003	   157.246	  -67.5959	  -521.561	   240.901	    2270.7	      0.02	  0.288869	   45.0729	        10	         5	         5	         0	        10	         5	         5	         0
         3	        73	        12	   10.7624	   155.226	  -65.6105	  -521.541	   263.881	   2270.62	      0.02	  0.288947	   45.0881	        10	         5	         5	         0	        10	         5	         5	         0
         3	        73	        13	   10.9371	   153.267	  -63.6867	  -521.518	   286.871	   2270.52	      0.02	  0.289031	   45.1047	        10	         5	         5	         0	        10	         5	         5	         0
         3	        73	        14	   11.1239	   151.371	  -61.8257	   -521.49	   309.975	   2270.41	      0.02	  0.289123	    45.123	        10	         5	         5	         0	        10	         5	         5	         0
         3	        73	        15	   11.3222	   149.539	  -60.0285	   -521.46	   332.988	   2270.28	      0.02	  0.289223	   45.1427	        10	         5	         5	         0	        10	         5	         5	         0
         3	        73	        16	   11.5313	   147.771	  -58.2953	  -521.427	   356.011	   2270.13	      0.02	  0.289331	   45.1638	        10	         5	         5	         0	        10	         5	         5	         0
         3	        73	        17	   11.7508	   146.066	  -56.6257	  -521.394	    379.05	   2269.99	      0.02	  0.289446	   45.1865	        10	         5	         5	         0	        10	         5	         5	         0
         3	        73	        18	   11.9801	   144.424	  -55.0191	  -521.353	   402.206	   2269.81	      0.02	  0.289568	   45.2104	        10	         5	         5	         0	        10	         5	         5	         0
         3	        73	        19	   12.4655	   141.325	  -51.9904	  -521.315	    425.65	   2269.66	      0.02	  0.205885	   90.0002	        10	         5	         5	         0	        10	         5	         5	         0
         3	        73	        20	   12.9837	   138.463	   -49.198	  -521.264	   449.502	   2269.43	      0.02	  0.206304	   90.0001	        10	         5	         5	         0	        10	         5	         5	         0
         3	        73	        21	   13.2539	   137.115	  -47.8859	  -521.208	   473.019	   2269.17	      0.02	  0.290296	   45.3528	        10	         5	         5	         0	        10	         5	         5	         0
         3	        73	        22	   13.5308	   135.822	  -46.6274	  -521.154	   496.288	   2268.91	      0.02	  0.290465	   45.3858	        10	         5	         5	         0	        10	         5	         5	         0
         3	        73	        23	   13.8141	    134.58	  -45.4204	  -521.099	   519.476	   2268.66	      0.02	  0.290642	   45.4204	        10	         5	         5	         0	        10	         5	         5	         0
         3	        73	        24	   14.1034	   133.387	  -44.2629	  -521.041	   542.685	    2268.4	      0.02	  0.290828	   45.4564	        10	         5	         5	         0	        10	         5	         5	         0
         3	        73	        25	   14.3984	   132.242	  -43.1529	  -520.984	   565.921	   2268.14	      0.02	   0.29102	   45.4939	        10	         5	         5	         0	        10	         5	         5	         0
         3	        73	        26	   14.6986	   131.142	  -42.0883	  -520.917	   589.279	   2267.84	      0.02	  0.291223	   45.5326	        10	         5	         5	         0	        10	         5	         5	         0
         3	        73	        27	   15.0038	   130.085	  -41.0672	  -520.852	    612.56	   2267.54	      0.02	  0.291433	    45.573	        10	         5	         5	         0	        10	         5	         5	         0
         3	        73	        28	   15.3137	    129.07	  -40.0876	  -520.783	   635.865	   2267.22	      0.02	   0.29165	   45.6152	        10	         5	         5	         0	        10	         5	         5	         0
         3	        73	        29	    15.628	   128.095	  -39.1476	  -520.716	   659.203	   2266.92	      0.02	  0.291876	   45.6586	        10	         5	         5	         0	        10	         5	         5	         0
         3	        73	        30	   16.2688	   126.256	  -37.3792	  -520.636	   683.044	   2266.56	      0.02	  0.209417	        90	        10	         5	         5	         0	        10	         5	         5	         0
         3	        73	        31	   16.5948	   125.389	  -36.5473	  -520.545	   706.833	   2266.11	      0.02	  0.292607	   45.7985	        10	         5	         5	         0	        10	         5	         5	         0
         3	        73	        32	   16.9243	   124.554	  -35.7482	  -520.465	    730.29	   2265.75	      0.02	  0.292868	   45.8479	        10	         5	         5	         0	        10	         5	         5	         0
         3	        73	        33	    17.257	   123.751	  -34.9801	  -520.386	   753.785	   2265.39	      0.02	  0.293137	    45.899	        10	         5	         5	         0	        10	         5	         5	         0
         3	        74	         1	      10.2	       180	       -90	  -544.831	   11.1466	   2270.47	      0.02	  0.288098	   45.1121	        10	         5	         5	         0	        10	         5	         5	         0
         3	        74	         2	   10.2081	   177.697	  -87.7336	  -544.841	   34.1766	   2270.53	      0.02	  0.288507	   45.0008	        10	         5	         5	         0	        10	         5	         5	         0
         3	        74	         3	   10.2322	   175.402	  -85.4745	  -544.848	   57.1025	   2270.57	      0.02	  0.288517	   45.0029	        10	         5	         5	         0	        10	         5	         5	         0
         3	        74	         4	   10.2724	    173.12	  -83.2295	  -544.852	   80.0309	   2270.61	      0.02	  0.288535	   45.0065	        10	         5	         5	         0	        10	         5	         5	         0
         3	        74	         5	   10.3284	    170.86	  -81.0056	  -544.854	   102.963	   2270.63	      0.02	  0.288561	   45.0113	        10	         5	         5	         0	        10	         5	         5	         0
         3	        74	         6	   10.3999	   168.627	  -78.8091	   -544.85	   126.003	   2270.62	      0.02	  0.288594	    45.018	        10	         5	         5	         0	        10	         5	         5	         0
         3	        74	         7	   10.4866	   166.427	  -76.6459	  -544.845	   148.944	   2270.61	      0.02	  0.288634	   45.0262	        10	         5	         5	         0	        10	         5	         5	         0
         3	        74	         8	   10.5882	   164.267	  -74.5215	  -544.836	    171.89	   2270.59	      0.02	  0.288681	   45.0356	        10	         5	         5	         0	        10	         5	         5	         0
         3	        74	         9	   10.7042	   162.149	  -72.4405	  -544.824	   194.844	   2270.55	      0.02	  0.288736	   45.0465	        10	         5	         5	         0	        10	         5	         5	         0
         3	        74	        10	   10.8342	   160.079	  -70.4071	  -544.809	   217.909	   2270.49	      0.02	  0.288798	   45.0588	        10	         5	         5	         0	        10	         5	         5	         0
         3	        74	        11	   10.9777	    158.06	  -68.4246	  -544.789	   240.877	   2270.43	      0.02	  0.288869	   45.0727	        10	         5	         5	         0	        10	         5	         5	         0
         3	        74	        12	   11.1341	   156.095	  -66.4959	  -544.768	   263.855	   2270.34	      0.02	  0.288946	   45.0879	        10	         5	         5	         0	        10	         5	         5	         0
         3	        74	        13	    11.303	   154.186	  -64.6231	  -544.745	   286.843	   2270.25	      0.02	  0.289031	   45.1046	        10	         5	         5	         0	        10	         5	         5	         0
         3	        74	        14	   11.4837	   152.334	  -62.8077	  -544.716	   309.945	   2270.13	      0.02	  0.289123	    45.123	        10	         5	         5	         0	        10	         5	         5	         0
         3	        74	        15	   11.6757	    150.54	  -61.0506	  -544.684	   332.955	      2270	      0.02	  0.289222	   45.1427	        10	         5	         5	         0	        10	         5	         5	         0
         3	        74	        16	   11.8784	   148.806	  -59.3524	  -544.651	   355.977	   2269.86	      0.02	  0.289332	   45.1638	        10	         5	         5	         0	        10	         5	         5	         0
         3	        74	        17	   12.0915	    147.13	   -57.713	  -544.616	   379.014	   2269.72	      0.02	  0.289446	   45.1863	        10	         5	         5	         0	        10	         5	         5	         0
         3	        74	        18	   12.3142	   145.512	  -56.1321	  -544.574	   402.168	   2269.54	      0.02	  0.289567	   45.2104	        10	         5	         5	         0	        10	         5	         5	         0
         3	        74	        19	   12.7866	    142.45	  -53.1425	  -544.535	    425.61	   2269.38	      0.02	  0.205885	   89.9999	        10	         5	         5	         0	        10	         5	         5	         0
         3	        74	        20	   13.2918	   139.609	  -50.3748	  -544.481	   449.459	   2269.16	      0.02	  0.206305	   89.9999	        10	         5	         5	         0	        10	         5	         5	         0
         3	        74	        21	   13.5556	   138.268	  -49.0706	  -544.423	   472.975	    2268.9	      0.02	  0.290297	   45.3528	        10	         5	         5	         0	        10	         5	         5	         0
         3	        74	        22	   13.8263	   136.978	  -47.8172	  -544.367	   496.242	   2268.64	      0.02	  0.290465	   45.3859	        10	         5	         5	         0	        10	         5	         5	         0
         3	        74	        23	   14.1034	   135.737	  -46.6131	   -544.31	   519.427	    2268.4	      0.02	  0.290643	   45.4204	        10	         5	         5	         0	        10	         5	         5	         0
         3	        74	        24	   14.3867	   134.544	  -45.4564	   -544.25	   542.635	   2268.14	      0.02	  0.290828	   45.4564	        10	         5	         5	         0	        10	         5	         5	         0
         3	        74	        25	   14.6757	   133.396	  -44.3452	  -544.191	   565.869	   2267.88	      0.02	  0.291021	   45.4938	        10	         5	         5	         0	        10	         5	         5	         0
         3	        74	        26	   14.9701	   132.292	  -43.2779	  -544.122	   589.225	   2267.58	      0.02	  0.291223	   45.5329	        10	         5	         5	         0	        10	         5	         5	         0
         3	        74	        27	   15.2697	    131.23	  -42.2526	  -544.053	   612.505	   2267.28	      0.02	  0.291432	   45.5734	        10	         5	         5	         0	        10	         5	         5	         0
         3	        74	        28	    15.574	   130.208	  -41.2675	  -543.982	   635.808	   2266.97	      0.02	   0.29165	   45.6152	        10	         5	         5	         0	        10	         5	         5	         0
         3	        74	        29	   15.8829	   129.224	  -40.3209	  -543.912	   659.144	   2266.67	      0.02	  0.291876	   45.6586	        10	         5	         5	         0	        10	         5	         5	         0
         3	        74	        30	   16.5133	   127.367	  -38.5368	  -543.829	   682.983	    2266.3	      0.02	  0.209416	   89.9998	        10	         5	         5	         0	        10	         5	         5	         0
         3	        74	        31	   16.8343	   126.489	  -37.6959	  -543.734	   706.771	   2265.86	      0.02	  0.292607	   45.7983	        10	         5	         5	         0	        10	         5	         5	         0
         3	        74	        32	   17.1589	   125.643	  -36.8872	  -543.652	   730.226	    2265.5	      0.02	  0.292868	    45.848	        10	         5	         5	         0	        10	         5	         5	         0
         3	        74	        33	   17.4869	   124.828	  -36.1091	  -543.571	   753.721	   2265.14	      0.02	  0.293137	   45.8989	        10	         5	         5	         0	        10	         5	         5	         0
         3	        75	         1	    10.608	       180	       -90	  -568.087	   11.1454	   2270.19	      0.02	  0.288099	   45.1121	        10	         5	         5	         0	        10	         5	         5	         0
         3	        75	         2	   10.6158	   177.785	  -87.8226	  -568.098	   34.1731	   2270.25	      0.02	  0.288506	   45.0007	        10	         5	         5	         0	        10	         5	         5	         0
         3	        75	         3	    10.639	   175.576	  -85.6516	  -568.105	   57.0965	    2270.3	      0.02	  0.288517	   45.0029	        10	         5	         5	         0	        10	         5	         5	         0
         3	        75	         4	   10.6776	    173.38	  -83.4933	  -568.109	   80.0226	   2270.33	      0.02	  0.288535	   45.0067	        10	         5	         5	         0	        10	         5	         5	         0
         3	        75	         5	   10.7314	   171.202	  -81.3536	  -568.111	   102.952	   2270.35	      0.02	  0.288561	   45.0115	        10	         5	         5	         0	        10	         5	         5	         0
         3	        75	         6	   10.8002	   169.049	  -79.2384	  -568.107	    125.99	   2270.35	      0.02	  0.288594	   45.0182	        10	         5	         5	         0	        10	         5	         5	         0
         3	        75	         7	   10.8836	   166.926	   -77.153	  -568.101	   148.929	   2270.34	      0.02	  0.288633	   45.0261	        10	         5	         5	         0	        10	         5	         5	         0
         3	        75	         8	   10.9815	   164.837	  -75.1023	  -568.092	   171.872	   2270.31	      0.02	  0.288682	   45.0355	        10	         5	         5	         0	        10	         5	         5	         0
         3	        75	         9	   11.0933	   162.787	  -73.0905	   -568.08	   194.824	   2270.28	      0.02	  0.288737	   45.0464	        10	         5	         5	         0	        10	         5	         5	         0
         3	        75	        10	   11.2187	   160.781	  -71.1216	  -568.063	   217.886	   2270.22	      0.02	    0.2888	   45.0587	        10	         5	         5	         0	        10	         5	         5	         0
         3	        75	        11	   11.3572	    158.82	  -69.1987	  -568.045	   240.852	   2270.15	      0.02	  0.288869	   45.0726	        10	         5	         5	         0	        10	         5	         5	         0
         3	        75	        12	   11.5083	   156.908	  -67.3246	  -568.023	   263.828	   2270.07	      0.02	  0.288946	   45.0878	        10	         5	         5	         0	        10	         5	         5	         0
         3	        75	        13	   11.6716	   155.047	  -65.5014	  -567.998	   286.814	   2269.98	      0.02	  0.289031	   45.1048	        10	         5	         5	         0	        10	         5	         5	         0
         3	        75	        14	   11.8465	   153.238	  -63.7305	  -567.967	   309.914	   2269.86	      0.02	  0.289123	    45.123	        10	         5	         5	         0	        10	         5	         5	         0
         3	        75	        15	   12.0326	   151.482	  -62.0132	  -567.935	   332.922	   2269.73	      0.02	  0.289223	   45.1426	        10	         5	         5	         0	        10	         5	         5	         0
         3	        75	        16	   12.2293	   149.781	  -60.3501	    -567.9	   355.941	    2269.6	      0.02	  0.289329	    45.164	        10	         5	         5	         0	        10	         5	         5	         0
         3	        75	        17	   12.4361	   148.135	  -58.7413	  -567.864	   378.976	   2269.45	      0.02	  0.289445	   45.1863	        10	         5	         5	         0	        10	         5	         5	         0
         3	        75	        18	   12.6525	   146.542	  -57.1869	   -567.82	   402.128	   2269.27	      0.02	  0.289569	   45.2104	        10	         5	         5	         0	        10	         5	         5	         0
         3	        75	        19	   13.1124	   143.518	  -54.2386	  -567.781	   425.568	   2269.12	      0.02	  0.205884	   90.0001	        10	         5	         5	         0	        10	         5	         5	         0
         3	        75	        20	   13.6051	   140.702	  -51.4988	  -567.726	   449.415	   2268.89	      0.02	  0.206304	   89.9998	        10	         5	         5	         0	        10	         5	         5	         0
         3	        75	        21	   13.8627	   139.369	  -50.2041	  -567.665	   472.928	   2268.64	      0.02	  0.290296	    45.353	        10	         5	         5	         0	        10	         5	         5	         0
         3	        75	        22	   14.1272	   138.085	  -48.9578	  -567.606	   496.194	   2268.39	      0.02	  0.290466	   45.3858	        10	         5	         5	         0	        10	         5	         5	         0
         3	        75	        23	   14.3984	   136.847	  -47.7584	  -567.547	   519.377	   2268.14	      0.02	  0.290643	   45.4203	        10	         5	         5	         0	        10	         5	         5	         0
         3	        75	        24	   14.6757	   135.655	  -46.6042	  -567.486	   542.583	   2267.88	      0.02	  0.290828	   45.4564	        10	         5	         5	         0	        10	         5	         5	         0
         3	        75	        25	   14.9589	   134.506	  -45.4938	  -567.423	   565.815	   2267.63	      0.02	  0.291022	   45.4939	        10	         5	         5	         0	        10	         5	         5	         0
         3	        75	        26	   15.2476	     133.4	  -44.4256	  -567.352	    589.17	   2267.33	      0.02	  0.291223	   45.5328	        10	         5	         5	         0	        10	         5	         5	         0
         3	        75	        27	   15.5415	   132.334	  -43.3978	  -567.282	   612.447	   2267.03	      0.02	  0.291432	   45.5733	        10	         5	         5	         0	        10	         5	         5	         0
         3	        75	        28	   15.8404	   131.307	  -42.4091	  -567.209	   635.749	   2266.72	      0.02	   0.29165	   45.6153	        10	         5	         5	         0	        10	         5	         5	         0
         3	        75	        29	   16.1439	   130.317	  -41.4577	  -567.136	   659.083	   2266.42	      0.02	  0.291877	   45.6586	        10	         5	         5	         0	        10	         5	         5	         0
         3	        75	        30	   16.7639	   128.444	  -39.6611	  -567.049	    682.92	   2266.05	      0.02	  0.209416	   89.9998	        10	         5	         5	         0	        10	         5	         5	         0
         3	        75	        31	     17.08	   127.557	  -38.8128	  -566.951	   706.706	   2265.61	      0.02	  0.292607	   45.7984	        10	         5	         5	         0	        10	         5	         5	         0
         3	        76	         1	    11.016	       180	       -90	  -591.465	   11.1442	   2269.86	      0.02	  0.288096	   45.1117	        10	         5	         5	         0	        10	         5	         5	         0
         3	        76	         2	   11.0235	   177.866	  -87.9051	  -591.476	   34.1694	   2269.92	      0.02	  0.288505	   45.0009	        10	         5	         5	         0	        10	         5	         5	         0
         3	        76	         3	   11.0458	   175.737	  -85.8159	  -591.484	   57.0904	   2269.97	      0.02	  0.288517	   45.0029	        10	         5	         5	         0	        10	         5	         5	         0
         3	        76	         4	    11.083	    173.62	   -83.738	  -591.488	    80.014	      2270	      0.02	  0.288535	   45.0065	        10	         5	         5	         0	        10	         5	         5	         0
         3	        76	         5	   11.1348	   171.519	  -81.6768	  -591.489	   102.941	   2270.03	      0.02	   0.28856	   45.0117	        10	         5	         5	         0	        10	         5	         5	         0
         3	        76	         6	    11.201	   169.441	  -79.6374	  -591.487	   125.976	   2270.03	      0.02	  0.288594	   45.0182	        10	         5	         5	         0	        10	         5	         5	         0
         3	        76	         7	   11.2814	   167.389	  -77.6248	   -591.48	   148.913	   2270.01	      0.02	  0.288633	   45.0262	        10	         5	         5	         0	        10	         5	         5	         0
         3	        76	         8	   11.3758	   165.368	  -75.6433	   -591.47	   171.854	      2270	      0.02	  0.288682	   45.0355	        10	         5	         5	         0	        10	         5	         5	         0
         3	        76	         9	   11.4837	   163.382	   -73.697	  -591.458	   194.803	   2269.96	      0.02	  0.288737	   45.0465	        10	         5	         5	         0	        10	         5	         5	         0
         3	        76	        10	   11.6047	   161.435	  -71.7893	  -591.441	   217.863	   2269.89	      0.02	  0.288798	   45.0588	        10	         5	         5	         0	        10	         5	         5	         0
         3	        76	        11	   11.7385	    159.53	  -69.9233	  -591.422	   240.827	   2269.83	      0.02	  0.288869	   45.0729	        10	         5	         5	         0	        10	         5	         5	         0
         3	        76	        12	   11.8847	   157.669	  -68.1017	  -591.399	     263.8	   2269.75	      0.02	  0.288945	    45.088	        10	         5	         5	         0	        10	         5	         5	         0
         3	        76	        13	   12.0427	   155.854	  -66.3264	  -591.374	   286.783	   2269.66	      0.02	   0.28903	   45.1047	        10	         5	         5	         0	        10	         5	         5	         0
         3	        76	        14	   12.2122	   154.087	  -64.5991	  -591.342	   309.882	   2269.54	      0.02	  0.289123	   45.1229	        10	         5	         5	         0	        10	         5	         5	         0
         3	        76	        15	   12.3926	    152.37	  -62.9209	  -591.309	   332.887	   2269.42	      0.02	  0.289224	   45.1427	        10	         5	         5	         0	        10	         5	         5	         0
         3	        76	        16	   12.5835	   150.702	  -61.2927	  -591.273	   355.904	   2269.28	      0.02	   0.28933	   45.1639	        10	         5	         5	         0	        10	         5	         5	         0
         3	        76	        17	   12.7844	   149.085	  -59.7148	  -591.236	   378.937	   2269.13	      0.02	  0.289445	   45.1863	        10	         5	         5	         0	        10	         5	         5	         0
         3	        76	        18	   12.9948	   147.518	  -58.1873	  -591.191	   402.086	   2268.96	      0.02	  0.289567	   45.2103	        10	         5	         5	         0	        10	         5	         5	         0
         3	        76	        19	   13.4426	   144.534	  -55.2822	  -591.149	   425.524	   2268.81	      0.02	  0.205884	   90.0001	        10	         5	         5	         0	        10	         5	         5	         0
         3	        76	        20	   13.9232	   141.745	  -52.5728	  -591.092	   449.369	   2268.58	      0.02	  0.206306	   89.9999	        10	         5	         5	         0	        10	         5	         5	         0
         3	        76	        21	   14.1748	   140.422	  -51.2891	  -591.029	    472.88	   2268.32	      0.02	  0.290296	   45.3529	        10	         5	         5	         0	        10	         5	         5	         0
         3	        76	        22	   14.4334	   139.144	  -50.0514	  -590.968	   496.144	   2268.08	      0.02	  0.290465	   45.3861	        10	         5	         5	         0	        10	         5	         5	         0
         3	        76	        23	   14.6986	   137.912	  -48.8582	  -590.907	   519.325	   2267.83	      0.02	  0.290642	   45.4203	        10	         5	         5	         0	        10	         5	         5	         0
         3	        76	        24	   14.9701	   136.722	  -47.7083	  -590.843	   542.529	   2267.57	      0.02	  0.290827	   45.4564	        10	         5	         5	         0	        10	         5	         5	         0
         3	        76	        25	   15.2476	   135.574	  -46.6003	   -590.78	   565.759	   2267.33	      0.02	  0.291021	   45.4938	        10	         5	         5	         0	        10	         5	         5	         0
         3	        76	        26	   15.5307	   134.467	  -45.5328	  -590.706	   589.112	   2267.02	      0.02	  0.291222	   45.5328	        10	         5	         5	         0	        10	         5	         5	         0
         3	        76	        27	   15.8191	   133.399	  -44.5043	  -590.634	   612.387	   2266.73	      0.02	  0.291433	   45.5732	        10	         5	         5	         0	        10	         5	         5	         0
         3	        76	        28	   16.1126	   132.369	  -43.5135	  -590.557	   635.687	   2266.42	      0.02	   0.29165	   45.6152	        10	         5	         5	         0	        10	         5	         5	         0
         3	        76	        29	   16.4108	   131.374	  -42.5589	  -590.482	    659.02	   2266.12	      0.02	  0.291878	   45.6587	        10	         5	         5	         0	        10	         5	         5	         0
         3	        76	        30	   17.0205	   129.488	  -40.7528	  -590.393	   682.855	   2265.75	      0.02	  0.209416	   90.0001	        10	         5	         5	         0	        10	         5	         5	         0
         3	        76	        31	   17.3316	   128.594	  -39.8986	  -590.291	    706.64	   2265.33	      0.02	  0.292608	   45.7983	        10	         5	         5	         0	        10	         5	         5	         0
         3	        77	         1	    11.424	       180	       -90	  -614.765	    11.143	   2269.55	      0.02	  0.288098	    45.112	        10	         5	         5	         0	        10	         5	         5	         0
         3	        77	         2	   11.4312	   177.941	  -87.9818	  -614.776	   34.1656	   2269.61	      0.02	  0.288505	   45.0006	        10	         5	         5	         0	        10	         5	         5	         0
         3	        77	         3	   11.4527	   175.887	  -85.9686	  -614.784	   57.0841	   2269.65	      0.02	  0.288518	   45.0029	        10	         5	         5	         0	        10	         5	         5	         0
         3	        77	         4	   11.4885	   173.843	  -83.9656	  -614.789	   80.0052	   2269.69	      0.02	  0.288535	   45.0064	        10	         5	         5	         0	        10	         5	         5	         0
         3	        77	         5	   11.5384	   171.814	  -81.9776	  -614.791	    102.93	    2269.7	      0.02	  0.288561	   45.0118	        10	         5	         5	         0	        10	         5	         5	         0
         3	        77	         6	   11.6023	   169.805	  -80.0092	  -614.787	   125.963	    2269.7	      0.02	  0.288593	   45.0182	        10	         5	         5	         0	        10	         5	         5	         0
         3	        77	         7	   11.6799	    167.82	  -78.0648	  -614.781	   148.896	    2269.7	      0.02	  0.288634	   45.0262	        10	         5	         5	         0	        10	         5	         5	         0
         3	        77	         8	    11.771	   165.863	  -76.1485	  -614.771	   171.835	   2269.67	      0.02	  0.288681	   45.0355	        10	         5	         5	         0	        10	         5	         5	         0
         3	        77	         9	   11.8752	   163.937	   -74.264	  -614.759	   194.782	   2269.64	      0.02	  0.288737	   45.0465	        10	         5	         5	         0	        10	         5	         5	         0
         3	        77	        10	   11.9922	   162.047	  -72.4145	  -614.741	   217.839	   2269.58	      0.02	  0.288799	   45.0588	        10	         5	         5	         0	        10	         5	         5	         0
         3	        77	        11	   12.1216	   160.195	  -70.6028	   -614.72	   240.801	   2269.51	      0.02	  0.288868	   45.0725	        10	         5	         5	         0	        10	         5	         5	         0
         3	        77	        12	    12.263	   158.382	  -68.8316	  -614.696	   263.771	   2269.44	      0.02	  0.288946	   45.0879	        10	         5	         5	         0	        10	         5	         5	         0
         3	        77	        13	   12.4161	   156.613	  -67.1026	  -614.671	   286.752	   2269.35	      0.02	  0.289031	   45.1046	        10	         5	         5	         0	        10	         5	         5	         0
         3	        77	        14	   12.5804	   154.887	  -65.4177	  -614.638	   309.848	   2269.22	      0.02	  0.289122	   45.1227	        10	         5	         5	         0	        10	         5	         5	         0
         3	        77	        15	   12.7554	   153.206	  -63.7779	  -614.604	   332.851	   2269.11	      0.02	  0.289224	   45.1426	        10	         5	         5	         0	        10	         5	         5	         0
         3	        77	        16	   12.9408	   151.572	  -62.1842	  -614.567	   355.866	   2268.97	      0.02	   0.28933	   45.1637	        10	         5	         5	         0	        10	         5	         5	         0
         3	        77	        17	   13.1361	   149.983	  -60.6372	  -614.529	   378.896	   2268.83	      0.02	  0.289444	   45.1863	        10	         5	         5	         0	        10	         5	         5	         0
         3	        77	        18	   13.3408	   148.442	  -59.1369	  -614.482	   402.044	   2268.65	      0.02	  0.289568	   45.2106	        10	         5	         5	         0	        10	         5	         5	         0
         3	        77	        19	   13.7769	     145.5	  -56.2763	  -614.439	   425.479	    2268.5	      0.02	  0.205884	        90	        10	         5	         5	         0	        10	         5	         5	         0
         3	        77	        20	   14.2458	   142.741	  -53.5994	   -614.38	   449.322	   2268.28	      0.02	  0.206304	   89.9999	        10	         5	         5	         0	        10	         5	         5	         0
         3	        77	        21	   14.4915	   141.428	   -52.328	  -614.316	   472.831	   2268.02	      0.02	  0.290296	    45.353	        10	         5	         5	         0	        10	         5	         5	         0
         3	        77	        22	   14.7443	   140.159	  -51.1001	  -614.253	   496.092	   2267.77	      0.02	  0.290465	    45.386	        10	         5	         5	         0	        10	         5	         5	         0
         3	        77	        23	   15.0038	   138.933	  -49.9146	   -614.19	   519.272	   2267.53	      0.02	  0.290642	   45.4204	        10	         5	         5	         0	        10	         5	         5	         0
         3	        77	        24	   15.2697	   137.747	  -48.7704	  -614.124	   542.473	   2267.28	      0.02	  0.290828	   45.4563	        10	         5	         5	         0	        10	         5	         5	         0
         3	        77	        25	   15.5415	   136.602	  -47.6662	  -614.058	   565.701	   2267.02	      0.02	   0.29102	   45.4939	        10	         5	         5	         0	        10	         5	         5	         0
         3	        77	        26	   15.8191	   135.496	  -46.6009	  -613.982	   589.052	   2266.73	      0.02	  0.291223	   45.5327	        10	         5	         5	         0	        10	         5	         5	         0
         3	        77	        27	   16.1021	   134.427	  -45.5732	  -613.907	   612.326	   2266.43	      0.02	  0.291433	   45.5732	        10	         5	         5	         0	        10	         5	         5	         0
         3	        77	        28	   16.3902	   133.394	  -44.5818	  -613.829	   635.624	   2266.13	      0.02	   0.29165	   45.6152	        10	         5	         5	         0	        10	         5	         5	         0
         3	        77	        29	   16.6832	   132.397	  -43.6255	   -613.75	   658.954	   2265.83	      0.02	  0.291875	   45.6587	        10	         5	         5	         0	        10	         5	         5	         0
         3	        78	         1	    11.832	       180	       -90	   -638.09	   11.1417	   2269.21	      0.02	  0.288097	   45.1118	        10	         5	         5	         0	        10	         5	         5	         0
         3	        78	         2	   11.8389	   178.011	  -88.0532	  -638.101	   34.1617	   2269.27	      0.02	  0.288506	   45.0007	        10	         5	         5	         0	        10	         5	         5	         0
         3	        78	         3	   11.8597	   176.026	   -86.111	   -638.11	   57.0776	   2269.31	      0.02	  0.288517	    45.003	        10	         5	         5	         0	        10	         5	         5	         0
         3	        78	         4	   11.8942	   174.051	  -84.1779	  -638.114	    79.996	   2269.36	      0.02	  0.288535	   45.0063	        10	         5	         5	         0	        10	         5	         5	         0
         3	        78	         5	   11.9424	   172.089	  -82.2583	  -638.116	   102.918	   2269.37	      0.02	   0.28856	   45.0119	        10	         5	         5	         0	        10	         5	         5	         0
         3	        78	         6	   12.0041	   170.145	  -80.3564	  -638.112	   125.948	   2269.37	      0.02	  0.288593	   45.0182	        10	         5	         5	         0	        10	         5	         5	         0
         3	        78	         7	   12.0791	   168.222	  -78.4762	  -638.107	   148.879	   2269.37	      0.02	  0.288634	   45.0263	        10	         5	         5	         0	        10	         5	         5	         0
         3	        78	         8	    12.167	   166.325	  -76.6214	  -638.096	   171.816	   2269.34	      0.02	  0.288681	   45.0354	        10	         5	         5	         0	        10	         5	         5	         0
         3	        78	         9	   12.2678	   164.457	  -74.7953	  -638.084	    194.76	   2269.31	      0.02	  0.288737	   45.0467	        10	         5	         5	         0	        10	         5	         5	         0
         3	        78	        10	   12.3809	    162.62	   -73.001	  -638.065	   217.815	   2269.25	      0.02	  0.288798	   45.0589	        10	         5	         5	         0	        10	         5	         5	         0
         3	        78	        11	   12.5062	   160.818	  -71.2412	  -638.045	   240.773	   2269.18	      0.02	  0.288868	   45.0727	        10	         5	         5	         0	        10	         5	         5	         0
         3	        78	        12	   12.6432	   159.053	  -69.5183	  -638.021	   263.742	    2269.1	      0.02	  0.288946	   45.0879	        10	         5	         5	         0	        10	         5	         5	         0
         3	        78	        13	   12.7916	   157.326	  -67.8341	  -637.994	    286.72	   2269.02	      0.02	  0.289031	   45.1047	        10	         5	         5	         0	        10	         5	         5	         0
         3	        78	        14	    12.951	    155.64	  -66.1903	  -637.961	   309.814	    2268.9	      0.02	  0.289122	   45.1231	        10	         5	         5	         0	        10	         5	         5	         0
         3	        78	        15	   13.1209	   153.996	  -64.5881	  -637.925	   332.814	   2268.78	      0.02	  0.289223	   45.1427	        10	         5	         5	         0	        10	         5	         5	         0
         3	        78	        16	    13.301	   152.394	  -63.0285	  -637.887	   355.827	   2268.64	      0.02	  0.289331	   45.1636	        10	         5	         5	         0	        10	         5	         5	         0
         3	        78	        17	   13.4908	   150.835	  -61.5121	  -637.847	   378.855	   2268.51	      0.02	  0.289446	   45.1863	        10	         5	         5	         0	        10	         5	         5	         0
         3	        78	        18	   13.6901	    149.32	  -60.0391	  -637.799	       402	   2268.33	      0.02	  0.289567	   45.2104	        10	         5	         5	         0	        10	         5	         5	         0
         3	        78	        19	    14.115	   146.419	   -57.224	  -637.755	   425.433	   2268.18	      0.02	  0.205883	   90.0001	        10	         5	         5	         0	        10	         5	         5	         0
         3	        78	        20	   14.5725	   143.692	  -54.5812	  -637.695	   449.273	   2267.96	      0.02	  0.206305	   90.0001	        10	         5	         5	         0	        10	         5	         5	         0
         3	        78	        21	   14.8126	   142.391	  -53.3231	  -637.628	    472.78	    2267.7	      0.02	  0.290295	    45.353	        10	         5	         5	         0	        10	         5	         5	         0
         3	        78	        22	   15.0598	   141.132	  -52.1061	  -637.563	   496.039	   2267.46	      0.02	  0.290465	   45.3859	        10	         5	         5	         0	        10	         5	         5	         0
         3	        78	        23	   15.3137	   139.912	  -50.9295	  -637.498	   519.216	   2267.22	      0.02	  0.290642	   45.4205	        10	         5	         5	         0	        10	         5	         5	         0
         3	        78	        24	    15.574	   138.733	  -49.7922	   -637.43	   542.416	   2266.96	      0.02	  0.290828	   45.4563	        10	         5	         5	         0	        10	         5	         5	         0
         3	        78	        25	   15.8404	   137.591	  -48.6932	  -637.363	   565.642	   2266.71	      0.02	  0.291021	    45.494	        10	         5	         5	         0	        10	         5	         5	         0
         3	        78	        26	   16.1126	   136.486	  -47.6315	  -637.284	   588.991	   2266.42	      0.02	  0.291222	    45.533	        10	         5	         5	         0	        10	         5	         5	         0
         3	        78	        27	   16.3902	   135.418	  -46.6059	  -637.207	   612.262	   2266.12	      0.02	  0.291433	   45.5731	        10	         5	         5	         0	        10	         5	         5	         0
         3	        78	        28	   16.6731	   134.385	  -45.6152	  -637.125	   635.558	   2265.82	      0.02	   0.29165	   45.6151	        10	         5	         5	         0	        10	         5	         5	         0
         3	        78	        29	   16.9609	   133.385	  -44.6584	  -637.045	   658.887	   2265.52	      0.02	  0.291876	   45.6586	        10	         5	         5	         0	        10	         5	         5	         0
         3	        79	         1	     12.24	       180	       -90	  -661.446	   11.1404	   2268.88	      0.02	  0.288098	    45.112	        10	         5	         5	         0	        10	         5	         5	         0
         3	        79	         2	   12.2467	   178.076	    -88.12	  -661.458	   34.1577	   2268.94	      0.02	  0.288505	   45.0006	        10	         5	         5	         0	        10	         5	         5	         0
         3	        79	         3	   12.2668	   176.157	  -86.2441	  -661.466	   57.0708	   2268.99	      0.02	  0.288515	   45.0027	        10	         5	         5	         0	        10	         5	         5	         0
         3	        79	         4	   12.3001	   174.245	  -84.3764	  -661.471	   79.9866	   2269.03	      0.02	  0.288535	   45.0065	        10	         5	         5	         0	        10	         5	         5	         0
         3	        79	         5	   12.3467	   172.346	  -82.5209	  -661.473	   102.906	   2269.05	      0.02	  0.288561	   45.0116	        10	         5	         5	         0	        10	         5	         5	         0
         3	        79	         6	   12.4063	   170.463	  -80.6814	  -661.469	   125.933	   2269.05	      0.02	  0.288593	   45.0182	        10	         5	         5	         0	        10	         5	         5	         0
         3	        79	         7	   12.4787	   168.599	  -78.8616	  -661.463	   148.862	   2269.04	      0.02	  0.288634	   45.0261	        10	         5	         5	         0	        10	         5	         5	         0
         3	        79	         8	   12.5638	   166.758	  -77.0648	  -661.453	   171.796	   2269.02	      0.02	  0.288681	   45.0356	        10	         5	         5	         0	        10	         5	         5	         0
         3	        79	         9	   12.6613	   164.944	  -75.2941	   -661.44	   194.737	   2268.99	      0.02	  0.288738	   45.0466	        10	         5	         5	         0	        10	         5	         5	         0
         3	        79	        10	   12.7709	   163.158	  -73.5523	  -661.421	   217.789	   2268.93	      0.02	  0.288799	    45.059	        10	         5	         5	         0	        10	         5	         5	         0
         3	        79	        11	   12.8922	   161.404	  -71.8421	    -661.4	   240.745	   2268.86	      0.02	   0.28887	   45.0725	        10	         5	         5	         0	        10	         5	         5	         0
         3	        79	        12	   13.0251	   159.684	  -70.1655	  -661.375	   263.711	   2268.78	      0.02	  0.288946	    45.088	        10	         5	         5	         0	        10	         5	         5	         0
         3	        79	        13	    13.169	   157.999	  -68.5245	  -661.347	   286.687	   2268.69	      0.02	  0.289031	   45.1045	        10	         5	         5	         0	        10	         5	         5	         0
         3	        79	        14	   13.3237	   156.351	  -66.9206	  -661.314	   309.778	   2268.58	      0.02	  0.289124	   45.1231	        10	         5	         5	         0	        10	         5	         5	         0
         3	        79	        15	   13.4888	   154.742	  -65.3551	  -661.278	   332.776	   2268.46	      0.02	  0.289223	   45.1425	        10	         5	         5	         0	        10	         5	         5	         0
         3	        79	        16	   13.6638	   153.172	  -63.8289	  -661.238	   355.786	   2268.33	      0.02	   0.28933	   45.1637	        10	         5	         5	         0	        10	         5	         5	         0
         3	        79	        17	   13.8485	   151.642	  -62.3428	  -661.197	   378.812	   2268.19	      0.02	  0.289445	   45.1863	        10	         5	         5	         0	        10	         5	         5	         0
         3	        79	        18	   14.0425	   150.153	  -60.8971	  -661.148	   401.954	   2268.01	      0.02	  0.289566	   45.2104	        10	         5	         5	         0	        10	         5	         5	         0
         3	        79	        19	   14.4566	   147.296	   -58.128	  -661.102	   425.385	   2267.87	      0.02	  0.205885	        90	        10	         5	         5	         0	        10	         5	         5	         0
         3	        79	        20	   14.9032	     144.6	  -55.5206	   -661.04	   449.223	   2267.64	      0.02	  0.206305	   90.0002	        10	         5	         5	         0	        10	         5	         5	         0
         3	        79	        21	   15.1379	   143.312	  -54.2766	  -660.972	   472.727	   2267.39	      0.02	  0.290296	    45.353	        10	         5	         5	         0	        10	         5	         5	         0
         3	        79	        22	   15.3796	   142.063	  -53.0716	  -660.904	   495.984	   2267.15	      0.02	  0.290465	   45.3859	        10	         5	         5	         0	        10	         5	         5	         0
         3	        79	        23	    15.628	   140.852	  -51.9048	  -660.838	   519.159	   2266.91	      0.02	  0.290642	   45.4205	        10	         5	         5	         0	        10	         5	         5	         0
         3	        79	        24	   15.8829	   139.679	  -50.7756	  -660.768	   542.356	   2266.65	      0.02	  0.290827	   45.4563	        10	         5	         5	         0	        10	         5	         5	         0
         3	        79	        25	   16.1439	   138.542	  -49.6829	  -660.698	    565.58	   2266.41	      0.02	  0.291022	   45.4939	        10	         5	         5	         0	        10	         5	         5	         0
         3	        79	        26	   16.4108	   137.441	  -48.6259	  -660.617	   588.927	   2266.11	      0.02	  0.291222	   45.5329	        10	         5	         5	         0	        10	         5	         5	         0
         3	        79	        27	   16.6832	   136.375	  -47.6035	  -660.537	   612.196	   2265.82	      0.02	  0.291432	   45.5734	        10	         5	         5	         0	        10	         5	         5	         0
         3	        79	        28	   16.9609	   135.342	  -46.6148	  -660.454	    635.49	   2265.52	      0.02	  0.291651	   45.6154	        10	         5	         5	         0	        10	         5	         5	         0
         3	        80	         1	    13.056	       180	       -90	  -685.666	    11.139	   2268.41	      0.02	  0.288097	   45.1119	        10	         5	         5	         0	        10	         5	         5	         0
         3	        80	         2	   13.0623	   178.194	  -88.2412	   -685.68	   34.1534	   2268.47	      0.02	  0.288505	   45.0009	        10	         5	         5	         0	        10	         5	         5	         0
         3	        80	         3	    13.081	   176.392	  -86.4857	   -685.69	   57.0638	   2268.52	      0.02	  0.288516	    45.003	        10	         5	         5	         0	        10	         5	         5	         0
         3	        80	         4	   13.1123	   174.597	  -84.7371	  -685.695	   79.9767	   2268.55	      0.02	  0.288535	   45.0065	        10	         5	         5	         0	        10	         5	         5	         0
         3	        80	         5	   13.1558	   172.812	  -82.9984	  -685.697	   102.893	   2268.57	      0.02	  0.288561	   45.0115	        10	         5	         5	         0	        10	         5	         5	         0
         3	        80	         6	   13.2117	    171.04	   -81.273	  -685.695	   125.918	   2268.57	      0.02	  0.288593	   45.0183	        10	         5	         5	         0	        10	         5	         5	         0
         3	        80	         7	   13.2796	   169.284	  -79.5638	  -685.688	   148.843	   2268.57	      0.02	  0.288634	   45.0261	        10	         5	         5	         0	        10	         5	         5	         0
         3	        80	         8	   13.3594	   167.547	  -77.8737	  -685.677	   171.775	   2268.55	      0.02	  0.288682	   45.0355	        10	         5	         5	         0	        10	         5	         5	         0
         3	        80	         9	   13.4509	   165.832	  -76.2053	  -685.665	   194.713	   2268.51	      0.02	  0.288736	   45.0466	        10	         5	         5	         0	        10	         5	         5	         0
         3	        80	        10	   13.5539	   164.141	  -74.5611	  -685.646	   217.763	   2268.45	      0.02	  0.288799	   45.0588	        10	         5	         5	         0	        10	         5	         5	         0
         3	        80	        11	   13.6681	   162.476	  -72.9433	  -685.625	   240.716	   2268.39	      0.02	  0.288869	   45.0726	        10	         5	         5	         0	        10	         5	         5	         0
         3	        80	        12	   13.7932	    160.84	  -71.3538	  -685.598	   263.679	   2268.31	      0.02	  0.288945	   45.0881	        10	         5	         5	         0	        10	         5	         5	         0
         3	        80	        13	   13.9289	   159.234	  -69.7944	  -685.571	   286.652	   2268.23	      0.02	  0.289031	   45.1048	        10	         5	         5	         0	        10	         5	         5	         0
         3	        80	        14	   14.0749	   157.659	  -68.2666	  -685.536	    309.74	   2268.11	      0.02	  0.289123	   45.1229	        10	         5	         5	         0	        10	         5	         5	         0
         3	        80	        15	   14.2309	   156.117	  -66.7715	  -685.498	   332.736	      2268	      0.02	  0.289223	   45.1425	        10	         5	         5	         0	        10	         5	         5	         0
         3	        80	        16	   14.3966	   154.609	  -65.3102	  -685.458	   355.743	   2267.86	      0.02	   0.28933	    45.164	        10	         5	         5	         0	        10	         5	         5	         0
         3	        80	        17	   14.5717	   153.136	  -63.8834	  -685.416	   378.766	   2267.72	      0.02	  0.289445	   45.1863	        10	         5	         5	         0	        10	         5	         5	         0
         3	        80	        18	   14.7557	   151.697	  -62.4918	  -685.365	   401.906	   2267.54	      0.02	  0.289569	   45.2104	        10	         5	         5	         0	        10	         5	         5	         0
         3	        80	        19	   15.1495	   148.927	  -59.8152	  -685.319	   425.334	    2267.4	      0.02	  0.205884	        90	        10	         5	         5	         0	        10	         5	         5	         0
         3	        80	        20	   15.5754	   146.299	  -57.2812	  -685.254	    449.17	   2267.18	      0.02	  0.206305	        90	        10	         5	         5	         0	        10	         5	         5	         0
         3	        80	        21	   15.7996	   145.038	  -56.0674	  -685.184	   472.672	   2266.93	      0.02	  0.290297	    45.353	        10	         5	         5	         0	        10	         5	         5	         0
         3	        80	        22	   16.0308	   143.812	  -54.8884	  -685.114	   495.926	   2266.69	      0.02	  0.290465	    45.386	        10	         5	         5	         0	        10	         5	         5	         0
         3	        80	        23	   16.2688	   142.621	   -53.744	  -685.045	   519.099	   2266.46	      0.02	  0.290643	   45.4202	        10	         5	         5	         0	        10	         5	         5	         0
         3	        80	        24	   16.5133	   141.463	  -52.6335	  -684.972	   542.294	    2266.2	      0.02	  0.290827	   45.4563	        10	         5	         5	         0	        10	         5	         5	         0
         3	        80	        25	   16.7639	   140.339	  -51.5562	  -684.901	   565.515	   2265.95	      0.02	  0.291021	   45.4938	        10	         5	         5	         0	        10	         5	         5	         0
         3	        80	        26	   17.0205	   139.247	  -50.5116	  -684.817	    588.86	   2265.67	      0.02	  0.291223	   45.5329	        10	         5	         5	         0	        10	         5	         5	         0
         3	        81	         1	    13.464	       180	       -90	  -709.111	   11.1376	   2268.04	      0.02	  0.288097	   45.1118	        10	         5	         5	         0	        10	         5	         5	         0
         3	        81	         2	   13.4701	   178.248	  -88.2964	  -709.125	   34.1492	    2268.1	      0.02	  0.288507	   45.0007	        10	         5	         5	         0	        10	         5	         5	         0
         3	        81	         3	   13.4882	   176.499	  -86.5958	  -709.134	   57.0567	   2268.14	      0.02	  0.288517	    45.003	        10	         5	         5	         0	        10	         5	         5	         0
         3	        81	         4	   13.5185	   174.757	  -84.9014	   -709.14	   79.9667	   2268.17	      0.02	  0.288535	   45.0064	        10	         5	         5	         0	        10	         5	         5	         0
         3	        81	         5	   13.5607	   173.024	  -83.2162	  -709.143	    102.88	   2268.19	      0.02	  0.288561	   45.0117	        10	         5	         5	         0	        10	         5	         5	         0
         3	        81	         6	   13.6148	   171.302	   -81.543	  -709.139	   125.902	    2268.2	      0.02	  0.288594	   45.0182	        10	         5	         5	         0	        10	         5	         5	         0
         3	        81	         7	   13.6807	   169.596	  -79.8846	  -709.133	   148.825	   2268.19	      0.02	  0.288635	   45.0262	        10	         5	         5	         0	        10	         5	         5	         0
         3	        81	         8	   13.7581	   167.906	  -78.2436	  -709.123	   171.753	   2268.17	      0.02	  0.288682	   45.0357	        10	         5	         5	         0	        10	         5	         5	         0
         3	        81	         9	   13.8469	   166.237	  -76.6226	   -709.11	   194.689	   2268.14	      0.02	  0.288737	   45.0465	        10	         5	         5	         0	        10	         5	         5	         0
         3	        81	        10	   13.9468	    164.59	  -75.0237	   -709.09	   217.736	   2268.08	      0.02	  0.288799	   45.0589	        10	         5	         5	         0	        10	         5	         5	         0
         3	        81	        11	   14.0577	   162.967	  -73.4491	  -709.068	   240.687	   2268.02	      0.02	  0.288869	   45.0726	        10	         5	         5	         0	        10	         5	         5	         0
         3	        81	        12	   14.1792	    161.37	  -71.9005	  -709.041	   263.647	   2267.94	      0.02	  0.288947	   45.0879	        10	         5	         5	         0	        10	         5	         5	         0
         3	        81	        13	   14.3111	   159.801	  -70.3797	  -709.013	   286.617	   2267.86	      0.02	   0.28903	   45.1048	        10	         5	         5	         0	        10	         5	         5	         0
         3	        81	        14	   14.4531	   158.261	   -68.888	  -708.977	   309.703	   2267.74	      0.02	  0.289124	   45.1228	        10	         5	         5	         0	        10	         5	         5	         0
         3	        81	        15	   14.6049	   156.752	  -67.4266	  -708.939	   332.696	   2267.62	      0.02	  0.289222	   45.1425	        10	         5	         5	         0	        10	         5	         5	         0
         3	        81	        16	   14.7662	   155.274	  -65.9966	  -708.898	     355.7	   2267.49	      0.02	  0.289331	   45.1638	        10	         5	         5	         0	        10	         5	         5	         0
         3	        81	        17	   14.9367	   153.827	  -64.5987	  -708.854	   378.721	   2267.35	      0.02	  0.289445	   45.1863	        10	         5	         5	         0	        10	         5	         5	         0
         3	        81	        18	   15.1161	   152.414	  -63.2336	  -708.802	   401.858	   2267.18	      0.02	  0.289567	   45.2106	        10	         5	         5	         0	        10	         5	         5	         0
         3	        81	        19	   15.5004	   149.687	  -60.6032	  -708.754	   425.284	   2267.04	      0.02	  0.205885	        90	        10	         5	         5	         0	        10	         5	         5	         0
         3	        81	        20	   15.9164	   147.094	  -58.1068	  -708.688	   449.117	   2266.81	      0.02	  0.206305	   90.0002	        10	         5	         5	         0	        10	         5	         5	         0
         3	        81	        21	   16.1356	   145.847	  -56.9087	  -708.615	   472.616	   2266.57	      0.02	  0.290295	   45.3528	        10	         5	         5	         0	        10	         5	         5	         0
         3	        81	        22	   16.3618	   144.633	  -55.7436	  -708.545	   495.868	   2266.33	      0.02	  0.290465	    45.386	        10	         5	         5	         0	        10	         5	         5	         0
         3	        81	        23	   16.5948	   143.453	  -54.6113	  -708.474	   519.039	    2266.1	      0.02	  0.290643	   45.4202	        10	         5	         5	         0	        10	         5	         5	         0
         3	        81	        24	   16.8343	   142.304	  -53.5112	  -708.399	   542.231	   2265.85	      0.02	  0.290827	   45.4564	        10	         5	         5	         0	        10	         5	         5	         0
         3	        81	        25	     17.08	   141.187	  -52.4429	  -708.325	    565.45	    2265.6	      0.02	  0.291021	    45.494	        10	         5	         5	         0	        10	         5	         5	         0
         3	        81	        26	   17.3316	   140.101	  -51.4057	  -708.239	   588.793	   2265.31	      0.02	  0.291223	   45.5327	        10	         5	         5	         0	        10	         5	         5	         0
         3	        82	         1	    13.872	       180	       -90	  -732.585	   11.1362	   2267.64	      0.02	  0.288097	   45.1118	        10	         5	         5	         0	        10	         5	         5	         0
         3	        82	         2	   13.8779	   178.299	  -88.3484	    -732.6	   34.1448	    2267.7	      0.02	  0.288506	   45.0008	        10	         5	         5	         0	        10	         5	         5	         0
         3	        82	         3	   13.8955	     176.6	  -86.6995	  -732.609	   57.0493	   2267.75	      0.02	  0.288516	   45.0029	        10	         5	         5	         0	        10	         5	         5	         0
         3	        82	         4	   13.9248	   174.907	  -85.0563	  -732.616	   79.9565	   2267.79	      0.02	  0.288536	   45.0063	        10	         5	         5	         0	        10	         5	         5	         0
         3	        82	         5	   13.9658	   173.223	  -83.4215	  -732.618	   102.867	   2267.81	      0.02	   0.28856	   45.0119	        10	         5	         5	         0	        10	         5	         5	         0
         3	        82	         6	   14.0183	   171.549	  -81.7977	  -732.615	   125.886	   2267.81	      0.02	  0.288593	   45.0181	        10	         5	         5	         0	        10	         5	         5	         0
         3	        82	         7	   14.0822	    169.89	  -80.1874	  -732.608	   148.806	    2267.8	      0.02	  0.288633	   45.0262	        10	         5	         5	         0	        10	         5	         5	         0
         3	        82	         8	   14.1573	   168.246	  -78.5931	  -732.598	   171.731	   2267.78	      0.02	  0.288682	   45.0357	        10	         5	         5	         0	        10	         5	         5	         0
         3	        82	         9	   14.2435	    166.62	  -77.0171	  -732.585	   194.664	   2267.75	      0.02	  0.288738	   45.0464	        10	         5	         5	         0	        10	         5	         5	         0
         3	        82	        10	   14.3406	   165.015	  -75.4614	  -732.564	   217.708	    2267.7	      0.02	  0.288798	    45.059	        10	         5	         5	         0	        10	         5	         5	         0
         3	        82	        11	   14.4483	   163.432	  -73.9281	  -732.542	   240.656	   2267.63	      0.02	  0.288868	   45.0727	        10	         5	         5	         0	        10	         5	         5	         0
         3	        82	        12	   14.5664	   161.872	  -72.4187	  -732.515	   263.614	   2267.55	      0.02	  0.288946	   45.0878	        10	         5	         5	         0	        10	         5	         5	         0
         3	        82	        13	   14.6947	   160.339	   -70.935	  -732.486	   286.581	   2267.47	      0.02	  0.289031	   45.1045	        10	         5	         5	         0	        10	         5	         5	         0
         3	        82	        14	   14.8328	   158.833	  -69.4782	  -732.449	   309.664	   2267.35	      0.02	  0.289122	   45.1229	        10	         5	         5	         0	        10	         5	         5	         0
         3	        82	        15	   14.9806	   157.354	  -68.0496	   -732.41	   332.654	   2267.24	      0.02	  0.289223	   45.1427	        10	         5	         5	         0	        10	         5	         5	         0
         3	        82	        16	   15.1378	   155.905	  -66.6501	  -732.367	   355.656	   2267.11	      0.02	  0.289329	   45.1636	        10	         5	         5	         0	        10	         5	         5	         0
         3	        82	        17	   15.3039	   154.486	  -65.2806	  -732.324	   378.674	   2266.98	      0.02	  0.289445	   45.1864	        10	         5	         5	         0	        10	         5	         5	         0
         3	        82	        18	   15.4789	   153.097	  -63.9416	   -732.27	   401.809	   2266.81	      0.02	  0.289568	   45.2104	        10	         5	         5	         0	        10	         5	         5	         0
         3	        82	        19	   15.8539	   150.413	   -61.357	  -732.221	   425.232	   2266.66	      0.02	  0.205884	        90	        10	         5	         5	         0	        10	         5	         5	         0
         3	        82	        20	   16.2604	   147.854	  -58.8984	  -732.153	   449.062	   2266.44	      0.02	  0.206306	        90	        10	         5	         5	         0	        10	         5	         5	         0
         3	        82	        21	   16.4748	   146.622	  -57.7164	  -732.079	   472.559	    2266.2	      0.02	  0.290296	    45.353	        10	         5	         5	         0	        10	         5	         5	         0
         3	        82	        22	   16.6961	   145.422	  -56.5656	  -732.006	   495.809	   2265.95	      0.02	  0.290465	   45.3858	        10	         5	         5	         0	        10	         5	         5	         0
         3	        82	        23	   16.9243	   144.252	  -55.4459	  -731.933	   518.977	   2265.72	      0.02	  0.290643	   45.4206	        10	         5	         5	         0	        10	         5	         5	         0
         3	        82	        24	   17.1589	   143.113	  -54.3569	  -731.857	   542.167	   2265.47	      0.02	  0.290828	   45.4565	        10	         5	         5	         0	        10	         5	         5	         0
         3	        83	         1	     14.28	       180	       -90	  -756.098	   11.1348	   2267.27	      0.02	  0.288097	   45.1118	        10	         5	         5	         0	        10	         5	         5	         0
         3	        83	         2	   14.2857	   178.346	  -88.3974	  -756.111	   34.1403	   2267.33	      0.02	  0.288506	   45.0005	        10	         5	         5	         0	        10	         5	         5	         0
         3	        83	         3	   14.3028	   176.695	  -86.7975	  -756.122	   57.0418	   2267.37	      0.02	  0.288516	   45.0032	        10	         5	         5	         0	        10	         5	         5	         0
         3	        83	         4	   14.3313	   175.049	  -85.2026	  -756.128	    79.946	    2267.4	      0.02	  0.288535	   45.0068	        10	         5	         5	         0	        10	         5	         5	         0
         3	        83	         5	    14.371	   173.411	  -83.6155	  -756.131	   102.854	   2267.43	      0.02	  0.288561	   45.0118	        10	         5	         5	         0	        10	         5	         5	         0
         3	        83	         6	    14.422	   171.783	  -82.0384	  -756.128	    125.87	   2267.43	      0.02	  0.288593	   45.0182	        10	         5	         5	         0	        10	         5	         5	         0
         3	        83	         7	    14.484	   170.167	  -80.4738	  -756.122	   148.787	   2267.42	      0.02	  0.288634	   45.0262	        10	         5	         5	         0	        10	         5	         5	         0
         3	        83	         8	    14.557	   168.566	  -78.9238	  -756.111	   171.709	    2267.4	      0.02	  0.288682	   45.0356	        10	         5	         5	         0	        10	         5	         5	         0
         3	        83	         9	   14.6407	   166.982	  -77.3906	  -756.097	   194.639	   2267.38	      0.02	  0.288737	   45.0465	        10	         5	         5	         0	        10	         5	         5	         0
         3	        83	        10	    14.735	   165.416	  -75.8762	  -756.077	    217.68	   2267.32	      0.02	    0.2888	    45.059	        10	         5	         5	         0	        10	         5	         5	         0
         3	        83	        11	   14.8398	   163.871	  -74.3823	  -756.054	   240.625	   2267.26	      0.02	  0.288869	   45.0726	        10	         5	         5	         0	        10	         5	         5	         0
         3	        83	        12	   14.9547	   162.348	  -72.9107	  -756.026	   263.579	   2267.18	      0.02	  0.288946	   45.0881	        10	         5	         5	         0	        10	         5	         5	         0
         3	        83	        13	   15.0795	   160.849	  -71.4627	  -755.997	   286.544	   2267.09	      0.02	  0.289031	   45.1047	        10	         5	         5	         0	        10	         5	         5	         0
         3	        83	        14	    15.214	   159.375	  -70.0397	  -755.959	   309.624	   2266.99	      0.02	  0.289122	    45.123	        10	         5	         5	         0	        10	         5	         5	         0
         3	        83	        15	   15.3579	   157.927	  -68.6428	  -755.919	   332.612	   2266.87	      0.02	  0.289222	   45.1426	        10	         5	         5	         0	        10	         5	         5	         0
         3	        83	        16	   15.5111	   156.506	   -67.273	  -755.875	   355.611	   2266.73	      0.02	   0.28933	   45.1639	        10	         5	         5	         0	        10	         5	         5	         0
         3	        83	        17	   15.6731	   155.113	  -65.9311	  -755.831	   378.626	   2266.61	      0.02	  0.289445	   45.1865	        10	         5	         5	         0	        10	         5	         5	         0
         3	        83	        18	   15.8438	   153.748	  -64.6178	  -755.775	   401.758	   2266.44	      0.02	  0.289567	   45.2106	        10	         5	         5	         0	        10	         5	         5	         0
         3	        83	        19	   16.2099	   151.106	  -62.0787	  -755.726	   425.178	    2266.3	      0.02	  0.205884	   90.0002	        10	         5	         5	         0	        10	         5	         5	         0
         3	        83	        20	   16.6072	   148.583	   -59.658	  -755.656	   449.006	   2266.08	      0.02	  0.206305	        90	        10	         5	         5	         0	        10	         5	         5	         0
         3	        83	        21	   16.8169	   147.366	  -58.4922	   -755.58	     472.5	   2265.83	      0.02	  0.290296	    45.353	        10	         5	         5	         0	        10	         5	         5	         0
         3	        83	        22	   17.0336	   146.178	  -57.3561	  -755.505	   495.747	    2265.6	      0.02	  0.290465	   45.3859	        10	         5	         5	         0	        10	         5	         5	         0
         3	        83	        23	    17.257	    145.02	  -56.2494	  -755.431	   518.913	   2265.36	      0.02	  0.290642	   45.4203	        10	         5	         5	         0	        10	         5	         5	         0
         3	        83	        24	   17.4869	   143.891	  -55.1719	  -755.353	   542.101	   2265.11	      0.02	  0.290826	   45.4566	        10	         5	         5	         0	        10	         5	         5	         0
         3	        84	         1	    14.688	       180	       -90	  -779.737	   11.1333	   2266.83	      0.02	  0.288097	   45.1118	        10	         5	         5	         0	        10	         5	         5	         0
         3	        84	         2	   14.6935	   178.391	  -88.4439	  -779.752	   34.1357	   2266.89	      0.02	  0.288505	   45.0009	        10	         5	         5	         0	        10	         5	         5	         0
         3	        84	         3	   14.7102	   176.785	  -86.8901	  -779.763	   57.0342	   2266.93	      0.02	  0.288517	   45.0028	        10	         5	         5	         0	        10	         5	         5	         0
         3	        84	         4	   14.7378	   175.183	  -85.3411	  -779.769	   79.9352	   2266.96	      0.02	  0.288533	   45.0067	        10	         5	         5	         0	        10	         5	         5	         0
         3	        84	         5	   14.7764	   173.589	   -83.799	  -779.772	    102.84	   2266.99	      0.02	   0.28856	   45.0115	        10	         5	         5	         0	        10	         5	         5	         0
         3	        84	         6	   14.8259	   172.003	  -82.2663	  -779.769	   125.853	   2266.99	      0.02	  0.288593	    45.018	        10	         5	         5	         0	        10	         5	         5	         0
         3	        84	         7	   14.8862	   170.429	   -80.745	  -779.763	   148.767	   2266.98	      0.02	  0.288634	   45.0262	        10	         5	         5	         0	        10	         5	         5	         0
         3	        84	         8	   14.9571	   168.869	  -79.2372	  -779.752	   171.686	   2266.96	      0.02	  0.288681	   45.0357	        10	         5	         5	         0	        10	         5	         5	         0
         3	        84	         9	   15.0385	   167.324	  -77.7449	  -779.738	   194.613	   2266.94	      0.02	  0.288736	   45.0468	        10	         5	         5	         0	        10	         5	         5	         0
         3	        84	        10	   15.1302	   165.796	  -76.2698	  -779.717	   217.651	   2266.88	      0.02	  0.288799	   45.0587	        10	         5	         5	         0	        10	         5	         5	         0
         3	        84	        11	   15.2321	   164.288	  -74.8137	  -779.693	   240.593	   2266.82	      0.02	  0.288869	    45.073	        10	         5	         5	         0	        10	         5	         5	         0
         3	        84	        12	   15.3439	   162.799	  -73.3782	  -779.665	   263.545	   2266.74	      0.02	  0.288945	   45.0881	        10	         5	         5	         0	        10	         5	         5	         0
         3	        84	        13	   15.4655	   161.333	  -71.9646	  -779.635	   286.507	   2266.66	      0.02	  0.289031	   45.1048	        10	         5	         5	         0	        10	         5	         5	         0
         3	        84	        14	   15.5965	    159.89	  -70.5742	  -779.597	   309.584	   2266.55	      0.02	  0.289123	   45.1231	        10	         5	         5	         0	        10	         5	         5	         0
         3	        84	        15	   15.7368	   158.471	  -69.2081	  -779.556	   332.568	   2266.43	      0.02	  0.289223	   45.1426	        10	         5	         5	         0	        10	         5	         5	         0
         3	        84	        16	   15.8861	   157.078	  -67.8672	  -779.511	   355.565	    2266.3	      0.02	  0.289331	   45.1637	        10	         5	         5	         0	        10	         5	         5	         0
         3	        84	        17	   16.0441	    155.71	  -66.5524	  -779.465	   378.577	   2266.18	      0.02	  0.289445	   45.1864	        10	         5	         5	         0	        10	         5	         5	         0
         3	        84	        18	   16.2107	   154.369	  -65.2642	   -779.41	   401.706	   2266.01	      0.02	  0.289569	   45.2106	        10	         5	         5	         0	        10	         5	         5	         0
         3	        84	        19	   16.5683	   151.769	    -62.77	  -779.359	   425.124	   2265.86	      0.02	  0.205884	   89.9999	        10	         5	         5	         0	        10	         5	         5	         0
         3	        84	        20	   16.9567	   149.281	  -60.3872	  -779.288	   448.949	   2265.65	      0.02	  0.206306	   90.0002	        10	         5	         5	         0	        10	         5	         5	         0
         3	        84	        21	   17.1619	   148.079	  -59.2379	  -779.209	    472.44	   2265.41	      0.02	  0.290296	   45.3528	        10	         5	         5	         0	        10	         5	         5	         0
         3	        84	        22	    17.374	   146.905	  -58.1166	  -779.133	   495.685	   2265.18	      0.02	  0.290466	    45.386	        10	         5	         5	         0	        10	         5	         5	         0
         3	        85	         1	    15.096	       180	       -90	  -803.309	   11.1317	    2266.4	      0.02	  0.288097	   45.1118	        10	         5	         5	         0	        10	         5	         5	         0
         3	        85	         2	   15.1014	   178.434	  -88.4878	  -803.325	    34.131	   2266.46	      0.02	  0.288506	   45.0008	        10	         5	         5	         0	        10	         5	         5	         0
         3	        85	         3	   15.1175	    176.87	  -86.9778	  -803.336	   57.0263	    2266.5	      0.02	  0.288517	   45.0029	        10	         5	         5	         0	        10	         5	         5	         0
         3	        85	         4	   15.1444	    175.31	  -85.4722	  -803.343	   79.9243	   2266.54	      0.02	  0.288535	   45.0065	        10	         5	         5	         0	        10	         5	         5	         0
         3	        85	         5	   15.1819	   173.757	   -83.973	  -803.346	   102.826	   2266.56	      0.02	   0.28856	   45.0116	        10	         5	         5	         0	        10	         5	         5	         0
         3	        85	         6	     15.23	   172.212	  -82.4824	  -803.343	   125.836	   2266.57	      0.02	  0.288593	   45.0181	        10	         5	         5	         0	        10	         5	         5	         0
         3	        85	         7	   15.2886	   170.678	  -81.0023	  -803.336	   148.746	   2266.56	      0.02	  0.288634	   45.0262	        10	         5	         5	         0	        10	         5	         5	         0
         3	        85	         8	   15.3576	   169.156	  -79.5346	  -803.325	   171.663	   2266.53	      0.02	  0.288682	   45.0358	        10	         5	         5	         0	        10	         5	         5	         0
         3	        85	         9	   15.4368	   167.649	  -78.0812	  -803.311	   194.586	   2266.51	      0.02	  0.288736	   45.0466	        10	         5	         5	         0	        10	         5	         5	         0
         3	        85	        10	   15.5261	   166.157	  -76.6438	   -803.29	   217.622	   2266.46	      0.02	  0.288798	   45.0588	        10	         5	         5	         0	        10	         5	         5	         0
         3	        85	        11	   15.6253	   164.683	   -75.224	  -803.266	    240.56	   2266.39	      0.02	  0.288869	   45.0726	        10	         5	         5	         0	        10	         5	         5	         0
         3	        85	        12	   15.7341	   163.228	  -73.8231	  -803.237	   263.509	   2266.32	      0.02	  0.288946	   45.0881	        10	         5	         5	         0	        10	         5	         5	         0
         3	        85	        13	   15.8525	   161.794	  -72.4427	  -803.206	   286.468	   2266.24	      0.02	   0.28903	   45.1045	        10	         5	         5	         0	        10	         5	         5	         0
         3	        85	        14	   15.9802	    160.38	  -71.0838	  -803.167	   309.542	   2266.13	      0.02	  0.289123	   45.1229	        10	         5	         5	         0	        10	         5	         5	         0
         3	        85	        15	    16.117	    158.99	  -69.7474	  -803.125	   332.524	   2266.02	      0.02	  0.289222	   45.1425	        10	         5	         5	         0	        10	         5	         5	         0
         3	        85	        16	   16.2626	   157.623	  -68.4347	   -803.08	   355.517	   2265.89	      0.02	   0.28933	   45.1637	        10	         5	         5	         0	        10	         5	         5	         0
         3	        85	        17	   16.4168	    156.28	  -67.1462	  -803.033	   378.527	   2265.76	      0.02	  0.289445	   45.1864	        10	         5	         5	         0	        10	         5	         5	         0
         3	        85	        18	   16.5794	   154.963	  -65.8828	  -802.976	   401.653	   2265.59	      0.02	  0.289568	   45.2104	        10	         5	         5	         0	        10	         5	         5	         0
         3	        85	        19	   16.9288	   152.404	  -63.4328	  -802.924	   425.068	   2265.45	      0.02	  0.205884	   90.0001	        10	         5	         5	         0	        10	         5	         5	         0
         3	        85	        20	   17.3087	    149.95	  -61.0877	  -802.851	    448.89	   2265.24	      0.02	  0.206305	   90.0001	        10	         5	         5	         0	        10	         5	         5	         0
         3	        86	         1	    15.504	       180	       -90	  -826.917	   11.1302	   2265.96	      0.02	  0.288098	    45.112	        10	         5	         5	         0	        10	         5	         5	         0
         3	        86	         2	   15.5092	   178.474	  -88.5295	  -826.933	   34.1262	   2266.02	      0.02	  0.288505	   45.0007	        10	         5	         5	         0	        10	         5	         5	         0
         3	        86	         3	   15.5249	    176.95	  -87.0611	  -826.945	   57.0183	   2266.06	      0.02	  0.288516	   45.0029	        10	         5	         5	         0	        10	         5	         5	         0
         3	        86	         4	   15.5511	    175.43	  -85.5966	  -826.951	   79.9131	   2266.09	      0.02	  0.288535	   45.0068	        10	         5	         5	         0	        10	         5	         5	         0
         3	        86	         5	   15.5876	   173.916	  -84.1381	  -826.954	   102.811	   2266.12	      0.02	  0.288561	   45.0116	        10	         5	         5	         0	        10	         5	         5	         0
         3	        86	         6	   15.6344	    172.41	  -82.6875	  -826.951	   125.818	   2266.13	      0.02	  0.288594	   45.0182	        10	         5	         5	         0	        10	         5	         5	         0
         3	        86	         7	   15.6914	   170.913	  -81.2466	  -826.945	   148.725	   2266.12	      0.02	  0.288634	   45.0261	        10	         5	         5	         0	        10	         5	         5	         0
         3	        86	         8	   15.7585	   169.428	  -79.8172	  -826.934	   171.639	    2266.1	      0.02	  0.288682	   45.0355	        10	         5	         5	         0	        10	         5	         5	         0
         3	        86	         9	   15.8356	   167.957	   -78.401	  -826.919	   194.559	   2266.07	      0.02	  0.288736	   45.0466	        10	         5	         5	         0	        10	         5	         5	         0
         3	        86	        10	   15.9225	     166.5	  -76.9996	  -826.898	   217.591	   2266.02	      0.02	  0.288799	   45.0588	        10	         5	         5	         0	        10	         5	         5	         0
         3	        86	        11	   16.0191	   165.059	  -75.6145	  -826.873	   240.527	   2265.96	      0.02	  0.288869	   45.0727	        10	         5	         5	         0	        10	         5	         5	         0
         3	        86	        12	   16.1252	   163.636	   -74.247	  -826.844	   263.473	   2265.89	      0.02	  0.288945	   45.0881	        10	         5	         5	         0	        10	         5	         5	         0
         3	        86	        13	   16.2406	   162.232	  -72.8985	  -826.813	   286.429	    2265.8	      0.02	   0.28903	   45.1047	        10	         5	         5	         0	        10	         5	         5	         0
         3	        86	        14	   16.3651	   160.847	    -71.57	  -826.773	     309.5	    2265.7	      0.02	  0.289122	   45.1229	        10	         5	         5	         0	        10	         5	         5	         0
         3	        86	        15	   16.4985	   159.484	  -70.2625	   -826.73	   332.478	   2265.58	      0.02	  0.289223	   45.1428	        10	         5	         5	         0	        10	         5	         5	         0
         3	        86	        16	   16.6406	   158.143	  -68.9771	  -826.684	   355.469	   2265.45	      0.02	   0.28933	   45.1636	        10	         5	         5	         0	        10	         5	         5	         0
         3	        86	        17	   16.7911	   156.825	  -67.7144	  -826.636	   378.475	   2265.33	      0.02	  0.289445	   45.1862	        10	         5	         5	         0	        10	         5	         5	         0
         3	        86	        18	     16.95	    155.53	   -66.475	  -826.577	   401.599	   2265.16	      0.02	  0.289567	   45.2105	        10	         5	         5	         0	        10	         5	         5	         0
         3	        87	         1	    15.912	       180	       -90	  -850.568	   11.1286	   2265.54	      0.02	  0.288098	    45.112	        10	         5	         5	         0	        10	         5	         5	         0
         3	        87	         2	   15.9171	   178.512	  -88.5692	  -850.584	   34.1213	    2265.6	      0.02	  0.288506	   45.0008	        10	         5	         5	         0	        10	         5	         5	         0
         3	        87	         3	   15.9324	   177.026	  -87.1402	  -850.596	   57.0101	   2265.64	      0.02	  0.288516	   45.0028	        10	         5	         5	         0	        10	         5	         5	         0
         3	        87	         4	   15.9578	   175.544	  -85.7149	  -850.603	   79.9016	   2265.67	      0.02	  0.288535	   45.0064	        10	         5	         5	         0	        10	         5	         5	         0
         3	        87	         5	   15.9933	   174.067	  -84.2951	  -850.606	   102.796	    2265.7	      0.02	   0.28856	   45.0117	        10	         5	         5	         0	        10	         5	         5	         0
         3	        87	         6	   16.0389	   172.597	  -82.8826	  -850.604	     125.8	   2265.71	      0.02	  0.288594	   45.0184	        10	         5	         5	         0	        10	         5	         5	         0
         3	        87	         7	   16.0944	   171.137	   -81.479	  -850.597	   148.704	    2265.7	      0.02	  0.288634	   45.0262	        10	         5	         5	         0	        10	         5	         5	         0
         3	        87	         8	   16.1598	   169.687	  -80.0862	  -850.586	   171.614	   2265.68	      0.02	  0.288681	   45.0357	        10	         5	         5	         0	        10	         5	         5	         0
         3	        87	         9	   16.2348	   168.249	  -78.7055	  -850.572	   194.531	   2265.65	      0.02	  0.288737	   45.0466	        10	         5	         5	         0	        10	         5	         5	         0
         3	        87	        10	   16.3195	   166.825	  -77.3386	   -850.55	    217.56	    2265.6	      0.02	  0.288799	   45.0589	        10	         5	         5	         0	        10	         5	         5	         0
         3	        87	        11	   16.4136	   165.416	  -75.9868	  -850.525	   240.493	   2265.53	      0.02	  0.288869	   45.0726	        10	         5	         5	         0	        10	         5	         5	         0
         3	        87	        12	   16.5171	   164.024	  -74.6514	  -850.495	   263.435	   2265.47	      0.02	  0.288946	   45.0881	        10	         5	         5	         0	        10	         5	         5	         0
         3	        87	        13	   16.6296	   162.649	  -73.3336	  -850.463	   286.388	   2265.39	      0.02	  0.289031	   45.1046	        10	         5	         5	         0	        10	         5	         5	         0
         3	        87	        14	    16.751	   161.293	  -72.0344	  -850.422	   309.456	   2265.28	      0.02	  0.289122	    45.123	        10	         5	         5	         0	        10	         5	         5	         0
         3	        87	        15	   16.8812	   159.956	  -70.7549	  -850.379	   332.432	   2265.17	      0.02	  0.289224	   45.1426	        10	         5	         5	         0	        10	         5	         5	         0
         3	        87	        16	   17.0199	    158.64	   -69.496	  -850.332	   355.419	   2265.04	      0.02	   0.28933	   45.1638	        10	         5	         5	         0	        10	         5	         5	         0
         3	        88	         1	     16.32	       180	       -90	  -874.349	   11.1269	   2265.04	      0.02	  0.288097	   45.1118	        10	         5	         5	         0	        10	         5	         5	         0
         3	        88	         2	    16.325	   178.548	  -88.6068	  -874.366	   34.1163	    2265.1	      0.02	  0.288505	   45.0006	        10	         5	         5	         0	        10	         5	         5	         0
         3	        88	         3	   16.3398	   177.098	  -87.2154	  -874.378	   57.0018	   2265.15	      0.02	  0.288516	   45.0028	        10	         5	         5	         0	        10	         5	         5	         0
         3	        88	         4	   16.3646	   175.652	  -85.8274	  -874.386	   79.8899	   2265.19	      0.02	  0.288535	   45.0066	        10	         5	         5	         0	        10	         5	         5	         0
         3	        88	         5	   16.3992	    174.21	  -84.4444	  -874.388	   102.781	   2265.21	      0.02	  0.288561	   45.0117	        10	         5	         5	         0	        10	         5	         5	         0
         3	        88	         6	   16.4436	   172.776	  -83.0683	  -874.386	   125.782	   2265.21	      0.02	  0.288595	   45.0181	        10	         5	         5	         0	        10	         5	         5	         0
         3	        88	         7	   16.4976	   171.349	  -81.7004	  -874.379	   148.683	   2265.21	      0.02	  0.288633	    45.026	        10	         5	         5	         0	        10	         5	         5	         0
         3	        88	         8	   16.5613	   169.933	  -80.3424	  -874.368	   171.589	   2265.19	      0.02	  0.288683	   45.0354	        10	         5	         5	         0	        10	         5	         5	         0
         3	        88	         9	   16.6345	   168.528	  -78.9958	  -874.354	   194.503	   2265.16	      0.02	  0.288737	   45.0464	        10	         5	         5	         0	        10	         5	         5	         0
         3	        88	        10	    16.717	   167.135	  -77.6619	  -874.331	   217.529	   2265.11	      0.02	  0.288799	   45.0588	        10	         5	         5	         0	        10	         5	         5	         0
         3	        88	        11	   16.8088	   165.757	   -76.342	  -874.305	   240.458	   2265.05	      0.02	  0.288868	   45.0728	        10	         5	         5	         0	        10	         5	         5	         0
         3	        88	        12	   16.9097	   164.394	  -75.0374	  -874.275	   263.397	   2264.98	      0.02	  0.288947	    45.088	        10	         5	         5	         0	        10	         5	         5	         0
         3	        88	        13	   17.0194	   163.047	  -73.7493	  -874.243	   286.347	   2264.91	      0.02	  0.289031	   45.1047	        10	         5	         5	         0	        10	         5	         5	         0
         3	        88	        14	    17.138	   161.717	  -72.4785	  -874.202	   309.412	    2264.8	      0.02	  0.289123	   45.1229	        10	         5	         5	         0	        10	         5	         5	         0
         3	        88	        14	    17.138	   161.717	  -72.4785	  -874.202	   309.412	    2264.8	      0.02	  0.289123	   45.1229	        10	         5	         5	         0	        10	         5	         5	         0
         3	        89	         1	    16.728	       180	       -90	  -898.068	   11.1253	   2264.56	      0.02	  0.288098	    45.112	        10	         5	         5	         0	        10	         5	         5	         0
         3	        89	         2	   16.7328	   178.583	  -88.6427	  -898.085	   34.1112	   2264.63	      0.02	  0.288506	   45.0007	        10	         5	         5	         0	        10	         5	         5	         0
         3	        89	         3	   16.7473	   177.167	  -87.2871	  -898.098	   56.9933	   2264.68	      0.02	  0.288517	   45.0029	        10	         5	         5	         0	        10	         5	         5	         0
         3	        89	         4	   16.7714	   175.755	  -85.9346	  -898.106	    79.878	   2264.71	      0.02	  0.288535	   45.0066	        10	         5	         5	         0	        10	         5	         5	         0
         3	        89	         5	   16.8052	   174.347	  -84.5868	  -898.109	   102.766	   2264.73	      0.02	  0.288561	   45.0118	        10	         5	         5	         0	        10	         5	         5	         0
         3	        89	         6	   16.8484	   172.945	  -83.2453	  -898.106	   125.763	   2264.74	      0.02	  0.288593	   45.0179	        10	         5	         5	         0	        10	         5	         5	         0
         3	        89	         7	   16.9011	   171.552	  -81.9115	    -898.1	    148.66	   2264.74	      0.02	  0.288633	   45.0262	        10	         5	         5	         0	        10	         5	         5	         0
         3	        89	         8	   16.9632	   170.167	  -80.5869	  -898.088	   171.564	   2264.72	      0.02	  0.288682	   45.0356	        10	         5	         5	         0	        10	         5	         5	         0
         3	        89	         9	   17.0345	   168.793	  -79.2728	  -898.074	   194.474	   2264.69	      0.02	  0.288737	   45.0463	        10	         5	         5	         0	        10	         5	         5	         0
         3	        89	        10	    17.115	   167.431	  -77.9706	  -898.051	   217.497	   2264.64	      0.02	  0.288799	   45.0589	        10	         5	         5	         0	        10	         5	         5	         0
         3	        90	         1	    17.136	       180	       -90	  -921.827	   11.1236	   2264.08	      0.02	  0.288097	   45.1118	        10	         5	         5	         0	        10	         5	         5	         0
         3	        90	         2	   17.1407	   178.616	   -88.677	  -921.844	    34.106	   2264.15	      0.02	  0.288506	   45.0008	        10	         5	         5	         0	        10	         5	         5	         0
         3	        90	         3	   17.1548	   177.232	  -87.3554	  -921.857	   56.9846	   2264.19	      0.02	  0.288517	   45.0027	        10	         5	         5	         0	        10	         5	         5	         0
         3	        90	         4	   17.1784	   175.852	  -86.0368	  -921.865	   79.8659	   2264.22	      0.02	  0.288535	   45.0066	        10	         5	         5	         0	        10	         5	         5	         0
         3	        90	         5	   17.2112	   174.477	  -84.7226	  -921.869	   102.751	   2264.25	      0.02	  0.288561	   45.0116	        10	         5	         5	         0	        10	         5	         5	         0
         3	        90	         6	   17.2534	   173.107	  -83.4142	  -921.866	   125.744	   2264.26	      0.02	  0.288594	   45.0182	        10	         5	         5	         0	        10	         5	         5	         0
         4	        51	         5	         0	         0	         0	  -13.6235	   107.603	  -761.992	      0.02	         0	         0	        10	         5	         5	         0	        10	         5	         5	         0
         4	        51	         6	         0	         0	         0	  -13.6148	   131.302	  -761.506	      0.02	         0	         0	        10	         5	         5	         0	        10	         5	         5	         0
         4	        51	         7	         0	         0	         0	  -13.6046	   154.954	  -760.933	      0.02	         0	         0	        10	         5	         5	         0	        10	         5	         5	         0
         4	        51	         8	         0	         0	         0	  -13.5928	    178.55	  -760.276	      0.02	         0	         0	        10	         5	         5	         0	        10	         5	         5	         0
         4	        51	         9	         0	         0	         0	  -13.5797	   202.084	  -759.542	      0.02	         0	         0	        10	         5	         5	         0	        10	         5	         5	         0
         4	        51	        10	         0	         0	         0	  -13.5653	   225.551	  -758.735	      0.02	         0	         0	        10	         5	         5	         0	        10	         5	         5	         0
         4	        51	        11	         0	         0	         0	  -13.5496	   248.946	  -757.861	      0.02	         0	         0	        10	         5	         5	         0	        10	         5	         5	         0
         4	        51	        12	         0	         0	         0	  -13.5329	   272.264	  -756.926	      0.02	         0	         0	        10	         5	         5	         0	        10	         5	         5	         0
         4	        51	        13	         0	         0	         0	  -13.5152	   295.502	  -755.936	      0.02	         0	         0	        10	         5	         5	         0	        10	         5	         5	         0
         4	        51	        14	         0	         0	         0	  -13.4967	   318.658	  -754.898	      0.02	         0	         0	        10	         5	         5	         0	        10	         5	         5	         0
         4	        51	        15	         0	         0	         0	  -13.4773	    341.73	  -753.816	      0.02	         0	         0	        10	         5	         5	         0	        10	         5	         5	         0
         4	        51	        16	         0	         0	         0	  -13.4573	   364.716	  -752.698	      0.02	         0	         0	        10	         5	         5	         0	        10	         5	         5	         0
         4	        51	        17	         0	         0	         0	  -13.4368	   387.617	  -751.548	      0.02	         0	         0	        10	         5	         5	         0	        10	         5	         5	         0
         4	        51	        18	         0	         0	         0	  -13.4157	   410.431	  -750.372	      0.02	         0	         0	        10	         5	         5	         0	        10	         5	         5	         0
         4	        52	         5	         0	         0	         0	  -37.4018	   107.588	  -761.888	      0.02	         0	         0	        10	         5	         5	         0	        10	         5	         5	         0
         4	        52	         6	         0	         0	         0	   -37.378	   131.284	  -761.403	      0.02	         0	         0	        10	         5	         5	         0	        10	         5	         5	         0
         4	        52	         7	         0	         0	         0	  -37.3499	   154.933	  -760.832	      0.02	         0	         0	        10	         5	         5	         0	        10	         5	         5	         0
         4	        52	         8	         0	         0	         0	  -37.3178	   178.526	  -760.177	      0.02	         0	         0	        10	         5	         5	         0	        10	         5	         5	         0
         4	        52	         9	         0	         0	         0	  -37.2818	   202.058	  -759.445	      0.02	         0	         0	        10	         5	         5	         0	        10	         5	         5	         0
         4	        52	        10	         0	         0	         0	  -37.2423	   225.523	   -758.64	      0.02	         0	         0	        10	         5	         5	         0	        10	         5	         5	         0
         4	        52	        11	         0	         0	         0	  -37.1995	   248.915	  -757.769	      0.02	         0	         0	        10	         5	         5	         0	        10	         5	         5	         0
         4	        52	        12	         0	         0	         0	  -37.1538	   272.232	  -756.836	      0.02	         0	         0	        10	         5	         5	         0	        10	         5	         5	         0
         4	        52	        13	         0	         0	         0	  -37.1053	   295.468	  -755.849	      0.02	         0	         0	        10	         5	         5	         0	        10	         5	         5	         0
         4	        52	        14	         0	         0	         0	  -37.0545	   318.623	  -754.814	      0.02	         0	         0	        10	         5	         5	         0	        10	         5	         5	         0
         4	        52	        15	         0	         0	         0	  -37.0015	   341.693	  -753.735	      0.02	         0	         0	        10	         5	         5	         0	        10	         5	         5	         0
         4	        52	        16	         0	         0	         0	  -36.9468	   364.678	   -752.62	      0.02	         0	         0	        10	         5	         5	         0	        10	         5	         5	         0
         4	        52	        17	         0	         0	         0	  -36.8905	   387.578	  -751.473	      0.02	         0	         0	        10	         5	         5	         0	        10	         5	         5	         0
         4	        52	        18	         0	         0	         0	  -36.8329	   410.391	  -750.299	      0.02	         0	         0	        10	         5	         5	         0	        10	         5	         5	         0
         4	        53	         5	         0	         0	         0	  -61.1658	   107.559	  -761.687	      0.02	         0	         0	        10	         5	         5	         0	        10	         5	         5	         0
         4	        53	         6	         0	         0	         0	  -61.1271	    131.25	  -761.206	      0.02	         0	         0	        10	         5	         5	         0	        10	         5	         5	         0
         4	        53	         7	         0	         0	         0	  -61.0815	   154.893	  -760.637	      0.02	         0	         0	        10	         5	         5	         0	        10	         5	         5	         0
         4	        53	         8	         0	         0	         0	  -61.0292	   178.482	  -759.986	      0.02	         0	         0	        10	         5	         5	         0	        10	         5	         5	         0
         4	        53	         9	         0	         0	         0	  -60.9707	   202.009	  -759.258	      0.02	         0	         0	        10	         5	         5	         0	        10	         5	         5	         0
         4	        53	        10	         0	         0	         0	  -60.9065	   225.469	  -758.458	      0.02	         0	         0	        10	         5	         5	         0	        10	         5	         5	         0
         4	        53	        11	         0	         0	         0	  -60.8369	   248.857	  -757.591	      0.02	         0	         0	        10	         5	         5	         0	        10	         5	         5	         0
         4	        53	        12	         0	         0	         0	  -60.7624	    272.17	  -756.664	      0.02	         0	         0	        10	         5	         5	         0	        10	         5	         5	         0
         4	        53	        13	         0	         0	         0	  -60.6836	   295.403	  -755.682	      0.02	         0	         0	        10	         5	         5	         0	        10	         5	         5	         0
         4	        53	        14	         0	         0	         0	  -60.6008	   318.555	  -754.652	      0.02	         0	         0	        10	         5	         5	         0	        10	         5	         5	         0
         4	        53	        15	         0	         0	         0	  -60.5147	   341.622	  -753.579	      0.02	         0	         0	        10	         5	         5	         0	        10	         5	         5	         0
         4	        53	        16	         0	         0	         0	  -60.4255	   364.605	  -752.469	      0.02	         0	         0	        10	         5	         5	         0	        10	         5	         5	         0
         4	        53	        17	         0	         0	         0	  -60.3339	   387.503	  -751.327	      0.02	         0	         0	        10	         5	         5	         0	        10	         5	         5	         0
         4	        54	         4	         0	         0	         0	  -84.9499	   83.7957	  -761.779	      0.02	         0	         0	        10	         5	         5	         0	        10	         5	         5	         0
         4	        54	         5	         0	         0	         0	  -84.9067	   107.518	  -761.392	      0.02	         0	         0	        10	         5	         5	         0	        10	         5	         5	         0
         4	        54	         6	         0	         0	         0	  -84.8535	     131.2	  -760.914	      0.02	         0	         0	        10	         5	         5	         0	        10	         5	         5	         0
         4	        54	         7	         0	         0	         0	  -84.7906	   154.835	  -760.351	      0.02	         0	         0	        10	         5	         5	         0	        10	         5	         5	         0
         4	        54	         8	         0	         0	         0	  -84.7187	   178.416	  -759.706	      0.02	         0	         0	        10	         5	         5	         0	        10	         5	         5	         0
         4	        54	         9	         0	         0	         0	  -84.6382	   201.936	  -758.983	      0.02	         0	         0	        10	         5	         5	         0	        10	         5	         5	         0
         4	        54	        10	         0	         0	         0	  -84.5496	   225.389	   -758.19	      0.02	         0	         0	        10	         5	         5	         0	        10	         5	         5	         0
         4	        54	        11	         0	         0	         0	  -84.4538	   248.771	   -757.33	      0.02	         0	         0	        10	         5	         5	         0	        10	         5	         5	         0
         4	        54	        12	         0	         0	         0	  -84.3512	   272.078	   -756.41	      0.02	         0	         0	        10	         5	         5	         0	        10	         5	         5	         0
         4	        54	        13	         0	         0	         0	  -84.2426	   295.307	  -755.436	      0.02	         0	         0	        10	         5	         5	         0	        10	         5	         5	         0
         4	        54	        14	         0	         0	         0	  -84.1285	   318.454	  -754.414	      0.02	         0	         0	        10	         5	         5	         0	        10	         5	         5	         0
         4	        54	        15	         0	         0	         0	  -84.0098	   341.518	  -753.349	      0.02	         0	         0	        10	         5	         5	         0	        10	         5	         5	         0
         4	        54	        16	         0	         0	         0	  -83.8869	   364.498	  -752.247	      0.02	         0	         0	        10	         5	         5	         0	        10	         5	         5	         0
         4	        54	        17	         0	         0	         0	  -83.7605	   387.392	  -751.113	      0.02	         0	         0	        10	         5	         5	         0	        10	         5	         5	         0
         4	        55	         1	         0	         0	         0	  -108.754	   12.4687	  -761.973	      0.02	         0	         0	        10	         5	         5	         0	        10	         5	         5	         0
         4	        55	         2	         0	         0	         0	   -108.74	   36.2467	  -761.874	      0.02	         0	         0	        10	         5	         5	         0	        10	         5	         5	         0
         4	        55	         3	         0	         0	         0	  -108.712	    60.011	  -761.678	      0.02	         0	         0	        10	         5	         5	         0	        10	         5	         5	         0
         4	        55	         4	         0	         0	         0	  -108.671	   83.7526	  -761.387	      0.02	         0	         0	        10	         5	         5	         0	        10	         5	         5	         0
         4	        55	         5	         0	         0	         0	  -108.616	   107.463	  -761.004	      0.02	         0	         0	        10	         5	         5	         0	        10	         5	         5	         0
         4	        55	         6	         0	         0	         0	  -108.549	   131.134	  -760.532	      0.02	         0	         0	        10	         5	         5	         0	        10	         5	         5	         0
         4	        55	         7	         0	         0	         0	  -108.469	   154.759	  -759.975	      0.02	         0	         0	        10	         5	         5	         0	        10	         5	         5	         0
         4	        55	         8	         0	         0	         0	  -108.378	   178.329	  -759.337	      0.02	         0	         0	        10	         5	         5	         0	        10	         5	         5	         0
         4	        55	         9	         0	         0	         0	  -108.276	    201.84	  -758.623	      0.02	         0	         0	        10	         5	         5	         0	        10	         5	         5	         0
         4	        55	        10	         0	         0	         0	  -108.164	   225.284	  -757.838	      0.02	         0	         0	        10	         5	         5	         0	        10	         5	         5	         0
         4	        55	        11	         0	         0	         0	  -108.043	   248.659	  -756.987	      0.02	         0	         0	        10	         5	         5	         0	        10	         5	         5	         0
         4	        55	        12	         0	         0	         0	  -107.913	   271.959	  -756.077	      0.02	         0	         0	        10	         5	         5	         0	        10	         5	         5	         0
         4	        55	        13	         0	         0	         0	  -107.775	    295.18	  -755.113	      0.02	         0	         0	        10	         5	         5	         0	        10	         5	         5	         0
         4	        55	        14	         0	         0	         0	  -107.631	   318.322	  -754.101	      0.02	         0	         0	        10	         5	         5	         0	        10	         5	         5	         0
         4	        55	        15	         0	         0	         0	   -107.48	   341.381	  -753.046	      0.02	         0	         0	        10	         5	         5	         0	        10	         5	         5	         0
         4	        55	        16	         0	         0	         0	  -107.324	   364.356	  -751.954	      0.02	         0	         0	        10	         5	         5	         0	        10	         5	         5	         0
         4	        55	        17	         0	         0	         0	  -107.164	   387.247	  -750.832	      0.02	         0	         0	        10	         5	         5	         0	        10	         5	         5	         0
         4	        56	         1	         0	         0	         0	  -132.452	   12.4606	  -761.483	      0.02	         0	         0	        10	         5	         5	         0	        10	         5	         5	         0
         4	        56	         2	         0	         0	         0	  -132.435	   36.2235	  -761.385	      0.02	         0	         0	        10	         5	         5	         0	        10	         5	         5	         0
         4	        56	         3	         0	         0	         0	  -132.401	   59.9727	  -761.192	      0.02	         0	         0	        10	         5	         5	         0	        10	         5	         5	         0
         4	        56	         4	         0	         0	         0	  -132.351	   83.6996	  -760.905	      0.02	         0	         0	        10	         5	         5	         0	        10	         5	         5	         0
         4	        56	         5	         0	         0	         0	  -132.286	   107.396	  -760.528	      0.02	         0	         0	        10	         5	         5	         0	        10	         5	         5	         0
         4	        56	         6	         0	         0	         0	  -132.205	   131.053	  -760.063	      0.02	         0	         0	        10	         5	         5	         0	        10	         5	         5	         0
         4	        56	         7	         0	         0	         0	  -132.109	   154.664	  -759.513	      0.02	         0	         0	        10	         5	         5	         0	        10	         5	         5	         0
         4	        56	         8	         0	         0	         0	      -132	   178.223	  -758.884	      0.02	         0	         0	        10	         5	         5	         0	        10	         5	         5	         0
         4	        56	         9	         0	         0	         0	  -131.877	   201.722	  -758.179	      0.02	         0	         0	        10	         5	         5	         0	        10	         5	         5	         0
         4	        56	        10	         0	         0	         0	  -131.742	   225.156	  -757.405	      0.02	         0	         0	        10	         5	         5	         0	        10	         5	         5	         0
         4	        56	        11	         0	         0	         0	  -131.596	    248.52	  -756.565	      0.02	         0	         0	        10	         5	         5	         0	        10	         5	         5	         0
         4	        56	        12	         0	         0	         0	   -131.44	   271.811	  -755.667	      0.02	         0	         0	        10	         5	         5	         0	        10	         5	         5	         0
         4	        56	        13	         0	         0	         0	  -131.275	   295.025	  -754.715	      0.02	         0	         0	        10	         5	         5	         0	        10	         5	         5	         0
         4	        56	        14	         0	         0	         0	  -131.101	   318.159	  -753.715	      0.02	         0	         0	        10	         5	         5	         0	        10	         5	         5	         0
         4	        56	        15	         0	         0	         0	  -130.919	   341.212	  -752.673	      0.02	         0	         0	        10	         5	         5	         0	        10	         5	         5	         0
         4	        56	        16	         0	         0	         0	  -130.732	   364.182	  -751.595	      0.02	         0	         0	        10	         5	         5	         0	        10	         5	         5	         0
         4	        56	        17	         0	         0	         0	  -130.539	   387.068	  -750.485	      0.02	         0	         0	        10	         5	         5	         0	        10	         5	         5	         0
         4	        57	         1	         0	         0	         0	  -156.101	   12.4512	  -760.905	      0.02	         0	         0	        10	         5	         5	         0	        10	         5	         5	         0
         4	        57	         2	         0	         0	         0	  -156.081	   36.1961	  -760.809	      0.02	         0	         0	        10	         5	         5	         0	        10	         5	         5	         0
         4	        57	         3	         0	         0	         0	  -156.042	   59.9276	  -760.619	      0.02	         0	         0	        10	         5	         5	         0	        10	         5	         5	         0
         4	        57	         4	         0	         0	         0	  -155.984	   83.6371	  -760.337	      0.02	         0	         0	        10	         5	         5	         0	        10	         5	         5	         0
         4	        57	         5	         0	         0	         0	  -155.908	   107.316	  -759.966	      0.02	         0	         0	        10	         5	         5	         0	        10	         5	         5	         0
         4	        57	         6	         0	         0	         0	  -155.814	   130.958	  -759.509	      0.02	         0	         0	        10	         5	         5	         0	        10	         5	         5	         0
         4	        57	         7	         0	         0	         0	  -155.703	   154.554	  -758.968	      0.02	         0	         0	        10	         5	         5	         0	        10	         5	         5	         0
         4	        57	         8	         0	         0	         0	  -155.576	   178.097	  -758.349	      0.02	         0	         0	        10	         5	         5	         0	        10	         5	         5	         0
         4	        57	         9	         0	         0	         0	  -155.434	   201.582	  -757.656	      0.02	         0	         0	        10	         5	         5	         0	        10	         5	         5	         0
         4	        57	        10	         0	         0	         0	  -155.278	   225.004	  -756.893	      0.02	         0	         0	        10	         5	         5	         0	        10	         5	         5	         0
         4	        57	        11	         0	         0	         0	  -155.108	   248.357	  -756.067	      0.02	         0	         0	        10	         5	         5	         0	        10	         5	         5	         0
         4	        57	        12	         0	         0	         0	  -154.927	   271.637	  -755.182	      0.02	         0	         0	        10	         5	         5	         0	        10	         5	         5	         0
         4	        57	        13	         0	         0	         0	  -154.734	   294.841	  -754.245	      0.02	         0	         0	        10	         5	         5	         0	        10	         5	         5	         0
         4	        57	        14	         0	         0	         0	  -154.532	   317.967	  -753.259	      0.02	         0	         0	        10	         5	         5	         0	        10	         5	         5	         0
         4	        57	        15	         0	         0	         0	  -154.322	   341.012	  -752.233	      0.02	         0	         0	        10	         5	         5	         0	        10	         5	         5	         0
         4	        57	        16	         0	         0	         0	  -154.103	   363.976	  -751.169	      0.02	         0	         0	        10	         5	         5	         0	        10	         5	         5	         0
         4	        58	         1	         0	         0	         0	  -179.694	   12.4404	  -760.245	      0.02	         0	         0	        10	         5	         5	         0	        10	         5	         5	         0
         4	        58	         2	         0	         0	         0	  -179.672	   36.1647	   -760.15	      0.02	         0	         0	        10	         5	         5	         0	        10	         5	         5	         0
         4	        58	         3	         0	         0	         0	  -179.628	    59.876	  -759.964	      0.02	         0	         0	        10	         5	         5	         0	        10	         5	         5	         0
         4	        58	         4	         0	         0	         0	  -179.563	   83.5657	  -759.688	      0.02	         0	         0	        10	         5	         5	         0	        10	         5	         5	         0
         4	        58	         5	         0	         0	         0	  -179.477	   107.226	  -759.324	      0.02	         0	         0	        10	         5	         5	         0	        10	         5	         5	         0
         4	        58	         6	         0	         0	         0	   -179.37	   130.848	  -758.875	      0.02	         0	         0	        10	         5	         5	         0	        10	         5	         5	         0
         4	        58	         7	         0	         0	         0	  -179.245	   154.427	  -758.345	      0.02	         0	         0	        10	         5	         5	         0	        10	         5	         5	         0
         4	        58	         8	         0	         0	         0	  -179.102	   177.953	  -757.737	      0.02	         0	         0	        10	         5	         5	         0	        10	         5	         5	         0
         4	        58	         9	         0	         0	         0	  -178.941	   201.423	  -757.057	      0.02	         0	         0	        10	         5	         5	         0	        10	         5	         5	         0
         4	        58	        10	         0	         0	         0	  -178.764	    224.83	  -756.308	      0.02	         0	         0	        10	         5	         5	         0	        10	         5	         5	         0
         4	        58	        11	         0	         0	         0	  -178.572	   248.169	  -755.497	      0.02	         0	         0	        10	         5	         5	         0	        10	         5	         5	         0
         4	        58	        12	         0	         0	         0	  -178.366	   271.437	  -754.627	      0.02	         0	         0	        10	         5	         5	         0	        10	         5	         5	         0
         4	        58	        13	         0	         0	         0	  -178.149	    294.63	  -753.706	      0.02	         0	         0	        10	         5	         5	         0	        10	         5	         5	         0
         4	        58	        14	         0	         0	         0	   -177.92	   317.746	  -752.737	      0.02	         0	         0	        10	         5	         5	         0	        10	         5	         5	         0
         4	        58	        15	         0	         0	         0	  -177.681	   340.783	  -751.727	      0.02	         0	         0	        10	         5	         5	         0	        10	         5	         5	         0
         4	        58	        16	         0	         0	         0	  -177.434	   363.739	  -750.681	      0.02	         0	         0	        10	         5	         5	         0	        10	         5	         5	         0
         4	        59	         1	         0	         0	         0	  -203.226	   12.4283	  -759.507	      0.02	         0	         0	        10	         5	         5	         0	        10	         5	         5	         0
         4	        59	         2	         0	         0	         0	  -203.201	   36.1297	  -759.414	      0.02	         0	         0	        10	         5	         5	         0	        10	         5	         5	         0
         4	        59	         3	         0	         0	         0	  -203.152	   59.8183	  -759.232	      0.02	         0	         0	        10	         5	         5	         0	        10	         5	         5	         0
         4	        59	         4	         0	         0	         0	   -203.08	   83.4858	  -758.962	      0.02	         0	         0	        10	         5	         5	         0	        10	         5	         5	         0
         4	        59	         5	         0	         0	         0	  -202.985	   107.124	  -758.606	      0.02	         0	         0	        10	         5	         5	         0	        10	         5	         5	         0
         4	        59	         6	         0	         0	         0	  -202.867	   130.726	  -758.167	      0.02	         0	         0	        10	         5	         5	         0	        10	         5	         5	         0
         4	        59	         7	         0	         0	         0	  -202.728	   154.285	  -757.648	      0.02	         0	         0	        10	         5	         5	         0	        10	         5	         5	         0
         4	        59	         8	         0	         0	         0	  -202.569	   177.793	  -757.053	      0.02	         0	         0	        10	         5	         5	         0	        10	         5	         5	         0
         4	        59	         9	         0	         0	         0	  -202.391	   201.245	  -756.386	      0.02	         0	         0	        10	         5	         5	         0	        10	         5	         5	         0
         4	        59	        10	         0	         0	         0	  -202.194	   224.635	  -755.653	      0.02	         0	         0	        10	         5	         5	         0	        10	         5	         5	         0
         4	        59	        11	         0	         0	         0	  -201.982	   247.959	  -754.858	      0.02	         0	         0	        10	         5	         5	         0	        10	         5	         5	         0
         4	        59	        12	         0	         0	         0	  -201.754	   271.214	  -754.006	      0.02	         0	         0	        10	         5	         5	         0	        10	         5	         5	         0
         4	        59	        13	         0	         0	         0	  -201.512	   294.394	  -753.102	      0.02	         0	         0	        10	         5	         5	         0	        10	         5	         5	         0
         4	        59	        14	         0	         0	         0	  -201.258	   317.499	  -752.152	      0.02	         0	         0	        10	         5	         5	         0	        10	         5	         5	         0
         4	        59	        15	         0	         0	         0	  -200.992	   340.526	  -751.161	      0.02	         0	         0	        10	         5	         5	         0	        10	         5	         5	         0
         4	        60	         1	         0	         0	         0	  -226.689	    12.415	  -758.696	      0.02	         0	         0	        10	         5	         5	         0	        10	         5	         5	         0
         4	        60	         2	         0	         0	         0	  -226.662	   36.0912	  -758.606	      0.02	         0	         0	        10	         5	         5	         0	        10	         5	         5	         0
         4	        60	         3	         0	         0	         0	  -226.609	   59.7549	  -758.428	      0.02	         0	         0	        10	         5	         5	         0	        10	         5	         5	         0
         4	        60	         4	         0	         0	         0	   -226.53	   83.3981	  -758.164	      0.02	         0	         0	        10	         5	         5	         0	        10	         5	         5	         0
         4	        60	         5	         0	         0	         0	  -226.426	   107.013	  -757.817	      0.02	         0	         0	        10	         5	         5	         0	        10	         5	         5	         0
         4	        60	         6	         0	         0	         0	  -226.298	   130.592	  -757.388	      0.02	         0	         0	        10	         5	         5	         0	        10	         5	         5	         0
         4	        60	         7	         0	         0	         0	  -226.147	   154.129	  -756.881	      0.02	         0	         0	        10	         5	         5	         0	        10	         5	         5	         0
         4	        60	         8	         0	         0	         0	  -225.973	   177.616	    -756.3	      0.02	         0	         0	        10	         5	         5	         0	        10	         5	         5	         0
         4	        60	         9	         0	         0	         0	  -225.779	   201.048	  -755.649	      0.02	         0	         0	        10	         5	         5	         0	        10	         5	         5	         0
         4	        60	        10	         0	         0	         0	  -225.565	   224.421	  -754.932	      0.02	         0	         0	        10	         5	         5	         0	        10	         5	         5	         0
         4	        60	        11	         0	         0	         0	  -225.332	   247.728	  -754.155	      0.02	         0	         0	        10	         5	         5	         0	        10	         5	         5	         0
         4	        60	        12	         0	         0	         0	  -225.083	   270.967	  -753.321	      0.02	         0	         0	        10	         5	         5	         0	        10	         5	         5	         0
         4	        60	        13	         0	         0	         0	  -224.819	   294.134	  -752.437	      0.02	         0	         0	        10	         5	         5	         0	        10	         5	         5	         0
         4	        60	        14	         0	         0	         0	  -224.541	   317.227	  -751.507	      0.02	         0	         0	        10	         5	         5	         0	        10	         5	         5	         0
         4	        60	        15	         0	         0	         0	  -224.251	   340.243	  -750.536	      0.02	         0	         0	        10	         5	         5	         0	        10	         5	         5	         0
         4	        61	         1	         0	         0	         0	   -250.08	   12.4007	  -757.819	      0.02	         0	         0	        10	         5	         5	         0	        10	         5	         5	         0
         4	        61	         2	         0	         0	         0	  -250.051	   36.0496	  -757.731	      0.02	         0	         0	        10	         5	         5	         0	        10	         5	         5	         0
         4	        61	         3	         0	         0	         0	  -249.994	   59.6864	  -757.558	      0.02	         0	         0	        10	         5	         5	         0	        10	         5	         5	         0
         4	        61	         4	         0	         0	         0	  -249.909	   83.3031	  -757.301	      0.02	         0	         0	        10	         5	         5	         0	        10	         5	         5	         0
         4	        61	         5	         0	         0	         0	  -249.798	   106.892	  -756.963	      0.02	         0	         0	        10	         5	         5	         0	        10	         5	         5	         0
         4	        61	         6	         0	         0	         0	   -249.66	   130.447	  -756.545	      0.02	         0	         0	        10	         5	         5	         0	        10	         5	         5	         0
         4	        61	         7	         0	         0	         0	  -249.497	    153.96	  -756.051	      0.02	         0	         0	        10	         5	         5	         0	        10	         5	         5	         0
         4	        61	         8	         0	         0	         0	   -249.31	   177.425	  -755.485	      0.02	         0	         0	        10	         5	         5	         0	        10	         5	         5	         0
         4	        61	         9	         0	         0	         0	  -249.101	   200.836	   -754.85	      0.02	         0	         0	        10	         5	         5	         0	        10	         5	         5	         0
         4	        61	        10	         0	         0	         0	   -248.87	   224.189	  -754.151	      0.02	         0	         0	        10	         5	         5	         0	        10	         5	         5	         0
         4	        61	        11	         0	         0	         0	  -248.619	   247.478	  -753.392	      0.02	         0	         0	        10	         5	         5	         0	        10	         5	         5	         0
         4	        61	        12	         0	         0	         0	  -248.351	     270.7	  -752.579	      0.02	         0	         0	        10	         5	         5	         0	        10	         5	         5	         0
         4	        61	        13	         0	         0	         0	  -248.066	   293.852	  -751.715	      0.02	         0	         0	        10	         5	         5	         0	        10	         5	         5	         0
         4	        61	        14	         0	         0	         0	  -247.766	   316.931	  -750.807	      0.02	         0	         0	        10	         5	         5	         0	        10	         5	         5	         0
         4	        62	         1	         0	         0	         0	  -273.395	   12.3853	  -756.881	      0.02	         0	         0	        10	         5	         5	         0	        10	         5	         5	         0
         4	        62	         2	         0	         0	         0	  -273.364	   36.0051	  -756.796	      0.02	         0	         0	        10	         5	         5	         0	        10	         5	         5	         0
         4	        62	         3	         0	         0	         0	  -273.303	   59.6131	  -756.628	      0.02	         0	         0	        10	         5	         5	         0	        10	         5	         5	         0
         4	        62	         4	         0	         0	         0	  -273.213	   83.2016	  -756.378	      0.02	         0	         0	        10	         5	         5	         0	        10	         5	         5	         0
         4	        62	         5	         0	         0	         0	  -273.094	   106.763	  -756.049	      0.02	         0	         0	        10	         5	         5	         0	        10	         5	         5	         0
         4	        62	         6	         0	         0	         0	  -272.947	   130.291	  -755.643	      0.02	         0	         0	        10	         5	         5	         0	        10	         5	         5	         0
         4	        62	         7	         0	         0	         0	  -272.774	   153.779	  -755.163	      0.02	         0	         0	        10	         5	         5	         0	        10	         5	         5	         0
         4	        62	         8	         0	         0	         0	  -272.575	    177.22	  -754.612	      0.02	         0	         0	        10	         5	         5	         0	        10	         5	         5	         0
         4	        62	         9	         0	         0	         0	  -272.352	   200.608	  -753.995	      0.02	         0	         0	        10	         5	         5	         0	        10	         5	         5	         0
         4	        62	        10	         0	         0	         0	  -272.106	    223.94	  -753.314	      0.02	         0	         0	        10	         5	         5	         0	        10	         5	         5	         0
         4	        62	        11	         0	         0	         0	  -271.839	    247.21	  -752.575	      0.02	         0	         0	        10	         5	         5	         0	        10	         5	         5	         0
         4	        62	        12	         0	         0	         0	  -271.553	   270.414	  -751.783	      0.02	         0	         0	        10	         5	         5	         0	        10	         5	         5	         0
         4	        62	        13	         0	         0	         0	  -271.249	    293.55	  -750.941	      0.02	         0	         0	        10	         5	         5	         0	        10	         5	         5	         0
         4	        63	         1	         0	         0	         0	  -296.629	   12.3691	  -755.889	      0.02	         0	         0	        10	         5	         5	         0	        10	         5	         5	         0
         4	        63	         2	         0	         0	         0	  -296.597	   35.9581	  -755.806	      0.02	         0	         0	        10	         5	         5	         0	        10	         5	         5	         0
         4	        63	         3	         0	         0	         0	  -296.533	   59.5355	  -755.643	      0.02	         0	         0	        10	         5	         5	         0	        10	         5	         5	         0
         4	        63	         4	         0	         0	         0	  -296.438	   83.0941	  -755.401	      0.02	         0	         0	        10	         5	         5	         0	        10	         5	         5	         0
         4	        63	         5	         0	         0	         0	  -296.313	   106.627	  -755.082	      0.02	         0	         0	        10	         5	         5	         0	        10	         5	         5	         0
         4	        63	         6	         0	         0	         0	  -296.158	   130.127	  -754.688	      0.02	         0	         0	        10	         5	         5	         0	        10	         5	         5	         0
         4	        63	         7	         0	         0	         0	  -295.975	   153.587	  -754.222	      0.02	         0	         0	        10	         5	         5	         0	        10	         5	         5	         0
         4	        63	         8	         0	         0	         0	  -295.765	   177.002	  -753.687	      0.02	         0	         0	        10	         5	         5	         0	        10	         5	         5	         0
         4	        63	         9	         0	         0	         0	   -295.53	   200.367	  -753.088	      0.02	         0	         0	        10	         5	         5	         0	        10	         5	         5	         0
         4	        63	        10	         0	         0	         0	   -295.27	   223.676	  -752.426	      0.02	         0	         0	        10	         5	         5	         0	        10	         5	         5	         0
         4	        63	        11	         0	         0	         0	  -294.989	   246.925	  -751.708	      0.02	         0	         0	        10	         5	         5	         0	        10	         5	         5	         0
         4	        63	        12	         0	         0	         0	  -294.686	    270.11	  -750.938	      0.02	         0	         0	        10	         5	         5	         0	        10	         5	         5	         0
         4	        64	         1	         0	         0	         0	  -319.781	   12.3521	  -754.848	      0.02	         0	         0	        10	         5	         5	         0	        10	         5	         5	         0
         4	        64	         2	         0	         0	         0	  -319.747	   35.9087	  -754.768	      0.02	         0	         0	        10	         5	         5	         0	        10	         5	         5	         0
         4	        64	         3	         0	         0	         0	   -319.68	   59.4541	   -754.61	      0.02	         0	         0	        10	         5	         5	         0	        10	         5	         5	         0
         4	        64	         4	         0	         0	         0	  -319.581	   82.9814	  -754.376	      0.02	         0	         0	        10	         5	         5	         0	        10	         5	         5	         0
         4	        64	         5	         0	         0	         0	   -319.45	   106.483	  -754.067	      0.02	         0	         0	        10	         5	         5	         0	        10	         5	         5	         0
         4	        64	         6	         0	         0	         0	  -319.289	   129.954	  -753.686	      0.02	         0	         0	        10	         5	         5	         0	        10	         5	         5	         0
         4	        64	         7	         0	         0	         0	  -319.097	   153.386	  -753.234	      0.02	         0	         0	        10	         5	         5	         0	        10	         5	         5	         0
         4	        64	         8	         0	         0	         0	  -318.878	   176.774	  -752.716	      0.02	         0	         0	        10	         5	         5	         0	        10	         5	         5	         0
         4	        64	         9	         0	         0	         0	  -318.632	   200.113	  -752.134	      0.02	         0	         0	        10	         5	         5	         0	        10	         5	         5	         0
         4	        64	        10	         0	         0	         0	   -318.36	   223.398	  -751.493	      0.02	         0	         0	        10	         5	         5	         0	        10	         5	         5	         0
         4	        64	        11	         0	         0	         0	  -318.065	   246.625	  -750.797	      0.02	         0	         0	        10	         5	         5	         0	        10	         5	         5	         0
         4	        65	         1	         0	         0	         0	  -342.849	   12.3343	  -753.765	      0.02	         0	         0	        10	         5	         5	         0	        10	         5	         5	         0
         4	        65	         2	         0	         0	         0	  -342.814	   35.8573	  -753.687	      0.02	         0	         0	        10	         5	         5	         0	        10	         5	         5	         0
         4	        65	         3	         0	         0	         0	  -342.744	   59.3694	  -753.535	      0.02	         0	         0	        10	         5	         5	         0	        10	         5	         5	         0
         4	        65	         4	         0	         0	         0	  -342.641	    82.864	  -753.309	      0.02	         0	         0	        10	         5	         5	         0	        10	         5	         5	         0
         4	        65	         5	         0	         0	         0	  -342.505	   106.334	   -753.01	      0.02	         0	         0	        10	         5	         5	         0	        10	         5	         5	         0
         4	        65	         6	         0	         0	         0	  -342.338	   129.774	  -752.641	      0.02	         0	         0	        10	         5	         5	         0	        10	         5	         5	         0
         4	        65	         7	         0	         0	         0	  -342.139	   153.176	  -752.205	      0.02	         0	         0	        10	         5	         5	         0	        10	         5	         5	         0
         4	        65	         8	         0	         0	         0	  -341.911	   176.536	  -751.703	      0.02	         0	         0	        10	         5	         5	         0	        10	         5	         5	         0
         4	        65	         9	         0	         0	         0	  -341.655	   199.849	   -751.14	      0.02	         0	         0	        10	         5	         5	         0	        10	         5	         5	         0
         4	        65	        10	         0	         0	         0	  -341.373	   223.109	   -750.52	      0.02	         0	         0	        10	         5	         5	         0	        10	         5	         5	         0
         4	        66	         1	         0	         0	         0	  -365.831	    12.316	  -752.645	      0.02	         0	         0	        10	         5	         5	         0	        10	         5	         5	         0
         4	        66	         2	         0	         0	         0	  -365.795	   35.8041	   -752.57	      0.02	         0	         0	        10	         5	         5	         0	        10	         5	         5	         0
         4	        66	         3	         0	         0	         0	  -365.723	   59.2818	  -752.423	      0.02	         0	         0	        10	         5	         5	         0	        10	         5	         5	         0
         4	        66	         4	         0	         0	         0	  -365.617	   82.7425	  -752.205	      0.02	         0	         0	        10	         5	         5	         0	        10	         5	         5	         0
         4	        66	         5	         0	         0	         0	  -365.477	    106.18	  -751.916	      0.02	         0	         0	        10	         5	         5	         0	        10	         5	         5	         0
         4	        66	         6	         0	         0	         0	  -365.304	   129.587	   -751.56	      0.02	         0	         0	        10	         5	         5	         0	        10	         5	         5	         0
         4	        66	         7	         0	         0	         0	  -365.099	   152.959	  -751.139	      0.02	         0	         0	        10	         5	         5	         0	        10	         5	         5	         0
         4	        66	         8	         0	         0	         0	  -364.864	    176.29	  -750.655	      0.02	         0	         0	        10	         5	         5	         0	        10	         5	         5	         0
         4	        67	         1	         0	         0	         0	  -388.727	   12.2972	  -751.493	      0.02	         0	         0	        10	         5	         5	         0	        10	         5	         5	         0
         4	        67	         2	         0	         0	         0	   -388.69	   35.7494	  -751.421	      0.02	         0	         0	        10	         5	         5	         0	        10	         5	         5	         0
         4	        67	         3	         0	         0	         0	  -388.617	   59.1917	   -751.28	      0.02	         0	         0	        10	         5	         5	         0	        10	         5	         5	         0
         4	        67	         4	         0	         0	         0	  -388.508	   82.6176	  -751.069	      0.02	         0	         0	        10	         5	         5	         0	        10	         5	         5	         0
         4	        67	         5	         0	         0	         0	  -388.364	   106.021	  -750.792	      0.02	         0	         0	        10	         5	         5	         0	        10	         5	         5	         0
         4	        67	         6	         0	         0	         0	  -388.187	   129.396	  -750.448	      0.02	         0	         0	        10	         5	         5	         0	        10	         5	         5	         0
         4	        68	         1	         0	         0	         0	  -411.537	   12.2779	  -750.316	      0.02	         0	         0	        10	         5	         5	         0	        10	         5	         5	         0
         4	        68	         2	         0	         0	         0	  -411.499	   35.6936	  -750.247	      0.02	         0	         0	        10	         5	         5	         0	        10	         5	         5	         0
         5	        52	         1	         0	         0	         0	  -167.388	    55.796	   7702.99	      0.02	         0	         0	        10	         5	         5	    0.1375	        10	         5	         5	      0.75
         5	        53	         1	         0	         0	         0	  -278.979	   55.7957	   7702.95	      0.02	         0	         0	        10	         5	         5	    0.1375	        10	         5	         5	      0.75
         5	        54	         1	         0	         0	         0	  -390.567	   55.7952	   7702.89	      0.02	         0	         0	        10	         5	         5	    0.1375	        10	         5	         5	      0.75
         5	        55	         1	         0	         0	         0	  -502.152	   55.7946	    7702.8	      0.02	         0	         0	        10	         5	         5	    0.1375	        10	         5	         5	      0.75
         5	        56	         1	         0	         0	         0	  -613.732	   55.7938	   7702.69	      0.02	         0	         0	        10	         5	         5	    0.1375	        10	         5	         5	      0.75
         5	        57	         1	         0	         0	         0	  -725.308	   55.7929	   7702.56	      0.02	         0	         0	        10	         5	         5	    0.1375	        10	         5	         5	      0.75
         5	        58	         1	         0	         0	         0	  -836.877	   55.7918	   7702.41	      0.02	         0	         0	        10	         5	         5	    0.1375	        10	         5	         5	      0.75
         5	        59	         1	         0	         0	         0	   -948.44	   55.7906	   7702.25	      0.02	         0	         0	        10	         5	         5	    0.1375	        10	         5	         5	      0.75
         5	        60	         1	         0	         0	         0	     -1060	   55.7892	   7702.06	      0.02	         0	         0	        10	         5	         5	    0.1375	        10	         5	         5	      0.75
         5	        61	         1	         0	         0	         0	  -1171.54	   55.7877	   7701.85	      0.02	         0	         0	        10	         5	         5	    0.1375	        10	         5	         5	      0.75
         5	        62	         1	         0	         0	         0	  -1283.08	   55.7861	   7701.62	      0.02	         0	         0	        10	         5	         5	    0.1375	        10	         5	         5	      0.75
         5	        63	         1	         0	         0	         0	  -1394.61	   55.7843	   7701.37	      0.02	         0	         0	        10	         5	         5	    0.1375	        10	         5	         5	      0.75
         5	        64	         1	         0	         0	         0	  -1506.12	   55.7823	    7701.1	      0.02	         0	         0	        10	         5	         5	    0.1375	        10	         5	         5	      0.75
         5	        51	         2	         0	         0	         0	   -55.796	   167.388	   7702.99	      0.02	         0	         0	        10	         5	         5	    0.1375	        10	         5	         5	      0.75
         5	        52	         2	         0	         0	         0	  -167.388	   167.388	   7702.97	      0.02	         0	         0	        10	         5	         5	    0.1375	        10	         5	         5	      0.75
         5	        53	         2	         0	         0	         0	  -278.978	   167.387	   7702.93	      0.02	         0	         0	        10	         5	         5	    0.1375	        10	         5	         5	      0.75
         5	        54	         2	         0	         0	         0	  -390.566	   167.385	   7702.86	      0.02	         0	         0	        10	         5	         5	    0.1375	        10	         5	         5	      0.75
         5	        55	         2	         0	         0	         0	   -502.15	   167.383	   7702.78	      0.02	         0	         0	        10	         5	         5	    0.1375	        10	         5	         5	      0.75
         5	        56	         2	         0	         0	         0	  -613.731	   167.381	   7702.67	      0.02	         0	         0	        10	         5	         5	    0.1375	        10	         5	         5	      0.75
         5	        57	         2	         0	         0	         0	  -725.306	   167.378	   7702.54	      0.02	         0	         0	        10	         5	         5	    0.1375	        10	         5	         5	      0.75
         5	        58	         2	         0	         0	         0	  -836.875	   167.375	   7702.39	      0.02	         0	         0	        10	         5	         5	    0.1375	        10	         5	         5	      0.75
         5	        59	         2	         0	         0	         0	  -948.438	   167.371	   7702.22	      0.02	         0	         0	        10	         5	         5	    0.1375	        10	         5	         5	      0.75
         5	        60	         2	         0	         0	         0	  -1059.99	   167.367	   7702.03	      0.02	         0	         0	        10	         5	         5	    0.1375	        10	         5	         5	      0.75
         5	        61	         2	         0	         0	         0	  -1171.54	   167.363	   7701.82	      0.02	         0	         0	        10	         5	         5	    0.1375	        10	         5	         5	      0.75
         5	        62	         2	         0	         0	         0	  -1283.08	   167.358	    7701.6	      0.02	         0	         0	        10	         5	         5	    0.1375	        10	         5	         5	      0.75
         5	        63	         2	         0	         0	         0	   -1394.6	   167.352	   7701.35	      0.02	         0	         0	        10	         5	         5	    0.1375	        10	         5	         5	      0.75
         5	        64	         2	         0	         0	         0	  -1506.12	   167.347	   7701.08	      0.02	         0	         0	        10	         5	         5	    0.1375	        10	         5	         5	      0.75
         5	        51	         3	         0	         0	         0	  -55.7957	   278.979	   7702.95	      0.02	         0	         0	        10	         5	         5	    0.1375	        10	         5	         5	      0.75
         5	        52	         3	         0	         0	         0	  -167.387	   278.978	   7702.93	      0.02	         0	         0	        10	         5	         5	    0.1375	        10	         5	         5	      0.75
         5	        53	         3	         0	         0	         0	  -278.976	   278.976	   7702.89	      0.02	         0	         0	        10	         5	         5	    0.1375	        10	         5	         5	      0.75
         5	        54	         3	         0	         0	         0	  -390.563	   278.974	   7702.82	      0.02	         0	         0	        10	         5	         5	    0.1375	        10	         5	         5	      0.75
         5	        55	         3	         0	         0	         0	  -502.147	   278.971	   7702.73	      0.02	         0	         0	        10	         5	         5	    0.1375	        10	         5	         5	      0.75
         5	        56	         3	         0	         0	         0	  -613.727	   278.967	   7702.63	      0.02	         0	         0	        10	         5	         5	    0.1375	        10	         5	         5	      0.75
         5	        57	         3	         0	         0	         0	  -725.302	   278.962	    7702.5	      0.02	         0	         0	        10	         5	         5	    0.1375	        10	         5	         5	      0.75
         5	        58	         3	         0	         0	         0	  -836.871	   278.957	   7702.35	      0.02	         0	         0	        10	         5	         5	    0.1375	        10	         5	         5	      0.75
         5	        59	         3	         0	         0	         0	  -948.432	   278.951	   7702.18	      0.02	         0	         0	        10	         5	         5	    0.1375	        10	         5	         5	      0.75
         5	        60	         3	         0	         0	         0	  -1059.99	   278.944	   7701.99	      0.02	         0	         0	        10	         5	         5	    0.1375	        10	         5	         5	      0.75
         5	        61	         3	         0	         0	         0	  -1171.53	   278.936	   7701.78	      0.02	         0	         0	        10	         5	         5	    0.1375	        10	         5	         5	      0.75
         5	        62	         3	         0	         0	         0	  -1283.07	   278.928	   7701.55	      0.02	         0	         0	        10	         5	         5	    0.1375	        10	         5	         5	      0.75
         5	        63	         3	         0	         0	         0	   -1394.6	   278.919	   7701.31	      0.02	         0	         0	        10	         5	         5	    0.1375	        10	         5	         5	      0.75
         5	        64	         3	         0	         0	         0	  -1506.11	   278.909	   7701.04	      0.02	         0	         0	        10	         5	         5	    0.1375	        10	         5	         5	      0.75
         5	        51	         4	         0	         0	         0	  -55.7952	   390.567	   7702.89	      0.02	         0	         0	        10	         5	         5	    0.1375	        10	         5	         5	      0.75
         5	        52	         4	         0	         0	         0	  -167.385	   390.566	   7702.86	      0.02	         0	         0	        10	         5	         5	    0.1375	        10	         5	         5	      0.75
         5	        53	         4	         0	         0	         0	  -278.974	   390.563	   7702.82	      0.02	         0	         0	        10	         5	         5	    0.1375	        10	         5	         5	      0.75
         5	        54	         4	         0	         0	         0	   -390.56	    390.56	   7702.76	      0.02	         0	         0	        10	         5	         5	    0.1375	        10	         5	         5	      0.75
         5	        55	         4	         0	         0	         0	  -502.143	   390.556	   7702.67	      0.02	         0	         0	        10	         5	         5	    0.1375	        10	         5	         5	      0.75
         5	        56	         4	         0	         0	         0	  -613.722	    390.55	   7702.56	      0.02	         0	         0	        10	         5	         5	    0.1375	        10	         5	         5	      0.75
         5	        57	         4	         0	         0	         0	  -725.296	   390.544	   7702.44	      0.02	         0	         0	        10	         5	         5	    0.1375	        10	         5	         5	      0.75
         5	        58	         4	         0	         0	         0	  -836.864	   390.536	   7702.29	      0.02	         0	         0	        10	         5	         5	    0.1375	        10	         5	         5	      0.75
         5	        59	         4	         0	         0	         0	  -948.425	   390.528	   7702.12	      0.02	         0	         0	        10	         5	         5	    0.1375	        10	         5	         5	      0.75
         5	        60	         4	         0	         0	         0	  -1059.98	   390.518	   7701.93	      0.02	         0	         0	        10	         5	         5	    0.1375	        10	         5	         5	      0.75
         5	        61	         4	         0	         0	         0	  -1171.52	   390.508	   7701.72	      0.02	         0	         0	        10	         5	         5	    0.1375	        10	         5	         5	      0.75
         5	        62	         4	         0	         0	         0	  -1283.06	   390.496	   7701.49	      0.02	         0	         0	        10	         5	         5	    0.1375	        10	         5	         5	      0.75
         5	        63	         4	         0	         0	         0	  -1394.58	   390.484	   7701.25	      0.02	         0	         0	        10	         5	         5	    0.1375	        10	         5	         5	      0.75
         5	        64	         4	         0	         0	         0	   -1506.1	    390.47	   7700.98	      0.02	         0	         0	        10	         5	         5	    0.1375	        10	         5	         5	      0.75
         5	        51	         5	         0	         0	         0	  -55.7946	   502.152	    7702.8	      0.02	         0	         0	        10	         5	         5	    0.1375	        10	         5	         5	      0.75
         5	        52	         5	         0	         0	         0	  -167.383	    502.15	   7702.78	      0.02	         0	         0	        10	         5	         5	    0.1375	        10	         5	         5	      0.75
         5	        53	         5	         0	         0	         0	  -278.971	   502.147	   7702.73	      0.02	         0	         0	        10	         5	         5	    0.1375	        10	         5	         5	      0.75
         5	        54	         5	         0	         0	         0	  -390.556	   502.143	   7702.67	      0.02	         0	         0	        10	         5	         5	    0.1375	        10	         5	         5	      0.75
         5	        55	         5	         0	         0	         0	  -502.138	   502.138	   7702.58	      0.02	         0	         0	        10	         5	         5	    0.1375	        10	         5	         5	      0.75
         5	        56	         5	         0	         0	         0	  -613.715	   502.131	   7702.48	      0.02	         0	         0	        10	         5	         5	    0.1375	        10	         5	         5	      0.75
         5	        57	         5	         0	         0	         0	  -725.288	   502.122	   7702.35	      0.02	         0	         0	        10	         5	         5	    0.1375	        10	         5	         5	      0.75
         5	        58	         5	         0	         0	         0	  -836.854	   502.113	    7702.2	      0.02	         0	         0	        10	         5	         5	    0.1375	        10	         5	         5	      0.75
         5	        59	         5	         0	         0	         0	  -948.414	   502.102	   7702.03	      0.02	         0	         0	        10	         5	         5	    0.1375	        10	         5	         5	      0.75
         5	        60	         5	         0	         0	         0	  -1059.97	   502.089	   7701.85	      0.02	         0	         0	        10	         5	         5	    0.1375	        10	         5	         5	      0.75
         5	        61	         5	         0	         0	         0	  -1171.51	   502.076	   7701.64	      0.02	         0	         0	        10	         5	         5	    0.1375	        10	         5	         5	      0.75
         5	        62	         5	         0	         0	         0	  -1283.04	   502.061	   7701.41	      0.02	         0	         0	        10	         5	         5	    0.1375	        10	         5	         5	      0.75
         5	        63	         5	         0	         0	         0	  -1394.57	   502.045	   7701.16	      0.02	         0	         0	        10	         5	         5	    0.1375	        10	         5	         5	      0.75
         5	        64	         5	         0	         0	         0	  -1506.08	   502.028	    7700.9	      0.02	         0	         0	        10	         5	         5	    0.1375	        10	         5	         5	      0.75
         5	        51	         6	         0	         0	         0	  -55.7938	   613.732	   7702.69	      0.02	         0	         0	        10	         5	         5	    0.1375	        10	         5	         5	      0.75
         5	        52	         6	         0	         0	         0	  -167.381	   613.731	   7702.67	      0.02	         0	         0	        10	         5	         5	    0.1375	        10	         5	         5	      0.75
         5	        53	         6	         0	         0	         0	  -278.967	   613.727	   7702.63	      0.02	         0	         0	        10	         5	         5	    0.1375	        10	         5	         5	      0.75
         5	        54	         6	         0	         0	         0	   -390.55	   613.722	   7702.56	      0.02	         0	         0	        10	         5	         5	    0.1375	        10	         5	         5	      0.75
         5	        55	         6	         0	         0	         0	  -502.131	   613.715	   7702.48	      0.02	         0	         0	        10	         5	         5	    0.1375	        10	         5	         5	      0.75
         5	        56	         6	         0	         0	         0	  -613.707	   613.707	   7702.37	      0.02	         0	         0	        10	         5	         5	    0.1375	        10	         5	         5	      0.75
         5	        57	         6	         0	         0	         0	  -725.278	   613.697	   7702.25	      0.02	         0	         0	        10	         5	         5	    0.1375	        10	         5	         5	      0.75
         5	        58	         6	         0	         0	         0	  -836.843	   613.685	    7702.1	      0.02	         0	         0	        10	         5	         5	    0.1375	        10	         5	         5	      0.75
         5	        59	         6	         0	         0	         0	  -948.401	   613.672	   7701.93	      0.02	         0	         0	        10	         5	         5	    0.1375	        10	         5	         5	      0.75
         5	        60	         6	         0	         0	         0	  -1059.95	   613.657	   7701.74	      0.02	         0	         0	        10	         5	         5	    0.1375	        10	         5	         5	      0.75
         5	        61	         6	         0	         0	         0	  -1171.49	    613.64	   7701.53	      0.02	         0	         0	        10	         5	         5	    0.1375	        10	         5	         5	      0.75
         5	        62	         6	         0	         0	         0	  -1283.03	   613.622	   7701.31	      0.02	         0	         0	        10	         5	         5	    0.1375	        10	         5	         5	      0.75
         5	        63	         6	         0	         0	         0	  -1394.55	   613.602	   7701.06	      0.02	         0	         0	        10	         5	         5	    0.1375	        10	         5	         5	      0.75
         5	        64	         6	         0	         0	         0	  -1506.06	   613.581	    7700.8	      0.02	         0	         0	        10	         5	         5	    0.1375	        10	         5	         5	      0.75
         5	        51	         7	         0	         0	         0	  -55.7929	   725.308	   7702.56	      0.02	         0	         0	        10	         5	         5	    0.1375	        10	         5	         5	      0.75
         5	        52	         7	         0	         0	         0	  -167.378	   725.306	   7702.54	      0.02	         0	         0	        10	         5	         5	    0.1375	        10	         5	         5	      0.75
         5	        53	         7	         0	         0	         0	  -278.962	   725.302	    7702.5	      0.02	         0	         0	        10	         5	         5	    0.1375	        10	         5	         5	      0.75
         5	        54	         7	         0	         0	         0	  -390.544	   725.296	   7702.44	      0.02	         0	         0	        10	         5	         5	    0.1375	        10	         5	         5	      0.75
         5	        55	         7	         0	         0	         0	  -502.122	   725.288	   7702.35	      0.02	         0	         0	        10	         5	         5	    0.1375	        10	         5	         5	      0.75
         5	        56	         7	         0	         0	         0	  -613.697	   725.278	   7702.25	      0.02	         0	         0	        10	         5	         5	    0.1375	        10	         5	         5	      0.75
         5	        57	         7	         0	         0	         0	  -725.266	   725.266	   7702.12	      0.02	         0	         0	        10	         5	         5	    0.1375	        10	         5	         5	      0.75
         5	        58	         7	         0	         0	         0	  -836.829	   725.252	   7701.97	      0.02	         0	         0	        10	         5	         5	    0.1375	        10	         5	         5	      0.75
         5	        59	         7	         0	         0	         0	  -948.386	   725.236	    7701.8	      0.02	         0	         0	        10	         5	         5	    0.1375	        10	         5	         5	      0.75
         5	        60	         7	         0	         0	         0	  -1059.94	   725.219	   7701.62	      0.02	         0	         0	        10	         5	         5	    0.1375	        10	         5	         5	      0.75
         5	        61	         7	         0	         0	         0	  -1171.48	   725.199	   7701.41	      0.02	         0	         0	        10	         5	         5	    0.1375	        10	         5	         5	      0.75
         5	        62	         7	         0	         0	         0	  -1283.01	   725.178	   7701.18	      0.02	         0	         0	        10	         5	         5	    0.1375	        10	         5	         5	      0.75
         5	        63	         7	         0	         0	         0	  -1394.53	   725.155	   7700.94	      0.02	         0	         0	        10	         5	         5	    0.1375	        10	         5	         5	      0.75
         5	        64	         7	         0	         0	         0	  -1506.04	    725.13	   7700.68	      0.02	         0	         0	        10	         5	         5	    0.1375	        10	         5	         5	      0.75
         5	        64	         7	         0	         0	         0	  -1506.04	    725.13	   7700.68	      0.02	         0	         0	        10	         5	         5	    0.1375	        10	         5	         5	      0.75
