  module     row crystal       theta         phi         tau        posX        posY        posZ         pDz      pTheta        pPhi        pDy1        pDx1        pDx2       pAlp1        pDy2        pDx3        pDx4       pAlp2
       #       #       #       [deg]       [deg]       [deg]        [mm]        [mm]        [mm]        [mm]       [deg]       [deg]        [mm]        [mm]        [mm]       [deg]        [mm]        [mm]        [mm]       [deg]

       1       1       1          90     99.3079          90    -109.192     660.896     13.3634     99.9918     3.36832      161.49      10.695     10.6914     10.6914           0     14.4317     14.6267     14.6267           0
       1       1       2          90     97.0897          90    -83.5374     664.626     13.3634      99.992     3.39629     161.648      10.695     10.6998     10.6998           0     14.4317     14.6354     14.6354           0
       1       1       3          90     94.8713          90    -57.7569      667.36     13.3634     99.9922     3.42415     161.803      10.695     10.6915     10.6915           0     14.4317     14.6273     14.6273           0
       1       1       4          90      92.653          90    -31.8892     669.094     13.3634     99.9924     3.45208     161.956      10.695     10.7001     10.7001           0     14.4317     14.6362     14.6362           0
       1       1       5          90     90.4345          90     -5.9731     669.827     13.3634     99.9926     3.47989     162.105      10.695     10.6919     10.6919           0     14.4317     14.6282     14.6282           0
       1       1       6          90     88.2161          90     19.9526     669.556     13.3634     99.9928     3.50776     162.253      10.695     10.7005     10.7005           0     14.4317     14.6371     14.6371           0
       1       1       7          90     85.9975          90      45.849     668.282     13.3634      99.993      3.5355     162.397      10.695     10.6922     10.6922           0     14.4317     14.6291     14.6291           0
       1       1       8          90     83.7789          90     71.6774     666.006     13.3634     99.9932      3.5633     162.539      10.695     10.7009     10.7009           0     14.4317      14.638      14.638           0
       1       1       9          90     81.5602          90     97.3991     662.733     13.3634     99.9934     3.59097     162.678      10.695     10.6926     10.6926           0     14.4317     14.6299     14.6299           0
       1       1      10          90     80.0424          90     122.986     658.464     13.3634     99.9123     4.29761     165.591      10.695       10.71       10.71   0.0293717     14.4317     14.6508     14.6508   0.0293717
       1       2       1     87.8603     99.3068      90.024     -109.22     661.155      39.109     99.9917     3.36322     161.427      10.695     10.7071     10.6914    0.143382     14.4317     14.6397     14.6185    0.143382
       1       2       2     87.8603     97.0885     90.0243    -83.5549     664.885      39.109     99.9919     3.39113     161.586      10.695     10.7155     10.6998    0.144706     14.4317     14.6483     14.6271    0.144706
       1       2       3     87.8603     94.8702     90.0245    -57.7642      667.62      39.109     99.9921     3.41894     161.741      10.695     10.7072     10.6915    0.146029     14.4317     14.6403     14.6191    0.146029
       1       2       4     87.8603     92.6518     90.0247    -31.8863     669.355      39.109     99.9923     3.44681     161.894      10.695     10.7159     10.7002     0.14735     14.4317     14.6492      14.628     0.14735
       1       2       5     87.8603     90.4334     90.0249    -5.96003     670.087      39.109     99.9925     3.47456     162.043      10.695     10.7076     10.6919    0.148668     14.4317     14.6411     14.6199    0.148668
       1       2       6     87.8603     88.2149     90.0251     19.9758     669.815      39.109     99.9927     3.50237     162.191      10.695     10.7162     10.7005    0.149983     14.4317       14.65     14.6288    0.149983
       1       2       7     87.8603     85.9963     90.0254     45.8825      668.54      39.109      99.993     3.53006     162.335      10.695      10.708     10.6923    0.151296     14.4317      14.642     14.6208    0.151296
       1       2       8     87.8603     83.7778     90.0256      71.721     666.263      39.109     99.9932     3.55781     162.478      10.695     10.7166     10.7009    0.152607     14.4317     14.6509     14.6297    0.152607
       1       2       9     87.8603      81.559     90.0258     97.4527     662.988      39.109     99.9934     3.58542     162.617      10.695     10.7084     10.6926    0.153915     14.4317     14.6429     14.6217    0.153915
       1       2      10     87.8603     79.3404      90.026     123.046     658.717      39.109     99.9936     3.61189     162.748      10.695      10.717     10.7013    0.119301     14.4317     14.6518     14.6305    0.119301
       1       3       1     85.7207     99.3064     90.0477    -109.233     661.274     64.9079     99.9917     3.35463     161.345      10.695     10.7228     10.6914    0.286162     14.4316     14.6471     14.6047    0.286162
       1       3       2     85.7207     97.0882     90.0481    -83.5631     665.005     64.9079     99.9919     3.38244     161.504      10.695     10.7312     10.6998    0.288805     14.4316     14.6558     14.6134    0.288805
       1       3       3     85.7207     94.8698     90.0485    -57.7676      667.74     64.9079     99.9921     3.41016     161.659      10.695     10.7229     10.6916    0.291445     14.4316     14.6477     14.6053    0.291445
       1       3       4     85.7207     92.6515      90.049     -31.885     669.475     64.9079     99.9923     3.43794     161.812      10.695     10.7316     10.7002    0.294081     14.4316     14.6566     14.6142    0.294081
       1       3       5     85.7207      90.433     90.0494    -5.95399     670.207     64.9079     99.9925      3.4656     161.962      10.695     10.7233     10.6919    0.296711     14.4316     14.6486     14.6062    0.296711
       1       3       6     85.7207     88.2145     90.0499     19.9866     669.935     64.9079     99.9927     3.49332      162.11      10.695      10.732     10.7006    0.299337     14.4316     14.6575      14.615    0.299337
       1       3       7     85.7207     85.9959     90.0503     45.8979     668.659     64.9079     99.9929     3.52092     162.255      10.695     10.7237     10.6923    0.301958     14.4316     14.6494      14.607    0.301958
       1       3       8     85.7207     83.7774     90.0507     71.7411     666.381     64.9079     99.9931     3.54858     162.397      10.695     10.7324      10.701    0.304573     14.4316     14.6583     14.6159    0.304573
       1       3       9     85.7207     81.5587     90.0512     97.4775     663.105     64.9079     99.9934      3.5761     162.537      10.695     10.7241     10.6927    0.307183     14.4316     14.6503     14.6079    0.307183
       1       3      10     85.7206       79.34     90.0516     123.068     658.835     64.9079     99.9936     3.60369     162.675      10.695     10.7328     10.7014    0.309789     14.4316     14.6592     14.6168    0.309789
       1       4       1      83.581     99.3068     90.0708    -109.231     661.255     90.7859     99.9917     3.34255     161.243      10.695     10.7385     10.6915    0.428144     14.4315      14.649     14.5855    0.428144
       1       4       2      83.581     97.0886     90.0714    -83.5617     664.986     90.7859     99.9919     3.37024     161.402      10.695     10.7469     10.6999    0.432098     14.4315     14.6577     14.5941    0.432098
       1       4       3      83.581     94.8702     90.0721    -57.7671     667.721     90.7859     99.9921     3.39783     161.558      10.695     10.7387     10.6916    0.436049     14.4315     14.6496     14.5861    0.436049
       1       4       4      83.581     92.6519     90.0727    -31.8852     669.455     90.7859     99.9923     3.42549     161.712      10.695     10.7473     10.7003    0.439992     14.4315     14.6585      14.595    0.439992
       1       4       5      83.581     90.4334     90.0734    -5.95498     670.187     90.7859     99.9925     3.45302     161.862      10.695      10.739      10.692    0.443927     14.4315     14.6505     14.5869    0.443927
       1       4       6      83.581      88.215      90.074     19.9848     669.915     90.7859     99.9927     3.48062      162.01      10.695     10.7477     10.7007    0.447856     14.4315     14.6594     14.5958    0.447856
       1       4       7      83.581     85.9964     90.0747     45.8954      668.64     90.7859     99.9929     3.50809     162.155      10.695     10.7394     10.6924    0.451776     14.4315     14.6513     14.5878    0.451776
       1       4       8      83.581     83.7778     90.0753     71.7378     666.362     90.7859     99.9931     3.53562     162.298      10.695     10.7481      10.701    0.455689     14.4315     14.6602     14.5967    0.455689
       1       4       9      83.581     81.5591      90.076     97.4734     663.086     90.7859     99.9933     3.56302     162.438      10.695     10.7398     10.6928    0.459595     14.4315     14.6522     14.5887    0.459595
       1       4      10      83.581     79.3404     90.0766     123.064     658.816     90.7859     99.9935     3.59049     162.576      10.695     10.7485     10.7014    0.463492     14.4315     14.6611     14.5976    0.463492
       1       5       1     81.4413      99.308     90.0932    -109.214     661.096     116.871     99.9917     3.32701      161.12      10.695     10.7542     10.6916    0.569134     14.4314     14.6454     14.5609    0.569134
       1       5       2     81.4413     97.0898     90.0941    -83.5509     664.826     116.871     99.9919     3.35453      161.28      10.695     10.7626        10.7    0.574391     14.4313     14.6541     14.5695    0.574391
       1       5       3     81.4413     94.8714      90.095    -57.7625     667.561     116.871     99.9921     3.38197     161.437      10.695     10.7543     10.6917    0.579642     14.4313      14.646     14.5614    0.579642
       1       5       4     81.4413     92.6531     90.0958     -31.887     669.295     116.871     99.9923     3.40946     161.591      10.695      10.763     10.7004    0.584884     14.4313     14.6549     14.5703    0.584884
       1       5       5     81.4413     90.4346     90.0967      -5.963     670.028     116.871     99.9925     3.43683     161.742      10.695     10.7547     10.6921    0.590115     14.4313     14.6468     14.5623    0.590115
       1       5       6     81.4413     88.2162     90.0975     19.9705     669.756     116.871     99.9927     3.46427      161.89      10.695     10.7634     10.7008    0.595337     14.4313     14.6557     14.5712    0.595337
       1       5       7     81.4413     85.9976     90.0984     45.8748     668.481     116.871     99.9929     3.49158     162.036      10.695     10.7551     10.6925    0.600548     14.4313     14.6477     14.5631    0.600548
       1       5       8     81.4413      83.779     90.0992      71.711     666.204     116.871     99.9931     3.51895      162.18      10.695     10.7638     10.7012     0.60575     14.4313     14.6566      14.572     0.60575
       1       5       9     81.4413     81.5603     90.1001     97.4405     662.929     116.871     99.9933     3.54619      162.32      10.695     10.7555     10.6929    0.610941     14.4313     14.6486      14.564    0.610941
       1       5      10     81.4413     79.3417     90.1009     123.025     658.661     116.871     99.9935      3.5735     162.459      10.695     10.7642     10.7016    0.616122     14.4313     14.6575     14.5729    0.616122
       1       6       1     79.3017     99.3099      90.115    -109.182     660.797     142.987     99.9917     3.30801     160.977      10.695     10.7698     10.6917    0.708943     14.4311     14.6363     14.5308    0.708943
       1       6       2     79.3017     97.0917      90.116    -83.5307     664.527     142.987     99.9919     3.33533     161.138      10.695     10.7782     10.7001    0.715491     14.4311     14.6449     14.5394    0.715491
       1       6       3     79.3016     94.8734     90.1171    -57.7541     667.261     142.987     99.9921     3.36257     161.295      10.695     10.7699     10.6919    0.722032     14.4311     14.6369     14.5314    0.722032
       1       6       4     79.3016      92.655     90.1182    -31.8903     668.995     142.987     99.9923     3.38986      161.45      10.695     10.7786     10.7005    0.728561     14.4311     14.6457     14.5403    0.728561
       1       6       5     79.3016     90.4366     90.1192    -5.97805     669.728     142.987     99.9925     3.41704     161.602      10.695     10.7703     10.6922    0.735077     14.4311     14.6377     14.5322    0.735077
       1       6       6     79.3016     88.2182     90.1203     19.9438     669.457     142.987     99.9927     3.44428     161.751      10.695      10.779     10.7009    0.741581     14.4311     14.6466     14.5411    0.741581
       1       6       7     79.3016     85.9996     90.1213     45.8364     668.184     142.987     99.9929      3.4714     161.897      10.695     10.7707     10.6926    0.748073     14.4311     14.6386     14.5331    0.748073
       1       6       8     79.3016     83.7811     90.1224     71.6609     665.909     142.987     99.9931     3.49858     162.042      10.695     10.7794     10.7013    0.754552     14.4311     14.6475     14.5419    0.754552
       1       6       9     79.3016     81.5624     90.1234     97.3788     662.636     142.987     99.9933     3.52563     162.183      10.695     10.7711      10.693    0.761018     14.4311     14.6394     14.5339    0.761018
       1       6      10     79.3016     79.3437     90.1245     122.951      658.37     142.987     99.9935     3.55274     162.322      10.695     10.7798     10.7017    0.767472     14.4311     14.6483     14.5428    0.767472
       1       7       1      77.162     99.3126     90.1359    -109.135     660.361     169.265     99.9918     3.28556     160.813     10.6949     10.7853     10.6919    0.847382     14.4309     14.6216     14.4954    0.847382
       1       7       2      77.162     97.0944     90.1371    -83.5011     664.088     169.265     99.9919     3.31266     160.974     10.6949     10.7937     10.7003    0.855209     14.4309     14.6303      14.504    0.855209
       1       7       3      77.162     94.8761     90.1384    -57.7416     666.822     169.265     99.9921     3.33966     161.132     10.6949     10.7855      10.692    0.863027     14.4309     14.6222      14.496    0.863027
       1       7       4      77.162     92.6578     90.1396    -31.8951     668.556     169.265     99.9923     3.36672     161.288     10.6949     10.7941     10.7007     0.87083     14.4309     14.6311     14.5048     0.87083
       1       7       5     77.1619     90.4394     90.1409    -6.00009     669.289     169.265     99.9925     3.39367     161.441     10.6949     10.7859     10.6924    0.878619     14.4308     14.6231     14.4968    0.878619
       1       7       6     77.1619      88.221     90.1421     19.9045      669.02     169.265     99.9927     3.42068     161.591     10.6949     10.7945     10.7011    0.886393     14.4308     14.6319     14.5057    0.886393
       1       7       7     77.1619     86.0024     90.1434       45.78     667.748     169.265     99.9929     3.44757     161.738     10.6949     10.7863     10.6928    0.894152     14.4308     14.6239     14.4976    0.894152
       1       7       8     77.1619     83.7839     90.1446     71.5875     665.475     169.265     99.9931     3.47452     161.883     10.6949     10.7949     10.7015    0.901896     14.4308     14.6328     14.5065    0.901896
       1       7       9     77.1619     81.5652     90.1459     97.2885     662.206     169.265     99.9933     3.50134     162.025     10.6949     10.7867     10.6932    0.909625     14.4308     14.6248     14.4985    0.909625
       1       7      10     77.1619     79.3466     90.1471     122.844     657.944     169.265     99.9935     3.52822     162.165     10.6949     10.7954     10.7019    0.917338     14.4308     14.6337     14.5074    0.917338
       1       8       1     75.0223      99.316     90.1558    -109.073     659.786     195.733     99.9918     3.25969     160.626     10.6949     10.8007      10.692    0.984269     14.4306     14.6015     14.4547    0.984269
       1       8       2     75.0223     97.0978     90.1572     -83.462     663.511     195.733      99.992     3.28651     160.789     10.6949     10.8092     10.7005     0.99336     14.4306     14.6101     14.4633     0.99336
       1       8       3     75.0223     94.8796     90.1587    -57.7253     666.244     195.733     99.9922     3.31325     160.948     10.6949     10.8009     10.6922     1.00244     14.4306     14.6021     14.4553     1.00244
       1       8       4     75.0223     92.6613     90.1601    -31.9014     667.978     195.733     99.9923     3.34005     161.105     10.6949     10.8096     10.7009      1.0115     14.4306      14.611     14.4641      1.0115
       1       8       5     75.0223     90.4429     90.1616     -6.0291     668.712     195.733     99.9925     3.36673     161.259     10.6949     10.8013     10.6926     1.02055     14.4305     14.6029     14.4561     1.02055
       1       8       6     75.0222     88.2245      90.163     19.8529     668.444     195.733     99.9927     3.39347      161.41     10.6949       10.81     10.7013     1.02958     14.4305     14.6118     14.4649     1.02958
       1       8       7     75.0222      86.006     90.1644     45.7058     667.174     195.733     99.9929      3.4201     161.558     10.6949     10.8017      10.693     1.03859     14.4305     14.6038     14.4569     1.03859
       1       8       8     75.0222     83.7876     90.1658     71.4909     664.905     195.733     99.9931     3.44678     161.704     10.6949     10.8104     10.7017     1.04759     14.4305     14.6127     14.4658     1.04759
       1       8       9     75.0222     81.5689     90.1673     97.1695      661.64     195.733     99.9933     3.47335     161.847     10.6949     10.8021     10.6934     1.05656     14.4305     14.6046     14.4577     1.05656
       1       8      10     75.0222     79.3503     90.1687     122.703     657.383     195.733     99.9935     3.49996     161.988     10.6949     10.8108     10.7021     1.06552     14.4304     14.6135     14.4666     1.06552
       1       9       1     72.8826     99.3202     90.1747    -108.997     659.073     222.527     99.9919      3.2304     160.417     10.6949      10.816     10.6922     1.11942     14.4303     14.5759     14.4087     1.11942
       1       9       2     72.8826      97.102     90.1763    -83.4137     662.797     222.527      99.992     3.25692     160.581     10.6949     10.8245     10.7007     1.12976     14.4303     14.5845     14.4174     1.12976
       1       9       3     72.8826     94.8838      90.178     -57.705     665.528     222.527     99.9922     3.28336     160.741     10.6949     10.8162     10.6924     1.14009     14.4302     14.5765     14.4093     1.14009
       1       9       4     72.8826     92.6656     90.1796    -31.9092     667.261     222.527     99.9924     3.30985     160.899     10.6949     10.8249     10.7011      1.1504     14.4302     14.5854     14.4182      1.1504
       1       9       5     72.8825     90.4472     90.1812    -6.06504     667.996     222.527     99.9926     3.33624     161.054     10.6949     10.8166     10.6928     1.16068     14.4302     14.5773     14.4101     1.16068
       1       9       6     72.8825     88.2289     90.1828     19.7889      667.73     222.527     99.9927     3.36268     161.207     10.6949     10.8253     10.7015     1.17095     14.4302     14.5862      14.419     1.17095
       1       9       7     72.8825     86.0104     90.1844     45.6139     666.464     222.527     99.9929     3.38901     161.356     10.6949      10.817     10.6932      1.1812     14.4302     14.5782     14.4109      1.1812
       1       9       8     72.8825      83.792      90.186     71.3712     664.199     222.527     99.9931     3.41539     161.503     10.6949     10.8257     10.7019     1.19143     14.4301      14.587     14.4198     1.19143
       1       9       9     72.8825     81.5734     90.1876     97.0222     660.939     222.527     99.9933     3.44166     161.647     10.6949     10.8175     10.6936     1.20164     14.4301      14.579     14.4118     1.20164
       1       9      10     72.8825     79.3548     90.1892     122.529     656.688     222.527     99.9935     3.46798      161.79     10.6949     10.8261     10.7023     1.21183     14.4301     14.5879     14.4206     1.21183
       1      10       1     70.7429     99.3251     90.1925    -108.906     658.225     249.472     99.9919     3.19772     160.184     10.6948     10.8312     10.6925     1.25267     14.4299     14.5449     14.3576     1.25267
       1      10       2     70.7429      97.107     90.1943    -83.3562     661.945     249.472     99.9921      3.2239     160.349     10.6948     10.8396     10.7009     1.26424     14.4299     14.5535     14.3662     1.26424
       1      10       3     70.7429     94.8888     90.1961    -57.6809     664.674     249.472     99.9923     3.25001     160.511     10.6948     10.8313     10.6926     1.27579     14.4299     14.5455     14.3581     1.27579
       1      10       4     70.7428     92.6707     90.1978    -31.9186     666.408     249.472     99.9924     3.27616      160.67     10.6948       10.84     10.7013     1.28733     14.4299     14.5543      14.367     1.28733
       1      10       5     70.7428     90.4523     90.1996    -6.10785     667.144     249.472     99.9926     3.30221     160.826     10.6948     10.8318      10.693     1.29884     14.4298     14.5463     14.3589     1.29884
       1      10       6     70.7428     88.2341     90.2014     19.7127      666.88     249.472     99.9928     3.32832      160.98     10.6948     10.8404     10.7017     1.31033     14.4298     14.5552     14.3678     1.31033
       1      10       7     70.7428     86.0156     90.2031     45.5044     665.617     249.472      99.993     3.35432     161.131     10.6949     10.8322     10.6935      1.3218     14.4298     14.5471     14.3598      1.3218
       1      10       8     70.7428     83.7972     90.2049     71.2286     663.357     249.472     99.9931     3.38037     161.279     10.6949     10.8409     10.7021     1.33324     14.4297      14.556     14.3686     1.33324
       1      10       9     70.7428     81.5787     90.2067     96.8467     660.103     249.472     99.9933     3.40631     161.425     10.6949     10.8326     10.6939     1.34467     14.4297      14.548     14.3606     1.34467
       1      10      10     70.7428     79.3602     90.2084      122.32      655.86     249.472     99.9935      3.4323     161.568     10.6949     10.8413     10.7026     1.35607     14.4297     14.5569     14.3695     1.35607
       1      11       1     68.6032     99.3308     90.2091    -108.801     657.241     276.707      99.992     3.16167     159.925     10.6948     10.8461     10.6927     1.38383     14.4296     14.5085     14.3013     1.38383
       1      11       2     68.6031     97.1128      90.211    -83.2894     660.958     276.707     99.9922     3.18748     160.092     10.6948     10.8546     10.7011     1.39661     14.4295     14.5172       14.31     1.39661
       1      11       3     68.6031     94.8946     90.2129    -57.6529     663.686     276.707     99.9923     3.21321     160.255     10.6948     10.8463     10.6929     1.40938     14.4295     14.5091     14.3019     1.40938
       1      11       4     68.6031     92.6765     90.2148    -31.9294     665.419     276.707     99.9925     3.23899     160.416     10.6948      10.855     10.7016     1.42212     14.4295      14.518     14.3107     1.42212
       1      11       5     68.6031     90.4582     90.2168    -6.15749     666.156     276.707     99.9927     3.26468     160.574     10.6948     10.8467     10.6933     1.43483     14.4294     14.5099     14.3027     1.43483
       1      11       6     68.6031       88.24     90.2187     19.6243     665.894     276.707     99.9928     3.29041     160.729     10.6948     10.8554      10.702     1.44753     14.4294     14.5188     14.3115     1.44753
       1      11       7     68.6031     86.0216     90.2206     45.3774     664.636     276.707      99.993     3.31604     160.882     10.6948     10.8472     10.6937      1.4602     14.4294     14.5107     14.3035      1.4602
       1      11       8     68.6031     83.8033     90.2225     71.0632     662.382     276.707     99.9932     3.34173     161.032     10.6948     10.8559     10.7024     1.47284     14.4293     14.5196     14.3124     1.47284
       1      11       9     68.6031     81.5848     90.2244     96.6432     659.135     276.707     99.9933      3.3673     161.179     10.6948     10.8476     10.6942     1.48546     14.4293     14.5116     14.3043     1.48546
       1      11      10      68.603     79.3663     90.2263     122.079     654.901     276.707     99.9935     3.39292     161.323     10.6948     10.8563     10.7029     1.49805     14.4293     14.5205     14.3132     1.49805
       1      12       1     66.4634     99.3372     90.2243    -108.681     656.124      304.27     99.9921     3.12227     159.639     10.6948     10.8609      10.693     1.51275     14.4292     14.4668     14.2401     1.51275
       1      12       2     66.4634     97.1193     90.2264    -83.2136     659.837      304.27     99.9923     3.14767     159.808     10.6948     10.8693     10.7014     1.52671     14.4291     14.4754     14.2487     1.52671
       1      12       3     66.4634     94.9012     90.2285    -57.6212     662.562      304.27     99.9924       3.173     159.973     10.6948     10.8611     10.6931     1.54067     14.4291     14.4674     14.2406     1.54067
       1      12       4     66.4634     92.6831     90.2305    -31.9418     664.295      304.27     99.9926     3.19837     160.136     10.6948     10.8698     10.7018      1.5546     14.4291     14.4762     14.2495      1.5546
       1      12       5     66.4634     90.4649     90.2326    -6.21387     665.033      304.27     99.9927     3.22365     160.295     10.6948     10.8615     10.6936      1.5685      14.429     14.4682     14.2414      1.5685
       1      12       6     66.4634     88.2467     90.2346      19.524     664.775      304.27     99.9929     3.24898     160.453     10.6948     10.8702     10.7023     1.58237      14.429     14.4771     14.2502     1.58237
       1      12       7     66.4633     86.0284     90.2367     45.2332     663.521      304.27     99.9931     3.27421     160.607     10.6948      10.862      10.694     1.59622     14.4289      14.469     14.2422     1.59622
       1      12       8     66.4633     83.8101     90.2388     70.8754     661.273      304.27     99.9932     3.29949     160.758     10.6948     10.8707     10.7027     1.61004     14.4289     14.4779     14.2511     1.61004
       1      12       9     66.4633     81.5917     90.2408     96.4121     658.035      304.27     99.9934     3.32467     160.907     10.6948     10.8624     10.6945     1.62383     14.4289     14.4698      14.243     1.62383
       1      12      10     66.4633     79.3733     90.2428     121.805     653.811      304.27     99.9935     3.34989     161.053     10.6948     10.8711     10.7032      1.6376     14.4288     14.4787     14.2519      1.6376
       1      13       1     64.3236      99.355     90.2336    -108.565      655.04     332.966     99.9914     3.02421     163.333     10.6947     10.8755     10.6933     1.63926     13.6601       14.42     14.1871     1.63926
       1      13       2     64.3236     97.1372     90.2358    -83.1401     658.749     332.966     99.9915     3.04989     163.475     10.6947     10.8839     10.7017      1.6544     13.6601     14.4286     14.1957      1.6544
       1      13       3     64.3236     94.9193      90.238    -57.5903     661.472     332.966     99.9916     3.07549     163.613     10.6947     10.8757     10.6935     1.66952       13.66     14.4205     14.1876     1.66952
       1      13       4     64.3236     92.7014     90.2401    -31.9537     663.205     332.966     99.9917     3.10112     163.749     10.6947     10.8844     10.7022     1.68461       13.66     14.4294     14.1965     1.68461
       1      13       5     64.3236     90.4833     90.2423    -6.26852     663.944     332.966     99.9919     3.12666     163.882     10.6947     10.8762     10.6939     1.69968     13.6599     14.4213     14.1884     1.69968
       1      13       6     64.3236     88.2653     90.2444     19.4267     663.689     332.966      99.992     3.15223     164.014     10.6947     10.8849     10.7026     1.71471     13.6599     14.4302     14.1973     1.71471
       1      13       7     64.3236     86.0472     90.2465     45.0934      662.44     332.966     99.9921      3.1777     164.142     10.6947     10.8766     10.6944     1.72972     13.6599     14.4222     14.1892     1.72972
       1      13       8     64.3236      83.829     90.2487     70.6933     660.198     332.966     99.9923     3.20321     164.269     10.6947     10.8853     10.7031     1.74469     13.6598      14.431     14.1981     1.74469
       1      13       9     64.3235     81.6108     90.2508      96.188     656.968     332.966     99.9924      3.2286     164.393     10.6947     10.8771     10.6948     1.75964     13.6598      14.423       14.19     1.75964
       1      13      10     64.3235     79.3925     90.2529     121.539     652.753     332.966     99.9925     3.25404     164.515     10.6947     10.8858     10.7035     1.77456     13.6597     14.4319     14.1989     1.77456
       1      14       1     62.6238      99.361     90.2434     -108.45     653.964     360.507     99.9915     2.98706     163.107     10.6947     10.8869     10.6935     1.73793     13.6598      14.379     14.1318     1.73793
       1      14       2     62.6238     97.1433     90.2457    -83.0671      657.67     360.507     99.9916     3.01237     163.249     10.6947     10.8953      10.702     1.75398     13.6598     14.3876     14.1404     1.75398
       1      14       3     62.6238     94.9254     90.2479    -57.5597     660.391     360.507     99.9917      3.0376     163.389     10.6947     10.8871     10.6937     1.77001     13.6597     14.3795     14.1324     1.77001
       1      14       4     62.6238     92.7076     90.2502    -31.9655     662.123     360.507     99.9919     3.06286     163.527     10.6947     10.8958     10.7024     1.78601     13.6597     14.3884     14.1412     1.78601
       1      14       5     62.6238     90.4896     90.2524     -6.3228     662.864     360.507      99.992     3.08803     163.662     10.6947     10.8876     10.6942     1.80197     13.6596     14.3803     14.1331     1.80197
       1      14       6     62.6238     88.2717     90.2546       19.33     662.612     360.507     99.9921     3.11324     163.795     10.6947     10.8963     10.7029     1.81791     13.6596     14.3892      14.142     1.81791
       1      14       7     62.6238     86.0536     90.2569     44.9546     661.367     360.507     99.9923     3.13834     163.925     10.6947      10.888     10.6946     1.83382     13.6595     14.3811     14.1339     1.83382
       1      14       8     62.6237     83.8355     90.2591     70.5125     659.132     360.507     99.9924     3.16348     164.053     10.6947     10.8967     10.7033      1.8497     13.6595       14.39     14.1428      1.8497
       1      14       9     62.6237     81.6173     90.2613     95.9655     655.909     360.507     99.9925     3.18851     164.178     10.6947     10.8885     10.6951     1.86554     13.6594     14.3819     14.1347     1.86554
       1      14      10     62.6237     79.3991     90.2635     121.275     651.704     360.507     99.9926     3.21358     164.301     10.6947     10.8972     10.7038     1.88136     13.6594     14.3908     14.1436     1.88136
       1      15       1      60.924     99.3676     90.2523    -108.326     652.807     388.412     99.9917     2.94776     162.863     10.6946     10.8981     10.6937     1.83489     13.6595     14.3347     14.0735     1.83489
       1      15       2      60.924     97.1499     90.2546    -82.9886     656.509     388.412     99.9918     2.97268     163.007     10.6947     10.9065     10.7022     1.85184     13.6594     14.3433     14.0821     1.85184
       1      15       3      60.924     94.9321      90.257    -57.5268     659.228     388.412     99.9919     2.99751     163.149     10.6947     10.8983     10.6939     1.86876     13.6594     14.3352     14.0741     1.86876
       1      15       4      60.924     92.7143     90.2593    -31.9783     660.959     388.412      99.992     3.02239     163.288     10.6947      10.907     10.7026     1.88565     13.6593     14.3441     14.0829     1.88565
       1      15       5     60.9239     90.4964     90.2616    -6.38119     661.701     388.412     99.9921     3.04717     163.425     10.6947     10.8988     10.6944     1.90251     13.6593      14.336     14.0748     1.90251
       1      15       6     60.9239     88.2785     90.2639     19.2261     661.452     388.412     99.9923     3.07198     163.559     10.6947     10.9075     10.7031     1.91934     13.6592     14.3449     14.0837     1.91934
       1      15       7     60.9239     86.0604     90.2663     44.8053     660.213     388.412     99.9924      3.0967     163.691     10.6947     10.8993     10.6949     1.93613     13.6592     14.3368     14.0756     1.93613
       1      15       8     60.9239     83.8424     90.2686      70.318     657.984     388.412     99.9925     3.12145      163.82     10.6947      10.908     10.7036     1.95289     13.6591     14.3457     14.0845     1.95289
       1      15       9     60.9239     81.6243     90.2709     95.7261      654.77     388.412     99.9926      3.1461     163.947     10.6947     10.8998     10.6954     1.96962     13.6591     14.3377     14.0764     1.96962
       1      15      10     60.9239     79.4061     90.2732     120.991     650.575     388.412     99.9927     3.17078     164.072     10.6947     10.9085     10.7041     1.98632      13.659     14.3465     14.0853     1.98632
       1      16       1     59.2242     99.3746     90.2603    -108.193     651.569     416.715     99.9918     2.90634       162.6     10.6946     10.9091      10.694     1.93008     13.6592     14.2872     14.0123     1.93008
       1      16       2     59.2241     97.1569     90.2627    -82.9046     655.267     416.715     99.9919     2.93083     162.747     10.6946     10.9176     10.7024      1.9479     13.6591     14.2958     14.0209      1.9479
       1      16       3     59.2241     94.9392     90.2651    -57.4917     657.983     416.715     99.9921     2.95526      162.89     10.6946     10.9093     10.6942      1.9657      13.659     14.2878     14.0128      1.9657
       1      16       4     59.2241     92.7215     90.2675    -31.9919     659.714     416.715     99.9922     2.97972     163.032     10.6946      10.918     10.7029     1.98347      13.659     14.2966     14.0216     1.98347
       1      16       5     59.2241     90.5036     90.2699    -6.44365     660.458     416.715     99.9923     3.00409      163.17     10.6946     10.9098     10.6947      2.0012     13.6589     14.2886     14.0136      2.0012
       1      16       6     59.2241     88.2858     90.2722     19.1149     660.212     416.715     99.9924     3.02849     163.306     10.6946     10.9185     10.7034      2.0189     13.6589     14.2974     14.0224      2.0189
       1      16       7     59.2241     86.0678     90.2746     44.6456     658.978     416.715     99.9925      3.0528     163.439     10.6946     10.9103     10.6951     2.03656     13.6588     14.2894     14.0143     2.03656
       1      16       8     59.2241     83.8499      90.277       70.11     656.757     416.715     99.9926     3.07714     163.571     10.6946      10.919     10.7038     2.05419     13.6588     14.2982     14.0232     2.05419
       1      16       9     59.2241     81.6318     90.2794     95.4701     653.552     416.715     99.9927     3.10138     163.699     10.6946     10.9108     10.6956     2.07179     13.6587     14.2902     14.0151     2.07179
       1      16      10      59.224     79.4137     90.2817     120.688     649.367     416.715     99.9929     3.12565     163.826     10.6946     10.9195     10.7043     2.08935     13.6586      14.299      14.024     2.08935
       1      17       1     57.5243      99.382     90.2672    -108.052     650.252     445.571      99.992      2.8628     162.318     10.6946     10.9199     10.6942     2.02342     13.6588     14.2366     13.9481     2.02342
       1      17       2     57.5243     97.1645     90.2697    -82.8153     653.945     445.571     99.9921     2.88686     162.467     10.6946     10.9284     10.7027      2.0421     13.6588     14.2452     13.9567      2.0421
       1      17       3     57.5243     94.9468     90.2722    -57.4542     656.659     445.571     99.9922     2.91084     162.612     10.6946     10.9202     10.6944     2.06076     13.6587     14.2371     13.9486     2.06076
       1      17       4     57.5243     92.7291     90.2746    -32.0064      658.39     445.571     99.9923     2.93487     162.756     10.6946     10.9289     10.7031     2.07938     13.6587      14.246     13.9575     2.07938
       1      17       5     57.5243     90.5114     90.2771    -6.51012     659.135     445.571     99.9924      2.9588     162.896     10.6946     10.9207     10.6949     2.09797     13.6586     14.2379     13.9494     2.09797
       1      17       6     57.5242     88.2936     90.2795     18.9966     658.893     445.571     99.9925     2.98277     163.034     10.6946     10.9294     10.7036     2.11652     13.6585     14.2468     13.9582     2.11652
       1      17       7     57.5242     86.0757      90.282     44.4756     657.664     445.571     99.9927     3.00665     163.169     10.6946     10.9212     10.6954     2.13504     13.6585     14.2387     13.9501     2.13504
       1      17       8     57.5242     83.8578     90.2844     69.8886      655.45     445.571     99.9928     3.03056     163.302     10.6946     10.9299     10.7041     2.15352     13.6584     14.2476      13.959     2.15352
       1      17       9     57.5242     81.6398     90.2869     95.1976     652.255     445.571     99.9929     3.05437     163.433     10.6946     10.9217     10.6959     2.17197     13.6583     14.2395     13.9509     2.17197
       1      17      10     57.5242     79.4218     90.2893     120.365     648.083     445.571      99.993     3.07822     163.561     10.6946     10.9304     10.7046     2.19038     13.6583     14.2484     13.9598     2.19038
       1      18       1     55.8244     99.3899     90.2732    -107.903     648.857     474.781     99.9922     2.81716     162.015     10.6945     10.9306     10.6944     2.11483     13.6585     14.1829     13.8811     2.11483
       1      18       2     55.8244     97.1725     90.2757    -82.7206     652.545     474.781     99.9923     2.84076     162.166     10.6945     10.9391     10.7029     2.13435     13.6585     14.1915     13.8897     2.13435
       1      18       3     55.8244     94.9549     90.2782    -57.4146     655.256     474.781     99.9924     2.86429     162.314     10.6945     10.9308     10.6947     2.15385     13.6584     14.1834     13.8816     2.15385
       1      18       4     55.8244     92.7373     90.2807    -32.0218     656.986     474.781     99.9925     2.88785     162.459     10.6946     10.9396     10.7034     2.17332     13.6583     14.1923     13.8904     2.17332
       1      18       5     55.8244     90.5196     90.2832    -6.58053     657.733     474.781     99.9926     2.91134     162.601     10.6946     10.9313     10.6952     2.19275     13.6583     14.1842     13.8823     2.19275
       1      18       6     55.8244     88.3019     90.2857     18.8713     657.495     474.781     99.9927     2.93485     162.742     10.6946     10.9401     10.7039     2.21214     13.6582      14.193     13.8912     2.21214
       1      18       7     55.8244     86.0841     90.2882     44.2955     656.272     474.781     99.9928     2.95827     162.879     10.6946     10.9319     10.6957     2.23149     13.6581      14.185     13.8831     2.23149
       1      18       8     55.8243     83.8662     90.2907     69.6541     654.067     474.781     99.9929     2.98173     163.014     10.6946     10.9406     10.7044     2.25081      13.658     14.1938      13.892     2.25081
       1      18       9     55.8243     81.6483     90.2932      94.909     650.881     474.781      99.993     3.00509     163.146     10.6946     10.9324     10.6962     2.27008      13.658     14.1858     13.8839     2.27008
       1      18      10     55.8243     79.4304     90.2957     120.022     646.721     474.781     99.9931     3.02848     163.277     10.6946     10.9411     10.7049     2.28932     13.6579     14.1946     13.8927     2.28932
       1      19       1     54.1246     99.3983     90.2781    -107.745     647.384     504.507     99.9924     2.76945     161.689     10.6945      10.941     10.6947     2.20425     13.6582     14.1261     13.8113     2.20425
       1      19       2     54.1245     97.1809     90.2806    -82.6208     651.067     504.507     99.9925     2.79256     161.843     10.6945     10.9495     10.7032      2.2246     13.6581     14.1347     13.8199      2.2246
       1      19       3     54.1245     94.9634     90.2832    -57.3727     653.776     504.507     99.9926     2.81561     161.993     10.6945     10.9413     10.6949     2.24492     13.6581     14.1266     13.8118     2.24492
       1      19       4     54.1245     92.7459     90.2858    -32.0381     655.506     504.507     99.9927      2.8387      162.14     10.6945       10.95     10.7036     2.26521      13.658     14.1354     13.8206     2.26521
       1      19       5     54.1245     90.5283     90.2883    -6.65484     656.254     504.507     99.9928      2.8617     162.285     10.6945     10.9418     10.6954     2.28545     13.6579     14.1274     13.8125     2.28545
       1      19       6     54.1245     88.3107     90.2909      18.739      656.02     504.507     99.9929     2.88474     162.427     10.6945     10.9505     10.7041     2.30566     13.6578     14.1362     13.8214     2.30566
       1      19       7     54.1245     86.0929     90.2934     44.1055     654.803     504.507      99.993     2.90769     162.567     10.6945     10.9423     10.6959     2.32583     13.6578     14.1281     13.8133     2.32583
       1      19       8     54.1245     83.8752      90.296     69.4066     652.606     504.507     99.9931     2.93067     162.704     10.6945     10.9511     10.7047     2.34596     13.6577      14.137     13.8221     2.34596
       1      19       9     54.1245     81.6573     90.2985     94.6044     649.432     504.507     99.9932     2.95356     162.838     10.6945     10.9429     10.6964     2.36606     13.6576     14.1289      13.814     2.36606
       1      19      10     54.1244     79.4394      90.301     119.661     645.285     504.507     99.9933     2.97648     162.971     10.6945     10.9516     10.7052     2.38611     13.6575     14.1378     13.8229     2.38611
       1      20       1     52.4247     99.4072     90.2819    -107.579     645.836     534.796     99.9926     2.71968     161.339     10.6945     10.9512     10.6949      2.2916     13.6579     14.0663     13.7387      2.2916
       1      20       2     52.4246     97.1899     90.2845    -82.5157     649.514     534.796     99.9927     2.74229     161.495     10.6945     10.9597     10.7034     2.31276     13.6578     14.0749     13.7473     2.31276
       1      20       3     52.4246     94.9724     90.2872    -57.3287     652.219     534.796     99.9928     2.76484     161.647     10.6945     10.9515     10.6952     2.33389     13.6577     14.0668     13.7392     2.33389
       1      20       4     52.4246      92.755     90.2897    -32.0551     653.948     534.796     99.9929     2.78742     161.797     10.6945     10.9602     10.7039     2.35497     13.6577     14.0756     13.7481     2.35497
       1      20       5     52.4246     90.5375     90.2923    -6.73296     654.699     534.796      99.993     2.80993     161.944     10.6945      10.952     10.6957     2.37602     13.6576     14.0675       13.74     2.37602
       1      20       6     52.4246     88.3199     90.2949        18.6     654.469     534.796     99.9931     2.83246     162.089     10.6945     10.9608     10.7044     2.39703     13.6575     14.0764     13.7488     2.39703
       1      20       7     52.4246     86.1022     90.2975     43.9057     653.259     534.796     99.9932     2.85492     162.231     10.6945     10.9526     10.6962       2.418     13.6574     14.0683     13.7407       2.418
       1      20       8     52.4246     83.8846     90.3001     69.1464     651.071     534.796     99.9933      2.8774      162.37     10.6945     10.9613     10.7049     2.43893     13.6574     14.0772     13.7495     2.43893
       1      20       9     52.4246     81.6668     90.3027     94.2842     647.908     534.796     99.9933      2.8998     162.507     10.6945     10.9531     10.6967     2.45981     13.6573     14.0691     13.7415     2.45981
       1      20      10     52.4245      79.449     90.3052     119.281     643.774     534.796     99.9934     2.92222     162.642     10.6945     10.9619     10.7055     2.48066     13.6572      14.078     13.7503     2.48066
       1      21       1     50.7247     99.4165     90.2848    -107.405     644.214     565.828     99.9929     2.66788     160.962     10.6944     10.9612     10.6952     2.37683     13.6576     14.0035     13.6635     2.37683
       1      21       2     50.7247     97.1993     90.2874    -82.4057     647.886     565.828     99.9929     2.68996      161.12     10.6944     10.9697     10.7036     2.39877     13.6575     14.0121     13.6721     2.39877
       1      21       3     50.7247     94.9819       90.29    -57.2826     650.588     565.828      99.993     2.71199     161.275     10.6944     10.9615     10.6954     2.42068     13.6574      14.004      13.664     2.42068
       1      21       4     50.7247     92.7646     90.2926     -32.073     652.317     565.828     99.9931     2.73405     161.428     10.6944     10.9703     10.7042     2.44256     13.6574     14.0128     13.6728     2.44256
       1      21       5     50.7247     90.5471     90.2953    -6.81485     653.069     565.828     99.9932     2.75603     161.578     10.6945     10.9621     10.6959     2.46439     13.6573     14.0047     13.6647     2.46439
       1      21       6     50.7247     88.3297     90.2979     18.4542     652.843     565.828     99.9933     2.77805     161.725     10.6945     10.9708     10.7047     2.48618     13.6572     14.0136     13.6736     2.48618
       1      21       7     50.7247     86.1121     90.3005     43.6963      651.64     565.828     99.9934     2.79998     161.869     10.6945     10.9626     10.6965     2.50792     13.6571     14.0055     13.6655     2.50792
       1      21       8     50.7247     83.8945     90.3031     68.8736     649.462     565.828     99.9934     2.82194     162.011     10.6945     10.9713     10.7052     2.52963      13.657     14.0144     13.6743     2.52963
       1      21       9     50.7247     81.6768     90.3057     93.9485     646.311     565.828     99.9935     2.84383     162.151     10.6945     10.9632      10.697     2.55129      13.657     14.0063     13.6662     2.55129
       1      21      10     50.7246     79.4591     90.3083     118.883     642.191     565.828     99.9936     2.86574     162.288     10.6945     10.9719     10.7057     2.57291     13.6569     14.0151     13.6751     2.57291
       1      22       1     49.0248     99.4263     90.2865    -107.223     642.518     597.401     99.9931     2.61408     160.555     10.6944      10.971     10.6954     2.45987     13.6573     13.9378     13.5857     2.45987
       1      22       2     49.0248     97.2091     90.2891    -82.2907     646.184     597.401     99.9932     2.63561     160.716     10.6944     10.9795     10.7039     2.48257     13.6572     13.9464     13.5943     2.48257
       1      22       3     49.0248     94.9919     90.2918    -57.2344     648.883     597.401     99.9933      2.6571     160.874     10.6944     10.9713     10.6957     2.50525     13.6572     13.9383     13.5862     2.50525
       1      22       4     49.0248     92.7746     90.2944    -32.0917     650.611     597.401     99.9933     2.67861      161.03     10.6944       10.98     10.7044     2.52788     13.6571     13.9471      13.595     2.52788
       1      22       5     49.0248     90.5573     90.2971    -6.90041     651.366     597.401     99.9934     2.70005     161.182     10.6944     10.9718     10.6962     2.55048      13.657     13.9391     13.5869     2.55048
       1      22       6     49.0248     88.3399     90.2997     18.3019     651.145     597.401     99.9935     2.72152     161.332     10.6944     10.9806     10.7049     2.57302     13.6569     13.9479     13.5957     2.57302
       1      22       7     49.0248     86.1224     90.3023     43.4775     649.949     597.401     99.9936     2.74292     161.479     10.6944     10.9724     10.6967     2.59553     13.6568     13.9398     13.5876     2.59553
       1      22       8     49.0247     83.9049     90.3049     68.5886      647.78     597.401     99.9936     2.76434     161.624     10.6944     10.9811     10.7055     2.61799     13.6567     13.9487     13.5965     2.61799
       1      22       9     49.0247     81.6873     90.3075     93.5978     644.641     597.401     99.9937     2.78568     161.766     10.6944     10.9729     10.6973     2.64041     13.6566     13.9406     13.5884     2.64041
       1      22      10     49.0247     79.4697     90.3101     118.467     640.537     597.401     99.9938     2.80705     161.906     10.6944     10.9817      10.706     2.66278     13.6565     13.9494     13.5972     2.66278
       1      23       1     47.3249     99.4365     90.2871    -107.034     640.751     629.706     99.9934     2.55831     160.116     10.6944     10.9805     10.6956     2.54065     13.6571     13.8693     13.5053     2.54065
       1      23       2     47.3249     97.2195     90.2898    -82.1708     644.411     629.706     99.9934     2.57927      160.28     10.6944      10.989     10.7041      2.5641      13.657     13.8779     13.5139      2.5641
       1      23       3     47.3249     95.0023     90.2924    -57.1841     647.107     629.706     99.9935     2.60019     160.442     10.6944     10.9808     10.6959     2.58752     13.6569     13.8698     13.5058     2.58752
       1      23       4     47.3248     92.7851     90.2951    -32.1112     648.834     629.706     99.9936     2.62113       160.6     10.6944     10.9896     10.7047     2.61089     13.6568     13.8786     13.5146     2.61089
       1      23       5     47.3248     90.5679     90.2977    -6.98959      649.59     629.706     99.9936     2.64201     160.756     10.6944     10.9814     10.6965     2.63423     13.6567     13.8705     13.5065     2.63423
       1      23       6     47.3248     88.3506     90.3003     18.1432     649.374     629.706     99.9937     2.66291     160.909     10.6944     10.9901     10.7052     2.65751     13.6566     13.8794     13.5153     2.65751
       1      23       7     47.3248     86.1332      90.303     43.2495     648.186     629.706     99.9938     2.68374     161.059     10.6944     10.9819      10.697     2.68076     13.6565     13.8713     13.5072     2.68076
       1      23       8     47.3248     83.9158     90.3056     68.2916     646.028     629.706     99.9938      2.7046     161.206     10.6944     10.9907     10.7057     2.70395     13.6564     13.8801     13.5161     2.70395
       1      23       9     47.3248     81.6983     90.3082     93.2323     642.902     629.706     99.9939     2.72539     161.351     10.6944     10.9825     10.6976     2.72711     13.6563      13.872      13.508     2.72711
       1      23      10     47.3248     79.4808     90.3108     118.034     638.813     629.706      99.994      2.7462     161.494     10.6944     10.9912     10.7063     2.75021     13.6562     13.8809     13.5168     2.75021
       1      24       1     45.6249     99.4472     90.2867    -106.837     638.914     662.813     99.9936      2.5006     159.642     10.6943     10.9898     10.6959     2.61912     13.6568      13.798     13.4225     2.61912
       1      24       2     45.6249     97.2303     90.2893    -82.0462     642.568     662.813     99.9937     2.52097      159.81     10.6943     10.9983     10.7044     2.64329     13.6567     13.8066     13.4311     2.64329
       1      24       3     45.6249     95.0132      90.292    -57.1319      645.26     662.813     99.9937      2.5413     159.974     10.6943     10.9901     10.6962     2.66743     13.6566     13.7985      13.423     2.66743
       1      24       4     45.6249     92.7961     90.2946    -32.1315     646.987     662.813     99.9938     2.56165     160.136     10.6943     10.9988     10.7049     2.69153     13.6565     13.8073     13.4318     2.69153
       1      24       5     45.6249      90.579     90.2973    -7.08229     647.745     662.813     99.9939     2.58194     160.295     10.6943     10.9906     10.6967     2.71558     13.6564     13.7992     13.4237     2.71558
       1      24       6     45.6249     88.3618     90.2999     17.9782     647.534     662.813     99.9939     2.60225     160.451     10.6944     10.9994     10.7055     2.73958     13.6563      13.808     13.4325     2.73958
       1      24       7     45.6249     86.1445     90.3025     43.0124     646.354     662.813      99.994     2.62251     160.604     10.6944     10.9912     10.6973     2.76354     13.6563     13.7999     13.4244     2.76354
       1      24       8     45.6248     83.9272     90.3051     67.9829     644.206     662.813     99.9941     2.64278     160.755     10.6944          11      10.706     2.78745     13.6562     13.8088     13.4332     2.78745
       1      24       9     45.6248     81.7098     90.3078     92.8523     641.094     662.813     99.9941     2.66299     160.903     10.6944     10.9918     10.6978     2.81132     13.6561     13.8007     13.4251     2.81132
       1      24      10     45.6248     79.4924     90.3103     117.583     637.021     662.813     99.9942     2.68321     161.048     10.6944     11.0005     10.7066     2.83513      13.656     13.8095      13.434     2.83513
       1      25       1     43.9249      99.467     90.2789    -106.663     637.291     697.967     99.9934     2.38625     164.324     10.6943     10.9988     10.6961     2.69523      12.871      13.724     13.3596     2.69523
       1      25       2     43.9249     97.2503     90.2815    -81.9361     640.939     697.967     99.9935     2.40673     164.457     10.6943     11.0073     10.7046      2.7201     12.8709     13.7326     13.3682      2.7201
       1      25       3     43.9249     95.0334     90.2841    -57.0858     643.628     697.967     99.9935     2.42717     164.587     10.6943     10.9991     10.6964     2.74494     12.8708     13.7245     13.3601     2.74494
       1      25       4     43.9249     92.8165     90.2866    -32.1494     645.354     697.967     99.9936     2.44761     164.715     10.6943     11.0079     10.7052     2.76974     12.8707     13.7333     13.3689     2.76974
       1      25       5     43.9249     90.5995     90.2892     -7.1642     646.114     697.967     99.9936     2.46799      164.84     10.6943     10.9997      10.697     2.79449     12.8706     13.7252     13.3608     2.79449
       1      25       6     43.9249     88.3825     90.2917     17.8324     645.907     697.967     99.9937     2.48839     164.963     10.6943     11.0084     10.7057     2.81919     12.8706      13.734     13.3696     2.81919
       1      25       7     43.9249     86.1654     90.2943     42.8029     644.734     697.967     99.9937     2.50871     165.084     10.6943     11.0003     10.6975     2.84384     12.8705      13.726     13.3615     2.84384
       1      25       8     43.9249     83.9483     90.2968       67.71     642.596     697.967     99.9938     2.52905     165.203     10.6943      11.009     10.7063     2.86845     12.8704     13.7348     13.3703     2.86845
       1      25       9     43.9249      81.731     90.2994     92.5165     639.495     697.967     99.9938     2.54931     165.319     10.6943     11.0009     10.6981       2.893     12.8703     13.7267     13.3622       2.893
       1      25      10     43.9248     79.5138     90.3019     117.185     635.437     697.967     99.9939     2.56959     165.433     10.6943     11.0096     10.7069     2.91751     12.8702     13.7356     13.3711     2.91751
       1      26       1     42.6749     99.4753     90.2771    -106.509     635.853      732.06     99.9937     2.33979     164.011     10.6943     11.0052     10.6963     2.74963     12.8709     13.6679     13.2959     2.74963
       1      26       2     42.6749     97.2586     90.2797    -81.8385     639.496      732.06     99.9937     2.35982     164.146     10.6943     11.0137     10.7048     2.77501     12.8708     13.6765     13.3045     2.77501
       1      26       3     42.6749     95.0418     90.2822    -57.0449     642.182      732.06     99.9937     2.37979     164.279     10.6943     11.0056     10.6966     2.80035     12.8707     13.6683     13.2964     2.80035
       1      26       4     42.6749      92.825     90.2848    -32.1652     643.908      732.06     99.9938     2.39978     164.409     10.6943     11.0143     10.7053     2.82564     12.8706     13.6772     13.3052     2.82564
       1      26       5     42.6749     90.6081     90.2873    -7.23675      644.67      732.06     99.9938     2.41971     164.537     10.6943     11.0061     10.6972     2.85089     12.8705     13.6691     13.2971     2.85089
       1      26       6     42.6749     88.3912     90.2899     17.7032     644.467      732.06     99.9939     2.43964     164.662     10.6943     11.0149     10.7059     2.87609     12.8704     13.6779     13.3059     2.87609
       1      26       7     42.6749     86.1741     90.2924     42.6173       643.3      732.06     99.9939     2.45952     164.785     10.6943     11.0067     10.6977     2.90124     12.8703     13.6698     13.2978     2.90124
       1      26       8     42.6749     83.9571     90.2949     67.4684      641.17      732.06      99.994      2.4794     164.906     10.6943     11.0155     10.7065     2.92634     12.8702     13.6786     13.3066     2.92634
       1      26       9     42.6749     81.7399     90.2975     92.2191      638.08      732.06      99.994     2.49922     165.025     10.6943     11.0073     10.6983     2.95139     12.8701     13.6706     13.2985     2.95139
       1      26      10     42.6749     79.5227        90.3     116.832     634.035      732.06     99.9941     2.51904     165.142     10.6943     11.0161     10.7071     2.97639       12.87     13.6794     13.3074     2.97639
       1      27       1     41.4249     99.4838     90.2747    -106.352      634.38     766.916     99.9939     2.29227     163.678     10.6942     11.0115     10.6965      2.8027     12.8707     13.6103      13.231      2.8027
       1      27       2     41.4249     97.2672     90.2773    -81.7386     638.018     766.916     99.9939     2.31182     163.816     10.6942       11.02      10.705     2.82856     12.8706     13.6189     13.2396     2.82856
       1      27       3     41.4249     95.0505     90.2798     -57.003     640.701     766.916      99.994     2.33133     163.951     10.6942     11.0118     10.6968      2.8544     12.8705     13.6108     13.2315      2.8544
       1      27       4     41.4249     92.8337     90.2823    -32.1815     642.426     766.916      99.994     2.35084     164.084     10.6942     11.0206     10.7055     2.88018     12.8704     13.6196     13.2403     2.88018
       1      27       5     41.4249     90.6169     90.2849     -7.3111      643.19     766.916     99.9941     2.37031     164.214     10.6943     11.0124     10.6973     2.90591     12.8704     13.6115     13.2322     2.90591
       1      27       6     41.4249     88.4001     90.2874     17.5709     642.991     766.916     99.9941     2.38977     164.342     10.6943     11.0212     10.7061      2.9316     12.8703     13.6203      13.241      2.9316
       1      27       7     41.4249     86.1831     90.2899     42.4272      641.83     766.916     99.9942     2.40918     164.468     10.6943      11.013     10.6979     2.95723     12.8702     13.6122     13.2329     2.95723
       1      27       8     41.4249     83.9661     90.2924     67.2207     639.709     766.916     99.9942      2.4286     164.591     10.6943     11.0218     10.7067     2.98281     12.8701     13.6211     13.2417     2.98281
       1      27       9     41.4249      81.749     90.2949     91.9144      636.63     766.916     99.9942     2.44796     164.712     10.6943     11.0136     10.6985     3.00835       12.87      13.613     13.2336     3.00835
       1      27      10     41.4249      79.532     90.2974     116.471     632.598     766.916     99.9943     2.46732     164.831     10.6943     11.0224     10.7073     3.03383     12.8699     13.6218     13.2425     3.03383
       1      28       1     40.1749     99.4926     90.2718     -106.19     632.872      802.59     99.9941     2.24369     163.323     10.6942     11.0176     10.6966     2.85442     12.8706     13.5514     13.1649     2.85442
       1      28       2     40.1749      97.276     90.2743    -81.6363     636.504      802.59     99.9942     2.26275     163.464     10.6942     11.0262     10.7051     2.88076     12.8705       13.56     13.1735     2.88076
       1      28       3     40.1749     95.0594     90.2768    -56.9602     639.185      802.59     99.9942     2.28178     163.602     10.6942      11.018     10.6969     2.90706     12.8704     13.5519     13.1654     2.90706
       1      28       4     40.1749     92.8427     90.2793    -32.1981      640.91      802.59     99.9943     2.30082     163.738     10.6942     11.0267     10.7057     2.93332     12.8703     13.5607     13.1742     2.93332
       1      28       5     40.1749      90.626     90.2818     -7.3872     641.675      802.59     99.9943      2.3198      163.87     10.6942     11.0186     10.6975     2.95953     12.8702     13.5526     13.1661     2.95953
       1      28       6     40.1749     88.4092     90.2843     17.4354     641.481      802.59     99.9943     2.33879     164.001     10.6942     11.0273     10.7063     2.98568     12.8701     13.5614     13.1749     2.98568
       1      28       7     40.1749     86.1923     90.2868     42.2326     640.326      802.59     99.9944     2.35773     164.129     10.6942     11.0192     10.6981     3.01179       12.87     13.5533     13.1668     3.01179
       1      28       8     40.1749     83.9754     90.2893     66.9673     638.213      802.59     99.9944     2.37667     164.255     10.6943     11.0279     10.7068     3.03784     12.8699     13.5621     13.1756     3.03784
       1      28       9     40.1749     81.7584     90.2918     91.6024     635.145      802.59     99.9945     2.39555     164.378     10.6943     11.0198     10.6987     3.06385     12.8698      13.554     13.1675     3.06385
       1      28      10     40.1748     79.5414     90.2942     116.101     631.126      802.59     99.9945     2.41444       164.5     10.6943     11.0285     10.7074      3.0898     12.8697     13.5629     13.1763      3.0898
       1      29       1     38.9249     99.5015     90.2682    -106.025      631.33     839.302     99.9944     2.19407     162.945     10.6942     11.0236     10.6968     2.90476     12.8705     13.4911     13.0977     2.90476
       1      29       2     38.9249     97.2851     90.2707    -81.5317     634.957     839.302     99.9944     2.21264     163.089     10.6942     11.0321     10.7053     2.93156     12.8704     13.4997     13.1062     2.93156
       1      29       3     38.9249     95.0685     90.2732    -56.9163     637.635     839.302     99.9945     2.23118      163.23     10.6942      11.024     10.6971     2.95833     12.8703     13.4916     13.0981     2.95833
       1      29       4     38.9249      92.852     90.2757    -32.2151     639.359     839.302     99.9945     2.24972     163.368     10.6942     11.0327     10.7058     2.98505     12.8702     13.5004     13.1069     2.98505
       1      29       5     38.9249     90.6353     90.2781    -7.46503     640.126     839.302     99.9945     2.26822     163.504     10.6942     11.0245     10.6977     3.01172     12.8701     13.4923     13.0988     3.01172
       1      29       6     38.9249     88.4186     90.2806     17.2969     639.936     839.302     99.9946     2.28672     163.637     10.6942     11.0333     10.7064     3.03833       12.87     13.5011     13.1076     3.03833
       1      29       7     38.9249     86.2018     90.2831     42.0336     638.788     839.302     99.9946     2.30517     163.768     10.6942     11.0251     10.6982      3.0649     12.8699      13.493     13.0995      3.0649
       1      29       8     38.9248      83.985     90.2855     66.7081     636.684     839.302     99.9946     2.32362     163.897     10.6942     11.0339      10.707     3.09141     12.8698     13.5018     13.1083     3.09141
       1      29       9     38.9248     81.7681      90.288     91.2835     633.627     839.302     99.9947     2.34202     164.023     10.6942     11.0258     10.6988     3.11787     12.8697     13.4937     13.1002     3.11787
       1      29      10     38.9248     79.5512     90.2904     115.723     629.622     839.302     99.9947     2.36042     164.147     10.6943     11.0345     10.7076     3.14427     12.8696     13.5026      13.109     3.14427
       1      30       1     37.6749     99.5108     90.2641    -105.856     629.754     876.802     99.9946     2.14344     162.541     10.6942     11.0294     10.6969      2.9537     12.8704     13.4295     13.0293      2.9537
       1      30       2     37.6749     97.2944     90.2666    -81.4249     633.376     876.802     99.9947      2.1615     162.688     10.6942     11.0379     10.7054     2.98095     12.8703     13.4381     13.0378     2.98095
       1      30       3     37.6749     95.0779      90.269    -56.8716     636.051     876.802     99.9947     2.17954     162.832     10.6942     11.0298     10.6972     3.00817     12.8702       13.43     13.0297     3.00817
       1      30       4     37.6749     92.8614     90.2714    -32.2325     637.774     876.802     99.9947     2.19758     162.973     10.6942     11.0385      10.706     3.03534     12.8701     13.4388     13.0385     3.03534
       1      30       5     37.6748     90.6449     90.2739    -7.54453     638.544     876.802     99.9948     2.21557     163.112     10.6942     11.0304     10.6978     3.06246       12.87     13.4307     13.0304     3.06246
       1      30       6     37.6748     88.4283     90.2763     17.1554     638.357     876.802     99.9948     2.23357     163.248     10.6942     11.0391     10.7066     3.08952     12.8699     13.4395     13.0392     3.08952
       1      30       7     37.6748     86.2115     90.2787     41.8303     637.216     876.802     99.9948     2.25152     163.382     10.6942      11.031     10.6984     3.11653     12.8698     13.4314     13.0311     3.11653
       1      30       8     37.6748     83.9948     90.2811     66.4433     635.121     876.802     99.9949     2.26947     163.514     10.6942     11.0397     10.7072     3.14349     12.8697     13.4402     13.0399     3.14349
       1      30       9     37.6748      81.778     90.2836     90.9576     632.076     876.802     99.9949     2.28737     163.642     10.6942     11.0316      10.699     3.17039     12.8696     13.4321     13.0318     3.17039
       1      30      10     37.6748     79.5611     90.2859     115.336     628.085     876.802     99.9949     2.30528     163.769     10.6942     11.0404     10.7078     3.19724     12.8695      13.441     13.0406     3.19724
       1      31       1     36.4248     99.5202     90.2595    -105.684     628.146     915.323     99.9949     2.09181     162.109     10.6941     11.0351      10.697     3.00123     12.8703     13.3666     12.9597     3.00123
       1      31       2     36.4248     97.3039     90.2619    -81.3158     631.763     915.323     99.9949     2.10936     162.259     10.6941     11.0436     10.7056     3.02892     12.8702     13.3752     12.9683     3.02892
       1      31       3     36.4248     95.0876     90.2643    -56.8259     634.435     915.323     99.9949     2.12688     162.406     10.6942     11.0354     10.6974     3.05658     12.8701     13.3671     12.9602     3.05658
       1      31       4     36.4248     92.8712     90.2666    -32.2502     636.157     915.323      99.995      2.1444     162.551     10.6942     11.0442     10.7061     3.08418       12.87     13.3759      12.969     3.08418
       1      31       5     36.4248     90.6547      90.269    -7.62568     636.928     915.323      99.995     2.16188     162.693     10.6942      11.036      10.698     3.11173     12.8699     13.3678     12.9609     3.11173
       1      31       6     36.4248     88.4382     90.2714     17.0109     636.747     915.323      99.995     2.17936     162.832     10.6942     11.0448     10.7067     3.13923     12.8698     13.3766     12.9697     3.13923
       1      31       7     36.4248     86.2215     90.2738     41.6228     635.612     915.323     99.9951      2.1968     162.969     10.6942     11.0366     10.6986     3.16668     12.8697     13.3685     12.9616     3.16668
       1      31       8     36.4248     84.0049     90.2761      66.173     633.527     915.323     99.9951     2.21424     163.103     10.6942     11.0454     10.7073     3.19406     12.8696     13.3773     12.9704     3.19406
       1      31       9     36.4248     81.7881     90.2785      90.625     630.494     915.323     99.9951     2.23164     163.235     10.6942     11.0373     10.6992      3.2214     12.8695     13.3692     12.9623      3.2214
       1      31      10     36.4248     79.5714     90.2809     114.942     626.516     915.323     99.9952     2.24904     163.365     10.6942      11.046      10.708     3.24868     12.8694      13.378     12.9711     3.24868
       1      32       1     35.1748     99.5299     90.2542    -105.508     626.507     954.946     99.9951     2.03921     161.646     10.6941     11.0405     10.6972     3.04733     12.8702     13.3025     12.8892     3.04733
       1      32       2     35.1748     97.3137     90.2566    -81.2046     630.117     954.946     99.9952     2.05623     161.799     10.6941     11.0491     10.7057     3.07544     12.8701      13.311     12.8977     3.07544
       1      32       3     35.1748     95.0974     90.2589    -56.7793     632.786     954.946     99.9952     2.07322      161.95     10.6941     11.0409     10.6975     3.10352       12.87     13.3029     12.8896     3.10352
       1      32       4     35.1748     92.8811     90.2613    -32.2683     634.508     954.946     99.9952     2.09021     162.098     10.6941     11.0497     10.7063     3.13155       12.87     13.3117     12.8984     3.13155
       1      32       5     35.1748     90.6647     90.2636    -7.70844     635.281     954.946     99.9952     2.10717     162.243     10.6941     11.0415     10.6981     3.15952     12.8699     13.3036     12.8903     3.15952
       1      32       6     35.1748     88.4483     90.2659     16.8636     635.104     954.946     99.9953     2.12413     162.386     10.6942     11.0503     10.7069     3.18744     12.8698     13.3124     12.8991     3.18744
       1      32       7     35.1747     86.2318     90.2683     41.4112     633.977     954.946     99.9953     2.14104     162.526     10.6942     11.0421     10.6987     3.21531     12.8697     13.3043      12.891     3.21531
       1      32       8     35.1747     84.0152     90.2706     65.8974       631.9     954.946     99.9953     2.15796     162.664     10.6942     11.0509     10.7075     3.24312     12.8696     13.3131     12.8998     3.24312
       1      32       9     35.1747     81.7986     90.2729     90.2858     628.879     954.946     99.9954     2.17484     162.799     10.6942     11.0428     10.6993     3.27087     12.8695      13.305     12.8917     3.27087
       1      32      10     35.1747     79.5819     90.2752      114.54     624.917     954.946     99.9954     2.19172     162.932     10.6942     11.0515     10.7081     3.29857     12.8694     13.3139     12.9005     3.29857
       1      33       1     33.9247     99.5399     90.2484    -105.329     624.836     995.941     99.9954     1.98566     161.148     10.6941     11.0459     10.6973     3.09198     12.8702     13.2371     12.8175     3.09198
       1      33       2     33.9247     97.3238     90.2507    -81.0913     628.441     995.941     99.9954     2.00214     161.305     10.6941     11.0544     10.7058      3.1205     12.8701     13.2456     12.8261      3.1205
       1      33       3     33.9247     95.1076      90.253    -56.7318     631.106     995.941     99.9954     2.01859      161.46     10.6941     11.0462     10.6977     3.14899       12.87     13.2375      12.818     3.14899
       1      33       4     33.9247     92.8913     90.2553    -32.2867     632.828     995.941     99.9954     2.03505     161.611     10.6941      11.055     10.7064     3.17743     12.8699     13.2463     12.8268     3.17743
       1      33       5     33.9247      90.675     90.2576    -7.79276     633.603     995.941     99.9955     2.05146      161.76     10.6941     11.0468     10.6983     3.20581     12.8698     13.2382     12.8186     3.20581
       1      33       6     33.9247     88.4587     90.2599     16.7135      633.43     995.941     99.9955     2.06788     161.906     10.6941     11.0556      10.707     3.23414     12.8697      13.247     12.8274     3.23414
       1      33       7     33.9247     86.2423     90.2622     41.1955      632.31     995.941     99.9955     2.08427      162.05     10.6941     11.0475     10.6989     3.26241     12.8696     13.2389     12.8193     3.26241
       1      33       8     33.9247     84.0258     90.2644     65.6166     630.243     995.941     99.9956     2.10065     162.191     10.6942     11.0562     10.7076     3.29062     12.8695     13.2477     12.8281     3.29062
       1      33       9     33.9247     81.8092     90.2667     89.9401     627.234     995.941     99.9956       2.117      162.33     10.6942     11.0481     10.6995     3.31878     12.8694     13.2396       12.82     3.31878
       1      33      10     33.9247     79.5926     90.2689      114.13     623.287     995.941     99.9956     2.13334     162.466     10.6942     11.0569     10.7083     3.34688     12.8693     13.2485     12.8289     3.34688
       1      34       1     32.6747       99.55     90.2421    -105.147     623.135     1038.05     99.9956      1.9312     160.612     10.6941      11.051     10.6974     3.13516     12.8702     13.1705     12.7449     3.13516
       1      34       2     32.6747      97.334     90.2443    -80.9759     626.734     1038.05     99.9956     1.94712     160.774     10.6941     11.0595      10.706     3.16408     12.8701      13.179     12.7535     3.16408
       1      34       3     32.6746     95.1179     90.2466    -56.6834     629.396     1038.05     99.9957     1.96302     160.932     10.6941     11.0514     10.6978     3.19297       12.87     13.1709     12.7453     3.19297
       1      34       4     32.6746     92.9018     90.2488    -32.3055     631.117     1038.05     99.9957     1.97892     161.087     10.6941     11.0601     10.7066      3.2218     12.8699     13.1797     12.7541      3.2218
       1      34       5     32.6746     90.6856      90.251    -7.87861     631.894     1038.05     99.9957     1.99479      161.24     10.6941      11.052     10.6984     3.25057     12.8698     13.1716      12.746     3.25057
       1      34       6     32.6746     88.4693     90.2532     16.5607     631.726     1038.05     99.9957     2.01067      161.39     10.6941     11.0608     10.7072     3.27929     12.8697     13.1804     12.7548     3.27929
       1      34       7     32.6746      86.253     90.2555      40.976     630.613     1038.05     99.9958      2.0265     161.537     10.6941     11.0526      10.699     3.30796     12.8696     13.1723     12.7467     3.30796
       1      34       8     32.6746     84.0366     90.2576     65.3306     628.556     1038.05     99.9958     2.04234     161.682     10.6941     11.0614     10.7078     3.33657     12.8695     13.1811     12.7555     3.33657
       1      34       9     32.6746     81.8201     90.2599     89.5882      625.56     1038.05     99.9958     2.05814     161.824     10.6941     11.0532     10.6996     3.36512     12.8694      13.173     12.7474     3.36512
       1      34      10     32.6746     79.6036     90.2621     113.712     621.627     1038.05     99.9958     2.07394     161.964     10.6942      11.062     10.7084     3.39361     12.8693     13.1818     12.7562     3.39361
       1      35       1     31.4246     99.5604     90.2352    -104.962     621.404     1081.57     99.9959     1.87585     160.035      10.694      11.056     10.6976     3.17686     12.8701     13.1027     12.6713     3.17686
       1      35       2     31.4246     97.3445     90.2374    -80.8585     624.997     1081.57     99.9959     1.89121       160.2     10.6941     11.0645     10.7061     3.20616       12.87     13.1113     12.6799     3.20616
       1      35       3     31.4246     95.1285     90.2395    -56.6342     627.656     1081.57     99.9959     1.90654     160.363     10.6941     11.0563     10.6979     3.23543     12.8699     13.1031     12.6717     3.23543
       1      35       4     31.4246     92.9125     90.2417    -32.3246     629.376     1081.57     99.9959     1.92188     160.523     10.6941     11.0651     10.7067     3.26464     12.8699     13.1119     12.6805     3.26464
       1      35       5     31.4246     90.6964     90.2439    -7.96595     630.156     1081.57      99.996     1.93719     160.679     10.6941     11.0569     10.6985      3.2938     12.8698     13.1038     12.6724      3.2938
       1      35       6     31.4246     88.4802      90.246     16.4053     629.992     1081.57      99.996      1.9525     160.833     10.6941     11.0657     10.7073      3.3229     12.8697     13.1126     12.6812      3.3229
       1      35       7     31.4245      86.264     90.2482     40.7527     628.887     1081.57      99.996     1.96778     160.984     10.6941     11.0576     10.6991     3.35195     12.8696     13.1045     12.6731     3.35195
       1      35       8     31.4245     84.0477     90.2503     65.0397      626.84     1081.57      99.996     1.98306     161.133     10.6941     11.0664     10.7079     3.38093     12.8695     13.1133     12.6819     3.38093
       1      35       9     31.4245     81.8313     90.2525     89.2303     623.856     1081.57      99.996     1.99831     161.279     10.6941     11.0582     10.6998     3.40986     12.8694     13.1052     12.6738     3.40986
       1      35      10     31.4245     79.6149     90.2546     113.288     619.939     1081.57     99.9961     2.01355     161.423     10.6941      11.067     10.7086     3.43873     12.8693     13.1141     12.6826     3.43873
       1      36       1     30.1745     99.5711     90.2278    -104.773     619.645     1126.62     99.9961     1.81966     159.411      10.694     11.0607     10.6977     3.21705     12.8701     13.0338     12.5968     3.21705
       1      36       2     30.1745     97.3552     90.2299    -80.7392     623.232     1126.62     99.9961     1.83443     159.581      10.694     11.0693     10.7062     3.24672       12.87     13.0424     12.6053     3.24672
       1      36       3     30.1745     95.1393      90.232    -56.5842     625.888     1126.62     99.9962     1.84919     159.748      10.694     11.0611      10.698     3.27636       12.87     13.0342     12.5972     3.27636
       1      36       4     30.1745     92.9234     90.2341     -32.344     627.607     1126.62     99.9962     1.86396     159.912     10.6941     11.0699     10.7068     3.30594     12.8699      13.043      12.606     3.30594
       1      36       5     30.1745     90.7074     90.2362    -8.05473     628.388     1126.62     99.9962     1.87869     160.073     10.6941     11.0617     10.6987     3.33547     12.8698     13.0349     12.5979     3.33547
       1      36       6     30.1745     88.4913     90.2382     16.2473      628.23     1126.62     99.9962     1.89343     160.231     10.6941     11.0705     10.7074     3.36494     12.8697     13.0437     12.6067     3.36494
       1      36       7     30.1745     86.2752     90.2403     40.5256     627.132     1126.62     99.9962     1.90814     160.386     10.6941     11.0624     10.6993     3.39435     12.8696     13.0356     12.5986     3.39435
       1      36       8     30.1745      84.059     90.2424     64.7441     625.095     1126.62     99.9963     1.92285     160.539     10.6941     11.0712     10.7081      3.4237     12.8695     13.0444     12.6074      3.4237
       1      36       9     30.1744     81.8427     90.2445     88.8664     622.124     1126.62     99.9963     1.93753     160.689     10.6941      11.063     10.6999       3.453     12.8694     13.0363     12.5993       3.453
       1      36      10     30.1744     79.6264     90.2466     112.856     618.223     1126.62     99.9963     1.95221     160.837     10.6941     11.0718     10.7087     3.48223     12.8693     13.0451     12.6081     3.48223
       1      37       1     28.9244     99.5888     90.2138    -104.622     618.239     1175.21     99.9962     1.70528     166.799      10.694     11.0654     10.6978     3.25574     11.9977     12.9638     12.5514     3.25574
       1      37       2     28.9244     97.3731     90.2158    -80.6438     621.821     1175.21     99.9962     1.72023     166.913      10.694     11.0739     10.7063     3.28577     11.9976     12.9724     12.5599     3.28577
       1      37       3     28.9244     95.1574     90.2177    -56.5443     624.474     1175.21     99.9962     1.73517     167.024      10.694     11.0658     10.6982     3.31576     11.9975     12.9642     12.5518     3.31576
       1      37       4     28.9244     92.9416     90.2197    -32.3595     626.193     1175.21     99.9962      1.7501     167.133      10.694     11.0745     10.7069      3.3457     11.9974      12.973     12.5606      3.3457
       1      37       5     28.9244     90.7258     90.2217     -8.1257     626.975     1175.21     99.9962     1.76499     167.241      10.694     11.0664     10.6988     3.37558     11.9973     12.9649     12.5525     3.37558
       1      37       6     28.9244     88.5099     90.2236     16.1209     626.821     1175.21     99.9962     1.77987     167.346     10.6941     11.0752     10.7076      3.4054     11.9972     12.9737     12.5613      3.4054
       1      37       7     28.9244     86.2939     90.2256     40.3441     625.729     1175.21     99.9962     1.79472     167.449     10.6941      11.067     10.6994     3.43516     11.9971     12.9656     12.5532     3.43516
       1      37       8     28.9244     84.0779     90.2275     64.5076       623.7     1175.21     99.9963     1.80956      167.55     10.6941     11.0758     10.7082     3.46487      11.997     12.9744      12.562     3.46487
       1      37       9     28.9243     81.8618     90.2295     88.5754      620.74     1175.21     99.9963     1.82436      167.65     10.6941     11.0677        10.7     3.49451     11.9969     12.9663     12.5539     3.49451
       1      37      10     28.9243     79.6456     90.2314     112.511      616.85     1175.21     99.9963     1.83915     167.747     10.6941     11.0765     10.7088      3.5241     11.9969     12.9751     12.5627      3.5241
       1      38       1     28.1743     99.5952     90.2089    -104.506     617.156     1222.53     99.9963     1.66911     166.521      10.694     11.0681     10.6979     3.27822     11.9977     12.9213     12.5059     3.27822
       1      38       2     28.1743     97.3796     90.2108    -80.5704     620.735     1222.53     99.9963     1.68371     166.637      10.694     11.0766     10.7064     3.30845     11.9976     12.9298     12.5145     3.30845
       1      38       3     28.1743     95.1639     90.2128    -56.5135     623.385     1222.53     99.9964      1.6983     166.751      10.694     11.0684     10.6982     3.33865     11.9975     12.9217     12.5063     3.33865
       1      38       4     28.1743     92.9482     90.2147    -32.3714     625.104     1222.53     99.9964     1.71288     166.862      10.694     11.0772      10.707     3.36879     11.9974     12.9305     12.5151     3.36879
       1      38       5     28.1743     90.7324     90.2166    -8.18033     625.888     1222.53     99.9964     1.72742     166.972      10.694     11.0691     10.6988     3.39888     11.9973     12.9224      12.507     3.39888
       1      38       6     28.1743     88.5166     90.2185     16.0237     625.736     1222.53     99.9964     1.74196     167.079      10.694     11.0778     10.7076     3.42891     11.9972     12.9312     12.5158     3.42891
       1      38       7     28.1743     86.3007     90.2205     40.2044     624.649     1222.53     99.9964     1.75646     167.185     10.6941     11.0697     10.6995     3.45887     11.9972     12.9231     12.5077     3.45887
       1      38       8     28.1743     84.0847     90.2223     64.3257     622.627     1222.53     99.9964     1.77095     167.288     10.6941     11.0785     10.7083     3.48878     11.9971     12.9319     12.5165     3.48878
       1      38       9     28.1743     81.8687     90.2243     88.3515     619.674     1222.53     99.9964     1.78541      167.39     10.6941     11.0704     10.7001     3.51863      11.997     12.9238     12.5084     3.51863
       1      38      10     28.1743     79.6526     90.2262     112.246     615.794     1222.53     99.9964     1.79985     167.489     10.6941     11.0792     10.7089     3.54842     11.9969     12.9326     12.5172     3.54842
       1      39       1     27.4243     99.6017     90.2039    -104.389     616.064     1271.01     99.9965      1.6326     166.228      10.694     11.0707     10.6979     3.30014     11.9977     12.8784     12.4602     3.30014
       1      39       2     27.4243     97.3862     90.2057    -80.4963     619.639     1271.01     99.9965     1.64685     166.347      10.694     11.0792     10.7065     3.33058     11.9976     12.8869     12.4687     3.33058
       1      39       3     27.4242     95.1706     90.2076    -56.4825     622.288     1271.01     99.9965     1.66108     166.463      10.694      11.071     10.6983     3.36098     11.9975     12.8788     12.4606     3.36098
       1      39       4     27.4242     92.9549     90.2095    -32.3835     624.006     1271.01     99.9965     1.67531     166.577      10.694     11.0798     10.7071     3.39132     11.9974     12.8876     12.4694     3.39132
       1      39       5     27.4242     90.7392     90.2114    -8.23544     624.791     1271.01     99.9965      1.6895     166.688      10.694     11.0717     10.6989      3.4216     11.9974     12.8795     12.4612      3.4216
       1      39       6     27.4242     88.5234     90.2132     15.9256     624.642     1271.01     99.9965     1.70368     166.798      10.694     11.0805     10.7077     3.45183     11.9973     12.8883       12.47     3.45183
       1      39       7     27.4242     86.3075     90.2151     40.0635     623.559     1271.01     99.9966     1.71783     166.906      10.694     11.0723     10.6995       3.482     11.9972     12.8802     12.4619       3.482
       1      39       8     27.4242     84.0916      90.217     64.1422     621.544     1271.01     99.9966     1.73198     167.011     10.6941     11.0811     10.7083     3.51211     11.9971      12.889     12.4707     3.51211
       1      39       9     27.4242     81.8756     90.2188     88.1256     618.599     1271.01     99.9966     1.74609     167.115     10.6941      11.073     10.7002     3.54215      11.997     12.8809     12.4626     3.54215
       1      39      10     27.4242     79.6596     90.2207     111.978     614.729     1271.01     99.9966     1.76018     167.217     10.6941     11.0818      10.709     3.57214     11.9969     12.8897     12.4714     3.57214
       1      40       1     26.6742     99.6083     90.1986    -104.271     614.963     1320.71     99.9967     1.59575     165.918      10.694     11.0732      10.698      3.3215     11.9977     12.8351     12.4141      3.3215
       1      40       2     26.6742     97.3928     90.2005    -80.4216     618.534     1320.71     99.9967     1.60965     166.039      10.694     11.0818     10.7065     3.35214     11.9976     12.8436     12.4226     3.35214
       1      40       3     26.6742     95.1773     90.2023    -56.4512      621.18     1320.71     99.9967     1.62352     166.158      10.694     11.0736     10.6983     3.38273     11.9976     12.8355     12.4145     3.38273
       1      40       4     26.6742     92.9617     90.2041    -32.3956     622.898     1320.71     99.9967     1.63739     166.275      10.694     11.0824     10.7071     3.41327     11.9975     12.8443     12.4233     3.41327
       1      40       5     26.6742      90.746      90.206    -8.29103     623.685     1320.71     99.9967     1.65123     166.389      10.694     11.0742      10.699     3.44375     11.9974     12.8362     12.4152     3.44375
       1      40       6     26.6742     88.5303     90.2078     15.8266     623.539     1320.71     99.9967     1.66506     166.501      10.694      11.083     10.7077     3.47417     11.9973      12.845      12.424     3.47417
       1      40       7     26.6742     86.3145     90.2096     39.9213     622.461     1320.71     99.9967     1.67885     166.611      10.694     11.0749     10.6996     3.50454     11.9972     12.8369     12.4158     3.50454
       1      40       8     26.6742     84.0986     90.2114      63.957     620.452     1320.71     99.9967     1.69264     166.719     10.6941     11.0837     10.7084     3.53484     11.9971     12.8457     12.4247     3.53484
       1      40       9     26.6742     81.8827     90.2132     87.8978     617.515     1320.71     99.9967      1.7064     166.825     10.6941     11.0755     10.7002     3.56508      11.997     12.8376     12.4165     3.56508
       1      40      10     26.6741     79.6667      90.215     111.708     613.654     1320.71     99.9967     1.72014     166.929     10.6941     11.0843      10.709     3.59526      11.997     12.8464     12.4254     3.59526
       1      41       1     25.9241      99.615     90.1932    -104.152     613.852     1371.94     99.9968     1.55858     165.591      10.694     11.0757      10.698     3.34231     11.9978     12.7914     12.3677     3.34231
       1      41       2     25.9241     97.3995      90.195    -80.3463     617.419     1371.94     99.9968     1.57212     165.714      10.694     11.0842     10.7066     3.37313     11.9977        12.8     12.3763     3.37313
       1      41       3     25.9241      95.184     90.1968    -56.4196     620.064     1371.94     99.9968     1.58563     165.836      10.694     11.0761     10.6984     3.40392     11.9976     12.7919     12.3681     3.40392
       1      41       4     25.9241     92.9685     90.1986    -32.4079     621.781     1371.94     99.9968     1.59914     165.955      10.694     11.0849     10.7072     3.43465     11.9975     12.8007     12.3769     3.43465
       1      41       5     25.9241     90.7529     90.2004    -8.34708     622.569     1371.94     99.9968     1.61261     166.072      10.694     11.0767      10.699     3.46532     11.9974     12.7925     12.3688     3.46532
       1      41       6     25.9241     88.5372     90.2021     15.7269     622.426     1371.94     99.9969     1.62608     166.186      10.694     11.0855     10.7078     3.49593     11.9973     12.8014     12.3776     3.49593
       1      41       7     25.9241     86.3215     90.2039      39.778     621.353     1371.94     99.9969     1.63952     166.299      10.694     11.0774     10.6997     3.52648     11.9973     12.7932     12.3695     3.52648
       1      41       8     25.9241     84.1057     90.2057     63.7703      619.35     1371.94     99.9969     1.65295      166.41      10.694     11.0862     10.7084     3.55697     11.9972      12.802     12.3783     3.55697
       1      41       9     25.9241     81.8898     90.2074      87.668     616.422     1371.94     99.9969     1.66635     166.518     10.6941      11.078     10.7003      3.5874     11.9971     12.7939     12.3702      3.5874
       1      41      10     25.9241     79.6739     90.2092     111.435     612.571     1371.94     99.9969     1.67974     166.625     10.6941     11.0868     10.7091     3.61777      11.997     12.8028      12.379     3.61777
       1      42       1      25.174     99.6217     90.1877    -104.033     612.733     1424.33      99.997     1.52109     165.244     10.6939     11.0781     10.6981     3.36255     11.9978     12.7474     12.3211     3.36255
       1      42       2      25.174     97.4063     90.1894    -80.2703     616.296     1424.33      99.997     1.53426      165.37      10.694     11.0866     10.7066     3.39356     11.9977      12.756     12.3296     3.39356
       1      42       3      25.174     95.1909     90.1911    -56.3878     618.938     1424.33      99.997     1.54741     165.494      10.694     11.0785     10.6985     3.42453     11.9976     12.7479     12.3215     3.42453
       1      42       4      25.174     92.9754     90.1928    -32.4202     620.655     1424.33      99.997     1.56055     165.616      10.694     11.0873     10.7072     3.45545     11.9976     12.7567     12.3303     3.45545
       1      42       5      25.174     90.7599     90.1946    -8.40359     621.444     1424.33      99.997     1.57366     165.736      10.694     11.0791     10.6991      3.4863     11.9975     12.7485     12.3222      3.4863
       1      42       6      25.174     88.5443     90.1963     15.6263     621.304     1424.33      99.997     1.58677     165.853      10.694     11.0879     10.7079      3.5171     11.9974     12.7574      12.331      3.5171
       1      42       7      25.174     86.3286      90.198     39.6335     620.236     1424.33      99.997     1.59985     165.968      10.694     11.0798     10.6997     3.54784     11.9973     12.7492     12.3228     3.54784
       1      42       8      25.174     84.1129     90.1997     63.5821      618.24     1424.33      99.997     1.61292     166.082      10.694     11.0886     10.7085     3.57851     11.9972      12.758     12.3316     3.57851
       1      42       9      25.174      81.897     90.2015     87.4364     615.319     1424.33      99.997     1.62595     166.193      10.694     11.0804     10.7004     3.60912     11.9971     12.7499     12.3235     3.60912
       1      42      10      25.174     79.6812     90.2032     111.161     611.479     1424.33      99.997     1.63898     166.302     10.6941     11.0892     10.7092     3.63967     11.9971     12.7587     12.3323     3.63967
       1      43       1      24.424     99.6285     90.1819    -103.912     611.604     1478.19     99.9971      1.4833     164.875     10.6939     11.0804     10.6981     3.38223     11.9979     12.7031     12.2742     3.38223
       1      43       2      24.424     97.4132     90.1836    -80.1938     615.164     1478.19     99.9971     1.49609     165.005      10.694      11.089     10.7067     3.41342     11.9978     12.7117     12.2827     3.41342
       1      43       3      24.424     95.1978     90.1853    -56.3557     617.804     1478.19     99.9971     1.50887     165.132      10.694     11.0808     10.6985     3.44457     11.9977     12.7035     12.2746     3.44457
       1      43       4     24.4239     92.9824      90.187    -32.4327      619.52     1478.19     99.9971     1.52164     165.257      10.694     11.0896     10.7073     3.47567     11.9976     12.7123     12.2834     3.47567
       1      43       5     24.4239     90.7669     90.1886    -8.46054     620.311     1478.19     99.9972     1.53439     165.379      10.694     11.0815     10.6991      3.5067     11.9975     12.7042     12.2752      3.5067
       1      43       6     24.4239     88.5514     90.1903     15.5249     620.174     1478.19     99.9972     1.54713     165.499      10.694     11.0903     10.7079     3.53768     11.9974      12.713      12.284     3.53768
       1      43       7     24.4239     86.3358      90.192     39.4879      619.11     1478.19     99.9972     1.55984     165.617      10.694     11.0821     10.6998     3.56859     11.9974     12.7049     12.2759     3.56859
       1      43       8     24.4239     84.1201     90.1936     63.3925     617.121     1478.19     99.9972     1.57254     165.733      10.694     11.0909     10.7086     3.59945     11.9973     12.7137     12.2847     3.59945
       1      43       9     24.4239     81.9043     90.1953      87.203     614.209     1478.19     99.9972     1.58522     165.847      10.694     11.0828     10.7004     3.63024     11.9972     12.7056     12.2766     3.63024
       1      43      10     24.4239     79.6886     90.1969     110.884     610.378     1478.19     99.9972     1.59788     165.959     10.6941     11.0916     10.7092     3.66096     11.9971     12.7144     12.2854     3.66096
       2       1       1          90     99.3079         -90    -109.192     660.896    -13.3634     99.9918     3.36832     18.5102      10.695     10.6914     10.6914          -0     14.4317     14.6267     14.6267          -0
       2       1       2          90     97.0897         -90    -83.5374     664.626    -13.3634      99.992     3.39629     18.3519      10.695     10.6998     10.6998          -0     14.4317     14.6354     14.6354          -0
       2       1       3          90     94.8713         -90    -57.7569      667.36    -13.3634     99.9922     3.42415     18.1969      10.695     10.6915     10.6915          -0     14.4317     14.6273     14.6273          -0
       2       1       4          90      92.653         -90    -31.8892     669.094    -13.3634     99.9924     3.45208     18.0442      10.695     10.7001     10.7001          -0     14.4317     14.6362     14.6362          -0
       2       1       5          90     90.4345         -90     -5.9731     669.827    -13.3634     99.9926     3.47989     17.8947      10.695     10.6919     10.6919          -0     14.4317     14.6282     14.6282          -0
       2       1       6          90     88.2161         -90     19.9526     669.556    -13.3634     99.9928     3.50776     17.7474      10.695     10.7005     10.7005          -0     14.4317     14.6371     14.6371          -0
       2       1       7          90     85.9975         -90      45.849     668.282    -13.3634      99.993      3.5355     17.6032      10.695     10.6922     10.6922          -0     14.4317     14.6291     14.6291          -0
       2       1       8          90     83.7789         -90     71.6774     666.006    -13.3634     99.9932      3.5633      17.461      10.695     10.7009     10.7009          -0     14.4317      14.638      14.638          -0
       2       1       9          90     81.5602         -90     97.3991     662.733    -13.3634     99.9934     3.59097     17.3218      10.695     10.6926     10.6926          -0     14.4317     14.6299     14.6299          -0
       2       1      10          90     80.0424         -90     122.986     658.464    -13.3634     99.9123     4.29761     14.4091      10.695       10.71       10.71  -0.0293717     14.4317     14.6508     14.6508  -0.0293717
       2       2       1     92.1397     99.3068     -90.024     -109.22     661.155     -39.109     99.9917     3.36322     18.5726      10.695     10.7071     10.6914   -0.143382     14.4317     14.6397     14.6185   -0.143382
       2       2       2     92.1397     97.0885    -90.0243    -83.5549     664.885     -39.109     99.9919     3.39113     18.4142      10.695     10.7155     10.6998   -0.144706     14.4317     14.6483     14.6271   -0.144706
       2       2       3     92.1397     94.8702    -90.0245    -57.7642      667.62     -39.109     99.9921     3.41894     18.2591      10.695     10.7072     10.6915   -0.146029     14.4317     14.6403     14.6191   -0.146029
       2       2       4     92.1397     92.6518    -90.0247    -31.8863     669.355     -39.109     99.9923     3.44681     18.1062      10.695     10.7159     10.7002    -0.14735     14.4317     14.6492      14.628    -0.14735
       2       2       5     92.1397     90.4334    -90.0249    -5.96003     670.087     -39.109     99.9925     3.47456     17.9566      10.695     10.7076     10.6919   -0.148668     14.4317     14.6411     14.6199   -0.148668
       2       2       6     92.1397     88.2149    -90.0251     19.9758     669.815     -39.109     99.9927     3.50237     17.8091      10.695     10.7162     10.7005   -0.149983     14.4317       14.65     14.6288   -0.149983
       2       2       7     92.1397     85.9963    -90.0254     45.8825      668.54     -39.109      99.993     3.53006     17.6648      10.695      10.708     10.6923   -0.151296     14.4317      14.642     14.6208   -0.151296
       2       2       8     92.1397     83.7778    -90.0256      71.721     666.263     -39.109     99.9932     3.55781     17.5225      10.695     10.7166     10.7009   -0.152607     14.4317     14.6509     14.6297   -0.152607
       2       2       9     92.1397      81.559    -90.0258     97.4527     662.988     -39.109     99.9934     3.58542     17.3831      10.695     10.7084     10.6926   -0.153915     14.4317     14.6429     14.6217   -0.153915
       2       2      10     92.1397     79.3404     -90.026     123.046     658.717     -39.109     99.9936     3.61189     17.2516      10.695      10.717     10.7013   -0.119301     14.4317     14.6518     14.6305   -0.119301
       2       3       1     94.2793     99.3064    -90.0477    -109.233     661.274    -64.9079     99.9917     3.35463     18.6549      10.695     10.7228     10.6914   -0.286162     14.4316     14.6471     14.6047   -0.286162
       2       3       2     94.2793     97.0882    -90.0481    -83.5631     665.005    -64.9079     99.9919     3.38244     18.4962      10.695     10.7312     10.6998   -0.288805     14.4316     14.6558     14.6134   -0.288805
       2       3       3     94.2793     94.8698    -90.0485    -57.7676      667.74    -64.9079     99.9921     3.41016     18.3407      10.695     10.7229     10.6916   -0.291445     14.4316     14.6477     14.6053   -0.291445
       2       3       4     94.2793     92.6515     -90.049     -31.885     669.475    -64.9079     99.9923     3.43794     18.1876      10.695     10.7316     10.7002   -0.294081     14.4316     14.6566     14.6142   -0.294081
       2       3       5     94.2793      90.433    -90.0494    -5.95399     670.207    -64.9079     99.9925      3.4656     18.0377      10.695     10.7233     10.6919   -0.296711     14.4316     14.6486     14.6062   -0.296711
       2       3       6     94.2793     88.2145    -90.0499     19.9866     669.935    -64.9079     99.9927     3.49332       17.89      10.695      10.732     10.7006   -0.299337     14.4316     14.6575      14.615   -0.299337
       2       3       7     94.2793     85.9959    -90.0503     45.8979     668.659    -64.9079     99.9929     3.52092     17.7453      10.695     10.7237     10.6923   -0.301958     14.4316     14.6494      14.607   -0.301958
       2       3       8     94.2793     83.7774    -90.0507     71.7411     666.381    -64.9079     99.9931     3.54858     17.6028      10.695     10.7324      10.701   -0.304573     14.4316     14.6583     14.6159   -0.304573
       2       3       9     94.2793     81.5587    -90.0512     97.4775     663.105    -64.9079     99.9934      3.5761     17.4631      10.695     10.7241     10.6927   -0.307183     14.4316     14.6503     14.6079   -0.307183
       2       3      10     94.2794       79.34    -90.0516     123.068     658.835    -64.9079     99.9936     3.60369     17.3255      10.695     10.7328     10.7014   -0.309789     14.4316     14.6592     14.6168   -0.309789
       2       4       1      96.419     99.3068    -90.0708    -109.231     661.255    -90.7859     99.9917     3.34255     18.7571      10.695     10.7385     10.6915   -0.428144     14.4315      14.649     14.5855   -0.428144
       2       4       2      96.419     97.0886    -90.0714    -83.5617     664.986    -90.7859     99.9919     3.37024     18.5979      10.695     10.7469     10.6999   -0.432098     14.4315     14.6577     14.5941   -0.432098
       2       4       3      96.419     94.8702    -90.0721    -57.7671     667.721    -90.7859     99.9921     3.39783      18.442      10.695     10.7387     10.6916   -0.436049     14.4315     14.6496     14.5861   -0.436049
       2       4       4      96.419     92.6519    -90.0727    -31.8852     669.455    -90.7859     99.9923     3.42549     18.2885      10.695     10.7473     10.7003   -0.439992     14.4315     14.6585      14.595   -0.439992
       2       4       5      96.419     90.4334    -90.0734    -5.95498     670.187    -90.7859     99.9925     3.45302     18.1381      10.695      10.739      10.692   -0.443927     14.4315     14.6505     14.5869   -0.443927
       2       4       6      96.419      88.215     -90.074     19.9848     669.915    -90.7859     99.9927     3.48062       17.99      10.695     10.7477     10.7007   -0.447856     14.4315     14.6594     14.5958   -0.447856
       2       4       7      96.419     85.9964    -90.0747     45.8954      668.64    -90.7859     99.9929     3.50809      17.845      10.695     10.7394     10.6924   -0.451776     14.4315     14.6513     14.5878   -0.451776
       2       4       8      96.419     83.7778    -90.0753     71.7378     666.362    -90.7859     99.9931     3.53562      17.702      10.695     10.7481      10.701   -0.455689     14.4315     14.6602     14.5967   -0.455689
       2       4       9      96.419     81.5591     -90.076     97.4734     663.086    -90.7859     99.9933     3.56302      17.562      10.695     10.7398     10.6928   -0.459595     14.4315     14.6522     14.5887   -0.459595
       2       4      10      96.419     79.3404    -90.0766     123.064     658.816    -90.7859     99.9935     3.59049     17.4239      10.695     10.7485     10.7014   -0.463492     14.4315     14.6611     14.5976   -0.463492
       2       5       1     98.5587      99.308    -90.0932    -109.214     661.096    -116.871     99.9917     3.32701     18.8796      10.695     10.7542     10.6916   -0.569134     14.4314     14.6454     14.5609   -0.569134
       2       5       2     98.5587     97.0898    -90.0941    -83.5509     664.826    -116.871     99.9919     3.35453     18.7198      10.695     10.7626        10.7   -0.574391     14.4313     14.6541     14.5695   -0.574391
       2       5       3     98.5587     94.8714     -90.095    -57.7625     667.561    -116.871     99.9921     3.38197     18.5633      10.695     10.7543     10.6917   -0.579642     14.4313      14.646     14.5614   -0.579642
       2       5       4     98.5587     92.6531    -90.0958     -31.887     669.295    -116.871     99.9923     3.40946     18.4092      10.695      10.763     10.7004   -0.584884     14.4313     14.6549     14.5703   -0.584884
       2       5       5     98.5587     90.4346    -90.0967      -5.963     670.028    -116.871     99.9925     3.43683     18.2583      10.695     10.7547     10.6921   -0.590115     14.4313     14.6468     14.5623   -0.590115
       2       5       6     98.5587     88.2162    -90.0975     19.9705     669.756    -116.871     99.9927     3.46427     18.1095      10.695     10.7634     10.7008   -0.595337     14.4313     14.6557     14.5712   -0.595337
       2       5       7     98.5587     85.9976    -90.0984     45.8748     668.481    -116.871     99.9929     3.49158     17.9639      10.695     10.7551     10.6925   -0.600548     14.4313     14.6477     14.5631   -0.600548
       2       5       8     98.5587      83.779    -90.0992      71.711     666.204    -116.871     99.9931     3.51895     17.8204      10.695     10.7638     10.7012    -0.60575     14.4313     14.6566      14.572    -0.60575
       2       5       9     98.5587     81.5603    -90.1001     97.4405     662.929    -116.871     99.9933     3.54619     17.6799      10.695     10.7555     10.6929   -0.610941     14.4313     14.6486      14.564   -0.610941
       2       5      10     98.5587     79.3417    -90.1009     123.025     658.661    -116.871     99.9935      3.5735     17.5413      10.695     10.7642     10.7016   -0.616122     14.4313     14.6575     14.5729   -0.616122
       2       6       1     100.698     99.3099     -90.115    -109.182     660.797    -142.987     99.9917     3.30801     19.0228      10.695     10.7698     10.6917   -0.708943     14.4311     14.6363     14.5308   -0.708943
       2       6       2     100.698     97.0917     -90.116    -83.5307     664.527    -142.987     99.9919     3.33533     18.8622      10.695     10.7782     10.7001   -0.715491     14.4311     14.6449     14.5394   -0.715491
       2       6       3     100.698     94.8734    -90.1171    -57.7541     667.261    -142.987     99.9921     3.36257      18.705      10.695     10.7699     10.6919   -0.722032     14.4311     14.6369     14.5314   -0.722032
       2       6       4     100.698      92.655    -90.1182    -31.8903     668.995    -142.987     99.9923     3.38986     18.5501      10.695     10.7786     10.7005   -0.728561     14.4311     14.6457     14.5403   -0.728561
       2       6       5     100.698     90.4366    -90.1192    -5.97805     669.728    -142.987     99.9925     3.41704     18.3984      10.695     10.7703     10.6922   -0.735077     14.4311     14.6377     14.5322   -0.735077
       2       6       6     100.698     88.2182    -90.1203     19.9438     669.457    -142.987     99.9927     3.44428      18.249      10.695      10.779     10.7009   -0.741581     14.4311     14.6466     14.5411   -0.741581
       2       6       7     100.698     85.9996    -90.1213     45.8364     668.184    -142.987     99.9929      3.4714     18.1027      10.695     10.7707     10.6926   -0.748073     14.4311     14.6386     14.5331   -0.748073
       2       6       8     100.698     83.7811    -90.1224     71.6609     665.909    -142.987     99.9931     3.49858     17.9585      10.695     10.7794     10.7013   -0.754552     14.4311     14.6475     14.5419   -0.754552
       2       6       9     100.698     81.5624    -90.1234     97.3788     662.636    -142.987     99.9933     3.52563     17.8173      10.695     10.7711      10.693   -0.761018     14.4311     14.6394     14.5339   -0.761018
       2       6      10     100.698     79.3437    -90.1245     122.951      658.37    -142.987     99.9935     3.55274      17.678      10.695     10.7798     10.7017   -0.767472     14.4311     14.6483     14.5428   -0.767472
       2       7       1     102.838     99.3126    -90.1359    -109.135     660.361    -169.265     99.9918     3.28556     19.1872     10.6949     10.7853     10.6919   -0.847382     14.4309     14.6216     14.4954   -0.847382
       2       7       2     102.838     97.0944    -90.1371    -83.5011     664.088    -169.265     99.9919     3.31266     19.0257     10.6949     10.7937     10.7003   -0.855209     14.4309     14.6303      14.504   -0.855209
       2       7       3     102.838     94.8761    -90.1384    -57.7416     666.822    -169.265     99.9921     3.33966     18.8676     10.6949     10.7855      10.692   -0.863027     14.4309     14.6222      14.496   -0.863027
       2       7       4     102.838     92.6578    -90.1396    -31.8951     668.556    -169.265     99.9923     3.36672     18.7118     10.6949     10.7941     10.7007    -0.87083     14.4309     14.6311     14.5048    -0.87083
       2       7       5     102.838     90.4394    -90.1409    -6.00009     669.289    -169.265     99.9925     3.39367     18.5593     10.6949     10.7859     10.6924   -0.878619     14.4308     14.6231     14.4968   -0.878619
       2       7       6     102.838      88.221    -90.1421     19.9045      669.02    -169.265     99.9927     3.42068      18.409     10.6949     10.7945     10.7011   -0.886393     14.4308     14.6319     14.5057   -0.886393
       2       7       7     102.838     86.0024    -90.1434       45.78     667.748    -169.265     99.9929     3.44757     18.2618     10.6949     10.7863     10.6928   -0.894152     14.4308     14.6239     14.4976   -0.894152
       2       7       8     102.838     83.7839    -90.1446     71.5875     665.475    -169.265     99.9931     3.47452     18.1168     10.6949     10.7949     10.7015   -0.901896     14.4308     14.6328     14.5065   -0.901896
       2       7       9     102.838     81.5652    -90.1459     97.2885     662.206    -169.265     99.9933     3.50134     17.9747     10.6949     10.7867     10.6932   -0.909625     14.4308     14.6248     14.4985   -0.909625
       2       7      10     102.838     79.3466    -90.1471     122.844     657.944    -169.265     99.9935     3.52822     17.8346     10.6949     10.7954     10.7019   -0.917338     14.4308     14.6337     14.5074   -0.917338
       2       8       1     104.978      99.316    -90.1558    -109.073     659.786    -195.733     99.9918     3.25969     19.3737     10.6949     10.8007      10.692   -0.984269     14.4306     14.6015     14.4547   -0.984269
       2       8       2     104.978     97.0978    -90.1572     -83.462     663.511    -195.733      99.992     3.28651     19.2111     10.6949     10.8092     10.7005    -0.99336     14.4306     14.6101     14.4633    -0.99336
       2       8       3     104.978     94.8796    -90.1587    -57.7253     666.244    -195.733     99.9922     3.31325     19.0519     10.6949     10.8009     10.6922    -1.00244     14.4306     14.6021     14.4553    -1.00244
       2       8       4     104.978     92.6613    -90.1601    -31.9014     667.978    -195.733     99.9923     3.34005      18.895     10.6949     10.8096     10.7009     -1.0115     14.4306      14.611     14.4641     -1.0115
       2       8       5     104.978     90.4429    -90.1616     -6.0291     668.712    -195.733     99.9925     3.36673     18.7415     10.6949     10.8013     10.6926    -1.02055     14.4305     14.6029     14.4561    -1.02055
       2       8       6     104.978     88.2245     -90.163     19.8529     668.444    -195.733     99.9927     3.39347     18.5901     10.6949       10.81     10.7013    -1.02958     14.4305     14.6118     14.4649    -1.02958
       2       8       7     104.978      86.006    -90.1644     45.7058     667.174    -195.733     99.9929      3.4201      18.442     10.6949     10.8017      10.693    -1.03859     14.4305     14.6038     14.4569    -1.03859
       2       8       8     104.978     83.7876    -90.1658     71.4909     664.905    -195.733     99.9931     3.44678     18.2959     10.6949     10.8104     10.7017    -1.04759     14.4305     14.6127     14.4658    -1.04759
       2       8       9     104.978     81.5689    -90.1673     97.1695      661.64    -195.733     99.9933     3.47335     18.1529     10.6949     10.8021     10.6934    -1.05656     14.4305     14.6046     14.4577    -1.05656
       2       8      10     104.978     79.3503    -90.1687     122.703     657.383    -195.733     99.9935     3.49996     18.0118     10.6949     10.8108     10.7021    -1.06552     14.4304     14.6135     14.4666    -1.06552
       2       9       1     107.117     99.3202    -90.1747    -108.997     659.073    -222.527     99.9919      3.2304     19.5831     10.6949      10.816     10.6922    -1.11942     14.4303     14.5759     14.4087    -1.11942
       2       9       2     107.117      97.102    -90.1763    -83.4137     662.797    -222.527      99.992     3.25692     19.4192     10.6949     10.8245     10.7007    -1.12976     14.4303     14.5845     14.4174    -1.12976
       2       9       3     107.117     94.8838     -90.178     -57.705     665.528    -222.527     99.9922     3.28336     19.2588     10.6949     10.8162     10.6924    -1.14009     14.4302     14.5765     14.4093    -1.14009
       2       9       4     107.117     92.6656    -90.1796    -31.9092     667.261    -222.527     99.9924     3.30985     19.1007     10.6949     10.8249     10.7011     -1.1504     14.4302     14.5854     14.4182     -1.1504
       2       9       5     107.117     90.4472    -90.1812    -6.06504     667.996    -222.527     99.9926     3.33624     18.9459     10.6949     10.8166     10.6928    -1.16068     14.4302     14.5773     14.4101    -1.16068
       2       9       6     107.117     88.2289    -90.1828     19.7889      667.73    -222.527     99.9927     3.36268     18.7934     10.6949     10.8253     10.7015    -1.17095     14.4302     14.5862      14.419    -1.17095
       2       9       7     107.117     86.0104    -90.1844     45.6139     666.464    -222.527     99.9929     3.38901      18.644     10.6949      10.817     10.6932     -1.1812     14.4302     14.5782     14.4109     -1.1812
       2       9       8     107.117      83.792     -90.186     71.3712     664.199    -222.527     99.9931     3.41539     18.4968     10.6949     10.8257     10.7019    -1.19143     14.4301      14.587     14.4198    -1.19143
       2       9       9     107.117     81.5734    -90.1876     97.0222     660.939    -222.527     99.9933     3.44166     18.3526     10.6949     10.8175     10.6936    -1.20164     14.4301      14.579     14.4118    -1.20164
       2       9      10     107.118     79.3548    -90.1892     122.529     656.688    -222.527     99.9935     3.46798     18.2105     10.6949     10.8261     10.7023    -1.21183     14.4301     14.5879     14.4206    -1.21183
       2      10       1     109.257     99.3251    -90.1925    -108.906     658.225    -249.472     99.9919     3.19772     19.8165     10.6948     10.8312     10.6925    -1.25267     14.4299     14.5449     14.3576    -1.25267
       2      10       2     109.257      97.107    -90.1943    -83.3562     661.945    -249.472     99.9921      3.2239     19.6512     10.6948     10.8396     10.7009    -1.26424     14.4299     14.5535     14.3662    -1.26424
       2      10       3     109.257     94.8888    -90.1961    -57.6809     664.674    -249.472     99.9923     3.25001     19.4893     10.6948     10.8313     10.6926    -1.27579     14.4299     14.5455     14.3581    -1.27579
       2      10       4     109.257     92.6707    -90.1978    -31.9186     666.408    -249.472     99.9924     3.27616     19.3298     10.6948       10.84     10.7013    -1.28733     14.4299     14.5543      14.367    -1.28733
       2      10       5     109.257     90.4523    -90.1996    -6.10785     667.144    -249.472     99.9926     3.30221     19.1737     10.6948     10.8318      10.693    -1.29884     14.4298     14.5463     14.3589    -1.29884
       2      10       6     109.257     88.2341    -90.2014     19.7127      666.88    -249.472     99.9928     3.32832     19.0198     10.6948     10.8404     10.7017    -1.31033     14.4298     14.5552     14.3678    -1.31033
       2      10       7     109.257     86.0156    -90.2031     45.5044     665.617    -249.472      99.993     3.35432     18.8691     10.6949     10.8322     10.6935     -1.3218     14.4298     14.5471     14.3598     -1.3218
       2      10       8     109.257     83.7972    -90.2049     71.2286     663.357    -249.472     99.9931     3.38037     18.7206     10.6949     10.8409     10.7021    -1.33324     14.4297      14.556     14.3686    -1.33324
       2      10       9     109.257     81.5787    -90.2067     96.8467     660.103    -249.472     99.9933     3.40631     18.5751     10.6949     10.8326     10.6939    -1.34467     14.4297      14.548     14.3606    -1.34467
       2      10      10     109.257     79.3602    -90.2084      122.32      655.86    -249.472     99.9935      3.4323     18.4317     10.6949     10.8413     10.7026    -1.35607     14.4297     14.5569     14.3695    -1.35607
       2      11       1     111.397     99.3308    -90.2091    -108.801     657.241    -276.707      99.992     3.16167     20.0752     10.6948     10.8461     10.6927    -1.38383     14.4296     14.5085     14.3013    -1.38383
       2      11       2     111.397     97.1128     -90.211    -83.2894     660.958    -276.707     99.9922     3.18748     19.9083     10.6948     10.8546     10.7011    -1.39661     14.4295     14.5172       14.31    -1.39661
       2      11       3     111.397     94.8946    -90.2129    -57.6529     663.686    -276.707     99.9923     3.21321     19.7448     10.6948     10.8463     10.6929    -1.40938     14.4295     14.5091     14.3019    -1.40938
       2      11       4     111.397     92.6765    -90.2148    -31.9294     665.419    -276.707     99.9925     3.23899     19.5838     10.6948      10.855     10.7016    -1.42212     14.4295      14.518     14.3107    -1.42212
       2      11       5     111.397     90.4582    -90.2168    -6.15749     666.156    -276.707     99.9927     3.26468      19.426     10.6948     10.8467     10.6933    -1.43483     14.4294     14.5099     14.3027    -1.43483
       2      11       6     111.397       88.24    -90.2187     19.6243     665.894    -276.707     99.9928     3.29041     19.2706     10.6948     10.8554      10.702    -1.44753     14.4294     14.5188     14.3115    -1.44753
       2      11       7     111.397     86.0216    -90.2206     45.3774     664.636    -276.707      99.993     3.31604     19.1184     10.6948     10.8472     10.6937     -1.4602     14.4294     14.5107     14.3035     -1.4602
       2      11       8     111.397     83.8033    -90.2225     71.0632     662.382    -276.707     99.9932     3.34173     18.9684     10.6948     10.8559     10.7024    -1.47284     14.4293     14.5196     14.3124    -1.47284
       2      11       9     111.397     81.5848    -90.2244     96.6432     659.135    -276.707     99.9933      3.3673     18.8214     10.6948     10.8476     10.6942    -1.48546     14.4293     14.5116     14.3043    -1.48546
       2      11      10     111.397     79.3663    -90.2263     122.079     654.901    -276.707     99.9935     3.39292     18.6766     10.6948     10.8563     10.7029    -1.49805     14.4293     14.5205     14.3132    -1.49805
       2      12       1     113.537     99.3372    -90.2243    -108.681     656.124     -304.27     99.9921     3.12227     20.3608     10.6948     10.8609      10.693    -1.51275     14.4292     14.4668     14.2401    -1.51275
       2      12       2     113.537     97.1193    -90.2264    -83.2136     659.837     -304.27     99.9923     3.14767     20.1921     10.6948     10.8693     10.7014    -1.52671     14.4291     14.4754     14.2487    -1.52671
       2      12       3     113.537     94.9012    -90.2285    -57.6212     662.562     -304.27     99.9924       3.173     20.0268     10.6948     10.8611     10.6931    -1.54067     14.4291     14.4674     14.2406    -1.54067
       2      12       4     113.537     92.6831    -90.2305    -31.9418     664.295     -304.27     99.9926     3.19837      19.864     10.6948     10.8698     10.7018     -1.5546     14.4291     14.4762     14.2495     -1.5546
       2      12       5     113.537     90.4649    -90.2326    -6.21387     665.033     -304.27     99.9927     3.22365     19.7045     10.6948     10.8615     10.6936     -1.5685      14.429     14.4682     14.2414     -1.5685
       2      12       6     113.537     88.2467    -90.2346      19.524     664.775     -304.27     99.9929     3.24898     19.5474     10.6948     10.8702     10.7023    -1.58237      14.429     14.4771     14.2502    -1.58237
       2      12       7     113.537     86.0284    -90.2367     45.2332     663.521     -304.27     99.9931     3.27421     19.3935     10.6948      10.862      10.694    -1.59622     14.4289      14.469     14.2422    -1.59622
       2      12       8     113.537     83.8101    -90.2388     70.8754     661.273     -304.27     99.9932     3.29949     19.2418     10.6948     10.8707     10.7027    -1.61004     14.4289     14.4779     14.2511    -1.61004
       2      12       9     113.537     81.5917    -90.2408     96.4121     658.035     -304.27     99.9934     3.32467     19.0932     10.6948     10.8624     10.6945    -1.62383     14.4289     14.4698      14.243    -1.62383
       2      12      10     113.537     79.3733    -90.2428     121.805     653.811     -304.27     99.9935     3.34989     18.9467     10.6948     10.8711     10.7032     -1.6376     14.4288     14.4787     14.2519     -1.6376
       2      13       1     115.676      99.355    -90.2336    -108.565      655.04    -332.966     99.9914     3.02421     16.6666     10.6947     10.8755     10.6933    -1.63926     13.6601       14.42     14.1871    -1.63926
       2      13       2     115.676     97.1372    -90.2358    -83.1401     658.749    -332.966     99.9915     3.04989     16.5254     10.6947     10.8839     10.7017     -1.6544     13.6601     14.4286     14.1957     -1.6544
       2      13       3     115.676     94.9193     -90.238    -57.5903     661.472    -332.966     99.9916     3.07549      16.387     10.6947     10.8757     10.6935    -1.66952       13.66     14.4205     14.1876    -1.66952
       2      13       4     115.676     92.7014    -90.2401    -31.9537     663.205    -332.966     99.9917     3.10112     16.2508     10.6947     10.8844     10.7022    -1.68461       13.66     14.4294     14.1965    -1.68461
       2      13       5     115.676     90.4833    -90.2423    -6.26852     663.944    -332.966     99.9919     3.12666     16.1175     10.6947     10.8762     10.6939    -1.69968     13.6599     14.4213     14.1884    -1.69968
       2      13       6     115.676     88.2653    -90.2444     19.4267     663.689    -332.966      99.992     3.15223     15.9863     10.6947     10.8849     10.7026    -1.71471     13.6599     14.4302     14.1973    -1.71471
       2      13       7     115.676     86.0472    -90.2465     45.0934      662.44    -332.966     99.9921      3.1777     15.8579     10.6947     10.8766     10.6944    -1.72972     13.6599     14.4222     14.1892    -1.72972
       2      13       8     115.676      83.829    -90.2487     70.6933     660.198    -332.966     99.9923     3.20321     15.7314     10.6947     10.8853     10.7031    -1.74469     13.6598      14.431     14.1981    -1.74469
       2      13       9     115.676     81.6108    -90.2508      96.188     656.968    -332.966     99.9924      3.2286     15.6075     10.6947     10.8771     10.6948    -1.75964     13.6598      14.423       14.19    -1.75964
       2      13      10     115.676     79.3925    -90.2529     121.539     652.753    -332.966     99.9925     3.25404     15.4855     10.6947     10.8858     10.7035    -1.77456     13.6597     14.4319     14.1989    -1.77456
       2      14       1     117.376      99.361    -90.2434     -108.45     653.964    -360.507     99.9915     2.98706     16.8935     10.6947     10.8869     10.6935    -1.73793     13.6598      14.379     14.1318    -1.73793
       2      14       2     117.376     97.1433    -90.2457    -83.0671      657.67    -360.507     99.9916     3.01237     16.7506     10.6947     10.8953      10.702    -1.75398     13.6598     14.3876     14.1404    -1.75398
       2      14       3     117.376     94.9254    -90.2479    -57.5597     660.391    -360.507     99.9917      3.0376     16.6106     10.6947     10.8871     10.6937    -1.77001     13.6597     14.3795     14.1324    -1.77001
       2      14       4     117.376     92.7076    -90.2502    -31.9655     662.123    -360.507     99.9919     3.06286     16.4729     10.6947     10.8958     10.7024    -1.78601     13.6597     14.3884     14.1412    -1.78601
       2      14       5     117.376     90.4896    -90.2524     -6.3228     662.864    -360.507      99.992     3.08803     16.3381     10.6947     10.8876     10.6942    -1.80197     13.6596     14.3803     14.1331    -1.80197
       2      14       6     117.376     88.2717    -90.2546       19.33     662.612    -360.507     99.9921     3.11324     16.2054     10.6947     10.8963     10.7029    -1.81791     13.6596     14.3892      14.142    -1.81791
       2      14       7     117.376     86.0536    -90.2569     44.9546     661.367    -360.507     99.9923     3.13834     16.0754     10.6947      10.888     10.6946    -1.83382     13.6595     14.3811     14.1339    -1.83382
       2      14       8     117.376     83.8355    -90.2591     70.5125     659.132    -360.507     99.9924     3.16348     15.9474     10.6947     10.8967     10.7033     -1.8497     13.6595       14.39     14.1428     -1.8497
       2      14       9     117.376     81.6173    -90.2613     95.9655     655.909    -360.507     99.9925     3.18851     15.8221     10.6947     10.8885     10.6951    -1.86554     13.6594     14.3819     14.1347    -1.86554
       2      14      10     117.376     79.3991    -90.2635     121.275     651.704    -360.507     99.9926     3.21358     15.6987     10.6947     10.8972     10.7038    -1.88136     13.6594     14.3908     14.1436    -1.88136
       2      15       1     119.076     99.3676    -90.2523    -108.326     652.807    -388.412     99.9917     2.94776     17.1375     10.6946     10.8981     10.6937    -1.83489     13.6595     14.3347     14.0735    -1.83489
       2      15       2     119.076     97.1499    -90.2546    -82.9886     656.509    -388.412     99.9918     2.97268     16.9928     10.6947     10.9065     10.7022    -1.85184     13.6594     14.3433     14.0821    -1.85184
       2      15       3     119.076     94.9321     -90.257    -57.5268     659.228    -388.412     99.9919     2.99751     16.8511     10.6947     10.8983     10.6939    -1.86876     13.6594     14.3352     14.0741    -1.86876
       2      15       4     119.076     92.7143    -90.2593    -31.9783     660.959    -388.412      99.992     3.02239     16.7117     10.6947      10.907     10.7026    -1.88565     13.6593     14.3441     14.0829    -1.88565
       2      15       5     119.076     90.4964    -90.2616    -6.38119     661.701    -388.412     99.9921     3.04717     16.5752     10.6947     10.8988     10.6944    -1.90251     13.6593      14.336     14.0748    -1.90251
       2      15       6     119.076     88.2785    -90.2639     19.2261     661.452    -388.412     99.9923     3.07198     16.4409     10.6947     10.9075     10.7031    -1.91934     13.6592     14.3449     14.0837    -1.91934
       2      15       7     119.076     86.0604    -90.2663     44.8053     660.213    -388.412     99.9924      3.0967     16.3093     10.6947     10.8993     10.6949    -1.93613     13.6592     14.3368     14.0756    -1.93613
       2      15       8     119.076     83.8424    -90.2686      70.318     657.984    -388.412     99.9925     3.12145     16.1797     10.6947      10.908     10.7036    -1.95289     13.6591     14.3457     14.0845    -1.95289
       2      15       9     119.076     81.6243    -90.2709     95.7261      654.77    -388.412     99.9926      3.1461     16.0529     10.6947     10.8998     10.6954    -1.96962     13.6591     14.3377     14.0764    -1.96962
       2      15      10     119.076     79.4061    -90.2732     120.991     650.575    -388.412     99.9927     3.17078     15.9279     10.6947     10.9085     10.7041    -1.98632      13.659     14.3465     14.0853    -1.98632
       2      16       1     120.776     99.3746    -90.2603    -108.193     651.569    -416.715     99.9918     2.90634     17.3997     10.6946     10.9091      10.694    -1.93008     13.6592     14.2872     14.0123    -1.93008
       2      16       2     120.776     97.1569    -90.2627    -82.9046     655.267    -416.715     99.9919     2.93083     17.2532     10.6946     10.9176     10.7024     -1.9479     13.6591     14.2958     14.0209     -1.9479
       2      16       3     120.776     94.9392    -90.2651    -57.4917     657.983    -416.715     99.9921     2.95526     17.1097     10.6946     10.9093     10.6942     -1.9657      13.659     14.2878     14.0128     -1.9657
       2      16       4     120.776     92.7215    -90.2675    -31.9919     659.714    -416.715     99.9922     2.97972     16.9684     10.6946      10.918     10.7029    -1.98347      13.659     14.2966     14.0216    -1.98347
       2      16       5     120.776     90.5036    -90.2699    -6.44365     660.458    -416.715     99.9923     3.00409     16.8301     10.6946     10.9098     10.6947     -2.0012     13.6589     14.2886     14.0136     -2.0012
       2      16       6     120.776     88.2858    -90.2722     19.1149     660.212    -416.715     99.9924     3.02849      16.694     10.6946     10.9185     10.7034     -2.0189     13.6589     14.2974     14.0224     -2.0189
       2      16       7     120.776     86.0678    -90.2746     44.6456     658.978    -416.715     99.9925      3.0528     16.5607     10.6946     10.9103     10.6951    -2.03656     13.6588     14.2894     14.0143    -2.03656
       2      16       8     120.776     83.8499     -90.277       70.11     656.757    -416.715     99.9926     3.07714     16.4294     10.6946      10.919     10.7038    -2.05419     13.6588     14.2982     14.0232    -2.05419
       2      16       9     120.776     81.6318    -90.2794     95.4701     653.552    -416.715     99.9927     3.10138     16.3008     10.6946     10.9108     10.6956    -2.07179     13.6587     14.2902     14.0151    -2.07179
       2      16      10     120.776     79.4137    -90.2817     120.688     649.367    -416.715     99.9929     3.12565     16.1742     10.6946     10.9195     10.7043    -2.08935     13.6586      14.299      14.024    -2.08935
       2      17       1     122.476      99.382    -90.2672    -108.052     650.252    -445.571      99.992      2.8628     17.6816     10.6946     10.9199     10.6942    -2.02342     13.6588     14.2366     13.9481    -2.02342
       2      17       2     122.476     97.1645    -90.2697    -82.8153     653.945    -445.571     99.9921     2.88686     17.5331     10.6946     10.9284     10.7027     -2.0421     13.6588     14.2452     13.9567     -2.0421
       2      17       3     122.476     94.9468    -90.2722    -57.4542     656.659    -445.571     99.9922     2.91084     17.3875     10.6946     10.9202     10.6944    -2.06076     13.6587     14.2371     13.9486    -2.06076
       2      17       4     122.476     92.7291    -90.2746    -32.0064      658.39    -445.571     99.9923     2.93487     17.2443     10.6946     10.9289     10.7031    -2.07938     13.6587      14.246     13.9575    -2.07938
       2      17       5     122.476     90.5114    -90.2771    -6.51012     659.135    -445.571     99.9924      2.9588     17.1041     10.6946     10.9207     10.6949    -2.09797     13.6586     14.2379     13.9494    -2.09797
       2      17       6     122.476     88.2936    -90.2795     18.9966     658.893    -445.571     99.9925     2.98277      16.966     10.6946     10.9294     10.7036    -2.11652     13.6585     14.2468     13.9582    -2.11652
       2      17       7     122.476     86.0757     -90.282     44.4756     657.664    -445.571     99.9927     3.00665     16.8308     10.6946     10.9212     10.6954    -2.13504     13.6585     14.2387     13.9501    -2.13504
       2      17       8     122.476     83.8578    -90.2844     69.8886      655.45    -445.571     99.9928     3.03056     16.6977     10.6946     10.9299     10.7041    -2.15352     13.6584     14.2476      13.959    -2.15352
       2      17       9     122.476     81.6398    -90.2869     95.1976     652.255    -445.571     99.9929     3.05437     16.5673     10.6946     10.9217     10.6959    -2.17197     13.6583     14.2395     13.9509    -2.17197
       2      17      10     122.476     79.4218    -90.2893     120.365     648.083    -445.571      99.993     3.07822     16.4388     10.6946     10.9304     10.7046    -2.19038     13.6583     14.2484     13.9598    -2.19038
       2      18       1     124.176     99.3899    -90.2732    -107.903     648.857    -474.781     99.9922     2.81716     17.9847     10.6945     10.9306     10.6944    -2.11483     13.6585     14.1829     13.8811    -2.11483
       2      18       2     124.176     97.1725    -90.2757    -82.7206     652.545    -474.781     99.9923     2.84076     17.8339     10.6945     10.9391     10.7029    -2.13435     13.6585     14.1915     13.8897    -2.13435
       2      18       3     124.176     94.9549    -90.2782    -57.4146     655.256    -474.781     99.9924     2.86429     17.6862     10.6945     10.9308     10.6947    -2.15385     13.6584     14.1834     13.8816    -2.15385
       2      18       4     124.176     92.7373    -90.2807    -32.0218     656.986    -474.781     99.9925     2.88785     17.5409     10.6946     10.9396     10.7034    -2.17332     13.6583     14.1923     13.8904    -2.17332
       2      18       5     124.176     90.5196    -90.2832    -6.58053     657.733    -474.781     99.9926     2.91134     17.3985     10.6946     10.9313     10.6952    -2.19275     13.6583     14.1842     13.8823    -2.19275
       2      18       6     124.176     88.3019    -90.2857     18.8713     657.495    -474.781     99.9927     2.93485     17.2584     10.6946     10.9401     10.7039    -2.21214     13.6582      14.193     13.8912    -2.21214
       2      18       7     124.176     86.0841    -90.2882     44.2955     656.272    -474.781     99.9928     2.95827     17.1211     10.6946     10.9319     10.6957    -2.23149     13.6581      14.185     13.8831    -2.23149
       2      18       8     124.176     83.8662    -90.2907     69.6541     654.067    -474.781     99.9929     2.98173      16.986     10.6946     10.9406     10.7044    -2.25081      13.658     14.1938      13.892    -2.25081
       2      18       9     124.176     81.6483    -90.2932      94.909     650.881    -474.781      99.993     3.00509     16.8536     10.6946     10.9324     10.6962    -2.27008      13.658     14.1858     13.8839    -2.27008
       2      18      10     124.176     79.4304    -90.2957     120.022     646.721    -474.781     99.9931     3.02848     16.7232     10.6946     10.9411     10.7049    -2.28932     13.6579     14.1946     13.8927    -2.28932
       2      19       1     125.875     99.3983    -90.2781    -107.745     647.384    -504.507     99.9924     2.76945     18.3105     10.6945      10.941     10.6947    -2.20425     13.6582     14.1261     13.8113    -2.20425
       2      19       2     125.875     97.1809    -90.2806    -82.6208     651.067    -504.507     99.9925     2.79256     18.1574     10.6945     10.9495     10.7032     -2.2246     13.6581     14.1347     13.8199     -2.2246
       2      19       3     125.875     94.9634    -90.2832    -57.3727     653.776    -504.507     99.9926     2.81561     18.0074     10.6945     10.9413     10.6949    -2.24492     13.6581     14.1266     13.8118    -2.24492
       2      19       4     125.875     92.7459    -90.2858    -32.0381     655.506    -504.507     99.9927      2.8387     17.8597     10.6945       10.95     10.7036    -2.26521      13.658     14.1354     13.8206    -2.26521
       2      19       5     125.875     90.5283    -90.2883    -6.65484     656.254    -504.507     99.9928      2.8617     17.7151     10.6945     10.9418     10.6954    -2.28545     13.6579     14.1274     13.8125    -2.28545
       2      19       6     125.876     88.3107    -90.2909      18.739      656.02    -504.507     99.9929     2.88474     17.5728     10.6945     10.9505     10.7041    -2.30566     13.6578     14.1362     13.8214    -2.30566
       2      19       7     125.876     86.0929    -90.2934     44.1055     654.803    -504.507      99.993     2.90769     17.4333     10.6945     10.9423     10.6959    -2.32583     13.6578     14.1281     13.8133    -2.32583
       2      19       8     125.876     83.8752     -90.296     69.4066     652.606    -504.507     99.9931     2.93067      17.296     10.6945     10.9511     10.7047    -2.34596     13.6577      14.137     13.8221    -2.34596
       2      19       9     125.876     81.6573    -90.2985     94.6044     649.432    -504.507     99.9932     2.95356     17.1615     10.6945     10.9429     10.6964    -2.36606     13.6576     14.1289      13.814    -2.36606
       2      19      10     125.876     79.4394     -90.301     119.661     645.285    -504.507     99.9933     2.97648      17.029     10.6945     10.9516     10.7052    -2.38611     13.6575     14.1378     13.8229    -2.38611
       2      20       1     127.575     99.4072    -90.2819    -107.579     645.836    -534.796     99.9926     2.71968      18.661     10.6945     10.9512     10.6949     -2.2916     13.6579     14.0663     13.7387     -2.2916
       2      20       2     127.575     97.1899    -90.2845    -82.5157     649.514    -534.796     99.9927     2.74229     18.5054     10.6945     10.9597     10.7034    -2.31276     13.6578     14.0749     13.7473    -2.31276
       2      20       3     127.575     94.9724    -90.2872    -57.3287     652.219    -534.796     99.9928     2.76484     18.3529     10.6945     10.9515     10.6952    -2.33389     13.6577     14.0668     13.7392    -2.33389
       2      20       4     127.575      92.755    -90.2897    -32.0551     653.948    -534.796     99.9929     2.78742     18.2028     10.6945     10.9602     10.7039    -2.35497     13.6577     14.0756     13.7481    -2.35497
       2      20       5     127.575     90.5375    -90.2923    -6.73296     654.699    -534.796      99.993     2.80993     18.0557     10.6945      10.952     10.6957    -2.37602     13.6576     14.0675       13.74    -2.37602
       2      20       6     127.575     88.3199    -90.2949        18.6     654.469    -534.796     99.9931     2.83246      17.911     10.6945     10.9608     10.7044    -2.39703     13.6575     14.0764     13.7488    -2.39703
       2      20       7     127.575     86.1022    -90.2975     43.9057     653.259    -534.796     99.9932     2.85492     17.7692     10.6945     10.9526     10.6962      -2.418     13.6574     14.0683     13.7407      -2.418
       2      20       8     127.575     83.8846    -90.3001     69.1464     651.071    -534.796     99.9933      2.8774     17.6296     10.6945     10.9613     10.7049    -2.43893     13.6574     14.0772     13.7495    -2.43893
       2      20       9     127.575     81.6668    -90.3027     94.2842     647.908    -534.796     99.9933      2.8998     17.4927     10.6945     10.9531     10.6967    -2.45981     13.6573     14.0691     13.7415    -2.45981
       2      20      10     127.575      79.449    -90.3052     119.281     643.774    -534.796     99.9934     2.92222      17.358     10.6945     10.9619     10.7055    -2.48066     13.6572      14.078     13.7503    -2.48066
       2      21       1     129.275     99.4165    -90.2848    -107.405     644.214    -565.828     99.9929     2.66788     19.0385     10.6944     10.9612     10.6952    -2.37683     13.6576     14.0035     13.6635    -2.37683
       2      21       2     129.275     97.1993    -90.2874    -82.4057     647.886    -565.828     99.9929     2.68996     18.8801     10.6944     10.9697     10.7036    -2.39877     13.6575     14.0121     13.6721    -2.39877
       2      21       3     129.275     94.9819      -90.29    -57.2826     650.588    -565.828      99.993     2.71199     18.7249     10.6944     10.9615     10.6954    -2.42068     13.6574      14.004      13.664    -2.42068
       2      21       4     129.275     92.7646    -90.2926     -32.073     652.317    -565.828     99.9931     2.73405     18.5721     10.6944     10.9703     10.7042    -2.44256     13.6574     14.0128     13.6728    -2.44256
       2      21       5     129.275     90.5471    -90.2953    -6.81485     653.069    -565.828     99.9932     2.75603     18.4225     10.6945     10.9621     10.6959    -2.46439     13.6573     14.0047     13.6647    -2.46439
       2      21       6     129.275     88.3297    -90.2979     18.4542     652.843    -565.828     99.9933     2.77805     18.2752     10.6945     10.9708     10.7047    -2.48618     13.6572     14.0136     13.6736    -2.48618
       2      21       7     129.275     86.1121    -90.3005     43.6963      651.64    -565.828     99.9934     2.79998     18.1308     10.6945     10.9626     10.6965    -2.50792     13.6571     14.0055     13.6655    -2.50792
       2      21       8     129.275     83.8945    -90.3031     68.8736     649.462    -565.828     99.9934     2.82194     17.9887     10.6945     10.9713     10.7052    -2.52963      13.657     14.0144     13.6743    -2.52963
       2      21       9     129.275     81.6768    -90.3057     93.9485     646.311    -565.828     99.9935     2.84383     17.8494     10.6945     10.9632      10.697    -2.55129      13.657     14.0063     13.6662    -2.55129
       2      21      10     129.275     79.4591    -90.3083     118.883     642.191    -565.828     99.9936     2.86574     17.7123     10.6945     10.9719     10.7057    -2.57291     13.6569     14.0151     13.6751    -2.57291
       2      22       1     130.975     99.4263    -90.2865    -107.223     642.518    -597.401     99.9931     2.61408     19.4452     10.6944      10.971     10.6954    -2.45987     13.6573     13.9378     13.5857    -2.45987
       2      22       2     130.975     97.2091    -90.2891    -82.2907     646.184    -597.401     99.9932     2.63561     19.2839     10.6944     10.9795     10.7039    -2.48257     13.6572     13.9464     13.5943    -2.48257
       2      22       3     130.975     94.9919    -90.2918    -57.2344     648.883    -597.401     99.9933      2.6571     19.1258     10.6944     10.9713     10.6957    -2.50525     13.6572     13.9383     13.5862    -2.50525
       2      22       4     130.975     92.7746    -90.2944    -32.0917     650.611    -597.401     99.9933     2.67861     18.9702     10.6944       10.98     10.7044    -2.52788     13.6571     13.9471      13.595    -2.52788
       2      22       5     130.975     90.5573    -90.2971    -6.90041     651.366    -597.401     99.9934     2.70005     18.8178     10.6944     10.9718     10.6962    -2.55048      13.657     13.9391     13.5869    -2.55048
       2      22       6     130.975     88.3399    -90.2997     18.3019     651.145    -597.401     99.9935     2.72152     18.6677     10.6944     10.9806     10.7049    -2.57302     13.6569     13.9479     13.5957    -2.57302
       2      22       7     130.975     86.1224    -90.3023     43.4775     649.949    -597.401     99.9936     2.74292     18.5206     10.6944     10.9724     10.6967    -2.59553     13.6568     13.9398     13.5876    -2.59553
       2      22       8     130.975     83.9049    -90.3049     68.5886      647.78    -597.401     99.9936     2.76434     18.3759     10.6944     10.9811     10.7055    -2.61799     13.6567     13.9487     13.5965    -2.61799
       2      22       9     130.975     81.6873    -90.3075     93.5978     644.641    -597.401     99.9937     2.78568     18.2339     10.6944     10.9729     10.6973    -2.64041     13.6566     13.9406     13.5884    -2.64041
       2      22      10     130.975     79.4697    -90.3101     118.467     640.537    -597.401     99.9938     2.80705     18.0941     10.6944     10.9817      10.706    -2.66278     13.6565     13.9494     13.5972    -2.66278
       2      23       1     132.675     99.4365    -90.2871    -107.034     640.751    -629.706     99.9934     2.55831      19.884     10.6944     10.9805     10.6956    -2.54065     13.6571     13.8693     13.5053    -2.54065
       2      23       2     132.675     97.2195    -90.2898    -82.1708     644.411    -629.706     99.9934     2.57927     19.7196     10.6944      10.989     10.7041     -2.5641      13.657     13.8779     13.5139     -2.5641
       2      23       3     132.675     95.0023    -90.2924    -57.1841     647.107    -629.706     99.9935     2.60019     19.5584     10.6944     10.9808     10.6959    -2.58752     13.6569     13.8698     13.5058    -2.58752
       2      23       4     132.675     92.7851    -90.2951    -32.1112     648.834    -629.706     99.9936     2.62113     19.3998     10.6944     10.9896     10.7047    -2.61089     13.6568     13.8786     13.5146    -2.61089
       2      23       5     132.675     90.5679    -90.2977    -6.98959      649.59    -629.706     99.9936     2.64201     19.2443     10.6944     10.9814     10.6965    -2.63423     13.6567     13.8705     13.5065    -2.63423
       2      23       6     132.675     88.3506    -90.3003     18.1432     649.374    -629.706     99.9937     2.66291     19.0913     10.6944     10.9901     10.7052    -2.65751     13.6566     13.8794     13.5153    -2.65751
       2      23       7     132.675     86.1332     -90.303     43.2495     648.186    -629.706     99.9938     2.68374     18.9413     10.6944     10.9819      10.697    -2.68076     13.6565     13.8713     13.5072    -2.68076
       2      23       8     132.675     83.9158    -90.3056     68.2916     646.028    -629.706     99.9938      2.7046     18.7936     10.6944     10.9907     10.7057    -2.70395     13.6564     13.8801     13.5161    -2.70395
       2      23       9     132.675     81.6983    -90.3082     93.2323     642.902    -629.706     99.9939     2.72539     18.6488     10.6944     10.9825     10.6976    -2.72711     13.6563      13.872      13.508    -2.72711
       2      23      10     132.675     79.4808    -90.3108     118.034     638.813    -629.706      99.994      2.7462     18.5063     10.6944     10.9912     10.7063    -2.75021     13.6562     13.8809     13.5168    -2.75021
       2      24       1     134.375     99.4472    -90.2867    -106.837     638.914    -662.813     99.9936      2.5006     20.3581     10.6943     10.9898     10.6959    -2.61912     13.6568      13.798     13.4225    -2.61912
       2      24       2     134.375     97.2303    -90.2893    -82.0462     642.568    -662.813     99.9937     2.52097     20.1904     10.6943     10.9983     10.7044    -2.64329     13.6567     13.8066     13.4311    -2.64329
       2      24       3     134.375     95.0132     -90.292    -57.1319      645.26    -662.813     99.9937      2.5413     20.0259     10.6943     10.9901     10.6962    -2.66743     13.6566     13.7985      13.423    -2.66743
       2      24       4     134.375     92.7961    -90.2946    -32.1315     646.987    -662.813     99.9938     2.56165      19.864     10.6943     10.9988     10.7049    -2.69153     13.6565     13.8073     13.4318    -2.69153
       2      24       5     134.375      90.579    -90.2973    -7.08229     647.745    -662.813     99.9939     2.58194     19.7053     10.6943     10.9906     10.6967    -2.71558     13.6564     13.7992     13.4237    -2.71558
       2      24       6     134.375     88.3618    -90.2999     17.9782     647.534    -662.813     99.9939     2.60225     19.5491     10.6944     10.9994     10.7055    -2.73958     13.6563      13.808     13.4325    -2.73958
       2      24       7     134.375     86.1445    -90.3025     43.0124     646.354    -662.813      99.994     2.62251     19.3959     10.6944     10.9912     10.6973    -2.76354     13.6563     13.7999     13.4244    -2.76354
       2      24       8     134.375     83.9272    -90.3051     67.9829     644.206    -662.813     99.9941     2.64278     19.2452     10.6944          11      10.706    -2.78745     13.6562     13.8088     13.4332    -2.78745
       2      24       9     134.375     81.7098    -90.3078     92.8523     641.094    -662.813     99.9941     2.66299     19.0973     10.6944     10.9918     10.6978    -2.81132     13.6561     13.8007     13.4251    -2.81132
       2      24      10     134.375     79.4924    -90.3103     117.583     637.021    -662.813     99.9942     2.68321     18.9517     10.6944     11.0005     10.7066    -2.83513      13.656     13.8095      13.434    -2.83513
       2      25       1     136.075      99.467    -90.2789    -106.663     637.291    -697.967     99.9934     2.38625     15.6762     10.6943     10.9988     10.6961    -2.69523      12.871      13.724     13.3596    -2.69523
       2      25       2     136.075     97.2503    -90.2815    -81.9361     640.939    -697.967     99.9935     2.40673     15.5434     10.6943     11.0073     10.7046     -2.7201     12.8709     13.7326     13.3682     -2.7201
       2      25       3     136.075     95.0334    -90.2841    -57.0858     643.628    -697.967     99.9935     2.42717     15.4132     10.6943     10.9991     10.6964    -2.74494     12.8708     13.7245     13.3601    -2.74494
       2      25       4     136.075     92.8165    -90.2866    -32.1494     645.354    -697.967     99.9936     2.44761     15.2853     10.6943     11.0079     10.7052    -2.76974     12.8707     13.7333     13.3689    -2.76974
       2      25       5     136.075     90.5995    -90.2892     -7.1642     646.114    -697.967     99.9936     2.46799       15.16     10.6943     10.9997      10.697    -2.79449     12.8706     13.7252     13.3608    -2.79449
       2      25       6     136.075     88.3825    -90.2917     17.8324     645.907    -697.967     99.9937     2.48839     15.0368     10.6943     11.0084     10.7057    -2.81919     12.8706      13.734     13.3696    -2.81919
       2      25       7     136.075     86.1654    -90.2943     42.8029     644.734    -697.967     99.9937     2.50871     14.9161     10.6943     11.0003     10.6975    -2.84384     12.8705      13.726     13.3615    -2.84384
       2      25       8     136.075     83.9483    -90.2968       67.71     642.596    -697.967     99.9938     2.52905     14.7974     10.6943      11.009     10.7063    -2.86845     12.8704     13.7348     13.3703    -2.86845
       2      25       9     136.075      81.731    -90.2994     92.5165     639.495    -697.967     99.9938     2.54931      14.681     10.6943     11.0009     10.6981      -2.893     12.8703     13.7267     13.3622      -2.893
       2      25      10     136.075     79.5138    -90.3019     117.185     635.437    -697.967     99.9939     2.56959     14.5665     10.6943     11.0096     10.7069    -2.91751     12.8702     13.7356     13.3711    -2.91751
       2      26       1     137.325     99.4753    -90.2771    -106.509     635.853     -732.06     99.9937     2.33979     15.9891     10.6943     11.0052     10.6963    -2.74963     12.8709     13.6679     13.2959    -2.74963
       2      26       2     137.325     97.2586    -90.2797    -81.8385     639.496     -732.06     99.9937     2.35982     15.8538     10.6943     11.0137     10.7048    -2.77501     12.8708     13.6765     13.3045    -2.77501
       2      26       3     137.325     95.0418    -90.2822    -57.0449     642.182     -732.06     99.9937     2.37979     15.7212     10.6943     11.0056     10.6966    -2.80035     12.8707     13.6683     13.2964    -2.80035
       2      26       4     137.325      92.825    -90.2848    -32.1652     643.908     -732.06     99.9938     2.39978     15.5909     10.6943     11.0143     10.7053    -2.82564     12.8706     13.6772     13.3052    -2.82564
       2      26       5     137.325     90.6081    -90.2873    -7.23675      644.67     -732.06     99.9938     2.41971     15.4632     10.6943     11.0061     10.6972    -2.85089     12.8705     13.6691     13.2971    -2.85089
       2      26       6     137.325     88.3912    -90.2899     17.7032     644.467     -732.06     99.9939     2.43964     15.3377     10.6943     11.0149     10.7059    -2.87609     12.8704     13.6779     13.3059    -2.87609
       2      26       7     137.325     86.1741    -90.2924     42.6173       643.3     -732.06     99.9939     2.45952     15.2147     10.6943     11.0067     10.6977    -2.90124     12.8703     13.6698     13.2978    -2.90124
       2      26       8     137.325     83.9571    -90.2949     67.4684      641.17     -732.06      99.994      2.4794     15.0937     10.6943     11.0155     10.7065    -2.92634     12.8702     13.6786     13.3066    -2.92634
       2      26       9     137.325     81.7399    -90.2975     92.2191      638.08     -732.06      99.994     2.49922     14.9751     10.6943     11.0073     10.6983    -2.95139     12.8701     13.6706     13.2985    -2.95139
       2      26      10     137.325     79.5227       -90.3     116.832     634.035     -732.06     99.9941     2.51904     14.8585     10.6943     11.0161     10.7071    -2.97639       12.87     13.6794     13.3074    -2.97639
       2      27       1     138.575     99.4838    -90.2747    -106.352      634.38    -766.916     99.9939     2.29227      16.322     10.6942     11.0115     10.6965     -2.8027     12.8707     13.6103      13.231     -2.8027
       2      27       2     138.575     97.2672    -90.2773    -81.7386     638.018    -766.916     99.9939     2.31182     16.1841     10.6942       11.02      10.705    -2.82856     12.8706     13.6189     13.2396    -2.82856
       2      27       3     138.575     95.0505    -90.2798     -57.003     640.701    -766.916      99.994     2.33133     16.0489     10.6942     11.0118     10.6968     -2.8544     12.8705     13.6108     13.2315     -2.8544
       2      27       4     138.575     92.8337    -90.2823    -32.1815     642.426    -766.916      99.994     2.35084      15.916     10.6942     11.0206     10.7055    -2.88018     12.8704     13.6196     13.2403    -2.88018
       2      27       5     138.575     90.6169    -90.2849     -7.3111      643.19    -766.916     99.9941     2.37031     15.7858     10.6943     11.0124     10.6973    -2.90591     12.8704     13.6115     13.2322    -2.90591
       2      27       6     138.575     88.4001    -90.2874     17.5709     642.991    -766.916     99.9941     2.38977     15.6579     10.6943     11.0212     10.7061     -2.9316     12.8703     13.6203      13.241     -2.9316
       2      27       7     138.575     86.1831    -90.2899     42.4272      641.83    -766.916     99.9942     2.40918     15.5324     10.6943      11.013     10.6979    -2.95723     12.8702     13.6122     13.2329    -2.95723
       2      27       8     138.575     83.9661    -90.2924     67.2207     639.709    -766.916     99.9942      2.4286      15.409     10.6943     11.0218     10.7067    -2.98281     12.8701     13.6211     13.2417    -2.98281
       2      27       9     138.575      81.749    -90.2949     91.9144      636.63    -766.916     99.9942     2.44796     15.2881     10.6943     11.0136     10.6985    -3.00835       12.87      13.613     13.2336    -3.00835
       2      27      10     138.575      79.532    -90.2974     116.471     632.598    -766.916     99.9943     2.46732     15.1691     10.6943     11.0224     10.7073    -3.03383     12.8699     13.6218     13.2425    -3.03383
       2      28       1     139.825     99.4926    -90.2718     -106.19     632.872     -802.59     99.9941     2.24369     16.6765     10.6942     11.0176     10.6966    -2.85442     12.8706     13.5514     13.1649    -2.85442
       2      28       2     139.825      97.276    -90.2743    -81.6363     636.504     -802.59     99.9942     2.26275     16.5358     10.6942     11.0262     10.7051    -2.88076     12.8705       13.56     13.1735    -2.88076
       2      28       3     139.825     95.0594    -90.2768    -56.9602     639.185     -802.59     99.9942     2.28178     16.3979     10.6942      11.018     10.6969    -2.90706     12.8704     13.5519     13.1654    -2.90706
       2      28       4     139.825     92.8427    -90.2793    -32.1981      640.91     -802.59     99.9943     2.30082     16.2624     10.6942     11.0267     10.7057    -2.93332     12.8703     13.5607     13.1742    -2.93332
       2      28       5     139.825      90.626    -90.2818     -7.3872     641.675     -802.59     99.9943      2.3198     16.1295     10.6942     11.0186     10.6975    -2.95953     12.8702     13.5526     13.1661    -2.95953
       2      28       6     139.825     88.4092    -90.2843     17.4354     641.481     -802.59     99.9943     2.33879     15.9989     10.6942     11.0273     10.7063    -2.98568     12.8701     13.5614     13.1749    -2.98568
       2      28       7     139.825     86.1923    -90.2868     42.2326     640.326     -802.59     99.9944     2.35773     15.8709     10.6942     11.0192     10.6981    -3.01179       12.87     13.5533     13.1668    -3.01179
       2      28       8     139.825     83.9754    -90.2893     66.9673     638.213     -802.59     99.9944     2.37667      15.745     10.6943     11.0279     10.7068    -3.03784     12.8699     13.5621     13.1756    -3.03784
       2      28       9     139.825     81.7584    -90.2918     91.6024     635.145     -802.59     99.9945     2.39555     15.6215     10.6943     11.0198     10.6987    -3.06385     12.8698      13.554     13.1675    -3.06385
       2      28      10     139.825     79.5414    -90.2942     116.101     631.126     -802.59     99.9945     2.41444     15.5001     10.6943     11.0285     10.7074     -3.0898     12.8697     13.5629     13.1763     -3.0898
       2      29       1     141.075     99.5015    -90.2682    -106.025      631.33    -839.302     99.9944     2.19407     17.0547     10.6942     11.0236     10.6968    -2.90476     12.8705     13.4911     13.0977    -2.90476
       2      29       2     141.075     97.2851    -90.2707    -81.5317     634.957    -839.302     99.9944     2.21264     16.9111     10.6942     11.0321     10.7053    -2.93156     12.8704     13.4997     13.1062    -2.93156
       2      29       3     141.075     95.0685    -90.2732    -56.9163     637.635    -839.302     99.9945     2.23118     16.7703     10.6942      11.024     10.6971    -2.95833     12.8703     13.4916     13.0981    -2.95833
       2      29       4     141.075      92.852    -90.2757    -32.2151     639.359    -839.302     99.9945     2.24972     16.6318     10.6942     11.0327     10.7058    -2.98505     12.8702     13.5004     13.1069    -2.98505
       2      29       5     141.075     90.6353    -90.2781    -7.46503     640.126    -839.302     99.9945     2.26822     16.4962     10.6942     11.0245     10.6977    -3.01172     12.8701     13.4923     13.0988    -3.01172
       2      29       6     141.075     88.4186    -90.2806     17.2969     639.936    -839.302     99.9946     2.28672     16.3628     10.6942     11.0333     10.7064    -3.03833       12.87     13.5011     13.1076    -3.03833
       2      29       7     141.075     86.2018    -90.2831     42.0336     638.788    -839.302     99.9946     2.30517      16.232     10.6942     11.0251     10.6982     -3.0649     12.8699      13.493     13.0995     -3.0649
       2      29       8     141.075      83.985    -90.2855     66.7081     636.684    -839.302     99.9946     2.32362     16.1034     10.6942     11.0339      10.707    -3.09141     12.8698     13.5018     13.1083    -3.09141
       2      29       9     141.075     81.7681     -90.288     91.2835     633.627    -839.302     99.9947     2.34202     15.9773     10.6942     11.0258     10.6988    -3.11787     12.8697     13.4937     13.1002    -3.11787
       2      29      10     141.075     79.5512    -90.2904     115.723     629.622    -839.302     99.9947     2.36042     15.8533     10.6943     11.0345     10.7076    -3.14427     12.8696     13.5026      13.109    -3.14427    
3	1	10	3.672	90	-359.606	-12.1552	208.34	2170.47	100	0.288832	44.6584	9.99818	10.0025	10.0016	0.393878	10.7118	10.7148	10.7138	0.393878
3	1	11	4.08	90	-359.562	-12.155	230.31	2170.5	100	0.288905	44.6278	9.99777	10.0028	10.0017	0.437781	10.7117	10.7151	10.7139	0.437781
3	1	12	4.488	90	-359.518	-12.1549	252.291	2170.52	100	0.288987	44.5981	9.99733	10.0031	10.0018	0.481729	10.7116	10.7155	10.714	0.481729
3	1	13	4.896	90	-359.474	-12.1546	274.286	2170.54	100	0.289075	44.5702	9.99684	10.0035	10.0018	0.525725	10.7116	10.7158	10.7141	0.525725
3	1	14	5.304	90	-359.43	-12.1544	296.393	2170.55	100	0.28917	44.5438	9.99631	10.0038	10.0019	0.569774	10.7115	10.7162	10.7141	0.569774
3	1	15	5.712	90	-359.386	-12.1542	318.415	2170.55	100	0.289275	44.5184	9.99573	10.0041	10.0019	0.613881	10.7114	10.7165	10.7141	0.613881
3	1	16	6.12	90	-359.342	-12.1539	340.453	2170.55	100	0.289385	44.4947	9.99511	10.0045	10.0019	0.65805	10.7113	10.7169	10.7142	0.65805
3	1	17	6.528	90	-359.298	-12.1536	362.509	2170.56	100	0.289504	44.4723	9.99445	10.0048	10.0019	0.702286	10.7112	10.7173	10.7142	0.702286
3	1	18	6.936	90	-359.253	-12.1533	384.68	2170.54	100	0.289629	44.4515	9.99374	10.0052	10.0019	0.746593	10.7111	10.7176	10.7141	0.746593
3	1	19	7.752	90	-359.165	-12.1527	407.14	2170.56	100	0.205885	89.0546	9.99213	10.0011	9.99695	0.835439	10.711	11.4254	11.4207	0.835439
3	1	20	8.568	90	-359.075	-12.1519	429.989	2170.51	100	0.206306	88.9542	9.99039	10.0013	9.99626	0.924627	10.7108	11.4257	11.4199	0.924627
3	1	21	8.976	90	-359.031	-12.1515	452.516	2170.44	100	0.290377	44.3675	9.98954	10.007	10.0015	0.96936	10.7106	10.7197	10.7137	0.96936
3	1	22	9.384	90	-358.986	-12.1511	474.818	2170.38	100	0.29055	44.3549	9.98857	10.0074	10.0014	1.01419	10.7104	10.7201	10.7136	1.01419
3	1	23	9.792	90	-358.941	-12.1507	497.046	2170.34	100	0.290731	44.3437	9.98755	10.0079	10.0012	1.05913	10.7103	10.7205	10.7134	1.05913
3	1	24	10.2	90	-358.896	-12.1502	519.301	2170.29	100	0.290919	44.3339	9.98648	10.0083	10.0011	1.10418	10.7101	10.721	10.7133	1.10418
3	1	25	10.608	90	-358.851	-12.1498	541.587	2170.25	100	0.291117	44.3253	9.98537	10.0087	10.0009	1.14934	10.71	10.7214	10.7131	1.14934
3	1	26	11.016	90	-358.805	-12.1493	563.998	2170.17	100	0.291321	44.3184	9.98421	10.0091	10.0007	1.19462	10.7098	10.7219	10.7129	1.19462
3	1	27	11.424	90	-358.76	-12.1488	586.339	2170.11	100	0.291535	44.3125	9.98301	10.0095	10.0005	1.24002	10.7097	10.7223	10.7126	1.24002
3	1	28	11.832	90	-358.714	-12.1482	608.713	2170.04	100	0.291756	44.3085	9.98176	10.01	10.0002	1.28556	10.7095	10.7228	10.7124	1.28556
3	1	29	12.24	90	-358.669	-12.1477	631.123	2169.98	100	0.291987	44.3054	9.98046	10.0104	9.99999	1.33123	10.7093	10.7233	10.7121	1.33123
3	1	30	13.056	90	-358.577	-12.1465	654.033	2169.88	100	0.209417	88.3926	9.97752	10.0031	9.99118	1.42299	10.7091	11.4278	11.4141	1.42299
3	1	31	13.464	90	-358.531	-12.1459	676.88	2169.71	100	0.292729	44.3047	9.97628	10.0118	9.99911	1.46909	10.7087	10.7248	10.7112	1.46909
3	1	32	13.872	90	-358.485	-12.1453	699.427	2169.61	100	0.292992	44.3075	9.97478	10.0123	9.99877	1.51535	10.7085	10.7253	10.7108	1.51535
3	1	33	14.28	90	-358.438	-12.1446	722.018	2169.54	100	0.293266	44.3113	9.97324	10.0128	9.99842	1.56177	10.7083	10.7258	10.7104	1.56177
3	1	34	14.688	90	-358.392	-12.1439	744.74	2169.41	100	0.293549	44.3165	9.97165	10.0133	9.99805	1.60835	10.7081	10.7263	10.71	1.60835
3	1	35	15.096	90	-358.345	-12.1432	767.405	2169.3	100	0.293839	44.3235	9.97001	10.0138	9.99766	1.65511	10.7078	10.7269	10.7096	1.65511
3	1	36	15.504	90	-358.298	-12.1425	790.113	2169.18	100	0.29414	44.3314	9.96832	10.0143	9.99724	1.70205	10.7076	10.7274	10.7092	1.70205
3	1	37	15.912	90	-358.251	-12.1418	812.872	2169.09	100	0.29445	44.3407	9.96657	10.0148	9.99681	1.74917	10.7073	10.728	10.7087	1.74917
3	1	38	16.32	90	-358.204	-12.141	835.763	2168.93	100	0.294768	44.3517	9.96478	10.0154	9.99635	1.79647	10.7071	10.7286	10.7082	1.79647
3	1	39	16.728	90	-358.156	-12.1402	858.604	2168.8	100	0.295096	44.3639	9.96293	10.0159	9.99588	1.84398	10.7068	10.7291	10.7077	1.84398
3	1	40	17.136	90	-358.108	-12.1394	881.493	2168.67	100	0.295433	44.3775	9.96103	10.0164	9.99538	1.89168	10.7065	10.7297	10.7072	1.89168
3	2	40	17.1407	91.323	-1.38449	-34.1431	881.478	2168.74	100	0.295279	46.3005	9.96681	9.99999	9.99999	0	10.712	10.7121	10.7121	0
3	2	39	16.7328	91.3573	-1.41725	-34.1449	858.59	2168.88	100	0.294944	46.2385	9.96843	9.99999	9.99999	0	10.712	10.7121	10.7121	0
3	2	38	16.325	91.3932	-1.45166	-34.1466	835.75	2169.01	100	0.294621	46.1778	9.96999	9.99999	9.99999	0	10.712	10.7121	10.7121	0
3	2	37	15.9171	91.4308	-1.48787	-34.1484	812.858	2169.16	100	0.294305	46.119	9.97152	9.99999	9.99999	0	10.712	10.7121	10.7121	0
3	2	36	15.5092	91.4705	-1.52601	-34.1498	790.1	2169.25	100	0.294	46.0617	9.973	9.99999	9.99999	0	10.712	10.7121	10.7121	0
3	2	35	15.1014	91.5122	-1.56624	-34.1514	767.393	2169.37	100	0.293703	46.0057	9.97444	9.99999	9.99999	0	10.712	10.7121	10.7121	0
3	2	34	14.6935	91.5561	-1.60872	-34.1529	744.728	2169.48	100	0.293416	45.9519	9.97584	9.99999	9.99999	0	10.712	10.7121	10.7121	0
3	2	33	14.2857	91.6026	-1.65366	-34.1545	722.006	2169.61	100	0.293137	45.899	9.97719	9.99999	9.99999	0	10.712	10.7121	10.7121	0
3	2	32	13.8779	91.6516	-1.70128	-34.1557	699.415	2169.68	100	0.292868	45.8478	9.9785	9.99999	9.99999	0	10.712	10.7121	10.7121	0
3	2	31	13.4701	91.7036	-1.7518	-34.157	676.869	2169.78	100	0.292607	45.7984	9.97977	9.99999	9.99999	0	10.712	10.7121	10.7121	0
3	2	30	13.0623	91.7588	-1.80552	-34.1588	654.012	2169.95	100	0.209416	90.0001	9.981	9.99998	9.99998	0	10.712	11.4242	11.4242	0
3	2	29	12.2467	91.88	-1.92378	-34.1607	631.112	2170.06	100	0.291876	45.6587	9.98333	9.99999	9.99999	0	10.712	10.7121	10.7121	0
3	2	28	11.8389	91.9468	-1.98906	-34.1617	608.702	2170.11	100	0.291651	45.6152	9.98443	9.99999	9.99999	0	10.712	10.7121	10.7121	0
3	2	27	11.4312	92.0182	-2.05905	-34.1627	586.33	2170.18	100	0.291433	45.5732	9.9855	9.99999	9.99999	0	10.712	10.7121	10.7121	0
3	2	26	11.0235	92.0949	-2.13425	-34.1637	563.988	2170.24	100	0.291222	45.5327	9.98653	9.99999	9.99999	0	10.712	10.7121	10.7121	0
3	2	25	10.6158	92.1774	-2.21526	-34.1647	541.578	2170.32	100	0.29102	45.4939	9.98751	9.99999	9.99999	0	10.712	10.7121	10.7121	0
3	2	24	10.2081	92.2664	-2.30279	-34.1655	519.292	2170.36	100	0.290827	45.4562	9.98846	9.99999	9.99999	0	10.712	10.7121	10.7121	0
3	2	23	9.80041	92.3627	-2.39763	-34.1663	497.037	2170.41	100	0.290643	45.4203	9.98937	9.99999	9.99999	0	10.712	10.7121	10.7121	0
3	2	22	9.39279	92.4673	-2.50075	-34.167	474.809	2170.45	100	0.290465	45.3859	9.99023	9.99999	9.99999	0	10.712	10.7121	10.7121	0
3	2	21	8.98519	92.5812	-2.61327	-34.1678	452.508	2170.51	100	0.290296	45.3529	9.99106	9.99999	9.99999	0	10.712	10.7121	10.7121	0
3	2	20	8.57764	92.706	-2.73652	-34.1687	429.975	2170.58	100	0.206306	90	9.99186	9.99998	9.99998	0	10.712	11.4242	11.4242	0
3	2	19	7.76266	92.9944	-3.02203	-34.1698	407.127	2170.63	100	0.205885	90.0003	9.99333	9.99998	9.99998	0	10.712	11.4242	11.4242	0
3	2	18	6.94793	93.35	-3.37473	-34.1704	384.674	2170.61	100	0.289567	45.2105	9.99464	9.99999	9.99999	0	10.712	10.7121	10.7121	0
3	2	17	6.54068	93.5609	-3.58413	-34.1708	362.502	2170.63	100	0.289445	45.1863	9.99525	9.99999	9.99999	0	10.712	10.7121	10.7121	0
3	2	16	6.13353	93.7996	-3.82137	-34.171	340.446	2170.63	100	0.289331	45.1638	9.99581	9.99999	9.99999	0	10.712	10.7121	10.7121	0
3	2	15	5.72651	94.0721	-4.09244	-34.1713	318.409	2170.63	100	0.289222	45.1427	9.99634	9.99999	9.99999	0	10.712	10.7121	10.7121	0
3	2	14	5.31962	94.3862	-4.40505	-34.1715	296.387	2170.62	100	0.289122	45.1228	9.99683	9.99999	9.99999	0	10.712	10.7121	10.7121	0
3	2	13	4.91293	94.7521	-4.7695	-34.1717	274.28	2170.62	100	0.28903	45.1048	9.99729	9.99999	9.99999	0	10.712	10.7121	10.7121	0
3	2	12	4.50647	95.1838	-5.19981	-34.1717	252.286	2170.59	100	0.288946	45.0879	9.9977	9.99999	9.99999	0	10.712	10.7121	10.7121	0
3	2	11	4.10031	95.701	-5.71548	-34.1718	230.305	2170.57	100	0.288869	45.0727	9.99808	9.99999	9.99999	0	10.712	10.7121	10.7121	0
3	2	10	3.69457	96.3315	-6.34462	-34.1717	208.336	2170.54	100	0.288799	45.0587	9.99843	9.99999	9.99999	0	10.712	10.7121	10.7121	0
3	2	9	3.28937	97.1173	-7.12894	-34.1717	186.277	2170.52	100	0.288737	45.0466	9.99874	9.99999	9.99999	0	10.712	10.7121	10.7121	0
3	3	40	17.1548	92.6446	-2.7675	-56.0486	881.478	2168.81	100	0.29528	46.3005	9.96681	9.99999	9.99999	0	10.712	10.7121	10.7121	0
3	3	39	16.7473	92.7129	-2.8329	-56.0514	858.59	2168.94	100	0.294945	46.2386	9.96843	9.99999	9.99999	0	10.712	10.7121	10.7121	0
3	3	38	16.3398	92.7846	-2.90161	-56.054	835.75	2169.07	100	0.29462	46.1778	9.96999	9.99999	9.99999	0	10.712	10.7121	10.7121	0
3	3	37	15.9324	92.8598	-2.97388	-56.0569	812.858	2169.23	100	0.294306	46.1192	9.97152	9.99999	9.99999	0	10.712	10.7121	10.7121	0
3	3	36	15.5249	92.9389	-3.05001	-56.059	790.1	2169.32	100	0.294	46.0617	9.973	9.99999	9.99999	0	10.712	10.7121	10.7121	0
3	3	35	15.1175	93.0222	-3.13029	-56.0614	767.393	2169.44	100	0.293703	46.0059	9.97444	9.99999	9.99999	0	10.712	10.7121	10.7121	0
3	3	34	14.7102	93.1099	-3.21507	-56.0636	744.728	2169.55	100	0.293416	45.9519	9.97584	9.99999	9.99999	0	10.712	10.7121	10.7121	0
3	3	33	14.3028	93.2025	-3.30474	-56.0662	722.006	2169.68	100	0.293137	45.899	9.97719	9.99999	9.99999	0	10.712	10.7121	10.7121	0
3	3	32	13.8955	93.3005	-3.39973	-56.0679	699.415	2169.75	100	0.292868	45.8479	9.9785	9.99999	9.99999	0	10.712	10.7121	10.7121	0
3	3	31	13.4882	93.4042	-3.50051	-56.0699	676.869	2169.85	100	0.292608	45.7984	9.97977	9.99999	9.99999	0	10.712	10.7121	10.7121	0
3	3	30	13.081	93.5143	-3.60763	-56.0729	654.012	2170.02	100	0.209417	90	9.981	9.99998	9.99998	0	10.712	11.4242	11.4242	0
3	3	29	12.2668	93.7559	-3.84341	-56.0756	631.112	2170.12	100	0.291877	45.6587	9.98333	9.99999	9.99999	0	10.712	10.7121	10.7121	0
3	3	28	11.8597	93.889	-3.97355	-56.0769	608.702	2170.18	100	0.29165	45.6152	9.98443	9.99999	9.99999	0	10.712	10.7121	10.7121	0
3	3	27	11.4527	94.0314	-4.113	-56.0785	586.33	2170.25	100	0.291433	45.573	9.9855	9.99999	9.99999	0	10.712	10.7121	10.7121	0
3	3	26	11.0458	94.1841	-4.2628	-56.0799	563.988	2170.31	100	0.291223	45.5328	9.98653	9.99999	9.99999	0	10.712	10.7121	10.7121	0
3	3	25	10.639	94.3484	-4.42414	-56.0815	541.578	2170.39	100	0.291021	45.4937	9.98751	9.99999	9.99999	0	10.712	10.7121	10.7121	0
3	3	24	10.2322	94.5255	-4.59837	-56.0825	519.292	2170.43	100	0.290828	45.4564	9.98846	9.99999	9.99999	0	10.712	10.7121	10.7121	0
3	3	23	9.82561	94.7172	-4.78712	-56.0837	497.037	2170.48	100	0.290643	45.4206	9.98937	9.99999	9.99999	0	10.712	10.7121	10.7121	0
3	3	22	9.41909	94.9253	-4.99225	-56.0847	474.809	2170.52	100	0.290466	45.3857	9.99023	9.99999	9.99999	0	10.712	10.7121	10.7121	0
3	3	21	9.01271	95.1519	-5.21597	-56.0859	452.508	2170.58	100	0.290297	45.353	9.99106	9.99999	9.99999	0	10.712	10.7121	10.7121	0
3	3	20	8.60648	95.3998	-5.4609	-56.0874	429.975	2170.65	100	0.206306	90	9.99186	9.99998	9.99998	0	10.712	11.4242	11.4242	0
3	3	19	7.79457	95.9724	-6.02764	-56.0888	407.127	2170.7	100	0.205885	90.0001	9.99333	9.99998	9.99998	0	10.712	11.4242	11.4242	0
3	3	18	6.9836	96.6771	-6.72656	-56.0892	384.674	2170.68	100	0.289566	45.2105	9.99464	9.99999	9.99999	0	10.712	10.7121	10.7121	0
3	3	17	6.57858	97.0942	-7.14077	-56.0898	362.502	2170.7	100	0.289445	45.1864	9.99525	9.99999	9.99999	0	10.712	10.7121	10.7121	0
3	3	16	6.17396	97.5658	-7.60943	-56.09	340.446	2170.69	100	0.28933	45.164	9.99581	9.99999	9.99999	0	10.712	10.7121	10.7121	0
3	3	15	5.7698	98.1032	-8.14395	-56.0902	318.409	2170.69	100	0.289222	45.1426	9.99634	9.99999	9.99999	0	10.712	10.7121	10.7121	0
3	3	14	5.36622	98.7213	-8.75906	-56.0904	296.387	2170.69	100	0.289123	45.1229	9.99683	9.99999	9.99999	0	10.712	10.7121	10.7121	0
3	3	13	4.96337	99.4394	-9.47426	-56.0906	274.28	2170.68	100	0.289031	45.1048	9.99729	9.99999	9.99999	0	10.712	10.7121	10.7121	0
3	3	12	4.56143	100.284	-10.3158	-56.0904	252.286	2170.66	100	0.288946	45.088	9.9977	9.99999	9.99999	0	10.712	10.7121	10.7121	0
3	3	11	4.16066	101.291	-11.32	-56.0903	230.305	2170.64	100	0.288869	45.0727	9.99808	9.99999	9.99999	0	10.712	10.7121	10.7121	0
3	3	10	3.76145	102.512	-12.5379	-56.0901	208.336	2170.61	100	0.288799	45.0589	9.99843	9.99999	9.99999	0	10.712	10.7121	10.7121	0
3	3	9	3.36435	104.021	-14.0445	-56.0899	186.277	2170.58	100	0.288737	45.0464	9.99874	9.99999	9.99999	0	10.712	10.7121	10.7121	0
3	4	40	17.1784	93.9632	-4.14758	-77.9573	881.478	2168.87	100	0.295279	46.3005	9.96681	9.99999	9.99999	0	10.712	10.7121	10.7121	0
3	4	39	16.7714	94.0654	-4.24539	-77.961	858.59	2169.01	100	0.294945	46.2383	9.96843	9.99999	9.99999	0	10.712	10.7121	10.7121	0
3	4	38	16.3646	94.1726	-4.34814	-77.9646	835.75	2169.14	100	0.294621	46.1782	9.96999	9.99999	9.99999	0	10.712	10.7121	10.7121	0
3	4	37	15.9578	94.2851	-4.45621	-77.9686	812.858	2169.29	100	0.294306	46.119	9.97152	9.99999	9.99999	0	10.712	10.7121	10.7121	0
3	4	36	15.5511	94.4034	-4.57001	-77.9713	790.1	2169.38	100	0.293999	46.0618	9.973	9.99999	9.99999	0	10.712	10.7121	10.7121	0
3	4	35	15.1444	94.5278	-4.69	-77.9745	767.393	2169.5	100	0.293704	46.0061	9.97444	9.99999	9.99999	0	10.712	10.7121	10.7121	0
3	4	34	14.7378	94.6589	-4.8167	-77.9776	744.728	2169.61	100	0.293416	45.9516	9.97584	9.99999	9.99999	0	10.712	10.7121	10.7121	0
3	4	33	14.3313	94.7974	-4.95068	-77.981	722.006	2169.74	100	0.293137	45.8988	9.97719	9.99999	9.99999	0	10.712	10.7121	10.7121	0
3	4	32	13.9248	94.9437	-5.09257	-77.9833	699.415	2169.81	100	0.292867	45.8479	9.9785	9.99999	9.99999	0	10.712	10.7121	10.7121	0
3	4	31	13.5185	95.0986	-5.24307	-77.986	676.869	2169.91	100	0.292607	45.7983	9.97977	9.99999	9.99999	0	10.712	10.7121	10.7121	0
3	4	30	13.1123	95.2629	-5.403	-77.9902	654.012	2170.08	100	0.209416	89.9999	9.981	9.99998	9.99998	0	10.712	11.4242	11.4242	0
3	4	29	12.3001	95.6236	-5.75484	-77.9937	631.112	2170.19	100	0.291877	45.6587	9.98333	9.99999	9.99999	0	10.712	10.7121	10.7121	0
3	4	28	11.8942	95.8221	-5.94892	-77.9954	608.702	2170.24	100	0.291651	45.6153	9.98443	9.99999	9.99999	0	10.712	10.7121	10.7121	0
3	4	27	11.4885	96.0344	-6.15683	-77.9974	586.33	2170.31	100	0.291432	45.5734	9.9855	9.99999	9.99999	0	10.712	10.7121	10.7121	0
3	4	26	11.083	96.262	-6.38006	-77.9993	563.988	2170.37	100	0.291223	45.5328	9.98653	9.99999	9.99999	0	10.712	10.7121	10.7121	0
3	4	25	10.6776	96.5067	-6.62036	-78.0015	541.578	2170.45	100	0.291021	45.4939	9.98751	9.99999	9.99999	0	10.712	10.7121	10.7121	0
3	4	24	10.2724	96.7705	-6.87974	-78.0027	519.292	2170.49	100	0.290827	45.4564	9.98846	9.99999	9.99999	0	10.712	10.7121	10.7121	0
3	4	23	9.86746	97.0557	-7.16054	-78.0042	497.037	2170.54	100	0.290643	45.4204	9.98937	9.99999	9.99999	0	10.712	10.7121	10.7121	0
3	4	22	9.46278	97.365	-7.46549	-78.0056	474.809	2170.58	100	0.290466	45.3858	9.99023	9.99999	9.99999	0	10.712	10.7121	10.7121	0
3	4	21	9.05839	97.7017	-7.7978	-78.0072	452.508	2170.64	100	0.290296	45.353	9.99106	9.99999	9.99999	0	10.712	10.7121	10.7121	0
3	4	20	8.65434	98.0696	-8.16129	-78.0091	429.975	2170.71	100	0.206306	89.9999	9.99186	9.99998	9.99998	0	10.712	11.4242	11.4242	0
3	4	19	7.84745	98.918	-9.00096	-78.0109	407.127	2170.76	100	0.205884	90	9.99333	9.99998	9.99998	0	10.712	11.4242	11.4242	0
3	4	18	7.04265	99.9593	-10.0335	-78.0112	384.674	2170.74	100	0.289568	45.2103	9.99464	9.99999	9.99999	0	10.712	10.7121	10.7121	0
3	4	17	6.64127	100.574	-10.6437	-78.012	362.502	2170.76	100	0.289445	45.1861	9.99525	9.99999	9.99999	0	10.712	10.7121	10.7121	0
3	4	16	6.24074	101.267	-11.3326	-78.0121	340.446	2170.76	100	0.28933	45.1638	9.99581	9.99999	9.99999	0	10.712	10.7121	10.7121	0
3	4	15	5.84125	102.055	-12.116	-78.0123	318.409	2170.76	100	0.289223	45.1426	9.99634	9.99999	9.99999	0	10.712	10.7121	10.7121	0
3	4	14	5.44301	102.958	-13.0145	-78.0124	296.387	2170.75	100	0.289123	45.123	9.99683	9.99999	9.99999	0	10.712	10.7121	10.7121	0
3	4	13	5.04632	104.002	-14.0547	-78.0126	274.28	2170.75	100	0.289031	45.1047	9.99729	9.99999	9.99999	0	10.712	10.7121	10.7121	0
3	4	12	4.65159	105.224	-15.2722	-78.0123	252.286	2170.72	100	0.288946	45.0879	9.9977	9.99999	9.99999	0	10.712	10.7121	10.7121	0
3	4	11	4.25935	106.671	-16.715	-78.012	230.305	2170.7	100	0.288869	45.0726	9.99808	9.99999	9.99999	0	10.712	10.7121	10.7121	0
3	4	10	3.87036	108.41	-18.4493	-78.0116	208.336	2170.67	100	0.2888	45.0589	9.99843	9.99999	9.99999	0	10.712	10.7121	10.7121	0
3	4	9	3.48572	110.534	-20.5691	-78.0112	186.277	2170.65	100	0.288737	45.0467	9.99874	9.99999	9.99999	0	10.712	10.7121	10.7121	0
3	5	40	17.2112	95.2774	-5.52327	-99.8702	881.478	2168.93	100	0.29528	46.3004	9.96681	9.99999	9.99999	0	10.712	10.7121	10.7121	0
3	5	39	16.8052	95.4132	-5.65316	-99.8749	858.59	2169.07	100	0.294946	46.2382	9.96843	9.99999	9.99999	0	10.712	10.7121	10.7121	0
3	5	38	16.3992	95.5556	-5.78958	-99.8794	835.75	2169.2	100	0.294621	46.178	9.96999	9.99999	9.99999	0	10.712	10.7121	10.7121	0
3	5	37	15.9933	95.7049	-5.93303	-99.8845	812.858	2169.35	100	0.294307	46.1189	9.97152	9.99999	9.99999	0	10.712	10.7121	10.7121	0
3	5	36	15.5876	95.8619	-6.08405	-99.8879	790.1	2169.44	100	0.294	46.0618	9.973	9.99999	9.99999	0	10.712	10.7121	10.7121	0
3	5	35	15.1819	96.027	-6.24326	-99.8919	767.393	2169.56	100	0.293703	46.0058	9.97444	9.99999	9.99999	0	10.712	10.7121	10.7121	0
3	5	34	14.7764	96.201	-6.41131	-99.8958	744.728	2169.67	100	0.293415	45.9519	9.97584	9.99999	9.99999	0	10.712	10.7121	10.7121	0
3	5	33	14.371	96.3845	-6.58896	-99.9001	722.006	2169.8	100	0.293137	45.8992	9.97719	9.99999	9.99999	0	10.712	10.7121	10.7121	0
3	5	32	13.9658	96.5785	-6.77705	-99.903	699.415	2169.87	100	0.292868	45.8478	9.9785	9.99999	9.99999	0	10.712	10.7121	10.7121	0
3	5	31	13.5607	96.7838	-6.97648	-99.9063	676.869	2169.97	100	0.292609	45.7985	9.97977	9.99999	9.99999	0	10.712	10.7121	10.7121	0
3	5	30	13.1558	97.0016	-7.18833	-99.9118	654.012	2170.14	100	0.209417	89.9999	9.981	9.99998	9.99998	0	10.712	11.4242	11.4242	0
3	5	29	12.3467	97.4791	-7.65408	-99.916	631.112	2170.25	100	0.291876	45.6588	9.98333	9.99999	9.99999	0	10.712	10.7121	10.7121	0
3	5	28	11.9424	97.7417	-7.91081	-99.9181	608.702	2170.3	100	0.291651	45.6152	9.98443	9.99999	9.99999	0	10.712	10.7121	10.7121	0
3	5	27	11.5384	98.0224	-8.18568	-99.9206	586.33	2170.37	100	0.291432	45.5733	9.9855	9.99999	9.99999	0	10.712	10.7121	10.7121	0
3	5	26	11.1348	98.3232	-8.48061	-99.9229	563.988	2170.43	100	0.291223	45.5329	9.98653	9.99999	9.99999	0	10.712	10.7121	10.7121	0
3	5	25	10.7314	98.6464	-8.79789	-99.9257	541.578	2170.51	100	0.291022	45.4939	9.98751	9.99999	9.99999	0	10.712	10.7121	10.7121	0
3	5	24	10.3284	98.9944	-9.14009	-99.9272	519.292	2170.55	100	0.290828	45.4563	9.98846	9.99999	9.99999	0	10.712	10.7121	10.7121	0
3	5	23	9.92576	99.3704	-9.51022	-99.929	497.037	2170.6	100	0.290642	45.4204	9.98937	9.99999	9.99999	0	10.712	10.7121	10.7121	0
3	5	22	9.5236	99.7779	-9.91181	-99.9307	474.809	2170.64	100	0.290465	45.3859	9.99023	9.99999	9.99999	0	10.712	10.7121	10.7121	0
3	5	21	9.12196	100.221	-10.349	-99.9327	452.508	2170.7	100	0.290296	45.3528	9.99106	9.99999	9.99999	0	10.712	10.7121	10.7121	0
3	5	20	8.7209	100.704	-10.8265	-99.9352	429.975	2170.77	100	0.206306	89.9998	9.99186	9.99998	9.99998	0	10.712	11.4242	11.4242	0
3	5	19	7.9209	101.817	-11.9271	-99.9373	407.127	2170.82	100	0.205884	89.9998	9.99333	9.99998	9.99998	0	10.712	11.4242	11.4242	0
3	5	18	7.1245	103.176	-13.2752	-99.9375	384.674	2170.8	100	0.289567	45.2102	9.99464	9.99999	9.99999	0	10.712	10.7121	10.7121	0
3	5	17	6.72805	103.976	-14.0691	-99.9384	362.502	2170.82	100	0.289445	45.1863	9.99525	9.99999	9.99999	0	10.712	10.7121	10.7121	0
3	5	16	6.33306	104.875	-14.9624	-99.9385	340.446	2170.82	100	0.28933	45.1637	9.99581	9.99999	9.99999	0	10.712	10.7121	10.7121	0
3	5	15	5.93983	105.893	-15.9746	-99.9387	318.409	2170.82	100	0.289223	45.1425	9.99634	9.99999	9.99999	0	10.712	10.7121	10.7121	0
3	5	14	5.54871	107.055	-17.1301	-99.9388	296.387	2170.81	100	0.289123	45.1229	9.99683	9.99999	9.99999	0	10.712	10.7121	10.7121	0
3	5	13	5.16021	108.391	-18.4605	-99.9389	274.28	2170.81	100	0.28903	45.1049	9.99729	9.99999	9.99999	0	10.712	10.7121	10.7121	0
3	5	12	4.77495	109.943	-20.0069	-99.9384	252.286	2170.78	100	0.288946	45.0879	9.9977	9.99999	9.99999	0	10.712	10.7121	10.7121	0
3	5	11	4.39378	111.765	-21.8235	-99.938	230.305	2170.76	100	0.288869	45.0728	9.99808	9.99999	9.99999	0	10.712	10.7121	10.7121	0
3	5	10	4.01788	113.93	-23.9828	-99.9374	208.336	2170.73	100	0.288798	45.0589	9.99843	9.99999	9.99999	0	10.712	10.7121	10.7121	0
3	5	9	3.64887	116.537	-26.5836	-99.9368	186.277	2170.71	100	0.288737	45.0466	9.99874	9.99999	9.99999	0	10.712	10.7121	10.7121	0
3	5	8	3.28907	119.721	-29.7618	-99.9357	164.327	2170.66	100	0.288683	45.0359	9.99901	9.99999	9.99999	0	10.712	10.7121	10.7121	0
3	6	40	17.2534	96.5858	-6.89316	-121.888	881.478	2168.98	100	0.295281	46.3003	9.96681	9.99999	9.99999	0	10.712	10.7121	10.7121	0
3	6	39	16.8484	96.7547	-7.05468	-121.894	858.59	2169.12	100	0.294945	46.2384	9.96843	9.99999	9.99999	0	10.712	10.7121	10.7121	0
3	6	38	16.4436	96.9317	-7.22428	-121.899	835.75	2169.25	100	0.294621	46.1781	9.96999	9.99999	9.99999	0	10.712	10.7121	10.7121	0
3	6	37	16.0389	97.1174	-7.40257	-121.906	812.858	2169.4	100	0.294305	46.1191	9.97152	9.99999	9.99999	0	10.712	10.7121	10.7121	0
3	6	36	15.6344	97.3125	-7.59023	-121.91	790.1	2169.49	100	0.293999	46.0617	9.973	9.99999	9.99999	0	10.712	10.7121	10.7121	0
3	6	35	15.23	97.5176	-7.78797	-121.914	767.393	2169.61	100	0.293704	46.0061	9.97444	9.99999	9.99999	0	10.712	10.7121	10.7121	0
3	6	34	14.8259	97.7337	-7.99665	-121.919	744.728	2169.72	100	0.293416	45.9517	9.97584	9.99999	9.99999	0	10.712	10.7121	10.7121	0
3	6	33	14.422	97.9616	-8.21716	-121.924	722.006	2169.85	100	0.293137	45.8989	9.97719	9.99999	9.99999	0	10.712	10.7121	10.7121	0
3	6	32	14.0183	98.2023	-8.45052	-121.928	699.415	2169.92	100	0.292868	45.848	9.9785	9.99999	9.99999	0	10.712	10.7121	10.7121	0
3	6	31	13.6148	98.457	-8.69786	-121.932	676.869	2170.02	100	0.292608	45.7983	9.97977	9.99999	9.99999	0	10.712	10.7121	10.7121	0
3	6	30	13.2117	98.727	-8.96046	-121.938	654.012	2170.19	100	0.209416	89.9998	9.981	9.99998	9.99998	0	10.712	11.4242	11.4242	0
3	6	29	12.4063	99.3186	-9.53731	-121.943	631.112	2170.3	100	0.291876	45.6587	9.98333	9.99999	9.99999	0	10.712	10.7121	10.7121	0
3	6	28	12.0041	99.6436	-9.855	-121.946	608.702	2170.35	100	0.291651	45.6152	9.98443	9.99999	9.99999	0	10.712	10.7121	10.7121	0
3	6	27	11.6023	99.9908	-10.1949	-121.949	586.33	2170.42	100	0.291432	45.5731	9.9855	9.99999	9.99999	0	10.712	10.7121	10.7121	0
3	6	26	11.201	100.363	-10.5593	-121.952	563.988	2170.48	100	0.291222	45.5328	9.98653	9.99999	9.99999	0	10.712	10.7121	10.7121	0
3	6	25	10.8002	100.762	-10.951	-121.955	541.578	2170.56	100	0.291021	45.4939	9.98751	9.99999	9.99999	0	10.712	10.7121	10.7121	0
3	6	24	10.3999	101.191	-11.373	-121.957	519.292	2170.6	100	0.290829	45.4564	9.98846	9.99999	9.99999	0	10.712	10.7121	10.7121	0
3	6	23	10.0002	101.654	-11.829	-121.959	497.037	2170.65	100	0.290643	45.4206	9.98937	9.99999	9.99999	0	10.712	10.7121	10.7121	0
3	6	22	9.60124	102.156	-12.3232	-121.961	474.809	2170.69	100	0.290465	45.3859	9.99023	9.99999	9.99999	0	10.712	10.7121	10.7121	0
3	6	21	9.20305	102.7	-12.8603	-121.963	452.508	2170.75	100	0.290296	45.3528	9.99106	9.99999	9.99999	0	10.712	10.7121	10.7121	0
3	6	20	8.80575	103.293	-13.4462	-121.966	429.975	2170.82	100	0.206304	90	9.99186	9.99998	9.99998	0	10.712	11.4242	11.4242	0
3	6	19	8.01434	104.654	-14.7926	-121.969	407.127	2170.87	100	0.205884	90.0001	9.99333	9.99998	9.99998	0	10.712	11.4242	11.4242	0
3	6	18	7.22837	106.31	-16.4341	-121.969	384.674	2170.85	100	0.289567	45.2102	9.99464	9.99999	9.99999	0	10.712	10.7121	10.7121	0
3	6	17	6.83801	107.28	-17.3963	-121.97	362.502	2170.87	100	0.289444	45.1864	9.99525	9.99999	9.99999	0	10.712	10.7121	10.7121	0
3	6	16	6.44982	108.366	-18.4749	-121.97	340.446	2170.87	100	0.28933	45.1638	9.99581	9.99999	9.99999	0	10.712	10.7121	10.7121	0
3	6	15	6.06422	109.59	-19.6916	-121.97	318.409	2170.86	100	0.289223	45.1427	9.99634	9.99999	9.99999	0	10.712	10.7121	10.7121	0
3	6	14	5.68173	110.979	-21.0731	-121.97	296.387	2170.86	100	0.289124	45.123	9.99683	9.99999	9.99999	0	10.712	10.7121	10.7121	0
3	6	13	5.30305	112.566	-22.6532	-121.97	274.28	2170.86	100	0.28903	45.1047	9.99729	9.99999	9.99999	0	10.712	10.7121	10.7121	0
3	6	12	4.92902	114.395	-24.4752	-121.97	252.286	2170.83	100	0.288946	45.0879	9.9977	9.99999	9.99999	0	10.712	10.7121	10.7121	0
3	6	11	4.56081	116.521	-26.5941	-121.969	230.305	2170.81	100	0.288868	45.0727	9.99808	9.99999	9.99999	0	10.712	10.7121	10.7121	0
3	6	10	4.19994	119.016	-29.0815	-121.968	208.336	2170.78	100	0.288799	45.0591	9.99843	9.99999	9.99999	0	10.712	10.7121	10.7121	0
3	6	9	3.84848	121.972	-32.0302	-121.967	186.277	2170.76	100	0.288738	45.0466	9.99874	9.99999	9.99999	0	10.712	10.7121	10.7121	0
3	6	8	3.50926	125.509	-35.5604	-121.966	164.327	2170.71	100	0.288682	45.0356	9.99901	9.99999	9.99999	0	10.712	10.7121	10.7121	0
3	7	39	16.9011	98.0885	-8.44847	-143.819	858.59	2169.16	100	0.294946	46.2383	9.96843	9.99999	9.99999	0	10.712	10.7121	10.7121	0
3	7	38	16.4976	98.2996	-8.65066	-143.826	835.75	2169.29	100	0.294621	46.1778	9.96999	9.99999	9.99999	0	10.712	10.7121	10.7121	0
3	7	37	16.0944	98.5209	-8.86313	-143.833	812.858	2169.45	100	0.294306	46.1192	9.97152	9.99999	9.99999	0	10.712	10.7121	10.7121	0
3	7	36	15.6914	98.7534	-9.08668	-143.838	790.1	2169.54	100	0.294	46.0616	9.973	9.99999	9.99999	0	10.712	10.7121	10.7121	0
3	7	35	15.2886	98.9977	-9.32217	-143.843	767.393	2169.66	100	0.293703	46.006	9.97444	9.99999	9.99999	0	10.712	10.7121	10.7121	0
3	7	34	14.8862	99.255	-9.57056	-143.849	744.728	2169.77	100	0.293417	45.9515	9.97584	9.99999	9.99999	0	10.712	10.7121	10.7121	0
3	7	33	14.484	99.5262	-9.83292	-143.855	722.006	2169.9	100	0.293137	45.8989	9.97719	9.99999	9.99999	0	10.712	10.7121	10.7121	0
3	7	32	14.0822	99.8126	-10.1104	-143.859	699.415	2169.97	100	0.292867	45.8478	9.9785	9.99999	9.99999	0	10.712	10.7121	10.7121	0
3	7	31	13.6807	100.115	-10.4044	-143.864	676.869	2170.07	100	0.292607	45.7982	9.97977	9.99999	9.99999	0	10.712	10.7121	10.7121	0
3	7	30	13.2796	100.436	-10.7164	-143.871	654.012	2170.24	100	0.209416	90.0002	9.981	9.99998	9.99998	0	10.712	11.4242	11.4242	0
3	7	29	12.4787	101.138	-11.4009	-143.877	631.112	2170.34	100	0.291877	45.6587	9.98333	9.99999	9.99999	0	10.712	10.7121	10.7121	0
3	7	28	12.0791	101.524	-11.7775	-143.88	608.702	2170.4	100	0.29165	45.6153	9.98443	9.99999	9.99999	0	10.712	10.7121	10.7121	0
3	7	27	11.6799	101.935	-12.1801	-143.884	586.33	2170.47	100	0.291433	45.5731	9.9855	9.99999	9.99999	0	10.712	10.7121	10.7121	0
3	7	26	11.2814	102.375	-12.6113	-143.887	563.988	2170.53	100	0.291223	45.5328	9.98653	9.99999	9.99999	0	10.712	10.7121	10.7121	0
3	7	25	10.8836	102.847	-13.0743	-143.891	541.578	2170.61	100	0.291022	45.4938	9.98751	9.99999	9.99999	0	10.712	10.7121	10.7121	0
3	7	24	10.4866	103.354	-13.5726	-143.893	519.292	2170.65	100	0.290827	45.4565	9.98846	9.99999	9.99999	0	10.712	10.7121	10.7121	0
3	7	23	10.0905	103.901	-14.1103	-143.895	497.037	2170.7	100	0.290642	45.4202	9.98937	9.99999	9.99999	0	10.712	10.7121	10.7121	0
3	7	22	9.69528	104.491	-14.6922	-143.898	474.809	2170.74	100	0.290466	45.3859	9.99023	9.99999	9.99999	0	10.712	10.7121	10.7121	0
3	7	21	9.30119	105.131	-15.3237	-143.9	452.508	2170.79	100	0.290296	45.353	9.99106	9.99999	9.99999	0	10.712	10.7121	10.7121	0
3	7	20	8.90834	105.828	-16.0112	-143.904	429.975	2170.87	100	0.206305	90.0002	9.99186	9.99998	9.99998	0	10.712	11.4242	11.4242	0
3	7	19	8.12709	107.42	-17.5859	-143.907	407.127	2170.92	100	0.205884	89.9999	9.99333	9.99998	9.99998	0	10.712	11.4242	11.4242	0
3	7	18	7.35333	109.347	-19.495	-143.907	384.674	2170.9	100	0.289568	45.2103	9.99464	9.99999	9.99999	0	10.712	10.7121	10.7121	0
3	7	17	6.97005	110.469	-20.6084	-143.908	362.502	2170.92	100	0.289443	45.1861	9.99525	9.99999	9.99999	0	10.712	10.7121	10.7121	0
3	7	16	6.58971	111.72	-21.8511	-143.908	340.446	2170.91	100	0.289331	45.1637	9.99581	9.99999	9.99999	0	10.712	10.7121	10.7121	0
3	7	15	6.21287	113.123	-23.2456	-143.908	318.409	2170.91	100	0.289222	45.1427	9.99634	9.99999	9.99999	0	10.712	10.7121	10.7121	0
3	7	14	5.84021	114.706	-24.8196	-143.908	296.387	2170.91	100	0.289122	45.1229	9.99683	9.99999	9.99999	0	10.712	10.7121	10.7121	0
3	7	13	5.47256	116.502	-26.6069	-143.908	274.28	2170.9	100	0.28903	45.1048	9.99729	9.99999	9.99999	0	10.712	10.7121	10.7121	0
3	7	12	5.11103	118.554	-28.6498	-143.907	252.286	2170.88	100	0.288947	45.0879	9.9977	9.99999	9.99999	0	10.712	10.7121	10.7121	0
3	7	11	4.75699	120.913	-31.0005	-143.906	230.305	2170.86	100	0.28887	45.0728	9.99808	9.99999	9.99999	0	10.712	10.7121	10.7121	0
3	7	10	4.41226	123.646	-33.7243	-143.905	208.336	2170.83	100	0.288799	45.0589	9.99843	9.99999	9.99999	0	10.712	10.7121	10.7121	0
3	7	9	4.0792	126.832	-36.9015	-143.904	186.277	2170.8	100	0.288737	45.0465	9.99874	9.99999	9.99999	0	10.712	10.7121	10.7121	0
3	7	8	3.76091	130.569	-40.6303	-143.903	164.327	2170.76	100	0.288681	45.0354	9.99901	9.99999	9.99999	0	10.712	10.7121	10.7121	0
3	7	7	3.46147	134.974	-45.0262	-143.901	142.386	2170.72	100	0.288633	45.0261	9.99924	9.99999	9.99999	0	10.712	10.7121	10.7121	0
3	8	39	16.9632	99.4131	-9.83311	-165.752	858.59	2169.21	100	0.294945	46.2384	9.96843	9.99999	9.99999	0	10.712	10.7121	10.7121	0
3	8	38	16.5613	99.6576	-10.0672	-165.759	835.75	2169.34	100	0.294621	46.1782	9.96999	9.99999	9.99999	0	10.712	10.7121	10.7121	0
3	8	37	16.1598	99.9138	-10.313	-165.768	812.858	2169.49	100	0.294307	46.1191	9.97152	9.99999	9.99999	0	10.712	10.7121	10.7121	0
3	8	36	15.7585	100.183	-10.5716	-165.773	790.1	2169.58	100	0.294	46.0616	9.973	9.99999	9.99999	0	10.712	10.7121	10.7121	0
3	8	35	15.3576	100.465	-10.8439	-165.779	767.393	2169.7	100	0.293704	46.006	9.97444	9.99999	9.99999	0	10.712	10.7121	10.7121	0
3	8	34	14.9571	100.763	-11.131	-165.786	744.728	2169.81	100	0.293417	45.9518	9.97584	9.99999	9.99999	0	10.712	10.7121	10.7121	0
3	8	33	14.557	101.076	-11.434	-165.793	722.006	2169.94	100	0.293138	45.899	9.97719	9.99999	9.99999	0	10.712	10.7121	10.7121	0
3	8	32	14.1573	101.407	-11.7544	-165.797	699.415	2170.01	100	0.292868	45.848	9.9785	9.99999	9.99999	0	10.712	10.7121	10.7121	0
3	8	31	13.7581	101.756	-12.0935	-165.803	676.869	2170.11	100	0.292607	45.7981	9.97977	9.99999	9.99999	0	10.712	10.7121	10.7121	0
3	8	30	13.3594	102.126	-12.4532	-165.812	654.012	2170.28	100	0.209417	90.0001	9.981	9.99998	9.99998	0	10.712	11.4242	11.4242	0
3	8	29	12.5638	102.935	-13.2415	-165.818	631.112	2170.38	100	0.291877	45.6587	9.98333	9.99999	9.99999	0	10.712	10.7121	10.7121	0
3	8	28	12.167	103.379	-13.6747	-165.821	608.702	2170.44	100	0.291649	45.6152	9.98443	9.99999	9.99999	0	10.712	10.7121	10.7121	0
3	8	27	11.771	103.851	-14.1372	-165.825	586.33	2170.51	100	0.291432	45.5731	9.9855	9.99999	9.99999	0	10.712	10.7121	10.7121	0
3	8	26	11.3758	104.357	-14.6321	-165.829	563.988	2170.57	100	0.291223	45.5329	9.98653	9.99999	9.99999	0	10.712	10.7121	10.7121	0
3	8	25	10.9815	104.898	-15.1629	-165.834	541.578	2170.65	100	0.291021	45.4941	9.98751	9.99999	9.99999	0	10.712	10.7121	10.7121	0
3	8	24	10.5882	105.479	-15.7335	-165.836	519.292	2170.69	100	0.290828	45.4564	9.98846	9.99999	9.99999	0	10.712	10.7121	10.7121	0
3	8	23	10.1961	106.104	-16.3482	-165.839	497.037	2170.74	100	0.290642	45.4205	9.98937	9.99999	9.99999	0	10.712	10.7121	10.7121	0
3	8	22	9.80526	106.778	-17.0123	-165.841	474.809	2170.78	100	0.290466	45.3861	9.99023	9.99999	9.99999	0	10.712	10.7121	10.7121	0
3	8	21	9.41586	107.508	-17.7318	-165.845	452.508	2170.84	100	0.290297	45.353	9.99106	9.99999	9.99999	0	10.712	10.7121	10.7121	0
3	8	20	9.02809	108.299	-18.5134	-165.849	429.975	2170.91	100	0.206305	90	9.99186	9.99998	9.99998	0	10.712	11.4242	11.4242	0
3	8	19	8.25835	110.104	-20.2971	-165.852	407.127	2170.96	100	0.205884	89.9999	9.99333	9.99998	9.99998	0	10.712	11.4242	11.4242	0
3	8	18	7.49833	112.273	-22.4462	-165.852	384.674	2170.94	100	0.289568	45.2104	9.99464	9.99999	9.99999	0	10.712	10.7121	10.7121	0
3	8	17	7.12293	113.53	-23.6924	-165.853	362.502	2170.96	100	0.289446	45.1862	9.99525	9.99999	9.99999	0	10.712	10.7121	10.7121	0
3	8	16	6.7513	114.924	-25.0769	-165.853	340.446	2170.95	100	0.28933	45.164	9.99581	9.99999	9.99999	0	10.712	10.7121	10.7121	0
3	8	15	6.38409	116.48	-26.6221	-165.853	318.409	2170.95	100	0.289223	45.1426	9.99634	9.99999	9.99999	0	10.712	10.7121	10.7121	0
3	8	14	6.02211	118.222	-28.3548	-165.853	296.387	2170.95	100	0.289123	45.1229	9.99683	9.99999	9.99999	0	10.712	10.7121	10.7121	0
3	8	13	5.66636	120.185	-30.3075	-165.853	274.28	2170.94	100	0.28903	45.1047	9.99729	9.99999	9.99999	0	10.712	10.7121	10.7121	0
3	8	12	5.3181	122.407	-32.5193	-165.852	252.286	2170.92	100	0.288946	45.088	9.9977	9.99999	9.99999	0	10.712	10.7121	10.7121	0
3	8	11	4.97889	124.935	-35.0371	-165.851	230.305	2170.9	100	0.28887	45.0727	9.99808	9.99999	9.99999	0	10.712	10.7121	10.7121	0
3	8	10	4.65071	127.825	-37.917	-165.85	208.336	2170.87	100	0.288799	45.0587	9.99843	9.99999	9.99999	0	10.712	10.7121	10.7121	0
3	8	9	4.33608	131.143	-41.2248	-165.849	186.277	2170.84	100	0.288736	45.0466	9.99874	9.99999	9.99999	0	10.712	10.7121	10.7121	0
3	8	8	4.03816	134.964	-45.0356	-165.847	164.327	2170.8	100	0.288681	45.0357	9.99901	9.99999	9.99999	0	10.712	10.7121	10.7121	0
3	8	7	3.76091	139.37	-49.4308	-165.845	142.386	2170.76	100	0.288634	45.0263	9.99924	9.99999	9.99999	0	10.712	10.7121	10.7121	0
3	8	6	3.50926	144.44	-54.4905	-165.843	120.452	2170.71	100	0.288593	45.0183	9.99944	9.99999	9.99999	0	10.712	10.7121	10.7121	0
3	8	5	3.28907	150.238	-60.2789	-165.84	98.4245	2170.66	100	0.288561	45.0114	9.9996	9.99999	9.99999	0	10.712	10.7121	10.7121	0
3	9	39	17.0345	100.727	-11.2072	-187.693	858.59	2169.25	100	0.294945	46.2384	9.96843	9.99999	9.99999	0	10.712	10.7121	10.7121	0
3	9	38	16.6345	101.004	-11.4723	-187.701	835.75	2169.38	100	0.294621	46.1781	9.96999	9.99999	9.99999	0	10.712	10.7121	10.7121	0
3	9	37	16.2348	101.294	-11.7508	-187.711	812.858	2169.53	100	0.294306	46.1191	9.97152	9.99999	9.99999	0	10.712	10.7121	10.7121	0
3	9	36	15.8356	101.599	-12.0434	-187.717	790.1	2169.63	100	0.294	46.0617	9.973	9.99999	9.99999	0	10.712	10.7121	10.7121	0
3	9	35	15.4368	101.919	-12.3514	-187.724	767.393	2169.74	100	0.293703	46.0059	9.97444	9.99999	9.99999	0	10.712	10.7121	10.7121	0
3	9	34	15.0385	102.255	-12.6759	-187.731	744.728	2169.85	100	0.293415	45.9517	9.97584	9.99999	9.99999	0	10.712	10.7121	10.7121	0
3	9	33	14.6407	102.609	-13.0183	-187.739	722.006	2169.98	100	0.293138	45.8991	9.97719	9.99999	9.99999	0	10.712	10.7121	10.7121	0
3	9	32	14.2435	102.983	-13.3801	-187.744	699.415	2170.06	100	0.292868	45.8478	9.9785	9.99999	9.99999	0	10.712	10.7121	10.7121	0
3	9	31	13.8469	103.377	-13.7628	-187.75	676.869	2170.15	100	0.292607	45.7984	9.97977	9.99999	9.99999	0	10.712	10.7121	10.7121	0
3	9	30	13.4509	103.795	-14.1683	-187.761	654.012	2170.32	100	0.209417	90.0001	9.981	9.99998	9.99998	0	10.712	11.4242	11.4242	0
3	9	29	12.6613	104.706	-15.056	-187.768	631.112	2170.43	100	0.291877	45.6587	9.98333	9.99999	9.99999	0	10.712	10.7121	10.7121	0
3	9	28	12.2678	105.205	-15.543	-187.772	608.702	2170.48	100	0.29165	45.6153	9.98443	9.99999	9.99999	0	10.712	10.7121	10.7121	0
3	9	27	11.8752	105.736	-16.0626	-187.776	586.33	2170.55	100	0.291432	45.5734	9.9855	9.99999	9.99999	0	10.712	10.7121	10.7121	0
3	9	26	11.4837	106.303	-16.6179	-187.78	563.988	2170.62	100	0.291223	45.5328	9.98653	9.99999	9.99999	0	10.712	10.7121	10.7121	0
3	9	25	11.0933	106.909	-17.2126	-187.785	541.578	2170.69	100	0.291022	45.4937	9.98751	9.99999	9.99999	0	10.712	10.7121	10.7121	0
3	9	24	10.7042	107.56	-17.8509	-187.788	519.292	2170.73	100	0.290828	45.4564	9.98846	9.99999	9.99999	0	10.712	10.7121	10.7121	0
3	9	23	10.3166	108.258	-18.5376	-187.791	497.037	2170.78	100	0.290643	45.4203	9.98937	9.99999	9.99999	0	10.712	10.7121	10.7121	0
3	9	22	9.93064	109.01	-19.278	-187.794	474.809	2170.82	100	0.290465	45.3858	9.99023	9.99999	9.99999	0	10.712	10.7121	10.7121	0
3	9	21	9.54646	109.822	-20.0786	-187.798	452.508	2170.88	100	0.290295	45.353	9.99106	9.99999	9.99999	0	10.712	10.7121	10.7121	0
3	9	20	9.16432	110.702	-20.9464	-187.802	429.975	2170.95	100	0.206305	89.9999	9.99186	9.99998	9.99998	0	10.712	11.4242	11.4242	0
3	9	19	8.40727	112.697	-22.9185	-187.806	407.127	2171	100	0.205885	90.0002	9.99333	9.99998	9.99998	0	10.712	11.4242	11.4242	0
3	9	18	7.66222	115.081	-25.279	-187.805	384.674	2170.98	100	0.289568	45.2106	9.99464	9.99999	9.99999	0	10.712	10.7121	10.7121	0
3	9	17	7.29536	116.453	-26.6395	-187.807	362.502	2171	100	0.289445	45.1863	9.99525	9.99999	9.99999	0	10.712	10.7121	10.7121	0
3	9	16	6.93308	117.969	-28.1436	-187.807	340.446	2171	100	0.28933	45.1638	9.99581	9.99999	9.99999	0	10.712	10.7121	10.7121	0
3	9	15	6.57612	119.65	-29.8125	-187.807	318.409	2171	100	0.289224	45.1425	9.99634	9.99999	9.99999	0	10.712	10.7121	10.7121	0
3	9	14	6.22541	121.521	-31.6718	-187.807	296.387	2170.99	100	0.289122	45.123	9.99683	9.99999	9.99999	0	10.712	10.7121	10.7121	0
3	9	13	5.88205	123.611	-33.7509	-187.807	274.28	2170.99	100	0.28903	45.1046	9.99729	9.99999	9.99999	0	10.712	10.7121	10.7121	0
3	9	12	5.54743	125.957	-36.0848	-187.806	252.286	2170.96	100	0.288947	45.088	9.9977	9.99999	9.99999	0	10.712	10.7121	10.7121	0
3	9	11	5.22323	128.597	-38.7137	-187.805	230.305	2170.94	100	0.288868	45.0726	9.99808	9.99999	9.99999	0	10.712	10.7121	10.7121	0
3	9	10	4.91149	131.579	-41.6838	-187.803	208.336	2170.91	100	0.288799	45.0589	9.99843	9.99999	9.99999	0	10.712	10.7121	10.7121	0
3	9	9	4.61474	134.953	-45.0465	-187.802	186.277	2170.89	100	0.288737	45.0467	9.99874	9.99999	9.99999	0	10.712	10.7121	10.7121	0
3	9	8	4.33608	138.775	-48.8566	-187.8	164.327	2170.84	100	0.288681	45.0358	9.99901	9.99999	9.99999	0	10.712	10.7121	10.7121	0
3	9	7	4.0792	143.098	-53.1682	-187.797	142.386	2170.8	100	0.288634	45.0261	9.99924	9.99999	9.99999	0	10.712	10.7121	10.7121	0
3	9	6	3.84848	147.97	-58.0279	-187.795	120.452	2170.76	100	0.288593	45.0181	9.99944	9.99999	9.99999	0	10.712	10.7121	10.7121	0
3	9	5	3.64887	153.416	-63.4628	-187.792	98.4245	2170.71	100	0.28856	45.0117	9.9996	9.99999	9.99999	0	10.712	10.7121	10.7121	0
3	9	4	3.48572	159.431	-69.4658	-187.789	76.5021	2170.65	100	0.288536	45.0064	9.99973	9.99999	9.99999	0	10.712	10.7121	10.7121	0
3	9	3	3.36435	165.956	-75.9788	-187.785	54.5839	2170.58	100	0.288517	45.0031	9.99982	9.99999	9.99999	0	10.712	10.7121	10.7121	0
3	9	2	3.28937	172.871	-82.8827	-187.781	32.6689	2170.52	100	0.288504	45.0008	9.99988	9.99999	9.99999	0	10.712	10.7121	10.7121	0
3	9	1	3.264	180	-90	-187.777	10.6548	2170.44	100	0.288097	45.1119	9.99989	9.99999	9.99999	0	10.7121	10.712	10.712	0
3	10	39	17.115	102.029	-12.5695	-209.744	858.59	2169.28	100	0.294946	46.2384	9.96843	9.99999	9.99999	0	10.712	10.7121	10.7121	0
3	10	38	16.717	102.338	-12.8648	-209.753	835.75	2169.41	100	0.29462	46.1782	9.96999	9.99999	9.99999	0	10.712	10.7121	10.7121	0
3	10	37	16.3195	102.661	-13.1748	-209.763	812.858	2169.56	100	0.294305	46.119	9.97152	9.99999	9.99999	0	10.712	10.7121	10.7121	0
3	10	36	15.9225	103	-13.5004	-209.77	790.1	2169.65	100	0.294	46.0616	9.973	9.99999	9.99999	0	10.712	10.7121	10.7121	0
3	10	35	15.5261	103.356	-13.8429	-209.778	767.393	2169.77	100	0.293703	46.0059	9.97444	9.99999	9.99999	0	10.712	10.7121	10.7121	0
3	10	34	15.1302	103.73	-14.2036	-209.786	744.728	2169.88	100	0.293416	45.9517	9.97584	9.99999	9.99999	0	10.712	10.7121	10.7121	0
3	10	33	14.735	104.124	-14.5839	-209.795	722.006	2170.01	100	0.293138	45.8991	9.97719	9.99999	9.99999	0	10.712	10.7121	10.7121	0
3	10	32	14.3406	104.539	-14.9854	-209.8	699.415	2170.08	100	0.292867	45.8481	9.9785	9.99999	9.99999	0	10.712	10.7121	10.7121	0
3	10	31	13.9468	104.976	-15.4099	-209.807	676.869	2170.18	100	0.292607	45.7982	9.97977	9.99999	9.99999	0	10.712	10.7121	10.7121	0
3	10	30	13.5539	105.439	-15.8592	-209.819	654.012	2170.35	100	0.209416	90.0001	9.981	9.99998	9.99998	0	10.712	11.4242	11.4242	0
3	10	29	12.7709	106.448	-16.8415	-209.827	631.112	2170.45	100	0.291877	45.6587	9.98333	9.99999	9.99999	0	10.712	10.7121	10.7121	0
3	10	28	12.3809	106.999	-17.3796	-209.831	608.702	2170.51	100	0.29165	45.6153	9.98443	9.99999	9.99999	0	10.712	10.7121	10.7121	0
3	10	27	11.9922	107.586	-17.9529	-209.836	586.33	2170.58	100	0.291432	45.5735	9.9855	9.99999	9.99999	0	10.712	10.7121	10.7121	0
3	10	26	11.6047	108.211	-18.5649	-209.84	563.988	2170.64	100	0.291222	45.5328	9.98653	9.99999	9.99999	0	10.712	10.7121	10.7121	0
3	10	25	11.2187	108.878	-19.2194	-209.846	541.578	2170.72	100	0.29102	45.4939	9.98751	9.99999	9.99999	0	10.712	10.7121	10.7121	0
3	10	24	10.8342	109.593	-19.9208	-209.849	519.292	2170.76	100	0.290828	45.4562	9.98846	9.99999	9.99999	0	10.712	10.7121	10.7121	0
3	10	23	10.4516	110.359	-20.6739	-209.852	497.037	2170.81	100	0.290643	45.4205	9.98937	9.99999	9.99999	0	10.712	10.7121	10.7121	0
3	10	22	10.0709	111.183	-21.4845	-209.855	474.809	2170.85	100	0.290466	45.386	9.99023	9.99999	9.99999	0	10.712	10.7121	10.7121	0
3	10	21	9.69235	112.071	-22.359	-209.859	452.508	2170.91	100	0.290296	45.3531	9.99106	9.99999	9.99999	0	10.712	10.7121	10.7121	0
3	10	20	9.3163	113.029	-23.3046	-209.864	429.975	2170.98	100	0.206304	89.9998	9.99186	9.99998	9.99998	0	10.712	11.4242	11.4242	0
3	10	19	8.5729	115.195	-25.4444	-209.868	407.127	2171.03	100	0.205884	89.9996	9.99333	9.99998	9.99998	0	10.712	11.4242	11.4242	0
3	10	18	7.84383	117.765	-27.9877	-209.868	384.674	2171.01	100	0.289567	45.2105	9.99464	9.99999	9.99999	0	10.712	10.7121	10.7121	0
3	10	17	7.48598	119.235	-29.4444	-209.87	362.502	2171.03	100	0.289446	45.1861	9.99525	9.99999	9.99999	0	10.712	10.7121	10.7121	0
3	10	16	7.13349	120.85	-31.0465	-209.869	340.446	2171.02	100	0.28933	45.1638	9.99581	9.99999	9.99999	0	10.712	10.7121	10.7121	0
3	10	15	6.78718	122.631	-32.8142	-209.87	318.409	2171.02	100	0.289222	45.1428	9.99634	9.99999	9.99999	0	10.712	10.7121	10.7121	0
3	10	14	6.44806	124.6	-34.7702	-209.869	296.387	2171.02	100	0.289123	45.1229	9.99683	9.99999	9.99999	0	10.712	10.7121	10.7121	0
3	10	13	6.11732	126.784	-36.9411	-209.869	274.28	2171.01	100	0.28903	45.1047	9.99729	9.99999	9.99999	0	10.712	10.7121	10.7121	0
3	10	12	5.79639	129.213	-39.3566	-209.868	252.286	2170.99	100	0.288947	45.0879	9.9977	9.99999	9.99999	0	10.712	10.7121	10.7121	0
3	10	11	5.487	131.92	-42.0503	-209.867	230.305	2170.97	100	0.288868	45.0727	9.99808	9.99999	9.99999	0	10.712	10.7121	10.7121	0
3	10	10	5.19121	134.941	-45.0589	-209.865	208.336	2170.94	100	0.288799	45.059	9.99843	9.99999	9.99999	0	10.712	10.7121	10.7121	0
3	10	9	4.91149	138.316	-48.4208	-209.864	186.277	2170.91	100	0.288736	45.0465	9.99874	9.99999	9.99999	0	10.712	10.7121	10.7121	0
3	10	8	4.65071	142.083	-52.1745	-209.861	164.327	2170.87	100	0.288682	45.0358	9.99901	9.99999	9.99999	0	10.712	10.7121	10.7121	0
3	10	7	4.41227	146.276	-56.3542	-209.859	142.386	2170.83	100	0.288634	45.0261	9.99924	9.99999	9.99999	0	10.712	10.7121	10.7121	0
3	10	6	4.19994	150.918	-60.9838	-209.856	120.452	2170.78	100	0.288593	45.0184	9.99944	9.99999	9.99999	0	10.712	10.7121	10.7121	0
3	10	5	4.01788	156.017	-66.0695	-209.853	98.4245	2170.73	100	0.28856	45.0116	9.9996	9.99999	9.99999	0	10.712	10.7121	10.7121	0
3	10	4	3.87036	161.551	-71.5899	-209.849	76.5021	2170.67	100	0.288536	45.0064	9.99973	9.99999	9.99999	0	10.712	10.7121	10.7121	0
3	10	3	3.76145	167.462	-77.4882	-209.845	54.5839	2170.61	100	0.288516	45.0028	9.99982	9.99999	9.99999	0	10.712	10.7121	10.7121	0
3	10	2	3.69457	173.655	-83.6685	-209.841	32.6689	2170.54	100	0.288505	45.0007	9.99988	9.99999	9.99999	0	10.712	10.7121	10.7121	0
3	10	1	3.672	180	-90	-209.836	10.6548	2170.47	100	0.288097	45.1119	9.99989	9.99999	9.99999	0	10.7121	10.712	10.712	0
3	11	38	16.8088	103.658	-14.2432	-231.715	835.75	2169.43	100	0.294621	46.1778	9.96999	9.99999	9.99999	0	10.712	10.7121	10.7121	0
3	11	37	16.4136	104.013	-14.5837	-231.726	812.858	2169.59	100	0.294306	46.119	9.97152	9.99999	9.99999	0	10.712	10.7121	10.7121	0
3	11	36	16.0191	104.385	-14.9411	-231.734	790.1	2169.68	100	0.294001	46.0619	9.973	9.99999	9.99999	0	10.712	10.7121	10.7121	0
3	11	35	15.6253	104.776	-15.3169	-231.742	767.393	2169.79	100	0.293703	46.0058	9.97444	9.99999	9.99999	0	10.712	10.7121	10.7121	0
3	11	34	15.2321	105.186	-15.7123	-231.751	744.728	2169.9	100	0.293416	45.9517	9.97584	9.99999	9.99999	0	10.712	10.7121	10.7121	0
3	11	33	14.8398	105.618	-16.129	-231.761	722.006	2170.03	100	0.293137	45.899	9.97719	9.99999	9.99999	0	10.712	10.7121	10.7121	0
3	11	32	14.4483	106.072	-16.5685	-231.767	699.415	2170.11	100	0.292868	45.8477	9.9785	9.99999	9.99999	0	10.712	10.7121	10.7121	0
3	11	31	14.0577	106.551	-17.0327	-231.774	676.869	2170.2	100	0.292607	45.7983	9.97977	9.99999	9.99999	0	10.712	10.7121	10.7121	0
3	11	30	13.6681	107.057	-17.5238	-231.787	654.012	2170.38	100	0.209415	90.0001	9.981	9.99998	9.99998	0	10.712	11.4242	11.4242	0
3	11	29	12.8922	108.158	-18.5956	-231.796	631.112	2170.48	100	0.291878	45.6589	9.98333	9.99999	9.99999	0	10.712	10.7121	10.7121	0
3	11	28	12.5062	108.759	-19.1817	-231.8	608.702	2170.53	100	0.291651	45.6152	9.98443	9.99999	9.99999	0	10.712	10.7121	10.7121	0
3	11	27	12.1216	109.397	-19.8054	-231.806	586.33	2170.6	100	0.291433	45.5731	9.9855	9.99999	9.99999	0	10.712	10.7121	10.7121	0
3	11	26	11.7385	110.077	-20.4703	-231.811	563.988	2170.67	100	0.291222	45.5329	9.98653	9.99999	9.99999	0	10.712	10.7121	10.7121	0
3	11	25	11.3572	110.801	-21.1802	-231.817	541.578	2170.75	100	0.291021	45.4939	9.98751	9.99999	9.99999	0	10.712	10.7121	10.7121	0
3	11	24	10.9777	111.575	-21.9397	-231.82	519.292	2170.78	100	0.290828	45.4563	9.98846	9.99999	9.99999	0	10.712	10.7121	10.7121	0
3	11	23	10.6003	112.404	-22.7537	-231.824	497.037	2170.83	100	0.290643	45.4202	9.98937	9.99999	9.99999	0	10.712	10.7121	10.7121	0
3	11	22	10.2253	113.293	-23.628	-231.828	474.809	2170.88	100	0.290465	45.3859	9.99023	9.99999	9.99999	0	10.712	10.7121	10.7121	0
3	11	21	9.85284	114.249	-24.5691	-231.832	452.508	2170.93	100	0.290297	45.3531	9.99106	9.99999	9.99999	0	10.712	10.7121	10.7121	0
3	11	20	9.48328	115.278	-25.5841	-231.837	429.975	2171	100	0.206306	89.9998	9.99186	9.99998	9.99998	0	10.712	11.4242	11.4242	0
3	11	19	8.75432	117.594	-27.8707	-231.842	407.127	2171.05	100	0.205884	90.0001	9.99333	9.99998	9.99998	0	10.712	11.4242	11.4242	0
3	11	18	8.04196	120.322	-30.5692	-231.841	384.674	2171.04	100	0.289566	45.2102	9.99464	9.99999	9.99999	0	10.712	10.7121	10.7121	0
3	11	17	7.69344	121.872	-32.1048	-231.843	362.502	2171.06	100	0.289445	45.1863	9.99525	9.99999	9.99999	0	10.712	10.7121	10.7121	0
3	11	16	7.35101	123.567	-33.7852	-231.843	340.446	2171.05	100	0.28933	45.1638	9.99581	9.99999	9.99999	0	10.712	10.7121	10.7121	0
3	11	15	7.01556	125.425	-35.6285	-231.843	318.409	2171.05	100	0.289223	45.1427	9.99634	9.99999	9.99999	0	10.712	10.7121	10.7121	0
3	11	14	6.68814	127.466	-37.655	-231.843	296.387	2171.04	100	0.289123	45.1229	9.99683	9.99999	9.99999	0	10.712	10.7121	10.7121	0
3	11	13	6.36998	129.713	-39.8876	-231.843	274.28	2171.04	100	0.289031	45.1047	9.99729	9.99999	9.99999	0	10.712	10.7121	10.7121	0
3	11	12	6.06255	132.191	-42.3511	-231.841	252.286	2171.01	100	0.288947	45.0879	9.9977	9.99999	9.99999	0	10.712	10.7121	10.7121	0
3	11	11	5.76755	134.927	-45.0727	-231.84	230.305	2170.99	100	0.288869	45.0727	9.99808	9.99999	9.99999	0	10.712	10.7121	10.7121	0
3	11	10	5.487	137.95	-48.0805	-231.838	208.336	2170.97	100	0.288798	45.0588	9.99843	9.99999	9.99999	0	10.712	10.7121	10.7121	0
3	11	9	5.22323	141.286	-51.4026	-231.836	186.277	2170.94	100	0.288736	45.0463	9.99874	9.99999	9.99999	0	10.712	10.7121	10.7121	0
3	11	8	4.97889	144.963	-55.0647	-231.833	164.327	2170.9	100	0.288681	45.0355	9.99901	9.99999	9.99999	0	10.712	10.7121	10.7121	0
3	11	7	4.75699	148.999	-59.0867	-231.831	142.386	2170.85	100	0.288634	45.026	9.99924	9.99999	9.99999	0	10.712	10.7121	10.7121	0
3	11	6	4.56081	153.406	-63.4785	-231.827	120.452	2170.81	100	0.288592	45.0183	9.99944	9.99999	9.99999	0	10.712	10.7121	10.7121	0
3	11	5	4.39378	158.177	-68.2347	-231.824	98.4245	2170.76	100	0.288561	45.0116	9.9996	9.99999	9.99999	0	10.712	10.7121	10.7121	0
3	11	4	4.25935	163.285	-73.3286	-231.82	76.5021	2170.7	100	0.288535	45.0063	9.99973	9.99999	9.99999	0	10.712	10.7121	10.7121	0
3	11	3	4.16066	168.68	-78.7091	-231.815	54.5839	2170.64	100	0.288517	45.0028	9.99982	9.99999	9.99999	0	10.712	10.7121	10.7121	0
3	11	2	4.10031	174.285	-84.299	-231.81	32.6689	2170.57	100	0.288506	45.0008	9.99988	9.99999	9.99999	0	10.712	10.7121	10.7121	0
3	11	1	4.08	180	-90	-231.806	10.6548	2170.5	100	0.288096	45.1116	9.99989	9.99999	9.99999	0	10.7121	10.712	10.712	0
3	12	38	16.9097	104.963	-15.6064	-253.688	835.75	2169.46	100	0.294621	46.1778	9.96999	9.99999	9.99999	0	10.712	10.7121	10.7121	0
3	12	37	16.5171	105.349	-15.9762	-253.701	812.858	2169.61	100	0.294306	46.1189	9.97152	9.99999	9.99999	0	10.712	10.7121	10.7121	0
3	12	36	16.1252	105.753	-16.3642	-253.709	790.1	2169.7	100	0.293999	46.0614	9.973	9.99999	9.99999	0	10.712	10.7121	10.7121	0
3	12	35	15.7341	106.177	-16.7718	-253.718	767.393	2169.82	100	0.293703	46.0059	9.97444	9.99999	9.99999	0	10.712	10.7121	10.7121	0
3	12	34	15.3439	106.622	-17.2005	-253.728	744.728	2169.93	100	0.293416	45.9517	9.97584	9.99999	9.99999	0	10.712	10.7121	10.7121	0
3	12	33	14.9547	107.089	-17.6518	-253.739	722.006	2170.06	100	0.293137	45.899	9.97719	9.99999	9.99999	0	10.712	10.7121	10.7121	0
3	12	32	14.5664	107.581	-18.1275	-253.745	699.415	2170.13	100	0.292867	45.848	9.9785	9.99999	9.99999	0	10.712	10.7121	10.7121	0
3	12	31	14.1792	108.099	-18.6295	-253.753	676.869	2170.23	100	0.292607	45.7984	9.97977	9.99999	9.99999	0	10.712	10.7121	10.7121	0
3	12	30	13.7932	108.646	-19.16	-253.767	654.012	2170.4	100	0.209415	90	9.981	9.99998	9.99998	0	10.712	11.4242	11.4242	0
3	12	29	13.0251	109.835	-20.316	-253.777	631.112	2170.5	100	0.291877	45.6588	9.98333	9.99999	9.99999	0	10.712	10.7121	10.7121	0
3	12	28	12.6432	110.482	-20.947	-253.781	608.702	2170.56	100	0.291651	45.6151	9.98443	9.99999	9.99999	0	10.712	10.7121	10.7121	0
3	12	27	12.263	111.168	-21.6176	-253.787	586.33	2170.63	100	0.291433	45.5732	9.9855	9.99999	9.99999	0	10.712	10.7121	10.7121	0
3	12	26	11.8847	111.898	-22.3313	-253.793	563.988	2170.69	100	0.291222	45.5326	9.98653	9.99999	9.99999	0	10.712	10.7121	10.7121	0
3	12	25	11.5083	112.675	-23.0922	-253.8	541.578	2170.77	100	0.291021	45.4938	9.98751	9.99999	9.99999	0	10.712	10.7121	10.7121	0
3	12	24	11.1341	113.504	-23.9048	-253.803	519.292	2170.8	100	0.290827	45.4563	9.98846	9.99999	9.99999	0	10.712	10.7121	10.7121	0
3	12	23	10.7624	114.389	-24.7741	-253.807	497.037	2170.85	100	0.290642	45.4206	9.98937	9.99999	9.99999	0	10.712	10.7121	10.7121	0
3	12	22	10.3933	115.337	-25.7057	-253.811	474.809	2170.9	100	0.290465	45.386	9.99023	9.99999	9.99999	0	10.712	10.7121	10.7121	0
3	12	21	10.0272	116.354	-26.7061	-253.816	452.508	2170.95	100	0.290297	45.353	9.99106	9.99999	9.99999	0	10.712	10.7121	10.7121	0
3	12	20	9.66449	117.446	-27.7823	-253.822	429.975	2171.03	100	0.206304	90	9.99186	9.99998	9.99998	0	10.712	11.4242	11.4242	0
3	12	19	8.95056	119.891	-30.1955	-253.826	407.127	2171.07	100	0.205885	89.9998	9.99333	9.99998	9.99998	0	10.712	11.4242	11.4242	0
3	12	18	8.25541	122.751	-33.0227	-253.826	384.674	2171.06	100	0.289568	45.2105	9.99464	9.99999	9.99999	0	10.712	10.7121	10.7121	0
3	12	17	7.91642	124.365	-34.6213	-253.828	362.502	2171.08	100	0.289445	45.1863	9.99525	9.99999	9.99999	0	10.712	10.7121	10.7121	0
3	12	16	7.58418	126.122	-36.3618	-253.828	340.446	2171.07	100	0.289331	45.1637	9.99581	9.99999	9.99999	0	10.712	10.7121	10.7121	0
3	12	15	7.25963	128.036	-38.2604	-253.828	318.409	2171.07	100	0.289223	45.1426	9.99634	9.99999	9.99999	0	10.712	10.7121	10.7121	0
3	12	14	6.94384	130.127	-40.3346	-253.827	296.387	2171.06	100	0.289123	45.1228	9.99683	9.99999	9.99999	0	10.712	10.7121	10.7121	0
3	12	13	6.63806	132.412	-42.6037	-253.827	274.28	2171.06	100	0.28903	45.1048	9.99729	9.99999	9.99999	0	10.712	10.7121	10.7121	0
3	12	12	6.34374	134.912	-45.088	-253.826	252.286	2171.04	100	0.288946	45.0881	9.9977	9.99999	9.99999	0	10.712	10.7121	10.7121	0
3	12	11	6.06255	137.649	-47.8088	-253.824	230.305	2171.01	100	0.288869	45.0727	9.99808	9.99999	9.99999	0	10.712	10.7121	10.7121	0
3	12	10	5.79639	140.643	-50.7873	-253.822	208.336	2170.99	100	0.288798	45.0587	9.99843	9.99999	9.99999	0	10.712	10.7121	10.7121	0
3	12	9	5.54744	143.915	-54.0432	-253.82	186.277	2170.96	100	0.288736	45.0463	9.99874	9.99999	9.99999	0	10.712	10.7121	10.7121	0
3	12	8	5.3181	147.481	-57.5927	-253.817	164.327	2170.92	100	0.288682	45.0356	9.99901	9.99999	9.99999	0	10.712	10.7121	10.7121	0
3	12	7	5.11103	151.35	-61.4462	-253.814	142.386	2170.88	100	0.288633	45.0262	9.99924	9.99999	9.99999	0	10.712	10.7121	10.7121	0
3	12	6	4.92902	155.525	-65.6048	-253.81	120.452	2170.83	100	0.288594	45.0182	9.99944	9.99999	9.99999	0	10.712	10.7121	10.7121	0
3	12	5	4.77495	159.993	-70.057	-253.807	98.4245	2170.78	100	0.288561	45.0116	9.9996	9.99999	9.99999	0	10.712	10.7121	10.7121	0
3	12	4	4.65159	164.728	-74.7757	-253.802	76.5021	2170.72	100	0.288534	45.0066	9.99973	9.99999	9.99999	0	10.712	10.7121	10.7121	0
3	12	3	4.56143	169.684	-79.7161	-253.797	54.5839	2170.66	100	0.288518	45.0029	9.99982	9.99999	9.99999	0	10.712	10.7121	10.7121	0
3	12	2	4.50647	174.8	-84.8162	-253.792	32.6689	2170.59	100	0.288506	45.0007	9.99988	9.99999	9.99999	0	10.712	10.7121	10.7121	0
3	12	1	4.488	180	-90	-253.786	10.6548	2170.52	100	0.288098	45.112	9.99989	9.99999	9.99999	0	10.7121	10.712	10.712	0
3	13	1	4.896	180	-90	-275.781	10.6548	2170.54	100	0.288097	45.1119	9.99989	9.99999	9.99999	0	10.7121	10.712	10.712	0
3	13	2	4.91293	175.231	-85.248	-275.787	32.6689	2170.62	100	0.288506	45.0007	9.99988	9.99999	9.99999	0	10.712	10.7121	10.7121	0
3	13	3	4.96337	170.526	-80.5606	-275.792	54.5839	2170.68	100	0.288516	45.0031	9.99982	9.99999	9.99999	0	10.712	10.7121	10.7121	0
3	13	4	5.04632	165.945	-75.9976	-275.798	76.5021	2170.75	100	0.288536	45.0065	9.99973	9.99999	9.99999	0	10.712	10.7121	10.7121	0
3	13	5	5.16021	161.539	-71.6092	-275.803	98.4245	2170.81	100	0.288561	45.0117	9.9996	9.99999	9.99999	0	10.712	10.7121	10.7121	0
3	13	6	5.30304	157.347	-67.434	-275.807	120.452	2170.85	100	0.288594	45.018	9.99944	9.99999	9.99999	0	10.712	10.7121	10.7121	0
3	13	7	5.47256	153.393	-63.4978	-275.811	142.386	2170.9	100	0.288635	45.0261	9.99924	9.99999	9.99999	0	10.712	10.7121	10.7121	0
3	13	8	5.66636	149.693	-59.8146	-275.814	164.327	2170.94	100	0.288681	45.0356	9.99901	9.99999	9.99999	0	10.712	10.7121	10.7121	0
3	13	9	5.88205	146.249	-56.3887	-275.818	186.277	2170.99	100	0.288737	45.0465	9.99874	9.99999	9.99999	0	10.712	10.7121	10.7121	0
3	13	10	6.11732	143.059	-53.216	-275.82	208.336	2171.01	100	0.2888	45.0588	9.99843	9.99999	9.99999	0	10.712	10.7121	10.7121	0
3	13	11	6.36998	140.112	-50.2869	-275.822	230.305	2171.04	100	0.288869	45.0725	9.99808	9.99999	9.99999	0	10.712	10.7121	10.7121	0
3	13	12	6.63807	137.396	-47.5883	-275.824	252.286	2171.06	100	0.288945	45.0881	9.9977	9.99999	9.99999	0	10.712	10.7121	10.7121	0
3	13	13	6.91977	134.895	-45.1047	-275.826	274.28	2171.09	100	0.289031	45.1047	9.99729	9.99999	9.99999	0	10.712	10.7121	10.7121	0
3	13	14	7.21351	132.593	-42.8198	-275.826	296.387	2171.09	100	0.289124	45.123	9.99683	9.99999	9.99999	0	10.712	10.7121	10.7121	0
3	13	15	7.51786	130.473	-40.7173	-275.826	318.409	2171.09	100	0.289224	45.1427	9.99634	9.99999	9.99999	0	10.712	10.7121	10.7121	0
3	13	16	7.8316	128.519	-38.7812	-275.826	340.446	2171.1	100	0.28933	45.1636	9.99581	9.99999	9.99999	0	10.712	10.7121	10.7121	0
3	13	17	8.15363	126.717	-36.9966	-275.826	362.502	2171.1	100	0.289445	45.1864	9.99525	9.99999	9.99999	0	10.712	10.7121	10.7121	0
3	13	18	8.48302	125.053	-35.3495	-275.824	384.674	2171.08	100	0.289568	45.2106	9.99464	9.99999	9.99999	0	10.712	10.7121	10.7121	0
3	13	19	9.16067	122.086	-32.4179	-275.825	407.127	2171.1	100	0.205884	90.0001	9.99333	9.99998	9.99998	0	10.712	11.4242	11.4242	0
3	13	20	9.85913	119.53	-29.8974	-275.82	429.975	2171.05	100	0.206305	90.0004	9.99186	9.99998	9.99998	0	10.712	11.4242	11.4242	0
3	13	21	10.2148	118.384	-28.7681	-275.813	452.508	2170.98	100	0.290296	45.353	9.99106	9.99999	9.99999	0	10.712	10.7121	10.7121	0
3	13	22	10.5743	117.313	-27.7156	-275.808	474.809	2170.92	100	0.290465	45.3861	9.99023	9.99999	9.99999	0	10.712	10.7121	10.7121	0
3	13	23	10.9371	116.313	-26.733	-275.804	497.037	2170.88	100	0.290643	45.4203	9.98937	9.99999	9.99999	0	10.712	10.7121	10.7121	0
3	13	24	11.303	115.377	-25.8141	-275.799	519.292	2170.83	100	0.290828	45.4564	9.98846	9.99999	9.99999	0	10.712	10.7121	10.7121	0
3	13	25	11.6716	114.499	-24.9535	-275.796	541.578	2170.79	100	0.291021	45.4939	9.98751	9.99999	9.99999	0	10.712	10.7121	10.7121	0
3	13	26	12.0427	113.674	-24.146	-275.788	563.988	2170.72	100	0.291222	45.533	9.98653	9.99999	9.99999	0	10.712	10.7121	10.7121	0
3	13	27	12.4161	112.897	-23.3874	-275.782	586.33	2170.65	100	0.291433	45.5732	9.9855	9.99999	9.99999	0	10.712	10.7121	10.7121	0
3	13	28	12.7916	112.166	-22.6735	-275.776	608.702	2170.58	100	0.291651	45.615	9.98443	9.99999	9.99999	0	10.712	10.7121	10.7121	0
3	13	29	13.169	111.476	-22.0008	-275.771	631.112	2170.53	100	0.291877	45.6587	9.98333	9.99999	9.99999	0	10.712	10.7121	10.7121	0
3	13	30	13.9289	110.206	-20.7661	-275.761	654.012	2170.42	100	0.209416	90.0003	9.981	9.99998	9.99998	0	10.712	11.4242	11.4242	0
3	13	31	14.3111	109.62	-20.1986	-275.745	676.869	2170.25	100	0.292606	45.7984	9.97977	9.99999	9.99999	0	10.712	10.7121	10.7121	0
3	13	32	14.6946	109.065	-19.6609	-275.737	699.415	2170.16	100	0.292869	45.8478	9.9785	9.99999	9.99999	0	10.712	10.7121	10.7121	0
3	13	33	15.0795	108.537	-19.151	-275.73	722.006	2170.08	100	0.293138	45.8989	9.97719	9.99999	9.99999	0	10.712	10.7121	10.7121	0
3	13	34	15.4655	108.035	-18.6668	-275.718	744.728	2169.95	100	0.293415	45.9515	9.97584	9.99999	9.99999	0	10.712	10.7121	10.7121	0
3	13	35	15.8525	107.557	-18.2065	-275.708	767.393	2169.84	100	0.293702	46.0057	9.97444	9.99999	9.99999	0	10.712	10.7121	10.7121	0
3	13	36	16.2406	107.102	-17.7684	-275.697	790.1	2169.73	100	0.294	46.0619	9.973	9.99999	9.99999	0	10.712	10.7121	10.7121	0
3	13	37	16.6296	106.666	-17.3511	-275.688	812.858	2169.63	100	0.294305	46.1191	9.97152	9.99999	9.99999	0	10.712	10.7121	10.7121	0
3	13	38	17.0194	106.251	-16.9532	-275.675	835.75	2169.48	100	0.29462	46.1778	9.96999	9.99999	9.99999	0	10.712	10.7121	10.7121	0
3	14	1	5.304	180	-90	-297.887	10.6548	2170.55	100	0.288098	45.112	9.99989	9.99999	9.99999	0	10.7121	10.712	10.712	0
3	14	2	5.31962	175.595	-85.6139	-297.894	32.6689	2170.62	100	0.288506	45.0006	9.99988	9.99999	9.99999	0	10.712	10.7121	10.7121	0
3	14	3	5.36622	171.241	-81.2787	-297.9	54.5839	2170.69	100	0.288517	45.0031	9.99982	9.99999	9.99999	0	10.712	10.7121	10.7121	0
3	14	4	5.44301	166.986	-77.0422	-297.906	76.5021	2170.75	100	0.288535	45.0065	9.99973	9.99999	9.99999	0	10.712	10.7121	10.7121	0
3	14	5	5.54871	162.87	-72.9455	-297.911	98.4245	2170.81	100	0.288561	45.0117	9.9996	9.99999	9.99999	0	10.712	10.7121	10.7121	0
3	14	6	5.68174	158.927	-69.0214	-297.916	120.452	2170.86	100	0.288593	45.0182	9.99944	9.99999	9.99999	0	10.712	10.7121	10.7121	0
3	14	7	5.8402	155.18	-65.2938	-297.92	142.386	2170.9	100	0.288634	45.026	9.99924	9.99999	9.99999	0	10.712	10.7121	10.7121	0
3	14	8	6.02211	151.645	-61.7775	-297.924	164.327	2170.95	100	0.288681	45.0354	9.99901	9.99999	9.99999	0	10.712	10.7121	10.7121	0
3	14	9	6.2254	148.328	-58.4795	-297.928	186.277	2170.99	100	0.288737	45.0466	9.99874	9.99999	9.99999	0	10.712	10.7121	10.7121	0
3	14	10	6.44806	145.23	-55.3999	-297.93	208.336	2171.01	100	0.288798	45.0588	9.99843	9.99999	9.99999	0	10.712	10.7121	10.7121	0
3	14	11	6.68814	142.345	-52.534	-297.932	230.305	2171.04	100	0.288869	45.0727	9.99808	9.99999	9.99999	0	10.712	10.7121	10.7121	0
3	14	12	6.94384	139.665	-49.8734	-297.934	252.286	2171.06	100	0.288946	45.0877	9.9977	9.99999	9.99999	0	10.712	10.7121	10.7121	0
3	14	13	7.21351	137.18	-47.4071	-297.936	274.28	2171.09	100	0.289031	45.1047	9.99729	9.99999	9.99999	0	10.712	10.7121	10.7121	0
3	14	14	7.49562	134.877	-45.1229	-297.936	296.387	2171.09	100	0.289123	45.123	9.99683	9.99999	9.99999	0	10.712	10.7121	10.7121	0
3	14	15	7.78884	132.743	-43.008	-297.937	318.409	2171.1	100	0.289223	45.1425	9.99634	9.99999	9.99999	0	10.712	10.7121	10.7121	0
3	14	16	8.09195	130.766	-41.0495	-297.936	340.446	2171.1	100	0.289329	45.1637	9.99581	9.99999	9.99999	0	10.712	10.7121	10.7121	0
3	14	17	8.40389	128.932	-39.2349	-297.937	362.502	2171.11	100	0.289445	45.1862	9.99525	9.99999	9.99999	0	10.712	10.7121	10.7121	0
3	14	18	8.7237	127.23	-37.5522	-297.935	384.674	2171.09	100	0.289568	45.2104	9.99464	9.99999	9.99999	0	10.712	10.7121	10.7121	0
3	14	19	9.38371	124.179	-34.5385	-297.935	407.127	2171.1	100	0.205884	89.9998	9.99333	9.99998	9.99998	0	10.712	11.4242	11.4242	0
3	14	20	10.0664	121.531	-31.9288	-297.93	429.975	2171.05	100	0.206305	90.0001	9.99186	9.99998	9.99998	0	10.712	11.4242	11.4242	0
3	14	21	10.4149	120.337	-30.7541	-297.923	452.508	2170.98	100	0.290296	45.3532	9.99106	9.99999	9.99999	0	10.712	10.7121	10.7121	0
3	14	22	10.7675	119.221	-29.6563	-297.918	474.809	2170.93	100	0.290466	45.386	9.99023	9.99999	9.99999	0	10.712	10.7121	10.7121	0
3	14	23	11.1239	118.174	-28.6289	-297.913	497.037	2170.88	100	0.290642	45.4206	9.98937	9.99999	9.99999	0	10.712	10.7121	10.7121	0
3	14	24	11.4837	117.192	-27.666	-297.908	519.292	2170.83	100	0.290828	45.4562	9.98846	9.99999	9.99999	0	10.712	10.7121	10.7121	0
3	14	25	11.8465	116.269	-26.7622	-297.904	541.578	2170.8	100	0.291021	45.494	9.98751	9.99999	9.99999	0	10.712	10.7121	10.7121	0
3	14	26	12.2122	115.401	-25.9128	-297.896	563.988	2170.72	100	0.291223	45.533	9.98653	9.99999	9.99999	0	10.712	10.7121	10.7121	0
3	14	27	12.5804	114.582	-25.1132	-297.89	586.33	2170.65	100	0.291433	45.5732	9.9855	9.99999	9.99999	0	10.712	10.7121	10.7121	0
3	14	28	12.951	113.81	-24.3597	-297.883	608.702	2170.58	100	0.29165	45.6152	9.98443	9.99999	9.99999	0	10.712	10.7121	10.7121	0
3	14	29	13.3237	113.079	-23.6485	-297.877	631.112	2170.53	100	0.291877	45.6588	9.98333	9.99999	9.99999	0	10.712	10.7121	10.7121	0
3	14	30	14.0749	111.733	-22.3408	-297.866	654.012	2170.43	100	0.209417	90	9.981	9.99998	9.99998	0	10.712	11.4242	11.4242	0
3	14	31	14.4531	111.112	-21.7386	-297.85	676.869	2170.26	100	0.292607	45.7984	9.97977	9.99999	9.99999	0	10.712	10.7121	10.7121	0
3	14	32	14.8328	110.522	-21.1674	-297.841	699.415	2170.16	100	0.292868	45.848	9.9785	9.99999	9.99999	0	10.712	10.7121	10.7121	0
3	14	33	15.214	109.96	-20.6252	-297.833	722.006	2170.09	100	0.293137	45.8989	9.97719	9.99999	9.99999	0	10.712	10.7121	10.7121	0
3	14	34	15.5965	109.426	-20.1099	-297.82	744.728	2169.96	100	0.293415	45.9517	9.97584	9.99999	9.99999	0	10.712	10.7121	10.7121	0
3	14	35	15.9802	108.916	-19.6195	-297.809	767.393	2169.85	100	0.293704	46.0058	9.97444	9.99999	9.99999	0	10.712	10.7121	10.7121	0
3	14	36	16.3651	108.43	-19.1526	-297.798	790.1	2169.73	100	0.294001	46.0619	9.973	9.99999	9.99999	0	10.712	10.7121	10.7121	0
3	14	37	16.751	107.966	-18.7074	-297.789	812.858	2169.64	100	0.294306	46.1191	9.97152	9.99999	9.99999	0	10.712	10.7121	10.7121	0
3	14	38	17.138	107.521	-18.2826	-297.774	835.75	2169.49	100	0.294621	46.178	9.96999	9.99999	9.99999	0	10.712	10.7121	10.7121	0
3	15	1	5.712	180	-90	-319.909	10.6548	2170.55	100	0.288099	45.1122	9.99989	9.99999	9.99999	0	10.7121	10.712	10.712	0
3	15	2	5.72651	175.908	-85.9279	-319.916	32.6689	2170.63	100	0.288505	45.0006	9.99988	9.99999	9.99999	0	10.712	10.7121	10.7121	0
3	15	3	5.7698	171.856	-81.8968	-319.923	54.5839	2170.69	100	0.288517	45.0029	9.99982	9.99999	9.99999	0	10.712	10.7121	10.7121	0
3	15	4	5.84125	167.884	-77.9451	-319.929	76.5021	2170.75	100	0.288535	45.0066	9.99973	9.99999	9.99999	0	10.712	10.7121	10.7121	0
3	15	5	5.93983	164.025	-74.1068	-319.935	98.4245	2170.81	100	0.288561	45.0115	9.9996	9.99999	9.99999	0	10.712	10.7121	10.7121	0
3	15	6	6.06422	160.308	-70.4102	-319.94	120.452	2170.86	100	0.288594	45.0181	9.99944	9.99999	9.99999	0	10.712	10.7121	10.7121	0
3	15	7	6.21287	156.754	-66.8765	-319.944	142.386	2170.91	100	0.288633	45.0262	9.99924	9.99999	9.99999	0	10.712	10.7121	10.7121	0
3	15	8	6.38409	153.378	-63.5205	-319.948	164.327	2170.95	100	0.288683	45.0355	9.99901	9.99999	9.99999	0	10.712	10.7121	10.7121	0
3	15	9	6.57612	150.187	-60.3503	-319.953	186.277	2170.99	100	0.288736	45.0466	9.99874	9.99999	9.99999	0	10.712	10.7121	10.7121	0
3	15	10	6.78718	147.186	-57.3691	-319.955	208.336	2171.02	100	0.2888	45.0588	9.99843	9.99999	9.99999	0	10.712	10.7121	10.7121	0
3	15	11	7.01556	144.372	-54.5751	-319.958	230.305	2171.05	100	0.288869	45.0726	9.99808	9.99999	9.99999	0	10.712	10.7121	10.7121	0
3	15	12	7.25963	141.74	-51.9636	-319.96	252.286	2171.07	100	0.288947	45.0878	9.9977	9.99999	9.99999	0	10.712	10.7121	10.7121	0
3	15	13	7.51786	139.283	-49.5271	-319.962	274.28	2171.09	100	0.28903	45.1048	9.99729	9.99999	9.99999	0	10.712	10.7121	10.7121	0
3	15	14	7.78884	136.992	-47.2568	-319.962	296.387	2171.1	100	0.289122	45.1228	9.99683	9.99999	9.99999	0	10.712	10.7121	10.7121	0
3	15	15	8.07129	134.857	-45.1426	-319.962	318.409	2171.1	100	0.289223	45.1428	9.99634	9.99999	9.99999	0	10.712	10.7121	10.7121	0
3	15	16	8.36404	132.869	-43.1744	-319.962	340.446	2171.1	100	0.28933	45.164	9.99581	9.99999	9.99999	0	10.712	10.7121	10.7121	0
3	15	17	8.66605	131.016	-41.3417	-319.963	362.502	2171.11	100	0.289445	45.1866	9.99525	9.99999	9.99999	0	10.712	10.7121	10.7121	0
3	15	18	8.97638	129.288	-39.6346	-319.96	384.674	2171.09	100	0.289567	45.2105	9.99464	9.99999	9.99999	0	10.712	10.7121	10.7121	0
3	15	19	9.61878	126.172	-36.5589	-319.961	407.127	2171.11	100	0.205884	90	9.99333	9.99998	9.99998	0	10.712	11.4242	11.4242	0
3	15	20	10.2856	123.449	-33.8768	-319.956	429.975	2171.06	100	0.206305	89.9999	9.99186	9.99998	9.99998	0	10.712	11.4242	11.4242	0
3	15	21	10.6268	122.215	-32.6639	-319.948	452.508	2170.99	100	0.290295	45.3529	9.99106	9.99999	9.99999	0	10.712	10.7121	10.7121	0
3	15	22	10.9724	121.058	-31.5274	-319.942	474.809	2170.93	100	0.290464	45.3859	9.99023	9.99999	9.99999	0	10.712	10.7121	10.7121	0
3	15	23	11.3222	119.971	-30.4612	-319.937	497.037	2170.89	100	0.290642	45.4204	9.98937	9.99999	9.99999	0	10.712	10.7121	10.7121	0
3	15	24	11.6757	118.949	-29.4596	-319.932	519.292	2170.84	100	0.290828	45.4563	9.98846	9.99999	9.99999	0	10.712	10.7121	10.7121	0
3	15	25	12.0326	117.987	-28.5175	-319.928	541.578	2170.8	100	0.29102	45.4938	9.98751	9.99999	9.99999	0	10.712	10.7121	10.7121	0
3	15	26	12.3926	117.079	-27.6304	-319.919	563.988	2170.72	100	0.291222	45.5325	9.98653	9.99999	9.99999	0	10.712	10.7121	10.7121	0
3	15	27	12.7554	116.222	-26.7939	-319.913	586.33	2170.66	100	0.291433	45.5731	9.9855	9.99999	9.99999	0	10.712	10.7121	10.7121	0
3	15	28	13.1209	115.412	-26.0042	-319.905	608.702	2170.59	100	0.291651	45.6154	9.98443	9.99999	9.99999	0	10.712	10.7121	10.7121	0
3	15	29	13.4887	114.645	-25.2579	-319.899	631.112	2170.54	100	0.291876	45.6587	9.98333	9.99999	9.99999	0	10.712	10.7121	10.7121	0
3	15	30	14.2309	113.229	-23.8827	-319.887	654.012	2170.43	100	0.209417	89.9998	9.981	9.99998	9.99998	0	10.712	11.4242	11.4242	0
3	15	31	14.6049	112.573	-23.2482	-319.87	676.869	2170.26	100	0.292607	45.7983	9.97977	9.99999	9.99999	0	10.712	10.7121	10.7121	0
3	15	32	14.9806	111.95	-22.6458	-319.86	699.415	2170.17	100	0.292868	45.8479	9.9785	9.99999	9.99999	0	10.712	10.7121	10.7121	0
3	15	33	15.3579	111.357	-22.0733	-319.851	722.006	2170.09	100	0.293136	45.8991	9.97719	9.99999	9.99999	0	10.712	10.7121	10.7121	0
3	15	34	15.7368	110.792	-21.5287	-319.838	744.728	2169.96	100	0.293416	45.9518	9.97584	9.99999	9.99999	0	10.712	10.7121	10.7121	0
3	15	35	16.117	110.253	-21.01	-319.826	767.393	2169.85	100	0.293704	46.0058	9.97444	9.99999	9.99999	0	10.712	10.7121	10.7121	0
3	15	36	16.4985	109.737	-20.5157	-319.814	790.1	2169.74	100	0.294	46.0615	9.973	9.99999	9.99999	0	10.712	10.7121	10.7121	0
3	15	37	16.8812	109.245	-20.044	-319.804	812.858	2169.65	100	0.294306	46.1188	9.97152	9.99999	9.99999	0	10.712	10.7121	10.7121	0
3	16	1	6.12	180	-90	-341.947	10.6548	2170.55	100	0.288097	45.1119	9.99989	9.99999	9.99999	0	10.7121	10.712	10.712	0
3	16	2	6.13353	176.179	-86.2004	-341.954	32.6689	2170.63	100	0.288506	45.0006	9.99988	9.99999	9.99999	0	10.712	10.7121	10.7121	0
3	16	3	6.17395	172.391	-82.4342	-341.961	54.5839	2170.69	100	0.288517	45.0028	9.99982	9.99999	9.99999	0	10.712	10.7121	10.7121	0
3	16	4	6.24074	168.667	-78.7328	-341.968	76.5021	2170.76	100	0.288534	45.0066	9.99973	9.99999	9.99999	0	10.712	10.7121	10.7121	0
3	16	5	6.33306	165.038	-75.1248	-341.974	98.4245	2170.82	100	0.288561	45.0116	9.9996	9.99999	9.99999	0	10.712	10.7121	10.7121	0
3	16	6	6.44982	161.525	-71.6341	-341.98	120.452	2170.86	100	0.288594	45.0181	9.99944	9.99999	9.99999	0	10.712	10.7121	10.7121	0
3	16	7	6.58971	158.149	-68.2798	-341.985	142.386	2170.91	100	0.288634	45.0262	9.99924	9.99999	9.99999	0	10.712	10.7121	10.7121	0
3	16	8	6.7513	154.923	-65.0758	-341.989	164.327	2170.95	100	0.28868	45.0354	9.99901	9.99999	9.99999	0	10.712	10.7121	10.7121	0
3	16	9	6.93308	151.856	-62.031	-341.993	186.277	2171	100	0.288736	45.0466	9.99874	9.99999	9.99999	0	10.712	10.7121	10.7121	0
3	16	10	7.13349	148.953	-59.1498	-341.996	208.336	2171.02	100	0.2888	45.0589	9.99843	9.99999	9.99999	0	10.712	10.7121	10.7121	0
3	16	11	7.35102	146.215	-56.433	-341.999	230.305	2171.05	100	0.288869	45.0725	9.99808	9.99999	9.99999	0	10.712	10.7121	10.7121	0
3	16	12	7.58419	143.638	-53.8782	-342.001	252.286	2171.07	100	0.288945	45.0878	9.9977	9.99999	9.99999	0	10.712	10.7121	10.7121	0
3	16	13	7.8316	141.219	-51.4807	-342.003	274.28	2171.09	100	0.28903	45.1047	9.99729	9.99999	9.99999	0	10.712	10.7121	10.7121	0
3	16	14	8.09195	138.95	-49.2342	-342.003	296.387	2171.1	100	0.289124	45.123	9.99683	9.99999	9.99999	0	10.712	10.7121	10.7121	0
3	16	15	8.36404	136.826	-47.1312	-342.004	318.409	2171.1	100	0.289223	45.1426	9.99634	9.99999	9.99999	0	10.712	10.7121	10.7121	0
3	16	16	8.64674	134.836	-45.1637	-342.004	340.446	2171.11	100	0.28933	45.1637	9.99581	9.99999	9.99999	0	10.712	10.7121	10.7121	0
3	16	17	8.93906	132.974	-43.3233	-342.004	362.502	2171.11	100	0.289445	45.1863	9.99525	9.99999	9.99999	0	10.712	10.7121	10.7121	0
3	16	18	9.24009	131.23	-41.6016	-342.002	384.674	2171.09	100	0.289568	45.2103	9.99464	9.99999	9.99999	0	10.712	10.7121	10.7121	0
3	16	19	9.86503	128.067	-38.4816	-342.003	407.127	2171.11	100	0.205885	90	9.99333	9.99998	9.99998	0	10.712	11.4242	11.4242	0
3	16	20	10.516	125.283	-35.7423	-341.997	429.975	2171.06	100	0.206305	90.0001	9.99186	9.99998	9.99998	0	10.712	11.4242	11.4242	0
3	16	21	10.8497	124.017	-34.498	-341.989	452.508	2170.99	100	0.290297	45.353	9.99106	9.99999	9.99999	0	10.712	10.7121	10.7121	0
3	16	22	11.1883	122.826	-33.329	-341.982	474.809	2170.93	100	0.290466	45.3859	9.99023	9.99999	9.99999	0	10.712	10.7121	10.7121	0
3	16	23	11.5314	121.705	-32.2295	-341.977	497.037	2170.89	100	0.290642	45.4203	9.98937	9.99999	9.99999	0	10.712	10.7121	10.7121	0
3	16	24	11.8785	120.648	-31.1943	-341.971	519.292	2170.84	100	0.290828	45.4565	9.98846	9.99999	9.99999	0	10.712	10.7121	10.7121	0
3	16	25	12.2293	119.65	-30.2186	-341.967	541.578	2170.8	100	0.291021	45.4939	9.98751	9.99999	9.99999	0	10.712	10.7121	10.7121	0
3	16	26	12.5835	118.707	-29.298	-341.958	563.988	2170.73	100	0.291222	45.5329	9.98653	9.99999	9.99999	0	10.712	10.7121	10.7121	0
3	16	27	12.9408	117.816	-28.4285	-341.951	586.33	2170.66	100	0.291432	45.5731	9.9855	9.99999	9.99999	0	10.712	10.7121	10.7121	0
3	16	28	13.301	116.971	-27.6063	-341.943	608.702	2170.59	100	0.291649	45.6152	9.98443	9.99999	9.99999	0	10.712	10.7121	10.7121	0
3	16	29	13.6638	116.171	-26.8279	-341.937	631.112	2170.54	100	0.291877	45.6588	9.98333	9.99999	9.99999	0	10.712	10.7121	10.7121	0
3	16	30	14.3966	114.69	-25.3908	-341.924	654.012	2170.43	100	0.209417	90.0004	9.981	9.99998	9.99998	0	10.712	11.4242	11.4242	0
3	16	31	14.7662	114.003	-24.7265	-341.905	676.869	2170.26	100	0.292606	45.7982	9.97977	9.99999	9.99999	0	10.712	10.7121	10.7121	0
3	16	32	15.1378	113.35	-24.0951	-341.894	699.415	2170.17	100	0.292867	45.8478	9.9785	9.99999	9.99999	0	10.712	10.7121	10.7121	0
3	16	33	15.5111	112.727	-23.4943	-341.886	722.006	2170.09	100	0.293137	45.8993	9.97719	9.99999	9.99999	0	10.712	10.7121	10.7121	0
3	16	34	15.8861	112.133	-22.9223	-341.871	744.728	2169.96	100	0.293417	45.9519	9.97584	9.99999	9.99999	0	10.712	10.7121	10.7121	0
3	16	35	16.2626	111.565	-22.377	-341.859	767.393	2169.85	100	0.293704	46.0058	9.97444	9.99999	9.99999	0	10.712	10.7121	10.7121	0
3	16	36	16.6406	111.023	-21.8568	-341.846	790.1	2169.74	100	0.294001	46.0618	9.973	9.99999	9.99999	0	10.712	10.7121	10.7121	0
3	16	37	17.0199	110.504	-21.3601	-341.835	812.858	2169.65	100	0.294306	46.119	9.97152	9.99999	9.99999	0	10.712	10.7121	10.7121	0
3	17	1	6.528	180	-90	-364.002	10.6548	2170.56	100	0.288097	45.1119	9.99989	9.99999	9.99999	0	10.7121	10.712	10.712	0
3	17	2	6.54068	176.416	-86.4391	-364.01	32.6689	2170.63	100	0.288505	45.001	9.99988	9.99999	9.99999	0	10.712	10.7121	10.7121	0
3	17	3	6.57858	172.859	-82.9058	-364.018	54.5839	2170.7	100	0.288517	45.0029	9.99982	9.99999	9.99999	0	10.712	10.7121	10.7121	0
3	17	4	6.64127	169.356	-79.4261	-364.025	76.5021	2170.76	100	0.288536	45.0063	9.99973	9.99999	9.99999	0	10.712	10.7121	10.7121	0
3	17	5	6.72805	165.931	-76.024	-364.032	98.4245	2170.82	100	0.288562	45.0116	9.9996	9.99999	9.99999	0	10.712	10.7121	10.7121	0
3	17	6	6.83801	162.604	-72.7201	-364.037	120.452	2170.87	100	0.288594	45.018	9.99944	9.99999	9.99999	0	10.712	10.7121	10.7121	0
3	17	7	6.97005	159.392	-69.5313	-364.043	142.386	2170.92	100	0.288634	45.0264	9.99924	9.99999	9.99999	0	10.712	10.7121	10.7121	0
3	17	8	7.12293	156.308	-66.4705	-364.047	164.327	2170.96	100	0.288682	45.0356	9.99901	9.99999	9.99999	0	10.712	10.7121	10.7121	0
3	17	9	7.29536	153.36	-63.5467	-364.052	186.277	2171	100	0.288737	45.0466	9.99874	9.99999	9.99999	0	10.712	10.7121	10.7121	0
3	17	10	7.48598	150.556	-60.7651	-364.055	208.336	2171.03	100	0.288799	45.059	9.99843	9.99999	9.99999	0	10.712	10.7121	10.7121	0
3	17	11	7.69344	147.895	-58.128	-364.058	230.305	2171.06	100	0.288869	45.0727	9.99808	9.99999	9.99999	0	10.712	10.7121	10.7121	0
3	17	12	7.91642	145.379	-55.6348	-364.06	252.286	2171.08	100	0.288945	45.088	9.9977	9.99999	9.99999	0	10.712	10.7121	10.7121	0
3	17	13	8.15363	143.003	-53.2828	-364.063	274.28	2171.1	100	0.28903	45.1047	9.99729	9.99999	9.99999	0	10.712	10.7121	10.7121	0
3	17	14	8.40388	140.765	-51.0678	-364.063	296.387	2171.1	100	0.289124	45.1229	9.99683	9.99999	9.99999	0	10.712	10.7121	10.7121	0
3	17	15	8.66604	138.658	-48.9843	-364.063	318.409	2171.11	100	0.289224	45.1428	9.99634	9.99999	9.99999	0	10.712	10.7121	10.7121	0
3	17	16	8.93906	136.677	-47.026	-364.063	340.446	2171.11	100	0.28933	45.1639	9.99581	9.99999	9.99999	0	10.712	10.7121	10.7121	0
3	17	17	9.22198	134.814	-45.1863	-364.064	362.502	2171.12	100	0.289445	45.1863	9.99525	9.99999	9.99999	0	10.712	10.7121	10.7121	0
3	17	18	9.5139	133.062	-43.4583	-364.061	384.674	2171.1	100	0.289568	45.2106	9.99464	9.99999	9.99999	0	10.712	10.7121	10.7121	0
3	17	19	10.1216	129.867	-40.3097	-364.062	407.127	2171.11	100	0.205884	90.0001	9.99333	9.99998	9.99998	0	10.712	11.4242	11.4242	0
3	17	20	10.7567	127.038	-37.5271	-364.056	429.975	2171.07	100	0.206305	90.0001	9.99186	9.99998	9.99998	0	10.712	11.4242	11.4242	0
3	17	21	11.083	125.745	-36.2575	-364.047	452.508	2171	100	0.290296	45.3529	9.99106	9.99999	9.99999	0	10.712	10.7121	10.7121	0
3	17	22	11.4146	124.525	-35.0616	-364.041	474.809	2170.94	100	0.290465	45.3861	9.99023	9.99999	9.99999	0	10.712	10.7121	10.7121	0
3	17	23	11.7508	123.374	-33.9341	-364.035	497.037	2170.9	100	0.290642	45.4204	9.98937	9.99999	9.99999	0	10.712	10.7121	10.7121	0
3	17	24	12.0915	122.287	-32.8702	-364.029	519.292	2170.85	100	0.290827	45.4563	9.98846	9.99999	9.99999	0	10.712	10.7121	10.7121	0
3	17	25	12.4361	121.259	-31.8654	-364.025	541.578	2170.81	100	0.291021	45.4939	9.98751	9.99999	9.99999	0	10.712	10.7121	10.7121	0
3	17	26	12.7844	120.285	-30.9154	-364.015	563.988	2170.73	100	0.291222	45.5329	9.98653	9.99999	9.99999	0	10.712	10.7121	10.7121	0
3	17	27	13.1361	119.363	-30.0165	-364.007	586.33	2170.67	100	0.291433	45.573	9.9855	9.99999	9.99999	0	10.712	10.7121	10.7121	0
3	17	28	13.4908	118.488	-29.1651	-363.999	608.702	2170.6	100	0.291651	45.6152	9.98443	9.99999	9.99999	0	10.712	10.7121	10.7121	0
3	17	29	13.8485	117.657	-28.3579	-363.992	631.112	2170.55	100	0.291877	45.6586	9.98333	9.99999	9.99999	0	10.712	10.7121	10.7121	0
3	17	30	14.5717	116.117	-26.8644	-363.979	654.012	2170.44	100	0.209416	89.9997	9.981	9.99998	9.99998	0	10.712	11.4242	11.4242	0
3	17	31	14.9367	115.401	-26.1726	-363.959	676.869	2170.27	100	0.292608	45.7982	9.97977	9.99999	9.99999	0	10.712	10.7121	10.7121	0
3	17	32	15.3039	114.719	-25.5144	-363.947	699.415	2170.18	100	0.292866	45.8481	9.9785	9.99999	9.99999	0	10.712	10.7121	10.7121	0
3	17	33	15.6731	114.069	-24.8875	-363.938	722.006	2170.1	100	0.293137	45.8991	9.97719	9.99999	9.99999	0	10.712	10.7121	10.7121	0
3	17	34	16.0441	113.448	-24.2899	-363.923	744.728	2169.97	100	0.293415	45.9517	9.97584	9.99999	9.99999	0	10.712	10.7121	10.7121	0
3	17	35	16.4168	112.854	-23.7197	-363.909	767.393	2169.86	100	0.293703	46.006	9.97444	9.99999	9.99999	0	10.712	10.7121	10.7121	0
3	17	36	16.7911	112.286	-23.1752	-363.896	790.1	2169.75	100	0.294001	46.0617	9.973	9.99999	9.99999	0	10.712	10.7121	10.7121	0
3	18	1	6.936	180	-90	-386.174	10.6548	2170.54	100	0.288098	45.112	9.99989	9.99999	9.99999	0	10.7121	10.712	10.712	0
3	18	2	6.94793	176.625	-86.65	-386.183	32.6689	2170.61	100	0.288507	45.0005	9.99988	9.99999	9.99999	0	10.712	10.7121	10.7121	0
3	18	3	6.9836	173.273	-83.3229	-386.191	54.5839	2170.68	100	0.288517	45.003	9.99982	9.99999	9.99999	0	10.712	10.7121	10.7121	0
3	18	4	7.04265	169.967	-80.0407	-386.198	76.5021	2170.74	100	0.288535	45.0063	9.99973	9.99999	9.99999	0	10.712	10.7121	10.7121	0
3	18	5	7.1245	166.725	-76.8237	-386.205	98.4245	2170.8	100	0.288559	45.0116	9.9996	9.99999	9.99999	0	10.712	10.7121	10.7121	0
3	18	6	7.22837	163.566	-73.6896	-386.211	120.452	2170.85	100	0.288593	45.0182	9.99944	9.99999	9.99999	0	10.712	10.7121	10.7121	0
3	18	7	7.35333	160.505	-70.6534	-386.217	142.386	2170.9	100	0.288634	45.0263	9.99924	9.99999	9.99999	0	10.712	10.7121	10.7121	0
3	18	8	7.49833	157.554	-67.7269	-386.222	164.327	2170.94	100	0.288681	45.0356	9.99901	9.99999	9.99999	0	10.712	10.7121	10.7121	0
3	18	9	7.66222	154.721	-64.9188	-386.227	186.277	2170.98	100	0.288737	45.0466	9.99874	9.99999	9.99999	0	10.712	10.7121	10.7121	0
3	18	10	7.84383	152.012	-62.2349	-386.23	208.336	2171.01	100	0.2888	45.0589	9.99843	9.99999	9.99999	0	10.712	10.7121	10.7121	0
3	18	11	8.04196	149.431	-59.6782	-386.233	230.305	2171.03	100	0.28887	45.0724	9.99808	9.99999	9.99999	0	10.712	10.7121	10.7121	0
3	18	12	8.25541	146.977	-57.2494	-386.235	252.286	2171.06	100	0.288946	45.0878	9.9977	9.99999	9.99999	0	10.712	10.7121	10.7121	0
3	18	13	8.48302	144.651	-54.9474	-386.238	274.28	2171.08	100	0.28903	45.1048	9.99729	9.99999	9.99999	0	10.712	10.7121	10.7121	0
3	18	14	8.7237	142.448	-52.7695	-386.238	296.387	2171.08	100	0.289124	45.1229	9.99683	9.99999	9.99999	0	10.712	10.7121	10.7121	0
3	18	15	8.97638	140.365	-50.7118	-386.239	318.409	2171.09	100	0.289223	45.1426	9.99634	9.99999	9.99999	0	10.712	10.7121	10.7121	0
3	18	16	9.24009	138.398	-48.7697	-386.239	340.446	2171.09	100	0.28933	45.1637	9.99581	9.99999	9.99999	0	10.712	10.7121	10.7121	0
3	18	17	9.5139	136.542	-46.9377	-386.239	362.502	2171.1	100	0.289444	45.1863	9.99525	9.99999	9.99999	0	10.712	10.7121	10.7121	0
3	18	18	9.79698	134.79	-45.2104	-386.237	384.674	2171.08	100	0.289567	45.2105	9.99464	9.99999	9.99999	0	10.712	10.7121	10.7121	0
3	18	19	10.3878	131.576	-42.0467	-386.238	407.127	2171.09	100	0.205885	90.0002	9.99333	9.99998	9.99998	0	10.712	11.4242	11.4242	0
3	18	20	11.0072	128.713	-39.2331	-386.231	429.975	2171.05	100	0.206306	90.0002	9.99186	9.99998	9.99998	0	10.712	11.4242	11.4242	0
3	18	21	11.3262	127.399	-37.9439	-386.222	452.508	2170.97	100	0.290297	45.3532	9.99106	9.99999	9.99999	0	10.712	10.7121	10.7121	0
3	18	22	11.6506	126.156	-36.7264	-386.215	474.809	2170.92	100	0.290465	45.3862	9.99023	9.99999	9.99999	0	10.712	10.7121	10.7121	0
3	18	23	11.9801	124.981	-35.5758	-386.209	497.037	2170.88	100	0.290641	45.4205	9.98937	9.99999	9.99999	0	10.712	10.7121	10.7121	0
3	18	24	12.3142	123.868	-34.4877	-386.203	519.292	2170.83	100	0.290827	45.4564	9.98846	9.99999	9.99999	0	10.712	10.7121	10.7121	0
3	18	25	12.6525	122.813	-33.4578	-386.198	541.578	2170.79	100	0.291021	45.4938	9.98751	9.99999	9.99999	0	10.712	10.7121	10.7121	0
3	18	26	12.9948	121.813	-32.4824	-386.188	563.988	2170.71	100	0.291224	45.5326	9.98653	9.99999	9.99999	0	10.712	10.7121	10.7121	0
3	18	27	13.3408	120.863	-31.5577	-386.18	586.33	2170.65	100	0.291433	45.5732	9.9855	9.99999	9.99999	0	10.712	10.7121	10.7121	0
3	18	28	13.6901	119.961	-30.6805	-386.171	608.702	2170.58	100	0.29165	45.6152	9.98443	9.99999	9.99999	0	10.712	10.7121	10.7121	0
3	18	29	14.0425	119.103	-29.8474	-386.164	631.112	2170.53	100	0.291877	45.6585	9.98333	9.99999	9.99999	0	10.712	10.7121	10.7121	0
3	18	30	14.7557	117.508	-28.3028	-386.15	654.012	2170.42	100	0.209417	89.9999	9.981	9.99998	9.99998	0	10.712	11.4242	11.4242	0
3	18	31	15.1161	116.766	-27.5861	-386.128	676.869	2170.25	100	0.292607	45.7983	9.97977	9.99999	9.99999	0	10.712	10.7121	10.7121	0
3	18	32	15.4789	116.058	-26.9032	-386.116	699.415	2170.16	100	0.292867	45.8479	9.9785	9.99999	9.99999	0	10.712	10.7121	10.7121	0
3	18	33	15.8438	115.382	-26.2521	-386.107	722.006	2170.08	100	0.293137	45.8991	9.97719	9.99999	9.99999	0	10.712	10.7121	10.7121	0
3	18	34	16.2107	114.736	-25.6308	-386.09	744.728	2169.95	100	0.293416	45.9518	9.97584	9.99999	9.99999	0	10.712	10.7121	10.7121	0
3	18	35	16.5794	114.117	-25.0374	-386.076	767.393	2169.84	100	0.293704	46.0061	9.97444	9.99999	9.99999	0	10.712	10.7121	10.7121	0
3	18	36	16.95	113.525	-24.4703	-386.061	790.1	2169.73	100	0.294	46.0617	9.973	9.99999	9.99999	0	10.712	10.7121	10.7121	0
3	19	1	7.752	180	-90	-408.981	10.6548	2170.51	100	0.288099	45.1122	9.99989	9.99999	9.99999	0	10.7121	10.712	10.712	0
3	19	2	7.76266	176.978	-87.0056	-408.99	32.6689	2170.58	100	0.288505	45.0007	9.99988	9.99999	9.99999	0	10.712	10.7121	10.7121	0
3	19	3	7.79457	173.972	-84.0276	-408.999	54.5839	2170.65	100	0.288516	45.0028	9.99982	9.99999	9.99999	0	10.712	10.7121	10.7121	0
3	19	4	7.84745	170.999	-81.082	-409.008	76.5021	2170.71	100	0.288535	45.0067	9.99973	9.99999	9.99999	0	10.712	10.7121	10.7121	0
3	19	5	7.9209	168.073	-78.1835	-409.016	98.4245	2170.77	100	0.288561	45.0116	9.9996	9.99999	9.99999	0	10.712	10.7121	10.7121	0
3	19	6	8.01434	165.207	-75.3456	-409.022	120.452	2170.82	100	0.288593	45.0181	9.99944	9.99999	9.99999	0	10.712	10.7121	10.7121	0
3	19	7	8.12709	162.414	-72.58	-409.028	142.386	2170.86	100	0.288634	45.0263	9.99924	9.99999	9.99999	0	10.712	10.7121	10.7121	0
3	19	8	8.25835	159.703	-69.8964	-409.034	164.327	2170.91	100	0.288682	45.0355	9.99901	9.99999	9.99999	0	10.712	10.7121	10.7121	0
3	19	9	8.40726	157.081	-67.3027	-409.04	186.277	2170.95	100	0.288737	45.0464	9.99874	9.99999	9.99999	0	10.712	10.7121	10.7121	0
3	19	10	8.5729	154.556	-64.8045	-409.043	208.336	2170.97	100	0.2888	45.0588	9.99843	9.99999	9.99999	0	10.712	10.7121	10.7121	0
3	19	11	8.75432	152.129	-62.4058	-409.046	230.305	2171	100	0.28887	45.0728	9.99808	9.99999	9.99999	0	10.712	10.7121	10.7121	0
3	19	12	8.95056	149.805	-60.1087	-409.049	252.286	2171.02	100	0.288946	45.0882	9.9977	9.99999	9.99999	0	10.712	10.7121	10.7121	0
3	19	13	9.16067	147.582	-57.9141	-409.052	274.28	2171.05	100	0.28903	45.1046	9.99729	9.99999	9.99999	0	10.712	10.7121	10.7121	0
3	19	14	9.38371	145.462	-55.8212	-409.053	296.387	2171.05	100	0.289123	45.123	9.99683	9.99999	9.99999	0	10.712	10.7121	10.7121	0
3	19	15	9.61878	143.441	-53.8284	-409.053	318.409	2171.06	100	0.289223	45.1427	9.99634	9.99999	9.99999	0	10.712	10.7121	10.7121	0
3	19	16	9.86504	141.518	-51.9334	-409.053	340.446	2171.06	100	0.289329	45.1637	9.99581	9.99999	9.99999	0	10.712	10.7121	10.7121	0
3	19	17	10.1216	139.69	-50.133	-409.054	362.502	2171.07	100	0.289446	45.1865	9.99525	9.99999	9.99999	0	10.712	10.7121	10.7121	0
3	19	18	10.3878	137.953	-48.4238	-409.051	384.674	2171.05	100	0.289567	45.2105	9.99464	9.99999	9.99999	0	10.712	10.7121	10.7121	0
3	19	19	10.9462	134.737	-45.263	-409.052	407.127	2171.06	100	0.205884	90	9.99333	9.99998	9.99998	0	10.712	11.4242	11.4242	0
3	19	20	11.5349	131.837	-42.4187	-409.045	429.975	2171.01	100	0.206306	90.0001	9.99186	9.99998	9.99998	0	10.712	11.4242	11.4242	0
3	19	21	11.8393	130.496	-41.105	-409.035	452.508	2170.94	100	0.290296	45.3532	9.99106	9.99999	9.99999	0	10.712	10.7121	10.7121	0
3	19	22	12.1497	129.221	-39.8582	-409.027	474.809	2170.89	100	0.290466	45.3861	9.99023	9.99999	9.99999	0	10.712	10.7121	10.7121	0
3	19	23	12.4655	128.01	-38.6746	-409.021	497.037	2170.84	100	0.290642	45.4205	9.98937	9.99999	9.99999	0	10.712	10.7121	10.7121	0
3	19	24	12.7866	126.858	-37.5504	-409.013	519.292	2170.79	100	0.290827	45.4563	9.98846	9.99999	9.99999	0	10.712	10.7121	10.7121	0
3	19	25	13.1124	125.761	-36.4821	-409.008	541.578	2170.76	100	0.291023	45.4938	9.98751	9.99999	9.99999	0	10.712	10.7121	10.7121	0
3	19	26	13.4426	124.718	-35.4665	-408.997	563.988	2170.68	100	0.291222	45.5328	9.98653	9.99999	9.99999	0	10.712	10.7121	10.7121	0
3	19	27	13.7769	123.724	-34.5003	-408.988	586.33	2170.62	100	0.291432	45.573	9.9855	9.99999	9.99999	0	10.712	10.7121	10.7121	0
3	19	28	14.115	122.776	-33.5805	-408.978	608.702	2170.55	100	0.29165	45.6154	9.98443	9.99999	9.99999	0	10.712	10.7121	10.7121	0
3	19	29	14.4566	121.872	-32.7045	-408.97	631.112	2170.49	100	0.291877	45.6586	9.98333	9.99999	9.99999	0	10.712	10.7121	10.7121	0
3	19	30	15.1495	120.185	-31.0732	-408.954	654.012	2170.39	100	0.209416	90.0002	9.981	9.99998	9.99998	0	10.712	11.4242	11.4242	0
3	19	31	15.5004	119.397	-30.3132	-408.931	676.869	2170.22	100	0.292607	45.7983	9.97977	9.99999	9.99999	0	10.712	10.7121	10.7121	0
3	19	32	15.8539	118.643	-29.5875	-408.917	699.415	2170.12	100	0.292868	45.8478	9.9785	9.99999	9.99999	0	10.712	10.7121	10.7121	0
3	19	33	16.2099	117.921	-28.8939	-408.906	722.006	2170.05	100	0.293137	45.8989	9.97719	9.99999	9.99999	0	10.712	10.7121	10.7121	0
3	19	34	16.5683	117.23	-28.2306	-408.888	744.728	2169.92	100	0.293416	45.9517	9.97584	9.99999	9.99999	0	10.712	10.7121	10.7121	0
3	19	35	16.9288	116.567	-27.5959	-408.873	767.393	2169.81	100	0.293703	46.0058	9.97444	9.99999	9.99999	0	10.712	10.7121	10.7121	0
3	20	1	8.568	180	-90	-431.828	10.6548	2170.45	100	0.288096	45.1117	9.99989	9.99999	9.99999	0	10.7121	10.712	10.712	0
3	20	2	8.57764	177.263	-87.294	-431.839	32.6689	2170.53	100	0.288505	45.0008	9.99988	9.99999	9.99999	0	10.712	10.7121	10.7121	0
3	20	3	8.60648	174.539	-84.6002	-431.849	54.5839	2170.59	100	0.288517	45.0027	9.99982	9.99999	9.99999	0	10.712	10.7121	10.7121	0
3	20	4	8.65434	171.839	-81.9304	-431.858	76.5021	2170.66	100	0.288535	45.0063	9.99973	9.99999	9.99999	0	10.712	10.7121	10.7121	0
3	20	5	8.7209	169.173	-79.2958	-431.867	98.4245	2170.71	100	0.288561	45.0115	9.9996	9.99999	9.99999	0	10.712	10.7121	10.7121	0
3	20	6	8.80575	166.554	-76.7066	-431.874	120.452	2170.76	100	0.288594	45.0182	9.99944	9.99999	9.99999	0	10.712	10.7121	10.7121	0
3	20	7	8.90834	163.989	-74.1722	-431.881	142.386	2170.81	100	0.288633	45.0262	9.99924	9.99999	9.99999	0	10.712	10.7121	10.7121	0
3	20	8	9.02809	161.487	-71.7005	-431.887	164.327	2170.85	100	0.288682	45.0356	9.99901	9.99999	9.99999	0	10.712	10.7121	10.7121	0
3	20	9	9.16432	159.054	-69.2982	-431.893	186.277	2170.89	100	0.288738	45.0466	9.99874	9.99999	9.99999	0	10.712	10.7121	10.7121	0
3	20	10	9.3163	156.695	-66.9706	-431.897	208.336	2170.92	100	0.288799	45.0587	9.99843	9.99999	9.99999	0	10.712	10.7121	10.7121	0
3	20	11	9.48329	154.416	-64.7216	-431.901	230.305	2170.95	100	0.288868	45.0728	9.99808	9.99999	9.99999	0	10.712	10.7121	10.7121	0
3	20	12	9.66449	152.218	-62.5541	-431.904	252.286	2170.97	100	0.288945	45.0879	9.9977	9.99999	9.99999	0	10.712	10.7121	10.7121	0
3	20	13	9.85913	150.103	-60.4696	-431.907	274.28	2170.99	100	0.28903	45.1046	9.99729	9.99999	9.99999	0	10.712	10.7121	10.7121	0
3	20	14	10.0664	148.071	-58.4688	-431.908	296.387	2171	100	0.289124	45.1229	9.99683	9.99999	9.99999	0	10.712	10.7121	10.7121	0
3	20	15	10.2856	146.123	-56.5515	-431.908	318.409	2171	100	0.289222	45.1426	9.99634	9.99999	9.99999	0	10.712	10.7121	10.7121	0
3	20	16	10.5159	144.258	-54.7165	-431.908	340.446	2171	100	0.289331	45.1637	9.99581	9.99999	9.99999	0	10.712	10.7121	10.7121	0
3	20	17	10.7567	142.473	-52.9625	-431.909	362.502	2171.01	100	0.289444	45.1864	9.99525	9.99999	9.99999	0	10.712	10.7121	10.7121	0
3	20	18	11.0072	140.767	-51.2871	-431.906	384.674	2170.99	100	0.289569	45.2105	9.99464	9.99999	9.99999	0	10.712	10.7121	10.7121	0
3	20	19	11.5349	137.581	-48.1629	-431.907	407.127	2171.01	100	0.205885	89.9999	9.99333	9.99998	9.99998	0	10.712	11.4242	11.4242	0
3	20	20	12.0943	134.678	-45.3215	-431.899	429.975	2170.96	100	0.206305	90.0002	9.99186	9.99998	9.99998	0	10.712	11.4242	11.4242	0
3	20	21	12.3845	133.326	-43.9994	-431.888	452.508	2170.89	100	0.290296	45.353	9.99106	9.99999	9.99999	0	10.712	10.7121	10.7121	0
3	20	22	12.6811	132.035	-42.7391	-431.88	474.809	2170.83	100	0.290465	45.3861	9.99023	9.99999	9.99999	0	10.712	10.7121	10.7121	0
3	20	23	12.9837	130.802	-41.5373	-431.873	497.037	2170.79	100	0.290644	45.4204	9.98937	9.99999	9.99999	0	10.712	10.7121	10.7121	0
3	20	24	13.2918	129.625	-40.3913	-431.865	519.292	2170.74	100	0.290828	45.4563	9.98846	9.99999	9.99999	0	10.712	10.7121	10.7121	0
3	20	25	13.6051	128.501	-39.2981	-431.859	541.578	2170.7	100	0.291021	45.4938	9.98751	9.99999	9.99999	0	10.712	10.7121	10.7121	0
3	20	26	13.9232	127.427	-38.2549	-431.847	563.988	2170.63	100	0.291223	45.5329	9.98653	9.99999	9.99999	0	10.712	10.7121	10.7121	0
3	20	27	14.2458	126.401	-37.2592	-431.837	586.33	2170.56	100	0.291432	45.5733	9.9855	9.99999	9.99999	0	10.712	10.7121	10.7121	0
3	20	28	14.5725	125.419	-36.3083	-431.826	608.702	2170.49	100	0.291651	45.6154	9.98443	9.99999	9.99999	0	10.712	10.7121	10.7121	0
3	20	29	14.9032	124.479	-35.3998	-431.817	631.112	2170.44	100	0.291877	45.6586	9.98333	9.99999	9.99999	0	10.712	10.7121	10.7121	0
3	20	30	15.5754	122.719	-33.701	-431.8	654.012	2170.33	100	0.209415	89.9998	9.981	9.99998	9.99998	0	10.712	11.4242	11.4242	0
3	20	31	15.9164	121.893	-32.9065	-431.774	676.869	2170.17	100	0.292607	45.7983	9.97977	9.99999	9.99999	0	10.712	10.7121	10.7121	0
3	20	32	16.2604	121.102	-32.1458	-431.759	699.415	2170.07	100	0.292868	45.848	9.9785	9.99999	9.99999	0	10.712	10.7121	10.7121	0
3	20	33	16.6072	120.342	-31.4173	-431.747	722.006	2170	100	0.293137	45.899	9.97719	9.99999	9.99999	0	10.712	10.7121	10.7121	0
3	20	34	16.9567	119.613	-30.7191	-431.727	744.728	2169.87	100	0.293416	45.9517	9.97584	9.99999	9.99999	0	10.712	10.7121	10.7121	0
3	20	35	17.3087	118.912	-30.0497	-431.71	767.393	2169.76	100	0.293704	46.0057	9.97444	9.99999	9.99999	0	10.712	10.7121	10.7121	0
3	21	1	8.976	180	-90	-454.008	10.6548	2170.44	100	0.288098	45.1121	9.99989	9.99999	9.99999	0	10.7121	10.712	10.712	0
3	21	2	8.98519	177.387	-87.4188	-454.02	32.6689	2170.51	100	0.288506	45.0006	9.99988	9.99999	9.99999	0	10.712	10.7121	10.7121	0
3	21	3	9.01271	174.784	-84.8481	-454.03	54.5839	2170.57	100	0.288516	45.0029	9.99982	9.99999	9.99999	0	10.712	10.7121	10.7121	0
3	21	4	9.05839	172.202	-82.2983	-454.04	76.5021	2170.64	100	0.288536	45.0067	9.99973	9.99999	9.99999	0	10.712	10.7121	10.7121	0
3	21	5	9.12196	169.651	-79.7792	-454.049	98.4245	2170.7	100	0.288561	45.0116	9.9996	9.99999	9.99999	0	10.712	10.7121	10.7121	0
3	21	6	9.20305	167.14	-77.2998	-454.057	120.452	2170.74	100	0.288593	45.0182	9.99944	9.99999	9.99999	0	10.712	10.7121	10.7121	0
3	21	7	9.30119	164.676	-74.8685	-454.064	142.386	2170.79	100	0.288634	45.026	9.99924	9.99999	9.99999	0	10.712	10.7121	10.7121	0
3	21	8	9.41586	162.268	-72.4924	-454.07	164.327	2170.83	100	0.288682	45.0355	9.99901	9.99999	9.99999	0	10.712	10.7121	10.7121	0
3	21	9	9.54646	159.921	-70.1777	-454.077	186.277	2170.87	100	0.288737	45.0465	9.99874	9.99999	9.99999	0	10.712	10.7121	10.7121	0
3	21	10	9.69235	157.641	-67.9294	-454.081	208.336	2170.9	100	0.288798	45.0589	9.99843	9.99999	9.99999	0	10.712	10.7121	10.7121	0
3	21	11	9.85284	155.431	-65.7513	-454.085	230.305	2170.93	100	0.288868	45.0727	9.99808	9.99999	9.99999	0	10.712	10.7121	10.7121	0
3	21	12	10.0272	153.294	-63.6464	-454.088	252.286	2170.95	100	0.288946	45.088	9.9977	9.99999	9.99999	0	10.712	10.7121	10.7121	0
3	21	13	10.2148	151.232	-61.6165	-454.092	274.28	2170.97	100	0.289031	45.1047	9.99729	9.99999	9.99999	0	10.712	10.7121	10.7121	0
3	21	14	10.4149	149.246	-59.6625	-454.092	296.387	2170.98	100	0.289123	45.1229	9.99683	9.99999	9.99999	0	10.712	10.7121	10.7121	0
3	21	15	10.6268	147.336	-57.7848	-454.093	318.409	2170.98	100	0.289222	45.1425	9.99634	9.99999	9.99999	0	10.712	10.7121	10.7121	0
3	21	16	10.8497	145.502	-55.9828	-454.093	340.446	2170.98	100	0.289329	45.1638	9.99581	9.99999	9.99999	0	10.712	10.7121	10.7121	0
3	21	17	11.083	143.742	-54.2554	-454.094	362.502	2170.99	100	0.289444	45.1862	9.99525	9.99999	9.99999	0	10.712	10.7121	10.7121	0
3	21	18	11.3262	142.056	-52.6012	-454.09	384.674	2170.97	100	0.289567	45.2102	9.99464	9.99999	9.99999	0	10.712	10.7121	10.7121	0
3	21	19	11.8393	138.895	-49.5044	-454.092	407.127	2170.99	100	0.205884	90.0001	9.99333	9.99998	9.99998	0	10.712	11.4242	11.4242	0
3	21	20	12.3845	136.001	-46.6743	-454.084	429.975	2170.94	100	0.206306	90	9.99186	9.99998	9.99998	0	10.712	11.4242	11.4242	0
3	21	21	12.6679	134.647	-45.353	-454.072	452.508	2170.87	100	0.290296	45.353	9.99106	9.99999	9.99999	0	10.712	10.7121	10.7121	0
3	21	22	12.9578	133.352	-44.0906	-454.063	474.809	2170.81	100	0.290465	45.3859	9.99023	9.99999	9.99999	0	10.712	10.7121	10.7121	0
3	21	23	13.2539	132.114	-42.8845	-454.056	497.037	2170.77	100	0.290642	45.4204	9.98937	9.99999	9.99999	0	10.712	10.7121	10.7121	0
3	21	24	13.5556	130.929	-41.7322	-454.047	519.292	2170.72	100	0.290828	45.4563	9.98846	9.99999	9.99999	0	10.712	10.7121	10.7121	0
3	21	25	13.8627	129.796	-40.6309	-454.041	541.578	2170.68	100	0.291021	45.4939	9.98751	9.99999	9.99999	0	10.712	10.7121	10.7121	0
3	21	26	14.1748	128.711	-39.5782	-454.028	563.988	2170.61	100	0.291223	45.5328	9.98653	9.99999	9.99999	0	10.712	10.7121	10.7121	0
3	21	27	14.4915	127.672	-38.5716	-454.018	586.33	2170.54	100	0.291432	45.5733	9.9855	9.99999	9.99999	0	10.712	10.7121	10.7121	0
3	21	28	14.8126	126.677	-37.6089	-454.006	608.702	2170.47	100	0.291651	45.6153	9.98443	9.99999	9.99999	0	10.712	10.7121	10.7121	0
3	21	29	15.1379	125.723	-36.6878	-453.997	631.112	2170.42	100	0.291877	45.6587	9.98333	9.99999	9.99999	0	10.712	10.7121	10.7121	0
3	21	30	15.7996	123.933	-34.9618	-453.98	654.012	2170.32	100	0.209416	89.9999	9.981	9.99998	9.99998	0	10.712	11.4242	11.4242	0
3	21	31	16.1356	123.091	-34.153	-453.953	676.869	2170.15	100	0.292608	45.7984	9.97977	9.99999	9.99999	0	10.712	10.7121	10.7121	0
3	21	32	16.4748	122.284	-33.3778	-453.937	699.415	2170.05	100	0.292868	45.8478	9.9785	9.99999	9.99999	0	10.712	10.7121	10.7121	0
3	21	33	16.8169	121.508	-32.6344	-453.925	722.006	2169.98	100	0.293137	45.8989	9.97719	9.99999	9.99999	0	10.712	10.7121	10.7121	0
3	21	34	17.1619	120.762	-31.9213	-453.904	744.728	2169.85	100	0.293416	45.9518	9.97584	9.99999	9.99999	0	10.712	10.7121	10.7121	0
3	22	1	9.384	180	-90	-476.31	10.6548	2170.38	100	0.288097	45.1119	9.99989	9.99999	9.99999	0	10.7121	10.712	10.712	0
3	22	2	9.39279	177.499	-87.5327	-476.321	32.6689	2170.45	100	0.288506	45.0007	9.99988	9.99999	9.99999	0	10.712	10.7121	10.7121	0
3	22	3	9.4191	175.008	-85.0747	-476.332	54.5839	2170.52	100	0.288516	45.0029	9.99982	9.99999	9.99999	0	10.712	10.7121	10.7121	0
3	22	4	9.46278	172.535	-82.635	-476.342	76.5021	2170.58	100	0.288535	45.0065	9.99973	9.99999	9.99999	0	10.712	10.7121	10.7121	0
3	22	5	9.5236	170.088	-80.2221	-476.352	98.4245	2170.64	100	0.288561	45.0116	9.9996	9.99999	9.99999	0	10.712	10.7121	10.7121	0
3	22	6	9.60124	167.677	-77.8443	-476.36	120.452	2170.69	100	0.288593	45.0183	9.99944	9.99999	9.99999	0	10.712	10.7121	10.7121	0
3	22	7	9.69528	165.308	-75.5088	-476.368	142.386	2170.74	100	0.288634	45.0262	9.99924	9.99999	9.99999	0	10.712	10.7121	10.7121	0
3	22	8	9.80526	162.988	-73.2221	-476.374	164.327	2170.78	100	0.288682	45.0356	9.99901	9.99999	9.99999	0	10.712	10.7121	10.7121	0
3	22	9	9.93064	160.722	-70.9899	-476.381	186.277	2170.82	100	0.288737	45.0463	9.99874	9.99999	9.99999	0	10.712	10.7121	10.7121	0
3	22	10	10.0709	158.515	-68.817	-476.385	208.336	2170.84	100	0.288799	45.059	9.99843	9.99999	9.99999	0	10.712	10.7121	10.7121	0
3	22	11	10.2253	156.372	-66.707	-476.39	230.305	2170.87	100	0.288869	45.0728	9.99808	9.99999	9.99999	0	10.712	10.7121	10.7121	0
3	22	12	10.3933	154.294	-64.6628	-476.393	252.286	2170.89	100	0.288946	45.0881	9.9977	9.99999	9.99999	0	10.712	10.7121	10.7121	0
3	22	13	10.5743	152.284	-62.6865	-476.397	274.28	2170.92	100	0.28903	45.1047	9.99729	9.99999	9.99999	0	10.712	10.7121	10.7121	0
3	22	14	10.7675	150.344	-60.7793	-476.397	296.387	2170.92	100	0.289124	45.1229	9.99683	9.99999	9.99999	0	10.712	10.7121	10.7121	0
3	22	15	10.9724	148.473	-58.9418	-476.398	318.409	2170.93	100	0.289223	45.1426	9.99634	9.99999	9.99999	0	10.712	10.7121	10.7121	0
3	22	16	11.1883	146.671	-57.1738	-476.398	340.446	2170.93	100	0.28933	45.1636	9.99581	9.99999	9.99999	0	10.712	10.7121	10.7121	0
3	22	17	11.4146	144.938	-55.4747	-476.399	362.502	2170.94	100	0.289445	45.1863	9.99525	9.99999	9.99999	0	10.712	10.7121	10.7121	0
3	22	18	11.6506	143.274	-53.8436	-476.395	384.674	2170.92	100	0.289568	45.2105	9.99464	9.99999	9.99999	0	10.712	10.7121	10.7121	0
3	22	19	12.1497	140.142	-50.779	-476.397	407.127	2170.93	100	0.205883	90.0002	9.99333	9.99998	9.99998	0	10.712	11.4242	11.4242	0
3	22	20	12.6811	137.261	-47.9655	-476.388	429.975	2170.88	100	0.206306	90.0001	9.99186	9.99998	9.99998	0	10.712	11.4242	11.4242	0
3	22	21	12.9578	135.909	-46.6476	-476.376	452.508	2170.81	100	0.290295	45.3529	9.99106	9.99999	9.99999	0	10.712	10.7121	10.7121	0
3	22	22	13.2412	134.614	-45.386	-476.367	474.809	2170.76	100	0.290466	45.386	9.99023	9.99999	9.99999	0	10.712	10.7121	10.7121	0
3	22	23	13.5308	133.373	-44.1782	-476.359	497.037	2170.71	100	0.290643	45.4205	9.98937	9.99999	9.99999	0	10.712	10.7121	10.7121	0
3	22	24	13.8263	132.183	-43.0221	-476.351	519.292	2170.66	100	0.290828	45.4566	9.98846	9.99999	9.99999	0	10.712	10.7121	10.7121	0
3	22	25	14.1272	131.042	-41.9153	-476.344	541.578	2170.63	100	0.291022	45.4938	9.98751	9.99999	9.99999	0	10.712	10.7121	10.7121	0
3	22	26	14.4334	129.949	-40.8555	-476.331	563.988	2170.55	100	0.291223	45.5329	9.98653	9.99999	9.99999	0	10.712	10.7121	10.7121	0
3	22	27	14.7443	128.9	-39.8406	-476.32	586.33	2170.49	100	0.291432	45.573	9.9855	9.99999	9.99999	0	10.712	10.7121	10.7121	0
3	22	28	15.0598	127.894	-38.8684	-476.308	608.702	2170.42	100	0.29165	45.6153	9.98443	9.99999	9.99999	0	10.712	10.7121	10.7121	0
3	22	29	15.3796	126.928	-37.9368	-476.299	631.112	2170.37	100	0.291876	45.6586	9.98333	9.99999	9.99999	0	10.712	10.7121	10.7121	0
3	22	30	16.0308	125.112	-36.1877	-476.28	654.012	2170.26	100	0.209416	89.9999	9.981	9.99998	9.99998	0	10.712	11.4242	11.4242	0
3	22	31	16.3618	124.256	-35.3665	-476.252	676.869	2170.09	100	0.292607	45.7984	9.97977	9.99999	9.99999	0	10.712	10.7121	10.7121	0
3	22	32	16.6961	123.434	-34.5785	-476.236	699.415	2170	100	0.292868	45.8478	9.9785	9.99999	9.99999	0	10.712	10.7121	10.7121	0
3	22	33	17.0336	122.644	-33.822	-476.223	722.006	2169.92	100	0.293136	45.8991	9.97719	9.99999	9.99999	0	10.712	10.7121	10.7121	0
3	22	34	17.374	121.883	-33.0955	-476.201	744.728	2169.8	100	0.293415	45.9518	9.97584	9.99999	9.99999	0	10.712	10.7121	10.7121	0
3	23	1	9.792	180	-90	-498.538	10.6548	2170.34	100	0.288097	45.1118	9.99989	9.99999	9.99999	0	10.7121	10.712	10.712	0
3	23	2	9.80041	177.602	-87.6373	-498.55	32.6689	2170.41	100	0.288506	45.0007	9.99988	9.99999	9.99999	0	10.712	10.7121	10.7121	0
3	23	3	9.82561	175.213	-85.2828	-498.561	54.5839	2170.47	100	0.288516	45.0029	9.99982	9.99999	9.99999	0	10.712	10.7121	10.7121	0
3	23	4	9.86746	172.839	-82.9443	-498.572	76.5021	2170.54	100	0.288536	45.0066	9.99973	9.99999	9.99999	0	10.712	10.7121	10.7121	0
3	23	5	9.92576	170.49	-80.6296	-498.582	98.4245	2170.6	100	0.288561	45.0115	9.9996	9.99999	9.99999	0	10.712	10.7121	10.7121	0
3	23	6	10.0002	168.171	-78.3457	-498.59	120.452	2170.64	100	0.288593	45.0182	9.99944	9.99999	9.99999	0	10.712	10.7121	10.7121	0
3	23	7	10.0905	165.89	-76.0994	-498.598	142.386	2170.69	100	0.288634	45.0263	9.99924	9.99999	9.99999	0	10.712	10.7121	10.7121	0
3	23	8	10.1961	163.652	-73.8965	-498.605	164.327	2170.73	100	0.288681	45.0357	9.99901	9.99999	9.99999	0	10.712	10.7121	10.7121	0
3	23	9	10.3166	161.462	-71.7421	-498.612	186.277	2170.77	100	0.288737	45.0464	9.99874	9.99999	9.99999	0	10.712	10.7121	10.7121	0
3	23	10	10.4516	159.326	-69.6407	-498.617	208.336	2170.8	100	0.2888	45.0589	9.99843	9.99999	9.99999	0	10.712	10.7121	10.7121	0
3	23	11	10.6003	157.246	-67.5959	-498.621	230.305	2170.83	100	0.288869	45.0729	9.99808	9.99999	9.99999	0	10.712	10.7121	10.7121	0
3	23	12	10.7624	155.226	-65.6105	-498.625	252.286	2170.85	100	0.288947	45.0881	9.9977	9.99999	9.99999	0	10.712	10.7121	10.7121	0
3	23	13	10.9371	153.267	-63.6867	-498.629	274.28	2170.87	100	0.289031	45.1047	9.99729	9.99999	9.99999	0	10.712	10.7121	10.7121	0
3	23	14	11.1239	151.371	-61.8257	-498.629	296.387	2170.88	100	0.289123	45.123	9.99683	9.99999	9.99999	0	10.712	10.7121	10.7121	0
3	23	15	11.3222	149.539	-60.0285	-498.63	318.409	2170.88	100	0.289223	45.1427	9.99634	9.99999	9.99999	0	10.712	10.7121	10.7121	0
3	23	16	11.5313	147.771	-58.2953	-498.63	340.446	2170.88	100	0.289331	45.1638	9.99581	9.99999	9.99999	0	10.712	10.7121	10.7121	0
3	23	17	11.7508	146.066	-56.6257	-498.631	362.502	2170.89	100	0.289446	45.1865	9.99525	9.99999	9.99999	0	10.712	10.7121	10.7121	0
3	23	18	11.9801	144.424	-55.0191	-498.627	384.674	2170.87	100	0.289568	45.2104	9.99464	9.99999	9.99999	0	10.712	10.7121	10.7121	0
3	23	19	12.4655	141.325	-51.9904	-498.629	407.127	2170.89	100	0.205885	90.0002	9.99333	9.99998	9.99998	0	10.712	11.4242	11.4242	0
3	23	20	12.9837	138.463	-49.198	-498.62	429.975	2170.84	100	0.206304	90.0001	9.99186	9.99998	9.99998	0	10.712	11.4242	11.4242	0
3	23	21	13.2539	137.115	-47.8859	-498.607	452.508	2170.77	100	0.290296	45.3528	9.99106	9.99999	9.99999	0	10.712	10.7121	10.7121	0
3	23	22	13.5308	135.822	-46.6274	-498.598	474.809	2170.71	100	0.290465	45.3858	9.99023	9.99999	9.99999	0	10.712	10.7121	10.7121	0
3	23	23	13.8141	134.58	-45.4204	-498.59	497.037	2170.67	100	0.290642	45.4204	9.98937	9.99999	9.99999	0	10.712	10.7121	10.7121	0
3	23	24	14.1034	133.387	-44.2629	-498.581	519.292	2170.62	100	0.290828	45.4564	9.98846	9.99999	9.99999	0	10.712	10.7121	10.7121	0
3	23	25	14.3984	132.242	-43.1529	-498.574	541.578	2170.58	100	0.29102	45.4939	9.98751	9.99999	9.99999	0	10.712	10.7121	10.7121	0
3	23	26	14.6986	131.142	-42.0883	-498.56	563.988	2170.51	100	0.291223	45.5326	9.98653	9.99999	9.99999	0	10.712	10.7121	10.7121	0
3	23	27	15.0038	130.085	-41.0672	-498.549	586.33	2170.44	100	0.291433	45.573	9.9855	9.99999	9.99999	0	10.712	10.7121	10.7121	0
3	23	28	15.3137	129.07	-40.0876	-498.536	608.702	2170.37	100	0.29165	45.6152	9.98443	9.99999	9.99999	0	10.712	10.7121	10.7121	0
3	23	29	15.628	128.095	-39.1476	-498.527	631.112	2170.32	100	0.291876	45.6586	9.98333	9.99999	9.99999	0	10.712	10.7121	10.7121	0
3	23	30	16.2688	126.256	-37.3792	-498.507	654.012	2170.22	100	0.209417	90	9.981	9.99998	9.99998	0	10.712	11.4242	11.4242	0
3	23	31	16.5948	125.389	-36.5473	-498.478	676.869	2170.05	100	0.292607	45.7985	9.97977	9.99999	9.99999	0	10.712	10.7121	10.7121	0
3	23	32	16.9243	124.554	-35.7482	-498.461	699.415	2169.96	100	0.292868	45.8479	9.9785	9.99999	9.99999	0	10.712	10.7121	10.7121	0
3	23	33	17.257	123.751	-34.9801	-498.447	722.006	2169.88	100	0.293137	45.899	9.97719	9.99999	9.99999	0	10.712	10.7121	10.7121	0
3	24	1	10.2	180	-90	-520.793	10.6548	2170.29	100	0.288098	45.1121	9.99989	9.99999	9.99999	0	10.7121	10.712	10.712	0
3	24	2	10.2081	177.697	-87.7336	-520.805	32.6689	2170.36	100	0.288507	45.0008	9.99988	9.99999	9.99999	0	10.712	10.7121	10.7121	0
3	24	3	10.2322	175.402	-85.4745	-520.817	54.5839	2170.42	100	0.288517	45.0029	9.99982	9.99999	9.99999	0	10.712	10.7121	10.7121	0
3	24	4	10.2724	173.12	-83.2295	-520.828	76.5021	2170.49	100	0.288535	45.0065	9.99973	9.99999	9.99999	0	10.712	10.7121	10.7121	0
3	24	5	10.3284	170.86	-81.0056	-520.839	98.4245	2170.55	100	0.288561	45.0113	9.9996	9.99999	9.99999	0	10.712	10.7121	10.7121	0
3	24	6	10.3999	168.627	-78.8091	-520.847	120.452	2170.59	100	0.288594	45.018	9.99944	9.99999	9.99999	0	10.712	10.7121	10.7121	0
3	24	7	10.4866	166.427	-76.6459	-520.856	142.386	2170.64	100	0.288634	45.0262	9.99924	9.99999	9.99999	0	10.712	10.7121	10.7121	0
3	24	8	10.5882	164.267	-74.5215	-520.863	164.327	2170.68	100	0.288681	45.0356	9.99901	9.99999	9.99999	0	10.712	10.7121	10.7121	0
3	24	9	10.7042	162.149	-72.4405	-520.87	186.277	2170.72	100	0.288736	45.0465	9.99874	9.99999	9.99999	0	10.712	10.7121	10.7121	0
3	24	10	10.8342	160.079	-70.4071	-520.875	208.336	2170.75	100	0.288798	45.0588	9.99843	9.99999	9.99999	0	10.712	10.7121	10.7121	0
3	24	11	10.9777	158.06	-68.4246	-520.879	230.305	2170.78	100	0.288869	45.0727	9.99808	9.99999	9.99999	0	10.712	10.7121	10.7121	0
3	24	12	11.1341	156.095	-66.4959	-520.883	252.286	2170.8	100	0.288946	45.0879	9.9977	9.99999	9.99999	0	10.712	10.7121	10.7121	0
3	24	13	11.303	154.186	-64.6231	-520.887	274.28	2170.82	100	0.289031	45.1046	9.99729	9.99999	9.99999	0	10.712	10.7121	10.7121	0
3	24	14	11.4837	152.334	-62.8077	-520.888	296.387	2170.82	100	0.289123	45.123	9.99683	9.99999	9.99999	0	10.712	10.7121	10.7121	0
3	24	15	11.6757	150.54	-61.0506	-520.888	318.409	2170.83	100	0.289222	45.1427	9.99634	9.99999	9.99999	0	10.712	10.7121	10.7121	0
3	24	16	11.8784	148.806	-59.3524	-520.888	340.446	2170.83	100	0.289332	45.1638	9.99581	9.99999	9.99999	0	10.712	10.7121	10.7121	0
3	24	17	12.0915	147.13	-57.713	-520.89	362.502	2170.84	100	0.289446	45.1863	9.99525	9.99999	9.99999	0	10.712	10.7121	10.7121	0
3	24	18	12.3142	145.512	-56.1321	-520.886	384.674	2170.82	100	0.289567	45.2104	9.99464	9.99999	9.99999	0	10.712	10.7121	10.7121	0
3	24	19	12.7866	142.45	-53.1425	-520.888	407.127	2170.83	100	0.205885	89.9999	9.99333	9.99998	9.99998	0	10.712	11.4242	11.4242	0
3	24	20	13.2918	139.609	-50.3748	-520.878	429.975	2170.79	100	0.206305	89.9999	9.99186	9.99998	9.99998	0	10.712	11.4242	11.4242	0
3	24	21	13.5556	138.268	-49.0706	-520.865	452.508	2170.72	100	0.290297	45.3528	9.99106	9.99999	9.99999	0	10.712	10.7121	10.7121	0
3	24	22	13.8263	136.978	-47.8172	-520.855	474.809	2170.66	100	0.290465	45.3859	9.99023	9.99999	9.99999	0	10.712	10.7121	10.7121	0
3	24	23	14.1034	135.737	-46.6131	-520.847	497.037	2170.62	100	0.290643	45.4204	9.98937	9.99999	9.99999	0	10.712	10.7121	10.7121	0
3	24	24	14.3867	134.544	-45.4564	-520.837	519.292	2170.57	100	0.290828	45.4564	9.98846	9.99999	9.99999	0	10.712	10.7121	10.7121	0
3	24	25	14.6757	133.396	-44.3452	-520.831	541.578	2170.53	100	0.291021	45.4938	9.98751	9.99999	9.99999	0	10.712	10.7121	10.7121	0
3	24	26	14.9701	132.292	-43.2779	-520.816	563.988	2170.46	100	0.291223	45.5329	9.98653	9.99999	9.99999	0	10.712	10.7121	10.7121	0
3	24	27	15.2697	131.23	-42.2526	-520.804	586.33	2170.39	100	0.291432	45.5734	9.9855	9.99999	9.99999	0	10.712	10.7121	10.7121	0
3	24	28	15.574	130.208	-41.2675	-520.791	608.702	2170.32	100	0.29165	45.6152	9.98443	9.99999	9.99999	0	10.712	10.7121	10.7121	0
3	24	29	15.8829	129.224	-40.3209	-520.781	631.112	2170.27	100	0.291876	45.6586	9.98333	9.99999	9.99999	0	10.712	10.7121	10.7121	0
3	24	30	16.5133	127.367	-38.5368	-520.761	654.012	2170.17	100	0.209416	89.9998	9.981	9.99998	9.99998	0	10.712	11.4242	11.4242	0
3	24	31	16.8343	126.489	-37.6959	-520.73	676.869	2170	100	0.292607	45.7983	9.97977	9.99999	9.99999	0	10.712	10.7121	10.7121	0
3	24	32	17.1589	125.643	-36.8872	-520.713	699.415	2169.91	100	0.292868	45.848	9.9785	9.99999	9.99999	0	10.712	10.7121	10.7121	0
3	24	33	17.4869	124.828	-36.1091	-520.699	722.006	2169.83	100	0.293137	45.8989	9.97719	9.99999	9.99999	0	10.712	10.7121	10.7121	0
3	25	1	10.608	180	-90	-543.079	10.6548	2170.25	100	0.288099	45.1121	9.99989	9.99999	9.99999	0	10.7121	10.712	10.712	0
3	25	2	10.6158	177.785	-87.8226	-543.092	32.6689	2170.32	100	0.288506	45.0007	9.99988	9.99999	9.99999	0	10.712	10.7121	10.7121	0
3	25	3	10.639	175.576	-85.6516	-543.104	54.5839	2170.39	100	0.288517	45.0029	9.99982	9.99999	9.99999	0	10.712	10.7121	10.7121	0
3	25	4	10.6776	173.38	-83.4933	-543.116	76.5021	2170.45	100	0.288535	45.0067	9.99973	9.99999	9.99999	0	10.712	10.7121	10.7121	0
3	25	5	10.7314	171.202	-81.3536	-543.127	98.4245	2170.51	100	0.288561	45.0115	9.9996	9.99999	9.99999	0	10.712	10.7121	10.7121	0
3	25	6	10.8002	169.049	-79.2384	-543.136	120.452	2170.56	100	0.288594	45.0182	9.99944	9.99999	9.99999	0	10.712	10.7121	10.7121	0
3	25	7	10.8836	166.926	-77.153	-543.144	142.386	2170.6	100	0.288633	45.0261	9.99924	9.99999	9.99999	0	10.712	10.7121	10.7121	0
3	25	8	10.9815	164.837	-75.1023	-543.152	164.327	2170.64	100	0.288682	45.0355	9.99901	9.99999	9.99999	0	10.712	10.7121	10.7121	0
3	25	9	11.0933	162.787	-73.0905	-543.159	186.277	2170.69	100	0.288737	45.0464	9.99874	9.99999	9.99999	0	10.712	10.7121	10.7121	0
3	25	10	11.2187	160.781	-71.1216	-543.164	208.336	2170.71	100	0.2888	45.0587	9.99843	9.99999	9.99999	0	10.712	10.7121	10.7121	0
3	25	11	11.3572	158.82	-69.1987	-543.169	230.305	2170.74	100	0.288869	45.0726	9.99808	9.99999	9.99999	0	10.712	10.7121	10.7121	0
3	25	12	11.5083	156.908	-67.3246	-543.173	252.286	2170.76	100	0.288946	45.0878	9.9977	9.99999	9.99999	0	10.712	10.7121	10.7121	0
3	25	13	11.6716	155.047	-65.5014	-543.177	274.28	2170.78	100	0.289031	45.1048	9.99729	9.99999	9.99999	0	10.712	10.7121	10.7121	0
3	25	14	11.8465	153.238	-63.7305	-543.177	296.387	2170.79	100	0.289123	45.123	9.99683	9.99999	9.99999	0	10.712	10.7121	10.7121	0
3	25	15	12.0326	151.482	-62.0132	-543.178	318.409	2170.79	100	0.289223	45.1426	9.99634	9.99999	9.99999	0	10.712	10.7121	10.7121	0
3	25	16	12.2293	149.781	-60.3501	-543.178	340.446	2170.8	100	0.289329	45.164	9.99581	9.99999	9.99999	0	10.712	10.7121	10.7121	0
3	25	17	12.4361	148.135	-58.7413	-543.179	362.502	2170.8	100	0.289445	45.1863	9.99525	9.99999	9.99999	0	10.712	10.7121	10.7121	0
3	25	18	12.6525	146.542	-57.1869	-543.175	384.674	2170.78	100	0.289569	45.2104	9.99464	9.99999	9.99999	0	10.712	10.7121	10.7121	0
3	25	19	13.1124	143.518	-54.2386	-543.178	407.127	2170.8	100	0.205884	90.0001	9.99333	9.99998	9.99998	0	10.712	11.4242	11.4242	0
3	25	20	13.6051	140.702	-51.4988	-543.168	429.975	2170.75	100	0.206304	89.9998	9.99186	9.99998	9.99998	0	10.712	11.4242	11.4242	0
3	25	21	13.8627	139.369	-50.2041	-543.154	452.508	2170.68	100	0.290296	45.353	9.99106	9.99999	9.99999	0	10.712	10.7121	10.7121	0
3	25	22	14.1272	138.085	-48.9578	-543.144	474.809	2170.63	100	0.290466	45.3858	9.99023	9.99999	9.99999	0	10.712	10.7121	10.7121	0
3	25	23	14.3984	136.847	-47.7584	-543.135	497.037	2170.58	100	0.290643	45.4203	9.98937	9.99999	9.99999	0	10.712	10.7121	10.7121	0
3	25	24	14.6757	135.655	-46.6042	-543.126	519.292	2170.53	100	0.290828	45.4564	9.98846	9.99999	9.99999	0	10.712	10.7121	10.7121	0
3	25	25	14.9589	134.506	-45.4938	-543.118	541.578	2170.5	100	0.291022	45.4939	9.98751	9.99999	9.99999	0	10.712	10.7121	10.7121	0
3	25	26	15.2476	133.4	-44.4256	-543.103	563.988	2170.42	100	0.291223	45.5328	9.98653	9.99999	9.99999	0	10.712	10.7121	10.7121	0
3	25	27	15.5415	132.334	-43.3978	-543.091	586.33	2170.36	100	0.291432	45.5733	9.9855	9.99999	9.99999	0	10.712	10.7121	10.7121	0
3	25	28	15.8404	131.307	-42.4091	-543.078	608.702	2170.29	100	0.29165	45.6153	9.98443	9.99999	9.99999	0	10.712	10.7121	10.7121	0
3	25	29	16.1439	130.317	-41.4577	-543.067	631.112	2170.24	100	0.291877	45.6586	9.98333	9.99999	9.99999	0	10.712	10.7121	10.7121	0
3	25	30	16.7639	128.444	-39.6611	-543.046	654.012	2170.13	100	0.209416	89.9998	9.981	9.99998	9.99998	0	10.712	11.4242	11.4242	0
3	25	31	17.08	127.557	-38.8128	-543.014	676.869	2169.96	100	0.292607	45.7984	9.97977	9.99999	9.99999	0	10.712	10.7121	10.7121	0
3	26	1	11.016	180	-90	-565.488	10.6548	2170.17	100	0.288096	45.1117	9.99989	9.99999	9.99999	0	10.7121	10.712	10.712	0
3	26	2	11.0235	177.866	-87.9051	-565.502	32.6689	2170.24	100	0.288505	45.0009	9.99988	9.99999	9.99999	0	10.712	10.7121	10.7121	0
3	26	3	11.0458	175.737	-85.8159	-565.515	54.5839	2170.31	100	0.288517	45.0029	9.99982	9.99999	9.99999	0	10.712	10.7121	10.7121	0
3	26	4	11.083	173.62	-83.738	-565.527	76.5021	2170.37	100	0.288535	45.0065	9.99973	9.99999	9.99999	0	10.712	10.7121	10.7121	0
3	26	5	11.1348	171.519	-81.6768	-565.538	98.4245	2170.43	100	0.28856	45.0117	9.9996	9.99999	9.99999	0	10.712	10.7121	10.7121	0
3	26	6	11.201	169.441	-79.6374	-565.548	120.452	2170.48	100	0.288594	45.0182	9.99944	9.99999	9.99999	0	10.712	10.7121	10.7121	0
3	26	7	11.2814	167.389	-77.6248	-565.556	142.386	2170.52	100	0.288633	45.0262	9.99924	9.99999	9.99999	0	10.712	10.7121	10.7121	0
3	26	8	11.3758	165.368	-75.6433	-565.564	164.327	2170.57	100	0.288682	45.0355	9.99901	9.99999	9.99999	0	10.712	10.7121	10.7121	0
3	26	9	11.4837	163.382	-73.697	-565.572	186.277	2170.61	100	0.288737	45.0465	9.99874	9.99999	9.99999	0	10.712	10.7121	10.7121	0
3	26	10	11.6047	161.435	-71.7893	-565.577	208.336	2170.63	100	0.288798	45.0588	9.99843	9.99999	9.99999	0	10.712	10.7121	10.7121	0
3	26	11	11.7385	159.53	-69.9233	-565.582	230.305	2170.66	100	0.288869	45.0729	9.99808	9.99999	9.99999	0	10.712	10.7121	10.7121	0
3	26	12	11.8847	157.669	-68.1017	-565.586	252.286	2170.68	100	0.288945	45.088	9.9977	9.99999	9.99999	0	10.712	10.7121	10.7121	0
3	26	13	12.0427	155.854	-66.3264	-565.591	274.28	2170.71	100	0.28903	45.1047	9.99729	9.99999	9.99999	0	10.712	10.7121	10.7121	0
3	26	14	12.2122	154.087	-64.5991	-565.591	296.387	2170.71	100	0.289123	45.1229	9.99683	9.99999	9.99999	0	10.712	10.7121	10.7121	0
3	26	15	12.3926	152.37	-62.9209	-565.592	318.409	2170.72	100	0.289224	45.1427	9.99634	9.99999	9.99999	0	10.712	10.7121	10.7121	0
3	26	16	12.5835	150.702	-61.2927	-565.592	340.446	2170.72	100	0.28933	45.1639	9.99581	9.99999	9.99999	0	10.712	10.7121	10.7121	0
3	26	17	12.7844	149.085	-59.7148	-565.593	362.502	2170.72	100	0.289445	45.1863	9.99525	9.99999	9.99999	0	10.712	10.7121	10.7121	0
3	26	18	12.9948	147.518	-58.1873	-565.589	384.674	2170.7	100	0.289567	45.2103	9.99464	9.99999	9.99999	0	10.712	10.7121	10.7121	0
3	26	19	13.4426	144.534	-55.2822	-565.591	407.127	2170.72	100	0.205884	90.0001	9.99333	9.99998	9.99998	0	10.712	11.4242	11.4242	0
3	26	20	13.9232	141.745	-52.5728	-565.581	429.975	2170.67	100	0.206306	89.9999	9.99186	9.99998	9.99998	0	10.712	11.4242	11.4242	0
3	26	21	14.1748	140.422	-51.2891	-565.567	452.508	2170.6	100	0.290296	45.3529	9.99106	9.99999	9.99999	0	10.712	10.7121	10.7121	0
3	26	22	14.4334	139.144	-50.0514	-565.556	474.809	2170.55	100	0.290465	45.3861	9.99023	9.99999	9.99999	0	10.712	10.7121	10.7121	0
3	26	23	14.6986	137.912	-48.8582	-565.547	497.037	2170.5	100	0.290642	45.4203	9.98937	9.99999	9.99999	0	10.712	10.7121	10.7121	0
3	26	24	14.9701	136.722	-47.7083	-565.537	519.292	2170.45	100	0.290827	45.4564	9.98846	9.99999	9.99999	0	10.712	10.7121	10.7121	0
3	26	25	15.2476	135.574	-46.6003	-565.53	541.578	2170.42	100	0.291021	45.4938	9.98751	9.99999	9.99999	0	10.712	10.7121	10.7121	0
3	26	26	15.5307	134.467	-45.5328	-565.514	563.988	2170.34	100	0.291222	45.5328	9.98653	9.99999	9.99999	0	10.712	10.7121	10.7121	0
3	26	27	15.8191	133.399	-44.5043	-565.502	586.33	2170.28	100	0.291433	45.5732	9.9855	9.99999	9.99999	0	10.712	10.7121	10.7121	0
3	26	28	16.1126	132.369	-43.5135	-565.488	608.702	2170.21	100	0.29165	45.6152	9.98443	9.99999	9.99999	0	10.712	10.7121	10.7121	0
3	26	29	16.4108	131.374	-42.5589	-565.477	631.112	2170.16	100	0.291878	45.6587	9.98333	9.99999	9.99999	0	10.712	10.7121	10.7121	0
3	26	30	17.0205	129.488	-40.7528	-565.455	654.012	2170.05	100	0.209416	90.0001	9.981	9.99998	9.99998	0	10.712	11.4242	11.4242	0
3	26	31	17.3316	128.594	-39.8986	-565.422	676.869	2169.89	100	0.292608	45.7983	9.97977	9.99999	9.99999	0	10.712	10.7121	10.7121	0
3	27	1	11.424	180	-90	-587.83	10.6548	2170.11	100	0.288098	45.112	9.99989	9.99999	9.99999	0	10.7121	10.712	10.712	0
3	27	2	11.4312	177.941	-87.9818	-587.844	32.6689	2170.18	100	0.288505	45.0006	9.99988	9.99999	9.99999	0	10.712	10.7121	10.7121	0
3	27	3	11.4527	175.887	-85.9686	-587.857	54.5839	2170.24	100	0.288518	45.0029	9.99982	9.99999	9.99999	0	10.712	10.7121	10.7121	0
3	27	4	11.4885	173.843	-83.9656	-587.87	76.5021	2170.31	100	0.288535	45.0064	9.99973	9.99999	9.99999	0	10.712	10.7121	10.7121	0
3	27	5	11.5384	171.814	-81.9776	-587.882	98.4245	2170.36	100	0.288561	45.0118	9.9996	9.99999	9.99999	0	10.712	10.7121	10.7121	0
3	27	6	11.6023	169.805	-80.0092	-587.891	120.452	2170.41	100	0.288593	45.0182	9.99944	9.99999	9.99999	0	10.712	10.7121	10.7121	0
3	27	7	11.6799	167.82	-78.0648	-587.901	142.386	2170.46	100	0.288634	45.0262	9.99924	9.99999	9.99999	0	10.712	10.7121	10.7121	0
3	27	8	11.771	165.863	-76.1485	-587.909	164.327	2170.5	100	0.288681	45.0355	9.99901	9.99999	9.99999	0	10.712	10.7121	10.7121	0
3	27	9	11.8752	163.937	-74.264	-587.917	186.277	2170.54	100	0.288737	45.0465	9.99874	9.99999	9.99999	0	10.712	10.7121	10.7121	0
3	27	10	11.9922	162.047	-72.4145	-587.922	208.336	2170.57	100	0.288799	45.0588	9.99843	9.99999	9.99999	0	10.712	10.7121	10.7121	0
3	27	11	12.1216	160.195	-70.6028	-587.927	230.305	2170.59	100	0.288868	45.0725	9.99808	9.99999	9.99999	0	10.712	10.7121	10.7121	0
3	27	12	12.263	158.382	-68.8316	-587.931	252.286	2170.62	100	0.288946	45.0879	9.9977	9.99999	9.99999	0	10.712	10.7121	10.7121	0
3	27	13	12.4161	156.613	-67.1026	-587.936	274.28	2170.64	100	0.289031	45.1046	9.99729	9.99999	9.99999	0	10.712	10.7121	10.7121	0
3	27	14	12.5804	154.887	-65.4177	-587.936	296.387	2170.64	100	0.289122	45.1227	9.99683	9.99999	9.99999	0	10.712	10.7121	10.7121	0
3	27	15	12.7554	153.206	-63.7779	-587.937	318.409	2170.65	100	0.289224	45.1426	9.99634	9.99999	9.99999	0	10.712	10.7121	10.7121	0
3	27	16	12.9408	151.572	-62.1842	-587.937	340.446	2170.65	100	0.28933	45.1637	9.99581	9.99999	9.99999	0	10.712	10.7121	10.7121	0
3	27	17	13.1361	149.983	-60.6372	-587.939	362.502	2170.66	100	0.289444	45.1863	9.99525	9.99999	9.99999	0	10.712	10.7121	10.7121	0
3	27	18	13.3408	148.442	-59.1369	-587.934	384.674	2170.64	100	0.289568	45.2106	9.99464	9.99999	9.99999	0	10.712	10.7121	10.7121	0
3	27	19	13.7769	145.5	-56.2763	-587.937	407.127	2170.65	100	0.205884	90	9.99333	9.99998	9.99998	0	10.712	11.4242	11.4242	0
3	27	20	14.2458	142.741	-53.5994	-587.926	429.975	2170.61	100	0.206304	89.9999	9.99186	9.99998	9.99998	0	10.712	11.4242	11.4242	0
3	27	21	14.4915	141.428	-52.328	-587.912	452.508	2170.54	100	0.290296	45.353	9.99106	9.99999	9.99999	0	10.712	10.7121	10.7121	0
3	27	22	14.7443	140.159	-51.1001	-587.9	474.809	2170.48	100	0.290465	45.386	9.99023	9.99999	9.99999	0	10.712	10.7121	10.7121	0
3	27	23	15.0038	138.933	-49.9146	-587.891	497.037	2170.44	100	0.290642	45.4204	9.98937	9.99999	9.99999	0	10.712	10.7121	10.7121	0
3	27	24	15.2697	137.747	-48.7704	-587.881	519.292	2170.39	100	0.290828	45.4563	9.98846	9.99999	9.99999	0	10.712	10.7121	10.7121	0
3	27	25	15.5415	136.602	-47.6662	-587.873	541.578	2170.35	100	0.29102	45.4939	9.98751	9.99999	9.99999	0	10.712	10.7121	10.7121	0
3	27	26	15.8191	135.496	-46.6009	-587.857	563.988	2170.28	100	0.291223	45.5327	9.98653	9.99999	9.99999	0	10.712	10.7121	10.7121	0
3	27	27	16.1021	134.427	-45.5732	-587.844	586.33	2170.21	100	0.291433	45.5732	9.9855	9.99999	9.99999	0	10.712	10.7121	10.7121	0
3	27	28	16.3902	133.394	-44.5818	-587.83	608.702	2170.15	100	0.29165	45.6152	9.98443	9.99999	9.99999	0	10.712	10.7121	10.7121	0
3	27	29	16.6832	132.397	-43.6255	-587.818	631.112	2170.09	100	0.291875	45.6587	9.98333	9.99999	9.99999	0	10.712	10.7121	10.7121	0
3	28	1	11.832	180	-90	-610.203	10.6548	2170.04	100	0.288097	45.1118	9.99989	9.99999	9.99999	0	10.7121	10.712	10.712	0
3	28	2	11.8389	178.011	-88.0532	-610.217	32.6689	2170.11	100	0.288506	45.0007	9.99988	9.99999	9.99999	0	10.712	10.7121	10.7121	0
3	28	3	11.8597	176.026	-86.111	-610.231	54.5839	2170.17	100	0.288517	45.003	9.99982	9.99999	9.99999	0	10.712	10.7121	10.7121	0
3	28	4	11.8942	174.051	-84.1779	-610.244	76.5021	2170.24	100	0.288535	45.0063	9.99973	9.99999	9.99999	0	10.712	10.7121	10.7121	0
3	28	5	11.9424	172.089	-82.2583	-610.256	98.4245	2170.29	100	0.28856	45.0119	9.9996	9.99999	9.99999	0	10.712	10.7121	10.7121	0
3	28	6	12.0041	170.145	-80.3564	-610.266	120.452	2170.34	100	0.288593	45.0182	9.99944	9.99999	9.99999	0	10.712	10.7121	10.7121	0
3	28	7	12.0791	168.222	-78.4762	-610.276	142.386	2170.39	100	0.288634	45.0263	9.99924	9.99999	9.99999	0	10.712	10.7121	10.7121	0
3	28	8	12.167	166.325	-76.6214	-610.284	164.327	2170.43	100	0.288681	45.0354	9.99901	9.99999	9.99999	0	10.712	10.7121	10.7121	0
3	28	9	12.2678	164.457	-74.7953	-610.293	186.277	2170.47	100	0.288737	45.0467	9.99874	9.99999	9.99999	0	10.712	10.7121	10.7121	0
3	28	10	12.3809	162.62	-73.001	-610.298	208.336	2170.5	100	0.288798	45.0589	9.99843	9.99999	9.99999	0	10.712	10.7121	10.7121	0
3	28	11	12.5062	160.818	-71.2412	-610.304	230.305	2170.52	100	0.288868	45.0727	9.99808	9.99999	9.99999	0	10.712	10.7121	10.7121	0
3	28	12	12.6432	159.053	-69.5183	-610.308	252.286	2170.54	100	0.288946	45.0879	9.9977	9.99999	9.99999	0	10.712	10.7121	10.7121	0
3	28	13	12.7916	157.326	-67.8341	-610.313	274.28	2170.57	100	0.289031	45.1047	9.99729	9.99999	9.99999	0	10.712	10.7121	10.7121	0
3	28	14	12.951	155.64	-66.1903	-610.313	296.387	2170.57	100	0.289122	45.1231	9.99683	9.99999	9.99999	0	10.712	10.7121	10.7121	0
3	28	15	13.1209	153.996	-64.5881	-610.314	318.409	2170.58	100	0.289223	45.1427	9.99634	9.99999	9.99999	0	10.712	10.7121	10.7121	0
3	28	16	13.301	152.394	-63.0285	-610.314	340.446	2170.58	100	0.289331	45.1636	9.99581	9.99999	9.99999	0	10.712	10.7121	10.7121	0
3	28	17	13.4908	150.835	-61.5121	-610.315	362.502	2170.59	100	0.289446	45.1863	9.99525	9.99999	9.99999	0	10.712	10.7121	10.7121	0
3	28	18	13.6901	149.32	-60.0391	-610.311	384.674	2170.57	100	0.289567	45.2104	9.99464	9.99999	9.99999	0	10.712	10.7121	10.7121	0
3	28	19	14.115	146.419	-57.224	-610.313	407.127	2170.58	100	0.205883	90.0001	9.99333	9.99998	9.99998	0	10.712	11.4242	11.4242	0
3	28	20	14.5725	143.692	-54.5812	-610.303	429.975	2170.54	100	0.206305	90.0001	9.99186	9.99998	9.99998	0	10.712	11.4242	11.4242	0
3	28	21	14.8126	142.391	-53.3231	-610.288	452.508	2170.46	100	0.290295	45.353	9.99106	9.99999	9.99999	0	10.712	10.7121	10.7121	0
3	28	22	15.0598	141.132	-52.1061	-610.276	474.809	2170.41	100	0.290465	45.3859	9.99023	9.99999	9.99999	0	10.712	10.7121	10.7121	0
3	28	23	15.3137	139.912	-50.9295	-610.266	497.037	2170.37	100	0.290642	45.4205	9.98937	9.99999	9.99999	0	10.712	10.7121	10.7121	0
3	28	24	15.574	138.733	-49.7922	-610.256	519.292	2170.32	100	0.290828	45.4563	9.98846	9.99999	9.99999	0	10.712	10.7121	10.7121	0
3	28	25	15.8404	137.591	-48.6932	-610.248	541.578	2170.28	100	0.291021	45.494	9.98751	9.99999	9.99999	0	10.712	10.7121	10.7121	0
3	28	26	16.1126	136.486	-47.6315	-610.231	563.988	2170.21	100	0.291222	45.533	9.98653	9.99999	9.99999	0	10.712	10.7121	10.7121	0
3	28	27	16.3902	135.418	-46.6059	-610.218	586.33	2170.14	100	0.291433	45.5731	9.9855	9.99999	9.99999	0	10.712	10.7121	10.7121	0
3	28	28	16.6731	134.385	-45.6152	-610.203	608.702	2170.08	100	0.29165	45.6151	9.98443	9.99999	9.99999	0	10.712	10.7121	10.7121	0
3	28	29	16.9609	133.385	-44.6584	-610.191	631.112	2170.02	100	0.291876	45.6586	9.98333	9.99999	9.99999	0	10.712	10.7121	10.7121	0
3	29	1	12.24	180	-90	-632.613	10.6548	2169.98	100	0.288098	45.112	9.99989	9.99999	9.99999	0	10.7121	10.712	10.712	0
3	29	2	12.2467	178.076	-88.12	-632.628	32.6689	2170.05	100	0.288505	45.0006	9.99988	9.99999	9.99999	0	10.712	10.7121	10.7121	0
3	29	3	12.2668	176.157	-86.2441	-632.642	54.5839	2170.12	100	0.288515	45.0027	9.99982	9.99999	9.99999	0	10.712	10.7121	10.7121	0
3	29	4	12.3001	174.245	-84.3764	-632.655	76.5021	2170.18	100	0.288535	45.0065	9.99973	9.99999	9.99999	0	10.712	10.7121	10.7121	0
3	29	5	12.3467	172.346	-82.5209	-632.668	98.4245	2170.24	100	0.288561	45.0116	9.9996	9.99999	9.99999	0	10.712	10.7121	10.7121	0
3	29	6	12.4063	170.463	-80.6814	-632.678	120.452	2170.29	100	0.288593	45.0182	9.99944	9.99999	9.99999	0	10.712	10.7121	10.7121	0
3	29	7	12.4787	168.599	-78.8616	-632.688	142.386	2170.33	100	0.288634	45.0261	9.99924	9.99999	9.99999	0	10.712	10.7121	10.7121	0
3	29	8	12.5638	166.758	-77.0648	-632.697	164.327	2170.38	100	0.288681	45.0356	9.99901	9.99999	9.99999	0	10.712	10.7121	10.7121	0
3	29	9	12.6613	164.944	-75.2941	-632.706	186.277	2170.42	100	0.288738	45.0466	9.99874	9.99999	9.99999	0	10.712	10.7121	10.7121	0
3	29	10	12.7709	163.158	-73.5523	-632.711	208.336	2170.44	100	0.288799	45.059	9.99843	9.99999	9.99999	0	10.712	10.7121	10.7121	0
3	29	11	12.8922	161.404	-71.8421	-632.717	230.305	2170.47	100	0.28887	45.0725	9.99808	9.99999	9.99999	0	10.712	10.7121	10.7121	0
3	29	12	13.0251	159.684	-70.1655	-632.721	252.286	2170.49	100	0.288946	45.088	9.9977	9.99999	9.99999	0	10.712	10.7121	10.7121	0
3	29	13	13.169	157.999	-68.5245	-632.726	274.28	2170.51	100	0.289031	45.1045	9.99729	9.99999	9.99999	0	10.712	10.7121	10.7121	0
3	29	14	13.3237	156.351	-66.9206	-632.727	296.387	2170.52	100	0.289124	45.1231	9.99683	9.99999	9.99999	0	10.712	10.7121	10.7121	0
3	29	15	13.4888	154.742	-65.3551	-632.728	318.409	2170.52	100	0.289223	45.1425	9.99634	9.99999	9.99999	0	10.712	10.7121	10.7121	0
3	29	16	13.6638	153.172	-63.8289	-632.728	340.446	2170.53	100	0.28933	45.1637	9.99581	9.99999	9.99999	0	10.712	10.7121	10.7121	0
3	29	17	13.8485	151.642	-62.3428	-632.729	362.502	2170.53	100	0.289445	45.1863	9.99525	9.99999	9.99999	0	10.712	10.7121	10.7121	0
3	29	18	14.0425	150.153	-60.8971	-632.725	384.674	2170.51	100	0.289566	45.2104	9.99464	9.99999	9.99999	0	10.712	10.7121	10.7121	0
3	29	19	14.4566	147.296	-58.128	-632.727	407.127	2170.53	100	0.205885	90	9.99333	9.99998	9.99998	0	10.712	11.4242	11.4242	0
3	29	20	14.9032	144.6	-55.5206	-632.716	429.975	2170.48	100	0.206305	90.0002	9.99186	9.99998	9.99998	0	10.712	11.4242	11.4242	0
3	29	21	15.1379	143.312	-54.2766	-632.701	452.508	2170.41	100	0.290296	45.353	9.99106	9.99999	9.99999	0	10.712	10.7121	10.7121	0
3	29	22	15.3796	142.063	-53.0716	-632.688	474.809	2170.36	100	0.290465	45.3859	9.99023	9.99999	9.99999	0	10.712	10.7121	10.7121	0
3	29	23	15.628	140.852	-51.9048	-632.679	497.037	2170.31	100	0.290642	45.4205	9.98937	9.99999	9.99999	0	10.712	10.7121	10.7121	0
3	29	24	15.8829	139.679	-50.7756	-632.668	519.292	2170.26	100	0.290827	45.4563	9.98846	9.99999	9.99999	0	10.712	10.7121	10.7121	0
3	29	25	16.1439	138.542	-49.6829	-632.659	541.578	2170.23	100	0.291022	45.4939	9.98751	9.99999	9.99999	0	10.712	10.7121	10.7121	0
3	29	26	16.4108	137.441	-48.6259	-632.642	563.988	2170.15	100	0.291222	45.5329	9.98653	9.99999	9.99999	0	10.712	10.7121	10.7121	0
3	29	27	16.6832	136.375	-47.6035	-632.628	586.33	2170.09	100	0.291432	45.5734	9.9855	9.99999	9.99999	0	10.712	10.7121	10.7121	0
3	29	28	16.9609	135.342	-46.6148	-632.613	608.702	2170.02	100	0.291651	45.6154	9.98443	9.99999	9.99999	0	10.712	10.7121	10.7121	0
3	30	1	13.056	180	-90	-655.859	10.6548	2169.8	100	0.288097	45.1119	9.99989	9.99999	9.99999	0	10.7121	10.712	10.712	0
3	30	2	13.0623	178.194	-88.2412	-655.876	32.6689	2169.87	100	0.288505	45.0009	9.99988	9.99999	9.99999	0	10.712	10.7121	10.7121	0
3	30	3	13.081	176.392	-86.4857	-655.891	54.5839	2169.93	100	0.288516	45.003	9.99982	9.99999	9.99999	0	10.712	10.7121	10.7121	0
3	30	4	13.1123	174.597	-84.7371	-655.905	76.5021	2169.99	100	0.288535	45.0065	9.99973	9.99999	9.99999	0	10.712	10.7121	10.7121	0
3	30	5	13.1558	172.812	-82.9984	-655.918	98.4245	2170.05	100	0.288561	45.0115	9.9996	9.99999	9.99999	0	10.712	10.7121	10.7121	0
3	30	6	13.2117	171.04	-81.273	-655.93	120.452	2170.1	100	0.288593	45.0183	9.99944	9.99999	9.99999	0	10.712	10.7121	10.7121	0
3	30	7	13.2796	169.284	-79.5638	-655.94	142.386	2170.15	100	0.288634	45.0261	9.99924	9.99999	9.99999	0	10.712	10.7121	10.7121	0
3	30	8	13.3594	167.547	-77.8737	-655.949	164.327	2170.19	100	0.288682	45.0355	9.99901	9.99999	9.99999	0	10.712	10.7121	10.7121	0
3	30	9	13.4509	165.832	-76.2053	-655.959	186.277	2170.23	100	0.288736	45.0466	9.99874	9.99999	9.99999	0	10.712	10.7121	10.7121	0
3	30	10	13.5539	164.141	-74.5611	-655.965	208.336	2170.25	100	0.288799	45.0588	9.99843	9.99999	9.99999	0	10.712	10.7121	10.7121	0
3	30	11	13.6681	162.476	-72.9433	-655.971	230.305	2170.28	100	0.288869	45.0726	9.99808	9.99999	9.99999	0	10.712	10.7121	10.7121	0
3	30	12	13.7932	160.84	-71.3538	-655.975	252.286	2170.3	100	0.288945	45.0881	9.9977	9.99999	9.99999	0	10.712	10.7121	10.7121	0
3	30	13	13.9289	159.234	-69.7944	-655.981	274.28	2170.33	100	0.289031	45.1048	9.99729	9.99999	9.99999	0	10.712	10.7121	10.7121	0
3	30	14	14.0749	157.659	-68.2666	-655.981	296.387	2170.33	100	0.289123	45.1229	9.99683	9.99999	9.99999	0	10.712	10.7121	10.7121	0
3	30	15	14.2309	156.117	-66.7715	-655.982	318.409	2170.34	100	0.289223	45.1425	9.99634	9.99999	9.99999	0	10.712	10.7121	10.7121	0
3	30	16	14.3966	154.609	-65.3102	-655.982	340.446	2170.34	100	0.28933	45.164	9.99581	9.99999	9.99999	0	10.712	10.7121	10.7121	0
3	30	17	14.5717	153.136	-63.8834	-655.984	362.502	2170.34	100	0.289445	45.1863	9.99525	9.99999	9.99999	0	10.712	10.7121	10.7121	0
3	30	18	14.7557	151.697	-62.4918	-655.979	384.674	2170.32	100	0.289569	45.2104	9.99464	9.99999	9.99999	0	10.712	10.7121	10.7121	0
3	30	19	15.1495	148.927	-59.8152	-655.982	407.127	2170.34	100	0.205884	90	9.99333	9.99998	9.99998	0	10.712	11.4242	11.4242	0
3	30	20	15.5754	146.299	-57.2812	-655.97	429.975	2170.29	100	0.206305	90	9.99186	9.99998	9.99998	0	10.712	11.4242	11.4242	0
3	30	21	15.7996	145.038	-56.0674	-655.954	452.508	2170.22	100	0.290297	45.353	9.99106	9.99999	9.99999	0	10.712	10.7121	10.7121	0
3	30	22	16.0308	143.812	-54.8884	-655.941	474.809	2170.17	100	0.290465	45.386	9.99023	9.99999	9.99999	0	10.712	10.7121	10.7121	0
3	30	23	16.2688	142.621	-53.744	-655.93	497.037	2170.13	100	0.290643	45.4202	9.98937	9.99999	9.99999	0	10.712	10.7121	10.7121	0
3	30	24	16.5133	141.463	-52.6335	-655.918	519.292	2170.08	100	0.290827	45.4563	9.98846	9.99999	9.99999	0	10.712	10.7121	10.7121	0
3	30	25	16.7639	140.339	-51.5562	-655.91	541.578	2170.04	100	0.291021	45.4938	9.98751	9.99999	9.99999	0	10.712	10.7121	10.7121	0
3	30	26	17.0205	139.247	-50.5116	-655.892	563.988	2169.97	100	0.291223	45.5329	9.98653	9.99999	9.99999	0	10.712	10.7121	10.7121	0
3	31	1	13.464	180	-90	-678.369	10.6548	2169.71	100	0.288097	45.1118	9.99989	9.99999	9.99999	0	10.7121	10.712	10.712	0
3	31	2	13.4701	178.248	-88.2964	-678.386	32.6689	2169.78	100	0.288507	45.0007	9.99988	9.99999	9.99999	0	10.712	10.7121	10.7121	0
3	31	3	13.4882	176.499	-86.5958	-678.401	54.5839	2169.84	100	0.288517	45.003	9.99982	9.99999	9.99999	0	10.712	10.7121	10.7121	0
3	31	4	13.5185	174.757	-84.9014	-678.416	76.5021	2169.9	100	0.288535	45.0064	9.99973	9.99999	9.99999	0	10.712	10.7121	10.7121	0
3	31	5	13.5607	173.024	-83.2162	-678.43	98.4245	2169.96	100	0.288561	45.0117	9.9996	9.99999	9.99999	0	10.712	10.7121	10.7121	0
3	31	6	13.6148	171.302	-81.543	-678.441	120.452	2170.01	100	0.288594	45.0182	9.99944	9.99999	9.99999	0	10.712	10.7121	10.7121	0
3	31	7	13.6807	169.596	-79.8846	-678.452	142.386	2170.06	100	0.288635	45.0262	9.99924	9.99999	9.99999	0	10.712	10.7121	10.7121	0
3	31	8	13.7581	167.906	-78.2436	-678.462	164.327	2170.1	100	0.288682	45.0357	9.99901	9.99999	9.99999	0	10.712	10.7121	10.7121	0
3	31	9	13.8469	166.237	-76.6226	-678.472	186.277	2170.14	100	0.288737	45.0465	9.99874	9.99999	9.99999	0	10.712	10.7121	10.7121	0
3	31	10	13.9468	164.59	-75.0237	-678.477	208.336	2170.16	100	0.288799	45.0589	9.99843	9.99999	9.99999	0	10.712	10.7121	10.7121	0
3	31	11	14.0577	162.967	-73.4491	-678.484	230.305	2170.19	100	0.288869	45.0726	9.99808	9.99999	9.99999	0	10.712	10.7121	10.7121	0
3	31	12	14.1792	161.37	-71.9005	-678.488	252.286	2170.21	100	0.288947	45.0879	9.9977	9.99999	9.99999	0	10.712	10.7121	10.7121	0
3	31	13	14.3111	159.801	-70.3797	-678.494	274.28	2170.24	100	0.28903	45.1048	9.99729	9.99999	9.99999	0	10.712	10.7121	10.7121	0
3	31	14	14.4531	158.261	-68.888	-678.494	296.387	2170.24	100	0.289124	45.1228	9.99683	9.99999	9.99999	0	10.712	10.7121	10.7121	0
3	31	15	14.6049	156.752	-67.4266	-678.496	318.409	2170.24	100	0.289222	45.1425	9.99634	9.99999	9.99999	0	10.712	10.7121	10.7121	0
3	31	16	14.7662	155.274	-65.9966	-678.496	340.446	2170.25	100	0.289331	45.1638	9.99581	9.99999	9.99999	0	10.712	10.7121	10.7121	0
3	31	17	14.9367	153.827	-64.5987	-678.497	362.502	2170.25	100	0.289445	45.1863	9.99525	9.99999	9.99999	0	10.712	10.7121	10.7121	0
3	31	18	15.1161	152.414	-63.2336	-678.492	384.674	2170.23	100	0.289567	45.2106	9.99464	9.99999	9.99999	0	10.712	10.7121	10.7121	0
3	31	19	15.5004	149.687	-60.6032	-678.495	407.127	2170.25	100	0.205885	90	9.99333	9.99998	9.99998	0	10.712	11.4242	11.4242	0
3	31	20	15.9164	147.094	-58.1068	-678.483	429.975	2170.2	100	0.206305	90.0002	9.99186	9.99998	9.99998	0	10.712	11.4242	11.4242	0
3	31	21	16.1356	145.847	-56.9087	-678.466	452.508	2170.13	100	0.290295	45.3528	9.99106	9.99999	9.99999	0	10.712	10.7121	10.7121	0
3	31	22	16.3618	144.633	-55.7436	-678.453	474.809	2170.08	100	0.290465	45.386	9.99023	9.99999	9.99999	0	10.712	10.7121	10.7121	0
3	31	23	16.5948	143.453	-54.6113	-678.442	497.037	2170.04	100	0.290643	45.4202	9.98937	9.99999	9.99999	0	10.712	10.7121	10.7121	0
3	31	24	16.8343	142.304	-53.5112	-678.43	519.292	2169.99	100	0.290827	45.4564	9.98846	9.99999	9.99999	0	10.712	10.7121	10.7121	0
3	31	25	17.08	141.187	-52.4429	-678.421	541.578	2169.95	100	0.291021	45.494	9.98751	9.99999	9.99999	0	10.712	10.7121	10.7121	0
3	31	26	17.3316	140.101	-51.4057	-678.402	563.988	2169.88	100	0.291223	45.5327	9.98653	9.99999	9.99999	0	10.712	10.7121	10.7121	0
3	32	1	13.872	180	-90	-700.915	10.6548	2169.61	100	0.288097	45.1118	9.99989	9.99999	9.99999	0	10.7121	10.712	10.712	0
3	32	2	13.8779	178.299	-88.3484	-700.933	32.6689	2169.68	100	0.288506	45.0008	9.99988	9.99999	9.99999	0	10.712	10.7121	10.7121	0
3	32	3	13.8955	176.6	-86.6995	-700.949	54.5839	2169.75	100	0.288516	45.0029	9.99982	9.99999	9.99999	0	10.712	10.7121	10.7121	0
3	32	4	13.9248	174.907	-85.0563	-700.964	76.5021	2169.81	100	0.288536	45.0063	9.99973	9.99999	9.99999	0	10.712	10.7121	10.7121	0
3	32	5	13.9658	173.223	-83.4215	-700.978	98.4245	2169.87	100	0.28856	45.0119	9.9996	9.99999	9.99999	0	10.712	10.7121	10.7121	0
3	32	6	14.0183	171.549	-81.7977	-700.99	120.452	2169.91	100	0.288593	45.0181	9.99944	9.99999	9.99999	0	10.712	10.7121	10.7121	0
3	32	7	14.0822	169.89	-80.1874	-701.001	142.386	2169.96	100	0.288633	45.0262	9.99924	9.99999	9.99999	0	10.712	10.7121	10.7121	0
3	32	8	14.1573	168.246	-78.5931	-701.011	164.327	2170	100	0.288682	45.0357	9.99901	9.99999	9.99999	0	10.712	10.7121	10.7121	0
3	32	9	14.2435	166.62	-77.0171	-701.021	186.277	2170.04	100	0.288738	45.0464	9.99874	9.99999	9.99999	0	10.712	10.7121	10.7121	0
3	32	10	14.3406	165.015	-75.4614	-701.027	208.336	2170.07	100	0.288798	45.059	9.99843	9.99999	9.99999	0	10.712	10.7121	10.7121	0
3	32	11	14.4483	163.432	-73.9281	-701.034	230.305	2170.09	100	0.288868	45.0727	9.99808	9.99999	9.99999	0	10.712	10.7121	10.7121	0
3	32	12	14.5664	161.872	-72.4187	-701.039	252.286	2170.11	100	0.288946	45.0878	9.9977	9.99999	9.99999	0	10.712	10.7121	10.7121	0
3	32	13	14.6947	160.339	-70.935	-701.044	274.28	2170.14	100	0.289031	45.1045	9.99729	9.99999	9.99999	0	10.712	10.7121	10.7121	0
3	32	14	14.8328	158.833	-69.4782	-701.045	296.387	2170.14	100	0.289122	45.1229	9.99683	9.99999	9.99999	0	10.712	10.7121	10.7121	0
3	32	15	14.9806	157.354	-68.0496	-701.046	318.409	2170.15	100	0.289223	45.1427	9.99634	9.99999	9.99999	0	10.712	10.7121	10.7121	0
3	32	16	15.1378	155.905	-66.6501	-701.046	340.446	2170.15	100	0.289329	45.1636	9.99581	9.99999	9.99999	0	10.712	10.7121	10.7121	0
3	32	17	15.3039	154.486	-65.2806	-701.048	362.502	2170.16	100	0.289445	45.1864	9.99525	9.99999	9.99999	0	10.712	10.7121	10.7121	0
3	32	18	15.4789	153.097	-63.9416	-701.043	384.674	2170.14	100	0.289568	45.2104	9.99464	9.99999	9.99999	0	10.712	10.7121	10.7121	0
3	32	19	15.8539	150.413	-61.357	-701.046	407.127	2170.15	100	0.205884	90	9.99333	9.99998	9.99998	0	10.712	11.4242	11.4242	0
3	32	20	16.2604	147.854	-58.8984	-701.033	429.975	2170.11	100	0.206306	90	9.99186	9.99998	9.99998	0	10.712	11.4242	11.4242	0
3	32	21	16.4748	146.622	-57.7164	-701.016	452.508	2170.04	100	0.290296	45.353	9.99106	9.99999	9.99999	0	10.712	10.7121	10.7121	0
3	32	22	16.6961	145.422	-56.5656	-701.002	474.809	2169.98	100	0.290465	45.3858	9.99023	9.99999	9.99999	0	10.712	10.7121	10.7121	0
3	32	23	16.9243	144.252	-55.4459	-700.991	497.037	2169.94	100	0.290643	45.4206	9.98937	9.99999	9.99999	0	10.712	10.7121	10.7121	0
3	32	24	17.1589	143.113	-54.3569	-700.979	519.292	2169.89	100	0.290828	45.4565	9.98846	9.99999	9.99999	0	10.712	10.7121	10.7121	0
3	33	1	14.28	180	-90	-723.507	10.6548	2169.54	100	0.288097	45.1118	9.99989	9.99999	9.99999	0	10.7121	10.712	10.712	0
3	33	2	14.2857	178.346	-88.3974	-723.524	32.6689	2169.61	100	0.288506	45.0005	9.99988	9.99999	9.99999	0	10.712	10.7121	10.7121	0
3	33	3	14.3028	176.695	-86.7975	-723.541	54.5839	2169.67	100	0.288516	45.0032	9.99982	9.99999	9.99999	0	10.712	10.7121	10.7121	0
3	33	4	14.3313	175.049	-85.2026	-723.556	76.5021	2169.73	100	0.288535	45.0068	9.99973	9.99999	9.99999	0	10.712	10.7121	10.7121	0
3	33	5	14.371	173.411	-83.6155	-723.571	98.4245	2169.79	100	0.288561	45.0118	9.9996	9.99999	9.99999	0	10.712	10.7121	10.7121	0
3	33	6	14.422	171.783	-82.0384	-723.583	120.452	2169.84	100	0.288593	45.0182	9.99944	9.99999	9.99999	0	10.712	10.7121	10.7121	0
3	33	7	14.484	170.167	-80.4738	-723.595	142.386	2169.88	100	0.288634	45.0262	9.99924	9.99999	9.99999	0	10.712	10.7121	10.7121	0
3	33	8	14.557	168.566	-78.9238	-723.605	164.327	2169.92	100	0.288682	45.0356	9.99901	9.99999	9.99999	0	10.712	10.7121	10.7121	0
3	33	9	14.6407	166.982	-77.3906	-723.615	186.277	2169.97	100	0.288737	45.0465	9.99874	9.99999	9.99999	0	10.712	10.7121	10.7121	0
3	33	10	14.735	165.416	-75.8762	-723.622	208.336	2169.99	100	0.2888	45.059	9.99843	9.99999	9.99999	0	10.712	10.7121	10.7121	0
3	33	11	14.8398	163.871	-74.3823	-723.628	230.305	2170.02	100	0.288869	45.0726	9.99808	9.99999	9.99999	0	10.712	10.7121	10.7121	0
3	33	12	14.9547	162.348	-72.9107	-723.633	252.286	2170.04	100	0.288946	45.0881	9.9977	9.99999	9.99999	0	10.712	10.7121	10.7121	0
3	33	13	15.0795	160.849	-71.4627	-723.639	274.28	2170.06	100	0.289031	45.1047	9.99729	9.99999	9.99999	0	10.712	10.7121	10.7121	0
3	33	14	15.214	159.375	-70.0397	-723.64	296.387	2170.07	100	0.289122	45.123	9.99683	9.99999	9.99999	0	10.712	10.7121	10.7121	0
3	33	15	15.3579	157.927	-68.6428	-723.641	318.409	2170.07	100	0.289222	45.1426	9.99634	9.99999	9.99999	0	10.712	10.7121	10.7121	0
3	33	16	15.5111	156.506	-67.273	-723.641	340.446	2170.07	100	0.28933	45.1639	9.99581	9.99999	9.99999	0	10.712	10.7121	10.7121	0
3	33	17	15.6731	155.113	-65.9311	-723.643	362.502	2170.08	100	0.289445	45.1865	9.99525	9.99999	9.99999	0	10.712	10.7121	10.7121	0
3	33	18	15.8438	153.748	-64.6178	-723.637	384.674	2170.06	100	0.289567	45.2106	9.99464	9.99999	9.99999	0	10.712	10.7121	10.7121	0
3	33	19	16.2099	151.106	-62.0787	-723.641	407.127	2170.08	100	0.205884	90.0002	9.99333	9.99998	9.99998	0	10.712	11.4242	11.4242	0
3	33	20	16.6072	148.583	-59.658	-723.628	429.975	2170.03	100	0.206305	90	9.99186	9.99998	9.99998	0	10.712	11.4242	11.4242	0
3	33	21	16.8169	147.366	-58.4922	-723.61	452.508	2169.96	100	0.290296	45.353	9.99106	9.99999	9.99999	0	10.712	10.7121	10.7121	0
3	33	22	17.0336	146.178	-57.3561	-723.596	474.809	2169.91	100	0.290465	45.3859	9.99023	9.99999	9.99999	0	10.712	10.7121	10.7121	0
3	33	23	17.257	145.02	-56.2494	-723.584	497.037	2169.86	100	0.290642	45.4203	9.98937	9.99999	9.99999	0	10.712	10.7121	10.7121	0
3	33	24	17.4869	143.891	-55.1719	-723.572	519.292	2169.81	100	0.290826	45.4566	9.98846	9.99999	9.99999	0	10.712	10.7121	10.7121	0
3	34	1	14.688	180	-90	-746.228	10.6548	2169.41	100	0.288097	45.1118	9.99989	9.99999	9.99999	0	10.7121	10.712	10.712	0
3	34	2	14.6935	178.391	-88.4439	-746.246	32.6689	2169.48	100	0.288505	45.0009	9.99988	9.99999	9.99999	0	10.712	10.7121	10.7121	0
3	34	3	14.7102	176.785	-86.8901	-746.263	54.5839	2169.54	100	0.288517	45.0028	9.99982	9.99999	9.99999	0	10.712	10.7121	10.7121	0
3	34	4	14.7378	175.183	-85.3411	-746.279	76.5021	2169.6	100	0.288533	45.0067	9.99973	9.99999	9.99999	0	10.712	10.7121	10.7121	0
3	34	5	14.7764	173.589	-83.799	-746.294	98.4245	2169.66	100	0.28856	45.0115	9.9996	9.99999	9.99999	0	10.712	10.7121	10.7121	0
3	34	6	14.8259	172.003	-82.2663	-746.307	120.452	2169.71	100	0.288593	45.018	9.99944	9.99999	9.99999	0	10.712	10.7121	10.7121	0
3	34	7	14.8862	170.429	-80.745	-746.319	142.386	2169.75	100	0.288634	45.0262	9.99924	9.99999	9.99999	0	10.712	10.7121	10.7121	0
3	34	8	14.9571	168.869	-79.2372	-746.329	164.327	2169.79	100	0.288681	45.0357	9.99901	9.99999	9.99999	0	10.712	10.7121	10.7121	0
3	34	9	15.0385	167.324	-77.7449	-746.34	186.277	2169.84	100	0.288736	45.0468	9.99874	9.99999	9.99999	0	10.712	10.7121	10.7121	0
3	34	10	15.1302	165.796	-76.2698	-746.346	208.336	2169.86	100	0.288799	45.0587	9.99843	9.99999	9.99999	0	10.712	10.7121	10.7121	0
3	34	11	15.2321	164.288	-74.8137	-746.353	230.305	2169.89	100	0.288869	45.073	9.99808	9.99999	9.99999	0	10.712	10.7121	10.7121	0
3	34	12	15.3439	162.799	-73.3782	-746.358	252.286	2169.91	100	0.288945	45.0881	9.9977	9.99999	9.99999	0	10.712	10.7121	10.7121	0
3	34	13	15.4655	161.333	-71.9646	-746.364	274.28	2169.93	100	0.289031	45.1048	9.99729	9.99999	9.99999	0	10.712	10.7121	10.7121	0
3	34	14	15.5965	159.89	-70.5742	-746.365	296.387	2169.93	100	0.289123	45.1231	9.99683	9.99999	9.99999	0	10.712	10.7121	10.7121	0
3	34	15	15.7368	158.471	-69.2081	-746.366	318.409	2169.94	100	0.289223	45.1426	9.99634	9.99999	9.99999	0	10.712	10.7121	10.7121	0
3	34	16	15.8861	157.078	-67.8672	-746.366	340.446	2169.94	100	0.289331	45.1637	9.99581	9.99999	9.99999	0	10.712	10.7121	10.7121	0
3	34	17	16.0441	155.71	-66.5524	-746.368	362.502	2169.95	100	0.289445	45.1864	9.99525	9.99999	9.99999	0	10.712	10.7121	10.7121	0
3	34	18	16.2107	154.369	-65.2642	-746.363	384.674	2169.93	100	0.289569	45.2106	9.99464	9.99999	9.99999	0	10.712	10.7121	10.7121	0
3	34	19	16.5683	151.769	-62.77	-746.366	407.127	2169.94	100	0.205884	89.9999	9.99333	9.99998	9.99998	0	10.712	11.4242	11.4242	0
3	34	20	16.9567	149.281	-60.3872	-746.353	429.975	2169.9	100	0.206306	90.0002	9.99186	9.99998	9.99998	0	10.712	11.4242	11.4242	0
3	34	21	17.1619	148.079	-59.2379	-746.334	452.508	2169.83	100	0.290296	45.3528	9.99106	9.99999	9.99999	0	10.712	10.7121	10.7121	0
3	34	22	17.374	146.905	-58.1166	-746.32	474.809	2169.78	100	0.290466	45.386	9.99023	9.99999	9.99999	0	10.712	10.7121	10.7121	0
3	35	1	15.096	180	-90	-768.893	10.6548	2169.3	100	0.288097	45.1118	9.99989	9.99999	9.99999	0	10.7121	10.712	10.712	0
3	35	2	15.1014	178.434	-88.4878	-768.912	32.6689	2169.37	100	0.288506	45.0008	9.99988	9.99999	9.99999	0	10.712	10.7121	10.7121	0
3	35	3	15.1175	176.87	-86.9778	-768.929	54.5839	2169.43	100	0.288517	45.0029	9.99982	9.99999	9.99999	0	10.712	10.7121	10.7121	0
3	35	4	15.1444	175.31	-85.4722	-768.946	76.5021	2169.49	100	0.288535	45.0065	9.99973	9.99999	9.99999	0	10.712	10.7121	10.7121	0
3	35	5	15.1819	173.757	-83.973	-768.961	98.4245	2169.55	100	0.28856	45.0116	9.9996	9.99999	9.99999	0	10.712	10.7121	10.7121	0
3	35	6	15.23	172.212	-82.4824	-768.974	120.452	2169.6	100	0.288593	45.0181	9.99944	9.99999	9.99999	0	10.712	10.7121	10.7121	0
3	35	7	15.2886	170.678	-81.0023	-768.986	142.386	2169.64	100	0.288634	45.0262	9.99924	9.99999	9.99999	0	10.712	10.7121	10.7121	0
3	35	8	15.3576	169.156	-79.5346	-768.997	164.327	2169.68	100	0.288682	45.0358	9.99901	9.99999	9.99999	0	10.712	10.7121	10.7121	0
3	35	9	15.4368	167.649	-78.0812	-769.008	186.277	2169.72	100	0.288736	45.0466	9.99874	9.99999	9.99999	0	10.712	10.7121	10.7121	0
3	35	10	15.5261	166.157	-76.6438	-769.015	208.336	2169.75	100	0.288798	45.0588	9.99843	9.99999	9.99999	0	10.712	10.7121	10.7121	0
3	35	11	15.6253	164.683	-75.224	-769.022	230.305	2169.77	100	0.288869	45.0726	9.99808	9.99999	9.99999	0	10.712	10.7121	10.7121	0
3	35	12	15.7341	163.228	-73.8231	-769.027	252.286	2169.8	100	0.288946	45.0881	9.9977	9.99999	9.99999	0	10.712	10.7121	10.7121	0
3	35	13	15.8525	161.794	-72.4427	-769.033	274.28	2169.82	100	0.28903	45.1045	9.99729	9.99999	9.99999	0	10.712	10.7121	10.7121	0
3	35	14	15.9802	160.38	-71.0838	-769.034	296.387	2169.82	100	0.289123	45.1229	9.99683	9.99999	9.99999	0	10.712	10.7121	10.7121	0
3	35	15	16.117	158.99	-69.7474	-769.035	318.409	2169.83	100	0.289222	45.1425	9.99634	9.99999	9.99999	0	10.712	10.7121	10.7121	0
3	35	16	16.2626	157.623	-68.4347	-769.035	340.446	2169.83	100	0.28933	45.1637	9.99581	9.99999	9.99999	0	10.712	10.7121	10.7121	0
3	35	17	16.4168	156.28	-67.1462	-769.037	362.502	2169.84	100	0.289445	45.1864	9.99525	9.99999	9.99999	0	10.712	10.7121	10.7121	0
3	35	18	16.5794	154.963	-65.8828	-769.032	384.674	2169.82	100	0.289568	45.2104	9.99464	9.99999	9.99999	0	10.712	10.7121	10.7121	0
3	35	19	16.9288	152.404	-63.4328	-769.035	407.127	2169.83	100	0.205884	90.0001	9.99333	9.99998	9.99998	0	10.712	11.4242	11.4242	0
3	35	20	17.3087	149.95	-61.0877	-769.021	429.975	2169.79	100	0.206305	90.0001	9.99186	9.99998	9.99998	0	10.712	11.4242	11.4242	0
3	36	1	15.504	180	-90	-791.6	10.6548	2169.18	100	0.288098	45.112	9.99989	9.99999	9.99999	0	10.7121	10.712	10.712	0
3	36	2	15.5092	178.474	-88.5295	-791.62	32.6689	2169.25	100	0.288505	45.0007	9.99988	9.99999	9.99999	0	10.712	10.7121	10.7121	0
3	36	3	15.5249	176.95	-87.0611	-791.638	54.5839	2169.31	100	0.288516	45.0029	9.99982	9.99999	9.99999	0	10.712	10.7121	10.7121	0
3	36	4	15.5511	175.43	-85.5966	-791.654	76.5021	2169.37	100	0.288535	45.0068	9.99973	9.99999	9.99999	0	10.712	10.7121	10.7121	0
3	36	5	15.5876	173.916	-84.1381	-791.67	98.4245	2169.43	100	0.288561	45.0116	9.9996	9.99999	9.99999	0	10.712	10.7121	10.7121	0
3	36	6	15.6344	172.41	-82.6875	-791.683	120.452	2169.48	100	0.288594	45.0182	9.99944	9.99999	9.99999	0	10.712	10.7121	10.7121	0
3	36	7	15.6914	170.913	-81.2466	-791.696	142.386	2169.53	100	0.288634	45.0261	9.99924	9.99999	9.99999	0	10.712	10.7121	10.7121	0
3	36	8	15.7585	169.428	-79.8172	-791.707	164.327	2169.57	100	0.288682	45.0355	9.99901	9.99999	9.99999	0	10.712	10.7121	10.7121	0
3	36	9	15.8356	167.957	-78.401	-791.718	186.277	2169.61	100	0.288736	45.0466	9.99874	9.99999	9.99999	0	10.712	10.7121	10.7121	0
3	36	10	15.9225	166.5	-76.9996	-791.725	208.336	2169.63	100	0.288799	45.0588	9.99843	9.99999	9.99999	0	10.712	10.7121	10.7121	0
3	36	11	16.0191	165.059	-75.6145	-791.732	230.305	2169.66	100	0.288869	45.0727	9.99808	9.99999	9.99999	0	10.712	10.7121	10.7121	0
3	36	12	16.1252	163.636	-74.247	-791.738	252.286	2169.68	100	0.288945	45.0881	9.9977	9.99999	9.99999	0	10.712	10.7121	10.7121	0
3	36	13	16.2406	162.232	-72.8985	-791.744	274.28	2169.7	100	0.28903	45.1047	9.99729	9.99999	9.99999	0	10.712	10.7121	10.7121	0
3	36	14	16.3651	160.847	-71.57	-791.745	296.387	2169.71	100	0.289122	45.1229	9.99683	9.99999	9.99999	0	10.712	10.7121	10.7121	0
3	36	15	16.4985	159.484	-70.2625	-791.746	318.409	2169.71	100	0.289223	45.1428	9.99634	9.99999	9.99999	0	10.712	10.7121	10.7121	0
3	36	16	16.6406	158.143	-68.9771	-791.746	340.446	2169.71	100	0.28933	45.1636	9.99581	9.99999	9.99999	0	10.712	10.7121	10.7121	0
3	36	17	16.7911	156.825	-67.7144	-791.748	362.502	2169.72	100	0.289445	45.1862	9.99525	9.99999	9.99999	0	10.712	10.7121	10.7121	0
3	36	18	16.95	155.53	-66.475	-791.742	384.674	2169.7	100	0.289567	45.2105	9.99464	9.99999	9.99999	0	10.712	10.7121	10.7121	0
3	37	1	15.912	180	-90	-814.359	10.6548	2169.09	100	0.288098	45.112	9.99989	9.99999	9.99999	0	10.7121	10.712	10.712	0
3	37	2	15.9171	178.512	-88.5692	-814.378	32.6689	2169.16	100	0.288506	45.0008	9.99988	9.99999	9.99999	0	10.712	10.7121	10.7121	0
3	37	3	15.9324	177.026	-87.1402	-814.397	54.5839	2169.22	100	0.288516	45.0028	9.99982	9.99999	9.99999	0	10.712	10.7121	10.7121	0
3	37	4	15.9578	175.544	-85.7149	-814.414	76.5021	2169.28	100	0.288535	45.0064	9.99973	9.99999	9.99999	0	10.712	10.7121	10.7121	0
3	37	5	15.9933	174.067	-84.2951	-814.43	98.4245	2169.34	100	0.28856	45.0117	9.9996	9.99999	9.99999	0	10.712	10.7121	10.7121	0
3	37	6	16.0389	172.597	-82.8826	-814.444	120.452	2169.39	100	0.288594	45.0184	9.99944	9.99999	9.99999	0	10.712	10.7121	10.7121	0
3	37	7	16.0944	171.137	-81.479	-814.457	142.386	2169.43	100	0.288634	45.0262	9.99924	9.99999	9.99999	0	10.712	10.7121	10.7121	0
3	37	8	16.1598	169.687	-80.0862	-814.468	164.327	2169.47	100	0.288681	45.0357	9.99901	9.99999	9.99999	0	10.712	10.7121	10.7121	0
3	37	9	16.2348	168.249	-78.7055	-814.48	186.277	2169.51	100	0.288737	45.0466	9.99874	9.99999	9.99999	0	10.712	10.7121	10.7121	0
3	37	10	16.3195	166.825	-77.3386	-814.487	208.336	2169.54	100	0.288799	45.0589	9.99843	9.99999	9.99999	0	10.712	10.7121	10.7121	0
3	37	11	16.4136	165.416	-75.9868	-814.494	230.305	2169.56	100	0.288869	45.0726	9.99808	9.99999	9.99999	0	10.712	10.7121	10.7121	0
3	37	12	16.5171	164.024	-74.6514	-814.5	252.286	2169.59	100	0.288946	45.0881	9.9977	9.99999	9.99999	0	10.712	10.7121	10.7121	0
3	37	13	16.6296	162.649	-73.3336	-814.506	274.28	2169.61	100	0.289031	45.1046	9.99729	9.99999	9.99999	0	10.712	10.7121	10.7121	0
3	37	14	16.751	161.293	-72.0344	-814.507	296.387	2169.61	100	0.289122	45.123	9.99683	9.99999	9.99999	0	10.712	10.7121	10.7121	0
3	37	15	16.8812	159.956	-70.7549	-814.508	318.409	2169.62	100	0.289224	45.1426	9.99634	9.99999	9.99999	0	10.712	10.7121	10.7121	0
3	37	16	17.0199	158.64	-69.496	-814.509	340.446	2169.62	100	0.28933	45.1638	9.99581	9.99999	9.99999	0	10.712	10.7121	10.7121	0
3	38	1	16.32	180	-90	-837.25	10.6548	2168.93	100	0.288097	45.1118	9.99989	9.99999	9.99999	0	10.7121	10.712	10.712	0
3	38	2	16.325	178.548	-88.6068	-837.27	32.6689	2169	100	0.288505	45.0006	9.99988	9.99999	9.99999	0	10.712	10.7121	10.7121	0
3	38	3	16.3398	177.098	-87.2154	-837.289	54.5839	2169.07	100	0.288516	45.0028	9.99982	9.99999	9.99999	0	10.712	10.7121	10.7121	0
3	38	4	16.3646	175.652	-85.8274	-837.307	76.5021	2169.13	100	0.288535	45.0066	9.99973	9.99999	9.99999	0	10.712	10.7121	10.7121	0
3	38	5	16.3992	174.21	-84.4444	-837.323	98.4245	2169.19	100	0.288561	45.0117	9.9996	9.99999	9.99999	0	10.712	10.7121	10.7121	0
3	38	6	16.4436	172.776	-83.0683	-837.337	120.452	2169.23	100	0.288595	45.0181	9.99944	9.99999	9.99999	0	10.712	10.7121	10.7121	0
3	38	7	16.4976	171.349	-81.7004	-837.35	142.386	2169.28	100	0.288633	45.026	9.99924	9.99999	9.99999	0	10.712	10.7121	10.7121	0
3	38	8	16.5613	169.933	-80.3424	-837.362	164.327	2169.32	100	0.288683	45.0354	9.99901	9.99999	9.99999	0	10.712	10.7121	10.7121	0
3	38	9	16.6345	168.528	-78.9958	-837.374	186.277	2169.36	100	0.288737	45.0464	9.99874	9.99999	9.99999	0	10.712	10.7121	10.7121	0
3	38	10	16.717	167.135	-77.6619	-837.381	208.336	2169.38	100	0.288799	45.0588	9.99843	9.99999	9.99999	0	10.712	10.7121	10.7121	0
3	38	11	16.8088	165.757	-76.342	-837.388	230.305	2169.41	100	0.288868	45.0728	9.99808	9.99999	9.99999	0	10.712	10.7121	10.7121	0
3	38	12	16.9097	164.394	-75.0374	-837.394	252.286	2169.43	100	0.288947	45.088	9.9977	9.99999	9.99999	0	10.712	10.7121	10.7121	0
3	38	13	17.0194	163.047	-73.7493	-837.401	274.28	2169.46	100	0.289031	45.1047	9.99729	9.99999	9.99999	0	10.712	10.7121	10.7121	0
3	38	14	17.138	161.717	-72.4785	-837.402	296.387	2169.46	100	0.289123	45.1229	9.99683	9.99999	9.99999	0	10.712	10.7121	10.7121	0
3	38	14	17.138	161.717	-72.4785	-837.402	296.387	2169.46	100	0.289123	45.1229	9.99683	9.99999	9.99999	0	10.712	10.7121	10.7121	0
3	39	1	16.728	180	-90	-860.091	10.6548	2168.8	100	0.288098	45.112	9.99989	9.99999	9.99999	0	10.7121	10.712	10.712	0
3	39	2	16.7328	178.583	-88.6427	-860.111	32.6689	2168.87	100	0.288506	45.0007	9.99988	9.99999	9.99999	0	10.712	10.7121	10.7121	0
3	39	3	16.7473	177.167	-87.2871	-860.131	54.5839	2168.94	100	0.288517	45.0029	9.99982	9.99999	9.99999	0	10.712	10.7121	10.7121	0
3	39	4	16.7714	175.755	-85.9346	-860.149	76.5021	2169	100	0.288535	45.0066	9.99973	9.99999	9.99999	0	10.712	10.7121	10.7121	0
3	39	5	16.8052	174.347	-84.5868	-860.166	98.4245	2169.05	100	0.288561	45.0118	9.9996	9.99999	9.99999	0	10.712	10.7121	10.7121	0
3	39	6	16.8484	172.945	-83.2453	-860.18	120.452	2169.1	100	0.288593	45.0179	9.99944	9.99999	9.99999	0	10.712	10.7121	10.7121	0
3	39	7	16.9011	171.552	-81.9115	-860.194	142.386	2169.15	100	0.288633	45.0262	9.99924	9.99999	9.99999	0	10.712	10.7121	10.7121	0
3	39	8	16.9632	170.167	-80.5869	-860.206	164.327	2169.19	100	0.288682	45.0356	9.99901	9.99999	9.99999	0	10.712	10.7121	10.7121	0
3	39	9	17.0345	168.793	-79.2728	-860.218	186.277	2169.23	100	0.288737	45.0463	9.99874	9.99999	9.99999	0	10.712	10.7121	10.7121	0
3	39	10	17.115	167.431	-77.9706	-860.225	208.336	2169.25	100	0.288799	45.0589	9.99843	9.99999	9.99999	0	10.712	10.7121	10.7121	0
3	40	1	17.136	180	-90	-882.979	10.6548	2168.67	100	0.288097	45.1118	9.99989	9.99999	9.99999	0	10.7121	10.712	10.712	0
3	40	2	17.1407	178.616	-88.677	-883	32.6689	2168.74	100	0.288506	45.0008	9.99988	9.99999	9.99999	0	10.712	10.7121	10.7121	0
3	40	3	17.1548	177.232	-87.3554	-883.02	54.5839	2168.8	100	0.288517	45.0027	9.99982	9.99999	9.99999	0	10.712	10.7121	10.7121	0
3	40	4	17.1784	175.852	-86.0368	-883.038	76.5021	2168.86	100	0.288535	45.0066	9.99973	9.99999	9.99999	0	10.712	10.7121	10.7121	0
3	40	5	17.2112	174.477	-84.7226	-883.056	98.4245	2168.92	100	0.288561	45.0116	9.9996	9.99999	9.99999	0	10.712	10.7121	10.7121	0
3	40	6	17.2534	173.107	-83.4142	-883.07	120.452	2168.97	100	0.288594	45.0182	9.99944	9.99999	9.99999	0	10.712	10.7121	10.7121	0
5	2	1	0	0	0	-165.15  	55.05	7600	0.0375	0	0	55	55	55	0.1375	55	378	0	0.75
5	3	1	0	0	0	-275.25  	55.05	7600	0.0375	0	0	55	55	55	0.1375	55	378	0	0.75
5	4	1	0	0	0	-385.35  	55.05	7600	0.0375	0	0	55	55	55	0.1375	55	378	0	0.75
5	5	1	0	0	0	-495.45  	55.05	7600	0.0375	0	0	55	55	55	0.1375	55	378	0	0.75
5	6	1	0	0	0	-605.55  	55.05	7600	0.0375	0	0	55	55	55	0.1375	55	378	0	0.75
5	7	1	0	0	0	-715.65  	55.05	7600	0.0375	0	0	55	55	55	0.1375	55	378	0	0.75
5	8	1	0	0	0	-825.75  	55.05	7600	0.0375	0	0	55	55	55	0.1375	55	378	0	0.75
5	9	1	0	0	0	-935.85  	55.05	7600	0.0375	0	0	55	55	55	0.1375	55	378	0	0.75
5	10	1	0	0	0	-1045.95  	55.05	7600	0.0375	0	0	55	55	55	0.1375	55	378	0	0.75
5	11	1	0	0	0	-1156.05  	55.05	7600	0.0375	0	0	55	55	55	0.1375	55	378	0	0.75
5	12	1	0	0	0	-1266.15  	55.05	7600	0.0375	0	0	55	55	55	0.1375	55	378	0	0.75
5	13	1	0	0	0	-1376.25  	55.05	7600	0.0375	0	0	55	55	55	0.1375	55	378	0	0.75
5	14	1	0	0	0	-1486.35  	55.05	7600	0.0375	0	0	55	55	55	0.1375	55	378	0	0.75
5	1	2	0	0	0	-55.05  	165.15	7600	0.0375	0	0	55	55	55	0.1375	55	378	0	0.75
5	2	2	0	0	0	-165.15  	165.15	7600	0.0375	0	0	55	55	55	0.1375	55	378	0	0.75
5	3	2	0	0	0	-275.25  	165.15	7600	0.0375	0	0	55	55	55	0.1375	55	378	0	0.75
5	4	2	0	0	0	-385.35  	165.15	7600	0.0375	0	0	55	55	55	0.1375	55	378	0	0.75
5	5	2	0	0	0	-495.45  	165.15	7600	0.0375	0	0	55	55	55	0.1375	55	378	0	0.75
5	6	2	0	0	0	-605.55  	165.15	7600	0.0375	0	0	55	55	55	0.1375	55	378	0	0.75
5	7	2	0	0	0	-715.65  	165.15	7600	0.0375	0	0	55	55	55	0.1375	55	378	0	0.75
5	8	2	0	0	0	-825.75  	165.15	7600	0.0375	0	0	55	55	55	0.1375	55	378	0	0.75
5	9	2	0	0	0	-935.85  	165.15	7600	0.0375	0	0	55	55	55	0.1375	55	378	0	0.75
5	10	2	0	0	0	-1045.95  	165.15	7600	0.0375	0	0	55	55	55	0.1375	55	378	0	0.75
5	11	2	0	0	0	-1156.05  	165.15	7600	0.0375	0	0	55	55	55	0.1375	55	378	0	0.75
5	12	2	0	0	0	-1266.15  	165.15	7600	0.0375	0	0	55	55	55	0.1375	55	378	0	0.75
5	13	2	0	0	0	-1376.25  	165.15	7600	0.0375	0	0	55	55	55	0.1375	55	378	0	0.75
5	14	2	0	0	0	-1486.35  	165.15	7600	0.0375	0	0	55	55	55	0.1375	55	378	0	0.75
5	1	3	0	0	0	-55.05  	275.25	7600	0.0375	0	0	55	55	55	0.1375	55	378	0	0.75
5	2	3	0	0	0	-165.15  	275.25	7600	0.0375	0	0	55	55	55	0.1375	55	378	0	0.75
5	3	3	0	0	0	-275.25  	275.25	7600	0.0375	0	0	55	55	55	0.1375	55	378	0	0.75
5	4	3	0	0	0	-385.35  	275.25	7600	0.0375	0	0	55	55	55	0.1375	55	378	0	0.75
5	5	3	0	0	0	-495.45  	275.25	7600	0.0375	0	0	55	55	55	0.1375	55	378	0	0.75
5	6	3	0	0	0	-605.55  	275.25	7600	0.0375	0	0	55	55	55	0.1375	55	378	0	0.75
5	7	3	0	0	0	-715.65  	275.25	7600	0.0375	0	0	55	55	55	0.1375	55	378	0	0.75
5	8	3	0	0	0	-825.75  	275.25	7600	0.0375	0	0	55	55	55	0.1375	55	378	0	0.75
5	9	3	0	0	0	-935.85  	275.25	7600	0.0375	0	0	55	55	55	0.1375	55	378	0	0.75
5	10	3	0	0	0	-1045.95  	275.25	7600	0.0375	0	0	55	55	55	0.1375	55	378	0	0.75
5	11	3	0	0	0	-1156.05  	275.25	7600	0.0375	0	0	55	55	55	0.1375	55	378	0	0.75
5	12	3	0	0	0	-1266.15  	275.25	7600	0.0375	0	0	55	55	55	0.1375	55	378	0	0.75
5	13	3	0	0	0	-1376.25  	275.25	7600	0.0375	0	0	55	55	55	0.1375	55	378	0	0.75
5	14	3	0	0	0	-1486.35  	275.25	7600	0.0375	0	0	55	55	55	0.1375	55	378	0	0.75
5	1	4	0	0	0	-55.05  	385.35	7600	0.0375	0	0	55	55	55	0.1375	55	378	0	0.75
5	2	4	0	0	0	-165.15  	385.35	7600	0.0375	0	0	55	55	55	0.1375	55	378	0	0.75
5	3	4	0	0	0	-275.25  	385.35	7600	0.0375	0	0	55	55	55	0.1375	55	378	0	0.75
5	4	4	0	0	0	-385.35  	385.35	7600	0.0375	0	0	55	55	55	0.1375	55	378	0	0.75
5	5	4	0	0	0	-495.45  	385.35	7600	0.0375	0	0	55	55	55	0.1375	55	378	0	0.75
5	6	4	0	0	0	-605.55  	385.35	7600	0.0375	0	0	55	55	55	0.1375	55	378	0	0.75
5	7	4	0	0	0	-715.65  	385.35	7600	0.0375	0	0	55	55	55	0.1375	55	378	0	0.75
5	8	4	0	0	0	-825.75  	385.35	7600	0.0375	0	0	55	55	55	0.1375	55	378	0	0.75
5	9	4	0	0	0	-935.85  	385.35	7600	0.0375	0	0	55	55	55	0.1375	55	378	0	0.75
5	10	4	0	0	0	-1045.95  	385.35	7600	0.0375	0	0	55	55	55	0.1375	55	378	0	0.75
5	11	4	0	0	0	-1156.05  	385.35	7600	0.0375	0	0	55	55	55	0.1375	55	378	0	0.75
5	12	4	0	0	0	-1266.15  	385.35	7600	0.0375	0	0	55	55	55	0.1375	55	378	0	0.75
5	13	4	0	0	0	-1376.25  	385.35	7600	0.0375	0	0	55	55	55	0.1375	55	378	0	0.75
5	14	4	0	0	0	-1486.35  	385.35	7600	0.0375	0	0	55	55	55	0.1375	55	378	0	0.75
5	1	5	0	0	0	-55.05  	495.45	7600	0.0375	0	0	55	55	55	0.1375	55	378	0	0.75
5	2	5	0	0	0	-165.15  	495.45	7600	0.0375	0	0	55	55	55	0.1375	55	378	0	0.75
5	3	5	0	0	0	-275.25  	495.45	7600	0.0375	0	0	55	55	55	0.1375	55	378	0	0.75
5	4	5	0	0	0	-385.35  	495.45	7600	0.0375	0	0	55	55	55	0.1375	55	378	0	0.75
5	5	5	0	0	0	-495.45  	495.45	7600	0.0375	0	0	55	55	55	0.1375	55	378	0	0.75
5	6	5	0	0	0	-605.55  	495.45	7600	0.0375	0	0	55	55	55	0.1375	55	378	0	0.75
5	7	5	0	0	0	-715.65  	495.45	7600	0.0375	0	0	55	55	55	0.1375	55	378	0	0.75
5	8	5	0	0	0	-825.75  	495.45	7600	0.0375	0	0	55	55	55	0.1375	55	378	0	0.75
5	9	5	0	0	0	-935.85  	495.45	7600	0.0375	0	0	55	55	55	0.1375	55	378	0	0.75
5	10	5	0	0	0	-1045.95  	495.45	7600	0.0375	0	0	55	55	55	0.1375	55	378	0	0.75
5	11	5	0	0	0	-1156.05  	495.45	7600	0.0375	0	0	55	55	55	0.1375	55	378	0	0.75
5	12	5	0	0	0	-1266.15  	495.45	7600	0.0375	0	0	55	55	55	0.1375	55	378	0	0.75
5	13	5	0	0	0	-1376.25  	495.45	7600	0.0375	0	0	55	55	55	0.1375	55	378	0	0.75
5	14	5	0	0	0	-1486.35  	495.45	7600	0.0375	0	0	55	55	55	0.1375	55	378	0	0.75
5	1	6	0	0	0	-55.05  	605.55	7600	0.0375	0	0	55	55	55	0.1375	55	378	0	0.75
5	2	6	0	0	0	-165.15  	605.55	7600	0.0375	0	0	55	55	55	0.1375	55	378	0	0.75
5	3	6	0	0	0	-275.25  	605.55	7600	0.0375	0	0	55	55	55	0.1375	55	378	0	0.75
5	4	6	0	0	0	-385.35  	605.55	7600	0.0375	0	0	55	55	55	0.1375	55	378	0	0.75
5	5	6	0	0	0	-495.45  	605.55	7600	0.0375	0	0	55	55	55	0.1375	55	378	0	0.75
5	6	6	0	0	0	-605.55  	605.55	7600	0.0375	0	0	55	55	55	0.1375	55	378	0	0.75
5	7	6	0	0	0	-715.65  	605.55	7600	0.0375	0	0	55	55	55	0.1375	55	378	0	0.75
5	8	6	0	0	0	-825.75  	605.55	7600	0.0375	0	0	55	55	55	0.1375	55	378	0	0.75
5	9	6	0	0	0	-935.85  	605.55	7600	0.0375	0	0	55	55	55	0.1375	55	378	0	0.75
5	10	6	0	0	0	-1045.95  	605.55	7600	0.0375	0	0	55	55	55	0.1375	55	378	0	0.75
5	11	6	0	0	0	-1156.05  	605.55	7600	0.0375	0	0	55	55	55	0.1375	55	378	0	0.75
5	12	6	0	0	0	-1266.15  	605.55	7600	0.0375	0	0	55	55	55	0.1375	55	378	0	0.75
5	13	6	0	0	0	-1376.25  	605.55	7600	0.0375	0	0	55	55	55	0.1375	55	378	0	0.75
5	14	6	0	0	0	-1486.35  	605.55	7600	0.0375	0	0	55	55	55	0.1375	55	378	0	0.75
5	1	7	0	0	0	-55.05  	715.65	7600	0.0375	0	0	55	55	55	0.1375	55	378	0	0.75
5	2	7	0	0	0	-165.15  	715.65	7600	0.0375	0	0	55	55	55	0.1375	55	378	0	0.75
5	3	7	0	0	0	-275.25  	715.65	7600	0.0375	0	0	55	55	55	0.1375	55	378	0	0.75
5	4	7	0	0	0	-385.35  	715.65	7600	0.0375	0	0	55	55	55	0.1375	55	378	0	0.75
5	5	7	0	0	0	-495.45  	715.65	7600	0.0375	0	0	55	55	55	0.1375	55	378	0	0.75
5	6	7	0	0	0	-605.55  	715.65	7600	0.0375	0	0	55	55	55	0.1375	55	378	0	0.75
5	7	7	0	0	0	-715.65  	715.65	7600	0.0375	0	0	55	55	55	0.1375	55	378	0	0.75
5	8	7	0	0	0	-825.75  	715.65	7600	0.0375	0	0	55	55	55	0.1375	55	378	0	0.75
5	9	7	0	0	0	-935.85  	715.65	7600	0.0375	0	0	55	55	55	0.1375	55	378	0	0.75
5	10	7	0	0	0	-1045.95  	715.65	7600	0.0375	0	0	55	55	55	0.1375	55	378	0	0.75
5	11	7	0	0	0	-1156.05  	715.65	7600	0.0375	0	0	55	55	55	0.1375	55	378	0	0.75
5	12	7	0	0	0	-1266.15  	715.65	7600	0.0375	0	0	55	55	55	0.1375	55	378	0	0.75
5	13	7	0	0	0	-1376.25  	715.65	7600	0.0375	0	0	55	55	55	0.1375	55	378	0	0.75
5	14	7	0	0	0	-1486.35  	715.65	7600	0.0375	0	0	55	55	55	0.1375	55	378	0	0.75
