  module     row crystal       theta         phi         tau        posX        posY        posZ         pDz      pTheta        pPhi        pDy1        pDx1        pDx2       pAlp1        pDy2        pDx3        pDx4       pAlp2
       #       #       #       [deg]       [deg]       [deg]        [mm]        [mm]        [mm]        [mm]       [deg]       [deg]        [mm]        [mm]        [mm]       [deg]        [mm]        [mm]        [mm]       [deg]

3	1	10	3.672	90	-359.606	-12.1552	208.34	2170.47	100	0.288832	44.6584	9.99818	10.0025	10.0016	0.393878	10.7118	10.7148	10.7138	0.393878
3	1	11	4.08	90	-359.562	-12.155	230.31	2170.5	100	0.288905	44.6278	9.99777	10.0028	10.0017	0.437781	10.7117	10.7151	10.7139	0.437781
3	1	12	4.488	90	-359.518	-12.1549	252.291	2170.52	100	0.288987	44.5981	9.99733	10.0031	10.0018	0.481729	10.7116	10.7155	10.714	0.481729
3	1	13	4.896	90	-359.474	-12.1546	274.286	2170.54	100	0.289075	44.5702	9.99684	10.0035	10.0018	0.525725	10.7116	10.7158	10.7141	0.525725
3	1	14	5.304	90	-359.43	-12.1544	296.393	2170.55	100	0.28917	44.5438	9.99631	10.0038	10.0019	0.569774	10.7115	10.7162	10.7141	0.569774
3	1	15	5.712	90	-359.386	-12.1542	318.415	2170.55	100	0.289275	44.5184	9.99573	10.0041	10.0019	0.613881	10.7114	10.7165	10.7141	0.613881
3	1	16	6.12	90	-359.342	-12.1539	340.453	2170.55	100	0.289385	44.4947	9.99511	10.0045	10.0019	0.65805	10.7113	10.7169	10.7142	0.65805
3	1	17	6.528	90	-359.298	-12.1536	362.509	2170.56	100	0.289504	44.4723	9.99445	10.0048	10.0019	0.702286	10.7112	10.7173	10.7142	0.702286
3	1	18	6.936	90	-359.253	-12.1533	384.68	2170.54	100	0.289629	44.4515	9.99374	10.0052	10.0019	0.746593	10.7111	10.7176	10.7141	0.746593
3	1	19	7.752	90	-359.165	-12.1527	407.14	2170.56	100	0.205885	89.0546	9.99213	10.0011	9.99695	0.835439	10.711	11.4254	11.4207	0.835439
3	1	20	8.568	90	-359.075	-12.1519	429.989	2170.51	100	0.206306	88.9542	9.99039	10.0013	9.99626	0.924627	10.7108	11.4257	11.4199	0.924627
3	1	21	8.976	90	-359.031	-12.1515	452.516	2170.44	100	0.290377	44.3675	9.98954	10.007	10.0015	0.96936	10.7106	10.7197	10.7137	0.96936
3	1	22	9.384	90	-358.986	-12.1511	474.818	2170.38	100	0.29055	44.3549	9.98857	10.0074	10.0014	1.01419	10.7104	10.7201	10.7136	1.01419
3	1	23	9.792	90	-358.941	-12.1507	497.046	2170.34	100	0.290731	44.3437	9.98755	10.0079	10.0012	1.05913	10.7103	10.7205	10.7134	1.05913
3	1	24	10.2	90	-358.896	-12.1502	519.301	2170.29	100	0.290919	44.3339	9.98648	10.0083	10.0011	1.10418	10.7101	10.721	10.7133	1.10418
3	1	25	10.608	90	-358.851	-12.1498	541.587	2170.25	100	0.291117	44.3253	9.98537	10.0087	10.0009	1.14934	10.71	10.7214	10.7131	1.14934
3	1	26	11.016	90	-358.805	-12.1493	563.998	2170.17	100	0.291321	44.3184	9.98421	10.0091	10.0007	1.19462	10.7098	10.7219	10.7129	1.19462
3	1	27	11.424	90	-358.76	-12.1488	586.339	2170.11	100	0.291535	44.3125	9.98301	10.0095	10.0005	1.24002	10.7097	10.7223	10.7126	1.24002
3	1	28	11.832	90	-358.714	-12.1482	608.713	2170.04	100	0.291756	44.3085	9.98176	10.01	10.0002	1.28556	10.7095	10.7228	10.7124	1.28556
3	1	29	12.24	90	-358.669	-12.1477	631.123	2169.98	100	0.291987	44.3054	9.98046	10.0104	9.99999	1.33123	10.7093	10.7233	10.7121	1.33123
3	1	30	13.056	90	-358.577	-12.1465	654.033	2169.88	100	0.209417	88.3926	9.97752	10.0031	9.99118	1.42299	10.7091	11.4278	11.4141	1.42299
3	1	31	13.464	90	-358.531	-12.1459	676.88	2169.71	100	0.292729	44.3047	9.97628	10.0118	9.99911	1.46909	10.7087	10.7248	10.7112	1.46909
3	1	32	13.872	90	-358.485	-12.1453	699.427	2169.61	100	0.292992	44.3075	9.97478	10.0123	9.99877	1.51535	10.7085	10.7253	10.7108	1.51535
3	1	33	14.28	90	-358.438	-12.1446	722.018	2169.54	100	0.293266	44.3113	9.97324	10.0128	9.99842	1.56177	10.7083	10.7258	10.7104	1.56177
3	1	34	14.688	90	-358.392	-12.1439	744.74	2169.41	100	0.293549	44.3165	9.97165	10.0133	9.99805	1.60835	10.7081	10.7263	10.71	1.60835
3	1	35	15.096	90	-358.345	-12.1432	767.405	2169.3	100	0.293839	44.3235	9.97001	10.0138	9.99766	1.65511	10.7078	10.7269	10.7096	1.65511
3	1	36	15.504	90	-358.298	-12.1425	790.113	2169.18	100	0.29414	44.3314	9.96832	10.0143	9.99724	1.70205	10.7076	10.7274	10.7092	1.70205
3	1	37	15.912	90	-358.251	-12.1418	812.872	2169.09	100	0.29445	44.3407	9.96657	10.0148	9.99681	1.74917	10.7073	10.728	10.7087	1.74917
3	1	38	16.32	90	-358.204	-12.141	835.763	2168.93	100	0.294768	44.3517	9.96478	10.0154	9.99635	1.79647	10.7071	10.7286	10.7082	1.79647
3	1	39	16.728	90	-358.156	-12.1402	858.604	2168.8	100	0.295096	44.3639	9.96293	10.0159	9.99588	1.84398	10.7068	10.7291	10.7077	1.84398
3	1	40	17.136	90	-358.108	-12.1394	881.493	2168.67	100	0.295433	44.3775	9.96103	10.0164	9.99538	1.89168	10.7065	10.7297	10.7072	1.89168
3	2	40	17.1407	91.323	-1.38449	-34.1431	881.478	2168.74	100	0.295279	46.3005	9.96681	9.99999	9.99999	0	10.712	10.7121	10.7121	0
3	2	39	16.7328	91.3573	-1.41725	-34.1449	858.59	2168.88	100	0.294944	46.2385	9.96843	9.99999	9.99999	0	10.712	10.7121	10.7121	0
3	2	38	16.325	91.3932	-1.45166	-34.1466	835.75	2169.01	100	0.294621	46.1778	9.96999	9.99999	9.99999	0	10.712	10.7121	10.7121	0
3	2	37	15.9171	91.4308	-1.48787	-34.1484	812.858	2169.16	100	0.294305	46.119	9.97152	9.99999	9.99999	0	10.712	10.7121	10.7121	0
3	2	36	15.5092	91.4705	-1.52601	-34.1498	790.1	2169.25	100	0.294	46.0617	9.973	9.99999	9.99999	0	10.712	10.7121	10.7121	0
3	2	35	15.1014	91.5122	-1.56624	-34.1514	767.393	2169.37	100	0.293703	46.0057	9.97444	9.99999	9.99999	0	10.712	10.7121	10.7121	0
3	2	34	14.6935	91.5561	-1.60872	-34.1529	744.728	2169.48	100	0.293416	45.9519	9.97584	9.99999	9.99999	0	10.712	10.7121	10.7121	0
3	2	33	14.2857	91.6026	-1.65366	-34.1545	722.006	2169.61	100	0.293137	45.899	9.97719	9.99999	9.99999	0	10.712	10.7121	10.7121	0
3	2	32	13.8779	91.6516	-1.70128	-34.1557	699.415	2169.68	100	0.292868	45.8478	9.9785	9.99999	9.99999	0	10.712	10.7121	10.7121	0
3	2	31	13.4701	91.7036	-1.7518	-34.157	676.869	2169.78	100	0.292607	45.7984	9.97977	9.99999	9.99999	0	10.712	10.7121	10.7121	0
3	2	30	13.0623	91.7588	-1.80552	-34.1588	654.012	2169.95	100	0.209416	90.0001	9.981	9.99998	9.99998	0	10.712	11.4242	11.4242	0
3	2	29	12.2467	91.88	-1.92378	-34.1607	631.112	2170.06	100	0.291876	45.6587	9.98333	9.99999	9.99999	0	10.712	10.7121	10.7121	0
3	2	28	11.8389	91.9468	-1.98906	-34.1617	608.702	2170.11	100	0.291651	45.6152	9.98443	9.99999	9.99999	0	10.712	10.7121	10.7121	0
3	2	27	11.4312	92.0182	-2.05905	-34.1627	586.33	2170.18	100	0.291433	45.5732	9.9855	9.99999	9.99999	0	10.712	10.7121	10.7121	0
3	2	26	11.0235	92.0949	-2.13425	-34.1637	563.988	2170.24	100	0.291222	45.5327	9.98653	9.99999	9.99999	0	10.712	10.7121	10.7121	0
3	2	25	10.6158	92.1774	-2.21526	-34.1647	541.578	2170.32	100	0.29102	45.4939	9.98751	9.99999	9.99999	0	10.712	10.7121	10.7121	0
3	2	24	10.2081	92.2664	-2.30279	-34.1655	519.292	2170.36	100	0.290827	45.4562	9.98846	9.99999	9.99999	0	10.712	10.7121	10.7121	0
3	2	23	9.80041	92.3627	-2.39763	-34.1663	497.037	2170.41	100	0.290643	45.4203	9.98937	9.99999	9.99999	0	10.712	10.7121	10.7121	0
3	2	22	9.39279	92.4673	-2.50075	-34.167	474.809	2170.45	100	0.290465	45.3859	9.99023	9.99999	9.99999	0	10.712	10.7121	10.7121	0
3	2	21	8.98519	92.5812	-2.61327	-34.1678	452.508	2170.51	100	0.290296	45.3529	9.99106	9.99999	9.99999	0	10.712	10.7121	10.7121	0
3	2	20	8.57764	92.706	-2.73652	-34.1687	429.975	2170.58	100	0.206306	90	9.99186	9.99998	9.99998	0	10.712	11.4242	11.4242	0
3	2	19	7.76266	92.9944	-3.02203	-34.1698	407.127	2170.63	100	0.205885	90.0003	9.99333	9.99998	9.99998	0	10.712	11.4242	11.4242	0
3	2	18	6.94793	93.35	-3.37473	-34.1704	384.674	2170.61	100	0.289567	45.2105	9.99464	9.99999	9.99999	0	10.712	10.7121	10.7121	0
3	2	17	6.54068	93.5609	-3.58413	-34.1708	362.502	2170.63	100	0.289445	45.1863	9.99525	9.99999	9.99999	0	10.712	10.7121	10.7121	0
3	2	16	6.13353	93.7996	-3.82137	-34.171	340.446	2170.63	100	0.289331	45.1638	9.99581	9.99999	9.99999	0	10.712	10.7121	10.7121	0
3	2	15	5.72651	94.0721	-4.09244	-34.1713	318.409	2170.63	100	0.289222	45.1427	9.99634	9.99999	9.99999	0	10.712	10.7121	10.7121	0
3	2	14	5.31962	94.3862	-4.40505	-34.1715	296.387	2170.62	100	0.289122	45.1228	9.99683	9.99999	9.99999	0	10.712	10.7121	10.7121	0
3	2	13	4.91293	94.7521	-4.7695	-34.1717	274.28	2170.62	100	0.28903	45.1048	9.99729	9.99999	9.99999	0	10.712	10.7121	10.7121	0
3	2	12	4.50647	95.1838	-5.19981	-34.1717	252.286	2170.59	100	0.288946	45.0879	9.9977	9.99999	9.99999	0	10.712	10.7121	10.7121	0
3	2	11	4.10031	95.701	-5.71548	-34.1718	230.305	2170.57	100	0.288869	45.0727	9.99808	9.99999	9.99999	0	10.712	10.7121	10.7121	0
3	2	10	3.69457	96.3315	-6.34462	-34.1717	208.336	2170.54	100	0.288799	45.0587	9.99843	9.99999	9.99999	0	10.712	10.7121	10.7121	0
3	2	9	3.28937	97.1173	-7.12894	-34.1717	186.277	2170.52	100	0.288737	45.0466	9.99874	9.99999	9.99999	0	10.712	10.7121	10.7121	0
3	3	40	17.1548	92.6446	-2.7675	-56.0486	881.478	2168.81	100	0.29528	46.3005	9.96681	9.99999	9.99999	0	10.712	10.7121	10.7121	0
3	3	39	16.7473	92.7129	-2.8329	-56.0514	858.59	2168.94	100	0.294945	46.2386	9.96843	9.99999	9.99999	0	10.712	10.7121	10.7121	0
3	3	38	16.3398	92.7846	-2.90161	-56.054	835.75	2169.07	100	0.29462	46.1778	9.96999	9.99999	9.99999	0	10.712	10.7121	10.7121	0
3	3	37	15.9324	92.8598	-2.97388	-56.0569	812.858	2169.23	100	0.294306	46.1192	9.97152	9.99999	9.99999	0	10.712	10.7121	10.7121	0
3	3	36	15.5249	92.9389	-3.05001	-56.059	790.1	2169.32	100	0.294	46.0617	9.973	9.99999	9.99999	0	10.712	10.7121	10.7121	0
3	3	35	15.1175	93.0222	-3.13029	-56.0614	767.393	2169.44	100	0.293703	46.0059	9.97444	9.99999	9.99999	0	10.712	10.7121	10.7121	0
3	3	34	14.7102	93.1099	-3.21507	-56.0636	744.728	2169.55	100	0.293416	45.9519	9.97584	9.99999	9.99999	0	10.712	10.7121	10.7121	0
3	3	33	14.3028	93.2025	-3.30474	-56.0662	722.006	2169.68	100	0.293137	45.899	9.97719	9.99999	9.99999	0	10.712	10.7121	10.7121	0
3	3	32	13.8955	93.3005	-3.39973	-56.0679	699.415	2169.75	100	0.292868	45.8479	9.9785	9.99999	9.99999	0	10.712	10.7121	10.7121	0
3	3	31	13.4882	93.4042	-3.50051	-56.0699	676.869	2169.85	100	0.292608	45.7984	9.97977	9.99999	9.99999	0	10.712	10.7121	10.7121	0
3	3	30	13.081	93.5143	-3.60763	-56.0729	654.012	2170.02	100	0.209417	90	9.981	9.99998	9.99998	0	10.712	11.4242	11.4242	0
3	3	29	12.2668	93.7559	-3.84341	-56.0756	631.112	2170.12	100	0.291877	45.6587	9.98333	9.99999	9.99999	0	10.712	10.7121	10.7121	0
3	3	28	11.8597	93.889	-3.97355	-56.0769	608.702	2170.18	100	0.29165	45.6152	9.98443	9.99999	9.99999	0	10.712	10.7121	10.7121	0
3	3	27	11.4527	94.0314	-4.113	-56.0785	586.33	2170.25	100	0.291433	45.573	9.9855	9.99999	9.99999	0	10.712	10.7121	10.7121	0
3	3	26	11.0458	94.1841	-4.2628	-56.0799	563.988	2170.31	100	0.291223	45.5328	9.98653	9.99999	9.99999	0	10.712	10.7121	10.7121	0
3	3	25	10.639	94.3484	-4.42414	-56.0815	541.578	2170.39	100	0.291021	45.4937	9.98751	9.99999	9.99999	0	10.712	10.7121	10.7121	0
3	3	24	10.2322	94.5255	-4.59837	-56.0825	519.292	2170.43	100	0.290828	45.4564	9.98846	9.99999	9.99999	0	10.712	10.7121	10.7121	0
3	3	23	9.82561	94.7172	-4.78712	-56.0837	497.037	2170.48	100	0.290643	45.4206	9.98937	9.99999	9.99999	0	10.712	10.7121	10.7121	0
3	3	22	9.41909	94.9253	-4.99225	-56.0847	474.809	2170.52	100	0.290466	45.3857	9.99023	9.99999	9.99999	0	10.712	10.7121	10.7121	0
3	3	21	9.01271	95.1519	-5.21597	-56.0859	452.508	2170.58	100	0.290297	45.353	9.99106	9.99999	9.99999	0	10.712	10.7121	10.7121	0
3	3	20	8.60648	95.3998	-5.4609	-56.0874	429.975	2170.65	100	0.206306	90	9.99186	9.99998	9.99998	0	10.712	11.4242	11.4242	0
3	3	19	7.79457	95.9724	-6.02764	-56.0888	407.127	2170.7	100	0.205885	90.0001	9.99333	9.99998	9.99998	0	10.712	11.4242	11.4242	0
3	3	18	6.9836	96.6771	-6.72656	-56.0892	384.674	2170.68	100	0.289566	45.2105	9.99464	9.99999	9.99999	0	10.712	10.7121	10.7121	0
3	3	17	6.57858	97.0942	-7.14077	-56.0898	362.502	2170.7	100	0.289445	45.1864	9.99525	9.99999	9.99999	0	10.712	10.7121	10.7121	0
3	3	16	6.17396	97.5658	-7.60943	-56.09	340.446	2170.69	100	0.28933	45.164	9.99581	9.99999	9.99999	0	10.712	10.7121	10.7121	0
3	3	15	5.7698	98.1032	-8.14395	-56.0902	318.409	2170.69	100	0.289222	45.1426	9.99634	9.99999	9.99999	0	10.712	10.7121	10.7121	0
3	3	14	5.36622	98.7213	-8.75906	-56.0904	296.387	2170.69	100	0.289123	45.1229	9.99683	9.99999	9.99999	0	10.712	10.7121	10.7121	0
3	3	13	4.96337	99.4394	-9.47426	-56.0906	274.28	2170.68	100	0.289031	45.1048	9.99729	9.99999	9.99999	0	10.712	10.7121	10.7121	0
3	3	12	4.56143	100.284	-10.3158	-56.0904	252.286	2170.66	100	0.288946	45.088	9.9977	9.99999	9.99999	0	10.712	10.7121	10.7121	0
3	3	11	4.16066	101.291	-11.32	-56.0903	230.305	2170.64	100	0.288869	45.0727	9.99808	9.99999	9.99999	0	10.712	10.7121	10.7121	0
3	3	10	3.76145	102.512	-12.5379	-56.0901	208.336	2170.61	100	0.288799	45.0589	9.99843	9.99999	9.99999	0	10.712	10.7121	10.7121	0
3	3	9	3.36435	104.021	-14.0445	-56.0899	186.277	2170.58	100	0.288737	45.0464	9.99874	9.99999	9.99999	0	10.712	10.7121	10.7121	0
3	4	40	17.1784	93.9632	-4.14758	-77.9573	881.478	2168.87	100	0.295279	46.3005	9.96681	9.99999	9.99999	0	10.712	10.7121	10.7121	0
3	4	39	16.7714	94.0654	-4.24539	-77.961	858.59	2169.01	100	0.294945	46.2383	9.96843	9.99999	9.99999	0	10.712	10.7121	10.7121	0
3	4	38	16.3646	94.1726	-4.34814	-77.9646	835.75	2169.14	100	0.294621	46.1782	9.96999	9.99999	9.99999	0	10.712	10.7121	10.7121	0
3	4	37	15.9578	94.2851	-4.45621	-77.9686	812.858	2169.29	100	0.294306	46.119	9.97152	9.99999	9.99999	0	10.712	10.7121	10.7121	0
3	4	36	15.5511	94.4034	-4.57001	-77.9713	790.1	2169.38	100	0.293999	46.0618	9.973	9.99999	9.99999	0	10.712	10.7121	10.7121	0
3	4	35	15.1444	94.5278	-4.69	-77.9745	767.393	2169.5	100	0.293704	46.0061	9.97444	9.99999	9.99999	0	10.712	10.7121	10.7121	0
3	4	34	14.7378	94.6589	-4.8167	-77.9776	744.728	2169.61	100	0.293416	45.9516	9.97584	9.99999	9.99999	0	10.712	10.7121	10.7121	0
3	4	33	14.3313	94.7974	-4.95068	-77.981	722.006	2169.74	100	0.293137	45.8988	9.97719	9.99999	9.99999	0	10.712	10.7121	10.7121	0
3	4	32	13.9248	94.9437	-5.09257	-77.9833	699.415	2169.81	100	0.292867	45.8479	9.9785	9.99999	9.99999	0	10.712	10.7121	10.7121	0
3	4	31	13.5185	95.0986	-5.24307	-77.986	676.869	2169.91	100	0.292607	45.7983	9.97977	9.99999	9.99999	0	10.712	10.7121	10.7121	0
3	4	30	13.1123	95.2629	-5.403	-77.9902	654.012	2170.08	100	0.209416	89.9999	9.981	9.99998	9.99998	0	10.712	11.4242	11.4242	0
3	4	29	12.3001	95.6236	-5.75484	-77.9937	631.112	2170.19	100	0.291877	45.6587	9.98333	9.99999	9.99999	0	10.712	10.7121	10.7121	0
3	4	28	11.8942	95.8221	-5.94892	-77.9954	608.702	2170.24	100	0.291651	45.6153	9.98443	9.99999	9.99999	0	10.712	10.7121	10.7121	0
3	4	27	11.4885	96.0344	-6.15683	-77.9974	586.33	2170.31	100	0.291432	45.5734	9.9855	9.99999	9.99999	0	10.712	10.7121	10.7121	0
3	4	26	11.083	96.262	-6.38006	-77.9993	563.988	2170.37	100	0.291223	45.5328	9.98653	9.99999	9.99999	0	10.712	10.7121	10.7121	0
3	4	25	10.6776	96.5067	-6.62036	-78.0015	541.578	2170.45	100	0.291021	45.4939	9.98751	9.99999	9.99999	0	10.712	10.7121	10.7121	0
3	4	24	10.2724	96.7705	-6.87974	-78.0027	519.292	2170.49	100	0.290827	45.4564	9.98846	9.99999	9.99999	0	10.712	10.7121	10.7121	0
3	4	23	9.86746	97.0557	-7.16054	-78.0042	497.037	2170.54	100	0.290643	45.4204	9.98937	9.99999	9.99999	0	10.712	10.7121	10.7121	0
3	4	22	9.46278	97.365	-7.46549	-78.0056	474.809	2170.58	100	0.290466	45.3858	9.99023	9.99999	9.99999	0	10.712	10.7121	10.7121	0
3	4	21	9.05839	97.7017	-7.7978	-78.0072	452.508	2170.64	100	0.290296	45.353	9.99106	9.99999	9.99999	0	10.712	10.7121	10.7121	0
3	4	20	8.65434	98.0696	-8.16129	-78.0091	429.975	2170.71	100	0.206306	89.9999	9.99186	9.99998	9.99998	0	10.712	11.4242	11.4242	0
3	4	19	7.84745	98.918	-9.00096	-78.0109	407.127	2170.76	100	0.205884	90	9.99333	9.99998	9.99998	0	10.712	11.4242	11.4242	0
3	4	18	7.04265	99.9593	-10.0335	-78.0112	384.674	2170.74	100	0.289568	45.2103	9.99464	9.99999	9.99999	0	10.712	10.7121	10.7121	0
3	4	17	6.64127	100.574	-10.6437	-78.012	362.502	2170.76	100	0.289445	45.1861	9.99525	9.99999	9.99999	0	10.712	10.7121	10.7121	0
3	4	16	6.24074	101.267	-11.3326	-78.0121	340.446	2170.76	100	0.28933	45.1638	9.99581	9.99999	9.99999	0	10.712	10.7121	10.7121	0
3	4	15	5.84125	102.055	-12.116	-78.0123	318.409	2170.76	100	0.289223	45.1426	9.99634	9.99999	9.99999	0	10.712	10.7121	10.7121	0
3	4	14	5.44301	102.958	-13.0145	-78.0124	296.387	2170.75	100	0.289123	45.123	9.99683	9.99999	9.99999	0	10.712	10.7121	10.7121	0
3	4	13	5.04632	104.002	-14.0547	-78.0126	274.28	2170.75	100	0.289031	45.1047	9.99729	9.99999	9.99999	0	10.712	10.7121	10.7121	0
3	4	12	4.65159	105.224	-15.2722	-78.0123	252.286	2170.72	100	0.288946	45.0879	9.9977	9.99999	9.99999	0	10.712	10.7121	10.7121	0
3	4	11	4.25935	106.671	-16.715	-78.012	230.305	2170.7	100	0.288869	45.0726	9.99808	9.99999	9.99999	0	10.712	10.7121	10.7121	0
3	4	10	3.87036	108.41	-18.4493	-78.0116	208.336	2170.67	100	0.2888	45.0589	9.99843	9.99999	9.99999	0	10.712	10.7121	10.7121	0
3	4	9	3.48572	110.534	-20.5691	-78.0112	186.277	2170.65	100	0.288737	45.0467	9.99874	9.99999	9.99999	0	10.712	10.7121	10.7121	0
3	5	40	17.2112	95.2774	-5.52327	-99.8702	881.478	2168.93	100	0.29528	46.3004	9.96681	9.99999	9.99999	0	10.712	10.7121	10.7121	0
3	5	39	16.8052	95.4132	-5.65316	-99.8749	858.59	2169.07	100	0.294946	46.2382	9.96843	9.99999	9.99999	0	10.712	10.7121	10.7121	0
3	5	38	16.3992	95.5556	-5.78958	-99.8794	835.75	2169.2	100	0.294621	46.178	9.96999	9.99999	9.99999	0	10.712	10.7121	10.7121	0
3	5	37	15.9933	95.7049	-5.93303	-99.8845	812.858	2169.35	100	0.294307	46.1189	9.97152	9.99999	9.99999	0	10.712	10.7121	10.7121	0
3	5	36	15.5876	95.8619	-6.08405	-99.8879	790.1	2169.44	100	0.294	46.0618	9.973	9.99999	9.99999	0	10.712	10.7121	10.7121	0
3	5	35	15.1819	96.027	-6.24326	-99.8919	767.393	2169.56	100	0.293703	46.0058	9.97444	9.99999	9.99999	0	10.712	10.7121	10.7121	0
3	5	34	14.7764	96.201	-6.41131	-99.8958	744.728	2169.67	100	0.293415	45.9519	9.97584	9.99999	9.99999	0	10.712	10.7121	10.7121	0
3	5	33	14.371	96.3845	-6.58896	-99.9001	722.006	2169.8	100	0.293137	45.8992	9.97719	9.99999	9.99999	0	10.712	10.7121	10.7121	0
3	5	32	13.9658	96.5785	-6.77705	-99.903	699.415	2169.87	100	0.292868	45.8478	9.9785	9.99999	9.99999	0	10.712	10.7121	10.7121	0
3	5	31	13.5607	96.7838	-6.97648	-99.9063	676.869	2169.97	100	0.292609	45.7985	9.97977	9.99999	9.99999	0	10.712	10.7121	10.7121	0
3	5	30	13.1558	97.0016	-7.18833	-99.9118	654.012	2170.14	100	0.209417	89.9999	9.981	9.99998	9.99998	0	10.712	11.4242	11.4242	0
3	5	29	12.3467	97.4791	-7.65408	-99.916	631.112	2170.25	100	0.291876	45.6588	9.98333	9.99999	9.99999	0	10.712	10.7121	10.7121	0
3	5	28	11.9424	97.7417	-7.91081	-99.9181	608.702	2170.3	100	0.291651	45.6152	9.98443	9.99999	9.99999	0	10.712	10.7121	10.7121	0
3	5	27	11.5384	98.0224	-8.18568	-99.9206	586.33	2170.37	100	0.291432	45.5733	9.9855	9.99999	9.99999	0	10.712	10.7121	10.7121	0
3	5	26	11.1348	98.3232	-8.48061	-99.9229	563.988	2170.43	100	0.291223	45.5329	9.98653	9.99999	9.99999	0	10.712	10.7121	10.7121	0
3	5	25	10.7314	98.6464	-8.79789	-99.9257	541.578	2170.51	100	0.291022	45.4939	9.98751	9.99999	9.99999	0	10.712	10.7121	10.7121	0
3	5	24	10.3284	98.9944	-9.14009	-99.9272	519.292	2170.55	100	0.290828	45.4563	9.98846	9.99999	9.99999	0	10.712	10.7121	10.7121	0
3	5	23	9.92576	99.3704	-9.51022	-99.929	497.037	2170.6	100	0.290642	45.4204	9.98937	9.99999	9.99999	0	10.712	10.7121	10.7121	0
3	5	22	9.5236	99.7779	-9.91181	-99.9307	474.809	2170.64	100	0.290465	45.3859	9.99023	9.99999	9.99999	0	10.712	10.7121	10.7121	0
3	5	21	9.12196	100.221	-10.349	-99.9327	452.508	2170.7	100	0.290296	45.3528	9.99106	9.99999	9.99999	0	10.712	10.7121	10.7121	0
3	5	20	8.7209	100.704	-10.8265	-99.9352	429.975	2170.77	100	0.206306	89.9998	9.99186	9.99998	9.99998	0	10.712	11.4242	11.4242	0
3	5	19	7.9209	101.817	-11.9271	-99.9373	407.127	2170.82	100	0.205884	89.9998	9.99333	9.99998	9.99998	0	10.712	11.4242	11.4242	0
3	5	18	7.1245	103.176	-13.2752	-99.9375	384.674	2170.8	100	0.289567	45.2102	9.99464	9.99999	9.99999	0	10.712	10.7121	10.7121	0
3	5	17	6.72805	103.976	-14.0691	-99.9384	362.502	2170.82	100	0.289445	45.1863	9.99525	9.99999	9.99999	0	10.712	10.7121	10.7121	0
3	5	16	6.33306	104.875	-14.9624	-99.9385	340.446	2170.82	100	0.28933	45.1637	9.99581	9.99999	9.99999	0	10.712	10.7121	10.7121	0
3	5	15	5.93983	105.893	-15.9746	-99.9387	318.409	2170.82	100	0.289223	45.1425	9.99634	9.99999	9.99999	0	10.712	10.7121	10.7121	0
3	5	14	5.54871	107.055	-17.1301	-99.9388	296.387	2170.81	100	0.289123	45.1229	9.99683	9.99999	9.99999	0	10.712	10.7121	10.7121	0
3	5	13	5.16021	108.391	-18.4605	-99.9389	274.28	2170.81	100	0.28903	45.1049	9.99729	9.99999	9.99999	0	10.712	10.7121	10.7121	0
3	5	12	4.77495	109.943	-20.0069	-99.9384	252.286	2170.78	100	0.288946	45.0879	9.9977	9.99999	9.99999	0	10.712	10.7121	10.7121	0
3	5	11	4.39378	111.765	-21.8235	-99.938	230.305	2170.76	100	0.288869	45.0728	9.99808	9.99999	9.99999	0	10.712	10.7121	10.7121	0
3	5	10	4.01788	113.93	-23.9828	-99.9374	208.336	2170.73	100	0.288798	45.0589	9.99843	9.99999	9.99999	0	10.712	10.7121	10.7121	0
3	5	9	3.64887	116.537	-26.5836	-99.9368	186.277	2170.71	100	0.288737	45.0466	9.99874	9.99999	9.99999	0	10.712	10.7121	10.7121	0
3	5	8	3.28907	119.721	-29.7618	-99.9357	164.327	2170.66	100	0.288683	45.0359	9.99901	9.99999	9.99999	0	10.712	10.7121	10.7121	0
3	6	40	17.2534	96.5858	-6.89316	-121.888	881.478	2168.98	100	0.295281	46.3003	9.96681	9.99999	9.99999	0	10.712	10.7121	10.7121	0
3	6	39	16.8484	96.7547	-7.05468	-121.894	858.59	2169.12	100	0.294945	46.2384	9.96843	9.99999	9.99999	0	10.712	10.7121	10.7121	0
3	6	38	16.4436	96.9317	-7.22428	-121.899	835.75	2169.25	100	0.294621	46.1781	9.96999	9.99999	9.99999	0	10.712	10.7121	10.7121	0
3	6	37	16.0389	97.1174	-7.40257	-121.906	812.858	2169.4	100	0.294305	46.1191	9.97152	9.99999	9.99999	0	10.712	10.7121	10.7121	0
3	6	36	15.6344	97.3125	-7.59023	-121.91	790.1	2169.49	100	0.293999	46.0617	9.973	9.99999	9.99999	0	10.712	10.7121	10.7121	0
3	6	35	15.23	97.5176	-7.78797	-121.914	767.393	2169.61	100	0.293704	46.0061	9.97444	9.99999	9.99999	0	10.712	10.7121	10.7121	0
3	6	34	14.8259	97.7337	-7.99665	-121.919	744.728	2169.72	100	0.293416	45.9517	9.97584	9.99999	9.99999	0	10.712	10.7121	10.7121	0
3	6	33	14.422	97.9616	-8.21716	-121.924	722.006	2169.85	100	0.293137	45.8989	9.97719	9.99999	9.99999	0	10.712	10.7121	10.7121	0
3	6	32	14.0183	98.2023	-8.45052	-121.928	699.415	2169.92	100	0.292868	45.848	9.9785	9.99999	9.99999	0	10.712	10.7121	10.7121	0
3	6	31	13.6148	98.457	-8.69786	-121.932	676.869	2170.02	100	0.292608	45.7983	9.97977	9.99999	9.99999	0	10.712	10.7121	10.7121	0
3	6	30	13.2117	98.727	-8.96046	-121.938	654.012	2170.19	100	0.209416	89.9998	9.981	9.99998	9.99998	0	10.712	11.4242	11.4242	0
3	6	29	12.4063	99.3186	-9.53731	-121.943	631.112	2170.3	100	0.291876	45.6587	9.98333	9.99999	9.99999	0	10.712	10.7121	10.7121	0
3	6	28	12.0041	99.6436	-9.855	-121.946	608.702	2170.35	100	0.291651	45.6152	9.98443	9.99999	9.99999	0	10.712	10.7121	10.7121	0
3	6	27	11.6023	99.9908	-10.1949	-121.949	586.33	2170.42	100	0.291432	45.5731	9.9855	9.99999	9.99999	0	10.712	10.7121	10.7121	0
3	6	26	11.201	100.363	-10.5593	-121.952	563.988	2170.48	100	0.291222	45.5328	9.98653	9.99999	9.99999	0	10.712	10.7121	10.7121	0
3	6	25	10.8002	100.762	-10.951	-121.955	541.578	2170.56	100	0.291021	45.4939	9.98751	9.99999	9.99999	0	10.712	10.7121	10.7121	0
3	6	24	10.3999	101.191	-11.373	-121.957	519.292	2170.6	100	0.290829	45.4564	9.98846	9.99999	9.99999	0	10.712	10.7121	10.7121	0
3	6	23	10.0002	101.654	-11.829	-121.959	497.037	2170.65	100	0.290643	45.4206	9.98937	9.99999	9.99999	0	10.712	10.7121	10.7121	0
3	6	22	9.60124	102.156	-12.3232	-121.961	474.809	2170.69	100	0.290465	45.3859	9.99023	9.99999	9.99999	0	10.712	10.7121	10.7121	0
3	6	21	9.20305	102.7	-12.8603	-121.963	452.508	2170.75	100	0.290296	45.3528	9.99106	9.99999	9.99999	0	10.712	10.7121	10.7121	0
3	6	20	8.80575	103.293	-13.4462	-121.966	429.975	2170.82	100	0.206304	90	9.99186	9.99998	9.99998	0	10.712	11.4242	11.4242	0
3	6	19	8.01434	104.654	-14.7926	-121.969	407.127	2170.87	100	0.205884	90.0001	9.99333	9.99998	9.99998	0	10.712	11.4242	11.4242	0
3	6	18	7.22837	106.31	-16.4341	-121.969	384.674	2170.85	100	0.289567	45.2102	9.99464	9.99999	9.99999	0	10.712	10.7121	10.7121	0
3	6	17	6.83801	107.28	-17.3963	-121.97	362.502	2170.87	100	0.289444	45.1864	9.99525	9.99999	9.99999	0	10.712	10.7121	10.7121	0
3	6	16	6.44982	108.366	-18.4749	-121.97	340.446	2170.87	100	0.28933	45.1638	9.99581	9.99999	9.99999	0	10.712	10.7121	10.7121	0
3	6	15	6.06422	109.59	-19.6916	-121.97	318.409	2170.86	100	0.289223	45.1427	9.99634	9.99999	9.99999	0	10.712	10.7121	10.7121	0
3	6	14	5.68173	110.979	-21.0731	-121.97	296.387	2170.86	100	0.289124	45.123	9.99683	9.99999	9.99999	0	10.712	10.7121	10.7121	0
3	6	13	5.30305	112.566	-22.6532	-121.97	274.28	2170.86	100	0.28903	45.1047	9.99729	9.99999	9.99999	0	10.712	10.7121	10.7121	0
3	6	12	4.92902	114.395	-24.4752	-121.97	252.286	2170.83	100	0.288946	45.0879	9.9977	9.99999	9.99999	0	10.712	10.7121	10.7121	0
3	6	11	4.56081	116.521	-26.5941	-121.969	230.305	2170.81	100	0.288868	45.0727	9.99808	9.99999	9.99999	0	10.712	10.7121	10.7121	0
3	6	10	4.19994	119.016	-29.0815	-121.968	208.336	2170.78	100	0.288799	45.0591	9.99843	9.99999	9.99999	0	10.712	10.7121	10.7121	0
3	6	9	3.84848	121.972	-32.0302	-121.967	186.277	2170.76	100	0.288738	45.0466	9.99874	9.99999	9.99999	0	10.712	10.7121	10.7121	0
3	6	8	3.50926	125.509	-35.5604	-121.966	164.327	2170.71	100	0.288682	45.0356	9.99901	9.99999	9.99999	0	10.712	10.7121	10.7121	0
3	7	39	16.9011	98.0885	-8.44847	-143.819	858.59	2169.16	100	0.294946	46.2383	9.96843	9.99999	9.99999	0	10.712	10.7121	10.7121	0
3	7	38	16.4976	98.2996	-8.65066	-143.826	835.75	2169.29	100	0.294621	46.1778	9.96999	9.99999	9.99999	0	10.712	10.7121	10.7121	0
3	7	37	16.0944	98.5209	-8.86313	-143.833	812.858	2169.45	100	0.294306	46.1192	9.97152	9.99999	9.99999	0	10.712	10.7121	10.7121	0
3	7	36	15.6914	98.7534	-9.08668	-143.838	790.1	2169.54	100	0.294	46.0616	9.973	9.99999	9.99999	0	10.712	10.7121	10.7121	0
3	7	35	15.2886	98.9977	-9.32217	-143.843	767.393	2169.66	100	0.293703	46.006	9.97444	9.99999	9.99999	0	10.712	10.7121	10.7121	0
3	7	34	14.8862	99.255	-9.57056	-143.849	744.728	2169.77	100	0.293417	45.9515	9.97584	9.99999	9.99999	0	10.712	10.7121	10.7121	0
3	7	33	14.484	99.5262	-9.83292	-143.855	722.006	2169.9	100	0.293137	45.8989	9.97719	9.99999	9.99999	0	10.712	10.7121	10.7121	0
3	7	32	14.0822	99.8126	-10.1104	-143.859	699.415	2169.97	100	0.292867	45.8478	9.9785	9.99999	9.99999	0	10.712	10.7121	10.7121	0
3	7	31	13.6807	100.115	-10.4044	-143.864	676.869	2170.07	100	0.292607	45.7982	9.97977	9.99999	9.99999	0	10.712	10.7121	10.7121	0
3	7	30	13.2796	100.436	-10.7164	-143.871	654.012	2170.24	100	0.209416	90.0002	9.981	9.99998	9.99998	0	10.712	11.4242	11.4242	0
3	7	29	12.4787	101.138	-11.4009	-143.877	631.112	2170.34	100	0.291877	45.6587	9.98333	9.99999	9.99999	0	10.712	10.7121	10.7121	0
3	7	28	12.0791	101.524	-11.7775	-143.88	608.702	2170.4	100	0.29165	45.6153	9.98443	9.99999	9.99999	0	10.712	10.7121	10.7121	0
3	7	27	11.6799	101.935	-12.1801	-143.884	586.33	2170.47	100	0.291433	45.5731	9.9855	9.99999	9.99999	0	10.712	10.7121	10.7121	0
3	7	26	11.2814	102.375	-12.6113	-143.887	563.988	2170.53	100	0.291223	45.5328	9.98653	9.99999	9.99999	0	10.712	10.7121	10.7121	0
3	7	25	10.8836	102.847	-13.0743	-143.891	541.578	2170.61	100	0.291022	45.4938	9.98751	9.99999	9.99999	0	10.712	10.7121	10.7121	0
3	7	24	10.4866	103.354	-13.5726	-143.893	519.292	2170.65	100	0.290827	45.4565	9.98846	9.99999	9.99999	0	10.712	10.7121	10.7121	0
3	7	23	10.0905	103.901	-14.1103	-143.895	497.037	2170.7	100	0.290642	45.4202	9.98937	9.99999	9.99999	0	10.712	10.7121	10.7121	0
3	7	22	9.69528	104.491	-14.6922	-143.898	474.809	2170.74	100	0.290466	45.3859	9.99023	9.99999	9.99999	0	10.712	10.7121	10.7121	0
3	7	21	9.30119	105.131	-15.3237	-143.9	452.508	2170.79	100	0.290296	45.353	9.99106	9.99999	9.99999	0	10.712	10.7121	10.7121	0
3	7	20	8.90834	105.828	-16.0112	-143.904	429.975	2170.87	100	0.206305	90.0002	9.99186	9.99998	9.99998	0	10.712	11.4242	11.4242	0
3	7	19	8.12709	107.42	-17.5859	-143.907	407.127	2170.92	100	0.205884	89.9999	9.99333	9.99998	9.99998	0	10.712	11.4242	11.4242	0
3	7	18	7.35333	109.347	-19.495	-143.907	384.674	2170.9	100	0.289568	45.2103	9.99464	9.99999	9.99999	0	10.712	10.7121	10.7121	0
3	7	17	6.97005	110.469	-20.6084	-143.908	362.502	2170.92	100	0.289443	45.1861	9.99525	9.99999	9.99999	0	10.712	10.7121	10.7121	0
3	7	16	6.58971	111.72	-21.8511	-143.908	340.446	2170.91	100	0.289331	45.1637	9.99581	9.99999	9.99999	0	10.712	10.7121	10.7121	0
3	7	15	6.21287	113.123	-23.2456	-143.908	318.409	2170.91	100	0.289222	45.1427	9.99634	9.99999	9.99999	0	10.712	10.7121	10.7121	0
3	7	14	5.84021	114.706	-24.8196	-143.908	296.387	2170.91	100	0.289122	45.1229	9.99683	9.99999	9.99999	0	10.712	10.7121	10.7121	0
3	7	13	5.47256	116.502	-26.6069	-143.908	274.28	2170.9	100	0.28903	45.1048	9.99729	9.99999	9.99999	0	10.712	10.7121	10.7121	0
3	7	12	5.11103	118.554	-28.6498	-143.907	252.286	2170.88	100	0.288947	45.0879	9.9977	9.99999	9.99999	0	10.712	10.7121	10.7121	0
3	7	11	4.75699	120.913	-31.0005	-143.906	230.305	2170.86	100	0.28887	45.0728	9.99808	9.99999	9.99999	0	10.712	10.7121	10.7121	0
3	7	10	4.41226	123.646	-33.7243	-143.905	208.336	2170.83	100	0.288799	45.0589	9.99843	9.99999	9.99999	0	10.712	10.7121	10.7121	0
3	7	9	4.0792	126.832	-36.9015	-143.904	186.277	2170.8	100	0.288737	45.0465	9.99874	9.99999	9.99999	0	10.712	10.7121	10.7121	0
3	7	8	3.76091	130.569	-40.6303	-143.903	164.327	2170.76	100	0.288681	45.0354	9.99901	9.99999	9.99999	0	10.712	10.7121	10.7121	0
3	7	7	3.46147	134.974	-45.0262	-143.901	142.386	2170.72	100	0.288633	45.0261	9.99924	9.99999	9.99999	0	10.712	10.7121	10.7121	0
3	8	39	16.9632	99.4131	-9.83311	-165.752	858.59	2169.21	100	0.294945	46.2384	9.96843	9.99999	9.99999	0	10.712	10.7121	10.7121	0
3	8	38	16.5613	99.6576	-10.0672	-165.759	835.75	2169.34	100	0.294621	46.1782	9.96999	9.99999	9.99999	0	10.712	10.7121	10.7121	0
3	8	37	16.1598	99.9138	-10.313	-165.768	812.858	2169.49	100	0.294307	46.1191	9.97152	9.99999	9.99999	0	10.712	10.7121	10.7121	0
3	8	36	15.7585	100.183	-10.5716	-165.773	790.1	2169.58	100	0.294	46.0616	9.973	9.99999	9.99999	0	10.712	10.7121	10.7121	0
3	8	35	15.3576	100.465	-10.8439	-165.779	767.393	2169.7	100	0.293704	46.006	9.97444	9.99999	9.99999	0	10.712	10.7121	10.7121	0
3	8	34	14.9571	100.763	-11.131	-165.786	744.728	2169.81	100	0.293417	45.9518	9.97584	9.99999	9.99999	0	10.712	10.7121	10.7121	0
3	8	33	14.557	101.076	-11.434	-165.793	722.006	2169.94	100	0.293138	45.899	9.97719	9.99999	9.99999	0	10.712	10.7121	10.7121	0
3	8	32	14.1573	101.407	-11.7544	-165.797	699.415	2170.01	100	0.292868	45.848	9.9785	9.99999	9.99999	0	10.712	10.7121	10.7121	0
3	8	31	13.7581	101.756	-12.0935	-165.803	676.869	2170.11	100	0.292607	45.7981	9.97977	9.99999	9.99999	0	10.712	10.7121	10.7121	0
3	8	30	13.3594	102.126	-12.4532	-165.812	654.012	2170.28	100	0.209417	90.0001	9.981	9.99998	9.99998	0	10.712	11.4242	11.4242	0
3	8	29	12.5638	102.935	-13.2415	-165.818	631.112	2170.38	100	0.291877	45.6587	9.98333	9.99999	9.99999	0	10.712	10.7121	10.7121	0
3	8	28	12.167	103.379	-13.6747	-165.821	608.702	2170.44	100	0.291649	45.6152	9.98443	9.99999	9.99999	0	10.712	10.7121	10.7121	0
3	8	27	11.771	103.851	-14.1372	-165.825	586.33	2170.51	100	0.291432	45.5731	9.9855	9.99999	9.99999	0	10.712	10.7121	10.7121	0
3	8	26	11.3758	104.357	-14.6321	-165.829	563.988	2170.57	100	0.291223	45.5329	9.98653	9.99999	9.99999	0	10.712	10.7121	10.7121	0
3	8	25	10.9815	104.898	-15.1629	-165.834	541.578	2170.65	100	0.291021	45.4941	9.98751	9.99999	9.99999	0	10.712	10.7121	10.7121	0
3	8	24	10.5882	105.479	-15.7335	-165.836	519.292	2170.69	100	0.290828	45.4564	9.98846	9.99999	9.99999	0	10.712	10.7121	10.7121	0
3	8	23	10.1961	106.104	-16.3482	-165.839	497.037	2170.74	100	0.290642	45.4205	9.98937	9.99999	9.99999	0	10.712	10.7121	10.7121	0
3	8	22	9.80526	106.778	-17.0123	-165.841	474.809	2170.78	100	0.290466	45.3861	9.99023	9.99999	9.99999	0	10.712	10.7121	10.7121	0
3	8	21	9.41586	107.508	-17.7318	-165.845	452.508	2170.84	100	0.290297	45.353	9.99106	9.99999	9.99999	0	10.712	10.7121	10.7121	0
3	8	20	9.02809	108.299	-18.5134	-165.849	429.975	2170.91	100	0.206305	90	9.99186	9.99998	9.99998	0	10.712	11.4242	11.4242	0
3	8	19	8.25835	110.104	-20.2971	-165.852	407.127	2170.96	100	0.205884	89.9999	9.99333	9.99998	9.99998	0	10.712	11.4242	11.4242	0
3	8	18	7.49833	112.273	-22.4462	-165.852	384.674	2170.94	100	0.289568	45.2104	9.99464	9.99999	9.99999	0	10.712	10.7121	10.7121	0
3	8	17	7.12293	113.53	-23.6924	-165.853	362.502	2170.96	100	0.289446	45.1862	9.99525	9.99999	9.99999	0	10.712	10.7121	10.7121	0
3	8	16	6.7513	114.924	-25.0769	-165.853	340.446	2170.95	100	0.28933	45.164	9.99581	9.99999	9.99999	0	10.712	10.7121	10.7121	0
3	8	15	6.38409	116.48	-26.6221	-165.853	318.409	2170.95	100	0.289223	45.1426	9.99634	9.99999	9.99999	0	10.712	10.7121	10.7121	0
3	8	14	6.02211	118.222	-28.3548	-165.853	296.387	2170.95	100	0.289123	45.1229	9.99683	9.99999	9.99999	0	10.712	10.7121	10.7121	0
3	8	13	5.66636	120.185	-30.3075	-165.853	274.28	2170.94	100	0.28903	45.1047	9.99729	9.99999	9.99999	0	10.712	10.7121	10.7121	0
3	8	12	5.3181	122.407	-32.5193	-165.852	252.286	2170.92	100	0.288946	45.088	9.9977	9.99999	9.99999	0	10.712	10.7121	10.7121	0
3	8	11	4.97889	124.935	-35.0371	-165.851	230.305	2170.9	100	0.28887	45.0727	9.99808	9.99999	9.99999	0	10.712	10.7121	10.7121	0
3	8	10	4.65071	127.825	-37.917	-165.85	208.336	2170.87	100	0.288799	45.0587	9.99843	9.99999	9.99999	0	10.712	10.7121	10.7121	0
3	8	9	4.33608	131.143	-41.2248	-165.849	186.277	2170.84	100	0.288736	45.0466	9.99874	9.99999	9.99999	0	10.712	10.7121	10.7121	0
3	8	8	4.03816	134.964	-45.0356	-165.847	164.327	2170.8	100	0.288681	45.0357	9.99901	9.99999	9.99999	0	10.712	10.7121	10.7121	0
3	8	7	3.76091	139.37	-49.4308	-165.845	142.386	2170.76	100	0.288634	45.0263	9.99924	9.99999	9.99999	0	10.712	10.7121	10.7121	0
3	8	6	3.50926	144.44	-54.4905	-165.843	120.452	2170.71	100	0.288593	45.0183	9.99944	9.99999	9.99999	0	10.712	10.7121	10.7121	0
3	8	5	3.28907	150.238	-60.2789	-165.84	98.4245	2170.66	100	0.288561	45.0114	9.9996	9.99999	9.99999	0	10.712	10.7121	10.7121	0
3	9	39	17.0345	100.727	-11.2072	-187.693	858.59	2169.25	100	0.294945	46.2384	9.96843	9.99999	9.99999	0	10.712	10.7121	10.7121	0
3	9	38	16.6345	101.004	-11.4723	-187.701	835.75	2169.38	100	0.294621	46.1781	9.96999	9.99999	9.99999	0	10.712	10.7121	10.7121	0
3	9	37	16.2348	101.294	-11.7508	-187.711	812.858	2169.53	100	0.294306	46.1191	9.97152	9.99999	9.99999	0	10.712	10.7121	10.7121	0
3	9	36	15.8356	101.599	-12.0434	-187.717	790.1	2169.63	100	0.294	46.0617	9.973	9.99999	9.99999	0	10.712	10.7121	10.7121	0
3	9	35	15.4368	101.919	-12.3514	-187.724	767.393	2169.74	100	0.293703	46.0059	9.97444	9.99999	9.99999	0	10.712	10.7121	10.7121	0
3	9	34	15.0385	102.255	-12.6759	-187.731	744.728	2169.85	100	0.293415	45.9517	9.97584	9.99999	9.99999	0	10.712	10.7121	10.7121	0
3	9	33	14.6407	102.609	-13.0183	-187.739	722.006	2169.98	100	0.293138	45.8991	9.97719	9.99999	9.99999	0	10.712	10.7121	10.7121	0
3	9	32	14.2435	102.983	-13.3801	-187.744	699.415	2170.06	100	0.292868	45.8478	9.9785	9.99999	9.99999	0	10.712	10.7121	10.7121	0
3	9	31	13.8469	103.377	-13.7628	-187.75	676.869	2170.15	100	0.292607	45.7984	9.97977	9.99999	9.99999	0	10.712	10.7121	10.7121	0
3	9	30	13.4509	103.795	-14.1683	-187.761	654.012	2170.32	100	0.209417	90.0001	9.981	9.99998	9.99998	0	10.712	11.4242	11.4242	0
3	9	29	12.6613	104.706	-15.056	-187.768	631.112	2170.43	100	0.291877	45.6587	9.98333	9.99999	9.99999	0	10.712	10.7121	10.7121	0
3	9	28	12.2678	105.205	-15.543	-187.772	608.702	2170.48	100	0.29165	45.6153	9.98443	9.99999	9.99999	0	10.712	10.7121	10.7121	0
3	9	27	11.8752	105.736	-16.0626	-187.776	586.33	2170.55	100	0.291432	45.5734	9.9855	9.99999	9.99999	0	10.712	10.7121	10.7121	0
3	9	26	11.4837	106.303	-16.6179	-187.78	563.988	2170.62	100	0.291223	45.5328	9.98653	9.99999	9.99999	0	10.712	10.7121	10.7121	0
3	9	25	11.0933	106.909	-17.2126	-187.785	541.578	2170.69	100	0.291022	45.4937	9.98751	9.99999	9.99999	0	10.712	10.7121	10.7121	0
3	9	24	10.7042	107.56	-17.8509	-187.788	519.292	2170.73	100	0.290828	45.4564	9.98846	9.99999	9.99999	0	10.712	10.7121	10.7121	0
3	9	23	10.3166	108.258	-18.5376	-187.791	497.037	2170.78	100	0.290643	45.4203	9.98937	9.99999	9.99999	0	10.712	10.7121	10.7121	0
3	9	22	9.93064	109.01	-19.278	-187.794	474.809	2170.82	100	0.290465	45.3858	9.99023	9.99999	9.99999	0	10.712	10.7121	10.7121	0
3	9	21	9.54646	109.822	-20.0786	-187.798	452.508	2170.88	100	0.290295	45.353	9.99106	9.99999	9.99999	0	10.712	10.7121	10.7121	0
3	9	20	9.16432	110.702	-20.9464	-187.802	429.975	2170.95	100	0.206305	89.9999	9.99186	9.99998	9.99998	0	10.712	11.4242	11.4242	0
3	9	19	8.40727	112.697	-22.9185	-187.806	407.127	2171	100	0.205885	90.0002	9.99333	9.99998	9.99998	0	10.712	11.4242	11.4242	0
3	9	18	7.66222	115.081	-25.279	-187.805	384.674	2170.98	100	0.289568	45.2106	9.99464	9.99999	9.99999	0	10.712	10.7121	10.7121	0
3	9	17	7.29536	116.453	-26.6395	-187.807	362.502	2171	100	0.289445	45.1863	9.99525	9.99999	9.99999	0	10.712	10.7121	10.7121	0
3	9	16	6.93308	117.969	-28.1436	-187.807	340.446	2171	100	0.28933	45.1638	9.99581	9.99999	9.99999	0	10.712	10.7121	10.7121	0
3	9	15	6.57612	119.65	-29.8125	-187.807	318.409	2171	100	0.289224	45.1425	9.99634	9.99999	9.99999	0	10.712	10.7121	10.7121	0
3	9	14	6.22541	121.521	-31.6718	-187.807	296.387	2170.99	100	0.289122	45.123	9.99683	9.99999	9.99999	0	10.712	10.7121	10.7121	0
3	9	13	5.88205	123.611	-33.7509	-187.807	274.28	2170.99	100	0.28903	45.1046	9.99729	9.99999	9.99999	0	10.712	10.7121	10.7121	0
3	9	12	5.54743	125.957	-36.0848	-187.806	252.286	2170.96	100	0.288947	45.088	9.9977	9.99999	9.99999	0	10.712	10.7121	10.7121	0
3	9	11	5.22323	128.597	-38.7137	-187.805	230.305	2170.94	100	0.288868	45.0726	9.99808	9.99999	9.99999	0	10.712	10.7121	10.7121	0
3	9	10	4.91149	131.579	-41.6838	-187.803	208.336	2170.91	100	0.288799	45.0589	9.99843	9.99999	9.99999	0	10.712	10.7121	10.7121	0
3	9	9	4.61474	134.953	-45.0465	-187.802	186.277	2170.89	100	0.288737	45.0467	9.99874	9.99999	9.99999	0	10.712	10.7121	10.7121	0
3	9	8	4.33608	138.775	-48.8566	-187.8	164.327	2170.84	100	0.288681	45.0358	9.99901	9.99999	9.99999	0	10.712	10.7121	10.7121	0
3	9	7	4.0792	143.098	-53.1682	-187.797	142.386	2170.8	100	0.288634	45.0261	9.99924	9.99999	9.99999	0	10.712	10.7121	10.7121	0
3	9	6	3.84848	147.97	-58.0279	-187.795	120.452	2170.76	100	0.288593	45.0181	9.99944	9.99999	9.99999	0	10.712	10.7121	10.7121	0
3	9	5	3.64887	153.416	-63.4628	-187.792	98.4245	2170.71	100	0.28856	45.0117	9.9996	9.99999	9.99999	0	10.712	10.7121	10.7121	0
3	9	4	3.48572	159.431	-69.4658	-187.789	76.5021	2170.65	100	0.288536	45.0064	9.99973	9.99999	9.99999	0	10.712	10.7121	10.7121	0
3	9	3	3.36435	165.956	-75.9788	-187.785	54.5839	2170.58	100	0.288517	45.0031	9.99982	9.99999	9.99999	0	10.712	10.7121	10.7121	0
3	9	2	3.28937	172.871	-82.8827	-187.781	32.6689	2170.52	100	0.288504	45.0008	9.99988	9.99999	9.99999	0	10.712	10.7121	10.7121	0
3	9	1	3.264	180	-90	-187.777	10.6548	2170.44	100	0.288097	45.1119	9.99989	9.99999	9.99999	0	10.7121	10.712	10.712	0
3	10	39	17.115	102.029	-12.5695	-209.744	858.59	2169.28	100	0.294946	46.2384	9.96843	9.99999	9.99999	0	10.712	10.7121	10.7121	0
3	10	38	16.717	102.338	-12.8648	-209.753	835.75	2169.41	100	0.29462	46.1782	9.96999	9.99999	9.99999	0	10.712	10.7121	10.7121	0
3	10	37	16.3195	102.661	-13.1748	-209.763	812.858	2169.56	100	0.294305	46.119	9.97152	9.99999	9.99999	0	10.712	10.7121	10.7121	0
3	10	36	15.9225	103	-13.5004	-209.77	790.1	2169.65	100	0.294	46.0616	9.973	9.99999	9.99999	0	10.712	10.7121	10.7121	0
3	10	35	15.5261	103.356	-13.8429	-209.778	767.393	2169.77	100	0.293703	46.0059	9.97444	9.99999	9.99999	0	10.712	10.7121	10.7121	0
3	10	34	15.1302	103.73	-14.2036	-209.786	744.728	2169.88	100	0.293416	45.9517	9.97584	9.99999	9.99999	0	10.712	10.7121	10.7121	0
3	10	33	14.735	104.124	-14.5839	-209.795	722.006	2170.01	100	0.293138	45.8991	9.97719	9.99999	9.99999	0	10.712	10.7121	10.7121	0
3	10	32	14.3406	104.539	-14.9854	-209.8	699.415	2170.08	100	0.292867	45.8481	9.9785	9.99999	9.99999	0	10.712	10.7121	10.7121	0
3	10	31	13.9468	104.976	-15.4099	-209.807	676.869	2170.18	100	0.292607	45.7982	9.97977	9.99999	9.99999	0	10.712	10.7121	10.7121	0
3	10	30	13.5539	105.439	-15.8592	-209.819	654.012	2170.35	100	0.209416	90.0001	9.981	9.99998	9.99998	0	10.712	11.4242	11.4242	0
3	10	29	12.7709	106.448	-16.8415	-209.827	631.112	2170.45	100	0.291877	45.6587	9.98333	9.99999	9.99999	0	10.712	10.7121	10.7121	0
3	10	28	12.3809	106.999	-17.3796	-209.831	608.702	2170.51	100	0.29165	45.6153	9.98443	9.99999	9.99999	0	10.712	10.7121	10.7121	0
3	10	27	11.9922	107.586	-17.9529	-209.836	586.33	2170.58	100	0.291432	45.5735	9.9855	9.99999	9.99999	0	10.712	10.7121	10.7121	0
3	10	26	11.6047	108.211	-18.5649	-209.84	563.988	2170.64	100	0.291222	45.5328	9.98653	9.99999	9.99999	0	10.712	10.7121	10.7121	0
3	10	25	11.2187	108.878	-19.2194	-209.846	541.578	2170.72	100	0.29102	45.4939	9.98751	9.99999	9.99999	0	10.712	10.7121	10.7121	0
3	10	24	10.8342	109.593	-19.9208	-209.849	519.292	2170.76	100	0.290828	45.4562	9.98846	9.99999	9.99999	0	10.712	10.7121	10.7121	0
3	10	23	10.4516	110.359	-20.6739	-209.852	497.037	2170.81	100	0.290643	45.4205	9.98937	9.99999	9.99999	0	10.712	10.7121	10.7121	0
3	10	22	10.0709	111.183	-21.4845	-209.855	474.809	2170.85	100	0.290466	45.386	9.99023	9.99999	9.99999	0	10.712	10.7121	10.7121	0
3	10	21	9.69235	112.071	-22.359	-209.859	452.508	2170.91	100	0.290296	45.3531	9.99106	9.99999	9.99999	0	10.712	10.7121	10.7121	0
3	10	20	9.3163	113.029	-23.3046	-209.864	429.975	2170.98	100	0.206304	89.9998	9.99186	9.99998	9.99998	0	10.712	11.4242	11.4242	0
3	10	19	8.5729	115.195	-25.4444	-209.868	407.127	2171.03	100	0.205884	89.9996	9.99333	9.99998	9.99998	0	10.712	11.4242	11.4242	0
3	10	18	7.84383	117.765	-27.9877	-209.868	384.674	2171.01	100	0.289567	45.2105	9.99464	9.99999	9.99999	0	10.712	10.7121	10.7121	0
3	10	17	7.48598	119.235	-29.4444	-209.87	362.502	2171.03	100	0.289446	45.1861	9.99525	9.99999	9.99999	0	10.712	10.7121	10.7121	0
3	10	16	7.13349	120.85	-31.0465	-209.869	340.446	2171.02	100	0.28933	45.1638	9.99581	9.99999	9.99999	0	10.712	10.7121	10.7121	0
3	10	15	6.78718	122.631	-32.8142	-209.87	318.409	2171.02	100	0.289222	45.1428	9.99634	9.99999	9.99999	0	10.712	10.7121	10.7121	0
3	10	14	6.44806	124.6	-34.7702	-209.869	296.387	2171.02	100	0.289123	45.1229	9.99683	9.99999	9.99999	0	10.712	10.7121	10.7121	0
3	10	13	6.11732	126.784	-36.9411	-209.869	274.28	2171.01	100	0.28903	45.1047	9.99729	9.99999	9.99999	0	10.712	10.7121	10.7121	0
3	10	12	5.79639	129.213	-39.3566	-209.868	252.286	2170.99	100	0.288947	45.0879	9.9977	9.99999	9.99999	0	10.712	10.7121	10.7121	0
3	10	11	5.487	131.92	-42.0503	-209.867	230.305	2170.97	100	0.288868	45.0727	9.99808	9.99999	9.99999	0	10.712	10.7121	10.7121	0
3	10	10	5.19121	134.941	-45.0589	-209.865	208.336	2170.94	100	0.288799	45.059	9.99843	9.99999	9.99999	0	10.712	10.7121	10.7121	0
3	10	9	4.91149	138.316	-48.4208	-209.864	186.277	2170.91	100	0.288736	45.0465	9.99874	9.99999	9.99999	0	10.712	10.7121	10.7121	0
3	10	8	4.65071	142.083	-52.1745	-209.861	164.327	2170.87	100	0.288682	45.0358	9.99901	9.99999	9.99999	0	10.712	10.7121	10.7121	0
3	10	7	4.41227	146.276	-56.3542	-209.859	142.386	2170.83	100	0.288634	45.0261	9.99924	9.99999	9.99999	0	10.712	10.7121	10.7121	0
3	10	6	4.19994	150.918	-60.9838	-209.856	120.452	2170.78	100	0.288593	45.0184	9.99944	9.99999	9.99999	0	10.712	10.7121	10.7121	0
3	10	5	4.01788	156.017	-66.0695	-209.853	98.4245	2170.73	100	0.28856	45.0116	9.9996	9.99999	9.99999	0	10.712	10.7121	10.7121	0
3	10	4	3.87036	161.551	-71.5899	-209.849	76.5021	2170.67	100	0.288536	45.0064	9.99973	9.99999	9.99999	0	10.712	10.7121	10.7121	0
3	10	3	3.76145	167.462	-77.4882	-209.845	54.5839	2170.61	100	0.288516	45.0028	9.99982	9.99999	9.99999	0	10.712	10.7121	10.7121	0
3	10	2	3.69457	173.655	-83.6685	-209.841	32.6689	2170.54	100	0.288505	45.0007	9.99988	9.99999	9.99999	0	10.712	10.7121	10.7121	0
3	10	1	3.672	180	-90	-209.836	10.6548	2170.47	100	0.288097	45.1119	9.99989	9.99999	9.99999	0	10.7121	10.712	10.712	0
3	11	38	16.8088	103.658	-14.2432	-231.715	835.75	2169.43	100	0.294621	46.1778	9.96999	9.99999	9.99999	0	10.712	10.7121	10.7121	0
3	11	37	16.4136	104.013	-14.5837	-231.726	812.858	2169.59	100	0.294306	46.119	9.97152	9.99999	9.99999	0	10.712	10.7121	10.7121	0
3	11	36	16.0191	104.385	-14.9411	-231.734	790.1	2169.68	100	0.294001	46.0619	9.973	9.99999	9.99999	0	10.712	10.7121	10.7121	0
3	11	35	15.6253	104.776	-15.3169	-231.742	767.393	2169.79	100	0.293703	46.0058	9.97444	9.99999	9.99999	0	10.712	10.7121	10.7121	0
3	11	34	15.2321	105.186	-15.7123	-231.751	744.728	2169.9	100	0.293416	45.9517	9.97584	9.99999	9.99999	0	10.712	10.7121	10.7121	0
3	11	33	14.8398	105.618	-16.129	-231.761	722.006	2170.03	100	0.293137	45.899	9.97719	9.99999	9.99999	0	10.712	10.7121	10.7121	0
3	11	32	14.4483	106.072	-16.5685	-231.767	699.415	2170.11	100	0.292868	45.8477	9.9785	9.99999	9.99999	0	10.712	10.7121	10.7121	0
3	11	31	14.0577	106.551	-17.0327	-231.774	676.869	2170.2	100	0.292607	45.7983	9.97977	9.99999	9.99999	0	10.712	10.7121	10.7121	0
3	11	30	13.6681	107.057	-17.5238	-231.787	654.012	2170.38	100	0.209415	90.0001	9.981	9.99998	9.99998	0	10.712	11.4242	11.4242	0
3	11	29	12.8922	108.158	-18.5956	-231.796	631.112	2170.48	100	0.291878	45.6589	9.98333	9.99999	9.99999	0	10.712	10.7121	10.7121	0
3	11	28	12.5062	108.759	-19.1817	-231.8	608.702	2170.53	100	0.291651	45.6152	9.98443	9.99999	9.99999	0	10.712	10.7121	10.7121	0
3	11	27	12.1216	109.397	-19.8054	-231.806	586.33	2170.6	100	0.291433	45.5731	9.9855	9.99999	9.99999	0	10.712	10.7121	10.7121	0
3	11	26	11.7385	110.077	-20.4703	-231.811	563.988	2170.67	100	0.291222	45.5329	9.98653	9.99999	9.99999	0	10.712	10.7121	10.7121	0
3	11	25	11.3572	110.801	-21.1802	-231.817	541.578	2170.75	100	0.291021	45.4939	9.98751	9.99999	9.99999	0	10.712	10.7121	10.7121	0
3	11	24	10.9777	111.575	-21.9397	-231.82	519.292	2170.78	100	0.290828	45.4563	9.98846	9.99999	9.99999	0	10.712	10.7121	10.7121	0
3	11	23	10.6003	112.404	-22.7537	-231.824	497.037	2170.83	100	0.290643	45.4202	9.98937	9.99999	9.99999	0	10.712	10.7121	10.7121	0
3	11	22	10.2253	113.293	-23.628	-231.828	474.809	2170.88	100	0.290465	45.3859	9.99023	9.99999	9.99999	0	10.712	10.7121	10.7121	0
3	11	21	9.85284	114.249	-24.5691	-231.832	452.508	2170.93	100	0.290297	45.3531	9.99106	9.99999	9.99999	0	10.712	10.7121	10.7121	0
3	11	20	9.48328	115.278	-25.5841	-231.837	429.975	2171	100	0.206306	89.9998	9.99186	9.99998	9.99998	0	10.712	11.4242	11.4242	0
3	11	19	8.75432	117.594	-27.8707	-231.842	407.127	2171.05	100	0.205884	90.0001	9.99333	9.99998	9.99998	0	10.712	11.4242	11.4242	0
3	11	18	8.04196	120.322	-30.5692	-231.841	384.674	2171.04	100	0.289566	45.2102	9.99464	9.99999	9.99999	0	10.712	10.7121	10.7121	0
3	11	17	7.69344	121.872	-32.1048	-231.843	362.502	2171.06	100	0.289445	45.1863	9.99525	9.99999	9.99999	0	10.712	10.7121	10.7121	0
3	11	16	7.35101	123.567	-33.7852	-231.843	340.446	2171.05	100	0.28933	45.1638	9.99581	9.99999	9.99999	0	10.712	10.7121	10.7121	0
3	11	15	7.01556	125.425	-35.6285	-231.843	318.409	2171.05	100	0.289223	45.1427	9.99634	9.99999	9.99999	0	10.712	10.7121	10.7121	0
3	11	14	6.68814	127.466	-37.655	-231.843	296.387	2171.04	100	0.289123	45.1229	9.99683	9.99999	9.99999	0	10.712	10.7121	10.7121	0
3	11	13	6.36998	129.713	-39.8876	-231.843	274.28	2171.04	100	0.289031	45.1047	9.99729	9.99999	9.99999	0	10.712	10.7121	10.7121	0
3	11	12	6.06255	132.191	-42.3511	-231.841	252.286	2171.01	100	0.288947	45.0879	9.9977	9.99999	9.99999	0	10.712	10.7121	10.7121	0
3	11	11	5.76755	134.927	-45.0727	-231.84	230.305	2170.99	100	0.288869	45.0727	9.99808	9.99999	9.99999	0	10.712	10.7121	10.7121	0
3	11	10	5.487	137.95	-48.0805	-231.838	208.336	2170.97	100	0.288798	45.0588	9.99843	9.99999	9.99999	0	10.712	10.7121	10.7121	0
3	11	9	5.22323	141.286	-51.4026	-231.836	186.277	2170.94	100	0.288736	45.0463	9.99874	9.99999	9.99999	0	10.712	10.7121	10.7121	0
3	11	8	4.97889	144.963	-55.0647	-231.833	164.327	2170.9	100	0.288681	45.0355	9.99901	9.99999	9.99999	0	10.712	10.7121	10.7121	0
3	11	7	4.75699	148.999	-59.0867	-231.831	142.386	2170.85	100	0.288634	45.026	9.99924	9.99999	9.99999	0	10.712	10.7121	10.7121	0
3	11	6	4.56081	153.406	-63.4785	-231.827	120.452	2170.81	100	0.288592	45.0183	9.99944	9.99999	9.99999	0	10.712	10.7121	10.7121	0
3	11	5	4.39378	158.177	-68.2347	-231.824	98.4245	2170.76	100	0.288561	45.0116	9.9996	9.99999	9.99999	0	10.712	10.7121	10.7121	0
3	11	4	4.25935	163.285	-73.3286	-231.82	76.5021	2170.7	100	0.288535	45.0063	9.99973	9.99999	9.99999	0	10.712	10.7121	10.7121	0
3	11	3	4.16066	168.68	-78.7091	-231.815	54.5839	2170.64	100	0.288517	45.0028	9.99982	9.99999	9.99999	0	10.712	10.7121	10.7121	0
3	11	2	4.10031	174.285	-84.299	-231.81	32.6689	2170.57	100	0.288506	45.0008	9.99988	9.99999	9.99999	0	10.712	10.7121	10.7121	0
3	11	1	4.08	180	-90	-231.806	10.6548	2170.5	100	0.288096	45.1116	9.99989	9.99999	9.99999	0	10.7121	10.712	10.712	0
3	12	38	16.9097	104.963	-15.6064	-253.688	835.75	2169.46	100	0.294621	46.1778	9.96999	9.99999	9.99999	0	10.712	10.7121	10.7121	0
3	12	37	16.5171	105.349	-15.9762	-253.701	812.858	2169.61	100	0.294306	46.1189	9.97152	9.99999	9.99999	0	10.712	10.7121	10.7121	0
3	12	36	16.1252	105.753	-16.3642	-253.709	790.1	2169.7	100	0.293999	46.0614	9.973	9.99999	9.99999	0	10.712	10.7121	10.7121	0
3	12	35	15.7341	106.177	-16.7718	-253.718	767.393	2169.82	100	0.293703	46.0059	9.97444	9.99999	9.99999	0	10.712	10.7121	10.7121	0
3	12	34	15.3439	106.622	-17.2005	-253.728	744.728	2169.93	100	0.293416	45.9517	9.97584	9.99999	9.99999	0	10.712	10.7121	10.7121	0
3	12	33	14.9547	107.089	-17.6518	-253.739	722.006	2170.06	100	0.293137	45.899	9.97719	9.99999	9.99999	0	10.712	10.7121	10.7121	0
3	12	32	14.5664	107.581	-18.1275	-253.745	699.415	2170.13	100	0.292867	45.848	9.9785	9.99999	9.99999	0	10.712	10.7121	10.7121	0
3	12	31	14.1792	108.099	-18.6295	-253.753	676.869	2170.23	100	0.292607	45.7984	9.97977	9.99999	9.99999	0	10.712	10.7121	10.7121	0
3	12	30	13.7932	108.646	-19.16	-253.767	654.012	2170.4	100	0.209415	90	9.981	9.99998	9.99998	0	10.712	11.4242	11.4242	0
3	12	29	13.0251	109.835	-20.316	-253.777	631.112	2170.5	100	0.291877	45.6588	9.98333	9.99999	9.99999	0	10.712	10.7121	10.7121	0
3	12	28	12.6432	110.482	-20.947	-253.781	608.702	2170.56	100	0.291651	45.6151	9.98443	9.99999	9.99999	0	10.712	10.7121	10.7121	0
3	12	27	12.263	111.168	-21.6176	-253.787	586.33	2170.63	100	0.291433	45.5732	9.9855	9.99999	9.99999	0	10.712	10.7121	10.7121	0
3	12	26	11.8847	111.898	-22.3313	-253.793	563.988	2170.69	100	0.291222	45.5326	9.98653	9.99999	9.99999	0	10.712	10.7121	10.7121	0
3	12	25	11.5083	112.675	-23.0922	-253.8	541.578	2170.77	100	0.291021	45.4938	9.98751	9.99999	9.99999	0	10.712	10.7121	10.7121	0
3	12	24	11.1341	113.504	-23.9048	-253.803	519.292	2170.8	100	0.290827	45.4563	9.98846	9.99999	9.99999	0	10.712	10.7121	10.7121	0
3	12	23	10.7624	114.389	-24.7741	-253.807	497.037	2170.85	100	0.290642	45.4206	9.98937	9.99999	9.99999	0	10.712	10.7121	10.7121	0
3	12	22	10.3933	115.337	-25.7057	-253.811	474.809	2170.9	100	0.290465	45.386	9.99023	9.99999	9.99999	0	10.712	10.7121	10.7121	0
3	12	21	10.0272	116.354	-26.7061	-253.816	452.508	2170.95	100	0.290297	45.353	9.99106	9.99999	9.99999	0	10.712	10.7121	10.7121	0
3	12	20	9.66449	117.446	-27.7823	-253.822	429.975	2171.03	100	0.206304	90	9.99186	9.99998	9.99998	0	10.712	11.4242	11.4242	0
3	12	19	8.95056	119.891	-30.1955	-253.826	407.127	2171.07	100	0.205885	89.9998	9.99333	9.99998	9.99998	0	10.712	11.4242	11.4242	0
3	12	18	8.25541	122.751	-33.0227	-253.826	384.674	2171.06	100	0.289568	45.2105	9.99464	9.99999	9.99999	0	10.712	10.7121	10.7121	0
3	12	17	7.91642	124.365	-34.6213	-253.828	362.502	2171.08	100	0.289445	45.1863	9.99525	9.99999	9.99999	0	10.712	10.7121	10.7121	0
3	12	16	7.58418	126.122	-36.3618	-253.828	340.446	2171.07	100	0.289331	45.1637	9.99581	9.99999	9.99999	0	10.712	10.7121	10.7121	0
3	12	15	7.25963	128.036	-38.2604	-253.828	318.409	2171.07	100	0.289223	45.1426	9.99634	9.99999	9.99999	0	10.712	10.7121	10.7121	0
3	12	14	6.94384	130.127	-40.3346	-253.827	296.387	2171.06	100	0.289123	45.1228	9.99683	9.99999	9.99999	0	10.712	10.7121	10.7121	0
3	12	13	6.63806	132.412	-42.6037	-253.827	274.28	2171.06	100	0.28903	45.1048	9.99729	9.99999	9.99999	0	10.712	10.7121	10.7121	0
3	12	12	6.34374	134.912	-45.088	-253.826	252.286	2171.04	100	0.288946	45.0881	9.9977	9.99999	9.99999	0	10.712	10.7121	10.7121	0
3	12	11	6.06255	137.649	-47.8088	-253.824	230.305	2171.01	100	0.288869	45.0727	9.99808	9.99999	9.99999	0	10.712	10.7121	10.7121	0
3	12	10	5.79639	140.643	-50.7873	-253.822	208.336	2170.99	100	0.288798	45.0587	9.99843	9.99999	9.99999	0	10.712	10.7121	10.7121	0
3	12	9	5.54744	143.915	-54.0432	-253.82	186.277	2170.96	100	0.288736	45.0463	9.99874	9.99999	9.99999	0	10.712	10.7121	10.7121	0
3	12	8	5.3181	147.481	-57.5927	-253.817	164.327	2170.92	100	0.288682	45.0356	9.99901	9.99999	9.99999	0	10.712	10.7121	10.7121	0
3	12	7	5.11103	151.35	-61.4462	-253.814	142.386	2170.88	100	0.288633	45.0262	9.99924	9.99999	9.99999	0	10.712	10.7121	10.7121	0
3	12	6	4.92902	155.525	-65.6048	-253.81	120.452	2170.83	100	0.288594	45.0182	9.99944	9.99999	9.99999	0	10.712	10.7121	10.7121	0
3	12	5	4.77495	159.993	-70.057	-253.807	98.4245	2170.78	100	0.288561	45.0116	9.9996	9.99999	9.99999	0	10.712	10.7121	10.7121	0
3	12	4	4.65159	164.728	-74.7757	-253.802	76.5021	2170.72	100	0.288534	45.0066	9.99973	9.99999	9.99999	0	10.712	10.7121	10.7121	0
3	12	3	4.56143	169.684	-79.7161	-253.797	54.5839	2170.66	100	0.288518	45.0029	9.99982	9.99999	9.99999	0	10.712	10.7121	10.7121	0
3	12	2	4.50647	174.8	-84.8162	-253.792	32.6689	2170.59	100	0.288506	45.0007	9.99988	9.99999	9.99999	0	10.712	10.7121	10.7121	0
3	12	1	4.488	180	-90	-253.786	10.6548	2170.52	100	0.288098	45.112	9.99989	9.99999	9.99999	0	10.7121	10.712	10.712	0
3	13	1	4.896	180	-90	-275.781	10.6548	2170.54	100	0.288097	45.1119	9.99989	9.99999	9.99999	0	10.7121	10.712	10.712	0
3	13	2	4.91293	175.231	-85.248	-275.787	32.6689	2170.62	100	0.288506	45.0007	9.99988	9.99999	9.99999	0	10.712	10.7121	10.7121	0
3	13	3	4.96337	170.526	-80.5606	-275.792	54.5839	2170.68	100	0.288516	45.0031	9.99982	9.99999	9.99999	0	10.712	10.7121	10.7121	0
3	13	4	5.04632	165.945	-75.9976	-275.798	76.5021	2170.75	100	0.288536	45.0065	9.99973	9.99999	9.99999	0	10.712	10.7121	10.7121	0
3	13	5	5.16021	161.539	-71.6092	-275.803	98.4245	2170.81	100	0.288561	45.0117	9.9996	9.99999	9.99999	0	10.712	10.7121	10.7121	0
3	13	6	5.30304	157.347	-67.434	-275.807	120.452	2170.85	100	0.288594	45.018	9.99944	9.99999	9.99999	0	10.712	10.7121	10.7121	0
3	13	7	5.47256	153.393	-63.4978	-275.811	142.386	2170.9	100	0.288635	45.0261	9.99924	9.99999	9.99999	0	10.712	10.7121	10.7121	0
3	13	8	5.66636	149.693	-59.8146	-275.814	164.327	2170.94	100	0.288681	45.0356	9.99901	9.99999	9.99999	0	10.712	10.7121	10.7121	0
3	13	9	5.88205	146.249	-56.3887	-275.818	186.277	2170.99	100	0.288737	45.0465	9.99874	9.99999	9.99999	0	10.712	10.7121	10.7121	0
3	13	10	6.11732	143.059	-53.216	-275.82	208.336	2171.01	100	0.2888	45.0588	9.99843	9.99999	9.99999	0	10.712	10.7121	10.7121	0
3	13	11	6.36998	140.112	-50.2869	-275.822	230.305	2171.04	100	0.288869	45.0725	9.99808	9.99999	9.99999	0	10.712	10.7121	10.7121	0
3	13	12	6.63807	137.396	-47.5883	-275.824	252.286	2171.06	100	0.288945	45.0881	9.9977	9.99999	9.99999	0	10.712	10.7121	10.7121	0
3	13	13	6.91977	134.895	-45.1047	-275.826	274.28	2171.09	100	0.289031	45.1047	9.99729	9.99999	9.99999	0	10.712	10.7121	10.7121	0
3	13	14	7.21351	132.593	-42.8198	-275.826	296.387	2171.09	100	0.289124	45.123	9.99683	9.99999	9.99999	0	10.712	10.7121	10.7121	0
3	13	15	7.51786	130.473	-40.7173	-275.826	318.409	2171.09	100	0.289224	45.1427	9.99634	9.99999	9.99999	0	10.712	10.7121	10.7121	0
3	13	16	7.8316	128.519	-38.7812	-275.826	340.446	2171.1	100	0.28933	45.1636	9.99581	9.99999	9.99999	0	10.712	10.7121	10.7121	0
3	13	17	8.15363	126.717	-36.9966	-275.826	362.502	2171.1	100	0.289445	45.1864	9.99525	9.99999	9.99999	0	10.712	10.7121	10.7121	0
3	13	18	8.48302	125.053	-35.3495	-275.824	384.674	2171.08	100	0.289568	45.2106	9.99464	9.99999	9.99999	0	10.712	10.7121	10.7121	0
3	13	19	9.16067	122.086	-32.4179	-275.825	407.127	2171.1	100	0.205884	90.0001	9.99333	9.99998	9.99998	0	10.712	11.4242	11.4242	0
3	13	20	9.85913	119.53	-29.8974	-275.82	429.975	2171.05	100	0.206305	90.0004	9.99186	9.99998	9.99998	0	10.712	11.4242	11.4242	0
3	13	21	10.2148	118.384	-28.7681	-275.813	452.508	2170.98	100	0.290296	45.353	9.99106	9.99999	9.99999	0	10.712	10.7121	10.7121	0
3	13	22	10.5743	117.313	-27.7156	-275.808	474.809	2170.92	100	0.290465	45.3861	9.99023	9.99999	9.99999	0	10.712	10.7121	10.7121	0
3	13	23	10.9371	116.313	-26.733	-275.804	497.037	2170.88	100	0.290643	45.4203	9.98937	9.99999	9.99999	0	10.712	10.7121	10.7121	0
3	13	24	11.303	115.377	-25.8141	-275.799	519.292	2170.83	100	0.290828	45.4564	9.98846	9.99999	9.99999	0	10.712	10.7121	10.7121	0
3	13	25	11.6716	114.499	-24.9535	-275.796	541.578	2170.79	100	0.291021	45.4939	9.98751	9.99999	9.99999	0	10.712	10.7121	10.7121	0
3	13	26	12.0427	113.674	-24.146	-275.788	563.988	2170.72	100	0.291222	45.533	9.98653	9.99999	9.99999	0	10.712	10.7121	10.7121	0
3	13	27	12.4161	112.897	-23.3874	-275.782	586.33	2170.65	100	0.291433	45.5732	9.9855	9.99999	9.99999	0	10.712	10.7121	10.7121	0
3	13	28	12.7916	112.166	-22.6735	-275.776	608.702	2170.58	100	0.291651	45.615	9.98443	9.99999	9.99999	0	10.712	10.7121	10.7121	0
3	13	29	13.169	111.476	-22.0008	-275.771	631.112	2170.53	100	0.291877	45.6587	9.98333	9.99999	9.99999	0	10.712	10.7121	10.7121	0
3	13	30	13.9289	110.206	-20.7661	-275.761	654.012	2170.42	100	0.209416	90.0003	9.981	9.99998	9.99998	0	10.712	11.4242	11.4242	0
3	13	31	14.3111	109.62	-20.1986	-275.745	676.869	2170.25	100	0.292606	45.7984	9.97977	9.99999	9.99999	0	10.712	10.7121	10.7121	0
3	13	32	14.6946	109.065	-19.6609	-275.737	699.415	2170.16	100	0.292869	45.8478	9.9785	9.99999	9.99999	0	10.712	10.7121	10.7121	0
3	13	33	15.0795	108.537	-19.151	-275.73	722.006	2170.08	100	0.293138	45.8989	9.97719	9.99999	9.99999	0	10.712	10.7121	10.7121	0
3	13	34	15.4655	108.035	-18.6668	-275.718	744.728	2169.95	100	0.293415	45.9515	9.97584	9.99999	9.99999	0	10.712	10.7121	10.7121	0
3	13	35	15.8525	107.557	-18.2065	-275.708	767.393	2169.84	100	0.293702	46.0057	9.97444	9.99999	9.99999	0	10.712	10.7121	10.7121	0
3	13	36	16.2406	107.102	-17.7684	-275.697	790.1	2169.73	100	0.294	46.0619	9.973	9.99999	9.99999	0	10.712	10.7121	10.7121	0
3	13	37	16.6296	106.666	-17.3511	-275.688	812.858	2169.63	100	0.294305	46.1191	9.97152	9.99999	9.99999	0	10.712	10.7121	10.7121	0
3	13	38	17.0194	106.251	-16.9532	-275.675	835.75	2169.48	100	0.29462	46.1778	9.96999	9.99999	9.99999	0	10.712	10.7121	10.7121	0
3	14	1	5.304	180	-90	-297.887	10.6548	2170.55	100	0.288098	45.112	9.99989	9.99999	9.99999	0	10.7121	10.712	10.712	0
3	14	2	5.31962	175.595	-85.6139	-297.894	32.6689	2170.62	100	0.288506	45.0006	9.99988	9.99999	9.99999	0	10.712	10.7121	10.7121	0
3	14	3	5.36622	171.241	-81.2787	-297.9	54.5839	2170.69	100	0.288517	45.0031	9.99982	9.99999	9.99999	0	10.712	10.7121	10.7121	0
3	14	4	5.44301	166.986	-77.0422	-297.906	76.5021	2170.75	100	0.288535	45.0065	9.99973	9.99999	9.99999	0	10.712	10.7121	10.7121	0
3	14	5	5.54871	162.87	-72.9455	-297.911	98.4245	2170.81	100	0.288561	45.0117	9.9996	9.99999	9.99999	0	10.712	10.7121	10.7121	0
3	14	6	5.68174	158.927	-69.0214	-297.916	120.452	2170.86	100	0.288593	45.0182	9.99944	9.99999	9.99999	0	10.712	10.7121	10.7121	0
3	14	7	5.8402	155.18	-65.2938	-297.92	142.386	2170.9	100	0.288634	45.026	9.99924	9.99999	9.99999	0	10.712	10.7121	10.7121	0
3	14	8	6.02211	151.645	-61.7775	-297.924	164.327	2170.95	100	0.288681	45.0354	9.99901	9.99999	9.99999	0	10.712	10.7121	10.7121	0
3	14	9	6.2254	148.328	-58.4795	-297.928	186.277	2170.99	100	0.288737	45.0466	9.99874	9.99999	9.99999	0	10.712	10.7121	10.7121	0
3	14	10	6.44806	145.23	-55.3999	-297.93	208.336	2171.01	100	0.288798	45.0588	9.99843	9.99999	9.99999	0	10.712	10.7121	10.7121	0
3	14	11	6.68814	142.345	-52.534	-297.932	230.305	2171.04	100	0.288869	45.0727	9.99808	9.99999	9.99999	0	10.712	10.7121	10.7121	0
3	14	12	6.94384	139.665	-49.8734	-297.934	252.286	2171.06	100	0.288946	45.0877	9.9977	9.99999	9.99999	0	10.712	10.7121	10.7121	0
3	14	13	7.21351	137.18	-47.4071	-297.936	274.28	2171.09	100	0.289031	45.1047	9.99729	9.99999	9.99999	0	10.712	10.7121	10.7121	0
3	14	14	7.49562	134.877	-45.1229	-297.936	296.387	2171.09	100	0.289123	45.123	9.99683	9.99999	9.99999	0	10.712	10.7121	10.7121	0
3	14	15	7.78884	132.743	-43.008	-297.937	318.409	2171.1	100	0.289223	45.1425	9.99634	9.99999	9.99999	0	10.712	10.7121	10.7121	0
3	14	16	8.09195	130.766	-41.0495	-297.936	340.446	2171.1	100	0.289329	45.1637	9.99581	9.99999	9.99999	0	10.712	10.7121	10.7121	0
3	14	17	8.40389	128.932	-39.2349	-297.937	362.502	2171.11	100	0.289445	45.1862	9.99525	9.99999	9.99999	0	10.712	10.7121	10.7121	0
3	14	18	8.7237	127.23	-37.5522	-297.935	384.674	2171.09	100	0.289568	45.2104	9.99464	9.99999	9.99999	0	10.712	10.7121	10.7121	0
3	14	19	9.38371	124.179	-34.5385	-297.935	407.127	2171.1	100	0.205884	89.9998	9.99333	9.99998	9.99998	0	10.712	11.4242	11.4242	0
3	14	20	10.0664	121.531	-31.9288	-297.93	429.975	2171.05	100	0.206305	90.0001	9.99186	9.99998	9.99998	0	10.712	11.4242	11.4242	0
3	14	21	10.4149	120.337	-30.7541	-297.923	452.508	2170.98	100	0.290296	45.3532	9.99106	9.99999	9.99999	0	10.712	10.7121	10.7121	0
3	14	22	10.7675	119.221	-29.6563	-297.918	474.809	2170.93	100	0.290466	45.386	9.99023	9.99999	9.99999	0	10.712	10.7121	10.7121	0
3	14	23	11.1239	118.174	-28.6289	-297.913	497.037	2170.88	100	0.290642	45.4206	9.98937	9.99999	9.99999	0	10.712	10.7121	10.7121	0
3	14	24	11.4837	117.192	-27.666	-297.908	519.292	2170.83	100	0.290828	45.4562	9.98846	9.99999	9.99999	0	10.712	10.7121	10.7121	0
3	14	25	11.8465	116.269	-26.7622	-297.904	541.578	2170.8	100	0.291021	45.494	9.98751	9.99999	9.99999	0	10.712	10.7121	10.7121	0
3	14	26	12.2122	115.401	-25.9128	-297.896	563.988	2170.72	100	0.291223	45.533	9.98653	9.99999	9.99999	0	10.712	10.7121	10.7121	0
3	14	27	12.5804	114.582	-25.1132	-297.89	586.33	2170.65	100	0.291433	45.5732	9.9855	9.99999	9.99999	0	10.712	10.7121	10.7121	0
3	14	28	12.951	113.81	-24.3597	-297.883	608.702	2170.58	100	0.29165	45.6152	9.98443	9.99999	9.99999	0	10.712	10.7121	10.7121	0
3	14	29	13.3237	113.079	-23.6485	-297.877	631.112	2170.53	100	0.291877	45.6588	9.98333	9.99999	9.99999	0	10.712	10.7121	10.7121	0
3	14	30	14.0749	111.733	-22.3408	-297.866	654.012	2170.43	100	0.209417	90	9.981	9.99998	9.99998	0	10.712	11.4242	11.4242	0
3	14	31	14.4531	111.112	-21.7386	-297.85	676.869	2170.26	100	0.292607	45.7984	9.97977	9.99999	9.99999	0	10.712	10.7121	10.7121	0
3	14	32	14.8328	110.522	-21.1674	-297.841	699.415	2170.16	100	0.292868	45.848	9.9785	9.99999	9.99999	0	10.712	10.7121	10.7121	0
3	14	33	15.214	109.96	-20.6252	-297.833	722.006	2170.09	100	0.293137	45.8989	9.97719	9.99999	9.99999	0	10.712	10.7121	10.7121	0
3	14	34	15.5965	109.426	-20.1099	-297.82	744.728	2169.96	100	0.293415	45.9517	9.97584	9.99999	9.99999	0	10.712	10.7121	10.7121	0
3	14	35	15.9802	108.916	-19.6195	-297.809	767.393	2169.85	100	0.293704	46.0058	9.97444	9.99999	9.99999	0	10.712	10.7121	10.7121	0
3	14	36	16.3651	108.43	-19.1526	-297.798	790.1	2169.73	100	0.294001	46.0619	9.973	9.99999	9.99999	0	10.712	10.7121	10.7121	0
3	14	37	16.751	107.966	-18.7074	-297.789	812.858	2169.64	100	0.294306	46.1191	9.97152	9.99999	9.99999	0	10.712	10.7121	10.7121	0
3	14	38	17.138	107.521	-18.2826	-297.774	835.75	2169.49	100	0.294621	46.178	9.96999	9.99999	9.99999	0	10.712	10.7121	10.7121	0
3	15	1	5.712	180	-90	-319.909	10.6548	2170.55	100	0.288099	45.1122	9.99989	9.99999	9.99999	0	10.7121	10.712	10.712	0
3	15	2	5.72651	175.908	-85.9279	-319.916	32.6689	2170.63	100	0.288505	45.0006	9.99988	9.99999	9.99999	0	10.712	10.7121	10.7121	0
3	15	3	5.7698	171.856	-81.8968	-319.923	54.5839	2170.69	100	0.288517	45.0029	9.99982	9.99999	9.99999	0	10.712	10.7121	10.7121	0
3	15	4	5.84125	167.884	-77.9451	-319.929	76.5021	2170.75	100	0.288535	45.0066	9.99973	9.99999	9.99999	0	10.712	10.7121	10.7121	0
3	15	5	5.93983	164.025	-74.1068	-319.935	98.4245	2170.81	100	0.288561	45.0115	9.9996	9.99999	9.99999	0	10.712	10.7121	10.7121	0
3	15	6	6.06422	160.308	-70.4102	-319.94	120.452	2170.86	100	0.288594	45.0181	9.99944	9.99999	9.99999	0	10.712	10.7121	10.7121	0
3	15	7	6.21287	156.754	-66.8765	-319.944	142.386	2170.91	100	0.288633	45.0262	9.99924	9.99999	9.99999	0	10.712	10.7121	10.7121	0
3	15	8	6.38409	153.378	-63.5205	-319.948	164.327	2170.95	100	0.288683	45.0355	9.99901	9.99999	9.99999	0	10.712	10.7121	10.7121	0
3	15	9	6.57612	150.187	-60.3503	-319.953	186.277	2170.99	100	0.288736	45.0466	9.99874	9.99999	9.99999	0	10.712	10.7121	10.7121	0
3	15	10	6.78718	147.186	-57.3691	-319.955	208.336	2171.02	100	0.2888	45.0588	9.99843	9.99999	9.99999	0	10.712	10.7121	10.7121	0
3	15	11	7.01556	144.372	-54.5751	-319.958	230.305	2171.05	100	0.288869	45.0726	9.99808	9.99999	9.99999	0	10.712	10.7121	10.7121	0
3	15	12	7.25963	141.74	-51.9636	-319.96	252.286	2171.07	100	0.288947	45.0878	9.9977	9.99999	9.99999	0	10.712	10.7121	10.7121	0
3	15	13	7.51786	139.283	-49.5271	-319.962	274.28	2171.09	100	0.28903	45.1048	9.99729	9.99999	9.99999	0	10.712	10.7121	10.7121	0
3	15	14	7.78884	136.992	-47.2568	-319.962	296.387	2171.1	100	0.289122	45.1228	9.99683	9.99999	9.99999	0	10.712	10.7121	10.7121	0
3	15	15	8.07129	134.857	-45.1426	-319.962	318.409	2171.1	100	0.289223	45.1428	9.99634	9.99999	9.99999	0	10.712	10.7121	10.7121	0
3	15	16	8.36404	132.869	-43.1744	-319.962	340.446	2171.1	100	0.28933	45.164	9.99581	9.99999	9.99999	0	10.712	10.7121	10.7121	0
3	15	17	8.66605	131.016	-41.3417	-319.963	362.502	2171.11	100	0.289445	45.1866	9.99525	9.99999	9.99999	0	10.712	10.7121	10.7121	0
3	15	18	8.97638	129.288	-39.6346	-319.96	384.674	2171.09	100	0.289567	45.2105	9.99464	9.99999	9.99999	0	10.712	10.7121	10.7121	0
3	15	19	9.61878	126.172	-36.5589	-319.961	407.127	2171.11	100	0.205884	90	9.99333	9.99998	9.99998	0	10.712	11.4242	11.4242	0
3	15	20	10.2856	123.449	-33.8768	-319.956	429.975	2171.06	100	0.206305	89.9999	9.99186	9.99998	9.99998	0	10.712	11.4242	11.4242	0
3	15	21	10.6268	122.215	-32.6639	-319.948	452.508	2170.99	100	0.290295	45.3529	9.99106	9.99999	9.99999	0	10.712	10.7121	10.7121	0
3	15	22	10.9724	121.058	-31.5274	-319.942	474.809	2170.93	100	0.290464	45.3859	9.99023	9.99999	9.99999	0	10.712	10.7121	10.7121	0
3	15	23	11.3222	119.971	-30.4612	-319.937	497.037	2170.89	100	0.290642	45.4204	9.98937	9.99999	9.99999	0	10.712	10.7121	10.7121	0
3	15	24	11.6757	118.949	-29.4596	-319.932	519.292	2170.84	100	0.290828	45.4563	9.98846	9.99999	9.99999	0	10.712	10.7121	10.7121	0
3	15	25	12.0326	117.987	-28.5175	-319.928	541.578	2170.8	100	0.29102	45.4938	9.98751	9.99999	9.99999	0	10.712	10.7121	10.7121	0
3	15	26	12.3926	117.079	-27.6304	-319.919	563.988	2170.72	100	0.291222	45.5325	9.98653	9.99999	9.99999	0	10.712	10.7121	10.7121	0
3	15	27	12.7554	116.222	-26.7939	-319.913	586.33	2170.66	100	0.291433	45.5731	9.9855	9.99999	9.99999	0	10.712	10.7121	10.7121	0
3	15	28	13.1209	115.412	-26.0042	-319.905	608.702	2170.59	100	0.291651	45.6154	9.98443	9.99999	9.99999	0	10.712	10.7121	10.7121	0
3	15	29	13.4887	114.645	-25.2579	-319.899	631.112	2170.54	100	0.291876	45.6587	9.98333	9.99999	9.99999	0	10.712	10.7121	10.7121	0
3	15	30	14.2309	113.229	-23.8827	-319.887	654.012	2170.43	100	0.209417	89.9998	9.981	9.99998	9.99998	0	10.712	11.4242	11.4242	0
3	15	31	14.6049	112.573	-23.2482	-319.87	676.869	2170.26	100	0.292607	45.7983	9.97977	9.99999	9.99999	0	10.712	10.7121	10.7121	0
3	15	32	14.9806	111.95	-22.6458	-319.86	699.415	2170.17	100	0.292868	45.8479	9.9785	9.99999	9.99999	0	10.712	10.7121	10.7121	0
3	15	33	15.3579	111.357	-22.0733	-319.851	722.006	2170.09	100	0.293136	45.8991	9.97719	9.99999	9.99999	0	10.712	10.7121	10.7121	0
3	15	34	15.7368	110.792	-21.5287	-319.838	744.728	2169.96	100	0.293416	45.9518	9.97584	9.99999	9.99999	0	10.712	10.7121	10.7121	0
3	15	35	16.117	110.253	-21.01	-319.826	767.393	2169.85	100	0.293704	46.0058	9.97444	9.99999	9.99999	0	10.712	10.7121	10.7121	0
3	15	36	16.4985	109.737	-20.5157	-319.814	790.1	2169.74	100	0.294	46.0615	9.973	9.99999	9.99999	0	10.712	10.7121	10.7121	0
3	15	37	16.8812	109.245	-20.044	-319.804	812.858	2169.65	100	0.294306	46.1188	9.97152	9.99999	9.99999	0	10.712	10.7121	10.7121	0
3	16	1	6.12	180	-90	-341.947	10.6548	2170.55	100	0.288097	45.1119	9.99989	9.99999	9.99999	0	10.7121	10.712	10.712	0
3	16	2	6.13353	176.179	-86.2004	-341.954	32.6689	2170.63	100	0.288506	45.0006	9.99988	9.99999	9.99999	0	10.712	10.7121	10.7121	0
3	16	3	6.17395	172.391	-82.4342	-341.961	54.5839	2170.69	100	0.288517	45.0028	9.99982	9.99999	9.99999	0	10.712	10.7121	10.7121	0
3	16	4	6.24074	168.667	-78.7328	-341.968	76.5021	2170.76	100	0.288534	45.0066	9.99973	9.99999	9.99999	0	10.712	10.7121	10.7121	0
3	16	5	6.33306	165.038	-75.1248	-341.974	98.4245	2170.82	100	0.288561	45.0116	9.9996	9.99999	9.99999	0	10.712	10.7121	10.7121	0
3	16	6	6.44982	161.525	-71.6341	-341.98	120.452	2170.86	100	0.288594	45.0181	9.99944	9.99999	9.99999	0	10.712	10.7121	10.7121	0
3	16	7	6.58971	158.149	-68.2798	-341.985	142.386	2170.91	100	0.288634	45.0262	9.99924	9.99999	9.99999	0	10.712	10.7121	10.7121	0
3	16	8	6.7513	154.923	-65.0758	-341.989	164.327	2170.95	100	0.28868	45.0354	9.99901	9.99999	9.99999	0	10.712	10.7121	10.7121	0
3	16	9	6.93308	151.856	-62.031	-341.993	186.277	2171	100	0.288736	45.0466	9.99874	9.99999	9.99999	0	10.712	10.7121	10.7121	0
3	16	10	7.13349	148.953	-59.1498	-341.996	208.336	2171.02	100	0.2888	45.0589	9.99843	9.99999	9.99999	0	10.712	10.7121	10.7121	0
3	16	11	7.35102	146.215	-56.433	-341.999	230.305	2171.05	100	0.288869	45.0725	9.99808	9.99999	9.99999	0	10.712	10.7121	10.7121	0
3	16	12	7.58419	143.638	-53.8782	-342.001	252.286	2171.07	100	0.288945	45.0878	9.9977	9.99999	9.99999	0	10.712	10.7121	10.7121	0
3	16	13	7.8316	141.219	-51.4807	-342.003	274.28	2171.09	100	0.28903	45.1047	9.99729	9.99999	9.99999	0	10.712	10.7121	10.7121	0
3	16	14	8.09195	138.95	-49.2342	-342.003	296.387	2171.1	100	0.289124	45.123	9.99683	9.99999	9.99999	0	10.712	10.7121	10.7121	0
3	16	15	8.36404	136.826	-47.1312	-342.004	318.409	2171.1	100	0.289223	45.1426	9.99634	9.99999	9.99999	0	10.712	10.7121	10.7121	0
3	16	16	8.64674	134.836	-45.1637	-342.004	340.446	2171.11	100	0.28933	45.1637	9.99581	9.99999	9.99999	0	10.712	10.7121	10.7121	0
3	16	17	8.93906	132.974	-43.3233	-342.004	362.502	2171.11	100	0.289445	45.1863	9.99525	9.99999	9.99999	0	10.712	10.7121	10.7121	0
3	16	18	9.24009	131.23	-41.6016	-342.002	384.674	2171.09	100	0.289568	45.2103	9.99464	9.99999	9.99999	0	10.712	10.7121	10.7121	0
3	16	19	9.86503	128.067	-38.4816	-342.003	407.127	2171.11	100	0.205885	90	9.99333	9.99998	9.99998	0	10.712	11.4242	11.4242	0
3	16	20	10.516	125.283	-35.7423	-341.997	429.975	2171.06	100	0.206305	90.0001	9.99186	9.99998	9.99998	0	10.712	11.4242	11.4242	0
3	16	21	10.8497	124.017	-34.498	-341.989	452.508	2170.99	100	0.290297	45.353	9.99106	9.99999	9.99999	0	10.712	10.7121	10.7121	0
3	16	22	11.1883	122.826	-33.329	-341.982	474.809	2170.93	100	0.290466	45.3859	9.99023	9.99999	9.99999	0	10.712	10.7121	10.7121	0
3	16	23	11.5314	121.705	-32.2295	-341.977	497.037	2170.89	100	0.290642	45.4203	9.98937	9.99999	9.99999	0	10.712	10.7121	10.7121	0
3	16	24	11.8785	120.648	-31.1943	-341.971	519.292	2170.84	100	0.290828	45.4565	9.98846	9.99999	9.99999	0	10.712	10.7121	10.7121	0
3	16	25	12.2293	119.65	-30.2186	-341.967	541.578	2170.8	100	0.291021	45.4939	9.98751	9.99999	9.99999	0	10.712	10.7121	10.7121	0
3	16	26	12.5835	118.707	-29.298	-341.958	563.988	2170.73	100	0.291222	45.5329	9.98653	9.99999	9.99999	0	10.712	10.7121	10.7121	0
3	16	27	12.9408	117.816	-28.4285	-341.951	586.33	2170.66	100	0.291432	45.5731	9.9855	9.99999	9.99999	0	10.712	10.7121	10.7121	0
3	16	28	13.301	116.971	-27.6063	-341.943	608.702	2170.59	100	0.291649	45.6152	9.98443	9.99999	9.99999	0	10.712	10.7121	10.7121	0
3	16	29	13.6638	116.171	-26.8279	-341.937	631.112	2170.54	100	0.291877	45.6588	9.98333	9.99999	9.99999	0	10.712	10.7121	10.7121	0
3	16	30	14.3966	114.69	-25.3908	-341.924	654.012	2170.43	100	0.209417	90.0004	9.981	9.99998	9.99998	0	10.712	11.4242	11.4242	0
3	16	31	14.7662	114.003	-24.7265	-341.905	676.869	2170.26	100	0.292606	45.7982	9.97977	9.99999	9.99999	0	10.712	10.7121	10.7121	0
3	16	32	15.1378	113.35	-24.0951	-341.894	699.415	2170.17	100	0.292867	45.8478	9.9785	9.99999	9.99999	0	10.712	10.7121	10.7121	0
3	16	33	15.5111	112.727	-23.4943	-341.886	722.006	2170.09	100	0.293137	45.8993	9.97719	9.99999	9.99999	0	10.712	10.7121	10.7121	0
3	16	34	15.8861	112.133	-22.9223	-341.871	744.728	2169.96	100	0.293417	45.9519	9.97584	9.99999	9.99999	0	10.712	10.7121	10.7121	0
3	16	35	16.2626	111.565	-22.377	-341.859	767.393	2169.85	100	0.293704	46.0058	9.97444	9.99999	9.99999	0	10.712	10.7121	10.7121	0
3	16	36	16.6406	111.023	-21.8568	-341.846	790.1	2169.74	100	0.294001	46.0618	9.973	9.99999	9.99999	0	10.712	10.7121	10.7121	0
3	16	37	17.0199	110.504	-21.3601	-341.835	812.858	2169.65	100	0.294306	46.119	9.97152	9.99999	9.99999	0	10.712	10.7121	10.7121	0
3	17	1	6.528	180	-90	-364.002	10.6548	2170.56	100	0.288097	45.1119	9.99989	9.99999	9.99999	0	10.7121	10.712	10.712	0
3	17	2	6.54068	176.416	-86.4391	-364.01	32.6689	2170.63	100	0.288505	45.001	9.99988	9.99999	9.99999	0	10.712	10.7121	10.7121	0
3	17	3	6.57858	172.859	-82.9058	-364.018	54.5839	2170.7	100	0.288517	45.0029	9.99982	9.99999	9.99999	0	10.712	10.7121	10.7121	0
3	17	4	6.64127	169.356	-79.4261	-364.025	76.5021	2170.76	100	0.288536	45.0063	9.99973	9.99999	9.99999	0	10.712	10.7121	10.7121	0
3	17	5	6.72805	165.931	-76.024	-364.032	98.4245	2170.82	100	0.288562	45.0116	9.9996	9.99999	9.99999	0	10.712	10.7121	10.7121	0
3	17	6	6.83801	162.604	-72.7201	-364.037	120.452	2170.87	100	0.288594	45.018	9.99944	9.99999	9.99999	0	10.712	10.7121	10.7121	0
3	17	7	6.97005	159.392	-69.5313	-364.043	142.386	2170.92	100	0.288634	45.0264	9.99924	9.99999	9.99999	0	10.712	10.7121	10.7121	0
3	17	8	7.12293	156.308	-66.4705	-364.047	164.327	2170.96	100	0.288682	45.0356	9.99901	9.99999	9.99999	0	10.712	10.7121	10.7121	0
3	17	9	7.29536	153.36	-63.5467	-364.052	186.277	2171	100	0.288737	45.0466	9.99874	9.99999	9.99999	0	10.712	10.7121	10.7121	0
3	17	10	7.48598	150.556	-60.7651	-364.055	208.336	2171.03	100	0.288799	45.059	9.99843	9.99999	9.99999	0	10.712	10.7121	10.7121	0
3	17	11	7.69344	147.895	-58.128	-364.058	230.305	2171.06	100	0.288869	45.0727	9.99808	9.99999	9.99999	0	10.712	10.7121	10.7121	0
3	17	12	7.91642	145.379	-55.6348	-364.06	252.286	2171.08	100	0.288945	45.088	9.9977	9.99999	9.99999	0	10.712	10.7121	10.7121	0
3	17	13	8.15363	143.003	-53.2828	-364.063	274.28	2171.1	100	0.28903	45.1047	9.99729	9.99999	9.99999	0	10.712	10.7121	10.7121	0
3	17	14	8.40388	140.765	-51.0678	-364.063	296.387	2171.1	100	0.289124	45.1229	9.99683	9.99999	9.99999	0	10.712	10.7121	10.7121	0
3	17	15	8.66604	138.658	-48.9843	-364.063	318.409	2171.11	100	0.289224	45.1428	9.99634	9.99999	9.99999	0	10.712	10.7121	10.7121	0
3	17	16	8.93906	136.677	-47.026	-364.063	340.446	2171.11	100	0.28933	45.1639	9.99581	9.99999	9.99999	0	10.712	10.7121	10.7121	0
3	17	17	9.22198	134.814	-45.1863	-364.064	362.502	2171.12	100	0.289445	45.1863	9.99525	9.99999	9.99999	0	10.712	10.7121	10.7121	0
3	17	18	9.5139	133.062	-43.4583	-364.061	384.674	2171.1	100	0.289568	45.2106	9.99464	9.99999	9.99999	0	10.712	10.7121	10.7121	0
3	17	19	10.1216	129.867	-40.3097	-364.062	407.127	2171.11	100	0.205884	90.0001	9.99333	9.99998	9.99998	0	10.712	11.4242	11.4242	0
3	17	20	10.7567	127.038	-37.5271	-364.056	429.975	2171.07	100	0.206305	90.0001	9.99186	9.99998	9.99998	0	10.712	11.4242	11.4242	0
3	17	21	11.083	125.745	-36.2575	-364.047	452.508	2171	100	0.290296	45.3529	9.99106	9.99999	9.99999	0	10.712	10.7121	10.7121	0
3	17	22	11.4146	124.525	-35.0616	-364.041	474.809	2170.94	100	0.290465	45.3861	9.99023	9.99999	9.99999	0	10.712	10.7121	10.7121	0
3	17	23	11.7508	123.374	-33.9341	-364.035	497.037	2170.9	100	0.290642	45.4204	9.98937	9.99999	9.99999	0	10.712	10.7121	10.7121	0
3	17	24	12.0915	122.287	-32.8702	-364.029	519.292	2170.85	100	0.290827	45.4563	9.98846	9.99999	9.99999	0	10.712	10.7121	10.7121	0
3	17	25	12.4361	121.259	-31.8654	-364.025	541.578	2170.81	100	0.291021	45.4939	9.98751	9.99999	9.99999	0	10.712	10.7121	10.7121	0
3	17	26	12.7844	120.285	-30.9154	-364.015	563.988	2170.73	100	0.291222	45.5329	9.98653	9.99999	9.99999	0	10.712	10.7121	10.7121	0
3	17	27	13.1361	119.363	-30.0165	-364.007	586.33	2170.67	100	0.291433	45.573	9.9855	9.99999	9.99999	0	10.712	10.7121	10.7121	0
3	17	28	13.4908	118.488	-29.1651	-363.999	608.702	2170.6	100	0.291651	45.6152	9.98443	9.99999	9.99999	0	10.712	10.7121	10.7121	0
3	17	29	13.8485	117.657	-28.3579	-363.992	631.112	2170.55	100	0.291877	45.6586	9.98333	9.99999	9.99999	0	10.712	10.7121	10.7121	0
3	17	30	14.5717	116.117	-26.8644	-363.979	654.012	2170.44	100	0.209416	89.9997	9.981	9.99998	9.99998	0	10.712	11.4242	11.4242	0
3	17	31	14.9367	115.401	-26.1726	-363.959	676.869	2170.27	100	0.292608	45.7982	9.97977	9.99999	9.99999	0	10.712	10.7121	10.7121	0
3	17	32	15.3039	114.719	-25.5144	-363.947	699.415	2170.18	100	0.292866	45.8481	9.9785	9.99999	9.99999	0	10.712	10.7121	10.7121	0
3	17	33	15.6731	114.069	-24.8875	-363.938	722.006	2170.1	100	0.293137	45.8991	9.97719	9.99999	9.99999	0	10.712	10.7121	10.7121	0
3	17	34	16.0441	113.448	-24.2899	-363.923	744.728	2169.97	100	0.293415	45.9517	9.97584	9.99999	9.99999	0	10.712	10.7121	10.7121	0
3	17	35	16.4168	112.854	-23.7197	-363.909	767.393	2169.86	100	0.293703	46.006	9.97444	9.99999	9.99999	0	10.712	10.7121	10.7121	0
3	17	36	16.7911	112.286	-23.1752	-363.896	790.1	2169.75	100	0.294001	46.0617	9.973	9.99999	9.99999	0	10.712	10.7121	10.7121	0
3	18	1	6.936	180	-90	-386.174	10.6548	2170.54	100	0.288098	45.112	9.99989	9.99999	9.99999	0	10.7121	10.712	10.712	0
3	18	2	6.94793	176.625	-86.65	-386.183	32.6689	2170.61	100	0.288507	45.0005	9.99988	9.99999	9.99999	0	10.712	10.7121	10.7121	0
3	18	3	6.9836	173.273	-83.3229	-386.191	54.5839	2170.68	100	0.288517	45.003	9.99982	9.99999	9.99999	0	10.712	10.7121	10.7121	0
3	18	4	7.04265	169.967	-80.0407	-386.198	76.5021	2170.74	100	0.288535	45.0063	9.99973	9.99999	9.99999	0	10.712	10.7121	10.7121	0
3	18	5	7.1245	166.725	-76.8237	-386.205	98.4245	2170.8	100	0.288559	45.0116	9.9996	9.99999	9.99999	0	10.712	10.7121	10.7121	0
3	18	6	7.22837	163.566	-73.6896	-386.211	120.452	2170.85	100	0.288593	45.0182	9.99944	9.99999	9.99999	0	10.712	10.7121	10.7121	0
3	18	7	7.35333	160.505	-70.6534	-386.217	142.386	2170.9	100	0.288634	45.0263	9.99924	9.99999	9.99999	0	10.712	10.7121	10.7121	0
3	18	8	7.49833	157.554	-67.7269	-386.222	164.327	2170.94	100	0.288681	45.0356	9.99901	9.99999	9.99999	0	10.712	10.7121	10.7121	0
3	18	9	7.66222	154.721	-64.9188	-386.227	186.277	2170.98	100	0.288737	45.0466	9.99874	9.99999	9.99999	0	10.712	10.7121	10.7121	0
3	18	10	7.84383	152.012	-62.2349	-386.23	208.336	2171.01	100	0.2888	45.0589	9.99843	9.99999	9.99999	0	10.712	10.7121	10.7121	0
3	18	11	8.04196	149.431	-59.6782	-386.233	230.305	2171.03	100	0.28887	45.0724	9.99808	9.99999	9.99999	0	10.712	10.7121	10.7121	0
3	18	12	8.25541	146.977	-57.2494	-386.235	252.286	2171.06	100	0.288946	45.0878	9.9977	9.99999	9.99999	0	10.712	10.7121	10.7121	0
3	18	13	8.48302	144.651	-54.9474	-386.238	274.28	2171.08	100	0.28903	45.1048	9.99729	9.99999	9.99999	0	10.712	10.7121	10.7121	0
3	18	14	8.7237	142.448	-52.7695	-386.238	296.387	2171.08	100	0.289124	45.1229	9.99683	9.99999	9.99999	0	10.712	10.7121	10.7121	0
3	18	15	8.97638	140.365	-50.7118	-386.239	318.409	2171.09	100	0.289223	45.1426	9.99634	9.99999	9.99999	0	10.712	10.7121	10.7121	0
3	18	16	9.24009	138.398	-48.7697	-386.239	340.446	2171.09	100	0.28933	45.1637	9.99581	9.99999	9.99999	0	10.712	10.7121	10.7121	0
3	18	17	9.5139	136.542	-46.9377	-386.239	362.502	2171.1	100	0.289444	45.1863	9.99525	9.99999	9.99999	0	10.712	10.7121	10.7121	0
3	18	18	9.79698	134.79	-45.2104	-386.237	384.674	2171.08	100	0.289567	45.2105	9.99464	9.99999	9.99999	0	10.712	10.7121	10.7121	0
3	18	19	10.3878	131.576	-42.0467	-386.238	407.127	2171.09	100	0.205885	90.0002	9.99333	9.99998	9.99998	0	10.712	11.4242	11.4242	0
3	18	20	11.0072	128.713	-39.2331	-386.231	429.975	2171.05	100	0.206306	90.0002	9.99186	9.99998	9.99998	0	10.712	11.4242	11.4242	0
3	18	21	11.3262	127.399	-37.9439	-386.222	452.508	2170.97	100	0.290297	45.3532	9.99106	9.99999	9.99999	0	10.712	10.7121	10.7121	0
3	18	22	11.6506	126.156	-36.7264	-386.215	474.809	2170.92	100	0.290465	45.3862	9.99023	9.99999	9.99999	0	10.712	10.7121	10.7121	0
3	18	23	11.9801	124.981	-35.5758	-386.209	497.037	2170.88	100	0.290641	45.4205	9.98937	9.99999	9.99999	0	10.712	10.7121	10.7121	0
3	18	24	12.3142	123.868	-34.4877	-386.203	519.292	2170.83	100	0.290827	45.4564	9.98846	9.99999	9.99999	0	10.712	10.7121	10.7121	0
3	18	25	12.6525	122.813	-33.4578	-386.198	541.578	2170.79	100	0.291021	45.4938	9.98751	9.99999	9.99999	0	10.712	10.7121	10.7121	0
3	18	26	12.9948	121.813	-32.4824	-386.188	563.988	2170.71	100	0.291224	45.5326	9.98653	9.99999	9.99999	0	10.712	10.7121	10.7121	0
3	18	27	13.3408	120.863	-31.5577	-386.18	586.33	2170.65	100	0.291433	45.5732	9.9855	9.99999	9.99999	0	10.712	10.7121	10.7121	0
3	18	28	13.6901	119.961	-30.6805	-386.171	608.702	2170.58	100	0.29165	45.6152	9.98443	9.99999	9.99999	0	10.712	10.7121	10.7121	0
3	18	29	14.0425	119.103	-29.8474	-386.164	631.112	2170.53	100	0.291877	45.6585	9.98333	9.99999	9.99999	0	10.712	10.7121	10.7121	0
3	18	30	14.7557	117.508	-28.3028	-386.15	654.012	2170.42	100	0.209417	89.9999	9.981	9.99998	9.99998	0	10.712	11.4242	11.4242	0
3	18	31	15.1161	116.766	-27.5861	-386.128	676.869	2170.25	100	0.292607	45.7983	9.97977	9.99999	9.99999	0	10.712	10.7121	10.7121	0
3	18	32	15.4789	116.058	-26.9032	-386.116	699.415	2170.16	100	0.292867	45.8479	9.9785	9.99999	9.99999	0	10.712	10.7121	10.7121	0
3	18	33	15.8438	115.382	-26.2521	-386.107	722.006	2170.08	100	0.293137	45.8991	9.97719	9.99999	9.99999	0	10.712	10.7121	10.7121	0
3	18	34	16.2107	114.736	-25.6308	-386.09	744.728	2169.95	100	0.293416	45.9518	9.97584	9.99999	9.99999	0	10.712	10.7121	10.7121	0
3	18	35	16.5794	114.117	-25.0374	-386.076	767.393	2169.84	100	0.293704	46.0061	9.97444	9.99999	9.99999	0	10.712	10.7121	10.7121	0
3	18	36	16.95	113.525	-24.4703	-386.061	790.1	2169.73	100	0.294	46.0617	9.973	9.99999	9.99999	0	10.712	10.7121	10.7121	0
3	19	1	7.752	180	-90	-408.981	10.6548	2170.51	100	0.288099	45.1122	9.99989	9.99999	9.99999	0	10.7121	10.712	10.712	0
3	19	2	7.76266	176.978	-87.0056	-408.99	32.6689	2170.58	100	0.288505	45.0007	9.99988	9.99999	9.99999	0	10.712	10.7121	10.7121	0
3	19	3	7.79457	173.972	-84.0276	-408.999	54.5839	2170.65	100	0.288516	45.0028	9.99982	9.99999	9.99999	0	10.712	10.7121	10.7121	0
3	19	4	7.84745	170.999	-81.082	-409.008	76.5021	2170.71	100	0.288535	45.0067	9.99973	9.99999	9.99999	0	10.712	10.7121	10.7121	0
3	19	5	7.9209	168.073	-78.1835	-409.016	98.4245	2170.77	100	0.288561	45.0116	9.9996	9.99999	9.99999	0	10.712	10.7121	10.7121	0
3	19	6	8.01434	165.207	-75.3456	-409.022	120.452	2170.82	100	0.288593	45.0181	9.99944	9.99999	9.99999	0	10.712	10.7121	10.7121	0
3	19	7	8.12709	162.414	-72.58	-409.028	142.386	2170.86	100	0.288634	45.0263	9.99924	9.99999	9.99999	0	10.712	10.7121	10.7121	0
3	19	8	8.25835	159.703	-69.8964	-409.034	164.327	2170.91	100	0.288682	45.0355	9.99901	9.99999	9.99999	0	10.712	10.7121	10.7121	0
3	19	9	8.40726	157.081	-67.3027	-409.04	186.277	2170.95	100	0.288737	45.0464	9.99874	9.99999	9.99999	0	10.712	10.7121	10.7121	0
3	19	10	8.5729	154.556	-64.8045	-409.043	208.336	2170.97	100	0.2888	45.0588	9.99843	9.99999	9.99999	0	10.712	10.7121	10.7121	0
3	19	11	8.75432	152.129	-62.4058	-409.046	230.305	2171	100	0.28887	45.0728	9.99808	9.99999	9.99999	0	10.712	10.7121	10.7121	0
3	19	12	8.95056	149.805	-60.1087	-409.049	252.286	2171.02	100	0.288946	45.0882	9.9977	9.99999	9.99999	0	10.712	10.7121	10.7121	0
3	19	13	9.16067	147.582	-57.9141	-409.052	274.28	2171.05	100	0.28903	45.1046	9.99729	9.99999	9.99999	0	10.712	10.7121	10.7121	0
3	19	14	9.38371	145.462	-55.8212	-409.053	296.387	2171.05	100	0.289123	45.123	9.99683	9.99999	9.99999	0	10.712	10.7121	10.7121	0
3	19	15	9.61878	143.441	-53.8284	-409.053	318.409	2171.06	100	0.289223	45.1427	9.99634	9.99999	9.99999	0	10.712	10.7121	10.7121	0
3	19	16	9.86504	141.518	-51.9334	-409.053	340.446	2171.06	100	0.289329	45.1637	9.99581	9.99999	9.99999	0	10.712	10.7121	10.7121	0
3	19	17	10.1216	139.69	-50.133	-409.054	362.502	2171.07	100	0.289446	45.1865	9.99525	9.99999	9.99999	0	10.712	10.7121	10.7121	0
3	19	18	10.3878	137.953	-48.4238	-409.051	384.674	2171.05	100	0.289567	45.2105	9.99464	9.99999	9.99999	0	10.712	10.7121	10.7121	0
3	19	19	10.9462	134.737	-45.263	-409.052	407.127	2171.06	100	0.205884	90	9.99333	9.99998	9.99998	0	10.712	11.4242	11.4242	0
3	19	20	11.5349	131.837	-42.4187	-409.045	429.975	2171.01	100	0.206306	90.0001	9.99186	9.99998	9.99998	0	10.712	11.4242	11.4242	0
3	19	21	11.8393	130.496	-41.105	-409.035	452.508	2170.94	100	0.290296	45.3532	9.99106	9.99999	9.99999	0	10.712	10.7121	10.7121	0
3	19	22	12.1497	129.221	-39.8582	-409.027	474.809	2170.89	100	0.290466	45.3861	9.99023	9.99999	9.99999	0	10.712	10.7121	10.7121	0
3	19	23	12.4655	128.01	-38.6746	-409.021	497.037	2170.84	100	0.290642	45.4205	9.98937	9.99999	9.99999	0	10.712	10.7121	10.7121	0
3	19	24	12.7866	126.858	-37.5504	-409.013	519.292	2170.79	100	0.290827	45.4563	9.98846	9.99999	9.99999	0	10.712	10.7121	10.7121	0
3	19	25	13.1124	125.761	-36.4821	-409.008	541.578	2170.76	100	0.291023	45.4938	9.98751	9.99999	9.99999	0	10.712	10.7121	10.7121	0
3	19	26	13.4426	124.718	-35.4665	-408.997	563.988	2170.68	100	0.291222	45.5328	9.98653	9.99999	9.99999	0	10.712	10.7121	10.7121	0
3	19	27	13.7769	123.724	-34.5003	-408.988	586.33	2170.62	100	0.291432	45.573	9.9855	9.99999	9.99999	0	10.712	10.7121	10.7121	0
3	19	28	14.115	122.776	-33.5805	-408.978	608.702	2170.55	100	0.29165	45.6154	9.98443	9.99999	9.99999	0	10.712	10.7121	10.7121	0
3	19	29	14.4566	121.872	-32.7045	-408.97	631.112	2170.49	100	0.291877	45.6586	9.98333	9.99999	9.99999	0	10.712	10.7121	10.7121	0
3	19	30	15.1495	120.185	-31.0732	-408.954	654.012	2170.39	100	0.209416	90.0002	9.981	9.99998	9.99998	0	10.712	11.4242	11.4242	0
3	19	31	15.5004	119.397	-30.3132	-408.931	676.869	2170.22	100	0.292607	45.7983	9.97977	9.99999	9.99999	0	10.712	10.7121	10.7121	0
3	19	32	15.8539	118.643	-29.5875	-408.917	699.415	2170.12	100	0.292868	45.8478	9.9785	9.99999	9.99999	0	10.712	10.7121	10.7121	0
3	19	33	16.2099	117.921	-28.8939	-408.906	722.006	2170.05	100	0.293137	45.8989	9.97719	9.99999	9.99999	0	10.712	10.7121	10.7121	0
3	19	34	16.5683	117.23	-28.2306	-408.888	744.728	2169.92	100	0.293416	45.9517	9.97584	9.99999	9.99999	0	10.712	10.7121	10.7121	0
3	19	35	16.9288	116.567	-27.5959	-408.873	767.393	2169.81	100	0.293703	46.0058	9.97444	9.99999	9.99999	0	10.712	10.7121	10.7121	0
3	20	1	8.568	180	-90	-431.828	10.6548	2170.45	100	0.288096	45.1117	9.99989	9.99999	9.99999	0	10.7121	10.712	10.712	0
3	20	2	8.57764	177.263	-87.294	-431.839	32.6689	2170.53	100	0.288505	45.0008	9.99988	9.99999	9.99999	0	10.712	10.7121	10.7121	0
3	20	3	8.60648	174.539	-84.6002	-431.849	54.5839	2170.59	100	0.288517	45.0027	9.99982	9.99999	9.99999	0	10.712	10.7121	10.7121	0
3	20	4	8.65434	171.839	-81.9304	-431.858	76.5021	2170.66	100	0.288535	45.0063	9.99973	9.99999	9.99999	0	10.712	10.7121	10.7121	0
3	20	5	8.7209	169.173	-79.2958	-431.867	98.4245	2170.71	100	0.288561	45.0115	9.9996	9.99999	9.99999	0	10.712	10.7121	10.7121	0
3	20	6	8.80575	166.554	-76.7066	-431.874	120.452	2170.76	100	0.288594	45.0182	9.99944	9.99999	9.99999	0	10.712	10.7121	10.7121	0
3	20	7	8.90834	163.989	-74.1722	-431.881	142.386	2170.81	100	0.288633	45.0262	9.99924	9.99999	9.99999	0	10.712	10.7121	10.7121	0
3	20	8	9.02809	161.487	-71.7005	-431.887	164.327	2170.85	100	0.288682	45.0356	9.99901	9.99999	9.99999	0	10.712	10.7121	10.7121	0
3	20	9	9.16432	159.054	-69.2982	-431.893	186.277	2170.89	100	0.288738	45.0466	9.99874	9.99999	9.99999	0	10.712	10.7121	10.7121	0
3	20	10	9.3163	156.695	-66.9706	-431.897	208.336	2170.92	100	0.288799	45.0587	9.99843	9.99999	9.99999	0	10.712	10.7121	10.7121	0
3	20	11	9.48329	154.416	-64.7216	-431.901	230.305	2170.95	100	0.288868	45.0728	9.99808	9.99999	9.99999	0	10.712	10.7121	10.7121	0
3	20	12	9.66449	152.218	-62.5541	-431.904	252.286	2170.97	100	0.288945	45.0879	9.9977	9.99999	9.99999	0	10.712	10.7121	10.7121	0
3	20	13	9.85913	150.103	-60.4696	-431.907	274.28	2170.99	100	0.28903	45.1046	9.99729	9.99999	9.99999	0	10.712	10.7121	10.7121	0
3	20	14	10.0664	148.071	-58.4688	-431.908	296.387	2171	100	0.289124	45.1229	9.99683	9.99999	9.99999	0	10.712	10.7121	10.7121	0
3	20	15	10.2856	146.123	-56.5515	-431.908	318.409	2171	100	0.289222	45.1426	9.99634	9.99999	9.99999	0	10.712	10.7121	10.7121	0
3	20	16	10.5159	144.258	-54.7165	-431.908	340.446	2171	100	0.289331	45.1637	9.99581	9.99999	9.99999	0	10.712	10.7121	10.7121	0
3	20	17	10.7567	142.473	-52.9625	-431.909	362.502	2171.01	100	0.289444	45.1864	9.99525	9.99999	9.99999	0	10.712	10.7121	10.7121	0
3	20	18	11.0072	140.767	-51.2871	-431.906	384.674	2170.99	100	0.289569	45.2105	9.99464	9.99999	9.99999	0	10.712	10.7121	10.7121	0
3	20	19	11.5349	137.581	-48.1629	-431.907	407.127	2171.01	100	0.205885	89.9999	9.99333	9.99998	9.99998	0	10.712	11.4242	11.4242	0
3	20	20	12.0943	134.678	-45.3215	-431.899	429.975	2170.96	100	0.206305	90.0002	9.99186	9.99998	9.99998	0	10.712	11.4242	11.4242	0
3	20	21	12.3845	133.326	-43.9994	-431.888	452.508	2170.89	100	0.290296	45.353	9.99106	9.99999	9.99999	0	10.712	10.7121	10.7121	0
3	20	22	12.6811	132.035	-42.7391	-431.88	474.809	2170.83	100	0.290465	45.3861	9.99023	9.99999	9.99999	0	10.712	10.7121	10.7121	0
3	20	23	12.9837	130.802	-41.5373	-431.873	497.037	2170.79	100	0.290644	45.4204	9.98937	9.99999	9.99999	0	10.712	10.7121	10.7121	0
3	20	24	13.2918	129.625	-40.3913	-431.865	519.292	2170.74	100	0.290828	45.4563	9.98846	9.99999	9.99999	0	10.712	10.7121	10.7121	0
3	20	25	13.6051	128.501	-39.2981	-431.859	541.578	2170.7	100	0.291021	45.4938	9.98751	9.99999	9.99999	0	10.712	10.7121	10.7121	0
3	20	26	13.9232	127.427	-38.2549	-431.847	563.988	2170.63	100	0.291223	45.5329	9.98653	9.99999	9.99999	0	10.712	10.7121	10.7121	0
3	20	27	14.2458	126.401	-37.2592	-431.837	586.33	2170.56	100	0.291432	45.5733	9.9855	9.99999	9.99999	0	10.712	10.7121	10.7121	0
3	20	28	14.5725	125.419	-36.3083	-431.826	608.702	2170.49	100	0.291651	45.6154	9.98443	9.99999	9.99999	0	10.712	10.7121	10.7121	0
3	20	29	14.9032	124.479	-35.3998	-431.817	631.112	2170.44	100	0.291877	45.6586	9.98333	9.99999	9.99999	0	10.712	10.7121	10.7121	0
3	20	30	15.5754	122.719	-33.701	-431.8	654.012	2170.33	100	0.209415	89.9998	9.981	9.99998	9.99998	0	10.712	11.4242	11.4242	0
3	20	31	15.9164	121.893	-32.9065	-431.774	676.869	2170.17	100	0.292607	45.7983	9.97977	9.99999	9.99999	0	10.712	10.7121	10.7121	0
3	20	32	16.2604	121.102	-32.1458	-431.759	699.415	2170.07	100	0.292868	45.848	9.9785	9.99999	9.99999	0	10.712	10.7121	10.7121	0
3	20	33	16.6072	120.342	-31.4173	-431.747	722.006	2170	100	0.293137	45.899	9.97719	9.99999	9.99999	0	10.712	10.7121	10.7121	0
3	20	34	16.9567	119.613	-30.7191	-431.727	744.728	2169.87	100	0.293416	45.9517	9.97584	9.99999	9.99999	0	10.712	10.7121	10.7121	0
3	20	35	17.3087	118.912	-30.0497	-431.71	767.393	2169.76	100	0.293704	46.0057	9.97444	9.99999	9.99999	0	10.712	10.7121	10.7121	0
3	21	1	8.976	180	-90	-454.008	10.6548	2170.44	100	0.288098	45.1121	9.99989	9.99999	9.99999	0	10.7121	10.712	10.712	0
3	21	2	8.98519	177.387	-87.4188	-454.02	32.6689	2170.51	100	0.288506	45.0006	9.99988	9.99999	9.99999	0	10.712	10.7121	10.7121	0
3	21	3	9.01271	174.784	-84.8481	-454.03	54.5839	2170.57	100	0.288516	45.0029	9.99982	9.99999	9.99999	0	10.712	10.7121	10.7121	0
3	21	4	9.05839	172.202	-82.2983	-454.04	76.5021	2170.64	100	0.288536	45.0067	9.99973	9.99999	9.99999	0	10.712	10.7121	10.7121	0
3	21	5	9.12196	169.651	-79.7792	-454.049	98.4245	2170.7	100	0.288561	45.0116	9.9996	9.99999	9.99999	0	10.712	10.7121	10.7121	0
3	21	6	9.20305	167.14	-77.2998	-454.057	120.452	2170.74	100	0.288593	45.0182	9.99944	9.99999	9.99999	0	10.712	10.7121	10.7121	0
3	21	7	9.30119	164.676	-74.8685	-454.064	142.386	2170.79	100	0.288634	45.026	9.99924	9.99999	9.99999	0	10.712	10.7121	10.7121	0
3	21	8	9.41586	162.268	-72.4924	-454.07	164.327	2170.83	100	0.288682	45.0355	9.99901	9.99999	9.99999	0	10.712	10.7121	10.7121	0
3	21	9	9.54646	159.921	-70.1777	-454.077	186.277	2170.87	100	0.288737	45.0465	9.99874	9.99999	9.99999	0	10.712	10.7121	10.7121	0
3	21	10	9.69235	157.641	-67.9294	-454.081	208.336	2170.9	100	0.288798	45.0589	9.99843	9.99999	9.99999	0	10.712	10.7121	10.7121	0
3	21	11	9.85284	155.431	-65.7513	-454.085	230.305	2170.93	100	0.288868	45.0727	9.99808	9.99999	9.99999	0	10.712	10.7121	10.7121	0
3	21	12	10.0272	153.294	-63.6464	-454.088	252.286	2170.95	100	0.288946	45.088	9.9977	9.99999	9.99999	0	10.712	10.7121	10.7121	0
3	21	13	10.2148	151.232	-61.6165	-454.092	274.28	2170.97	100	0.289031	45.1047	9.99729	9.99999	9.99999	0	10.712	10.7121	10.7121	0
3	21	14	10.4149	149.246	-59.6625	-454.092	296.387	2170.98	100	0.289123	45.1229	9.99683	9.99999	9.99999	0	10.712	10.7121	10.7121	0
3	21	15	10.6268	147.336	-57.7848	-454.093	318.409	2170.98	100	0.289222	45.1425	9.99634	9.99999	9.99999	0	10.712	10.7121	10.7121	0
3	21	16	10.8497	145.502	-55.9828	-454.093	340.446	2170.98	100	0.289329	45.1638	9.99581	9.99999	9.99999	0	10.712	10.7121	10.7121	0
3	21	17	11.083	143.742	-54.2554	-454.094	362.502	2170.99	100	0.289444	45.1862	9.99525	9.99999	9.99999	0	10.712	10.7121	10.7121	0
3	21	18	11.3262	142.056	-52.6012	-454.09	384.674	2170.97	100	0.289567	45.2102	9.99464	9.99999	9.99999	0	10.712	10.7121	10.7121	0
3	21	19	11.8393	138.895	-49.5044	-454.092	407.127	2170.99	100	0.205884	90.0001	9.99333	9.99998	9.99998	0	10.712	11.4242	11.4242	0
3	21	20	12.3845	136.001	-46.6743	-454.084	429.975	2170.94	100	0.206306	90	9.99186	9.99998	9.99998	0	10.712	11.4242	11.4242	0
3	21	21	12.6679	134.647	-45.353	-454.072	452.508	2170.87	100	0.290296	45.353	9.99106	9.99999	9.99999	0	10.712	10.7121	10.7121	0
3	21	22	12.9578	133.352	-44.0906	-454.063	474.809	2170.81	100	0.290465	45.3859	9.99023	9.99999	9.99999	0	10.712	10.7121	10.7121	0
3	21	23	13.2539	132.114	-42.8845	-454.056	497.037	2170.77	100	0.290642	45.4204	9.98937	9.99999	9.99999	0	10.712	10.7121	10.7121	0
3	21	24	13.5556	130.929	-41.7322	-454.047	519.292	2170.72	100	0.290828	45.4563	9.98846	9.99999	9.99999	0	10.712	10.7121	10.7121	0
3	21	25	13.8627	129.796	-40.6309	-454.041	541.578	2170.68	100	0.291021	45.4939	9.98751	9.99999	9.99999	0	10.712	10.7121	10.7121	0
3	21	26	14.1748	128.711	-39.5782	-454.028	563.988	2170.61	100	0.291223	45.5328	9.98653	9.99999	9.99999	0	10.712	10.7121	10.7121	0
3	21	27	14.4915	127.672	-38.5716	-454.018	586.33	2170.54	100	0.291432	45.5733	9.9855	9.99999	9.99999	0	10.712	10.7121	10.7121	0
3	21	28	14.8126	126.677	-37.6089	-454.006	608.702	2170.47	100	0.291651	45.6153	9.98443	9.99999	9.99999	0	10.712	10.7121	10.7121	0
3	21	29	15.1379	125.723	-36.6878	-453.997	631.112	2170.42	100	0.291877	45.6587	9.98333	9.99999	9.99999	0	10.712	10.7121	10.7121	0
3	21	30	15.7996	123.933	-34.9618	-453.98	654.012	2170.32	100	0.209416	89.9999	9.981	9.99998	9.99998	0	10.712	11.4242	11.4242	0
3	21	31	16.1356	123.091	-34.153	-453.953	676.869	2170.15	100	0.292608	45.7984	9.97977	9.99999	9.99999	0	10.712	10.7121	10.7121	0
3	21	32	16.4748	122.284	-33.3778	-453.937	699.415	2170.05	100	0.292868	45.8478	9.9785	9.99999	9.99999	0	10.712	10.7121	10.7121	0
3	21	33	16.8169	121.508	-32.6344	-453.925	722.006	2169.98	100	0.293137	45.8989	9.97719	9.99999	9.99999	0	10.712	10.7121	10.7121	0
3	21	34	17.1619	120.762	-31.9213	-453.904	744.728	2169.85	100	0.293416	45.9518	9.97584	9.99999	9.99999	0	10.712	10.7121	10.7121	0
3	22	1	9.384	180	-90	-476.31	10.6548	2170.38	100	0.288097	45.1119	9.99989	9.99999	9.99999	0	10.7121	10.712	10.712	0
3	22	2	9.39279	177.499	-87.5327	-476.321	32.6689	2170.45	100	0.288506	45.0007	9.99988	9.99999	9.99999	0	10.712	10.7121	10.7121	0
3	22	3	9.4191	175.008	-85.0747	-476.332	54.5839	2170.52	100	0.288516	45.0029	9.99982	9.99999	9.99999	0	10.712	10.7121	10.7121	0
3	22	4	9.46278	172.535	-82.635	-476.342	76.5021	2170.58	100	0.288535	45.0065	9.99973	9.99999	9.99999	0	10.712	10.7121	10.7121	0
3	22	5	9.5236	170.088	-80.2221	-476.352	98.4245	2170.64	100	0.288561	45.0116	9.9996	9.99999	9.99999	0	10.712	10.7121	10.7121	0
3	22	6	9.60124	167.677	-77.8443	-476.36	120.452	2170.69	100	0.288593	45.0183	9.99944	9.99999	9.99999	0	10.712	10.7121	10.7121	0
3	22	7	9.69528	165.308	-75.5088	-476.368	142.386	2170.74	100	0.288634	45.0262	9.99924	9.99999	9.99999	0	10.712	10.7121	10.7121	0
3	22	8	9.80526	162.988	-73.2221	-476.374	164.327	2170.78	100	0.288682	45.0356	9.99901	9.99999	9.99999	0	10.712	10.7121	10.7121	0
3	22	9	9.93064	160.722	-70.9899	-476.381	186.277	2170.82	100	0.288737	45.0463	9.99874	9.99999	9.99999	0	10.712	10.7121	10.7121	0
3	22	10	10.0709	158.515	-68.817	-476.385	208.336	2170.84	100	0.288799	45.059	9.99843	9.99999	9.99999	0	10.712	10.7121	10.7121	0
3	22	11	10.2253	156.372	-66.707	-476.39	230.305	2170.87	100	0.288869	45.0728	9.99808	9.99999	9.99999	0	10.712	10.7121	10.7121	0
3	22	12	10.3933	154.294	-64.6628	-476.393	252.286	2170.89	100	0.288946	45.0881	9.9977	9.99999	9.99999	0	10.712	10.7121	10.7121	0
3	22	13	10.5743	152.284	-62.6865	-476.397	274.28	2170.92	100	0.28903	45.1047	9.99729	9.99999	9.99999	0	10.712	10.7121	10.7121	0
3	22	14	10.7675	150.344	-60.7793	-476.397	296.387	2170.92	100	0.289124	45.1229	9.99683	9.99999	9.99999	0	10.712	10.7121	10.7121	0
3	22	15	10.9724	148.473	-58.9418	-476.398	318.409	2170.93	100	0.289223	45.1426	9.99634	9.99999	9.99999	0	10.712	10.7121	10.7121	0
3	22	16	11.1883	146.671	-57.1738	-476.398	340.446	2170.93	100	0.28933	45.1636	9.99581	9.99999	9.99999	0	10.712	10.7121	10.7121	0
3	22	17	11.4146	144.938	-55.4747	-476.399	362.502	2170.94	100	0.289445	45.1863	9.99525	9.99999	9.99999	0	10.712	10.7121	10.7121	0
3	22	18	11.6506	143.274	-53.8436	-476.395	384.674	2170.92	100	0.289568	45.2105	9.99464	9.99999	9.99999	0	10.712	10.7121	10.7121	0
3	22	19	12.1497	140.142	-50.779	-476.397	407.127	2170.93	100	0.205883	90.0002	9.99333	9.99998	9.99998	0	10.712	11.4242	11.4242	0
3	22	20	12.6811	137.261	-47.9655	-476.388	429.975	2170.88	100	0.206306	90.0001	9.99186	9.99998	9.99998	0	10.712	11.4242	11.4242	0
3	22	21	12.9578	135.909	-46.6476	-476.376	452.508	2170.81	100	0.290295	45.3529	9.99106	9.99999	9.99999	0	10.712	10.7121	10.7121	0
3	22	22	13.2412	134.614	-45.386	-476.367	474.809	2170.76	100	0.290466	45.386	9.99023	9.99999	9.99999	0	10.712	10.7121	10.7121	0
3	22	23	13.5308	133.373	-44.1782	-476.359	497.037	2170.71	100	0.290643	45.4205	9.98937	9.99999	9.99999	0	10.712	10.7121	10.7121	0
3	22	24	13.8263	132.183	-43.0221	-476.351	519.292	2170.66	100	0.290828	45.4566	9.98846	9.99999	9.99999	0	10.712	10.7121	10.7121	0
3	22	25	14.1272	131.042	-41.9153	-476.344	541.578	2170.63	100	0.291022	45.4938	9.98751	9.99999	9.99999	0	10.712	10.7121	10.7121	0
3	22	26	14.4334	129.949	-40.8555	-476.331	563.988	2170.55	100	0.291223	45.5329	9.98653	9.99999	9.99999	0	10.712	10.7121	10.7121	0
3	22	27	14.7443	128.9	-39.8406	-476.32	586.33	2170.49	100	0.291432	45.573	9.9855	9.99999	9.99999	0	10.712	10.7121	10.7121	0
3	22	28	15.0598	127.894	-38.8684	-476.308	608.702	2170.42	100	0.29165	45.6153	9.98443	9.99999	9.99999	0	10.712	10.7121	10.7121	0
3	22	29	15.3796	126.928	-37.9368	-476.299	631.112	2170.37	100	0.291876	45.6586	9.98333	9.99999	9.99999	0	10.712	10.7121	10.7121	0
3	22	30	16.0308	125.112	-36.1877	-476.28	654.012	2170.26	100	0.209416	89.9999	9.981	9.99998	9.99998	0	10.712	11.4242	11.4242	0
3	22	31	16.3618	124.256	-35.3665	-476.252	676.869	2170.09	100	0.292607	45.7984	9.97977	9.99999	9.99999	0	10.712	10.7121	10.7121	0
3	22	32	16.6961	123.434	-34.5785	-476.236	699.415	2170	100	0.292868	45.8478	9.9785	9.99999	9.99999	0	10.712	10.7121	10.7121	0
3	22	33	17.0336	122.644	-33.822	-476.223	722.006	2169.92	100	0.293136	45.8991	9.97719	9.99999	9.99999	0	10.712	10.7121	10.7121	0
3	22	34	17.374	121.883	-33.0955	-476.201	744.728	2169.8	100	0.293415	45.9518	9.97584	9.99999	9.99999	0	10.712	10.7121	10.7121	0
3	23	1	9.792	180	-90	-498.538	10.6548	2170.34	100	0.288097	45.1118	9.99989	9.99999	9.99999	0	10.7121	10.712	10.712	0
3	23	2	9.80041	177.602	-87.6373	-498.55	32.6689	2170.41	100	0.288506	45.0007	9.99988	9.99999	9.99999	0	10.712	10.7121	10.7121	0
3	23	3	9.82561	175.213	-85.2828	-498.561	54.5839	2170.47	100	0.288516	45.0029	9.99982	9.99999	9.99999	0	10.712	10.7121	10.7121	0
3	23	4	9.86746	172.839	-82.9443	-498.572	76.5021	2170.54	100	0.288536	45.0066	9.99973	9.99999	9.99999	0	10.712	10.7121	10.7121	0
3	23	5	9.92576	170.49	-80.6296	-498.582	98.4245	2170.6	100	0.288561	45.0115	9.9996	9.99999	9.99999	0	10.712	10.7121	10.7121	0
3	23	6	10.0002	168.171	-78.3457	-498.59	120.452	2170.64	100	0.288593	45.0182	9.99944	9.99999	9.99999	0	10.712	10.7121	10.7121	0
3	23	7	10.0905	165.89	-76.0994	-498.598	142.386	2170.69	100	0.288634	45.0263	9.99924	9.99999	9.99999	0	10.712	10.7121	10.7121	0
3	23	8	10.1961	163.652	-73.8965	-498.605	164.327	2170.73	100	0.288681	45.0357	9.99901	9.99999	9.99999	0	10.712	10.7121	10.7121	0
3	23	9	10.3166	161.462	-71.7421	-498.612	186.277	2170.77	100	0.288737	45.0464	9.99874	9.99999	9.99999	0	10.712	10.7121	10.7121	0
3	23	10	10.4516	159.326	-69.6407	-498.617	208.336	2170.8	100	0.2888	45.0589	9.99843	9.99999	9.99999	0	10.712	10.7121	10.7121	0
3	23	11	10.6003	157.246	-67.5959	-498.621	230.305	2170.83	100	0.288869	45.0729	9.99808	9.99999	9.99999	0	10.712	10.7121	10.7121	0
3	23	12	10.7624	155.226	-65.6105	-498.625	252.286	2170.85	100	0.288947	45.0881	9.9977	9.99999	9.99999	0	10.712	10.7121	10.7121	0
3	23	13	10.9371	153.267	-63.6867	-498.629	274.28	2170.87	100	0.289031	45.1047	9.99729	9.99999	9.99999	0	10.712	10.7121	10.7121	0
3	23	14	11.1239	151.371	-61.8257	-498.629	296.387	2170.88	100	0.289123	45.123	9.99683	9.99999	9.99999	0	10.712	10.7121	10.7121	0
3	23	15	11.3222	149.539	-60.0285	-498.63	318.409	2170.88	100	0.289223	45.1427	9.99634	9.99999	9.99999	0	10.712	10.7121	10.7121	0
3	23	16	11.5313	147.771	-58.2953	-498.63	340.446	2170.88	100	0.289331	45.1638	9.99581	9.99999	9.99999	0	10.712	10.7121	10.7121	0
3	23	17	11.7508	146.066	-56.6257	-498.631	362.502	2170.89	100	0.289446	45.1865	9.99525	9.99999	9.99999	0	10.712	10.7121	10.7121	0
3	23	18	11.9801	144.424	-55.0191	-498.627	384.674	2170.87	100	0.289568	45.2104	9.99464	9.99999	9.99999	0	10.712	10.7121	10.7121	0
3	23	19	12.4655	141.325	-51.9904	-498.629	407.127	2170.89	100	0.205885	90.0002	9.99333	9.99998	9.99998	0	10.712	11.4242	11.4242	0
3	23	20	12.9837	138.463	-49.198	-498.62	429.975	2170.84	100	0.206304	90.0001	9.99186	9.99998	9.99998	0	10.712	11.4242	11.4242	0
3	23	21	13.2539	137.115	-47.8859	-498.607	452.508	2170.77	100	0.290296	45.3528	9.99106	9.99999	9.99999	0	10.712	10.7121	10.7121	0
3	23	22	13.5308	135.822	-46.6274	-498.598	474.809	2170.71	100	0.290465	45.3858	9.99023	9.99999	9.99999	0	10.712	10.7121	10.7121	0
3	23	23	13.8141	134.58	-45.4204	-498.59	497.037	2170.67	100	0.290642	45.4204	9.98937	9.99999	9.99999	0	10.712	10.7121	10.7121	0
3	23	24	14.1034	133.387	-44.2629	-498.581	519.292	2170.62	100	0.290828	45.4564	9.98846	9.99999	9.99999	0	10.712	10.7121	10.7121	0
3	23	25	14.3984	132.242	-43.1529	-498.574	541.578	2170.58	100	0.29102	45.4939	9.98751	9.99999	9.99999	0	10.712	10.7121	10.7121	0
3	23	26	14.6986	131.142	-42.0883	-498.56	563.988	2170.51	100	0.291223	45.5326	9.98653	9.99999	9.99999	0	10.712	10.7121	10.7121	0
3	23	27	15.0038	130.085	-41.0672	-498.549	586.33	2170.44	100	0.291433	45.573	9.9855	9.99999	9.99999	0	10.712	10.7121	10.7121	0
3	23	28	15.3137	129.07	-40.0876	-498.536	608.702	2170.37	100	0.29165	45.6152	9.98443	9.99999	9.99999	0	10.712	10.7121	10.7121	0
3	23	29	15.628	128.095	-39.1476	-498.527	631.112	2170.32	100	0.291876	45.6586	9.98333	9.99999	9.99999	0	10.712	10.7121	10.7121	0
3	23	30	16.2688	126.256	-37.3792	-498.507	654.012	2170.22	100	0.209417	90	9.981	9.99998	9.99998	0	10.712	11.4242	11.4242	0
3	23	31	16.5948	125.389	-36.5473	-498.478	676.869	2170.05	100	0.292607	45.7985	9.97977	9.99999	9.99999	0	10.712	10.7121	10.7121	0
3	23	32	16.9243	124.554	-35.7482	-498.461	699.415	2169.96	100	0.292868	45.8479	9.9785	9.99999	9.99999	0	10.712	10.7121	10.7121	0
3	23	33	17.257	123.751	-34.9801	-498.447	722.006	2169.88	100	0.293137	45.899	9.97719	9.99999	9.99999	0	10.712	10.7121	10.7121	0
3	24	1	10.2	180	-90	-520.793	10.6548	2170.29	100	0.288098	45.1121	9.99989	9.99999	9.99999	0	10.7121	10.712	10.712	0
3	24	2	10.2081	177.697	-87.7336	-520.805	32.6689	2170.36	100	0.288507	45.0008	9.99988	9.99999	9.99999	0	10.712	10.7121	10.7121	0
3	24	3	10.2322	175.402	-85.4745	-520.817	54.5839	2170.42	100	0.288517	45.0029	9.99982	9.99999	9.99999	0	10.712	10.7121	10.7121	0
3	24	4	10.2724	173.12	-83.2295	-520.828	76.5021	2170.49	100	0.288535	45.0065	9.99973	9.99999	9.99999	0	10.712	10.7121	10.7121	0
3	24	5	10.3284	170.86	-81.0056	-520.839	98.4245	2170.55	100	0.288561	45.0113	9.9996	9.99999	9.99999	0	10.712	10.7121	10.7121	0
3	24	6	10.3999	168.627	-78.8091	-520.847	120.452	2170.59	100	0.288594	45.018	9.99944	9.99999	9.99999	0	10.712	10.7121	10.7121	0
3	24	7	10.4866	166.427	-76.6459	-520.856	142.386	2170.64	100	0.288634	45.0262	9.99924	9.99999	9.99999	0	10.712	10.7121	10.7121	0
3	24	8	10.5882	164.267	-74.5215	-520.863	164.327	2170.68	100	0.288681	45.0356	9.99901	9.99999	9.99999	0	10.712	10.7121	10.7121	0
3	24	9	10.7042	162.149	-72.4405	-520.87	186.277	2170.72	100	0.288736	45.0465	9.99874	9.99999	9.99999	0	10.712	10.7121	10.7121	0
3	24	10	10.8342	160.079	-70.4071	-520.875	208.336	2170.75	100	0.288798	45.0588	9.99843	9.99999	9.99999	0	10.712	10.7121	10.7121	0
3	24	11	10.9777	158.06	-68.4246	-520.879	230.305	2170.78	100	0.288869	45.0727	9.99808	9.99999	9.99999	0	10.712	10.7121	10.7121	0
3	24	12	11.1341	156.095	-66.4959	-520.883	252.286	2170.8	100	0.288946	45.0879	9.9977	9.99999	9.99999	0	10.712	10.7121	10.7121	0
3	24	13	11.303	154.186	-64.6231	-520.887	274.28	2170.82	100	0.289031	45.1046	9.99729	9.99999	9.99999	0	10.712	10.7121	10.7121	0
3	24	14	11.4837	152.334	-62.8077	-520.888	296.387	2170.82	100	0.289123	45.123	9.99683	9.99999	9.99999	0	10.712	10.7121	10.7121	0
3	24	15	11.6757	150.54	-61.0506	-520.888	318.409	2170.83	100	0.289222	45.1427	9.99634	9.99999	9.99999	0	10.712	10.7121	10.7121	0
3	24	16	11.8784	148.806	-59.3524	-520.888	340.446	2170.83	100	0.289332	45.1638	9.99581	9.99999	9.99999	0	10.712	10.7121	10.7121	0
3	24	17	12.0915	147.13	-57.713	-520.89	362.502	2170.84	100	0.289446	45.1863	9.99525	9.99999	9.99999	0	10.712	10.7121	10.7121	0
3	24	18	12.3142	145.512	-56.1321	-520.886	384.674	2170.82	100	0.289567	45.2104	9.99464	9.99999	9.99999	0	10.712	10.7121	10.7121	0
3	24	19	12.7866	142.45	-53.1425	-520.888	407.127	2170.83	100	0.205885	89.9999	9.99333	9.99998	9.99998	0	10.712	11.4242	11.4242	0
3	24	20	13.2918	139.609	-50.3748	-520.878	429.975	2170.79	100	0.206305	89.9999	9.99186	9.99998	9.99998	0	10.712	11.4242	11.4242	0
3	24	21	13.5556	138.268	-49.0706	-520.865	452.508	2170.72	100	0.290297	45.3528	9.99106	9.99999	9.99999	0	10.712	10.7121	10.7121	0
3	24	22	13.8263	136.978	-47.8172	-520.855	474.809	2170.66	100	0.290465	45.3859	9.99023	9.99999	9.99999	0	10.712	10.7121	10.7121	0
3	24	23	14.1034	135.737	-46.6131	-520.847	497.037	2170.62	100	0.290643	45.4204	9.98937	9.99999	9.99999	0	10.712	10.7121	10.7121	0
3	24	24	14.3867	134.544	-45.4564	-520.837	519.292	2170.57	100	0.290828	45.4564	9.98846	9.99999	9.99999	0	10.712	10.7121	10.7121	0
3	24	25	14.6757	133.396	-44.3452	-520.831	541.578	2170.53	100	0.291021	45.4938	9.98751	9.99999	9.99999	0	10.712	10.7121	10.7121	0
3	24	26	14.9701	132.292	-43.2779	-520.816	563.988	2170.46	100	0.291223	45.5329	9.98653	9.99999	9.99999	0	10.712	10.7121	10.7121	0
3	24	27	15.2697	131.23	-42.2526	-520.804	586.33	2170.39	100	0.291432	45.5734	9.9855	9.99999	9.99999	0	10.712	10.7121	10.7121	0
3	24	28	15.574	130.208	-41.2675	-520.791	608.702	2170.32	100	0.29165	45.6152	9.98443	9.99999	9.99999	0	10.712	10.7121	10.7121	0
3	24	29	15.8829	129.224	-40.3209	-520.781	631.112	2170.27	100	0.291876	45.6586	9.98333	9.99999	9.99999	0	10.712	10.7121	10.7121	0
3	24	30	16.5133	127.367	-38.5368	-520.761	654.012	2170.17	100	0.209416	89.9998	9.981	9.99998	9.99998	0	10.712	11.4242	11.4242	0
3	24	31	16.8343	126.489	-37.6959	-520.73	676.869	2170	100	0.292607	45.7983	9.97977	9.99999	9.99999	0	10.712	10.7121	10.7121	0
3	24	32	17.1589	125.643	-36.8872	-520.713	699.415	2169.91	100	0.292868	45.848	9.9785	9.99999	9.99999	0	10.712	10.7121	10.7121	0
3	24	33	17.4869	124.828	-36.1091	-520.699	722.006	2169.83	100	0.293137	45.8989	9.97719	9.99999	9.99999	0	10.712	10.7121	10.7121	0
3	25	1	10.608	180	-90	-543.079	10.6548	2170.25	100	0.288099	45.1121	9.99989	9.99999	9.99999	0	10.7121	10.712	10.712	0
3	25	2	10.6158	177.785	-87.8226	-543.092	32.6689	2170.32	100	0.288506	45.0007	9.99988	9.99999	9.99999	0	10.712	10.7121	10.7121	0
3	25	3	10.639	175.576	-85.6516	-543.104	54.5839	2170.39	100	0.288517	45.0029	9.99982	9.99999	9.99999	0	10.712	10.7121	10.7121	0
3	25	4	10.6776	173.38	-83.4933	-543.116	76.5021	2170.45	100	0.288535	45.0067	9.99973	9.99999	9.99999	0	10.712	10.7121	10.7121	0
3	25	5	10.7314	171.202	-81.3536	-543.127	98.4245	2170.51	100	0.288561	45.0115	9.9996	9.99999	9.99999	0	10.712	10.7121	10.7121	0
3	25	6	10.8002	169.049	-79.2384	-543.136	120.452	2170.56	100	0.288594	45.0182	9.99944	9.99999	9.99999	0	10.712	10.7121	10.7121	0
3	25	7	10.8836	166.926	-77.153	-543.144	142.386	2170.6	100	0.288633	45.0261	9.99924	9.99999	9.99999	0	10.712	10.7121	10.7121	0
3	25	8	10.9815	164.837	-75.1023	-543.152	164.327	2170.64	100	0.288682	45.0355	9.99901	9.99999	9.99999	0	10.712	10.7121	10.7121	0
3	25	9	11.0933	162.787	-73.0905	-543.159	186.277	2170.69	100	0.288737	45.0464	9.99874	9.99999	9.99999	0	10.712	10.7121	10.7121	0
3	25	10	11.2187	160.781	-71.1216	-543.164	208.336	2170.71	100	0.2888	45.0587	9.99843	9.99999	9.99999	0	10.712	10.7121	10.7121	0
3	25	11	11.3572	158.82	-69.1987	-543.169	230.305	2170.74	100	0.288869	45.0726	9.99808	9.99999	9.99999	0	10.712	10.7121	10.7121	0
3	25	12	11.5083	156.908	-67.3246	-543.173	252.286	2170.76	100	0.288946	45.0878	9.9977	9.99999	9.99999	0	10.712	10.7121	10.7121	0
3	25	13	11.6716	155.047	-65.5014	-543.177	274.28	2170.78	100	0.289031	45.1048	9.99729	9.99999	9.99999	0	10.712	10.7121	10.7121	0
3	25	14	11.8465	153.238	-63.7305	-543.177	296.387	2170.79	100	0.289123	45.123	9.99683	9.99999	9.99999	0	10.712	10.7121	10.7121	0
3	25	15	12.0326	151.482	-62.0132	-543.178	318.409	2170.79	100	0.289223	45.1426	9.99634	9.99999	9.99999	0	10.712	10.7121	10.7121	0
3	25	16	12.2293	149.781	-60.3501	-543.178	340.446	2170.8	100	0.289329	45.164	9.99581	9.99999	9.99999	0	10.712	10.7121	10.7121	0
3	25	17	12.4361	148.135	-58.7413	-543.179	362.502	2170.8	100	0.289445	45.1863	9.99525	9.99999	9.99999	0	10.712	10.7121	10.7121	0
3	25	18	12.6525	146.542	-57.1869	-543.175	384.674	2170.78	100	0.289569	45.2104	9.99464	9.99999	9.99999	0	10.712	10.7121	10.7121	0
3	25	19	13.1124	143.518	-54.2386	-543.178	407.127	2170.8	100	0.205884	90.0001	9.99333	9.99998	9.99998	0	10.712	11.4242	11.4242	0
3	25	20	13.6051	140.702	-51.4988	-543.168	429.975	2170.75	100	0.206304	89.9998	9.99186	9.99998	9.99998	0	10.712	11.4242	11.4242	0
3	25	21	13.8627	139.369	-50.2041	-543.154	452.508	2170.68	100	0.290296	45.353	9.99106	9.99999	9.99999	0	10.712	10.7121	10.7121	0
3	25	22	14.1272	138.085	-48.9578	-543.144	474.809	2170.63	100	0.290466	45.3858	9.99023	9.99999	9.99999	0	10.712	10.7121	10.7121	0
3	25	23	14.3984	136.847	-47.7584	-543.135	497.037	2170.58	100	0.290643	45.4203	9.98937	9.99999	9.99999	0	10.712	10.7121	10.7121	0
3	25	24	14.6757	135.655	-46.6042	-543.126	519.292	2170.53	100	0.290828	45.4564	9.98846	9.99999	9.99999	0	10.712	10.7121	10.7121	0
3	25	25	14.9589	134.506	-45.4938	-543.118	541.578	2170.5	100	0.291022	45.4939	9.98751	9.99999	9.99999	0	10.712	10.7121	10.7121	0
3	25	26	15.2476	133.4	-44.4256	-543.103	563.988	2170.42	100	0.291223	45.5328	9.98653	9.99999	9.99999	0	10.712	10.7121	10.7121	0
3	25	27	15.5415	132.334	-43.3978	-543.091	586.33	2170.36	100	0.291432	45.5733	9.9855	9.99999	9.99999	0	10.712	10.7121	10.7121	0
3	25	28	15.8404	131.307	-42.4091	-543.078	608.702	2170.29	100	0.29165	45.6153	9.98443	9.99999	9.99999	0	10.712	10.7121	10.7121	0
3	25	29	16.1439	130.317	-41.4577	-543.067	631.112	2170.24	100	0.291877	45.6586	9.98333	9.99999	9.99999	0	10.712	10.7121	10.7121	0
3	25	30	16.7639	128.444	-39.6611	-543.046	654.012	2170.13	100	0.209416	89.9998	9.981	9.99998	9.99998	0	10.712	11.4242	11.4242	0
3	25	31	17.08	127.557	-38.8128	-543.014	676.869	2169.96	100	0.292607	45.7984	9.97977	9.99999	9.99999	0	10.712	10.7121	10.7121	0
3	26	1	11.016	180	-90	-565.488	10.6548	2170.17	100	0.288096	45.1117	9.99989	9.99999	9.99999	0	10.7121	10.712	10.712	0
3	26	2	11.0235	177.866	-87.9051	-565.502	32.6689	2170.24	100	0.288505	45.0009	9.99988	9.99999	9.99999	0	10.712	10.7121	10.7121	0
3	26	3	11.0458	175.737	-85.8159	-565.515	54.5839	2170.31	100	0.288517	45.0029	9.99982	9.99999	9.99999	0	10.712	10.7121	10.7121	0
3	26	4	11.083	173.62	-83.738	-565.527	76.5021	2170.37	100	0.288535	45.0065	9.99973	9.99999	9.99999	0	10.712	10.7121	10.7121	0
3	26	5	11.1348	171.519	-81.6768	-565.538	98.4245	2170.43	100	0.28856	45.0117	9.9996	9.99999	9.99999	0	10.712	10.7121	10.7121	0
3	26	6	11.201	169.441	-79.6374	-565.548	120.452	2170.48	100	0.288594	45.0182	9.99944	9.99999	9.99999	0	10.712	10.7121	10.7121	0
3	26	7	11.2814	167.389	-77.6248	-565.556	142.386	2170.52	100	0.288633	45.0262	9.99924	9.99999	9.99999	0	10.712	10.7121	10.7121	0
3	26	8	11.3758	165.368	-75.6433	-565.564	164.327	2170.57	100	0.288682	45.0355	9.99901	9.99999	9.99999	0	10.712	10.7121	10.7121	0
3	26	9	11.4837	163.382	-73.697	-565.572	186.277	2170.61	100	0.288737	45.0465	9.99874	9.99999	9.99999	0	10.712	10.7121	10.7121	0
3	26	10	11.6047	161.435	-71.7893	-565.577	208.336	2170.63	100	0.288798	45.0588	9.99843	9.99999	9.99999	0	10.712	10.7121	10.7121	0
3	26	11	11.7385	159.53	-69.9233	-565.582	230.305	2170.66	100	0.288869	45.0729	9.99808	9.99999	9.99999	0	10.712	10.7121	10.7121	0
3	26	12	11.8847	157.669	-68.1017	-565.586	252.286	2170.68	100	0.288945	45.088	9.9977	9.99999	9.99999	0	10.712	10.7121	10.7121	0
3	26	13	12.0427	155.854	-66.3264	-565.591	274.28	2170.71	100	0.28903	45.1047	9.99729	9.99999	9.99999	0	10.712	10.7121	10.7121	0
3	26	14	12.2122	154.087	-64.5991	-565.591	296.387	2170.71	100	0.289123	45.1229	9.99683	9.99999	9.99999	0	10.712	10.7121	10.7121	0
3	26	15	12.3926	152.37	-62.9209	-565.592	318.409	2170.72	100	0.289224	45.1427	9.99634	9.99999	9.99999	0	10.712	10.7121	10.7121	0
3	26	16	12.5835	150.702	-61.2927	-565.592	340.446	2170.72	100	0.28933	45.1639	9.99581	9.99999	9.99999	0	10.712	10.7121	10.7121	0
3	26	17	12.7844	149.085	-59.7148	-565.593	362.502	2170.72	100	0.289445	45.1863	9.99525	9.99999	9.99999	0	10.712	10.7121	10.7121	0
3	26	18	12.9948	147.518	-58.1873	-565.589	384.674	2170.7	100	0.289567	45.2103	9.99464	9.99999	9.99999	0	10.712	10.7121	10.7121	0
3	26	19	13.4426	144.534	-55.2822	-565.591	407.127	2170.72	100	0.205884	90.0001	9.99333	9.99998	9.99998	0	10.712	11.4242	11.4242	0
3	26	20	13.9232	141.745	-52.5728	-565.581	429.975	2170.67	100	0.206306	89.9999	9.99186	9.99998	9.99998	0	10.712	11.4242	11.4242	0
3	26	21	14.1748	140.422	-51.2891	-565.567	452.508	2170.6	100	0.290296	45.3529	9.99106	9.99999	9.99999	0	10.712	10.7121	10.7121	0
3	26	22	14.4334	139.144	-50.0514	-565.556	474.809	2170.55	100	0.290465	45.3861	9.99023	9.99999	9.99999	0	10.712	10.7121	10.7121	0
3	26	23	14.6986	137.912	-48.8582	-565.547	497.037	2170.5	100	0.290642	45.4203	9.98937	9.99999	9.99999	0	10.712	10.7121	10.7121	0
3	26	24	14.9701	136.722	-47.7083	-565.537	519.292	2170.45	100	0.290827	45.4564	9.98846	9.99999	9.99999	0	10.712	10.7121	10.7121	0
3	26	25	15.2476	135.574	-46.6003	-565.53	541.578	2170.42	100	0.291021	45.4938	9.98751	9.99999	9.99999	0	10.712	10.7121	10.7121	0
3	26	26	15.5307	134.467	-45.5328	-565.514	563.988	2170.34	100	0.291222	45.5328	9.98653	9.99999	9.99999	0	10.712	10.7121	10.7121	0
3	26	27	15.8191	133.399	-44.5043	-565.502	586.33	2170.28	100	0.291433	45.5732	9.9855	9.99999	9.99999	0	10.712	10.7121	10.7121	0
3	26	28	16.1126	132.369	-43.5135	-565.488	608.702	2170.21	100	0.29165	45.6152	9.98443	9.99999	9.99999	0	10.712	10.7121	10.7121	0
3	26	29	16.4108	131.374	-42.5589	-565.477	631.112	2170.16	100	0.291878	45.6587	9.98333	9.99999	9.99999	0	10.712	10.7121	10.7121	0
3	26	30	17.0205	129.488	-40.7528	-565.455	654.012	2170.05	100	0.209416	90.0001	9.981	9.99998	9.99998	0	10.712	11.4242	11.4242	0
3	26	31	17.3316	128.594	-39.8986	-565.422	676.869	2169.89	100	0.292608	45.7983	9.97977	9.99999	9.99999	0	10.712	10.7121	10.7121	0
3	27	1	11.424	180	-90	-587.83	10.6548	2170.11	100	0.288098	45.112	9.99989	9.99999	9.99999	0	10.7121	10.712	10.712	0
3	27	2	11.4312	177.941	-87.9818	-587.844	32.6689	2170.18	100	0.288505	45.0006	9.99988	9.99999	9.99999	0	10.712	10.7121	10.7121	0
3	27	3	11.4527	175.887	-85.9686	-587.857	54.5839	2170.24	100	0.288518	45.0029	9.99982	9.99999	9.99999	0	10.712	10.7121	10.7121	0
3	27	4	11.4885	173.843	-83.9656	-587.87	76.5021	2170.31	100	0.288535	45.0064	9.99973	9.99999	9.99999	0	10.712	10.7121	10.7121	0
3	27	5	11.5384	171.814	-81.9776	-587.882	98.4245	2170.36	100	0.288561	45.0118	9.9996	9.99999	9.99999	0	10.712	10.7121	10.7121	0
3	27	6	11.6023	169.805	-80.0092	-587.891	120.452	2170.41	100	0.288593	45.0182	9.99944	9.99999	9.99999	0	10.712	10.7121	10.7121	0
3	27	7	11.6799	167.82	-78.0648	-587.901	142.386	2170.46	100	0.288634	45.0262	9.99924	9.99999	9.99999	0	10.712	10.7121	10.7121	0
3	27	8	11.771	165.863	-76.1485	-587.909	164.327	2170.5	100	0.288681	45.0355	9.99901	9.99999	9.99999	0	10.712	10.7121	10.7121	0
3	27	9	11.8752	163.937	-74.264	-587.917	186.277	2170.54	100	0.288737	45.0465	9.99874	9.99999	9.99999	0	10.712	10.7121	10.7121	0
3	27	10	11.9922	162.047	-72.4145	-587.922	208.336	2170.57	100	0.288799	45.0588	9.99843	9.99999	9.99999	0	10.712	10.7121	10.7121	0
3	27	11	12.1216	160.195	-70.6028	-587.927	230.305	2170.59	100	0.288868	45.0725	9.99808	9.99999	9.99999	0	10.712	10.7121	10.7121	0
3	27	12	12.263	158.382	-68.8316	-587.931	252.286	2170.62	100	0.288946	45.0879	9.9977	9.99999	9.99999	0	10.712	10.7121	10.7121	0
3	27	13	12.4161	156.613	-67.1026	-587.936	274.28	2170.64	100	0.289031	45.1046	9.99729	9.99999	9.99999	0	10.712	10.7121	10.7121	0
3	27	14	12.5804	154.887	-65.4177	-587.936	296.387	2170.64	100	0.289122	45.1227	9.99683	9.99999	9.99999	0	10.712	10.7121	10.7121	0
3	27	15	12.7554	153.206	-63.7779	-587.937	318.409	2170.65	100	0.289224	45.1426	9.99634	9.99999	9.99999	0	10.712	10.7121	10.7121	0
3	27	16	12.9408	151.572	-62.1842	-587.937	340.446	2170.65	100	0.28933	45.1637	9.99581	9.99999	9.99999	0	10.712	10.7121	10.7121	0
3	27	17	13.1361	149.983	-60.6372	-587.939	362.502	2170.66	100	0.289444	45.1863	9.99525	9.99999	9.99999	0	10.712	10.7121	10.7121	0
3	27	18	13.3408	148.442	-59.1369	-587.934	384.674	2170.64	100	0.289568	45.2106	9.99464	9.99999	9.99999	0	10.712	10.7121	10.7121	0
3	27	19	13.7769	145.5	-56.2763	-587.937	407.127	2170.65	100	0.205884	90	9.99333	9.99998	9.99998	0	10.712	11.4242	11.4242	0
3	27	20	14.2458	142.741	-53.5994	-587.926	429.975	2170.61	100	0.206304	89.9999	9.99186	9.99998	9.99998	0	10.712	11.4242	11.4242	0
3	27	21	14.4915	141.428	-52.328	-587.912	452.508	2170.54	100	0.290296	45.353	9.99106	9.99999	9.99999	0	10.712	10.7121	10.7121	0
3	27	22	14.7443	140.159	-51.1001	-587.9	474.809	2170.48	100	0.290465	45.386	9.99023	9.99999	9.99999	0	10.712	10.7121	10.7121	0
3	27	23	15.0038	138.933	-49.9146	-587.891	497.037	2170.44	100	0.290642	45.4204	9.98937	9.99999	9.99999	0	10.712	10.7121	10.7121	0
3	27	24	15.2697	137.747	-48.7704	-587.881	519.292	2170.39	100	0.290828	45.4563	9.98846	9.99999	9.99999	0	10.712	10.7121	10.7121	0
3	27	25	15.5415	136.602	-47.6662	-587.873	541.578	2170.35	100	0.29102	45.4939	9.98751	9.99999	9.99999	0	10.712	10.7121	10.7121	0
3	27	26	15.8191	135.496	-46.6009	-587.857	563.988	2170.28	100	0.291223	45.5327	9.98653	9.99999	9.99999	0	10.712	10.7121	10.7121	0
3	27	27	16.1021	134.427	-45.5732	-587.844	586.33	2170.21	100	0.291433	45.5732	9.9855	9.99999	9.99999	0	10.712	10.7121	10.7121	0
3	27	28	16.3902	133.394	-44.5818	-587.83	608.702	2170.15	100	0.29165	45.6152	9.98443	9.99999	9.99999	0	10.712	10.7121	10.7121	0
3	27	29	16.6832	132.397	-43.6255	-587.818	631.112	2170.09	100	0.291875	45.6587	9.98333	9.99999	9.99999	0	10.712	10.7121	10.7121	0
3	28	1	11.832	180	-90	-610.203	10.6548	2170.04	100	0.288097	45.1118	9.99989	9.99999	9.99999	0	10.7121	10.712	10.712	0
3	28	2	11.8389	178.011	-88.0532	-610.217	32.6689	2170.11	100	0.288506	45.0007	9.99988	9.99999	9.99999	0	10.712	10.7121	10.7121	0
3	28	3	11.8597	176.026	-86.111	-610.231	54.5839	2170.17	100	0.288517	45.003	9.99982	9.99999	9.99999	0	10.712	10.7121	10.7121	0
3	28	4	11.8942	174.051	-84.1779	-610.244	76.5021	2170.24	100	0.288535	45.0063	9.99973	9.99999	9.99999	0	10.712	10.7121	10.7121	0
3	28	5	11.9424	172.089	-82.2583	-610.256	98.4245	2170.29	100	0.28856	45.0119	9.9996	9.99999	9.99999	0	10.712	10.7121	10.7121	0
3	28	6	12.0041	170.145	-80.3564	-610.266	120.452	2170.34	100	0.288593	45.0182	9.99944	9.99999	9.99999	0	10.712	10.7121	10.7121	0
3	28	7	12.0791	168.222	-78.4762	-610.276	142.386	2170.39	100	0.288634	45.0263	9.99924	9.99999	9.99999	0	10.712	10.7121	10.7121	0
3	28	8	12.167	166.325	-76.6214	-610.284	164.327	2170.43	100	0.288681	45.0354	9.99901	9.99999	9.99999	0	10.712	10.7121	10.7121	0
3	28	9	12.2678	164.457	-74.7953	-610.293	186.277	2170.47	100	0.288737	45.0467	9.99874	9.99999	9.99999	0	10.712	10.7121	10.7121	0
3	28	10	12.3809	162.62	-73.001	-610.298	208.336	2170.5	100	0.288798	45.0589	9.99843	9.99999	9.99999	0	10.712	10.7121	10.7121	0
3	28	11	12.5062	160.818	-71.2412	-610.304	230.305	2170.52	100	0.288868	45.0727	9.99808	9.99999	9.99999	0	10.712	10.7121	10.7121	0
3	28	12	12.6432	159.053	-69.5183	-610.308	252.286	2170.54	100	0.288946	45.0879	9.9977	9.99999	9.99999	0	10.712	10.7121	10.7121	0
3	28	13	12.7916	157.326	-67.8341	-610.313	274.28	2170.57	100	0.289031	45.1047	9.99729	9.99999	9.99999	0	10.712	10.7121	10.7121	0
3	28	14	12.951	155.64	-66.1903	-610.313	296.387	2170.57	100	0.289122	45.1231	9.99683	9.99999	9.99999	0	10.712	10.7121	10.7121	0
3	28	15	13.1209	153.996	-64.5881	-610.314	318.409	2170.58	100	0.289223	45.1427	9.99634	9.99999	9.99999	0	10.712	10.7121	10.7121	0
3	28	16	13.301	152.394	-63.0285	-610.314	340.446	2170.58	100	0.289331	45.1636	9.99581	9.99999	9.99999	0	10.712	10.7121	10.7121	0
3	28	17	13.4908	150.835	-61.5121	-610.315	362.502	2170.59	100	0.289446	45.1863	9.99525	9.99999	9.99999	0	10.712	10.7121	10.7121	0
3	28	18	13.6901	149.32	-60.0391	-610.311	384.674	2170.57	100	0.289567	45.2104	9.99464	9.99999	9.99999	0	10.712	10.7121	10.7121	0
3	28	19	14.115	146.419	-57.224	-610.313	407.127	2170.58	100	0.205883	90.0001	9.99333	9.99998	9.99998	0	10.712	11.4242	11.4242	0
3	28	20	14.5725	143.692	-54.5812	-610.303	429.975	2170.54	100	0.206305	90.0001	9.99186	9.99998	9.99998	0	10.712	11.4242	11.4242	0
3	28	21	14.8126	142.391	-53.3231	-610.288	452.508	2170.46	100	0.290295	45.353	9.99106	9.99999	9.99999	0	10.712	10.7121	10.7121	0
3	28	22	15.0598	141.132	-52.1061	-610.276	474.809	2170.41	100	0.290465	45.3859	9.99023	9.99999	9.99999	0	10.712	10.7121	10.7121	0
3	28	23	15.3137	139.912	-50.9295	-610.266	497.037	2170.37	100	0.290642	45.4205	9.98937	9.99999	9.99999	0	10.712	10.7121	10.7121	0
3	28	24	15.574	138.733	-49.7922	-610.256	519.292	2170.32	100	0.290828	45.4563	9.98846	9.99999	9.99999	0	10.712	10.7121	10.7121	0
3	28	25	15.8404	137.591	-48.6932	-610.248	541.578	2170.28	100	0.291021	45.494	9.98751	9.99999	9.99999	0	10.712	10.7121	10.7121	0
3	28	26	16.1126	136.486	-47.6315	-610.231	563.988	2170.21	100	0.291222	45.533	9.98653	9.99999	9.99999	0	10.712	10.7121	10.7121	0
3	28	27	16.3902	135.418	-46.6059	-610.218	586.33	2170.14	100	0.291433	45.5731	9.9855	9.99999	9.99999	0	10.712	10.7121	10.7121	0
3	28	28	16.6731	134.385	-45.6152	-610.203	608.702	2170.08	100	0.29165	45.6151	9.98443	9.99999	9.99999	0	10.712	10.7121	10.7121	0
3	28	29	16.9609	133.385	-44.6584	-610.191	631.112	2170.02	100	0.291876	45.6586	9.98333	9.99999	9.99999	0	10.712	10.7121	10.7121	0
3	29	1	12.24	180	-90	-632.613	10.6548	2169.98	100	0.288098	45.112	9.99989	9.99999	9.99999	0	10.7121	10.712	10.712	0
3	29	2	12.2467	178.076	-88.12	-632.628	32.6689	2170.05	100	0.288505	45.0006	9.99988	9.99999	9.99999	0	10.712	10.7121	10.7121	0
3	29	3	12.2668	176.157	-86.2441	-632.642	54.5839	2170.12	100	0.288515	45.0027	9.99982	9.99999	9.99999	0	10.712	10.7121	10.7121	0
3	29	4	12.3001	174.245	-84.3764	-632.655	76.5021	2170.18	100	0.288535	45.0065	9.99973	9.99999	9.99999	0	10.712	10.7121	10.7121	0
3	29	5	12.3467	172.346	-82.5209	-632.668	98.4245	2170.24	100	0.288561	45.0116	9.9996	9.99999	9.99999	0	10.712	10.7121	10.7121	0
3	29	6	12.4063	170.463	-80.6814	-632.678	120.452	2170.29	100	0.288593	45.0182	9.99944	9.99999	9.99999	0	10.712	10.7121	10.7121	0
3	29	7	12.4787	168.599	-78.8616	-632.688	142.386	2170.33	100	0.288634	45.0261	9.99924	9.99999	9.99999	0	10.712	10.7121	10.7121	0
3	29	8	12.5638	166.758	-77.0648	-632.697	164.327	2170.38	100	0.288681	45.0356	9.99901	9.99999	9.99999	0	10.712	10.7121	10.7121	0
3	29	9	12.6613	164.944	-75.2941	-632.706	186.277	2170.42	100	0.288738	45.0466	9.99874	9.99999	9.99999	0	10.712	10.7121	10.7121	0
3	29	10	12.7709	163.158	-73.5523	-632.711	208.336	2170.44	100	0.288799	45.059	9.99843	9.99999	9.99999	0	10.712	10.7121	10.7121	0
3	29	11	12.8922	161.404	-71.8421	-632.717	230.305	2170.47	100	0.28887	45.0725	9.99808	9.99999	9.99999	0	10.712	10.7121	10.7121	0
3	29	12	13.0251	159.684	-70.1655	-632.721	252.286	2170.49	100	0.288946	45.088	9.9977	9.99999	9.99999	0	10.712	10.7121	10.7121	0
3	29	13	13.169	157.999	-68.5245	-632.726	274.28	2170.51	100	0.289031	45.1045	9.99729	9.99999	9.99999	0	10.712	10.7121	10.7121	0
3	29	14	13.3237	156.351	-66.9206	-632.727	296.387	2170.52	100	0.289124	45.1231	9.99683	9.99999	9.99999	0	10.712	10.7121	10.7121	0
3	29	15	13.4888	154.742	-65.3551	-632.728	318.409	2170.52	100	0.289223	45.1425	9.99634	9.99999	9.99999	0	10.712	10.7121	10.7121	0
3	29	16	13.6638	153.172	-63.8289	-632.728	340.446	2170.53	100	0.28933	45.1637	9.99581	9.99999	9.99999	0	10.712	10.7121	10.7121	0
3	29	17	13.8485	151.642	-62.3428	-632.729	362.502	2170.53	100	0.289445	45.1863	9.99525	9.99999	9.99999	0	10.712	10.7121	10.7121	0
3	29	18	14.0425	150.153	-60.8971	-632.725	384.674	2170.51	100	0.289566	45.2104	9.99464	9.99999	9.99999	0	10.712	10.7121	10.7121	0
3	29	19	14.4566	147.296	-58.128	-632.727	407.127	2170.53	100	0.205885	90	9.99333	9.99998	9.99998	0	10.712	11.4242	11.4242	0
3	29	20	14.9032	144.6	-55.5206	-632.716	429.975	2170.48	100	0.206305	90.0002	9.99186	9.99998	9.99998	0	10.712	11.4242	11.4242	0
3	29	21	15.1379	143.312	-54.2766	-632.701	452.508	2170.41	100	0.290296	45.353	9.99106	9.99999	9.99999	0	10.712	10.7121	10.7121	0
3	29	22	15.3796	142.063	-53.0716	-632.688	474.809	2170.36	100	0.290465	45.3859	9.99023	9.99999	9.99999	0	10.712	10.7121	10.7121	0
3	29	23	15.628	140.852	-51.9048	-632.679	497.037	2170.31	100	0.290642	45.4205	9.98937	9.99999	9.99999	0	10.712	10.7121	10.7121	0
3	29	24	15.8829	139.679	-50.7756	-632.668	519.292	2170.26	100	0.290827	45.4563	9.98846	9.99999	9.99999	0	10.712	10.7121	10.7121	0
3	29	25	16.1439	138.542	-49.6829	-632.659	541.578	2170.23	100	0.291022	45.4939	9.98751	9.99999	9.99999	0	10.712	10.7121	10.7121	0
3	29	26	16.4108	137.441	-48.6259	-632.642	563.988	2170.15	100	0.291222	45.5329	9.98653	9.99999	9.99999	0	10.712	10.7121	10.7121	0
3	29	27	16.6832	136.375	-47.6035	-632.628	586.33	2170.09	100	0.291432	45.5734	9.9855	9.99999	9.99999	0	10.712	10.7121	10.7121	0
3	29	28	16.9609	135.342	-46.6148	-632.613	608.702	2170.02	100	0.291651	45.6154	9.98443	9.99999	9.99999	0	10.712	10.7121	10.7121	0
3	30	1	13.056	180	-90	-655.859	10.6548	2169.8	100	0.288097	45.1119	9.99989	9.99999	9.99999	0	10.7121	10.712	10.712	0
3	30	2	13.0623	178.194	-88.2412	-655.876	32.6689	2169.87	100	0.288505	45.0009	9.99988	9.99999	9.99999	0	10.712	10.7121	10.7121	0
3	30	3	13.081	176.392	-86.4857	-655.891	54.5839	2169.93	100	0.288516	45.003	9.99982	9.99999	9.99999	0	10.712	10.7121	10.7121	0
3	30	4	13.1123	174.597	-84.7371	-655.905	76.5021	2169.99	100	0.288535	45.0065	9.99973	9.99999	9.99999	0	10.712	10.7121	10.7121	0
3	30	5	13.1558	172.812	-82.9984	-655.918	98.4245	2170.05	100	0.288561	45.0115	9.9996	9.99999	9.99999	0	10.712	10.7121	10.7121	0
3	30	6	13.2117	171.04	-81.273	-655.93	120.452	2170.1	100	0.288593	45.0183	9.99944	9.99999	9.99999	0	10.712	10.7121	10.7121	0
3	30	7	13.2796	169.284	-79.5638	-655.94	142.386	2170.15	100	0.288634	45.0261	9.99924	9.99999	9.99999	0	10.712	10.7121	10.7121	0
3	30	8	13.3594	167.547	-77.8737	-655.949	164.327	2170.19	100	0.288682	45.0355	9.99901	9.99999	9.99999	0	10.712	10.7121	10.7121	0
3	30	9	13.4509	165.832	-76.2053	-655.959	186.277	2170.23	100	0.288736	45.0466	9.99874	9.99999	9.99999	0	10.712	10.7121	10.7121	0
3	30	10	13.5539	164.141	-74.5611	-655.965	208.336	2170.25	100	0.288799	45.0588	9.99843	9.99999	9.99999	0	10.712	10.7121	10.7121	0
3	30	11	13.6681	162.476	-72.9433	-655.971	230.305	2170.28	100	0.288869	45.0726	9.99808	9.99999	9.99999	0	10.712	10.7121	10.7121	0
3	30	12	13.7932	160.84	-71.3538	-655.975	252.286	2170.3	100	0.288945	45.0881	9.9977	9.99999	9.99999	0	10.712	10.7121	10.7121	0
3	30	13	13.9289	159.234	-69.7944	-655.981	274.28	2170.33	100	0.289031	45.1048	9.99729	9.99999	9.99999	0	10.712	10.7121	10.7121	0
3	30	14	14.0749	157.659	-68.2666	-655.981	296.387	2170.33	100	0.289123	45.1229	9.99683	9.99999	9.99999	0	10.712	10.7121	10.7121	0
3	30	15	14.2309	156.117	-66.7715	-655.982	318.409	2170.34	100	0.289223	45.1425	9.99634	9.99999	9.99999	0	10.712	10.7121	10.7121	0
3	30	16	14.3966	154.609	-65.3102	-655.982	340.446	2170.34	100	0.28933	45.164	9.99581	9.99999	9.99999	0	10.712	10.7121	10.7121	0
3	30	17	14.5717	153.136	-63.8834	-655.984	362.502	2170.34	100	0.289445	45.1863	9.99525	9.99999	9.99999	0	10.712	10.7121	10.7121	0
3	30	18	14.7557	151.697	-62.4918	-655.979	384.674	2170.32	100	0.289569	45.2104	9.99464	9.99999	9.99999	0	10.712	10.7121	10.7121	0
3	30	19	15.1495	148.927	-59.8152	-655.982	407.127	2170.34	100	0.205884	90	9.99333	9.99998	9.99998	0	10.712	11.4242	11.4242	0
3	30	20	15.5754	146.299	-57.2812	-655.97	429.975	2170.29	100	0.206305	90	9.99186	9.99998	9.99998	0	10.712	11.4242	11.4242	0
3	30	21	15.7996	145.038	-56.0674	-655.954	452.508	2170.22	100	0.290297	45.353	9.99106	9.99999	9.99999	0	10.712	10.7121	10.7121	0
3	30	22	16.0308	143.812	-54.8884	-655.941	474.809	2170.17	100	0.290465	45.386	9.99023	9.99999	9.99999	0	10.712	10.7121	10.7121	0
3	30	23	16.2688	142.621	-53.744	-655.93	497.037	2170.13	100	0.290643	45.4202	9.98937	9.99999	9.99999	0	10.712	10.7121	10.7121	0
3	30	24	16.5133	141.463	-52.6335	-655.918	519.292	2170.08	100	0.290827	45.4563	9.98846	9.99999	9.99999	0	10.712	10.7121	10.7121	0
3	30	25	16.7639	140.339	-51.5562	-655.91	541.578	2170.04	100	0.291021	45.4938	9.98751	9.99999	9.99999	0	10.712	10.7121	10.7121	0
3	30	26	17.0205	139.247	-50.5116	-655.892	563.988	2169.97	100	0.291223	45.5329	9.98653	9.99999	9.99999	0	10.712	10.7121	10.7121	0
3	31	1	13.464	180	-90	-678.369	10.6548	2169.71	100	0.288097	45.1118	9.99989	9.99999	9.99999	0	10.7121	10.712	10.712	0
3	31	2	13.4701	178.248	-88.2964	-678.386	32.6689	2169.78	100	0.288507	45.0007	9.99988	9.99999	9.99999	0	10.712	10.7121	10.7121	0
3	31	3	13.4882	176.499	-86.5958	-678.401	54.5839	2169.84	100	0.288517	45.003	9.99982	9.99999	9.99999	0	10.712	10.7121	10.7121	0
3	31	4	13.5185	174.757	-84.9014	-678.416	76.5021	2169.9	100	0.288535	45.0064	9.99973	9.99999	9.99999	0	10.712	10.7121	10.7121	0
3	31	5	13.5607	173.024	-83.2162	-678.43	98.4245	2169.96	100	0.288561	45.0117	9.9996	9.99999	9.99999	0	10.712	10.7121	10.7121	0
3	31	6	13.6148	171.302	-81.543	-678.441	120.452	2170.01	100	0.288594	45.0182	9.99944	9.99999	9.99999	0	10.712	10.7121	10.7121	0
3	31	7	13.6807	169.596	-79.8846	-678.452	142.386	2170.06	100	0.288635	45.0262	9.99924	9.99999	9.99999	0	10.712	10.7121	10.7121	0
3	31	8	13.7581	167.906	-78.2436	-678.462	164.327	2170.1	100	0.288682	45.0357	9.99901	9.99999	9.99999	0	10.712	10.7121	10.7121	0
3	31	9	13.8469	166.237	-76.6226	-678.472	186.277	2170.14	100	0.288737	45.0465	9.99874	9.99999	9.99999	0	10.712	10.7121	10.7121	0
3	31	10	13.9468	164.59	-75.0237	-678.477	208.336	2170.16	100	0.288799	45.0589	9.99843	9.99999	9.99999	0	10.712	10.7121	10.7121	0
3	31	11	14.0577	162.967	-73.4491	-678.484	230.305	2170.19	100	0.288869	45.0726	9.99808	9.99999	9.99999	0	10.712	10.7121	10.7121	0
3	31	12	14.1792	161.37	-71.9005	-678.488	252.286	2170.21	100	0.288947	45.0879	9.9977	9.99999	9.99999	0	10.712	10.7121	10.7121	0
3	31	13	14.3111	159.801	-70.3797	-678.494	274.28	2170.24	100	0.28903	45.1048	9.99729	9.99999	9.99999	0	10.712	10.7121	10.7121	0
3	31	14	14.4531	158.261	-68.888	-678.494	296.387	2170.24	100	0.289124	45.1228	9.99683	9.99999	9.99999	0	10.712	10.7121	10.7121	0
3	31	15	14.6049	156.752	-67.4266	-678.496	318.409	2170.24	100	0.289222	45.1425	9.99634	9.99999	9.99999	0	10.712	10.7121	10.7121	0
3	31	16	14.7662	155.274	-65.9966	-678.496	340.446	2170.25	100	0.289331	45.1638	9.99581	9.99999	9.99999	0	10.712	10.7121	10.7121	0
3	31	17	14.9367	153.827	-64.5987	-678.497	362.502	2170.25	100	0.289445	45.1863	9.99525	9.99999	9.99999	0	10.712	10.7121	10.7121	0
3	31	18	15.1161	152.414	-63.2336	-678.492	384.674	2170.23	100	0.289567	45.2106	9.99464	9.99999	9.99999	0	10.712	10.7121	10.7121	0
3	31	19	15.5004	149.687	-60.6032	-678.495	407.127	2170.25	100	0.205885	90	9.99333	9.99998	9.99998	0	10.712	11.4242	11.4242	0
3	31	20	15.9164	147.094	-58.1068	-678.483	429.975	2170.2	100	0.206305	90.0002	9.99186	9.99998	9.99998	0	10.712	11.4242	11.4242	0
3	31	21	16.1356	145.847	-56.9087	-678.466	452.508	2170.13	100	0.290295	45.3528	9.99106	9.99999	9.99999	0	10.712	10.7121	10.7121	0
3	31	22	16.3618	144.633	-55.7436	-678.453	474.809	2170.08	100	0.290465	45.386	9.99023	9.99999	9.99999	0	10.712	10.7121	10.7121	0
3	31	23	16.5948	143.453	-54.6113	-678.442	497.037	2170.04	100	0.290643	45.4202	9.98937	9.99999	9.99999	0	10.712	10.7121	10.7121	0
3	31	24	16.8343	142.304	-53.5112	-678.43	519.292	2169.99	100	0.290827	45.4564	9.98846	9.99999	9.99999	0	10.712	10.7121	10.7121	0
3	31	25	17.08	141.187	-52.4429	-678.421	541.578	2169.95	100	0.291021	45.494	9.98751	9.99999	9.99999	0	10.712	10.7121	10.7121	0
3	31	26	17.3316	140.101	-51.4057	-678.402	563.988	2169.88	100	0.291223	45.5327	9.98653	9.99999	9.99999	0	10.712	10.7121	10.7121	0
3	32	1	13.872	180	-90	-700.915	10.6548	2169.61	100	0.288097	45.1118	9.99989	9.99999	9.99999	0	10.7121	10.712	10.712	0
3	32	2	13.8779	178.299	-88.3484	-700.933	32.6689	2169.68	100	0.288506	45.0008	9.99988	9.99999	9.99999	0	10.712	10.7121	10.7121	0
3	32	3	13.8955	176.6	-86.6995	-700.949	54.5839	2169.75	100	0.288516	45.0029	9.99982	9.99999	9.99999	0	10.712	10.7121	10.7121	0
3	32	4	13.9248	174.907	-85.0563	-700.964	76.5021	2169.81	100	0.288536	45.0063	9.99973	9.99999	9.99999	0	10.712	10.7121	10.7121	0
3	32	5	13.9658	173.223	-83.4215	-700.978	98.4245	2169.87	100	0.28856	45.0119	9.9996	9.99999	9.99999	0	10.712	10.7121	10.7121	0
3	32	6	14.0183	171.549	-81.7977	-700.99	120.452	2169.91	100	0.288593	45.0181	9.99944	9.99999	9.99999	0	10.712	10.7121	10.7121	0
3	32	7	14.0822	169.89	-80.1874	-701.001	142.386	2169.96	100	0.288633	45.0262	9.99924	9.99999	9.99999	0	10.712	10.7121	10.7121	0
3	32	8	14.1573	168.246	-78.5931	-701.011	164.327	2170	100	0.288682	45.0357	9.99901	9.99999	9.99999	0	10.712	10.7121	10.7121	0
3	32	9	14.2435	166.62	-77.0171	-701.021	186.277	2170.04	100	0.288738	45.0464	9.99874	9.99999	9.99999	0	10.712	10.7121	10.7121	0
3	32	10	14.3406	165.015	-75.4614	-701.027	208.336	2170.07	100	0.288798	45.059	9.99843	9.99999	9.99999	0	10.712	10.7121	10.7121	0
3	32	11	14.4483	163.432	-73.9281	-701.034	230.305	2170.09	100	0.288868	45.0727	9.99808	9.99999	9.99999	0	10.712	10.7121	10.7121	0
3	32	12	14.5664	161.872	-72.4187	-701.039	252.286	2170.11	100	0.288946	45.0878	9.9977	9.99999	9.99999	0	10.712	10.7121	10.7121	0
3	32	13	14.6947	160.339	-70.935	-701.044	274.28	2170.14	100	0.289031	45.1045	9.99729	9.99999	9.99999	0	10.712	10.7121	10.7121	0
3	32	14	14.8328	158.833	-69.4782	-701.045	296.387	2170.14	100	0.289122	45.1229	9.99683	9.99999	9.99999	0	10.712	10.7121	10.7121	0
3	32	15	14.9806	157.354	-68.0496	-701.046	318.409	2170.15	100	0.289223	45.1427	9.99634	9.99999	9.99999	0	10.712	10.7121	10.7121	0
3	32	16	15.1378	155.905	-66.6501	-701.046	340.446	2170.15	100	0.289329	45.1636	9.99581	9.99999	9.99999	0	10.712	10.7121	10.7121	0
3	32	17	15.3039	154.486	-65.2806	-701.048	362.502	2170.16	100	0.289445	45.1864	9.99525	9.99999	9.99999	0	10.712	10.7121	10.7121	0
3	32	18	15.4789	153.097	-63.9416	-701.043	384.674	2170.14	100	0.289568	45.2104	9.99464	9.99999	9.99999	0	10.712	10.7121	10.7121	0
3	32	19	15.8539	150.413	-61.357	-701.046	407.127	2170.15	100	0.205884	90	9.99333	9.99998	9.99998	0	10.712	11.4242	11.4242	0
3	32	20	16.2604	147.854	-58.8984	-701.033	429.975	2170.11	100	0.206306	90	9.99186	9.99998	9.99998	0	10.712	11.4242	11.4242	0
3	32	21	16.4748	146.622	-57.7164	-701.016	452.508	2170.04	100	0.290296	45.353	9.99106	9.99999	9.99999	0	10.712	10.7121	10.7121	0
3	32	22	16.6961	145.422	-56.5656	-701.002	474.809	2169.98	100	0.290465	45.3858	9.99023	9.99999	9.99999	0	10.712	10.7121	10.7121	0
3	32	23	16.9243	144.252	-55.4459	-700.991	497.037	2169.94	100	0.290643	45.4206	9.98937	9.99999	9.99999	0	10.712	10.7121	10.7121	0
3	32	24	17.1589	143.113	-54.3569	-700.979	519.292	2169.89	100	0.290828	45.4565	9.98846	9.99999	9.99999	0	10.712	10.7121	10.7121	0
3	33	1	14.28	180	-90	-723.507	10.6548	2169.54	100	0.288097	45.1118	9.99989	9.99999	9.99999	0	10.7121	10.712	10.712	0
3	33	2	14.2857	178.346	-88.3974	-723.524	32.6689	2169.61	100	0.288506	45.0005	9.99988	9.99999	9.99999	0	10.712	10.7121	10.7121	0
3	33	3	14.3028	176.695	-86.7975	-723.541	54.5839	2169.67	100	0.288516	45.0032	9.99982	9.99999	9.99999	0	10.712	10.7121	10.7121	0
3	33	4	14.3313	175.049	-85.2026	-723.556	76.5021	2169.73	100	0.288535	45.0068	9.99973	9.99999	9.99999	0	10.712	10.7121	10.7121	0
3	33	5	14.371	173.411	-83.6155	-723.571	98.4245	2169.79	100	0.288561	45.0118	9.9996	9.99999	9.99999	0	10.712	10.7121	10.7121	0
3	33	6	14.422	171.783	-82.0384	-723.583	120.452	2169.84	100	0.288593	45.0182	9.99944	9.99999	9.99999	0	10.712	10.7121	10.7121	0
3	33	7	14.484	170.167	-80.4738	-723.595	142.386	2169.88	100	0.288634	45.0262	9.99924	9.99999	9.99999	0	10.712	10.7121	10.7121	0
3	33	8	14.557	168.566	-78.9238	-723.605	164.327	2169.92	100	0.288682	45.0356	9.99901	9.99999	9.99999	0	10.712	10.7121	10.7121	0
3	33	9	14.6407	166.982	-77.3906	-723.615	186.277	2169.97	100	0.288737	45.0465	9.99874	9.99999	9.99999	0	10.712	10.7121	10.7121	0
3	33	10	14.735	165.416	-75.8762	-723.622	208.336	2169.99	100	0.2888	45.059	9.99843	9.99999	9.99999	0	10.712	10.7121	10.7121	0
3	33	11	14.8398	163.871	-74.3823	-723.628	230.305	2170.02	100	0.288869	45.0726	9.99808	9.99999	9.99999	0	10.712	10.7121	10.7121	0
3	33	12	14.9547	162.348	-72.9107	-723.633	252.286	2170.04	100	0.288946	45.0881	9.9977	9.99999	9.99999	0	10.712	10.7121	10.7121	0
3	33	13	15.0795	160.849	-71.4627	-723.639	274.28	2170.06	100	0.289031	45.1047	9.99729	9.99999	9.99999	0	10.712	10.7121	10.7121	0
3	33	14	15.214	159.375	-70.0397	-723.64	296.387	2170.07	100	0.289122	45.123	9.99683	9.99999	9.99999	0	10.712	10.7121	10.7121	0
3	33	15	15.3579	157.927	-68.6428	-723.641	318.409	2170.07	100	0.289222	45.1426	9.99634	9.99999	9.99999	0	10.712	10.7121	10.7121	0
3	33	16	15.5111	156.506	-67.273	-723.641	340.446	2170.07	100	0.28933	45.1639	9.99581	9.99999	9.99999	0	10.712	10.7121	10.7121	0
3	33	17	15.6731	155.113	-65.9311	-723.643	362.502	2170.08	100	0.289445	45.1865	9.99525	9.99999	9.99999	0	10.712	10.7121	10.7121	0
3	33	18	15.8438	153.748	-64.6178	-723.637	384.674	2170.06	100	0.289567	45.2106	9.99464	9.99999	9.99999	0	10.712	10.7121	10.7121	0
3	33	19	16.2099	151.106	-62.0787	-723.641	407.127	2170.08	100	0.205884	90.0002	9.99333	9.99998	9.99998	0	10.712	11.4242	11.4242	0
3	33	20	16.6072	148.583	-59.658	-723.628	429.975	2170.03	100	0.206305	90	9.99186	9.99998	9.99998	0	10.712	11.4242	11.4242	0
3	33	21	16.8169	147.366	-58.4922	-723.61	452.508	2169.96	100	0.290296	45.353	9.99106	9.99999	9.99999	0	10.712	10.7121	10.7121	0
3	33	22	17.0336	146.178	-57.3561	-723.596	474.809	2169.91	100	0.290465	45.3859	9.99023	9.99999	9.99999	0	10.712	10.7121	10.7121	0
3	33	23	17.257	145.02	-56.2494	-723.584	497.037	2169.86	100	0.290642	45.4203	9.98937	9.99999	9.99999	0	10.712	10.7121	10.7121	0
3	33	24	17.4869	143.891	-55.1719	-723.572	519.292	2169.81	100	0.290826	45.4566	9.98846	9.99999	9.99999	0	10.712	10.7121	10.7121	0
3	34	1	14.688	180	-90	-746.228	10.6548	2169.41	100	0.288097	45.1118	9.99989	9.99999	9.99999	0	10.7121	10.712	10.712	0
3	34	2	14.6935	178.391	-88.4439	-746.246	32.6689	2169.48	100	0.288505	45.0009	9.99988	9.99999	9.99999	0	10.712	10.7121	10.7121	0
3	34	3	14.7102	176.785	-86.8901	-746.263	54.5839	2169.54	100	0.288517	45.0028	9.99982	9.99999	9.99999	0	10.712	10.7121	10.7121	0
3	34	4	14.7378	175.183	-85.3411	-746.279	76.5021	2169.6	100	0.288533	45.0067	9.99973	9.99999	9.99999	0	10.712	10.7121	10.7121	0
3	34	5	14.7764	173.589	-83.799	-746.294	98.4245	2169.66	100	0.28856	45.0115	9.9996	9.99999	9.99999	0	10.712	10.7121	10.7121	0
3	34	6	14.8259	172.003	-82.2663	-746.307	120.452	2169.71	100	0.288593	45.018	9.99944	9.99999	9.99999	0	10.712	10.7121	10.7121	0
3	34	7	14.8862	170.429	-80.745	-746.319	142.386	2169.75	100	0.288634	45.0262	9.99924	9.99999	9.99999	0	10.712	10.7121	10.7121	0
3	34	8	14.9571	168.869	-79.2372	-746.329	164.327	2169.79	100	0.288681	45.0357	9.99901	9.99999	9.99999	0	10.712	10.7121	10.7121	0
3	34	9	15.0385	167.324	-77.7449	-746.34	186.277	2169.84	100	0.288736	45.0468	9.99874	9.99999	9.99999	0	10.712	10.7121	10.7121	0
3	34	10	15.1302	165.796	-76.2698	-746.346	208.336	2169.86	100	0.288799	45.0587	9.99843	9.99999	9.99999	0	10.712	10.7121	10.7121	0
3	34	11	15.2321	164.288	-74.8137	-746.353	230.305	2169.89	100	0.288869	45.073	9.99808	9.99999	9.99999	0	10.712	10.7121	10.7121	0
3	34	12	15.3439	162.799	-73.3782	-746.358	252.286	2169.91	100	0.288945	45.0881	9.9977	9.99999	9.99999	0	10.712	10.7121	10.7121	0
3	34	13	15.4655	161.333	-71.9646	-746.364	274.28	2169.93	100	0.289031	45.1048	9.99729	9.99999	9.99999	0	10.712	10.7121	10.7121	0
3	34	14	15.5965	159.89	-70.5742	-746.365	296.387	2169.93	100	0.289123	45.1231	9.99683	9.99999	9.99999	0	10.712	10.7121	10.7121	0
3	34	15	15.7368	158.471	-69.2081	-746.366	318.409	2169.94	100	0.289223	45.1426	9.99634	9.99999	9.99999	0	10.712	10.7121	10.7121	0
3	34	16	15.8861	157.078	-67.8672	-746.366	340.446	2169.94	100	0.289331	45.1637	9.99581	9.99999	9.99999	0	10.712	10.7121	10.7121	0
3	34	17	16.0441	155.71	-66.5524	-746.368	362.502	2169.95	100	0.289445	45.1864	9.99525	9.99999	9.99999	0	10.712	10.7121	10.7121	0
3	34	18	16.2107	154.369	-65.2642	-746.363	384.674	2169.93	100	0.289569	45.2106	9.99464	9.99999	9.99999	0	10.712	10.7121	10.7121	0
3	34	19	16.5683	151.769	-62.77	-746.366	407.127	2169.94	100	0.205884	89.9999	9.99333	9.99998	9.99998	0	10.712	11.4242	11.4242	0
3	34	20	16.9567	149.281	-60.3872	-746.353	429.975	2169.9	100	0.206306	90.0002	9.99186	9.99998	9.99998	0	10.712	11.4242	11.4242	0
3	34	21	17.1619	148.079	-59.2379	-746.334	452.508	2169.83	100	0.290296	45.3528	9.99106	9.99999	9.99999	0	10.712	10.7121	10.7121	0
3	34	22	17.374	146.905	-58.1166	-746.32	474.809	2169.78	100	0.290466	45.386	9.99023	9.99999	9.99999	0	10.712	10.7121	10.7121	0
3	35	1	15.096	180	-90	-768.893	10.6548	2169.3	100	0.288097	45.1118	9.99989	9.99999	9.99999	0	10.7121	10.712	10.712	0
3	35	2	15.1014	178.434	-88.4878	-768.912	32.6689	2169.37	100	0.288506	45.0008	9.99988	9.99999	9.99999	0	10.712	10.7121	10.7121	0
3	35	3	15.1175	176.87	-86.9778	-768.929	54.5839	2169.43	100	0.288517	45.0029	9.99982	9.99999	9.99999	0	10.712	10.7121	10.7121	0
3	35	4	15.1444	175.31	-85.4722	-768.946	76.5021	2169.49	100	0.288535	45.0065	9.99973	9.99999	9.99999	0	10.712	10.7121	10.7121	0
3	35	5	15.1819	173.757	-83.973	-768.961	98.4245	2169.55	100	0.28856	45.0116	9.9996	9.99999	9.99999	0	10.712	10.7121	10.7121	0
3	35	6	15.23	172.212	-82.4824	-768.974	120.452	2169.6	100	0.288593	45.0181	9.99944	9.99999	9.99999	0	10.712	10.7121	10.7121	0
3	35	7	15.2886	170.678	-81.0023	-768.986	142.386	2169.64	100	0.288634	45.0262	9.99924	9.99999	9.99999	0	10.712	10.7121	10.7121	0
3	35	8	15.3576	169.156	-79.5346	-768.997	164.327	2169.68	100	0.288682	45.0358	9.99901	9.99999	9.99999	0	10.712	10.7121	10.7121	0
3	35	9	15.4368	167.649	-78.0812	-769.008	186.277	2169.72	100	0.288736	45.0466	9.99874	9.99999	9.99999	0	10.712	10.7121	10.7121	0
3	35	10	15.5261	166.157	-76.6438	-769.015	208.336	2169.75	100	0.288798	45.0588	9.99843	9.99999	9.99999	0	10.712	10.7121	10.7121	0
3	35	11	15.6253	164.683	-75.224	-769.022	230.305	2169.77	100	0.288869	45.0726	9.99808	9.99999	9.99999	0	10.712	10.7121	10.7121	0
3	35	12	15.7341	163.228	-73.8231	-769.027	252.286	2169.8	100	0.288946	45.0881	9.9977	9.99999	9.99999	0	10.712	10.7121	10.7121	0
3	35	13	15.8525	161.794	-72.4427	-769.033	274.28	2169.82	100	0.28903	45.1045	9.99729	9.99999	9.99999	0	10.712	10.7121	10.7121	0
3	35	14	15.9802	160.38	-71.0838	-769.034	296.387	2169.82	100	0.289123	45.1229	9.99683	9.99999	9.99999	0	10.712	10.7121	10.7121	0
3	35	15	16.117	158.99	-69.7474	-769.035	318.409	2169.83	100	0.289222	45.1425	9.99634	9.99999	9.99999	0	10.712	10.7121	10.7121	0
3	35	16	16.2626	157.623	-68.4347	-769.035	340.446	2169.83	100	0.28933	45.1637	9.99581	9.99999	9.99999	0	10.712	10.7121	10.7121	0
3	35	17	16.4168	156.28	-67.1462	-769.037	362.502	2169.84	100	0.289445	45.1864	9.99525	9.99999	9.99999	0	10.712	10.7121	10.7121	0
3	35	18	16.5794	154.963	-65.8828	-769.032	384.674	2169.82	100	0.289568	45.2104	9.99464	9.99999	9.99999	0	10.712	10.7121	10.7121	0
3	35	19	16.9288	152.404	-63.4328	-769.035	407.127	2169.83	100	0.205884	90.0001	9.99333	9.99998	9.99998	0	10.712	11.4242	11.4242	0
3	35	20	17.3087	149.95	-61.0877	-769.021	429.975	2169.79	100	0.206305	90.0001	9.99186	9.99998	9.99998	0	10.712	11.4242	11.4242	0
3	36	1	15.504	180	-90	-791.6	10.6548	2169.18	100	0.288098	45.112	9.99989	9.99999	9.99999	0	10.7121	10.712	10.712	0
3	36	2	15.5092	178.474	-88.5295	-791.62	32.6689	2169.25	100	0.288505	45.0007	9.99988	9.99999	9.99999	0	10.712	10.7121	10.7121	0
3	36	3	15.5249	176.95	-87.0611	-791.638	54.5839	2169.31	100	0.288516	45.0029	9.99982	9.99999	9.99999	0	10.712	10.7121	10.7121	0
3	36	4	15.5511	175.43	-85.5966	-791.654	76.5021	2169.37	100	0.288535	45.0068	9.99973	9.99999	9.99999	0	10.712	10.7121	10.7121	0
3	36	5	15.5876	173.916	-84.1381	-791.67	98.4245	2169.43	100	0.288561	45.0116	9.9996	9.99999	9.99999	0	10.712	10.7121	10.7121	0
3	36	6	15.6344	172.41	-82.6875	-791.683	120.452	2169.48	100	0.288594	45.0182	9.99944	9.99999	9.99999	0	10.712	10.7121	10.7121	0
3	36	7	15.6914	170.913	-81.2466	-791.696	142.386	2169.53	100	0.288634	45.0261	9.99924	9.99999	9.99999	0	10.712	10.7121	10.7121	0
3	36	8	15.7585	169.428	-79.8172	-791.707	164.327	2169.57	100	0.288682	45.0355	9.99901	9.99999	9.99999	0	10.712	10.7121	10.7121	0
3	36	9	15.8356	167.957	-78.401	-791.718	186.277	2169.61	100	0.288736	45.0466	9.99874	9.99999	9.99999	0	10.712	10.7121	10.7121	0
3	36	10	15.9225	166.5	-76.9996	-791.725	208.336	2169.63	100	0.288799	45.0588	9.99843	9.99999	9.99999	0	10.712	10.7121	10.7121	0
3	36	11	16.0191	165.059	-75.6145	-791.732	230.305	2169.66	100	0.288869	45.0727	9.99808	9.99999	9.99999	0	10.712	10.7121	10.7121	0
3	36	12	16.1252	163.636	-74.247	-791.738	252.286	2169.68	100	0.288945	45.0881	9.9977	9.99999	9.99999	0	10.712	10.7121	10.7121	0
3	36	13	16.2406	162.232	-72.8985	-791.744	274.28	2169.7	100	0.28903	45.1047	9.99729	9.99999	9.99999	0	10.712	10.7121	10.7121	0
3	36	14	16.3651	160.847	-71.57	-791.745	296.387	2169.71	100	0.289122	45.1229	9.99683	9.99999	9.99999	0	10.712	10.7121	10.7121	0
3	36	15	16.4985	159.484	-70.2625	-791.746	318.409	2169.71	100	0.289223	45.1428	9.99634	9.99999	9.99999	0	10.712	10.7121	10.7121	0
3	36	16	16.6406	158.143	-68.9771	-791.746	340.446	2169.71	100	0.28933	45.1636	9.99581	9.99999	9.99999	0	10.712	10.7121	10.7121	0
3	36	17	16.7911	156.825	-67.7144	-791.748	362.502	2169.72	100	0.289445	45.1862	9.99525	9.99999	9.99999	0	10.712	10.7121	10.7121	0
3	36	18	16.95	155.53	-66.475	-791.742	384.674	2169.7	100	0.289567	45.2105	9.99464	9.99999	9.99999	0	10.712	10.7121	10.7121	0
3	37	1	15.912	180	-90	-814.359	10.6548	2169.09	100	0.288098	45.112	9.99989	9.99999	9.99999	0	10.7121	10.712	10.712	0
3	37	2	15.9171	178.512	-88.5692	-814.378	32.6689	2169.16	100	0.288506	45.0008	9.99988	9.99999	9.99999	0	10.712	10.7121	10.7121	0
3	37	3	15.9324	177.026	-87.1402	-814.397	54.5839	2169.22	100	0.288516	45.0028	9.99982	9.99999	9.99999	0	10.712	10.7121	10.7121	0
3	37	4	15.9578	175.544	-85.7149	-814.414	76.5021	2169.28	100	0.288535	45.0064	9.99973	9.99999	9.99999	0	10.712	10.7121	10.7121	0
3	37	5	15.9933	174.067	-84.2951	-814.43	98.4245	2169.34	100	0.28856	45.0117	9.9996	9.99999	9.99999	0	10.712	10.7121	10.7121	0
3	37	6	16.0389	172.597	-82.8826	-814.444	120.452	2169.39	100	0.288594	45.0184	9.99944	9.99999	9.99999	0	10.712	10.7121	10.7121	0
3	37	7	16.0944	171.137	-81.479	-814.457	142.386	2169.43	100	0.288634	45.0262	9.99924	9.99999	9.99999	0	10.712	10.7121	10.7121	0
3	37	8	16.1598	169.687	-80.0862	-814.468	164.327	2169.47	100	0.288681	45.0357	9.99901	9.99999	9.99999	0	10.712	10.7121	10.7121	0
3	37	9	16.2348	168.249	-78.7055	-814.48	186.277	2169.51	100	0.288737	45.0466	9.99874	9.99999	9.99999	0	10.712	10.7121	10.7121	0
3	37	10	16.3195	166.825	-77.3386	-814.487	208.336	2169.54	100	0.288799	45.0589	9.99843	9.99999	9.99999	0	10.712	10.7121	10.7121	0
3	37	11	16.4136	165.416	-75.9868	-814.494	230.305	2169.56	100	0.288869	45.0726	9.99808	9.99999	9.99999	0	10.712	10.7121	10.7121	0
3	37	12	16.5171	164.024	-74.6514	-814.5	252.286	2169.59	100	0.288946	45.0881	9.9977	9.99999	9.99999	0	10.712	10.7121	10.7121	0
3	37	13	16.6296	162.649	-73.3336	-814.506	274.28	2169.61	100	0.289031	45.1046	9.99729	9.99999	9.99999	0	10.712	10.7121	10.7121	0
3	37	14	16.751	161.293	-72.0344	-814.507	296.387	2169.61	100	0.289122	45.123	9.99683	9.99999	9.99999	0	10.712	10.7121	10.7121	0
3	37	15	16.8812	159.956	-70.7549	-814.508	318.409	2169.62	100	0.289224	45.1426	9.99634	9.99999	9.99999	0	10.712	10.7121	10.7121	0
3	37	16	17.0199	158.64	-69.496	-814.509	340.446	2169.62	100	0.28933	45.1638	9.99581	9.99999	9.99999	0	10.712	10.7121	10.7121	0
3	38	1	16.32	180	-90	-837.25	10.6548	2168.93	100	0.288097	45.1118	9.99989	9.99999	9.99999	0	10.7121	10.712	10.712	0
3	38	2	16.325	178.548	-88.6068	-837.27	32.6689	2169	100	0.288505	45.0006	9.99988	9.99999	9.99999	0	10.712	10.7121	10.7121	0
3	38	3	16.3398	177.098	-87.2154	-837.289	54.5839	2169.07	100	0.288516	45.0028	9.99982	9.99999	9.99999	0	10.712	10.7121	10.7121	0
3	38	4	16.3646	175.652	-85.8274	-837.307	76.5021	2169.13	100	0.288535	45.0066	9.99973	9.99999	9.99999	0	10.712	10.7121	10.7121	0
3	38	5	16.3992	174.21	-84.4444	-837.323	98.4245	2169.19	100	0.288561	45.0117	9.9996	9.99999	9.99999	0	10.712	10.7121	10.7121	0
3	38	6	16.4436	172.776	-83.0683	-837.337	120.452	2169.23	100	0.288595	45.0181	9.99944	9.99999	9.99999	0	10.712	10.7121	10.7121	0
3	38	7	16.4976	171.349	-81.7004	-837.35	142.386	2169.28	100	0.288633	45.026	9.99924	9.99999	9.99999	0	10.712	10.7121	10.7121	0
3	38	8	16.5613	169.933	-80.3424	-837.362	164.327	2169.32	100	0.288683	45.0354	9.99901	9.99999	9.99999	0	10.712	10.7121	10.7121	0
3	38	9	16.6345	168.528	-78.9958	-837.374	186.277	2169.36	100	0.288737	45.0464	9.99874	9.99999	9.99999	0	10.712	10.7121	10.7121	0
3	38	10	16.717	167.135	-77.6619	-837.381	208.336	2169.38	100	0.288799	45.0588	9.99843	9.99999	9.99999	0	10.712	10.7121	10.7121	0
3	38	11	16.8088	165.757	-76.342	-837.388	230.305	2169.41	100	0.288868	45.0728	9.99808	9.99999	9.99999	0	10.712	10.7121	10.7121	0
3	38	12	16.9097	164.394	-75.0374	-837.394	252.286	2169.43	100	0.288947	45.088	9.9977	9.99999	9.99999	0	10.712	10.7121	10.7121	0
3	38	13	17.0194	163.047	-73.7493	-837.401	274.28	2169.46	100	0.289031	45.1047	9.99729	9.99999	9.99999	0	10.712	10.7121	10.7121	0
3	38	14	17.138	161.717	-72.4785	-837.402	296.387	2169.46	100	0.289123	45.1229	9.99683	9.99999	9.99999	0	10.712	10.7121	10.7121	0
3	38	14	17.138	161.717	-72.4785	-837.402	296.387	2169.46	100	0.289123	45.1229	9.99683	9.99999	9.99999	0	10.712	10.7121	10.7121	0
3	39	1	16.728	180	-90	-860.091	10.6548	2168.8	100	0.288098	45.112	9.99989	9.99999	9.99999	0	10.7121	10.712	10.712	0
3	39	2	16.7328	178.583	-88.6427	-860.111	32.6689	2168.87	100	0.288506	45.0007	9.99988	9.99999	9.99999	0	10.712	10.7121	10.7121	0
3	39	3	16.7473	177.167	-87.2871	-860.131	54.5839	2168.94	100	0.288517	45.0029	9.99982	9.99999	9.99999	0	10.712	10.7121	10.7121	0
3	39	4	16.7714	175.755	-85.9346	-860.149	76.5021	2169	100	0.288535	45.0066	9.99973	9.99999	9.99999	0	10.712	10.7121	10.7121	0
3	39	5	16.8052	174.347	-84.5868	-860.166	98.4245	2169.05	100	0.288561	45.0118	9.9996	9.99999	9.99999	0	10.712	10.7121	10.7121	0
3	39	6	16.8484	172.945	-83.2453	-860.18	120.452	2169.1	100	0.288593	45.0179	9.99944	9.99999	9.99999	0	10.712	10.7121	10.7121	0
3	39	7	16.9011	171.552	-81.9115	-860.194	142.386	2169.15	100	0.288633	45.0262	9.99924	9.99999	9.99999	0	10.712	10.7121	10.7121	0
3	39	8	16.9632	170.167	-80.5869	-860.206	164.327	2169.19	100	0.288682	45.0356	9.99901	9.99999	9.99999	0	10.712	10.7121	10.7121	0
3	39	9	17.0345	168.793	-79.2728	-860.218	186.277	2169.23	100	0.288737	45.0463	9.99874	9.99999	9.99999	0	10.712	10.7121	10.7121	0
3	39	10	17.115	167.431	-77.9706	-860.225	208.336	2169.25	100	0.288799	45.0589	9.99843	9.99999	9.99999	0	10.712	10.7121	10.7121	0
3	40	1	17.136	180	-90	-882.979	10.6548	2168.67	100	0.288097	45.1118	9.99989	9.99999	9.99999	0	10.7121	10.712	10.712	0
3	40	2	17.1407	178.616	-88.677	-883	32.6689	2168.74	100	0.288506	45.0008	9.99988	9.99999	9.99999	0	10.712	10.7121	10.7121	0
3	40	3	17.1548	177.232	-87.3554	-883.02	54.5839	2168.8	100	0.288517	45.0027	9.99982	9.99999	9.99999	0	10.712	10.7121	10.7121	0
3	40	4	17.1784	175.852	-86.0368	-883.038	76.5021	2168.86	100	0.288535	45.0066	9.99973	9.99999	9.99999	0	10.712	10.7121	10.7121	0
3	40	5	17.2112	174.477	-84.7226	-883.056	98.4245	2168.92	100	0.288561	45.0116	9.9996	9.99999	9.99999	0	10.712	10.7121	10.7121	0
3	40	6	17.2534	173.107	-83.4142	-883.07	120.452	2168.97	100	0.288594	45.0182	9.99944	9.99999	9.99999	0	10.712	10.7121	10.7121	0
