version 3
-1-1-1-1-1-1
2.59748757634417e+01 0.00000000000000e+00 1.12404072790359e+03
9.99200106661187e-01 0.00000000000000e+00 3.99893341814154e-02 0.00000000000000e+00 1.00000000000000e+00 0.00000000000000e+00 -3.99893341814154e-02 0.00000000000000e+00 9.99200106661187e-01
0000-1-1
6.96736575387775e+00 2.26383436460949e+00 -2.50000000000000e-01
9.51056516295154e-01 -3.09016994374947e-01 0.00000000000000e+00 3.09016994374947e-01 9.51056516295154e-01 -0.00000000000000e+00 0.00000000000000e+00 0.00000000000000e+00 1.00000000000000e+00
000000
-2.54666647916424e+00 5.00361211486069e-01 1.25000000000000e-02
9.51247124867478e-01 -3.08429744725370e-01 0.00000000000000e+00 3.08429744725370e-01 9.51247124867478e-01 0.00000000000000e+00 0.00000000000000e+00 0.00000000000000e+00 1.00000000000000e+00
000001
-6.44779225102401e-01 1.12175655486631e+00 1.25000000000000e-02
9.50771149924335e-01 -3.09893885824741e-01 0.00000000000000e+00 3.09893885824741e-01 9.50771149924335e-01 0.00000000000000e+00 0.00000000000000e+00 0.00000000000000e+00 1.00000000000000e+00
000002
1.30494577298551e+00 1.75268430830826e+00 1.25000000000000e-02
9.51041876657006e-01 -3.09062046917315e-01 0.00000000000000e+00 3.09062046917315e-01 9.51041876657006e-01 0.00000000000000e+00 0.00000000000000e+00 0.00000000000000e+00 1.00000000000000e+00
000011
-1.15262841717461e-02 -8.30764720565423e-01 1.25000000000000e-02
9.51074801987365e-01 -3.08960711134433e-01 0.00000000000000e+00 3.08960711134433e-01 9.51074801987365e-01 0.00000000000000e+00 0.00000000000000e+00 0.00000000000000e+00 1.00000000000000e+00
000012
1.93953413660061e+00 -1.91873238287790e-01 1.25000000000000e-02
9.50786641257539e-01 -3.09846353546735e-01 0.00000000000000e+00 3.09846353546735e-01 9.50786641257539e-01 0.00000000000000e+00 0.00000000000000e+00 0.00000000000000e+00 1.00000000000000e+00
0001-1-1
6.96736575387775e+00 2.26383436460949e+00 -2.50000000000000e-01
9.51056516295154e-01 3.09016994374947e-01 3.78436673043415e-17 3.09016994374947e-01 -9.51056516295154e-01 -1.16470831848909e-16 0.00000000000000e+00 1.22464679914735e-16 -1.00000000000000e+00
000100
-2.54662278352811e+00 4.99863481406364e-01 1.25000000000000e-02
9.51178183877940e-01 -3.08642288927918e-01 0.00000000000000e+00 3.08642288927918e-01 9.51178183877940e-01 0.00000000000000e+00 0.00000000000000e+00 0.00000000000000e+00 1.00000000000000e+00
000101
-6.45940876042041e-01 1.11800557295004e+00 1.25000000000000e-02
9.51128935712163e-01 -3.08794021397837e-01 0.00000000000000e+00 3.08794021397837e-01 9.51128935712163e-01 0.00000000000000e+00 0.00000000000000e+00 0.00000000000000e+00 1.00000000000000e+00
000102
1.30691945839742e+00 1.75160800990798e+00 1.25000000000000e-02
9.51113438055114e-01 -3.08841752279351e-01 0.00000000000000e+00 3.08841752279351e-01 9.51113438055114e-01 0.00000000000000e+00 0.00000000000000e+00 0.00000000000000e+00 1.00000000000000e+00
000111
-1.11392881569130e-02 -8.29658756375753e-01 1.25000000000000e-02
9.50986166269510e-01 -3.09233425690077e-01 0.00000000000000e+00 3.09233425690077e-01 9.50986166269510e-01 0.00000000000000e+00 0.00000000000000e+00 0.00000000000000e+00 1.00000000000000e+00
000112
1.93976914128129e+00 -1.93249032084490e-01 1.25000000000000e-02
9.50841438449914e-01 -3.09678153776623e-01 0.00000000000000e+00 3.09678153776623e-01 9.50841438449914e-01 0.00000000000000e+00 0.00000000000000e+00 0.00000000000000e+00 1.00000000000000e+00
0010-1-1
4.30606884727652e+00 5.92679531122934e+00 2.50000000000000e-01
5.87785252292473e-01 -8.09016994374947e-01 0.00000000000000e+00 8.09016994374947e-01 5.87785252292473e-01 -0.00000000000000e+00 0.00000000000000e+00 0.00000000000000e+00 1.00000000000000e+00
001000
-2.54780626072728e+00 5.02669692008145e-01 1.25000000000000e-02
9.51043841020418e-01 -3.09056002137363e-01 0.00000000000000e+00 3.09056002137363e-01 9.51043841020418e-01 0.00000000000000e+00 0.00000000000000e+00 0.00000000000000e+00 1.00000000000000e+00
001001
-6.46265182727487e-01 1.11824745798557e+00 1.25000000000000e-02
9.51151035466320e-01 -3.08725942757241e-01 0.00000000000000e+00 3.08725942757241e-01 9.51151035466320e-01 0.00000000000000e+00 0.00000000000000e+00 0.00000000000000e+00 1.00000000000000e+00
001002
1.30540552627111e+00 1.74808903775313e+00 1.25000000000000e-02
9.51314540049366e-01 -3.08221747919681e-01 0.00000000000000e+00 3.08221747919681e-01 9.51314540049366e-01 0.00000000000000e+00 0.00000000000000e+00 0.00000000000000e+00 1.00000000000000e+00
001011
-1.29755120386821e-02 -8.32098662810163e-01 1.25000000000000e-02
9.51074430436469e-01 -3.08961854878471e-01 0.00000000000000e+00 3.08961854878471e-01 9.51074430436469e-01 0.00000000000000e+00 0.00000000000000e+00 0.00000000000000e+00 1.00000000000000e+00
001012
1.93606739824067e+00 -1.98577922137298e-01 1.25000000000000e-02
9.51104540233193e-01 -3.08869152794200e-01 0.00000000000000e+00 3.08869152794200e-01 9.51104540233193e-01 0.00000000000000e+00 0.00000000000000e+00 0.00000000000000e+00 1.00000000000000e+00
0011-1-1
4.30606884727652e+00 5.92679531122934e+00 2.50000000000000e-01
5.87785252292473e-01 8.09016994374947e-01 9.90760072617092e-17 8.09016994374947e-01 -5.87785252292473e-01 -7.19829327805997e-17 0.00000000000000e+00 1.22464679914735e-16 -1.00000000000000e+00
001100
-2.54880415920910e+00 5.02078924804065e-01 1.25000000000000e-02
9.51092164603406e-01 -3.08907258623051e-01 0.00000000000000e+00 3.08907258623051e-01 9.51092164603406e-01 0.00000000000000e+00 0.00000000000000e+00 0.00000000000000e+00 1.00000000000000e+00
001101
-6.44509392673606e-01 1.11850059433459e+00 1.25000000000000e-02
9.51105720642191e-01 -3.08865517922765e-01 0.00000000000000e+00 3.08865517922765e-01 9.51105720642191e-01 0.00000000000000e+00 0.00000000000000e+00 0.00000000000000e+00 1.00000000000000e+00
001102
1.30394130411081e+00 1.75449494291914e+00 1.25000000000000e-02
9.51080371537460e-01 -3.08943565843613e-01 0.00000000000000e+00 3.08943565843613e-01 9.51080371537460e-01 0.00000000000000e+00 0.00000000000000e+00 0.00000000000000e+00 1.00000000000000e+00
001111
-1.26841184508035e-02 -8.32121839785720e-01 1.25000000000000e-02
9.51158516434514e-01 -3.08702893757241e-01 0.00000000000000e+00 3.08702893757241e-01 9.51158516434514e-01 0.00000000000000e+00 0.00000000000000e+00 0.00000000000000e+00 1.00000000000000e+00
001112
1.93858581830344e+00 -1.94977098933723e-01 1.25000000000000e-02
9.50931916976639e-01 -3.09400208912558e-01 0.00000000000000e+00 3.09400208912558e-01 9.50931916976639e-01 0.00000000000000e+00 0.00000000000000e+00 0.00000000000000e+00 1.00000000000000e+00
0020-1-1
-1.50257169723885e-09 7.32592189275148e+00 -2.50000000000000e-01
6.12323399573677e-17 -1.00000000000000e+00 0.00000000000000e+00 1.00000000000000e+00 6.12323399573677e-17 -0.00000000000000e+00 0.00000000000000e+00 0.00000000000000e+00 1.00000000000000e+00
002000
-2.54579205082265e+00 5.01364142671081e-01 1.25000000000000e-02
9.51339701365108e-01 -3.08144077675600e-01 0.00000000000000e+00 3.08144077675600e-01 9.51339701365108e-01 0.00000000000000e+00 0.00000000000000e+00 0.00000000000000e+00 1.00000000000000e+00
002001
-6.45409093330340e-01 1.12093688067387e+00 1.25000000000000e-02
9.50845498347961e-01 -3.09665687914270e-01 0.00000000000000e+00 3.09665687914270e-01 9.50845498347961e-01 0.00000000000000e+00 0.00000000000000e+00 0.00000000000000e+00 1.00000000000000e+00
002002
1.30451271474554e+00 1.75121633711624e+00 1.25000000000000e-02
9.51163615555579e-01 -3.08687182181637e-01 0.00000000000000e+00 3.08687182181637e-01 9.51163615555579e-01 0.00000000000000e+00 0.00000000000000e+00 0.00000000000000e+00 1.00000000000000e+00
002011
-1.37050093031568e-02 -8.30790302661790e-01 1.25000000000000e-02
9.51133282591104e-01 -3.08780632079590e-01 0.00000000000000e+00 3.08780632079590e-01 9.51133282591104e-01 0.00000000000000e+00 0.00000000000000e+00 0.00000000000000e+00 1.00000000000000e+00
002012
1.93776725383231e+00 -2.01039276218004e-01 1.25000000000000e-02
9.51294489220693e-01 -3.08283627165539e-01 0.00000000000000e+00 3.08283627165539e-01 9.51294489220693e-01 0.00000000000000e+00 0.00000000000000e+00 0.00000000000000e+00 1.00000000000000e+00
0021-1-1
-1.50257169723885e-09 7.32592189275148e+00 -2.50000000000000e-01
6.12323399573677e-17 1.00000000000000e+00 1.22464679914735e-16 1.00000000000000e+00 -6.12323399573677e-17 -7.49879891330929e-33 0.00000000000000e+00 1.22464679914735e-16 -1.00000000000000e+00
002100
-2.54657677785642e+00 5.00484651183102e-01 1.25000000000000e-02
9.51005851222998e-01 -3.09172881960272e-01 0.00000000000000e+00 3.09172881960272e-01 9.51005851222998e-01 0.00000000000000e+00 0.00000000000000e+00 0.00000000000000e+00 1.00000000000000e+00
002101
-6.44832862922168e-01 1.11982562523426e+00 1.25000000000000e-02
9.51033278629677e-01 -3.09088503407822e-01 0.00000000000000e+00 3.09088503407822e-01 9.51033278629677e-01 0.00000000000000e+00 0.00000000000000e+00 0.00000000000000e+00 1.00000000000000e+00
002102
1.30572722026027e+00 1.75157710068636e+00 1.25000000000000e-02
9.51221199085273e-01 -3.08509692571845e-01 0.00000000000000e+00 3.08509692571845e-01 9.51221199085273e-01 0.00000000000000e+00 0.00000000000000e+00 0.00000000000000e+00 1.00000000000000e+00
002111
-1.25542055893288e-02 -8.30752159704507e-01 1.25000000000000e-02
9.51025060120311e-01 -3.09113789765451e-01 0.00000000000000e+00 3.09113789765451e-01 9.51025060120311e-01 0.00000000000000e+00 0.00000000000000e+00 0.00000000000000e+00 1.00000000000000e+00
002112
1.93772324913756e+00 -1.97829179653877e-01 1.25000000000000e-02
9.51186176574307e-01 -3.08617655836395e-01 0.00000000000000e+00 3.08617655836395e-01 9.51186176574307e-01 0.00000000000000e+00 0.00000000000000e+00 0.00000000000000e+00 1.00000000000000e+00
0030-1-1
-4.30606884970772e+00 5.92679530946296e+00 2.50000000000000e-01
-5.87785252292473e-01 -8.09016994374948e-01 0.00000000000000e+00 8.09016994374948e-01 -5.87785252292473e-01 -0.00000000000000e+00 0.00000000000000e+00 -0.00000000000000e+00 1.00000000000000e+00
003000
-2.54565535821448e+00 5.04636266937398e-01 1.25000000000000e-02
9.50873073146508e-01 -3.09581005174601e-01 0.00000000000000e+00 3.09581005174601e-01 9.50873073146508e-01 0.00000000000000e+00 0.00000000000000e+00 0.00000000000000e+00 1.00000000000000e+00
003001
-6.44325128573703e-01 1.11696496835564e+00 1.25000000000000e-02
9.51210921083086e-01 -3.08541380712973e-01 0.00000000000000e+00 3.08541380712973e-01 9.51210921083086e-01 0.00000000000000e+00 0.00000000000000e+00 0.00000000000000e+00 1.00000000000000e+00
003002
1.30581574461276e+00 1.75312161281314e+00 1.25000000000000e-02
9.51128098006930e-01 -3.08796601635640e-01 0.00000000000000e+00 3.08796601635640e-01 9.51128098006930e-01 0.00000000000000e+00 0.00000000000000e+00 0.00000000000000e+00 1.00000000000000e+00
003011
-1.18667655022899e-02 -8.31747455844849e-01 1.25000000000000e-02
9.51115724835244e-01 -3.08834709790089e-01 0.00000000000000e+00 3.08834709790089e-01 9.51115724835244e-01 0.00000000000000e+00 0.00000000000000e+00 0.00000000000000e+00 1.00000000000000e+00
003012
1.93918392673683e+00 -1.95204675696934e-01 1.25000000000000e-02
9.51056516295154e-01 -3.09016994374947e-01 0.00000000000000e+00 3.09016994374947e-01 9.51056516295154e-01 0.00000000000000e+00 0.00000000000000e+00 0.00000000000000e+00 1.00000000000000e+00
0031-1-1
-4.30606884970772e+00 5.92679530946296e+00 2.50000000000000e-01
-5.87785252292473e-01 8.09016994374948e-01 9.90760072617092e-17 8.09016994374948e-01 5.87785252292473e-01 7.19829327805996e-17 0.00000000000000e+00 1.22464679914735e-16 -1.00000000000000e+00
003100
-2.54714472806079e+00 4.99855948632655e-01 1.25000000000000e-02
9.51022789726921e-01 -3.09120774811440e-01 0.00000000000000e+00 3.09120774811440e-01 9.51022789726921e-01 0.00000000000000e+00 0.00000000000000e+00 0.00000000000000e+00 1.00000000000000e+00
003101
-6.44913708151323e-01 1.12013795939529e+00 1.25000000000000e-02
9.51064231799275e-01 -3.08993247486178e-01 0.00000000000000e+00 3.08993247486178e-01 9.51064231799275e-01 0.00000000000000e+00 0.00000000000000e+00 0.00000000000000e+00 1.00000000000000e+00
003102
1.30539795147509e+00 1.74964422131307e+00 1.25000000000000e-02
9.51293294547670e-01 -3.08287313635577e-01 0.00000000000000e+00 3.08287313635577e-01 9.51293294547670e-01 0.00000000000000e+00 0.00000000000000e+00 0.00000000000000e+00 1.00000000000000e+00
003111
-1.03043390238526e-02 -8.31488985959960e-01 1.25000000000000e-02
9.50954930765316e-01 -3.09329467805984e-01 0.00000000000000e+00 3.09329467805984e-01 9.50954930765316e-01 0.00000000000000e+00 0.00000000000000e+00 0.00000000000000e+00 1.00000000000000e+00
003112
1.93783049865714e+00 -1.94038127895744e-01 1.25000000000000e-02
9.50991499042913e-01 -3.09217025320586e-01 0.00000000000000e+00 3.09217025320586e-01 9.50991499042913e-01 0.00000000000000e+00 0.00000000000000e+00 0.00000000000000e+00 1.00000000000000e+00
0040-1-1
-6.96736575480639e+00 2.26383436175143e+00 -2.50000000000000e-01
-9.51056516295153e-01 -3.09016994374948e-01 0.00000000000000e+00 3.09016994374948e-01 -9.51056516295153e-01 -0.00000000000000e+00 0.00000000000000e+00 -0.00000000000000e+00 1.00000000000000e+00
004000
-2.54593429948230e+00 5.01668381448395e-01 1.25000000000000e-02
9.51273791394720e-01 -3.08347488729054e-01 0.00000000000000e+00 3.08347488729054e-01 9.51273791394720e-01 0.00000000000000e+00 0.00000000000000e+00 0.00000000000000e+00 1.00000000000000e+00
004001
-6.46849258174665e-01 1.11574353548248e+00 1.25000000000000e-02
9.51313409642762e-01 -3.08225236854257e-01 0.00000000000000e+00 3.08225236854257e-01 9.51313409642762e-01 0.00000000000000e+00 0.00000000000000e+00 0.00000000000000e+00 1.00000000000000e+00
004002
1.30436706160805e+00 1.75563964918922e+00 1.25000000000000e-02
9.50959022893086e-01 -3.09316887314979e-01 0.00000000000000e+00 3.09316887314979e-01 9.50959022893086e-01 0.00000000000000e+00 0.00000000000000e+00 0.00000000000000e+00 1.00000000000000e+00
004011
-8.07112372284280e-03 -8.27404253973191e-01 1.25000000000000e-02
9.50836459818630e-01 -3.09693439839423e-01 0.00000000000000e+00 3.09693439839423e-01 9.50836459818630e-01 0.00000000000000e+00 0.00000000000000e+00 0.00000000000000e+00 1.00000000000000e+00
004012
1.93798917164260e+00 -1.99064713180822e-01 1.25000000000000e-02
9.51129419952179e-01 -3.08792529866627e-01 0.00000000000000e+00 3.08792529866627e-01 9.51129419952179e-01 0.00000000000000e+00 0.00000000000000e+00 0.00000000000000e+00 1.00000000000000e+00
0041-1-1
-6.96736575480639e+00 2.26383436175143e+00 -2.50000000000000e-01
-9.51056516295153e-01 3.09016994374948e-01 3.78436673043416e-17 3.09016994374948e-01 9.51056516295153e-01 1.16470831848909e-16 0.00000000000000e+00 1.22464679914735e-16 -1.00000000000000e+00
004100
-2.54808201874739e+00 5.01096098876911e-01 1.25000000000000e-02
9.50909806273527e-01 -3.09468157219515e-01 0.00000000000000e+00 3.09468157219515e-01 9.50909806273527e-01 0.00000000000000e+00 0.00000000000000e+00 0.00000000000000e+00 1.00000000000000e+00
004101
-6.43917959615294e-01 1.12174757214135e+00 1.25000000000000e-02
9.50731188004252e-01 -3.10016464330565e-01 0.00000000000000e+00 3.10016464330565e-01 9.50731188004252e-01 0.00000000000000e+00 0.00000000000000e+00 0.00000000000000e+00 1.00000000000000e+00
004102
1.30675126606958e+00 1.75144344927056e+00 1.25000000000000e-02
9.51012976776631e-01 -3.09150963127162e-01 0.00000000000000e+00 3.09150963127162e-01 9.51012976776631e-01 0.00000000000000e+00 0.00000000000000e+00 0.00000000000000e+00 1.00000000000000e+00
004111
-1.38179209943399e-02 -8.30477996815220e-01 1.25000000000000e-02
9.51002254711198e-01 -3.09183944496182e-01 0.00000000000000e+00 3.09183944496182e-01 9.51002254711198e-01 0.00000000000000e+00 0.00000000000000e+00 0.00000000000000e+00 1.00000000000000e+00
004112
1.93763982948229e+00 -1.97080855683173e-01 1.25000000000000e-02
9.51120898828784e-01 -3.08818775030155e-01 0.00000000000000e+00 3.08818775030155e-01 9.51120898828784e-01 0.00000000000000e+00 0.00000000000000e+00 0.00000000000000e+00 1.00000000000000e+00
0100-1-1
6.96736575387775e+00 2.26383436460949e+00 1.97500000000000e+01
9.51056516295154e-01 -3.09016994374947e-01 0.00000000000000e+00 3.09016994374947e-01 9.51056516295154e-01 0.00000000000000e+00 0.00000000000000e+00 0.00000000000000e+00 1.00000000000000e+00
010000
-2.54548768157718e+00 5.00774023257864e-01 1.25000000000000e-02
9.50836504557153e-01 -3.09693302480916e-01 0.00000000000000e+00 3.09693302480916e-01 9.50836504557153e-01 0.00000000000000e+00 0.00000000000000e+00 0.00000000000000e+00 1.00000000000000e+00
010001
-6.43286774891307e-01 1.11985112862521e+00 1.25000000000000e-02
9.51085386336605e-01 -3.08928127396892e-01 0.00000000000000e+00 3.08928127396892e-01 9.51085386336605e-01 0.00000000000000e+00 0.00000000000000e+00 0.00000000000000e+00 1.00000000000000e+00
010002
1.30631345507818e+00 1.74982033058292e+00 1.25000000000000e-02
9.51177535070647e-01 -3.08644288424276e-01 0.00000000000000e+00 3.08644288424276e-01 9.51177535070647e-01 0.00000000000000e+00 0.00000000000000e+00 0.00000000000000e+00 1.00000000000000e+00
010011
-1.15074383283562e-02 -8.30170445433035e-01 1.25000000000000e-02
9.51005313042842e-01 -3.09174537380241e-01 0.00000000000000e+00 3.09174537380241e-01 9.51005313042842e-01 0.00000000000000e+00 0.00000000000000e+00 0.00000000000000e+00 1.00000000000000e+00
010012
1.93883549942568e+00 -1.96591455914644e-01 1.25000000000000e-02
9.51126781153506e-01 -3.08800657662139e-01 0.00000000000000e+00 3.08800657662139e-01 9.51126781153506e-01 0.00000000000000e+00 0.00000000000000e+00 0.00000000000000e+00 1.00000000000000e+00
0101-1-1
6.96736575387775e+00 2.26383436460949e+00 1.97500000000000e+01
9.51056516295154e-01 3.09016994374947e-01 3.78436673043415e-17 3.09016994374947e-01 -9.51056516295154e-01 -1.16470831848909e-16 0.00000000000000e+00 1.22464679914735e-16 -1.00000000000000e+00
010100
-2.54726585221435e+00 5.03406042868398e-01 1.25000000000000e-02
9.50977517535230e-01 -3.09260021895058e-01 0.00000000000000e+00 3.09260021895058e-01 9.50977517535230e-01 0.00000000000000e+00 0.00000000000000e+00 0.00000000000000e+00 1.00000000000000e+00
010101
-6.45841468110848e-01 1.12023164883882e+00 1.25000000000000e-02
9.51047967194675e-01 -3.09043304562444e-01 0.00000000000000e+00 3.09043304562444e-01 9.51047967194675e-01 0.00000000000000e+00 0.00000000000000e+00 0.00000000000000e+00 1.00000000000000e+00
010102
1.30412998855666e+00 1.75134336041063e+00 1.25000000000000e-02
9.51115186899622e-01 -3.08836366461103e-01 0.00000000000000e+00 3.08836366461103e-01 9.51115186899622e-01 0.00000000000000e+00 0.00000000000000e+00 0.00000000000000e+00 1.00000000000000e+00
010111
-1.14325031359406e-02 -8.28009121969397e-01 1.25000000000000e-02
9.51032238566517e-01 -3.09091703556015e-01 0.00000000000000e+00 3.09091703556015e-01 9.51032238566517e-01 0.00000000000000e+00 0.00000000000000e+00 0.00000000000000e+00 1.00000000000000e+00
010112
1.93876108561753e+00 -1.98918643828768e-01 1.25000000000000e-02
9.51107657734451e-01 -3.08859552869726e-01 0.00000000000000e+00 3.08859552869726e-01 9.51107657734451e-01 0.00000000000000e+00 0.00000000000000e+00 0.00000000000000e+00 1.00000000000000e+00
0110-1-1
4.30606884727652e+00 5.92679531122934e+00 2.02500000000000e+01
5.87785252292473e-01 -8.09016994374947e-01 0.00000000000000e+00 8.09016994374947e-01 5.87785252292473e-01 0.00000000000000e+00 0.00000000000000e+00 0.00000000000000e+00 1.00000000000000e+00
011000
-2.54868567042398e+00 5.01321288370604e-01 1.25000000000000e-02
9.51117331198069e-01 -3.08829762643860e-01 0.00000000000000e+00 3.08829762643860e-01 9.51117331198069e-01 0.00000000000000e+00 0.00000000000000e+00 0.00000000000000e+00 1.00000000000000e+00
011001
-6.46984828920463e-01 1.12048141506809e+00 1.25000000000000e-02
9.51085903479285e-01 -3.08926535284672e-01 0.00000000000000e+00 3.08926535284672e-01 9.51085903479285e-01 0.00000000000000e+00 0.00000000000000e+00 0.00000000000000e+00 1.00000000000000e+00
011002
1.30565834675484e+00 1.75191638293061e+00 1.25000000000000e-02
9.51114088663785e-01 -3.08839748648481e-01 0.00000000000000e+00 3.08839748648481e-01 9.51114088663785e-01 0.00000000000000e+00 0.00000000000000e+00 0.00000000000000e+00 1.00000000000000e+00
011011
-1.17348500089940e-02 -8.31397198246801e-01 1.25000000000000e-02
9.51074150402405e-01 -3.08962716903422e-01 0.00000000000000e+00 3.08962716903422e-01 9.51074150402405e-01 0.00000000000000e+00 0.00000000000000e+00 0.00000000000000e+00 1.00000000000000e+00
011012
1.93897398908618e+00 -1.96590864656564e-01 1.25000000000000e-02
9.51049188866460e-01 -3.09039544971915e-01 0.00000000000000e+00 3.09039544971915e-01 9.51049188866460e-01 0.00000000000000e+00 0.00000000000000e+00 0.00000000000000e+00 1.00000000000000e+00
0111-1-1
4.30606884727652e+00 5.92679531122934e+00 2.02500000000000e+01
5.87785252292473e-01 8.09016994374947e-01 9.90760072617092e-17 8.09016994374947e-01 -5.87785252292473e-01 -7.19829327805997e-17 0.00000000000000e+00 1.22464679914735e-16 -1.00000000000000e+00
011100
-2.54712321584034e+00 5.03736080283369e-01 1.25000000000000e-02
9.50706566551968e-01 -3.10091961061502e-01 0.00000000000000e+00 3.10091961061502e-01 9.50706566551968e-01 0.00000000000000e+00 0.00000000000000e+00 0.00000000000000e+00 1.00000000000000e+00
011101
-6.44148104306506e-01 1.12146333189183e+00 1.25000000000000e-02
9.50847276066995e-01 -3.09660229277147e-01 0.00000000000000e+00 3.09660229277147e-01 9.50847276066995e-01 0.00000000000000e+00 0.00000000000000e+00 0.00000000000000e+00 1.00000000000000e+00
011102
1.30643010448715e+00 1.75081339043642e+00 1.25000000000000e-02
9.51202929429418e-01 -3.08566017320271e-01 0.00000000000000e+00 3.08566017320271e-01 9.51202929429418e-01 0.00000000000000e+00 0.00000000000000e+00 0.00000000000000e+00 1.00000000000000e+00
011111
-9.62763447755632e-03 -8.29778981013817e-01 1.25000000000000e-02
9.50995590659938e-01 -3.09204441341575e-01 0.00000000000000e+00 3.09204441341575e-01 9.50995590659938e-01 0.00000000000000e+00 0.00000000000000e+00 0.00000000000000e+00 1.00000000000000e+00
011112
1.93801164815254e+00 -2.01427520428300e-01 1.25000000000000e-02
9.51305840479577e-01 -3.08248597514158e-01 0.00000000000000e+00 3.08248597514158e-01 9.51305840479577e-01 0.00000000000000e+00 0.00000000000000e+00 0.00000000000000e+00 1.00000000000000e+00
0120-1-1
-1.50257169723885e-09 7.32592189275148e+00 1.97500000000000e+01
6.12323399573677e-17 -1.00000000000000e+00 0.00000000000000e+00 1.00000000000000e+00 6.12323399573677e-17 0.00000000000000e+00 0.00000000000000e+00 0.00000000000000e+00 1.00000000000000e+00
012000
-2.54801876208641e+00 4.99923194656056e-01 1.25000000000000e-02
9.50795196669372e-01 -3.09820099397134e-01 0.00000000000000e+00 3.09820099397134e-01 9.50795196669372e-01 0.00000000000000e+00 0.00000000000000e+00 0.00000000000000e+00 1.00000000000000e+00
012001
-6.44926440468409e-01 1.12346329243329e+00 1.25000000000000e-02
9.50761540090018e-01 -3.09923367763157e-01 0.00000000000000e+00 3.09923367763157e-01 9.50761540090018e-01 0.00000000000000e+00 0.00000000000000e+00 0.00000000000000e+00 1.00000000000000e+00
012002
1.30404785248122e+00 1.75239849119956e+00 1.25000000000000e-02
9.51031319159672e-01 -3.09094532428859e-01 0.00000000000000e+00 3.09094532428859e-01 9.51031319159672e-01 0.00000000000000e+00 0.00000000000000e+00 0.00000000000000e+00 1.00000000000000e+00
012011
-1.03848345911035e-02 -8.31136473964675e-01 1.25000000000000e-02
9.51028038077189e-01 -3.09104627579486e-01 0.00000000000000e+00 3.09104627579486e-01 9.51028038077189e-01 0.00000000000000e+00 0.00000000000000e+00 0.00000000000000e+00 1.00000000000000e+00
012012
1.93851652432412e+00 -1.95604244161184e-01 1.25000000000000e-02
9.51016047657767e-01 -3.09141516295368e-01 0.00000000000000e+00 3.09141516295368e-01 9.51016047657767e-01 0.00000000000000e+00 0.00000000000000e+00 0.00000000000000e+00 1.00000000000000e+00
0121-1-1
-1.50257169723885e-09 7.32592189275148e+00 1.97500000000000e+01
6.12323399573677e-17 1.00000000000000e+00 1.22464679914735e-16 1.00000000000000e+00 -6.12323399573677e-17 -7.49879891330929e-33 0.00000000000000e+00 1.22464679914735e-16 -1.00000000000000e+00
012100
-2.54632332250957e+00 5.02211292945539e-01 1.25000000000000e-02
9.50856195425418e-01 -3.09632840023630e-01 0.00000000000000e+00 3.09632840023630e-01 9.50856195425418e-01 0.00000000000000e+00 0.00000000000000e+00 0.00000000000000e+00 1.00000000000000e+00
012101
-6.44645966124896e-01 1.11754158606713e+00 1.25000000000000e-02
9.51210661688521e-01 -3.08542180406644e-01 0.00000000000000e+00 3.08542180406644e-01 9.51210661688521e-01 0.00000000000000e+00 0.00000000000000e+00 0.00000000000000e+00 1.00000000000000e+00
012102
1.30327590507470e+00 1.76035526855320e+00 1.25000000000000e-02
9.50595548135289e-01 -3.10432124409458e-01 0.00000000000000e+00 3.10432124409458e-01 9.50595548135289e-01 0.00000000000000e+00 0.00000000000000e+00 0.00000000000000e+00 1.00000000000000e+00
012111
-1.14280410967837e-02 -8.30220468170216e-01 1.25000000000000e-02
9.51029702501538e-01 -3.09099506566793e-01 0.00000000000000e+00 3.09099506566793e-01 9.51029702501538e-01 0.00000000000000e+00 0.00000000000000e+00 0.00000000000000e+00 1.00000000000000e+00
012112
1.93716453130074e+00 -2.01794699873532e-01 1.25000000000000e-02
9.51232988575318e-01 -3.08473339927568e-01 0.00000000000000e+00 3.08473339927568e-01 9.51232988575318e-01 0.00000000000000e+00 0.00000000000000e+00 0.00000000000000e+00 1.00000000000000e+00
0130-1-1
-4.30606884970772e+00 5.92679530946296e+00 2.02500000000000e+01
-5.87785252292473e-01 -8.09016994374948e-01 0.00000000000000e+00 8.09016994374948e-01 -5.87785252292473e-01 0.00000000000000e+00 0.00000000000000e+00 -0.00000000000000e+00 1.00000000000000e+00
013000
-2.54810193926785e+00 5.04447477391666e-01 1.25000000000000e-02
9.51076378436693e-01 -3.08955858303000e-01 0.00000000000000e+00 3.08955858303000e-01 9.51076378436693e-01 0.00000000000000e+00 0.00000000000000e+00 0.00000000000000e+00 1.00000000000000e+00
013001
-6.44006204970036e-01 1.11752677382407e+00 1.25000000000000e-02
9.51122119213848e-01 -3.08815016380615e-01 0.00000000000000e+00 3.08815016380615e-01 9.51122119213848e-01 0.00000000000000e+00 0.00000000000000e+00 0.00000000000000e+00 1.00000000000000e+00
013002
1.30507235033722e+00 1.75325699588425e+00 1.25000000000000e-02
9.51026212901874e-01 -3.09110243074407e-01 0.00000000000000e+00 3.09110243074407e-01 9.51026212901874e-01 0.00000000000000e+00 0.00000000000000e+00 0.00000000000000e+00 1.00000000000000e+00
013011
-1.10669857666190e-02 -8.29601637526187e-01 1.25000000000000e-02
9.50952922553432e-01 -3.09335641475542e-01 0.00000000000000e+00 3.09335641475542e-01 9.50952922553432e-01 0.00000000000000e+00 0.00000000000000e+00 0.00000000000000e+00 1.00000000000000e+00
013012
1.94026970106006e+00 -1.95215174083698e-01 1.25000000000000e-02
9.50924661291855e-01 -3.09422508145369e-01 0.00000000000000e+00 3.09422508145369e-01 9.50924661291855e-01 0.00000000000000e+00 0.00000000000000e+00 0.00000000000000e+00 1.00000000000000e+00
0131-1-1
-4.30606884970772e+00 5.92679530946296e+00 2.02500000000000e+01
-5.87785252292473e-01 8.09016994374948e-01 9.90760072617092e-17 8.09016994374948e-01 5.87785252292473e-01 7.19829327805996e-17 0.00000000000000e+00 1.22464679914735e-16 -1.00000000000000e+00
013100
-2.54578380048877e+00 5.01326276179152e-01 1.25000000000000e-02
9.51124599670216e-01 -3.08807376696496e-01 0.00000000000000e+00 3.08807376696496e-01 9.51124599670216e-01 0.00000000000000e+00 0.00000000000000e+00 0.00000000000000e+00 1.00000000000000e+00
013101
-6.44061220655765e-01 1.12087592014389e+00 1.25000000000000e-02
9.50916376034034e-01 -3.09447969439613e-01 0.00000000000000e+00 3.09447969439613e-01 9.50916376034034e-01 0.00000000000000e+00 0.00000000000000e+00 0.00000000000000e+00 1.00000000000000e+00
013102
1.30667806959081e+00 1.74970223501581e+00 1.25000000000000e-02
9.51253340985845e-01 -3.08410572554294e-01 0.00000000000000e+00 3.08410572554294e-01 9.51253340985845e-01 0.00000000000000e+00 0.00000000000000e+00 0.00000000000000e+00 1.00000000000000e+00
013111
-8.11779296751602e-03 -8.26544049420531e-01 1.25000000000000e-02
9.50870073071060e-01 -3.09590219706368e-01 0.00000000000000e+00 3.09590219706368e-01 9.50870073071060e-01 0.00000000000000e+00 0.00000000000000e+00 0.00000000000000e+00 1.00000000000000e+00
013112
1.93991319029459e+00 -1.95125407078395e-01 1.25000000000000e-02
9.51011641988488e-01 -3.09155069184316e-01 0.00000000000000e+00 3.09155069184316e-01 9.51011641988488e-01 0.00000000000000e+00 0.00000000000000e+00 0.00000000000000e+00 1.00000000000000e+00
0140-1-1
-6.96736575480639e+00 2.26383436175143e+00 1.97500000000000e+01
-9.51056516295153e-01 -3.09016994374948e-01 0.00000000000000e+00 3.09016994374948e-01 -9.51056516295153e-01 0.00000000000000e+00 0.00000000000000e+00 -0.00000000000000e+00 1.00000000000000e+00
014000
-2.54660396318030e+00 5.03566374830677e-01 1.25000000000000e-02
9.51059104723679e-01 -3.09009027897559e-01 0.00000000000000e+00 3.09009027897559e-01 9.51059104723679e-01 0.00000000000000e+00 0.00000000000000e+00 0.00000000000000e+00 1.00000000000000e+00
014001
-6.44350230724919e-01 1.11716401772964e+00 1.25000000000000e-02
9.51182623243585e-01 -3.08628607292735e-01 0.00000000000000e+00 3.08628607292735e-01 9.51182623243585e-01 0.00000000000000e+00 0.00000000000000e+00 0.00000000000000e+00 1.00000000000000e+00
014002
1.30218815258062e+00 1.75830344820435e+00 1.25000000000000e-02
9.50700843532764e-01 -3.10109506636111e-01 0.00000000000000e+00 3.10109506636111e-01 9.50700843532764e-01 0.00000000000000e+00 0.00000000000000e+00 0.00000000000000e+00 1.00000000000000e+00
014011
-1.15264859157969e-02 -8.31102847384713e-01 1.25000000000000e-02
9.51045297008329e-01 -3.09051521656728e-01 0.00000000000000e+00 3.09051521656728e-01 9.51045297008329e-01 0.00000000000000e+00 0.00000000000000e+00 0.00000000000000e+00 1.00000000000000e+00
014012
1.93575306766166e+00 -1.99761447006773e-01 1.25000000000000e-02
9.51199063450727e-01 -3.08577934548892e-01 0.00000000000000e+00 3.08577934548892e-01 9.51199063450727e-01 0.00000000000000e+00 0.00000000000000e+00 0.00000000000000e+00 1.00000000000000e+00
0141-1-1
-6.96736575480639e+00 2.26383436175143e+00 1.97500000000000e+01
-9.51056516295153e-01 3.09016994374948e-01 3.78436673043416e-17 3.09016994374948e-01 9.51056516295153e-01 1.16470831848909e-16 0.00000000000000e+00 1.22464679914735e-16 -1.00000000000000e+00
014100
-2.54560363843204e+00 5.01692111279828e-01 1.25000000000000e-02
9.50934660780294e-01 -3.09391775790287e-01 0.00000000000000e+00 3.09391775790287e-01 9.50934660780294e-01 0.00000000000000e+00 0.00000000000000e+00 0.00000000000000e+00 1.00000000000000e+00
014101
-6.47414086263250e-01 1.11740676162250e+00 1.25000000000000e-02
9.51290462205595e-01 -3.08296053358886e-01 0.00000000000000e+00 3.08296053358886e-01 9.51290462205595e-01 0.00000000000000e+00 0.00000000000000e+00 0.00000000000000e+00 1.00000000000000e+00
014102
1.30356010071793e+00 1.75465726142984e+00 1.25000000000000e-02
9.50880361047107e-01 -3.09558619610122e-01 0.00000000000000e+00 3.09558619610122e-01 9.50880361047107e-01 0.00000000000000e+00 0.00000000000000e+00 0.00000000000000e+00 1.00000000000000e+00
014111
-1.28777088461356e-02 -8.33594114638713e-01 1.25000000000000e-02
9.51234431155748e-01 -3.08468891436074e-01 0.00000000000000e+00 3.08468891436074e-01 9.51234431155748e-01 0.00000000000000e+00 0.00000000000000e+00 0.00000000000000e+00 1.00000000000000e+00
014112
1.93861838585053e+00 -1.96208243196257e-01 1.25000000000000e-02
9.50970039393636e-01 -3.09283016306532e-01 0.00000000000000e+00 3.09283016306532e-01 9.50970039393636e-01 0.00000000000000e+00 0.00000000000000e+00 0.00000000000000e+00 1.00000000000000e+00
0200-1-1
6.96736575387775e+00 2.26383436460949e+00 2.97500000000000e+01
9.51056516295154e-01 -3.09016994374947e-01 0.00000000000000e+00 3.09016994374947e-01 9.51056516295154e-01 0.00000000000000e+00 0.00000000000000e+00 0.00000000000000e+00 1.00000000000000e+00
020000
-2.54822711791601e+00 5.01284146617949e-01 1.25000000000000e-02
9.51317340912432e-01 -3.08213103029869e-01 0.00000000000000e+00 3.08213103029869e-01 9.51317340912432e-01 0.00000000000000e+00 0.00000000000000e+00 0.00000000000000e+00 1.00000000000000e+00
020001
-6.46586294919544e-01 1.11962373812198e+00 1.25000000000000e-02
9.51087108627723e-01 -3.08922824993812e-01 0.00000000000000e+00 3.08922824993812e-01 9.51087108627723e-01 0.00000000000000e+00 0.00000000000000e+00 0.00000000000000e+00 1.00000000000000e+00
020002
1.30379069194804e+00 1.75776394551171e+00 1.25000000000000e-02
9.50842167953181e-01 -3.09675913887557e-01 0.00000000000000e+00 3.09675913887557e-01 9.50842167953181e-01 0.00000000000000e+00 0.00000000000000e+00 0.00000000000000e+00 1.00000000000000e+00
020011
-1.14724240318318e-02 -8.27736757340526e-01 1.25000000000000e-02
9.50892318034502e-01 -3.09521888568437e-01 0.00000000000000e+00 3.09521888568437e-01 9.50892318034502e-01 0.00000000000000e+00 0.00000000000000e+00 0.00000000000000e+00 1.00000000000000e+00
020012
1.93915070390968e+00 -1.93214955313150e-01 1.25000000000000e-02
9.50964406035644e-01 -3.09300336975689e-01 0.00000000000000e+00 3.09300336975689e-01 9.50964406035644e-01 0.00000000000000e+00 0.00000000000000e+00 0.00000000000000e+00 1.00000000000000e+00
0201-1-1
6.96736575387775e+00 2.26383436460949e+00 2.97500000000000e+01
9.51056516295154e-01 3.09016994374947e-01 3.78436673043415e-17 3.09016994374947e-01 -9.51056516295154e-01 -1.16470831848909e-16 0.00000000000000e+00 1.22464679914735e-16 -1.00000000000000e+00
020100
-2.54429455345521e+00 5.02481565161980e-01 1.25000000000000e-02
9.51050396134636e-01 -3.09035829657584e-01 0.00000000000000e+00 3.09035829657584e-01 9.51050396134636e-01 0.00000000000000e+00 0.00000000000000e+00 0.00000000000000e+00 1.00000000000000e+00
020101
-6.42935983497875e-01 1.12132825644640e+00 1.25000000000000e-02
9.51000600343465e-01 -3.09189033030553e-01 0.00000000000000e+00 3.09189033030553e-01 9.51000600343465e-01 0.00000000000000e+00 0.00000000000000e+00 0.00000000000000e+00 1.00000000000000e+00
020102
1.30489332824774e+00 1.75397083967737e+00 1.25000000000000e-02
9.51048694080354e-01 -3.09041067639971e-01 0.00000000000000e+00 3.09041067639971e-01 9.51048694080354e-01 0.00000000000000e+00 0.00000000000000e+00 0.00000000000000e+00 1.00000000000000e+00
020111
-1.34909919826520e-02 -8.29488596022715e-01 1.25000000000000e-02
9.51094518038444e-01 -3.08900012556199e-01 0.00000000000000e+00 3.08900012556199e-01 9.51094518038444e-01 0.00000000000000e+00 0.00000000000000e+00 0.00000000000000e+00 1.00000000000000e+00
020112
1.93826451953453e+00 -1.96722466055993e-01 1.25000000000000e-02
9.50988965439246e-01 -3.09224817265355e-01 0.00000000000000e+00 3.09224817265355e-01 9.50988965439246e-01 0.00000000000000e+00 0.00000000000000e+00 0.00000000000000e+00 1.00000000000000e+00
0210-1-1
4.30606884727652e+00 5.92679531122934e+00 3.02500000000000e+01
5.87785252292473e-01 -8.09016994374947e-01 0.00000000000000e+00 8.09016994374947e-01 5.87785252292473e-01 0.00000000000000e+00 0.00000000000000e+00 0.00000000000000e+00 1.00000000000000e+00
021000
-2.54891453259555e+00 5.00026738774895e-01 1.25000000000000e-02
9.51074692177732e-01 -3.08961049161594e-01 0.00000000000000e+00 3.08961049161594e-01 9.51074692177732e-01 0.00000000000000e+00 0.00000000000000e+00 0.00000000000000e+00 1.00000000000000e+00
021001
-6.46062793957672e-01 1.11881779452940e+00 1.25000000000000e-02
9.51127644845482e-01 -3.08797997420136e-01 0.00000000000000e+00 3.08797997420136e-01 9.51127644845482e-01 0.00000000000000e+00 0.00000000000000e+00 0.00000000000000e+00 1.00000000000000e+00
021002
1.30529168868229e+00 1.74854428406649e+00 1.25000000000000e-02
9.51356820463850e-01 -3.08091220512552e-01 0.00000000000000e+00 3.08091220512552e-01 9.51356820463850e-01 0.00000000000000e+00 0.00000000000000e+00 0.00000000000000e+00 1.00000000000000e+00
021011
-1.06608350468527e-02 -8.29234312273281e-01 1.25000000000000e-02
9.50954972163561e-01 -3.09329340537558e-01 0.00000000000000e+00 3.09329340537558e-01 9.50954972163561e-01 0.00000000000000e+00 0.00000000000000e+00 0.00000000000000e+00 1.00000000000000e+00
021012
1.93711059592951e+00 -1.98939474591700e-01 1.25000000000000e-02
9.51180593775136e-01 -3.08634861973789e-01 0.00000000000000e+00 3.08634861973789e-01 9.51180593775136e-01 0.00000000000000e+00 0.00000000000000e+00 0.00000000000000e+00 1.00000000000000e+00
0211-1-1
4.30606884727652e+00 5.92679531122934e+00 3.02500000000000e+01
5.87785252292473e-01 8.09016994374947e-01 9.90760072617092e-17 8.09016994374947e-01 -5.87785252292473e-01 -7.19829327805997e-17 0.00000000000000e+00 1.22464679914735e-16 -1.00000000000000e+00
021100
-2.54753457440540e+00 5.02094420262075e-01 1.25000000000000e-02
9.50936020575010e-01 -3.09387596346337e-01 0.00000000000000e+00 3.09387596346337e-01 9.50936020575010e-01 0.00000000000000e+00 0.00000000000000e+00 0.00000000000000e+00 1.00000000000000e+00
021101
-6.46073311045425e-01 1.11756447232848e+00 1.25000000000000e-02
9.51275400273629e-01 -3.08342525179785e-01 0.00000000000000e+00 3.08342525179785e-01 9.51275400273629e-01 0.00000000000000e+00 0.00000000000000e+00 0.00000000000000e+00 1.00000000000000e+00
021102
1.30596002459036e+00 1.75236643432342e+00 1.25000000000000e-02
9.51144520985226e-01 -3.08746012443539e-01 0.00000000000000e+00 3.08746012443539e-01 9.51144520985226e-01 0.00000000000000e+00 0.00000000000000e+00 0.00000000000000e+00 1.00000000000000e+00
021111
-1.16926107441837e-02 -8.33639565390727e-01 1.25000000000000e-02
9.51220736471942e-01 -3.08511118933785e-01 0.00000000000000e+00 3.08511118933785e-01 9.51220736471942e-01 0.00000000000000e+00 0.00000000000000e+00 0.00000000000000e+00 1.00000000000000e+00
021112
1.93668835085474e+00 -1.97671083931758e-01 1.25000000000000e-02
9.51121540055250e-01 -3.08816800130642e-01 0.00000000000000e+00 3.08816800130642e-01 9.51121540055250e-01 0.00000000000000e+00 0.00000000000000e+00 0.00000000000000e+00 1.00000000000000e+00
0220-1-1
-1.50257169723885e-09 7.32592189275148e+00 2.97500000000000e+01
6.12323399573677e-17 -1.00000000000000e+00 0.00000000000000e+00 1.00000000000000e+00 6.12323399573677e-17 0.00000000000000e+00 0.00000000000000e+00 0.00000000000000e+00 1.00000000000000e+00
022000
-2.54590240878291e+00 5.01208021383879e-01 1.25000000000000e-02
9.50988133167562e-01 -3.09227376819188e-01 0.00000000000000e+00 3.09227376819188e-01 9.50988133167562e-01 0.00000000000000e+00 0.00000000000000e+00 0.00000000000000e+00 1.00000000000000e+00
022001
-6.46132004285870e-01 1.11795242496417e+00 1.25000000000000e-02
9.51148704539631e-01 -3.08733123996410e-01 0.00000000000000e+00 3.08733123996410e-01 9.51148704539631e-01 0.00000000000000e+00 0.00000000000000e+00 0.00000000000000e+00 1.00000000000000e+00
022002
1.30321072484831e+00 1.74883606011654e+00 1.25000000000000e-02
9.51336869762287e-01 -3.08152819605620e-01 0.00000000000000e+00 3.08152819605620e-01 9.51336869762287e-01 0.00000000000000e+00 0.00000000000000e+00 0.00000000000000e+00 1.00000000000000e+00
022011
-1.22566388715240e-02 -8.30127372916377e-01 1.25000000000000e-02
9.50875834525455e-01 -3.09572523515120e-01 0.00000000000000e+00 3.09572523515120e-01 9.50875834525455e-01 0.00000000000000e+00 0.00000000000000e+00 0.00000000000000e+00 1.00000000000000e+00
022012
1.94107347047405e+00 -1.94179325389016e-01 1.25000000000000e-02
9.50858020898483e-01 -3.09627234094516e-01 0.00000000000000e+00 3.09627234094516e-01 9.50858020898483e-01 0.00000000000000e+00 0.00000000000000e+00 0.00000000000000e+00 1.00000000000000e+00
0221-1-1
-1.50257169723885e-09 7.32592189275148e+00 2.97500000000000e+01
6.12323399573677e-17 1.00000000000000e+00 1.22464679914735e-16 1.00000000000000e+00 -6.12323399573677e-17 -7.49879891330929e-33 0.00000000000000e+00 1.22464679914735e-16 -1.00000000000000e+00
022100
-2.54460910787959e+00 5.01603348118163e-01 1.25000000000000e-02
9.50916808178688e-01 -3.09446641480008e-01 0.00000000000000e+00 3.09446641480008e-01 9.50916808178688e-01 0.00000000000000e+00 0.00000000000000e+00 0.00000000000000e+00 1.00000000000000e+00
022101
-6.44949186783442e-01 1.11995226609173e+00 1.25000000000000e-02
9.50873078106184e-01 -3.09580989941034e-01 0.00000000000000e+00 3.09580989941034e-01 9.50873078106184e-01 0.00000000000000e+00 0.00000000000000e+00 0.00000000000000e+00 1.00000000000000e+00
022102
1.30413539655367e+00 1.75638388239045e+00 1.25000000000000e-02
9.50866699973294e-01 -3.09600579589085e-01 0.00000000000000e+00 3.09600579589085e-01 9.50866699973294e-01 0.00000000000000e+00 0.00000000000000e+00 0.00000000000000e+00 1.00000000000000e+00
022111
-1.08468455161979e-02 -8.30061445454714e-01 1.25000000000000e-02
9.51010333540762e-01 -3.09159094154915e-01 0.00000000000000e+00 3.09159094154915e-01 9.51010333540762e-01 0.00000000000000e+00 0.00000000000000e+00 0.00000000000000e+00 1.00000000000000e+00
022112
1.93783714620630e+00 -1.98157676394529e-01 1.25000000000000e-02
9.51193940151118e-01 -3.08593726799154e-01 0.00000000000000e+00 3.08593726799154e-01 9.51193940151118e-01 0.00000000000000e+00 0.00000000000000e+00 0.00000000000000e+00 1.00000000000000e+00
0230-1-1
-4.30606884970772e+00 5.92679530946296e+00 3.02500000000000e+01
-5.87785252292473e-01 -8.09016994374948e-01 0.00000000000000e+00 8.09016994374948e-01 -5.87785252292473e-01 0.00000000000000e+00 0.00000000000000e+00 -0.00000000000000e+00 1.00000000000000e+00
023000
-2.54710024904250e+00 5.02508216514043e-01 1.25000000000000e-02
9.50969025512475e-01 -3.09286133727093e-01 0.00000000000000e+00 3.09286133727093e-01 9.50969025512475e-01 0.00000000000000e+00 0.00000000000000e+00 0.00000000000000e+00 1.00000000000000e+00
023001
-6.45398362569715e-01 1.12242791615026e+00 1.25000000000000e-02
9.50904707833727e-01 -3.09483822872302e-01 0.00000000000000e+00 3.09483822872302e-01 9.50904707833727e-01 0.00000000000000e+00 0.00000000000000e+00 0.00000000000000e+00 1.00000000000000e+00
023002
1.30509403927692e+00 1.75398994158344e+00 1.25000000000000e-02
9.50946595921086e-01 -3.09355089995460e-01 0.00000000000000e+00 3.09355089995460e-01 9.50946595921086e-01 0.00000000000000e+00 0.00000000000000e+00 0.00000000000000e+00 1.00000000000000e+00
023011
-1.37218029037576e-02 -8.30053676840371e-01 1.25000000000000e-02
9.51164559852940e-01 -3.08684272485274e-01 0.00000000000000e+00 3.08684272485274e-01 9.51164559852940e-01 0.00000000000000e+00 0.00000000000000e+00 0.00000000000000e+00 1.00000000000000e+00
023012
1.93841098501456e+00 -1.96038582736106e-01 1.25000000000000e-02
9.51026317182583e-01 -3.09109922238245e-01 0.00000000000000e+00 3.09109922238245e-01 9.51026317182583e-01 0.00000000000000e+00 0.00000000000000e+00 0.00000000000000e+00 1.00000000000000e+00
0231-1-1
-4.30606884970772e+00 5.92679530946296e+00 3.02500000000000e+01
-5.87785252292473e-01 8.09016994374948e-01 9.90760072617092e-17 8.09016994374948e-01 5.87785252292473e-01 7.19829327805996e-17 0.00000000000000e+00 1.22464679914735e-16 -1.00000000000000e+00
023100
-2.54765175894816e+00 5.00622335104499e-01 1.25000000000000e-02
9.51208151275515e-01 -3.08549919700226e-01 0.00000000000000e+00 3.08549919700226e-01 9.51208151275515e-01 0.00000000000000e+00 0.00000000000000e+00 0.00000000000000e+00 1.00000000000000e+00
023101
-6.44997302685569e-01 1.11695356009220e+00 1.25000000000000e-02
9.51259815208237e-01 -3.08390602921020e-01 0.00000000000000e+00 3.08390602921020e-01 9.51259815208237e-01 0.00000000000000e+00 0.00000000000000e+00 0.00000000000000e+00 1.00000000000000e+00
023102
1.30632372585771e+00 1.75684532748821e+00 1.25000000000000e-02
9.50904702964356e-01 -3.09483837833691e-01 0.00000000000000e+00 3.09483837833691e-01 9.50904702964356e-01 0.00000000000000e+00 0.00000000000000e+00 0.00000000000000e+00 1.00000000000000e+00
023111
-1.22054198222310e-02 -8.31218022404258e-01 1.25000000000000e-02
9.51111141389156e-01 -3.08848825034866e-01 0.00000000000000e+00 3.08848825034866e-01 9.51111141389156e-01 0.00000000000000e+00 0.00000000000000e+00 0.00000000000000e+00 1.00000000000000e+00
023112
1.93970184696353e+00 -1.93283755003379e-01 1.25000000000000e-02
9.50882242844578e-01 -3.09552839177521e-01 0.00000000000000e+00 3.09552839177521e-01 9.50882242844578e-01 0.00000000000000e+00 0.00000000000000e+00 0.00000000000000e+00 1.00000000000000e+00
0240-1-1
-6.96736575480639e+00 2.26383436175143e+00 2.97500000000000e+01
-9.51056516295153e-01 -3.09016994374948e-01 0.00000000000000e+00 3.09016994374948e-01 -9.51056516295153e-01 0.00000000000000e+00 0.00000000000000e+00 -0.00000000000000e+00 1.00000000000000e+00
024000
-2.54748319958281e+00 5.01640441624426e-01 1.25000000000000e-02
9.50995132397272e-01 -3.09205850780181e-01 0.00000000000000e+00 3.09205850780181e-01 9.50995132397272e-01 0.00000000000000e+00 0.00000000000000e+00 0.00000000000000e+00 1.00000000000000e+00
024001
-6.45003011100636e-01 1.12020631853789e+00 1.25000000000000e-02
9.50960966824381e-01 -3.09310910859023e-01 0.00000000000000e+00 3.09310910859023e-01 9.50960966824381e-01 0.00000000000000e+00 0.00000000000000e+00 0.00000000000000e+00 1.00000000000000e+00
024002
1.30275200959730e+00 1.75261700692983e+00 1.25000000000000e-02
9.51072184637854e-01 -3.08968768014147e-01 0.00000000000000e+00 3.08968768014147e-01 9.51072184637854e-01 0.00000000000000e+00 0.00000000000000e+00 0.00000000000000e+00 1.00000000000000e+00
024011
-1.18195417486957e-02 -8.30347371340260e-01 1.25000000000000e-02
9.51134357299730e-01 -3.08777321647867e-01 0.00000000000000e+00 3.08777321647867e-01 9.51134357299730e-01 0.00000000000000e+00 0.00000000000000e+00 0.00000000000000e+00 1.00000000000000e+00
024012
1.93840324488584e+00 -1.97602422377828e-01 1.25000000000000e-02
9.51096000894267e-01 -3.08895446847202e-01 0.00000000000000e+00 3.08895446847202e-01 9.51096000894267e-01 0.00000000000000e+00 0.00000000000000e+00 0.00000000000000e+00 1.00000000000000e+00
0241-1-1
-6.96736575480639e+00 2.26383436175143e+00 2.97500000000000e+01
-9.51056516295153e-01 3.09016994374948e-01 3.78436673043416e-17 3.09016994374948e-01 9.51056516295153e-01 1.16470831848909e-16 0.00000000000000e+00 1.22464679914735e-16 -1.00000000000000e+00
024100
-2.54628524102600e+00 5.00006740706100e-01 1.25000000000000e-02
9.51174764300689e-01 -3.08652827230740e-01 0.00000000000000e+00 3.08652827230740e-01 9.51174764300689e-01 0.00000000000000e+00 0.00000000000000e+00 0.00000000000000e+00 1.00000000000000e+00
024101
-6.45133338471063e-01 1.12195943939853e+00 1.25000000000000e-02
9.50824649158791e-01 -3.09729699176656e-01 0.00000000000000e+00 3.09729699176656e-01 9.50824649158791e-01 0.00000000000000e+00 0.00000000000000e+00 0.00000000000000e+00 1.00000000000000e+00
024102
1.30514393643226e+00 1.75215213398236e+00 1.25000000000000e-02
9.51192002640556e-01 -3.08599698821383e-01 0.00000000000000e+00 3.08599698821383e-01 9.51192002640556e-01 0.00000000000000e+00 0.00000000000000e+00 0.00000000000000e+00 1.00000000000000e+00
024111
-1.20796184725251e-02 -8.30737350047973e-01 1.25000000000000e-02
9.51132913410485e-01 -3.08781769259914e-01 0.00000000000000e+00 3.08781769259914e-01 9.51132913410485e-01 0.00000000000000e+00 0.00000000000000e+00 0.00000000000000e+00 1.00000000000000e+00
024112
1.93986222336680e+00 -1.92549802278817e-01 1.25000000000000e-02
9.50824011264864e-01 -3.09731657410401e-01 0.00000000000000e+00 3.09731657410401e-01 9.50824011264864e-01 0.00000000000000e+00 0.00000000000000e+00 0.00000000000000e+00 1.00000000000000e+00
0300-1-1
6.96736575387775e+00 2.26383436460949e+00 3.97500000000000e+01
9.51056516295154e-01 -3.09016994374947e-01 0.00000000000000e+00 3.09016994374947e-01 9.51056516295154e-01 0.00000000000000e+00 0.00000000000000e+00 0.00000000000000e+00 1.00000000000000e+00
030000
-2.54895152868832e+00 5.01865311075436e-01 1.25000000000000e-02
9.50978138602527e-01 -3.09258112100675e-01 0.00000000000000e+00 3.09258112100675e-01 9.50978138602527e-01 0.00000000000000e+00 0.00000000000000e+00 0.00000000000000e+00 1.00000000000000e+00
030001
-6.46042389452245e-01 1.11756284764257e+00 1.25000000000000e-02
9.51141806127113e-01 -3.08754375899764e-01 0.00000000000000e+00 3.08754375899764e-01 9.51141806127113e-01 0.00000000000000e+00 0.00000000000000e+00 0.00000000000000e+00 1.00000000000000e+00
030002
1.30323328488843e+00 1.75468407159852e+00 1.25000000000000e-02
9.50963927017820e-01 -3.09301809743890e-01 0.00000000000000e+00 3.09301809743890e-01 9.50963927017820e-01 0.00000000000000e+00 0.00000000000000e+00 0.00000000000000e+00 1.00000000000000e+00
030011
-1.04379568808084e-02 -8.25987092579319e-01 1.25000000000000e-02
9.50736755781061e-01 -3.09999389042791e-01 0.00000000000000e+00 3.09999389042791e-01 9.50736755781061e-01 0.00000000000000e+00 0.00000000000000e+00 0.00000000000000e+00 1.00000000000000e+00
030012
1.93629443922209e+00 -2.03471856171256e-01 1.25000000000000e-02
9.51421988688796e-01 -3.07889914481550e-01 0.00000000000000e+00 3.07889914481550e-01 9.51421988688796e-01 0.00000000000000e+00 0.00000000000000e+00 0.00000000000000e+00 1.00000000000000e+00
0301-1-1
6.96736575387775e+00 2.26383436460949e+00 3.97500000000000e+01
9.51056516295154e-01 3.09016994374947e-01 3.78436673043415e-17 3.09016994374947e-01 -9.51056516295154e-01 -1.16470831848909e-16 0.00000000000000e+00 1.22464679914735e-16 -1.00000000000000e+00
030100
-2.54743711215511e+00 5.01318982323090e-01 1.25000000000000e-02
9.50939445478136e-01 -3.09377069340530e-01 0.00000000000000e+00 3.09377069340530e-01 9.50939445478136e-01 0.00000000000000e+00 0.00000000000000e+00 0.00000000000000e+00 1.00000000000000e+00
030101
-6.44533602613329e-01 1.11856726706522e+00 1.25000000000000e-02
9.50951965563418e-01 -3.09338583418026e-01 0.00000000000000e+00 3.09338583418026e-01 9.50951965563418e-01 0.00000000000000e+00 0.00000000000000e+00 0.00000000000000e+00 1.00000000000000e+00
030102
1.30429898514293e+00 1.75333424812438e+00 1.25000000000000e-02
9.51087098931185e-01 -3.08922854846745e-01 0.00000000000000e+00 3.08922854846745e-01 9.51087098931185e-01 0.00000000000000e+00 0.00000000000000e+00 0.00000000000000e+00 1.00000000000000e+00
030111
-1.15510808068029e-02 -8.31549917407755e-01 1.25000000000000e-02
9.51024330324910e-01 -3.09116035058127e-01 0.00000000000000e+00 3.09116035058127e-01 9.51024330324910e-01 0.00000000000000e+00 0.00000000000000e+00 0.00000000000000e+00 1.00000000000000e+00
030112
1.93687833287824e+00 -1.95289243695743e-01 1.25000000000000e-02
9.50978492027212e-01 -3.09257025306864e-01 0.00000000000000e+00 3.09257025306864e-01 9.50978492027212e-01 0.00000000000000e+00 0.00000000000000e+00 0.00000000000000e+00 1.00000000000000e+00
0310-1-1
4.30606884727652e+00 5.92679531122934e+00 4.02500000000000e+01
5.87785252292473e-01 -8.09016994374947e-01 0.00000000000000e+00 8.09016994374947e-01 5.87785252292473e-01 0.00000000000000e+00 0.00000000000000e+00 0.00000000000000e+00 1.00000000000000e+00
031000
-2.54860282695412e+00 5.02963186458876e-01 1.25000000000000e-02
9.50993600613077e-01 -3.09210561903980e-01 0.00000000000000e+00 3.09210561903980e-01 9.50993600613077e-01 0.00000000000000e+00 0.00000000000000e+00 0.00000000000000e+00 1.00000000000000e+00
031001
-6.45887990538791e-01 1.12185775706927e+00 1.25000000000000e-02
9.50810450669255e-01 -3.09773283060576e-01 0.00000000000000e+00 3.09773283060576e-01 9.50810450669255e-01 0.00000000000000e+00 0.00000000000000e+00 0.00000000000000e+00 1.00000000000000e+00
031002
1.30292119762915e+00 1.75387607174556e+00 1.25000000000000e-02
9.50920096909902e-01 -3.09436535161674e-01 0.00000000000000e+00 3.09436535161674e-01 9.50920096909902e-01 0.00000000000000e+00 0.00000000000000e+00 0.00000000000000e+00 1.00000000000000e+00
031011
-1.06295787358142e-02 -8.28428590477314e-01 1.25000000000000e-02
9.50874148181651e-01 -3.09577703201992e-01 0.00000000000000e+00 3.09577703201992e-01 9.50874148181651e-01 0.00000000000000e+00 0.00000000000000e+00 0.00000000000000e+00 1.00000000000000e+00
031012
1.93805095701607e+00 -1.98761334356366e-01 1.25000000000000e-02
9.51211564236820e-01 -3.08539397909152e-01 0.00000000000000e+00 3.08539397909152e-01 9.51211564236820e-01 0.00000000000000e+00 0.00000000000000e+00 0.00000000000000e+00 1.00000000000000e+00
0311-1-1
4.30606884727652e+00 5.92679531122934e+00 4.02500000000000e+01
5.87785252292473e-01 8.09016994374947e-01 9.90760072617092e-17 8.09016994374947e-01 -5.87785252292473e-01 -7.19829327805997e-17 0.00000000000000e+00 1.22464679914735e-16 -1.00000000000000e+00
031100
-2.54723719516118e+00 5.01622549638323e-01 1.25000000000000e-02
9.51021603818305e-01 -3.09124423284313e-01 0.00000000000000e+00 3.09124423284313e-01 9.51021603818305e-01 0.00000000000000e+00 0.00000000000000e+00 0.00000000000000e+00 1.00000000000000e+00
031101
-6.43720464752722e-01 1.12236161225125e+00 1.25000000000000e-02
9.50896030160004e-01 -3.09510484193902e-01 0.00000000000000e+00 3.09510484193902e-01 9.50896030160004e-01 0.00000000000000e+00 0.00000000000000e+00 0.00000000000000e+00 1.00000000000000e+00
031102
1.30426658164207e+00 1.75202829260871e+00 1.25000000000000e-02
9.51109739335717e-01 -3.08853142675844e-01 0.00000000000000e+00 3.08853142675844e-01 9.51109739335717e-01 0.00000000000000e+00 0.00000000000000e+00 0.00000000000000e+00 1.00000000000000e+00
031111
-1.40146441453233e-02 -8.35342331926305e-01 1.25000000000000e-02
9.51360690722915e-01 -3.08079269259094e-01 0.00000000000000e+00 3.08079269259094e-01 9.51360690722915e-01 0.00000000000000e+00 0.00000000000000e+00 0.00000000000000e+00 1.00000000000000e+00
031112
1.93880936260620e+00 -1.93699164295920e-01 1.25000000000000e-02
9.50908550741925e-01 -3.09472015093274e-01 0.00000000000000e+00 3.09472015093274e-01 9.50908550741925e-01 0.00000000000000e+00 0.00000000000000e+00 0.00000000000000e+00 1.00000000000000e+00
0320-1-1
-1.50257169723885e-09 7.32592189275148e+00 3.97500000000000e+01
6.12323399573677e-17 -1.00000000000000e+00 0.00000000000000e+00 1.00000000000000e+00 6.12323399573677e-17 0.00000000000000e+00 0.00000000000000e+00 0.00000000000000e+00 1.00000000000000e+00
032000
-2.54757202852853e+00 5.00186957920358e-01 1.25000000000000e-02
9.51235007790752e-01 -3.08467113244389e-01 0.00000000000000e+00 3.08467113244389e-01 9.51235007790752e-01 0.00000000000000e+00 0.00000000000000e+00 0.00000000000000e+00 1.00000000000000e+00
032001
-6.46095846583055e-01 1.12093717334225e+00 1.25000000000000e-02
9.51114598440502e-01 -3.08838178717208e-01 0.00000000000000e+00 3.08838178717208e-01 9.51114598440502e-01 0.00000000000000e+00 0.00000000000000e+00 0.00000000000000e+00 1.00000000000000e+00
032002
1.30500255119373e+00 1.75290657688430e+00 1.25000000000000e-02
9.51059001332519e-01 -3.09009346111719e-01 0.00000000000000e+00 3.09009346111719e-01 9.51059001332519e-01 0.00000000000000e+00 0.00000000000000e+00 0.00000000000000e+00 1.00000000000000e+00
032011
-1.08835607320943e-02 -8.28934894741828e-01 1.25000000000000e-02
9.50945020893313e-01 -3.09359931533184e-01 0.00000000000000e+00 3.09359931533184e-01 9.50945020893313e-01 0.00000000000000e+00 0.00000000000000e+00 0.00000000000000e+00 1.00000000000000e+00
032012
1.93821477483107e+00 -1.92426872341150e-01 1.25000000000000e-02
9.50857647064858e-01 -3.09628382126513e-01 0.00000000000000e+00 3.09628382126513e-01 9.50857647064858e-01 0.00000000000000e+00 0.00000000000000e+00 0.00000000000000e+00 1.00000000000000e+00
0321-1-1
-1.50257169723885e-09 7.32592189275148e+00 3.97500000000000e+01
6.12323399573677e-17 1.00000000000000e+00 1.22464679914735e-16 1.00000000000000e+00 -6.12323399573677e-17 -7.49879891330929e-33 0.00000000000000e+00 1.22464679914735e-16 -1.00000000000000e+00
032100
-2.54570743662503e+00 5.01734660235985e-01 1.25000000000000e-02
9.50954050243434e-01 -3.09332174733906e-01 0.00000000000000e+00 3.09332174733906e-01 9.50954050243434e-01 0.00000000000000e+00 0.00000000000000e+00 0.00000000000000e+00 1.00000000000000e+00
032101
-6.44935701934807e-01 1.11932283348714e+00 1.25000000000000e-02
9.50958826411573e-01 -3.09317491374032e-01 0.00000000000000e+00 3.09317491374032e-01 9.50958826411573e-01 0.00000000000000e+00 0.00000000000000e+00 0.00000000000000e+00 1.00000000000000e+00
032102
1.30513257136999e+00 1.75766559760550e+00 1.25000000000000e-02
9.50825825895192e-01 -3.09726086745571e-01 0.00000000000000e+00 3.09726086745571e-01 9.50825825895192e-01 0.00000000000000e+00 0.00000000000000e+00 0.00000000000000e+00 1.00000000000000e+00
032111
-9.08645763079186e-03 -8.28892427716962e-01 1.25000000000000e-02
9.50867075737787e-01 -3.09599425512823e-01 0.00000000000000e+00 3.09599425512823e-01 9.50867075737787e-01 0.00000000000000e+00 0.00000000000000e+00 0.00000000000000e+00 1.00000000000000e+00
032112
1.94055777208536e+00 -1.93896190991129e-01 1.25000000000000e-02
9.50910148948805e-01 -3.09467104271457e-01 0.00000000000000e+00 3.09467104271457e-01 9.50910148948805e-01 0.00000000000000e+00 0.00000000000000e+00 0.00000000000000e+00 1.00000000000000e+00
0330-1-1
-4.30606884970772e+00 5.92679530946296e+00 4.02500000000000e+01
-5.87785252292473e-01 -8.09016994374948e-01 0.00000000000000e+00 8.09016994374948e-01 -5.87785252292473e-01 0.00000000000000e+00 0.00000000000000e+00 -0.00000000000000e+00 1.00000000000000e+00
033000
-2.54600998532544e+00 5.01975631984194e-01 1.25000000000000e-02
9.51086052808195e-01 -3.08926075548387e-01 0.00000000000000e+00 3.08926075548387e-01 9.51086052808195e-01 0.00000000000000e+00 0.00000000000000e+00 0.00000000000000e+00 1.00000000000000e+00
033001
-6.45854234244638e-01 1.11844215999273e+00 1.25000000000000e-02
9.51282920122356e-01 -3.08319324537862e-01 0.00000000000000e+00 3.08319324537862e-01 9.51282920122356e-01 0.00000000000000e+00 0.00000000000000e+00 0.00000000000000e+00 1.00000000000000e+00
033002
1.30655179995832e+00 1.75082211259773e+00 1.25000000000000e-02
9.51262481455918e-01 -3.08382378508128e-01 0.00000000000000e+00 3.08382378508128e-01 9.51262481455918e-01 0.00000000000000e+00 0.00000000000000e+00 0.00000000000000e+00 1.00000000000000e+00
033011
-1.27259469023624e-02 -8.33375567973031e-01 1.25000000000000e-02
9.51156646357744e-01 -3.08708655676335e-01 0.00000000000000e+00 3.08708655676335e-01 9.51156646357744e-01 0.00000000000000e+00 0.00000000000000e+00 0.00000000000000e+00 1.00000000000000e+00
033012
1.93929232321925e+00 -1.98368666150301e-01 1.25000000000000e-02
9.51091394221739e-01 -3.08909630535128e-01 0.00000000000000e+00 3.08909630535128e-01 9.51091394221739e-01 0.00000000000000e+00 0.00000000000000e+00 0.00000000000000e+00 1.00000000000000e+00
0331-1-1
-4.30606884970772e+00 5.92679530946296e+00 4.02500000000000e+01
-5.87785252292473e-01 8.09016994374948e-01 9.90760072617092e-17 8.09016994374948e-01 5.87785252292473e-01 7.19829327805996e-17 0.00000000000000e+00 1.22464679914735e-16 -1.00000000000000e+00
033100
-2.54687052537386e+00 5.02265376507727e-01 1.25000000000000e-02
9.50810992517907e-01 -3.09771619918791e-01 0.00000000000000e+00 3.09771619918791e-01 9.50810992517907e-01 0.00000000000000e+00 0.00000000000000e+00 0.00000000000000e+00 1.00000000000000e+00
033101
-6.44570335739735e-01 1.11996763965309e+00 1.25000000000000e-02
9.51014373364120e-01 -3.09146666899143e-01 0.00000000000000e+00 3.09146666899143e-01 9.51014373364120e-01 0.00000000000000e+00 0.00000000000000e+00 0.00000000000000e+00 1.00000000000000e+00
033102
1.30340863420936e+00 1.75272587667363e+00 1.25000000000000e-02
9.51082400223920e-01 -3.08937320478294e-01 0.00000000000000e+00 3.08937320478294e-01 9.51082400223920e-01 0.00000000000000e+00 0.00000000000000e+00 0.00000000000000e+00 1.00000000000000e+00
033111
-1.02992972754152e-02 -8.29821025012051e-01 1.25000000000000e-02
9.51003631117322e-01 -3.09179710850614e-01 0.00000000000000e+00 3.09179710850614e-01 9.51003631117322e-01 0.00000000000000e+00 0.00000000000000e+00 0.00000000000000e+00 1.00000000000000e+00
033112
1.94063071298198e+00 -1.88650381378364e-01 1.25000000000000e-02
9.50655565852735e-01 -3.10248279790907e-01 0.00000000000000e+00 3.10248279790907e-01 9.50655565852735e-01 0.00000000000000e+00 0.00000000000000e+00 0.00000000000000e+00 1.00000000000000e+00
0340-1-1
-6.96736575480639e+00 2.26383436175143e+00 3.97500000000000e+01
-9.51056516295153e-01 -3.09016994374948e-01 0.00000000000000e+00 3.09016994374948e-01 -9.51056516295153e-01 0.00000000000000e+00 0.00000000000000e+00 -0.00000000000000e+00 1.00000000000000e+00
034000
-2.54654511280004e+00 5.01688709434785e-01 1.25000000000000e-02
9.50972440613982e-01 -3.09275633040637e-01 0.00000000000000e+00 3.09275633040637e-01 9.50972440613982e-01 0.00000000000000e+00 0.00000000000000e+00 0.00000000000000e+00 1.00000000000000e+00
034001
-6.43526826774485e-01 1.12134862292873e+00 1.25000000000000e-02
9.50937244845047e-01 -3.09383833395528e-01 0.00000000000000e+00 3.09383833395528e-01 9.50937244845047e-01 0.00000000000000e+00 0.00000000000000e+00 0.00000000000000e+00 1.00000000000000e+00
034002
1.30566714350079e+00 1.75374653672433e+00 1.25000000000000e-02
9.51061154142143e-01 -3.09002720185139e-01 0.00000000000000e+00 3.09002720185139e-01 9.51061154142143e-01 0.00000000000000e+00 0.00000000000000e+00 0.00000000000000e+00 1.00000000000000e+00
034011
-1.29453067722118e-02 -8.33153922242206e-01 1.25000000000000e-02
9.51281586984927e-01 -3.08323437745882e-01 0.00000000000000e+00 3.08323437745882e-01 9.51281586984927e-01 0.00000000000000e+00 0.00000000000000e+00 0.00000000000000e+00 1.00000000000000e+00
034012
1.93749216460996e+00 -1.94486423145239e-01 1.25000000000000e-02
9.50939675303369e-01 -3.09376362920509e-01 0.00000000000000e+00 3.09376362920509e-01 9.50939675303369e-01 0.00000000000000e+00 0.00000000000000e+00 0.00000000000000e+00 1.00000000000000e+00
0341-1-1
-6.96736575480639e+00 2.26383436175143e+00 3.97500000000000e+01
-9.51056516295153e-01 3.09016994374948e-01 3.78436673043416e-17 3.09016994374948e-01 9.51056516295153e-01 1.16470831848909e-16 0.00000000000000e+00 1.22464679914735e-16 -1.00000000000000e+00
034100
-2.54803243551651e+00 5.02248957835481e-01 1.25000000000000e-02
9.51120488509764e-01 -3.08820038755500e-01 0.00000000000000e+00 3.08820038755500e-01 9.51120488509764e-01 0.00000000000000e+00 0.00000000000000e+00 0.00000000000000e+00 1.00000000000000e+00
034101
-6.44866547540959e-01 1.11756567135528e+00 1.25000000000000e-02
9.51297535988794e-01 -3.08274225360554e-01 0.00000000000000e+00 3.08274225360554e-01 9.51297535988794e-01 0.00000000000000e+00 0.00000000000000e+00 0.00000000000000e+00 1.00000000000000e+00
034102
1.30445764054494e+00 1.75313868398338e+00 1.25000000000000e-02
9.50992530593320e-01 -3.09213852787538e-01 0.00000000000000e+00 3.09213852787538e-01 9.50992530593320e-01 0.00000000000000e+00 0.00000000000000e+00 0.00000000000000e+00 1.00000000000000e+00
034111
-9.68657374911652e-03 -8.31356072327339e-01 1.25000000000000e-02
9.51047040704307e-01 -3.09046155723673e-01 0.00000000000000e+00 3.09046155723673e-01 9.51047040704307e-01 0.00000000000000e+00 0.00000000000000e+00 0.00000000000000e+00 1.00000000000000e+00
034112
1.93841620777225e+00 -1.96047354451445e-01 1.25000000000000e-02
9.51030026780214e-01 -3.09098508832421e-01 0.00000000000000e+00 3.09098508832421e-01 9.51030026780214e-01 0.00000000000000e+00 0.00000000000000e+00 0.00000000000000e+00 1.00000000000000e+00
1000-1-1
-6.96736575294911e+00 -2.26383436746755e+00 2.50000000000000e-01
-9.51056516295154e-01 3.09016994374947e-01 0.00000000000000e+00 -3.09016994374947e-01 -9.51056516295154e-01 -0.00000000000000e+00 -0.00000000000000e+00 -0.00000000000000e+00 1.00000000000000e+00
100000
-2.54588228498206e+00 5.02520816515723e-01 1.25000000000000e-02
9.50815756155446e-01 -3.09756998059039e-01 0.00000000000000e+00 3.09756998059039e-01 9.50815756155446e-01 0.00000000000000e+00 0.00000000000000e+00 0.00000000000000e+00 1.00000000000000e+00
100001
-6.43315786969542e-01 1.12074362384584e+00 1.25000000000000e-02
9.50858150114576e-01 -3.09626837274625e-01 0.00000000000000e+00 3.09626837274625e-01 9.50858150114576e-01 0.00000000000000e+00 0.00000000000000e+00 0.00000000000000e+00 1.00000000000000e+00
100002
1.30715016319463e+00 1.75147912794239e+00 1.25000000000000e-02
9.51064608327764e-01 -3.08992088549783e-01 0.00000000000000e+00 3.08992088549783e-01 9.51064608327764e-01 0.00000000000000e+00 0.00000000000000e+00 0.00000000000000e+00 1.00000000000000e+00
100011
-9.00429349589515e-03 -8.26987261564076e-01 1.25000000000000e-02
9.50829778337096e-01 -3.09713952910469e-01 0.00000000000000e+00 3.09713952910469e-01 9.50829778337096e-01 0.00000000000000e+00 0.00000000000000e+00 0.00000000000000e+00 1.00000000000000e+00
100012
1.93964290238172e+00 -2.00060206187781e-01 1.25000000000000e-02
9.51191020212035e-01 -3.08602726928955e-01 0.00000000000000e+00 3.08602726928955e-01 9.51191020212035e-01 0.00000000000000e+00 0.00000000000000e+00 0.00000000000000e+00 1.00000000000000e+00
1001-1-1
-6.96736575294911e+00 -2.26383436746755e+00 2.50000000000000e-01
-9.51056516295154e-01 -3.09016994374947e-01 -3.78436673043414e-17 -3.09016994374947e-01 9.51056516295154e-01 1.16470831848909e-16 0.00000000000000e+00 1.22464679914735e-16 -1.00000000000000e+00
100100
-2.54694727800119e+00 5.00288821536080e-01 1.25000000000000e-02
9.50885901807987e-01 -3.09541599373671e-01 0.00000000000000e+00 3.09541599373671e-01 9.50885901807987e-01 0.00000000000000e+00 0.00000000000000e+00 0.00000000000000e+00 1.00000000000000e+00
100101
-6.44527196582174e-01 1.12060269430768e+00 1.25000000000000e-02
9.51008347838637e-01 -3.09165202345326e-01 0.00000000000000e+00 3.09165202345326e-01 9.51008347838637e-01 0.00000000000000e+00 0.00000000000000e+00 0.00000000000000e+00 1.00000000000000e+00
100102
1.30394204313152e+00 1.75249820893189e+00 1.25000000000000e-02
9.51116439558468e-01 -3.08832508654162e-01 0.00000000000000e+00 3.08832508654162e-01 9.51116439558468e-01 0.00000000000000e+00 0.00000000000000e+00 0.00000000000000e+00 1.00000000000000e+00
100111
-8.80505281765087e-03 -8.27261946352639e-01 1.25000000000000e-02
9.50863234374786e-01 -3.09611223172418e-01 0.00000000000000e+00 3.09611223172418e-01 9.50863234374786e-01 0.00000000000000e+00 0.00000000000000e+00 0.00000000000000e+00 1.00000000000000e+00
100112
1.93708166511791e+00 -2.04939816725718e-01 1.25000000000000e-02
9.51426176738836e-01 -3.07876972533057e-01 0.00000000000000e+00 3.07876972533057e-01 9.51426176738836e-01 0.00000000000000e+00 0.00000000000000e+00 0.00000000000000e+00 1.00000000000000e+00
1010-1-1
-4.30606884484531e+00 -5.92679531299571e+00 -2.50000000000000e-01
-5.87785252292473e-01 8.09016994374947e-01 0.00000000000000e+00 -8.09016994374947e-01 -5.87785252292473e-01 -0.00000000000000e+00 -0.00000000000000e+00 -0.00000000000000e+00 1.00000000000000e+00
101000
-2.54675443066376e+00 5.00195582916148e-01 1.25000000000000e-02
9.51045587650267e-01 -3.09050627261874e-01 0.00000000000000e+00 3.09050627261874e-01 9.51045587650267e-01 0.00000000000000e+00 0.00000000000000e+00 0.00000000000000e+00 1.00000000000000e+00
101001
-6.44312875069276e-01 1.11987239337090e+00 1.25000000000000e-02
9.51045076589172e-01 -3.09052199952525e-01 0.00000000000000e+00 3.09052199952525e-01 9.51045076589172e-01 0.00000000000000e+00 0.00000000000000e+00 0.00000000000000e+00 1.00000000000000e+00
101002
1.30505584839230e+00 1.75255211760223e+00 1.25000000000000e-02
9.51131941356386e-01 -3.08784763438277e-01 0.00000000000000e+00 3.08784763438277e-01 9.51131941356386e-01 0.00000000000000e+00 0.00000000000000e+00 0.00000000000000e+00 1.00000000000000e+00
101011
-9.96379241921419e-03 -8.27745708035961e-01 1.25000000000000e-02
9.50811827178549e-01 -3.09769058005135e-01 0.00000000000000e+00 3.09769058005135e-01 9.50811827178549e-01 0.00000000000000e+00 0.00000000000000e+00 0.00000000000000e+00 1.00000000000000e+00
101012
1.93820509932309e+00 -1.98799169123314e-01 1.25000000000000e-02
9.51218486062126e-01 -3.08518057451550e-01 0.00000000000000e+00 3.08518057451550e-01 9.51218486062126e-01 0.00000000000000e+00 0.00000000000000e+00 0.00000000000000e+00 1.00000000000000e+00
1011-1-1
-4.30606884484531e+00 -5.92679531299571e+00 -2.50000000000000e-01
-5.87785252292473e-01 -8.09016994374947e-01 -9.90760072617091e-17 -8.09016994374947e-01 5.87785252292473e-01 7.19829327805997e-17 0.00000000000000e+00 1.22464679914735e-16 -1.00000000000000e+00
101100
-2.54711905847656e+00 5.01256191294792e-01 1.25000000000000e-02
9.51041348199738e-01 -3.09063673074699e-01 0.00000000000000e+00 3.09063673074699e-01 9.51041348199738e-01 0.00000000000000e+00 0.00000000000000e+00 0.00000000000000e+00 1.00000000000000e+00
101101
-6.45919292747940e-01 1.11964288259629e+00 1.25000000000000e-02
9.51036612392645e-01 -3.09078245576621e-01 0.00000000000000e+00 3.09078245576621e-01 9.51036612392645e-01 0.00000000000000e+00 0.00000000000000e+00 0.00000000000000e+00 1.00000000000000e+00
101102
1.30611186824460e+00 1.75001811171163e+00 1.25000000000000e-02
9.51200973139534e-01 -3.08572047824174e-01 0.00000000000000e+00 3.08572047824174e-01 9.51200973139534e-01 0.00000000000000e+00 0.00000000000000e+00 0.00000000000000e+00 1.00000000000000e+00
101111
-1.23799437789849e-02 -8.28027857757516e-01 1.25000000000000e-02
9.50956282917782e-01 -3.09325310925562e-01 0.00000000000000e+00 3.09325310925562e-01 9.50956282917782e-01 0.00000000000000e+00 0.00000000000000e+00 0.00000000000000e+00 1.00000000000000e+00
101112
1.93822765925844e+00 -1.95461759467817e-01 1.25000000000000e-02
9.51024062306153e-01 -3.09116859641628e-01 0.00000000000000e+00 3.09116859641628e-01 9.51024062306153e-01 0.00000000000000e+00 0.00000000000000e+00 0.00000000000000e+00 1.00000000000000e+00
1020-1-1
4.50771509171656e-09 -7.32592189275148e+00 2.50000000000000e-01
-1.83697019872103e-16 1.00000000000000e+00 0.00000000000000e+00 -1.00000000000000e+00 -1.83697019872103e-16 -0.00000000000000e+00 -0.00000000000000e+00 -0.00000000000000e+00 1.00000000000000e+00
102000
-2.54611987230656e+00 5.02162868801847e-01 1.25000000000000e-02
9.50980109562309e-01 -3.09252051273486e-01 0.00000000000000e+00 3.09252051273486e-01 9.50980109562309e-01 0.00000000000000e+00 0.00000000000000e+00 0.00000000000000e+00 1.00000000000000e+00
102001
-6.44870112620242e-01 1.12077569252260e+00 1.25000000000000e-02
9.50895218952421e-01 -3.09512976421712e-01 0.00000000000000e+00 3.09512976421712e-01 9.50895218952421e-01 0.00000000000000e+00 0.00000000000000e+00 0.00000000000000e+00 1.00000000000000e+00
102002
1.30494097391596e+00 1.75536301986256e+00 1.25000000000000e-02
9.50971890039674e-01 -3.09277325962265e-01 0.00000000000000e+00 3.09277325962265e-01 9.50971890039674e-01 0.00000000000000e+00 0.00000000000000e+00 0.00000000000000e+00 1.00000000000000e+00
102011
-9.74887509328060e-03 -8.27787039192156e-01 1.25000000000000e-02
9.50860128700329e-01 -3.09620761009326e-01 0.00000000000000e+00 3.09620761009326e-01 9.50860128700329e-01 0.00000000000000e+00 0.00000000000000e+00 0.00000000000000e+00 1.00000000000000e+00
102012
1.93913779471084e+00 -1.94288488395942e-01 1.25000000000000e-02
9.50885026690060e-01 -3.09544287649835e-01 0.00000000000000e+00 3.09544287649835e-01 9.50885026690060e-01 0.00000000000000e+00 0.00000000000000e+00 0.00000000000000e+00 1.00000000000000e+00
1021-1-1
4.50771509171656e-09 -7.32592189275148e+00 2.50000000000000e-01
-1.83697019872103e-16 -1.00000000000000e+00 -1.22464679914735e-16 -1.00000000000000e+00 1.83697019872103e-16 2.24963967399279e-32 0.00000000000000e+00 1.22464679914735e-16 -1.00000000000000e+00
102100
-2.54544025739240e+00 4.99799638082448e-01 1.25000000000000e-02
9.51000227249316e-01 -3.09190180587529e-01 0.00000000000000e+00 3.09190180587529e-01 9.51000227249316e-01 0.00000000000000e+00 0.00000000000000e+00 0.00000000000000e+00 1.00000000000000e+00
102101
-6.46317827372437e-01 1.11903981504791e+00 1.25000000000000e-02
9.51098327817054e-01 -3.08888282107954e-01 0.00000000000000e+00 3.08888282107954e-01 9.51098327817054e-01 0.00000000000000e+00 0.00000000000000e+00 0.00000000000000e+00 1.00000000000000e+00
102102
1.30570340662356e+00 1.75506749310743e+00 1.25000000000000e-02
9.50933835184474e-01 -3.09394313298334e-01 0.00000000000000e+00 3.09394313298334e-01 9.50933835184474e-01 0.00000000000000e+00 0.00000000000000e+00 0.00000000000000e+00 1.00000000000000e+00
102111
-1.05432181422493e-02 -8.30265697718367e-01 1.25000000000000e-02
9.51056516295154e-01 -3.09016994374947e-01 0.00000000000000e+00 3.09016994374947e-01 9.51056516295154e-01 0.00000000000000e+00 0.00000000000000e+00 0.00000000000000e+00 1.00000000000000e+00
102112
1.93757237287781e+00 -2.00880361737381e-01 1.25000000000000e-02
9.51317015278362e-01 -3.08214108116206e-01 0.00000000000000e+00 3.08214108116206e-01 9.51317015278362e-01 0.00000000000000e+00 0.00000000000000e+00 0.00000000000000e+00 1.00000000000000e+00
1030-1-1
4.30606885213894e+00 -5.92679530769658e+00 -2.50000000000000e-01
5.87785252292473e-01 8.09016994374948e-01 0.00000000000000e+00 -8.09016994374948e-01 5.87785252292473e-01 -0.00000000000000e+00 -0.00000000000000e+00 0.00000000000000e+00 1.00000000000000e+00
103000
-2.54631443648079e+00 5.00586442797167e-01 1.25000000000000e-02
9.51195113678504e-01 -3.08590109553331e-01 0.00000000000000e+00 3.08590109553331e-01 9.51195113678504e-01 0.00000000000000e+00 0.00000000000000e+00 0.00000000000000e+00 1.00000000000000e+00
103001
-6.45565915322838e-01 1.11937252730856e+00 1.25000000000000e-02
9.51044599424456e-01 -3.09053668325708e-01 0.00000000000000e+00 3.09053668325708e-01 9.51044599424456e-01 0.00000000000000e+00 0.00000000000000e+00 0.00000000000000e+00 1.00000000000000e+00
103002
1.30462160410600e+00 1.75347920905112e+00 1.25000000000000e-02
9.51026141247088e-01 -3.09110463531523e-01 0.00000000000000e+00 3.09110463531523e-01 9.51026141247088e-01 0.00000000000000e+00 0.00000000000000e+00 0.00000000000000e+00 1.00000000000000e+00
103011
-1.44153346392017e-02 -8.30958007977753e-01 1.25000000000000e-02
9.51227428678753e-01 -3.08490484341427e-01 0.00000000000000e+00 3.08490484341427e-01 9.51227428678753e-01 0.00000000000000e+00 0.00000000000000e+00 0.00000000000000e+00 1.00000000000000e+00
103012
1.93688292797907e+00 -1.99864567750716e-01 1.25000000000000e-02
9.51173441017969e-01 -3.08656905158520e-01 0.00000000000000e+00 3.08656905158520e-01 9.51173441017969e-01 0.00000000000000e+00 0.00000000000000e+00 0.00000000000000e+00 1.00000000000000e+00
1031-1-1
4.30606885213894e+00 -5.92679530769658e+00 -2.50000000000000e-01
5.87785252292473e-01 -8.09016994374948e-01 -9.90760072617092e-17 -8.09016994374948e-01 -5.87785252292473e-01 -7.19829327805996e-17 0.00000000000000e+00 1.22464679914735e-16 -1.00000000000000e+00
103100
-2.54363017382582e+00 5.02162570397881e-01 1.25000000000000e-02
9.50696591525184e-01 -3.10122541686986e-01 0.00000000000000e+00 3.10122541686986e-01 9.50696591525184e-01 0.00000000000000e+00 0.00000000000000e+00 0.00000000000000e+00 1.00000000000000e+00
103101
-6.44222613256244e-01 1.11615395916638e+00 1.25000000000000e-02
9.51190247417907e-01 -3.08605108864161e-01 0.00000000000000e+00 3.08605108864161e-01 9.51190247417907e-01 0.00000000000000e+00 0.00000000000000e+00 0.00000000000000e+00 1.00000000000000e+00
103102
1.30570624692507e+00 1.75200696390865e+00 1.25000000000000e-02
9.51238612101637e-01 -3.08455998234677e-01 0.00000000000000e+00 3.08455998234677e-01 9.51238612101637e-01 0.00000000000000e+00 0.00000000000000e+00 0.00000000000000e+00 1.00000000000000e+00
103111
-1.17669855420952e-02 -8.29826904236984e-01 1.25000000000000e-02
9.51032461536837e-01 -3.09091017506470e-01 0.00000000000000e+00 3.09091017506470e-01 9.51032461536837e-01 0.00000000000000e+00 0.00000000000000e+00 0.00000000000000e+00 1.00000000000000e+00
103112
1.93981905635259e+00 -1.91413715095185e-01 1.25000000000000e-02
9.50808521543673e-01 -3.09779204208312e-01 0.00000000000000e+00 3.09779204208312e-01 9.50808521543673e-01 0.00000000000000e+00 0.00000000000000e+00 0.00000000000000e+00 1.00000000000000e+00
1040-1-1
6.96736575573503e+00 -2.26383435889338e+00 2.50000000000000e-01
9.51056516295153e-01 3.09016994374949e-01 0.00000000000000e+00 -3.09016994374949e-01 9.51056516295153e-01 -0.00000000000000e+00 -0.00000000000000e+00 0.00000000000000e+00 1.00000000000000e+00
104000
-2.54588904085888e+00 5.01213813115241e-01 1.25000000000000e-02
9.51049241515638e-01 -3.09039382947433e-01 0.00000000000000e+00 3.09039382947433e-01 9.51049241515638e-01 0.00000000000000e+00 0.00000000000000e+00 0.00000000000000e+00 1.00000000000000e+00
104001
-6.44175356013638e-01 1.11797204624773e+00 1.25000000000000e-02
9.51148557572736e-01 -3.08733576773412e-01 0.00000000000000e+00 3.08733576773412e-01 9.51148557572736e-01 0.00000000000000e+00 0.00000000000000e+00 0.00000000000000e+00 1.00000000000000e+00
104002
1.30583420772963e+00 1.75573244446762e+00 1.25000000000000e-02
9.51002284681250e-01 -3.09183852312895e-01 0.00000000000000e+00 3.09183852312895e-01 9.51002284681250e-01 0.00000000000000e+00 0.00000000000000e+00 0.00000000000000e+00 1.00000000000000e+00
104011
-1.16297144870749e-02 -8.31783503018441e-01 1.25000000000000e-02
9.51143429496975e-01 -3.08749374938205e-01 0.00000000000000e+00 3.08749374938205e-01 9.51143429496975e-01 0.00000000000000e+00 0.00000000000000e+00 0.00000000000000e+00 1.00000000000000e+00
104012
1.93937143755020e+00 -1.93770679835258e-01 1.25000000000000e-02
9.50896705808128e-01 -3.09508408420918e-01 0.00000000000000e+00 3.09508408420918e-01 9.50896705808128e-01 0.00000000000000e+00 0.00000000000000e+00 0.00000000000000e+00 1.00000000000000e+00
1041-1-1
6.96736575573503e+00 -2.26383435889338e+00 2.50000000000000e-01
9.51056516295153e-01 -3.09016994374949e-01 -3.78436673043416e-17 -3.09016994374949e-01 -9.51056516295153e-01 -1.16470831848909e-16 0.00000000000000e+00 1.22464679914735e-16 -1.00000000000000e+00
104100
-2.54611684871718e+00 5.00714316069726e-01 1.25000000000000e-02
9.51070838877958e-01 -3.08972910521258e-01 0.00000000000000e+00 3.08972910521258e-01 9.51070838877958e-01 0.00000000000000e+00 0.00000000000000e+00 0.00000000000000e+00 1.00000000000000e+00
104101
-6.41724825669761e-01 1.11949839653863e+00 1.25000000000000e-02
9.51115739732350e-01 -3.08834663911590e-01 0.00000000000000e+00 3.08834663911590e-01 9.51115739732350e-01 0.00000000000000e+00 0.00000000000000e+00 0.00000000000000e+00 1.00000000000000e+00
104102
1.30249279483585e+00 1.75849729004435e+00 1.25000000000000e-02
9.50761797953936e-01 -3.09922576704890e-01 0.00000000000000e+00 3.09922576704890e-01 9.50761797953936e-01 0.00000000000000e+00 0.00000000000000e+00 0.00000000000000e+00 1.00000000000000e+00
104111
-1.12670821325680e-02 -8.30683083089121e-01 1.25000000000000e-02
9.51054506996645e-01 -3.09023178291480e-01 0.00000000000000e+00 3.09023178291480e-01 9.51054506996645e-01 0.00000000000000e+00 0.00000000000000e+00 0.00000000000000e+00 1.00000000000000e+00
104112
1.94048995573291e+00 -1.96808631035020e-01 1.25000000000000e-02
9.50986296968957e-01 -3.09233023749520e-01 0.00000000000000e+00 3.09233023749520e-01 9.50986296968957e-01 0.00000000000000e+00 0.00000000000000e+00 0.00000000000000e+00 1.00000000000000e+00
1100-1-1
-6.96736575294911e+00 -2.26383436746755e+00 2.02500000000000e+01
-9.51056516295154e-01 3.09016994374947e-01 0.00000000000000e+00 -3.09016994374947e-01 -9.51056516295154e-01 0.00000000000000e+00 -0.00000000000000e+00 0.00000000000000e+00 1.00000000000000e+00
110000
-2.54526801357259e+00 4.99837342037012e-01 1.25000000000000e-02
9.51055574062203e-01 -3.09019894254744e-01 0.00000000000000e+00 3.09019894254744e-01 9.51055574062203e-01 0.00000000000000e+00 0.00000000000000e+00 0.00000000000000e+00 1.00000000000000e+00
110001
-6.46422443701502e-01 1.12108250092054e+00 1.25000000000000e-02
9.50950003150398e-01 -3.09344616097094e-01 0.00000000000000e+00 3.09344616097094e-01 9.50950003150398e-01 0.00000000000000e+00 0.00000000000000e+00 0.00000000000000e+00 1.00000000000000e+00
110002
1.30482454531226e+00 1.75450982188075e+00 1.25000000000000e-02
9.51029079245222e-01 -3.09101424179806e-01 0.00000000000000e+00 3.09101424179806e-01 9.51029079245222e-01 0.00000000000000e+00 0.00000000000000e+00 0.00000000000000e+00 1.00000000000000e+00
110011
-1.12300938544974e-02 -8.28067156053505e-01 1.25000000000000e-02
9.50940728501849e-01 -3.09373125653108e-01 0.00000000000000e+00 3.09373125653108e-01 9.50940728501849e-01 0.00000000000000e+00 0.00000000000000e+00 0.00000000000000e+00 1.00000000000000e+00
110012
1.93862088874406e+00 -1.96104886217584e-01 1.25000000000000e-02
9.51014387382798e-01 -3.09146623774095e-01 0.00000000000000e+00 3.09146623774095e-01 9.51014387382798e-01 0.00000000000000e+00 0.00000000000000e+00 0.00000000000000e+00 1.00000000000000e+00
1101-1-1
-6.96736575294911e+00 -2.26383436746755e+00 2.02500000000000e+01
-9.51056516295154e-01 -3.09016994374947e-01 -3.78436673043414e-17 -3.09016994374947e-01 9.51056516295154e-01 1.16470831848909e-16 0.00000000000000e+00 1.22464679914735e-16 -1.00000000000000e+00
110100
-2.54817179376102e+00 5.01090948633846e-01 1.25000000000000e-02
9.51026116554706e-01 -3.09110539501445e-01 0.00000000000000e+00 3.09110539501445e-01 9.51026116554706e-01 0.00000000000000e+00 0.00000000000000e+00 0.00000000000000e+00 1.00000000000000e+00
110101
-6.45490694089326e-01 1.12159112981698e+00 1.25000000000000e-02
9.50858243297897e-01 -3.09626551110266e-01 0.00000000000000e+00 3.09626551110266e-01 9.50858243297897e-01 0.00000000000000e+00 0.00000000000000e+00 0.00000000000000e+00 1.00000000000000e+00
110102
1.30601053702842e+00 1.74917439094291e+00 1.25000000000000e-02
9.51391220998620e-01 -3.07984974644471e-01 0.00000000000000e+00 3.07984974644471e-01 9.51391220998620e-01 0.00000000000000e+00 0.00000000000000e+00 0.00000000000000e+00 1.00000000000000e+00
110111
-1.15326855775897e-02 -8.29352869246351e-01 1.25000000000000e-02
9.51043775743291e-01 -3.09056203011596e-01 0.00000000000000e+00 3.09056203011596e-01 9.51043775743291e-01 0.00000000000000e+00 0.00000000000000e+00 0.00000000000000e+00 1.00000000000000e+00
110112
1.93907842938581e+00 -1.94404650175672e-01 1.25000000000000e-02
9.50953542642541e-01 -3.09333735204553e-01 0.00000000000000e+00 3.09333735204553e-01 9.50953542642541e-01 0.00000000000000e+00 0.00000000000000e+00 0.00000000000000e+00 1.00000000000000e+00
1110-1-1
-4.30606884484531e+00 -5.92679531299571e+00 1.97500000000000e+01
-5.87785252292473e-01 8.09016994374947e-01 0.00000000000000e+00 -8.09016994374947e-01 -5.87785252292473e-01 0.00000000000000e+00 -0.00000000000000e+00 0.00000000000000e+00 1.00000000000000e+00
111000
-2.54757183363680e+00 5.02048820046974e-01 1.25000000000000e-02
9.51276216585566e-01 -3.08340006743614e-01 0.00000000000000e+00 3.08340006743614e-01 9.51276216585566e-01 0.00000000000000e+00 0.00000000000000e+00 0.00000000000000e+00 1.00000000000000e+00
111001
-6.44855625545242e-01 1.12035513536310e+00 1.25000000000000e-02
9.51045230369563e-01 -3.09051726724353e-01 0.00000000000000e+00 3.09051726724353e-01 9.51045230369563e-01 0.00000000000000e+00 0.00000000000000e+00 0.00000000000000e+00 1.00000000000000e+00
111002
1.30482635516141e+00 1.75351168704856e+00 1.25000000000000e-02
9.51044038147087e-01 -3.09055395527861e-01 0.00000000000000e+00 3.09055395527861e-01 9.51044038147087e-01 0.00000000000000e+00 0.00000000000000e+00 0.00000000000000e+00 1.00000000000000e+00
111011
-1.44161853077835e-02 -8.34012442178289e-01 1.25000000000000e-02
9.51308212430742e-01 -3.08241277186923e-01 0.00000000000000e+00 3.08241277186923e-01 9.51308212430742e-01 0.00000000000000e+00 0.00000000000000e+00 0.00000000000000e+00 1.00000000000000e+00
111012
1.94040012044837e+00 -1.91543001207319e-01 1.25000000000000e-02
9.50829633389110e-01 -3.09714397904152e-01 0.00000000000000e+00 3.09714397904152e-01 9.50829633389110e-01 0.00000000000000e+00 0.00000000000000e+00 0.00000000000000e+00 1.00000000000000e+00
1111-1-1
-4.30606884484531e+00 -5.92679531299571e+00 1.97500000000000e+01
-5.87785252292473e-01 -8.09016994374947e-01 -9.90760072617091e-17 -8.09016994374947e-01 5.87785252292473e-01 7.19829327805997e-17 0.00000000000000e+00 1.22464679914735e-16 -1.00000000000000e+00
111100
-2.54748532040906e+00 5.02270483999136e-01 1.25000000000000e-02
9.50935966805878e-01 -3.09387761611492e-01 0.00000000000000e+00 3.09387761611492e-01 9.50935966805878e-01 0.00000000000000e+00 0.00000000000000e+00 0.00000000000000e+00 1.00000000000000e+00
111101
-6.44863927910807e-01 1.11948099227201e+00 1.25000000000000e-02
9.51121468875706e-01 -3.08817019355669e-01 0.00000000000000e+00 3.08817019355669e-01 9.51121468875706e-01 0.00000000000000e+00 0.00000000000000e+00 0.00000000000000e+00 1.00000000000000e+00
111102
1.30692049749709e+00 1.75347415957964e+00 1.25000000000000e-02
9.51063155691887e-01 -3.08996559665943e-01 0.00000000000000e+00 3.08996559665943e-01 9.51063155691887e-01 0.00000000000000e+00 0.00000000000000e+00 0.00000000000000e+00 1.00000000000000e+00
111111
-1.20751812849611e-02 -8.31553138875485e-01 1.25000000000000e-02
9.50984466054176e-01 -3.09238654316783e-01 0.00000000000000e+00 3.09238654316783e-01 9.50984466054176e-01 0.00000000000000e+00 0.00000000000000e+00 0.00000000000000e+00 1.00000000000000e+00
111112
1.93931690041435e+00 -1.93703961059146e-01 1.25000000000000e-02
9.50916022229723e-01 -3.09449056658444e-01 0.00000000000000e+00 3.09449056658444e-01 9.50916022229723e-01 0.00000000000000e+00 0.00000000000000e+00 0.00000000000000e+00 1.00000000000000e+00
1120-1-1
4.50771509171656e-09 -7.32592189275148e+00 2.02500000000000e+01
-1.83697019872103e-16 1.00000000000000e+00 0.00000000000000e+00 -1.00000000000000e+00 -1.83697019872103e-16 0.00000000000000e+00 -0.00000000000000e+00 0.00000000000000e+00 1.00000000000000e+00
112000
-2.54594446633842e+00 4.99125858285728e-01 1.25000000000000e-02
9.50947103985105e-01 -3.09353528220290e-01 0.00000000000000e+00 3.09353528220290e-01 9.50947103985105e-01 0.00000000000000e+00 0.00000000000000e+00 0.00000000000000e+00 1.00000000000000e+00
112001
-6.45087867096240e-01 1.12071924102733e+00 1.25000000000000e-02
9.50938014116341e-01 -3.09381468915755e-01 0.00000000000000e+00 3.09381468915755e-01 9.50938014116341e-01 0.00000000000000e+00 0.00000000000000e+00 0.00000000000000e+00 1.00000000000000e+00
112002
1.30359084304076e+00 1.75370919339030e+00 1.25000000000000e-02
9.50987197133566e-01 -3.09230255453835e-01 0.00000000000000e+00 3.09230255453835e-01 9.50987197133566e-01 0.00000000000000e+00 0.00000000000000e+00 0.00000000000000e+00 1.00000000000000e+00
112011
-1.38251202262385e-02 -8.35427474202891e-01 1.25000000000000e-02
9.51390915231999e-01 -3.07985919181412e-01 0.00000000000000e+00 3.07985919181412e-01 9.51390915231999e-01 0.00000000000000e+00 0.00000000000000e+00 0.00000000000000e+00 1.00000000000000e+00
112012
1.93891103045540e+00 -1.93450895914741e-01 1.25000000000000e-02
9.50813042646772e-01 -3.09765327195906e-01 0.00000000000000e+00 3.09765327195906e-01 9.50813042646772e-01 0.00000000000000e+00 0.00000000000000e+00 0.00000000000000e+00 1.00000000000000e+00
1121-1-1
4.50771509171656e-09 -7.32592189275148e+00 2.02500000000000e+01
-1.83697019872103e-16 -1.00000000000000e+00 -1.22464679914735e-16 -1.00000000000000e+00 1.83697019872103e-16 2.24963967399279e-32 0.00000000000000e+00 1.22464679914735e-16 -1.00000000000000e+00
112100
-2.54779410627070e+00 4.99721115275843e-01 1.25000000000000e-02
9.51182515152376e-01 -3.08628940425877e-01 0.00000000000000e+00 3.08628940425877e-01 9.51182515152376e-01 0.00000000000000e+00 0.00000000000000e+00 0.00000000000000e+00 1.00000000000000e+00
112101
-6.43701670437126e-01 1.11937859188398e+00 1.25000000000000e-02
9.51119646617735e-01 -3.08822631647608e-01 0.00000000000000e+00 3.08822631647608e-01 9.51119646617735e-01 0.00000000000000e+00 0.00000000000000e+00 0.00000000000000e+00 1.00000000000000e+00
112102
1.30355350415635e+00 1.75346991206570e+00 1.25000000000000e-02
9.51043941863156e-01 -3.09055691818464e-01 0.00000000000000e+00 3.09055691818464e-01 9.51043941863156e-01 0.00000000000000e+00 0.00000000000000e+00 0.00000000000000e+00 1.00000000000000e+00
112111
-1.12623195901214e-02 -8.30823279021237e-01 1.25000000000000e-02
9.51104026445557e-01 -3.08870734902239e-01 0.00000000000000e+00 3.08870734902239e-01 9.51104026445557e-01 0.00000000000000e+00 0.00000000000000e+00 0.00000000000000e+00 1.00000000000000e+00
112112
1.93719153056872e+00 -2.00808179581801e-01 1.25000000000000e-02
9.51219884542816e-01 -3.08513745642478e-01 0.00000000000000e+00 3.08513745642478e-01 9.51219884542816e-01 0.00000000000000e+00 0.00000000000000e+00 0.00000000000000e+00 1.00000000000000e+00
1130-1-1
4.30606885213894e+00 -5.92679530769658e+00 1.97500000000000e+01
5.87785252292473e-01 8.09016994374948e-01 0.00000000000000e+00 -8.09016994374948e-01 5.87785252292473e-01 0.00000000000000e+00 0.00000000000000e+00 0.00000000000000e+00 1.00000000000000e+00
113000
-2.54659396667056e+00 5.04253880230961e-01 1.25000000000000e-02
9.50956650170850e-01 -3.09324181880170e-01 0.00000000000000e+00 3.09324181880170e-01 9.50956650170850e-01 0.00000000000000e+00 0.00000000000000e+00 0.00000000000000e+00 1.00000000000000e+00
113001
-6.44366828593809e-01 1.11933446770489e+00 1.25000000000000e-02
9.51183746101704e-01 -3.08625146661657e-01 0.00000000000000e+00 3.08625146661657e-01 9.51183746101704e-01 0.00000000000000e+00 0.00000000000000e+00 0.00000000000000e+00 1.00000000000000e+00
113002
1.30606878255898e+00 1.75196055036084e+00 1.25000000000000e-02
9.51055073110875e-01 -3.09021436004154e-01 0.00000000000000e+00 3.09021436004154e-01 9.51055073110875e-01 0.00000000000000e+00 0.00000000000000e+00 0.00000000000000e+00 1.00000000000000e+00
113011
-1.17715755646066e-02 -8.30086116567503e-01 1.25000000000000e-02
9.51058690238844e-01 -3.09010303584160e-01 0.00000000000000e+00 3.09010303584160e-01 9.51058690238844e-01 0.00000000000000e+00 0.00000000000000e+00 0.00000000000000e+00 1.00000000000000e+00
113012
1.93793403302991e+00 -1.97038355125353e-01 1.25000000000000e-02
9.51081485428909e-01 -3.08940136716387e-01 0.00000000000000e+00 3.08940136716387e-01 9.51081485428909e-01 0.00000000000000e+00 0.00000000000000e+00 0.00000000000000e+00 1.00000000000000e+00
1131-1-1
4.30606885213894e+00 -5.92679530769658e+00 1.97500000000000e+01
5.87785252292473e-01 -8.09016994374948e-01 -9.90760072617092e-17 -8.09016994374948e-01 -5.87785252292473e-01 -7.19829327805996e-17 0.00000000000000e+00 1.22464679914735e-16 -1.00000000000000e+00
113100
-2.54514813427955e+00 5.00157225352712e-01 1.25000000000000e-02
9.50995027011717e-01 -3.09206174904357e-01 0.00000000000000e+00 3.09206174904357e-01 9.50995027011717e-01 0.00000000000000e+00 0.00000000000000e+00 0.00000000000000e+00 1.00000000000000e+00
113101
-6.44358540686194e-01 1.12058743504760e+00 1.25000000000000e-02
9.50964157161861e-01 -3.09301102153598e-01 0.00000000000000e+00 3.09301102153598e-01 9.50964157161861e-01 0.00000000000000e+00 0.00000000000000e+00 0.00000000000000e+00 1.00000000000000e+00
113102
1.30288250656155e+00 1.74801070290659e+00 1.25000000000000e-02
9.51329073626348e-01 -3.08176886987385e-01 0.00000000000000e+00 3.08176886987385e-01 9.51329073626348e-01 0.00000000000000e+00 0.00000000000000e+00 0.00000000000000e+00 1.00000000000000e+00
113111
-9.97821197425841e-03 -8.28356480224502e-01 1.25000000000000e-02
9.50953580019630e-01 -3.09333620299910e-01 0.00000000000000e+00 3.09333620299910e-01 9.50953580019630e-01 0.00000000000000e+00 0.00000000000000e+00 0.00000000000000e+00 1.00000000000000e+00
113112
1.93958910975686e+00 -1.94761072117954e-01 1.25000000000000e-02
9.50864338223638e-01 -3.09607833063898e-01 0.00000000000000e+00 3.09607833063898e-01 9.50864338223638e-01 0.00000000000000e+00 0.00000000000000e+00 0.00000000000000e+00 1.00000000000000e+00
1140-1-1
6.96736575573503e+00 -2.26383435889338e+00 2.02500000000000e+01
9.51056516295153e-01 3.09016994374949e-01 0.00000000000000e+00 -3.09016994374949e-01 9.51056516295153e-01 0.00000000000000e+00 0.00000000000000e+00 0.00000000000000e+00 1.00000000000000e+00
114000
-2.54711883642941e+00 5.02329270851503e-01 1.25000000000000e-02
9.51299909576048e-01 -3.08266900656886e-01 0.00000000000000e+00 3.08266900656886e-01 9.51299909576048e-01 0.00000000000000e+00 0.00000000000000e+00 0.00000000000000e+00 1.00000000000000e+00
114001
-6.44907881115369e-01 1.12031228019805e+00 1.25000000000000e-02
9.51106086368904e-01 -3.08864391719127e-01 0.00000000000000e+00 3.08864391719127e-01 9.51106086368904e-01 0.00000000000000e+00 0.00000000000000e+00 0.00000000000000e+00 1.00000000000000e+00
114002
1.30374759964805e+00 1.75442984173238e+00 1.25000000000000e-02
9.50945844051138e-01 -3.09357401207518e-01 0.00000000000000e+00 3.09357401207518e-01 9.50945844051138e-01 0.00000000000000e+00 0.00000000000000e+00 0.00000000000000e+00 1.00000000000000e+00
114011
-1.26859520217302e-02 -8.33530135327147e-01 1.25000000000000e-02
9.51177517627635e-01 -3.08644342180008e-01 0.00000000000000e+00 3.08644342180008e-01 9.51177517627635e-01 0.00000000000000e+00 0.00000000000000e+00 0.00000000000000e+00 1.00000000000000e+00
114012
1.93857391954560e+00 -2.02068135197312e-01 1.25000000000000e-02
9.51326041830810e-01 -3.08186245855527e-01 0.00000000000000e+00 3.08186245855527e-01 9.51326041830810e-01 0.00000000000000e+00 0.00000000000000e+00 0.00000000000000e+00 1.00000000000000e+00
1141-1-1
6.96736575573503e+00 -2.26383435889338e+00 2.02500000000000e+01
9.51056516295153e-01 -3.09016994374949e-01 -3.78436673043416e-17 -3.09016994374949e-01 -9.51056516295153e-01 -1.16470831848909e-16 0.00000000000000e+00 1.22464679914735e-16 -1.00000000000000e+00
114100
-2.54823970441220e+00 5.02648374657280e-01 1.25000000000000e-02
9.51133927927989e-01 -3.08778644249040e-01 0.00000000000000e+00 3.08778644249040e-01 9.51133927927989e-01 0.00000000000000e+00 0.00000000000000e+00 0.00000000000000e+00 1.00000000000000e+00
114101
-6.44879905067378e-01 1.12250929913607e+00 1.25000000000000e-02
9.50797825336958e-01 -3.09812032262324e-01 0.00000000000000e+00 3.09812032262324e-01 9.50797825336958e-01 0.00000000000000e+00 0.00000000000000e+00 0.00000000000000e+00 1.00000000000000e+00
114102
1.30545398261844e+00 1.74968567959349e+00 1.25000000000000e-02
9.51178143952619e-01 -3.08642411970311e-01 0.00000000000000e+00 3.08642411970311e-01 9.51178143952619e-01 0.00000000000000e+00 0.00000000000000e+00 0.00000000000000e+00 1.00000000000000e+00
114111
-1.23620977460903e-02 -8.28756545949358e-01 1.25000000000000e-02
9.50943833174085e-01 -3.09363582453039e-01 0.00000000000000e+00 3.09363582453039e-01 9.50943833174085e-01 0.00000000000000e+00 0.00000000000000e+00 0.00000000000000e+00 1.00000000000000e+00
114112
1.93742330229435e+00 -2.01236645649534e-01 1.25000000000000e-02
9.51310652003204e-01 -3.08233747966115e-01 0.00000000000000e+00 3.08233747966115e-01 9.51310652003204e-01 0.00000000000000e+00 0.00000000000000e+00 0.00000000000000e+00 1.00000000000000e+00
1200-1-1
-6.96736575294911e+00 -2.26383436746755e+00 3.02500000000000e+01
-9.51056516295154e-01 3.09016994374947e-01 0.00000000000000e+00 -3.09016994374947e-01 -9.51056516295154e-01 0.00000000000000e+00 -0.00000000000000e+00 0.00000000000000e+00 1.00000000000000e+00
120000
-2.54506801296560e+00 5.02405268265360e-01 1.25000000000000e-02
9.50935411607578e-01 -3.09389468066912e-01 0.00000000000000e+00 3.09389468066912e-01 9.50935411607578e-01 0.00000000000000e+00 0.00000000000000e+00 0.00000000000000e+00 1.00000000000000e+00
120001
-6.45981823586327e-01 1.11970392878390e+00 1.25000000000000e-02
9.51001605792568e-01 -3.09185940462946e-01 0.00000000000000e+00 3.09185940462946e-01 9.51001605792568e-01 0.00000000000000e+00 0.00000000000000e+00 0.00000000000000e+00 1.00000000000000e+00
120002
1.30555854245427e+00 1.75028471927925e+00 1.25000000000000e-02
9.51056516295154e-01 -3.09016994374947e-01 0.00000000000000e+00 3.09016994374947e-01 9.51056516295154e-01 0.00000000000000e+00 0.00000000000000e+00 0.00000000000000e+00 1.00000000000000e+00
120011
-1.20174825345742e-02 -8.31396334305080e-01 1.25000000000000e-02
9.51123765070914e-01 -3.08809947244790e-01 0.00000000000000e+00 3.08809947244790e-01 9.51123765070914e-01 0.00000000000000e+00 0.00000000000000e+00 0.00000000000000e+00 1.00000000000000e+00
120012
1.93877859221852e+00 -1.95828535613016e-01 1.25000000000000e-02
9.50971509958640e-01 -3.09278494640324e-01 0.00000000000000e+00 3.09278494640324e-01 9.50971509958640e-01 0.00000000000000e+00 0.00000000000000e+00 0.00000000000000e+00 1.00000000000000e+00
1201-1-1
-6.96736575294911e+00 -2.26383436746755e+00 3.02500000000000e+01
-9.51056516295154e-01 -3.09016994374947e-01 -3.78436673043414e-17 -3.09016994374947e-01 9.51056516295154e-01 1.16470831848909e-16 0.00000000000000e+00 1.22464679914735e-16 -1.00000000000000e+00
120100
-2.54755487622907e+00 5.00421589061881e-01 1.25000000000000e-02
9.51186929509322e-01 -3.08615335216232e-01 0.00000000000000e+00 3.08615335216232e-01 9.51186929509322e-01 0.00000000000000e+00 0.00000000000000e+00 0.00000000000000e+00 1.00000000000000e+00
120101
-6.44419854693841e-01 1.12154768591114e+00 1.25000000000000e-02
9.50848200145597e-01 -3.09657391773356e-01 0.00000000000000e+00 3.09657391773356e-01 9.50848200145597e-01 0.00000000000000e+00 0.00000000000000e+00 0.00000000000000e+00 1.00000000000000e+00
120102
1.30402645636746e+00 1.75011012656424e+00 1.25000000000000e-02
9.51206106011645e-01 -3.08556224837813e-01 0.00000000000000e+00 3.08556224837813e-01 9.51206106011645e-01 0.00000000000000e+00 0.00000000000000e+00 0.00000000000000e+00 1.00000000000000e+00
120111
-1.23577782611171e-02 -8.30863393453498e-01 1.25000000000000e-02
9.50965435524513e-01 -3.09297171725953e-01 0.00000000000000e+00 3.09297171725953e-01 9.50965435524513e-01 0.00000000000000e+00 0.00000000000000e+00 0.00000000000000e+00 1.00000000000000e+00
120112
1.93708747594791e+00 -1.99746035625999e-01 1.25000000000000e-02
9.51191638342587e-01 -3.08600821689031e-01 0.00000000000000e+00 3.08600821689031e-01 9.51191638342587e-01 0.00000000000000e+00 0.00000000000000e+00 0.00000000000000e+00 1.00000000000000e+00
1210-1-1
-4.30606884484531e+00 -5.92679531299571e+00 2.97500000000000e+01
-5.87785252292473e-01 8.09016994374947e-01 0.00000000000000e+00 -8.09016994374947e-01 -5.87785252292473e-01 0.00000000000000e+00 -0.00000000000000e+00 0.00000000000000e+00 1.00000000000000e+00
121000
-2.54692089672853e+00 5.02211898036830e-01 1.25000000000000e-02
9.50976891711770e-01 -3.09261946301545e-01 0.00000000000000e+00 3.09261946301545e-01 9.50976891711770e-01 0.00000000000000e+00 0.00000000000000e+00 0.00000000000000e+00 1.00000000000000e+00
121001
-6.43946433456231e-01 1.12169043524862e+00 1.25000000000000e-02
9.50968118608415e-01 -3.09288922191486e-01 0.00000000000000e+00 3.09288922191486e-01 9.50968118608415e-01 0.00000000000000e+00 0.00000000000000e+00 0.00000000000000e+00 1.00000000000000e+00
121002
1.30371491711244e+00 1.75156722716795e+00 1.25000000000000e-02
9.51174424208947e-01 -3.08653875288775e-01 0.00000000000000e+00 3.08653875288775e-01 9.51174424208947e-01 0.00000000000000e+00 0.00000000000000e+00 0.00000000000000e+00 1.00000000000000e+00
121011
-1.08435839488674e-02 -8.28337332535539e-01 1.25000000000000e-02
9.51042990093370e-01 -3.09058620643822e-01 0.00000000000000e+00 3.09058620643822e-01 9.51042990093370e-01 0.00000000000000e+00 0.00000000000000e+00 0.00000000000000e+00 1.00000000000000e+00
121012
1.93616615999040e+00 -1.98116471684426e-01 1.25000000000000e-02
9.51209282440065e-01 -3.08546432486031e-01 0.00000000000000e+00 3.08546432486031e-01 9.51209282440065e-01 0.00000000000000e+00 0.00000000000000e+00 0.00000000000000e+00 1.00000000000000e+00
1211-1-1
-4.30606884484531e+00 -5.92679531299571e+00 2.97500000000000e+01
-5.87785252292473e-01 -8.09016994374947e-01 -9.90760072617091e-17 -8.09016994374947e-01 5.87785252292473e-01 7.19829327805997e-17 0.00000000000000e+00 1.22464679914735e-16 -1.00000000000000e+00
121100
-2.54747984766019e+00 5.00334102195696e-01 1.25000000000000e-02
9.51093706965513e-01 -3.08902509815958e-01 0.00000000000000e+00 3.08902509815958e-01 9.51093706965513e-01 0.00000000000000e+00 0.00000000000000e+00 0.00000000000000e+00 1.00000000000000e+00
121101
-6.45797750409262e-01 1.11928830895743e+00 1.25000000000000e-02
9.50923181614914e-01 -3.09427055487023e-01 0.00000000000000e+00 3.09427055487023e-01 9.50923181614914e-01 0.00000000000000e+00 0.00000000000000e+00 0.00000000000000e+00 1.00000000000000e+00
121102
1.30472236369485e+00 1.75523235479667e+00 1.25000000000000e-02
9.50918204867277e-01 -3.09442349480472e-01 0.00000000000000e+00 3.09442349480472e-01 9.50918204867277e-01 0.00000000000000e+00 0.00000000000000e+00 0.00000000000000e+00 1.00000000000000e+00
121111
-1.19411695725034e-02 -8.31576514642701e-01 1.25000000000000e-02
9.51269980247327e-01 -3.08359246140359e-01 0.00000000000000e+00 3.08359246140359e-01 9.51269980247327e-01 0.00000000000000e+00 0.00000000000000e+00 0.00000000000000e+00 1.00000000000000e+00
121112
1.93814392472730e+00 -1.95350724087682e-01 1.25000000000000e-02
9.51044759630615e-01 -3.09053175326101e-01 0.00000000000000e+00 3.09053175326101e-01 9.51044759630615e-01 0.00000000000000e+00 0.00000000000000e+00 0.00000000000000e+00 1.00000000000000e+00
1220-1-1
4.50771509171656e-09 -7.32592189275148e+00 3.02500000000000e+01
-1.83697019872103e-16 1.00000000000000e+00 0.00000000000000e+00 -1.00000000000000e+00 -1.83697019872103e-16 0.00000000000000e+00 -0.00000000000000e+00 0.00000000000000e+00 1.00000000000000e+00
122000
-2.54655609399755e+00 5.00880935530410e-01 1.25000000000000e-02
9.51223892384433e-01 -3.08501388257831e-01 0.00000000000000e+00 3.08501388257831e-01 9.51223892384433e-01 0.00000000000000e+00 0.00000000000000e+00 0.00000000000000e+00 1.00000000000000e+00
122001
-6.44725601482698e-01 1.11564242388674e+00 1.25000000000000e-02
9.51249884124244e-01 -3.08421234602307e-01 0.00000000000000e+00 3.08421234602307e-01 9.51249884124244e-01 0.00000000000000e+00 0.00000000000000e+00 0.00000000000000e+00 1.00000000000000e+00
122002
1.30614073259778e+00 1.74597548910482e+00 1.25000000000000e-02
9.51412018010075e-01 -3.07920723540973e-01 0.00000000000000e+00 3.07920723540973e-01 9.51412018010075e-01 0.00000000000000e+00 0.00000000000000e+00 0.00000000000000e+00 1.00000000000000e+00
122011
-1.06681257085506e-02 -8.29592541917401e-01 1.25000000000000e-02
9.51010046176184e-01 -3.09159978121315e-01 0.00000000000000e+00 3.09159978121315e-01 9.51010046176184e-01 0.00000000000000e+00 0.00000000000000e+00 0.00000000000000e+00 1.00000000000000e+00
122012
1.93633286476660e+00 -1.97806613434763e-01 1.25000000000000e-02
9.51063566049799e-01 -3.08995296618961e-01 0.00000000000000e+00 3.08995296618961e-01 9.51063566049799e-01 0.00000000000000e+00 0.00000000000000e+00 0.00000000000000e+00 1.00000000000000e+00
1221-1-1
4.50771509171656e-09 -7.32592189275148e+00 3.02500000000000e+01
-1.83697019872103e-16 -1.00000000000000e+00 -1.22464679914735e-16 -1.00000000000000e+00 1.83697019872103e-16 2.24963967399279e-32 0.00000000000000e+00 1.22464679914735e-16 -1.00000000000000e+00
122100
-2.54812466683467e+00 5.00239955806263e-01 1.25000000000000e-02
9.51146859513552e-01 -3.08738808117002e-01 0.00000000000000e+00 3.08738808117002e-01 9.51146859513552e-01 0.00000000000000e+00 0.00000000000000e+00 0.00000000000000e+00 1.00000000000000e+00
122101
-6.45702337664669e-01 1.11667258465150e+00 1.25000000000000e-02
9.51260196768845e-01 -3.08389425958963e-01 0.00000000000000e+00 3.08389425958963e-01 9.51260196768845e-01 0.00000000000000e+00 0.00000000000000e+00 0.00000000000000e+00 1.00000000000000e+00
122102
1.30521129413735e+00 1.75118913603406e+00 1.25000000000000e-02
9.51074262236055e-01 -3.08962372647778e-01 0.00000000000000e+00 3.08962372647778e-01 9.51074262236055e-01 0.00000000000000e+00 0.00000000000000e+00 0.00000000000000e+00 1.00000000000000e+00
122111
-9.87770623684492e-03 -8.26431809645094e-01 1.25000000000000e-02
9.50776171686975e-01 -3.09878478362501e-01 0.00000000000000e+00 3.09878478362501e-01 9.50776171686975e-01 0.00000000000000e+00 0.00000000000000e+00 0.00000000000000e+00 1.00000000000000e+00
122112
1.93904602703530e+00 -1.92410656857250e-01 1.25000000000000e-02
9.50876767222843e-01 -3.09569658648641e-01 0.00000000000000e+00 3.09569658648641e-01 9.50876767222843e-01 0.00000000000000e+00 0.00000000000000e+00 0.00000000000000e+00 1.00000000000000e+00
1230-1-1
4.30606885213894e+00 -5.92679530769658e+00 2.97500000000000e+01
5.87785252292473e-01 8.09016994374948e-01 0.00000000000000e+00 -8.09016994374948e-01 5.87785252292473e-01 0.00000000000000e+00 0.00000000000000e+00 0.00000000000000e+00 1.00000000000000e+00
123000
-2.54679251728914e+00 5.01279449949390e-01 1.25000000000000e-02
9.51224716257176e-01 -3.08498847941859e-01 0.00000000000000e+00 3.08498847941859e-01 9.51224716257176e-01 0.00000000000000e+00 0.00000000000000e+00 0.00000000000000e+00 1.00000000000000e+00
123001
-6.43569511819955e-01 1.11918641894709e+00 1.25000000000000e-02
9.51025755341580e-01 -3.09111650826976e-01 0.00000000000000e+00 3.09111650826976e-01 9.51025755341580e-01 0.00000000000000e+00 0.00000000000000e+00 0.00000000000000e+00 1.00000000000000e+00
123002
1.30501198805406e+00 1.75382056472354e+00 1.25000000000000e-02
9.50975673355016e-01 -3.09265692709317e-01 0.00000000000000e+00 3.09265692709317e-01 9.50975673355016e-01 0.00000000000000e+00 0.00000000000000e+00 0.00000000000000e+00 1.00000000000000e+00
123011
-1.13204956976660e-02 -8.29134052057345e-01 1.25000000000000e-02
9.51082306780309e-01 -3.08937608150006e-01 0.00000000000000e+00 3.08937608150006e-01 9.51082306780309e-01 0.00000000000000e+00 0.00000000000000e+00 0.00000000000000e+00 1.00000000000000e+00
123012
1.93897531321970e+00 -2.00995473966664e-01 1.25000000000000e-02
9.51158605884248e-01 -3.08702618149463e-01 0.00000000000000e+00 3.08702618149463e-01 9.51158605884248e-01 0.00000000000000e+00 0.00000000000000e+00 0.00000000000000e+00 1.00000000000000e+00
1231-1-1
4.30606885213894e+00 -5.92679530769658e+00 2.97500000000000e+01
5.87785252292473e-01 -8.09016994374948e-01 -9.90760072617092e-17 -8.09016994374948e-01 -5.87785252292473e-01 -7.19829327805996e-17 0.00000000000000e+00 1.22464679914735e-16 -1.00000000000000e+00
123100
-2.54538851033556e+00 5.01160030720150e-01 1.25000000000000e-02
9.50926432127025e-01 -3.09417065919393e-01 0.00000000000000e+00 3.09417065919393e-01 9.50926432127025e-01 0.00000000000000e+00 0.00000000000000e+00 0.00000000000000e+00 1.00000000000000e+00
123101
-6.44466672981164e-01 1.11879085321664e+00 1.25000000000000e-02
9.51064814584723e-01 -3.08991453698846e-01 0.00000000000000e+00 3.08991453698846e-01 9.51064814584723e-01 0.00000000000000e+00 0.00000000000000e+00 0.00000000000000e+00 1.00000000000000e+00
123102
1.30391981548860e+00 1.75632287233188e+00 1.25000000000000e-02
9.50824059400980e-01 -3.09731509640594e-01 0.00000000000000e+00 3.09731509640594e-01 9.50824059400980e-01 0.00000000000000e+00 0.00000000000000e+00 0.00000000000000e+00 1.00000000000000e+00
123111
-9.09975442680233e-03 -8.26363548053318e-01 1.25000000000000e-02
9.50768701808912e-01 -3.09901396674162e-01 0.00000000000000e+00 3.09901396674162e-01 9.50768701808912e-01 0.00000000000000e+00 0.00000000000000e+00 0.00000000000000e+00 1.00000000000000e+00
123112
1.93743517689299e+00 -1.98265625807987e-01 1.25000000000000e-02
9.51144541080222e-01 -3.08745950537482e-01 0.00000000000000e+00 3.08745950537482e-01 9.51144541080222e-01 0.00000000000000e+00 0.00000000000000e+00 0.00000000000000e+00 1.00000000000000e+00
1240-1-1
6.96736575573503e+00 -2.26383435889338e+00 3.02500000000000e+01
9.51056516295153e-01 3.09016994374949e-01 0.00000000000000e+00 -3.09016994374949e-01 9.51056516295153e-01 0.00000000000000e+00 0.00000000000000e+00 0.00000000000000e+00 1.00000000000000e+00
124000
-2.54650285959987e+00 5.01749613439931e-01 1.25000000000000e-02
9.50996218518378e-01 -3.09202510280472e-01 0.00000000000000e+00 3.09202510280472e-01 9.50996218518378e-01 0.00000000000000e+00 0.00000000000000e+00 0.00000000000000e+00 1.00000000000000e+00
124001
-6.43487663661258e-01 1.11820889923658e+00 1.25000000000000e-02
9.51076690855784e-01 -3.08954896563902e-01 0.00000000000000e+00 3.08954896563902e-01 9.51076690855784e-01 0.00000000000000e+00 0.00000000000000e+00 0.00000000000000e+00 1.00000000000000e+00
124002
1.30588099674171e+00 1.75041172324433e+00 1.25000000000000e-02
9.51193985961615e-01 -3.08593585595125e-01 0.00000000000000e+00 3.08593585595125e-01 9.51193985961615e-01 0.00000000000000e+00 0.00000000000000e+00 0.00000000000000e+00 1.00000000000000e+00
124011
-1.46837291872424e-02 -8.32151093448418e-01 1.25000000000000e-02
9.51361112794556e-01 -3.08077965882509e-01 0.00000000000000e+00 3.08077965882509e-01 9.51361112794556e-01 0.00000000000000e+00 0.00000000000000e+00 0.00000000000000e+00 1.00000000000000e+00
124012
1.94016794186239e+00 -1.92397399793548e-01 1.25000000000000e-02
9.50878400631339e-01 -3.09564641412399e-01 0.00000000000000e+00 3.09564641412399e-01 9.50878400631339e-01 0.00000000000000e+00 0.00000000000000e+00 0.00000000000000e+00 1.00000000000000e+00
1241-1-1
6.96736575573503e+00 -2.26383435889338e+00 3.02500000000000e+01
9.51056516295153e-01 -3.09016994374949e-01 -3.78436673043416e-17 -3.09016994374949e-01 -9.51056516295153e-01 -1.16470831848909e-16 0.00000000000000e+00 1.22464679914735e-16 -1.00000000000000e+00
124100
-2.54710765566352e+00 5.01122285768385e-01 1.25000000000000e-02
9.50960147747954e-01 -3.09313429057307e-01 0.00000000000000e+00 3.09313429057307e-01 9.50960147747954e-01 0.00000000000000e+00 0.00000000000000e+00 0.00000000000000e+00 1.00000000000000e+00
124101
-6.46616260893300e-01 1.11954175091863e+00 1.25000000000000e-02
9.51131200411741e-01 -3.08787045718115e-01 0.00000000000000e+00 3.08787045718115e-01 9.51131200411741e-01 0.00000000000000e+00 0.00000000000000e+00 0.00000000000000e+00 1.00000000000000e+00
124102
1.30311626525994e+00 1.75704029521087e+00 1.25000000000000e-02
9.50851384015304e-01 -3.09647615066192e-01 0.00000000000000e+00 3.09647615066192e-01 9.50851384015304e-01 0.00000000000000e+00 0.00000000000000e+00 0.00000000000000e+00 1.00000000000000e+00
124111
-9.45169713495453e-03 -8.31300800189545e-01 1.25000000000000e-02
9.51103560344962e-01 -3.08872170159659e-01 0.00000000000000e+00 3.08872170159659e-01 9.51103560344962e-01 0.00000000000000e+00 0.00000000000000e+00 0.00000000000000e+00 1.00000000000000e+00
124112
1.93975384289371e+00 -1.95653560821590e-01 1.25000000000000e-02
9.50949299941750e-01 -3.09346777808166e-01 0.00000000000000e+00 3.09346777808166e-01 9.50949299941750e-01 0.00000000000000e+00 0.00000000000000e+00 0.00000000000000e+00 1.00000000000000e+00
1300-1-1
-6.96736575294911e+00 -2.26383436746755e+00 4.02500000000000e+01
-9.51056516295154e-01 3.09016994374947e-01 0.00000000000000e+00 -3.09016994374947e-01 -9.51056516295154e-01 0.00000000000000e+00 -0.00000000000000e+00 0.00000000000000e+00 1.00000000000000e+00
130000
-2.54660376725546e+00 5.00121662066708e-01 1.25000000000000e-02
9.51164990267376e-01 -3.08682946224215e-01 0.00000000000000e+00 3.08682946224215e-01 9.51164990267376e-01 0.00000000000000e+00 0.00000000000000e+00 0.00000000000000e+00 1.00000000000000e+00
130001
-6.45575144815404e-01 1.11911930763752e+00 1.25000000000000e-02
9.51082841088306e-01 -3.08935963247071e-01 0.00000000000000e+00 3.08935963247071e-01 9.51082841088306e-01 0.00000000000000e+00 0.00000000000000e+00 0.00000000000000e+00 1.00000000000000e+00
130002
1.30570035082682e+00 1.75162607990341e+00 1.25000000000000e-02
9.51097449929777e-01 -3.08890985198783e-01 0.00000000000000e+00 3.08890985198783e-01 9.51097449929777e-01 0.00000000000000e+00 0.00000000000000e+00 0.00000000000000e+00 1.00000000000000e+00
130011
-1.05214088734962e-02 -8.30890939797379e-01 1.25000000000000e-02
9.51095569752208e-01 -3.08896774340106e-01 0.00000000000000e+00 3.08896774340106e-01 9.51095569752208e-01 0.00000000000000e+00 0.00000000000000e+00 0.00000000000000e+00 1.00000000000000e+00
130012
1.93717965095650e+00 -1.94569376383191e-01 1.25000000000000e-02
9.50873573517033e-01 -3.09579468290367e-01 0.00000000000000e+00 3.09579468290367e-01 9.50873573517033e-01 0.00000000000000e+00 0.00000000000000e+00 0.00000000000000e+00 1.00000000000000e+00
1301-1-1
-6.96736575294911e+00 -2.26383436746755e+00 4.02500000000000e+01
-9.51056516295154e-01 -3.09016994374947e-01 -3.78436673043414e-17 -3.09016994374947e-01 9.51056516295154e-01 1.16470831848909e-16 0.00000000000000e+00 1.22464679914735e-16 -1.00000000000000e+00
130100
-2.54660634048810e+00 5.00408366955637e-01 1.25000000000000e-02
9.51042901636045e-01 -3.09058892846802e-01 0.00000000000000e+00 3.09058892846802e-01 9.51042901636045e-01 0.00000000000000e+00 0.00000000000000e+00 0.00000000000000e+00 1.00000000000000e+00
130101
-6.45491937363130e-01 1.11937500724075e+00 1.25000000000000e-02
9.51091215759253e-01 -3.08910179996688e-01 0.00000000000000e+00 3.08910179996688e-01 9.51091215759253e-01 0.00000000000000e+00 0.00000000000000e+00 0.00000000000000e+00 1.00000000000000e+00
130102
1.30405803005922e+00 1.75368949522657e+00 1.25000000000000e-02
9.51107633618883e-01 -3.08859627131629e-01 0.00000000000000e+00 3.08859627131629e-01 9.51107633618883e-01 0.00000000000000e+00 0.00000000000000e+00 0.00000000000000e+00 1.00000000000000e+00
130111
-1.23420551139524e-02 -8.31237096409089e-01 1.25000000000000e-02
9.51130064475303e-01 -3.08790544627271e-01 0.00000000000000e+00 3.08790544627271e-01 9.51130064475303e-01 0.00000000000000e+00 0.00000000000000e+00 0.00000000000000e+00 1.00000000000000e+00
130112
1.93764937313597e+00 -1.95465685622012e-01 1.25000000000000e-02
9.50981903433357e-01 -3.09246534891288e-01 0.00000000000000e+00 3.09246534891288e-01 9.50981903433357e-01 0.00000000000000e+00 0.00000000000000e+00 0.00000000000000e+00 1.00000000000000e+00
1310-1-1
-4.30606884484531e+00 -5.92679531299571e+00 3.97500000000000e+01
-5.87785252292473e-01 8.09016994374947e-01 0.00000000000000e+00 -8.09016994374947e-01 -5.87785252292473e-01 0.00000000000000e+00 -0.00000000000000e+00 0.00000000000000e+00 1.00000000000000e+00
131000
-2.54690869940769e+00 5.01848655011951e-01 1.25000000000000e-02
9.51039039403291e-01 -3.09070777542726e-01 0.00000000000000e+00 3.09070777542726e-01 9.51039039403291e-01 0.00000000000000e+00 0.00000000000000e+00 0.00000000000000e+00 1.00000000000000e+00
131001
-6.47460748957478e-01 1.11901600812735e+00 1.25000000000000e-02
9.51063158442137e-01 -3.08996551200925e-01 0.00000000000000e+00 3.08996551200925e-01 9.51063158442137e-01 0.00000000000000e+00 0.00000000000000e+00 0.00000000000000e+00 1.00000000000000e+00
131002
1.30498919358520e+00 1.75300284720278e+00 1.25000000000000e-02
9.51103261799730e-01 -3.08873089462184e-01 0.00000000000000e+00 3.08873089462184e-01 9.51103261799730e-01 0.00000000000000e+00 0.00000000000000e+00 0.00000000000000e+00 1.00000000000000e+00
131011
-9.85721571072462e-03 -8.29475337135487e-01 1.25000000000000e-02
9.50874689709314e-01 -3.09576039883928e-01 0.00000000000000e+00 3.09576039883928e-01 9.50874689709314e-01 0.00000000000000e+00 0.00000000000000e+00 0.00000000000000e+00 1.00000000000000e+00
131012
1.93781621424626e+00 -1.97910805569648e-01 1.25000000000000e-02
9.51206446594637e-01 -3.08555174898758e-01 0.00000000000000e+00 3.08555174898758e-01 9.51206446594637e-01 0.00000000000000e+00 0.00000000000000e+00 0.00000000000000e+00 1.00000000000000e+00
1311-1-1
-4.30606884484531e+00 -5.92679531299571e+00 3.97500000000000e+01
-5.87785252292473e-01 -8.09016994374947e-01 -9.90760072617091e-17 -8.09016994374947e-01 5.87785252292473e-01 7.19829327805997e-17 0.00000000000000e+00 1.22464679914735e-16 -1.00000000000000e+00
131100
-2.54564539967949e+00 5.00681208269068e-01 1.25000000000000e-02
9.50860513352289e-01 -3.09619579722312e-01 0.00000000000000e+00 3.09619579722312e-01 9.50860513352289e-01 0.00000000000000e+00 0.00000000000000e+00 0.00000000000000e+00 1.00000000000000e+00
131101
-6.44843488951574e-01 1.11881496069093e+00 1.25000000000000e-02
9.51036927905879e-01 -3.09077274737805e-01 0.00000000000000e+00 3.09077274737805e-01 9.51036927905879e-01 0.00000000000000e+00 0.00000000000000e+00 0.00000000000000e+00 1.00000000000000e+00
131102
1.30293318037284e+00 1.75356010172140e+00 1.25000000000000e-02
9.50884012509825e-01 -3.09547403079422e-01 0.00000000000000e+00 3.09547403079422e-01 9.50884012509825e-01 0.00000000000000e+00 0.00000000000000e+00 0.00000000000000e+00 1.00000000000000e+00
131111
-1.37052196645135e-02 -8.30917466592201e-01 1.25000000000000e-02
9.51149328413156e-01 -3.08731201952770e-01 0.00000000000000e+00 3.08731201952770e-01 9.51149328413156e-01 0.00000000000000e+00 0.00000000000000e+00 0.00000000000000e+00 1.00000000000000e+00
131112
1.93803662849495e+00 -2.03798472596959e-01 1.25000000000000e-02
9.51264311874325e-01 -3.08376732186893e-01 0.00000000000000e+00 3.08376732186893e-01 9.51264311874325e-01 0.00000000000000e+00 0.00000000000000e+00 0.00000000000000e+00 1.00000000000000e+00
1320-1-1
4.50771509171656e-09 -7.32592189275148e+00 4.02500000000000e+01
-1.83697019872103e-16 1.00000000000000e+00 0.00000000000000e+00 -1.00000000000000e+00 -1.83697019872103e-16 0.00000000000000e+00 -0.00000000000000e+00 0.00000000000000e+00 1.00000000000000e+00
132000
-2.54634058513730e+00 5.03491590858288e-01 1.25000000000000e-02
9.50907965189842e-01 -3.09473814301814e-01 0.00000000000000e+00 3.09473814301814e-01 9.50907965189842e-01 0.00000000000000e+00 0.00000000000000e+00 0.00000000000000e+00 1.00000000000000e+00
132001
-6.44628698788638e-01 1.12020271512629e+00 1.25000000000000e-02
9.50950509907426e-01 -3.09343058281266e-01 0.00000000000000e+00 3.09343058281266e-01 9.50950509907426e-01 0.00000000000000e+00 0.00000000000000e+00 0.00000000000000e+00 1.00000000000000e+00
132002
1.30456240486067e+00 1.75735340745405e+00 1.25000000000000e-02
9.50775356836542e-01 -3.09880978493915e-01 0.00000000000000e+00 3.09880978493915e-01 9.50775356836542e-01 0.00000000000000e+00 0.00000000000000e+00 0.00000000000000e+00 1.00000000000000e+00
132011
-1.17986530739764e-02 -8.29678992066781e-01 1.25000000000000e-02
9.51037078349121e-01 -3.09076811820569e-01 0.00000000000000e+00 3.09076811820569e-01 9.51037078349121e-01 0.00000000000000e+00 0.00000000000000e+00 0.00000000000000e+00 1.00000000000000e+00
132012
1.93747268830600e+00 -1.97978230254179e-01 1.25000000000000e-02
9.51168723837588e-01 -3.08671441492689e-01 0.00000000000000e+00 3.08671441492689e-01 9.51168723837588e-01 0.00000000000000e+00 0.00000000000000e+00 0.00000000000000e+00 1.00000000000000e+00
1321-1-1
4.50771509171656e-09 -7.32592189275148e+00 4.02500000000000e+01
-1.83697019872103e-16 -1.00000000000000e+00 -1.22464679914735e-16 -1.00000000000000e+00 1.83697019872103e-16 2.24963967399279e-32 0.00000000000000e+00 1.22464679914735e-16 -1.00000000000000e+00
132100
-2.54723361197387e+00 5.01569852647913e-01 1.25000000000000e-02
9.51084041829196e-01 -3.08932266650538e-01 0.00000000000000e+00 3.08932266650538e-01 9.51084041829196e-01 0.00000000000000e+00 0.00000000000000e+00 0.00000000000000e+00 1.00000000000000e+00
132101
-6.45360158024934e-01 1.11900447315139e+00 1.25000000000000e-02
9.51006288900838e-01 -3.09171535674060e-01 0.00000000000000e+00 3.09171535674060e-01 9.51006288900838e-01 0.00000000000000e+00 0.00000000000000e+00 0.00000000000000e+00 1.00000000000000e+00
132102
1.30437874108353e+00 1.75439244290331e+00 1.25000000000000e-02
9.50962870611618e-01 -3.09305057698887e-01 0.00000000000000e+00 3.09305057698887e-01 9.50962870611618e-01 0.00000000000000e+00 0.00000000000000e+00 0.00000000000000e+00 1.00000000000000e+00
132111
-1.08928260084706e-02 -8.28662132792737e-01 1.25000000000000e-02
9.50905134690226e-01 -3.09482511331033e-01 0.00000000000000e+00 3.09482511331033e-01 9.50905134690226e-01 0.00000000000000e+00 0.00000000000000e+00 0.00000000000000e+00 1.00000000000000e+00
132112
1.93934115691395e+00 -1.94552886586197e-01 1.25000000000000e-02
9.50901822458053e-01 -3.09492688194654e-01 0.00000000000000e+00 3.09492688194654e-01 9.50901822458053e-01 0.00000000000000e+00 0.00000000000000e+00 0.00000000000000e+00 1.00000000000000e+00
1330-1-1
4.30606885213894e+00 -5.92679530769658e+00 3.97500000000000e+01
5.87785252292473e-01 8.09016994374948e-01 0.00000000000000e+00 -8.09016994374948e-01 5.87785252292473e-01 0.00000000000000e+00 0.00000000000000e+00 0.00000000000000e+00 1.00000000000000e+00
133000
-2.54753728603023e+00 5.01440188733951e-01 1.25000000000000e-02
9.51026980919521e-01 -3.09107880137503e-01 0.00000000000000e+00 3.09107880137503e-01 9.51026980919521e-01 0.00000000000000e+00 0.00000000000000e+00 0.00000000000000e+00 1.00000000000000e+00
133001
-6.45049568731514e-01 1.11794733052153e+00 1.25000000000000e-02
9.51091069646278e-01 -3.08910629857729e-01 0.00000000000000e+00 3.08910629857729e-01 9.51091069646278e-01 0.00000000000000e+00 0.00000000000000e+00 0.00000000000000e+00 1.00000000000000e+00
133002
1.30475351109063e+00 1.75346869749784e+00 1.25000000000000e-02
9.51099979014057e-01 -3.08883197858770e-01 0.00000000000000e+00 3.08883197858770e-01 9.51099979014057e-01 0.00000000000000e+00 0.00000000000000e+00 0.00000000000000e+00 1.00000000000000e+00
133011
-1.20475585253361e-02 -8.30763356545544e-01 1.25000000000000e-02
9.51143522381130e-01 -3.08749088796092e-01 0.00000000000000e+00 3.08749088796092e-01 9.51143522381130e-01 0.00000000000000e+00 0.00000000000000e+00 0.00000000000000e+00 1.00000000000000e+00
133012
1.93960133763671e+00 -1.90387407952693e-01 1.25000000000000e-02
9.50697183028451e-01 -3.10120728397454e-01 0.00000000000000e+00 3.10120728397454e-01 9.50697183028451e-01 0.00000000000000e+00 0.00000000000000e+00 0.00000000000000e+00 1.00000000000000e+00
1331-1-1
4.30606885213894e+00 -5.92679530769658e+00 3.97500000000000e+01
5.87785252292473e-01 -8.09016994374948e-01 -9.90760072617092e-17 -8.09016994374948e-01 -5.87785252292473e-01 -7.19829327805996e-17 0.00000000000000e+00 1.22464679914735e-16 -1.00000000000000e+00
133100
-2.54656163529604e+00 5.01085603396719e-01 1.25000000000000e-02
9.50923642041633e-01 -3.09425640512022e-01 0.00000000000000e+00 3.09425640512022e-01 9.50923642041633e-01 0.00000000000000e+00 0.00000000000000e+00 0.00000000000000e+00 1.00000000000000e+00
133101
-6.44634975757421e-01 1.11891366710210e+00 1.25000000000000e-02
9.51203509741338e-01 -3.08564228412434e-01 0.00000000000000e+00 3.08564228412434e-01 9.51203509741338e-01 0.00000000000000e+00 0.00000000000000e+00 0.00000000000000e+00 1.00000000000000e+00
133102
1.30480432219319e+00 1.74675186790173e+00 1.25000000000000e-02
9.51310569927378e-01 -3.08234001278976e-01 0.00000000000000e+00 3.08234001278976e-01 9.51310569927378e-01 0.00000000000000e+00 0.00000000000000e+00 0.00000000000000e+00 1.00000000000000e+00
133111
-1.01656690234821e-02 -8.28632472191063e-01 1.25000000000000e-02
9.50908473931664e-01 -3.09472251106547e-01 0.00000000000000e+00 3.09472251106547e-01 9.50908473931664e-01 0.00000000000000e+00 0.00000000000000e+00 0.00000000000000e+00 1.00000000000000e+00
133112
1.93640730186339e+00 -1.98992644767474e-01 1.25000000000000e-02
9.51129264875570e-01 -3.08793007526493e-01 0.00000000000000e+00 3.08793007526493e-01 9.51129264875570e-01 0.00000000000000e+00 0.00000000000000e+00 0.00000000000000e+00 1.00000000000000e+00
1340-1-1
6.96736575573503e+00 -2.26383435889338e+00 4.02500000000000e+01
9.51056516295153e-01 3.09016994374949e-01 0.00000000000000e+00 -3.09016994374949e-01 9.51056516295153e-01 0.00000000000000e+00 0.00000000000000e+00 0.00000000000000e+00 1.00000000000000e+00
134000
-2.54767899196718e+00 5.02093585991191e-01 1.25000000000000e-02
9.51163874050852e-01 -3.08686385674157e-01 0.00000000000000e+00 3.08686385674157e-01 9.51163874050852e-01 0.00000000000000e+00 0.00000000000000e+00 0.00000000000000e+00 1.00000000000000e+00
134001
-6.43136011175283e-01 1.12114055916630e+00 1.25000000000000e-02
9.50999683585402e-01 -3.09191852771812e-01 0.00000000000000e+00 3.09191852771812e-01 9.50999683585402e-01 0.00000000000000e+00 0.00000000000000e+00 0.00000000000000e+00 1.00000000000000e+00
134002
1.30460039004361e+00 1.75467043197623e+00 1.25000000000000e-02
9.50981154962267e-01 -3.09248836548551e-01 0.00000000000000e+00 3.09248836548551e-01 9.50981154962267e-01 0.00000000000000e+00 0.00000000000000e+00 0.00000000000000e+00 1.00000000000000e+00
134011
-1.34829441708386e-02 -8.30149339502057e-01 1.25000000000000e-02
9.51120284759713e-01 -3.08820666275109e-01 0.00000000000000e+00 3.08820666275109e-01 9.51120284759713e-01 0.00000000000000e+00 0.00000000000000e+00 0.00000000000000e+00 1.00000000000000e+00
134012
1.93894446590518e+00 -1.95740790058229e-01 1.25000000000000e-02
9.50981485457934e-01 -3.09247820228729e-01 0.00000000000000e+00 3.09247820228729e-01 9.50981485457934e-01 0.00000000000000e+00 0.00000000000000e+00 0.00000000000000e+00 1.00000000000000e+00
1341-1-1
6.96736575573503e+00 -2.26383435889338e+00 4.02500000000000e+01
9.51056516295153e-01 -3.09016994374949e-01 -3.78436673043416e-17 -3.09016994374949e-01 -9.51056516295153e-01 -1.16470831848909e-16 0.00000000000000e+00 1.22464679914735e-16 -1.00000000000000e+00
134100
-2.54653261791738e+00 5.02203298027453e-01 1.25000000000000e-02
9.50888220017131e-01 -3.09534477938487e-01 0.00000000000000e+00 3.09534477938487e-01 9.50888220017131e-01 0.00000000000000e+00 0.00000000000000e+00 0.00000000000000e+00 1.00000000000000e+00
134101
-6.43649403602896e-01 1.11942445122593e+00 1.25000000000000e-02
9.51093296240021e-01 -3.08903774414122e-01 0.00000000000000e+00 3.08903774414122e-01 9.51093296240021e-01 0.00000000000000e+00 0.00000000000000e+00 0.00000000000000e+00 1.00000000000000e+00
134102
1.30507147207224e+00 1.75805454870188e+00 1.25000000000000e-02
9.50765403248859e-01 -3.09911516380133e-01 0.00000000000000e+00 3.09911516380133e-01 9.50765403248859e-01 0.00000000000000e+00 0.00000000000000e+00 0.00000000000000e+00 1.00000000000000e+00
134111
-8.56324060537661e-03 -8.28481324263462e-01 1.25000000000000e-02
9.50883044452913e-01 -3.09550376791822e-01 0.00000000000000e+00 3.09550376791822e-01 9.50883044452913e-01 0.00000000000000e+00 0.00000000000000e+00 0.00000000000000e+00 1.00000000000000e+00
134112
1.93871174104778e+00 -1.94418832618423e-01 1.25000000000000e-02
9.50951565330203e-01 -3.09339813790656e-01 0.00000000000000e+00 3.09339813790656e-01 9.50951565330203e-01 0.00000000000000e+00 0.00000000000000e+00 0.00000000000000e+00 1.00000000000000e+00
