version 3
-1-1-1-1-1-1
2.59748757634417e+01 0.00000000000000e+00 1.12404072790359e+03
9.99200106661187e-01 0.00000000000000e+00 3.99893341814154e-02 0.00000000000000e+00 1.00000000000000e+00 0.00000000000000e+00 -3.99893341814154e-02 0.00000000000000e+00 9.99200106661187e-01
0000-1-1
6.96736575387775e+00 2.26383436460949e+00 -2.50000000000000e-01
9.51056516295154e-01 -3.09016994374947e-01 0.00000000000000e+00 3.09016994374947e-01 9.51056516295154e-01 -0.00000000000000e+00 0.00000000000000e+00 0.00000000000000e+00 1.00000000000000e+00
000000
-2.54646809859354e+00 5.00750109985802e-01 1.25000000000000e-02
9.51151865902964e-01 -3.08723384260588e-01 0.00000000000000e+00 3.08723384260588e-01 9.51151865902964e-01 0.00000000000000e+00 0.00000000000000e+00 0.00000000000000e+00 1.00000000000000e+00
000001
-6.44789285140320e-01 1.12029853210949e+00 1.25000000000000e-02
9.50913934188642e-01 -3.09455472993902e-01 0.00000000000000e+00 3.09455472993902e-01 9.50913934188642e-01 0.00000000000000e+00 0.00000000000000e+00 0.00000000000000e+00 1.00000000000000e+00
000002
1.30496021323455e+00 1.75256323099070e+00 1.25000000000000e-02
9.51049196742855e-01 -3.09039520732819e-01 0.00000000000000e+00 3.09039520732819e-01 9.51049196742855e-01 0.00000000000000e+00 0.00000000000000e+00 0.00000000000000e+00 1.00000000000000e+00
000011
-1.14678791066689e-02 -8.30652410888095e-01 1.25000000000000e-02
9.51065659557608e-01 -3.08988852889957e-01 0.00000000000000e+00 3.08988852889957e-01 9.51065659557608e-01 0.00000000000000e+00 0.00000000000000e+00 0.00000000000000e+00 1.00000000000000e+00
000012
1.93895134467677e+00 -1.94379056820508e-01 1.25000000000000e-02
9.50921669193450e-01 -3.09431703382737e-01 0.00000000000000e+00 3.09431703382737e-01 9.50921669193450e-01 0.00000000000000e+00 0.00000000000000e+00 0.00000000000000e+00 1.00000000000000e+00
0001-1-1
6.96736575387775e+00 2.26383436460949e+00 -2.50000000000000e-01
9.51056516295154e-01 3.09016994374947e-01 3.78436673043415e-17 3.09016994374947e-01 -9.51056516295154e-01 -1.16470831848909e-16 0.00000000000000e+00 1.22464679914735e-16 -1.00000000000000e+00
000100
-2.54649624015189e+00 5.00111655460314e-01 1.25000000000000e-02
9.51117368539076e-01 -3.08829647643005e-01 0.00000000000000e+00 3.08829647643005e-01 9.51117368539076e-01 0.00000000000000e+00 0.00000000000000e+00 0.00000000000000e+00 1.00000000000000e+00
000101
-6.45937996954197e-01 1.11837624195675e+00 1.25000000000000e-02
9.51092732537846e-01 -3.08905510008632e-01 0.00000000000000e+00 3.08905510008632e-01 9.51092732537846e-01 0.00000000000000e+00 0.00000000000000e+00 0.00000000000000e+00 1.00000000000000e+00
000102
1.30686337369490e+00 1.75207895966381e+00 1.25000000000000e-02
9.51084981211286e-01 -3.08929374638164e-01 0.00000000000000e+00 3.08929374638164e-01 9.51084981211286e-01 0.00000000000000e+00 0.00000000000000e+00 0.00000000000000e+00 1.00000000000000e+00
000111
-1.13637962995603e-02 -8.30090699912218e-01 1.25000000000000e-02
9.51021347439201e-01 -3.09125212033775e-01 0.00000000000000e+00 3.09125212033775e-01 9.51021347439201e-01 0.00000000000000e+00 0.00000000000000e+00 0.00000000000000e+00 1.00000000000000e+00
000112
1.93930429193609e+00 -1.95246534146164e-01 1.25000000000000e-02
9.50949034832470e-01 -3.09347592767737e-01 0.00000000000000e+00 3.09347592767737e-01 9.50949034832470e-01 0.00000000000000e+00 0.00000000000000e+00 0.00000000000000e+00 1.00000000000000e+00
0010-1-1
4.30606884727652e+00 5.92679531122934e+00 2.50000000000000e-01
5.87785252292473e-01 -8.09016994374947e-01 0.00000000000000e+00 8.09016994374947e-01 5.87785252292473e-01 -0.00000000000000e+00 0.00000000000000e+00 0.00000000000000e+00 1.00000000000000e+00
001000
-2.54781942670614e+00 5.02643850354564e-01 1.25000000000000e-02
9.51050178857776e-01 -3.09036498321140e-01 0.00000000000000e+00 3.09036498321140e-01 9.51050178857776e-01 0.00000000000000e+00 0.00000000000000e+00 0.00000000000000e+00 1.00000000000000e+00
001001
-6.46261398660090e-01 1.11873129471105e+00 1.25000000000000e-02
9.51103787013991e-01 -3.08871472181625e-01 0.00000000000000e+00 3.08871472181625e-01 9.51103787013991e-01 0.00000000000000e+00 0.00000000000000e+00 0.00000000000000e+00 1.00000000000000e+00
001002
1.30515208618535e+00 1.75022609999580e+00 1.25000000000000e-02
9.51185611281296e-01 -3.08619398112672e-01 0.00000000000000e+00 3.08619398112672e-01 9.51185611281296e-01 0.00000000000000e+00 0.00000000000000e+00 0.00000000000000e+00 1.00000000000000e+00
001011
-1.29182939237635e-02 -8.31988635329246e-01 1.25000000000000e-02
9.51065473765411e-01 -3.08989424756534e-01 0.00000000000000e+00 3.08989424756534e-01 9.51065473765411e-01 0.00000000000000e+00 0.00000000000000e+00 0.00000000000000e+00 1.00000000000000e+00
001012
1.93617161356082e+00 -1.98131389689689e-01 1.25000000000000e-02
9.51080531136844e-01 -3.08943074517714e-01 0.00000000000000e+00 3.08943074517714e-01 9.51080531136844e-01 0.00000000000000e+00 0.00000000000000e+00 0.00000000000000e+00 1.00000000000000e+00
0011-1-1
4.30606884727652e+00 5.92679531122934e+00 2.50000000000000e-01
5.87785252292473e-01 8.09016994374947e-01 9.90760072617092e-17 8.09016994374947e-01 -5.87785252292473e-01 -7.19829327805997e-17 0.00000000000000e+00 1.22464679914735e-16 -1.00000000000000e+00
001100
-2.54876711339046e+00 5.02151615765606e-01 1.25000000000000e-02
9.51074342031955e-01 -3.08962127013140e-01 0.00000000000000e+00 3.08962127013140e-01 9.51074342031955e-01 0.00000000000000e+00 0.00000000000000e+00 0.00000000000000e+00 1.00000000000000e+00
001101
-6.44507450941501e-01 1.11875241110946e+00 1.25000000000000e-02
9.51081121484335e-01 -3.08941257128439e-01 0.00000000000000e+00 3.08941257128439e-01 9.51081121484335e-01 0.00000000000000e+00 0.00000000000000e+00 0.00000000000000e+00 1.00000000000000e+00
001102
1.30391778769852e+00 1.75469227803589e+00 1.25000000000000e-02
9.51068444624950e-01 -3.08980280339502e-01 0.00000000000000e+00 3.08980280339502e-01 9.51068444624950e-01 0.00000000000000e+00 0.00000000000000e+00 0.00000000000000e+00 1.00000000000000e+00
001111
-1.23580634762641e-02 -8.31495165562051e-01 1.25000000000000e-02
9.51107529331191e-01 -3.08859948276752e-01 0.00000000000000e+00 3.08859948276752e-01 9.51107529331191e-01 0.00000000000000e+00 0.00000000000000e+00 0.00000000000000e+00 1.00000000000000e+00
001112
1.93831614603313e+00 -1.96134756780592e-01 1.25000000000000e-02
9.50994235938509e-01 -3.09208607919851e-01 0.00000000000000e+00 3.09208607919851e-01 9.50994235938509e-01 0.00000000000000e+00 0.00000000000000e+00 0.00000000000000e+00 1.00000000000000e+00
0020-1-1
-1.50257169723885e-09 7.32592189275148e+00 -2.50000000000000e-01
6.12323399573677e-17 -1.00000000000000e+00 0.00000000000000e+00 1.00000000000000e+00 6.12323399573677e-17 -0.00000000000000e+00 0.00000000000000e+00 0.00000000000000e+00 1.00000000000000e+00
002000
-2.54549705238831e+00 5.01942125905976e-01 1.25000000000000e-02
9.51198208964834e-01 -3.08580568510221e-01 0.00000000000000e+00 3.08580568510221e-01 9.51198208964834e-01 0.00000000000000e+00 0.00000000000000e+00 0.00000000000000e+00 1.00000000000000e+00
002001
-6.45416729245464e-01 1.11985833005771e+00 1.25000000000000e-02
9.50951062635040e-01 -3.09341359137909e-01 0.00000000000000e+00 3.09341359137909e-01 9.50951062635040e-01 0.00000000000000e+00 0.00000000000000e+00 0.00000000000000e+00 1.00000000000000e+00
002002
1.30440727204640e+00 1.75210267168219e+00 1.25000000000000e-02
9.51110080221304e-01 -3.08852092920584e-01 0.00000000000000e+00 3.08852092920584e-01 9.51110080221304e-01 0.00000000000000e+00 0.00000000000000e+00 0.00000000000000e+00 1.00000000000000e+00
002011
-1.34596769458786e-02 -8.30318705857864e-01 1.25000000000000e-02
9.51094906785605e-01 -3.08898815611975e-01 0.00000000000000e+00 3.08898815611975e-01 9.51094906785605e-01 0.00000000000000e+00 0.00000000000000e+00 0.00000000000000e+00 1.00000000000000e+00
002012
1.93828518407189e+00 -1.98824715053049e-01 1.25000000000000e-02
9.51175573437236e-01 -3.08650333705224e-01 0.00000000000000e+00 3.08650333705224e-01 9.51175573437236e-01 0.00000000000000e+00 0.00000000000000e+00 0.00000000000000e+00 1.00000000000000e+00
0021-1-1
-1.50257169723885e-09 7.32592189275148e+00 -2.50000000000000e-01
6.12323399573677e-17 1.00000000000000e+00 1.22464679914735e-16 1.00000000000000e+00 -6.12323399573677e-17 -7.49879891330929e-33 0.00000000000000e+00 1.22464679914735e-16 -1.00000000000000e+00
002100
-2.54662938488089e+00 5.00381372698428e-01 1.25000000000000e-02
9.51031186953101e-01 -3.09094939205701e-01 0.00000000000000e+00 3.09094939205701e-01 9.51031186953101e-01 0.00000000000000e+00 0.00000000000000e+00 0.00000000000000e+00 1.00000000000000e+00
002101
-6.44833758705699e-01 1.11970674283533e+00 1.25000000000000e-02
9.51044898134510e-01 -3.09052749109789e-01 0.00000000000000e+00 3.09052749109789e-01 9.51044898134510e-01 0.00000000000000e+00 0.00000000000000e+00 0.00000000000000e+00 1.00000000000000e+00
002102
1.30556522889716e+00 1.75294040075852e+00 1.25000000000000e-02
9.51138891512183e-01 -3.08763354452849e-01 0.00000000000000e+00 3.08763354452849e-01 9.51138891512183e-01 0.00000000000000e+00 0.00000000000000e+00 0.00000000000000e+00 1.00000000000000e+00
002111
-1.26546293826091e-02 -8.30945326012267e-01 1.25000000000000e-02
9.51040789439192e-01 -3.09065392470394e-01 0.00000000000000e+00 3.09065392470394e-01 9.51040789439192e-01 0.00000000000000e+00 0.00000000000000e+00 0.00000000000000e+00 1.00000000000000e+00
002112
1.93800497479849e+00 -1.96623147476424e-01 1.25000000000000e-02
9.51121367393053e-01 -3.08817331910579e-01 0.00000000000000e+00 3.08817331910579e-01 9.51121367393053e-01 0.00000000000000e+00 0.00000000000000e+00 0.00000000000000e+00 1.00000000000000e+00
0030-1-1
-4.30606884970772e+00 5.92679530946296e+00 2.50000000000000e-01
-5.87785252292473e-01 -8.09016994374948e-01 0.00000000000000e+00 8.09016994374948e-01 -5.87785252292473e-01 -0.00000000000000e+00 0.00000000000000e+00 -0.00000000000000e+00 1.00000000000000e+00
003000
-2.54584558662625e+00 5.04262511749236e-01 1.25000000000000e-02
9.50964836534704e-01 -3.09299013374636e-01 0.00000000000000e+00 3.09299013374636e-01 9.50964836534704e-01 0.00000000000000e+00 0.00000000000000e+00 0.00000000000000e+00 1.00000000000000e+00
003001
-6.44318830087028e-01 1.11775559046753e+00 1.25000000000000e-02
9.51133748417898e-01 -3.08779197195209e-01 0.00000000000000e+00 3.08779197195209e-01 9.51133748417898e-01 0.00000000000000e+00 0.00000000000000e+00 0.00000000000000e+00 1.00000000000000e+00
003002
1.30574523147198e+00 1.75371389942270e+00 1.25000000000000e-02
9.51092313534881e-01 -3.08906800078711e-01 0.00000000000000e+00 3.08906800078711e-01 9.51092313534881e-01 0.00000000000000e+00 0.00000000000000e+00 0.00000000000000e+00 1.00000000000000e+00
003011
-1.16775768929327e-02 -8.31383745008031e-01 1.25000000000000e-02
9.51086124932268e-01 -3.08925853501002e-01 0.00000000000000e+00 3.08925853501002e-01 9.51086124932268e-01 0.00000000000000e+00 0.00000000000000e+00 0.00000000000000e+00 1.00000000000000e+00
003012
1.93918392673683e+00 -1.95204675696934e-01 1.25000000000000e-02
9.51056516295154e-01 -3.09016994374947e-01 0.00000000000000e+00 3.09016994374947e-01 9.51056516295154e-01 0.00000000000000e+00 0.00000000000000e+00 0.00000000000000e+00 1.00000000000000e+00
0031-1-1
-4.30606884970772e+00 5.92679530946296e+00 2.50000000000000e-01
-5.87785252292473e-01 8.09016994374948e-01 9.90760072617092e-17 8.09016994374948e-01 5.87785252292473e-01 7.19829327805996e-17 0.00000000000000e+00 1.22464679914735e-16 -1.00000000000000e+00
003100
-2.54717975311927e+00 4.99787194174730e-01 1.25000000000000e-02
9.51039654426643e-01 -3.09068885053238e-01 0.00000000000000e+00 3.09068885053238e-01 9.51039654426643e-01 0.00000000000000e+00 0.00000000000000e+00 0.00000000000000e+00 1.00000000000000e+00
003101
-6.44913407716689e-01 1.12017743747863e+00 1.25000000000000e-02
9.51060374121331e-01 -3.09005120954644e-01 0.00000000000000e+00 3.09005120954644e-01 9.51060374121331e-01 0.00000000000000e+00 0.00000000000000e+00 0.00000000000000e+00 1.00000000000000e+00
003102
1.30516530281367e+00 1.75160509899666e+00 1.25000000000000e-02
9.51174975391976e-01 -3.08652176710409e-01 0.00000000000000e+00 3.08652176710409e-01 9.51174975391976e-01 0.00000000000000e+00 0.00000000000000e+00 0.00000000000000e+00 1.00000000000000e+00
003111
-1.06284314848146e-02 -8.32112640665617e-01 1.25000000000000e-02
9.51005736363970e-01 -3.09173235262730e-01 0.00000000000000e+00 3.09173235262730e-01 9.51005736363970e-01 0.00000000000000e+00 0.00000000000000e+00 0.00000000000000e+00 1.00000000000000e+00
003112
1.93768965179917e+00 -1.94642364750976e-01 1.25000000000000e-02
9.51024012928151e-01 -3.09117011557169e-01 0.00000000000000e+00 3.09117011557169e-01 9.51024012928151e-01 0.00000000000000e+00 0.00000000000000e+00 0.00000000000000e+00 1.00000000000000e+00
0040-1-1
-6.96736575480639e+00 2.26383436175143e+00 -2.50000000000000e-01
-9.51056516295153e-01 -3.09016994374948e-01 0.00000000000000e+00 3.09016994374948e-01 -9.51056516295153e-01 -0.00000000000000e+00 0.00000000000000e+00 -0.00000000000000e+00 1.00000000000000e+00
004000
-2.54570810618579e+00 5.02111732031651e-01 1.25000000000000e-02
9.51165212751347e-01 -3.08682260668936e-01 0.00000000000000e+00 3.08682260668936e-01 9.51165212751347e-01 0.00000000000000e+00 0.00000000000000e+00 0.00000000000000e+00 1.00000000000000e+00
004001
-6.46838445561940e-01 1.11705961624423e+00 1.25000000000000e-02
9.51185045350404e-01 -3.08621142344055e-01 0.00000000000000e+00 3.08621142344055e-01 9.51185045350404e-01 0.00000000000000e+00 0.00000000000000e+00 0.00000000000000e+00 1.00000000000000e+00
004002
1.30446334951785e+00 1.75483368040050e+00 1.25000000000000e-02
9.51007781415234e-01 -3.09166944687937e-01 0.00000000000000e+00 3.09166944687937e-01 9.51007781415234e-01 0.00000000000000e+00 0.00000000000000e+00 0.00000000000000e+00 1.00000000000000e+00
004011
-8.77237821920129e-03 -8.28754633046745e-01 1.25000000000000e-02
9.50946548204657e-01 -3.09355236674033e-01 0.00000000000000e+00 3.09355236674033e-01 9.50946548204657e-01 0.00000000000000e+00 0.00000000000000e+00 0.00000000000000e+00 1.00000000000000e+00
004012
1.93814743828408e+00 -1.98386771555994e-01 1.25000000000000e-02
9.51092974745563e-01 -3.08904764271508e-01 0.00000000000000e+00 3.08904764271508e-01 9.51092974745563e-01 0.00000000000000e+00 0.00000000000000e+00 0.00000000000000e+00 1.00000000000000e+00
0041-1-1
-6.96736575480639e+00 2.26383436175143e+00 -2.50000000000000e-01
-9.51056516295153e-01 3.09016994374948e-01 3.78436673043416e-17 3.09016994374948e-01 9.51056516295153e-01 1.16470831848909e-16 0.00000000000000e+00 1.22464679914735e-16 -1.00000000000000e+00
004100
-2.54823420970371e+00 5.00797144389104e-01 1.25000000000000e-02
9.50983188039271e-01 -3.09242584497452e-01 0.00000000000000e+00 3.09242584497452e-01 9.50983188039271e-01 0.00000000000000e+00 0.00000000000000e+00 0.00000000000000e+00 1.00000000000000e+00
004101
-6.43929265465499e-01 1.12008569997687e+00 1.25000000000000e-02
9.50893983465638e-01 -3.09516772096201e-01 0.00000000000000e+00 3.09516772096201e-01 9.50893983465638e-01 0.00000000000000e+00 0.00000000000000e+00 0.00000000000000e+00 1.00000000000000e+00
004102
1.30679423165716e+00 1.75108340992461e+00 1.25000000000000e-02
9.51034748894852e-01 -3.09083979517711e-01 0.00000000000000e+00 3.09083979517711e-01 9.51034748894852e-01 0.00000000000000e+00 0.00000000000000e+00 0.00000000000000e+00 1.00000000000000e+00
004111
-1.39911129313814e-02 -8.30811178514067e-01 1.25000000000000e-02
9.51029389166619e-01 -3.09100470626246e-01 0.00000000000000e+00 3.09100470626246e-01 9.51029389166619e-01 0.00000000000000e+00 0.00000000000000e+00 0.00000000000000e+00 1.00000000000000e+00
004112
1.93777957927924e+00 -1.96482175753583e-01 1.25000000000000e-02
9.51088712725907e-01 -3.08917886379822e-01 0.00000000000000e+00 3.08917886379822e-01 9.51088712725907e-01 0.00000000000000e+00 0.00000000000000e+00 0.00000000000000e+00 1.00000000000000e+00
0100-1-1
6.96736575387775e+00 2.26383436460949e+00 1.97500000000000e+01
9.51056516295154e-01 -3.09016994374947e-01 0.00000000000000e+00 3.09016994374947e-01 9.51056516295154e-01 0.00000000000000e+00 0.00000000000000e+00 0.00000000000000e+00 1.00000000000000e+00
010000
-2.54571575007893e+00 5.00325822771436e-01 1.25000000000000e-02
9.50946570549493e-01 -3.09355167986828e-01 0.00000000000000e+00 3.09355167986828e-01 9.50946570549493e-01 0.00000000000000e+00 0.00000000000000e+00 0.00000000000000e+00 1.00000000000000e+00
010001
-6.43285643013397e-01 1.11999886408666e+00 1.25000000000000e-02
9.51070952353833e-01 -3.08972561223118e-01 0.00000000000000e+00 3.08972561223118e-01 9.51070952353833e-01 0.00000000000000e+00 0.00000000000000e+00 0.00000000000000e+00 1.00000000000000e+00
010002
1.30619433376667e+00 1.75082193417549e+00 1.25000000000000e-02
9.51117043939030e-01 -3.08830647327433e-01 0.00000000000000e+00 3.08830647327433e-01 9.51117043939030e-01 0.00000000000000e+00 0.00000000000000e+00 0.00000000000000e+00 1.00000000000000e+00
010011
-1.16708735125024e-02 -8.30484851669751e-01 1.25000000000000e-02
9.51030917931221e-01 -3.09095766937853e-01 0.00000000000000e+00 3.09095766937853e-01 9.51030917931221e-01 0.00000000000000e+00 0.00000000000000e+00 0.00000000000000e+00 1.00000000000000e+00
010012
1.93898803130144e+00 -1.95938060477484e-01 1.25000000000000e-02
9.51091654875364e-01 -3.08908828016362e-01 0.00000000000000e+00 3.08908828016362e-01 9.51091654875364e-01 0.00000000000000e+00 0.00000000000000e+00 0.00000000000000e+00 1.00000000000000e+00
0101-1-1
6.96736575387775e+00 2.26383436460949e+00 1.97500000000000e+01
9.51056516295154e-01 3.09016994374947e-01 3.78436673043415e-17 3.09016994374947e-01 -9.51056516295154e-01 -1.16470831848909e-16 0.00000000000000e+00 1.22464679914735e-16 -1.00000000000000e+00
010100
-2.54734785630792e+00 5.03245024488792e-01 1.25000000000000e-02
9.51017024678246e-01 -3.09138510658469e-01 0.00000000000000e+00 3.09138510658469e-01 9.51017024678246e-01 0.00000000000000e+00 0.00000000000000e+00 0.00000000000000e+00 1.00000000000000e+00
010101
-6.45841799251371e-01 1.12018790900504e+00 1.25000000000000e-02
9.51052241835896e-01 -3.09030149498259e-01 0.00000000000000e+00 3.09030149498259e-01 9.51052241835896e-01 0.00000000000000e+00 0.00000000000000e+00 0.00000000000000e+00 1.00000000000000e+00
010102
1.30407218228478e+00 1.75182878394102e+00 1.25000000000000e-02
9.51085855885440e-01 -3.08926681810848e-01 0.00000000000000e+00 3.08926681810848e-01 9.51085855885440e-01 0.00000000000000e+00 0.00000000000000e+00 0.00000000000000e+00 1.00000000000000e+00
010111
-1.15100151162295e-02 -8.28158210799462e-01 1.25000000000000e-02
9.51044378164432e-01 -3.09054349203873e-01 0.00000000000000e+00 3.09054349203873e-01 9.51044378164432e-01 0.00000000000000e+00 0.00000000000000e+00 0.00000000000000e+00 1.00000000000000e+00
010112
1.93887207145852e+00 -1.98443117925471e-01 1.25000000000000e-02
9.51082090272648e-01 -3.08938274680577e-01 0.00000000000000e+00 3.08938274680577e-01 9.51082090272648e-01 0.00000000000000e+00 0.00000000000000e+00 0.00000000000000e+00 1.00000000000000e+00
0110-1-1
4.30606884727652e+00 5.92679531122934e+00 2.02500000000000e+01
5.87785252292473e-01 -8.09016994374947e-01 0.00000000000000e+00 8.09016994374947e-01 5.87785252292473e-01 0.00000000000000e+00 0.00000000000000e+00 0.00000000000000e+00 1.00000000000000e+00
011000
-2.54862245590606e+00 5.01445308576791e-01 1.25000000000000e-02
9.51086928353935e-01 -3.08923380005912e-01 0.00000000000000e+00 3.08923380005912e-01 9.51086928353935e-01 0.00000000000000e+00 0.00000000000000e+00 0.00000000000000e+00 1.00000000000000e+00
011001
-6.46983676575702e-01 1.12063179726825e+00 1.25000000000000e-02
9.51071210962697e-01 -3.08971765179197e-01 0.00000000000000e+00 3.08971765179197e-01 9.51071210962697e-01 0.00000000000000e+00 0.00000000000000e+00 0.00000000000000e+00 1.00000000000000e+00
011002
1.30560162157975e+00 1.75239271721814e+00 1.25000000000000e-02
9.51085306608443e-01 -3.08928372852874e-01 0.00000000000000e+00 3.08928372852874e-01 9.51085306608443e-01 0.00000000000000e+00 0.00000000000000e+00 0.00000000000000e+00 1.00000000000000e+00
011011
-1.16785264805017e-02 -8.31288890829532e-01 1.25000000000000e-02
9.51065333735982e-01 -3.08989855764983e-01 0.00000000000000e+00 3.08989855764983e-01 9.51065333735982e-01 0.00000000000000e+00 0.00000000000000e+00 0.00000000000000e+00 1.00000000000000e+00
011012
1.93895810158703e+00 -1.96658979336845e-01 1.25000000000000e-02
9.51052852647644e-01 -3.09028269695149e-01 0.00000000000000e+00 3.09028269695149e-01 9.51052852647644e-01 0.00000000000000e+00 0.00000000000000e+00 0.00000000000000e+00 1.00000000000000e+00
0111-1-1
4.30606884727652e+00 5.92679531122934e+00 2.02500000000000e+01
5.87785252292473e-01 8.09016994374947e-01 9.90760072617092e-17 8.09016994374947e-01 -5.87785252292473e-01 -7.19829327805997e-17 0.00000000000000e+00 1.22464679914735e-16 -1.00000000000000e+00
011100
-2.54748552295445e+00 5.03023519615017e-01 1.25000000000000e-02
9.50881693329087e-01 -3.09554527170269e-01 0.00000000000000e+00 3.09554527170269e-01 9.50881693329087e-01 0.00000000000000e+00 0.00000000000000e+00 0.00000000000000e+00 1.00000000000000e+00
011101
-6.44155680564475e-01 1.12039385811270e+00 1.25000000000000e-02
9.50951950567517e-01 -3.09338629517611e-01 0.00000000000000e+00 3.09338629517611e-01 9.50951950567517e-01 0.00000000000000e+00 0.00000000000000e+00 0.00000000000000e+00 1.00000000000000e+00
011102
1.30628604350852e+00 1.75202533116022e+00 1.25000000000000e-02
9.51129749591066e-01 -3.08791514525311e-01 0.00000000000000e+00 3.08791514525311e-01 9.51129749591066e-01 0.00000000000000e+00 0.00000000000000e+00 0.00000000000000e+00 1.00000000000000e+00
011111
-9.82208421597397e-03 -8.30153072639867e-01 1.25000000000000e-02
9.51026058095764e-01 -3.09110719359314e-01 0.00000000000000e+00 3.09110719359314e-01 9.51026058095764e-01 0.00000000000000e+00 0.00000000000000e+00 0.00000000000000e+00 1.00000000000000e+00
011112
1.93855437842862e+00 -1.99107208487957e-01 1.25000000000000e-02
9.51181255979538e-01 -3.08632821121133e-01 0.00000000000000e+00 3.08632821121133e-01 9.51181255979538e-01 0.00000000000000e+00 0.00000000000000e+00 0.00000000000000e+00 1.00000000000000e+00
0120-1-1
-1.50257169723885e-09 7.32592189275148e+00 1.97500000000000e+01
6.12323399573677e-17 -1.00000000000000e+00 0.00000000000000e+00 1.00000000000000e+00 6.12323399573677e-17 0.00000000000000e+00 0.00000000000000e+00 0.00000000000000e+00 1.00000000000000e+00
012000
-2.54828954241455e+00 4.99390925136425e-01 1.25000000000000e-02
9.50925941265115e-01 -3.09418574473246e-01 0.00000000000000e+00 3.09418574473246e-01 9.50925941265115e-01 0.00000000000000e+00 0.00000000000000e+00 0.00000000000000e+00 1.00000000000000e+00
012001
-6.44936803738362e-01 1.12195624169335e+00 1.25000000000000e-02
9.50909136183026e-01 -3.09470216214182e-01 0.00000000000000e+00 3.09470216214182e-01 9.50909136183026e-01 0.00000000000000e+00 0.00000000000000e+00 0.00000000000000e+00 1.00000000000000e+00
012002
1.30407271046868e+00 1.75219010955227e+00 1.25000000000000e-02
9.51043918517617e-01 -3.09055763658692e-01 0.00000000000000e+00 3.09055763658692e-01 9.51043918517617e-01 0.00000000000000e+00 0.00000000000000e+00 0.00000000000000e+00 1.00000000000000e+00
012011
-1.04757538725466e-02 -8.31311355148398e-01 1.25000000000000e-02
9.51042278195535e-01 -3.09060811305230e-01 0.00000000000000e+00 3.09060811305230e-01 9.51042278195535e-01 0.00000000000000e+00 0.00000000000000e+00 0.00000000000000e+00 1.00000000000000e+00
012012
1.93842882401690e+00 -1.95980379553377e-01 1.25000000000000e-02
9.51036284014462e-01 -3.09079255997492e-01 0.00000000000000e+00 3.09079255997492e-01 9.51036284014462e-01 0.00000000000000e+00 0.00000000000000e+00 0.00000000000000e+00 1.00000000000000e+00
0121-1-1
-1.50257169723885e-09 7.32592189275148e+00 1.97500000000000e+01
6.12323399573677e-17 1.00000000000000e+00 1.22464679914735e-16 1.00000000000000e+00 -6.12323399573677e-17 -7.49879891330929e-33 0.00000000000000e+00 1.22464679914735e-16 -1.00000000000000e+00
012100
-2.54653101882969e+00 5.01803176049255e-01 1.25000000000000e-02
9.50956405713501e-01 -3.09324933415429e-01 0.00000000000000e+00 3.09324933415429e-01 9.50956405713501e-01 0.00000000000000e+00 0.00000000000000e+00 0.00000000000000e+00 1.00000000000000e+00
012101
-6.44639678725273e-01 1.11833087894389e+00 1.25000000000000e-02
9.51133618620733e-01 -3.08779597009632e-01 0.00000000000000e+00 3.08779597009632e-01 9.51133618620733e-01 0.00000000000000e+00 0.00000000000000e+00 0.00000000000000e+00 1.00000000000000e+00
012102
1.30373369993355e+00 1.75655175094542e+00 1.25000000000000e-02
9.50826295485350e-01 -3.09724645150503e-01 0.00000000000000e+00 3.09724645150503e-01 9.50826295485350e-01 0.00000000000000e+00 0.00000000000000e+00 0.00000000000000e+00 1.00000000000000e+00
012111
-1.15136479274791e-02 -8.30385129350131e-01 1.25000000000000e-02
9.51043110293187e-01 -3.09058250761665e-01 0.00000000000000e+00 3.09058250761665e-01 9.51043110293187e-01 0.00000000000000e+00 0.00000000000000e+00 0.00000000000000e+00 1.00000000000000e+00
012112
1.93754824643702e+00 -2.00152906964008e-01 1.25000000000000e-02
9.51144791277924e-01 -3.08745179759740e-01 0.00000000000000e+00 3.08745179759740e-01 9.51144791277924e-01 0.00000000000000e+00 0.00000000000000e+00 0.00000000000000e+00 1.00000000000000e+00
0130-1-1
-4.30606884970772e+00 5.92679530946296e+00 2.02500000000000e+01
-5.87785252292473e-01 -8.09016994374948e-01 0.00000000000000e+00 8.09016994374948e-01 -5.87785252292473e-01 0.00000000000000e+00 0.00000000000000e+00 -0.00000000000000e+00 1.00000000000000e+00
013000
-2.54808130165181e+00 5.04487976166765e-01 1.25000000000000e-02
9.51066447857164e-01 -3.08986426498570e-01 0.00000000000000e+00 3.08986426498570e-01 9.51066447857164e-01 0.00000000000000e+00 0.00000000000000e+00 0.00000000000000e+00 1.00000000000000e+00
013001
-6.44003602524552e-01 1.11786254213769e+00 1.25000000000000e-02
9.51089323116130e-01 -3.08916007119251e-01 0.00000000000000e+00 3.08916007119251e-01 9.51089323116130e-01 0.00000000000000e+00 0.00000000000000e+00 0.00000000000000e+00 1.00000000000000e+00
013002
1.30510224819841e+00 1.75300639195419e+00 1.25000000000000e-02
9.51041365741382e-01 -3.09063619096079e-01 0.00000000000000e+00 3.09063619096079e-01 9.51041365741382e-01 0.00000000000000e+00 0.00000000000000e+00 0.00000000000000e+00 1.00000000000000e+00
013011
-1.13974787114222e-02 -8.30237616321708e-01 1.25000000000000e-02
9.51004732770175e-01 -3.09176322264057e-01 0.00000000000000e+00 3.09176322264057e-01 9.51004732770175e-01 0.00000000000000e+00 0.00000000000000e+00 0.00000000000000e+00 1.00000000000000e+00
013012
1.93998435703228e+00 -1.96440205666491e-01 1.25000000000000e-02
9.50990610407995e-01 -3.09219758288227e-01 0.00000000000000e+00 3.09219758288227e-01 9.50990610407995e-01 0.00000000000000e+00 0.00000000000000e+00 0.00000000000000e+00 1.00000000000000e+00
0131-1-1
-4.30606884970772e+00 5.92679530946296e+00 2.02500000000000e+01
-5.87785252292473e-01 8.09016994374948e-01 9.90760072617092e-17 8.09016994374948e-01 5.87785252292473e-01 7.19829327805996e-17 0.00000000000000e+00 1.22464679914735e-16 -1.00000000000000e+00
013100
-2.54571302568651e+00 5.01465122806689e-01 1.25000000000000e-02
9.51090563757578e-01 -3.08912187411394e-01 0.00000000000000e+00 3.08912187411394e-01 9.51090563757578e-01 0.00000000000000e+00 0.00000000000000e+00 0.00000000000000e+00 1.00000000000000e+00
013101
-6.44066416615521e-01 1.12015938681845e+00 1.25000000000000e-02
9.50986470578651e-01 -3.09232489846005e-01 0.00000000000000e+00 3.09232489846005e-01 9.50986470578651e-01 0.00000000000000e+00 0.00000000000000e+00 0.00000000000000e+00 1.00000000000000e+00
013102
1.30648455790494e+00 1.75133189334371e+00 1.25000000000000e-02
9.51154976969563e-01 -3.08713799150654e-01 0.00000000000000e+00 3.08713799150654e-01 9.51154976969563e-01 0.00000000000000e+00 0.00000000000000e+00 0.00000000000000e+00 1.00000000000000e+00
013111
-8.71212434090873e-03 -8.27688302923727e-01 1.25000000000000e-02
9.50963337874478e-01 -3.09303621088778e-01 0.00000000000000e+00 3.09303621088778e-01 9.50963337874478e-01 0.00000000000000e+00 0.00000000000000e+00 0.00000000000000e+00 1.00000000000000e+00
013112
1.93981594897267e+00 -1.95542482819731e-01 1.25000000000000e-02
9.51034081647600e-01 -3.09086032594010e-01 0.00000000000000e+00 3.09086032594010e-01 9.51034081647600e-01 0.00000000000000e+00 0.00000000000000e+00 0.00000000000000e+00 1.00000000000000e+00
0140-1-1
-6.96736575480639e+00 2.26383436175143e+00 1.97500000000000e+01
-9.51056516295153e-01 -3.09016994374948e-01 0.00000000000000e+00 3.09016994374948e-01 -9.51056516295153e-01 0.00000000000000e+00 0.00000000000000e+00 -0.00000000000000e+00 1.00000000000000e+00
014000
-2.54660127414481e+00 5.03571652278003e-01 1.25000000000000e-02
9.51057810517758e-01 -3.09013011138964e-01 0.00000000000000e+00 3.09013011138964e-01 9.51057810517758e-01 0.00000000000000e+00 0.00000000000000e+00 0.00000000000000e+00 1.00000000000000e+00
014001
-6.44345131695728e-01 1.11780965131336e+00 1.25000000000000e-02
9.51119589593970e-01 -3.08822807270769e-01 0.00000000000000e+00 3.08822807270769e-01 9.51119589593970e-01 0.00000000000000e+00 0.00000000000000e+00 0.00000000000000e+00 1.00000000000000e+00
014002
1.30254081362793e+00 1.75536711941894e+00 1.25000000000000e-02
9.50878836819220e-01 -3.09563301586812e-01 0.00000000000000e+00 3.09563301586812e-01 9.50878836819220e-01 0.00000000000000e+00 0.00000000000000e+00 0.00000000000000e+00 1.00000000000000e+00
014011
-1.15623104649303e-02 -8.31171748044944e-01 1.25000000000000e-02
9.51050906808428e-01 -3.09034258066751e-01 0.00000000000000e+00 3.09034258066751e-01 9.51050906808428e-01 0.00000000000000e+00 0.00000000000000e+00 0.00000000000000e+00 1.00000000000000e+00
014012
1.93606285535689e+00 -1.98435472267142e-01 1.25000000000000e-02
9.51127815207802e-01 -3.08797472687251e-01 0.00000000000000e+00 3.08797472687251e-01 9.51127815207802e-01 0.00000000000000e+00 0.00000000000000e+00 0.00000000000000e+00 1.00000000000000e+00
0141-1-1
-6.96736575480639e+00 2.26383436175143e+00 1.97500000000000e+01
-9.51056516295153e-01 3.09016994374948e-01 3.78436673043416e-17 3.09016994374948e-01 9.51056516295153e-01 1.16470831848909e-16 0.00000000000000e+00 1.22464679914735e-16 -1.00000000000000e+00
014100
-2.54573007691709e+00 5.01443780355164e-01 1.25000000000000e-02
9.50995607000100e-01 -3.09204391085429e-01 0.00000000000000e+00 3.09204391085429e-01 9.50995607000100e-01 0.00000000000000e+00 0.00000000000000e+00 0.00000000000000e+00 1.00000000000000e+00
014101
-6.47404307542304e-01 1.11860514429189e+00 1.25000000000000e-02
9.51173557554939e-01 -3.08656546031800e-01 0.00000000000000e+00 3.08656546031800e-01 9.51173557554939e-01 0.00000000000000e+00 0.00000000000000e+00 0.00000000000000e+00 1.00000000000000e+00
014102
1.30373428737293e+00 1.75320160485954e+00 1.25000000000000e-02
9.50968477231544e-01 -3.09287819533714e-01 0.00000000000000e+00 3.09287819533714e-01 9.50968477231544e-01 0.00000000000000e+00 0.00000000000000e+00 0.00000000000000e+00 1.00000000000000e+00
014111
-1.23085666250273e-02 -8.32500722038152e-01 1.25000000000000e-02
9.51145513206376e-01 -3.08742955721065e-01 0.00000000000000e+00 3.08742955721065e-01 9.51145513206376e-01 0.00000000000000e+00 0.00000000000000e+00 0.00000000000000e+00 1.00000000000000e+00
014112
1.93843111277668e+00 -1.97011838948479e-01 1.25000000000000e-02
9.51013287146009e-01 -3.09150008364455e-01 0.00000000000000e+00 3.09150008364455e-01 9.51013287146009e-01 0.00000000000000e+00 0.00000000000000e+00 0.00000000000000e+00 1.00000000000000e+00
0200-1-1
6.96736575387775e+00 2.26383436460949e+00 2.97500000000000e+01
9.51056516295154e-01 -3.09016994374947e-01 0.00000000000000e+00 3.09016994374947e-01 9.51056516295154e-01 0.00000000000000e+00 0.00000000000000e+00 0.00000000000000e+00 1.00000000000000e+00
020000
-2.54795547207213e+00 5.01816447227831e-01 1.25000000000000e-02
9.51187013529432e-01 -3.08615076256750e-01 0.00000000000000e+00 3.08615076256750e-01 9.51187013529432e-01 0.00000000000000e+00 0.00000000000000e+00 0.00000000000000e+00 1.00000000000000e+00
020001
-6.46585094852666e-01 1.11978028833036e+00 1.25000000000000e-02
9.51071813626949e-01 -3.08969910063013e-01 0.00000000000000e+00 3.08969910063013e-01 9.51071813626949e-01 0.00000000000000e+00 0.00000000000000e+00 0.00000000000000e+00 1.00000000000000e+00
020002
1.30400276853044e+00 1.75599303625558e+00 1.25000000000000e-02
9.50949399195414e-01 -3.09346472696687e-01 0.00000000000000e+00 3.09346472696687e-01 9.50949399195414e-01 0.00000000000000e+00 0.00000000000000e+00 0.00000000000000e+00 1.00000000000000e+00
020011
-1.19959565273580e-02 -8.28744570484868e-01 1.25000000000000e-02
9.50974450672320e-01 -3.09269452368771e-01 0.00000000000000e+00 3.09269452368771e-01 9.50974450672320e-01 0.00000000000000e+00 0.00000000000000e+00 0.00000000000000e+00 1.00000000000000e+00
020012
1.93895124860080e+00 -1.94070878386876e-01 1.25000000000000e-02
9.51010471717731e-01 -3.09158669105717e-01 0.00000000000000e+00 3.09158669105717e-01 9.51010471717731e-01 0.00000000000000e+00 0.00000000000000e+00 0.00000000000000e+00 1.00000000000000e+00
0201-1-1
6.96736575387775e+00 2.26383436460949e+00 2.97500000000000e+01
9.51056516295154e-01 3.09016994374947e-01 3.78436673043415e-17 3.09016994374947e-01 -9.51056516295154e-01 -1.16470831848909e-16 0.00000000000000e+00 1.22464679914735e-16 -1.00000000000000e+00
020100
-2.54430091095449e+00 5.02469087408926e-01 1.25000000000000e-02
9.51053456261523e-01 -3.09026412031417e-01 0.00000000000000e+00 3.09026412031417e-01 9.51053456261523e-01 0.00000000000000e+00 0.00000000000000e+00 0.00000000000000e+00 1.00000000000000e+00
020101
-6.42938115963255e-01 1.12104224039013e+00 1.25000000000000e-02
9.51028562209479e-01 -3.09103014967132e-01 0.00000000000000e+00 3.09103014967132e-01 9.51028562209479e-01 0.00000000000000e+00 0.00000000000000e+00 0.00000000000000e+00 1.00000000000000e+00
020102
1.30490104311700e+00 1.75390614362460e+00 1.25000000000000e-02
9.51052605263922e-01 -3.09029031032209e-01 0.00000000000000e+00 3.09029031032209e-01 9.51052605263922e-01 0.00000000000000e+00 0.00000000000000e+00 0.00000000000000e+00 1.00000000000000e+00
020111
-1.33695901461950e-02 -8.29255174368945e-01 1.25000000000000e-02
9.51075518965387e-01 -3.08958504049848e-01 0.00000000000000e+00 3.08958504049848e-01 9.51075518965387e-01 0.00000000000000e+00 0.00000000000000e+00 0.00000000000000e+00 1.00000000000000e+00
020112
1.93811818983367e+00 -1.97350241905603e-01 1.25000000000000e-02
9.51022746544030e-01 -3.09120907665351e-01 0.00000000000000e+00 3.09120907665351e-01 9.51022746544030e-01 0.00000000000000e+00 0.00000000000000e+00 0.00000000000000e+00 1.00000000000000e+00
0210-1-1
4.30606884727652e+00 5.92679531122934e+00 3.02500000000000e+01
5.87785252292473e-01 -8.09016994374947e-01 0.00000000000000e+00 8.09016994374947e-01 5.87785252292473e-01 0.00000000000000e+00 0.00000000000000e+00 0.00000000000000e+00 1.00000000000000e+00
021000
-2.54889564738515e+00 5.00063799045144e-01 1.25000000000000e-02
9.51065604647806e-01 -3.08989021901917e-01 0.00000000000000e+00 3.08989021901917e-01 9.51065604647806e-01 0.00000000000000e+00 0.00000000000000e+00 0.00000000000000e+00 1.00000000000000e+00
021001
-6.46059967348806e-01 1.11918185407528e+00 1.25000000000000e-02
9.51092086873554e-01 -3.08907497944785e-01 0.00000000000000e+00 3.08907497944785e-01 9.51092086873554e-01 0.00000000000000e+00 0.00000000000000e+00 0.00000000000000e+00 1.00000000000000e+00
021002
1.30499691289139e+00 1.75103208702422e+00 1.25000000000000e-02
9.51206781007128e-01 -3.08554143978099e-01 0.00000000000000e+00 3.08554143978099e-01 9.51206781007128e-01 0.00000000000000e+00 0.00000000000000e+00 0.00000000000000e+00 1.00000000000000e+00
021011
-1.09847955625577e-02 -8.29857712922290e-01 1.25000000000000e-02
9.51005757052640e-01 -3.09173171625118e-01 0.00000000000000e+00 3.09173171625118e-01 9.51005757052640e-01 0.00000000000000e+00 0.00000000000000e+00 0.00000000000000e+00 1.00000000000000e+00
021012
1.93738016812571e+00 -1.97785399186770e-01 1.25000000000000e-02
9.51118574226387e-01 -3.08825934405719e-01 0.00000000000000e+00 3.08825934405719e-01 9.51118574226387e-01 0.00000000000000e+00 0.00000000000000e+00 0.00000000000000e+00 1.00000000000000e+00
0211-1-1
4.30606884727652e+00 5.92679531122934e+00 3.02500000000000e+01
5.87785252292473e-01 8.09016994374947e-01 9.90760072617092e-17 8.09016994374947e-01 -5.87785252292473e-01 -7.19829327805997e-17 0.00000000000000e+00 1.22464679914735e-16 -1.00000000000000e+00
021100
-2.54765960360851e+00 5.01848859233050e-01 1.25000000000000e-02
9.50996286487968e-01 -3.09202301230270e-01 0.00000000000000e+00 3.09202301230270e-01 9.50996286487968e-01 0.00000000000000e+00 0.00000000000000e+00 0.00000000000000e+00 1.00000000000000e+00
021101
-6.46064203665208e-01 1.11868561653119e+00 1.25000000000000e-02
9.51166018067424e-01 -3.08679779178620e-01 0.00000000000000e+00 3.08679779178620e-01 9.51166018067424e-01 0.00000000000000e+00 0.00000000000000e+00 0.00000000000000e+00 1.00000000000000e+00
021102
1.30587335558450e+00 1.75309467222226e+00 1.25000000000000e-02
9.51100528291011e-01 -3.08881506543465e-01 0.00000000000000e+00 3.08881506543465e-01 9.51100528291011e-01 0.00000000000000e+00 0.00000000000000e+00 0.00000000000000e+00 1.00000000000000e+00
021111
-1.11673467660562e-02 -8.32630386283655e-01 1.25000000000000e-02
9.51138660015601e-01 -3.08764067572196e-01 0.00000000000000e+00 3.08764067572196e-01 9.51138660015601e-01 0.00000000000000e+00 0.00000000000000e+00 0.00000000000000e+00 1.00000000000000e+00
021112
1.93682949390127e+00 -1.97066439656346e-01 1.25000000000000e-02
9.51089033442550e-01 -3.08916898963647e-01 0.00000000000000e+00 3.08916898963647e-01 9.51089033442550e-01 0.00000000000000e+00 0.00000000000000e+00 0.00000000000000e+00 1.00000000000000e+00
0220-1-1
-1.50257169723885e-09 7.32592189275148e+00 2.97500000000000e+01
6.12323399573677e-17 -1.00000000000000e+00 0.00000000000000e+00 1.00000000000000e+00 6.12323399573677e-17 0.00000000000000e+00 0.00000000000000e+00 0.00000000000000e+00 1.00000000000000e+00
022000
-2.54597340073277e+00 5.01068634671377e-01 1.25000000000000e-02
9.51022330548883e-01 -3.09122187488008e-01 0.00000000000000e+00 3.09122187488008e-01 9.51022330548883e-01 0.00000000000000e+00 0.00000000000000e+00 0.00000000000000e+00 1.00000000000000e+00
022001
-6.46128316251989e-01 1.11842432438165e+00 1.25000000000000e-02
9.51102621008046e-01 -3.08875062625043e-01 0.00000000000000e+00 3.08875062625043e-01 9.51102621008046e-01 0.00000000000000e+00 0.00000000000000e+00 0.00000000000000e+00 1.00000000000000e+00
022002
1.30293544716988e+00 1.75115834078581e+00 1.25000000000000e-02
9.51196791167990e-01 -3.08584938828386e-01 0.00000000000000e+00 3.08584938828386e-01 9.51196791167990e-01 0.00000000000000e+00 0.00000000000000e+00 0.00000000000000e+00 1.00000000000000e+00
022011
-1.28326362179982e-02 -8.31236290469657e-01 1.25000000000000e-02
9.50966215975971e-01 -3.09294772138719e-01 0.00000000000000e+00 3.09294772138719e-01 9.50966215975971e-01 0.00000000000000e+00 0.00000000000000e+00 0.00000000000000e+00 1.00000000000000e+00
022012
1.94064435153659e+00 -1.96022955050878e-01 1.25000000000000e-02
9.50957317546508e-01 -3.09322130156816e-01 0.00000000000000e+00 3.09322130156816e-01 9.50957317546508e-01 0.00000000000000e+00 0.00000000000000e+00 0.00000000000000e+00 1.00000000000000e+00
0221-1-1
-1.50257169723885e-09 7.32592189275148e+00 2.97500000000000e+01
6.12323399573677e-17 1.00000000000000e+00 1.22464679914735e-16 1.00000000000000e+00 -6.12323399573677e-17 -7.49879891330929e-33 0.00000000000000e+00 1.22464679914735e-16 -1.00000000000000e+00
022100
-2.54475404522020e+00 5.01318654133426e-01 1.25000000000000e-02
9.50986686500751e-01 -3.09231825817334e-01 0.00000000000000e+00 3.09231825817334e-01 9.50986686500751e-01 0.00000000000000e+00 0.00000000000000e+00 0.00000000000000e+00 1.00000000000000e+00
022101
-6.44955888249059e-01 1.11901455263388e+00 1.25000000000000e-02
9.50964839012284e-01 -3.09299005757117e-01 0.00000000000000e+00 3.09299005757117e-01 9.50964839012284e-01 0.00000000000000e+00 0.00000000000000e+00 0.00000000000000e+00 1.00000000000000e+00
022102
1.30432313079218e+00 1.75481545032905e+00 1.25000000000000e-02
9.50961652900975e-01 -3.09308801542803e-01 0.00000000000000e+00 3.09308801542803e-01 9.50961652900975e-01 0.00000000000000e+00 0.00000000000000e+00 0.00000000000000e+00 1.00000000000000e+00
022111
-1.09942629562627e-02 -8.30345029332146e-01 1.25000000000000e-02
9.51033427571959e-01 -3.09088045127488e-01 0.00000000000000e+00 3.09088045127488e-01 9.51033427571959e-01 0.00000000000000e+00 0.00000000000000e+00 0.00000000000000e+00 1.00000000000000e+00
022112
1.93813577624206e+00 -1.96879387593396e-01 1.25000000000000e-02
9.51125251768332e-01 -3.08805368231557e-01 0.00000000000000e+00 3.08805368231557e-01 9.51125251768332e-01 0.00000000000000e+00 0.00000000000000e+00 0.00000000000000e+00 1.00000000000000e+00
0230-1-1
-4.30606884970772e+00 5.92679530946296e+00 3.02500000000000e+01
-5.87785252292473e-01 -8.09016994374948e-01 0.00000000000000e+00 8.09016994374948e-01 -5.87785252292473e-01 0.00000000000000e+00 0.00000000000000e+00 -0.00000000000000e+00 1.00000000000000e+00
023000
-2.54719106071132e+00 5.02329895020748e-01 1.25000000000000e-02
9.51012780424716e-01 -3.09151567146038e-01 0.00000000000000e+00 3.09151567146038e-01 9.51012780424716e-01 0.00000000000000e+00 0.00000000000000e+00 0.00000000000000e+00 1.00000000000000e+00
023001
-6.45403968875225e-01 1.12165176847381e+00 1.25000000000000e-02
9.50980640709720e-01 -3.09250417938814e-01 0.00000000000000e+00 3.09250417938814e-01 9.50980640709720e-01 0.00000000000000e+00 0.00000000000000e+00 0.00000000000000e+00 1.00000000000000e+00
023002
1.30520262117108e+00 1.75308129959806e+00 1.25000000000000e-02
9.51001571132891e-01 -3.09186047070001e-01 0.00000000000000e+00 3.09186047070001e-01 9.51001571132891e-01 0.00000000000000e+00 0.00000000000000e+00 0.00000000000000e+00 1.00000000000000e+00
023011
-1.33764093009807e-02 -8.29389857781956e-01 1.25000000000000e-02
9.51110552623336e-01 -3.08850638154648e-01 0.00000000000000e+00 3.08850638154648e-01 9.51110552623336e-01 0.00000000000000e+00 0.00000000000000e+00 0.00000000000000e+00 1.00000000000000e+00
023012
1.93834552963911e+00 -1.96319280836708e-01 1.25000000000000e-02
9.51041417873885e-01 -3.09063458675447e-01 0.00000000000000e+00 3.09063458675447e-01 9.51041417873885e-01 0.00000000000000e+00 0.00000000000000e+00 0.00000000000000e+00 1.00000000000000e+00
0231-1-1
-4.30606884970772e+00 5.92679530946296e+00 3.02500000000000e+01
-5.87785252292473e-01 8.09016994374948e-01 9.90760072617092e-17 8.09016994374948e-01 5.87785252292473e-01 7.19829327805996e-17 0.00000000000000e+00 1.22464679914735e-16 -1.00000000000000e+00
023100
-2.54749400112209e+00 5.00931670569082e-01 1.25000000000000e-02
9.51132362456259e-01 -3.08783466345553e-01 0.00000000000000e+00 3.08783466345553e-01 9.51132362456259e-01 0.00000000000000e+00 0.00000000000000e+00 0.00000000000000e+00 1.00000000000000e+00
023101
-6.44988883899930e-01 1.11799479537180e+00 1.25000000000000e-02
9.51158217315970e-01 -3.08703815383462e-01 0.00000000000000e+00 3.08703815383462e-01 9.51158217315970e-01 0.00000000000000e+00 0.00000000000000e+00 0.00000000000000e+00 1.00000000000000e+00
023102
1.30647378677233e+00 1.75559065948709e+00 1.25000000000000e-02
9.50980638276870e-01 -3.09250425420106e-01 0.00000000000000e+00 3.09250425420106e-01 9.50980638276870e-01 0.00000000000000e+00 0.00000000000000e+00 0.00000000000000e+00 1.00000000000000e+00
023111
-1.20308843864159e-02 -8.30882472840407e-01 1.25000000000000e-02
9.51083832559089e-01 -3.08932910912249e-01 0.00000000000000e+00 3.08932910912249e-01 9.51083832559089e-01 0.00000000000000e+00 0.00000000000000e+00 0.00000000000000e+00 1.00000000000000e+00
023112
1.93932495213599e+00 -1.94902583266565e-01 1.25000000000000e-02
9.50969417311571e-01 -3.09284929051015e-01 0.00000000000000e+00 3.09284929051015e-01 9.50969417311571e-01 0.00000000000000e+00 0.00000000000000e+00 0.00000000000000e+00 1.00000000000000e+00
0240-1-1
-6.96736575480639e+00 2.26383436175143e+00 2.97500000000000e+01
-9.51056516295153e-01 -3.09016994374948e-01 0.00000000000000e+00 3.09016994374948e-01 -9.51056516295153e-01 0.00000000000000e+00 0.00000000000000e+00 -0.00000000000000e+00 1.00000000000000e+00
024000
-2.54754692962484e+00 5.01515318308653e-01 1.25000000000000e-02
9.51025829034143e-01 -3.09111424101280e-01 0.00000000000000e+00 3.09111424101280e-01 9.51025829034143e-01 0.00000000000000e+00 0.00000000000000e+00 0.00000000000000e+00 1.00000000000000e+00
024001
-6.45006607381307e-01 1.11971766879561e+00 1.25000000000000e-02
9.51008752914408e-01 -3.09163956308271e-01 0.00000000000000e+00 3.09163956308271e-01 9.51008752914408e-01 0.00000000000000e+00 0.00000000000000e+00 0.00000000000000e+00 1.00000000000000e+00
024002
1.30273656185538e+00 1.75274661285806e+00 1.25000000000000e-02
9.51064350772185e-01 -3.08992881293860e-01 0.00000000000000e+00 3.08992881293860e-01 9.51064350772185e-01 0.00000000000000e+00 0.00000000000000e+00 0.00000000000000e+00 1.00000000000000e+00
024011
-1.15707722195322e-02 -8.29869170388025e-01 1.25000000000000e-02
9.51095444347028e-01 -3.08897160463365e-01 0.00000000000000e+00 3.08897160463365e-01 9.51095444347028e-01 0.00000000000000e+00 0.00000000000000e+00 0.00000000000000e+00 1.00000000000000e+00
024012
1.93848891798243e+00 -1.97235303593504e-01 1.25000000000000e-02
9.51076260536431e-01 -3.08956221241841e-01 0.00000000000000e+00 3.08956221241841e-01 9.51076260536431e-01 0.00000000000000e+00 0.00000000000000e+00 0.00000000000000e+00 1.00000000000000e+00
0241-1-1
-6.96736575480639e+00 2.26383436175143e+00 2.97500000000000e+01
-9.51056516295153e-01 3.09016994374948e-01 3.78436673043416e-17 3.09016994374948e-01 9.51056516295153e-01 1.16470831848909e-16 0.00000000000000e+00 1.22464679914735e-16 -1.00000000000000e+00
024100
-2.54616225836802e+00 5.00247936511152e-01 1.25000000000000e-02
9.51115657727151e-01 -3.08834916462255e-01 0.00000000000000e+00 3.08834916462255e-01 9.51115657727151e-01 0.00000000000000e+00 0.00000000000000e+00 0.00000000000000e+00 1.00000000000000e+00
024101
-6.45141668137576e-01 1.12077444702547e+00 1.25000000000000e-02
9.50940649496143e-01 -3.09373368498086e-01 0.00000000000000e+00 3.09373368498086e-01 9.50940649496143e-01 0.00000000000000e+00 0.00000000000000e+00 0.00000000000000e+00 1.00000000000000e+00
024102
1.30501060418903e+00 1.75327356306583e+00 1.25000000000000e-02
9.51124282353347e-01 -3.08808354028562e-01 0.00000000000000e+00 3.08808354028562e-01 9.51124282353347e-01 0.00000000000000e+00 0.00000000000000e+00 0.00000000000000e+00 1.00000000000000e+00
024111
-1.18354668255565e-02 -8.30268021868668e-01 1.25000000000000e-02
9.51094722124815e-01 -3.08899384179251e-01 0.00000000000000e+00 3.08899384179251e-01 9.51094722124815e-01 0.00000000000000e+00 0.00000000000000e+00 0.00000000000000e+00 1.00000000000000e+00
024112
1.93935984309689e+00 -1.94708991079585e-01 1.25000000000000e-02
9.50940330916618e-01 -3.09374347734575e-01 0.00000000000000e+00 3.09374347734575e-01 9.50940330916618e-01 0.00000000000000e+00 0.00000000000000e+00 0.00000000000000e+00 1.00000000000000e+00
0300-1-1
6.96736575387775e+00 2.26383436460949e+00 3.97500000000000e+01
9.51056516295154e-01 -3.09016994374947e-01 0.00000000000000e+00 3.09016994374947e-01 9.51056516295154e-01 0.00000000000000e+00 0.00000000000000e+00 0.00000000000000e+00 1.00000000000000e+00
030000
-2.54903288857940e+00 5.01705558208689e-01 1.25000000000000e-02
9.51017335090362e-01 -3.09137555721763e-01 0.00000000000000e+00 3.09137555721763e-01 9.51017335090362e-01 0.00000000000000e+00 0.00000000000000e+00 0.00000000000000e+00 1.00000000000000e+00
030001
-6.46038984825873e-01 1.11799942003838e+00 1.25000000000000e-02
9.51099170275444e-01 -3.08885688081145e-01 0.00000000000000e+00 3.08885688081145e-01 9.51099170275444e-01 0.00000000000000e+00 0.00000000000000e+00 0.00000000000000e+00 1.00000000000000e+00
030002
1.30332472244010e+00 1.75391862499508e+00 1.25000000000000e-02
9.51010232318806e-01 -3.09159405525581e-01 0.00000000000000e+00 3.09159405525581e-01 9.51010232318806e-01 0.00000000000000e+00 0.00000000000000e+00 0.00000000000000e+00 1.00000000000000e+00
030011
-1.14559614302752e-02 -8.27948582427267e-01 1.25000000000000e-02
9.50896762905106e-01 -3.09508233002922e-01 0.00000000000000e+00 3.09508233002922e-01 9.50896762905106e-01 0.00000000000000e+00 0.00000000000000e+00 0.00000000000000e+00 1.00000000000000e+00
030012
1.93709142634606e+00 -2.00068869819896e-01 1.25000000000000e-02
9.51239419420139e-01 -3.08453508557185e-01 0.00000000000000e+00 3.08453508557185e-01 9.51239419420139e-01 0.00000000000000e+00 0.00000000000000e+00 0.00000000000000e+00 1.00000000000000e+00
0301-1-1
6.96736575387775e+00 2.26383436460949e+00 3.97500000000000e+01
9.51056516295154e-01 3.09016994374947e-01 3.78436673043415e-17 3.09016994374947e-01 -9.51056516295154e-01 -1.16470831848909e-16 0.00000000000000e+00 1.22464679914735e-16 -1.00000000000000e+00
030100
-2.54755859164677e+00 5.01080397930752e-01 1.25000000000000e-02
9.50997997928476e-01 -3.09197037398533e-01 0.00000000000000e+00 3.09197037398533e-01 9.50997997928476e-01 0.00000000000000e+00 0.00000000000000e+00 0.00000000000000e+00 1.00000000000000e+00
030101
-6.44537525837558e-01 1.11803260779925e+00 1.25000000000000e-02
9.51004254522747e-01 -3.09177793315811e-01 0.00000000000000e+00 3.09177793315811e-01 9.51004254522747e-01 0.00000000000000e+00 0.00000000000000e+00 0.00000000000000e+00 1.00000000000000e+00
030102
1.30426884001155e+00 1.75358724249722e+00 1.25000000000000e-02
9.51071808777941e-01 -3.08969924989240e-01 0.00000000000000e+00 3.08969924989240e-01 9.51071808777941e-01 0.00000000000000e+00 0.00000000000000e+00 0.00000000000000e+00 1.00000000000000e+00
030111
-1.16538337476428e-02 -8.31747564712436e-01 1.25000000000000e-02
9.51040424599285e-01 -3.09066515135515e-01 0.00000000000000e+00 3.09066515135515e-01 9.51040424599285e-01 0.00000000000000e+00 0.00000000000000e+00 0.00000000000000e+00 1.00000000000000e+00
030112
1.93670934273411e+00 -1.96014319473347e-01 1.25000000000000e-02
9.51017511733973e-01 -3.09137012302511e-01 0.00000000000000e+00 3.09137012302511e-01 9.51017511733973e-01 0.00000000000000e+00 0.00000000000000e+00 0.00000000000000e+00 1.00000000000000e+00
0310-1-1
4.30606884727652e+00 5.92679531122934e+00 4.02500000000000e+01
5.87785252292473e-01 -8.09016994374947e-01 0.00000000000000e+00 8.09016994374947e-01 5.87785252292473e-01 0.00000000000000e+00 0.00000000000000e+00 0.00000000000000e+00 1.00000000000000e+00
031000
-2.54866814635216e+00 5.02834941529283e-01 1.25000000000000e-02
9.51025063378853e-01 -3.09113779740162e-01 0.00000000000000e+00 3.09113779740162e-01 9.51025063378853e-01 0.00000000000000e+00 0.00000000000000e+00 0.00000000000000e+00 1.00000000000000e+00
031001
-6.45896786423390e-01 1.12060028942930e+00 1.25000000000000e-02
9.50933558667872e-01 -3.09395163180125e-01 0.00000000000000e+00 3.09395163180125e-01 9.50933558667872e-01 0.00000000000000e+00 0.00000000000000e+00 0.00000000000000e+00 1.00000000000000e+00
031002
1.30305601054188e+00 1.75274853642135e+00 1.25000000000000e-02
9.50988329738258e-01 -3.09226772291208e-01 0.00000000000000e+00 3.09226772291208e-01 9.50988329738258e-01 0.00000000000000e+00 0.00000000000000e+00 0.00000000000000e+00 1.00000000000000e+00
031011
-1.12109425546820e-02 -8.29547850811322e-01 1.25000000000000e-02
9.50965373564091e-01 -3.09297362229471e-01 0.00000000000000e+00 3.09297362229471e-01 9.50965373564091e-01 0.00000000000000e+00 0.00000000000000e+00 0.00000000000000e+00 1.00000000000000e+00
031012
1.93838797664050e+00 -1.97318997453688e-01 1.25000000000000e-02
9.51134070243147e-01 -3.08778205873899e-01 0.00000000000000e+00 3.08778205873899e-01 9.51134070243147e-01 0.00000000000000e+00 0.00000000000000e+00 0.00000000000000e+00 1.00000000000000e+00
0311-1-1
4.30606884727652e+00 5.92679531122934e+00 4.02500000000000e+01
5.87785252292473e-01 8.09016994374947e-01 9.90760072617092e-17 8.09016994374947e-01 -5.87785252292473e-01 -7.19829327805997e-17 0.00000000000000e+00 1.22464679914735e-16 -1.00000000000000e+00
031100
-2.54727345136759e+00 5.01551377921288e-01 1.25000000000000e-02
9.51039061573619e-01 -3.09070709322592e-01 0.00000000000000e+00 3.09070709322592e-01 9.51039061573619e-01 0.00000000000000e+00 0.00000000000000e+00 0.00000000000000e+00 1.00000000000000e+00
031101
-6.43726374016907e-01 1.12154113367481e+00 1.25000000000000e-02
9.50976305238393e-01 -3.09263749694552e-01 0.00000000000000e+00 3.09263749694552e-01 9.50976305238393e-01 0.00000000000000e+00 0.00000000000000e+00 0.00000000000000e+00 1.00000000000000e+00
031102
1.30421413827941e+00 1.75246863192877e+00 1.25000000000000e-02
9.51083131343962e-01 -3.08935069671547e-01 0.00000000000000e+00 3.08935069671547e-01 9.51083131343962e-01 0.00000000000000e+00 0.00000000000000e+00 0.00000000000000e+00 1.00000000000000e+00
031111
-1.30404140003715e-02 -8.33472118241643e-01 1.25000000000000e-02
9.51208719063122e-01 -3.08548169299859e-01 0.00000000000000e+00 3.08548169299859e-01 9.51208719063122e-01 0.00000000000000e+00 0.00000000000000e+00 0.00000000000000e+00 1.00000000000000e+00
031112
1.93848923345733e+00 -1.95073777391430e-01 1.25000000000000e-02
9.50982560733005e-01 -3.09244513583825e-01 0.00000000000000e+00 3.09244513583825e-01 9.50982560733005e-01 0.00000000000000e+00 0.00000000000000e+00 0.00000000000000e+00 1.00000000000000e+00
0320-1-1
-1.50257169723885e-09 7.32592189275148e+00 3.97500000000000e+01
6.12323399573677e-17 -1.00000000000000e+00 0.00000000000000e+00 1.00000000000000e+00 6.12323399573677e-17 0.00000000000000e+00 0.00000000000000e+00 0.00000000000000e+00 1.00000000000000e+00
032000
-2.54738628107475e+00 5.00551117394733e-01 1.25000000000000e-02
9.51145801780455e-01 -3.08742066708467e-01 0.00000000000000e+00 3.08742066708467e-01 9.51145801780455e-01 0.00000000000000e+00 0.00000000000000e+00 0.00000000000000e+00 1.00000000000000e+00
032001
-6.46093547999869e-01 1.12123443779415e+00 1.25000000000000e-02
9.51085561570268e-01 -3.08927587911096e-01 0.00000000000000e+00 3.08927587911096e-01 9.51085561570268e-01 0.00000000000000e+00 0.00000000000000e+00 0.00000000000000e+00 1.00000000000000e+00
032002
1.30500010064732e+00 1.75292713127256e+00 1.25000000000000e-02
9.51057758821524e-01 -3.09013170245831e-01 0.00000000000000e+00 3.09013170245831e-01 9.51057758821524e-01 0.00000000000000e+00 0.00000000000000e+00 0.00000000000000e+00 1.00000000000000e+00
032011
-1.12392350925883e-02 -8.29619363037182e-01 1.25000000000000e-02
9.51000784052409e-01 -3.09188467979813e-01 0.00000000000000e+00 3.09188467979813e-01 9.51000784052409e-01 0.00000000000000e+00 0.00000000000000e+00 0.00000000000000e+00 1.00000000000000e+00
032012
1.93778485018873e+00 -1.94273971139377e-01 1.25000000000000e-02
9.50957130814055e-01 -3.09322704232814e-01 0.00000000000000e+00 3.09322704232814e-01 9.50957130814055e-01 0.00000000000000e+00 0.00000000000000e+00 0.00000000000000e+00 1.00000000000000e+00
0321-1-1
-1.50257169723885e-09 7.32592189275148e+00 3.97500000000000e+01
6.12323399573677e-17 1.00000000000000e+00 1.22464679914735e-16 1.00000000000000e+00 -6.12323399573677e-17 -7.49879891330929e-33 0.00000000000000e+00 1.22464679914735e-16 -1.00000000000000e+00
032100
-2.54581377647670e+00 5.01525828218475e-01 1.25000000000000e-02
9.51005296326353e-01 -3.09174588799315e-01 0.00000000000000e+00 3.09174588799315e-01 9.51005296326353e-01 0.00000000000000e+00 0.00000000000000e+00 0.00000000000000e+00 1.00000000000000e+00
032101
-6.44939376144147e-01 1.11882324275337e+00 1.25000000000000e-02
9.51007683222148e-01 -3.09167246732965e-01 0.00000000000000e+00 3.09167246732965e-01 9.51007683222148e-01 0.00000000000000e+00 0.00000000000000e+00 0.00000000000000e+00 1.00000000000000e+00
032102
1.30536087372172e+00 1.75575983666326e+00 1.25000000000000e-02
9.50941237189163e-01 -3.09371562062746e-01 0.00000000000000e+00 3.09371562062746e-01 9.50941237189163e-01 0.00000000000000e+00 0.00000000000000e+00 0.00000000000000e+00 1.00000000000000e+00
032111
-9.69032627559807e-03 -8.30055063763167e-01 1.25000000000000e-02
9.50961840606329e-01 -3.09308224447107e-01 0.00000000000000e+00 3.09308224447107e-01 9.50961840606329e-01 0.00000000000000e+00 0.00000000000000e+00 0.00000000000000e+00 1.00000000000000e+00
032112
1.94024109293706e+00 -1.95255966173886e-01 1.25000000000000e-02
9.50983359252167e-01 -3.09242057982843e-01 0.00000000000000e+00 3.09242057982843e-01 9.50983359252167e-01 0.00000000000000e+00 0.00000000000000e+00 0.00000000000000e+00 1.00000000000000e+00
0330-1-1
-4.30606884970772e+00 5.92679530946296e+00 4.02500000000000e+01
-5.87785252292473e-01 -8.09016994374948e-01 0.00000000000000e+00 8.09016994374948e-01 -5.87785252292473e-01 0.00000000000000e+00 0.00000000000000e+00 -0.00000000000000e+00 1.00000000000000e+00
033000
-2.54597929272929e+00 5.02035858920505e-01 1.25000000000000e-02
9.51071285638111e-01 -3.08971535314615e-01 0.00000000000000e+00 3.08971535314615e-01 9.51071285638111e-01 0.00000000000000e+00 0.00000000000000e+00 0.00000000000000e+00 1.00000000000000e+00
033001
-6.45844792409704e-01 1.11960186496959e+00 1.25000000000000e-02
9.51169782175150e-01 -3.08668180214413e-01 0.00000000000000e+00 3.08668180214413e-01 9.51169782175150e-01 0.00000000000000e+00 0.00000000000000e+00 0.00000000000000e+00 1.00000000000000e+00
033002
1.30634933032046e+00 1.75252753406133e+00 1.25000000000000e-02
9.51159551802685e-01 -3.08699703619092e-01 0.00000000000000e+00 3.08699703619092e-01 9.51159551802685e-01 0.00000000000000e+00 0.00000000000000e+00 0.00000000000000e+00 1.00000000000000e+00
033011
-1.24058756200118e-02 -8.32760387516554e-01 1.25000000000000e-02
9.51106593821467e-01 -3.08862829083280e-01 0.00000000000000e+00 3.08862829083280e-01 9.51106593821467e-01 0.00000000000000e+00 0.00000000000000e+00 0.00000000000000e+00 1.00000000000000e+00
033012
1.93936799546217e+00 -1.98044385752058e-01 1.25000000000000e-02
9.51073956773443e-01 -3.08963312947195e-01 0.00000000000000e+00 3.08963312947195e-01 9.51073956773443e-01 0.00000000000000e+00 0.00000000000000e+00 0.00000000000000e+00 1.00000000000000e+00
0331-1-1
-4.30606884970772e+00 5.92679530946296e+00 4.02500000000000e+01
-5.87785252292473e-01 8.09016994374948e-01 9.90760072617092e-17 8.09016994374948e-01 5.87785252292473e-01 7.19829327805996e-17 0.00000000000000e+00 1.22464679914735e-16 -1.00000000000000e+00
033100
-2.54712497704701e+00 5.01765251346663e-01 1.25000000000000e-02
9.50933829261862e-01 -3.09394331501682e-01 0.00000000000000e+00 3.09394331501682e-01 9.50933829261862e-01 0.00000000000000e+00 0.00000000000000e+00 0.00000000000000e+00 1.00000000000000e+00
033101
-6.44571950256756e-01 1.11975205934600e+00 1.25000000000000e-02
9.51035447039723e-01 -3.09081831355312e-01 0.00000000000000e+00 3.09081831355312e-01 9.51035447039723e-01 0.00000000000000e+00 0.00000000000000e+00 0.00000000000000e+00 1.00000000000000e+00
033102
1.30338311872189e+00 1.75293999576153e+00 1.25000000000000e-02
9.51069459093851e-01 -3.08977157697667e-01 0.00000000000000e+00 3.08977157697667e-01 9.51069459093851e-01 0.00000000000000e+00 0.00000000000000e+00 0.00000000000000e+00 1.00000000000000e+00
033111
-1.04680982443717e-02 -8.30145756842589e-01 1.25000000000000e-02
9.51030077186234e-01 -3.09098353743829e-01 0.00000000000000e+00 3.09098353743829e-01 9.51030077186234e-01 0.00000000000000e+00 0.00000000000000e+00 0.00000000000000e+00 1.00000000000000e+00
033112
1.93976660701217e+00 -1.92371106605917e-01 1.25000000000000e-02
9.50856240376408e-01 -3.09632701982917e-01 0.00000000000000e+00 3.09632701982917e-01 9.50856240376408e-01 0.00000000000000e+00 0.00000000000000e+00 0.00000000000000e+00 1.00000000000000e+00
0340-1-1
-6.96736575480639e+00 2.26383436175143e+00 3.97500000000000e+01
-9.51056516295153e-01 -3.09016994374948e-01 0.00000000000000e+00 3.09016994374948e-01 -9.51056516295153e-01 0.00000000000000e+00 0.00000000000000e+00 -0.00000000000000e+00 1.00000000000000e+00
034000
-2.54663238264169e+00 5.01517346327068e-01 1.25000000000000e-02
9.51014487247015e-01 -3.09146316565953e-01 0.00000000000000e+00 3.09146316565953e-01 9.51014487247015e-01 0.00000000000000e+00 0.00000000000000e+00 0.00000000000000e+00 1.00000000000000e+00
034001
-6.43531280294225e-01 1.12073872823765e+00 1.25000000000000e-02
9.50996898258232e-01 -3.09200419636232e-01 0.00000000000000e+00 3.09200419636232e-01 9.50996898258232e-01 0.00000000000000e+00 0.00000000000000e+00 0.00000000000000e+00 1.00000000000000e+00
034002
1.30566257017598e+00 1.75378489799425e+00 1.25000000000000e-02
9.51058835245428e-01 -3.09009857288744e-01 0.00000000000000e+00 3.09009857288744e-01 9.51058835245428e-01 0.00000000000000e+00 0.00000000000000e+00 0.00000000000000e+00 1.00000000000000e+00
034011
-1.22249867361899e-02 -8.31770485758279e-01 1.25000000000000e-02
9.51169114854458e-01 -3.08670236574547e-01 0.00000000000000e+00 3.08670236574547e-01 9.51169114854458e-01 0.00000000000000e+00 0.00000000000000e+00 0.00000000000000e+00 1.00000000000000e+00
034012
1.93723925363928e+00 -1.95572035137799e-01 1.25000000000000e-02
9.50998112774289e-01 -3.09196684166795e-01 0.00000000000000e+00 3.09196684166795e-01 9.50998112774289e-01 0.00000000000000e+00 0.00000000000000e+00 0.00000000000000e+00 1.00000000000000e+00
0341-1-1
-6.96736575480639e+00 2.26383436175143e+00 3.97500000000000e+01
-9.51056516295153e-01 3.09016994374948e-01 3.78436673043416e-17 3.09016994374948e-01 9.51056516295153e-01 1.16470831848909e-16 0.00000000000000e+00 1.22464679914735e-16 -1.00000000000000e+00
034100
-2.54796593705983e+00 5.02379418310161e-01 1.25000000000000e-02
9.51088507500764e-01 -3.08918518221180e-01 0.00000000000000e+00 3.08918518221180e-01 9.51088507500764e-01 0.00000000000000e+00 0.00000000000000e+00 0.00000000000000e+00 1.00000000000000e+00
034101
-6.44856451538739e-01 1.11880033279977e+00 1.25000000000000e-02
9.51177098645011e-01 -3.08645633394122e-01 0.00000000000000e+00 3.08645633394122e-01 9.51177098645011e-01 0.00000000000000e+00 0.00000000000000e+00 0.00000000000000e+00 1.00000000000000e+00
034102
1.30452080261414e+00 1.75260962690783e+00 1.25000000000000e-02
9.51024528537853e-01 -3.09115425236842e-01 0.00000000000000e+00 3.09115425236842e-01 9.51024528537853e-01 0.00000000000000e+00 0.00000000000000e+00 0.00000000000000e+00 1.00000000000000e+00
034111
-9.71683097357623e-03 -8.31414264858410e-01 1.25000000000000e-02
9.51051778611499e-01 -3.09031575085628e-01 0.00000000000000e+00 3.09031575085628e-01 9.51051778611499e-01 0.00000000000000e+00 0.00000000000000e+00 0.00000000000000e+00 1.00000000000000e+00
034112
1.93835878952575e+00 -1.96293576197300e-01 1.25000000000000e-02
9.51043272411015e-01 -3.09057751887488e-01 0.00000000000000e+00 3.09057751887488e-01 9.51043272411015e-01 0.00000000000000e+00 0.00000000000000e+00 0.00000000000000e+00 1.00000000000000e+00
1000-1-1
-6.96736575294911e+00 -2.26383436746755e+00 2.50000000000000e-01
-9.51056516295154e-01 3.09016994374947e-01 0.00000000000000e+00 -3.09016994374947e-01 -9.51056516295154e-01 -0.00000000000000e+00 -0.00000000000000e+00 -0.00000000000000e+00 1.00000000000000e+00
100000
-2.54613181135236e+00 5.02030386040882e-01 1.25000000000000e-02
9.50936208207714e-01 -3.09387019636466e-01 0.00000000000000e+00 3.09387019636466e-01 9.50936208207714e-01 0.00000000000000e+00 0.00000000000000e+00 0.00000000000000e+00 1.00000000000000e+00
100001
-6.43322996589004e-01 1.11972967522410e+00 1.25000000000000e-02
9.50957382090911e-01 -3.09321931726157e-01 0.00000000000000e+00 3.09321931726157e-01 9.50957382090911e-01 0.00000000000000e+00 0.00000000000000e+00 0.00000000000000e+00 1.00000000000000e+00
100002
1.30714218416308e+00 1.75154606121948e+00 1.25000000000000e-02
9.51060562392986e-01 -3.09004541488854e-01 0.00000000000000e+00 3.09004541488854e-01 9.51060562392986e-01 0.00000000000000e+00 0.00000000000000e+00 0.00000000000000e+00 1.00000000000000e+00
100011
-9.72679341595173e-03 -8.28378607182482e-01 1.25000000000000e-02
9.50943211167364e-01 -3.09365494415105e-01 0.00000000000000e+00 3.09365494415105e-01 9.50943211167364e-01 0.00000000000000e+00 0.00000000000000e+00 0.00000000000000e+00 1.00000000000000e+00
100012
1.93993517408245e+00 -1.98809094223728e-01 1.25000000000000e-02
9.51123790808166e-01 -3.08809867974946e-01 0.00000000000000e+00 3.08809867974946e-01 9.51123790808166e-01 0.00000000000000e+00 0.00000000000000e+00 0.00000000000000e+00 1.00000000000000e+00
1001-1-1
-6.96736575294911e+00 -2.26383436746755e+00 2.50000000000000e-01
-9.51056516295154e-01 -3.09016994374947e-01 -3.78436673043414e-17 -3.09016994374947e-01 9.51056516295154e-01 1.16470831848909e-16 0.00000000000000e+00 1.22464679914735e-16 -1.00000000000000e+00
100100
-2.54712422531709e+00 4.99941187383197e-01 1.25000000000000e-02
9.50971245226483e-01 -3.09279308639283e-01 0.00000000000000e+00 3.09279308639283e-01 9.50971245226483e-01 0.00000000000000e+00 0.00000000000000e+00 0.00000000000000e+00 1.00000000000000e+00
100101
-6.44529038283053e-01 1.12035629805173e+00 1.25000000000000e-02
9.51032434953968e-01 -3.09091099298452e-01 0.00000000000000e+00 3.09091099298452e-01 9.51032434953968e-01 0.00000000000000e+00 0.00000000000000e+00 0.00000000000000e+00 1.00000000000000e+00
100102
1.30388300379450e+00 1.75299399987272e+00 1.25000000000000e-02
9.51086482399982e-01 -3.08924752967496e-01 0.00000000000000e+00 3.08924752967496e-01 9.51086482399982e-01 0.00000000000000e+00 0.00000000000000e+00 0.00000000000000e+00 1.00000000000000e+00
100111
-9.42114356318369e-03 -8.28448140750910e-01 1.25000000000000e-02
9.50959921749633e-01 -3.09314123870755e-01 0.00000000000000e+00 3.09314123870755e-01 9.50959921749633e-01 0.00000000000000e+00 0.00000000000000e+00 0.00000000000000e+00 1.00000000000000e+00
100112
1.93788783716473e+00 -2.01497770629931e-01 1.25000000000000e-02
9.51241517300373e-01 -3.08447038831765e-01 0.00000000000000e+00 3.08447038831765e-01 9.51241517300373e-01 0.00000000000000e+00 0.00000000000000e+00 0.00000000000000e+00 1.00000000000000e+00
1010-1-1
-4.30606884484531e+00 -5.92679531299571e+00 -2.50000000000000e-01
-5.87785252292473e-01 8.09016994374947e-01 0.00000000000000e+00 -8.09016994374947e-01 -5.87785252292473e-01 -0.00000000000000e+00 -0.00000000000000e+00 -0.00000000000000e+00 1.00000000000000e+00
101000
-2.54676578258780e+00 5.00173302049877e-01 1.25000000000000e-02
9.51051052121384e-01 -3.09033810866721e-01 0.00000000000000e+00 3.09033810866721e-01 9.51051052121384e-01 0.00000000000000e+00 0.00000000000000e+00 0.00000000000000e+00 1.00000000000000e+00
101001
-6.44313317757450e-01 1.11981386514744e+00 1.25000000000000e-02
9.51050796605066e-01 -3.09034597216670e-01 0.00000000000000e+00 3.09034597216670e-01 9.51050796605066e-01 0.00000000000000e+00 0.00000000000000e+00 0.00000000000000e+00 1.00000000000000e+00
101002
1.30498155367775e+00 1.75317621778544e+00 1.25000000000000e-02
9.51094235913817e-01 -3.08900881208702e-01 0.00000000000000e+00 3.08900881208702e-01 9.51094235913817e-01 0.00000000000000e+00 0.00000000000000e+00 0.00000000000000e+00 1.00000000000000e+00
101011
-1.07433589583432e-02 -8.29247108576348e-01 1.25000000000000e-02
9.50934246084753e-01 -3.09393050379646e-01 0.00000000000000e+00 3.09393050379646e-01 9.50934246084753e-01 0.00000000000000e+00 0.00000000000000e+00 0.00000000000000e+00 1.00000000000000e+00
101012
1.93855720207725e+00 -1.97292395646703e-01 1.25000000000000e-02
9.51137533894473e-01 -3.08767536533781e-01 0.00000000000000e+00 3.08767536533781e-01 9.51137533894473e-01 0.00000000000000e+00 0.00000000000000e+00 0.00000000000000e+00 1.00000000000000e+00
1011-1-1
-4.30606884484531e+00 -5.92679531299571e+00 -2.50000000000000e-01
-5.87785252292473e-01 -8.09016994374947e-01 -9.90760072617091e-17 -8.09016994374947e-01 5.87785252292473e-01 7.19829327805997e-17 0.00000000000000e+00 1.22464679914735e-16 -1.00000000000000e+00
101100
-2.54713481339928e+00 5.01225267703886e-01 1.25000000000000e-02
9.51048932533827e-01 -3.09040333817882e-01 0.00000000000000e+00 3.09040333817882e-01 9.51048932533827e-01 0.00000000000000e+00 0.00000000000000e+00 0.00000000000000e+00 1.00000000000000e+00
101101
-6.45920060855469e-01 1.11954105383013e+00 1.25000000000000e-02
9.51046564837002e-01 -3.09047620136021e-01 0.00000000000000e+00 3.09047620136021e-01 9.51046564837002e-01 0.00000000000000e+00 0.00000000000000e+00 0.00000000000000e+00 1.00000000000000e+00
101102
1.30596972782988e+00 1.75121384681452e+00 1.25000000000000e-02
9.51128770736091e-01 -3.08794529546836e-01 0.00000000000000e+00 3.08794529546836e-01 9.51128770736091e-01 0.00000000000000e+00 0.00000000000000e+00 0.00000000000000e+00 1.00000000000000e+00
101111
-1.26997265800148e-02 -8.28643214406391e-01 1.25000000000000e-02
9.51006412101007e-01 -3.09171156712216e-01 0.00000000000000e+00 3.09171156712216e-01 9.51006412101007e-01 0.00000000000000e+00 0.00000000000000e+00 0.00000000000000e+00 1.00000000000000e+00
101112
1.93815731896782e+00 -1.95763413446162e-01 1.25000000000000e-02
9.51040290611464e-01 -3.09066927434272e-01 0.00000000000000e+00 3.09066927434272e-01 9.51040290611464e-01 0.00000000000000e+00 0.00000000000000e+00 0.00000000000000e+00 1.00000000000000e+00
1020-1-1
4.50771509171656e-09 -7.32592189275148e+00 2.50000000000000e-01
-1.83697019872103e-16 1.00000000000000e+00 0.00000000000000e+00 -1.00000000000000e+00 -1.83697019872103e-16 -0.00000000000000e+00 -0.00000000000000e+00 -0.00000000000000e+00 1.00000000000000e+00
102000
-2.54619918776660e+00 5.02007132084592e-01 1.25000000000000e-02
9.51018320190913e-01 -3.09134525184835e-01 0.00000000000000e+00 3.09134525184835e-01 9.51018320190913e-01 0.00000000000000e+00 0.00000000000000e+00 0.00000000000000e+00 1.00000000000000e+00
102001
-6.44876050109033e-01 1.11995106999289e+00 1.25000000000000e-02
9.50975899958754e-01 -3.09264995913921e-01 0.00000000000000e+00 3.09264995913921e-01 9.50975899958754e-01 0.00000000000000e+00 0.00000000000000e+00 0.00000000000000e+00 1.00000000000000e+00
102002
1.30502453729814e+00 1.75466337519225e+00 1.25000000000000e-02
9.51014212075343e-01 -3.09147163064316e-01 0.00000000000000e+00 3.09147163064316e-01 9.51014212075343e-01 0.00000000000000e+00 0.00000000000000e+00 0.00000000000000e+00 1.00000000000000e+00
102011
-1.03748465314522e-02 -8.28992279614035e-01 1.25000000000000e-02
9.50958370414423e-01 -3.09318893278029e-01 0.00000000000000e+00 3.09318893278029e-01 9.50958370414423e-01 0.00000000000000e+00 0.00000000000000e+00 0.00000000000000e+00 1.00000000000000e+00
102012
1.93876690453202e+00 -1.95881477006107e-01 1.25000000000000e-02
9.50970808039234e-01 -3.09280652898313e-01 0.00000000000000e+00 3.09280652898313e-01 9.50970808039234e-01 0.00000000000000e+00 0.00000000000000e+00 0.00000000000000e+00 1.00000000000000e+00
1021-1-1
4.50771509171656e-09 -7.32592189275148e+00 2.50000000000000e-01
-1.83697019872103e-16 -1.00000000000000e+00 -1.22464679914735e-16 -1.00000000000000e+00 1.83697019872103e-16 2.24963967399279e-32 0.00000000000000e+00 1.22464679914735e-16 -1.00000000000000e+00
102100
-2.54549870075222e+00 4.99684897792307e-01 1.25000000000000e-02
9.51028375714476e-01 -3.09103588762547e-01 0.00000000000000e+00 3.09103588762547e-01 9.51028375714476e-01 0.00000000000000e+00 0.00000000000000e+00 0.00000000000000e+00 1.00000000000000e+00
102101
-6.46316181282344e-01 1.11925378915391e+00 1.25000000000000e-02
9.51077424233483e-01 -3.08952638948761e-01 0.00000000000000e+00 3.08952638948761e-01 9.51077424233483e-01 0.00000000000000e+00 0.00000000000000e+00 0.00000000000000e+00 1.00000000000000e+00
102102
1.30582461755258e+00 1.75405343428354e+00 1.25000000000000e-02
9.50995194453049e-01 -3.09205659921044e-01 0.00000000000000e+00 3.09205659921044e-01 9.50995194453049e-01 0.00000000000000e+00 0.00000000000000e+00 0.00000000000000e+00 1.00000000000000e+00
102111
-1.05432181422493e-02 -8.30265697718367e-01 1.25000000000000e-02
9.51056516295154e-01 -3.09016994374947e-01 0.00000000000000e+00 3.09016994374947e-01 9.51056516295154e-01 0.00000000000000e+00 0.00000000000000e+00 0.00000000000000e+00 1.00000000000000e+00
102112
1.93813952612348e+00 -1.98455932558643e-01 1.25000000000000e-02
9.51186850500184e-01 -3.08615578731115e-01 0.00000000000000e+00 3.08615578731115e-01 9.51186850500184e-01 0.00000000000000e+00 0.00000000000000e+00 0.00000000000000e+00 1.00000000000000e+00
1030-1-1
4.30606885213894e+00 -5.92679530769658e+00 -2.50000000000000e-01
5.87785252292473e-01 8.09016994374948e-01 0.00000000000000e+00 -8.09016994374948e-01 5.87785252292473e-01 -0.00000000000000e+00 -0.00000000000000e+00 0.00000000000000e+00 1.00000000000000e+00
103000
-2.54617026103665e+00 5.00869167725984e-01 1.25000000000000e-02
9.51125838936164e-01 -3.08803559739809e-01 0.00000000000000e+00 3.08803559739809e-01 9.51125838936164e-01 0.00000000000000e+00 0.00000000000000e+00 0.00000000000000e+00 1.00000000000000e+00
103001
-6.45566376404403e-01 1.11931155794262e+00 1.25000000000000e-02
9.51050558036580e-01 -3.09035331407769e-01 0.00000000000000e+00 3.09035331407769e-01 9.51050558036580e-01 0.00000000000000e+00 0.00000000000000e+00 0.00000000000000e+00 1.00000000000000e+00
103002
1.30465157269605e+00 1.75322801264291e+00 1.25000000000000e-02
9.51041329919400e-01 -3.09063729326396e-01 0.00000000000000e+00 3.09063729326396e-01 9.51041329919400e-01 0.00000000000000e+00 0.00000000000000e+00 0.00000000000000e+00 1.00000000000000e+00
103011
-1.38686300488744e-02 -8.29907677180221e-01 1.25000000000000e-02
9.51142008918529e-01 -3.08753751184377e-01 0.00000000000000e+00 3.08753751184377e-01 9.51142008918529e-01 0.00000000000000e+00 0.00000000000000e+00 0.00000000000000e+00 1.00000000000000e+00
103012
1.93713693204341e+00 -1.98777056308489e-01 1.25000000000000e-02
9.51114995697646e-01 -3.08836955300151e-01 0.00000000000000e+00 3.08836955300151e-01 9.51114995697646e-01 0.00000000000000e+00 0.00000000000000e+00 0.00000000000000e+00 1.00000000000000e+00
1031-1-1
4.30606885213894e+00 -5.92679530769658e+00 -2.50000000000000e-01
5.87785252292473e-01 -8.09016994374948e-01 -9.90760072617092e-17 -8.09016994374948e-01 -5.87785252292473e-01 -7.19829327805996e-17 0.00000000000000e+00 1.22464679914735e-16 -1.00000000000000e+00
103100
-2.54400277211593e+00 5.01429725993582e-01 1.25000000000000e-02
9.50876714582281e-01 -3.09569820339785e-01 0.00000000000000e+00 3.09569820339785e-01 9.50876714582281e-01 0.00000000000000e+00 0.00000000000000e+00 0.00000000000000e+00 1.00000000000000e+00
103101
-6.44217193058041e-01 1.11683865241516e+00 1.25000000000000e-02
9.51123404152491e-01 -3.08811058858614e-01 0.00000000000000e+00 3.08811058858614e-01 9.51123404152491e-01 0.00000000000000e+00 0.00000000000000e+00 0.00000000000000e+00 1.00000000000000e+00
103102
1.30552717537771e+00 1.75351455350339e+00 1.25000000000000e-02
9.51147605558521e-01 -3.08736509730048e-01 0.00000000000000e+00 3.08736509730048e-01 9.51147605558521e-01 0.00000000000000e+00 0.00000000000000e+00 0.00000000000000e+00 1.00000000000000e+00
103111
-1.18437858058358e-02 -8.29974623935166e-01 1.25000000000000e-02
9.51044489636180e-01 -3.09054006174742e-01 0.00000000000000e+00 3.09054006174742e-01 9.51044489636180e-01 0.00000000000000e+00 0.00000000000000e+00 0.00000000000000e+00 1.00000000000000e+00
103112
1.93928333454474e+00 -1.93716594363426e-01 1.25000000000000e-02
9.50932595287057e-01 -3.09398124138823e-01 0.00000000000000e+00 3.09398124138823e-01 9.50932595287057e-01 0.00000000000000e+00 0.00000000000000e+00 0.00000000000000e+00 1.00000000000000e+00
1040-1-1
6.96736575573503e+00 -2.26383435889338e+00 2.50000000000000e-01
9.51056516295153e-01 3.09016994374949e-01 0.00000000000000e+00 -3.09016994374949e-01 9.51056516295153e-01 -0.00000000000000e+00 -0.00000000000000e+00 0.00000000000000e+00 1.00000000000000e+00
104000
-2.54589659766808e+00 5.01198981394766e-01 1.25000000000000e-02
9.51052878971276e-01 -3.09028188682597e-01 0.00000000000000e+00 3.09028188682597e-01 9.51052878971276e-01 0.00000000000000e+00 0.00000000000000e+00 0.00000000000000e+00 1.00000000000000e+00
104001
-6.44171674030146e-01 1.11844319301714e+00 1.25000000000000e-02
9.51102547490842e-01 -3.08875289002585e-01 0.00000000000000e+00 3.08875289002585e-01 9.51102547490842e-01 0.00000000000000e+00 0.00000000000000e+00 0.00000000000000e+00 1.00000000000000e+00
104002
1.30588773325510e+00 1.75528401471425e+00 1.25000000000000e-02
9.51029404147601e-01 -3.09100424533287e-01 0.00000000000000e+00 3.09100424533287e-01 9.51029404147601e-01 0.00000000000000e+00 0.00000000000000e+00 0.00000000000000e+00 1.00000000000000e+00
104011
-1.13519270866811e-02 -8.31249550768784e-01 1.25000000000000e-02
9.51099982308871e-01 -3.08883187713519e-01 0.00000000000000e+00 3.08883187713519e-01 9.51099982308871e-01 0.00000000000000e+00 0.00000000000000e+00 0.00000000000000e+00 1.00000000000000e+00
104012
1.93902574439152e+00 -1.95255255977775e-01 1.25000000000000e-02
9.50976642793715e-01 -3.09262711720626e-01 0.00000000000000e+00 3.09262711720626e-01 9.50976642793715e-01 0.00000000000000e+00 0.00000000000000e+00 0.00000000000000e+00 1.00000000000000e+00
1041-1-1
6.96736575573503e+00 -2.26383435889338e+00 2.50000000000000e-01
9.51056516295153e-01 -3.09016994374949e-01 -3.78436673043416e-17 -3.09016994374949e-01 -9.51056516295153e-01 -1.16470831848909e-16 0.00000000000000e+00 1.22464679914735e-16 -1.00000000000000e+00
104100
-2.54610196774333e+00 5.00743519115535e-01 1.25000000000000e-02
9.51063677841978e-01 -3.08994952531088e-01 0.00000000000000e+00 3.08994952531088e-01 9.51063677841978e-01 0.00000000000000e+00 0.00000000000000e+00 0.00000000000000e+00 1.00000000000000e+00
104101
-6.41722481066876e-01 1.11980150384059e+00 1.25000000000000e-02
9.51086132383019e-01 -3.08925830562467e-01 0.00000000000000e+00 3.08925830562467e-01 9.51086132383019e-01 0.00000000000000e+00 0.00000000000000e+00 0.00000000000000e+00 1.00000000000000e+00
104102
1.30278474696633e+00 1.75606340486159e+00 1.25000000000000e-02
9.50909264926550e-01 -3.09469820623673e-01 0.00000000000000e+00 3.09469820623673e-01 9.50909264926550e-01 0.00000000000000e+00 0.00000000000000e+00 0.00000000000000e+00 1.00000000000000e+00
104111
-1.12734986374581e-02 -8.30695423154574e-01 1.25000000000000e-02
9.51055511650926e-01 -3.09020086334847e-01 0.00000000000000e+00 3.09020086334847e-01 9.51055511650926e-01 0.00000000000000e+00 0.00000000000000e+00 0.00000000000000e+00 1.00000000000000e+00
104112
1.94033785179334e+00 -1.97461198318167e-01 1.25000000000000e-02
9.51021412766077e-01 -3.09125011056069e-01 0.00000000000000e+00 3.09125011056069e-01 9.51021412766077e-01 0.00000000000000e+00 0.00000000000000e+00 0.00000000000000e+00 1.00000000000000e+00
1100-1-1
-6.96736575294911e+00 -2.26383436746755e+00 2.02500000000000e+01
-9.51056516295154e-01 3.09016994374947e-01 0.00000000000000e+00 -3.09016994374947e-01 -9.51056516295154e-01 0.00000000000000e+00 -0.00000000000000e+00 0.00000000000000e+00 1.00000000000000e+00
110000
-2.54526899239455e+00 4.99835420979892e-01 1.25000000000000e-02
9.51056045179783e-01 -3.09018444315205e-01 0.00000000000000e+00 3.09018444315205e-01 9.51056045179783e-01 0.00000000000000e+00 0.00000000000000e+00 0.00000000000000e+00 1.00000000000000e+00
110001
-6.46426437933931e-01 1.12053781141689e+00 1.25000000000000e-02
9.51003273831033e-01 -3.09180809822758e-01 0.00000000000000e+00 3.09180809822758e-01 9.51003273831033e-01 0.00000000000000e+00 0.00000000000000e+00 0.00000000000000e+00 1.00000000000000e+00
110002
1.30485161399681e+00 1.75428291869917e+00 1.25000000000000e-02
9.51042798707106e-01 -3.09059209581846e-01 0.00000000000000e+00 3.09059209581846e-01 9.51042798707106e-01 0.00000000000000e+00 0.00000000000000e+00 0.00000000000000e+00 1.00000000000000e+00
110011
-1.15994458208930e-02 -8.28777963940623e-01 1.25000000000000e-02
9.50998639069067e-01 -3.09195065434074e-01 0.00000000000000e+00 3.09195065434074e-01 9.50998639069067e-01 0.00000000000000e+00 0.00000000000000e+00 0.00000000000000e+00 1.00000000000000e+00
110012
1.93852959275683e+00 -1.96496450153220e-01 1.25000000000000e-02
9.51035454047592e-01 -3.09081809792311e-01 0.00000000000000e+00 3.09081809792311e-01 9.51035454047592e-01 0.00000000000000e+00 0.00000000000000e+00 0.00000000000000e+00 1.00000000000000e+00
1101-1-1
-6.96736575294911e+00 -2.26383436746755e+00 2.02500000000000e+01
-9.51056516295154e-01 -3.09016994374947e-01 -3.78436673043414e-17 -3.09016994374947e-01 9.51056516295154e-01 1.16470831848909e-16 0.00000000000000e+00 1.22464679914735e-16 -1.00000000000000e+00
110100
-2.54820336493013e+00 5.01028975423996e-01 1.25000000000000e-02
9.51041317575076e-01 -3.09063767311964e-01 0.00000000000000e+00 3.09063767311964e-01 9.51041317575076e-01 0.00000000000000e+00 0.00000000000000e+00 0.00000000000000e+00 1.00000000000000e+00
110101
-6.45497900554129e-01 1.12057765703453e+00 1.25000000000000e-02
9.50957428636701e-01 -3.09321788629049e-01 0.00000000000000e+00 3.09321788629049e-01 9.50957428636701e-01 0.00000000000000e+00 0.00000000000000e+00 0.00000000000000e+00 1.00000000000000e+00
110102
1.30568216970605e+00 1.75194768238273e+00 1.25000000000000e-02
9.51224008606664e-01 -3.08501029901473e-01 0.00000000000000e+00 3.08501029901473e-01 9.51224008606664e-01 0.00000000000000e+00 0.00000000000000e+00 0.00000000000000e+00 1.00000000000000e+00
110111
-1.15733671142677e-02 -8.29431111962213e-01 1.25000000000000e-02
9.51050146221277e-01 -3.09036598758928e-01 0.00000000000000e+00 3.09036598758928e-01 9.51050146221277e-01 0.00000000000000e+00 0.00000000000000e+00 0.00000000000000e+00 1.00000000000000e+00
110112
1.93885548776168e+00 -1.95361474160475e-01 1.25000000000000e-02
9.51005042655522e-01 -3.09175369076789e-01 0.00000000000000e+00 3.09175369076789e-01 9.51005042655522e-01 0.00000000000000e+00 0.00000000000000e+00 0.00000000000000e+00 1.00000000000000e+00
1110-1-1
-4.30606884484531e+00 -5.92679531299571e+00 1.97500000000000e+01
-5.87785252292473e-01 8.09016994374947e-01 0.00000000000000e+00 -8.09016994374947e-01 -5.87785252292473e-01 0.00000000000000e+00 -0.00000000000000e+00 0.00000000000000e+00 1.00000000000000e+00
111000
-2.54734311018973e+00 5.02497123323867e-01 1.25000000000000e-02
9.51166426670654e-01 -3.08678520105595e-01 0.00000000000000e+00 3.08678520105595e-01 9.51166426670654e-01 0.00000000000000e+00 0.00000000000000e+00 0.00000000000000e+00 1.00000000000000e+00
111001
-6.44856062304380e-01 1.12029739387220e+00 1.25000000000000e-02
9.51050873490911e-01 -3.09034360601171e-01 0.00000000000000e+00 3.09034360601171e-01 9.51050873490911e-01 0.00000000000000e+00 0.00000000000000e+00 0.00000000000000e+00 1.00000000000000e+00
111002
1.30483866295059e+00 1.75340848518765e+00 1.25000000000000e-02
9.51050277414939e-01 -3.09036195014384e-01 0.00000000000000e+00 3.09036195014384e-01 9.51050277414939e-01 0.00000000000000e+00 0.00000000000000e+00 0.00000000000000e+00 1.00000000000000e+00
111011
-1.36104453093662e-02 -8.32465194001315e-01 1.25000000000000e-02
9.51182443440467e-01 -3.08629161439134e-01 0.00000000000000e+00 3.08629161439134e-01 9.51182443440467e-01 0.00000000000000e+00 0.00000000000000e+00 0.00000000000000e+00 1.00000000000000e+00
111012
1.93990984570156e+00 -1.93650031510639e-01 1.25000000000000e-02
9.50943138774937e-01 -3.09365716938499e-01 0.00000000000000e+00 3.09365716938499e-01 9.50943138774937e-01 0.00000000000000e+00 0.00000000000000e+00 0.00000000000000e+00 1.00000000000000e+00
1111-1-1
-4.30606884484531e+00 -5.92679531299571e+00 1.97500000000000e+01
-5.87785252292473e-01 -8.09016994374947e-01 -9.90760072617091e-17 -8.09016994374947e-01 5.87785252292473e-01 7.19829327805997e-17 0.00000000000000e+00 1.22464679914735e-16 -1.00000000000000e+00
111100
-2.54761040533884e+00 5.02024813442100e-01 1.25000000000000e-02
9.50996259619507e-01 -3.09202383868085e-01 0.00000000000000e+00 3.09202383868085e-01 9.50996259619507e-01 0.00000000000000e+00 0.00000000000000e+00 0.00000000000000e+00 1.00000000000000e+00
111101
-6.44861351797434e-01 1.11981343095671e+00 1.25000000000000e-02
9.51088997841248e-01 -3.08917008572416e-01 0.00000000000000e+00 3.08917008572416e-01 9.51088997841248e-01 0.00000000000000e+00 0.00000000000000e+00 0.00000000000000e+00 1.00000000000000e+00
111102
1.30691395066984e+00 1.75352907695341e+00 1.25000000000000e-02
9.51059836048404e-01 -3.09006777038277e-01 0.00000000000000e+00 3.09006777038277e-01 9.51059836048404e-01 0.00000000000000e+00 0.00000000000000e+00 0.00000000000000e+00 1.00000000000000e+00
111111
-1.23051115585513e-02 -8.31995518805033e-01 1.25000000000000e-02
9.51020497632613e-01 -3.09127826445012e-01 0.00000000000000e+00 3.09127826445012e-01 9.51020497632613e-01 0.00000000000000e+00 0.00000000000000e+00 0.00000000000000e+00 1.00000000000000e+00
111112
1.93901290119656e+00 -1.95009206320639e-01 1.25000000000000e-02
9.50986293799834e-01 -3.09233033495542e-01 0.00000000000000e+00 3.09233033495542e-01 9.50986293799834e-01 0.00000000000000e+00 0.00000000000000e+00 0.00000000000000e+00 1.00000000000000e+00
1120-1-1
4.50771509171656e-09 -7.32592189275148e+00 2.02500000000000e+01
-1.83697019872103e-16 1.00000000000000e+00 0.00000000000000e+00 -1.00000000000000e+00 -1.83697019872103e-16 0.00000000000000e+00 -0.00000000000000e+00 0.00000000000000e+00 1.00000000000000e+00
112000
-2.54605800738003e+00 4.98902875161511e-01 1.25000000000000e-02
9.51001825026409e-01 -3.09185266137376e-01 0.00000000000000e+00 3.09185266137376e-01 9.51001825026409e-01 0.00000000000000e+00 0.00000000000000e+00 0.00000000000000e+00 1.00000000000000e+00
112001
-6.45092293038834e-01 1.12011327769708e+00 1.25000000000000e-02
9.50997282666587e-01 -3.09199237322422e-01 0.00000000000000e+00 3.09199237322422e-01 9.50997282666587e-01 0.00000000000000e+00 0.00000000000000e+00 0.00000000000000e+00 1.00000000000000e+00
112002
1.30365927551536e+00 1.75313605341991e+00 1.25000000000000e-02
9.51021862692178e-01 -3.09123626857443e-01 0.00000000000000e+00 3.09123626857443e-01 9.51021862692178e-01 0.00000000000000e+00 0.00000000000000e+00 0.00000000000000e+00 1.00000000000000e+00
112011
-1.27537716583555e-02 -8.33371193203869e-01 1.25000000000000e-02
9.51223855467302e-01 -3.08501502086977e-01 0.00000000000000e+00 3.08501502086977e-01 9.51223855467302e-01 0.00000000000000e+00 0.00000000000000e+00 0.00000000000000e+00 1.00000000000000e+00
112012
1.93838503865399e+00 -1.95711837170524e-01 1.25000000000000e-02
9.50934853083003e-01 -3.09391184735455e-01 0.00000000000000e+00 3.09391184735455e-01 9.50934853083003e-01 0.00000000000000e+00 0.00000000000000e+00 0.00000000000000e+00 1.00000000000000e+00
1121-1-1
4.50771509171656e-09 -7.32592189275148e+00 2.02500000000000e+01
-1.83697019872103e-16 -1.00000000000000e+00 -1.22464679914735e-16 -1.00000000000000e+00 1.83697019872103e-16 2.24963967399279e-32 0.00000000000000e+00 1.22464679914735e-16 -1.00000000000000e+00
112100
-2.54766305250827e+00 4.99978128314276e-01 1.25000000000000e-02
9.51119535514373e-01 -3.08822973826307e-01 0.00000000000000e+00 3.08822973826307e-01 9.51119535514373e-01 0.00000000000000e+00 0.00000000000000e+00 0.00000000000000e+00 1.00000000000000e+00
112101
-6.43699168049815e-01 1.11970170100928e+00 1.25000000000000e-02
9.51088086421399e-01 -3.08919814623928e-01 0.00000000000000e+00 3.08919814623928e-01 9.51088086421399e-01 0.00000000000000e+00 0.00000000000000e+00 0.00000000000000e+00 1.00000000000000e+00
112102
1.30356590693329e+00 1.75336591393098e+00 1.25000000000000e-02
9.51050229275976e-01 -3.09036343160661e-01 0.00000000000000e+00 3.09036343160661e-01 9.51050229275976e-01 0.00000000000000e+00 0.00000000000000e+00 0.00000000000000e+00 1.00000000000000e+00
112111
-1.11105278997927e-02 -8.30531442668103e-01 1.25000000000000e-02
9.51080274181873e-01 -3.08943865551872e-01 0.00000000000000e+00 3.08943865551872e-01 9.51080274181873e-01 0.00000000000000e+00 0.00000000000000e+00 0.00000000000000e+00 1.00000000000000e+00
112112
1.93754668109778e+00 -1.99288386905713e-01 1.25000000000000e-02
9.51138233702697e-01 -3.08765380813512e-01 0.00000000000000e+00 3.08765380813512e-01 9.51138233702697e-01 0.00000000000000e+00 0.00000000000000e+00 0.00000000000000e+00 1.00000000000000e+00
1130-1-1
4.30606885213894e+00 -5.92679530769658e+00 1.97500000000000e+01
5.87785252292473e-01 8.09016994374948e-01 0.00000000000000e+00 -8.09016994374948e-01 5.87785252292473e-01 0.00000000000000e+00 0.00000000000000e+00 0.00000000000000e+00 1.00000000000000e+00
113000
-2.54669761092557e+00 5.04050345045260e-01 1.25000000000000e-02
9.51006595636197e-01 -3.09170592159816e-01 0.00000000000000e+00 3.09170592159816e-01 9.51006595636197e-01 0.00000000000000e+00 0.00000000000000e+00 0.00000000000000e+00 1.00000000000000e+00
113001
-6.44361682356543e-01 1.11998585365497e+00 1.25000000000000e-02
9.51120151377876e-01 -3.08821077070407e-01 0.00000000000000e+00 3.08821077070407e-01 9.51120151377876e-01 0.00000000000000e+00 0.00000000000000e+00 0.00000000000000e+00 1.00000000000000e+00
113002
1.30607020579862e+00 1.75194861365661e+00 1.25000000000000e-02
9.51055794705607e-01 -3.09019215190393e-01 0.00000000000000e+00 3.09019215190393e-01 9.51055794705607e-01 0.00000000000000e+00 0.00000000000000e+00 0.00000000000000e+00 1.00000000000000e+00
113011
-1.17646330007100e-02 -8.30072765129404e-01 1.25000000000000e-02
9.51057603272882e-01 -3.09013648981465e-01 0.00000000000000e+00 3.09013648981465e-01 9.51057603272882e-01 0.00000000000000e+00 0.00000000000000e+00 0.00000000000000e+00 1.00000000000000e+00
113012
1.93798819858647e+00 -1.96806212702720e-01 1.25000000000000e-02
9.51069001638408e-01 -3.08978565797892e-01 0.00000000000000e+00 3.08978565797892e-01 9.51069001638408e-01 0.00000000000000e+00 0.00000000000000e+00 0.00000000000000e+00 1.00000000000000e+00
1131-1-1
4.30606885213894e+00 -5.92679530769658e+00 1.97500000000000e+01
5.87785252292473e-01 -8.09016994374948e-01 -9.90760072617092e-17 -8.09016994374948e-01 -5.87785252292473e-01 -7.19829327805996e-17 0.00000000000000e+00 1.22464679914735e-16 -1.00000000000000e+00
113100
-2.54521197366955e+00 5.00031887271204e-01 1.25000000000000e-02
9.51025776357471e-01 -3.09111586168603e-01 0.00000000000000e+00 3.09111586168603e-01 9.51025776357471e-01 0.00000000000000e+00 0.00000000000000e+00 0.00000000000000e+00 1.00000000000000e+00
113101
-6.44362020598411e-01 1.12011509355044e+00 1.25000000000000e-02
9.51010347337912e-01 -3.09159051713230e-01 0.00000000000000e+00 3.09159051713230e-01 9.51010347337912e-01 0.00000000000000e+00 0.00000000000000e+00 0.00000000000000e+00 1.00000000000000e+00
113102
1.30261485146930e+00 1.75026831193507e+00 1.25000000000000e-02
9.51192887710137e-01 -3.08596970771992e-01 0.00000000000000e+00 3.08596970771992e-01 9.51192887710137e-01 0.00000000000000e+00 0.00000000000000e+00 0.00000000000000e+00 1.00000000000000e+00
113111
-1.03066094992359e-02 -8.28988424270519e-01 1.25000000000000e-02
9.51005061334501e-01 -3.09175311621356e-01 0.00000000000000e+00 3.09175311621356e-01 9.51005061334501e-01 0.00000000000000e+00 0.00000000000000e+00 0.00000000000000e+00 1.00000000000000e+00
113112
1.93917360763574e+00 -1.96546075948308e-01 1.25000000000000e-02
9.50960473145946e-01 -3.09312428644628e-01 0.00000000000000e+00 3.09312428644628e-01 9.50960473145946e-01 0.00000000000000e+00 0.00000000000000e+00 0.00000000000000e+00 1.00000000000000e+00
1140-1-1
6.96736575573503e+00 -2.26383435889338e+00 2.02500000000000e+01
9.51056516295153e-01 3.09016994374949e-01 0.00000000000000e+00 -3.09016994374949e-01 9.51056516295153e-01 0.00000000000000e+00 0.00000000000000e+00 0.00000000000000e+00 1.00000000000000e+00
114000
-2.54686538827855e+00 5.02825964403349e-01 1.25000000000000e-02
9.51178286875552e-01 -3.08641971508235e-01 0.00000000000000e+00 3.08641971508235e-01 9.51178286875552e-01 0.00000000000000e+00 0.00000000000000e+00 0.00000000000000e+00 1.00000000000000e+00
114001
-6.44905924721873e-01 1.12056596914059e+00 1.25000000000000e-02
9.51081304392699e-01 -3.08940694041238e-01 0.00000000000000e+00 3.08940694041238e-01 9.51081304392699e-01 0.00000000000000e+00 0.00000000000000e+00 0.00000000000000e+00 1.00000000000000e+00
114002
1.30385692551577e+00 1.75351498813399e+00 1.25000000000000e-02
9.51001195404043e-01 -3.09187202743065e-01 0.00000000000000e+00 3.09187202743065e-01 9.51001195404043e-01 0.00000000000000e+00 0.00000000000000e+00 0.00000000000000e+00 1.00000000000000e+00
114011
-1.22990865959349e-02 -8.32786667889500e-01 1.25000000000000e-02
9.51117035212258e-01 -3.08830674203590e-01 0.00000000000000e+00 3.08830674203590e-01 9.51117035212258e-01 0.00000000000000e+00 0.00000000000000e+00 0.00000000000000e+00 1.00000000000000e+00
114012
1.93916080681301e+00 -1.99559596767744e-01 1.25000000000000e-02
9.51191369757551e-01 -3.08601649539909e-01 0.00000000000000e+00 3.08601649539909e-01 9.51191369757551e-01 0.00000000000000e+00 0.00000000000000e+00 0.00000000000000e+00 1.00000000000000e+00
1141-1-1
6.96736575573503e+00 -2.26383435889338e+00 2.02500000000000e+01
9.51056516295153e-01 -3.09016994374949e-01 -3.78436673043416e-17 -3.09016994374949e-01 -9.51056516295153e-01 -1.16470831848909e-16 0.00000000000000e+00 1.22464679914735e-16 -1.00000000000000e+00
114100
-2.54815922527419e+00 5.02806250495133e-01 1.25000000000000e-02
9.51095229578066e-01 -3.08897821736970e-01 0.00000000000000e+00 3.08897821736970e-01 9.51095229578066e-01 0.00000000000000e+00 0.00000000000000e+00 0.00000000000000e+00 1.00000000000000e+00
114101
-6.44889111274387e-01 1.12118739484391e+00 1.25000000000000e-02
9.50927253904072e-01 -3.09414540353974e-01 0.00000000000000e+00 3.09414540353974e-01 9.50927253904072e-01 0.00000000000000e+00 0.00000000000000e+00 0.00000000000000e+00 1.00000000000000e+00
114102
1.30533426309738e+00 1.75069232579109e+00 1.25000000000000e-02
9.51117348564300e-01 -3.08829709160268e-01 0.00000000000000e+00 3.08829709160268e-01 9.51117348564300e-01 0.00000000000000e+00 0.00000000000000e+00 0.00000000000000e+00 1.00000000000000e+00
114111
-1.27215568596006e-02 -8.29448302582712e-01 1.25000000000000e-02
9.51000190523693e-01 -3.09190293547355e-01 0.00000000000000e+00 3.09190293547355e-01 9.51000190523693e-01 0.00000000000000e+00 0.00000000000000e+00 0.00000000000000e+00 1.00000000000000e+00
114112
1.93797654731854e+00 -1.98871505303788e-01 1.25000000000000e-02
9.51183664769119e-01 -3.08625397328846e-01 0.00000000000000e+00 3.08625397328846e-01 9.51183664769119e-01 0.00000000000000e+00 0.00000000000000e+00 0.00000000000000e+00 1.00000000000000e+00
1200-1-1
-6.96736575294911e+00 -2.26383436746755e+00 3.02500000000000e+01
-9.51056516295154e-01 3.09016994374947e-01 0.00000000000000e+00 -3.09016994374947e-01 -9.51056516295154e-01 0.00000000000000e+00 -0.00000000000000e+00 0.00000000000000e+00 1.00000000000000e+00
120000
-2.54519367330300e+00 5.02158466768973e-01 1.25000000000000e-02
9.50995982187070e-01 -3.09203237150018e-01 0.00000000000000e+00 3.09203237150018e-01 9.50995982187070e-01 0.00000000000000e+00 0.00000000000000e+00 0.00000000000000e+00 1.00000000000000e+00
120001
-6.45983918402427e-01 1.11942305430703e+00 1.25000000000000e-02
9.51029064795426e-01 -3.09101468638273e-01 0.00000000000000e+00 3.09101468638273e-01 9.51029064795426e-01 0.00000000000000e+00 0.00000000000000e+00 0.00000000000000e+00 1.00000000000000e+00
120002
1.30555854245427e+00 1.75028471927925e+00 1.25000000000000e-02
9.51056516295154e-01 -3.09016994374947e-01 0.00000000000000e+00 3.09016994374947e-01 9.51056516295154e-01 0.00000000000000e+00 0.00000000000000e+00 0.00000000000000e+00 1.00000000000000e+00
120011
-1.18025863409552e-02 -8.30983220921017e-01 1.25000000000000e-02
9.51090146317162e-01 -3.08913472639830e-01 0.00000000000000e+00 3.08913472639830e-01 9.51090146317162e-01 0.00000000000000e+00 0.00000000000000e+00 0.00000000000000e+00 1.00000000000000e+00
120012
1.93859449961477e+00 -1.96618471104991e-01 1.25000000000000e-02
9.51014022114986e-01 -3.09147747429409e-01 0.00000000000000e+00 3.09147747429409e-01 9.51014022114986e-01 0.00000000000000e+00 0.00000000000000e+00 0.00000000000000e+00 1.00000000000000e+00
1201-1-1
-6.96736575294911e+00 -2.26383436746755e+00 3.02500000000000e+01
-9.51056516295154e-01 -3.09016994374947e-01 -3.78436673043414e-17 -3.09016994374947e-01 9.51056516295154e-01 1.16470831848909e-16 0.00000000000000e+00 1.22464679914735e-16 -1.00000000000000e+00
120100
-2.54741922516999e+00 5.00687610929912e-01 1.25000000000000e-02
9.51121744104845e-01 -3.08816171679785e-01 0.00000000000000e+00 3.08816171679785e-01 9.51121744104845e-01 0.00000000000000e+00 0.00000000000000e+00 0.00000000000000e+00 1.00000000000000e+00
120101
-6.44427399910051e-01 1.12048293043828e+00 1.25000000000000e-02
9.50952412128020e-01 -3.09337210609877e-01 0.00000000000000e+00 3.09337210609877e-01 9.50952412128020e-01 0.00000000000000e+00 0.00000000000000e+00 0.00000000000000e+00 1.00000000000000e+00
120102
1.30387927706602e+00 1.75134838234693e+00 1.25000000000000e-02
9.51131339055509e-01 -3.08786618664854e-01 0.00000000000000e+00 3.08786618664854e-01 9.51131339055509e-01 0.00000000000000e+00 0.00000000000000e+00 0.00000000000000e+00 1.00000000000000e+00
120111
-1.26483863815978e-02 -8.31422579062281e-01 1.25000000000000e-02
9.51010986227715e-01 -3.09157086404613e-01 0.00000000000000e+00 3.09157086404613e-01 9.51010986227715e-01 0.00000000000000e+00 0.00000000000000e+00 0.00000000000000e+00 1.00000000000000e+00
120112
1.93738109361576e+00 -1.98489170575430e-01 1.25000000000000e-02
9.51124100081371e-01 -3.08808915422469e-01 0.00000000000000e+00 3.08808915422469e-01 9.51124100081371e-01 0.00000000000000e+00 0.00000000000000e+00 0.00000000000000e+00 1.00000000000000e+00
1210-1-1
-4.30606884484531e+00 -5.92679531299571e+00 2.97500000000000e+01
-5.87785252292473e-01 8.09016994374947e-01 0.00000000000000e+00 -8.09016994374947e-01 -5.87785252292473e-01 0.00000000000000e+00 -0.00000000000000e+00 0.00000000000000e+00 1.00000000000000e+00
121000
-2.54700354995005e+00 5.02049604458950e-01 1.25000000000000e-02
9.51016711889949e-01 -3.09139472901844e-01 0.00000000000000e+00 3.09139472901844e-01 9.51016711889949e-01 0.00000000000000e+00 0.00000000000000e+00 0.00000000000000e+00 1.00000000000000e+00
121001
-6.43949768517251e-01 1.12123834443973e+00 1.25000000000000e-02
9.51012327170998e-01 -3.09152961442717e-01 0.00000000000000e+00 3.09152961442717e-01 9.51012327170998e-01 0.00000000000000e+00 0.00000000000000e+00 0.00000000000000e+00 1.00000000000000e+00
121002
1.30359885231183e+00 1.75254306790420e+00 1.25000000000000e-02
9.51115487581107e-01 -3.08835440458756e-01 0.00000000000000e+00 3.08835440458756e-01 9.51115487581107e-01 0.00000000000000e+00 0.00000000000000e+00 0.00000000000000e+00 1.00000000000000e+00
121011
-1.08867737972922e-02 -8.28420399869171e-01 1.25000000000000e-02
9.51049753422003e-01 -3.09037807583388e-01 0.00000000000000e+00 3.09037807583388e-01 9.51049753422003e-01 0.00000000000000e+00 0.00000000000000e+00 0.00000000000000e+00 1.00000000000000e+00
121012
1.93649820812785e+00 -1.96695375591414e-01 1.25000000000000e-02
9.51132928468233e-01 -3.08781722877897e-01 0.00000000000000e+00 3.08781722877897e-01 9.51132928468233e-01 0.00000000000000e+00 0.00000000000000e+00 0.00000000000000e+00 1.00000000000000e+00
1211-1-1
-4.30606884484531e+00 -5.92679531299571e+00 2.97500000000000e+01
-5.87785252292473e-01 -8.09016994374947e-01 -9.90760072617091e-17 -8.09016994374947e-01 5.87785252292473e-01 7.19829327805997e-17 0.00000000000000e+00 1.22464679914735e-16 -1.00000000000000e+00
121100
-2.54744119843365e+00 5.00409938647350e-01 1.25000000000000e-02
9.51075113352952e-01 -3.08959752655051e-01 0.00000000000000e+00 3.08959752655051e-01 9.51075113352952e-01 0.00000000000000e+00 0.00000000000000e+00 0.00000000000000e+00 1.00000000000000e+00
121101
-6.45802705452344e-01 1.11860654940713e+00 1.25000000000000e-02
9.50989871057020e-01 -3.09222032117624e-01 0.00000000000000e+00 3.09222032117624e-01 9.50989871057020e-01 0.00000000000000e+00 0.00000000000000e+00 0.00000000000000e+00 1.00000000000000e+00
121102
1.30485905032681e+00 1.75408919271119e+00 1.25000000000000e-02
9.50987384362678e-01 -3.09229679660656e-01 0.00000000000000e+00 3.09229679660656e-01 9.50987384362678e-01 0.00000000000000e+00 0.00000000000000e+00 0.00000000000000e+00 1.00000000000000e+00
121111
-1.12580725977476e-02 -8.30264477818307e-01 1.25000000000000e-02
9.51163305126981e-01 -3.08688138709472e-01 0.00000000000000e+00 3.08688138709472e-01 9.51163305126981e-01 0.00000000000000e+00 0.00000000000000e+00 0.00000000000000e+00 1.00000000000000e+00
121112
1.93811843539414e+00 -1.95460010145200e-01 1.25000000000000e-02
9.51050638134939e-01 -3.09035084906432e-01 0.00000000000000e+00 3.09035084906432e-01 9.51050638134939e-01 0.00000000000000e+00 0.00000000000000e+00 0.00000000000000e+00 1.00000000000000e+00
1220-1-1
4.50771509171656e-09 -7.32592189275148e+00 3.02500000000000e+01
-1.83697019872103e-16 1.00000000000000e+00 0.00000000000000e+00 -1.00000000000000e+00 -1.83697019872103e-16 0.00000000000000e+00 -0.00000000000000e+00 0.00000000000000e+00 1.00000000000000e+00
122000
-2.54638193270368e+00 5.01222403036991e-01 1.25000000000000e-02
9.51140239278079e-01 -3.08759202658057e-01 0.00000000000000e+00 3.08759202658057e-01 9.51140239278079e-01 0.00000000000000e+00 0.00000000000000e+00 0.00000000000000e+00 1.00000000000000e+00
122001
-6.44717618266432e-01 1.11663274623445e+00 1.25000000000000e-02
9.51153246854353e-01 -3.08719129628246e-01 0.00000000000000e+00 3.08719129628246e-01 9.51153246854353e-01 0.00000000000000e+00 0.00000000000000e+00 0.00000000000000e+00 1.00000000000000e+00
122002
1.30579207493251e+00 1.74892142451714e+00 1.25000000000000e-02
9.51234425080278e-01 -3.08468910171176e-01 0.00000000000000e+00 3.08468910171176e-01 9.51234425080278e-01 0.00000000000000e+00 0.00000000000000e+00 0.00000000000000e+00 1.00000000000000e+00
122011
-1.08164600183023e-02 -8.29877890044138e-01 1.25000000000000e-02
9.51033283922792e-01 -3.09088487121454e-01 0.00000000000000e+00 3.09088487121454e-01 9.51033283922792e-01 0.00000000000000e+00 0.00000000000000e+00 0.00000000000000e+00 1.00000000000000e+00
122012
1.93634815358780e+00 -1.97741075812263e-01 1.25000000000000e-02
9.51060041234354e-01 -3.09006145517059e-01 0.00000000000000e+00 3.09006145517059e-01 9.51060041234354e-01 0.00000000000000e+00 0.00000000000000e+00 0.00000000000000e+00 1.00000000000000e+00
1221-1-1
4.50771509171656e-09 -7.32592189275148e+00 3.02500000000000e+01
-1.83697019872103e-16 -1.00000000000000e+00 -1.22464679914735e-16 -1.00000000000000e+00 1.83697019872103e-16 2.24963967399279e-32 0.00000000000000e+00 1.22464679914735e-16 -1.00000000000000e+00
122100
-2.54803073184107e+00 5.00424213676695e-01 1.25000000000000e-02
9.51101698075136e-01 -3.08877904549018e-01 0.00000000000000e+00 3.08877904549018e-01 9.51101698075136e-01 0.00000000000000e+00 0.00000000000000e+00 0.00000000000000e+00 1.00000000000000e+00
122101
-6.45693902094164e-01 1.11771577614928e+00 1.25000000000000e-02
9.51158408290219e-01 -3.08703226965345e-01 0.00000000000000e+00 3.08703226965345e-01 9.51158408290219e-01 0.00000000000000e+00 0.00000000000000e+00 0.00000000000000e+00 1.00000000000000e+00
122102
1.30519379860782e+00 1.75133592911685e+00 1.25000000000000e-02
9.51065389657735e-01 -3.08989683638761e-01 0.00000000000000e+00 3.08989683638761e-01 9.51065389657735e-01 0.00000000000000e+00 0.00000000000000e+00 0.00000000000000e+00 1.00000000000000e+00
122111
-1.07705629027977e-02 -8.28151763463288e-01 1.25000000000000e-02
9.50916441548887e-01 -3.09447768116046e-01 0.00000000000000e+00 3.09447768116046e-01 9.50916441548887e-01 0.00000000000000e+00 0.00000000000000e+00 0.00000000000000e+00 1.00000000000000e+00
122112
1.93865732300112e+00 -1.94080307993704e-01 1.25000000000000e-02
9.50966681907330e-01 -3.09293339569677e-01 0.00000000000000e+00 3.09293339569677e-01 9.50966681907330e-01 0.00000000000000e+00 0.00000000000000e+00 0.00000000000000e+00 1.00000000000000e+00
1230-1-1
4.30606885213894e+00 -5.92679530769658e+00 2.97500000000000e+01
5.87785252292473e-01 8.09016994374948e-01 0.00000000000000e+00 -8.09016994374948e-01 5.87785252292473e-01 0.00000000000000e+00 0.00000000000000e+00 0.00000000000000e+00 1.00000000000000e+00
123000
-2.54661749731657e+00 5.01622599317200e-01 1.25000000000000e-02
9.51140651559555e-01 -3.08757932612047e-01 0.00000000000000e+00 3.08757932612047e-01 9.51140651559555e-01 0.00000000000000e+00 0.00000000000000e+00 0.00000000000000e+00 1.00000000000000e+00
123001
-6.43570694699998e-01 1.11902905376273e+00 1.25000000000000e-02
9.51041136996003e-01 -3.09064322983664e-01 0.00000000000000e+00 3.09064322983664e-01 9.51041136996003e-01 0.00000000000000e+00 0.00000000000000e+00 0.00000000000000e+00 1.00000000000000e+00
123002
1.30509181100771e+00 1.75315218517492e+00 1.25000000000000e-02
9.51016102954661e-01 -3.09141346184767e-01 0.00000000000000e+00 3.09141346184767e-01 9.51016102954661e-01 0.00000000000000e+00 0.00000000000000e+00 0.00000000000000e+00 1.00000000000000e+00
123011
-1.12381141267273e-02 -8.28975643949110e-01 1.25000000000000e-02
9.51069412366032e-01 -3.08977301531570e-01 0.00000000000000e+00 3.08977301531570e-01 9.51069412366032e-01 0.00000000000000e+00 0.00000000000000e+00 0.00000000000000e+00 1.00000000000000e+00
123012
1.93919703921121e+00 -2.00046005689623e-01 1.25000000000000e-02
9.51107574078822e-01 -3.08859810480253e-01 0.00000000000000e+00 3.08859810480253e-01 9.51107574078822e-01 0.00000000000000e+00 0.00000000000000e+00 0.00000000000000e+00 1.00000000000000e+00
1231-1-1
4.30606885213894e+00 -5.92679530769658e+00 2.97500000000000e+01
5.87785252292473e-01 -8.09016994374948e-01 -9.90760072617092e-17 -8.09016994374948e-01 -5.87785252292473e-01 -7.19829327805996e-17 0.00000000000000e+00 1.22464679914735e-16 -1.00000000000000e+00
123100
-2.54552347614490e+00 5.00894938666277e-01 1.25000000000000e-02
9.50991495249296e-01 -3.09217036987791e-01 0.00000000000000e+00 3.09217036987791e-01 9.50991495249296e-01 0.00000000000000e+00 0.00000000000000e+00 0.00000000000000e+00 1.00000000000000e+00
123101
-6.44466349792401e-01 1.11883331337341e+00 1.25000000000000e-02
9.51060665525675e-01 -3.09004224064753e-01 0.00000000000000e+00 3.09004224064753e-01 9.51060665525675e-01 0.00000000000000e+00 0.00000000000000e+00 0.00000000000000e+00 1.00000000000000e+00
123102
1.30414987224611e+00 1.75440253598614e+00 1.25000000000000e-02
9.50940354956913e-01 -3.09374273840634e-01 0.00000000000000e+00 3.09374273840634e-01 9.50940354956913e-01 0.00000000000000e+00 0.00000000000000e+00 0.00000000000000e+00 1.00000000000000e+00
123111
-1.00163356953722e-02 -8.28129281807151e-01 1.25000000000000e-02
9.50912711870023e-01 -3.09459228985014e-01 0.00000000000000e+00 3.09459228985014e-01 9.50912711870023e-01 0.00000000000000e+00 0.00000000000000e+00 0.00000000000000e+00 1.00000000000000e+00
123112
1.93762631448549e+00 -1.97447015934560e-01 1.25000000000000e-02
9.51100538342919e-01 -3.08881475591868e-01 0.00000000000000e+00 3.08881475591868e-01 9.51100538342919e-01 0.00000000000000e+00 0.00000000000000e+00 0.00000000000000e+00 1.00000000000000e+00
1240-1-1
6.96736575573503e+00 -2.26383435889338e+00 3.02500000000000e+01
9.51056516295153e-01 3.09016994374949e-01 0.00000000000000e+00 -3.09016994374949e-01 9.51056516295153e-01 0.00000000000000e+00 0.00000000000000e+00 0.00000000000000e+00 1.00000000000000e+00
124000
-2.54656546267041e+00 5.01626703545507e-01 1.25000000000000e-02
9.51026371930319e-01 -3.09109753797989e-01 0.00000000000000e+00 3.09109753797989e-01 9.51026371930319e-01 0.00000000000000e+00 0.00000000000000e+00 0.00000000000000e+00 1.00000000000000e+00
124001
-6.43486874911571e-01 1.11831213322061e+00 1.25000000000000e-02
9.51066604082286e-01 -3.08985945634081e-01 0.00000000000000e+00 3.08985945634081e-01 9.51066604082286e-01 0.00000000000000e+00 0.00000000000000e+00 0.00000000000000e+00 1.00000000000000e+00
124002
1.30574571685600e+00 1.75154958031621e+00 1.25000000000000e-02
9.51125274689292e-01 -3.08805297634641e-01 0.00000000000000e+00 3.08805297634641e-01 9.51125274689292e-01 0.00000000000000e+00 0.00000000000000e+00 0.00000000000000e+00 1.00000000000000e+00
124011
-1.37081432184605e-02 -8.30278281707445e-01 1.25000000000000e-02
9.51208930420365e-01 -3.08547517715740e-01 0.00000000000000e+00 3.08547517715740e-01 9.51208930420365e-01 0.00000000000000e+00 0.00000000000000e+00 0.00000000000000e+00 1.00000000000000e+00
124012
1.93978276037212e+00 -1.94051890439694e-01 1.25000000000000e-02
9.50967497885898e-01 -3.09290830715420e-01 0.00000000000000e+00 3.09290830715420e-01 9.50967497885898e-01 0.00000000000000e+00 0.00000000000000e+00 0.00000000000000e+00 1.00000000000000e+00
1241-1-1
6.96736575573503e+00 -2.26383435889338e+00 3.02500000000000e+01
9.51056516295153e-01 -3.09016994374949e-01 -3.78436673043416e-17 -3.09016994374949e-01 -9.51056516295153e-01 -1.16470831848909e-16 0.00000000000000e+00 1.22464679914735e-16 -1.00000000000000e+00
124100
-2.54720767342623e+00 5.00925876358387e-01 1.25000000000000e-02
9.51008343571600e-01 -3.09165215470955e-01 0.00000000000000e+00 3.09165215470955e-01 9.51008343571600e-01 0.00000000000000e+00 0.00000000000000e+00 0.00000000000000e+00 1.00000000000000e+00
124101
-6.46613289634439e-01 1.11992401578397e+00 1.25000000000000e-02
9.51093865302864e-01 -3.08902022303605e-01 0.00000000000000e+00 3.08902022303605e-01 9.51093865302864e-01 0.00000000000000e+00 0.00000000000000e+00 0.00000000000000e+00 1.00000000000000e+00
124102
1.30331919490944e+00 1.75534544542193e+00 1.25000000000000e-02
9.50954002429375e-01 -3.09332321724634e-01 0.00000000000000e+00 3.09332321724634e-01 9.50954002429375e-01 0.00000000000000e+00 0.00000000000000e+00 0.00000000000000e+00 1.00000000000000e+00
124111
-9.30139528041574e-03 -8.31011827411981e-01 1.25000000000000e-02
9.51080041076668e-01 -3.08944583162748e-01 0.00000000000000e+00 3.08944583162748e-01 9.51080041076668e-01 0.00000000000000e+00 0.00000000000000e+00 0.00000000000000e+00 1.00000000000000e+00
124112
1.93952173081526e+00 -1.96649789059523e-01 1.25000000000000e-02
9.51002922413507e-01 -3.09181890739042e-01 0.00000000000000e+00 3.09181890739042e-01 9.51002922413507e-01 0.00000000000000e+00 0.00000000000000e+00 0.00000000000000e+00 1.00000000000000e+00
1300-1-1
-6.96736575294911e+00 -2.26383436746755e+00 4.02500000000000e+01
-9.51056516295154e-01 3.09016994374947e-01 0.00000000000000e+00 -3.09016994374947e-01 -9.51056516295154e-01 0.00000000000000e+00 -0.00000000000000e+00 0.00000000000000e+00 1.00000000000000e+00
130000
-2.54649096073843e+00 5.00342913224944e-01 1.25000000000000e-02
9.51110767946771e-01 -3.08849975061846e-01 0.00000000000000e+00 3.08849975061846e-01 9.51110767946771e-01 0.00000000000000e+00 0.00000000000000e+00 0.00000000000000e+00 1.00000000000000e+00
130001
-6.45574113571892e-01 1.11925401670400e+00 1.25000000000000e-02
9.51069679554711e-01 -3.08976479091368e-01 0.00000000000000e+00 3.08976479091368e-01 9.51069679554711e-01 0.00000000000000e+00 0.00000000000000e+00 0.00000000000000e+00 1.00000000000000e+00
130002
1.30566000920417e+00 1.75196472122713e+00 1.25000000000000e-02
9.51076985199351e-01 -3.08953990464783e-01 0.00000000000000e+00 3.08953990464783e-01 9.51076985199351e-01 0.00000000000000e+00 0.00000000000000e+00 0.00000000000000e+00 1.00000000000000e+00
130011
-1.03966459252756e-02 -8.30651057165510e-01 1.25000000000000e-02
9.51076044923221e-01 -3.08956884974592e-01 0.00000000000000e+00 3.08956884974592e-01 9.51076044923221e-01 0.00000000000000e+00 0.00000000000000e+00 0.00000000000000e+00 1.00000000000000e+00
130012
1.93678406001473e+00 -1.96268669289144e-01 1.25000000000000e-02
9.50965086492388e-01 -3.09298244858462e-01 0.00000000000000e+00 3.09298244858462e-01 9.50965086492388e-01 0.00000000000000e+00 0.00000000000000e+00 0.00000000000000e+00 1.00000000000000e+00
1301-1-1
-6.96736575294911e+00 -2.26383436746755e+00 4.02500000000000e+01
-9.51056516295154e-01 -3.09016994374947e-01 -3.78436673043414e-17 -3.09016994374947e-01 9.51056516295154e-01 1.16470831848909e-16 0.00000000000000e+00 1.22464679914735e-16 -1.00000000000000e+00
130100
-2.54662048208877e+00 5.00380610234400e-01 1.25000000000000e-02
9.51049709196329e-01 -3.09037943685849e-01 0.00000000000000e+00 3.09037943685849e-01 9.51049709196329e-01 0.00000000000000e+00 0.00000000000000e+00 0.00000000000000e+00 1.00000000000000e+00
130101
-6.45490574384425e-01 1.11955257850206e+00 1.25000000000000e-02
9.51073867526733e-01 -3.08963587672952e-01 0.00000000000000e+00 3.08963587672952e-01 9.51073867526733e-01 0.00000000000000e+00 0.00000000000000e+00 0.00000000000000e+00 1.00000000000000e+00
130102
1.30400765993231e+00 1.75411240826212e+00 1.25000000000000e-02
9.51082078211791e-01 -3.08938311810530e-01 0.00000000000000e+00 3.08938311810530e-01 9.51082078211791e-01 0.00000000000000e+00 0.00000000000000e+00 0.00000000000000e+00 1.00000000000000e+00
130111
-1.21070146241165e-02 -8.30785274801688e-01 1.25000000000000e-02
9.51093297124773e-01 -3.08903771690033e-01 0.00000000000000e+00 3.08903771690033e-01 9.51093297124773e-01 0.00000000000000e+00 0.00000000000000e+00 0.00000000000000e+00 1.00000000000000e+00
130112
1.93748776316325e+00 -1.96159069794188e-01 1.25000000000000e-02
9.51019216789569e-01 -3.09131766884212e-01 0.00000000000000e+00 3.09131766884212e-01 9.51019216789569e-01 0.00000000000000e+00 0.00000000000000e+00 0.00000000000000e+00 1.00000000000000e+00
1310-1-1
-4.30606884484531e+00 -5.92679531299571e+00 3.97500000000000e+01
-5.87785252292473e-01 8.09016994374947e-01 0.00000000000000e+00 -8.09016994374947e-01 -5.87785252292473e-01 0.00000000000000e+00 -0.00000000000000e+00 0.00000000000000e+00 1.00000000000000e+00
131000
-2.54692685204192e+00 5.01813024725483e-01 1.25000000000000e-02
9.51047778229412e-01 -3.09043886082380e-01 0.00000000000000e+00 3.09043886082380e-01 9.51047778229412e-01 0.00000000000000e+00 0.00000000000000e+00 0.00000000000000e+00 1.00000000000000e+00
131001
-6.47460490408310e-01 1.11904999396049e+00 1.25000000000000e-02
9.51059837423574e-01 -3.09006772805783e-01 0.00000000000000e+00 3.09006772805783e-01 9.51059837423574e-01 0.00000000000000e+00 0.00000000000000e+00 0.00000000000000e+00 1.00000000000000e+00
131002
1.30494312827135e+00 1.75338958160285e+00 1.25000000000000e-02
9.51079891769167e-01 -3.08945042802680e-01 0.00000000000000e+00 3.08945042802680e-01 9.51079891769167e-01 0.00000000000000e+00 0.00000000000000e+00 0.00000000000000e+00 1.00000000000000e+00
131011
-1.04368562385213e-02 -8.30591276154989e-01 1.25000000000000e-02
9.50965644083093e-01 -3.09296530490769e-01 0.00000000000000e+00 3.09296530490769e-01 9.50965644083093e-01 0.00000000000000e+00 0.00000000000000e+00 0.00000000000000e+00 1.00000000000000e+00
131012
1.93814208424411e+00 -1.96516107221342e-01 1.25000000000000e-02
9.51131509474304e-01 -3.08786093736637e-01 0.00000000000000e+00 3.08786093736637e-01 9.51131509474304e-01 0.00000000000000e+00 0.00000000000000e+00 0.00000000000000e+00 1.00000000000000e+00
1311-1-1
-4.30606884484531e+00 -5.92679531299571e+00 3.97500000000000e+01
-5.87785252292473e-01 -8.09016994374947e-01 -9.90760072617091e-17 -8.09016994374947e-01 5.87785252292473e-01 7.19829327805997e-17 0.00000000000000e+00 1.22464679914735e-16 -1.00000000000000e+00
131100
-2.54584862762745e+00 5.00281881919526e-01 1.25000000000000e-02
9.50958562553076e-01 -3.09318302573558e-01 0.00000000000000e+00 3.09318302573558e-01 9.50958562553076e-01 0.00000000000000e+00 0.00000000000000e+00 0.00000000000000e+00 1.00000000000000e+00
131101
-6.44844244961109e-01 1.11871474594000e+00 1.25000000000000e-02
9.51046722578111e-01 -3.09047134711573e-01 0.00000000000000e+00 3.09047134711573e-01 9.51046722578111e-01 0.00000000000000e+00 0.00000000000000e+00 0.00000000000000e+00 1.00000000000000e+00
131102
1.30310374685332e+00 1.75213459160581e+00 1.25000000000000e-02
9.50970301382272e-01 -3.09282210754047e-01 0.00000000000000e+00 3.09282210754047e-01 9.50970301382272e-01 0.00000000000000e+00 0.00000000000000e+00 0.00000000000000e+00 1.00000000000000e+00
131111
-1.34085615614841e-02 -8.30347261761111e-01 1.25000000000000e-02
9.51102933088707e-01 -3.08874101649943e-01 0.00000000000000e+00 3.08874101649943e-01 9.51102933088707e-01 0.00000000000000e+00 0.00000000000000e+00 0.00000000000000e+00 1.00000000000000e+00
131112
1.93848866988084e+00 -2.01864998330681e-01 1.25000000000000e-02
9.51160467957836e-01 -3.08696880765306e-01 0.00000000000000e+00 3.08696880765306e-01 9.51160467957836e-01 0.00000000000000e+00 0.00000000000000e+00 0.00000000000000e+00 1.00000000000000e+00
1320-1-1
4.50771509171656e-09 -7.32592189275148e+00 4.02500000000000e+01
-1.83697019872103e-16 1.00000000000000e+00 0.00000000000000e+00 -1.00000000000000e+00 -1.83697019872103e-16 0.00000000000000e+00 -0.00000000000000e+00 0.00000000000000e+00 1.00000000000000e+00
132000
-2.54649468319809e+00 5.03188886831950e-01 1.25000000000000e-02
9.50982268172616e-01 -3.09245413258251e-01 0.00000000000000e+00 3.09245413258251e-01 9.50982268172616e-01 0.00000000000000e+00 0.00000000000000e+00 0.00000000000000e+00 1.00000000000000e+00
132001
-6.44632674693781e-01 1.11966061572817e+00 1.25000000000000e-02
9.51003527075695e-01 -3.09180030871315e-01 0.00000000000000e+00 3.09180030871315e-01 9.51003527075695e-01 0.00000000000000e+00 0.00000000000000e+00 0.00000000000000e+00 1.00000000000000e+00
132002
1.30484086789712e+00 1.75503133095609e+00 1.25000000000000e-02
9.50916034690783e-01 -3.09449018366446e-01 0.00000000000000e+00 3.09449018366446e-01 9.50916034690783e-01 0.00000000000000e+00 0.00000000000000e+00 0.00000000000000e+00 1.00000000000000e+00
132011
-1.18607158825297e-02 -8.29798362078823e-01 1.25000000000000e-02
9.51046797792425e-01 -3.09046903250580e-01 0.00000000000000e+00 3.09046903250580e-01 9.51046797792425e-01 0.00000000000000e+00 0.00000000000000e+00 0.00000000000000e+00 1.00000000000000e+00
132012
1.93771642719893e+00 -1.96934614854116e-01 1.25000000000000e-02
9.51112635759412e-01 -3.08844223029645e-01 0.00000000000000e+00 3.08844223029645e-01 9.51112635759412e-01 0.00000000000000e+00 0.00000000000000e+00 0.00000000000000e+00 1.00000000000000e+00
1321-1-1
4.50771509171656e-09 -7.32592189275148e+00 4.02500000000000e+01
-1.83697019872103e-16 -1.00000000000000e+00 -1.22464679914735e-16 -1.00000000000000e+00 1.83697019872103e-16 2.24963967399279e-32 0.00000000000000e+00 1.22464679914735e-16 -1.00000000000000e+00
132100
-2.54720500962865e+00 5.01625978640145e-01 1.25000000000000e-02
9.51070280005689e-01 -3.08974630819263e-01 0.00000000000000e+00 3.08974630819263e-01 9.51070280005689e-01 0.00000000000000e+00 0.00000000000000e+00 0.00000000000000e+00 1.00000000000000e+00
132101
-6.45362077145500e-01 1.11874754742718e+00 1.25000000000000e-02
9.51031405737089e-01 -3.09094266044739e-01 0.00000000000000e+00 3.09094266044739e-01 9.51031405737089e-01 0.00000000000000e+00 0.00000000000000e+00 0.00000000000000e+00 1.00000000000000e+00
132102
1.30447122339798e+00 1.75361826716743e+00 1.25000000000000e-02
9.51009704360277e-01 -3.09161029582607e-01 0.00000000000000e+00 3.09161029582607e-01 9.51009704360277e-01 0.00000000000000e+00 0.00000000000000e+00 0.00000000000000e+00 1.00000000000000e+00
132111
-1.13755532536444e-02 -8.29591324263544e-01 1.25000000000000e-02
9.50980853977233e-01 -3.09249762115888e-01 0.00000000000000e+00 3.09249762115888e-01 9.50980853977233e-01 0.00000000000000e+00 0.00000000000000e+00 0.00000000000000e+00 1.00000000000000e+00
132112
1.93900650548410e+00 -1.95989963454404e-01 1.25000000000000e-02
9.50979199120237e-01 -3.09254850957318e-01 0.00000000000000e+00 3.09254850957318e-01 9.50979199120237e-01 0.00000000000000e+00 0.00000000000000e+00 0.00000000000000e+00 1.00000000000000e+00
1330-1-1
4.30606885213894e+00 -5.92679530769658e+00 3.97500000000000e+01
5.87785252292473e-01 8.09016994374948e-01 0.00000000000000e+00 -8.09016994374948e-01 5.87785252292473e-01 0.00000000000000e+00 0.00000000000000e+00 0.00000000000000e+00 1.00000000000000e+00
133000
-2.54756795978520e+00 5.01379977431992e-01 1.25000000000000e-02
9.51041749693018e-01 -3.09062437609042e-01 0.00000000000000e+00 3.09062437609042e-01 9.51041749693018e-01 0.00000000000000e+00 0.00000000000000e+00 0.00000000000000e+00 1.00000000000000e+00
133001
-6.45048211555774e-01 1.11812415393511e+00 1.25000000000000e-02
9.51073794457642e-01 -3.08963812599378e-01 0.00000000000000e+00 3.08963812599378e-01 9.51073794457642e-01 0.00000000000000e+00 0.00000000000000e+00 0.00000000000000e+00 1.00000000000000e+00
133002
1.30471067862937e+00 1.75382826656749e+00 1.25000000000000e-02
9.51078250007396e-01 -3.08950096881144e-01 0.00000000000000e+00 3.08950096881144e-01 9.51078250007396e-01 0.00000000000000e+00 0.00000000000000e+00 0.00000000000000e+00 1.00000000000000e+00
133011
-1.17694740040917e-02 -8.30228833476188e-01 1.25000000000000e-02
9.51100028771087e-01 -3.08883044649001e-01 0.00000000000000e+00 3.08883044649001e-01 9.51100028771087e-01 0.00000000000000e+00 0.00000000000000e+00 0.00000000000000e+00 1.00000000000000e+00
133012
1.93882642750366e+00 -1.93722544742048e-01 1.25000000000000e-02
9.50877009807237e-01 -3.09568913523383e-01 0.00000000000000e+00 3.09568913523383e-01 9.50877009807237e-01 0.00000000000000e+00 0.00000000000000e+00 0.00000000000000e+00 1.00000000000000e+00
1331-1-1
4.30606885213894e+00 -5.92679530769658e+00 3.97500000000000e+01
5.87785252292473e-01 -8.09016994374948e-01 -9.90760072617092e-17 -8.09016994374948e-01 -5.87785252292473e-01 -7.19829327805996e-17 0.00000000000000e+00 1.22464679914735e-16 -1.00000000000000e+00
133100
-2.54669949215100e+00 5.00814828388818e-01 1.25000000000000e-02
9.50990101118105e-01 -3.09221324580593e-01 0.00000000000000e+00 3.09221324580593e-01 9.50990101118105e-01 0.00000000000000e+00 0.00000000000000e+00 0.00000000000000e+00 1.00000000000000e+00
133101
-6.44628993375054e-01 1.11966631206767e+00 1.25000000000000e-02
9.51130039959491e-01 -3.08790620140343e-01 0.00000000000000e+00 3.08790620140343e-01 9.51130039959491e-01 0.00000000000000e+00 0.00000000000000e+00 0.00000000000000e+00 1.00000000000000e+00
133102
1.30455476632864e+00 1.74885600373149e+00 1.25000000000000e-02
9.51183623679071e-01 -3.08625523968372e-01 0.00000000000000e+00 3.08625523968372e-01 9.51183623679071e-01 0.00000000000000e+00 0.00000000000000e+00 0.00000000000000e+00 1.00000000000000e+00
133111
-1.06377632461725e-02 -8.29541178406333e-01 1.25000000000000e-02
9.50982522356114e-01 -3.09244631599649e-01 0.00000000000000e+00 3.09244631599649e-01 9.50982522356114e-01 0.00000000000000e+00 0.00000000000000e+00 0.00000000000000e+00 1.00000000000000e+00
133112
1.93656523147196e+00 -1.98316145685938e-01 1.25000000000000e-02
9.51092897179106e-01 -3.08905003092299e-01 0.00000000000000e+00 3.08905003092299e-01 9.51092897179106e-01 0.00000000000000e+00 0.00000000000000e+00 0.00000000000000e+00 1.00000000000000e+00
1340-1-1
6.96736575573503e+00 -2.26383435889338e+00 4.02500000000000e+01
9.51056516295153e-01 3.09016994374949e-01 0.00000000000000e+00 -3.09016994374949e-01 9.51056516295153e-01 0.00000000000000e+00 0.00000000000000e+00 0.00000000000000e+00 1.00000000000000e+00
134000
-2.54756734746483e+00 5.02312559519100e-01 1.25000000000000e-02
9.51110209538072e-01 -3.08851694689286e-01 0.00000000000000e+00 3.08851694689286e-01 9.51110209538072e-01 0.00000000000000e+00 0.00000000000000e+00 0.00000000000000e+00 1.00000000000000e+00
134001
-6.43138177946699e-01 1.12084985511591e+00 1.25000000000000e-02
9.51028103959015e-01 -3.09104424879555e-01 0.00000000000000e+00 3.09104424879555e-01 9.51028103959015e-01 0.00000000000000e+00 0.00000000000000e+00 0.00000000000000e+00 1.00000000000000e+00
134002
1.30467479429654e+00 1.75404735435374e+00 1.25000000000000e-02
9.51018842693606e-01 -3.09132917758225e-01 0.00000000000000e+00 3.09132917758225e-01 9.51018842693606e-01 0.00000000000000e+00 0.00000000000000e+00 0.00000000000000e+00 1.00000000000000e+00
134011
-1.32791762992737e-02 -8.29757610958481e-01 1.25000000000000e-02
9.51088405593303e-01 -3.08918831970451e-01 0.00000000000000e+00 3.08918831970451e-01 9.51088405593303e-01 0.00000000000000e+00 0.00000000000000e+00 0.00000000000000e+00 1.00000000000000e+00
134012
1.93878195165071e+00 -1.96438057229484e-01 1.25000000000000e-02
9.51019007879634e-01 -3.09132409578220e-01 0.00000000000000e+00 3.09132409578220e-01 9.51019007879634e-01 0.00000000000000e+00 0.00000000000000e+00 0.00000000000000e+00 1.00000000000000e+00
1341-1-1
6.96736575573503e+00 -2.26383435889338e+00 4.02500000000000e+01
9.51056516295153e-01 -3.09016994374949e-01 -3.78436673043416e-17 -3.09016994374949e-01 -9.51056516295153e-01 -1.16470831848909e-16 0.00000000000000e+00 1.22464679914735e-16 -1.00000000000000e+00
134100
-2.54670716491318e+00 5.01860384354842e-01 1.25000000000000e-02
9.50972403355540e-01 -3.09275747604284e-01 0.00000000000000e+00 3.09275747604284e-01 9.50972403355540e-01 0.00000000000000e+00 0.00000000000000e+00 0.00000000000000e+00 1.00000000000000e+00
134101
-6.43647957938163e-01 1.11961267109674e+00 1.25000000000000e-02
9.51074907952360e-01 -3.08960384941840e-01 0.00000000000000e+00 3.08960384941840e-01 9.51074907952360e-01 0.00000000000000e+00 0.00000000000000e+00 0.00000000000000e+00 1.00000000000000e+00
134102
1.30535983692507e+00 1.75565039179887e+00 1.25000000000000e-02
9.50911064956615e-01 -3.09464289608796e-01 0.00000000000000e+00 3.09464289608796e-01 9.50911064956615e-01 0.00000000000000e+00 0.00000000000000e+00 0.00000000000000e+00 1.00000000000000e+00
134111
-9.11629174629480e-03 -8.29546020018313e-01 1.25000000000000e-02
9.50969817769648e-01 -3.09283697745552e-01 0.00000000000000e+00 3.09283697745552e-01 9.50969817769648e-01 0.00000000000000e+00 0.00000000000000e+00 0.00000000000000e+00 1.00000000000000e+00
134112
1.93848452538090e+00 -1.95394021153814e-01 1.25000000000000e-02
9.51004054510356e-01 -3.09178408536017e-01 0.00000000000000e+00 3.09178408536017e-01 9.51004054510356e-01 0.00000000000000e+00 0.00000000000000e+00 0.00000000000000e+00 1.00000000000000e+00
