version 3
-1-1-1-1-1-1
2.59748757634417e+01 0.00000000000000e+00 1.12404072790359e+03
9.99200106661187e-01 0.00000000000000e+00 3.99893341814154e-02 0.00000000000000e+00 1.00000000000000e+00 0.00000000000000e+00 -3.99893341814154e-02 0.00000000000000e+00 9.99200106661187e-01
0000-1-1
6.96736575387775e+00 2.26383436460949e+00 -2.50000000000000e-01
9.51056516295154e-01 -3.09016994374947e-01 0.00000000000000e+00 3.09016994374947e-01 9.51056516295154e-01 -0.00000000000000e+00 0.00000000000000e+00 0.00000000000000e+00 1.00000000000000e+00
000000
-2.54032422413772e+00 4.99324889143500e-01 1.25000000000000e-02
9.51094667014892e-01 -3.08899553861498e-01 0.00000000000000e+00 3.08899553861498e-01 9.51094667014892e-01 0.00000000000000e+00 0.00000000000000e+00 0.00000000000000e+00 1.00000000000000e+00
000001
-6.44559647593273e-01 1.11477223259938e+00 1.25000000000000e-02
9.50999507713425e-01 -3.09192393711137e-01 0.00000000000000e+00 3.09192393711137e-01 9.50999507713425e-01 0.00000000000000e+00 0.00000000000000e+00 0.00000000000000e+00 1.00000000000000e+00
000002
1.30618415911706e+00 1.74889030274653e+00 1.25000000000000e-02
9.51053588538260e-01 -3.09026004938900e-01 0.00000000000000e+00 3.09026004938900e-01 9.51053588538260e-01 0.00000000000000e+00 0.00000000000000e+00 0.00000000000000e+00 1.00000000000000e+00
000011
-1.20455269507382e-02 -8.32669309402409e-01 1.25000000000000e-02
9.51060173700059e-01 -3.09005737813417e-01 0.00000000000000e+00 3.09005737813417e-01 9.51060173700059e-01 0.00000000000000e+00 0.00000000000000e+00 0.00000000000000e+00 1.00000000000000e+00
000012
1.93898816697514e+00 -1.96430950621369e-01 1.25000000000000e-02
9.51002599156219e-01 -3.09182885034271e-01 0.00000000000000e+00 3.09182885034271e-01 9.51002599156219e-01 0.00000000000000e+00 0.00000000000000e+00 0.00000000000000e+00 1.00000000000000e+00
0001-1-1
6.96736575387775e+00 2.26383436460949e+00 -2.50000000000000e-01
9.51056516295154e-01 3.09016994374947e-01 3.78436673043415e-17 3.09016994374947e-01 -9.51056516295154e-01 -1.16470831848909e-16 0.00000000000000e+00 1.22464679914735e-16 -1.00000000000000e+00
000100
-2.54129460204111e+00 4.91589045078405e-01 1.25000000000000e-02
9.51080861621179e-01 -3.08942057120613e-01 0.00000000000000e+00 3.08942057120613e-01 9.51080861621179e-01 0.00000000000000e+00 0.00000000000000e+00 0.00000000000000e+00 1.00000000000000e+00
000101
-6.55916588987821e-01 1.11310472975524e+00 1.25000000000000e-02
9.51071004360404e-01 -3.08972401137857e-01 0.00000000000000e+00 3.08972401137857e-01 9.51071004360404e-01 0.00000000000000e+00 0.00000000000000e+00 0.00000000000000e+00 1.00000000000000e+00
000102
1.32453834006198e+00 1.74973100362294e+00 1.25000000000000e-02
9.51067903230268e-01 -3.08981946794925e-01 0.00000000000000e+00 3.08981946794925e-01 9.51067903230268e-01 0.00000000000000e+00 0.00000000000000e+00 0.00000000000000e+00 1.00000000000000e+00
000111
-1.37211001016202e-02 -8.32276804671476e-01 1.25000000000000e-02
9.51042450230450e-01 -3.09060281918692e-01 0.00000000000000e+00 3.09060281918692e-01 9.51042450230450e-01 0.00000000000000e+00 0.00000000000000e+00 0.00000000000000e+00 1.00000000000000e+00
000112
1.94365366440102e+00 -2.00226764217187e-01 1.25000000000000e-02
9.51013537501296e-01 -3.09149238215575e-01 0.00000000000000e+00 3.09149238215575e-01 9.51013537501296e-01 0.00000000000000e+00 0.00000000000000e+00 0.00000000000000e+00 1.00000000000000e+00
0010-1-1
4.30606884727652e+00 5.92679531122934e+00 2.50000000000000e-01
5.87785252292473e-01 -8.09016994374947e-01 0.00000000000000e+00 8.09016994374947e-01 5.87785252292473e-01 -0.00000000000000e+00 0.00000000000000e+00 0.00000000000000e+00 1.00000000000000e+00
001000
-2.55586721895659e+00 5.14280209527940e-01 1.25000000000000e-02
9.51053981368200e-01 -3.09024795969021e-01 0.00000000000000e+00 3.09024795969021e-01 9.51053981368200e-01 0.00000000000000e+00 0.00000000000000e+00 0.00000000000000e+00 1.00000000000000e+00
001001
-6.59142208150738e-01 1.11774166965884e+00 1.25000000000000e-02
9.51075427254599e-01 -3.08958786365564e-01 0.00000000000000e+00 3.08958786365564e-01 9.51075427254599e-01 0.00000000000000e+00 0.00000000000000e+00 0.00000000000000e+00 1.00000000000000e+00
001002
1.30552279580770e+00 1.74719612970999e+00 1.25000000000000e-02
9.51108174234336e-01 -3.08857962346170e-01 0.00000000000000e+00 3.08857962346170e-01 9.51108174234336e-01 0.00000000000000e+00 0.00000000000000e+00 0.00000000000000e+00 1.00000000000000e+00
001011
-2.65610685758326e-02 -8.46053463558535e-01 1.25000000000000e-02
9.51060099379160e-01 -3.09005966558742e-01 0.00000000000000e+00 3.09005966558742e-01 9.51060099379160e-01 0.00000000000000e+00 0.00000000000000e+00 0.00000000000000e+00 1.00000000000000e+00
001012
1.91779615501738e+00 -2.05614044649454e-01 1.25000000000000e-02
9.51066122921262e-01 -3.08987426656037e-01 0.00000000000000e+00 3.08987426656037e-01 9.51066122921262e-01 0.00000000000000e+00 0.00000000000000e+00 0.00000000000000e+00 1.00000000000000e+00
0011-1-1
4.30606884727652e+00 5.92679531122934e+00 2.50000000000000e-01
5.87785252292473e-01 8.09016994374947e-01 9.90760072617092e-17 8.09016994374947e-01 -5.87785252292473e-01 -7.19829327805997e-17 0.00000000000000e+00 1.22464679914735e-16 -1.00000000000000e+00
001100
-2.56486208727544e+00 5.10303794443240e-01 1.25000000000000e-02
9.51063646969712e-01 -3.08995047553630e-01 0.00000000000000e+00 3.08995047553630e-01 9.51063646969712e-01 0.00000000000000e+00 0.00000000000000e+00 0.00000000000000e+00 1.00000000000000e+00
001101
-6.41619905677462e-01 1.11572543813978e+00 1.25000000000000e-02
9.51066359094575e-01 -3.08986699711475e-01 0.00000000000000e+00 3.08986699711475e-01 9.51066359094575e-01 0.00000000000000e+00 0.00000000000000e+00 0.00000000000000e+00 1.00000000000000e+00
001102
1.29539547477861e+00 1.77323752720242e+00 1.25000000000000e-02
9.51061287797146e-01 -3.09002308816026e-01 0.00000000000000e+00 3.09002308816026e-01 9.51061287797146e-01 0.00000000000000e+00 0.00000000000000e+00 0.00000000000000e+00 1.00000000000000e+00
001111
-1.83788810314751e-02 -8.36158462562424e-01 1.25000000000000e-02
9.51076924621405e-01 -3.08954176946501e-01 0.00000000000000e+00 3.08954176946501e-01 9.51076924621405e-01 0.00000000000000e+00 0.00000000000000e+00 0.00000000000000e+00 1.00000000000000e+00
001112
1.93565027676461e+00 -2.01047503855592e-01 1.25000000000000e-02
9.51031608785284e-01 -3.09093641298675e-01 0.00000000000000e+00 3.09093641298675e-01 9.51031608785284e-01 0.00000000000000e+00 0.00000000000000e+00 0.00000000000000e+00 1.00000000000000e+00
0020-1-1
-1.50257169723885e-09 7.32592189275148e+00 -2.50000000000000e-01
6.12323399573677e-17 -1.00000000000000e+00 0.00000000000000e+00 1.00000000000000e+00 6.12323399573677e-17 -0.00000000000000e+00 0.00000000000000e+00 0.00000000000000e+00 1.00000000000000e+00
002000
-2.52968760685207e+00 5.13060964058888e-01 1.25000000000000e-02
9.51113217393446e-01 -3.08842431831325e-01 0.00000000000000e+00 3.08842431831325e-01 9.51113217393446e-01 0.00000000000000e+00 0.00000000000000e+00 0.00000000000000e+00 1.00000000000000e+00
002001
-6.50807931410641e-01 1.11401312448654e+00 1.25000000000000e-02
9.51014348107129e-01 -3.09146744596109e-01 0.00000000000000e+00 3.09146744596109e-01 9.51014348107129e-01 0.00000000000000e+00 0.00000000000000e+00 0.00000000000000e+00 1.00000000000000e+00
002002
1.29950244129425e+00 1.75395569354780e+00 1.25000000000000e-02
9.51077945296536e-01 -3.08951034907669e-01 0.00000000000000e+00 3.08951034907669e-01 9.51077945296536e-01 0.00000000000000e+00 0.00000000000000e+00 0.00000000000000e+00 1.00000000000000e+00
002011
-3.01695273762008e-02 -8.25882830108355e-01 1.25000000000000e-02
9.51071874253491e-01 -3.08969723442205e-01 0.00000000000000e+00 3.08969723442205e-01 9.51071874253491e-01 0.00000000000000e+00 0.00000000000000e+00 0.00000000000000e+00 1.00000000000000e+00
002012
1.94289575868667e+00 -1.95572408085396e-01 1.25000000000000e-02
9.51104156113889e-01 -3.08870335614941e-01 0.00000000000000e+00 3.08870335614941e-01 9.51104156113889e-01 0.00000000000000e+00 0.00000000000000e+00 0.00000000000000e+00 1.00000000000000e+00
0021-1-1
-1.50257169723885e-09 7.32592189275148e+00 -2.50000000000000e-01
6.12323399573677e-17 1.00000000000000e+00 1.22464679914735e-16 1.00000000000000e+00 -6.12323399573677e-17 -7.49879891330929e-33 0.00000000000000e+00 1.22464679914735e-16 -1.00000000000000e+00
002100
-2.54434550995883e+00 4.90912077704847e-01 1.25000000000000e-02
9.51046385324909e-01 -3.09048172556357e-01 0.00000000000000e+00 3.09048172556357e-01 9.51046385324909e-01 0.00000000000000e+00 0.00000000000000e+00 0.00000000000000e+00 1.00000000000000e+00
002101
-6.44910075735524e-01 1.12171004219154e+00 1.25000000000000e-02
9.51051869192200e-01 -3.09031296321298e-01 0.00000000000000e+00 3.09031296321298e-01 9.51051869192200e-01 0.00000000000000e+00 0.00000000000000e+00 0.00000000000000e+00 1.00000000000000e+00
002102
1.31053715289629e+00 1.76691161661816e+00 1.25000000000000e-02
9.51089474498863e-01 -3.08915541042331e-01 0.00000000000000e+00 3.08915541042331e-01 9.51089474498863e-01 0.00000000000000e+00 0.00000000000000e+00 0.00000000000000e+00 1.00000000000000e+00
002111
-2.54378484341653e-02 -8.38530998033913e-01 1.25000000000000e-02
9.51050225848322e-01 -3.09036353709165e-01 0.00000000000000e+00 3.09036353709165e-01 9.51050225848322e-01 0.00000000000000e+00 0.00000000000000e+00 0.00000000000000e+00 1.00000000000000e+00
002112
1.93783179544861e+00 -1.83239941460014e-01 1.25000000000000e-02
9.51082461764128e-01 -3.08937131022941e-01 0.00000000000000e+00 3.08937131022941e-01 9.51082461764128e-01 0.00000000000000e+00 0.00000000000000e+00 0.00000000000000e+00 1.00000000000000e+00
0030-1-1
-4.30606884970772e+00 5.92679530946296e+00 2.50000000000000e-01
-5.87785252292473e-01 -8.09016994374948e-01 0.00000000000000e+00 8.09016994374948e-01 -5.87785252292473e-01 -0.00000000000000e+00 0.00000000000000e+00 -0.00000000000000e+00 1.00000000000000e+00
003000
-2.53782966313510e+00 5.27127385918545e-01 1.25000000000000e-02
9.51019854426820e-01 -3.09129805237202e-01 0.00000000000000e+00 3.09129805237202e-01 9.51019854426820e-01 0.00000000000000e+00 0.00000000000000e+00 0.00000000000000e+00 1.00000000000000e+00
003001
-6.39693556145684e-01 1.11092977619520e+00 1.25000000000000e-02
9.51087416278850e-01 -3.08921877820303e-01 0.00000000000000e+00 3.08921877820303e-01 9.51087416278850e-01 0.00000000000000e+00 0.00000000000000e+00 0.00000000000000e+00 1.00000000000000e+00
003002
1.31321816558401e+00 1.76724520652144e+00 1.25000000000000e-02
9.51070836723135e-01 -3.08972917154168e-01 0.00000000000000e+00 3.08972917154168e-01 9.51070836723135e-01 0.00000000000000e+00 0.00000000000000e+00 0.00000000000000e+00 1.00000000000000e+00
003011
-1.28872817110435e-02 -8.37569043997657e-01 1.25000000000000e-02
9.51068360798078e-01 -3.08980538365859e-01 0.00000000000000e+00 3.08980538365859e-01 9.51068360798078e-01 0.00000000000000e+00 0.00000000000000e+00 0.00000000000000e+00 1.00000000000000e+00
003012
1.94691914871807e+00 -1.80633692993611e-01 1.25000000000000e-02
9.51056516295154e-01 -3.09016994374947e-01 0.00000000000000e+00 3.09016994374947e-01 9.51056516295154e-01 0.00000000000000e+00 0.00000000000000e+00 0.00000000000000e+00 1.00000000000000e+00
0031-1-1
-4.30606884970772e+00 5.92679530946296e+00 2.50000000000000e-01
-5.87785252292473e-01 8.09016994374948e-01 9.90760072617092e-17 8.09016994374948e-01 5.87785252292473e-01 7.19829327805996e-17 0.00000000000000e+00 1.22464679914735e-16 -1.00000000000000e+00
003100
-2.54968036079056e+00 4.85301700365638e-01 1.25000000000000e-02
9.51049771887498e-01 -3.09037750756664e-01 0.00000000000000e+00 3.09037750756664e-01 9.51049771887498e-01 0.00000000000000e+00 0.00000000000000e+00 0.00000000000000e+00 1.00000000000000e+00
003101
-6.45695044453633e-01 1.12793724896979e+00 1.25000000000000e-02
9.51058059443412e-01 -3.09012245012605e-01 0.00000000000000e+00 3.09012245012605e-01 9.51058059443412e-01 0.00000000000000e+00 0.00000000000000e+00 0.00000000000000e+00 1.00000000000000e+00
003102
1.30585589852121e+00 1.75929490674724e+00 1.25000000000000e-02
9.51103916725703e-01 -3.08871072761802e-01 0.00000000000000e+00 3.08871072761802e-01 9.51103916725703e-01 0.00000000000000e+00 0.00000000000000e+00 0.00000000000000e+00 1.00000000000000e+00
003111
-7.32396673517810e-03 -8.54336376807222e-01 1.25000000000000e-02
9.51036207402864e-01 -3.09079491731134e-01 0.00000000000000e+00 3.09079491731134e-01 9.51036207402864e-01 0.00000000000000e+00 0.00000000000000e+00 0.00000000000000e+00 1.00000000000000e+00
003112
1.93062366710346e+00 -1.80811116892287e-01 1.25000000000000e-02
9.51043516210564e-01 -3.09057001658022e-01 0.00000000000000e+00 3.09057001658022e-01 9.51043516210564e-01 0.00000000000000e+00 0.00000000000000e+00 0.00000000000000e+00 1.00000000000000e+00
0040-1-1
-6.96736575480639e+00 2.26383436175143e+00 -2.50000000000000e-01
-9.51056516295153e-01 -3.09016994374948e-01 0.00000000000000e+00 3.09016994374948e-01 -9.51056516295153e-01 -0.00000000000000e+00 0.00000000000000e+00 -0.00000000000000e+00 1.00000000000000e+00
004000
-2.53245763900637e+00 5.13464023624688e-01 1.25000000000000e-02
9.51100009014308e-01 -3.08883105483261e-01 0.00000000000000e+00 3.08883105483261e-01 9.51100009014308e-01 0.00000000000000e+00 0.00000000000000e+00 0.00000000000000e+00 1.00000000000000e+00
004001
-6.64849693971111e-01 1.10901446389855e+00 1.25000000000000e-02
9.51107947687377e-01 -3.08858659982048e-01 0.00000000000000e+00 3.08858659982048e-01 9.51107947687377e-01 0.00000000000000e+00 0.00000000000000e+00 0.00000000000000e+00 1.00000000000000e+00
004002
1.30200008196951e+00 1.76501969813355e+00 1.25000000000000e-02
9.51037025180331e-01 -3.09076975422218e-01 0.00000000000000e+00 3.09076975422218e-01 9.51037025180331e-01 0.00000000000000e+00 0.00000000000000e+00 0.00000000000000e+00 1.00000000000000e+00
004011
7.61222891602120e-03 -8.27730994128310e-01 1.25000000000000e-02
9.51012543495310e-01 -3.09152295987887e-01 0.00000000000000e+00 3.09152295987887e-01 9.51012543495310e-01 0.00000000000000e+00 0.00000000000000e+00 0.00000000000000e+00 1.00000000000000e+00
004012
1.93807286554361e+00 -2.05946234981449e-01 1.25000000000000e-02
9.51071101264540e-01 -3.08972102849845e-01 0.00000000000000e+00 3.08972102849845e-01 9.51071101264540e-01 0.00000000000000e+00 0.00000000000000e+00 0.00000000000000e+00 1.00000000000000e+00
0041-1-1
-6.96736575480639e+00 2.26383436175143e+00 -2.50000000000000e-01
-9.51056516295153e-01 3.09016994374948e-01 3.78436673043416e-17 3.09016994374948e-01 9.51056516295153e-01 1.16470831848909e-16 0.00000000000000e+00 1.22464679914735e-16 -1.00000000000000e+00
004100
-2.56135035592208e+00 4.93191606421290e-01 1.25000000000000e-02
9.51027191414248e-01 -3.09107232511190e-01 0.00000000000000e+00 3.09107232511190e-01 9.51027191414248e-01 0.00000000000000e+00 0.00000000000000e+00 0.00000000000000e+00 1.00000000000000e+00
004101
-6.35973317270164e-01 1.11068697001124e+00 1.25000000000000e-02
9.50991534682046e-01 -3.09216915713042e-01 0.00000000000000e+00 3.09216915713042e-01 9.50991534682046e-01 0.00000000000000e+00 0.00000000000000e+00 0.00000000000000e+00 1.00000000000000e+00
004102
1.32479797337822e+00 1.73179803117505e+00 1.25000000000000e-02
9.51047809901191e-01 -3.09043788616029e-01 0.00000000000000e+00 3.09043788616029e-01 9.51047809901191e-01 0.00000000000000e+00 0.00000000000000e+00 0.00000000000000e+00 1.00000000000000e+00
004111
-3.95014421455389e-02 -8.38533575132545e-01 1.25000000000000e-02
9.51045666322980e-01 -3.09050385161189e-01 0.00000000000000e+00 3.09050385161189e-01 9.51045666322980e-01 0.00000000000000e+00 0.00000000000000e+00 0.00000000000000e+00 1.00000000000000e+00
004112
1.93421668076304e+00 -1.87661228210680e-01 1.25000000000000e-02
9.51069396106778e-01 -3.08977351579511e-01 0.00000000000000e+00 3.08977351579511e-01 9.51069396106778e-01 0.00000000000000e+00 0.00000000000000e+00 0.00000000000000e+00 1.00000000000000e+00
0100-1-1
6.96736575387775e+00 2.26383436460949e+00 1.97500000000000e+01
9.51056516295154e-01 -3.09016994374947e-01 0.00000000000000e+00 3.09016994374947e-01 9.51056516295154e-01 0.00000000000000e+00 0.00000000000000e+00 0.00000000000000e+00 1.00000000000000e+00
010000
-2.53689502265726e+00 4.87046055439842e-01 1.25000000000000e-02
9.51012552427381e-01 -3.09152268511098e-01 0.00000000000000e+00 3.09152268511098e-01 9.51012552427381e-01 0.00000000000000e+00 0.00000000000000e+00 0.00000000000000e+00 1.00000000000000e+00
010001
-6.29409476325010e-01 1.12719078634421e+00 1.25000000000000e-02
9.51062290967732e-01 -3.08999221195149e-01 0.00000000000000e+00 3.08999221195149e-01 9.51062290967732e-01 0.00000000000000e+00 0.00000000000000e+00 0.00000000000000e+00 1.00000000000000e+00
010002
1.31724134026405e+00 1.74225485313520e+00 1.25000000000000e-02
9.51080731734026e-01 -3.08942456979077e-01 0.00000000000000e+00 3.08942456979077e-01 9.51080731734026e-01 0.00000000000000e+00 0.00000000000000e+00 0.00000000000000e+00 1.00000000000000e+00
010011
-1.62053527654722e-02 -8.35090078036349e-01 1.25000000000000e-02
9.51046277732525e-01 -3.09048503654537e-01 0.00000000000000e+00 3.09048503654537e-01 9.51046277732525e-01 0.00000000000000e+00 0.00000000000000e+00 0.00000000000000e+00 1.00000000000000e+00
010012
1.94642379589253e+00 -1.81694780186992e-01 1.25000000000000e-02
9.51070573203457e-01 -3.08973728311079e-01 0.00000000000000e+00 3.08973728311079e-01 9.51070573203457e-01 0.00000000000000e+00 0.00000000000000e+00 0.00000000000000e+00 1.00000000000000e+00
0101-1-1
6.96736575387775e+00 2.26383436460949e+00 1.97500000000000e+01
9.51056516295154e-01 3.09016994374947e-01 3.78436673043415e-17 3.09016994374947e-01 -9.51056516295154e-01 -1.16470831848909e-16 0.00000000000000e+00 1.22464679914735e-16 -1.00000000000000e+00
010100
-2.55181255088416e+00 5.18994351083114e-01 1.25000000000000e-02
9.51040721511565e-01 -3.09065601493861e-01 0.00000000000000e+00 3.09065601493861e-01 9.51040721511565e-01 0.00000000000000e+00 0.00000000000000e+00 0.00000000000000e+00 1.00000000000000e+00
010101
-6.54985023985171e-01 1.12724307223757e+00 1.25000000000000e-02
9.51054806533286e-01 -3.09022256431367e-01 0.00000000000000e+00 3.09022256431367e-01 9.51054806533286e-01 0.00000000000000e+00 0.00000000000000e+00 0.00000000000000e+00 1.00000000000000e+00
010102
1.29660987322498e+00 1.74736819157386e+00 1.25000000000000e-02
9.51068253160383e-01 -3.08980869683637e-01 0.00000000000000e+00 3.08980869683637e-01 9.51068253160383e-01 0.00000000000000e+00 0.00000000000000e+00 0.00000000000000e+00 1.00000000000000e+00
010111
-1.37717146904266e-02 -8.10236721707072e-01 1.25000000000000e-02
9.51051661218929e-01 -3.09031936363728e-01 0.00000000000000e+00 3.09031936363728e-01 9.51051661218929e-01 0.00000000000000e+00 0.00000000000000e+00 0.00000000000000e+00 1.00000000000000e+00
010112
1.94486568688037e+00 -2.08452979536814e-01 1.25000000000000e-02
9.51066746668023e-01 -3.08985506751211e-01 0.00000000000000e+00 3.08985506751211e-01 9.51066746668023e-01 0.00000000000000e+00 0.00000000000000e+00 0.00000000000000e+00 1.00000000000000e+00
0110-1-1
4.30606884727652e+00 5.92679531122934e+00 2.02500000000000e+01
5.87785252292473e-01 -8.09016994374947e-01 0.00000000000000e+00 8.09016994374947e-01 5.87785252292473e-01 0.00000000000000e+00 0.00000000000000e+00 0.00000000000000e+00 1.00000000000000e+00
011000
-2.56316436889135e+00 5.03733522025402e-01 1.25000000000000e-02
9.51068682224405e-01 -3.08979548986553e-01 0.00000000000000e+00 3.08979548986553e-01 9.51068682224405e-01 0.00000000000000e+00 0.00000000000000e+00 0.00000000000000e+00 1.00000000000000e+00
011001
-6.66389617831759e-01 1.13354552686993e+00 1.25000000000000e-02
9.51062394420283e-01 -3.08998902780507e-01 0.00000000000000e+00 3.08998902780507e-01 9.51062394420283e-01 0.00000000000000e+00 0.00000000000000e+00 0.00000000000000e+00 1.00000000000000e+00
011002
1.31191466091487e+00 1.75292026954402e+00 1.25000000000000e-02
9.51068033411407e-01 -3.08981546088045e-01 0.00000000000000e+00 3.08981546088045e-01 9.51068033411407e-01 0.00000000000000e+00 0.00000000000000e+00 0.00000000000000e+00 1.00000000000000e+00
011011
-1.41719812349073e-02 -8.39072531660216e-01 1.25000000000000e-02
9.51060043364413e-01 -3.09006138961154e-01 0.00000000000000e+00 3.09006138961154e-01 9.51060043364413e-01 0.00000000000000e+00 0.00000000000000e+00 0.00000000000000e+00 1.00000000000000e+00
011012
1.94450836957267e+00 -1.95830628537752e-01 1.25000000000000e-02
9.51055050852191e-01 -3.09021504508240e-01 0.00000000000000e+00 3.09021504508240e-01 9.51055050852191e-01 0.00000000000000e+00 0.00000000000000e+00 0.00000000000000e+00 1.00000000000000e+00
0111-1-1
4.30606884727652e+00 5.92679531122934e+00 2.02500000000000e+01
5.87785252292473e-01 8.09016994374947e-01 9.90760072617092e-17 8.09016994374947e-01 -5.87785252292473e-01 -7.19829327805997e-17 0.00000000000000e+00 1.22464679914735e-16 -1.00000000000000e+00
011100
-2.55588374906109e+00 5.11486339534412e-01 1.25000000000000e-02
9.50986623569630e-01 -3.09232019350576e-01 0.00000000000000e+00 3.09232019350576e-01 9.50986623569630e-01 0.00000000000000e+00 0.00000000000000e+00 0.00000000000000e+00 1.00000000000000e+00
011101
-6.38196813441136e-01 1.11945554225823e+00 1.25000000000000e-02
9.51014703057611e-01 -3.09145652675634e-01 0.00000000000000e+00 3.09145652675634e-01 9.51014703057611e-01 0.00000000000000e+00 0.00000000000000e+00 0.00000000000000e+00 1.00000000000000e+00
011102
1.31791815350076e+00 1.75630795679033e+00 1.25000000000000e-02
9.51085816028163e-01 -3.08926804518553e-01 0.00000000000000e+00 3.08926804518553e-01 9.51085816028163e-01 0.00000000000000e+00 0.00000000000000e+00 0.00000000000000e+00 1.00000000000000e+00
011111
1.98469785952993e-03 -8.32345214133074e-01 1.25000000000000e-02
9.51044334123789e-01 -3.09054484728889e-01 0.00000000000000e+00 3.09054484728889e-01 9.51044334123789e-01 0.00000000000000e+00 0.00000000000000e+00 0.00000000000000e+00 1.00000000000000e+00
011112
1.94582499108531e+00 -1.97381949859383e-01 1.25000000000000e-02
9.51106430789727e-01 -3.08863331119812e-01 0.00000000000000e+00 3.08863331119812e-01 9.51106430789727e-01 0.00000000000000e+00 0.00000000000000e+00 0.00000000000000e+00 1.00000000000000e+00
0120-1-1
-1.50257169723885e-09 7.32592189275148e+00 1.97500000000000e+01
6.12323399573677e-17 -1.00000000000000e+00 0.00000000000000e+00 1.00000000000000e+00 6.12323399573677e-17 0.00000000000000e+00 0.00000000000000e+00 0.00000000000000e+00 1.00000000000000e+00
012000
-2.56304359930922e+00 4.76890331696158e-01 1.25000000000000e-02
9.51004306632513e-01 -3.09177633030613e-01 0.00000000000000e+00 3.09177633030613e-01 9.51004306632513e-01 0.00000000000000e+00 0.00000000000000e+00 0.00000000000000e+00 1.00000000000000e+00
012001
-6.46038180410080e-01 1.13087866279997e+00 1.25000000000000e-02
9.50997590170151e-01 -3.09198291538884e-01 0.00000000000000e+00 3.09198291538884e-01 9.50997590170151e-01 0.00000000000000e+00 0.00000000000000e+00 0.00000000000000e+00 1.00000000000000e+00
012002
1.29740908840471e+00 1.74432096043413e+00 1.25000000000000e-02
9.51051477373789e-01 -3.09032502150070e-01 0.00000000000000e+00 3.09032502150070e-01 9.51051477373789e-01 0.00000000000000e+00 0.00000000000000e+00 0.00000000000000e+00 1.00000000000000e+00
012011
-3.55783321295888e-03 -8.42015760942162e-01 1.25000000000000e-02
9.51050821297555e-01 -3.09034521225778e-01 0.00000000000000e+00 3.09034521225778e-01 9.51050821297555e-01 0.00000000000000e+00 0.00000000000000e+00 0.00000000000000e+00 1.00000000000000e+00
012012
1.93852596513345e+00 -1.92001576886841e-01 1.25000000000000e-02
9.51048423872003e-01 -3.09041899182909e-01 0.00000000000000e+00 3.09041899182909e-01 9.51048423872003e-01 0.00000000000000e+00 0.00000000000000e+00 0.00000000000000e+00 1.00000000000000e+00
0121-1-1
-1.50257169723885e-09 7.32592189275148e+00 1.97500000000000e+01
6.12323399573677e-17 1.00000000000000e+00 1.22464679914735e-16 1.00000000000000e+00 -6.12323399573677e-17 -7.49879891330929e-33 0.00000000000000e+00 1.22464679914735e-16 -1.00000000000000e+00
012100
-2.54485187912051e+00 5.02204259341399e-01 1.25000000000000e-02
9.51016484027936e-01 -3.09140173880947e-01 0.00000000000000e+00 3.09140173880947e-01 9.51016484027936e-01 0.00000000000000e+00 0.00000000000000e+00 0.00000000000000e+00 1.00000000000000e+00
012101
-6.42902142667915e-01 1.11666990025119e+00 1.25000000000000e-02
9.51087364336013e-01 -3.08922037738288e-01 0.00000000000000e+00 3.08922037738288e-01 9.51087364336013e-01 0.00000000000000e+00 0.00000000000000e+00 0.00000000000000e+00 1.00000000000000e+00
012102
1.29814842399854e+00 1.75342085903072e+00 1.25000000000000e-02
9.50964491164229e-01 -3.09300075242084e-01 0.00000000000000e+00 3.09300075242084e-01 9.50964491164229e-01 0.00000000000000e+00 0.00000000000000e+00 0.00000000000000e+00 1.00000000000000e+00
012111
-1.38857655687814e-02 -8.32655395428510e-01 1.25000000000000e-02
9.51051154109131e-01 -3.09033496999420e-01 0.00000000000000e+00 3.09033496999420e-01 9.51051154109131e-01 0.00000000000000e+00 0.00000000000000e+00 0.00000000000000e+00 1.00000000000000e+00
012112
1.93424156279730e+00 -2.14353754766389e-01 1.25000000000000e-02
9.51091835610046e-01 -3.08908271556321e-01 0.00000000000000e+00 3.08908271556321e-01 9.51091835610046e-01 0.00000000000000e+00 0.00000000000000e+00 0.00000000000000e+00 1.00000000000000e+00
0130-1-1
-4.30606884970772e+00 5.92679530946296e+00 2.02500000000000e+01
-5.87785252292473e-01 -8.09016994374948e-01 0.00000000000000e+00 8.09016994374948e-01 -5.87785252292473e-01 0.00000000000000e+00 0.00000000000000e+00 -0.00000000000000e+00 1.00000000000000e+00
013000
-2.55816146121814e+00 5.33358339493558e-01 1.25000000000000e-02
9.51060489037855e-01 -3.09004767262702e-01 0.00000000000000e+00 3.09004767262702e-01 9.51060489037855e-01 0.00000000000000e+00 0.00000000000000e+00 0.00000000000000e+00 1.00000000000000e+00
013001
-6.36575226543519e-01 1.10763268433759e+00 1.25000000000000e-02
9.51069640310312e-01 -3.08976599890694e-01 0.00000000000000e+00 3.08976599890694e-01 9.51069640310312e-01 0.00000000000000e+00 0.00000000000000e+00 0.00000000000000e+00 1.00000000000000e+00
013002
1.30775281254988e+00 1.75207844625114e+00 1.25000000000000e-02
9.51050456347936e-01 -3.09035644352530e-01 0.00000000000000e+00 3.09035644352530e-01 9.51050456347936e-01 0.00000000000000e+00 0.00000000000000e+00 0.00000000000000e+00 1.00000000000000e+00
013011
-1.50759224081805e-02 -8.35704424487694e-01 1.25000000000000e-02
9.51035806088267e-01 -3.09080726571620e-01 0.00000000000000e+00 3.09080726571620e-01 9.51035806088267e-01 0.00000000000000e+00 0.00000000000000e+00 0.00000000000000e+00 1.00000000000000e+00
013012
1.95218167304169e+00 -2.04748718888353e-01 1.25000000000000e-02
9.51030159127959e-01 -3.09098101626406e-01 0.00000000000000e+00 3.09098101626406e-01 9.51030159127959e-01 0.00000000000000e+00 0.00000000000000e+00 0.00000000000000e+00 1.00000000000000e+00
0131-1-1
-4.30606884970772e+00 5.92679530946296e+00 2.02500000000000e+01
-5.87785252292473e-01 8.09016994374948e-01 9.90760072617092e-17 8.09016994374948e-01 5.87785252292473e-01 7.19829327805996e-17 0.00000000000000e+00 1.22464679914735e-16 -1.00000000000000e+00
013100
-2.53399751729224e+00 5.04074012917538e-01 1.25000000000000e-02
9.51070136666071e-01 -3.08975072039769e-01 0.00000000000000e+00 3.08975072039769e-01 9.51070136666071e-01 0.00000000000000e+00 0.00000000000000e+00 0.00000000000000e+00 1.00000000000000e+00
013101
-6.37279433345593e-01 1.12049904414171e+00 1.25000000000000e-02
9.51028503868157e-01 -3.09103194467956e-01 0.00000000000000e+00 3.09103194467956e-01 9.51028503868157e-01 0.00000000000000e+00 0.00000000000000e+00 0.00000000000000e+00 1.00000000000000e+00
013102
1.31942636961304e+00 1.75338340613844e+00 1.25000000000000e-02
9.51095912163252e-01 -3.08895720051850e-01 0.00000000000000e+00 3.08895720051850e-01 9.51095912163252e-01 0.00000000000000e+00 0.00000000000000e+00 0.00000000000000e+00 1.00000000000000e+00
013111
9.24251329828030e-03 -8.15089554067550e-01 1.25000000000000e-02
9.51019255293355e-01 -3.09131648430362e-01 0.00000000000000e+00 3.09131648430362e-01 9.51019255293355e-01 0.00000000000000e+00 0.00000000000000e+00 0.00000000000000e+00 1.00000000000000e+00
013112
1.95230556736878e+00 -1.88015624409430e-01 1.25000000000000e-02
9.51047543037527e-01 -3.09044609858000e-01 0.00000000000000e+00 3.09044609858000e-01 9.51047543037527e-01 0.00000000000000e+00 0.00000000000000e+00 0.00000000000000e+00 1.00000000000000e+00
0140-1-1
-6.96736575480639e+00 2.26383436175143e+00 1.97500000000000e+01
-9.51056516295153e-01 -3.09016994374948e-01 0.00000000000000e+00 3.09016994374948e-01 -9.51056516295153e-01 0.00000000000000e+00 0.00000000000000e+00 -0.00000000000000e+00 1.00000000000000e+00
014000
-2.54353348039115e+00 5.23856969678094e-01 1.25000000000000e-02
9.51057033986197e-01 -3.09015401081204e-01 0.00000000000000e+00 3.09015401081204e-01 9.51057033986197e-01 0.00000000000000e+00 0.00000000000000e+00 0.00000000000000e+00 1.00000000000000e+00
014001
-6.39967462731379e-01 1.11007848982885e+00 1.25000000000000e-02
9.51081750372416e-01 -3.08939321078657e-01 0.00000000000000e+00 3.08939321078657e-01 9.51081750372416e-01 0.00000000000000e+00 0.00000000000000e+00 0.00000000000000e+00 1.00000000000000e+00
014002
1.28522111804227e+00 1.74990086011058e+00 1.25000000000000e-02
9.50985482165798e-01 -3.09235529507663e-01 0.00000000000000e+00 3.09235529507663e-01 9.50985482165798e-01 0.00000000000000e+00 0.00000000000000e+00 0.00000000000000e+00 1.00000000000000e+00
014011
-1.38944251822020e-02 -8.39602310429272e-01 1.25000000000000e-02
9.51054272538068e-01 -3.09023899863888e-01 0.00000000000000e+00 3.09023899863888e-01 9.51054272538068e-01 0.00000000000000e+00 0.00000000000000e+00 0.00000000000000e+00 1.00000000000000e+00
014012
1.91867949537706e+00 -2.00211623685331e-01 1.25000000000000e-02
9.51085041940337e-01 -3.08929187674697e-01 0.00000000000000e+00 3.08929187674697e-01 9.51085041940337e-01 0.00000000000000e+00 0.00000000000000e+00 0.00000000000000e+00 1.00000000000000e+00
0141-1-1
-6.96736575480639e+00 2.26383436175143e+00 1.97500000000000e+01
-9.51056516295153e-01 3.09016994374948e-01 3.78436673043416e-17 3.09016994374948e-01 9.51056516295153e-01 1.16470831848909e-16 0.00000000000000e+00 1.22464679914735e-16 -1.00000000000000e+00
014100
-2.53606159596184e+00 5.00143846204568e-01 1.25000000000000e-02
9.51032157008254e-01 -3.09091954499349e-01 0.00000000000000e+00 3.09091954499349e-01 9.51032157008254e-01 0.00000000000000e+00 0.00000000000000e+00 0.00000000000000e+00 1.00000000000000e+00
014101
-6.70517351898596e-01 1.12333983542008e+00 1.25000000000000e-02
9.51103349191088e-01 -3.08872820360574e-01 0.00000000000000e+00 3.08872820360574e-01 9.51103349191088e-01 0.00000000000000e+00 0.00000000000000e+00 0.00000000000000e+00 1.00000000000000e+00
014102
1.29545456332246e+00 1.74246161415574e+00 1.25000000000000e-02
9.51021309924666e-01 -3.09125327446931e-01 0.00000000000000e+00 3.09125327446931e-01 9.51021309924666e-01 0.00000000000000e+00 0.00000000000000e+00 0.00000000000000e+00 1.00000000000000e+00
014111
-1.55522807022028e-02 -8.41732487062656e-01 1.25000000000000e-02
9.51092124534592e-01 -3.08907381990584e-01 0.00000000000000e+00 3.08907381990584e-01 9.51092124534592e-01 0.00000000000000e+00 0.00000000000000e+00 0.00000000000000e+00 1.00000000000000e+00
014112
1.93759212214092e+00 -2.06419596352416e-01 1.25000000000000e-02
9.51039226867937e-01 -3.09070200696276e-01 0.00000000000000e+00 3.09070200696276e-01 9.51039226867937e-01 0.00000000000000e+00 0.00000000000000e+00 0.00000000000000e+00 1.00000000000000e+00
0200-1-1
6.96736575387775e+00 2.26383436460949e+00 2.97500000000000e+01
9.51056516295154e-01 -3.09016994374947e-01 0.00000000000000e+00 3.09016994374947e-01 9.51056516295154e-01 0.00000000000000e+00 0.00000000000000e+00 0.00000000000000e+00 1.00000000000000e+00
020000
-2.55449560671146e+00 5.11365429196018e-01 1.25000000000000e-02
9.51108735569528e-01 -3.08856233745304e-01 0.00000000000000e+00 3.08856233745304e-01 9.51108735569528e-01 0.00000000000000e+00 0.00000000000000e+00 0.00000000000000e+00 1.00000000000000e+00
020001
-6.62403348144643e-01 1.12508965041338e+00 1.25000000000000e-02
9.51062635507592e-01 -3.08998160741053e-01 0.00000000000000e+00 3.08998160741053e-01 9.51062635507592e-01 0.00000000000000e+00 0.00000000000000e+00 0.00000000000000e+00 1.00000000000000e+00
020002
1.29850123160630e+00 1.76734927648115e+00 1.25000000000000e-02
9.51013683153180e-01 -3.09148790156816e-01 0.00000000000000e+00 3.09148790156816e-01 9.51013683153180e-01 0.00000000000000e+00 0.00000000000000e+00 0.00000000000000e+00 1.00000000000000e+00
020011
-2.29154063000943e-02 -8.24342783000014e-01 1.25000000000000e-02
9.51023698088188e-01 -3.09117980186637e-01 0.00000000000000e+00 3.09117980186637e-01 9.51023698088188e-01 0.00000000000000e+00 0.00000000000000e+00 0.00000000000000e+00 1.00000000000000e+00
020012
1.94267638765450e+00 -1.77512299635530e-01 1.25000000000000e-02
9.51038100996810e-01 -3.09073665090350e-01 0.00000000000000e+00 3.09073665090350e-01 9.51038100996810e-01 0.00000000000000e+00 0.00000000000000e+00 0.00000000000000e+00 1.00000000000000e+00
0201-1-1
6.96736575387775e+00 2.26383436460949e+00 2.97500000000000e+01
9.51056516295154e-01 3.09016994374947e-01 3.78436673043415e-17 3.09016994374947e-01 -9.51056516295154e-01 -1.16470831848909e-16 0.00000000000000e+00 1.22464679914735e-16 -1.00000000000000e+00
020100
-2.52061669618348e+00 5.12660871553728e-01 1.25000000000000e-02
9.51055292292892e-01 -3.09020761441171e-01 0.00000000000000e+00 3.09020761441171e-01 9.51055292292892e-01 0.00000000000000e+00 0.00000000000000e+00 0.00000000000000e+00 1.00000000000000e+00
020101
-6.25965723332607e-01 1.13346053614839e+00 1.25000000000000e-02
9.51045335594539e-01 -3.09051402915228e-01 0.00000000000000e+00 3.09051402915228e-01 9.51045335594539e-01 0.00000000000000e+00 0.00000000000000e+00 0.00000000000000e+00 1.00000000000000e+00
020102
1.30552791372018e+00 1.76286069154403e+00 1.25000000000000e-02
9.51054951900941e-01 -3.09021809043792e-01 0.00000000000000e+00 3.09021809043792e-01 9.51054951900941e-01 0.00000000000000e+00 0.00000000000000e+00 0.00000000000000e+00 1.00000000000000e+00
020111
-3.04579729277186e-02 -8.17534214844468e-01 1.25000000000000e-02
9.51064117794904e-01 -3.08993598385148e-01 0.00000000000000e+00 3.08993598385148e-01 9.51064117794904e-01 0.00000000000000e+00 0.00000000000000e+00 0.00000000000000e+00 1.00000000000000e+00
020112
1.93485636430881e+00 -2.08115851631510e-01 1.25000000000000e-02
9.51043009757169e-01 -3.09058560133877e-01 0.00000000000000e+00 3.09058560133877e-01 9.51043009757169e-01 0.00000000000000e+00 0.00000000000000e+00 0.00000000000000e+00 1.00000000000000e+00
0210-1-1
4.30606884727652e+00 5.92679531122934e+00 3.02500000000000e+01
5.87785252292473e-01 -8.09016994374947e-01 0.00000000000000e+00 8.09016994374947e-01 5.87785252292473e-01 0.00000000000000e+00 0.00000000000000e+00 0.00000000000000e+00 1.00000000000000e+00
021000
-2.56632173963922e+00 4.89083557608312e-01 1.25000000000000e-02
9.51060151734941e-01 -3.09005805417812e-01 0.00000000000000e+00 3.09005805417812e-01 9.51060151734941e-01 0.00000000000000e+00 0.00000000000000e+00 0.00000000000000e+00 1.00000000000000e+00
021001
-6.57136782173662e-01 1.12109740000354e+00 1.25000000000000e-02
9.51070746039260e-01 -3.08973196294314e-01 0.00000000000000e+00 3.08973196294314e-01 9.51070746039260e-01 0.00000000000000e+00 0.00000000000000e+00 0.00000000000000e+00 1.00000000000000e+00
021002
1.30357123232315e+00 1.75862275433320e+00 1.25000000000000e-02
9.51116649208297e-01 -3.08831862991467e-01 0.00000000000000e+00 3.08831862991467e-01 9.51116649208297e-01 0.00000000000000e+00 0.00000000000000e+00 0.00000000000000e+00 1.00000000000000e+00
021011
-1.08863400470374e-02 -8.31784660841239e-01 1.25000000000000e-02
9.51036215675824e-01 -3.09079466275274e-01 0.00000000000000e+00 3.09079466275274e-01 9.51036215675824e-01 0.00000000000000e+00 0.00000000000000e+00 0.00000000000000e+00 1.00000000000000e+00
021012
1.93146725782150e+00 -1.95361290849871e-01 1.25000000000000e-02
9.51081344073385e-01 -3.08940571883274e-01 0.00000000000000e+00 3.08940571883274e-01 9.51081344073385e-01 0.00000000000000e+00 0.00000000000000e+00 0.00000000000000e+00 1.00000000000000e+00
0211-1-1
4.30606884727652e+00 5.92679531122934e+00 3.02500000000000e+01
5.87785252292473e-01 8.09016994374947e-01 9.90760072617092e-17 8.09016994374947e-01 -5.87785252292473e-01 -7.19829327805997e-17 0.00000000000000e+00 1.22464679914735e-16 -1.00000000000000e+00
021100
-2.55534332348023e+00 5.04221220742817e-01 1.25000000000000e-02
9.51032428705118e-01 -3.09091118525337e-01 0.00000000000000e+00 3.09091118525337e-01 9.51032428705118e-01 0.00000000000000e+00 0.00000000000000e+00 0.00000000000000e+00 1.00000000000000e+00
021101
-6.57122220895444e-01 1.12340306415788e+00 1.25000000000000e-02
9.51100331351109e-01 -3.08882112955430e-01 0.00000000000000e+00 3.08882112955430e-01 9.51100331351109e-01 0.00000000000000e+00 0.00000000000000e+00 0.00000000000000e+00 1.00000000000000e+00
021102
1.31434397748449e+00 1.76235802726665e+00 1.25000000000000e-02
9.51074123409636e-01 -3.08962799994744e-01 0.00000000000000e+00 3.08962799994744e-01 9.51074123409636e-01 0.00000000000000e+00 0.00000000000000e+00 0.00000000000000e+00 1.00000000000000e+00
021111
-4.56087082022405e-03 -8.43837809342360e-01 1.25000000000000e-02
9.51089381854653e-01 -3.08915826275270e-01 0.00000000000000e+00 3.08915826275270e-01 9.51089381854653e-01 0.00000000000000e+00 0.00000000000000e+00 0.00000000000000e+00 1.00000000000000e+00
021112
1.92472919033602e+00 -1.93446606753835e-01 1.25000000000000e-02
9.51069524418253e-01 -3.08976956621103e-01 0.00000000000000e+00 3.08976956621103e-01 9.51069524418253e-01 0.00000000000000e+00 0.00000000000000e+00 0.00000000000000e+00 1.00000000000000e+00
0220-1-1
-1.50257169723885e-09 7.32592189275148e+00 2.97500000000000e+01
6.12323399573677e-17 -1.00000000000000e+00 0.00000000000000e+00 1.00000000000000e+00 6.12323399573677e-17 0.00000000000000e+00 0.00000000000000e+00 0.00000000000000e+00 1.00000000000000e+00
022000
-2.53796222967305e+00 4.97438092018682e-01 1.25000000000000e-02
9.51042843392878e-01 -3.09059072073915e-01 0.00000000000000e+00 3.09059072073915e-01 9.51042843392878e-01 0.00000000000000e+00 0.00000000000000e+00 0.00000000000000e+00 1.00000000000000e+00
022001
-6.57812271788287e-01 1.11455736794071e+00 1.25000000000000e-02
9.51074960722002e-01 -3.08960222500636e-01 0.00000000000000e+00 3.08960222500636e-01 9.51074960722002e-01 0.00000000000000e+00 0.00000000000000e+00 0.00000000000000e+00 1.00000000000000e+00
022002
1.28314523326049e+00 1.75829645292977e+00 1.25000000000000e-02
9.51112649795861e-01 -3.08844179803174e-01 0.00000000000000e+00 3.08844179803174e-01 9.51112649795861e-01 0.00000000000000e+00 0.00000000000000e+00 0.00000000000000e+00 1.00000000000000e+00
022011
-3.17864000535235e-02 -8.50230307646015e-01 1.25000000000000e-02
9.51020405903734e-01 -3.09128108645424e-01 0.00000000000000e+00 3.09128108645424e-01 9.51020405903734e-01 0.00000000000000e+00 0.00000000000000e+00 0.00000000000000e+00 1.00000000000000e+00
022012
1.95739824733603e+00 -2.06514025144116e-01 1.25000000000000e-02
9.51016848544275e-01 -3.09139052506984e-01 0.00000000000000e+00 3.09139052506984e-01 9.51016848544275e-01 0.00000000000000e+00 0.00000000000000e+00 0.00000000000000e+00 1.00000000000000e+00
0221-1-1
-1.50257169723885e-09 7.32592189275148e+00 2.97500000000000e+01
6.12323399573677e-17 1.00000000000000e+00 1.22464679914735e-16 1.00000000000000e+00 -6.12323399573677e-17 -7.49879891330929e-33 0.00000000000000e+00 1.22464679914735e-16 -1.00000000000000e+00
022100
-2.52647901378035e+00 4.98543572827371e-01 1.25000000000000e-02
9.51028590200940e-01 -3.09102928844766e-01 0.00000000000000e+00 3.09102928844766e-01 9.51028590200940e-01 0.00000000000000e+00 0.00000000000000e+00 0.00000000000000e+00 1.00000000000000e+00
022101
-6.46189699431544e-01 1.10692738091599e+00 1.25000000000000e-02
9.51019855417309e-01 -3.09129802190018e-01 0.00000000000000e+00 3.09129802190018e-01 9.51019855417309e-01 0.00000000000000e+00 0.00000000000000e+00 0.00000000000000e+00 1.00000000000000e+00
022102
1.30147242178067e+00 1.75751734843312e+00 1.25000000000000e-02
9.51018581682074e-01 -3.09133720734920e-01 0.00000000000000e+00 3.09133720734920e-01 9.51018581682074e-01 0.00000000000000e+00 0.00000000000000e+00 0.00000000000000e+00 1.00000000000000e+00
022111
-9.28543083144540e-03 -8.33395983938056e-01 1.25000000000000e-02
9.51047281442844e-01 -3.09045414882952e-01 0.00000000000000e+00 3.09045414882952e-01 9.51047281442844e-01 0.00000000000000e+00 0.00000000000000e+00 0.00000000000000e+00 1.00000000000000e+00
022112
1.93930179564265e+00 -1.85108609837902e-01 1.25000000000000e-02
9.51084016135054e-01 -3.08932345752943e-01 0.00000000000000e+00 3.08932345752943e-01 9.51084016135054e-01 0.00000000000000e+00 0.00000000000000e+00 0.00000000000000e+00 1.00000000000000e+00
0230-1-1
-4.30606884970772e+00 5.92679530946296e+00 3.02500000000000e+01
-5.87785252292473e-01 -8.09016994374948e-01 0.00000000000000e+00 8.09016994374948e-01 -5.87785252292473e-01 0.00000000000000e+00 0.00000000000000e+00 -0.00000000000000e+00 1.00000000000000e+00
023000
-2.55032919180584e+00 5.09676969003343e-01 1.25000000000000e-02
9.51039024232051e-01 -3.09070824226015e-01 0.00000000000000e+00 3.09070824226015e-01 9.51039024232051e-01 0.00000000000000e+00 0.00000000000000e+00 0.00000000000000e+00 1.00000000000000e+00
023001
-6.50659162031535e-01 1.13485056485554e+00 1.25000000000000e-02
9.51026172936140e-01 -3.09110366035239e-01 0.00000000000000e+00 3.09110366035239e-01 9.51026172936140e-01 0.00000000000000e+00 0.00000000000000e+00 0.00000000000000e+00 1.00000000000000e+00
023002
1.30951049425489e+00 1.74651018840945e+00 1.25000000000000e-02
9.51034541836305e-01 -3.09084616624978e-01 0.00000000000000e+00 3.09084616624978e-01 9.51034541836305e-01 0.00000000000000e+00 0.00000000000000e+00 0.00000000000000e+00 1.00000000000000e+00
023011
-2.83768082012195e-02 -8.14748732039371e-01 1.25000000000000e-02
9.51078134318150e-01 -3.08950453021042e-01 0.00000000000000e+00 3.08950453021042e-01 9.51078134318150e-01 0.00000000000000e+00 0.00000000000000e+00 0.00000000000000e+00 1.00000000000000e+00
023012
1.93790667613094e+00 -1.94474415838130e-01 1.25000000000000e-02
9.51050477199053e-01 -3.09035580183664e-01 0.00000000000000e+00 3.09035580183664e-01 9.51050477199053e-01 0.00000000000000e+00 0.00000000000000e+00 0.00000000000000e+00 1.00000000000000e+00
0231-1-1
-4.30606884970772e+00 5.92679530946296e+00 3.02500000000000e+01
-5.87785252292473e-01 8.09016994374948e-01 9.90760072617092e-17 8.09016994374948e-01 5.87785252292473e-01 7.19829327805996e-17 0.00000000000000e+00 1.22464679914735e-16 -1.00000000000000e+00
023100
-2.55097280964389e+00 5.00376476570678e-01 1.25000000000000e-02
9.51086861640325e-01 -3.08923585398002e-01 0.00000000000000e+00 3.08923585398002e-01 9.51086861640325e-01 0.00000000000000e+00 0.00000000000000e+00 0.00000000000000e+00 1.00000000000000e+00
023101
-6.46375115724582e-01 1.11572772270182e+00 1.25000000000000e-02
9.51097209078200e-01 -3.08891726797042e-01 0.00000000000000e+00 3.08891726797042e-01 9.51097209078200e-01 0.00000000000000e+00 0.00000000000000e+00 0.00000000000000e+00 1.00000000000000e+00
023102
1.32261896054031e+00 1.76828177156684e+00 1.25000000000000e-02
9.51026171963441e-01 -3.09110369027899e-01 0.00000000000000e+00 3.09110369027899e-01 9.51026171963441e-01 0.00000000000000e+00 0.00000000000000e+00 0.00000000000000e+00 1.00000000000000e+00
023111
-1.65609779222859e-02 -8.32826696128171e-01 1.25000000000000e-02
9.51067443692778e-01 -3.08983361279672e-01 0.00000000000000e+00 3.08983361279672e-01 9.51067443692778e-01 0.00000000000000e+00 0.00000000000000e+00 0.00000000000000e+00 1.00000000000000e+00
023112
1.94470688884470e+00 -1.93152512783076e-01 1.25000000000000e-02
9.51021685760172e-01 -3.09124171189960e-01 0.00000000000000e+00 3.09124171189960e-01 9.51021685760172e-01 0.00000000000000e+00 0.00000000000000e+00 0.00000000000000e+00 1.00000000000000e+00
0240-1-1
-6.96736575480639e+00 2.26383436175143e+00 2.97500000000000e+01
-9.51056516295153e-01 -3.09016994374948e-01 0.00000000000000e+00 3.09016994374948e-01 -9.51056516295153e-01 0.00000000000000e+00 0.00000000000000e+00 -0.00000000000000e+00 1.00000000000000e+00
024000
-2.55362777589882e+00 5.02041842545517e-01 1.25000000000000e-02
9.51044242515872e-01 -3.09054766631113e-01 0.00000000000000e+00 3.09054766631113e-01 9.51044242515872e-01 0.00000000000000e+00 0.00000000000000e+00 0.00000000000000e+00 1.00000000000000e+00
024001
-6.46665160733147e-01 1.11826954030099e+00 1.25000000000000e-02
9.51037413668042e-01 -3.09075780033961e-01 0.00000000000000e+00 3.09075780033961e-01 9.51037413668042e-01 0.00000000000000e+00 0.00000000000000e+00 0.00000000000000e+00 1.00000000000000e+00
024002
1.28366071664761e+00 1.75313068010832e+00 1.25000000000000e-02
9.51059650159330e-01 -3.09007349166349e-01 0.00000000000000e+00 3.09007349166349e-01 9.51059650159330e-01 0.00000000000000e+00 0.00000000000000e+00 0.00000000000000e+00 1.00000000000000e+00
024011
-1.12474989320392e-02 -8.21324067434697e-01 1.25000000000000e-02
9.51072089327764e-01 -3.08969061398906e-01 0.00000000000000e+00 3.08969061398906e-01 9.51072089327764e-01 0.00000000000000e+00 0.00000000000000e+00 0.00000000000000e+00 1.00000000000000e+00
024012
1.94079130050930e+00 -1.97415579738470e-01 1.25000000000000e-02
9.51064414457673e-01 -3.08992685273105e-01 0.00000000000000e+00 3.08992685273105e-01 9.51064414457673e-01 0.00000000000000e+00 0.00000000000000e+00 0.00000000000000e+00 1.00000000000000e+00
0241-1-1
-6.96736575480639e+00 2.26383436175143e+00 2.97500000000000e+01
-9.51056516295153e-01 3.09016994374948e-01 3.78436673043416e-17 3.09016994374948e-01 9.51056516295153e-01 1.16470831848909e-16 0.00000000000000e+00 1.22464679914735e-16 -1.00000000000000e+00
024100
-2.53798894139811e+00 4.92884851293326e-01 1.25000000000000e-02
9.51080177050829e-01 -3.08944164568556e-01 0.00000000000000e+00 3.08944164568556e-01 9.51080177050829e-01 0.00000000000000e+00 0.00000000000000e+00 0.00000000000000e+00 1.00000000000000e+00
024101
-6.48064702646211e-01 1.12215245839050e+00 1.25000000000000e-02
9.51010185601192e-01 -3.09159549234349e-01 0.00000000000000e+00 3.09159549234349e-01 9.51010185601192e-01 0.00000000000000e+00 0.00000000000000e+00 0.00000000000000e+00 1.00000000000000e+00
024102
1.30526714780202e+00 1.76792141065639e+00 1.25000000000000e-02
9.51083628210741e-01 -3.08933540020331e-01 0.00000000000000e+00 3.08933540020331e-01 9.51083628210741e-01 0.00000000000000e+00 0.00000000000000e+00 0.00000000000000e+00 1.00000000000000e+00
024111
-1.39387556595660e-02 -8.25397771786760e-01 1.25000000000000e-02
9.51071800372260e-01 -3.08969950863621e-01 0.00000000000000e+00 3.08969950863621e-01 9.51071800372260e-01 0.00000000000000e+00 0.00000000000000e+00 0.00000000000000e+00 1.00000000000000e+00
024112
1.94384777045344e+00 -1.96403268269532e-01 1.25000000000000e-02
9.51010058257576e-01 -3.09159940957626e-01 0.00000000000000e+00 3.09159940957626e-01 9.51010058257576e-01 0.00000000000000e+00 0.00000000000000e+00 0.00000000000000e+00 1.00000000000000e+00
0300-1-1
6.96736575387775e+00 2.26383436460949e+00 3.97500000000000e+01
9.51056516295154e-01 -3.09016994374947e-01 0.00000000000000e+00 3.09016994374947e-01 9.51056516295154e-01 0.00000000000000e+00 0.00000000000000e+00 0.00000000000000e+00 1.00000000000000e+00
030000
-2.56865668620150e+00 5.03611835650451e-01 1.25000000000000e-02
9.51040845647242e-01 -3.09065219509698e-01 0.00000000000000e+00 3.09065219509698e-01 9.51040845647242e-01 0.00000000000000e+00 0.00000000000000e+00 0.00000000000000e+00 1.00000000000000e+00
030001
-6.56921582024656e-01 1.10996918434868e+00 1.25000000000000e-02
9.51073580062652e-01 -3.08964472564096e-01 0.00000000000000e+00 3.08964472564096e-01 9.51073580062652e-01 0.00000000000000e+00 0.00000000000000e+00 0.00000000000000e+00 1.00000000000000e+00
030002
1.29056736585051e+00 1.75625817116619e+00 1.25000000000000e-02
9.51038005263637e-01 -3.09073959666876e-01 0.00000000000000e+00 3.09073959666876e-01 9.51038005263637e-01 0.00000000000000e+00 0.00000000000000e+00 0.00000000000000e+00 1.00000000000000e+00
030011
-2.22694551470410e-02 -8.25534528993837e-01 1.25000000000000e-02
9.50992645389944e-01 -3.09213499728321e-01 0.00000000000000e+00 3.09213499728321e-01 9.50992645389944e-01 0.00000000000000e+00 0.00000000000000e+00 0.00000000000000e+00 1.00000000000000e+00
030012
1.93362610801234e+00 -1.96602494789254e-01 1.25000000000000e-02
9.51129717603801e-01 -3.08791613051445e-01 0.00000000000000e+00 3.08791613051445e-01 9.51129717603801e-01 0.00000000000000e+00 0.00000000000000e+00 0.00000000000000e+00 1.00000000000000e+00
0301-1-1
6.96736575387775e+00 2.26383436460949e+00 3.97500000000000e+01
9.51056516295154e-01 3.09016994374947e-01 3.78436673043415e-17 3.09016994374947e-01 -9.51056516295154e-01 -1.16470831848909e-16 0.00000000000000e+00 1.22464679914735e-16 -1.00000000000000e+00
030100
-2.55429910122859e+00 4.96603570497183e-01 1.25000000000000e-02
9.51033113038657e-01 -3.09089012913759e-01 0.00000000000000e+00 3.09089012913759e-01 9.51033113038657e-01 0.00000000000000e+00 0.00000000000000e+00 0.00000000000000e+00 1.00000000000000e+00
030101
-6.41977625101524e-01 1.10097723994695e+00 1.25000000000000e-02
9.51035614848717e-01 -3.09081315011637e-01 0.00000000000000e+00 3.09081315011637e-01 9.51035614848717e-01 0.00000000000000e+00 0.00000000000000e+00 0.00000000000000e+00 1.00000000000000e+00
030102
1.29884231572280e+00 1.76272149513529e+00 1.25000000000000e-02
9.51062633567811e-01 -3.08998166711486e-01 0.00000000000000e+00 3.08998166711486e-01 9.51062633567811e-01 0.00000000000000e+00 0.00000000000000e+00 0.00000000000000e+00 1.00000000000000e+00
030111
-1.54522562745742e-02 -8.46596400332348e-01 1.25000000000000e-02
9.51050079926230e-01 -3.09036802779721e-01 0.00000000000000e+00 3.09036802779721e-01 9.51050079926230e-01 0.00000000000000e+00 0.00000000000000e+00 0.00000000000000e+00 1.00000000000000e+00
030112
1.92055013587775e+00 -1.95690655997953e-01 1.25000000000000e-02
9.51040916288191e-01 -3.09065002136636e-01 0.00000000000000e+00 3.09065002136636e-01 9.51040916288191e-01 0.00000000000000e+00 0.00000000000000e+00 0.00000000000000e+00 1.00000000000000e+00
0310-1-1
4.30606884727652e+00 5.92679531122934e+00 4.02500000000000e+01
5.87785252292473e-01 -8.09016994374947e-01 0.00000000000000e+00 8.09016994374947e-01 5.87785252292473e-01 0.00000000000000e+00 0.00000000000000e+00 0.00000000000000e+00 1.00000000000000e+00
031000
-2.56485520693926e+00 5.15208110289404e-01 1.25000000000000e-02
9.51043936310591e-01 -3.09055708905137e-01 0.00000000000000e+00 3.09055708905137e-01 9.51043936310591e-01 0.00000000000000e+00 0.00000000000000e+00 0.00000000000000e+00 1.00000000000000e+00
031001
-6.55620891880240e-01 1.11971512358553e+00 1.25000000000000e-02
9.51007351290046e-01 -3.09168267764158e-01 0.00000000000000e+00 3.09168267764158e-01 9.51007351290046e-01 0.00000000000000e+00 0.00000000000000e+00 0.00000000000000e+00 1.00000000000000e+00
031002
1.28829537911497e+00 1.74108108177881e+00 1.25000000000000e-02
9.51029247225183e-01 -3.09100907346294e-01 0.00000000000000e+00 3.09100907346294e-01 9.51029247225183e-01 0.00000000000000e+00 0.00000000000000e+00 0.00000000000000e+00 1.00000000000000e+00
031011
-1.56210390872578e-02 -8.33445171874601e-01 1.25000000000000e-02
9.51020069121401e-01 -3.09129144741037e-01 0.00000000000000e+00 3.09129144741037e-01 9.51020069121401e-01 0.00000000000000e+00 0.00000000000000e+00 0.00000000000000e+00 1.00000000000000e+00
031012
1.94219160312410e+00 -1.87929674575553e-01 1.25000000000000e-02
9.51087545068557e-01 -3.08921481311135e-01 0.00000000000000e+00 3.08921481311135e-01 9.51087545068557e-01 0.00000000000000e+00 0.00000000000000e+00 0.00000000000000e+00 1.00000000000000e+00
0311-1-1
4.30606884727652e+00 5.92679531122934e+00 4.02500000000000e+01
5.87785252292473e-01 8.09016994374947e-01 9.90760072617092e-17 8.09016994374947e-01 -5.87785252292473e-01 -7.19829327805997e-17 0.00000000000000e+00 1.22464679914735e-16 -1.00000000000000e+00
031100
-2.55062916483833e+00 5.02920333439973e-01 1.25000000000000e-02
9.51049534770597e-01 -3.09038480472305e-01 0.00000000000000e+00 3.09038480472305e-01 9.51049534770597e-01 0.00000000000000e+00 0.00000000000000e+00 0.00000000000000e+00 1.00000000000000e+00
031101
-6.33886334043264e-01 1.13331864175568e+00 1.25000000000000e-02
9.51024439555390e-01 -3.09115699000157e-01 0.00000000000000e+00 3.09115699000157e-01 9.51024439555390e-01 0.00000000000000e+00 0.00000000000000e+00 0.00000000000000e+00 1.00000000000000e+00
031102
1.29808099449967e+00 1.75333387224968e+00 1.25000000000000e-02
9.51067163161511e-01 -3.08984224768703e-01 0.00000000000000e+00 3.08984224768703e-01 9.51067163161511e-01 0.00000000000000e+00 0.00000000000000e+00 0.00000000000000e+00 1.00000000000000e+00
031111
-1.89876638757593e-02 -8.43985970583118e-01 1.25000000000000e-02
9.51117425132957e-01 -3.08829473348083e-01 0.00000000000000e+00 3.08829473348083e-01 9.51117425132957e-01 0.00000000000000e+00 0.00000000000000e+00 0.00000000000000e+00 1.00000000000000e+00
031112
1.93689585860085e+00 -1.92520269244855e-01 1.25000000000000e-02
9.51026940602037e-01 -3.09108004181597e-01 0.00000000000000e+00 3.09108004181597e-01 9.51026940602037e-01 0.00000000000000e+00 0.00000000000000e+00 0.00000000000000e+00 1.00000000000000e+00
0320-1-1
-1.50257169723885e-09 7.32592189275148e+00 3.97500000000000e+01
6.12323399573677e-17 -1.00000000000000e+00 0.00000000000000e+00 1.00000000000000e+00 6.12323399573677e-17 0.00000000000000e+00 0.00000000000000e+00 0.00000000000000e+00 1.00000000000000e+00
032000
-2.54962718664859e+00 4.97097397062066e-01 1.25000000000000e-02
9.51092240025797e-01 -3.08907026405537e-01 0.00000000000000e+00 3.08907026405537e-01 9.51092240025797e-01 0.00000000000000e+00 0.00000000000000e+00 0.00000000000000e+00 1.00000000000000e+00
032001
-6.57477525302543e-01 1.14098200326384e+00 1.25000000000000e-02
9.51068135413768e-01 -3.08981232117062e-01 0.00000000000000e+00 3.08981232117062e-01 9.51068135413768e-01 0.00000000000000e+00 0.00000000000000e+00 0.00000000000000e+00 1.00000000000000e+00
032002
1.30642090801168e+00 1.75388897308958e+00 1.25000000000000e-02
9.51057013307547e-01 -3.09015464723901e-01 0.00000000000000e+00 3.09015464723901e-01 9.51057013307547e-01 0.00000000000000e+00 0.00000000000000e+00 0.00000000000000e+00 1.00000000000000e+00
032011
-1.37353876819692e-02 -8.29987307764279e-01 1.25000000000000e-02
9.51034227108134e-01 -3.09085585022716e-01 0.00000000000000e+00 3.09085585022716e-01 9.51034227108134e-01 0.00000000000000e+00 0.00000000000000e+00 0.00000000000000e+00 1.00000000000000e+00
032012
1.92879547796890e+00 -1.89057484822069e-01 1.25000000000000e-02
9.51016773895543e-01 -3.09139282151773e-01 0.00000000000000e+00 3.09139282151773e-01 9.51016773895543e-01 0.00000000000000e+00 0.00000000000000e+00 0.00000000000000e+00 1.00000000000000e+00
0321-1-1
-1.50257169723885e-09 7.32592189275148e+00 3.97500000000000e+01
6.12323399573677e-17 1.00000000000000e+00 1.22464679914735e-16 1.00000000000000e+00 -6.12323399573677e-17 -7.49879891330929e-33 0.00000000000000e+00 1.22464679914735e-16 -1.00000000000000e+00
032100
-2.53670550886231e+00 5.01343445192024e-01 1.25000000000000e-02
9.51036031441418e-01 -3.09080033163190e-01 0.00000000000000e+00 3.09080033163190e-01 9.51036031441418e-01 0.00000000000000e+00 0.00000000000000e+00 0.00000000000000e+00 1.00000000000000e+00
032101
-6.45993628891222e-01 1.10922024659861e+00 1.25000000000000e-02
9.51036985914538e-01 -3.09077096243949e-01 0.00000000000000e+00 3.09077096243949e-01 9.51036985914538e-01 0.00000000000000e+00 0.00000000000000e+00 0.00000000000000e+00 1.00000000000000e+00
032102
1.31223713130883e+00 1.76372259422226e+00 1.25000000000000e-02
9.51010420516341e-01 -3.09158826607509e-01 0.00000000000000e+00 3.09158826607509e-01 9.51010420516341e-01 0.00000000000000e+00 0.00000000000000e+00 0.00000000000000e+00 1.00000000000000e+00
032111
-6.31169717914215e-04 -8.38933579889563e-01 1.25000000000000e-02
9.51018656721759e-01 -3.09133489882836e-01 0.00000000000000e+00 3.09133489882836e-01 9.51018656721759e-01 0.00000000000000e+00 0.00000000000000e+00 0.00000000000000e+00 1.00000000000000e+00
032112
1.95444764033871e+00 -1.94199728695239e-01 1.25000000000000e-02
9.51027259869466e-01 -3.09107021895613e-01 0.00000000000000e+00 3.09107021895613e-01 9.51027259869466e-01 0.00000000000000e+00 0.00000000000000e+00 0.00000000000000e+00 1.00000000000000e+00
0330-1-1
-4.30606884970772e+00 5.92679530946296e+00 4.02500000000000e+01
-5.87785252292473e-01 -8.09016994374948e-01 0.00000000000000e+00 8.09016994374948e-01 -5.87785252292473e-01 0.00000000000000e+00 0.00000000000000e+00 -0.00000000000000e+00 1.00000000000000e+00
033000
-2.53704485913480e+00 5.09026564997583e-01 1.25000000000000e-02
9.51062424293079e-01 -3.08998810835528e-01 0.00000000000000e+00 3.08998810835528e-01 9.51062424293079e-01 0.00000000000000e+00 0.00000000000000e+00 0.00000000000000e+00 1.00000000000000e+00
033001
-6.54925161248900e-01 1.13293573411897e+00 1.25000000000000e-02
9.51101837998112e-01 -3.08877473695659e-01 0.00000000000000e+00 3.08877473695659e-01 9.51101837998112e-01 0.00000000000000e+00 0.00000000000000e+00 0.00000000000000e+00 1.00000000000000e+00
033002
1.31798762889205e+00 1.76606708378845e+00 1.25000000000000e-02
9.51097743199948e-01 -3.08890082197479e-01 0.00000000000000e+00 3.08890082197479e-01 9.51097743199948e-01 0.00000000000000e+00 0.00000000000000e+00 0.00000000000000e+00 1.00000000000000e+00
033011
-1.89144102554399e-02 -8.48921040825375e-01 1.25000000000000e-02
9.51076550304399e-01 -3.08955329232373e-01 0.00000000000000e+00 3.08955329232373e-01 9.51076550304399e-01 0.00000000000000e+00 0.00000000000000e+00 0.00000000000000e+00 1.00000000000000e+00
033012
1.94948611598495e+00 -2.05917661235529e-01 1.25000000000000e-02
9.51063492850065e-01 -3.08995521921975e-01 0.00000000000000e+00 3.08995521921975e-01 9.51063492850065e-01 0.00000000000000e+00 0.00000000000000e+00 0.00000000000000e+00 1.00000000000000e+00
0331-1-1
-4.30606884970772e+00 5.92679530946296e+00 4.02500000000000e+01
-5.87785252292473e-01 8.09016994374948e-01 9.90760072617092e-17 8.09016994374948e-01 5.87785252292473e-01 7.19829327805996e-17 0.00000000000000e+00 1.22464679914735e-16 -1.00000000000000e+00
033100
-2.55124094103341e+00 5.00942052702191e-01 1.25000000000000e-02
9.51007459448353e-01 -3.09167935066994e-01 0.00000000000000e+00 3.09167935066994e-01 9.51007459448353e-01 0.00000000000000e+00 0.00000000000000e+00 0.00000000000000e+00 1.00000000000000e+00
033101
-6.42298988045916e-01 1.12123490810796e+00 1.25000000000000e-02
9.51048089123408e-01 -3.09042929339458e-01 0.00000000000000e+00 3.09042929339458e-01 9.51048089123408e-01 0.00000000000000e+00 0.00000000000000e+00 0.00000000000000e+00 1.00000000000000e+00
033102
1.29002958108371e+00 1.75587582905579e+00 1.25000000000000e-02
9.51061693614867e-01 -3.09001059769091e-01 0.00000000000000e+00 3.09001059769091e-01 9.51061693614867e-01 0.00000000000000e+00 0.00000000000000e+00 0.00000000000000e+00 1.00000000000000e+00
033111
-4.22912809891995e-03 -8.31798246898497e-01 1.25000000000000e-02
9.51045941486797e-01 -3.09049538393914e-01 0.00000000000000e+00 3.09049538393914e-01 9.51045941486797e-01 0.00000000000000e+00 0.00000000000000e+00 0.00000000000000e+00 1.00000000000000e+00
033112
1.94442769828897e+00 -1.88011653149101e-01 1.25000000000000e-02
9.50976453765624e-01 -3.09263292977615e-01 0.00000000000000e+00 3.09263292977615e-01 9.50976453765624e-01 0.00000000000000e+00 0.00000000000000e+00 0.00000000000000e+00 1.00000000000000e+00
0340-1-1
-6.96736575480639e+00 2.26383436175143e+00 3.97500000000000e+01
-9.51056516295153e-01 -3.09016994374948e-01 0.00000000000000e+00 3.09016994374948e-01 -9.51056516295153e-01 0.00000000000000e+00 0.00000000000000e+00 -0.00000000000000e+00 1.00000000000000e+00
034000
-2.54470839126652e+00 5.01618273247441e-01 1.25000000000000e-02
9.51039706786135e-01 -3.09068723937155e-01 0.00000000000000e+00 3.09068723937155e-01 9.51039706786135e-01 0.00000000000000e+00 0.00000000000000e+00 0.00000000000000e+00 1.00000000000000e+00
034001
-6.31920518658450e-01 1.12731618613912e+00 1.25000000000000e-02
9.51032673325678e-01 -3.09090365859263e-01 0.00000000000000e+00 3.09090365859263e-01 9.51032673325678e-01 0.00000000000000e+00 0.00000000000000e+00 0.00000000000000e+00 1.00000000000000e+00
034002
1.31302522268018e+00 1.76263758613850e+00 1.25000000000000e-02
9.51057443881690e-01 -3.09014139542554e-01 0.00000000000000e+00 3.09014139542554e-01 9.51057443881690e-01 0.00000000000000e+00 0.00000000000000e+00 0.00000000000000e+00 1.00000000000000e+00
034011
-1.32669699419563e-02 -8.31644768412336e-01 1.25000000000000e-02
9.51101570889378e-01 -3.08878296181129e-01 0.00000000000000e+00 3.08878296181129e-01 9.51101570889378e-01 0.00000000000000e+00 0.00000000000000e+00 0.00000000000000e+00 1.00000000000000e+00
034012
1.92504252794187e+00 -1.94728709341060e-01 1.25000000000000e-02
9.51033158960948e-01 -3.09088871615852e-01 0.00000000000000e+00 3.09088871615852e-01 9.51033158960948e-01 0.00000000000000e+00 0.00000000000000e+00 0.00000000000000e+00 1.00000000000000e+00
0341-1-1
-6.96736575480639e+00 2.26383436175143e+00 3.97500000000000e+01
-9.51056516295153e-01 3.09016994374948e-01 3.78436673043416e-17 3.09016994374948e-01 9.51056516295153e-01 1.16470831848909e-16 0.00000000000000e+00 1.22464679914735e-16 -1.00000000000000e+00
034100
-2.55656766694900e+00 5.13136452222534e-01 1.25000000000000e-02
9.51069314000969e-01 -3.08977604310937e-01 0.00000000000000e+00 3.08977604310937e-01 9.51069314000969e-01 0.00000000000000e+00 0.00000000000000e+00 0.00000000000000e+00 1.00000000000000e+00
034101
-6.45036010585644e-01 1.12563999890231e+00 1.25000000000000e-02
9.51104766634649e-01 -3.08868455632570e-01 0.00000000000000e+00 3.08868455632570e-01 9.51104766634649e-01 0.00000000000000e+00 0.00000000000000e+00 0.00000000000000e+00 1.00000000000000e+00
034102
1.30225729047948e+00 1.74543759753745e+00 1.25000000000000e-02
9.51043722414723e-01 -3.09056367116982e-01 0.00000000000000e+00 3.09056367116982e-01 9.51043722414723e-01 0.00000000000000e+00 0.00000000000000e+00 0.00000000000000e+00 1.00000000000000e+00
034111
4.61381944715278e-03 -8.41924682291264e-01 1.25000000000000e-02
9.51054621248516e-01 -3.09022826667936e-01 0.00000000000000e+00 3.09022826667936e-01 9.51054621248516e-01 0.00000000000000e+00 0.00000000000000e+00 0.00000000000000e+00 1.00000000000000e+00
034112
1.93811646140930e+00 -1.93886403428173e-01 1.25000000000000e-02
9.51051218951099e-01 -3.09033297448072e-01 0.00000000000000e+00 3.09033297448072e-01 9.51051218951099e-01 0.00000000000000e+00 0.00000000000000e+00 0.00000000000000e+00 1.00000000000000e+00
1000-1-1
-6.96736575294911e+00 -2.26383436746755e+00 2.50000000000000e-01
-9.51056516295154e-01 3.09016994374947e-01 0.00000000000000e+00 -3.09016994374947e-01 -9.51056516295154e-01 -0.00000000000000e+00 -0.00000000000000e+00 -0.00000000000000e+00 1.00000000000000e+00
100000
-2.54126192897489e+00 5.03686431895934e-01 1.25000000000000e-02
9.51008410337123e-01 -3.09165010096643e-01 0.00000000000000e+00 3.09165010096643e-01 9.51008410337123e-01 0.00000000000000e+00 0.00000000000000e+00 0.00000000000000e+00 1.00000000000000e+00
100001
-6.29866107152119e-01 1.11334675242301e+00 1.25000000000000e-02
9.51016874346760e-01 -3.09138973129754e-01 0.00000000000000e+00 3.09138973129754e-01 9.51016874346760e-01 0.00000000000000e+00 0.00000000000000e+00 0.00000000000000e+00 1.00000000000000e+00
100002
1.32778866218703e+00 1.74052350899447e+00 1.25000000000000e-02
9.51058134753853e-01 -3.09012013226867e-01 0.00000000000000e+00 3.09012013226867e-01 9.51058134753853e-01 0.00000000000000e+00 0.00000000000000e+00 0.00000000000000e+00 1.00000000000000e+00
100011
-2.13615948758639e-03 -8.24363868724484e-01 1.25000000000000e-02
9.51011209569309e-01 -3.09156399373391e-01 0.00000000000000e+00 3.09156399373391e-01 9.51011209569309e-01 0.00000000000000e+00 0.00000000000000e+00 0.00000000000000e+00 1.00000000000000e+00
100012
1.95723484747291e+00 -2.04666600279151e-01 1.25000000000000e-02
9.51083431513252e-01 -3.08934145573094e-01 0.00000000000000e+00 3.08934145573094e-01 9.51083431513252e-01 0.00000000000000e+00 0.00000000000000e+00 0.00000000000000e+00 1.00000000000000e+00
1001-1-1
-6.96736575294911e+00 -2.26383436746755e+00 2.50000000000000e-01
-9.51056516295154e-01 -3.09016994374947e-01 -3.78436673043414e-17 -3.09016994374947e-01 9.51056516295154e-01 1.16470831848909e-16 0.00000000000000e+00 1.22464679914735e-16 -1.00000000000000e+00
100100
-2.55048840981865e+00 4.84164832072001e-01 1.25000000000000e-02
9.51022416550079e-01 -3.09121922902998e-01 0.00000000000000e+00 3.09121922902998e-01 9.51022416550079e-01 0.00000000000000e+00 0.00000000000000e+00 0.00000000000000e+00 1.00000000000000e+00
100101
-6.41872091953047e-01 1.12698146237552e+00 1.25000000000000e-02
9.51046884451586e-01 -3.09046636569516e-01 0.00000000000000e+00 3.09046636569516e-01 9.51046884451586e-01 0.00000000000000e+00 0.00000000000000e+00 0.00000000000000e+00 1.00000000000000e+00
100102
1.29470623203212e+00 1.75911987578464e+00 1.25000000000000e-02
9.51068503810628e-01 -3.08980098160729e-01 0.00000000000000e+00 3.08980098160729e-01 9.51068503810628e-01 0.00000000000000e+00 0.00000000000000e+00 0.00000000000000e+00 1.00000000000000e+00
100111
1.94318710301777e-03 -8.23090438200771e-01 1.25000000000000e-02
9.51017889617068e-01 -3.09135849794712e-01 0.00000000000000e+00 3.09135849794712e-01 9.51017889617068e-01 0.00000000000000e+00 0.00000000000000e+00 0.00000000000000e+00 1.00000000000000e+00
100112
1.94167795011285e+00 -2.10516425973768e-01 1.25000000000000e-02
9.51130557681003e-01 -3.08789025461437e-01 0.00000000000000e+00 3.08789025461437e-01 9.51130557681003e-01 0.00000000000000e+00 0.00000000000000e+00 0.00000000000000e+00 1.00000000000000e+00
1010-1-1
-4.30606884484531e+00 -5.92679531299571e+00 -2.50000000000000e-01
-5.87785252292473e-01 8.09016994374947e-01 0.00000000000000e+00 -8.09016994374947e-01 -5.87785252292473e-01 -0.00000000000000e+00 -0.00000000000000e+00 -0.00000000000000e+00 1.00000000000000e+00
101000
-2.54531336155766e+00 4.89608909382448e-01 1.25000000000000e-02
9.51054330661328e-01 -3.09023720983251e-01 0.00000000000000e+00 3.09023720983251e-01 9.51054330661328e-01 0.00000000000000e+00 0.00000000000000e+00 0.00000000000000e+00 1.00000000000000e+00
101001
-6.39701284437406e-01 1.12336066515489e+00 1.25000000000000e-02
9.51054228458215e-01 -3.09024035524340e-01 0.00000000000000e+00 3.09024035524340e-01 9.51054228458215e-01 0.00000000000000e+00 0.00000000000000e+00 0.00000000000000e+00 1.00000000000000e+00
101002
1.30554501277135e+00 1.76217379191293e+00 1.25000000000000e-02
9.51071605843714e-01 -3.08970549661061e-01 0.00000000000000e+00 3.08970549661061e-01 9.51071605843714e-01 0.00000000000000e+00 0.00000000000000e+00 0.00000000000000e+00 1.00000000000000e+00
101011
-1.28504491166672e-02 -8.34104997287008e-01 1.25000000000000e-02
9.51007626055714e-01 -3.09167422578569e-01 0.00000000000000e+00 3.09167422578569e-01 9.51007626055714e-01 0.00000000000000e+00 0.00000000000000e+00 0.00000000000000e+00 1.00000000000000e+00
101012
1.94402834192394e+00 -1.87044992112770e-01 1.25000000000000e-02
9.51088931186325e-01 -3.08917213788507e-01 0.00000000000000e+00 3.08917213788507e-01 9.51088931186325e-01 0.00000000000000e+00 0.00000000000000e+00 0.00000000000000e+00 1.00000000000000e+00
1011-1-1
-4.30606884484531e+00 -5.92679531299571e+00 -2.50000000000000e-01
-5.87785252292473e-01 -8.09016994374947e-01 -9.90760072617091e-17 -8.09016994374947e-01 5.87785252292473e-01 7.19829327805997e-17 0.00000000000000e+00 1.22464679914735e-16 -1.00000000000000e+00
101100
-2.54904594191934e+00 5.00045597528537e-01 1.25000000000000e-02
9.51053482859355e-01 -3.09026330174454e-01 0.00000000000000e+00 3.09026330174454e-01 9.51053482859355e-01 0.00000000000000e+00 0.00000000000000e+00 0.00000000000000e+00 1.00000000000000e+00
101101
-6.55771860259625e-01 1.12021686692906e+00 1.25000000000000e-02
9.51052535830238e-01 -3.09029244717831e-01 0.00000000000000e+00 3.09029244717831e-01 9.51052535830238e-01 0.00000000000000e+00 0.00000000000000e+00 0.00000000000000e+00 1.00000000000000e+00
101102
1.31477350648108e+00 1.74803754797296e+00 1.25000000000000e-02
9.51085424315775e-01 -3.08928010471828e-01 0.00000000000000e+00 3.08928010471828e-01 9.51085424315775e-01 0.00000000000000e+00 0.00000000000000e+00 0.00000000000000e+00 1.00000000000000e+00
101111
-2.79955192797323e-02 -8.19562466210772e-01 1.25000000000000e-02
9.51036477616269e-01 -3.09078660284466e-01 0.00000000000000e+00 3.09078660284466e-01 9.51036477616269e-01 0.00000000000000e+00 0.00000000000000e+00 0.00000000000000e+00 1.00000000000000e+00
101112
1.93597765409672e+00 -1.89116913663642e-01 1.25000000000000e-02
9.51050026336275e-01 -3.09036967700905e-01 0.00000000000000e+00 3.09036967700905e-01 9.51050026336275e-01 0.00000000000000e+00 0.00000000000000e+00 0.00000000000000e+00 1.00000000000000e+00
1020-1-1
4.50771509171656e-09 -7.32592189275148e+00 2.50000000000000e-01
-1.83697019872103e-16 1.00000000000000e+00 0.00000000000000e+00 -1.00000000000000e+00 -1.83697019872103e-16 -0.00000000000000e+00 -0.00000000000000e+00 -0.00000000000000e+00 1.00000000000000e+00
102000
-2.54030004200496e+00 5.06666124590736e-01 1.25000000000000e-02
9.51041239596418e-01 -3.09064007265336e-01 0.00000000000000e+00 3.09064007265336e-01 9.51041239596418e-01 0.00000000000000e+00 0.00000000000000e+00 0.00000000000000e+00 1.00000000000000e+00
102001
-6.45383386358175e-01 1.11737822313220e+00 1.25000000000000e-02
9.51024277521337e-01 -3.09116197513199e-01 0.00000000000000e+00 3.09116197513199e-01 9.51024277521337e-01 0.00000000000000e+00 0.00000000000000e+00 0.00000000000000e+00 1.00000000000000e+00
102002
1.30749010119889e+00 1.76433739305272e+00 1.25000000000000e-02
9.51039596745183e-01 -3.09069062545509e-01 0.00000000000000e+00 3.09069062545509e-01 9.51039596745183e-01 0.00000000000000e+00 0.00000000000000e+00 0.00000000000000e+00 1.00000000000000e+00
102011
-7.68881093154228e-03 -8.28714609604325e-01 1.25000000000000e-02
9.51017269443498e-01 -3.09137757674847e-01 0.00000000000000e+00 3.09137757674847e-01 9.51017269443498e-01 0.00000000000000e+00 0.00000000000000e+00 0.00000000000000e+00 1.00000000000000e+00
102012
1.93918419434599e+00 -2.02693421385671e-01 1.25000000000000e-02
9.51022241764398e-01 -3.09122460635618e-01 0.00000000000000e+00 3.09122460635618e-01 9.51022241764398e-01 0.00000000000000e+00 0.00000000000000e+00 0.00000000000000e+00 1.00000000000000e+00
1021-1-1
4.50771509171656e-09 -7.32592189275148e+00 2.50000000000000e-01
-1.83697019872103e-16 -1.00000000000000e+00 -1.22464679914735e-16 -1.00000000000000e+00 1.83697019872103e-16 2.24963967399279e-32 0.00000000000000e+00 1.22464679914735e-16 -1.00000000000000e+00
102100
-2.53309471628914e+00 4.83837304885897e-01 1.25000000000000e-02
9.51045261009035e-01 -3.09051632437455e-01 0.00000000000000e+00 3.09051632437455e-01 9.51045261009035e-01 0.00000000000000e+00 0.00000000000000e+00 0.00000000000000e+00 1.00000000000000e+00
102101
-6.59709994405354e-01 1.12037592855586e+00 1.25000000000000e-02
9.51064879993050e-01 -3.08991252374246e-01 0.00000000000000e+00 3.08991252374246e-01 9.51064879993050e-01 0.00000000000000e+00 0.00000000000000e+00 0.00000000000000e+00 1.00000000000000e+00
102102
1.31585132089702e+00 1.75521948868712e+00 1.25000000000000e-02
9.51031992049642e-01 -3.09092462053167e-01 0.00000000000000e+00 3.09092462053167e-01 9.51031992049642e-01 0.00000000000000e+00 0.00000000000000e+00 0.00000000000000e+00 1.00000000000000e+00
102111
-3.35957442716106e-03 -8.29880366990173e-01 1.25000000000000e-02
9.51056516295154e-01 -3.09016994374947e-01 0.00000000000000e+00 3.09016994374947e-01 9.51056516295154e-01 0.00000000000000e+00 0.00000000000000e+00 0.00000000000000e+00 1.00000000000000e+00
102112
1.94191011317465e+00 -1.89869474344560e-01 1.25000000000000e-02
9.51108670306903e-01 -3.08856434718520e-01 0.00000000000000e+00 3.08856434718520e-01 9.51108670306903e-01 0.00000000000000e+00 0.00000000000000e+00 0.00000000000000e+00 1.00000000000000e+00
1030-1-1
4.30606885213894e+00 -5.92679530769658e+00 -2.50000000000000e-01
5.87785252292473e-01 8.09016994374948e-01 0.00000000000000e+00 -8.09016994374948e-01 5.87785252292473e-01 -0.00000000000000e+00 -0.00000000000000e+00 0.00000000000000e+00 1.00000000000000e+00
103000
-2.53786568108254e+00 4.99495926527083e-01 1.25000000000000e-02
9.51084251099175e-01 -3.08931622387741e-01 0.00000000000000e+00 3.08931622387741e-01 9.51084251099175e-01 0.00000000000000e+00 0.00000000000000e+00 0.00000000000000e+00 1.00000000000000e+00
103001
-6.52232048358027e-01 1.11831415814551e+00 1.25000000000000e-02
9.51054133034150e-01 -3.09024329201862e-01 0.00000000000000e+00 3.09024329201862e-01 9.51054133034150e-01 0.00000000000000e+00 0.00000000000000e+00 0.00000000000000e+00 1.00000000000000e+00
103002
1.30324673597194e+00 1.75428896528247e+00 1.25000000000000e-02
9.51050442020441e-01 -3.09035688445078e-01 0.00000000000000e+00 3.09035688445078e-01 9.51050442020441e-01 0.00000000000000e+00 0.00000000000000e+00 0.00000000000000e+00 1.00000000000000e+00
103011
-3.13680855365432e-02 -8.16215551855729e-01 1.25000000000000e-02
9.51090722087663e-01 -3.08911699938295e-01 0.00000000000000e+00 3.08911699938295e-01 9.51090722087663e-01 0.00000000000000e+00 0.00000000000000e+00 0.00000000000000e+00 1.00000000000000e+00
103012
1.92888568916588e+00 -2.05916933623159e-01 1.25000000000000e-02
9.51079912145876e-01 -3.08944980073462e-01 0.00000000000000e+00 3.08944980073462e-01 9.51079912145876e-01 0.00000000000000e+00 0.00000000000000e+00 0.00000000000000e+00 1.00000000000000e+00
1031-1-1
4.30606885213894e+00 -5.92679530769658e+00 -2.50000000000000e-01
5.87785252292473e-01 -8.09016994374948e-01 -9.90760072617092e-17 -8.09016994374948e-01 -5.87785252292473e-01 -7.19829327805996e-17 0.00000000000000e+00 1.22464679914735e-16 -1.00000000000000e+00
103100
-2.52115525634489e+00 4.95353791503751e-01 1.25000000000000e-02
9.50984634175203e-01 -3.09238137303043e-01 0.00000000000000e+00 3.09238137303043e-01 9.50984634175203e-01 0.00000000000000e+00 0.00000000000000e+00 0.00000000000000e+00 1.00000000000000e+00
103101
-6.38685148911317e-01 1.10074347486347e+00 1.25000000000000e-02
9.51083276788918e-01 -3.08934621906406e-01 0.00000000000000e+00 3.08934621906406e-01 9.51083276788918e-01 0.00000000000000e+00 0.00000000000000e+00 0.00000000000000e+00 1.00000000000000e+00
103102
1.30999187979710e+00 1.77403823223045e+00 1.25000000000000e-02
9.51092961926424e-01 -3.08904803740606e-01 0.00000000000000e+00 3.08904803740606e-01 9.51092961926424e-01 0.00000000000000e+00 0.00000000000000e+00 0.00000000000000e+00 1.00000000000000e+00
103111
-1.71025880927433e-02 -8.28387709925673e-01 1.25000000000000e-02
9.51051705804410e-01 -3.09031799151030e-01 0.00000000000000e+00 3.09031799151030e-01 9.51051705804410e-01 0.00000000000000e+00 0.00000000000000e+00 0.00000000000000e+00 1.00000000000000e+00
103112
1.94276154852363e+00 -1.87858483538264e-01 1.25000000000000e-02
9.51006966221424e-01 -3.09169452239906e-01 0.00000000000000e+00 3.09169452239906e-01 9.51006966221424e-01 0.00000000000000e+00 0.00000000000000e+00 0.00000000000000e+00 1.00000000000000e+00
1040-1-1
6.96736575573503e+00 -2.26383435889338e+00 2.50000000000000e-01
9.51056516295153e-01 3.09016994374949e-01 0.00000000000000e+00 -3.09016994374949e-01 9.51056516295153e-01 -0.00000000000000e+00 -0.00000000000000e+00 0.00000000000000e+00 1.00000000000000e+00
104000
-2.53658507717816e+00 4.99937213571307e-01 1.25000000000000e-02
9.51055061381414e-01 -3.09021472103145e-01 0.00000000000000e+00 3.09021472103145e-01 9.51055061381414e-01 0.00000000000000e+00 0.00000000000000e+00 0.00000000000000e+00 1.00000000000000e+00
104001
-6.38245905525706e-01 1.11473882885745e+00 1.25000000000000e-02
9.51074931307019e-01 -3.08960313049021e-01 0.00000000000000e+00 3.08960313049021e-01 9.51074931307019e-01 0.00000000000000e+00 0.00000000000000e+00 0.00000000000000e+00 1.00000000000000e+00
104002
1.31583423223245e+00 1.77295551534286e+00 1.25000000000000e-02
9.51045672314402e-01 -3.09050366723690e-01 0.00000000000000e+00 3.09050366723690e-01 9.51045672314402e-01 0.00000000000000e+00 0.00000000000000e+00 0.00000000000000e+00 1.00000000000000e+00
104011
-8.78061700465471e-03 -8.34592585452039e-01 1.25000000000000e-02
9.51073904959659e-01 -3.08963472444212e-01 0.00000000000000e+00 3.08963472444212e-01 9.51073904959659e-01 0.00000000000000e+00 0.00000000000000e+00 0.00000000000000e+00 1.00000000000000e+00
104012
1.94201503475938e+00 -1.95390579573061e-01 1.25000000000000e-02
9.51024574513017e-01 -3.09115283789615e-01 0.00000000000000e+00 3.09115283789615e-01 9.51024574513017e-01 0.00000000000000e+00 0.00000000000000e+00 0.00000000000000e+00 1.00000000000000e+00
1041-1-1
6.96736575573503e+00 -2.26383435889338e+00 2.50000000000000e-01
9.51056516295153e-01 -3.09016994374949e-01 -3.78436673043416e-17 -3.09016994374949e-01 -9.51056516295153e-01 -1.16470831848909e-16 0.00000000000000e+00 1.22464679914735e-16 -1.00000000000000e+00
104100
-2.53842337997472e+00 4.95805326961509e-01 1.25000000000000e-02
9.51059380975185e-01 -3.09008177657321e-01 0.00000000000000e+00 3.09008177657321e-01 9.51059380975185e-01 0.00000000000000e+00 0.00000000000000e+00 0.00000000000000e+00 1.00000000000000e+00
104101
-6.13766424699890e-01 1.12670875517019e+00 1.25000000000000e-02
9.51068363778907e-01 -3.08980529190616e-01 0.00000000000000e+00 3.08980529190616e-01 9.51068363778907e-01 0.00000000000000e+00 0.00000000000000e+00 0.00000000000000e+00 1.00000000000000e+00
104102
1.28708265067334e+00 1.76168777388294e+00 1.25000000000000e-02
9.50997641622331e-01 -3.09198133287968e-01 0.00000000000000e+00 3.09198133287968e-01 9.50997641622331e-01 0.00000000000000e+00 0.00000000000000e+00 0.00000000000000e+00 1.00000000000000e+00
104111
-1.07239782065180e-02 -8.34296085782834e-01 1.25000000000000e-02
9.51056114438669e-01 -3.09018231159299e-01 0.00000000000000e+00 3.09018231159299e-01 9.51056114438669e-01 0.00000000000000e+00 0.00000000000000e+00 0.00000000000000e+00 1.00000000000000e+00
104112
1.95699749884335e+00 -2.09463401312167e-01 1.25000000000000e-02
9.51042476355717e-01 -3.09060201525827e-01 0.00000000000000e+00 3.09060201525827e-01 9.51042476355717e-01 0.00000000000000e+00 0.00000000000000e+00 0.00000000000000e+00 1.00000000000000e+00
1100-1-1
-6.96736575294911e+00 -2.26383436746755e+00 2.02500000000000e+01
-9.51056516295154e-01 3.09016994374947e-01 0.00000000000000e+00 -3.09016994374947e-01 -9.51056516295154e-01 0.00000000000000e+00 -0.00000000000000e+00 0.00000000000000e+00 1.00000000000000e+00
110000
-2.53024626566851e+00 4.86424782539624e-01 1.25000000000000e-02
9.51056516295154e-01 -3.09016994374947e-01 0.00000000000000e+00 3.09016994374947e-01 9.51056516295154e-01 0.00000000000000e+00 0.00000000000000e+00 0.00000000000000e+00 1.00000000000000e+00
110001
-6.60867460199766e-01 1.12593298607978e+00 1.25000000000000e-02
9.51035222695588e-01 -3.09082521654578e-01 0.00000000000000e+00 3.09082521654578e-01 9.51035222695588e-01 0.00000000000000e+00 0.00000000000000e+00 0.00000000000000e+00 1.00000000000000e+00
110002
1.30521933142654e+00 1.76507124339024e+00 1.25000000000000e-02
9.51051029484796e-01 -3.09033880530774e-01 0.00000000000000e+00 3.09033880530774e-01 9.51051029484796e-01 0.00000000000000e+00 0.00000000000000e+00 0.00000000000000e+00 1.00000000000000e+00
110011
-1.74688917440942e-02 -8.21826129197393e-01 1.25000000000000e-02
9.51033369405785e-01 -3.09088224099010e-01 0.00000000000000e+00 3.09088224099010e-01 9.51033369405785e-01 0.00000000000000e+00 0.00000000000000e+00 0.00000000000000e+00 1.00000000000000e+00
110012
1.93949911446170e+00 -1.97310392345715e-01 1.25000000000000e-02
9.51048091926203e-01 -3.09042920714143e-01 0.00000000000000e+00 3.09042920714143e-01 9.51048091926203e-01 0.00000000000000e+00 0.00000000000000e+00 0.00000000000000e+00 1.00000000000000e+00
1101-1-1
-6.96736575294911e+00 -2.26383436746755e+00 2.02500000000000e+01
-9.51056516295154e-01 -3.09016994374947e-01 -3.78436673043414e-17 -3.09016994374947e-01 9.51056516295154e-01 1.16470831848909e-16 0.00000000000000e+00 1.22464679914735e-16 -1.00000000000000e+00
110100
-2.55988331489229e+00 4.97784609442488e-01 1.25000000000000e-02
9.51050437083160e-01 -3.09035703639451e-01 0.00000000000000e+00 3.09035703639451e-01 9.51050437083160e-01 0.00000000000000e+00 0.00000000000000e+00 0.00000000000000e+00 1.00000000000000e+00
110101
-6.51615113626498e-01 1.12183113856389e+00 1.25000000000000e-02
9.51016892954066e-01 -3.09138915887331e-01 0.00000000000000e+00 3.09138915887331e-01 9.51016892954066e-01 0.00000000000000e+00 0.00000000000000e+00 0.00000000000000e+00 1.00000000000000e+00
110102
1.31009853683043e+00 1.77051906749863e+00 1.25000000000000e-02
9.51123546806952e-01 -3.08810619489299e-01 0.00000000000000e+00 3.08810619489299e-01 9.51123546806952e-01 0.00000000000000e+00 0.00000000000000e+00 0.00000000000000e+00 1.00000000000000e+00
110111
-1.40516221891271e-02 -8.22285631551001e-01 1.25000000000000e-02
9.51053968314096e-01 -3.09024836144297e-01 0.00000000000000e+00 3.09024836144297e-01 9.51053968314096e-01 0.00000000000000e+00 0.00000000000000e+00 0.00000000000000e+00 1.00000000000000e+00
110112
1.94149300886597e+00 -1.91386835801141e-01 1.25000000000000e-02
9.51035930004194e-01 -3.09080345284292e-01 0.00000000000000e+00 3.09080345284292e-01 9.51035930004194e-01 0.00000000000000e+00 0.00000000000000e+00 0.00000000000000e+00 1.00000000000000e+00
1110-1-1
-4.30606884484531e+00 -5.92679531299571e+00 1.97500000000000e+01
-5.87785252292473e-01 8.09016994374947e-01 0.00000000000000e+00 -8.09016994374947e-01 -5.87785252292473e-01 0.00000000000000e+00 -0.00000000000000e+00 0.00000000000000e+00 1.00000000000000e+00
111000
-2.54878342284223e+00 5.17365499365708e-01 1.25000000000000e-02
9.51100494899734e-01 -3.08881609361065e-01 0.00000000000000e+00 3.08881609361065e-01 9.51100494899734e-01 0.00000000000000e+00 0.00000000000000e+00 0.00000000000000e+00 1.00000000000000e+00
111001
-6.45128672713737e-01 1.12820350503303e+00 1.25000000000000e-02
9.51054259211509e-01 -3.09023940877801e-01 0.00000000000000e+00 3.09023940877801e-01 9.51054259211509e-01 0.00000000000000e+00 0.00000000000000e+00 0.00000000000000e+00 1.00000000000000e+00
111002
1.30494819209764e+00 1.75751444998652e+00 1.25000000000000e-02
9.51054020789584e-01 -3.09024674645837e-01 0.00000000000000e+00 3.09024674645837e-01 9.51054020789584e-01 0.00000000000000e+00 0.00000000000000e+00 0.00000000000000e+00 1.00000000000000e+00
111011
-2.63027237965541e-02 -8.37018633847820e-01 1.25000000000000e-02
9.51106906130544e-01 -3.08861867362717e-01 0.00000000000000e+00 3.08861867362717e-01 9.51106906130544e-01 0.00000000000000e+00 0.00000000000000e+00 0.00000000000000e+00 1.00000000000000e+00
111012
1.94946437659184e+00 -1.85313036412208e-01 1.25000000000000e-02
9.51011180631916e-01 -3.09156488389115e-01 0.00000000000000e+00 3.09156488389115e-01 9.51011180631916e-01 0.00000000000000e+00 0.00000000000000e+00 0.00000000000000e+00 1.00000000000000e+00
1111-1-1
-4.30606884484531e+00 -5.92679531299571e+00 1.97500000000000e+01
-5.87785252292473e-01 -8.09016994374947e-01 -9.90760072617091e-17 -8.09016994374947e-01 5.87785252292473e-01 7.19829327805997e-17 0.00000000000000e+00 1.22464679914735e-16 -1.00000000000000e+00
111100
-2.55485187616421e+00 5.05979711570458e-01 1.25000000000000e-02
9.51032417961599e-01 -3.09091151581720e-01 0.00000000000000e+00 3.09091151581720e-01 9.51032417961599e-01 0.00000000000000e+00 0.00000000000000e+00 0.00000000000000e+00 1.00000000000000e+00
111101
-6.45152965390547e-01 1.12710960803836e+00 1.25000000000000e-02
9.51069510174965e-01 -3.08977000463712e-01 0.00000000000000e+00 3.08977000463712e-01 9.51069510174965e-01 0.00000000000000e+00 0.00000000000000e+00 0.00000000000000e+00 1.00000000000000e+00
111102
1.32552007913115e+00 1.76023831398569e+00 1.25000000000000e-02
9.51057844209625e-01 -3.09012907444559e-01 0.00000000000000e+00 3.09012907444559e-01 9.51057844209625e-01 0.00000000000000e+00 0.00000000000000e+00 0.00000000000000e+00 1.00000000000000e+00
111111
-2.31863279343889e-02 -8.51425171130085e-01 1.25000000000000e-02
9.51042110380076e-01 -3.09061327706672e-01 0.00000000000000e+00 3.09061327706672e-01 9.51042110380076e-01 0.00000000000000e+00 0.00000000000000e+00 0.00000000000000e+00 1.00000000000000e+00
111112
1.94228769001624e+00 -1.91208698755351e-01 1.25000000000000e-02
9.51028433186233e-01 -3.09103411937395e-01 0.00000000000000e+00 3.09103411937395e-01 9.51028433186233e-01 0.00000000000000e+00 0.00000000000000e+00 0.00000000000000e+00 1.00000000000000e+00
1120-1-1
4.50771509171656e-09 -7.32592189275148e+00 2.02500000000000e+01
-1.83697019872103e-16 1.00000000000000e+00 0.00000000000000e+00 -1.00000000000000e+00 -1.83697019872103e-16 0.00000000000000e+00 -0.00000000000000e+00 0.00000000000000e+00 1.00000000000000e+00
112000
-2.53921699527975e+00 4.74978087401202e-01 1.25000000000000e-02
9.51034643360472e-01 -3.09084304241123e-01 0.00000000000000e+00 3.09084304241123e-01 9.51034643360472e-01 0.00000000000000e+00 0.00000000000000e+00 0.00000000000000e+00 1.00000000000000e+00
112001
-6.47530367033978e-01 1.12109942169268e+00 1.25000000000000e-02
9.51032827034468e-01 -3.09089892916006e-01 0.00000000000000e+00 3.09089892916006e-01 9.51032827034468e-01 0.00000000000000e+00 0.00000000000000e+00 0.00000000000000e+00 1.00000000000000e+00
112002
1.29369252527288e+00 1.75027865610911e+00 1.25000000000000e-02
9.51042656288668e-01 -3.09059647834192e-01 0.00000000000000e+00 3.09059647834192e-01 9.51042656288668e-01 0.00000000000000e+00 0.00000000000000e+00 0.00000000000000e+00 1.00000000000000e+00
112011
-1.51907297814828e-02 -8.41189522593282e-01 1.25000000000000e-02
9.51123485489763e-01 -3.08810808343562e-01 0.00000000000000e+00 3.08810808343562e-01 9.51123485489763e-01 0.00000000000000e+00 0.00000000000000e+00 0.00000000000000e+00 1.00000000000000e+00
112012
1.93387231340307e+00 -2.07408380137660e-01 1.25000000000000e-02
9.51007868678389e-01 -3.09166676263449e-01 0.00000000000000e+00 3.09166676263449e-01 9.51007868678389e-01 0.00000000000000e+00 0.00000000000000e+00 0.00000000000000e+00 1.00000000000000e+00
1121-1-1
4.50771509171656e-09 -7.32592189275148e+00 2.02500000000000e+01
-1.83697019872103e-16 -1.00000000000000e+00 -1.22464679914735e-16 -1.00000000000000e+00 1.83697019872103e-16 2.24963967399279e-32 0.00000000000000e+00 1.22464679914735e-16 -1.00000000000000e+00
112100
-2.55291945950209e+00 4.90338645004335e-01 1.25000000000000e-02
9.51081728732419e-01 -3.08939387698223e-01 0.00000000000000e+00 3.08939387698223e-01 9.51081728732419e-01 0.00000000000000e+00 0.00000000000000e+00 0.00000000000000e+00 1.00000000000000e+00
112101
-6.33531817349313e-01 1.12590274465178e+00 1.25000000000000e-02
9.51069145537219e-01 -3.08978122861641e-01 0.00000000000000e+00 3.08978122861641e-01 9.51069145537219e-01 0.00000000000000e+00 0.00000000000000e+00 0.00000000000000e+00 1.00000000000000e+00
112102
1.29222154350118e+00 1.75708109315471e+00 1.25000000000000e-02
9.51054001534720e-01 -3.09024733904582e-01 0.00000000000000e+00 3.09024733904582e-01 9.51054001534720e-01 0.00000000000000e+00 0.00000000000000e+00 0.00000000000000e+00 1.00000000000000e+00
112111
-7.57568450758361e-03 -8.29736076860151e-01 1.25000000000000e-02
9.51066020124597e-01 -3.08987743064932e-01 0.00000000000000e+00 3.08987743064932e-01 9.51066020124597e-01 0.00000000000000e+00 0.00000000000000e+00 0.00000000000000e+00 1.00000000000000e+00
112112
1.93395232573918e+00 -2.06879905191608e-01 1.25000000000000e-02
9.51089211245896e-01 -3.08916351544652e-01 0.00000000000000e+00 3.08916351544652e-01 9.51089211245896e-01 0.00000000000000e+00 0.00000000000000e+00 0.00000000000000e+00 1.00000000000000e+00
1130-1-1
4.30606885213894e+00 -5.92679530769658e+00 1.97500000000000e+01
5.87785252292473e-01 8.09016994374948e-01 0.00000000000000e+00 -8.09016994374948e-01 5.87785252292473e-01 0.00000000000000e+00 0.00000000000000e+00 0.00000000000000e+00 1.00000000000000e+00
113000
-2.54551795919421e+00 5.26639454679484e-01 1.25000000000000e-02
9.51036551008421e-01 -3.09078434456380e-01 0.00000000000000e+00 3.09078434456380e-01 9.51036551008421e-01 0.00000000000000e+00 0.00000000000000e+00 0.00000000000000e+00 1.00000000000000e+00
113001
-6.40132538509410e-01 1.13189573613872e+00 1.25000000000000e-02
9.51081975171137e-01 -3.08938629026168e-01 0.00000000000000e+00 3.08938629026168e-01 9.51081975171137e-01 0.00000000000000e+00 0.00000000000000e+00 0.00000000000000e+00 1.00000000000000e+00
113002
1.31715971767133e+00 1.74378710782079e+00 1.25000000000000e-02
9.51056516295154e-01 -3.09016994374947e-01 0.00000000000000e+00 3.09016994374947e-01 9.51056516295154e-01 0.00000000000000e+00 0.00000000000000e+00 0.00000000000000e+00 1.00000000000000e+00
113011
-1.55070748435735e-02 -8.27822867063293e-01 1.25000000000000e-02
9.51056951087657e-01 -3.09015656218013e-01 0.00000000000000e+00 3.09015656218013e-01 9.51056951087657e-01 0.00000000000000e+00 0.00000000000000e+00 0.00000000000000e+00 1.00000000000000e+00
113012
1.93548176763525e+00 -1.94420475047955e-01 1.25000000000000e-02
9.51061510618784e-01 -3.09001623004663e-01 0.00000000000000e+00 3.09001623004663e-01 9.51061510618784e-01 0.00000000000000e+00 0.00000000000000e+00 0.00000000000000e+00 1.00000000000000e+00
1131-1-1
4.30606885213894e+00 -5.92679530769658e+00 1.97500000000000e+01
5.87785252292473e-01 -8.09016994374948e-01 -9.90760072617092e-17 -8.09016994374948e-01 -5.87785252292473e-01 -7.19829327805996e-17 0.00000000000000e+00 1.22464679914735e-16 -1.00000000000000e+00
113100
-2.53027926649107e+00 4.87205470626068e-01 1.25000000000000e-02
9.51044221449068e-01 -3.09054831459298e-01 0.00000000000000e+00 3.09054831459298e-01 9.51044221449068e-01 0.00000000000000e+00 0.00000000000000e+00 0.00000000000000e+00 1.00000000000000e+00
113101
-6.40218128783436e-01 1.12240034665661e+00 1.25000000000000e-02
9.51038051258580e-01 -3.09073818137807e-01 0.00000000000000e+00 3.09073818137807e-01 9.51038051258580e-01 0.00000000000000e+00 0.00000000000000e+00 0.00000000000000e+00 1.00000000000000e+00
113102
1.28001300228117e+00 1.74877538177431e+00 1.25000000000000e-02
9.51111087119299e-01 -3.08848992160806e-01 0.00000000000000e+00 3.08848992160806e-01 9.51111087119299e-01 0.00000000000000e+00 0.00000000000000e+00 0.00000000000000e+00 1.00000000000000e+00
113111
-4.14710148230713e-03 -8.23173777018523e-01 1.25000000000000e-02
9.51035937473490e-01 -3.09080322301373e-01 0.00000000000000e+00 3.09080322301373e-01 9.51035937473490e-01 0.00000000000000e+00 0.00000000000000e+00 0.00000000000000e+00 1.00000000000000e+00
113112
1.94282188070166e+00 -2.11182507820902e-01 1.25000000000000e-02
9.51018110048836e-01 -3.09135171663044e-01 0.00000000000000e+00 3.09135171663044e-01 9.51018110048836e-01 0.00000000000000e+00 0.00000000000000e+00 0.00000000000000e+00 1.00000000000000e+00
1140-1-1
6.96736575573503e+00 -2.26383435889338e+00 2.02500000000000e+01
9.51056516295153e-01 3.09016994374949e-01 0.00000000000000e+00 -3.09016994374949e-01 9.51056516295153e-01 0.00000000000000e+00 0.00000000000000e+00 0.00000000000000e+00 1.00000000000000e+00
114000
-2.54376919080477e+00 5.21118632440238e-01 1.25000000000000e-02
9.51105242271690e-01 -3.08866990990150e-01 0.00000000000000e+00 3.08866990990150e-01 9.51105242271690e-01 0.00000000000000e+00 0.00000000000000e+00 0.00000000000000e+00 1.00000000000000e+00
114001
-6.45604505569030e-01 1.13387899128247e+00 1.25000000000000e-02
9.51066432268722e-01 -3.08986474480103e-01 0.00000000000000e+00 3.08986474480103e-01 9.51066432268722e-01 0.00000000000000e+00 0.00000000000000e+00 0.00000000000000e+00 1.00000000000000e+00
114002
1.29606065884082e+00 1.75078743977336e+00 1.25000000000000e-02
9.51034391594238e-01 -3.09085078910285e-01 0.00000000000000e+00 3.09085078910285e-01 9.51034391594238e-01 0.00000000000000e+00 0.00000000000000e+00 0.00000000000000e+00 1.00000000000000e+00
114011
-1.72057316797960e-02 -8.47952062964588e-01 1.25000000000000e-02
9.51080728242054e-01 -3.08942467729129e-01 0.00000000000000e+00 3.08942467729129e-01 9.51080728242054e-01 0.00000000000000e+00 0.00000000000000e+00 0.00000000000000e+00 1.00000000000000e+00
114012
1.95231168186057e+00 -2.00098507415156e-01 1.25000000000000e-02
9.51110479445164e-01 -3.08850863507923e-01 0.00000000000000e+00 3.08850863507923e-01 9.51110479445164e-01 0.00000000000000e+00 0.00000000000000e+00 0.00000000000000e+00 1.00000000000000e+00
1141-1-1
6.96736575573503e+00 -2.26383435889338e+00 2.02500000000000e+01
9.51056516295153e-01 -3.09016994374949e-01 -3.78436673043416e-17 -3.09016994374949e-01 -9.51056516295153e-01 -1.16470831848909e-16 0.00000000000000e+00 1.22464679914735e-16 -1.00000000000000e+00
114100
-2.55836639403342e+00 5.17667991879041e-01 1.25000000000000e-02
9.51072003400239e-01 -3.08969325901871e-01 0.00000000000000e+00 3.08969325901871e-01 9.51072003400239e-01 0.00000000000000e+00 0.00000000000000e+00 0.00000000000000e+00 1.00000000000000e+00
114101
-6.45548577754513e-01 1.12496758934618e+00 1.25000000000000e-02
9.51004831281291e-01 -3.09176019250593e-01 0.00000000000000e+00 3.09176019250593e-01 9.51004831281291e-01 0.00000000000000e+00 0.00000000000000e+00 0.00000000000000e+00 1.00000000000000e+00
114102
1.30863487198058e+00 1.74100717606631e+00 1.25000000000000e-02
9.51080853628360e-01 -3.08942081726574e-01 0.00000000000000e+00 3.08942081726574e-01 9.51080853628360e-01 0.00000000000000e+00 0.00000000000000e+00 0.00000000000000e+00 1.00000000000000e+00
114111
-2.85949640257162e-02 -8.28346658250384e-01 1.25000000000000e-02
9.51033989776067e-01 -3.09086315275549e-01 0.00000000000000e+00 3.09086315275549e-01 9.51033989776067e-01 0.00000000000000e+00 0.00000000000000e+00 0.00000000000000e+00 1.00000000000000e+00
114112
1.94014727489246e+00 -1.94594484233682e-01 1.25000000000000e-02
9.51107395032147e-01 -3.08860361838751e-01 0.00000000000000e+00 3.08860361838751e-01 9.51107395032147e-01 0.00000000000000e+00 0.00000000000000e+00 0.00000000000000e+00 1.00000000000000e+00
1200-1-1
-6.96736575294911e+00 -2.26383436746755e+00 3.02500000000000e+01
-9.51056516295154e-01 3.09016994374947e-01 0.00000000000000e+00 -3.09016994374947e-01 -9.51056516295154e-01 0.00000000000000e+00 -0.00000000000000e+00 0.00000000000000e+00 1.00000000000000e+00
120000
-2.53069008390798e+00 5.07305389954239e-01 1.25000000000000e-02
9.51032307028638e-01 -3.09091492907499e-01 0.00000000000000e+00 3.09091492907499e-01 9.51032307028638e-01 0.00000000000000e+00 0.00000000000000e+00 0.00000000000000e+00 1.00000000000000e+00
120001
-6.56423377553169e-01 1.11731803441443e+00 1.25000000000000e-02
9.51045536595652e-01 -3.09050784372873e-01 0.00000000000000e+00 3.09050784372873e-01 9.51045536595652e-01 0.00000000000000e+00 0.00000000000000e+00 0.00000000000000e+00 1.00000000000000e+00
120002
1.31202885211024e+00 1.72726753112260e+00 1.25000000000000e-02
9.51056516295154e-01 -3.09016994374947e-01 0.00000000000000e+00 3.09016994374947e-01 9.51056516295154e-01 0.00000000000000e+00 0.00000000000000e+00 0.00000000000000e+00 1.00000000000000e+00
120011
-1.38906792475577e-02 -8.33089488807165e-01 1.25000000000000e-02
9.51069969656122e-01 -3.08975586120170e-01 0.00000000000000e+00 3.08975586120170e-01 9.51069969656122e-01 0.00000000000000e+00 0.00000000000000e+00 0.00000000000000e+00 1.00000000000000e+00
120012
1.93925655894946e+00 -2.02354787788860e-01 1.25000000000000e-02
9.51039520780279e-01 -3.09069296297800e-01 0.00000000000000e+00 3.09069296297800e-01 9.51039520780279e-01 0.00000000000000e+00 0.00000000000000e+00 0.00000000000000e+00 1.00000000000000e+00
1201-1-1
-6.96736575294911e+00 -2.26383436746755e+00 3.02500000000000e+01
-9.51056516295154e-01 -3.09016994374947e-01 -3.78436673043414e-17 -3.09016994374947e-01 9.51056516295154e-01 1.16470831848909e-16 0.00000000000000e+00 1.22464679914735e-16 -1.00000000000000e+00
120100
-2.55043708753231e+00 4.97519974007025e-01 1.25000000000000e-02
9.51082612507470e-01 -3.08936666949662e-01 0.00000000000000e+00 3.08936666949662e-01 9.51082612507470e-01 0.00000000000000e+00 0.00000000000000e+00 0.00000000000000e+00 1.00000000000000e+00
120101
-6.40913678707272e-01 1.12039156104039e+00 1.25000000000000e-02
9.51014887566891e-01 -3.09145085075170e-01 0.00000000000000e+00 3.09145085075170e-01 9.51014887566891e-01 0.00000000000000e+00 0.00000000000000e+00 0.00000000000000e+00 1.00000000000000e+00
120102
1.29382043361338e+00 1.74979107901121e+00 1.25000000000000e-02
9.51086452095521e-01 -3.08924846265809e-01 0.00000000000000e+00 3.08924846265809e-01 9.51086452095521e-01 0.00000000000000e+00 0.00000000000000e+00 0.00000000000000e+00 1.00000000000000e+00
120111
-2.72018756232981e-02 -8.46816956396773e-01 1.25000000000000e-02
9.51038306744533e-01 -3.09073031991618e-01 0.00000000000000e+00 3.09073031991618e-01 9.51038306744533e-01 0.00000000000000e+00 0.00000000000000e+00 0.00000000000000e+00 1.00000000000000e+00
120112
1.93170694027893e+00 -2.01412128602989e-01 1.25000000000000e-02
9.51083555272434e-01 -3.08933764568308e-01 0.00000000000000e+00 3.08933764568308e-01 9.51083555272434e-01 0.00000000000000e+00 0.00000000000000e+00 0.00000000000000e+00 1.00000000000000e+00
1210-1-1
-4.30606884484531e+00 -5.92679531299571e+00 2.97500000000000e+01
-5.87785252292473e-01 8.09016994374947e-01 0.00000000000000e+00 -8.09016994374947e-01 -5.87785252292473e-01 0.00000000000000e+00 -0.00000000000000e+00 0.00000000000000e+00 1.00000000000000e+00
121000
-2.54837572203492e+00 5.07027910460636e-01 1.25000000000000e-02
9.51040596425871e-01 -3.09065986400840e-01 0.00000000000000e+00 3.09065986400840e-01 9.51040596425871e-01 0.00000000000000e+00 0.00000000000000e+00 0.00000000000000e+00 1.00000000000000e+00
121001
-6.36094161278211e-01 1.13382726174322e+00 1.25000000000000e-02
9.51038842978161e-01 -3.09071381960157e-01 0.00000000000000e+00 3.09071381960157e-01 9.51038842978161e-01 0.00000000000000e+00 0.00000000000000e+00 0.00000000000000e+00 1.00000000000000e+00
121002
1.29131596269127e+00 1.75921887823733e+00 1.25000000000000e-02
9.51080108968371e-01 -3.08944374159349e-01 0.00000000000000e+00 3.08944374159349e-01 9.51080108968371e-01 0.00000000000000e+00 0.00000000000000e+00 0.00000000000000e+00 1.00000000000000e+00
121011
-7.20977075585338e-03 -8.12224825940570e-01 1.25000000000000e-02
9.51053811200551e-01 -3.09025319676084e-01 0.00000000000000e+00 3.09025319676084e-01 9.51053811200551e-01 0.00000000000000e+00 0.00000000000000e+00 0.00000000000000e+00 1.00000000000000e+00
121012
1.92324629209770e+00 -1.81897391179474e-01 1.25000000000000e-02
9.51087088148236e-01 -3.08922888044427e-01 0.00000000000000e+00 3.08922888044427e-01 9.51087088148236e-01 0.00000000000000e+00 0.00000000000000e+00 0.00000000000000e+00 1.00000000000000e+00
1211-1-1
-4.30606884484531e+00 -5.92679531299571e+00 2.97500000000000e+01
-5.87785252292473e-01 -8.09016994374947e-01 -9.90760072617091e-17 -8.09016994374947e-01 5.87785252292473e-01 7.19829327805997e-17 0.00000000000000e+00 1.22464679914735e-16 -1.00000000000000e+00
121100
-2.55158754850679e+00 4.92917221757232e-01 1.25000000000000e-02
9.51063955531697e-01 -3.08994097821306e-01 0.00000000000000e+00 3.08994097821306e-01 9.51063955531697e-01 0.00000000000000e+00 0.00000000000000e+00 0.00000000000000e+00 1.00000000000000e+00
121101
-6.54639863143560e-01 1.10530449721187e+00 1.25000000000000e-02
9.51029863504575e-01 -3.09099011196202e-01 0.00000000000000e+00 3.09099011196202e-01 9.51029863504575e-01 0.00000000000000e+00 0.00000000000000e+00 0.00000000000000e+00 1.00000000000000e+00
121102
1.30634369885870e+00 1.75433761990031e+00 1.25000000000000e-02
9.51028869229936e-01 -3.09102070344457e-01 0.00000000000000e+00 3.09102070344457e-01 9.51028869229936e-01 0.00000000000000e+00 0.00000000000000e+00 0.00000000000000e+00 1.00000000000000e+00
121111
-3.95468900555240e-03 -8.17270376151026e-01 1.25000000000000e-02
9.51099245472445e-01 -3.08885456539710e-01 0.00000000000000e+00 3.08885456539710e-01 9.51099245472445e-01 0.00000000000000e+00 0.00000000000000e+00 0.00000000000000e+00 1.00000000000000e+00
121112
1.93601951798595e+00 -1.84236179031904e-01 1.25000000000000e-02
9.51054165072361e-01 -3.09024230600959e-01 0.00000000000000e+00 3.09024230600959e-01 9.51054165072361e-01 0.00000000000000e+00 0.00000000000000e+00 0.00000000000000e+00 1.00000000000000e+00
1220-1-1
4.50771509171656e-09 -7.32592189275148e+00 3.02500000000000e+01
-1.83697019872103e-16 1.00000000000000e+00 0.00000000000000e+00 -1.00000000000000e+00 -1.83697019872103e-16 0.00000000000000e+00 -0.00000000000000e+00 0.00000000000000e+00 1.00000000000000e+00
122000
-2.53969480955683e+00 5.03592349123523e-01 1.25000000000000e-02
9.51090013873118e-01 -3.08913880411404e-01 0.00000000000000e+00 3.08913880411404e-01 9.51090013873118e-01 0.00000000000000e+00 0.00000000000000e+00 0.00000000000000e+00 1.00000000000000e+00
122001
-6.43666330770116e-01 1.10161846467773e+00 1.25000000000000e-02
9.51095219712943e-01 -3.08897852111645e-01 0.00000000000000e+00 3.08897852111645e-01 9.51095219712943e-01 0.00000000000000e+00 0.00000000000000e+00 0.00000000000000e+00 1.00000000000000e+00
122002
1.31100097103806e+00 1.74191365426794e+00 1.25000000000000e-02
9.51127717708064e-01 -3.08797772996259e-01 0.00000000000000e+00 3.08797772996259e-01 9.51127717708064e-01 0.00000000000000e+00 0.00000000000000e+00 0.00000000000000e+00 1.00000000000000e+00
122011
-7.51620590744606e-03 -8.28741526548283e-01 1.25000000000000e-02
9.51047223991127e-01 -3.09045591683122e-01 0.00000000000000e+00 3.09045591683122e-01 9.51047223991127e-01 0.00000000000000e+00 0.00000000000000e+00 0.00000000000000e+00 1.00000000000000e+00
122012
1.91870818282406e+00 -2.05368531317616e-01 1.25000000000000e-02
9.51057926285684e-01 -3.09012654836617e-01 0.00000000000000e+00 3.09012654836617e-01 9.51057926285684e-01 0.00000000000000e+00 0.00000000000000e+00 0.00000000000000e+00 1.00000000000000e+00
1221-1-1
4.50771509171656e-09 -7.32592189275148e+00 3.02500000000000e+01
-1.83697019872103e-16 -1.00000000000000e+00 -1.22464679914735e-16 -1.00000000000000e+00 1.83697019872103e-16 2.24963967399279e-32 0.00000000000000e+00 1.22464679914735e-16 -1.00000000000000e+00
122100
-2.55695235140991e+00 4.94100925832669e-01 1.25000000000000e-02
9.51074591448073e-01 -3.08961359237497e-01 0.00000000000000e+00 3.08961359237497e-01 9.51074591448073e-01 0.00000000000000e+00 0.00000000000000e+00 0.00000000000000e+00 1.00000000000000e+00
122101
-6.53425148756636e-01 1.11295631026999e+00 1.25000000000000e-02
9.51097285514443e-01 -3.08891491444905e-01 0.00000000000000e+00 3.08891491444905e-01 9.51097285514443e-01 0.00000000000000e+00 0.00000000000000e+00 0.00000000000000e+00 1.00000000000000e+00
122102
1.30821341660101e+00 1.73918883833003e+00 1.25000000000000e-02
9.51060065734297e-01 -3.09006070111050e-01 0.00000000000000e+00 3.09006070111050e-01 9.51060065734297e-01 0.00000000000000e+00 0.00000000000000e+00 0.00000000000000e+00 1.00000000000000e+00
122111
-1.42118310105861e-02 -8.25248745330533e-01 1.25000000000000e-02
9.51000509812365e-01 -3.09189311485087e-01 0.00000000000000e+00 3.09189311485087e-01 9.51000509812365e-01 0.00000000000000e+00 0.00000000000000e+00 0.00000000000000e+00 1.00000000000000e+00
122112
1.93791695339699e+00 -1.85417595448746e-01 1.25000000000000e-02
9.51020592176109e-01 -3.09127535585238e-01 0.00000000000000e+00 3.09127535585238e-01 9.51020592176109e-01 0.00000000000000e+00 0.00000000000000e+00 0.00000000000000e+00 1.00000000000000e+00
1230-1-1
4.30606885213894e+00 -5.92679530769658e+00 2.97500000000000e+01
5.87785252292473e-01 8.09016994374948e-01 0.00000000000000e+00 -8.09016994374948e-01 5.87785252292473e-01 0.00000000000000e+00 0.00000000000000e+00 0.00000000000000e+00 1.00000000000000e+00
123000
-2.54204222103650e+00 5.07610462213554e-01 1.25000000000000e-02
9.51090178868528e-01 -3.08913372419892e-01 0.00000000000000e+00 3.08913372419892e-01 9.51090178868528e-01 0.00000000000000e+00 0.00000000000000e+00 0.00000000000000e+00 1.00000000000000e+00
123001
-6.32282223675249e-01 1.11456371696523e+00 1.25000000000000e-02
9.51050364858128e-01 -3.09035925910275e-01 0.00000000000000e+00 3.09035925910275e-01 9.51050364858128e-01 0.00000000000000e+00 0.00000000000000e+00 0.00000000000000e+00 1.00000000000000e+00
123002
1.30812700950487e+00 1.74952564752161e+00 1.25000000000000e-02
9.51040352910099e-01 -3.09066735732971e-01 0.00000000000000e+00 3.09066735732971e-01 9.51040352910099e-01 0.00000000000000e+00 0.00000000000000e+00 0.00000000000000e+00 1.00000000000000e+00
123011
-9.51773386578347e-03 -8.15459078865560e-01 1.25000000000000e-02
9.51061674922296e-01 -3.09001117302183e-01 0.00000000000000e+00 3.09001117302183e-01 9.51061674922296e-01 0.00000000000000e+00 0.00000000000000e+00 0.00000000000000e+00 1.00000000000000e+00
123012
1.94917735537703e+00 -2.19931750194026e-01 1.25000000000000e-02
9.51076942525921e-01 -3.08954121829676e-01 0.00000000000000e+00 3.08954121829676e-01 9.51076942525921e-01 0.00000000000000e+00 0.00000000000000e+00 0.00000000000000e+00 1.00000000000000e+00
1231-1-1
4.30606885213894e+00 -5.92679530769658e+00 2.97500000000000e+01
5.87785252292473e-01 -8.09016994374948e-01 -9.90760072617092e-17 -8.09016994374948e-01 -5.87785252292473e-01 -7.19829327805996e-17 0.00000000000000e+00 1.22464679914735e-16 -1.00000000000000e+00
123100
-2.53407751527560e+00 4.94494555428044e-01 1.25000000000000e-02
9.51030512926164e-01 -3.09097013061267e-01 0.00000000000000e+00 3.09097013061267e-01 9.51030512926164e-01 0.00000000000000e+00 0.00000000000000e+00 0.00000000000000e+00 1.00000000000000e+00
123101
-6.41224247503636e-01 1.11452463582814e+00 1.25000000000000e-02
9.51058176007939e-01 -3.09011886257555e-01 0.00000000000000e+00 3.09011886257555e-01 9.51058176007939e-01 0.00000000000000e+00 0.00000000000000e+00 0.00000000000000e+00 1.00000000000000e+00
123102
1.30014385541379e+00 1.75000965118595e+00 1.25000000000000e-02
9.51010067867030e-01 -3.09159911397882e-01 0.00000000000000e+00 3.09159911397882e-01 9.51010067867030e-01 0.00000000000000e+00 0.00000000000000e+00 0.00000000000000e+00 1.00000000000000e+00
123111
-6.89771338805079e-03 -8.25463209411426e-01 1.25000000000000e-02
9.50999019203410e-01 -3.09193896243364e-01 0.00000000000000e+00 3.09193896243364e-01 9.50999019203410e-01 0.00000000000000e+00 0.00000000000000e+00 0.00000000000000e+00 1.00000000000000e+00
123112
1.93317684129521e+00 -1.95198182473792e-01 1.25000000000000e-02
9.51074127431458e-01 -3.08962787614449e-01 0.00000000000000e+00 3.08962787614449e-01 9.51074127431458e-01 0.00000000000000e+00 0.00000000000000e+00 0.00000000000000e+00 1.00000000000000e+00
1240-1-1
6.96736575573503e+00 -2.26383435889338e+00 3.02500000000000e+01
9.51056516295153e-01 3.09016994374949e-01 0.00000000000000e+00 -3.09016994374949e-01 9.51056516295153e-01 0.00000000000000e+00 0.00000000000000e+00 0.00000000000000e+00 1.00000000000000e+00
124000
-2.54380228329856e+00 5.03176941655570e-01 1.25000000000000e-02
9.51044459634891e-01 -3.09054098496975e-01 0.00000000000000e+00 3.09054098496975e-01 9.51044459634891e-01 0.00000000000000e+00 0.00000000000000e+00 0.00000000000000e+00 1.00000000000000e+00
124001
-6.31425055855288e-01 1.10989626324440e+00 1.25000000000000e-02
9.51060551531642e-01 -3.09004574918121e-01 0.00000000000000e+00 3.09004574918121e-01 9.51060551531642e-01 0.00000000000000e+00 0.00000000000000e+00 0.00000000000000e+00 1.00000000000000e+00
124002
1.31259950827792e+00 1.75083928366635e+00 1.25000000000000e-02
9.51084025307209e-01 -3.08932317515402e-01 0.00000000000000e+00 3.08932317515402e-01 9.51084025307209e-01 0.00000000000000e+00 0.00000000000000e+00 0.00000000000000e+00 1.00000000000000e+00
124011
-2.56519644545130e-02 -8.12022651238591e-01 1.25000000000000e-02
9.51117509752985e-01 -3.08829212739468e-01 0.00000000000000e+00 3.08829212739468e-01 9.51117509752985e-01 0.00000000000000e+00 0.00000000000000e+00 0.00000000000000e+00 1.00000000000000e+00
124012
1.94920522666641e+00 -1.84987898556551e-01 1.25000000000000e-02
9.51020918393360e-01 -3.09126531986903e-01 0.00000000000000e+00 3.09126531986903e-01 9.51020918393360e-01 0.00000000000000e+00 0.00000000000000e+00 0.00000000000000e+00 1.00000000000000e+00
1241-1-1
6.96736575573503e+00 -2.26383435889338e+00 3.02500000000000e+01
9.51056516295153e-01 -3.09016994374949e-01 -3.78436673043416e-17 -3.09016994374949e-01 -9.51056516295153e-01 -1.16470831848909e-16 0.00000000000000e+00 1.22464679914735e-16 -1.00000000000000e+00
124100
-2.55058374843898e+00 4.95463164341899e-01 1.25000000000000e-02
9.51037249977818e-01 -3.09076283714279e-01 0.00000000000000e+00 3.09076283714279e-01 9.51037249977818e-01 0.00000000000000e+00 0.00000000000000e+00 0.00000000000000e+00 1.00000000000000e+00
124101
-6.62668657123180e-01 1.12869378847394e+00 1.25000000000000e-02
9.51071457566063e-01 -3.08971006088216e-01 0.00000000000000e+00 3.08971006088216e-01 9.51071457566063e-01 0.00000000000000e+00 0.00000000000000e+00 0.00000000000000e+00 1.00000000000000e+00
124102
1.29157817375656e+00 1.76160359757640e+00 1.25000000000000e-02
9.51015523295359e-01 -3.09143129393579e-01 0.00000000000000e+00 3.09143129393579e-01 9.51015523295359e-01 0.00000000000000e+00 0.00000000000000e+00 0.00000000000000e+00 1.00000000000000e+00
124111
1.05013434170442e-02 -8.34567416785239e-01 1.25000000000000e-02
9.51065926869337e-01 -3.08988030105001e-01 0.00000000000000e+00 3.08988030105001e-01 9.51065926869337e-01 0.00000000000000e+00 0.00000000000000e+00 0.00000000000000e+00 1.00000000000000e+00
124112
1.94806727607098e+00 -2.04648236038557e-01 1.25000000000000e-02
9.51035082173411e-01 -3.09082954035664e-01 0.00000000000000e+00 3.09082954035664e-01 9.51035082173411e-01 0.00000000000000e+00 0.00000000000000e+00 0.00000000000000e+00 1.00000000000000e+00
1300-1-1
-6.96736575294911e+00 -2.26383436746755e+00 4.02500000000000e+01
-9.51056516295154e-01 3.09016994374947e-01 0.00000000000000e+00 -3.09016994374947e-01 -9.51056516295154e-01 0.00000000000000e+00 -0.00000000000000e+00 0.00000000000000e+00 1.00000000000000e+00
130000
-2.54137358664534e+00 4.93643114431378e-01 1.25000000000000e-02
9.51078220475415e-01 -3.08950187792980e-01 0.00000000000000e+00 3.08950187792980e-01 9.51078220475415e-01 0.00000000000000e+00 0.00000000000000e+00 0.00000000000000e+00 1.00000000000000e+00
130001
-6.52295136970075e-01 1.11961725904155e+00 1.25000000000000e-02
9.51061781806091e-01 -3.09000788328807e-01 0.00000000000000e+00 3.09000788328807e-01 9.51061781806091e-01 0.00000000000000e+00 0.00000000000000e+00 0.00000000000000e+00 1.00000000000000e+00
130002
1.31265602736329e+00 1.74731848196741e+00 1.25000000000000e-02
9.51064704357679e-01 -3.08991792973599e-01 0.00000000000000e+00 3.08991792973599e-01 9.51064704357679e-01 0.00000000000000e+00 0.00000000000000e+00 0.00000000000000e+00 1.00000000000000e+00
130011
-6.96271683969574e-04 -8.31431013447672e-01 1.25000000000000e-02
9.51064328202265e-01 -3.08992950762916e-01 0.00000000000000e+00 3.08992950762916e-01 9.51064328202265e-01 0.00000000000000e+00 0.00000000000000e+00 0.00000000000000e+00 1.00000000000000e+00
130012
1.91911804447909e+00 -2.07585731038873e-01 1.25000000000000e-02
9.51019954355270e-01 -3.09129497812972e-01 0.00000000000000e+00 3.09129497812972e-01 9.51019954355270e-01 0.00000000000000e+00 0.00000000000000e+00 0.00000000000000e+00 1.00000000000000e+00
1301-1-1
-6.96736575294911e+00 -2.26383436746755e+00 4.02500000000000e+01
-9.51056516295154e-01 -3.09016994374947e-01 -3.78436673043414e-17 -3.09016994374947e-01 9.51056516295154e-01 1.16470831848909e-16 0.00000000000000e+00 1.22464679914735e-16 -1.00000000000000e+00
130100
-2.54388713952440e+00 4.91629424070223e-01 1.25000000000000e-02
9.51053793510999e-01 -3.09025374117301e-01 0.00000000000000e+00 3.09025374117301e-01 9.51053793510999e-01 0.00000000000000e+00 0.00000000000000e+00 0.00000000000000e+00 1.00000000000000e+00
130101
-6.51456600564901e-01 1.12301435440007e+00 1.25000000000000e-02
9.51063457147669e-01 -3.08995631811072e-01 0.00000000000000e+00 3.08995631811072e-01 9.51063457147669e-01 0.00000000000000e+00 0.00000000000000e+00 0.00000000000000e+00 1.00000000000000e+00
130102
1.29603614198893e+00 1.76960434657439e+00 1.25000000000000e-02
9.51066741842943e-01 -3.08985521602953e-01 0.00000000000000e+00 3.08985521602953e-01 9.51066741842943e-01 0.00000000000000e+00 0.00000000000000e+00 0.00000000000000e+00 1.00000000000000e+00
130111
-1.67416604696062e-02 -8.30738385163490e-01 1.25000000000000e-02
9.51071230244459e-01 -3.08971705826426e-01 0.00000000000000e+00 3.08971705826426e-01 9.51071230244459e-01 0.00000000000000e+00 0.00000000000000e+00 0.00000000000000e+00 1.00000000000000e+00
130112
1.92840526398290e+00 -1.96833937080479e-01 1.25000000000000e-02
9.51041598155030e-01 -3.09062903918809e-01 0.00000000000000e+00 3.09062903918809e-01 9.51041598155030e-01 0.00000000000000e+00 0.00000000000000e+00 0.00000000000000e+00 1.00000000000000e+00
1310-1-1
-4.30606884484531e+00 -5.92679531299571e+00 3.97500000000000e+01
-5.87785252292473e-01 8.09016994374947e-01 0.00000000000000e+00 -8.09016994374947e-01 -5.87785252292473e-01 0.00000000000000e+00 -0.00000000000000e+00 0.00000000000000e+00 1.00000000000000e+00
131000
-2.54698934873264e+00 5.05877984667739e-01 1.25000000000000e-02
9.51053021160103e-01 -3.09027751087569e-01 0.00000000000000e+00 3.09027751087569e-01 9.51053021160103e-01 0.00000000000000e+00 0.00000000000000e+00 0.00000000000000e+00 1.00000000000000e+00
131001
-6.71166272260684e-01 1.11661008817726e+00 1.25000000000000e-02
9.51057844759705e-01 -3.09012905751565e-01 0.00000000000000e+00 3.09012905751565e-01 9.51057844759705e-01 0.00000000000000e+00 0.00000000000000e+00 0.00000000000000e+00 1.00000000000000e+00
131002
1.30543220590552e+00 1.76202877155114e+00 1.25000000000000e-02
9.51065867137964e-01 -3.08988213958254e-01 0.00000000000000e+00 3.08988213958254e-01 9.51065867137964e-01 0.00000000000000e+00 0.00000000000000e+00 0.00000000000000e+00 1.00000000000000e+00
131011
-7.86361379829881e-03 -8.43847550318375e-01 1.25000000000000e-02
9.51020177270238e-01 -3.09128812026450e-01 0.00000000000000e+00 3.09128812026450e-01 9.51020177270238e-01 0.00000000000000e+00 0.00000000000000e+00 0.00000000000000e+00 1.00000000000000e+00
131012
1.93962586578926e+00 -1.80358154490192e-01 1.25000000000000e-02
9.51086520293589e-01 -3.08924636304443e-01 0.00000000000000e+00 3.08924636304443e-01 9.51086520293589e-01 0.00000000000000e+00 0.00000000000000e+00 0.00000000000000e+00 1.00000000000000e+00
1311-1-1
-4.30606884484531e+00 -5.92679531299571e+00 3.97500000000000e+01
-5.87785252292473e-01 -8.09016994374947e-01 -9.90760072617091e-17 -8.09016994374947e-01 5.87785252292473e-01 7.19829327805997e-17 0.00000000000000e+00 1.22464679914735e-16 -1.00000000000000e+00
131100
-2.53798501735166e+00 4.87075680130002e-01 1.25000000000000e-02
9.51017346253997e-01 -3.09137521378439e-01 0.00000000000000e+00 3.09137521378439e-01 9.51017346253997e-01 0.00000000000000e+00 0.00000000000000e+00 0.00000000000000e+00 1.00000000000000e+00
131101
-6.45013584197642e-01 1.11196928256667e+00 1.25000000000000e-02
9.51052598922960e-01 -3.09029050546843e-01 0.00000000000000e+00 3.09029050546843e-01 9.51052598922960e-01 0.00000000000000e+00 0.00000000000000e+00 0.00000000000000e+00 1.00000000000000e+00
131102
1.28911456554471e+00 1.73208090686015e+00 1.25000000000000e-02
9.51022039205578e-01 -3.09123083811714e-01 0.00000000000000e+00 3.09123083811714e-01 9.51022039205578e-01 0.00000000000000e+00 0.00000000000000e+00 0.00000000000000e+00 1.00000000000000e+00
131111
-2.91659030045830e-02 -8.25221618569130e-01 1.25000000000000e-02
9.51075085588800e-01 -3.08959838121812e-01 0.00000000000000e+00 3.08959838121812e-01 9.51075085588800e-01 0.00000000000000e+00 0.00000000000000e+00 0.00000000000000e+00 1.00000000000000e+00
131112
1.94430000813760e+00 -2.28674125082361e-01 1.25000000000000e-02
9.51098109889016e-01 -3.08888953129665e-01 0.00000000000000e+00 3.08888953129665e-01 9.51098109889016e-01 0.00000000000000e+00 0.00000000000000e+00 0.00000000000000e+00 1.00000000000000e+00
1320-1-1
4.50771509171656e-09 -7.32592189275148e+00 4.02500000000000e+01
-1.83697019872103e-16 1.00000000000000e+00 0.00000000000000e+00 -1.00000000000000e+00 -1.83697019872103e-16 0.00000000000000e+00 -0.00000000000000e+00 0.00000000000000e+00 1.00000000000000e+00
132000
-2.54397341603494e+00 5.17073043916829e-01 1.25000000000000e-02
9.51026823629641e-01 -3.09108364068194e-01 0.00000000000000e+00 3.09108364068194e-01 9.51026823629641e-01 0.00000000000000e+00 0.00000000000000e+00 0.00000000000000e+00 1.00000000000000e+00
132001
-6.42929643417498e-01 1.11718589414365e+00 1.25000000000000e-02
9.51035323961327e-01 -3.09082210063558e-01 0.00000000000000e+00 3.09082210063558e-01 9.51035323961327e-01 0.00000000000000e+00 0.00000000000000e+00 0.00000000000000e+00 1.00000000000000e+00
132002
1.30751535099494e+00 1.75244051650220e+00 1.25000000000000e-02
9.51000347205246e-01 -3.09189811629524e-01 0.00000000000000e+00 3.09189811629524e-01 9.51000347205246e-01 0.00000000000000e+00 0.00000000000000e+00 0.00000000000000e+00 1.00000000000000e+00
132011
-1.71303903794509e-02 -8.26352944207059e-01 1.25000000000000e-02
9.51052629006932e-01 -3.09028957961876e-01 0.00000000000000e+00 3.09028957961876e-01 9.51052629006932e-01 0.00000000000000e+00 0.00000000000000e+00 0.00000000000000e+00 1.00000000000000e+00
132012
1.93458224945289e+00 -1.87913957140646e-01 1.25000000000000e-02
9.51078967847068e-01 -3.08947887060190e-01 0.00000000000000e+00 3.08947887060190e-01 9.51078967847068e-01 0.00000000000000e+00 0.00000000000000e+00 0.00000000000000e+00 1.00000000000000e+00
1321-1-1
4.50771509171656e-09 -7.32592189275148e+00 4.02500000000000e+01
-1.83697019872103e-16 -1.00000000000000e+00 -1.22464679914735e-16 -1.00000000000000e+00 1.83697019872103e-16 2.24963967399279e-32 0.00000000000000e+00 1.22464679914735e-16 -1.00000000000000e+00
132100
-2.54932209094723e+00 5.04888391301267e-01 1.25000000000000e-02
9.51062022005810e-01 -3.09000049026244e-01 0.00000000000000e+00 3.09000049026244e-01 9.51062022005810e-01 0.00000000000000e+00 0.00000000000000e+00 0.00000000000000e+00 1.00000000000000e+00
132101
-6.50203239694627e-01 1.11079287335337e+00 1.25000000000000e-02
9.51046472825321e-01 -3.09047903287688e-01 0.00000000000000e+00 3.09047903287688e-01 9.51046472825321e-01 0.00000000000000e+00 0.00000000000000e+00 0.00000000000000e+00 1.00000000000000e+00
132102
1.30204238022684e+00 1.75317079024089e+00 1.25000000000000e-02
9.51037794138926e-01 -3.09074609308766e-01 0.00000000000000e+00 3.09074609308766e-01 9.51037794138926e-01 0.00000000000000e+00 0.00000000000000e+00 0.00000000000000e+00 1.00000000000000e+00
132111
-1.63192629522566e-02 -8.32055750234710e-01 1.25000000000000e-02
9.51026258204566e-01 -3.09110103693527e-01 0.00000000000000e+00 3.09110103693527e-01 9.51026258204566e-01 0.00000000000000e+00 0.00000000000000e+00 0.00000000000000e+00 1.00000000000000e+00
132112
1.94192887522714e+00 -2.02281714618234e-01 1.25000000000000e-02
9.51025596563968e-01 -3.09112139328348e-01 0.00000000000000e+00 3.09112139328348e-01 9.51025596563968e-01 0.00000000000000e+00 0.00000000000000e+00 0.00000000000000e+00 1.00000000000000e+00
1330-1-1
4.30606885213894e+00 -5.92679530769658e+00 3.97500000000000e+01
5.87785252292473e-01 8.09016994374948e-01 0.00000000000000e+00 -8.09016994374948e-01 5.87785252292473e-01 0.00000000000000e+00 0.00000000000000e+00 0.00000000000000e+00 1.00000000000000e+00
133000
-2.55352064664767e+00 5.01311543013192e-01 1.25000000000000e-02
9.51050609914865e-01 -3.09035171753254e-01 0.00000000000000e+00 3.09035171753254e-01 9.51050609914865e-01 0.00000000000000e+00 0.00000000000000e+00 0.00000000000000e+00 1.00000000000000e+00
133001
-6.47033027192300e-01 1.10872292938629e+00 1.25000000000000e-02
9.51063427917008e-01 -3.08995721780660e-01 0.00000000000000e+00 3.08995721780660e-01 9.51063427917008e-01 0.00000000000000e+00 0.00000000000000e+00 0.00000000000000e+00 1.00000000000000e+00
133002
1.30313878246716e+00 1.76615483850390e+00 1.25000000000000e-02
9.51065210344714e-01 -3.08990235560876e-01 0.00000000000000e+00 3.08990235560876e-01 9.51065210344714e-01 0.00000000000000e+00 0.00000000000000e+00 0.00000000000000e+00 1.00000000000000e+00
133011
-1.29532353422217e-02 -8.24379931864306e-01 1.25000000000000e-02
9.51073923549379e-01 -3.08963415219974e-01 0.00000000000000e+00 3.08963415219974e-01 9.51073923549379e-01 0.00000000000000e+00 0.00000000000000e+00 0.00000000000000e+00 1.00000000000000e+00
133012
1.93588667049831e+00 -1.97825427835212e-01 1.25000000000000e-02
9.50984752138763e-01 -3.09237774535348e-01 0.00000000000000e+00 3.09237774535348e-01 9.50984752138763e-01 0.00000000000000e+00 0.00000000000000e+00 0.00000000000000e+00 1.00000000000000e+00
1331-1-1
4.30606885213894e+00 -5.92679530769658e+00 3.97500000000000e+01
5.87785252292473e-01 -8.09016994374948e-01 -9.90760072617092e-17 -8.09016994374948e-01 -5.87785252292473e-01 -7.19829327805996e-17 0.00000000000000e+00 1.22464679914735e-16 -1.00000000000000e+00
133100
-2.54586545227824e+00 4.93638907955466e-01 1.25000000000000e-02
9.51029955492461e-01 -3.09098728169508e-01 0.00000000000000e+00 3.09098728169508e-01 9.51029955492461e-01 0.00000000000000e+00 0.00000000000000e+00 0.00000000000000e+00 1.00000000000000e+00
133101
-6.42798047921219e-01 1.12967241019331e+00 1.25000000000000e-02
9.51085932226521e-01 -3.08926446781123e-01 0.00000000000000e+00 3.08926446781123e-01 9.51085932226521e-01 0.00000000000000e+00 0.00000000000000e+00 0.00000000000000e+00 1.00000000000000e+00
133102
1.29958714470412e+00 1.73317910421131e+00 1.25000000000000e-02
9.51107378583616e-01 -3.08860412490500e-01 0.00000000000000e+00 3.08860412490500e-01 9.51107378583616e-01 0.00000000000000e+00 0.00000000000000e+00 0.00000000000000e+00 1.00000000000000e+00
133111
-8.83919186358417e-03 -8.31357682042879e-01 1.25000000000000e-02
9.51026925258058e-01 -3.09108051390130e-01 0.00000000000000e+00 3.09108051390130e-01 9.51026925258058e-01 0.00000000000000e+00 0.00000000000000e+00 0.00000000000000e+00 1.00000000000000e+00
133112
1.92224756513063e+00 -2.05253825449170e-01 1.25000000000000e-02
9.51071070231201e-01 -3.08972198375967e-01 0.00000000000000e+00 3.08972198375967e-01 9.51071070231201e-01 0.00000000000000e+00 0.00000000000000e+00 0.00000000000000e+00 1.00000000000000e+00
1340-1-1
6.96736575573503e+00 -2.26383435889338e+00 4.02500000000000e+01
9.51056516295153e-01 3.09016994374949e-01 0.00000000000000e+00 -3.09016994374949e-01 9.51056516295153e-01 0.00000000000000e+00 0.00000000000000e+00 0.00000000000000e+00 1.00000000000000e+00
134000
-2.55214860170472e+00 5.13317708274683e-01 1.25000000000000e-02
9.51077997039834e-01 -3.08950875620539e-01 0.00000000000000e+00 3.08950875620539e-01 9.51077997039834e-01 0.00000000000000e+00 0.00000000000000e+00 0.00000000000000e+00 1.00000000000000e+00
134001
-6.27966680610359e-01 1.13149167872322e+00 1.25000000000000e-02
9.51045152325211e-01 -3.09051966890225e-01 0.00000000000000e+00 3.09051966890225e-01 9.51045152325211e-01 0.00000000000000e+00 0.00000000000000e+00 0.00000000000000e+00 1.00000000000000e+00
134002
1.30390493137039e+00 1.75891225075856e+00 1.25000000000000e-02
9.51041448550145e-01 -3.09063364279303e-01 0.00000000000000e+00 3.09063364279303e-01 9.51041448550145e-01 0.00000000000000e+00 0.00000000000000e+00 0.00000000000000e+00 1.00000000000000e+00
134011
-2.87633677284571e-02 -8.21038706015242e-01 1.25000000000000e-02
9.51069273230201e-01 -3.08977729808117e-01 0.00000000000000e+00 3.08977729808117e-01 9.51069273230201e-01 0.00000000000000e+00 0.00000000000000e+00 0.00000000000000e+00 1.00000000000000e+00
134012
1.94133845884327e+00 -1.99661086148113e-01 1.25000000000000e-02
9.51041514609723e-01 -3.09063161002479e-01 0.00000000000000e+00 3.09063161002479e-01 9.51041514609723e-01 0.00000000000000e+00 0.00000000000000e+00 0.00000000000000e+00 1.00000000000000e+00
1341-1-1
6.96736575573503e+00 -2.26383435889338e+00 4.02500000000000e+01
9.51056516295153e-01 -3.09016994374949e-01 -3.78436673043416e-17 -3.09016994374949e-01 -9.51056516295153e-01 -1.16470831848909e-16 0.00000000000000e+00 1.22464679914735e-16 -1.00000000000000e+00
134100
-2.54629473819281e+00 5.03402105921408e-01 1.25000000000000e-02
9.51022879567562e-01 -3.09120498412872e-01 0.00000000000000e+00 3.09120498412872e-01 9.51022879567562e-01 0.00000000000000e+00 0.00000000000000e+00 0.00000000000000e+00 1.00000000000000e+00
134101
-6.33029653993835e-01 1.12371750708776e+00 1.25000000000000e-02
9.51063873362377e-01 -3.08994350733070e-01 0.00000000000000e+00 3.08994350733070e-01 9.51063873362377e-01 0.00000000000000e+00 0.00000000000000e+00 0.00000000000000e+00 1.00000000000000e+00
134102
1.31279937916895e+00 1.75784306674180e+00 1.25000000000000e-02
9.50998361006104e-01 -3.09195920677656e-01 0.00000000000000e+00 3.09195920677656e-01 9.50998361006104e-01 0.00000000000000e+00 0.00000000000000e+00 0.00000000000000e+00 1.00000000000000e+00
134111
5.59756820040036e-03 -8.32903198512012e-01 1.25000000000000e-02
9.51021845860336e-01 -3.09123678640767e-01 0.00000000000000e+00 3.09123678640767e-01 9.51021845860336e-01 0.00000000000000e+00 0.00000000000000e+00 0.00000000000000e+00 1.00000000000000e+00
134112
1.93774229571059e+00 -1.91888591781171e-01 1.25000000000000e-02
9.51035534868774e-01 -3.09081561107850e-01 0.00000000000000e+00 3.09081561107850e-01 9.51035534868774e-01 0.00000000000000e+00 0.00000000000000e+00 0.00000000000000e+00 1.00000000000000e+00
